0 0.779093 0.784874 0.185474 0.130171 0.023656
0 0.779398 0.753063 0.18352 0.193711 0.0153818
0 0.778229 0.80725 0.179923 0.181979 0.0153764
0 0.15649 0.134519 0.310349 0.262751 0.0150835
0 1 0.0849956 0 0.169991 0.0142406
0 0.375689 0.56832 0.106678 0.209317 0.0137391
0 0.997013 0.166985 0.00597463 0.333971 0.0137102
0 0 0.909267 0 0.181467 0.0136839
0 0.733742 0.762224 0.277189 0.178874 0.013626
0 0 0.0979137 0 0.195827 0.0136177
0 0.346422 0.629226 0.0863336 0.107114 0.0136029
0 0.00804664 0.166639 0.0160933 0.333279 0.0136011
0 0.423165 0.552321 0.106655 0.190058 0.0133885
0 0.833181 0.742371 0.28521 0.226518 0.0133617
0 1 0.0311801 0 0.0623603 0.0133122
0 0.0127315 0.817242 0.0254629 0.365515 0.0132887
0 0.444485 0.552091 0.0859595 0.190031 0.0132884
0 1 0.912623 0 0.174754 0.0132823
0 0.455656 0.523135 0.0983422 0.137559 0.0132809
0 0.463323 0.551496 0.130272 0.188504 0.0132481
0 0.132329 0.336834 0.264658 0.673668 0.013216
0 0.995157 0.313504 0.00968625 0.627008 0.0131733
0 0.148849 0.193817 0.296439 0.385661 0.0131496
0 0.182858 0.233325 0.354412 0.455977 0.0131336
0 0.41081 0.560398 0.168525 0.204533 0.0130906
0 1 0.814016 0 0.371968 0.0130507
0 0.00822354 0.33479 0.0164471 0.669581 0.0130425
0 0.983328 0.431326 0.0333437 0.862652 0.0130256
0 0.764734 0.84521 0.210486 0.227504 0.013009
0 0.07527 0.434643 0.15054 0.869287 0.0129903
0 0.983449 0.550478 0.033102 0.899044 0.0129808
0 0.0309875 0.768323 0.061975 0.463354 0.012973
0 0.39376 0.137685 0.787521 0.264352 0.0129683
0 0.401452 0.628229 0.14387 0.0936161 0.0129493
0 0.537566 0.528516 0.268279 0.154214 0.0129189
0 0.498758 0.55125 0.196802 0.192418 0.0128713
0 0.998796 0.70068 0.00240866 0.598641 0.0128703
0 0.461471 0.466049 0.12353 0.130075 0.0128492
0 0.326107 0.621993 0.122609 0.124074 0.0128272
0 0.0611915 0.661571 0.122383 0.676858 0.0128266
0 0.998235 0.622029 0.00352982 0.755942 0.0128223
0 0.892436 0.418319 0.215127 0.836637 0.0128195
0 0.456261 0.419493 0.169348 0.286192 0.0128187
0 0.528251 0.0172701 0.443338 0.0345402 0.0127867
0 0.584747 0.365046 0.721969 0.674991 0.0127382
0 0.328664 0.583525 0.123932 0.168173 0.0127309
0 0.611165 0.213632 0.755912 0.361335 0.0127271
0 0.118353 0.874667 0.236706 0.250666 0.0127106
0 0.955778 0.396278 0.0884436 0.792556 0.0126935
0 0.398512 0.541582 0.205315 0.228361 0.0126719
0 0.84162 0.786055 0.31676 0.329489 0.0126516
0 0.171134 0.361584 0.342269 0.723167 0.0126392
0 0.523553 0.974997 0.690331 0.0500061 0.0126369
0 0.576382 0.484373 0.331141 0.10894 0.0126309
0 0.0417778 0.549227 0.0835556 0.901545 0.0126252
0 0.685545 0.860685 0.371867 0.278631 0.0126229
0 0.626786 0.823822 0.49304 0.315628 0.0126131
0 0.391793 0.975095 0.706238 0.0498093 0.0126061
0 0.459539 0.976337 0.762193 0.0473252 0.0125878
0 0.944778 0.529358 0.110444 0.941285 0.0125842
0 0.347835 0.752758 0.250515 0.335287 0.0125838
0 0.832752 0.0114389 0.321077 0.0228777 0.0125644
0 0.598616 0.150383 0.777831 0.300765 0.0125633
0 0.567598 0.79164 0.403313 0.270259 0.0125633
0 0.207943 0.893319 0.415885 0.213362 0.0125507
0 0.629629 0.0141375 0.671091 0.028275 0.0125418
0 0.582242 0.949827 0.647402 0.100346 0.012535
0 0.60292 0.530651 0.296878 0.191984 0.0125347
0 0.460657 0.333403 0.88882 0.621971 0.0125337
0 0.158678 0.904277 0.317356 0.191446 0.012531
0 0.136825 0.135812 0.273651 0.271625 0.0125262
0 0.986057 0.568509 0.0278868 0.862981 0.0125196
0 0.125757 0.819942 0.251515 0.360117 0.0125152
0 0.304137 0.971976 0.608275 0.0560484 0.0125121
0 0.85373 0.73886 0.29254 0.339661 0.0125066
0 0.340874 0.553377 0.164004 0.186584 0.0125025
0 0.454003 0.184558 0.876216 0.345319 0.0124986
0 0.338616 0.0325945 0.539731 0.065189 0.0124898
0 0.883456 0.526536 0.192178 0.185485 0.012487
0 0.536242 0.654176 0.563292 0.380074 0.0124815
0 0.735623 0.0721661 0.439025 0.110252 0.0124815
0 0.418791 0.854284 0.380751 0.291431 0.0124796
0 0.814226 0.0742656 0.337053 0.122286 0.0124728
0 0.311858 0.90786 0.623716 0.184281 0.0124665
0 0.588084 0.758375 0.514274 0.301845 0.0124621
0 0.372036 0.867591 0.261394 0.249498 0.0124612
0 0.017138 0.444076 0.0342759 0.888151 0.0124573
0 0.619792 0.979744 0.556945 0.0405111 0.0124532
0 0.617486 0.106387 0.693454 0.174318 0.0124404
0 0.557208 0.565735 0.307842 0.242744 0.0124389
0 0.368488 0.965486 0.724317 0.0690285 0.0124378
0 0.306633 0.946169 0.613265 0.107662 0.0124219
0 0.821063 0.0895989 0.19597 0.12486 0.0124166
0 0.426092 0.746801 0.457666 0.352836 0.012416
0 0.848691 0.10273 0.251502 0.165953 0.0124121
0 0.471653 0.0130588 0.454649 0.0261176 0.0124109
0 0.807746 0.639996 0.364848 0.414157 0.0124059
0 0.343917 0.830646 0.215757 0.17917 0.0124006
0 0.843507 0.899112 0.312987 0.201777 0.0124001
0 0.849599 0.664942 0.300802 0.655843 0.0123893
0 0.891957 0.0215571 0.216086 0.0431142 0.0123838
0 0.396432 0.810272 0.317284 0.249597 0.0123784
0 0.386586 0.439966 0.354747 0.457121 0.0123759
0 0.124872 0.542574 0.249743 0.877833 0.0123743
0 0.803725 0.664525 0.249639 0.359559 0.0123717
0 0.533344 0.258534 0.918182 0.3149 0.01237
0 0.198874 0.697272 0.397748 0.483218 0.0123622
0 0.548747 0.836441 0.476762 0.327118 0.012353
0 0.401269 0.361195 0.404557 0.633156 0.0123443
0 0.262871 0.749248 0.334793 0.360311 0.0123398
0 0.64072 0.895669 0.71856 0.208661 0.01233
0 0.854138 0.542965 0.258018 0.212701 0.0123221
0 0.767901 0.977303 0.435673 0.0453941 0.0123183
0 0.82615 0.111465 0.3477 0.222931 0.0123102
0 0.472507 0.360599 0.464675 0.605082 0.0123077
0 0.845641 0.502742 0.308717 0.243355 0.0122975
0 0.26338 0.862319 0.52676 0.275362 0.0122914
0 0.504119 0.808479 0.363018 0.256082 0.0122771
0 0.124548 0.664517 0.249096 0.670966 0.0122747
0 0.143047 0.868633 0.268876 0.211539 0.012258
0 0.182484 0.543622 0.364967 0.789236 0.01225
0 0.168953 0.640034 0.337905 0.603398 0.0122457
0 0.613654 0.735651 0.514576 0.224152 0.0122449
0 0.621846 0.613523 0.369303 0.347511 0.0122376
0 0.152025 0.790103 0.30405 0.371388 0.0122366
0 0.135903 0.860419 0.271806 0.254968 0.0122361
0 0.334835 0.790531 0.207245 0.252883 0.0122303
0 0.151719 0.403895 0.303437 0.807789 0.0122298
0 0.226862 0.478521 0.453724 0.705793 0.0122285
0 0.154545 0.737238 0.309089 0.478847 0.0122247
0 0.858903 0.817249 0.282194 0.365501 0.0122182
0 0.894984 0.569336 0.210033 0.794973 0.0122035
0 0.624955 0.156571 0.642222 0.241567 0.0121997
0 0.172406 0.800888 0.344811 0.309026 0.0121946
0 0.570217 0.256991 0.859565 0.436069 0.0121798
0 0.701411 0.51494 0.572604 0.17994 0.0121707
0 0.759078 0.23152 0.481844 0.402819 0.0121547
0 0.65318 0.633738 0.521229 0.387586 0.0121522
0 0.49477 0.787533 0.456062 0.275248 0.0121451
0 0.754747 0.83246 0.490507 0.33508 0.0121426
0 0.816198 0.295552 0.367604 0.591105 0.0121254
0 0.22411 0.829769 0.392743 0.288408 0.0120958
0 0.281677 0.418792 0.563354 0.779168 0.0120597
0 0.576404 0.737796 0.712761 0.342295 0.0120588
0 0.677556 0.346379 0.644887 0.513997 0.0120475
0 0.726516 0.558048 0.527089 0.257459 0.0120439
0 0.844109 0.41215 0.311782 0.414651 0.0120335
0 0.729136 0.399512 0.541728 0.402488 0.0120109
0 0.825863 0.314384 0.348275 0.467607 0.0119212
0 0.649561 0.701475 0.636572 0.307552 0.0119054
0 0.457306 0.494449 0.0947473 0.072875 0.00415046
0 0.329717 0.649481 0.0626912 0.0510286 0.0037284
0 0.422146 0.612929 0.120255 0.0694651 0.00357892
0 0.777768 0.800065 0.167545 0.106864 0.00344901
0 0.498949 0.529779 0.176513 0.109402 0.00340223
0 0.504826 0.548902 0.0675237 0.0760206 0.00339204
0 0.341721 0.63801 0.0866386 0.0751421 0.00338498
0 0.622769 0.501401 0.138688 0.106436 0.0033789
0 1 0.0618174 0 0.123635 0.00337749
0 0.820854 0.0905008 0.199399 0.0671759 0.00337029
0 0.668558 0.480425 0.158176 0.108404 0.00337025
0 0.692896 0.470778 0.109034 0.0890558 0.00336242
0 0.794657 0.696199 0.158207 0.0843496 0.00335627
0 0.638269 0.493166 0.109846 0.0883982 0.00335028
0 0.338017 0.660753 0.0784844 0.0824785 0.00334735
0 0.532201 0.546791 0.129905 0.0950493 0.00330396
0 0.331339 0.65729 0.148363 0.0866984 0.00329596
0 0.373783 0.626635 0.192673 0.101965 0.00327858
0 0.0803187 0.116793 0.155756 0.18912 0.00326826
0 0 0.0708396 0 0.141679 0.00326737
0 0.133552 0.0674386 0.243143 0.120291 0.00326353
0 0 0.943698 0 0.112605 0.00326169
0 0.451346 0.57569 0.190583 0.147132 0.00325442
0 0.307499 0.973641 0.512757 0.0527187 0.00323988
0 0.166141 0.212244 0.159601 0.126239 0.00323639
0 0.475592 0.524885 0.121656 0.136584 0.00322305
0 0.714065 0.450548 0.0678389 0.045365 0.00322167
0 1 0.0669357 0 0.133871 0.00322037
0 0.111155 0.0810886 0.19621 0.142337 0.00321814
0 0.79466 0.727877 0.158177 0.144714 0.00321659
0 0.31324 0.580784 0.118875 0.118566 0.00321273
0 0 0.880171 0 0.239658 0.00321075
0 0 0.0659803 0 0.131961 0.00320767
0 0 0.968094 0 0.0638118 0.00320566
0 0.153832 0.863996 0.16444 0.127212 0.0032045
0 0 0.0496632 0 0.0993263 0.0032034
0 0.522704 0.943573 0.469756 0.112855 0.00320259
0 0.190912 0.0580364 0.231219 0.104219 0.00320196
0 0.599206 0.952122 0.441416 0.0957557 0.00319634
0 0.301576 0.682959 0.190961 0.176813 0.0031951
0 0.678781 0.954085 0.411343 0.0918305 0.00319293
0 0.266425 0.677681 0.0708737 0.45841 0.00318985
0 0.062613 0.133366 0.121945 0.245129 0.0031864
0 0.540246 0.317978 0.0921827 0.102878 0.00318622
0 0.401446 0.972131 0.4464 0.0557386 0.00318412
0 0.293095 0.957071 0.547211 0.085857 0.0031841
0 0.883311 0.390454 0.189399 0.0772583 0.00318123
0 0.249686 0.700044 0.0334427 0.441324 0.00317879
0 0.249757 0.495863 0.0607653 0.478835 0.00317853
0 0.0368479 0.852574 0.0736957 0.273968 0.00317696
0 0.282138 0.648347 0.106748 0.454625 0.00317503
0 0.309196 0.565675 0.108321 0.0863338 0.00317289
0 0 0.95981 0 0.0803807 0.00317272
0 0.362585 0.629856 0.140825 0.0925186 0.00317243
0 0.436478 0.95641 0.45479 0.0871794 0.00317227
0 0.223686 0.0557566 0.169858 0.0998458 0.00317101
0 0.799038 0.673945 0.182147 0.0936762 0.00317016
0 0.900379 0.577508 0.153182 0.0956347 0.00316792
0 0.322282 0.172394 0.137811 0.234329 0.00316613
0 0 0.442856 0 0.229497 0.00316585
0 0.244648 0.732739 0.0220538 0.38284 0.00316582
0 0.191908 1 0.383816 0 0.00316355
0 0.339435 0.233422 0.146206 0.192795 0.00316341
0 0.529972 1 0.47971 0 0.0031634
0 0.250884 0.556366 0.0765731 0.502772 0.00316208
0 0 0.389871 0 0.242466 0.00316139
0 0.403751 0.534707 0.272325 0.151715 0.00316105
0 0.323915 0.382243 0.128819 0.224335 0.00316102
0 0 0.517186 0 0.230655 0.00316089
0 0 0.798741 0 0.225225 0.00316044
0 0 0.0603012 0 0.120602 0.00315745
0 0.668157 0.0501303 0.610086 0.047416 0.00315668
0 0.324056 1 0.505566 0 0.00315615
0 0 0.0611043 0 0.122209 0.00315575
0 0.241738 0.521515 0.0432754 0.491023 0.00315541
0 0.746062 0.953166 0.369233 0.0936676 0.00315528
0 0.0581702 0.846926 0.11634 0.280567 0.00315488
0 0 0.566605 0 0.225634 0.00315423
0 0 0.609858 0 0.242089 0.00315409
0 0.176546 0.0790766 0.260493 0.144096 0.00315398
0 0.073236 0.818739 0.0329115 0.335044 0.00315394
0 0.322812 0.268562 0.125214 0.173197 0.00315353
0 0.645342 1 0.434968 0 0.00315321
0 0 0.337134 0 0.252791 0.00315305
0 0.409058 0.500655 0.246056 0.088801 0.00315296
0 0 0.664031 0 0.242773 0.00315238
0 0.261417 0.473252 0.0832578 0.44308 0.00315213
0 1 0.0555947 0 0.111189 0.00315211
0 0 0.743678 0 0.231322 0.00315108
0 0.275772 0.579844 0.107064 0.516273 0.00315075
0 0.160926 0.27628 0.159029 0.184072 0.00315006
0 0.268182 0.413247 0.0966574 0.487411 0.00314937
0 0.154762 0.819653 0.170295 0.218971 0.00314937
0 0.1782 1 0.3564 0 0.00314931
0 0.832821 0.386316 0.291376 0.0847002 0.00314881
0 0.08155 0.77486 0.0502838 0.406814 0.00314869
0 0.405615 0.00452901 0.307643 0.00905802 0.00314821
0 0.0767915 0.798431 0.0314776 0.398784 0.00314817
0 0.458445 0.0399334 0.498623 0.024086 0.00314796
0 0.160645 0.32399 0.158651 0.114575 0.00314719
0 0.141868 0.921632 0.283737 0.156736 0.00314676
0 0.266335 0.605937 0.0791187 0.492364 0.00314675
0 0.0612283 0.836381 0.0572933 0.313707 0.00314664
0 0 0.283025 0 0.250826 0.00314643
0 0.707852 0.0613104 0.538254 0.068726 0.0031462
0 0.160779 0.43725 0.164507 0.131356 0.00314556
0 0.0398635 0.809716 0.079727 0.380567 0.00314542
0 0.715578 1 0.408204 0 0.00314406
0 0.89091 0.20643 0.185076 0.13277 0.00314376
0 0.180139 0.97198 0.275752 0.0560408 0.00314373
0 0.459232 0.476741 0.103664 0.102858 0.00314367
0 0.626436 0.451678 0.270222 0.11285 0.00314286
0 0.0580266 0.176832 0.116053 0.323317 0.00314271
0 0.806758 0.0104497 0.370559 0.0208994 0.00314212
0 0.623734 0.0907287 0.175287 0.0688974 0.00314166
0 0.648849 0.47679 0.109426 0.090468 0.00314102
0 0.146123 0.251258 0.190753 0.173249 0.0031406
0 0.209494 0.963499 0.316321 0.0730026 0.00314059
0 0.309594 0.871651 0.149789 0.121844 0.00314026
0 0.175497 0.981026 0.284941 0.0379488 0.00314011
0 0.085176 0.757713 0.0849492 0.435296 0.00314004
0 0.481378 0.0192284 0.394416 0.0384567 0.00313837
0 0 0.225547 0 0.262646 0.00313795
0 0.707615 0.441281 0.0891734 0.0773594 0.00313792
0 0.337 0.454878 0.159794 0.205358 0.00313791
0 0.442208 1 0.454723 0 0.00313785
0 0.642492 0.00423209 0.441654 0.00846419 0.00313746
0 0.0508225 0.263381 0.101645 0.308451 0.00313731
0 0.361625 0.210872 0.170076 0.159895 0.0031373
0 0.860265 0.0425299 0.260767 0.0279451 0.00313713
0 0.278235 0.366603 0.12144 0.509325 0.00313712
0 0.534587 0.330389 0.111887 0.131566 0.00313673
0 0.992319 0.407465 0.0153623 0.452773 0.00313538
0 0.294425 0.805838 0.116443 0.245247 0.00313508
0 0.0469182 0.743072 0.0938364 0.46041 0.00313499
0 0.913352 0.790306 0.138585 0.27991 0.00313425
0 0.317715 0.323623 0.114798 0.120387 0.00313395
0 0.138527 0.783335 0.146162 0.327625 0.00313386
0 0.251443 0.769477 0.0349579 0.326638 0.00313361
0 0.420227 0.634267 0.119056 0.085108 0.00313354
0 0.160393 0.470393 0.164469 0.156478 0.00313301
0 0.158844 0.412891 0.167854 0.1386 0.00313245
0 0.314309 0.344172 0.127651 0.451251 0.00313189
0 0.373835 0.550045 0.23759 0.137766 0.00313169
0 0.502778 0.00628789 0.3448 0.0125758 0.00313143
0 0.907965 0.720744 0.134482 0.150414 0.00313061
0 0.0484766 0.302603 0.0969532 0.254584 0.00313028
0 0.214549 0.899658 0.361546 0.200684 0.00312998
0 0.136243 0.340971 0.196402 0.147418 0.0031299
0 0.891639 0.246245 0.187644 0.189907 0.00312982
0 0.33234 0.529004 0.664681 0.842606 0.0211761
0 0.508276 0.527869 0.983448 0.855878 0.0199358
0 0.6013 0.61411 0.7974 0.635784 0.0197756
0 0.316917 0.625967 0.633835 0.748066 0.0194159
0 0.495446 0.35329 0.990892 0.703038 0.0191764
0 0.391143 0.397665 0.782287 0.79533 0.019174
0 0.525807 0.657069 0.948386 0.685861 0.0190959
0 0.607126 0.366416 0.785748 0.732832 0.0186495
0 0.458578 0.673776 0.917156 0.652448 0.0185876
0 0.401057 0.178569 0.802114 0.357138 0.0185842
0 0.260835 0.426324 0.52167 0.852648 0.0181309
0 0.5 0.427854 1 0.845753 0.0174895
0 0.856656 0.203161 0.286688 0.406321 0.0174443
0 0.430972 0.431111 0.861944 0.812775 0.0173015
0 0.906107 0.183525 0.187785 0.36705 0.0172698
0 0.590063 0.712839 0.819875 0.574322 0.0172646
0 0.219153 0.295961 0.438305 0.591923 0.0171991
0 0.5 0.190491 1 0.380982 0.0171393
0 0.769538 0.33813 0.460925 0.67626 0.0167197
0 0.307069 0.186488 0.614138 0.372976 0.0166134
0 0.5 0.694647 1 0.610707 0.0165691
0 0.5 0.725549 1 0.548903 0.016522
0 0.24118 0.563572 0.482359 0.861593 0.0165129
0 0.409051 0.593091 0.818103 0.80381 0.0165044
0 0.661459 0.228629 0.677083 0.457259 0.0164274
0 0.482431 0.2346 0.964862 0.469199 0.0162288
0 0.302252 0.693854 0.604503 0.612292 0.0161791
0 0.577116 0.634431 0.845769 0.731138 0.0160372
0 0.163952 0.330321 0.327904 0.660643 0.0158945
0 0.189035 0.189674 0.37807 0.379348 0.0157523
0 0.5 0.599789 1 0.800423 0.0156871
0 0.5 0.324153 1 0.634125 0.015582
0 0.631928 0.181236 0.736144 0.362472 0.0154847
0 0.346239 0.748405 0.692478 0.503191 0.0154153
0 0.426399 0.309804 0.852799 0.619609 0.015289
0 0.242693 0.423283 0.485387 0.846566 0.0151205
0 0.992844 0.159049 0.014311 0.318097 0.015118
0 0.373883 0.332546 0.747766 0.665092 0.0148313
0 0.635012 0.526234 0.729975 0.828285 0.014688
0 0.138201 0.170844 0.276402 0.341687 0.0145988
0 0.931913 0.307977 0.136173 0.615955 0.0144067
0 0.5 0.22275 1 0.445501 0.0141355
0 0.719896 0.374822 0.560208 0.749644 0.0140984
0 0.989087 0.255458 0.021826 0.510917 0.0139975
0 0.36158 0.900057 0.72316 0.199886 0.0136329
0 0.996692 0.0844255 0.00661694 0.168851 0.0136026
0 0.379606 0.800661 0.759212 0.398679 0.0134563
0 0.632078 0.712143 0.735843 0.575714 0.0134317
0 0.308447 0.870833 0.616894 0.258333 0.0133721
0 0.00754153 0.928405 0.0150831 0.143191 0.0133487
0 0.226934 0.708916 0.453867 0.582169 0.0133475
0 0.776763 0.166348 0.446474 0.332696 0.0133145
0 0.5 0.199192 1 0.330687 0.0133124
0 0.10403 0.747121 0.208059 0.505758 0.0130271
0 0.00320834 0.105113 0.00641668 0.210225 0.0129973
0 0.1018 0.175214 0.203599 0.350429 0.0129597
0 0.728954 0.696187 0.542093 0.607627 0.0128
0 0.302114 0.768277 0.604229 0.463446 0.0127874
0 0.283064 0.147425 0.566127 0.294849 0.012716
0 1 0.0180109 0 0.0360219 0.0127096
0 0.248785 0.767998 0.49757 0.464004 0.0126498
0 0.733743 0.530137 0.532514 0.617832 0.012565
0 1 0.0135566 0 0.0271133 0.0124217
0 0.267068 0.190795 0.534136 0.381589 0.012413
0 0.030441 0.894016 0.060882 0.211968 0.0123779
0 0.504934 0.894396 0.977487 0.211207 0.0122529
0 0.144956 0.139189 0.289911 0.278379 0.0120652
0 0.366496 0.111711 0.385982 0.223422 0.0119856
0 0.00789213 0.148188 0.0157843 0.296377 0.0119709
0 0.0358992 0.177075 0.0717985 0.354149 0.0118128
0 0.88781 0.0331178 0.224379 0.0662357 0.0118015
0 0.627179 0.203217 0.690637 0.406434 0.0116989
0 0.844316 0.0107284 0.13769 0.0214569 0.0116454
0 0.504854 0.180594 0.791171 0.361188 0.0116138
0 1 0.916906 0 0.166188 0.0115604
0 0.170976 0.737936 0.341952 0.524128 0.011524
0 0.939973 0.118066 0.120055 0.236132 0.0114042
0 0.737815 0.0983495 0.286073 0.196699 0.0114017
0 0.436445 0.804673 0.87289 0.390654 0.011378
0 0.552227 0.197176 0.895546 0.394352 0.0113726
0 0.720042 0.765602 0.559917 0.468797 0.0113587
0 0.501504 0.792979 0.996992 0.414043 0.0113011
0 0.813354 0.0127113 0.171899 0.0254226 0.0112892
0 0.421618 0.889328 0.843235 0.221344 0.0112728
0 0.275736 0.909061 0.551471 0.181877 0.0111924
0 0.565641 0.858977 0.868718 0.282045 0.0111649
0 0.911241 0.859201 0.177518 0.281598 0.0107848
0 0.700994 0.824341 0.598011 0.351317 0.0107434
0 0.600522 0.728978 0.798956 0.542045 0.0107407
0 0.623257 0.790362 0.753487 0.419277 0.0107
0 0.000727003 0.0416076 0.00145401 0.0832152 0.00586734
0 0.000621272 0.0661329 0.00124254 0.132266 0.00575208
0 0.828148 0.796455 0.258488 0.130866 0.00446697
0 0.779749 0.791796 0.167377 0.128928 0.00428659
0 0.414844 0.327671 0.366978 0.202447 0.00372784
0 0.138 0.587134 0.275999 0.194548 0.00370026
0 0.941734 0.582163 0.116532 0.186482 0.0036908
0 0.133853 0.536036 0.267707 0.190244 0.00365929
0 0.437311 0.629783 0.239649 0.0604036 0.00363408
0 0.970453 0.676814 0.0590934 0.186092 0.00362804
0 0.443354 0.122266 0.588899 0.244533 0.0036236
0 0.137462 0.642439 0.274924 0.203695 0.00361323
0 0.868469 0.48474 0.263062 0.206936 0.00359999
0 0.854998 0.198926 0.290003 0.166331 0.00359789
0 0.747939 0.152198 0.504123 0.235521 0.00359584
0 0.909246 0.602403 0.181508 0.194538 0.00358252
0 0.168842 0.475044 0.337684 0.207631 0.0035772
0 0.232443 0.360492 0.464886 0.241846 0.00357498
0 0.131764 0.490346 0.263527 0.183083 0.00356874
0 0.412388 0.215848 0.350702 0.190616 0.00356749
0 0.128979 0.301684 0.257957 0.156028 0.00356601
0 0.000325182 0.348206 0.000650365 0.198941 0.00356184
0 0.434699 0.116688 0.410129 0.205612 0.00355513
0 0.974429 0.625609 0.0511414 0.178448 0.00355133
0 0.167521 0.525467 0.335042 0.205516 0.00353507
0 0.547145 0.112687 0.58422 0.225375 0.00352548
0 0.146174 0.830805 0.292348 0.184092 0.0035206
0 0.855733 0.919127 0.288534 0.159925 0.0035124
0 0.501899 0.11853 0.592422 0.180453 0.00350544
0 0.783545 0.836372 0.201641 0.239148 0.00349316
0 0.970852 0.7288 0.058297 0.195423 0.0034819
0 0.858934 0.524501 0.282133 0.183972 0.00348078
0 0.397717 0.0959313 0.480611 0.132607 0.00348017
0 0.163582 0.348206 0.327164 0.232235 0.00347275
0 0.501798 0.75811 0.516271 0.231605 0.00347114
0 0.167768 0.576188 0.335536 0.209672 0.00346855
0 0.807136 0.198038 0.385728 0.176528 0.00346821
0 0.167535 0.432141 0.335069 0.199207 0.00346815
0 0.167867 0.630296 0.335735 0.217309 0.00346569
0 0.134547 0.697595 0.269093 0.200631 0.00346383
0 0.404821 0.638323 0.202939 0.0836025 0.00346169
0 0.710627 0.562369 0.355982 0.131594 0.00345776
0 0.908492 0.555892 0.183016 0.17999 0.00345722
0 0.677968 0.340737 0.465209 0.176622 0.003453
0 0.169226 0.679616 0.338451 0.21564 0.00345257
0 0.999132 0.0359079 0.00173597 0.0718159 0.00345025
0 0.959435 0.660696 0.0811307 0.194128 0.00344749
0 0.735098 0.179139 0.392405 0.181107 0.00344691
0 0.697558 0.617777 0.384851 0.2474 0.00343936
0 0.000164425 0.0262536 0.00032885 0.0525072 0.00343596
0 0.413011 0.294556 0.369286 0.175049 0.00342209
0 0.993964 0.0567152 0.0120729 0.11343 0.00340284
0 0.848203 0.673797 0.303593 0.177566 0.0034026
0 0.226721 0.729498 0.447416 0.244272 0.00340063
0 0.509357 0.805877 0.488745 0.209176 0.00339833
0 0.653089 0.186103 0.502264 0.175285 0.00339493
0 0.000221359 0.297568 0.000442718 0.196863 0.00339321
0 0.000394797 0.396583 0.000789593 0.204566 0.00338932
0 0.575753 0.328063 0.521457 0.168848 0.00338178
0 0.97367 0.577182 0.0526605 0.190383 0.00337447
0 0.150021 0.0703289 0.300042 0.140658 0.00337322
0 0.357431 0.369045 0.403503 0.185943 0.00337232
0 0.586614 0.271742 0.440163 0.215037 0.00336829
0 0.865439 0.0842351 0.10667 0.0629262 0.00336754
0 0.352715 0.399817 0.41024 0.174079 0.00336654
0 0.134078 0.45255 0.268156 0.163084 0.00336427
0 0.569404 0.139228 0.545317 0.211734 0.00336159
0 0.82021 0.0830645 0.204472 0.0560239 0.0033551
0 0.815953 0.584908 0.368093 0.177016 0.0033541
0 0.678605 0.780829 0.337421 0.221096 0.00334771
0 0.791576 0.667372 0.366432 0.183541 0.00334697
0 0.682871 0.582246 0.37051 0.163207 0.00334462
0 0.483063 0.626412 0.25102 0.060403 0.00334425
0 0.128271 0.815269 0.256542 0.220331 0.0033386
0 0.762733 0.6523 0.376889 0.237547 0.00333252
0 0.851471 0.642512 0.297057 0.244386 0.00333206
0 0.130929 0.742407 0.261857 0.196662 0.00332962
0 0.803224 0.54152 0.393551 0.16083 0.00332864
0 0.381762 0.34521 0.565975 0.175636 0.0033268
0 0.423405 0.194404 0.346048 0.131836 0.00332371
0 0.580887 0.20571 0.571149 0.19432 0.00331745
0 0.252085 0.683337 0.397788 0.248571 0.00331733
0 0.170455 0.788851 0.34091 0.23529 0.00331617
0 0.777862 0.586281 0.444276 0.208553 0.00331298
0 0.97108 0.779892 0.0578391 0.205346 0.00330747
0 0.956999 0.714663 0.086003 0.219663 0.00330564
0 0.444617 0.177209 0.51533 0.149424 0.0033031
0 0.170744 0.727848 0.341488 0.21228 0.00330269
0 0.670459 0.544411 0.349622 0.165485 0.00330268
0 0.8465 0.581418 0.306999 0.200985 0.0032987
0 0.416927 0.256881 0.351665 0.194946 0.00329682
0 0.707356 0.274543 0.401983 0.18623 0.00329639
0 0.976675 0.37626 0.0466495 0.192455 0.00329411
0 0.477887 0.415863 0.561596 0.217842 0.00329186
0 0.492316 0.32185 0.402128 0.199711 0.00329075
0 0.607509 0.550802 0.261534 0.100617 0.00328367
0 0.824367 0.733587 0.246438 0.258949 0.00328278
0 0.236014 0.321241 0.472028 0.215239 0.00328066
0 0.855182 0.609721 0.289636 0.244275 0.00328032
0 0.434135 0.62477 0.155632 0.052426 0.00328029
0 0.792456 0.776296 0.192406 0.111895 0.00327922
0 0.592832 0.572566 0.363131 0.162269 0.00327856
0 0.126003 0.855143 0.252006 0.178295 0.00327737
0 0.855168 0.448406 0.289664 0.214455 0.00327616
0 0.877107 0.881192 0.245785 0.162535 0.00326852
0 0.703654 0.466532 0.136712 0.084779 0.00326545
0 0.503907 0.270101 0.51644 0.227589 0.00326298
0 0.39455 0.524291 0.309609 0.172679 0.00325797
0 0.981182 0.219173 0.0376359 0.182445 0.00325475
0 0.233957 0.400537 0.467914 0.17509 0.00325471
0 0.974662 0.325708 0.0506769 0.194067 0.00325323
0 0.878759 0.0815808 0.0889471 0.0699213 0.00325144
0 0.000425887 0.254753 0.000851774 0.208245 0.00324963
0 0.443612 0.640076 0.290457 0.0790181 0.00324747
0 0.505434 0.168137 0.582467 0.189392 0.00324446
0 0.404914 0.380685 0.404469 0.144426 0.0032425
0 0.616915 0.850401 0.403142 0.205502 0.00324173
0 0.588173 0.308464 0.440662 0.182361 0.00323573
0 0.655505 0.532078 0.299447 0.0941549 0.00323512
0 0.7451 0.574506 0.399733 0.181327 0.00323258
0 0.868112 0.436728 0.263776 0.195903 0.00323004
0 0.637954 0.821078 0.372374 0.217329 0.00322709
0 0.885874 0.591693 0.228253 0.135257 0.00322223
0 0.00368632 0.160935 0.00737263 0.229828 0.0032216
0 0.985366 0.170072 0.0292678 0.186683 0.0032213
0 0.77646 0.0767766 0.111044 0.0403841 0.00322025
0 0.776065 0.850712 0.318554 0.229423 0.00321956
0 0.811779 0.14497 0.376443 0.224056 0.00321875
0 0.987145 0.142058 0.025709 0.180548 0.00321764
0 0.31916 0.933541 0.528391 0.132919 0.0032172
0 0.910421 0.914848 0.179158 0.170305 0.00321703
0 0.702358 0.66393 0.378588 0.219857 0.00321672
0 0.834792 0.535059 0.330416 0.189454 0.00320933
0 0.53136 0.70753 0.475829 0.220872 0.00320759
0 0.000381404 0.450684 0.000762808 0.198319 0.00320463
0 0.828128 0.631307 0.343743 0.210459 0.00320409
0 0.646697 0.361082 0.450134 0.1615 0.00320127
0 0.823067 0.562887 0.353865 0.14415 0.00320022
0 0.794007 0.451623 0.411985 0.215833 0.00319987
0 0.959831 0.825488 0.0803371 0.198022 0.003198
0 0.000974008 0.207606 0.00194802 0.224354 0.00319777
0 0.404904 0.619416 0.217009 0.184216 0.00319737
0 0.97635 0.272169 0.0473009 0.184829 0.0031942
0 0.894715 0.816344 0.210569 0.22887 0.0031937
0 0.360736 0.00525348 0.14023 0.010507 0.00319099
0 0.591739 0.747684 0.443059 0.223739 0.00319076
0 0.592232 0.430892 0.385072 0.207215 0.00318972
0 0.983013 0.89628 0.0339731 0.20744 0.00318971
0 0.714702 0.718607 0.344328 0.247011 0.00318947
0 0.679173 0.251079 0.450977 0.188158 0.00318691
0 0.184168 0.953631 0.368335 0.0899252 0.0031831
0 0.608443 0.602275 0.328523 0.188795 0.00318213
0 0.600544 0.574396 0.307868 0.133602 0.00318076
0 0.335088 0.729825 0.636614 0.193806 0.00317428
0 0.544122 0.492581 0.238952 0.108494 0.00317282
0 0.167638 0.913098 0.335275 0.173805 0.00317034
0 0.938483 0.378482 0.123034 0.199072 0.00316915
0 0.56526 0.586928 0.216738 0.207209 0.00316905
0 0.973874 0.82645 0.0522521 0.211379 0.00316859
0 0.567396 0.585887 0.364868 0.116498 0.00316827
0 0.713953 0.449104 0.161753 0.134356 0.00316826
0 0.417995 0.0775108 0.513067 0.0867471 0.00316807
0 0.829636 0.92629 0.340728 0.143901 0.00316795
0 0.708031 0.127364 0.583938 0.187499 0.00316707
0 0.269241 0.384461 0.448025 0.210881 0.0031668
0 0.370544 0.430702 0.373444 0.237515 0.00315934
0 0.154939 0.186491 0.202391 0.141418 0.00315835
0 0.366594 0.543596 0.25033 0.204256 0.00315643
0 0.777391 0.721101 0.349718 0.297387 0.00315439
0 0.242714 0.789776 0.417009 0.253081 0.00315037
0 0.886702 0.908267 0.226596 0.183465 0.00314988
0 0.55021 0.0852819 0.582733 0.166248 0.00314902
0 0.525795 0.621669 0.354913 0.0818523 0.00314671
0 0.474854 0.497427 0.352984 0.0921989 0.00314533
0 0.461241 0.731674 0.500498 0.235195 0.00314423
0 0.135223 0.0981999 0.270447 0.176504 0.00314036
0 0.711855 0.819699 0.363731 0.23467 0.00314032
0 0.634905 0.557596 0.313654 0.127839 0.00314024
0 0.572093 0.543633 0.180683 0.0879484 0.00314
0 0.294128 0.135782 0.381059 0.165471 0.00313727
0 0.519123 0.100362 0.56887 0.124643 0.00313699
0 0.00556435 0.490194 0.0111287 0.245565 0.00313608
0 0.175648 0.934147 0.351296 0.131706 0.00313324
0 0.294263 0.756622 0.467742 0.197603 0.003132
0 1 0.0171915 0 0.0343831 0.00312531
0 0.000757234 0.959998 0.00151447 0.0800031 0.00312302
0 0.684129 0.302751 0.452906 0.188066 0.00312279
0 0.959962 0.768192 0.0800758 0.224006 0.0031226
0 0.134672 0.308593 0.269345 0.156057 0.00312024
0 0.916547 0.873801 0.166906 0.206936 0.00312008
0 0.886653 0.0413748 0.0764886 0.0328438 0.00311986
0 0.24708 0.631128 0.391448 0.218098 0.00311549
0 0.297752 0.911971 0.587465 0.176058 0.00311355
0 0.299259 0.774574 0.385346 0.259269 0.00311332
0 0.0874429 0.00112271 0.174886 0.00224542 0.00311284
0 0.160973 0.400259 0.321946 0.16494 0.003112
0 0.977444 0.427262 0.0451124 0.195912 0.00311056
0 0.646402 0.702748 0.345253 0.250196 0.0031102
0 0.880518 0.764453 0.238965 0.210232 0.00310939
0 0.830939 0.396754 0.338123 0.2112 0.00310936
0 0.792139 0.00466287 0.167289 0.00932574 0.00310878
0 0.791798 0.0849864 0.304702 0.0675714 0.003108
0 0.791001 0.504876 0.417997 0.211867 0.00310744
0 0.136925 0.280339 0.27385 0.174788 0.0031071
0 0.69812 0.219464 0.462157 0.204479 0.00310589
0 0.13887 0.396525 0.27774 0.192515 0.00310319
0 0.616238 0.585356 0.459801 0.168955 0.00310085
0 0.130231 0.0692579 0.260463 0.138516 0.00310006
0 0 0.876969 0 0.246063 0.00310001
0 0.785251 0.360807 0.426128 0.14011 0.00309961
0 0.49864 0.143509 0.997279 0.287017 0.0192217
0 0.489809 0.192266 0.979618 0.384532 0.0183636
0 0.576626 0.261477 0.846748 0.495771 0.0181085
0 0.5 0.266534 1 0.533068 0.0163027
0 0.511504 0.229354 0.976992 0.434305 0.0152459
0 0.857683 0.564652 0.265165 0.15465 0.0147012
0 0.209188 0.537085 0.325484 0.293915 0.0145184
0 0.300057 0.784728 0.347272 0.308697 0.014494
0 0.845832 0.688274 0.293935 0.245627 0.0143078
0 0.550416 0.770795 0.312515 0.268502 0.0141793
0 0.31788 0.829708 0.353312 0.307535 0.0141627
0 0.419905 0.791869 0.326735 0.256837 0.0141071
0 0.552187 0.716319 0.317399 0.242959 0.0140328
0 0.941078 0.911609 0.117844 0.176783 0.0139112
0 0.850599 0.598663 0.278045 0.189022 0.0138496
0 0.876405 0.223289 0.24719 0.27586 0.0138256
0 0.566041 0.399255 0.867919 0.689171 0.0138124
0 0.850585 0.866999 0.271247 0.266001 0.0136336
0 0.198609 0.447507 0.313847 0.251951 0.0135988
0 0.895431 0.712908 0.209139 0.526292 0.0135912
0 0.843924 0.746143 0.284078 0.293301 0.013577
0 0.932174 0.266244 0.135652 0.243209 0.0135498
0 0.773989 0.904194 0.275513 0.191612 0.0135086
0 0.604643 0.195847 0.790714 0.338946 0.0134765
0 0.654097 0.513239 0.22445 0.119139 0.0134552
0 0.589445 0.149502 0.719776 0.216592 0.0134386
0 0.412416 0.698153 0.340258 0.283331 0.0133288
0 0.318856 0.895717 0.344788 0.208567 0.0133239
0 0.609865 0.716334 0.335039 0.257301 0.0133141
0 0.874688 0.575326 0.250625 0.381589 0.013305
0 0.618096 0.78389 0.322762 0.245479 0.013202
0 0.915322 0.892001 0.169355 0.215997 0.0131496
0 0.899941 0.159409 0.200119 0.318818 0.0130794
0 0.487566 0.786656 0.308244 0.243713 0.0130739
0 0.360073 0.626477 0.302071 0.268178 0.0130649
0 0.793316 0.581412 0.250401 0.168637 0.0130431
0 0.168885 0.172963 0.304638 0.345927 0.0130005
0 0.859802 0.208451 0.280395 0.273949 0.0129995
0 0.42474 0.879822 0.321621 0.189486 0.0129397
0 0.436991 0.639644 0.289583 0.292271 0.0129189
0 0.28563 0.736576 0.349072 0.337072 0.0129123
0 0.646219 0.575976 0.253079 0.259412 0.0128827
0 0.493652 0.703537 0.312974 0.262759 0.0128479
0 0.043481 0.136137 0.0869619 0.272274 0.0127845
0 0.182929 0.368971 0.316588 0.290202 0.0127507
0 0.55476 0.86219 0.311686 0.247412 0.0127322
0 0.23435 0.123276 0.279395 0.246552 0.0127239
0 0.719267 0.588517 0.252888 0.203776 0.0126898
0 0.773482 0.863517 0.245697 0.272966 0.0126775
0 0.254116 0.214088 0.508232 0.428176 0.0126723
0 0.626747 0.901393 0.302944 0.197215 0.0126263
0 0.704006 0.903939 0.292612 0.192122 0.0126202
0 0.488156 0.84615 0.311239 0.229145 0.0125858
0 0.873082 0.648052 0.253836 0.306312 0.0125798
0 0.903578 0.852474 0.192845 0.295052 0.0125538
0 0.365372 0.80719 0.34169 0.280392 0.0125436
0 0.833999 0.463177 0.332002 0.661845 0.0124827
0 0.723047 0.51548 0.240612 0.152272 0.0124564
0 0.848241 0.497198 0.290366 0.241308 0.0124537
0 0.736476 0.198177 0.354319 0.396355 0.0124536
0 0.596591 0.503934 0.23515 0.141719 0.0124376
0 0.839995 0.901458 0.284519 0.197083 0.0123624
0 0.210999 0.588411 0.331656 0.24517 0.0123265
0 0.4412 0.237677 0.882399 0.475354 0.012306
0 0.185997 0.104227 0.282867 0.208454 0.0123037
0 0.522767 0.14302 0.954467 0.286041 0.0122895
0 0.122954 0.898944 0.245908 0.202112 0.0122762
0 0.154961 0.915404 0.202901 0.169192 0.0122731
0 0.0589508 0.108951 0.117902 0.217902 0.0122728
0 0.793895 0.501439 0.237017 0.194332 0.0122666
0 0.489133 0.887216 0.314817 0.202787 0.0122613
0 0.473925 0.178231 0.74501 0.356461 0.0122539
0 0.00290554 0.141064 0.00581108 0.282127 0.012241
0 0.5 0.197852 1 0.395703 0.0122204
0 0.892988 0.622102 0.214024 0.581859 0.0121889
0 0.119773 0.357455 0.239546 0.278407 0.0121872
0 0.841166 0.813345 0.2873 0.304649 0.0121816
0 0.777332 0.743014 0.263404 0.280701 0.0121714
0 0.802021 0.977234 0.320577 0.0455311 0.0121492
0 0.872722 0.521103 0.254557 0.688974 0.0121457
0 0.156961 0.404555 0.293856 0.243275 0.0121281
0 0.771596 0.701842 0.304322 0.255173 0.0121124
0 0.914703 0.425302 0.170593 0.429384 0.0121082
0 0.3794 0.551665 0.26333 0.23095 0.0120954
0 0.884301 0.169015 0.231397 0.338031 0.0120921
0 0.664924 0.971788 0.32703 0.0564233 0.0120863
0 0.869663 0.703827 0.260674 0.340326 0.0120845
0 0.447563 0.902868 0.295901 0.188855 0.0120738
0 0.375496 0.888488 0.321215 0.197677 0.0120239
0 0.738721 0.97571 0.331829 0.0485792 0.0120186
0 0.288845 0.624418 0.312368 0.255214 0.0119751
0 0.0163661 0.182655 0.0327322 0.295483 0.0119684
0 0.966737 0.306063 0.0665262 0.263604 0.0119575
0 0.696468 0.791899 0.31173 0.235287 0.0119319
0 0.390809 0.514161 0.24114 0.203632 0.011922
0 0.122669 0.29046 0.245338 0.339274 0.0119158
0 0.845055 0.463803 0.309891 0.742666 0.0119071
0 0.586155 0.579087 0.257962 0.283263 0.0118997
0 0.707084 0.742036 0.297216 0.272233 0.011898
0 0.928066 0.218721 0.143869 0.245877 0.0118965
0 0.343245 0.435478 0.608341 0.303438 0.011891
0 0.464406 0.482591 0.209944 0.153684 0.0118824
0 0.946793 0.821376 0.106413 0.357248 0.0118665
0 0.339154 0.695162 0.35233 0.314157 0.0118621
0 0.650929 0.192969 0.409573 0.364208 0.0118393
0 0.928256 0.971927 0.143488 0.0561455 0.0118317
0 0.280868 0.482339 0.342772 0.22939 0.0118302
0 0.0729124 0.290763 0.145825 0.356399 0.0118188
0 0.980152 0.0566003 0.0396967 0.113201 0.0118093
0 0.769327 0.812273 0.257455 0.257528 0.0118021
0 0.785683 0.0960755 0.279897 0.192151 0.0117931
0 0.36806 0.862784 0.342502 0.274433 0.011777
0 0.827738 0.186453 0.330305 0.372905 0.0117625
0 0.0876336 0.0944644 0.175267 0.188929 0.0117398
0 0.0165448 0.23702 0.0330896 0.300197 0.0117279
0 0.21825 0.639873 0.337103 0.280132 0.0117198
0 0.854062 0.0894297 0.286542 0.178859 0.0116969
0 0.120572 0.859107 0.241143 0.281786 0.0116732
0 0.0607682 0.869075 0.121536 0.26185 0.0116663
0 0.591675 0.967092 0.336611 0.0658161 0.0116526
0 0.519813 0.971486 0.338002 0.057027 0.0116491
0 0.573101 0.1533 0.853797 0.255528 0.0116206
0 0.68883 0.707125 0.346433 0.278181 0.0115905
0 0.290762 0.560293 0.309552 0.232809 0.011587
0 0.452072 0.376774 0.904144 0.397469 0.0115538
0 0.0739268 0.225045 0.147854 0.291158 0.0115482
0 0.873879 0.899588 0.252242 0.200824 0.0115344
0 0.0327421 0.112642 0.0654841 0.225284 0.0115279
0 0.416906 0.973745 0.339191 0.0525101 0.0115224
0 0.0713153 0.353248 0.142631 0.337473 0.0115045
0 0.915805 0.123549 0.16839 0.247098 0.0115021
0 0.163664 0.953894 0.277979 0.0922113 0.0114978
0 0.0855849 0.135892 0.17117 0.271784 0.0114852
0 0.118224 0.402234 0.236449 0.27634 0.0114629
0 0.383454 0.476122 0.264307 0.189779 0.0114581
0 0.86154 0.127672 0.265648 0.255344 0.0114534
0 0.851978 0.980612 0.296044 0.0387765 0.0114528
0 0.173747 0.203653 0.282049 0.313315 0.0114522
0 0.349557 0.909286 0.272203 0.181427 0.011432
0 0.458655 0.574138 0.236345 0.282177 0.0114164
0 0.128103 0.177017 0.256206 0.282679 0.0113791
0 0.577936 0.9065 0.284841 0.187 0.0113446
0 0.784463 0.614731 0.276973 0.242025 0.0113231
0 0.13868 0.114241 0.277359 0.228481 0.0113011
0 0.565719 0.637812 0.297053 0.339466 0.0112877
0 0.712389 0.824544 0.272982 0.270939 0.0112759
0 0.762134 0.190314 0.475733 0.258556 0.011274
0 0.732692 0.11527 0.259394 0.23054 0.0112537
0 0.358266 0.175435 0.702681 0.35087 0.0112473
0 0.354777 0.961663 0.345221 0.0766731 0.0112431
0 0.959117 0.113001 0.0817654 0.226002 0.0112142
0 0.619782 0.639598 0.317938 0.340995 0.011186
0 0.161825 0.492718 0.299546 0.26801 0.0111629
0 0.890251 0.980831 0.219497 0.0383389 0.0111583
0 0.53137 0.49036 0.234708 0.134599 0.0111221
0 0.86909 0.792136 0.261819 0.3544 0.0111076
0 0.15563 0.303739 0.303032 0.338795 0.0111071
0 0.980001 0.12401 0.0399977 0.22716 0.0110856
0 0.0766572 0.168069 0.153314 0.279284 0.0110701
0 0.0370943 0.290396 0.0741886 0.356251 0.011064
0 0.720126 0.445118 0.559747 0.57579 0.0110474
0 0.509551 0.640563 0.288935 0.320865 0.0110345
0 0.601901 0.125308 0.40861 0.250615 0.0110275
0 0.128099 0.239977 0.256199 0.289333 0.0110156
0 0.597236 0.190932 0.805528 0.220168 0.0109906
0 0.0637345 0.908443 0.127469 0.183114 0.0109849
0 1 0.0505364 0 0.101073 0.0109277
0 0.168121 0.652259 0.298151 0.266939 0.010915
0 0.11919 0.460488 0.23838 0.275733 0.010907
0 0.109474 0.708115 0.218948 0.24189 0.0108493
0 0.638246 0.225542 0.723507 0.229868 0.0108171
0 0.520124 0.597608 0.259169 0.325579 0.0107744
0 0.0116514 0.101235 0.0233028 0.20247 0.0107596
0 0.0711248 0.418587 0.14225 0.353084 0.010757
0 0.983184 0.922346 0.0336319 0.155309 0.0107452
0 0.916224 0.0750617 0.167551 0.150123 0.0107362
0 0.725943 0.262015 0.425398 0.505569 0.0107359
0 0.262195 0.842957 0.325982 0.29853 0.0107258
0 0.177726 0.840644 0.244369 0.276565 0.0107139
0 0.166032 0.710587 0.287513 0.292258 0.0107025
0 0.701015 0.63338 0.30546 0.303505 0.0106986
0 0.642407 0.117532 0.291768 0.235063 0.0106886
0 0.574907 0.39843 0.850186 0.592203 0.0106767
0 0.0224385 0.80072 0.044877 0.317797 0.0106502
0 0.998599 0.286007 0.00280159 0.194747 0.0106492
0 0.0411291 0.359804 0.0822582 0.369383 0.0106476
0 0.164314 0.59903 0.302419 0.243324 0.0106193
0 0.672077 0.458822 0.655846 0.438195 0.0106188
0 0.990679 0.208379 0.0186427 0.174797 0.0106141
0 0.108547 0.666978 0.217093 0.236206 0.0106016
0 0.905478 0.920663 0.189043 0.158674 0.0105674
0 0.0280044 0.932286 0.0560088 0.135428 0.0105502
0 0.211319 0.704433 0.362193 0.320626 0.0105425
0 0.486434 0.124875 0.729971 0.249749 0.010536
0 0.964817 0.171334 0.0703652 0.342669 0.0105057
0 0.00712101 0.533098 0.014242 0.367702 0.0105015
0 0.0449649 0.791622 0.0899297 0.309219 0.0104985
0 0.109324 0.823087 0.218647 0.2537 0.010478
0 0.200785 0.96235 0.292926 0.0753 0.0104764
0 0.0173253 0.851518 0.0346507 0.296964 0.0104305
0 0.215485 0.220869 0.290796 0.337803 0.0104183
0 0.244337 0.791137 0.31935 0.304452 0.0104094
0 0.613439 0.504402 0.373371 0.226364 0.0104022
0 0.0025253 0.879982 0.00505059 0.240035 0.0103863
0 0.916708 0.777866 0.166584 0.444268 0.0103389
0 0.205467 0.280176 0.288305 0.321467 0.0102838
0 0.0716076 0.479201 0.143215 0.312034 0.0102354
0 0.0141679 0.362276 0.0283358 0.329633 0.0101883
0 0.954585 0.943467 0.0908305 0.113066 0.0101871
0 0.0271644 0.599265 0.0543288 0.307869 0.0101846
0 0.146484 0.900241 0.292968 0.199517 0.0101403
0 0.0324174 0.747969 0.0648349 0.317576 0.0101178
0 0.019241 0.707658 0.038482 0.342691 0.0101173
0 0.220733 0.179608 0.299049 0.359217 0.0101169
0 0.265152 0.86398 0.350832 0.27204 0.010089
0 0.0616945 0.816707 0.123389 0.262624 0.0100179
0 0.5 0.305445 1 0.587272 0.0100016
0 0.108151 0.943763 0.216301 0.112474 0.00999267
0 0.55331 0.186164 0.506139 0.345128 0.00996358
0 0.449663 0.265716 0.899325 0.438082 0.00995449
0 0.0386175 0.838166 0.0772349 0.288488 0.00994407
0 0.976991 0.079894 0.0460179 0.159788 0.00992848
0 0.110532 0.613384 0.221065 0.23675 0.00988155
0 0.0338602 0.646743 0.0677205 0.318815 0.00987938
0 0.043144 0.4351 0.0862881 0.383132 0.00985981
0 0.280403 0.962516 0.335992 0.0749683 0.00978244
0 0.117586 0.50728 0.235172 0.278314 0.00973534
0 0.423746 0.203269 0.847492 0.331748 0.00964721
0 0.0125124 0.931814 0.0250247 0.136372 0.00964181
0 0.148026 0.749988 0.283426 0.312475 0.00962537
0 0.0327369 0.889914 0.0654738 0.220171 0.00948228
0 0.169243 0.790093 0.236761 0.289837 0.00943162
0 0.106925 0.741705 0.21385 0.271065 0.00938121
0 0 0.943128 0 0.113744 0.00936076
0 0.105733 0.78652 0.211466 0.253318 0.00928467
0 0.245814 0.901707 0.33704 0.196585 0.00928048
0 0 0.754868 0 0.296517 0.00918671
0 0.00868957 0.428769 0.0173791 0.363039 0.00917979
0 0 0.702051 0 0.310036 0.00912863
0 0 0.806438 0 0.28217 0.00908848
0 0.113991 0.560248 0.227982 0.264251 0.0090858
0 0 0.645297 0 0.308313 0.00898309
0 0.0408371 0.4958 0.0816741 0.313044 0.00895346
0 0.154838 0.863005 0.293066 0.27399 0.00890274
0 0 0.592347 0 0.298679 0.00889125
0 0.00417032 0.91507 0.00834065 0.169861 0.00882109
0 0 0.543201 0 0.281896 0.00879191
0 0.0526201 0.698014 0.10524 0.288827 0.00874687
0 0 0.906664 0 0.186671 0.0086967
0 0 0.495075 0 0.285951 0.00867721
0 0.0683378 0.517373 0.136676 0.276464 0.00861485
0 0.272776 0.92612 0.233705 0.147759 0.00859659
0 0.0263702 0.920758 0.0527405 0.158484 0.00854678
0 0.96932 0.446018 0.0613605 0.522179 0.008431
0 0 0.299895 0 0.306548 0.00811853
0 0.062804 0.737827 0.125608 0.277853 0.00790037
0 0 0.114537 0 0.229073 0.00784635
0 0.770205 0.791567 0.162167 0.125105 0.00779053
0 0 0.352966 0 0.263885 0.00766255
0 0 0.409624 0 0.304612 0.00762456
0 0.797822 0.804481 0.126343 0.0966461 0.00744372
0 0.0490959 0.645064 0.0981919 0.273678 0.00730814
0 0.0659132 0.555157 0.131826 0.264738 0.00730426
0 0 0.298586 0 0.255388 0.00727215
0 0 0.250427 0 0.26221 0.00701282
0 0.0462513 0.602397 0.0925025 0.263485 0.00697517
0 0.0421902 0.561599 0.0843804 0.26321 0.00694208
0 0.467005 0.489501 0.0991094 0.0744052 0.00693471
0 0.0657142 0.604526 0.131428 0.247974 0.00676435
0 0.066284 0.696401 0.132568 0.27201 0.00657684
0 0 0.188859 0 0.277836 0.00654414
0 0.0663933 0.651454 0.132787 0.257124 0.0064417
0 0.0375375 0.0632124 0.075075 0.126425 0.00557744
0 0.949708 0.0463017 0.100584 0.0926034 0.00554041
0 0.603402 0.629696 0.0544885 0.0201118 0.00542051
0 0.998262 0.0397004 0.00347507 0.0794008 0.0053898
0 0.636365 0.629778 0.054924 0.0206928 0.0051977
0 0.77646 0.537826 0.0713707 0.0252216 0.00515928
0 0.794396 0.78564 0.129993 0.115778 0.00505032
0 0.0678656 0.262467 0.135731 0.29491 0.00501007
0 0.332383 0.586676 0.139312 0.0779163 0.00486794
0 0.0719033 0.0788067 0.143807 0.157613 0.00482606
0 0.454171 0.487155 0.140056 0.0757962 0.00475573
0 0.0938542 0.285769 0.187708 0.290112 0.00462996
0 0.569612 0.630378 0.0551087 0.0188239 0.00458755
0 0.0693073 0.213068 0.138615 0.294061 0.00454883
0 0.484667 0.490148 0.142269 0.0770454 0.0044938
0 0.801528 0.533988 0.0635531 0.019619 0.00439577
0 0.448163 0.581684 0.11841 0.0722604 0.00429081
0 0.720103 0.562051 0.106348 0.0300905 0.00425603
0 0.647078 0.49872 0.131439 0.0521513 0.00424803
0 0.0559375 0.301524 0.111875 0.269196 0.0042223
0 0.0744205 0.0174275 0.148841 0.0348549 0.00420753
0 0.61578 0.561954 0.0985867 0.0259292 0.00412361
0 0.759082 0.594482 0.145072 0.0475229 0.00412194
0 0.0697435 0.162177 0.139487 0.294148 0.00410024
0 0.809207 0.752023 0.0944481 0.0511101 0.00409024
0 0.507767 0.432963 0.147982 0.0255859 0.00406499
0 0.334697 0.574745 0.145259 0.0565339 0.00405529
0 0.7362 0.562106 0.0730871 0.0275011 0.00405504
0 0 0.117363 0 0.234726 0.198201
0 0 0.102604 0 0.205207 0.163768
0 0.104687 0.0962378 0.17015 0.192476 0.162786
0 0.0600894 0.0943179 0.120179 0.188636 0.157966
0 0.0778286 0.095863 0.155657 0.191726 0.134563
0 0 0.0975605 0 0.195121 0.12962
0 0.14118 0.0951033 0.168683 0.190207 0.129176
0 0 0.101739 0 0.203478 0.128293
0 0 0.098445 0 0.19689 0.121825
0 0 0.115145 0 0.230289 0.118152
0 0.00594449 0.0952411 0.011889 0.190482 0.0970434
0 0.252043 0.091308 0.0874191 0.182616 0.0811161
0 0.0420728 0.0933615 0.0841457 0.186723 0.0773979
0 0 0.0992253 0 0.198451 0.0699998
0 0.183257 0.093851 0.149174 0.187702 0.0698315
0 0.0210556 0.126297 0.0421111 0.252595 0.0672456
0 0.283031 0.0761008 0.0764138 0.152202 0.0627252
0 0.99956 0.0765198 0.000880557 0.15304 0.0614738
0 1 0.0936192 0 0.187238 0.0578547
0 0.0289202 0.0935191 0.0578403 0.187038 0.0489282
0 0.991993 0.0731107 0.0160137 0.146221 0.0486542
0 0.0438774 0.110631 0.0877549 0.221263 0.0461481
0 0.922486 0.0876568 0.155028 0.175314 0.0426315
0 0.063856 0.0832986 0.119026 0.166597 0.0380889
0 0 0.894052 0 0.211896 0.0351015
0 0.0773754 0.345173 0.154751 0.321258 0.0334552
0 0.311354 0.478752 0.182729 0.303363 0.033382
0 1 0.912424 0 0.175152 0.0319454
0 0.971071 0.084143 0.0578571 0.168286 0.0319205
0 0.0627912 0.125163 0.125582 0.250326 0.029982
0 0.599733 0.784605 0.212278 0.307361 0.0284448
0 0.369348 0.719535 0.195403 0.322661 0.0282515
0 0.900698 0.0869629 0.17536 0.173926 0.0275193
0 0.888284 0.0824664 0.116587 0.164933 0.0271319
0 0.308781 0.0619228 0.106994 0.123846 0.0263112
0 0.286577 0.462024 0.19046 0.261086 0.026141
0 0.138231 0.721174 0.174412 0.305087 0.0260747
0 0.416142 0.671678 0.182867 0.314898 0.0260441
0 0.102655 0.724397 0.184835 0.297994 0.0259642
0 0.100104 0.323923 0.193914 0.319369 0.025776
0 0.770827 0.0749499 0.142379 0.1499 0.0256733
0 0.238421 0.811818 0.183526 0.3045 0.0254086
0 0.94226 0.0878966 0.115479 0.175793 0.0253618
0 0.133944 0.66772 0.181133 0.313968 0.0252159
0 0.679832 0.480346 0.110199 0.19595 0.0246936
0 1 0.903503 0 0.192994 0.0242659
0 0.588365 0.514609 0.174047 0.283486 0.0235713
0 0 0.143344 0 0.286688 0.0233589
0 0.626381 0.520389 0.16217 0.269514 0.0232875
0 0.445709 0.692339 0.186172 0.327664 0.023243
0 0.139723 0.816206 0.176217 0.280535 0.0231745
0 0.10275 0.671821 0.186824 0.307648 0.0229238
0 0.207485 0.0785268 0.119069 0.157054 0.0228792
0 0.479025 0.467457 0.180697 0.277583 0.0227508
0 0.82101 0.0764103 0.126165 0.152821 0.0225741
0 0.035191 0.212308 0.0703821 0.32111 0.0225574
0 0.342929 0.769324 0.178481 0.319182 0.0224203
0 0.590325 0.895774 0.188567 0.208452 0.022251
0 0.474756 0.669931 0.186371 0.319351 0.0219221
0 0.960264 0.0898991 0.0794712 0.179798 0.0213183
0 1 0.61205 0 0.277501 0.0211238
0 0.519308 0.892971 0.185587 0.214058 0.0206293
0 0.853767 0.0788611 0.116784 0.157722 0.0205874
0 0.377382 0.454383 0.179946 0.253745 0.0205692
0 0.570657 0.815222 0.22282 0.324819 0.0205393
0 0.973397 0.0878531 0.0532069 0.175706 0.0201996
0 0.939802 0.68021 0.120395 0.297818 0.020041
0 0.52572 0.814287 0.210088 0.323371 0.020024
0 0.0758887 0.411864 0.151777 0.313856 0.0200065
0 0.12936 0.617215 0.191601 0.320024 0.0199938
0 0.271329 0.840381 0.191487 0.319237 0.019925
0 0.0784567 0.724201 0.156913 0.29873 0.0198717
0 0.289257 0.065558 0.067607 0.131116 0.0198101
0 0.377235 0.785825 0.193254 0.305666 0.0197258
0 0.048257 0.153069 0.096514 0.306139 0.0195204
0 0.267658 0.790918 0.192837 0.295983 0.0194575
0 0.878571 0.844376 0.152805 0.311248 0.0193812
0 0.410153 0.740748 0.192732 0.336681 0.0192545
0 0.550859 0.471385 0.184162 0.273998 0.0191203
0 0.557472 0.739573 0.199142 0.338683 0.0189605
0 0.556771 0.894162 0.189871 0.211675 0.0188823
0 0.489472 0.813629 0.201031 0.321113 0.018572
0 0.595551 0.84099 0.204027 0.318021 0.0185591
0 0.215634 0.111849 0.174721 0.223698 0.0185457
0 0.106056 0.822608 0.178207 0.273292 0.0184104
0 0.442804 0.470432 0.189459 0.286818 0.0183211
0 0.144383 0.321452 0.18295 0.32692 0.0179138
0 0.920764 0.675004 0.158472 0.303077 0.0178154
0 0.169499 0.63982 0.190298 0.323281 0.0177802
0 0.238869 0.747688 0.179815 0.312689 0.0177164
0 0.170843 0.812729 0.18081 0.288199 0.0176697
0 0 0.318937 0 0.329893 0.0175849
0 0.146484 0.882938 0.187632 0.234125 0.0175723
0 0.625943 0.898652 0.187544 0.202696 0.0173877
0 0.455294 0.783152 0.201934 0.307043 0.0173064
0 0.305383 0.811938 0.183414 0.313159 0.0172271
0 0.81825 0.631754 0.184589 0.287043 0.0172176
0 0.520156 0.466651 0.193256 0.279146 0.0172166
0 0.458496 0.837508 0.207017 0.324983 0.0171277
0 0.901103 0.818452 0.163112 0.286825 0.0171115
0 0.416681 0.813395 0.19739 0.321416 0.0170974
0 0.658604 0.478799 0.112398 0.191695 0.0170952
0 0.108013 0.59391 0.177868 0.30928 0.0170342
0 0.453806 0.437253 0.0942359 0.226892 0.0170267
0 0.605753 0.488771 0.138271 0.237499 0.0169915
0 0.982373 0.636427 0.0352534 0.275343 0.016935
0 0.0971265 0.515754 0.194253 0.310466 0.0168596
0 0.520514 0.738296 0.20093 0.340751 0.0167104
0 0 0.892505 0 0.21499 0.0165774
0 0.380736 0.0588711 0.133733 0.117742 0.0165503
0 0.0781591 0.824694 0.156318 0.278843 0.0165027
0 0.1288 0.541182 0.193856 0.327285 0.0165013
0 0.744168 0.0723984 0.145447 0.144797 0.0163565
0 0.487359 0.890846 0.189686 0.218308 0.0162066
0 0.172248 0.719374 0.182441 0.311443 0.0161273
0 0.0127449 0.239836 0.0254897 0.330025 0.0159964
0 0 0.218615 0 0.328011 0.0159872
0 0.364413 0.47844 0.246601 0.307499 0.0159731
0 0.245227 0.874194 0.172726 0.251613 0.01595
0 0.180213 0.896328 0.16078 0.207343 0.0159063
0 0.765292 0.796662 0.161838 0.300932 0.0157048
0 0.493666 0.85713 0.211564 0.285741 0.01565
0 1 0.55716 0 0.269871 0.0156469
0 0.483269 0.738238 0.196186 0.340938 0.0156057
0 0.957921 0.666819 0.0841575 0.272013 0.0154831
0 0.0805632 0.298675 0.161126 0.313735 0.0153936
0 0.44496 0.520426 0.198083 0.325596 0.0153061
0 0.272818 0.720949 0.182418 0.308088 0.0152847
0 0.011265 0.165535 0.02253 0.33107 0.0152306
0 0.168932 0.54086 0.191816 0.33603 0.0151861
0 0.378858 0.887304 0.189115 0.225393 0.0151797
0 0.38099 0.837584 0.199156 0.324832 0.0151664
0 0.588225 0.713132 0.189968 0.333689 0.0149446
0 0.00672621 0.288969 0.0134524 0.312063 0.0148525
0 0.44594 0.621125 0.18436 0.326935 0.0148077
0 0.202059 0.811318 0.191104 0.297493 0.0147546
0 0.166383 0.1229 0.180996 0.2458 0.0147373
0 1 0.931321 0 0.137358 0.0147261
0 1 0.86669 0 0.266619 0.0146861
0 0.661103 0.902965 0.175642 0.194069 0.0146824
0 0.563945 0.859693 0.211592 0.280614 0.0146243
0 0.336953 0.697894 0.188192 0.312705 0.014591
0 0.30905 0.721301 0.18359 0.311879 0.0145479
0 0.512264 0.691151 0.18769 0.331013 0.0144773
0 0.166792 0.466035 0.19944 0.333953 0.0144391
0 0 0.918087 0 0.163826 0.0144192
0 0.245892 0.45947 0.186279 0.2699 0.0144162
0 0.48339 0.515808 0.185176 0.334773 0.0143975
0 0.439014 0.447793 0.127903 0.247055 0.0143651
0 0.0796136 0.647925 0.159227 0.306176 0.0143568
0 0.14512 0.383818 0.191213 0.338121 0.0141532
0 0.540678 0.0274646 0.230718 0.0549292 0.0140771
0 0 0.918138 0 0.163724 0.0140725
0 0.336247 0.0631356 0.138085 0.126271 0.0139855
0 0.0644329 0.368525 0.128866 0.325706 0.0139696
0 0.451653 0.889137 0.192445 0.221726 0.0138283
0 0.0838157 0.132777 0.167631 0.265555 0.0137798
0 0.41999 0.855343 0.202542 0.289314 0.0137482
0 1 0.715803 0 0.271122 0.0136841
0 0.695867 0.0640052 0.169048 0.12801 0.0136533
0 0.345698 0.884538 0.185321 0.230923 0.0136365
0 0.40614 0.0532655 0.150061 0.106531 0.0136326
0 0.0882374 0.441137 0.128553 0.318045 0.0135546
0 0.00460403 0.919923 0.00920806 0.160153 0.0135381
0 0.101366 0.385526 0.202733 0.320117 0.0134221
0 0.478652 0.0428903 0.146512 0.0857806 0.0134075
0 0.415447 0.889785 0.19138 0.220431 0.013403
0 0 0.314249 0 0.306931 0.0133985
0 1 0.0853423 0 0.170685 0.0132695
0 1 0.943982 0 0.112036 0.0131499
0 0.00935442 0.0765588 0.0187088 0.153118 0.0131212
0 0.133342 0.264437 0.191152 0.341911 0.013065
0 0.990707 0.908085 0.0185859 0.183831 0.0130625
0 0.477193 0.567328 0.187707 0.317934 0.0129309
0 0.13191 0.466094 0.191967 0.33073 0.0128859
0 0.444119 0.0510604 0.154672 0.102121 0.0128768
0 0.775732 0.911288 0.157957 0.177423 0.012871
0 0.319386 0.062882 0.073616 0.125764 0.0127942
0 0.198389 0.488522 0.19665 0.337858 0.0127877
0 0.869919 0.770776 0.151157 0.307323 0.0127564
0 0.895728 0.658493 0.177722 0.270489 0.0127531
0 0.745129 0.490666 0.509743 0.376012 0.0126958
0 0.685636 0.498631 0.628728 0.322069 0.012677
0 0.567135 0.0365951 0.242418 0.0731901 0.0126741
0 0.25857 0.0702332 0.0819326 0.140466 0.0126585
0 0.8106 0.914046 0.136925 0.171908 0.0126257
0 0.00817973 0.154906 0.0163595 0.309811 0.0125906
0 0.345992 0.853495 0.189338 0.29301 0.0125568
0 0.19975 0.613974 0.199992 0.331803 0.0125296
0 0.304509 0.585715 0.187048 0.322813 0.0124673
0 0.414147 0.474862 0.181964 0.305057 0.012448
0 0.0979266 0.441029 0.195853 0.321554 0.012406
0 0.628711 0.7661 0.207079 0.333971 0.012399
0 0.11204 0.887718 0.176337 0.224563 0.01236
0 0.0293773 0.916636 0.0587546 0.166729 0.0123421
0 0.30923 0.853336 0.185833 0.293328 0.0122878
0 0.0800978 0.889686 0.157617 0.220629 0.0122732
0 0.391154 0.0604733 0.0868605 0.120947 0.0122499
0 0.165342 0.41359 0.189285 0.331992 0.0122321
0 0.0772368 0.497146 0.154474 0.297569 0.0121761
0 0.215934 0.0751538 0.100043 0.150308 0.0121188
0 0.995384 0.619628 0.0092315 0.26096 0.0120855
0 0.167135 0.197646 0.179938 0.321373 0.0120324
0 0.17243 0.077817 0.128066 0.155634 0.012005
0 0.221797 0.896735 0.162053 0.206529 0.011992
0 0.424314 0.431953 0.114065 0.218525 0.0119455
0 0 0.169714 0 0.335099 0.011907
0 0.595072 0.0534476 0.240512 0.106895 0.0118969
0 0.42152 0.0553328 0.0960625 0.110666 0.0118412
0 0.547825 0.691361 0.188578 0.33213 0.0118383
0 0.497707 0.0303788 0.191734 0.0607575 0.0117824
0 0.620141 0.691491 0.186351 0.336362 0.0117497
0 0.557872 0.51799 0.198894 0.331762 0.0117109
0 0.88871 0.369794 0.22258 0.739587 0.0116393
0 0.238509 0.691279 0.181692 0.319938 0.0114586
0 0.375295 0.370066 0.75059 0.434761 0.0114392
0 0.996709 0.896234 0.00658158 0.207532 0.0113994
0 0.0413716 0.578001 0.0827432 0.276612 0.0113925
0 0.0290647 0.0754888 0.0581295 0.150978 0.0113771
0 0.373874 0.652979 0.182872 0.300015 0.0113494
0 0.0802573 0.569989 0.160515 0.306282 0.0112926
0 0.281315 0.886513 0.170284 0.226975 0.0112465
0 0.982108 0.886941 0.0357839 0.226118 0.011221
0 0.454924 0.0499209 0.102899 0.0998419 0.0112142
0 1 0.92792 0 0.14416 0.0111966
0 0.338775 0.589585 0.190132 0.312589 0.0111765
0 1 0.764714 0 0.274972 0.0110682
0 0.491488 0.0382827 0.0971306 0.0765655 0.0110528
0 1 0.140732 0 0.281464 0.0109792
0 0.480765 0.307618 0.94238 0.524623 0.0109368
0 0.0796733 0.0774234 0.0896164 0.154847 0.0108608
0 0.39284 0.434989 0.105646 0.225755 0.010859
0 0.78933 0.621701 0.186196 0.295779 0.010857
0 0.699202 0.906291 0.159223 0.187418 0.0108331
0 1 0.816037 0 0.275911 0.0107372
0 0.378126 0.593214 0.187411 0.314615 0.0107257
0 0.721765 0.552587 0.184323 0.313952 0.0107131
0 0.92501 0.227216 0.14998 0.384324 0.0106161
0 0.581098 0.565089 0.192794 0.324087 0.0104904
0 0.580028 0.398582 0.839944 0.522668 0.010483
0 0.466754 0.929642 0.161402 0.140717 0.0104745
0 0.598959 0.0304124 0.151534 0.0608247 0.0104667
0 0 0.393979 0 0.325662 0.0104388
0 0.171671 0.856431 0.180582 0.287138 0.010408
0 0.657962 0.516019 0.169179 0.273656 0.0103983
0 0.525915 0.961571 0.166385 0.0768587 0.0103853
0 0.310344 0.220545 0.620688 0.44109 0.0103842
0 0.0452455 0.0759992 0.0904909 0.151998 0.0103725
0 0.89886 0.768845 0.154247 0.315768 0.010309
0 1 0.666782 0 0.271343 0.010257
0 0.96538 0.895871 0.0692406 0.208259 0.0102408
0 0.957572 0.871493 0.0848564 0.257015 0.0102332
0 0.9943 0.113086 0.0114005 0.226172 0.0101813
0 0.921229 0.823746 0.157543 0.285698 0.0101715
0 0.816598 0.194349 0.366803 0.329323 0.0101623
0 0.407295 0.250304 0.814591 0.462559 0.0101621
0 0.417678 0.59414 0.191123 0.322602 0.0101545
0 0.279711 0.665106 0.186542 0.325071 0.0101386
0 0.856651 0.640382 0.18094 0.284887 0.0101306
0 0.510847 0.938288 0.154922 0.123425 0.0101241
0 0.965508 0.425503 0.0689836 0.559811 0.0100936
0 0.0627096 0.414622 0.125419 0.325526 0.0100686
0 0.697461 0.49262 0.139601 0.246082 0.0100655
0 0.122659 0.0787065 0.153394 0.157413 0.0100649
0 0.470452 0.340466 0.940905 0.587554 0.0100522
0 0 0.237653 0 0.329894 0.0100489
0 0.0591973 0.15798 0.118395 0.311637 0.0100483
0 0.64168 0.0571358 0.215798 0.114272 0.0100004
0 0.347583 0.437212 0.121727 0.220735 0.00998026
0 0.337588 0.123751 0.556991 0.247502 0.0099745
0 0.92796 0.379532 0.144079 0.663633 0.0099502
0 0.0408747 0.52925 0.0817493 0.280849 0.00994054
0 0.432171 0.926799 0.158398 0.146402 0.00988762
0 0.199147 0.690449 0.192627 0.321245 0.00988592
0 0 0.187517 0 0.330667 0.00987914
0 0.562334 0.96404 0.158286 0.0719208 0.00985113
0 0.826029 0.271327 0.347942 0.542654 0.00985082
0 0.691769 0.568167 0.191885 0.331876 0.00982304
0 0.88001 0.271791 0.23998 0.40415 0.0098205
0 0.209112 0.85509 0.199855 0.28982 0.00979652
0 0.245019 0.612941 0.205876 0.339477 0.00979045
0 0.661119 0.466784 0.677763 0.642517 0.00978664
0 0.0607329 0.726236 0.121466 0.300078 0.00972551
0 0.796638 0.511159 0.406724 0.247894 0.00967285
0 0.913219 0.278084 0.173562 0.512019 0.00966856
0 0.353552 0.441903 0.0812796 0.234602 0.00964623
0 0.747397 0.825496 0.223629 0.307477 0.00957007
0 0.0415806 0.470269 0.0831611 0.306051 0.00954029
0 0.578031 0.0260116 0.13635 0.0520232 0.00952821
0 0.967398 0.529571 0.0652047 0.239973 0.00951113
0 0.871256 0.383709 0.257489 0.623949 0.0094634
0 0.0473905 0.317597 0.094781 0.303239 0.00942935
0 0.471764 0.164138 0.864459 0.328277 0.00942669
0 0.733275 0.908448 0.169257 0.183103 0.00941126
0 0.871622 0.534264 0.256757 0.244141 0.00937454
0 0.349348 0.0641675 0.0995584 0.128335 0.00936464
0 0.200882 0.74853 0.19291 0.318568 0.00935497
0 1 0.902873 0 0.194255 0.00933393
0 0.0437071 0.707734 0.0874142 0.297095 0.00929976
0 0.0612963 0.899629 0.122593 0.200741 0.00925315
0 0.776173 0.791727 0.171147 0.119827 0.623098
0 0.457264 0.498727 0.0916387 0.09179 0.0293102
0 0 0.0791899 0 0.15838 0.0286274
0 0.798476 0.800089 0.127655 0.0977613 0.016543
0 1 0.102958 0 0.205916 0.0165294
0 0.00380733 0.0759447 0.00761466 0.151889 0.0136354
0 0.749546 0.796797 0.115415 0.113699 0.0109835
0 0 0.0826822 0 0.165364 0.0108047
0 0.368179 0.126882 0.736357 0.253765 0.00986984
0 0.441794 0.285003 0.412968 0.25751 0.00957451
0 0.388348 0.251782 0.339495 0.231533 0.00956534
0 0.370106 0.213515 0.378466 0.233941 0.00950955
0 1 0.0902025 0 0.180405 0.00948329
0 0.0525076 0.0671841 0.105015 0.134368 0.0092447
0 0.380082 0.135703 0.551111 0.271406 0.0089595
0 0.529296 0.292997 0.439332 0.246376 0.00868016
0 0.95636 0.427734 0.0872807 0.245755 0.008513
0 0.599006 0.12932 0.381446 0.249334 0.0084982
0 0.943006 0.327291 0.113988 0.270285 0.00804077
0 0.286919 0.895635 0.365505 0.208729 0.00802101
0 0.942724 0.265217 0.114553 0.233686 0.00797927
0 0.117799 0.962611 0.235597 0.0747778 0.00790951
0 0.335549 0.251987 0.355183 0.249297 0.00779197
0 0.941572 0.223403 0.116856 0.23067 0.00774417
0 0.764202 0.127354 0.433119 0.254709 0.00770104
0 0.733736 0.918763 0.417857 0.162475 0.00755918
0 0.799284 0.819187 0.386602 0.248442 0.00754271
0 0.934895 0.168874 0.13021 0.245738 0.00753868
0 0.854798 0.674606 0.290405 0.276682 0.00752518
0 0.662171 0.917216 0.403268 0.165568 0.00748444
0 0.966458 0.46079 0.0670843 0.209585 0.0074823
0 0.85956 0.733854 0.280881 0.274713 0.00747464
0 1 0.0774701 0 0.15494 0.00740997
0 0.146019 0.96529 0.292038 0.0694202 0.00738483
0 0.264398 0.0588219 0.211783 0.117644 0.00734479
0 0.158423 0.896544 0.316846 0.206912 0.0073411
0 0.376397 0.275725 0.416784 0.268009 0.00732395
0 0.226409 0.89861 0.356086 0.202781 0.00729662
0 0.319333 0.199933 0.384174 0.295905 0.00718884
0 1 0.565855 0 0.171981 0.0071628
0 0.775918 0.760838 0.410033 0.191485 0.00705077
0 0.952034 0.13036 0.095933 0.260721 0.00704766
0 0.603956 0.298345 0.446626 0.253999 0.00703509
0 0.703028 0.129283 0.365559 0.24809 0.00700068
0 0.694623 0.75596 0.435867 0.198796 0.0069415
0 0.70484 0.875728 0.489032 0.248544 0.00693116
0 0.49253 0.213092 0.413813 0.190774 0.00691836
0 0.0156358 0.630829 0.0312717 0.241907 0.00690041
0 0.739018 0.827011 0.396516 0.270596 0.00688374
0 0.0167383 0.582616 0.0334766 0.280563 0.00688232
0 0.784833 0.779891 0.140732 0.106225 0.00687876
0 0.861972 0.782748 0.276056 0.246222 0.0068741
0 0.588573 0.110892 0.465259 0.221785 0.00686751
0 0.130502 0.893765 0.261005 0.21247 0.00686726
0 0.660043 0.823234 0.417389 0.243864 0.0067489
0 0.784014 0.571494 0.107639 0.107023 0.00674381
0 0.0969583 0.0634903 0.193917 0.126981 0.00672561
0 0.456382 0.113793 0.624779 0.227585 0.00665345
0 0.0630261 0.0624886 0.126052 0.124977 0.00654832
0 0.824832 0.69267 0.350336 0.302557 0.00651567
0 0.813035 0.772615 0.373931 0.20701 0.00650846
0 0.759477 0.176216 0.459773 0.281108 0.00646027
0 0.960875 0.0484124 0.0782507 0.0968248 0.00639786
0 0.938519 0.948171 0.122961 0.103657 0.00638567
0 0.802826 0.920729 0.394347 0.158542 0.00624825
0 0 0.940302 0 0.119396 0.0062266
0 0.0462056 0.381621 0.0924112 0.268868 0.00621317
0 0.868959 0.340816 0.262082 0.308971 0.00620936
0 0.016504 0.0921249 0.033008 0.18425 0.00615078
0 0.76145 0.25433 0.454428 0.309924 0.00611037
0 0.489259 0.249044 0.375624 0.220979 0.0061075
0 0.970995 0.506683 0.0580109 0.223243 0.00605241
0 0.671962 0.262652 0.431065 0.268227 0.00600162
0 0.218962 0.871221 0.420857 0.257558 0.00599533
0 0.589355 0.211164 0.402864 0.189092 0.00599179
0 0.240567 0.964293 0.297054 0.0714132 0.00592823
0 1 0.572202 0 0.17735 0.00590661
0 0.0183896 0.723826 0.0367792 0.228971 0.00585298
0 0.97569 0.897588 0.0486204 0.204823 0.0058194
0 0.67034 0.966107 0.417684 0.0677859 0.00581896
0 0.963114 0.0782866 0.0737721 0.156573 0.00581431
0 0.865162 0.394024 0.269675 0.29874 0.00578822
0 0.321696 0.0591736 0.183419 0.118347 0.00578049
0 0.596756 0.911615 0.3949 0.176771 0.00577988
0 0.521761 0.58366 0.509611 0.283255 0.0057755
0 0.976282 0.781448 0.0474369 0.261803 0.00563267
0 0.384297 0.685841 0.520285 0.287235 0.00563159
0 0.977762 0.657387 0.044476 0.21563 0.00563082
0 0.729869 0.658793 0.441547 0.26844 0.00562922
0 0.0505316 0.910635 0.101063 0.17873 0.00561915
0 0.740017 0.967031 0.419708 0.0659387 0.0056155
0 0.885455 0.288079 0.229089 0.301609 0.00560678
0 0.897001 0.671256 0.205998 0.272037 0.00555681
0 0 0.0433107 0 0.0866213 0.0055434
0 0.219864 0.0631068 0.210875 0.126214 0.0055421
0 0.872342 0.826577 0.255317 0.242445 0.00553916
0 0.974371 0.942924 0.0512579 0.114152 0.00552639
0 0.930473 0.778198 0.139054 0.25278 0.0055093
0 0.294237 0.959641 0.32128 0.0807175 0.00550798
0 0.83274 0.96697 0.334519 0.0660604 0.00550732
0 0.155238 0.147471 0.310476 0.294943 0.00550578
0 0.46468 0.691663 0.485986 0.285038 0.00550046
0 0.976091 0.718681 0.0478187 0.236899 0.00549872
0 0.797455 0.656058 0.40509 0.260202 0.00545429
0 0.853098 0.569401 0.293804 0.280004 0.00543162
0 0.870567 0.912945 0.258866 0.17411 0.00541704
0 0.373975 0.733794 0.534423 0.286539 0.00539237
0 0.457327 0.346292 0.437699 0.295884 0.00537948
0 0.897094 0.189792 0.205813 0.304457 0.00535872
0 0.251135 0.190063 0.499216 0.304217 0.00534732
0 0.572784 0.26038 0.392164 0.242824 0.00534631
0 0.813896 0.883199 0.372209 0.233602 0.00533326
0 0.826609 0.239641 0.346781 0.310598 0.00533229
0 0.899308 0.735036 0.201384 0.284874 0.00533186
0 0.610794 0.587086 0.475273 0.296536 0.00532512
0 0.520114 0.645658 0.489999 0.290716 0.00530922
0 0.976079 0.83967 0.0478425 0.286094 0.00529816
0 0.435282 0.959559 0.390454 0.0808825 0.00529672
0 0.673548 0.182688 0.435416 0.22953 0.00528708
0 0.252946 0.272907 0.491447 0.277258 0.00528378
0 0.657588 0.125231 0.454874 0.250462 0.00527895
0 0.930152 0.718076 0.139695 0.237399 0.00524873
0 0.0189469 0.800492 0.0378939 0.291538 0.00524125
0 0.873552 0.525571 0.252895 0.275865 0.00523978
0 1 0.0594016 0 0.118803 0.00522266
0 0.453842 0.746479 0.502345 0.303625 0.00520012
0 0.741471 0.386341 0.48862 0.30124 0.00520003
0 0.223869 0.838671 0.441241 0.322657 0.00518934
0 0.105834 0.388383 0.211668 0.254238 0.00516986
0 0.935935 0.656625 0.12813 0.21947 0.00516897
0 0.600506 0.536707 0.480407 0.263384 0.00515642
0 0.0522839 0.530802 0.104568 0.310258 0.00513612
0 0.525062 0.790099 0.465094 0.303844 0.00513404
0 0.706662 0.0197649 0.0621278 0.0395297 0.00508962
0 0.360799 0.95905 0.331167 0.0819001 0.00506898
0 0.690161 0.0207589 0.0627148 0.0415178 0.00504872
0 0.746657 0.596096 0.450709 0.281707 0.00503312
0 0.979083 0.610731 0.0418345 0.218145 0.00502957
0 0.933009 0.83816 0.133983 0.280945 0.0050285
0 0.710684 0.103752 0.380937 0.207505 0.0050234
0 0.839953 0.492923 0.320094 0.292819 0.0050174
0 0.392779 0.786945 0.509764 0.30413 0.0050117
0 0.796605 0.588368 0.40679 0.264942 0.0050041
0 0.580186 0.875477 0.404237 0.249045 0.00499488
0 0.60144 0.651317 0.454108 0.289786 0.00499325
0 0.869225 0.964122 0.261549 0.0717561 0.00499165
0 0.821192 0.337426 0.357617 0.298852 0.00497897
0 0.603017 0.965432 0.414605 0.069137 0.00497269
0 0.934616 0.509018 0.130767 0.240845 0.00495316
0 0.715633 0.703312 0.459392 0.302313 0.00493956
0 0.142086 0.0899394 0.284171 0.179879 0.00489074
0 0.00644903 0.0653493 0.0128981 0.130699 0.00487877
0 0.157853 0.0680544 0.21208 0.136109 0.00487034
0 0.658919 0.552425 0.0607604 0.0940744 0.0048689
0 0.672462 0.0220703 0.0620107 0.0441406 0.00486471
0 0.26532 0.0599021 0.0562045 0.119804 0.00484655
0 1 0.0532027 0 0.106405 0.00483188
0 0.518165 0.0255898 0.0625406 0.0511795 0.00482842
0 0.813012 0.519179 0.373975 0.259545 0.00481908
0 0.827237 0.18694 0.345527 0.302432 0.00481833
0 0.534576 0.272314 0.201461 0.130092 0.00480566
0 0.321147 0.645501 0.523869 0.295555 0.00479148
0 0.258902 0.0872362 0.461175 0.174472 0.00479059
0 0.537565 0.904568 0.406564 0.190863 0.00478698
0 0.500611 0.0268746 0.0604389 0.0537493 0.00478146
0 0.938666 0.611363 0.122669 0.22516 0.00478062
0 0.889703 0.0948644 0.0623198 0.0868335 0.0047782
0 0.385035 0.0957608 0.503922 0.191522 0.00473573
0 0.229405 0.675304 0.430096 0.282032 0.00472462
0 0.519819 0.0359007 0.0568931 0.0718014 0.00469544
0 0.0517799 0.387528 0.10356 0.255361 0.00468569
0 0.802151 0.128922 0.395699 0.257843 0.00468433
0 1 0.0726964 0 0.145393 0.0046807
0 0.600026 0.702257 0.448623 0.29397 0.00465814
0 0.975655 0.56787 0.0486905 0.234762 0.00464991
0 0.0555172 0.394747 0.111034 0.303339 0.0046484
0 0.533572 0.0974459 0.477038 0.194892 0.00464547
0 0.113627 0.210629 0.227254 0.25246 0.00463983
0 0.464151 0.552514 0.456529 0.271386 0.00463647
0 0.854587 0.879687 0.290826 0.240626 0.00463526
0 0.529998 0.834245 0.42996 0.285708 0.0046274
0 0.928429 0.875508 0.143142 0.248983 0.00461449
0 0.605783 0.460755 0.481719 0.26131 0.00461301
0 0.219571 0.475315 0.439143 0.282484 0.00459727
0 0.910247 0.904751 0.179507 0.190498 0.00459425
0 0.935617 0.56261 0.128767 0.248715 0.00459082
0 0.604217 0.0233817 0.0609791 0.0467634 0.00457404
0 0.0173925 0.505473 0.034785 0.339048 0.00455448
0 0.655404 0.0235525 0.062168 0.047105 0.00453575
0 0.52941 0.433028 0.461571 0.278999 0.00453477
0 0.18842 0.633877 0.376839 0.299421 0.00453303
0 0.221598 0.531595 0.443196 0.29864 0.00452754
0 0.621349 0.0237564 0.060648 0.0475128 0.00452731
0 0 0.939048 0 0.121904 0.00451314
0 0.509132 0.299894 0.202447 0.186061 0.00450767
0 0.0208468 0.337825 0.0416936 0.293348 0.00450292
0 0.637955 0.0238645 0.0616836 0.0477291 0.00449657
0 0.156069 0.285435 0.312138 0.307999 0.00449643
0 0.401177 0.590789 0.480716 0.294751 0.00449165
0 0.46965 0.299678 0.216731 0.183455 0.00449023
0 0.0206347 0.40123 0.0412693 0.318551 0.0044801
0 0.320179 0.343806 0.485546 0.302743 0.00447221
0 0.858415 0.966854 0.10589 0.0662911 0.00446927
0 0.0200903 0.276361 0.0401806 0.268619 0.00446474
0 0.427152 0.896468 0.399046 0.207063 0.00446361
0 0.906351 0.147662 0.187298 0.295324 0.00439378
0 0.472695 0.471659 0.444924 0.281712 0.00438516
0 0.263116 0.435788 0.484455 0.296466 0.00437216
0 0.535451 0.0257554 0.0621487 0.0515109 0.00436896
0 0.48798 0.964323 0.418147 0.0713533 0.00436093
0 0.351915 0.894905 0.388036 0.21019 0.00435427
0 0.118684 0.27084 0.237367 0.276418 0.00434179
0 0.280253 0.725093 0.463774 0.281085 0.00433301
0 0.776415 0.43499 0.447171 0.306139 0.00433087
0 0.723844 0.0198167 0.0606621 0.0396333 0.00432203
0 0.767723 0.0986593 0.42099 0.197319 0.00430944
0 0.278559 0.585662 0.477807 0.307837 0.00429359
0 0.837876 0.968696 0.100664 0.0626076 0.00429135
0 1 0.0862634 0 0.172527 0.00428946
0 0.813702 0.39046 0.372596 0.296372 0.0042893
0 0.484946 0.0287016 0.0596393 0.0574031 0.00428707
0 0.153744 0.841202 0.307487 0.317597 0.00428594
0 1 0.547997 0 0.28677 0.00428498
0 0.0801735 0.502187 0.160347 0.2467 0.00428277
0 0.830156 0.442025 0.339688 0.315723 0.00426063
0 0.407277 0.838855 0.47907 0.31199 0.00425223
0 0.188823 0.723412 0.377646 0.282265 0.00425213
0 0.0784687 0.549391 0.156937 0.238358 0.00424708
0 0.890843 0.96666 0.099529 0.0666808 0.0042455
0 0 0.0371757 0 0.0743513 0.00423505
0 0.0191323 0.228777 0.0382647 0.273885 0.00422791
0 0.306547 0.124874 0.504118 0.249748 0.00421916
0 0.147092 0.159596 0.0633348 0.125918 0.00421759
0 0.214985 0.221956 0.42997 0.26068 0.00420375
0 0.802634 0.968493 0.101369 0.0630151 0.00420256
0 0.58746 0.0238001 0.0617862 0.0476001 0.00419569
0 0.401382 0.387044 0.464278 0.301975 0.00419208
0 0.805882 0.572044 0.0819307 0.108052 0.00419183
0 0.263293 0.383404 0.486024 0.293064 0.00418982
0 0.664023 0.426048 0.503714 0.275518 0.00418954
0 0.569567 0.0244814 0.0627637 0.0489627 0.0041884
0 0 0.930976 0 0.138048 0.00418778
0 0.478424 0.0561002 0.152311 0.1122 0.0041716
0 0.435646 0.306072 0.0688175 0.151824 0.00416406
0 0.467888 0.027216 0.0626215 0.0544319 0.00416403
0 0.0509584 0.671786 0.101917 0.244125 0.00416368
0 0.733863 0.968101 0.100172 0.063798 0.0041611
0 0.536962 0.0374398 0.0560762 0.0748796 0.00415765
0 0.592736 0.826823 0.400954 0.254789 0.00415663
0 0.824158 0.966495 0.107404 0.0670094 0.0041524
0 0.189647 0.803889 0.379293 0.331822 0.00414847
0 0.522978 0.0562831 0.132437 0.112566 0.0041367
0 0.12704 0.163666 0.058611 0.126007 0.00413428
0 0.751604 0.968143 0.0994248 0.0637131 0.00411222
0 0.552673 0.0254512 0.0608065 0.0509023 0.00409178
0 0.7007 0.968142 0.0972733 0.063717 0.00408973
0 0.743433 0.532398 0.465282 0.282138 0.00408472
0 0.587357 0.358701 0.450172 0.271376 0.00408213
0 0.872375 0.968438 0.0984253 0.0631235 0.0040633
0 0.639 0.0348351 0.0543842 0.0696702 0.00406292
0 0.104396 0.849895 0.200092 0.240141 0.00405494
0 0.415951 0.306306 0.0717011 0.150728 0.0040401
0 1 0.569577 0 0.276316 0.0040318
0 0.854804 0.0868566 0.290393 0.173713 0.00402361
0 0.795494 0.286513 0.409011 0.293683 0.00401895
0 0.787921 0.965794 0.110258 0.0684121 0.00401655
0 0.281917 0.0613181 0.0567464 0.122636 0.00400557
0 0.400114 0.303221 0.0635612 0.141891 0.00400178
0 0.720967 0.965162 0.104925 0.0696762 0.00399784
0 0.0166407 0.876222 0.0332814 0.247556 0.00399466
0 0.470105 0.871265 0.451349 0.25747 0.00396506
0 0.687358 0.964989 0.0996784 0.0700218 0.00396293
0 0.740204 0.0199333 0.0642231 0.0398666 0.00396133
0 0.282435 0.796846 0.457715 0.323863 0.00395807
0 1 0.0753343 0 0.150669 0.00395441
0 0.656859 0.0359658 0.055763 0.0719315 0.00395293
0 0.518855 0.567655 0.0804912 0.0899691 0.00395006
0 0.0915474 0.0348823 0.0553285 0.0697646 0.00394375
0 0.0134585 0.919065 0.0269169 0.161869 0.00392762
0 0.966189 0.0528578 0.0676215 0.105716 0.00392116
0 0.622693 0.0354593 0.0548104 0.0709185 0.00390856
0 0.674021 0.0378171 0.0547239 0.0756343 0.00390148
0 0.594472 0.0561899 0.14706 0.11238 0.00389952
0 0.500002 0.548745 0.069312 0.0827364 0.00388963
0 0.0821108 0.459363 0.164222 0.263618 0.00387963
0 1 0.11665 0 0.233299 0.00387927
0 0.143759 0.409372 0.287518 0.24758 0.00387604
0 0.182679 0.124836 0.365358 0.249673 0.00387404
0 0.667295 0.967937 0.0956439 0.0641262 0.00387213
0 0.0756343 0.388211 0.151269 0.248779 0.00386698
0 0.60517 0.035754 0.0540297 0.0715079 0.00385687
0 0.736847 0.479774 0.488449 0.283054 0.0038307
0 0.663751 0.355458 0.449595 0.278635 0.00381597
0 0 0.856978 0 0.286044 0.00381275
0 0.646465 0.552972 0.0692351 0.0923149 0.00379946
0 0.296275 0.546975 0.174866 0.147097 0.0037924
0 0.148862 0.358112 0.297724 0.25277 0.00379152
0 0.0461113 0.133857 0.0922226 0.267714 0.0037803
0 0.107247 0.0351698 0.0542443 0.0703395 0.00377087
0 0.18194 0.422186 0.36388 0.269607 0.00377043
0 0.777343 0.794004 0.168291 0.126883 0.802338
0 0.46085 0.491059 0.0892402 0.0710207 0.0239328
0 0.471176 0.497535 0.114832 0.0847021 0.017389
0 1 0.944184 0 0.111632 0.00990643
0 1 0.960278 0 0.079445 0.00912957
0 0.721106 0.777423 0.316362 0.174119 0.00795552
0 0.112192 0.125244 0.224385 0.250489 0.00766469
0 0.712456 0.892312 0.363909 0.215375 0.00753893
0 0.640635 0.639738 0.333484 0.2206 0.00733854
0 0.568723 0.967121 0.342006 0.0657571 0.00726163
0 0.253567 0.556461 0.342409 0.191788 0.00725961
0 0.682354 0.803806 0.339933 0.198397 0.00715101
0 0.221888 0.354013 0.443777 0.489084 0.00712971
0 0.244168 0.596512 0.344341 0.185231 0.00712772
0 0.259246 0.933461 0.24295 0.133078 0.00711945
0 0.983253 0.123333 0.0334934 0.246665 0.00710168
0 0.21555 0.633176 0.326563 0.212893 0.00706612
0 0.578171 0.936872 0.293427 0.126256 0.00706505
0 0.103933 0.111427 0.207866 0.222854 0.00706296
0 0.639104 0.967823 0.338849 0.0643549 0.00705143
0 0.349894 0.769713 0.300626 0.196472 0.00705131
0 0.368553 0.822365 0.300916 0.213844 0.00704561
0 0.226874 0.775726 0.331066 0.323121 0.00703224
0 0.426221 0.479929 0.345021 0.209336 0.00702864
0 0.934653 0.216042 0.130695 0.432083 0.00699726
0 0.634147 0.901612 0.356934 0.196777 0.00694858
0 0.128686 0.843895 0.257373 0.183512 0.00694451
0 0.349667 0.515876 0.317634 0.206851 0.00690573
0 0.346903 0.557435 0.31781 0.176686 0.00688316
0 0.758946 0.796405 0.273333 0.169228 0.00687155
0 0.864936 0.625889 0.270128 0.20459 0.00686243
0 0.938834 0.551638 0.122331 0.174287 0.0068602
0 0.782691 0.727581 0.333997 0.251493 0.00684871
0 0.717423 0.967913 0.3459 0.0641741 0.00683478
0 0.810238 0.937329 0.286193 0.125343 0.0067955
0 0.210447 0.809387 0.310935 0.234836 0.00678912
0 0.601695 0.848076 0.295003 0.178623 0.00675878
0 0.380231 0.852725 0.306635 0.181078 0.00675557
0 0.560769 0.437736 0.322181 0.198566 0.00674052
0 0.0776119 0.136093 0.155224 0.272185 0.00673228
0 0.361161 0.424421 0.342458 0.193145 0.00673016
0 0.829401 0.630301 0.31017 0.21517 0.00672904
0 0.561553 0.644437 0.321489 0.22628 0.00670723
0 0.281335 0.648992 0.315471 0.205642 0.00669215
0 0.49129 0.438577 0.333707 0.203741 0.00669021
0 0.766521 0.653232 0.280719 0.197925 0.00668598
0 0.864101 0.565557 0.271798 0.166696 0.00666351
0 0.795041 0.966864 0.34497 0.0662725 0.00665237
0 0.341826 0.663887 0.311054 0.181717 0.00664137
0 0.865984 0.772669 0.268031 0.198589 0.0066235
0 0.486632 0.640561 0.337668 0.222608 0.00662337
0 0.618423 0.468452 0.318717 0.200406 0.00662103
0 0.307894 0.467562 0.337077 0.199305 0.00659786
0 0.304653 0.755258 0.31586 0.199684 0.00658909
0 0.299163 0.509994 0.327805 0.220121 0.00658437
0 0.688611 0.464718 0.318681 0.192127 0.00656691
0 0.824463 0.56811 0.306548 0.174288 0.0065625
0 1 0.172013 0 0.344026 0.00655623
0 0.409438 0.5575 0.319728 0.183284 0.00655565
0 0.228872 0.697096 0.332944 0.255752 0.00655394
0 0.411045 0.671603 0.323166 0.185927 0.00655393
0 0.175886 0.935874 0.236488 0.128252 0.00654325
0 0.340192 0.603904 0.313357 0.187758 0.00653342
0 0.869879 0.910538 0.260241 0.178925 0.00652492
0 0.859814 0.941801 0.280372 0.116399 0.00651505
0 0.994811 0.798181 0.0103781 0.173147 0.0065127
0 0.493548 0.712783 0.369409 0.214225 0.0065125
0 1 0.917903 0 0.164195 0.00649855
0 0.993752 0.698333 0.0124954 0.172788 0.00649698
0 0.527167 0.848922 0.325905 0.178006 0.00648461
0 0.99457 0.746792 0.0108607 0.172493 0.00648338
0 0.322939 0.967211 0.312423 0.0655771 0.00647328
0 0.123574 0.110865 0.247147 0.221729 0.0064644
0 0.728227 0.637318 0.341069 0.221924 0.00645926
0 0.316462 0.804226 0.287424 0.21945 0.00645589
0 0.490651 0.674935 0.352007 0.199022 0.00645352
0 0.772187 0.900198 0.352647 0.199604 0.00644003
0 0.341885 0.92987 0.251515 0.14026 0.00643415
0 0.498768 0.480827 0.328936 0.211516 0.00643111
0 0.917794 0.70299 0.164412 0.202277 0.00642838
0 0.908561 0.659974 0.182878 0.218209 0.00642494
0 0.99792 0.0874778 0.00416061 0.174956 0.00642446
0 0.504913 0.937585 0.301241 0.124831 0.00641808
0 0.273622 0.762439 0.349278 0.242648 0.00641051
0 0.987732 0.968725 0.0245369 0.0625494 0.00640895
0 0.731268 0.935898 0.273451 0.128205 0.00640806
0 0.561976 0.4756 0.314464 0.209168 0.00640565
0 0.992046 0.652288 0.0159076 0.174357 0.00639359
0 0.623563 0.507373 0.315123 0.193018 0.00638573
0 0.900443 0.615773 0.199114 0.197307 0.00638569
0 0.65043 0.935388 0.270341 0.129224 0.00637688
0 0.254867 0.698129 0.352854 0.202098 0.0063761
0 0.417709 0.82886 0.329403 0.21793 0.00636177
0 0.981849 0.240014 0.0363022 0.480028 0.00634758
0 0.199879 0.546492 0.348058 0.21371 0.00634584
0 0.877037 0.96687 0.245926 0.0662593 0.00634491
0 0.309108 0.41622 0.366092 0.204004 0.00633434
0 0.344231 0.709247 0.307934 0.173291 0.00632488
0 0.356828 0.476896 0.322886 0.199435 0.00631205
0 0.00964709 0.0941892 0.0192942 0.188378 0.0063052
0 0.508759 0.82638 0.376045 0.221696 0.00630079
0 0.501332 0.966832 0.333182 0.0663361 0.00629802
0 0.868671 0.661611 0.262659 0.223108 0.00629072
0 0.765875 0.50118 0.320078 0.191012 0.00626333
0 0.898756 0.940402 0.202488 0.119195 0.00625628
0 0.574926 0.789853 0.385879 0.259583 0.00624235
0 0.828979 0.90961 0.331197 0.18078 0.00622276
0 0.894586 0.556917 0.210828 0.185106 0.00621157
0 0.409147 0.711368 0.325873 0.188578 0.00620156
0 0.244005 0.970547 0.324602 0.0589069 0.0061992
0 0.630096 0.114596 0.504059 0.229192 0.00618625
0 0.993055 0.854204 0.0138907 0.187214 0.00617719
0 0.86905 0.706486 0.2619 0.19528 0.00617468
0 0.341946 0.848121 0.213231 0.194587 0.00615887
0 0.817061 0.506687 0.313091 0.181937 0.00614664
0 0.933756 0.50079 0.132488 0.205204 0.00614473
0 0.86152 0.113244 0.27696 0.226488 0.00612509
0 0.877703 0.864053 0.244594 0.179699 0.00611196
0 0.885864 0.294144 0.228273 0.588289 0.00609746
0 0.209928 0.850161 0.229215 0.175561 0.00607919
0 0.922793 0.809446 0.154415 0.205579 0.00607847
0 0.829752 0.850031 0.315429 0.18506 0.00607485
0 0.756761 0.110808 0.468813 0.221615 0.00607053
0 0.407828 0.624611 0.317195 0.203158 0.00605195
0 0.499478 0.114169 0.490973 0.228337 0.00603832
0 0.990103 0.604201 0.0197948 0.16677 0.00602811
0 0.932358 0.416414 0.135284 0.365351 0.00602556
0 1 0.495083 0 0.21271 0.00602104
0 0.693736 0.502636 0.324923 0.193461 0.00601818
0 0.864225 0.823836 0.271551 0.206961 0.0060142
0 0.795527 0.271114 0.408946 0.542228 0.00598774
0 0.858894 0.508655 0.282213 0.181709 0.00598185
0 1 0.435914 0 0.313911 0.00597796
0 0.00331948 0.910249 0.00663896 0.179502 0.00597369
0 0.894108 0.497487 0.211784 0.224001 0.00595551
0 0.989784 0.547702 0.0204329 0.187323 0.00595025
0 0.206936 0.640306 0.413872 0.340705 0.00593671
0 1 0.389573 0 0.470021 0.00593606
0 0.216467 0.541678 0.432934 0.34021 0.00593279
0 0.919065 0.756956 0.16187 0.210275 0.00592996
0 0.853957 0.464134 0.292085 0.219656 0.00592958
0 0.995969 0.928971 0.00806162 0.142059 0.00592711
0 0.777401 0.569941 0.323295 0.187959 0.00591528
0 0.422568 0.434653 0.342788 0.201538 0.00590839
0 0.0532994 0.102429 0.106599 0.204858 0.00589558
0 0.922453 0.90523 0.155095 0.189539 0.0058828
0 0.84536 0.966716 0.30928 0.0665689 0.00587056
0 0.230367 0.458583 0.460734 0.387999 0.00585969
0 0.959221 0.0980423 0.0815582 0.196085 0.00585531
0 0.14481 0.205902 0.289621 0.374463 0.00584912
0 0.165659 0.0806061 0.314979 0.161212 0.00584238
0 0.156705 0.583714 0.31341 0.218567 0.00584136
0 0.168521 0.625098 0.337042 0.232463 0.00583595
0 0.783118 0.764198 0.26395 0.180174 0.00583509
0 0.567351 0.720235 0.365173 0.230252 0.00583054
0 0.663318 0.734637 0.363183 0.225009 0.00582271
0 0.312462 0.0948015 0.406574 0.189603 0.00581657
0 0.833956 0.352084 0.332089 0.456114 0.00580701
0 0.832764 0.7069 0.318628 0.21214 0.00572441
0 0.731179 0.735956 0.330505 0.238615 0.00571247
0 0.167345 0.356986 0.334689 0.695407 0.00565339
0 0.204524 0.719108 0.409047 0.423905 0.00562352
0 0.48992 0.555761 0.340054 0.19134 0.00561408
0 0.934516 0.368317 0.130967 0.57508 0.0055996
0 0.758735 0.856281 0.240579 0.287437 0.00558991
0 1 0.356746 0 0.542633 0.00558638
0 0.956146 0.278815 0.087707 0.554365 0.0055841
0 0.183603 0.701469 0.367206 0.333506 0.00558339
0 0.13441 0.0934855 0.26882 0.186971 0.00558337
0 0.333092 0.895469 0.316136 0.209062 0.00556851
0 0.217041 0.0783013 0.31816 0.156603 0.00553868
0 0.444474 0.934817 0.288769 0.130366 0.00550089
0 0.563075 0.554699 0.313498 0.176328 0.00546761
0 0.392642 0.967028 0.313486 0.0659443 0.00546249
0 0.0856608 0.251421 0.171322 0.502843 0.00545636
0 0.835363 0.151764 0.329274 0.303527 0.00545606
0 0.849579 0.413941 0.300843 0.295776 0.00545092
0 0.920134 0.874504 0.159732 0.228308 0.00542744
0 0.199089 0.497724 0.354884 0.240566 0.00541959
0 0.704351 0.566655 0.328371 0.18737 0.00538194
0 0.0408557 0.240721 0.0817114 0.481442 0.00534477
0 0.760112 0.464979 0.319003 0.189345 0.00530363
0 1 0.761089 0 0.159383 0.00528964
0 0.94346 0.14813 0.11308 0.29626 0.00526766
0 1 0.389555 0 0.297319 0.0052606
0 0.830849 0.110592 0.338302 0.221185 0.00523616
0 0.625979 0.560815 0.315461 0.173391 0.00521854
0 1 0.71078 0 0.161462 0.00521098
0 0.744603 0.258303 0.510793 0.379657 0.00520208
0 0.687043 0.383284 0.365427 0.251375 0.00518583
0 0.300548 0.358369 0.401673 0.235327 0.00518021
0 0.920103 0.9649 0.159793 0.0702002 0.00517024
0 0.779399 0.85048 0.249108 0.21854 0.0051621
0 0.715234 0.843482 0.251401 0.21254 0.00515654
0 0.196937 0.455656 0.392733 0.263696 0.00513082
0 0.554524 0.908027 0.354966 0.183946 0.00512809
0 0.170412 0.777012 0.340823 0.350964 0.00512663
0 0.0978672 0.209595 0.195734 0.41919 0.0051187
0 1 0.48768 0 0.230681 0.0051024
0 1 0.320878 0 0.31101 0.00510065
0 1 0.811071 0 0.158436 0.00508109
0 0.112128 0.142792 0.224257 0.233876 0.00507027
0 0.173578 0.970974 0.297446 0.0580513 0.00505107
0 0.360981 0.361961 0.365692 0.197401 0.00504677
0 0.770572 0.256459 0.458856 0.438527 0.00503347
0 0.0293661 0.173661 0.0587321 0.347323 0.00503319
0 0.091932 0.084536 0.183864 0.169072 0.00500932
0 0.165414 0.699465 0.330827 0.60107 0.00500762
0 0.82562 0.772739 0.312269 0.189387 0.00496758
0 0.419368 0.905968 0.323815 0.188064 0.00495904
0 0.537854 0.134274 0.601591 0.268547 0.00494097
0 0.619284 0.38161 0.351929 0.22039 0.00492874
0 0.551637 0.374369 0.345688 0.194119 0.00491023
0 0.0269588 0.834934 0.0539176 0.330132 0.00490156
0 0.742839 0.141013 0.514322 0.282026 0.00489379
0 0.747656 0.183999 0.504689 0.367997 0.00488363
0 0.0136825 0.954212 0.0273651 0.0915762 0.00487265
0 1 0.100918 0 0.201836 0.00487255
0 1 0.245781 0 0.310236 0.00486651
0 0.120295 0.935651 0.238079 0.128699 0.0048509
0 0.489639 0.908473 0.351633 0.183053 0.00482167
0 0.768871 0.194633 0.462258 0.389266 0.00480815
0 0.159211 0.82624 0.318422 0.333574 0.00480075
0 1 0.662813 0 0.159578 0.00478283
0 0.146627 0.797888 0.293253 0.262435 0.00478223
0 0.489313 0.36764 0.339545 0.174453 0.00478021
0 0.265172 0.410103 0.385309 0.251698 0.0047777
0 0.167458 0.482217 0.334915 0.300578 0.00476746
0 1 0.886455 0 0.155904 0.00475192
0 1 0.612229 0 0.163258 0.0047501
0 0.809766 0.363937 0.380467 0.339025 0.00474766
0 0.769918 0.376456 0.412931 0.29056 0.00471912
0 0.127871 0.971101 0.255743 0.0577979 0.00469939
0 0.147965 0.543326 0.29593 0.228959 0.00468934
0 0.170849 0.603526 0.341698 0.701665 0.00468428
0 0.80455 0.305956 0.390901 0.419092 0.00466814
0 0.204019 0.407131 0.408038 0.311304 0.00464548
0 0.236164 0.906393 0.354811 0.187213 0.00463144
0 1 0.170041 0 0.310212 0.0046229
0 1 0.573878 0 0.188854 0.00460355
0 0.110838 0.904169 0.221676 0.191661 0.00456703
0 0.817126 0.442932 0.345175 0.194166 0.00455478
0 0.392018 0.930682 0.286559 0.138636 0.0045249
0 0.29532 0.277227 0.427591 0.300956 0.00451836
0 0.740498 0.308546 0.491534 0.299198 0.00450254
0 0.20778 0.396193 0.41556 0.347627 0.00450055
0 0.971752 0.905923 0.0564963 0.188155 0.00446624
0 0.074417 0.970276 0.148834 0.0594487 0.00442872
0 0.422959 0.365295 0.350702 0.176467 0.0044125
0 0.112198 0.49497 0.224396 0.717588 0.00439682
0 0.165628 0.556698 0.331256 0.261095 0.0043431
0 0.0354447 0.970273 0.0708895 0.0594544 0.00432395
0 0.776796 0.308982 0.446409 0.362841 0.00430472
0 1 0.135927 0 0.271854 0.00423827
0 0.249582 0.316668 0.432639 0.324055 0.00421155
0 0.0768703 0.935411 0.153741 0.129178 0.00418828
0 0.650362 0.146826 0.617942 0.293652 0.00417282
0 0.0485237 0.344421 0.0970474 0.688843 0.004167
0 0.207249 0.782135 0.414498 0.435731 0.00416419
0 1 0.538172 0 0.212082 0.00416063
0 0.115814 0.214361 0.231628 0.314209 0.00414548
0 0.202453 0.323471 0.404905 0.344445 0.00412908
0 0.43824 0.151232 0.590981 0.302465 0.00411881
0 0.121695 0.241513 0.243389 0.295809 0.00408614
0 0.66573 0.265873 0.479978 0.332761 0.00405047
0 0.147917 0.111687 0.295834 0.213362 0.00401697
0 0.475897 0.174667 0.54578 0.349333 0.00398237
0 0.362172 0.314751 0.363314 0.247167 0.00396232
0 0.709012 0.21587 0.554176 0.36108 0.00391418
0 0.484908 0.318987 0.341183 0.211946 0.00391285
0 0.628691 0.176529 0.562742 0.353059 0.00390134
0 0.174899 0.60685 0.349799 0.273653 0.00389742
0 0.1745 0.403094 0.349 0.329725 0.00389066
0 0.141537 0.288691 0.283075 0.339089 0.00387719
0 0.144918 0.497824 0.289836 0.260276 0.00387189
0 0.325761 0.145977 0.487234 0.291954 0.00381565
0 0.0996581 0.29633 0.199316 0.59266 0.003814
0 0.363702 0.273859 0.424626 0.285964 0.00379952
0 0.213898 0.176274 0.371874 0.277062 0.00379927
0 0.633747 0.313356 0.391723 0.252253 0.00379625
0 0.137522 0.270633 0.275044 0.372548 0.00377782
0 0.154136 0.45138 0.308273 0.291897 0.00377296
0 0.553291 0.317039 0.360733 0.225117 0.00374911
0 0.043442 0.773425 0.086884 0.453149 0.0037019
0 0.420292 0.317751 0.345255 0.222544 0.0036945
0 0.170423 0.315674 0.340846 0.379131 0.00367677
0 1 0.431124 0 0.279943 0.00367117
0 0.523036 0.219757 0.450645 0.30287 0.00362013
0 0.194289 0.129237 0.349571 0.247909 0.00361148
0 0.383452 0.215313 0.452719 0.302465 0.00357992
0 0.607199 0.219564 0.488167 0.324448 0.00357397
0 0.567086 0.270547 0.421613 0.300568 0.00356898
0 0.142423 0.17073 0.284846 0.211913 0.0035663
0 0.491712 0.272655 0.392432 0.276695 0.00355972
0 0.302374 0.218997 0.433361 0.30213 0.0035568
0 0 0.907842 0 0.184316 0.00354879
0 0.150814 0.243153 0.301628 0.285244 0.0035444
0 0.142542 0.810348 0.187572 0.24438 0.00342921
0 0 0.953095 0 0.0938097 0.00341023
0 0.0973313 0.951006 0.194663 0.0979889 0.00338131
0 0.775801 0.797393 0.170408 0.120092 0.951057
0 0.461485 0.494465 0.0943982 0.0761503 0.343243
0 0.163176 0.316487 0.163572 0.103961 0.110112
0 0.160933 0.445443 0.164175 0.154342 0.0576707
0 0.165042 0.274596 0.165696 0.171118 0.0236815
0 0.870311 0.49411 0.225968 0.137004 0.0225548
0 0.127419 0.107311 0.254837 0.162423 0.0215116
0 0.143588 0.0713131 0.287176 0.129934 0.0189399
0 0.164652 0.21676 0.160449 0.116303 0.0174182
0 1 0.944537 0 0.110925 0.0153779
0 1 0.965287 0 0.0694252 0.0129262
0 0.995213 0.912328 0.00957492 0.175345 0.0114861
0 0.166115 0.420817 0.157541 0.106022 0.0109174
0 0 0.0266104 0 0.0532208 0.0101934
0 0 0.0694871 0 0.138974 0.00908024
0 0.505712 0.549248 0.204909 0.18913 0.00907211
0 0.336055 0.458636 0.173176 0.0624472 0.00893958
0 0.615799 0.55301 0.261117 0.177279 0.00734021
0 0.321349 0.450599 0.139804 0.0717977 0.00695057
0 0.703953 0.458231 0.108597 0.06745 0.00681842
0 0.340264 0.60449 0.203396 0.130468 0.0067363
0 0.523564 0.516353 0.228534 0.133583 0.00668955
0 0.830337 0.52775 0.287471 0.200749 0.00668922
0 0.0469159 0.332719 0.0938318 0.397358 0.00652601
0 0.344923 0.566692 0.207683 0.150133 0.00625924
0 0.188398 0.453613 0.267218 0.187623 0.00617245
0 0.726726 0.870392 0.383908 0.259215 0.0061243
0 0.302189 0.648328 0.127448 0.0604097 0.00611329
0 0.755715 0.107089 0.123794 0.0946289 0.00611039
0 0.773445 0.0931381 0.104362 0.0683576 0.00608946
0 0.747576 0.527144 0.280564 0.197939 0.00605437
0 0.633511 0.527156 0.255527 0.210773 0.00601413
0 0.079212 0.138308 0.158424 0.22908 0.00598972
0 0.499924 0.934264 0.34789 0.131472 0.0059778
0 0.718153 0.763639 0.339073 0.193471 0.00597398
0 0.416928 0.934055 0.337147 0.13189 0.00596466
0 0.340537 0.531279 0.187372 0.0926682 0.00594394
0 0.330779 0.646269 0.0599412 0.0629093 0.00590295
0 0.306262 0.964081 0.32739 0.0718376 0.00589453
0 0.563658 0.521662 0.285635 0.219835 0.00585879
0 0.147292 0.839007 0.294584 0.257621 0.00585245
0 0.413481 0.969234 0.323091 0.0615324 0.00577538
0 0.0808274 0.104927 0.161655 0.209853 0.005768
0 0.0592379 0.588688 0.118476 0.286812 0.00574724
0 0.500755 0.493563 0.17781 0.0930878 0.00574167
0 0.485289 0.969395 0.332627 0.0612091 0.00573306
0 0.376548 0.522102 0.296785 0.222631 0.00571781
0 0.778816 0.654879 0.319043 0.290515 0.00570313
0 0.924377 0.582987 0.122923 0.0896621 0.00565758
0 0.892678 0.584734 0.185794 0.0892559 0.00565172
0 0.999939 0.653804 0.000121284 0.296649 0.00564909
0 0.771946 0.968247 0.333231 0.0635065 0.00562113
0 0.731594 0.8169 0.341936 0.3662 0.00561504
0 0.468345 0.550082 0.131655 0.189441 0.00560852
0 0.699829 0.969228 0.323635 0.0615438 0.0055864
0 0.805752 0.580591 0.358771 0.204555 0.00555935
0 0.866703 0.970345 0.266594 0.0593107 0.00554159
0 0.800564 0.93312 0.290011 0.133761 0.00553642
0 0.557632 0.969445 0.326918 0.0611099 0.00552149
0 0.819908 0.658568 0.32045 0.237627 0.00550461
0 0.846677 0.935834 0.290317 0.128333 0.00549262
0 0.187422 0.491985 0.309983 0.224516 0.00549165
0 0.116816 0.142344 0.233632 0.217659 0.00547175
0 0.777432 0.100606 0.135316 0.085469 0.00546385
0 0.999995 0.718243 9.69228e-06 0.343973 0.00545082
0 0.736821 0.586374 0.400142 0.199738 0.00542802
0 0.694198 0.669869 0.405025 0.399403 0.00542071
0 0.996418 0.780929 0.00716469 0.386661 0.00540035
0 0.784146 0.756355 0.230006 0.1889 0.00537762
0 0.131964 0.931005 0.238617 0.13799 0.0053701
0 0.150829 0.789407 0.301658 0.273291 0.00535562
0 0.830413 0.96938 0.319412 0.0612406 0.00534197
0 0.33982 0.48755 0.185431 0.116865 0.00533144
0 0.866939 0.897089 0.266121 0.205823 0.00532184
0 0.881 0.937004 0.238 0.125992 0.0053194
0 0.831121 0.731731 0.337759 0.244031 0.00530566
0 0.627908 0.969549 0.315127 0.060903 0.00529701
0 0.35615 0.544566 0.219503 0.139955 0.00529292
0 0.830965 0.909188 0.321645 0.181623 0.00529058
0 0.496847 0.521308 0.265575 0.218291 0.0052746
0 0.772492 0.894829 0.323858 0.210343 0.00526603
0 0.334556 0.62598 0.191461 0.104589 0.00524159
0 0.973628 0.850345 0.0527445 0.29931 0.00521913
0 0.995287 0.106776 0.00942613 0.213552 0.00521661
0 0.359027 0.967626 0.311702 0.0647474 0.0052143
0 0.151577 0.741962 0.303154 0.284479 0.00521157
0 0.838149 0.421436 0.323702 0.608176 0.00521095
0 0.0531831 0.404872 0.106366 0.44936 0.0052061
0 0.859463 0.76914 0.281074 0.326457 0.00520303
0 0.0441318 0.21851 0.0882636 0.352298 0.00520081
0 0.141183 0.450711 0.275797 0.195312 0.00519278
0 0.779263 0.749426 0.308536 0.216051 0.00517636
0 0.995577 0.60782 0.00884669 0.284358 0.0051617
0 0.577766 0.937262 0.318559 0.125475 0.00514778
0 0.899112 0.968968 0.201776 0.0620647 0.00514763
0 0.0642982 0.192065 0.128596 0.223985 0.00514349
0 0.730208 0.936152 0.295437 0.127697 0.00513436
0 0.177254 0.531809 0.343632 0.214816 0.00513323
0 0.905023 0.605074 0.189954 0.272238 0.00508919
0 0.324577 0.517901 0.304566 0.231141 0.00508057
0 0.166248 0.692372 0.318122 0.219593 0.00507465
0 0.228974 0.96569 0.309978 0.0686207 0.00506917
0 0.153854 0.587784 0.307708 0.264108 0.00505573
0 0.72504 0.741234 0.28291 0.238564 0.00504972
0 0.949552 0.55006 0.100896 0.391749 0.00504913
0 0.662483 0.570254 0.376198 0.212487 0.0050303
0 0.990297 0.968965 0.0194063 0.0620695 0.00503011
0 0.152114 0.529823 0.304228 0.244944 0.0050278
0 0.828881 0.790167 0.342239 0.199829 0.00500355
0 0.410591 0.538581 0.252821 0.198312 0.00495462
0 0.165131 0.0705729 0.295967 0.141146 0.00495062
0 0.034899 0.151634 0.0697981 0.303268 0.00494801
0 0.826828 0.854059 0.346345 0.291883 0.00493544
0 0.264455 0.931411 0.296908 0.137179 0.00493331
0 0.173281 0.642389 0.332667 0.230359 0.00493316
0 0.175916 0.934063 0.253433 0.131873 0.00492271
0 0.123926 0.450131 0.247852 0.229293 0.00491992
0 0.171007 0.579779 0.341606 0.209758 0.00490944
0 0.115264 0.372558 0.230528 0.232117 0.00490828
0 0.158179 0.641779 0.316359 0.29122 0.00490774
0 0.909622 0.893168 0.180755 0.213663 0.00490506
0 0.170652 0.745063 0.322347 0.222275 0.00489306
0 0.872564 0.676441 0.254871 0.308587 0.00489266
0 0.71419 0.452601 0.087538 0.0534369 0.00487701
0 0.275675 0.466403 0.343345 0.193389 0.00487533
0 0.578227 0.863118 0.474644 0.273765 0.00484989
0 0.65154 0.937595 0.291004 0.124811 0.00484912
0 0.145993 0.487352 0.291986 0.225206 0.00483577
0 0.118662 0.203545 0.237323 0.19526 0.00482409
0 0.416808 0.672109 0.434198 0.40367 0.00480988
0 0.871921 0.571488 0.233501 0.11486 0.00480519
0 0.248819 0.536686 0.350125 0.198481 0.00478207
0 0.865081 0.419794 0.269838 0.402771 0.00477092
0 0.857091 0.847359 0.285818 0.305282 0.00476423
0 0.0422276 0.297911 0.0844551 0.194867 0.00474701
0 0.153906 0.69662 0.307812 0.296671 0.00474049
0 0.474175 0.475602 0.291139 0.193793 0.00473754
0 0.357471 0.920301 0.280644 0.159398 0.00473512
0 0.536649 0.543105 0.459182 0.199541 0.00470458
0 0.116045 0.298533 0.227294 0.174072 0.00470368
0 0.606061 0.664999 0.490172 0.438846 0.00468548
0 0.758045 0.837473 0.270901 0.325054 0.00467686
0 0.0955923 0.934196 0.191185 0.131609 0.0046744
0 0.866195 0.600376 0.26761 0.231507 0.0046678
0 0.924897 0.668005 0.150206 0.319442 0.0046586
0 0.759352 0.774111 0.25381 0.165667 0.00464744
0 0.149845 0.602389 0.299691 0.564196 0.00460083
0 0.549063 0.0801645 0.297893 0.160329 0.00458601
0 0.467668 0.550576 0.204663 0.184461 0.00456556
0 0.392506 0.554417 0.364982 0.193591 0.00456124
0 0.0902686 0.153702 0.180537 0.167828 0.0045469
0 0.33941 0.84604 0.340289 0.30792 0.0045459
0 0.0419908 0.260669 0.0839817 0.241765 0.00453991
0 0.995532 0.861912 0.0089368 0.276176 0.00453892
0 0.810596 0.325676 0.378808 0.651352 0.00452804
0 0.615571 0.0797136 0.29199 0.159427 0.00452104
0 0.172144 0.41404 0.214745 0.224886 0.00450836
0 0.0132642 0.113044 0.0265285 0.226089 0.00449692
0 0.921204 0.723601 0.157591 0.351773 0.00449638
0 0.128336 0.891168 0.256672 0.217663 0.00449588
0 0.681663 0.0789458 0.288059 0.157892 0.00449569
0 0.125282 0.901089 0.250564 0.197822 0.00448264
0 0.996081 0.807143 0.0078387 0.288797 0.00447623
0 0.387566 0.859715 0.345653 0.280571 0.00447087
0 0.0428332 0.362573 0.0856663 0.257849 0.00445142
0 0.813579 0.07798 0.284802 0.15596 0.0044205
0 0.183555 0.796473 0.321991 0.253554 0.00441001
0 0.359205 0.518311 0.211072 0.0966993 0.00440685
0 0.365497 0.472083 0.311315 0.189158 0.00439506
0 0.369694 0.59219 0.240701 0.109766 0.00439369
0 0.781248 0.480258 0.1522 0.0782747 0.00439366
0 0.858128 0.469226 0.283743 0.407938 0.00439085
0 0.326228 0.559402 0.400488 0.190113 0.00438362
0 0.146784 0.207398 0.22655 0.170029 0.00437679
0 0.243966 0.571453 0.417797 0.189696 0.00436522
0 0.472356 0.0798156 0.309497 0.159631 0.00436421
0 0.24544 0.70015 0.436321 0.239572 0.00434937
0 0.74771 0.0778097 0.283738 0.155619 0.0043358
0 0.913336 0.0880388 0.173328 0.176078 0.00433289
0 0.866846 0.482686 0.266308 0.589821 0.00431859
0 0.863973 0.0781448 0.272055 0.15629 0.00429998
0 0.278867 0.808586 0.475299 0.296529 0.00429993
0 0.939116 0.169385 0.121768 0.33877 0.00429706
0 0.315058 0.419644 0.129554 0.0884241 0.00429132
0 0.816936 0.464675 0.135447 0.0900394 0.00426275
0 0.083375 0.0777814 0.16675 0.155563 0.00425933
0 0.869794 0.533775 0.260412 0.198065 0.00425305
0 0.744066 0.566607 0.242089 0.127216 0.00423709
0 0.660684 0.717986 0.492014 0.308043 0.00423654
0 0.86958 0.474538 0.260839 0.281144 0.00422146
0 0.332645 0.0713493 0.25396 0.142699 0.00420969
0 0.512806 0.844237 0.519278 0.311527 0.00418798
0 0.0799595 0.440617 0.159919 0.397722 0.00418562
0 0.160315 0.474578 0.164352 0.148215 0.00416731
0 0.125012 0.0686416 0.250024 0.137283 0.00416688
0 0.59232 0.82453 0.566643 0.35094 0.00415529
0 0.199948 0.833074 0.310117 0.248126 0.00414034
0 1 0.096859 0 0.193718 0.00413899
0 0.84605 0.491428 0.276476 0.220064 0.00413863
0 0.149633 0.15093 0.218916 0.178363 0.00413799
0 0.398965 0.0766326 0.290296 0.153265 0.00413698
0 0.903718 0.77389 0.192564 0.380787 0.00413213
0 0.297176 0.882006 0.411702 0.235988 0.00412804
0 0.434106 0.823759 0.443456 0.352482 0.00412771
0 0.184607 0.901507 0.283901 0.196985 0.00411566
0 0.255414 0.0692146 0.235933 0.138429 0.00410598
0 0.557672 0.549459 0.218337 0.185326 0.00409707
0 0.0329452 0.841985 0.0658905 0.31603 0.00406833
0 0.0488951 0.412402 0.0977902 0.306518 0.00406123
0 0.248832 0.646447 0.438193 0.241276 0.00405769
0 0.0208077 0.31723 0.0416154 0.316684 0.00404377
0 0.163684 0.292448 0.197415 0.170966 0.00402145
0 0.411182 0.758887 0.497101 0.404992 0.00401169
0 0.135233 0.477217 0.270466 0.36711 0.00400537
0 0.341768 0.651765 0.441867 0.32542 0.00399672
0 0.00502292 0.962074 0.0100458 0.075851 0.00398137
0 0.208127 0.42146 0.271919 0.206592 0.00396144
0 0.342137 0.712762 0.470772 0.359852 0.00394157
0 0.0359254 0.968445 0.0718508 0.0631107 0.00393017
0 0.948031 0.525793 0.103938 0.45182 0.00392713
0 0.842587 0.480603 0.219316 0.113557 0.00392617
0 0 0.0946738 0 0.189348 0.00392307
0 0.588197 0.75542 0.540786 0.389382 0.00392271
0 0.839286 0.239588 0.321429 0.479176 0.00389721
0 0.163935 0.378237 0.194501 0.193527 0.00385435
0 0.852143 0.831876 0.255604 0.218223 0.00382717
0 0.171907 0.967689 0.263582 0.0646212 0.00381045
0 0.11435 0.267433 0.2287 0.220668 0.00380577
0 0.819784 0.560678 0.199164 0.126712 0.00380209
0 0.450326 0.704436 0.582784 0.417908 0.00379152
0 0.18472 0.111838 0.29485 0.167599 0.00378622
0 0.890729 0.850551 0.218543 0.298899 0.00377153
0 0.771697 0.661758 0.239156 0.183911 0.00376682
0 0.896303 0.544938 0.207394 0.250282 0.00376633
0 0.990017 0.555868 0.0199664 0.345029 0.00374287
0 0.0337411 0.459976 0.0674822 0.479054 0.00370806
0 0.894642 0.112915 0.179584 0.107419 0.00368525
0 0.446047 0.797092 0.62775 0.405817 0.00367198
0 0.536031 0.482592 0.273203 0.206609 0.00366566
0 0.852391 0.0995715 0.132108 0.0841392 0.00365731
0 0.850974 0.331269 0.298052 0.517157 0.00362439
0 0.347274 0.0992736 0.191869 0.0926365 0.0036167
0 0.0875807 0.97019 0.175161 0.0596207 0.00360768
0 0.313084 0.438265 0.136452 0.0716058 0.00358326
0 1 0.707226 0 0.0984394 0.00358322
0 0.778318 0.569496 0.193591 0.121324 0.00358129
0 0.135541 0.494354 0.271081 0.265264 0.00357067
0 1 0.732057 0 0.0991681 0.00356439
0 0.680368 0.782739 0.412508 0.253488 0.00355001
0 0.841908 0.444237 0.292871 0.223748 0.00353916
0 1 0.683111 0 0.0967382 0.00352222
0 0.00663414 0.192688 0.0132683 0.244237 0.00351953
0 1 0.757276 0 0.100215 0.00350959
0 0.591918 0.494054 0.273326 0.2007 0.00350907
0 1 0.674878 0 0.163859 0.00347434
0 1 0.782417 0 0.100757 0.00347073
0 0.753999 0.43504 0.492002 0.631727 0.00346898
0 0.311349 0.637807 0.146145 0.0815467 0.00345458
0 0.158523 0.855925 0.172644 0.143727 0.00342276
0 0.74721 0.0922032 0.111003 0.0634 0.00342203
0 0.786993 0.229521 0.426015 0.459043 0.00341525
0 0.0384708 0.439301 0.0769415 0.12042 0.00340913
0 0.891473 0.484971 0.179056 0.118959 0.00340383
0 0.0413543 0.514649 0.0827085 0.555838 0.00339679
0 1 0.807301 0 0.101094 0.00339624
0 0.203208 0.558453 0.406417 0.437588 0.00339045
0 0.396201 0.79485 0.379772 0.353154 0.00338436
0 0.897048 0.135729 0.195466 0.151892 0.00337787
0 0.856637 0.0848111 0.286727 0.169622 0.00336812
0 0.872625 0.472523 0.217332 0.0959017 0.00336359
0 0 0.136927 0 0.227663 0.00335692
0 0.351006 0.430494 0.318354 0.191238 0.00333829
0 0.501998 0.448372 0.297354 0.192418 0.00333782
0 1 0.658575 0 0.0968657 0.0033305
0 1 0.832228 0 0.101409 0.00330668
0 0.866325 0.192705 0.267349 0.38541 0.003289
0 0.460544 0.0923071 0.325728 0.184614 0.00328476
0 1 0.620985 0 0.143069 0.00327845
0 0.815229 0.573956 0.252648 0.111408 0.00327426
0 0.674641 0.557257 0.290199 0.154446 0.00326908
0 0.754744 0.313671 0.490511 0.627341 0.00326799
0 0.545544 0.0932416 0.301026 0.186483 0.003262
0 1 0.942592 0 0.114816 0.00325125
0 0.669133 0.0869783 0.301906 0.173957 0.00322574
0 1 0.857596 0 0.102518 0.00322477
0 0.964754 0.142358 0.0704923 0.284717 0.00320338
0 0.877987 0.120359 0.244025 0.240717 0.0031829
0 0.602061 0.509936 0.207047 0.13684 0.00316197
0 0.0393005 0.416034 0.0786009 0.111169 0.00315826
0 0.267816 0.424836 0.333306 0.183303 0.00315684
0 0.701282 0.490265 0.296939 0.212168 0.00314682
0 0.288797 0.118904 0.3083 0.190982 0.00314543
0 1 0.914355 0 0.114715 0.00310564
0 1 0.631634 0 0.0955255 0.00309895
0 0.0439766 0.877277 0.0879532 0.245445 0.00308978
0 0.886397 0.0956467 0.0697302 0.0773888 0.00307117
0 0.188511 0.800993 0.377022 0.398013 0.00306768
0 0.612704 0.0908889 0.289969 0.181778 0.0030647
0 0.628653 0.498454 0.250519 0.125278 0.00306437
0 0.380457 0.121911 0.309064 0.198942 0.00306393
0 0.776522 0.793687 0.170007 0.122219 0.905466
0 0.451677 0.49813 0.112174 0.0825195 0.0225895
0 0.997319 0.117479 0.00536193 0.234957 0.0130057
0 0.163803 0.247601 0.152593 0.221114 0.012569
0 0.994318 0.896149 0.011365 0.207703 0.0112301
0 0.161775 0.495408 0.160559 0.25867 0.0111159
0 0.451412 0.907351 0.419396 0.185297 0.0100598
0 0.443482 0.527446 0.125994 0.141441 0.00828853
0 0.368217 0.907202 0.374052 0.185596 0.00636644
0 0.124502 0.397098 0.249005 0.643483 0.00606466
0 0.127573 0.549876 0.255147 0.64976 0.0057931
0 0.534941 0.904801 0.409114 0.190397 0.00578574
0 0.13335 0.683542 0.2667 0.632915 0.00539322
0 0.407412 0.889998 0.439757 0.220004 0.00538154
0 0.427815 0.561296 0.165107 0.213194 0.00521865
0 0.224349 0.837658 0.343622 0.304473 0.0052165
0 0.175805 0.924079 0.258299 0.151841 0.00511743
0 0.125898 0.758546 0.251796 0.482908 0.00492296
0 0.160895 0.977425 0.276965 0.0451502 0.00485991
0 0.998087 0.160074 0.00382609 0.320147 0.00478306
0 0.127694 0.979473 0.255389 0.0410532 0.00463122
0 0.872451 0.185278 0.255097 0.370557 0.00457542
0 0.106728 0.276492 0.213455 0.552984 0.00457171
0 0.935221 0.206709 0.129558 0.413417 0.00456906
0 0.496014 0.887712 0.432368 0.224576 0.00447322
0 0.852228 0.596954 0.295544 0.269037 0.00447125
0 0.0964131 0.979525 0.192826 0.0409494 0.00441445
0 0.84086 0.315799 0.31828 0.4755 0.00439458
0 0.805875 0.926495 0.24424 0.14701 0.00436014
0 0.851025 0.41401 0.29795 0.468575 0.00424719
0 0.0352848 0.977084 0.0705697 0.0458321 0.00419319
0 0.823729 0.227244 0.352543 0.454489 0.00418778
0 0.275573 0.977748 0.297429 0.0445034 0.00415244
0 0.435743 0.494949 0.166454 0.113319 0.00412308
0 0.407406 0.97825 0.307297 0.0434996 0.0041122
0 0.712043 0.781844 0.330719 0.201806 0.0041077
0 0.700895 0.978967 0.296953 0.0420666 0.00408452
0 0.797422 0.354386 0.405156 0.562542 0.00406354
0 0.0613032 0.85347 0.122606 0.29306 0.00406204
0 0.703421 0.829168 0.362409 0.341664 0.00405598
0 0.757128 0.934436 0.247843 0.131129 0.00404084
0 0.343978 0.977859 0.297069 0.0442812 0.00402621
0 0.771345 0.978229 0.290567 0.0435415 0.00400699
0 0.475586 0.97844 0.303853 0.0431191 0.00400594
0 0.82903 0.977247 0.288363 0.0455055 0.00399641
0 0.195491 0.526065 0.290379 0.35663 0.0039833
0 0.547638 0.978465 0.295153 0.0430704 0.00394798
0 0.983662 0.417511 0.0326767 0.395278 0.00394441
0 0.621368 0.978728 0.289831 0.042543 0.00391307
0 0.30344 0.908436 0.371199 0.183127 0.00390602
0 0.975004 0.142474 0.049992 0.284948 0.00388665
0 0.982199 0.317227 0.0356026 0.395155 0.00386268
0 0.847079 0.501627 0.305842 0.479375 0.00383977
0 0.867016 0.977705 0.265968 0.0445892 0.00380639
0 0.049616 0.108178 0.099232 0.216356 0.00376552
0 0.186568 0.553789 0.373135 0.437016 0.00376509
0 0.977519 0.560654 0.0449627 0.392476 0.003755
0 0.976871 0.0794931 0.0462584 0.158986 0.00372723
0 0.915758 0.978317 0.168483 0.0433657 0.00371217
0 0.992187 0.97227 0.0156263 0.0554609 0.00371009
0 0.292576 0.920966 0.271069 0.158067 0.00370681
0 0.994859 0.593804 0.0102819 0.294741 0.0036815
0 0.421508 0.514754 0.18406 0.118379 0.00366055
0 0.178695 0.506145 0.35739 0.425572 0.00365814
0 0.270327 0.464522 0.540654 0.454714 0.00364442
0 0.971725 0.863522 0.0565505 0.272955 0.00362116
0 0.978283 0.653549 0.0434345 0.379095 0.00362078
0 0.768066 0.841605 0.275409 0.316789 0.00361436
0 0.220429 0.877407 0.382812 0.245186 0.00359804
0 0.979777 0.805229 0.0404451 0.389542 0.00359148
0 0.666936 0.933307 0.249401 0.133385 0.00355636
0 0.799517 0.686085 0.400966 0.419299 0.00354583
0 0.33967 0.614009 0.472308 0.354383 0.00353638
0 0.4176 0.459585 0.835199 0.554782 0.00353311
0 0.751838 0.786355 0.255566 0.161731 0.00351747
0 0.819084 0.832768 0.340587 0.334465 0.00349651
0 0.0341683 0.886209 0.0683367 0.227582 0.00348963
0 0.420834 0.611502 0.451857 0.370791 0.00348939
0 0.204534 0.794242 0.409068 0.411515 0.00347921
0 0.609616 0.543132 0.309163 0.263715 0.00346489
0 0.203743 0.612409 0.407486 0.423296 0.00345408
0 0.765131 0.512591 0.469738 0.452095 0.00344645
0 0.665635 0.565773 0.37468 0.360548 0.00344557
0 0.130638 0.907659 0.261277 0.184683 0.00344411
0 0.992967 0.208685 0.0140656 0.348409 0.00343256
0 0.997414 0.39066 0.00517201 0.283473 0.00342451
0 0.803612 0.449646 0.392775 0.502387 0.00342049
0 0.0539669 0.620183 0.107934 0.640883 0.00342003
0 0.281452 0.803703 0.477237 0.392595 0.0034108
0 0.866463 0.557169 0.267073 0.435894 0.00340622
0 0.260632 0.46024 0.521265 0.483454 0.00339952
0 0.0530034 0.469169 0.106007 0.633436 0.00339647
0 0.818029 0.792227 0.335648 0.264194 0.00335384
0 0.350771 0.917282 0.285677 0.165435 0.00333234
0 0.652243 0.805433 0.560133 0.389134 0.00333165
0 0.278053 0.705529 0.474291 0.383279 0.00331038
0 0.223988 0.209302 0.447976 0.418604 0.00329718
0 0.827622 0.558223 0.344755 0.416079 0.00329462
0 0.204375 0.895862 0.280388 0.208277 0.00329331
0 0.055304 0.724086 0.110608 0.551829 0.00328442
0 0.824183 0.727329 0.351634 0.333989 0.00327624
0 0.875419 0.791973 0.249162 0.416053 0.00327548
0 0.328361 0.523495 0.557992 0.362605 0.0032727
0 0.276701 0.86796 0.333561 0.264081 0.00326993
0 0.576827 0.833388 0.531669 0.333224 0.00326971
0 0.776987 0.684102 0.446026 0.366371 0.00326275
0 0.272817 0.851517 0.447338 0.296967 0.00326216
0 0.0972461 0.92192 0.194492 0.156159 0.00325705
0 0.232606 0.588989 0.346697 0.335025 0.00325026
0 0.966398 0.978075 0.0672036 0.0438498 0.00323658
0 0.366022 0.371504 0.732043 0.558405 0.00322847
0 0.866678 0.702614 0.266645 0.417465 0.00319639
0 0.0398711 0.200558 0.0797423 0.401116 0.00317847
0 0.192415 0.834427 0.384829 0.331145 0.00317633
0 0.0510244 0.782914 0.102049 0.434172 0.00315568
0 0.767076 0.599418 0.465848 0.444467 0.00315511
0 0.567057 0.924826 0.27656 0.150348 0.00314172
0 0.739677 0.553018 0.520646 0.42172 0.00313617
0 0.206405 0.781523 0.412809 0.436953 0.00313336
0 0.686922 0.609247 0.475055 0.411128 0.00313192
0 0.216873 0.595842 0.433746 0.470662 0.0031132
0 0.429779 0.249603 0.859559 0.499206 0.00310283
0 0.996806 0.268203 0.00638878 0.293181 0.00308242
0 0.772756 0.740686 0.221251 0.220579 0.00307326
0 0.415156 0.842132 0.445505 0.315735 0.00307222
0 0.531362 0.78094 0.720744 0.43812 0.00306905
0 0.206674 0.804029 0.413348 0.391943 0.00305752
0 0.420579 0.699635 0.4633 0.397925 0.00304709
0 0.15601 0.566594 0.163592 0.297347 0.00304592
0 0.608125 0.674151 0.729769 0.44498 0.00304569
0 0.189124 0.171511 0.378247 0.343022 0.00304315
0 0.248166 0.534221 0.375162 0.336267 0.00304019
0 0 0.976211 0 0.0475776 0.00303959
0 0.832272 0.785103 0.335455 0.429793 0.00302718
0 0.537931 0.59287 0.509844 0.380846 0.00301374
0 0.514766 0.563681 0.375677 0.340989 0.00301336
0 0.848459 0.649303 0.303081 0.433887 0.00300081
0 0.00459261 0.0808507 0.00918522 0.161701 0.00297974
0 0.495247 0.565195 0.377706 0.249681 0.00297618
0 0.0603795 0.14715 0.120759 0.2943 0.00296971
0 0.348968 0.850901 0.325731 0.298199 0.00296703
0 0.22323 0.706584 0.446461 0.425661 0.00295742
0 0.482088 0.910788 0.301486 0.178425 0.00295691
0 0.914476 0.0938058 0.171048 0.187612 0.00291402
0 0.836687 0.107354 0.326626 0.214708 0.00290397
0 0.873828 0.924259 0.252345 0.151483 0.00289434
0 0.811659 0.908511 0.376683 0.182978 0.00288216
0 0.00335451 0.895545 0.00670902 0.208911 0.00287613
0 0.619522 0.902503 0.465979 0.194993 0.0028563
0 0.0285134 0.11592 0.0570268 0.231841 0.00283748
0 0.233839 0.298501 0.467677 0.514627 0.00282213
0 0.182662 0.759423 0.365324 0.475437 0.00282154
0 0.471212 0.647017 0.578742 0.416043 0.00281839
0 0.215669 0.698471 0.431337 0.474631 0.00281242
0 0.40808 0.811033 0.537231 0.377935 0.00279582
0 0.23242 0.75145 0.46484 0.497099 0.00277208
0 0.619251 0.120482 0.584314 0.240964 0.00276271
0 0.510735 0.418569 0.962872 0.529761 0.00274513
0 0.796001 0.11345 0.407997 0.226901 0.00274462
0 0.139245 0.829349 0.278491 0.341303 0.00272938
0 0.85814 0.480366 0.258768 0.182588 0.00268487
0 0.174675 0.669472 0.233199 0.311358 0.00268429
0 0.230432 0.657825 0.460864 0.519167 0.00267935
0 0.627708 0.509405 0.285559 0.239712 0.00267469
0 0.855588 0.846194 0.288824 0.307612 0.00266541
0 0.194246 0.663473 0.388493 0.495703 0.00265662
0 0.226067 0.557844 0.452134 0.503973 0.00264258
0 0.511011 0.2213 0.961029 0.4426 0.00263193
0 0.65424 0.724024 0.490517 0.368542 0.00262836
0 0.599197 0.783103 0.60396 0.344838 0.00262537
0 0.0391739 0.807988 0.0783478 0.329831 0.00261938
0 0.238322 0.404287 0.476643 0.533222 0.0025874
0 0.150168 0.273068 0.179657 0.255595 0.00256903
0 0.994546 0.667377 0.010908 0.298192 0.00253658
0 0.721717 0.266846 0.556566 0.533693 0.00252919
0 0.698929 0.640896 0.602142 0.470577 0.00252864
0 0.997319 0.441414 0.00536284 0.288248 0.00252685
0 0.0284851 0.839969 0.0569702 0.320063 0.00252043
0 0.58079 0.882922 0.505906 0.234156 0.00251497
0 0.621927 0.243175 0.756145 0.48635 0.00251433
0 0.892127 0.844721 0.215746 0.310558 0.00251036
0 0.725565 0.406417 0.54887 0.544157 0.0025038
0 0.587909 0.191995 0.824182 0.38399 0.00248585
0 0.282897 0.895031 0.417557 0.209938 0.00248007
0 0.824241 0.865948 0.351519 0.268103 0.00247982
0 0.73204 0.906935 0.478673 0.186131 0.00247049
0 0.893735 0.477747 0.181714 0.163793 0.00245864
0 0.42942 0.321628 0.85884 0.546476 0.00245816
0 0.341371 0.242169 0.682743 0.484337 0.00245795
0 0.101877 0.89268 0.203754 0.214639 0.00245238
0 0.240815 0.242441 0.481629 0.484882 0.00244479
0 0.20439 0.693554 0.297367 0.316096 0.002443
0 0.482439 0.120851 0.602134 0.241701 0.0024413
0 0.736246 0.17852 0.527508 0.357041 0.00243693
0 0.583127 0.469499 0.570154 0.458248 0.00242655
0 0.514687 0.268686 0.957906 0.537371 0.00240586
0 0.719524 0.626866 0.355713 0.259517 0.00240265
0 0.140423 0.350023 0.280846 0.313507 0.00237745
0 0.24031 0.34142 0.48062 0.528912 0.0023679
0 0.89761 0.128183 0.20478 0.256367 0.00236432
0 0.0730318 0.922747 0.146064 0.154505 0.00236375
0 0.805992 0.158121 0.388016 0.316243 0.00235396
0 0.176069 0.523988 0.352138 0.466439 0.00235331
0 0.428779 0.196129 0.857558 0.392258 0.00230542
0 0.841571 0.82406 0.316858 0.35188 0.00228491
0 0.335974 0.121416 0.633791 0.242833 0.0022829
0 0.586716 0.319707 0.826567 0.534547 0.00225327
0 0.228939 0.922025 0.32496 0.15595 0.00222482
0 0.841805 0.161366 0.313481 0.197753 0.00217567
0 0.428387 0.494295 0.188217 0.152523 0.00216302
0 0.124698 0.404096 0.249396 0.312966 0.00215458
0 0.793405 0.169735 0.41319 0.221304 0.00215439
0 0.14322 0.11152 0.286441 0.22304 0.00215241
0 0.14796 0.0992908 0.295919 0.198582 0.00214723
0 0.104081 0.107789 0.208162 0.215578 0.0021435
0 1 0.0132814 0 0.0265628 0.00213872
0 0.229438 0.766874 0.346252 0.317988 0.00211667
0 0.177798 0.895126 0.355596 0.209749 0.00210365
0 0.993798 0.793431 0.012403 0.299632 0.00207841
0 0.0372554 0.751205 0.0745108 0.313571 0.0020674
0 0.507938 0.162243 0.877546 0.324486 0.002065
0 0.872466 0.629727 0.255067 0.383871 0.00206363
0 0.121823 0.458829 0.243645 0.304988 0.00205732
0 0.151387 0.618534 0.182419 0.304642 0.00205038
0 0.231618 0.115706 0.463237 0.231412 0.00202814
0 0.881964 0.638466 0.236072 0.340663 0.00202737
0 0.577089 0.762587 0.332326 0.26125 0.0020214
0 0.874706 0.497981 0.250587 0.384969 0.00201695
0 0.795741 0.615133 0.408517 0.289936 0.00200751
0 0.691145 0.460676 0.617711 0.510272 0.00200267
0 0.117099 0.490281 0.234198 0.400521 0.00199842
0 0.697036 0.590886 0.493116 0.290006 0.00197024
0 0.820766 0.882566 0.358468 0.234869 0.00196589
0 0.41952 0.538347 0.193583 0.180635 0.00194693
0 0.661528 0.365764 0.676943 0.539601 0.00191855
0 0.27327 0.338385 0.546541 0.413797 0.00191284
0 0.996901 0.493378 0.00619782 0.28833 0.00190526
0 0.815629 0.848741 0.368742 0.273023 0.00188277
0 0.680015 0.156406 0.63997 0.312811 0.00188243
0 0 0.927732 0 0.144535 0.00187221
0 0.22457 0.425697 0.449139 0.550596 0.00185569
0 0.868225 0.462029 0.236551 0.133934 0.00185027
0 0.881447 0.345473 0.237106 0.332843 0.00183161
0 0.858583 0.133502 0.282835 0.267003 0.00181959
0 0.860412 0.896359 0.279176 0.207283 0.0018049
0 0.689028 0.465704 0.543631 0.454261 0.00180415
0 0.0378212 0.130936 0.0756425 0.261873 0.00179975
0 0.362835 0.657844 0.263671 0.243255 0.00179846
0 0.597335 0.612465 0.415509 0.298895 0.00178498
0 0.142365 0.14088 0.284729 0.28176 0.0017849
0 0.0987255 0.692205 0.197451 0.401159 0.00176883
0 0.124764 0.588978 0.249528 0.407979 0.00175446
0 0.922907 0.294982 0.154187 0.331281 0.00173658
0 0.296261 0.191105 0.592523 0.382209 0.00173351
0 0.753242 0.193079 0.493516 0.313784 0.00173128
0 0.0394893 0.698347 0.0789786 0.309168 0.00172409
0 0.86178 0.554145 0.27644 0.336402 0.00172047
0 0.895948 0.396163 0.208103 0.335876 0.00171911
0 0.156517 0.550576 0.228592 0.380632 0.00170392
0 0.855278 0.726336 0.289444 0.406798 0.0017015
0 1 0.939994 0 0.120012 0.00169242
0 0.139076 0.293846 0.278153 0.315633 0.00168114
0 0.409615 0.194316 0.638166 0.268644 0.00164781
0 0.0870896 0.158059 0.174179 0.302073 0.00164409
0 0.867223 0.563091 0.265554 0.366145 0.00164408
0 0.334995 0.16187 0.409849 0.23712 0.00164121
0 0.943054 0.269337 0.113892 0.326992 0.0016365
0 0.699814 0.892303 0.587097 0.215395 0.00162391
0 1 0.970443 0 0.0591144 0.00162161
0 0.159847 0.145123 0.319695 0.290245 0.00160844
0 0.968446 0.223861 0.0631083 0.288883 0.00160599
0 0 0.958415 0 0.0831704 0.00160257
0 0.159464 0.632026 0.318929 0.334624 0.00160204
0 0.523924 0.750421 0.468197 0.310317 0.00160076
0 0.143315 0.114946 0.28663 0.229893 0.00159275
0 0.876972 0.402682 0.220138 0.206554 0.00159161
0 0.831975 0.172357 0.33605 0.344714 0.0015904
0 1 0.62012 0 0.214153 0.00158609
0 0.660995 0.681045 0.433733 0.274448 0.00158549
0 0.0802253 0.770563 0.160451 0.396503 0.0015702
0 1 0.715052 0 0.212213 0.00156632
0 1 0.667877 0 0.216836 0.00156421
0 0 0.00207773 0 0.00415545 0.0015611
0 0.581866 0.793609 0.390067 0.283388 0.00155958
0 0.120338 0.37366 0.240675 0.279049 0.00155951
0 0.87556 0.771641 0.248879 0.344797 0.00154158
0 1 0.570854 0 0.20566 0.00153811
0 0.487829 0.856919 0.485961 0.286162 0.00153422
0 0.0429379 0.644241 0.0858759 0.302922 0.00153111
0 1 0.859527 0 0.218579 0.00152896
0 1 0.764471 0 0.212946 0.00151681
0 1 0.813526 0 0.215959 0.00151541
0 0.0612136 0.333836 0.122427 0.29897 0.00150797
0 0.320216 0.212328 0.627675 0.353138 0.00150475
0 0.00428463 0.00395187 0.00856925 0.00790375 0.0014921
0 0.552233 0.341783 0.396773 0.196767 0.00148593
0 0.0944469 0.869166 0.188894 0.261668 0.00148475
0 0.1333 0.343759 0.240207 0.336471 0.00148472
0 0.888544 0.15517 0.222912 0.31034 0.00148242
0 1 0.0279791 0 0.0559581 0.00148035
0 0.777005 0.791139 0.168873 0.12621 0.818777
0 0.998173 0.10007 0.00365425 0.200141 0.112802
0 0.998999 0.0375912 0.00200185 0.0751824 0.0117825
0 0.455456 0.499933 0.0981406 0.0885057 0.0111794
0 0.99718 0.896131 0.00563933 0.207739 0.00646383
0 1 0.0683387 0 0.136677 0.00487548
0 1 0.1321 0 0.2642 0.00473279
0 0.995322 0.30269 0.00935541 0.364905 0.00462902
0 0.992954 0.402073 0.0140911 0.366276 0.00460009
0 1 0.192453 0 0.360635 0.00446995
0 0.00903631 0.0725063 0.0180726 0.145013 0.00437534
0 0.860615 0.857936 0.278771 0.284128 0.00412153
0 0.981513 0.505079 0.0369732 0.395764 0.0041158
0 0.815532 0.868118 0.305643 0.263763 0.00409291
0 0.946457 0.876427 0.107087 0.247146 0.00408044
0 0.718805 0.77386 0.354593 0.160744 0.00404944
0 0.955951 0.652861 0.0880984 0.411139 0.00393478
0 0.892216 0.25346 0.215569 0.405586 0.00392655
0 0.828507 0.75909 0.279505 0.220009 0.00391581
0 0.984868 0.798494 0.0302644 0.399207 0.00388767
0 0.859042 0.497098 0.281916 0.450706 0.00385251
0 0.852689 0.792214 0.294622 0.329593 0.0038435
0 0.666154 0.970732 0.310129 0.0585369 0.00382923
0 0.662543 0.67523 0.674915 0.398859 0.00379991
0 0.596499 0.971528 0.32713 0.0569445 0.00375857
0 0.746266 0.971361 0.29767 0.0572788 0.00375369
0 0.837533 0.684378 0.324934 0.48877 0.00374827
0 0.946496 0.198309 0.107008 0.387552 0.00374804
0 0.849757 0.945891 0.263536 0.108218 0.00372471
0 0.87664 0.35349 0.246719 0.417966 0.00371294
0 0.778186 0.773635 0.208868 0.163008 0.0037053
0 0.842367 0.597321 0.315266 0.445051 0.00366006
0 0.985008 0.865836 0.0299846 0.268328 0.00365025
0 0.640478 0.824924 0.513338 0.350151 0.00364379
0 0.952665 0.752275 0.0946702 0.423978 0.00364252
0 0.722876 0.652586 0.554248 0.576782 0.00357179
0 0.992762 0.970949 0.0144758 0.0581025 0.00354757
0 0.20485 0.827396 0.4097 0.345208 0.00352089
0 0.849196 0.972108 0.267413 0.0557831 0.0034867
0 0.524471 0.972971 0.327341 0.0540587 0.00348563
0 0.823878 0.805491 0.271636 0.150631 0.00348537
0 0.60301 0.790891 0.724192 0.418218 0.00346444
0 0.812934 0.96888 0.272567 0.0622407 0.00345862
0 0.744938 0.84278 0.278554 0.31444 0.00344881
0 0.671377 0.716113 0.462838 0.337349 0.00337518
0 0.997383 0.168969 0.00523409 0.296923 0.00333334
0 0.833262 0.183611 0.333476 0.367222 0.00332563
0 0.811721 0.24572 0.376559 0.491439 0.00331674
0 0.255224 0.77921 0.510447 0.44158 0.00330668
0 0.997067 0.817539 0.00586553 0.336071 0.00328938
0 0.902512 0.870382 0.194975 0.259236 0.0032499
0 0.239428 0.00267266 0.279153 0.00534531 0.00324397
0 0.692437 0.805838 0.615126 0.388324 0.00324152
0 0.805074 0.936217 0.283463 0.127565 0.00323658
0 0.167802 0.948471 0.249587 0.103059 0.00323367
0 0.619579 0.6797 0.760842 0.473863 0.00321552
0 0.997616 0.36487 0.00476729 0.328739 0.0032036
0 0.954183 0.106349 0.0916342 0.212698 0.00319574
0 0.91738 0.974622 0.165239 0.0507558 0.00318739
0 0.00585608 0.975778 0.0117122 0.0484446 0.00318525
0 0.801996 0.341174 0.396007 0.511478 0.00315731
0 0.997724 0.463266 0.00455144 0.329949 0.00315043
0 0.850254 0.0896791 0.299492 0.179358 0.00314694
0 0.970544 0.975521 0.0589116 0.0489573 0.00309419
0 0.457004 0.974001 0.332018 0.0519982 0.00307102
0 0.791465 0.135549 0.41707 0.271099 0.00305678
0 0.997406 0.243948 0.0051872 0.295966 0.00304651
0 0.949704 0.938468 0.100592 0.123064 0.00303552
0 0.211581 0.952487 0.270203 0.0950253 0.00302515
0 0.916702 0.147284 0.166596 0.294567 0.00300502
0 0.7279 0.91829 0.357485 0.16342 0.00300052
0 0.997149 0.565448 0.00570207 0.344804 0.00299066
0 0.9965 0.714067 0.00699992 0.339989 0.00293869
0 0.183703 0.669419 0.228396 0.276899 0.00290977
0 0.178651 0.781105 0.219793 0.262663 0.00290086
0 0.78858 0.442389 0.422839 0.519239 0.00289174
0 0.790162 0.734776 0.229405 0.241257 0.00286183
0 0.656239 0.881052 0.439782 0.237896 0.00285773
0 0.563351 0.761866 0.873297 0.476268 0.00285527
0 0.805085 0.545525 0.389829 0.486175 0.00284832
0 0.766517 0.821798 0.448567 0.356405 0.00280793
0 0.0218187 0.870725 0.0436373 0.25855 0.00278278
0 0.242185 0.705907 0.484371 0.48682 0.00278029
0 0.800188 0.100046 0.399624 0.200093 0.00277965
0 0.381082 0.97348 0.307601 0.0530394 0.00276213
0 0.130504 0.400511 0.261009 0.603365 0.00274716
0 0.0403401 0.0934592 0.0806802 0.186918 0.00274589
0 0.181592 0.920518 0.263023 0.158964 0.00273537
0 0.597709 0.867915 0.535894 0.26417 0.0027067
0 0.997663 0.769045 0.00467325 0.296001 0.00270417
0 0.134903 0.505778 0.269805 0.605782 0.00270186
0 0.115658 0.965994 0.231317 0.0680111 0.00268217
0 0.125069 0.0832661 0.250139 0.166532 0.00266631
0 0.944653 0.0748895 0.110694 0.149779 0.00266624
0 0.205214 0.23953 0.410428 0.479061 0.00266281
0 0.299166 0.969062 0.274176 0.0618757 0.00264076
0 0.997441 0.644125 0.00511831 0.296965 0.00260569
0 0.181851 0.7326 0.363702 0.5348 0.00260079
0 0.7495 0.173887 0.500999 0.347774 0.00259786
0 0.140721 0.608545 0.281442 0.615989 0.00259547
0 0.154274 0.188716 0.308547 0.377431 0.00258136
0 0.134313 0.931675 0.268626 0.136649 0.00257614
0 0.296273 0.942221 0.270999 0.115557 0.0025717
0 0.425076 0.273315 0.850151 0.54663 0.00255359
0 0.737731 0.230767 0.524538 0.461533 0.00255085
0 0 0.00852383 0 0.0170477 0.00254694
0 0.180446 0.719657 0.224444 0.276846 0.00254387
0 0.0473972 0.316419 0.0947943 0.573713 0.00252069
0 0.0410526 0.811831 0.0821052 0.376339 0.00251447
0 0.359962 0.250247 0.719925 0.500493 0.00250775
0 0.279192 0.282643 0.558384 0.565286 0.00250308
0 0.603129 0.311991 0.793742 0.539215 0.0024741
0 0.0315027 0.971936 0.0630055 0.056128 0.00245996
0 0.749982 0.10432 0.490151 0.20864 0.00242126
0 0.049503 0.468811 0.099006 0.582522 0.00242004
0 0.143744 0.117473 0.287488 0.234946 0.0024195
0 0.278761 0.378846 0.557522 0.55496 0.00240914
0 0.269814 0.61788 0.539628 0.522727 0.00240432
0 0.630679 0.655143 0.738641 0.569404 0.00240266
0 0.417398 0.222793 0.834795 0.445587 0.0023953
0 0.052336 0.70601 0.104672 0.58798 0.00239339
0 0.607602 0.233731 0.784797 0.467463 0.00238038
0 0.273589 0.80291 0.518602 0.394179 0.00237254
0 0.0338092 0.213696 0.0676184 0.427393 0.00236514
0 0.229636 0.341153 0.459272 0.498261 0.00236034
0 0.174862 0.00207375 0.322815 0.0041475 0.00233762
0 0.151292 0.795356 0.302584 0.409287 0.00233519
0 0.484897 0.870098 0.546584 0.259804 0.00232344
0 0.399666 0.89846 0.387083 0.20308 0.00232287
0 0.0507185 0.754415 0.101437 0.491171 0.00231986
0 0.407633 0.107487 0.469176 0.214974 0.00231266
0 0.185545 0.795725 0.371089 0.408549 0.00230024
0 0.526485 0.366342 0.94703 0.56392 0.00229867
0 0.543503 0.105733 0.474571 0.211466 0.00229731
0 0.301977 0.750457 0.603954 0.499086 0.00229127
0 0.407362 0.816185 0.782353 0.367631 0.00228823
0 0.214377 0.0150862 0.338172 0.0301724 0.00228291
0 0.257873 0.478393 0.515745 0.527976 0.0022673
0 0.263958 0.887489 0.394934 0.225022 0.00225082
0 0.677283 0.259659 0.645434 0.519077 0.00222517
0 0.84273 0.848494 0.299686 0.181514 0.00221932
0 0.622678 0.804795 0.548561 0.339801 0.00221335
0 0.694443 0.15103 0.611113 0.30206 0.00220847
0 0.510315 0.185496 0.895041 0.370992 0.0021868
0 0.446058 0.457974 0.838162 0.516181 0.00217995
0 0.58874 0.438325 0.822519 0.445617 0.00217772
0 0.228261 0.440511 0.456522 0.491393 0.00217103
0 0.567481 0.803096 0.865038 0.393809 0.0021687
0 0.255904 0.105811 0.440112 0.211621 0.00216709
0 0.206777 0.857117 0.289269 0.237148 0.0021497
0 0.324527 0.659926 0.649054 0.550352 0.00212938
0 0.164077 0.863315 0.328155 0.27337 0.00212495
0 0.158018 0.965476 0.256038 0.0690484 0.00211481
0 0.240639 0.217901 0.481279 0.435802 0.00210683
0 0.660807 0.41608 0.678387 0.506622 0.00209523
0 0.710487 0.553664 0.579026 0.512401 0.00208826
0 0.0234133 0.110915 0.0468265 0.22183 0.00208236
0 0.677405 0.210883 0.645189 0.421765 0.00207021
0 0.369086 0.158225 0.738172 0.316449 0.00204719
0 0.353579 0.460016 0.707157 0.569014 0.00204447
0 0.324592 0.18453 0.649184 0.369061 0.00203374
0 0.177006 0.714395 0.354012 0.432745 0.00203288
0 0.0806713 0.0856479 0.161343 0.171296 0.0020278
0 0.708754 0.363045 0.582492 0.532591 0.00202759
0 0 0.912329 0 0.175342 0.00200618
0 0.0137503 0.904926 0.0275007 0.190148 0.00200616
0 0.191335 0.0975134 0.382671 0.195027 0.00199918
0 0.068757 0.182381 0.137514 0.364763 0.00199736
0 0.209548 0.577615 0.419095 0.468647 0.00199455
0 0.377587 0.713534 0.725266 0.529162 0.0019795
0 0.0904109 0.140805 0.180822 0.28161 0.00196041
0 0.413575 0.612152 0.827151 0.553327 0.00195733
0 0.335972 0.566165 0.671944 0.54782 0.00195211
0 0.0917703 0.257358 0.183541 0.514716 0.00194675
0 0.390833 0.364169 0.781667 0.546767 0.00192737
0 0.1813 0.149147 0.362601 0.298294 0.00191011
0 0.625043 0.152486 0.749915 0.304971 0.0019085
0 0.0107243 0.0146335 0.0214486 0.029267 0.00190506
0 0.00028787 0.884941 0.000575741 0.230117 0.00188064
0 0.184139 0.174496 0.368278 0.348992 0.00187963
0 0.841532 0.21879 0.295225 0.190537 0.00185201
0 0.20759 0.538931 0.41518 0.45715 0.00184164
0 0.212585 0.776297 0.425171 0.447406 0.00183276
0 0.503496 0.703859 0.915208 0.560369 0.00181643
0 0.192157 0.622878 0.241872 0.277732 0.00180698
0 0.223873 0.417668 0.386917 0.313003 0.0018031
0 0.133822 0.00130829 0.267643 0.00261657 0.00176512
0 0.390814 0.516954 0.781628 0.50934 0.00174222
0 0.169606 0.0294907 0.339212 0.0589815 0.00171127
0 0.181135 0.518644 0.206753 0.248504 0.00169814
0 0.211797 0.6916 0.423594 0.458892 0.00169218
0 0.576824 0.375293 0.250778 0.135586 0.00168702
0 0.109881 0.830707 0.219761 0.338585 0.00168211
0 0.564653 0.60905 0.870693 0.525564 0.00167482
0 0.0594507 0.686166 0.118901 0.265346 0.00167398
0 0.284551 0.0018397 0.253649 0.0036794 0.00166338
0 0.0675176 0.95913 0.135035 0.0817397 0.00160173
0 0.717444 0.581554 0.559773 0.238685 0.00152513
0 0.841257 0.585768 0.30045 0.154545 0.0015093
0 0.0518153 0.638387 0.103631 0.268073 0.001509
0 0.165448 0.223019 0.160372 0.116036 0.00150588
0 0.0304539 0.925116 0.0609077 0.149769 0.00150401
0 0.473442 0.551175 0.585476 0.357154 0.00148077
0 0.573357 0.543718 0.619956 0.377539 0.00147826
0 0.844323 0.16707 0.282428 0.120681 0.00146293
0 0.625507 0.000841229 0.277804 0.00168246 0.0014594
0 0.855313 0.511878 0.270413 0.226576 0.00144616
0 0.784875 0.0637733 0.356659 0.127547 0.00143697
0 0.861425 0.560388 0.249658 0.139883 0.00142562
0 0.487591 0.547331 0.168796 0.186701 0.00141266
0 0.992656 0.901329 0.0146877 0.197342 0.00140986
0 0.0831508 0.999649 0.166302 0.000701904 0.00140843
0 0.701484 0.512937 0.597031 0.48829 0.00140221
0 0.0648534 0.733592 0.129707 0.262717 0.0013936
0 0.00354169 0.112131 0.00708339 0.224262 0.00139079
0 0.881493 0.217035 0.207737 0.190621 0.00139055
0 0.827284 0.279911 0.324305 0.162832 0.00136738
0 0.249374 0.224861 0.398943 0.178856 0.00136719
0 0 0.955472 0 0.0890553 0.00136089
0 0.163111 0.333486 0.166059 0.0708084 0.00135175
0 0 0.0249685 0 0.0499369 0.00134294
0 0.551716 0.802012 0.451454 0.254203 0.00133346
0 0.66626 0.595774 0.51656 0.298275 0.00133283
0 0.701499 0.500542 0.332155 0.205141 0.00133283
0 0.994325 0.560904 0.0113501 0.156373 0.00133033
0 0.0435219 0.519895 0.0870438 0.257269 0.00132585
0 0.819261 0.350325 0.333974 0.116451 0.00132092
0 0.861271 0.649041 0.262944 0.274263 0.00131474
0 0.883969 0.525974 0.198186 0.204474 0.00131095
0 0.855079 0.838462 0.289843 0.323076 0.00130488
0 0.170691 0.298818 0.178368 0.140645 0.00130259
0 0.497027 0.374114 0.239868 0.130136 0.00130179
0 0.806597 0.605329 0.386806 0.195695 0.00130091
0 0.545078 0.569201 0.273896 0.155736 0.00129124
0 1 0.0293687 0 0.0587375 0.00129106
0 0.109201 0.890827 0.218401 0.218346 0.00128763
0 0.235228 0.365471 0.386764 0.147286 0.00128672
0 0.997557 0.0103566 0.00488543 0.0207131 0.00128671
0 0.381629 0.546898 0.294456 0.203377 0.00127619
0 0.558244 0.00121708 0.286421 0.00243416 0.00127294
0 0.169194 0.898954 0.282164 0.202093 0.00127111
0 0.691539 0.670793 0.445793 0.199927 0.00126991
0 0.724104 0.220223 0.307394 0.154678 0.00126956
0 0.072436 0.814983 0.144872 0.28009 0.00126935
0 0.584264 0.757335 0.315821 0.246167 0.00126069
0 0.994675 0.588444 0.0106492 0.170645 0.00125888
0 0.560823 0.740336 0.422113 0.285075 0.00125332
0 0.691845 0.834561 0.411768 0.246849 0.00125042
0 0.995323 0.210302 0.00935462 0.19754 0.0012478
0 0.0679615 0.78088 0.135923 0.261756 0.00124705
0 0.564772 0.845415 0.532891 0.30917 0.00124157
0 0.679379 0.103273 0.283048 0.100886 0.00123583
0 0.878127 0.853142 0.234554 0.280379 0.00123446
0 0.188237 0.569478 0.2297 0.288173 0.00123331
0 0.145979 0.0952764 0.291958 0.190185 0.00123274
0 0.1573 0.258323 0.156263 0.0638106 0.00122305
0 0.827981 0.188451 0.320275 0.124073 0.00122177
0 0.528839 0.486282 0.25584 0.13294 0.00121837
0 0.399377 0.373213 0.27084 0.162773 0.00121512
0 0.86411 0.328153 0.238116 0.158695 0.00120071
0 0.198202 0.471281 0.242624 0.203976 0.00119835
0 0.781631 0.146346 0.238097 0.158897 0.00119447
0 0.898563 0.1736 0.175933 0.10459 0.00119348
0 0.552306 0.677599 0.459666 0.266516 0.00119172
0 0.85199 0.681288 0.296019 0.301583 0.00118924
0 0.969924 0.811092 0.0601518 0.306156 0.00118588
0 0.693302 0.000498489 0.27445 0.000996977 0.0011854
0 0.887959 0.000390676 0.224082 0.000781351 0.00118301
0 0.412497 0.78278 0.355524 0.257348 0.00117389
0 0.751977 0.67053 0.287949 0.170316 0.00117124
0 0.41416 0.831428 0.370696 0.281714 0.00116555
0 0.861856 0.896089 0.265223 0.207823 0.00116473
0 0.560879 0.626985 0.494337 0.266651 0.0011634
0 0.157698 0.69401 0.172323 0.248304 0.00116282
0 0.652872 0.390685 0.338673 0.186407 0.00116185
0 0.224472 0.318541 0.346755 0.135534 0.00116036
0 0.597141 0.496006 0.189222 0.14463 0.0011556
0 0.770435 0.448332 0.260839 0.1109 0.00115365
0 0.460509 0.455674 0.18889 0.176292 0.00114703
0 0.819894 0.806607 0.180777 0.103017 0.00114551
0 0.994002 0.365066 0.0119951 0.162813 0.00114513
0 0.045501 0.566399 0.0910021 0.267982 0.0011441
0 0.426639 0.497378 0.163546 0.097105 0.0011435
0 0 0.914885 0 0.17023 0.00114297
0 0.38061 0.847448 0.2889 0.248254 0.00114042
0 0.924979 0.173863 0.124346 0.104466 0.00113943
0 0 0.921514 0 0.156973 0.00113377
0 0.838755 0.406724 0.300355 0.217445 0.00113156
0 0.615584 0.372178 0.20652 0.140535 0.00113059
0 0.0609675 0.0979211 0.121935 0.195842 0.00112934
0 0.846183 0.718884 0.307635 0.312342 0.00112489
0 0.457825 0.00103137 0.289409 0.00206273 0.00112378
0 0.507707 0.0295592 0.37547 0.0591183 0.00111972
0 0.279196 0.0106945 0.336935 0.021389 0.00111336
0 0.785211 0.672079 0.182324 0.166656 0.00111328
0 0.585271 0.11426 0.288965 0.118684 0.0011108
0 0.923107 0.339116 0.121458 0.129275 0.00111056
0 0.809329 0.298532 0.352366 0.225267 0.00111034
0 0.600833 0.523742 0.289804 0.235059 0.00110096
0 0.201495 0.308982 0.242966 0.124023 0.00107058
0 0.775913 0.793739 0.1692 0.119777 0.951391
0 0.180576 0.884159 0.231689 0.18227 0.019213
0 0.173405 0.917679 0.217788 0.11806 0.0189302
0 1 0.895684 0 0.208633 0.0115604
0 0.0086369 0.911715 0.0172738 0.17657 0.00442823
0 0.159682 0.901772 0.187194 0.148111 0.00427391
0 0.193046 0.958956 0.213161 0.0820883 0.00360161
0 0.984238 0.810404 0.031524 0.331623 0.00355371
0 0.113609 0.447789 0.227218 0.582827 0.00346127
0 0.983464 0.875993 0.0330716 0.248015 0.00342104
0 0.117422 0.554812 0.234844 0.589628 0.00339445
0 0.256846 0.605175 0.513693 0.382293 0.00328953
0 0.979384 0.757285 0.041232 0.336358 0.00326809
0 0.120414 0.659424 0.240828 0.600162 0.00324244
0 0.34805 0.319048 0.29105 0.289275 0.00321703
0 0.941456 0.408436 0.117088 0.375272 0.00321105
0 0.490823 0.0921741 0.316058 0.184348 0.00316243
0 1 0.509189 0 0.268528 0.00312125
0 0.418346 0.965237 0.236313 0.0695264 0.00310162
0 0.141433 0.25769 0.282865 0.26647 0.00308981
0 0.260861 0.315204 0.226385 0.157976 0.00308046
0 0.341272 0.963686 0.215156 0.0726287 0.00305714
0 1 0.559208 0 0.271137 0.00303754
0 1 0.463733 0 0.289162 0.00302554
0 0.293315 0.755545 0.586631 0.381108 0.00302103
0 0.500045 0.937401 0.255948 0.125197 0.00301365
0 0.368299 0.107991 0.294672 0.215982 0.00299488
0 0.290979 0.830044 0.581958 0.339913 0.0029643
0 0.143287 0.316391 0.286574 0.228514 0.00296396
0 1 0.608083 0 0.281446 0.00296374
0 0.954195 0.470311 0.0916096 0.275053 0.00295256
0 0.420306 0.197147 0.523372 0.394293 0.00295217
0 0.785775 0.515777 0.428451 0.360122 0.00291704
0 0.105221 0.074553 0.210442 0.149106 0.0028931
0 0.999548 0.412207 0.000904525 0.346475 0.00284145
0 0.107706 0.342057 0.215411 0.571185 0.00282283
0 0.290521 0.37587 0.231387 0.168157 0.00282058
0 0.857396 0.36581 0.196358 0.123661 0.00281651
0 0.301119 0.1681 0.197747 0.216439 0.00281135
0 0.388348 0.376696 0.280054 0.17327 0.00279945
0 0.887462 0.345415 0.225077 0.519181 0.00279527
0 1 0.657041 0 0.289917 0.00277751
0 0.953915 0.885564 0.0921691 0.228872 0.00277002
0 0.193885 0.306324 0.229278 0.163763 0.00276753
0 0.29592 0.214501 0.258978 0.279056 0.00273996
0 0.886815 0.486196 0.226369 0.285348 0.00273812
0 0.0686272 0.0789137 0.137254 0.157827 0.00273581
0 0.966011 0.355799 0.0679785 0.416258 0.00268438
0 0.20108 0.942066 0.280926 0.0683422 0.00267309
0 0.139759 0.215703 0.279517 0.431406 0.00266775
0 0.727984 0.349708 0.544031 0.53385 0.00266759
0 0.200471 0.907226 0.278325 0.141357 0.00265488
0 0.167162 0.703277 0.334324 0.593445 0.00263704
0 0.998843 0.707396 0.00231357 0.311042 0.00262738
0 0.680404 0.604261 0.621002 0.375424 0.00262171
0 0.51875 0.968133 0.249642 0.0637337 0.0026156
0 0.134074 0.0756478 0.268148 0.151296 0.00261176
0 0.293602 0.656048 0.587204 0.380445 0.0026047
0 0.329604 0.255504 0.352783 0.348746 0.00260421
0 0.0458952 0.792307 0.0917904 0.415385 0.0025983
0 0.0510515 0.736427 0.102103 0.527146 0.00257812
0 0.11315 0.13202 0.226299 0.264041 0.00257664
0 0.505646 0.522588 0.543957 0.349486 0.00257528
0 0.99243 0.975068 0.0151392 0.0498648 0.002562
0 0.503241 0.238337 0.790601 0.476674 0.00255489
0 0.584081 0.343363 0.829311 0.509716 0.0025496
0 0.166635 0.775025 0.33327 0.449949 0.00254166
0 0.725604 0.655042 0.548792 0.377178 0.00253543
0 0.192014 0.708683 0.384028 0.384492 0.00249974
0 0.259979 0.706535 0.519957 0.381208 0.00249845
0 0.184135 0.262773 0.368271 0.506145 0.00249074
0 0.938907 0.101429 0.122185 0.202858 0.00248705
0 0.833502 0.337384 0.302068 0.179309 0.00248631
0 0.759239 0.145114 0.481522 0.290229 0.00247058
0 0.935286 0.763145 0.129428 0.261992 0.00245931
0 0.349932 0.470985 0.385479 0.233042 0.00245766
0 0.938622 0.55494 0.122757 0.320327 0.00245292
0 0.0472453 0.616973 0.0944905 0.568247 0.00245124
0 0 0.975402 0 0.0491953 0.00244198
0 0.252368 0.802155 0.504736 0.377833 0.00242749
0 0.949393 0.605806 0.101213 0.324294 0.0024272
0 0.416588 0.0704205 0.225358 0.140841 0.00242301
0 0.477361 0.6045 0.604816 0.375554 0.0024227
0 0.948053 0.811852 0.103894 0.228188 0.00242197
0 0.241331 0.960857 0.216835 0.0782862 0.00240465
0 0.010463 0.973741 0.020926 0.0525172 0.00240063
0 0.549317 0.171996 0.660155 0.343992 0.00239759
0 0.196399 0.0763711 0.25289 0.152742 0.00239174
0 0.597406 0.968005 0.259267 0.063991 0.00238689
0 0.166891 0.67903 0.333781 0.46095 0.00238593
0 0.0413966 0.415468 0.0827932 0.531347 0.00238499
0 0.044267 0.514482 0.088534 0.552268 0.00238082
0 0.129476 0.770356 0.258953 0.459288 0.00237178
0 0.683054 0.967776 0.274984 0.0644485 0.00236148
0 0.163118 0.83701 0.326236 0.32598 0.00236101
0 0.593597 0.140284 0.561328 0.280568 0.00235618
0 0.175081 0.408673 0.285704 0.231232 0.002356
0 0.881256 0.431312 0.237489 0.306471 0.00235114
0 0.0620906 0.903794 0.124181 0.173053 0.00234904
0 0.0971101 0.817583 0.19422 0.364834 0.00234465
0 0.227654 0.385427 0.234003 0.207851 0.00234292
0 0.073496 0.108127 0.146992 0.216253 0.00234028
0 0.68329 0.155952 0.63342 0.311905 0.00233883
0 0.231266 0.276683 0.261937 0.170678 0.00233443
0 0.520659 0.484138 0.421874 0.223558 0.00232781
0 0.144253 0.127861 0.288506 0.255723 0.00232449
0 0.765956 0.179435 0.468088 0.358871 0.00232251
0 0 0.910609 0 0.178782 0.00231448
0 0.630992 0.730172 0.491396 0.335668 0.00231146
0 0.452835 0.348846 0.455646 0.340229 0.00230742
0 0.0344081 0.321652 0.0688162 0.488701 0.00230459
0 0.862758 0.832612 0.228667 0.122667 0.00229373
0 0.860526 0.493715 0.278948 0.307926 0.00229361
0 0.912114 0.25775 0.175773 0.462294 0.00229338
0 0.843568 0.268411 0.312864 0.536822 0.00225782
0 0.77488 0.967025 0.28794 0.0659492 0.00225718
0 0.611283 0.904363 0.394713 0.191273 0.0022544
0 0.177938 0.274051 0.242076 0.197835 0.00225055
0 0.87822 0.112646 0.24356 0.225292 0.00224598
0 0.811562 0.696857 0.376876 0.353633 0.00224579
0 0.535661 0.836647 0.586748 0.326705 0.00224357
0 1 0.0723322 0 0.144664 0.00223252
0 0.162235 0.426756 0.32447 0.336548 0.00222752
0 0.1537 0.398648 0.307401 0.278022 0.00221532
0 0.747897 0.675079 0.314102 0.1667 0.0022149
0 0.273453 0.0749302 0.226379 0.14986 0.00221137
0 0.971009 0.976128 0.0579824 0.0477436 0.00221034
0 0.165282 0.568758 0.330563 0.432489 0.00220259
0 0.00442408 0.867105 0.00884817 0.265791 0.00219833
0 0.237949 0.22708 0.259804 0.202459 0.00219822
0 0.773597 0.730979 0.265885 0.257708 0.00218147
0 0.896698 0.654511 0.206603 0.30306 0.00217831
0 0.687193 0.803818 0.378959 0.225257 0.00216205
0 0.88053 0.965762 0.238939 0.0684769 0.00215624
0 0.789729 0.654868 0.420542 0.365554 0.00214805
0 0.922532 0.151449 0.154936 0.302899 0.00213782
0 0.447011 0.479316 0.383374 0.218636 0.00213584
0 0.414746 0.925888 0.274029 0.148225 0.00213201
0 0.12328 0.828681 0.246561 0.342638 0.00212254
0 0.921625 0.714638 0.15675 0.272137 0.00212241
0 0.618776 0.93953 0.272224 0.12094 0.00211072
0 0.873468 0.205233 0.253064 0.410465 0.00209492
0 0.56346 0.502322 0.454876 0.292833 0.00208686
0 0.207048 0.373051 0.414096 0.46304 0.00208663
0 0.694873 0.513986 0.586133 0.365746 0.00208372
0 0.0917788 0.200887 0.183558 0.401775 0.00208367
0 0.879641 0.766271 0.240717 0.2293 0.00208133
0 0.0795837 0.150557 0.159167 0.301114 0.00208073
0 0 0.0671403 0 0.134281 0.00207312
0 0.327015 0.955541 0.360462 0.0889172 0.0020683
0 0.154766 0.823699 0.309531 0.352603 0.00206676
0 0.912519 0.873216 0.174961 0.192885 0.00206406
0 0.678911 0.191794 0.642178 0.383589 0.00206284
0 0.639357 0.695299 0.615838 0.356245 0.00205401
0 0.345709 0.804865 0.602274 0.375419 0.00205259
0 0.998966 0.0869597 0.00206865 0.173919 0.00205211
0 0.168124 0.463178 0.336249 0.364859 0.00204376
0 0.124581 0.910495 0.132715 0.132568 0.00203726
0 0.941453 0.180803 0.117094 0.361607 0.0020265
0 0.113729 0.177175 0.227457 0.354349 0.0020208
0 0.847295 0.65612 0.305409 0.347089 0.00201464
0 0.858016 0.703982 0.283969 0.309682 0.00200882
0 0.0617103 0.969233 0.123421 0.0615333 0.00200483
0 0.734276 0.241821 0.531449 0.483642 0.00199038
0 0.719688 0.798209 0.307725 0.167605 0.00197907
0 0.837905 0.751627 0.324189 0.246032 0.00197718
0 0.986522 0.131212 0.0269568 0.262425 0.00197693
0 0.137996 0.95045 0.153261 0.0496433 0.0019738
0 0.269298 0.446744 0.460448 0.294733 0.00195971
0 0.981216 0.925058 0.0375686 0.149885 0.00195261
0 0.790223 0.472161 0.419554 0.270421 0.00195236
0 0.285232 0.119688 0.217126 0.239376 0.00195165
0 1 0.92174 0 0.156519 0.00193844
0 0.694589 0.106373 0.468248 0.212746 0.00193753
0 0.553878 0.655135 0.602053 0.371564 0.00193197
0 0.940046 0.940521 0.119907 0.118958 0.00193165
0 0.626943 0.102235 0.423291 0.204469 0.00193066
0 0.355774 0.368772 0.207062 0.120643 0.00192691
0 0.344914 0.705625 0.601148 0.379988 0.00192337
0 0.836925 0.562158 0.32615 0.342745 0.00192184
0 0.322552 0.0970049 0.154998 0.173939 0.00191875
0 0.844818 0.209412 0.281973 0.152889 0.00191751
0 0.926602 0.91062 0.146795 0.17876 0.00191707
0 0.14904 0.476768 0.29808 0.415673 0.00191563
0 0.132892 0.958808 0.265784 0.0823841 0.00187221
0 0.138442 0.848908 0.276884 0.282907 0.0018653
0 0.58381 0.802291 0.54016 0.350123 0.00186265
0 0.849645 0.873983 0.25981 0.192358 0.00186134
0 0.723253 0.556025 0.553494 0.37101 0.00185654
0 0.0171668 0.0790992 0.0343335 0.158198 0.0018528
0 0.122388 0.588161 0.244777 0.437629 0.00184694
0 0.730633 0.898524 0.28927 0.202953 0.00184317
0 0.783447 0.684496 0.193769 0.141421 0.0018392
0 0.342844 0.604405 0.600939 0.377815 0.00183581
0 0.479459 0.861607 0.40971 0.276786 0.00183419
0 0.897181 0.817885 0.205638 0.17681 0.00182696
0 0.904282 0.0789889 0.191435 0.157978 0.00178809
0 0.631437 0.246662 0.737126 0.493325 0.0017867
0 0.225648 0.473467 0.451297 0.351364 0.00178511
0 0.421415 0.374999 0.214825 0.137072 0.00177992
0 0.128427 0.696146 0.256855 0.455955 0.00177502
0 0.186793 0.812802 0.25054 0.243139 0.00177171
0 0.164959 0.211584 0.156194 0.136025 0.00176889
0 0.554566 0.0893881 0.338189 0.178776 0.00176824
0 0.930172 0.967573 0.139655 0.0648548 0.00176339
0 0.852726 0.0876244 0.294547 0.175249 0.00176262
0 0.832312 0.676544 0.335376 0.185145 0.00175821
0 0.682927 0.666412 0.419313 0.197157 0.00175317
0 0.329302 0.0742455 0.22453 0.148491 0.00174707
0 0.502442 0.756274 0.586904 0.364391 0.00173391
0 0.804594 0.0971649 0.390812 0.19433 0.00172584
0 0 0.105648 0 0.14753 0.00171833
0 0.128429 0.782951 0.256858 0.434097 0.00171129
0 0.120429 0.923934 0.119343 0.0996939 0.00170072
0 0.155451 0.297711 0.145913 0.142534 0.00169558
0 0.84561 0.81716 0.30878 0.164927 0.00169318
0 0.732133 0.855799 0.268777 0.279976 0.00168779
0 0.147169 0.881948 0.160729 0.191475 0.00168607
0 0.616049 0.557072 0.596309 0.368924 0.00168247
0 0.234924 0.952013 0.292185 0.0491007 0.0016806
0 0.91971 0.919003 0.127581 0.124274 0.00167507
0 0.0101004 0.220802 0.0202008 0.373405 0.00167434
0 0.639629 0.313318 0.720742 0.552914 0.00165992
0 0.880863 0.942897 0.238273 0.114205 0.00165823
0 0.710797 0.937401 0.283586 0.125198 0.00165469
0 0.607874 0.189911 0.784252 0.379823 0.00165132
0 0.23041 0.165313 0.227009 0.255384 0.00165129
0 0.87807 0.602602 0.243859 0.34925 0.00164497
0 0.766487 0.79936 0.23794 0.155733 0.00163794
0 0.956487 0.0729876 0.0870257 0.145975 0.00163139
0 0.780175 0.86157 0.207509 0.241103 0.00162922
0 0.398053 0.854503 0.568638 0.290993 0.00162115
0 0.477215 0.0753981 0.277994 0.150796 0.00161594
0 0.41323 0.656094 0.600544 0.373617 0.00159334
0 0.137439 0.960841 0.274879 0.0783188 0.00158872
0 0.733299 0.444615 0.533402 0.329844 0.00156586
0 0.24597 0.846815 0.491939 0.30637 0.00156431
0 0.198579 0.766064 0.260382 0.234502 0.00156242
0 0.897097 0.922686 0.169134 0.113683 0.0015615
0 0 0.943641 0 0.112718 0.00154263
0 0 0.164822 0 0.227475 0.00153289
0 0.839589 0.908729 0.275291 0.182543 0.00151975
0 0.337887 0.232429 0.164712 0.176838 0.00151282
0 0.0424465 0.875592 0.084893 0.212702 0.00149373
0 0.406597 0.50007 0.436803 0.296516 0.00148269
0 0.785463 0.939478 0.287517 0.121045 0.00147836
0 0.368033 0.0721489 0.211876 0.144298 0.00147797
0 0.156395 0.169539 0.312791 0.287993 0.00145453
0 0.993985 0.183338 0.0120302 0.123401 0.0014532
0 0.0782148 0.933908 0.15643 0.132184 0.00145144
0 0.294831 0.517319 0.574608 0.361225 0.00143602
0 0.994153 0.21131 0.0116936 0.167177 0.00143251
0 0.216801 0.811971 0.426147 0.24326 0.001429
0 0.212591 0.755053 0.425183 0.378808 0.00140821
0 0.640698 0.457463 0.505716 0.294373 0.00140495
0 1 0.741704 0 0.290974 0.00140438
0 0.875586 0.915804 0.248828 0.168391 0.00140024
0 0.206272 0.954949 0.138455 0.0322926 0.00139388
0 0.418158 0.560207 0.576614 0.35907 0.00139181
0 0.44943 0.380329 0.166273 0.126432 0.00138193
0 0.32059 0.253638 0.132936 0.129586 0.00135759
0 0.851211 0.599156 0.297578 0.220049 0.00135628
0 0.217942 0.655239 0.435885 0.381961 0.0013496
0 0 0.895548 0 0.208904 0.00132686
0 0.77723 0.863663 0.445539 0.183593 0.00132657
0 0.857858 0.807764 0.0780196 0.109588 0.00129135
0 0.585156 0.73722 0.437348 0.214884 0.00127691
0 0 0.922642 0 0.154716 0.00127006
0 0.594965 0.770849 0.455485 0.208332 0.00125105
0 0.258823 0.945176 0.244807 0.066803 0.00123533
0 0.613195 0.68419 0.456479 0.197389 0.00123084
0 0.231074 0.76811 0.445791 0.238347 0.00122086
0 0.87882 0 0.112537 0 0.00121494
0 1 0.668694 0 0.290098 0.00121244
0 0.362171 0.215171 0.227286 0.148 0.00120495
0 0.201038 0.728097 0.252649 0.225209 0.00120359
0 0.120917 0.952516 0.114609 0.047403 0.00119897
0 0.317789 0.890233 0.178059 0.162843 0.00119108
0 0.324104 0.271078 0.140142 0.0942199 0.00119011
0 0.509208 0.385632 0.179816 0.115573 0.00117198
0 0.828157 0.726722 0.343685 0.228166 0.00117028
0 0.619278 0.372364 0.209792 0.134652 0.00116661
0 0.0448569 0.326751 0.0897138 0.214232 0.00116414
0 0.847561 0 0.115842 0 0.00115394
0 0.989875 0.921367 0.0202501 0.140122 0.00115116
0 0.858104 0.931136 0.245731 0.110048 0.00114015
0 0.466012 0.270864 0.206139 0.117319 0.00113618
0 0.659622 0.367992 0.303371 0.130437 0.00113557
0 0.813088 0.364585 0.325119 0.126373 0.0011295
0 0.271196 0 0.115814 0 0.00112826
0 0.217853 0.557085 0.435706 0.378637 0.0011252
0 0.166748 0.753394 0.185724 0.204365 0.00112155
0 0.111813 0.885836 0.157746 0.182959 0.00110712
0 0.112954 0.163077 0.225907 0.223565 0.00109686
0 0.0438241 0.508631 0.0876482 0.216526 0.00109288
0 0.2058 0.512465 0.266149 0.244689 0.00109267
0 0.785227 0 0.12593 0 0.00109098
0 0.891465 0.0896651 0.217071 0.144247 0.00107529
0 0.68646 0.902925 0.521133 0.166711 0.00106764
0 0.0738989 0.160977 0.147798 0.204608 0.001066
0 0.77657 0.791239 0.168824 0.121827 0.67139
0 0.525309 0.544958 0.0819244 0.0785555 0.0165769
0 0.833783 0.07803 0.0266945 0.0555471 0.013107
0 0.796074 0.800918 0.128142 0.101994 0.0120676
0 0.459293 0.489716 0.084411 0.0700021 0.0111718
0 0.556722 0.539827 0.132349 0.0978794 0.00887524
0 1 0.945887 0 0.108227 0.00710541
0 0.834388 0.0782024 0.0228282 0.043776 0.00652704
0 1 0.968199 0 0.0636021 0.00539856
0 0.00974146 0.898814 0.0194829 0.202373 0.00539115
0 0.279767 0.00334835 0.107241 0.0066967 0.00500832
0 0.270046 0.00731027 0.126617 0.0146205 0.00494103
0 0.996828 0.100598 0.00634346 0.201195 0.00391607
0 0.752944 0.80135 0.118487 0.10298 0.00383539
0 1 0.95152 0 0.0969591 0.00358727
0 0.853136 0.0777212 0.0639777 0.0466524 0.00342046
0 0.25741 0.026869 0.130462 0.053738 0.00305554
0 1 0.94731 0 0.10538 0.00303963
0 0.815331 0.707317 0.113412 0.0865849 0.00284811
0 1 0.957199 0 0.0856024 0.00277864
0 0.468082 0.481819 0.0701084 0.0566524 0.00257666
0 0.76089 0.0840384 0.0949642 0.0579882 0.0025672
0 0 0.0716914 0 0.143383 0.00255211
0 0 0.0176492 0 0.0352984 0.0025148
0 0.996658 0.905963 0.00668479 0.188074 0.00250442
0 0.869082 0.0845524 0.0961777 0.0580594 0.00247793
0 0.820269 0.722502 0.102752 0.0655071 0.00246672
0 0 0.971998 0 0.0560049 0.00245683
0 0.249005 0.967847 0.254414 0.0643063 0.00239764
0 0.321817 0.968415 0.266104 0.0631708 0.0023859
0 0.276252 0.000198197 0.127668 0.000396395 0.00237834
0 0.408003 0 0.112049 0 0.00233996
0 0.819754 0.0814418 0.051034 0.044512 0.00228479
0 0.851791 0.795362 0.0184986 0.0890015 0.00228226
0 0.500828 0.553613 0.0708866 0.0666639 0.00223447
0 0.618623 0.965681 0.306729 0.0686388 0.00218532
0 0.686342 0.96553 0.306324 0.06894 0.00218441
0 0.755039 0.965615 0.305142 0.0687693 0.00216167
0 1 0.203525 0 0.205481 0.00215607
0 0.879416 0.0751413 0.0587964 0.0466413 0.00215154
0 0.0733378 0 0.115424 0 0.00214672
0 0.551529 0.965824 0.307251 0.0683516 0.00213857
0 0.825326 0.96582 0.305988 0.0683592 0.00213726
0 0.40888 0.967423 0.295849 0.0651543 0.00212757
0 0.751503 0.0759343 0.0633499 0.0414615 0.0021001
0 0.0346734 0.455474 0.0693468 0.24873 0.00209896
0 1 0.256034 0 0.194409 0.00209721
0 0.0341431 0.504928 0.0682862 0.248676 0.00208182
0 0.0345399 0.406454 0.0690799 0.245422 0.00207947
0 0.825092 0 0.107184 0 0.00207417
0 1 0.150242 0 0.193438 0.00207192
0 0.0338005 0.356971 0.067601 0.239908 0.00205256
0 0.484016 0.966156 0.305105 0.067687 0.0020514
0 1 0.304162 0 0.19236 0.00204828
0 0.0332209 0.554848 0.0664418 0.244383 0.00204141
0 1 0.0966456 0 0.188605 0.00203988
0 0.874249 0.966652 0.251502 0.0666956 0.00201592
0 0.035568 0.307248 0.0711361 0.235609 0.00201471
0 0.0318261 0.605278 0.0636521 0.238184 0.00200019
0 1 0.704077 0 0.19138 0.00199699
0 1 0.754227 0 0.193124 0.00199495
0 1 0.353758 0 0.19084 0.00199162
0 0 0.311767 0 0.156252 0.00198206
0 1 0.654369 0 0.191051 0.00198159
0 0.0421484 0.100407 0.0842968 0.182633 0.00197457
0 1 0.403788 0 0.189662 0.00197096
0 1 0.80514 0 0.187291 0.00196834
0 0 0.361452 0 0.157173 0.00196698
0 0.543313 0.546701 0.112771 0.0846092 0.00196695
0 0 0.411526 0 0.15826 0.00196665
0 1 0.60415 0 0.191014 0.00196443
0 0 0.210187 0 0.156106 0.00195198
0 0 0.461802 0 0.159054 0.00195018
0 0.0307241 0.655704 0.0614481 0.230518 0.00194901
0 1 0.553807 0 0.190658 0.0019487
0 0.936802 0.999474 0.126396 0.00105267 0.00194724
0 1 0.503887 0 0.189658 0.00194518
0 0.0382344 0.206265 0.0764687 0.243613 0.00194459
0 0 0.512027 0 0.159744 0.00194353
0 0.0906047 0.317472 0.181209 0.207446 0.00194321
0 0.0911998 0.417365 0.1824 0.210971 0.00193895
0 1 0.454091 0 0.188746 0.00193885
0 0.0394685 0.257467 0.078937 0.241286 0.00193693
0 0 0.562363 0 0.159543 0.00193115
0 0 0.612453 0 0.159038 0.00192956
0 0 0.157702 0 0.158233 0.00192855
0 0 0.662291 0 0.15841 0.00192612
0 0 0.26278 0 0.154736 0.00192441
0 0.856866 0 0.101732 0 0.00192311
0 0.0900315 0.367117 0.180063 0.210337 0.0019218
0 0 0.10692 0 0.157932 0.00191456
0 0.092464 0.268299 0.184928 0.208365 0.00191405
0 0 0.712766 0 0.158733 0.00190288
0 0 0.0640682 0 0.128136 0.00190004
0 0.0910668 0.467232 0.182134 0.211788 0.0018973
0 0.0356657 0.155819 0.0713314 0.201246 0.00189541
0 0.0297783 0.707154 0.0595566 0.226577 0.00189143
0 0.0265406 0.758424 0.0530813 0.224756 0.00189111
0 0.091648 0.216189 0.183296 0.211581 0.00188675
0 0.0339346 0.814728 0.0678691 0.198904 0.00186878
0 1 0.0693926 0 0.138785 0.00186282
0 0 0.762017 0 0.158749 0.00185069
0 0.0905497 0.517514 0.181099 0.209935 0.00184732
0 0.0289888 0.928046 0.0579776 0.143908 0.00183768
0 0.0492095 0.0695969 0.0984189 0.139194 0.00183054
0 0 0.812881 0 0.152613 0.00181285
0 0.482456 0.999986 0.122812 2.85149e-05 0.00180707
0 0.089837 0.567532 0.179674 0.207178 0.00180468
0 0.0299655 0.973999 0.059931 0.0520018 0.00179511
0 0.0901721 0.107837 0.180344 0.186637 0.00179429
0 0.791155 0 0.106717 0 0.00178607
0 0 0.889177 0 0.200103 0.00178501
0 0.0885214 0.163201 0.177043 0.191418 0.00178211
0 0.775735 0.0859614 0.07789 0.0576214 0.00177343
0 0.0893134 0.617536 0.178627 0.204163 0.00177027
0 0.336659 0.647131 0.0786513 0.0685286 0.00176386
0 0.517486 0.999966 0.118746 6.84738e-05 0.00176339
0 0.655089 0.999532 0.119808 0.000936317 0.00176282
0 0.690089 0.999485 0.119849 0.00102921 0.00175394
0 1 0.861436 0 0.196533 0.00174706
0 0.0889606 0.667309 0.177921 0.201352 0.00174325
0 0.411735 0.999557 0.141744 0.000886631 0.00174118
0 0.38008 0 0.124088 0 0.00174001
0 0.0884066 0.717397 0.176813 0.201253 0.00173963
0 0.993958 0.972474 0.0120844 0.0550516 0.00173617
0 0.448778 0.99998 0.12733 4.02451e-05 0.00172918
0 0.724988 0.999467 0.120112 0.00106688 0.00172798
0 0.0857748 0.768868 0.17155 0.203798 0.00172513
0 0.620887 0.999659 0.119816 0.000681782 0.00172304
0 0.294782 0.000224763 0.0849953 0.000449526 0.00171355
0 0.237889 0.0263762 0.187132 0.0527523 0.00171197
0 0.160953 0.268523 0.127464 0.0808249 0.00169746
0 0.75922 0.999418 0.120064 0.00116386 0.00169282
0 0.160123 0.967054 0.264559 0.065893 0.00168158
0 0.0418389 0.908236 0.0836779 0.183528 0.00167612
0 0.89858 0.999198 0.132372 0.0016036 0.00167197
0 0.753906 0.0838725 0.0583259 0.0561897 0.00167083
0 0.319704 0.0683933 0.248838 0.136787 0.00166065
0 0.879023 0.364524 0.241955 0.181906 0.00163482
0 0.792922 0.999347 0.120991 0.00130672 0.00163393
0 0.0872141 0.068907 0.174428 0.137814 0.0016301
0 0.988137 0.00743452 0.0237254 0.014869 0.00162626
0 0.878558 0.31527 0.242884 0.182744 0.00162462
0 0.877449 0.412858 0.245101 0.18346 0.00162237
0 0.619938 0 0.102266 0 0.00161906
0 0.0915139 0.82011 0.183028 0.192386 0.00161852
0 0.975658 0.213106 0.0486833 0.184264 0.00161561
0 0.966777 0.263475 0.0664461 0.184172 0.00161534
0 0.587882 0.999838 0.119406 0.000323486 0.00161379
0 0.758675 0 0.106161 0 0.00161145
0 0.553222 0.999954 0.11823 9.21249e-05 0.00160956
0 0.999044 0.560403 0.00191121 0.182684 0.00160407
0 0.164516 0.915555 0.275738 0.16889 0.00160405
0 1 0.510541 0 0.180455 0.00159792
0 0.99598 0.761278 0.00804027 0.188164 0.00158884
0 0.886009 0.215145 0.227981 0.17865 0.00158862
0 0.761916 0.798057 0.276524 0.169083 0.00158724
0 0.997645 0.711006 0.00470992 0.184911 0.00158253
0 0.882221 0.264558 0.235559 0.183041 0.00157948
0 0.118838 0.915754 0.237677 0.168491 0.00157347
0 0.82648 0.999269 0.123493 0.00146179 0.00157267
0 0.99871 0.610838 0.00257972 0.183659 0.00156976
0 0.385721 0.0678156 0.241714 0.135631 0.00156893
0 0.792453 0.755583 0.228553 0.182824 0.00156065
0 0.839783 0.411511 0.290605 0.18466 0.0015578
0 0.998283 0.661043 0.00343382 0.18508 0.00155639
0 0.927659 0.966656 0.144683 0.0666872 0.0015535
0 0.250914 0.0114674 0.162475 0.0229348 0.00155204
0 0.861106 0.999137 0.127739 0.00172596 0.00155194
0 0.961538 0.312542 0.0769237 0.186004 0.00155139
0 0.197946 0.0765064 0.267749 0.153013 0.00155109
0 0.982823 0.161311 0.0343532 0.182465 0.00155036
0 0.161611 0.932944 0.269058 0.134112 0.00154949
0 0.442101 0 0.111708 0 0.00154669
0 0.924121 0.264402 0.151758 0.181264 0.00154575
0 0.121882 0.110485 0.243763 0.181786 0.0015448
0 0.589119 0 0.103046 0 0.00154308
0 0.566589 0.314083 0.288023 0.185386 0.00153813
0 0.8365 0.314954 0.285192 0.180738 0.00153799
0 1 0.460908 0 0.178494 0.00153761
0 0.209192 0.935398 0.271317 0.129204 0.00153703
0 0.177329 0.109652 0.284717 0.186843 0.00153623
0 1 0.811717 0 0.17721 0.00153545
0 1 0.263368 0 0.175572 0.00153533
0 0.951183 0.109608 0.0976335 0.176919 0.0015321
0 0.119043 0.0683986 0.238086 0.136797 0.0015297
0 0.902516 0.110936 0.194969 0.1778 0.00152789
0 0.120201 0.316521 0.240401 0.183831 0.00152556
0 0.117895 0.21575 0.23579 0.186558 0.00152552
0 0.116636 0.163196 0.233272 0.180293 0.00152472
0 0.199402 0.0318849 0.259189 0.0637699 0.00152277
0 0.889695 0.164336 0.22061 0.182294 0.00152168
0 0.109286 0.969781 0.218572 0.0604383 0.00152128
0 0.837405 0.363906 0.285757 0.183936 0.00152072
0 0.360812 0.214005 0.283981 0.1815 0.00151043
0 0.953096 0.0738377 0.0938089 0.147675 0.00150876
0 0.700599 0.932541 0.296201 0.134917 0.00150874
0 1 0.311085 0 0.17693 0.00150855
0 0.674261 0.540757 0.120623 0.0984283 0.00150842
0 0.255829 0.0668622 0.250647 0.133724 0.00150586
0 0.497004 0.3141 0.284878 0.184363 0.00150526
0 0.706369 0.314489 0.287031 0.183105 0.00150447
0 0.928207 0.2148 0.143586 0.179218 0.00150324
0 0.154313 0.16328 0.287966 0.184192 0.00149958
0 0.225793 0.263898 0.292746 0.183066 0.00149913
0 0.959053 0.362618 0.0818946 0.184832 0.0014982
0 0.495657 0.213729 0.288817 0.183598 0.00149786
0 0.635616 0.21386 0.288889 0.183629 0.00149785
0 0.428351 0.213467 0.289079 0.183255 0.00149653
0 0.225028 0.915696 0.277266 0.165943 0.00149549
0 0.758801 0.857277 0.269731 0.235681 0.00149534
0 0.920656 0.314142 0.158688 0.182359 0.00149512
0 0.11674 0.93296 0.233481 0.134081 0.00149455
0 0.766585 0.315121 0.284853 0.182098 0.00149325
0 0.875432 0.463943 0.249136 0.187818 0.00149181
0 1 0.410713 0 0.177332 0.00149163
0 0.386587 0.109189 0.269754 0.181647 0.00149137
0 0.120017 0.267052 0.240035 0.184533 0.00148904
0 0.119934 0.365734 0.239869 0.185327 0.00148849
0 0.831987 0.462986 0.296202 0.187657 0.00148816
0 0.654227 0.110387 0.28263 0.181676 0.00148602
0 0.638651 0.314007 0.290342 0.186386 0.00148562
0 0.792342 0.863615 0.2216 0.214333 0.00148508
0 0.934525 0.163709 0.130949 0.180353 0.00148487
0 0.568443 0.413699 0.287642 0.184659 0.00148454
0 0.628635 0.9338 0.29309 0.1324 0.00148379
0 0.839469 0.263584 0.279352 0.181341 0.00148336
0 0.841752 0.214286 0.282552 0.179088 0.00148296
0 0.0853287 0.881611 0.170657 0.210377 0.00148293
0 0.513818 0.110217 0.278418 0.180748 0.00148234
0 1 0.360776 0 0.176657 0.00148229
0 0.769043 0.363783 0.285312 0.184686 0.00148096
0 0.853052 0.0787439 0.104251 0.0474696 0.00148079
0 0.7079 0.213969 0.287398 0.180647 0.00148058
0 0.224183 0.164177 0.293199 0.185807 0.00148057
0 0.249266 0.921426 0.133936 0.0841484 0.00148025
0 0.920617 0.363748 0.158766 0.180618 0.00147986
0 0.361362 0.263403 0.287804 0.182265 0.00147958
0 0.120787 0.415742 0.241574 0.183602 0.00147862
0 0.553491 0.934173 0.28653 0.131653 0.00147639
0 0.774673 0.412725 0.284247 0.182513 0.00147594
0 0.567901 0.264243 0.290891 0.181075 0.00147435
0 0.639694 0.413462 0.29114 0.184625 0.00147292
0 0.893062 0.581326 0.166259 0.0978788 0.00147282
0 0.761143 0.934393 0.289577 0.131213 0.00147248
0 0.964566 0.873211 0.0708673 0.206272 0.00147192
0 0.481542 0.934811 0.283461 0.130378 0.0014708
0 0.429469 0.263605 0.289304 0.182074 0.00147027
0 0.729041 0.110295 0.279528 0.181873 0.00146972
0 0.361664 0.163863 0.287372 0.184756 0.0014695
0 0.813615 0.720532 0.303987 0.193727 0.0014695
0 0.564982 0.213856 0.286697 0.183661 0.00146932
0 0.15182 0.214522 0.285689 0.184345 0.00146868
0 0.918255 0.413438 0.163489 0.183249 0.00146816
0 0.705554 0.363717 0.285686 0.183219 0.00146799
0 0.446809 0.109792 0.276723 0.181689 0.00146754
0 0.956872 0.412576 0.0862562 0.186753 0.00146696
0 0.498468 0.263966 0.2894 0.181896 0.00146695
0 0.226768 0.314355 0.291138 0.182074 0.00146503
0 0.154156 0.315109 0.292634 0.183252 0.00146291
0 0.251196 0.108416 0.282988 0.190076 0.00146126
0 0.568199 0.364921 0.288705 0.18305 0.0014598
0 0.636406 0.613114 0.284507 0.194554 0.00145964
0 0.222759 0.563823 0.283343 0.17992 0.00145882
0 0.709328 0.263701 0.286574 0.179397 0.00145861
0 0.363914 0.412023 0.281054 0.180799 0.00145699
0 0.222833 0.214654 0.288061 0.181502 0.00145698
0 0.956205 0.463059 0.0875896 0.189122 0.00145637
0 0.865575 0.111558 0.26885 0.178595 0.00145608
0 0.42808 0.314269 0.28613 0.183344 0.00145584
0 0.951897 0.76269 0.0962056 0.201495 0.00145463
0 0.430745 0.412696 0.278894 0.18023 0.00145461
0 0.230496 0.412723 0.288737 0.180857 0.00145393
0 0.698766 0.615606 0.292543 0.190411 0.00145333
0 0.956146 0.812435 0.087708 0.19177 0.00145234
0 0.36205 0.314144 0.284706 0.182786 0.00145155
0 0.429903 0.36385 0.284532 0.181808 0.00145119
0 0.891311 0 0.0941982 0 0.00145099
0 0.640048 0.364151 0.290258 0.183557 0.0014508
0 0.639141 0.264136 0.293149 0.18162 0.00145079
0 0.321996 0.109079 0.275953 0.185937 0.00144967
0 0.705214 0.412907 0.286148 0.182589 0.00144954
0 0.798931 0.111078 0.274365 0.180152 0.0014489
0 0.635449 0.163627 0.285359 0.179157 0.00144885
0 0.772778 0.214039 0.281624 0.178945 0.00144883
0 0.154951 0.264986 0.290523 0.183999 0.00144854
0 0.878225 0.615757 0.243551 0.184971 0.00144782
0 0.840013 0.614672 0.293819 0.188353 0.001446
0 0.120585 0.465546 0.241169 0.183372 0.00144592
0 0.95246 0.713079 0.0950792 0.197385 0.00144566
0 0.582832 0.110418 0.278946 0.180441 0.00144554
0 0.637759 0.717196 0.323809 0.196346 0.00144488
0 0.291306 0.263516 0.291828 0.181729 0.00144449
0 0.155405 0.413542 0.292882 0.181779 0.00144438
0 0.826203 0.904815 0.287549 0.190371 0.00144425
0 0.955149 0.512909 0.0897015 0.191125 0.00144403
0 0.405889 0.935774 0.274609 0.128453 0.00144343
0 0.91228 0.869863 0.17544 0.196173 0.00144252
0 0.452517 0.0680853 0.246243 0.136171 0.00144185
0 0.2278 0.462771 0.286714 0.180418 0.00144104
0 0.777587 0.791441 0.169746 0.123373 0.931002
0 0.460855 0.493012 0.0872221 0.0783024 0.118715
0 0.277166 0.660017 0.202144 0.187228 0.00241423
0 0.877687 0.0805247 0.0940036 0.055955 0.00236029
0 0.1336 0.528488 0.264962 0.19135 0.00226657
0 0.137419 0.588959 0.274838 0.222682 0.00224287
0 0.154042 0.618952 0.192341 0.22444 0.00223849
0 0.124386 0.418425 0.248772 0.335427 0.00222903
0 0.122827 0.319722 0.245653 0.295017 0.00215438
0 0.132139 0.670172 0.236243 0.258375 0.00207684
0 0.133606 0.47823 0.267211 0.179741 0.00205285
0 0.12811 0.266605 0.25622 0.30239 0.00204739
0 0.618598 0.540912 0.0458016 0.0773313 0.00197942
0 0.203643 0.572269 0.155969 0.196582 0.00197704
0 0.407033 0.708393 0.232453 0.18901 0.0019582
0 0.829682 0.884398 0.293275 0.231205 0.00195142
0 0.126688 0.517511 0.253377 0.35616 0.00195085
0 0.360823 0.702799 0.267961 0.207637 0.00195008
0 0.094147 0.0688546 0.188294 0.137709 0.00194815
0 0.217051 0.71849 0.312096 0.255872 0.00193511
0 0.128122 0.213477 0.256245 0.31401 0.00193158
0 0.860994 0.898911 0.278012 0.202178 0.00193025
0 0.388458 0.786842 0.281759 0.248937 0.00192526
0 0.896955 0.89024 0.206089 0.219521 0.00187066
0 0.706913 0.856722 0.443033 0.286556 0.00187022
0 0.723986 0.891423 0.552027 0.217154 0.00182868
0 0.770688 0.870473 0.343005 0.259054 0.00182039
0 0.416371 0.657781 0.20801 0.178932 0.00181735
0 0.176386 0.795412 0.352772 0.333699 0.00178611
0 0.0685206 0.118281 0.137041 0.236562 0.00177222
0 0.335453 0.782892 0.304676 0.302191 0.00175458
0 0.11738 0.167784 0.23476 0.274171 0.00174545
0 0.33417 0.619458 0.214406 0.176761 0.00173659
0 0.88208 0.857043 0.235839 0.272199 0.00172479
0 0.977701 0.933297 0.0445974 0.133406 0.00171613
0 0.054329 0.0707657 0.108658 0.141531 0.00170904
0 0.647502 0.839306 0.704997 0.321388 0.00169745
0 0.779418 0.925605 0.294586 0.148789 0.00168911
0 0.108291 0.763807 0.216581 0.472387 0.00168634
0 0.133666 0.423319 0.267331 0.179344 0.00167751
0 0.755209 0.0795832 0.0707834 0.0484254 0.00167476
0 0.132655 0.729286 0.25718 0.306518 0.00165939
0 0.119408 0.802793 0.238817 0.394414 0.00165587
0 0.114136 0.858283 0.228272 0.283435 0.00164789
0 0.24381 0.776025 0.454559 0.325352 0.00164772
0 0.143443 0.626143 0.286887 0.276245 0.00164424
0 0.190762 0.518705 0.216176 0.176888 0.00162129
0 0.1041 0.11498 0.208199 0.219258 0.00161488
0 0.112022 0.450762 0.224044 0.51685 0.00160607
0 1 0.0658404 0 0.131681 0.00160029
0 0.324344 0.782146 0.423625 0.31128 0.00159479
0 0.134334 0.37135 0.268669 0.176815 0.00158458
0 0.620283 0.84149 0.492076 0.31702 0.00158388
0 0.841213 0.932209 0.260913 0.135582 0.00158287
0 0.859665 0.83521 0.28067 0.12687 0.00157424
0 0.926772 0.749515 0.146456 0.263468 0.00155303
0 0.505581 0.558495 0.0743463 0.0567746 0.00154574
0 0.881238 0.934238 0.237525 0.131524 0.00154106
0 0.930474 0.936132 0.139051 0.127736 0.00153628
0 0.129827 0.0663674 0.254084 0.132735 0.00153627
0 0.0952057 0.176961 0.190411 0.353922 0.00153164
0 0.96443 0.51394 0.0711408 0.181664 0.00152734
0 0.939513 0.897422 0.120974 0.205156 0.00151816
0 0.680457 0.818086 0.301982 0.160383 0.00151663
0 0.107669 0.297953 0.215338 0.467833 0.00151646
0 0.962836 0.564584 0.0743282 0.181395 0.00151467
0 0.13502 0.320427 0.270041 0.171544 0.00151134
0 0.91323 0.794198 0.17354 0.321617 0.00150824
0 0 0.107261 0 0.145738 0.00150313
0 0.138551 0.114805 0.258038 0.170755 0.00148935
0 0.135441 0.168848 0.270883 0.174395 0.00148917
0 0.178591 0.933437 0.238358 0.133126 0.001487
0 0.760434 0.871536 0.479133 0.190536 0.00147907
0 0.136132 0.270962 0.272264 0.17355 0.00147204
0 0.968127 0.46451 0.0637464 0.177668 0.00147067
0 0.142794 0.676006 0.285588 0.319934 0.00146797
0 0.481594 0.658284 0.14543 0.181908 0.00146751
0 0.96152 0.614472 0.0769596 0.181362 0.00145828
0 0.944308 0.70755 0.111383 0.21004 0.0014573
0 0 0.957685 0 0.0846308 0.00145634
0 0.264312 0.516491 0.210044 0.175564 0.00145307
0 0.136527 0.220723 0.273054 0.177635 0.00144811
0 0.193661 0.831531 0.387321 0.336937 0.00144487
0 0 0.971508 0 0.0569845 0.00144047
0 0.969096 0.213695 0.0618077 0.17918 0.00143972
0 0.327275 0.853013 0.20169 0.154653 0.00143736
0 0 0.158992 0 0.149543 0.00143472
0 0.957524 0.661388 0.0849515 0.188199 0.00143276
0 0.839626 0.865553 0.259988 0.209754 0.00143254
0 0.475718 0.845051 0.389901 0.297517 0.00142887
0 0 0.212126 0 0.156663 0.00142723
0 0.349944 0.964794 0.388153 0.0704113 0.00142605
0 0.96762 0.263466 0.0647596 0.179507 0.00142574
0 0.0787999 0.913575 0.1576 0.17285 0.00142459
0 0.967582 0.313728 0.0648361 0.179832 0.00142294
0 0.969841 0.165116 0.0603183 0.177164 0.00141724
0 0.426071 0.612703 0.213953 0.173451 0.00141221
0 0.171362 0.967322 0.250485 0.0653569 0.00141065
0 0.969867 0.364342 0.0602658 0.176989 0.0014095
0 0.912464 0.715065 0.175073 0.173786 0.00140893
0 0 0.311689 0 0.153563 0.00140887
0 0.528369 0.716233 0.232229 0.166869 0.00140613
0 0.202732 0.470688 0.232388 0.162851 0.00140488
0 0.143614 0.869455 0.287227 0.26109 0.0014037
0 0.969182 0.415492 0.0616367 0.176428 0.00140143
0 0 0.0694859 0 0.138972 0.00139893
0 0.243998 0.846914 0.360684 0.306172 0.00139848
0 0.161088 0.723082 0.322176 0.340302 0.00139827
0 0 0.972105 0 0.0557907 0.00139625
0 0.933336 0.616507 0.133328 0.167243 0.00139429
0 0 0.263253 0 0.154173 0.00139374
0 0.9069 0.837638 0.1862 0.324724 0.00139102
0 0.929987 0.664799 0.140026 0.167988 0.00138928
0 0 0.361169 0 0.156682 0.00138857
0 0.898362 0.757371 0.203276 0.184144 0.00138848
0 0 0.769807 0 0.321215 0.00138621
0 0.884289 0.800173 0.231422 0.208134 0.00138515
0 1 0.208306 0 0.183094 0.00137458
0 1 0.259087 0 0.178852 0.00137197
0 0.988805 0.0735125 0.0223899 0.147025 0.00136824
0 0.835309 0.0878152 0.0259195 0.0688744 0.00136797
0 0.347796 0.572598 0.229886 0.176856 0.00136772
0 0.438119 0.940539 0.484822 0.118922 0.0013668
0 0.933563 0.568186 0.132874 0.166151 0.00136538
0 1 0.105593 0 0.177454 0.00136512
0 1 0.213591 0 0.173558 0.00136387
0 0 0.825457 0 0.236282 0.00136073
0 0.125807 0.759744 0.251615 0.394468 0.00135956
0 0.0102348 0.713604 0.0204697 0.346609 0.0013578
0 0.984359 0.11084 0.0312826 0.1749 0.00135185
0 0.126982 0.611899 0.253964 0.373085 0.00135034
0 0 0.411647 0 0.164733 0.0013488
0 1 0.264566 0 0.169084 0.00134785
0 1 0.158264 0 0.180392 0.0013442
0 1 0.308582 0 0.180175 0.00134244
0 1 0.109463 0 0.1698 0.0013402
0 0.00537554 0.611629 0.0107511 0.286597 0.00133437
0 1 0.314252 0 0.169937 0.00133408
0 1 0.163845 0 0.17207 0.00132378
0 0.592767 0.663104 0.216498 0.17144 0.00132374
0 0.768244 0.726824 0.229968 0.17669 0.00131777
0 1 0.929456 0 0.141088 0.00131772
0 0.256641 0.970576 0.319744 0.058847 0.00131568
0 0.83343 0.727364 0.22867 0.196804 0.00131375
0 0.937263 0.517183 0.125475 0.165549 0.00131215
0 0.68717 0.765337 0.253068 0.162847 0.00131177
0 0 0.463299 0 0.179498 0.00131099
0 1 0.35859 0 0.180381 0.00130931
0 0 0.565354 0 0.24094 0.00130803
0 0.262934 0.830785 0.460182 0.338429 0.00130692
0 0.516479 0.916556 0.570891 0.166887 0.00130633
0 0 0.515177 0 0.204756 0.00130104
0 0.791374 0.748428 0.176991 0.189955 0.00129672
0 0.76468 0.757871 0.213164 0.178906 0.00129427
0 0.680264 0.719313 0.252874 0.167154 0.00129201
0 1 0.408325 0 0.182187 0.00128509
0 1 0.36435 0 0.168655 0.00128401
0 0.941667 0.465772 0.116666 0.165434 0.0012833
0 0.275512 0.467815 0.237261 0.163153 0.00128165
0 0.993009 0.66227 0.0139815 0.197788 0.00127858
0 0.869914 0.720461 0.255052 0.177268 0.00127814
0 0.998675 0.614666 0.00264979 0.188598 0.00127602
0 0.200975 0.418841 0.249013 0.163904 0.00127426
0 0.234985 0.916451 0.270578 0.167098 0.0012719
0 0.448194 0.0846488 0.29499 0.116271 0.00126642
0 0.479165 0.772372 0.263199 0.168204 0.00126411
0 0.157916 0.835541 0.268158 0.211582 0.00126308
0 0.976827 0.708264 0.0463456 0.230865 0.00125251
0 1 0.0653147 0 0.130629 0.00124997
0 0.9662 0.976985 0.0675991 0.04603 0.00124859
0 0.955052 0.0723507 0.0898955 0.144701 0.00124785
0 1 0.564068 0 0.187079 0.00124262
0 0.909903 0.417706 0.180194 0.166977 0.00124147
0 1 0.458672 0 0.19021 0.00123871
0 1 0.414219 0 0.169225 0.00123534
0 0.938947 0.365952 0.122106 0.165987 0.00123244
0 1 0.51354 0 0.183432 0.00122872
0 0.939169 0.416739 0.121662 0.167633 0.00122839
0 0.35354 0.523123 0.238228 0.168874 0.00122772
0 0.937079 0.315621 0.125842 0.167794 0.00122742
0 0.18188 0.950418 0.235607 0.0980598 0.00122688
0 0.329495 0.858132 0.370458 0.283735 0.00122636
0 0.476588 0.826124 0.616613 0.347753 0.00122628
0 0.460488 0.814143 0.300103 0.16926 0.00122264
0 0.93652 0.264797 0.12696 0.168928 0.00122069
0 1 0.463925 0 0.174971 0.00121523
0 0.197683 0.969591 0.27649 0.0608183 0.00121486
0 0.763782 0.0999036 0.101603 0.0870522 0.00120844
0 0.0642901 0.933504 0.12858 0.132991 0.0012056
0 0.141659 0.907543 0.283318 0.184915 0.00120079
0 0.937206 0.167401 0.125588 0.166997 0.00119662
0 1 0.974657 0 0.0506859 0.00119586
0 0.94004 0.2154 0.119919 0.166683 0.00119561
0 0.909327 0.367069 0.181346 0.16471 0.00119416
0 0 0.926804 0 0.146393 0.00119403
0 1 0.50944 0 0.200285 0.00119395
0 0.756125 0.846398 0.268223 0.27388 0.00118952
0 1 0.980066 0 0.0398687 0.00118838
0 0.832562 0.7592 0.237384 0.168994 0.00118746
0 0.485529 0.608473 0.204939 0.179733 0.00118654
0 0.94925 0.753555 0.1015 0.304989 0.00118638
0 0.198335 0.367571 0.254365 0.165901 0.0011863
0 0.105253 0.552161 0.210505 0.511716 0.00118527
0 0.208193 0.112973 0.241757 0.166267 0.00118458
0 0.91686 0.466384 0.166281 0.164193 0.00117962
0 0.386515 0.822685 0.333731 0.270732 0.00117938
0 0.478102 0.0865259 0.371837 0.137685 0.00117922
0 0.540901 0.610185 0.195228 0.182012 0.00117581
0 0.94929 0.111982 0.10142 0.165893 0.00117549
0 0.684577 0.664801 0.23692 0.166212 0.0011739
0 0.87354 0.976967 0.252919 0.0460664 0.00117345
0 0.746659 0.101992 0.071559 0.0966472 0.00117295
0 0.215991 0.968611 0.293712 0.0627781 0.00117264
0 1 0.560244 0 0.206021 0.00117132
0 0.125083 0.968573 0.250166 0.0628536 0.00117054
0 0.876042 0.0957715 0.0991216 0.0862423 0.00117035
0 0 0.891436 0 0.205773 0.00116828
0 0.184614 0.188219 0.183041 0.113656 0.00116636
0 0 0.105871 0 0.208619 0.00116461
0 0.212068 0.0732993 0.240507 0.146599 0.00116375
0 0.789631 0.854291 0.186989 0.253678 0.00116248
0 0.00521647 0.916026 0.0104329 0.167947 0.00116196
0 0.0566851 0.973426 0.11337 0.0531486 0.00116184
0 0.923166 0.977873 0.153668 0.0442547 0.00116035
0 0.339772 0.264803 0.245075 0.16715 0.00116006
0 1 0.610646 0 0.20802 0.0011594
0 0.201469 0.165912 0.245252 0.164887 0.00115796
0 0.491043 0.523308 0.155794 0.134702 0.0011579
0 0.0291844 0.875637 0.0583688 0.248727 0.00115682
0 0.913074 0.518659 0.173852 0.165694 0.00115643
0 0.125093 0.931533 0.250186 0.136935 0.00115614
0 0.908228 0.265124 0.183543 0.169024 0.00115127
0 0.908615 0.316556 0.182771 0.16581 0.00115014
0 0.201281 0.216903 0.244232 0.165056 0.00114812
0 0.269032 0.315086 0.248033 0.164199 0.00114441
0 0.199532 0.316646 0.250485 0.163256 0.00114343
0 0.91262 0.215488 0.174761 0.166191 0.00114212
0 0.340024 0.315953 0.247432 0.164726 0.00113891
0 0.27168 0.215807 0.240867 0.163504 0.00113401
0 0.270202 0.264872 0.24564 0.166321 0.00113059
0 1 0.902295 0 0.19541 0.00113033
0 0.819277 0.316257 0.236928 0.166475 0.00112921
0 0.716682 0.791489 0.182063 0.149208 0.00112748
0 0.914451 0.61569 0.171099 0.168604 0.0011274
0 0.750497 0.31582 0.240125 0.16685 0.0011252
0 0.278469 0.112064 0.239831 0.167639 0.00112475
0 1 0.659736 0 0.214423 0.00112449
0 0.428764 0.563931 0.219912 0.18604 0.00112364
0 0.349071 0.111805 0.236752 0.168055 0.00112138
0 0.268055 0.365641 0.250318 0.166469 0.00112126
0 0.200302 0.266702 0.248835 0.165568 0.00112053
0 0.340709 0.215538 0.238009 0.16332 0.00111923
0 0.418182 0.111527 0.235103 0.168211 0.00111889
0 0.415631 0.316403 0.241537 0.165236 0.00111868
0 0.270538 0.164883 0.24374 0.166369 0.00111843
0 0.702889 0.969609 0.366428 0.0607816 0.00111746
0 0.271437 0.416701 0.248081 0.16487 0.00111593
0 0.414281 0.265337 0.240165 0.165992 0.00111566
0 0.615492 0.61282 0.209629 0.177503 0.00111524
0 0.818424 0.366389 0.242333 0.166735 0.00111252
0 0.412421 0.215286 0.236252 0.162821 0.00110942
0 0.28244 0.0729945 0.238135 0.145989 0.00110914
0 0.691051 0.11228 0.237871 0.168237 0.00110909
0 0.912383 0.06736 0.175234 0.13472 0.00110712
0 0.683502 0.215489 0.23652 0.165452 0.00110412
0 0.821547 0.416576 0.238566 0.166365 0.00110325
0 0.819312 0.266124 0.237923 0.166416 0.00110147
0 0.63139 0.952137 0.474237 0.0957258 0.00110072
0 0.759652 0.801993 0.132574 0.103038 0.0011003
0 0.690328 0.869426 0.548786 0.187883 0.00109905
0 0.75141 0.266033 0.240756 0.164436 0.00109695
0 0.909279 0.665674 0.181441 0.166384 0.00109657
0 0.418049 0.417367 0.241993 0.16876 0.00109615
0 0.352296 0.0725721 0.235223 0.145144 0.00109614
0 0.690502 0.612951 0.221991 0.175207 0.00109558
0 0.820644 0.216055 0.236613 0.165922 0.00109489
0 0.680658 0.315755 0.242216 0.168274 0.0010939
0 0.415724 0.365991 0.243034 0.166815 0.00109379
0 0.694048 0.0727437 0.23759 0.145487 0.00109179
0 0.485702 0.111228 0.233149 0.168831 0.00109163
0 0.548489 0.215653 0.23516 0.16411 0.00109156
0 0.682327 0.165544 0.239193 0.166805 0.00109152
0 0.613485 0.215427 0.233823 0.165342 0.0010908
0 0.765579 0.665911 0.235364 0.163778 0.0010901
0 0.40782 0.164966 0.239398 0.168596 0.0010896
0 0.552496 0.111267 0.233212 0.168222 0.00108825
0 0.749275 0.366234 0.244959 0.16614 0.00108733
0 0.3389 0.16451 0.241022 0.168494 0.00108728
0 0.912256 0.568593 0.175488 0.169402 0.00108727
0 1 0.855608 0 0.288784 0.00108692
0 0.339124 0.365975 0.246419 0.165835 0.00108666
0 0.76439 0.0728184 0.23532 0.145637 0.00108643
0 0.681187 0.366946 0.245738 0.165421 0.00108588
0 1 0.708016 0 0.235735 0.00108533
0 0.832007 0.112757 0.234158 0.168042 0.00108438
0 0.613452 0.418667 0.239323 0.169605 0.00108418
0 0.762675 0.6138 0.226415 0.174811 0.00108234
0 0.619473 0.1117 0.234264 0.167709 0.00108101
0 0.886123 0.215271 0.227754 0.164945 0.00108016
0 0.355786 0.0792287 0.297906 0.114795 0.00107996
0 0.777607 0.794066 0.169181 0.124509 0.919703
0 0.458883 0.494083 0.0862372 0.0814486 0.00427629
0 0.445798 0.570389 0.123445 0.109481 0.00300273
0 0.774384 0.693049 0.202788 0.12118 0.00248241
0 0.178236 0.95699 0.226427 0.056284 0.00247689
0 0.439982 0.499532 0.127321 0.092108 0.00196466
0 0.872358 0.0795808 0.0984937 0.0511997 0.00192495
0 0.260417 0.934688 0.250887 0.130625 0.00191811
0 0.203022 0.943661 0.247986 0.112678 0.00184191
0 0.0293785 0.971616 0.0587569 0.0567689 0.0018396
0 0.31723 0.933272 0.225198 0.133455 0.00183517
0 0.409824 0.650841 0.313081 0.278021 0.00177963
0 0.424007 0.589168 0.332889 0.299687 0.00176127
0 0.640563 0.68397 0.709307 0.488612 0.00175685
0 0.373785 0.610091 0.230814 0.171417 0.00166338
0 0.439097 0.273117 0.152425 0.103107 0.00162576
0 0.578411 0.921356 0.285311 0.157288 0.00160578
0 0.975715 0.895411 0.0485704 0.209177 0.00160132
0 0.117904 0.942929 0.228855 0.114142 0.00158963
0 0.430112 0.578275 0.155365 0.116955 0.00158475
0 0.680402 0.918898 0.272295 0.162204 0.0015693
0 0.649141 0.505663 0.312799 0.178327 0.001554
0 0.903591 0.940174 0.192818 0.119652 0.0015517
0 0.647675 0.575802 0.592494 0.408909 0.00154883
0 0.374202 0.937317 0.213697 0.125365 0.0015445
0 0.0272823 0.928244 0.0545646 0.143511 0.00154323
0 0.869056 0.399685 0.144362 0.0532533 0.00154294
0 0.739327 0.939122 0.249864 0.121756 0.00154293
0 0.488762 0.691699 0.410736 0.316194 0.00153453
0 0.66641 0.941277 0.251049 0.117446 0.00153245
0 0.987433 0.959358 0.0251336 0.0812836 0.00150663
0 0.982881 0.61041 0.0342381 0.337149 0.00149929
0 0.378873 0.674116 0.232354 0.164246 0.00149767
0 0.860014 0.937682 0.246196 0.124637 0.001496
0 0.57963 0.940174 0.253025 0.119652 0.0014908
0 0.799902 0.938965 0.248588 0.122069 0.00148941
0 0.954147 0.940804 0.0917055 0.118393 0.00148002
0 0.517219 0.690793 0.630047 0.195489 0.00147816
0 0.0253099 0.478951 0.0506198 0.225448 0.00147598
0 0.0234873 0.427891 0.0469746 0.217743 0.00146618
0 0.0274732 0.527118 0.0549464 0.231686 0.00146275
0 0.682778 0.751901 0.365682 0.249338 0.00145808
0 0.0227609 0.377019 0.0455218 0.213183 0.00144811
0 0.800933 0.563658 0.398134 0.276829 0.00144749
0 0.487273 0.559459 0.435538 0.351515 0.00143844
0 0.0227766 0.326825 0.0455532 0.20923 0.00143259
0 0.0288399 0.675666 0.0576799 0.24341 0.00143177
0 0.376694 0.559097 0.247122 0.177816 0.00143082
0 0.893671 0.267514 0.174098 0.114219 0.00142536
0 0.0013117 0.320089 0.0026234 0.289246 0.00142368
0 0.952037 0.91777 0.0959258 0.16446 0.00142306
0 0.0288589 0.576419 0.0577177 0.233852 0.00142206
0 0.00180635 0.855507 0.0036127 0.288987 0.00142192
0 0.02293 0.276838 0.0458599 0.207848 0.00141921
0 0.889978 0.409372 0.181181 0.0363124 0.00141684
0 0.00044131 0.220539 0.000882619 0.282954 0.00141115
0 0.71061 0.682234 0.578781 0.441802 0.00140999
0 0.0292329 0.62698 0.0584658 0.238211 0.00139791
0 0.984847 0.712141 0.030307 0.335768 0.00139762
0 0.0228754 0.226883 0.0457508 0.203557 0.00138713
0 0.502029 0.685133 0.681612 0.271553 0.00138534
0 0.0282678 0.726158 0.0565356 0.246928 0.00138348
0 0.0262413 0.822934 0.0524825 0.246071 0.00138263
0 0.748944 0.569 0.465603 0.314578 0.00137957
0 0.23659 0.958633 0.283735 0.0558258 0.00137933
0 0.00190149 0.420603 0.00380297 0.297484 0.00137724
0 0.0226012 0.1754 0.0452023 0.194035 0.00137613
0 0.00360307 0.967243 0.00720614 0.0655136 0.00136964
0 0.118551 0.969611 0.229941 0.0607773 0.00136904
0 0.000342275 0.815965 0.00068455 0.324838 0.00136468
0 0.027443 0.772765 0.054886 0.254376 0.00136161
0 0.854473 0.561607 0.291054 0.220805 0.00136125
0 0.755275 0.906422 0.241249 0.187155 0.00136091
0 0.469998 0.940531 0.241995 0.118938 0.00135851
0 0 0.112931 0 0.225863 0.00135765
0 0 0.168253 0 0.269578 0.00135239
0 0.600632 0.664695 0.798735 0.586165 0.00135181
0 0.0258499 0.879583 0.0516997 0.240833 0.00134815
0 0.573852 0.767039 0.352391 0.200092 0.00134542
0 0.0250107 0.118372 0.0500215 0.186903 0.00134536
0 0.982111 0.811624 0.035778 0.336967 0.0013333
0 0.24858 0.91603 0.202646 0.150034 0.00133182
0 0.657561 0.548046 0.153507 0.0746648 0.001325
0 0.384109 0.713513 0.237732 0.194753 0.00132397
0 0.447552 0.922843 0.268052 0.154313 0.00132001
0 0.44161 0.770689 0.273949 0.175003 0.00131743
0 0.513524 0.0853214 0.591823 0.170643 0.00131332
0 0.682074 0.0594652 0.480576 0.11893 0.00131176
0 0.718443 0.507722 0.303472 0.167184 0.001305
0 0.721988 0.974984 0.279766 0.0500316 0.00130185
0 0.978092 0.819357 0.0438155 0.214866 0.00129993
0 0.760717 0.753381 0.260334 0.2172 0.00129609
0 0.0053391 0.517967 0.0106782 0.307432 0.0012906
0 0.785887 0.975329 0.282596 0.0493416 0.00128662
0 0.103458 0.965934 0.206916 0.0681312 0.00128215
0 0.683147 0.464563 0.244014 0.157502 0.00127553
0 0.224709 0.968825 0.269841 0.0623505 0.00127112
0 0.978937 0.516351 0.042126 0.324273 0.00127061
0 0.84561 0.975358 0.281453 0.0492842 0.00126882
0 0.934624 0.978121 0.130753 0.043759 0.00126831
0 0.653396 0.975186 0.280414 0.0496287 0.00126412
0 0.3261 0.913602 0.242123 0.170698 0.00126009
0 0.00667074 0.0747109 0.0133415 0.149422 0.00126007
0 0.702424 0.623621 0.595151 0.512452 0.00125854
0 0.915297 0.511486 0.169406 0.163111 0.00125707
0 0.890081 0.920049 0.219838 0.158899 0.00125265
0 0.600687 0.872875 0.259966 0.158613 0.0012513
0 0.276919 0.770339 0.230048 0.179138 0.00124963
0 0.0116774 0.61885 0.0233548 0.317028 0.00124791
0 1 0.0946456 0 0.189291 0.00124771
0 0.786177 0.556346 0.112192 0.0737349 0.00124514
0 0.405554 0.54636 0.277732 0.230982 0.00124372
0 0.884416 0.976191 0.231168 0.0476177 0.00124254
0 0.892327 0.366021 0.183359 0.12361 0.00124251
0 0.699636 0.86098 0.257804 0.184102 0.0012403
0 0.484659 0.657323 0.207629 0.143539 0.00123428
0 0 0.0690084 0 0.138017 0.0012328
0 0.353762 0.817462 0.227564 0.195108 0.00122782
0 0.978133 0.777791 0.0437342 0.22526 0.00122525
0 0.280079 0.719886 0.237039 0.175966 0.00122403
0 0.99158 0.201756 0.0168407 0.252722 0.00122208
0 0.369279 0.763806 0.234747 0.184097 0.00121992
0 0.00673883 0.720129 0.0134777 0.326706 0.00121927
0 1 0.148858 0 0.219482 0.00121746
0 0.823498 0.697772 0.353004 0.345602 0.00121662
0 0.90773 0.618739 0.184541 0.272828 0.00121662
0 0.645954 0.0796892 0.54324 0.159378 0.00121648
0 0.396081 0.511347 0.247518 0.16866 0.00121578
0 1 0.945018 0 0.109964 0.00121236
0 0.807121 0.745934 0.250534 0.217793 0.00121
0 0.794068 0.613955 0.411864 0.417195 0.00120723
0 0.278303 0.824674 0.230849 0.184643 0.00120492
0 0.886058 0.869967 0.205251 0.172245 0.00120347
0 0.0589222 0.0754294 0.117844 0.150859 0.00120292
0 0.801185 0.906598 0.258156 0.185969 0.00119811
0 0.28319 0.668942 0.238441 0.1694 0.00119684
0 0.576389 0.97521 0.289614 0.0495807 0.00119664
0 0.280298 0.619478 0.236173 0.162 0.00119411
0 0.989743 0.361057 0.0205136 0.199935 0.00118823
0 0.188363 0.915485 0.211141 0.155525 0.00118761
0 0.270156 0.970407 0.280623 0.0591866 0.00118181
0 0.98324 0.303929 0.0335196 0.271586 0.00118039
0 0.984984 0.253128 0.0300324 0.266199 0.001176
0 0.436041 0.824744 0.246117 0.166628 0.00117589
0 0.98976 0.31223 0.0204793 0.202048 0.00117529
0 0.410197 0.0643274 0.243829 0.128655 0.00117101
0 0.340101 0.0641441 0.247117 0.128288 0.00117068
0 0.983524 0.352598 0.0329524 0.269708 0.0011683
0 0.988949 0.413542 0.0221018 0.195796 0.00116726
0 0.266361 0.869402 0.210972 0.172198 0.00116313
0 0.795131 0.0652939 0.409738 0.130588 0.00116167
0 0.925072 0.217978 0.149856 0.160984 0.00116127
0 0.650061 0.52322 0.184109 0.118558 0.00115993
0 0.98124 0.467356 0.0375196 0.30049 0.00115699
0 0.954793 0.875769 0.0904139 0.163679 0.00115563
0 0.849359 0.909313 0.264636 0.1793 0.00114741
0 0.266173 0.0641342 0.24401 0.128268 0.00114642
0 0.990115 0.260957 0.0197695 0.202448 0.00114516
0 0.341037 0.617186 0.226833 0.159456 0.00114478
0 0.445811 0.875442 0.24469 0.161634 0.00114393
0 0.753623 0.464918 0.244491 0.159425 0.00114345
0 0.974972 0.611357 0.0500563 0.276677 0.0011434
0 0.279676 0.074096 0.237355 0.148192 0.00114165
0 0.982852 0.40894 0.0342965 0.272513 0.00114075
0 0.924499 0.167644 0.151002 0.16253 0.00113917
0 0.654716 0.540004 0.161226 0.106476 0.00113909
0 0.94665 0.561717 0.106699 0.181446 0.00113607
0 0.986011 0.459332 0.0279777 0.208025 0.00113605
0 0.340899 0.971323 0.274451 0.0573532 0.00113428
0 0.863655 0.509442 0.27269 0.164448 0.00113004
0 0.342421 0.86118 0.237741 0.187705 0.0011298
0 0.980252 0.872528 0.039496 0.254944 0.00112847
0 0.97424 0.970959 0.0515209 0.0580828 0.00112692
0 0.924804 0.268751 0.150393 0.164006 0.00112656
0 0.490845 0.974565 0.296963 0.0508708 0.001123
0 0.560817 0.531641 0.161341 0.0991981 0.00112249
0 0.477384 0.0652955 0.242983 0.130591 0.00111788
0 0.565708 0.504502 0.322084 0.18981 0.00111419
0 0.408389 0.973175 0.279715 0.0536507 0.00111134
0 0.926461 0.465772 0.147079 0.162959 0.00110925
0 0.278424 0.168494 0.237721 0.159305 0.00110635
0 0.351084 0.720649 0.233512 0.163973 0.00110583
0 0.97708 0.727093 0.0458405 0.253138 0.00110389
0 0.589006 0.8264 0.265572 0.157326 0.00109982
0 0.926704 0.417789 0.146592 0.163403 0.00109979
0 0.965458 0.0746485 0.0690847 0.149297 0.00109823
0 0.334845 0.566094 0.237198 0.164462 0.00109339
0 0.203995 0.166936 0.23857 0.160805 0.00108434
0 0.204683 0.116513 0.236076 0.159435 0.00108351
0 0.685665 0.216164 0.245781 0.160631 0.00108232
0 0.78562 0.105174 0.147941 0.105134 0.00108061
0 0.82796 0.464841 0.241996 0.160272 0.00107864
0 0.195459 0.0644862 0.242822 0.128972 0.00107809
0 0.927502 0.115574 0.144997 0.160846 0.00107775
0 0.558557 0.0737623 0.236444 0.147525 0.00107743
0 0.855419 0.823928 0.26546 0.141648 0.00107664
0 0.927739 0.0736756 0.144522 0.147351 0.00107567
0 0.27505 0.5685 0.239642 0.161166 0.00107515
0 0.926224 0.317985 0.147551 0.163062 0.00107466
0 0.622951 0.114193 0.237713 0.162794 0.00107427
0 0.797994 0.508656 0.28448 0.16291 0.00107424
0 0.927681 0.366182 0.144638 0.159682 0.00107349
0 0.892673 0.653041 0.214653 0.333519 0.00107349
0 0.153434 0.719071 0.240557 0.180517 0.00107285
0 0.684559 0.165061 0.243504 0.162467 0.00107211
0 0.148015 0.769316 0.249407 0.193347 0.00107119
0 0.00405483 0.104685 0.00810965 0.191868 0.00107085
0 0.276844 0.118126 0.234987 0.158019 0.00107013
0 0.438987 0.515688 0.130704 0.128187 0.00107006
0 0.484973 0.116403 0.236654 0.162005 0.0010693
0 0.444532 0.507572 0.251204 0.173695 0.0010692
0 0.454099 0.509419 0.107137 0.113507 0.00106787
0 1 0.0727864 0 0.145573 0.00106631
0 0.608831 0.462287 0.246768 0.162661 0.00106324
0 0.412138 0.0812597 0.58511 0.162519 0.00106079
0 0.553892 0.114922 0.237275 0.162864 0.00106067
0 0.627658 0.0736399 0.236154 0.14728 0.0010591
0 0.693137 0.114282 0.23966 0.16271 0.00105822
0 0.00485491 0.900977 0.00970981 0.198046 0.00105769
0 0.123906 0.0665247 0.240202 0.133049 0.00105728
0 0.88692 0.217259 0.226159 0.160364 0.00105722
0 0.28147 0.218105 0.237469 0.159617 0.00105667
0 0.407232 0.463971 0.243083 0.162958 0.00105525
0 0.614576 0.165882 0.242518 0.161877 0.00105435
0 0.755165 0.266948 0.242889 0.161426 0.00105336
0 0.615273 0.216634 0.2431 0.159921 0.00105264
0 0.75612 0.216471 0.243597 0.159926 0.00105225
0 0.685216 0.266511 0.245913 0.162699 0.00105128
0 0.472408 0.463094 0.239091 0.163132 0.00105127
0 0.613353 0.316973 0.240111 0.161193 0.00105024
0 0.467757 0.546029 0.150201 0.100855 0.00104996
0 0.756873 0.316735 0.240825 0.162037 0.00104917
0 0.205778 0.217516 0.2388 0.161601 0.00104669
0 0.685905 0.316336 0.242513 0.162785 0.00104647
0 0.273824 0.51634 0.241717 0.16142 0.00104476
0 0.54119 0.461486 0.239177 0.163347 0.00104328
0 0.697106 0.0735993 0.237982 0.147199 0.00104311
0 0.999644 0.0757077 0.000711859 0.151415 0.00104222
0 0.974695 0.665617 0.0506108 0.283693 0.00104189
0 0.759396 0.36648 0.24268 0.160792 0.00104067
0 0.824606 0.267514 0.24121 0.16198 0.00104037
0 0.756257 0.164777 0.24144 0.162269 0.00104029
0 0.863848 0.765785 0.272304 0.180167 0.0010378
0 0.833066 0.366818 0.240434 0.160056 0.00103674
0 0.764308 0.114652 0.237913 0.162169 0.00103485
0 0.34752 0.119263 0.233649 0.156984 0.00103402
0 0.545576 0.166965 0.242445 0.161702 0.00103367
0 0.416718 0.316679 0.242601 0.160871 0.00103353
0 0.337407 0.515286 0.243505 0.163045 0.00103335
0 0.477022 0.16834 0.239818 0.160912 0.00103067
0 0.824109 0.216913 0.242062 0.160487 0.00103005
0 0.828635 0.317453 0.239499 0.162014 0.0010299
0 0.891771 0.115003 0.216458 0.160838 0.00102948
0 0.416388 0.118167 0.236626 0.15958 0.00102917
0 0.758346 0.41703 0.244599 0.163379 0.0010263
0 0.766189 0.0733999 0.235953 0.1468 0.00102559
0 0.617216 0.366294 0.236882 0.159735 0.00102465
0 0.833008 0.41696 0.242259 0.164525 0.00102441
0 0.549193 0.216686 0.240086 0.159984 0.00102406
0 0.612932 0.26658 0.243021 0.162089 0.00102391
0 0.548984 0.266813 0.239082 0.160991 0.00102369
0 0.685239 0.416851 0.243809 0.160975 0.001022
0 0.4808 0.216215 0.236018 0.160547 0.00102072
0 0.88747 0.165609 0.22506 0.163084 0.00102017
0 0.409952 0.170109 0.236347 0.158621 0.00102014
0 0.552871 0.366746 0.240542 0.16086 0.00101947
0 0.687391 0.366181 0.240724 0.16019 0.00101837
0 1 0.106342 0 0.184041 0.00101766
0 0.821205 0.0663338 0.240239 0.132668 0.00101754
0 0.772291 0.0897776 0.123117 0.0701923 0.00101581
0 0.279293 0.3164 0.246614 0.160492 0.00101399
0 0.280859 0.266094 0.241054 0.162798 0.0010131
0 0.750722 0.0775863 0.0567019 0.0442037 0.00101262
0 0.884518 0.0665772 0.230964 0.133154 0.00101161
0 0.947797 0.776495 0.104405 0.16903 0.00100935
0 0.88832 0.267738 0.223361 0.162079 0.00100713
0 0.479203 0.416868 0.243939 0.163393 0.00100685
0 0.887463 0.464584 0.225074 0.16336 0.00100677
0 0.823716 0.164873 0.238316 0.162826 0.00100667
0 0.344899 0.169693 0.232317 0.158524 0.00100661
0 0.163733 0.824627 0.24803 0.195753 0.00100451
0 0.277978 0.366024 0.247214 0.162105 0.0010041
0 0.550266 0.317814 0.238034 0.159478 0.00100306
0 0.12364 0.924249 0.230701 0.146612 0.0010026
0 0.761933 0.855305 0.230626 0.206358 0.00100156
0 0.497823 0.503645 0.279903 0.18425 0.00100106
0 0.831744 0.114923 0.235785 0.162078 0.00100071
0 0.479098 0.317132 0.241642 0.162723 0.00100032
0 0.415908 0.264661 0.237804 0.163988 0.00100028
0 0.777474 0.792836 0.170547 0.126102 0.952222
0 0.997781 0.113688 0.00443788 0.227376 0.35538
0 0.997126 0.887244 0.00574778 0.225512 0.259296
0 0.0102999 0.111253 0.0205997 0.222505 0.189858
0 0.556357 0.774175 0.337051 0.270725 0.139524
0 0.0364972 0.888423 0.0729944 0.223154 0.126903
0 0.459273 0.494621 0.105522 0.078003 0.0511458
0 0.143669 0.112879 0.266088 0.218866 0.0471086
0 0.996514 0.165579 0.00697268 0.280189 0.0284409
0 0.996073 0.74106 0.00785467 0.279656 0.0239777
0 0.996078 0.691272 0.00784367 0.279706 0.0236627
0 0.99618 0.791144 0.00763909 0.279947 0.0229782
0 0.996167 0.64119 0.00766554 0.279554 0.0226364
0 0.101288 0.967149 0.111766 0.0657015 0.02122
0 0.996203 0.842836 0.00759311 0.28239 0.0205261
0 0.996306 0.591078 0.00738892 0.279573 0.0199977
0 0.996342 0.416258 0.00731557 0.279451 0.0194482
0 0.996522 0.46623 0.00695552 0.279741 0.0180092
0 0.996483 0.541103 0.00703437 0.279726 0.0180039
0 0.996263 0.366331 0.00747353 0.279301 0.0173433
0 0.996731 0.215872 0.00653705 0.279786 0.0167364
0 0.0405159 0.690137 0.0810317 0.275178 0.0159291
0 0.996479 0.316287 0.0070421 0.279721 0.0151687
0 0.996704 0.266039 0.00659245 0.279714 0.0148898
0 0.0394346 0.739898 0.0788692 0.275289 0.0146156
0 0.0377247 0.841193 0.0754494 0.2771 0.0145771
0 0.0415132 0.640229 0.0830263 0.274996 0.0144786
0 0.0384363 0.78995 0.0768726 0.275138 0.01389
0 0.0457861 0.339405 0.0915722 0.275465 0.0138719
0 0.840663 0.684901 0.318675 0.144122 0.0130618
0 0.0463833 0.289377 0.0927667 0.274772 0.0125575
0 0.0425931 0.589821 0.0851862 0.274956 0.0105782
0 0.0449022 0.489933 0.0898044 0.275186 0.0101696
0 0.756164 0.0807265 0.0708352 0.0494827 0.0100501
0 0.0446661 0.389717 0.0893323 0.275656 0.0100125
0 0.0442851 0.439963 0.0885703 0.275618 0.00939392
0 0.0225071 0.139228 0.0450143 0.265748 0.00931887
0 0.044309 0.539725 0.088618 0.27506 0.00931608
0 0.775495 0.0824158 0.106306 0.0507599 0.00868073
0 0.0451715 0.240364 0.090343 0.273477 0.00800983
0 0.843276 0.712756 0.313449 0.201411 0.00733209
0 0.882723 0.489332 0.234554 0.185787 0.00603466
0 0.843952 0.879438 0.312095 0.239911 0.00538697
0 0.873423 0.521366 0.253153 0.249161 0.00482719
0 0.893556 0.880275 0.212888 0.239451 0.00355955
0 1 0.955649 0 0.0887023 0.00336658
0 0.15706 0.46691 0.184396 0.207939 0.00308532
0 0.995276 0.870333 0.0094484 0.259333 0.00291646
0 0.747646 0.0799146 0.0517706 0.0568152 0.00290491
0 0.0426664 0.190646 0.0853328 0.272304 0.00272248
0 0.996774 0.122164 0.00645296 0.244328 0.00252159
0 0.352256 0.684031 0.235953 0.204185 0.00250034
0 0.99882 0.185964 0.00235968 0.320923 0.0024859
0 0.0446583 0.801685 0.0893166 0.375519 0.00241026
0 0.941382 0.92641 0.117237 0.145041 0.00234533
0 0.99513 0.808342 0.00973904 0.361378 0.00231843
0 0.992841 0.748056 0.0143173 0.339631 0.0022987
0 0.12902 0.966481 0.154615 0.0644503 0.0022623
0 0.869972 0.898564 0.260056 0.200924 0.00222765
0 0.413376 0.812836 0.329872 0.235652 0.00222122
0 0.998188 0.246684 0.00362439 0.323475 0.0022032
0 0.983176 0.660904 0.0336484 0.366882 0.00216535
0 0.784632 0.687343 0.216998 0.132563 0.00215588
0 0.782809 0.0920892 0.130553 0.0704821 0.00214903
0 0.146789 0.3283 0.245335 0.223311 0.00213824
0 0.989472 0.455209 0.0210553 0.352844 0.00210454
0 1 0.0921372 0 0.184274 0.00210301
0 0.995519 0.351588 0.00896274 0.335483 0.00208103
0 0.711416 0.747674 0.577169 0.455848 0.00202945
0 0.480123 0.505182 0.1528 0.10107 0.00202944
0 0.192619 0.904715 0.261473 0.190569 0.00196583
0 0.97741 0.562562 0.0451809 0.369108 0.00194434
0 0.998159 0.0716337 0.00368228 0.143267 0.00194281
0 0.853291 0.69535 0.293419 0.381667 0.00194146
0 0.831512 0.63985 0.336975 0.470727 0.00192924
0 0.850998 0.512638 0.298003 0.408197 0.0019186
0 1 0.92574 0 0.148519 0.00191816
0 0.872201 0.463872 0.255598 0.15033 0.00190906
0 0.997769 0.298718 0.00446107 0.335679 0.00189621
0 0.0030061 0.0654421 0.00601219 0.130884 0.00189101
0 1 0.976079 0 0.0478421 0.00187731
0 0.877014 0.470944 0.245973 0.334586 0.00185634
0 0.147055 0.26959 0.233086 0.228606 0.0018213
0 0.917318 0.425809 0.165364 0.272846 0.00179788
0 0.766358 0.404729 0.448269 0.333211 0.00177599
0 0.3773 0.465449 0.357062 0.235397 0.00176882
0 0.358391 0.524363 0.542482 0.413776 0.0017141
0 0.568632 0.450364 0.302955 0.184455 0.00171013
0 0.0381421 0.967018 0.0762841 0.065965 0.00170598
0 0.0573929 0.267261 0.114786 0.372565 0.00168997
0 0.897692 0.571259 0.204617 0.369983 0.00166629
0 0.0401542 0.93757 0.0803084 0.124859 0.00165426
0 0.336688 0.0692993 0.268569 0.138599 0.00165035
0 0.34126 0.125988 0.296062 0.206776 0.00164943
0 0.628489 0.451011 0.368684 0.253595 0.00164532
0 0.219452 0.0808409 0.359878 0.161682 0.00163569
0 0.836365 0.734885 0.327271 0.353878 0.00161626
0 0.794414 0.848887 0.377429 0.302227 0.00161085
0 0.695229 0.827536 0.582288 0.344928 0.00160321
0 0.0545123 0.153788 0.109025 0.307577 0.00159932
0 0.934072 0.517665 0.131855 0.326981 0.00157952
0 0.68837 0.399387 0.328587 0.21182 0.00157859
0 0.4618 0.458644 0.284772 0.175429 0.00157554
0 0.822085 0.351508 0.35583 0.235519 0.00157274
0 0.644221 0.0886355 0.179019 0.0715144 0.00157106
0 0.520011 0.45565 0.28296 0.169225 0.00156638
0 0.948456 0.370566 0.103088 0.200179 0.00155304
0 0.739977 0.702658 0.520046 0.509682 0.00152766
0 0.321778 0.168898 0.363241 0.244077 0.00152027
0 0.285602 0.466082 0.476872 0.36861 0.00150417
0 0.4164 0.534228 0.443223 0.325945 0.00150256
0 0.572335 0.747124 0.287334 0.218553 0.00148874
0 0.0590566 0.0731831 0.118113 0.146366 0.00147289
0 0.397594 0.556203 0.246609 0.199243 0.00146894
0 0.475618 0.531046 0.404129 0.287209 0.00146761
0 0.900939 0.959512 0.198122 0.0809759 0.00146656
0 0.306371 0.221612 0.417193 0.262974 0.00146631
0 0.98431 0.366143 0.0313805 0.202698 0.00144957
0 0.0749735 0.974086 0.149947 0.0518274 0.00144401
0 0.54733 0.500228 0.261344 0.121598 0.00144003
0 0.306002 0.271106 0.423663 0.272902 0.00142482
0 0.311983 0.949913 0.471835 0.100174 0.00141629
0 0.159836 0.590893 0.192488 0.260026 0.00141341
0 0.0880918 0.31275 0.176184 0.414912 0.00141288
0 0.79298 0.414397 0.414041 0.41747 0.00141216
0 0.964769 0.470274 0.0704621 0.272283 0.00141135
0 0.377453 0.940661 0.509767 0.118678 0.00139718
0 0.406871 0.419619 0.291617 0.177574 0.00139003
0 0.912904 0.665809 0.174191 0.366121 0.00138957
0 0.447958 0.924598 0.549907 0.150803 0.00138565
0 0.410092 0.0651127 0.251291 0.130225 0.00137967
0 0.246484 0.956771 0.4249 0.0864573 0.00137624
0 0.3037 0.322977 0.434608 0.267263 0.00136961
0 0.0381244 0.978131 0.0762488 0.0437384 0.00136222
0 0.926185 0.746674 0.14763 0.272271 0.0013607
0 0.987503 0.312405 0.0249943 0.185471 0.00135593
0 0.0818526 0.964624 0.162457 0.066365 0.00134688
0 0.978221 0.420349 0.0435574 0.230566 0.00132667
0 0.169864 0.0862388 0.333033 0.172478 0.00132197
0 0.302272 0.368454 0.449066 0.287917 0.00131468
0 0.222536 0.355607 0.445073 0.509981 0.00130823
0 0.992035 0.964318 0.0159307 0.0713639 0.00130674
0 0.563244 0.526221 0.479755 0.357202 0.00130471
0 0.853099 0.35542 0.293802 0.242883 0.00129927
0 0.732559 0.4684 0.534883 0.395108 0.00129047
0 1 0.307345 0 0.244732 0.00127879
0 1 0.257412 0 0.244875 0.0012754
0 0.0312471 0.0919541 0.0624943 0.183908 0.00127332
0 0.147435 0.967084 0.294871 0.0658314 0.00126427
0 1 0.357094 0 0.24497 0.0012553
0 1 0.892587 0 0.214826 0.00124625
0 0.281496 0.308511 0.562993 0.550941 0.0012399
0 0.255014 0.450157 0.510028 0.505271 0.00123928
0 0.584904 0.918958 0.527476 0.162084 0.00123859
0 0.767432 0.353221 0.323089 0.189914 0.00123586
0 0.834364 0.958702 0.288273 0.0825963 0.00122955
0 1 0.207566 0 0.244593 0.00122544
0 0.98486 0.92398 0.0302792 0.152039 0.00122065
0 0.802394 0.467365 0.395211 0.461743 0.00121123
0 0.0769251 0.414905 0.15385 0.328046 0.001209
0 1 0.406819 0 0.245016 0.00120688
0 1 0.557354 0 0.245613 0.00120488
0 0.41739 0.371326 0.272439 0.169454 0.00120119
0 0.420502 0.271024 0.262487 0.163575 0.00119025
0 0.754466 0.953856 0.312822 0.0922886 0.00118967
0 0.350786 0.78019 0.701571 0.43962 0.00118804
0 0.812749 0.752472 0.253171 0.204721 0.00118761
0 1 0.507312 0 0.245552 0.00118578
0 0.419543 0.320698 0.265762 0.163509 0.00118514
0 0.982196 0.975744 0.0356071 0.0485128 0.00118472
0 0.664253 0.935926 0.422724 0.128149 0.00118228
0 0.0444273 0.313998 0.0888545 0.383744 0.00118166
0 1 0.456814 0 0.245654 0.00117562
0 0.915034 0.738876 0.169933 0.235692 0.00117512
0 0.995743 0.949907 0.00851427 0.100186 0.00117438
0 0.594705 0.409932 0.277801 0.164246 0.00116706
0 1 0.607113 0 0.246052 0.00116545
0 0.422645 0.170536 0.255521 0.16548 0.00116512
0 0.192925 0.265584 0.385851 0.493001 0.0011625
0 0.32689 0.0918326 0.191557 0.0850824 0.00116205
0 0.423673 0.124723 0.247092 0.156948 0.00116184
0 0.161512 0.350054 0.190027 0.206074 0.00116056
0 0.421948 0.221784 0.259803 0.161745 0.00115924
0 0.949904 0.71242 0.100192 0.31492 0.00114955
0 0.0438291 0.709505 0.0876581 0.385377 0.00114272
0 0.479552 0.415737 0.261795 0.158121 0.00114223
0 0.170431 0.244566 0.182613 0.214165 0.00112764
0 0 0.209366 0 0.162816 0.0011192
0 0 0.893174 0 0.213652 0.00111689
0 0.318836 0.72129 0.637671 0.55742 0.00111601
0 0.0440011 0.410835 0.0880021 0.388538 0.00111139
0 0.110095 0.0807441 0.220191 0.161488 0.00110921
0 0.960575 0.31516 0.0788509 0.164511 0.00110815
0 1 0.656963 0 0.246396 0.00110682
0 0.615842 0.777436 0.452616 0.392639 0.00109775
0 0.0439768 0.510682 0.0879536 0.388354 0.00109231
0 0 0.318471 0 0.176848 0.00108882
0 0 0.822994 0 0.175643 0.00108447
0 0.0439344 0.610587 0.0878687 0.388091 0.00108169
0 0 0.265926 0 0.169524 0.00108105
0 0.160796 0.310044 0.199796 0.210922 0.00107123
0 0.158489 0.3995 0.316979 0.482482 0.00106745
0 0.642924 0.405971 0.295171 0.174852 0.00106736
0 0.685084 0.524933 0.629833 0.451398 0.00106502
0 1 0.7069 0 0.246787 0.00106502
0 0.929715 0.962284 0.140571 0.0754312 0.00106483
0 0 0.937695 0 0.124609 0.00106459
0 1 0.806753 0 0.247121 0.00106393
0 0.212782 0.140924 0.41106 0.281849 0.00106085
0 1 0.858061 0 0.249795 0.00106064
0 0.540034 0.413401 0.268141 0.160059 0.00106056
0 0.989327 0.261617 0.021345 0.180691 0.00105784
0 0.804038 0.310519 0.272931 0.162401 0.00105094
0 1 0.756879 0 0.246816 0.00105085
0 0 0.981457 0 0.0370863 0.00104937
0 0.0517799 0.334493 0.0667489 0.243394 0.00104858
0 0.945307 0.837373 0.109386 0.219666 0.00104796
0 0 0.149711 0 0.173503 0.00104766
0 0.90469 0.948315 0.190619 0.10337 0.00104506
0 0.704813 0.889776 0.334915 0.213475 0.00104301
0 0.0735364 0.912386 0.147073 0.175228 0.00104264
0 1 0.125956 0 0.251912 0.00104219
0 0.075152 0.862727 0.150304 0.274546 0.00104184
0 0 0.3702 0 0.18351 0.00103871
0 0.86718 0.958763 0.265641 0.0824736 0.00103813
0 0.923622 0.873177 0.152757 0.244712 0.00103736
0 0.291055 0.386401 0.582111 0.517223 0.00103475
0 0.991432 0.20499 0.0171357 0.183555 0.00103186
0 0.967076 0.974798 0.0658486 0.0504049 0.00102877
0 0.924034 0.889987 0.151932 0.21804 0.00102595
0 0.591774 0.511091 0.211554 0.149466 0.00102535
0 0 0.421241 0 0.188432 0.00102117
0 0.723258 0.358013 0.283997 0.167128 0.00101779
0 0.472382 0.576025 0.682343 0.483396 0.00101751
0 0 0.471175 0 0.190419 0.00101451
0 0.625113 0.813907 0.515422 0.372186 0.00101276
0 0 0.771826 0 0.179779 0.00101232
0 0 0.5218 0 0.192229 0.00101213
0 0.931266 0.0743528 0.137467 0.148706 0.0010107
0 0 0.723159 0 0.189372 0.00100964
0 0 0.572074 0 0.193626 0.00100941
0 0.0761769 0.820158 0.152354 0.359683 0.00100878
0 0 0.67283 0 0.191237 0.00100644
0 0 0.622294 0 0.192713 0.00100491
0 0.769367 0.608518 0.461267 0.551015 0.00100434
0 0.859962 0.309094 0.280076 0.169747 0.00100081
0 0.777818 0.790285 0.170577 0.125756 0.908414
0 0.4547 0.501791 0.0977398 0.0918267 0.0518201
0 0.784054 0.701727 0.152113 0.103276 0.0157928
0 0.476563 0.536369 0.158066 0.160071 0.00548352
0 0.996138 0.102109 0.00772448 0.204218 0.00545522
0 0.45797 0.51299 0.126023 0.114332 0.00439449
0 0.00431028 0.106148 0.00862056 0.212295 0.00291408
0 0.322403 0.602534 0.173252 0.148979 0.00190741
0 0.50292 0.550073 0.23977 0.192304 0.00145645
0 0.852441 0.501215 0.295117 0.392796 0.00143617
0 0.833752 0.447157 0.332497 0.407253 0.00135465
0 0.900118 0.229286 0.171896 0.209625 0.00132273
0 0.965657 0.407343 0.0686855 0.346204 0.00131997
0 0.11835 0.837014 0.236699 0.222777 0.00129027
0 0.882911 0.214046 0.234179 0.363137 0.00128905
0 0.988352 0.152454 0.0232954 0.304909 0.00128289
0 0.98017 0.203302 0.0396596 0.339356 0.00127922
0 0.958245 0.352737 0.0835105 0.3572 0.00125668
0 0.459601 0.489086 0.0931183 0.0661366 0.00125604
0 0.96383 0.257251 0.0723398 0.352158 0.00124308
0 0.99135 0.497276 0.0172994 0.313454 0.00118236
0 0.799459 0.491903 0.401081 0.554653 0.00116001
0 0.854873 0.294666 0.290254 0.425311 0.0011574
0 1 0.809134 0 0.196259 0.00111703
0 0.678423 0.598527 0.643153 0.577403 0.00111089
0 0.418622 0.416198 0.80034 0.560114 0.00109597
0 0.367708 0.808917 0.297362 0.279015 0.00109096
0 0.147927 0.852293 0.166378 0.187028 0.00108825
0 0.905675 0.141436 0.18865 0.282872 0.00108136
0 0.0897461 0.170779 0.179492 0.341557 0.00107738
0 0.213497 0.456653 0.414287 0.304819 0.00107204
0 0.319177 0.395097 0.638354 0.431213 0.00105926
0 0.413802 0.929727 0.2765 0.140546 0.00105755
0 0.933071 0.600802 0.133858 0.227225 0.0010525
0 0.99374 0.304143 0.0125209 0.295972 0.00105227
0 1 0.583046 0 0.215311 0.00104965
0 0.367891 0.315815 0.735781 0.541403 0.00104473
0 0.371192 0.852957 0.319606 0.281786 0.00104193
0 0.994778 0.403582 0.0104436 0.292563 0.00104104
0 1 0.828909 0 0.131793 0.00103402
0 0.732278 0.559717 0.535444 0.58572 0.00103265
0 0.146724 0.371796 0.293448 0.323032 0.00102599
0 0.111348 0.96835 0.0862211 0.0632996 0.00101979
0 0.917198 0.893107 0.165603 0.213786 0.00101704
0 0 0.898313 0 0.160106 0.00101469
0 0.960529 0.0837965 0.0789415 0.167593 0.00101437
0 0.999308 0.87903 0.0013839 0.24194 0.00101338
0 0.81865 0.393839 0.3627 0.541709 0.00100343
0 1 0.0778498 0 0.1557 0.00100263
0 0.77919 0.791033 0.172046 0.13027 0.88974
0 0.46075 0.495991 0.101544 0.081113 0.344907
0 0.205561 0.832515 0.279098 0.218727 0.00627967
0 0.458849 0.607478 0.103774 0.0661185 0.00561885
0 0.849926 0.582207 0.128002 0.0858748 0.00457356
0 0.332311 0.652204 0.0682672 0.0508566 0.00349884
0 0.124034 0.967195 0.121107 0.0656107 0.0029947
0 1 0.973024 0 0.0539521 0.00299376
0 0.552444 0.541892 0.147947 0.0823074 0.00264176
0 1 0.0845289 0 0.169058 0.00226836
0 0.00057683 0.0616014 0.00115366 0.123203 0.00215769
0 1 0.910462 0 0.179076 0.00211936
0 0.803134 0.557633 0.129753 0.0716248 0.00203409
0 0.339696 0.648027 0.081592 0.0606787 0.00199201
0 0.00414818 0.0919211 0.00829636 0.183842 0.00198118
0 0.384187 0.827006 0.29885 0.224287 0.00187088
0 0.935864 0.568872 0.102313 0.0610647 0.00186807
0 1 0.931726 0 0.136549 0.0016662
0 0.0286527 0.921031 0.0573054 0.157938 0.00154439
0 0.47418 0.503677 0.114433 0.0950298 0.00145646
0 0.501835 0.500775 0.184619 0.0954705 0.00138311
0 0.0448505 0.892041 0.0897009 0.215918 0.00136244
0 0.108519 0.628893 0.217038 0.23806 0.00135398
0 0.108682 0.569452 0.217365 0.220471 0.00127738
0 0.0610611 0.338309 0.122122 0.230338 0.00127348
0 0.0737753 0.375913 0.147551 0.221874 0.00127324
0 0.675186 0.540007 0.133035 0.0855625 0.00126008
0 0.106845 0.690577 0.21369 0.258758 0.00122618
0 0.555743 0.558232 0.156842 0.100144 0.00119006
0 1 0.838515 0 0.165183 0.00117231
0 0.10741 0.514086 0.21482 0.208575 0.00115998
0 1 0.696105 0 0.173952 0.00112096
0 1 0.744733 0 0.17597 0.00111886
0 0.644046 0.555483 0.158226 0.0864077 0.00111597
0 1 0.790758 0 0.174193 0.00110839
0 0.920796 0.16404 0.158408 0.2113 0.00110578
0 0.990282 0.977004 0.0194362 0.0459922 0.00110455
0 0.999802 0.643469 0.000395288 0.184776 0.00109039
0 0.916409 0.214924 0.167183 0.216318 0.00109011
0 0.470452 0.281459 0.846215 0.562919 0.00108773
0 0.0380576 0.307399 0.0761152 0.252622 0.00108401
0 0.0774994 0.422074 0.154999 0.230989 0.00108043
0 0.995903 0.586932 0.0081939 0.208626 0.00106738
0 0.104297 0.462698 0.208594 0.20067 0.00106201
0 0.458678 0.360127 0.331474 0.23334 0.00105873
0 0 0.0238752 0 0.0477504 0.00105054
0 0.571288 0.334912 0.538068 0.430975 0.00104998
0 0.793071 0.702422 0.156501 0.103238 0.00103705
0 0.515035 0.593718 0.141317 0.079538 0.00102596
0 0.994185 0.530603 0.0116299 0.235313 0.00101409
0 0.918617 0.583524 0.138804 0.0794631 0.00101118
0 0.502667 0.288249 0.615917 0.491335 0.0010052
0 0.738876 0.966037 0.261424 0.0679262 0.00100032
0 0.776481 0.792389 0.169064 0.128091 0.886075
0 0.457945 0.495002 0.0937617 0.0765241 0.584401
0 0.998478 0.107484 0.00304364 0.214969 0.0265069
0 0.99798 0.911266 0.00403906 0.177468 0.0114014
0 1 0.964651 0 0.0706974 0.00899982
0 0.889689 0.580395 0.178985 0.0778812 0.00835117
0 1 0.934282 0 0.131436 0.00758904
0 0 0.964629 0 0.0707424 0.00473952
0 0 0.053168 0 0.106336 0.00470129
0 0.523277 0.5184 0.229971 0.124306 0.00410024
0 0.500057 0.50849 0.184204 0.107245 0.00400242
0 1 0.110574 0 0.221148 0.00366826
0 1 0.0810566 0 0.162113 0.00363285
0 0 0.965388 0 0.0692247 0.00351227
0 0 0.934305 0 0.131389 0.00304596
0 0.473813 0.502679 0.125938 0.0919542 0.00281224
0 1 0.0855554 0 0.171111 0.00251417
0 0 0.632511 0 0.131202 0.00225129
0 0 0.60749 0 0.131285 0.00221979
0 0 0.569996 0 0.131323 0.00221449
0 1 0.962451 0 0.0750973 0.00220725
0 1 0.0311527 0 0.0623054 0.0021925
0 0 0.532499 0 0.131529 0.00218704
0 0 0.657492 0 0.131208 0.00217803
0 0 0.695432 0 0.132347 0.00212064
0 0 0.961057 0 0.0778868 0.00191943
0 0 0.721142 0 0.134601 0.0019134
0 0 0.972236 0 0.0555273 0.00189226
0 0.473509 0.598305 0.135391 0.0705654 0.00188497
0 0 0.746825 0 0.136774 0.00187694
0 0 0.0735802 0 0.14716 0.0018583
0 0 0.507998 0 0.134068 0.00178106
0 0 0.92124 0 0.15752 0.00172137
0 0 0.466283 0 0.224609 0.00170037
0 1 0.909735 0 0.18053 0.00168171
0 0 0.566837 0 0.213347 0.00166412
0 0 0.0117414 0 0.0234827 0.00165411
0 0 0.5171 0 0.213228 0.00164121
0 0 0.483257 0 0.13498 0.00154818
0 0 0.036647 0 0.073294 0.00154293
0 0 0.615304 0 0.215484 0.00153649
0 0.555534 0.525195 0.198684 0.120824 0.00150974
0 0.56711 0.531296 0.162282 0.0961985 0.00150268
0 0.83379 0.835071 0.280105 0.153276 0.00149669
0 0 0.948574 0 0.102851 0.00146571
0 0 0.665371 0 0.215433 0.00142696
0 0 0.77266 0 0.139721 0.00139268
0 0 0.43869 0 0.218964 0.00132434
0 0.559115 0.551274 0.162903 0.0979169 0.00132244
0 0 0.213092 0 0.2179 0.00131661
0 0 0.798159 0 0.141372 0.0012864
0 0 0.691283 0 0.224525 0.00128408
0 0 0.0310123 0 0.0620246 0.00128377
0 0 0.641239 0 0.224306 0.0012586
0 0 0.73982 0 0.21607 0.00125707
0 1 0.0306872 0 0.0613744 0.00125609
0 0 0.262348 0 0.219669 0.00124858
0 1 0.163541 0 0.221279 0.00124634
0 0 0.185253 0 0.139911 0.00124502
0 0 0.592218 0 0.22256 0.00122764
0 0 0.958411 0 0.0831786 0.00122033
0 0.8276 0.801211 0.101397 0.116083 0.00120953
0 0 0.542362 0 0.222043 0.00120821
0 0 0.824311 0 0.14482 0.0012061
0 0 0.446977 0 0.138938 0.00120527
0 0 0.422452 0 0.140265 0.00119341
0 0 0.312355 0 0.220219 0.00118638
0 0 0.850376 0 0.147786 0.00118042
0 0 0.161516 0 0.221593 0.00118029
0 0 0.41544 0 0.22626 0.00117713
0 0 0.210103 0 0.140036 0.00117602
0 0 0.385614 0 0.14185 0.00117384
0 0.0209562 0.943799 0.0419124 0.112403 0.00116574
0 0 0.260473 0 0.141047 0.00115829
0 0 0.362616 0 0.220461 0.00115704
0 0 0.298136 0 0.141668 0.00115461
0 0 0.348214 0 0.142091 0.00114729
0 0 0.235302 0 0.140375 0.00113477
0 1 0.247813 0 0.20226 0.00110207
0 0 0.788759 0 0.219211 0.00109076
0 0.914412 0.999937 0.171175 0.000125694 0.00108818
0 1 0.568393 0 0.208624 0.00107594
0 0.677731 0.414582 0.644537 0.58202 0.00105696
0 0.987644 0.977813 0.0247115 0.0443742 0.00105205
0 1 0.29881 0 0.201862 0.00104935
0 0 0.838578 0 0.218473 0.00104694
0 0.591736 0.365172 0.816528 0.594615 0.00104443
0 0 0.0911079 0 0.182216 0.00104269
0 0 0.765129 0 0.225698 0.00104133
0 1 0.35001 0 0.201277 0.00101281
0 0.979059 0.0762689 0.0418815 0.152538 0.00100514
0 0 0.943567 0 0.112866 0.00100477
0 1 0.619391 0 0.20686 0.00100194
0 0.778603 0.792208 0.17042 0.127245 0.734257
0 0.780742 0.792247 0.172033 0.126512 0.768929
0 0.978426 0.886589 0.0431479 0.226822 0.00214833
0 1 0.930631 0 0.138738 0.00189169
0 0.805104 0.64537 0.355527 0.245285 0.00141055
0 0.752747 0.80719 0.117253 0.0901131 0.00140384
0 0.00186746 0.896948 0.00373492 0.206105 0.00134167
0 0.423852 0.548067 0.260576 0.192214 0.00133225
0 0.153975 0.093942 0.307951 0.187884 0.00112772
0 0.460862 0.495991 0.0975043 0.0832312 0.00103854
0 0.457487 0.495138 0.0903141 0.079196 0.723498
0 0.778862 0.791229 0.168368 0.123355 0.445229
0 0.0475417 0.224827 0.0950834 0.0861996 0.00945292
0 0.914641 0 0.170717 0 0.00190662
0 0.0378773 0.236129 0.0757545 0.0647859 0.00186679
0 0.330313 0.663196 0.0612689 0.0250786 0.00167177
0 0.527167 0.468083 0.215096 0.110301 0.00141993
0 0.0920504 0.0993275 0.184101 0.198655 0.00127604
0 0.331141 0.649318 0.0597374 0.0532993 0.00123031
0 0.885012 0 0.214046 0 0.00117381
0 0.52367 0.493641 0.234822 0.0932635 0.00106472
0 0.846327 0 0.197661 0 0.00104897
0 0.62137 0 0.189582 0 0.00100453
0 0.776801 0.792104 0.169254 0.123922 0.891581
0 0.458409 0.49328 0.0893477 0.0739676 0.58801
0 0.466252 0.42822 0.0939343 0.0810717 0.00134247
0 0.0420968 0.233679 0.0833562 0.0731742 0.00113242
0 0.7764 0.793722 0.169273 0.124328 0.961073
0 0.455985 0.494503 0.093886 0.0754162 0.691865
0 0.486494 0.511689 0.152877 0.10508 0.0084313
0 0.000298038 0.0688099 0.000596075 0.13762 0.005759
0 0.304174 0.24457 0.11542 0.097456 0.00366708
0 0.52533 0.525118 0.195845 0.120867 0.00324242
0 1 0.0741522 0 0.148304 0.00287564
0 0.556703 0.529943 0.158642 0.098452 0.0016046
0 0.802793 0.804996 0.119247 0.0962101 0.00148093
0 0 0.0517652 0 0.10353 0.00124604
0 0.776551 0.793513 0.168017 0.124325 0.906541
0 0.456039 0.493715 0.0959985 0.0734398 0.719649
0 0.751598 0.0781565 0.0585065 0.0428086 0.00919819
0 0.763422 0.0777639 0.0816364 0.040816 0.00864368
0 0.330571 0.648454 0.062276 0.0527231 0.00270717
0 0.522174 0.543692 0.0979279 0.0672598 0.00163764
0 0.474143 0.495128 0.134965 0.079183 0.00131479
0 0.484792 0.507582 0.0807045 0.0987944 0.00109633
0 0.779083 0.793805 0.168671 0.125574 0.928585
0 0.46028 0.492134 0.0864719 0.0745214 0.0136716
0 0.443599 0.490608 0.122382 0.0801301 0.0086197
0 0.793645 0.700603 0.158801 0.106957 0.00420933
0 1 0.923586 0 0.152827 0.00141213
0 0.68528 0.545175 0.103761 0.0894283 0.00122048
0 0.887216 0.27388 0.202594 0.12223 0.00116821
0 0.928009 0.0762141 0.119589 0.107928 0.00108523
0 0.777957 0.79532 0.170294 0.124042 0.922075
0 0.455858 0.492544 0.0936241 0.0766102 0.595461
0 0.785675 0.561777 0.106948 0.0777972 0.0584457
0 0.0478474 0.22314 0.0956948 0.0915892 0.0312369
0 0.559635 0.523413 0.181627 0.120066 0.0191127
0 0.040604 0.234422 0.081208 0.083038 0.0139637
0 0.523036 0.541477 0.106989 0.0796845 0.0136692
0 0.795494 0.702317 0.152666 0.104594 0.0101777
0 0.34479 0.641233 0.0922687 0.0670297 0.00716213
0 0.348051 0.629787 0.131787 0.0923326 0.00659873
0 0.312079 0.635238 0.117726 0.0803638 0.00554235
0 0.662288 0.48526 0.112991 0.0753149 0.00464489
0 0.323616 0.621902 0.174415 0.110889 0.00394603
0 0.330606 0.649247 0.0624413 0.0548939 0.00286729
0 0.65482 0.481116 0.0760328 0.0840315 0.00275562
0 0.643719 0.482551 0.106161 0.0733707 0.00263108
0 0.690821 0.428789 0.137792 0.10002 0.00173684
0 0.438958 0.603212 0.112225 0.0895292 0.00171132
0 1 0.969459 0 0.0610817 0.00163697
0 0.424609 0.531553 0.125515 0.0794224 0.00163396
0 0.426733 0.609198 0.127598 0.071332 0.0015113
0 0.361097 0.620237 0.193375 0.0918367 0.00144342
0 0.39109 0.603128 0.131601 0.0878426 0.00142141
0 0.502883 0.543598 0.123172 0.0798111 0.00123736
0 0.427789 0.486091 0.147171 0.0880949 0.00123501
0 0.368772 0.602314 0.131955 0.0930664 0.00119508
0 0.41815 0.581807 0.153313 0.111267 0.00110814
0 0.442143 0.607039 0.105534 0.0602141 0.00108978
0 0.790316 0.57296 0.120697 0.0953364 0.00101251
0 0.777719 0.793765 0.169975 0.125536 0.923702
0 0.457079 0.49376 0.095443 0.0738533 0.842849
0 0.672609 0.491724 0.0996218 0.0609037 0.0224088
0 0.782583 0.562535 0.102296 0.075272 0.0161826
0 0.537323 0.540835 0.112174 0.0781649 0.00810496
0 0.789497 0.705909 0.167442 0.104378 0.00611251
0 0.657638 0.482223 0.115426 0.0686418 0.00483962
0 0.339251 0.627682 0.135903 0.0953953 0.00429156
0 0.30947 0.626932 0.127135 0.0987253 0.00424742
0 0.334044 0.647025 0.0693178 0.057023 0.00359216
0 0.652571 0.466551 0.127667 0.0950965 0.00331904
0 0.459591 0.478131 0.0920376 0.0429578 0.00330148
0 0.671506 0.469278 0.113314 0.0897755 0.00328647
0 0.666921 0.455556 0.135964 0.0975649 0.00309398
0 0.444555 0.495839 0.0675347 0.0716888 0.00197126
0 0.682588 0.487762 0.121205 0.0750473 0.00179762
0 0.681226 0.438024 0.1404 0.0975393 0.00167247
0 0.550609 0.535747 0.131372 0.0911989 0.00154976
0 0.684336 0.454255 0.131784 0.0826956 0.00143616
0 0.689298 0.475089 0.132318 0.0870508 0.00120796
0 0.434476 0.535775 0.0919732 0.055196 0.00119852
0 0.858293 0.565173 0.252253 0.0748821 0.00117634
0 0.468934 0.466632 0.102823 0.0245653 0.0011033
0 0.662719 0.502131 0.110262 0.0612896 0.00104763
0 0.778628 0.793611 0.171081 0.122083 0.946487
0 0.457961 0.493168 0.0919166 0.0711792 0.713083
0 0.476211 0.456376 0.0850311 0.112373 0.00423114
0 0.777646 0.792696 0.169578 0.128381 0.946726
0 0.463956 0.495974 0.0968049 0.0796013 0.0736585
0 0.776141 0.794478 0.169844 0.123587 0.872837
0 0.527954 0.516916 0.240932 0.123555 0.00434596
0 0.458622 0.493536 0.0979405 0.0784081 0.00160831
0 0.506105 0.508245 0.194333 0.106987 0.00144706
0 0.776295 0.793044 0.171001 0.123052 0.877358
0 0.456683 0.492008 0.0920328 0.074698 0.44533
0 0.776805 0.792998 0.164926 0.125981 0.92912
0 0.457755 0.491397 0.0903753 0.071953 0.322305
0 0.912221 1 0.175557 0 0.00313244
0 0.135237 1 0.245602 0 0.00276805
0 0.874184 1 0.235814 0 0.00266269
0 0.822958 1 0.234335 0 0.00238266
0 0.306126 1 0.245029 0 0.00231081
0 0.77147 1 0.234493 0 0.00223511
0 0.202492 1 0.247463 0 0.00221688
0 0.71981 1 0.234554 0 0.00216552
0 0.102967 1 0.205934 0 0.00214866
0 0.650768 1 0.235971 0 0.00214537
0 0.373413 1 0.244338 0 0.00204365
0 0.253591 1 0.24574 0 0.00201044
0 0.461014 1 0.242022 0 0.00199607
0 1 0.896998 0 0.206004 0.00185659
0 0.59863 1 0.237944 0 0.00184395
0 0.546688 1 0.240424 0 0.00172136
0 0.937664 1 0.124672 0 0.00146194
0 1 0.931424 0 0.137152 0.00114771
0 0.777627 0.793627 0.170642 0.126934 0.920327
0 0.776842 0.793002 0.171731 0.125743 0.913466
0 0.776256 0.793003 0.170398 0.12486 0.934646
0 0.126929 0.107791 0.253859 0.215583 0.00110426
0 0.77659 0.79256 0.167649 0.125009 0.893427
0 0.46049 0.502375 0.0961094 0.0954193 0.00366674
0 0.552096 0.506728 0.279202 0.125867 0.00166542
0 0.859191 0.140264 0.278746 0.178215 0.0012661
0 0.775981 0.793442 0.166909 0.123292 0.848276
0 0.45893 0.492987 0.083544 0.0771061 0.0447076
0 0.468256 0.496407 0.108599 0.0855333 0.00153941
0 0.931019 0.0955079 0.107252 0.0803403 0.00133594
0 0.77634 0.793796 0.167931 0.122919 0.865418
0 0.777251 0.79298 0.167342 0.128068 0.921009
0 0.77697 0.795027 0.170792 0.123461 0.902718
0 0.45923 0.492213 0.0906236 0.0771146 0.741639
0 0.788073 0.696424 0.152233 0.10316 0.0185893
0 0.461388 0.463786 0.0914918 0.0192745 0.00504016
0 0.705512 0.802646 0.0253416 0.0979454 0.00267752
0 0.74489 0.0808714 0.0375399 0.0613342 0.00180246
0 0.338616 0.63481 0.0966555 0.0849531 0.00167373
0 0.318313 0.638478 0.109539 0.0780163 0.00161163
0 0.753797 0.0818234 0.0595708 0.0522291 0.00121863
0 0.462367 0.471281 0.0927554 0.0337797 0.00121266
0 0.776731 0.794625 0.16776 0.122179 0.945615
0 0.460563 0.493055 0.0841491 0.0741407 0.110592
0 0.0446616 0.205956 0.0828241 0.129276 0.00308169
0 0.787372 0.697769 0.164152 0.10805 0.00279966
0 0.75742 0.804593 0.129089 0.101388 0.00102788
0 0.777432 0.795147 0.171157 0.123123 0.907456
0 0.785102 0.699686 0.158466 0.10389 0.00286117
0 0.776585 0.792672 0.168343 0.123167 0.916282
0 0.784188 0.701362 0.159782 0.101972 0.00264754
0 0.776534 0.794784 0.168825 0.123566 0.913906
0 0.791945 0.700828 0.147987 0.102533 0.001034
0 0.777046 0.794129 0.168352 0.122633 0.933174
0 0.459007 0.487679 0.0927813 0.0700347 0.00520955
0 0 0.0438762 0 0.0877524 0.00148065
0 0.462116 0.48913 0.0991641 0.101858 0.00119328
0 0.776857 0.793702 0.168584 0.122906 0.931509
0 0.459258 0.494919 0.0936675 0.0782722 0.0815355
0 0.118453 0.107645 0.235349 0.196972 0.00205565
0 0.871107 0.874365 0.257787 0.248414 0.00122565
0 0.777502 0.793327 0.169187 0.123071 0.914365
0 0.468719 0.497658 0.111411 0.0842816 0.0502975
0 0.485372 0.50145 0.14539 0.0928183 0.00437013
0 0.776685 0.793105 0.170833 0.123322 0.9061
0 0.783622 0.69944 0.160755 0.100821 0.00342631
0 0.0033246 0.88756 0.0066492 0.22488 0.00139119
0 0.456496 0.486527 0.0989081 0.065163 0.00113898
0 0.776294 0.793016 0.169946 0.125549 0.918719
0 0.788087 0.699142 0.163056 0.101249 0.00255335
0 0.776346 0.79277 0.170704 0.125876 0.935445
0 0.775257 0.792686 0.168654 0.122869 0.925384
0 0.458516 0.492336 0.091232 0.0776005 0.815814
0 0.481747 0.498003 0.139588 0.0899958 0.00347994
0 0.77681 0.555999 0.0948864 0.0879507 0.00338843
0 0.814166 0.702503 0.108618 0.0990838 0.00174421
0 0.776223 0.793348 0.169813 0.125797 0.928919
0 0.469063 0.496922 0.108584 0.0846336 0.00354835
0 0.463223 0.488738 0.0844884 0.0689575 0.00126798
0 0.788656 0.0973974 0.117745 0.0832446 0.00117979
0 0.777472 0.793407 0.169337 0.127609 0.930739
0 0.777591 0.792847 0.167651 0.126599 0.920431
0 0.458925 0.494204 0.0976861 0.0772238 0.00255566
0 0.777295 0.793584 0.172207 0.1243 0.920846
0 0.459689 0.491799 0.0937628 0.0728956 0.295739
0 0.479466 0.494203 0.136405 0.0813089 0.00348868
0 0.776198 0.794237 0.169838 0.1238 0.930547
0 0.458439 0.492755 0.0905088 0.0768875 0.00940798
0 0.775757 0.794743 0.168198 0.123152 0.926447
0 0.46131 0.495538 0.0911857 0.0832323 0.669671
0 0.478367 0.500356 0.128259 0.0935523 0.0120283
0 0.798142 0.705222 0.126793 0.0923056 0.00111979
0 0.776605 0.793797 0.167902 0.124935 0.928437
0 0.458683 0.49464 0.0900678 0.0791258 0.748865
0 0.479172 0.497797 0.132481 0.0870245 0.0123546
0 0.460386 0.482363 0.0865413 0.0544212 0.00292709
0 0.777237 0.794167 0.16909 0.123458 0.932273
0 0.460874 0.495799 0.0980303 0.0823407 0.595704
0 0.777676 0.794202 0.171244 0.123859 0.92471
0 0.459536 0.496514 0.0902008 0.0829292 0.243725
0 0.776248 0.793834 0.170215 0.125972 0.939057
0 0.459119 0.492455 0.0894547 0.0774397 0.610253
0 0.776743 0.79367 0.171283 0.125423 0.935589
0 0.457856 0.492659 0.0901946 0.0766972 0.533038
0 0.776526 0.793423 0.170635 0.126579 0.930375
0 0.457373 0.494679 0.0929846 0.0810992 0.027157
0 0.797111 0.7029 0.132939 0.0954111 0.00203393
0 0.775734 0.793448 0.168003 0.125408 0.940028
0 0.487381 0.522606 0.151781 0.135798 0.0184316
0 0.784613 0.695266 0.160193 0.10816 0.0147252
0 0.490078 0.542391 0.184866 0.173369 0.0118208
0 0.45291 0.545384 0.268558 0.183722 0.0113122
0 0.47462 0.500006 0.123497 0.0913921 0.00284324
0 0.651659 0.567608 0.172356 0.118008 0.00242741
0 0.460149 0.49445 0.0957676 0.0798521 0.00135379
0 0.776841 0.794022 0.171394 0.127032 0.935416
0 0.458771 0.494307 0.0911698 0.0801626 0.0195988
0 0.485595 0.497009 0.145751 0.0859781 0.00770254
0 0.777056 0.793907 0.172989 0.124178 0.929108
0 0.458642 0.493608 0.0897479 0.0780393 0.0686977
0 0.776932 0.794756 0.171731 0.127344 0.928042
0 0.464896 0.500444 0.104464 0.0904623 0.0157498
0 0.776565 0.793563 0.172624 0.126642 0.941506
0 0.777021 0.793943 0.170948 0.126464 0.908523
0 0.459514 0.573496 0.175975 0.102765 0.00583515
0 0.777357 0.793419 0.174306 0.126214 0.933189
0 0.441567 0.569704 0.149578 0.0966848 0.0185679
0 0.776985 0.7945 0.171531 0.123356 0.923375
0 0.458538 0.575349 0.170687 0.105473 0.00130607
0 0.777691 0.794167 0.168653 0.123317 0.925296
0 0.458285 0.492859 0.0900583 0.0753214 0.574681
0 0.776332 0.793432 0.170501 0.125176 0.931018
0 0.458234 0.492045 0.0901861 0.0754598 0.730498
0 0.776354 0.793429 0.171094 0.12437 0.938518
0 0.460175 0.571025 0.179015 0.105315 0.00197856
0 0.776021 0.794658 0.171227 0.126041 0.929881
0 0.456138 0.573055 0.17555 0.0994686 0.00195092
0 0.776116 0.794258 0.170812 0.123247 0.938979
0 0.45245 0.572784 0.164223 0.10268 0.0463755
0 0.471247 0.497754 0.123134 0.0889734 0.00563404
0 0.777216 0.793819 0.170407 0.126782 0.9382
0 0.463595 0.496692 0.10192 0.0855609 0.348542
0 0.776729 0.793919 0.170391 0.127454 0.932846
0 0.467019 0.497151 0.108233 0.0857985 0.06218
0 0.787697 0.559292 0.123452 0.0803829 0.00213319
0 0.776725 0.793813 0.170546 0.126856 0.947998
0 0.451908 0.571339 0.161682 0.0982306 0.00157742
0 0.77674 0.794351 0.172622 0.126051 0.934818
0 0.77707 0.794626 0.171804 0.124104 0.940195
0 0.452945 0.565029 0.146846 0.0807072 0.0083495
0 0.776676 0.794256 0.171804 0.124327 0.943538
0 0.451027 0.568798 0.160933 0.0896839 0.0721456
0 0.776604 0.793918 0.169931 0.126158 0.935905
0 0.443159 0.56862 0.164627 0.0938646 0.012144
0 0.777088 0.79405 0.171255 0.127426 0.944024
0 0.471308 0.497905 0.11883 0.0886894 0.00146194
0 0.78308 0.698912 0.154649 0.101873 0.00117434
0 0.77634 0.794274 0.170592 0.126546 0.949735
0 0.440449 0.562551 0.151275 0.084149 0.00548635
0 0.785178 0.699742 0.15138 0.100231 0.00110384
0 0.777416 0.794476 0.170631 0.126855 0.934959
0 0.450389 0.566791 0.167393 0.089219 0.002349
0 0.777537 0.794136 0.172054 0.12609 0.934276
0 0.777616 0.793686 0.170413 0.125041 0.949692
0 0.452072 0.566114 0.157697 0.0885035 0.0012336
0 0.777996 0.794115 0.169539 0.126405 0.949526
0 0.806869 0.69971 0.112291 0.103137 0.00304092
0 0.453767 0.566483 0.146324 0.0921211 0.00114153
0 0.463348 0.495089 0.105668 0.0836423 0.0010275
0 0.777382 0.794406 0.170363 0.125976 0.947321
0 0.461269 0.496145 0.0983748 0.0814899 0.0192144
0 0.776474 0.794328 0.171269 0.126141 0.945865
0 0.776827 0.794082 0.170306 0.126855 0.930079
0 0.77655 0.793703 0.171921 0.125708 0.931611
0 0.000277875 0.113208 0.000555751 0.226415 0.00122234
0 0.777152 0.793974 0.172025 0.12666 0.946608
0 0.453845 0.574416 0.164052 0.104873 0.00142653
0 0.77684 0.793917 0.171839 0.127193 0.944694
0 0.451585 0.572739 0.157821 0.100284 0.00141018
0 0.00132967 0.112409 0.00265934 0.224819 0.0011416
0 0.777189 0.79429 0.170404 0.127521 0.938495
0 0.777271 0.794318 0.170736 0.126779 0.939714
0 0.461032 0.496529 0.0964091 0.0832108 0.00750284
0 0.777155 0.794427 0.171334 0.12674 0.940153
0 0.462723 0.497689 0.100149 0.0867409 0.00701152
0 0.77662 0.79453 0.171035 0.126915 0.941404
0 0.776793 0.794556 0.172345 0.127079 0.942211
0 0.776786 0.794404 0.172157 0.12692 0.944335
0 0.777215 0.793817 0.170416 0.12679 0.93819
0 0.463568 0.496684 0.101875 0.0855271 0.347897
