0 0.64281 0.938059 0.19947 0.120846 0.0258781
0 0.638697 0.905137 0.200358 0.184842 0.0152507
0 0.642186 0.89761 0.203433 0.20478 0.0149793
0 0.599153 0.927584 0.285155 0.136559 0.0146576
0 0.904417 0.0863215 0.191165 0.166259 0.0145994
0 0.805453 0.0864907 0.389094 0.165781 0.0144054
0 0.644254 0.866435 0.213126 0.26713 0.0143157
0 0.21023 0.0958723 0.41439 0.185442 0.0143041
0 0.999785 0.0953985 0.000429877 0.190797 0.0138568
0 0.22054 0.133442 0.422536 0.260623 0.013798
0 0.105193 0.915883 0.210386 0.164079 0.0137868
0 0.670848 0.931697 0.269879 0.136606 0.0137503
0 0.870549 0.0908065 0.258902 0.170898 0.0137484
0 1 0.914026 0 0.171948 0.0137324
0 0.000413442 0.102965 0.000826885 0.20593 0.0137262
0 0.219346 0.27725 0.423347 0.550582 0.0135521
0 0.997546 0.167167 0.00490702 0.334333 0.0135273
0 0.183725 0.191224 0.356465 0.376617 0.0135143
0 0.802208 0.155824 0.395585 0.304903 0.0134851
0 0.0307281 0.469333 0.0614563 0.938667 0.0134382
0 0.97593 0.45907 0.0481399 0.918141 0.0133954
0 0.519351 0.0361502 0.115281 0.0661184 0.0133582
0 0.0110013 0.174307 0.0220027 0.348613 0.013332
0 0.99694 0.747719 0.00612062 0.504561 0.0133223
0 0.996322 0.388996 0.00735513 0.777991 0.0132873
0 0.383558 0.911834 0.714683 0.176332 0.0132778
0 1 0.0239969 0 0.0479938 0.0132416
0 1 0.0482612 0 0.0965223 0.0132226
0 0.128333 0.0978094 0.249921 0.1856 0.013162
0 0 0.0339866 0 0.0679731 0.0131245
0 0.033697 0.220824 0.0673941 0.441648 0.0131134
0 0.993018 0.518798 0.0139636 0.941511 0.0130606
0 0.293305 0.916179 0.58661 0.167643 0.0130463
0 0 0.912008 0 0.175984 0.0130382
0 0.99565 0.306212 0.00870014 0.612424 0.0130351
0 0.126733 0.17605 0.253466 0.349505 0.0130285
0 0.114681 0.91326 0.229362 0.173481 0.013006
0 0.86865 0.412942 0.262701 0.825884 0.01297
0 0.221439 0.0808709 0.442878 0.161742 0.0129667
0 0.512665 0.0331375 0.0919234 0.066275 0.0129633
0 0.725352 0.0912199 0.525696 0.172279 0.0129471
0 0.0161508 0.369947 0.0323016 0.739894 0.0129424
0 0.121147 0.282141 0.242295 0.563494 0.0129073
0 0.46368 0.25318 0.92736 0.501178 0.0128932
0 0.440755 0.0701822 0.240403 0.13798 0.0128824
0 0.76165 0.0858022 0.4767 0.171604 0.0128644
0 0.29424 0.986096 0.58848 0.0278088 0.0128599
0 0.765584 0.922134 0.468832 0.155732 0.0128582
0 0.158509 0.884985 0.317018 0.228383 0.0128357
0 0.99445 0.663654 0.0111006 0.672692 0.0128267
0 0.168288 0.913802 0.335413 0.172396 0.0128263
0 0.518276 0.901403 0.407005 0.192711 0.0128241
0 0.279631 0.0662757 0.559261 0.132551 0.0128084
0 0.00515037 0.796243 0.0103007 0.407513 0.0127801
0 0.385257 0.986212 0.759198 0.0275766 0.0127636
0 0.933102 0.386595 0.133797 0.77319 0.012735
0 0.92503 0.54126 0.14994 0.917479 0.0127296
0 0.121983 0.89671 0.243967 0.205164 0.0127274
0 0.290808 0.986761 0.581616 0.0264778 0.0127202
0 0.0069569 0.876029 0.0139138 0.247942 0.0126952
0 0.786464 0.924181 0.427072 0.151639 0.0126897
0 0.475594 0.586472 0.488472 0.26744 0.0126879
0 0.545199 0.148357 0.899523 0.290153 0.0126823
0 0.762093 0.916678 0.437071 0.166643 0.0126735
0 0.410434 0.338019 0.820868 0.676038 0.0126616
0 0.467985 0.034837 0.17768 0.0696739 0.0126527
0 0.567884 0.75698 0.368879 0.47982 0.0126501
0 0.121916 0.0901856 0.243832 0.180371 0.0126385
0 0.747661 0.820447 0.504678 0.353096 0.0126208
0 0.196985 0.914138 0.39397 0.171724 0.0126055
0 0.0198001 0.72646 0.0396002 0.547081 0.0126043
0 0.972705 0.589383 0.0545899 0.821235 0.0126008
0 0.540014 0.603268 0.325826 0.237956 0.0125954
0 0.37276 0.777264 0.745521 0.44524 0.0125884
0 0.434212 0.490771 0.868423 0.971191 0.0125858
0 0.294659 0.363022 0.589319 0.726043 0.0125831
0 0.279638 0.489645 0.559275 0.975004 0.0125755
0 0.0483726 0.58724 0.0967452 0.82552 0.0125711
0 0.619696 0.730264 0.678641 0.532635 0.0125597
0 0.6157 0.501263 0.768601 0.437563 0.012543
0 0.413889 0.90499 0.664306 0.190021 0.0125337
0 0.509458 0.479882 0.947376 0.758431 0.0125218
0 0.464468 0.455049 0.687402 0.633852 0.0125055
0 0.193178 0.714458 0.386355 0.562119 0.0124941
0 0.784203 0.946326 0.431595 0.107348 0.0124939
0 0.681759 0.129176 0.628432 0.252529 0.0124809
0 0.349622 0.6083 0.699243 0.7834 0.0124797
0 0.317988 0.727013 0.635976 0.545974 0.0124542
0 0.171461 0.534907 0.342921 0.897608 0.0124399
0 0.5 0.408221 1 0.367276 0.012432
0 0.5 0.366669 1 0.731432 0.0124161
0 0.37021 0.427354 0.740419 0.854709 0.0123987
0 0.379989 0.582474 0.759978 0.368447 0.012385
0 0.507451 0.898265 0.985098 0.203471 0.0123821
0 0.478604 0.6458 0.388468 0.32365 0.012373
0 0.120449 0.758808 0.240899 0.482385 0.0123407
0 0.494343 0.422564 0.988685 0.845129 0.0123393
0 0.655692 0.651796 0.617869 0.517346 0.0123217
0 0.505592 0.817414 0.468272 0.357257 0.0123115
0 0.654798 0.72636 0.435966 0.499911 0.0123007
0 0.804277 0.874914 0.391446 0.250172 0.0123001
0 0.51257 0.725987 0.36334 0.423168 0.0122927
0 0.399697 0.19582 0.634974 0.38567 0.0122893
0 0.456897 0.183927 0.250892 0.360986 0.0122878
0 0.518948 0.45317 0.962103 0.508937 0.0122528
0 0.587993 0.487462 0.824013 0.637311 0.0122517
0 0.214046 0.602294 0.428092 0.795413 0.0122428
0 0.75213 0.738107 0.495739 0.51291 0.012194
0 0.429443 0.712053 0.858885 0.56506 0.0121885
0 0.128409 0.65848 0.256818 0.683041 0.0121706
0 0.815891 0.782903 0.368219 0.434195 0.0121692
0 0.856734 0.405729 0.286533 0.359633 0.0121155
0 0.860434 0.699407 0.279133 0.601186 0.0121152
0 0.233439 0.384003 0.466879 0.768005 0.0121074
0 0.690699 0.653584 0.596122 0.682451 0.0121014
0 0.491921 0.736501 0.492767 0.524264 0.0120848
0 0.859479 0.569609 0.281043 0.860783 0.0120635
0 0.666425 0.601013 0.66715 0.734916 0.0120558
0 0.493737 0.345037 0.987474 0.426797 0.0120501
0 0.79845 0.537 0.403099 0.689734 0.0120442
0 0.762033 0.633943 0.475935 0.714057 0.0120267
0 0.603157 0.373593 0.793687 0.740417 0.0119614
0 0.5 0.221332 1 0.417339 0.0119408
0 0.102826 0.082427 0.160718 0.149974 0.00349247
0 0.516871 0.0329739 0.10525 0.0659478 0.00343
0 1 0.0714655 0 0.142931 0.00337145
0 0.497193 0.0550646 0.136316 0.105731 0.00333118
0 0.28574 0.0646089 0.156323 0.114743 0.00333028
0 0.070628 0.926559 0.126397 0.142242 0.0032893
0 0 0.0736713 0 0.147343 0.00327117
0 0.310181 0.0631345 0.228954 0.114844 0.0032541
0 1 0.0665823 0 0.133165 0.00325234
0 0.0893087 0.626182 0.146337 0.136065 0.00325124
0 0.999991 0.93761 1.7495e-05 0.124779 0.00324481
0 0.923178 0.0907275 0.152931 0.147495 0.0032369
0 0.747463 0.0914204 0.153604 0.146169 0.00323487
0 0.17846 0.280881 0.156775 0.0867415 0.00323072
0 0 0.954961 0 0.0900789 0.00323019
0 0.242976 0.066676 0.215446 0.121276 0.00323005
0 0 0.0486947 0 0.0973893 0.00322317
0 0.721526 0.0803615 0.220056 0.147221 0.00322258
0 0.0723336 0.0867179 0.134979 0.148152 0.00322184
0 0 0.065382 0 0.130764 0.00322143
0 0.342838 0.514914 0.163235 0.12456 0.00322101
0 0.535768 0.0540771 0.159807 0.101527 0.00321545
0 0.0873092 0.429353 0.115003 0.117059 0.00321513
0 1 0.0514992 0 0.102998 0.00320292
0 0.321788 1 0.54274 0 0.0031994
0 1 0.0626994 0 0.125399 0.0031988
0 0.0767647 0.304156 0.153529 0.504283 0.00319236
0 0.810227 0.922021 0.187281 0.130072 0.00319196
0 0.075128 0.379047 0.150256 0.441822 0.00319105
0 0 0.977372 0 0.0452566 0.00318643
0 0.496986 0.0380081 0.146081 0.0722395 0.00318497
0 0.0575901 0.940757 0.10671 0.115028 0.00318263
0 0.0722587 0.76871 0.144517 0.43008 0.00318112
0 0.0727608 0.833216 0.145522 0.333568 0.00317923
0 0.981318 0.852453 0.037364 0.295095 0.00317755
0 0.062596 0.937935 0.125192 0.123026 0.00317624
0 0.565799 0.567753 0.171592 0.107093 0.00317379
0 0.78908 1 0.42184 0 0.00317309
0 0.844129 0.0860246 0.202643 0.151264 0.00317152
0 0 0.0572495 0 0.114499 0.00316877
0 0.326205 1 0.652411 0 0.00316689
0 0.0774795 0.646024 0.140969 0.163008 0.00316657
0 0 0.0628869 0 0.125774 0.00316495
0 0.173599 0.0688036 0.322013 0.125563 0.00316486
0 0.272644 0.535133 0.252916 0.179569 0.00316478
0 0.556375 0.357803 0.16659 0.130901 0.00316437
0 0.0902295 0.396551 0.120811 0.176291 0.00316402
0 0.795037 0.081942 0.286462 0.150927 0.00316383
0 0.687902 0.0648248 0.164645 0.11623 0.00316364
0 0.772425 0.0869748 0.131494 0.14489 0.00316337
0 0 0.885513 0 0.228973 0.00316326
0 0.990427 0.963014 0.0191456 0.0739727 0.00316189
0 0.332969 0.48186 0.146464 0.0631556 0.00315865
0 0.179707 0.305596 0.1534 0.132336 0.00315607
0 0.973895 0.895151 0.0522101 0.209698 0.00315571
0 0.932622 0.939946 0.12977 0.11486 0.00315457
0 0.998673 0.919288 0.0026545 0.161424 0.00315312
0 0.328377 0.924831 0.518377 0.150338 0.00315215
0 0.998475 0.893527 0.00304952 0.212947 0.00315041
0 0.435789 0.915808 0.161548 0.159556 0.00314938
0 0.0954009 0.832972 0.170526 0.276129 0.0031489
0 0.0746004 0.636391 0.149201 0.274985 0.00314883
0 0.813453 0.090334 0.1566 0.147746 0.00314733
0 0 0.199777 0 0.265837 0.00314718
0 0.78662 0.296684 0.138802 0.125194 0.00314669
0 0.212422 0.930099 0.424845 0.139803 0.00314633
0 0.158727 0.344745 0.197033 0.214159 0.00314576
0 0.0731416 0.38455 0.146283 0.363093 0.00314139
0 0.0699834 0.909489 0.139967 0.181022 0.00314122
0 0.940455 0.930474 0.11909 0.139053 0.00314054
0 0 0.393596 0 0.223639 0.00313985
0 0 0.991276 0 0.0174488 0.00313962
0 0 0.473247 0 0.22325 0.00313928
0 0.404674 0.608818 0.162105 0.179621 0.00313926
0 0 0.0845963 0 0.162887 0.00313909
0 0.499592 0.942453 0.548935 0.115094 0.00313899
0 0.088961 0.584086 0.137526 0.182213 0.00313883
0 0 0.260242 0 0.239508 0.00313876
0 0 0.526242 0 0.218147 0.00313827
0 0.46227 0.895052 0.139047 0.142525 0.00313797
0 0.806283 0.935093 0.387435 0.129814 0.00313768
0 0.208422 0.941006 0.416843 0.117988 0.00313712
0 0 0.0725173 0 0.145035 0.00313624
0 0.977562 0.803224 0.0448756 0.393552 0.00313617
0 0.394941 0.352512 0.12896 0.141331 0.0031355
0 0.0719588 0.238157 0.143918 0.476315 0.00313531
0 0 0.930829 0 0.138342 0.00313522
0 0 0.335407 0 0.246488 0.0031351
0 0.853067 0.265883 0.251591 0.157137 0.00313479
0 0 0.572879 0 0.226402 0.00313435
0 0 0.790714 0 0.191089 0.00313333
0 0 0.731253 0 0.210154 0.00313254
0 0.163495 0.933544 0.326989 0.132912 0.00313243
0 0.876815 0.945215 0.24637 0.109571 0.00313241
0 0.075168 0.713246 0.150336 0.441801 0.00313232
0 0.9642 0.921708 0.0716008 0.156585 0.00313073
0 0.849511 0.993132 0.300978 0.0137366 0.00312975
0 0 0.62579 0 0.218903 0.00312899
0 0.409646 0.571452 0.144149 0.109832 0.00312859
0 0.999947 0.422522 0.000105496 0.258753 0.00312754
0 0.971512 0.713535 0.0569761 0.356687 0.00312686
0 0 0.145844 0 0.269678 0.00312636
0 0.793743 0.367562 0.191849 0.283463 0.00312628
0 0.907764 0.296764 0.175765 0.136886 0.00312608
0 0.355321 0.355102 0.18373 0.152573 0.00312561
0 0.743303 0.944683 0.344432 0.110633 0.00312529
0 1 0.522142 0 0.25326 0.003125
0 0 0.679579 0 0.212311 0.00312434
0 1 0.472055 0 0.260767 0.00312344
0 0.526347 0.362603 0.170339 0.136256 0.00312259
0 0 0.0837935 0 0.160196 0.00312225
0 0.49376 0.0642055 0.213394 0.12598 0.0031218
0 0.0429736 0.364644 0.0859471 0.490625 0.00312155
0 0.258907 0.0663326 0.156306 0.113734 0.00312144
0 1 0.371823 0 0.262966 0.00312132
0 0.12378 0.359059 0.133587 0.180965 0.00312124
0 0.568567 0.0581424 0.226561 0.104315 0.00312122
0 0.0195591 0.385509 0.0391183 0.366227 0.00312064
0 0.999549 0.82417 0.000902505 0.24304 0.0031206
0 0.188047 0.919907 0.223619 0.154552 0.00312048
0 0.235458 0.968092 0.470915 0.0638156 0.00312048
0 0.912213 0.847008 0.175573 0.305984 0.00311968
0 0.781702 0.994963 0.436595 0.0100739 0.00311926
0 0.99797 0.702088 0.00406015 0.248558 0.00311898
0 0.218148 0.0794475 0.188468 0.140322 0.00311871
0 0.453374 0.936323 0.189938 0.125285 0.00311855
0 0.066214 0.91839 0.132428 0.16322 0.00311804
0 0.193559 0.49436 0.13059 0.127526 0.003118
0 0.268741 1 0.537482 0 0.00311777
0 0.997838 0.789248 0.00432429 0.218215 0.00311712
0 0.0720638 0.497065 0.144128 0.477838 0.00311682
0 0.7783 0.966992 0.443399 0.0660162 0.00311672
0 0.471962 0.359252 0.128264 0.139534 0.00311637
0 0.335872 0.375116 0.145362 0.176843 0.00311602
0 0.823504 0.925539 0.350195 0.147256 0.00311543
0 0 0.0251935 0 0.050387 0.00311522
0 0.296426 0.381092 0.134396 0.18282 0.00311466
0 1 0.163688 0 0.268676 0.00311383
0 0.357336 0.0634808 0.185948 0.116252 0.00311372
0 1 0.59162 0 0.264509 0.00311247
0 0.289833 0.165283 0.579667 0.278864 0.00311244
0 1 0.325249 0 0.247764 0.00311229
0 0.902787 0.441614 0.194425 0.301706 0.00311212
0 0.735858 0 0.38802 0 0.00311203
0 0.224967 0.921003 0.194562 0.152088 0.00311199
0 0.284031 0.404977 0.188543 0.250638 0.003111
0 1 0.277466 0 0.243943 0.00311079
0 0.411566 0.525418 0.518471 0.144295 0.00311074
0 0.104896 0.610615 0.178032 0.17028 0.0031104
0 0.835765 0.900399 0.328469 0.186581 0.00311037
0 0.706453 0.241913 0.556111 0.138848 0.00311032
0 0.225082 0.507224 0.180213 0.157961 0.00311026
0 0.162992 0.835714 0.29514 0.208996 0.00311018
0 0.587585 0.833144 0.319586 0.212337 0.00310998
0 0.830945 0.293052 0.172678 0.12838 0.00310932
0 1 0.840711 0 0.318579 0.00310878
0 0.770505 0.57857 0.135007 0.114633 0.00310832
0 0.922701 0.7954 0.154598 0.4092 0.00310824
0 0.271573 0.921711 0.174858 0.149808 0.00310823
0 0.944447 0.671093 0.111106 0.373755 0.00310774
0 1 0.740885 0 0.229605 0.00310773
0 1 0.643638 0 0.264517 0.00310764
0 0.0456388 0.788672 0.0912776 0.422656 0.00310756
0 0.0571261 0.319905 0.114252 0.492295 0.00310716
0 1 0.686516 0 0.284594 0.00310689
0 1 0.714404 0 0.267241 0.00310654
0 0.527149 0.837142 0.354885 0.236369 0.0031064
0 0.821685 0.941178 0.35663 0.117645 0.00310619
0 1 0.634933 0 0.28546 0.00310586
0 0.0895962 0.719845 0.179192 0.3563 0.0031058
0 0.101139 0.937322 0.195352 0.123531 0.00310566
0 0.452417 0.13625 0.415545 0.192974 0.00310481
0 0.195052 0.393998 0.390103 0.362592 0.0031047
0 0.795649 0.998944 0.408702 0.00211105 0.00310466
0 0.826248 0.359787 0.177354 0.281284 0.00310412
0 1 0.224052 0 0.250299 0.00310404
0 0.29725 0.357673 0.162148 0.168675 0.00310394
0 0.622518 0.187496 0.754963 0.374991 0.0213049
0 0.490942 0.229495 0.981885 0.45899 0.020245
0 0.281517 0.216242 0.563033 0.432483 0.0202244
0 0.302716 0.577939 0.605431 0.831055 0.0198924
0 0.307289 0.419362 0.614579 0.838723 0.0190549
0 0.412904 0.295363 0.825809 0.590727 0.0187854
0 0.299124 0.309161 0.598248 0.618323 0.0186425
0 0.455061 0.59297 0.910121 0.812363 0.0186237
0 0.260375 0.203005 0.52075 0.40601 0.0179732
0 0.402499 0.466283 0.804999 0.81107 0.0179518
0 0.40102 0.652096 0.80204 0.695808 0.017836
0 0.611721 0.523996 0.776559 0.791704 0.0167919
0 0.326188 0.649752 0.652375 0.700497 0.0167066
0 0.5 0.582087 1 0.808632 0.0165143
0 0.595157 0.389692 0.809685 0.779385 0.0163346
0 0.5 0.444528 1 0.843659 0.0162495
0 0.5 0.203576 1 0.407151 0.0161721
0 0.338743 0.159385 0.677485 0.31877 0.0161469
0 0.518854 0.21217 0.962292 0.424339 0.0161156
0 0.634578 0.699423 0.730844 0.601154 0.0160337
0 0.5 0.663396 1 0.673207 0.0159714
0 0.479017 0.354982 0.958033 0.709964 0.0158635
0 0.45085 0.158107 0.9017 0.316214 0.0158002
0 0.270959 0.742359 0.541918 0.515282 0.0157451
0 0.49319 0.757567 0.98638 0.484867 0.0156072
0 0.5 0.285074 1 0.570147 0.0155799
0 0.246856 0.183263 0.493712 0.366527 0.0155235
0 0.603821 0.261921 0.792357 0.523843 0.0154741
0 0.492533 0.724695 0.985067 0.550611 0.0153469
0 0.629852 0.362916 0.740296 0.725831 0.0149579
0 0.538603 0.635347 0.922794 0.729305 0.0149403
0 0.641664 0.799555 0.716673 0.40089 0.0146901
0 0.156975 0.760596 0.313951 0.478807 0.014666
0 0.267385 0.127029 0.534769 0.254058 0.0144628
0 0.0215123 0.834252 0.0430246 0.331497 0.0144079
0 0.81433 0.107068 0.37134 0.214137 0.0143133
0 0.307454 0.819748 0.614908 0.360505 0.0143024
0 0.400736 0.131374 0.801472 0.262748 0.0142404
0 0.26834 0.160874 0.53668 0.321748 0.0142276
0 0.547479 0.784494 0.905042 0.431013 0.0142167
0 0.235337 0.28014 0.470674 0.56028 0.0141892
0 0.5 0.373104 1 0.746208 0.014101
0 0.348918 0.39193 0.697837 0.783859 0.0139727
0 0.228212 0.697925 0.456425 0.60415 0.0137298
0 0.975842 0.0960052 0.048317 0.19201 0.0134322
0 0.50513 0.142282 0.989739 0.284564 0.0132934
0 0.5 0.128742 1 0.257483 0.0132909
0 0.5 0.176012 1 0.352025 0.0132677
0 0.630975 0.621271 0.73805 0.654628 0.013117
0 0.5 0.738856 1 0.522288 0.0131122
0 0.514626 0.129092 0.970748 0.258184 0.0129908
0 0.0938608 0.163462 0.187722 0.326924 0.0128705
0 0.5 0.780565 1 0.438871 0.0128163
0 0.998194 0.0723021 0.0036116 0.144604 0.0126727
0 0.0113087 0.916779 0.0226175 0.166442 0.012527
0 1 0.021534 0 0.0430679 0.0125108
0 1 0.0153453 0 0.0306906 0.0124634
0 0.208479 0.137979 0.416959 0.275957 0.012437
0 0.648785 0.866596 0.70243 0.266808 0.0124005
0 0.534562 0.804938 0.930877 0.390124 0.0123026
0 0.978753 0.133923 0.0424949 0.267846 0.0122861
0 0.763328 0.227311 0.473343 0.454621 0.0122317
0 0.726063 0.343678 0.547874 0.462209 0.0120063
0 0.373842 0.84059 0.747683 0.31882 0.0118991
0 0.294309 0.878303 0.588618 0.243394 0.0118151
0 0.8051 0.575231 0.3898 0.274603 0.0117684
0 0.732456 0.673616 0.535088 0.382405 0.0117039
0 0.815746 0.527329 0.368507 0.295688 0.0116887
0 0.998304 0.91692 0.00339232 0.16616 0.011619
0 0.274539 0.779971 0.549078 0.440058 0.0116182
0 0.192111 0.824304 0.384222 0.351393 0.0115986
0 0.756226 0.427698 0.487548 0.41419 0.0115619
0 0.262164 0.893269 0.524328 0.213462 0.0114267
0 0.291407 0.809633 0.582814 0.380735 0.0111672
0 0.964271 0.906007 0.0714577 0.187985 0.0109058
0 0.089073 0.905768 0.178146 0.188465 0.0108928
0 0.743091 0.843048 0.513818 0.313904 0.0108464
0 0.642448 0.939186 0.175088 0.121627 0.00587667
0 0.000559272 0.0724314 0.00111854 0.144863 0.00521497
0 0.000638764 0.0471889 0.00127753 0.0943778 0.00463603
0 0.511053 0.0514604 0.131773 0.102192 0.00447677
0 0.844255 0.115127 0.31149 0.170998 0.00391351
0 0.526518 0.0317615 0.126407 0.063523 0.00389563
0 1 0.0367411 0 0.0734821 0.00384773
0 0.30746 0.770513 0.614921 0.210903 0.00384579
0 0.382258 0.157728 0.582036 0.21926 0.00377859
0 0.852644 0.838957 0.294711 0.253713 0.00376086
0 0.282844 0.149038 0.565688 0.210539 0.00376036
0 0.854288 0.895594 0.291425 0.208812 0.0037549
0 0.581322 0.789223 0.415661 0.219985 0.00375309
0 0.249202 0.783385 0.498404 0.175916 0.00372732
0 0.442561 0.0517017 0.403459 0.103403 0.0036964
0 0.827014 0.900912 0.345973 0.198175 0.00368553
0 0.0105104 0.875397 0.0210207 0.249205 0.00367563
0 0.288761 0.104046 0.572938 0.208092 0.00367422
0 0.805125 0.655358 0.38975 0.138233 0.00365503
0 0.685416 0.770539 0.529318 0.20813 0.00363228
0 0.616612 0.785038 0.554883 0.242477 0.00362036
0 0.376283 0.0537827 0.424331 0.107565 0.00361633
0 0.535941 0.0530205 0.176445 0.106041 0.00359772
0 0.521891 0.827554 0.381198 0.204552 0.00359583
0 0.0113268 0.832542 0.0226536 0.203022 0.00358545
0 0.00423636 0.654104 0.00847272 0.195829 0.00358153
0 0.00881693 0.780862 0.0176339 0.19617 0.00358009
0 0.173678 0.064695 0.347355 0.12939 0.00357922
0 0.577115 0.842347 0.378451 0.242845 0.00356287
0 0.608839 0.0535479 0.321517 0.106557 0.00356089
0 0.00363229 0.55333 0.00726458 0.197796 0.00355944
0 0.254401 0.445977 0.508802 0.178383 0.00355897
0 0.805376 0.14092 0.389248 0.175457 0.00355509
0 0.00383674 0.604821 0.00767348 0.200062 0.00355458
0 0.526904 0.770809 0.446912 0.218536 0.00355189
0 0.00614373 0.728983 0.0122875 0.199467 0.00355002
0 0.867009 0.114112 0.265982 0.174674 0.00353551
0 0.838312 0.804202 0.323376 0.208027 0.00353111
0 0.436864 0.798624 0.488544 0.226954 0.00352349
0 0.0070058 0.503036 0.0140116 0.199347 0.00350849
0 0.339746 0.824248 0.443652 0.188946 0.00350789
0 0.442657 0.125658 0.546321 0.248698 0.00350627
0 0.234396 0.43183 0.468792 0.166203 0.00350525
0 0.216699 0.418796 0.433397 0.17406 0.00349842
0 0.534213 0.105271 0.586947 0.210541 0.0034967
0 0.178979 0.67672 0.357958 0.190064 0.0034908
0 0.425044 0.376995 0.566985 0.18457 0.00347682
0 0.50779 0.155095 0.623925 0.238623 0.00347592
0 0.717235 0.0736383 0.374752 0.147277 0.00347434
0 0.217246 0.369918 0.434492 0.168819 0.00347408
0 0.230086 0.109786 0.460172 0.181162 0.0034625
0 0.00505448 0.200557 0.010109 0.200896 0.00345954
0 0.756296 0.79251 0.453148 0.221217 0.00345636
0 1 0.0551743 0 0.110349 0.00345329
0 0.746494 0.146268 0.507013 0.182943 0.0034518
0 0.304003 0.0453757 0.507554 0.0907515 0.0034504
0 0.0302224 0.451965 0.0604449 0.201214 0.00344189
0 0.686261 0.658161 0.546886 0.14251 0.00344033
0 0.506772 0.393251 0.596104 0.175417 0.00343344
0 0.0309535 0.402199 0.0619069 0.197365 0.0034216
0 0.00235055 0.146336 0.0047011 0.209514 0.00341819
0 0.00106205 0.100704 0.0021241 0.201408 0.00341335
0 0.0131745 0.250359 0.026349 0.198894 0.00341143
0 0.653727 0.0736008 0.375714 0.147202 0.00340808
0 0.599881 0.506769 0.395423 0.167418 0.0034054
0 0.616704 0.818139 0.416525 0.178532 0.00339157
0 0.0268601 0.350837 0.0537202 0.19768 0.00339089
0 0.574324 0.661934 0.550485 0.152964 0.00338913
0 0.233602 0.77438 0.467204 0.137065 0.00338615
0 0.373681 0.119193 0.622126 0.214654 0.00337919
0 0.374237 0.895499 0.395314 0.196813 0.0033772
0 0.184502 0.784451 0.369004 0.156347 0.00337715
0 0.577521 0.753973 0.482299 0.185794 0.0033734
0 0.276253 0.728855 0.552506 0.198361 0.00336978
0 0.28703 0.665316 0.57406 0.168471 0.00336552
0 0.244629 0.520271 0.489258 0.141019 0.00336456
0 0.612486 0.226207 0.5758 0.189166 0.00336174
0 0.0225826 0.299174 0.0451652 0.19376 0.00335713
0 0.611045 0.94773 0.224564 0.10454 0.00335463
0 0.175303 0.351251 0.341498 0.136155 0.00335411
0 0.625096 0.162775 0.64557 0.24709 0.00334958
0 0.679268 0.0608049 0.382634 0.12161 0.00334192
0 0.759356 0.969968 0.365802 0.0600635 0.00333745
0 0.465595 0.51737 0.386436 0.133177 0.0033329
0 0.705829 0.508376 0.456168 0.159005 0.00333236
0 0.835185 0.835474 0.329631 0.223744 0.00333134
0 0.175082 0.621999 0.350164 0.176443 0.00332728
0 0.178837 0.416791 0.357674 0.13802 0.00332349
0 0.116833 0.343936 0.233666 0.0923459 0.0033231
0 0.853713 0.0882993 0.292574 0.166657 0.00331381
0 0.554336 0.207679 0.565716 0.1788 0.00331169
0 0.185827 0.705956 0.371654 0.191848 0.0033072
0 0.248061 0.221221 0.481226 0.212128 0.00330643
0 0.404894 0.847401 0.402306 0.211402 0.00330183
0 0.793576 0.643646 0.412848 0.1689 0.00330139
0 0.405831 0.0424848 0.387959 0.0849695 0.00330088
0 0.367111 0.207792 0.607624 0.178596 0.00329936
0 0.786794 0.0753215 0.36181 0.150643 0.00328609
0 0.523822 0.502662 0.47348 0.124581 0.00328544
0 0.82014 0.0624632 0.35972 0.124926 0.00328516
0 0.426908 0.434542 0.62838 0.171206 0.00328369
0 0.845388 0.928475 0.309224 0.14305 0.00328216
0 0.166501 0.682902 0.333003 0.212934 0.00327842
0 0.89086 0.0675276 0.218279 0.135055 0.00327724
0 0.650822 0.049295 0.521076 0.09859 0.00327029
0 0.156521 0.0855485 0.313042 0.171097 0.00326963
0 0.521399 0.87492 0.372066 0.198135 0.0032696
0 0.205116 0.397349 0.38542 0.174168 0.00326939
0 0.23585 0.397226 0.4717 0.169871 0.00326915
0 0.186864 0.754066 0.373728 0.146753 0.00326828
0 0.298222 0.850988 0.467554 0.180003 0.00326822
0 0.433674 0.491089 0.457509 0.0898736 0.00326692
0 0.176614 0.813731 0.353228 0.166823 0.00326484
0 0.673665 0.505613 0.519786 0.115857 0.00326106
0 0.342611 0.0703485 0.444735 0.140697 0.0032607
0 0.443183 0.487498 0.577256 0.110134 0.00326018
0 0.195539 0.641681 0.385793 0.171727 0.00325985
0 0.820928 0.499388 0.358144 0.134089 0.00325583
0 0.405383 0.928543 0.413662 0.142914 0.00325468
0 0.229742 0.321226 0.459485 0.18223 0.00324222
0 0.393159 0.0352414 0.421753 0.0704829 0.0032415
0 0.46009 0.349233 0.473459 0.175324 0.00324135
0 0.41417 0.0625332 0.438153 0.125066 0.00323615
0 0.198592 0.734175 0.397184 0.16933 0.00323391
0 0.605019 0.034434 0.277987 0.068868 0.00323285
0 0.569356 0.893436 0.358464 0.213128 0.00323036
0 0.784111 0.825844 0.400116 0.20544 0.00322617
0 0.763674 0.900219 0.472653 0.183038 0.00322588
0 0.779441 0.463447 0.441118 0.153319 0.00322505
0 0.728342 0.0929964 0.373262 0.185993 0.00322421
0 0.536516 0.06395 0.170071 0.1279 0.00322368
0 0.17559 0.55895 0.35118 0.204917 0.00322221
0 0.275411 0.693531 0.550822 0.198265 0.00322177
0 0.491359 0.669081 0.574089 0.169045 0.00322072
0 0.778823 0.0681503 0.442353 0.136301 0.00321257
0 0.421623 0.0313693 0.441543 0.0627386 0.00321219
0 0.288639 0.196898 0.549915 0.177193 0.00320875
0 0.16282 0.301824 0.325641 0.181748 0.00320857
0 0.176792 0.392872 0.352189 0.134912 0.00320838
0 0.420197 0.503277 0.334005 0.100393 0.00320731
0 0.364989 0.392765 0.636395 0.174138 0.00320645
0 0.448617 0.754038 0.543941 0.213863 0.00320611
0 0.437014 0.0759058 0.508573 0.144987 0.00320557
0 0.700891 0.0554208 0.473608 0.110842 0.00320258
0 0.845842 0.629087 0.308316 0.192167 0.00320036
0 0.86347 0.483905 0.27306 0.147012 0.00320014
0 0.617872 0.389551 0.501298 0.165801 0.00319793
0 0.749801 0.057847 0.367006 0.115694 0.00319693
0 0.603683 0.928613 0.30029 0.142775 0.00319141
0 0.0899866 0.369153 0.179973 0.187058 0.00318942
0 0.44197 0.250136 0.571674 0.208221 0.00318618
0 0.319057 0.354282 0.490822 0.183037 0.00318507
0 0.182727 0.448424 0.365453 0.206634 0.00318289
0 0.157357 0.873129 0.314714 0.215208 0.00318187
0 0.750843 0.76326 0.498315 0.196974 0.00318161
0 0.872542 0.898155 0.254916 0.194461 0.00317696
0 0.779114 0.0601421 0.385613 0.120284 0.00317651
0 0.615303 0.110466 0.536189 0.181723 0.0031736
0 0.815093 0.109316 0.369815 0.159255 0.00316586
0 0.637351 0.953624 0.242718 0.0927513 0.00315797
0 0.730359 0.208451 0.539281 0.19537 0.00315558
0 0.176213 0.846229 0.352425 0.185193 0.00315493
0 0.480097 0.218738 0.563012 0.213505 0.00315096
0 0.133911 0.777934 0.267822 0.231591 0.00314964
0 0.46367 0.642643 0.548076 0.168926 0.00314668
0 0.0124334 0.694722 0.0248669 0.204458 0.00314609
0 0.555525 0.0784587 0.319279 0.156917 0.00314427
0 0.123869 0.252519 0.247737 0.204309 0.00314257
0 0 0.0220211 0 0.0440421 0.00313836
0 0.35417 0.869673 0.427381 0.18394 0.0031382
0 0.229581 0.49687 0.459163 0.136319 0.00313456
0 0.903105 0.922873 0.193789 0.154253 0.00313433
0 0.578729 0.0596329 0.253966 0.119266 0.00313157
0 0.373976 0.518792 0.364645 0.132771 0.00313026
0 0.635349 0.500517 0.389901 0.108193 0.00312735
0 0.12808 0.219421 0.25616 0.201519 0.00312651
0 0.780397 0.20953 0.439207 0.18081 0.00312643
0 0.798827 0.513077 0.402346 0.162943 0.00312356
0 0.905578 0.884888 0.188845 0.230224 0.00312203
0 0.307855 0.642693 0.518446 0.171016 0.00312131
0 0.224198 0.0893364 0.394774 0.178673 0.00312129
0 0.862106 0.138275 0.275788 0.174299 0.00312122
0 0.592802 0.821605 0.607755 0.180194 0.00312013
0 0.178781 0.242073 0.357562 0.158592 0.00311968
0 0.870897 0.0590885 0.258206 0.118177 0.00311763
0 0.707646 0.827134 0.480452 0.196625 0.0031167
0 0.267222 0.07325 0.534444 0.1465 0.00311611
0 0.159241 0.802401 0.318482 0.262062 0.0031155
0 0.197021 0.354551 0.377782 0.219085 0.00311507
0 0.0872969 0.326713 0.174594 0.227288 0.00311451
0 0.14227 0.391608 0.242991 0.206828 0.00311388
0 0.819678 0.714325 0.360645 0.200242 0.00311269
0 0.229316 0.468214 0.458633 0.142751 0.00310805
0 0.973301 0.798471 0.0533987 0.18858 0.00310711
0 0.246965 0.820923 0.49393 0.178287 0.00310589
0 0.176847 0.509843 0.353695 0.212096 0.00310553
0 0.45653 0.896599 0.387986 0.206802 0.00310543
0 0.83669 0.898195 0.32662 0.203609 0.00310314
0 0.129902 0.0697863 0.259804 0.139573 0.00310232
0 0.744103 0.488501 0.511793 0.101369 0.00310179
0 0.137207 0.668597 0.274413 0.197436 0.00310156
0 0.421109 0.479383 0.343376 0.0743799 0.00309876
0 0.788049 0.922626 0.423902 0.154748 0.00309681
0 0.371966 0.261968 0.579681 0.238292 0.00309644
0 0.839012 0.391991 0.321976 0.165332 0.00309322
0 0.345276 0.327682 0.422677 0.211138 0.00309236
0 0.442915 0.462964 0.395604 0.116677 0.00309091
0 0.754677 0.937512 0.403253 0.124975 0.00308943
0 0.35857 0.284925 0.392165 0.258352 0.00308862
0 0.00636675 0.992206 0.0127335 0.0155888 0.00308773
0 0.566648 0.92546 0.271507 0.14908 0.00308657
0 0.543529 0.364837 0.519066 0.212056 0.00308529
0 0.650994 0.722883 0.629019 0.240485 0.00308162
0 0.33711 0.929794 0.400394 0.140411 0.00308073
0 0.653209 0.245694 0.491997 0.175919 0.00307871
0 0.506988 0.710311 0.630465 0.246101 0.00307723
0 0.279079 0.25257 0.558158 0.227194 0.00307717
0 0.155797 0.711536 0.311593 0.213319 0.00307715
0 0.360377 0.0919268 0.573913 0.183854 0.00307382
0 0.164119 0.647748 0.328237 0.209032 0.00307315
0 0.49365 0.0919477 0.461972 0.183895 0.00307202
0 0.605325 0.642045 0.475487 0.170035 0.003072
0 0.200587 0.0557813 0.380676 0.111563 0.00306928
0 0.514111 0.0338421 0.0981779 0.0676842 0.0625391
0 0.995385 0.0938612 0.00922946 0.187722 0.0228639
0 0.823926 0.615942 0.352148 0.768116 0.021223
0 0.831703 0.350977 0.336595 0.701955 0.0205725
0 0.639949 0.939744 0.189264 0.117372 0.020151
0 0.836774 0.494904 0.326452 0.810382 0.0163966
0 0.954381 0.172091 0.0912376 0.344181 0.0146105
0 0.0663753 0.305564 0.132751 0.226901 0.0139167
0 0.806204 0.274508 0.387592 0.549016 0.0137402
0 0.0632311 0.212365 0.126462 0.202583 0.013687
0 0.0639778 0.26047 0.127956 0.246028 0.0135249
0 0.0698079 0.34432 0.139616 0.238965 0.0133313
0 0.777265 0.378273 0.445469 0.747462 0.0132075
0 0.370115 0.328636 0.453028 0.657272 0.0131664
0 0.0659442 0.491369 0.131888 0.233629 0.0131656
0 0.119694 0.291289 0.239387 0.232283 0.0131042
0 0.108641 0.258702 0.217281 0.224881 0.0130764
0 0.900088 0.904356 0.199825 0.191287 0.0130059
0 0.810063 0.676578 0.379873 0.646844 0.0130022
0 0.109779 0.212674 0.219557 0.201092 0.0129814
0 0.851499 0.745118 0.297002 0.509764 0.0129553
0 0.0604518 0.132938 0.120904 0.243878 0.0128922
0 0.0668587 0.543848 0.133717 0.228719 0.012877
0 0.550604 0.272806 0.469841 0.545613 0.0128706
0 0.128504 0.32565 0.257008 0.222157 0.0128519
0 0.00424337 0.360006 0.00848675 0.329086 0.0127341
0 0.986747 0.1262 0.0265069 0.252401 0.0126953
0 0.0686402 0.451096 0.13728 0.221595 0.0125729
0 0.031929 0.350531 0.063858 0.247651 0.012559
0 0.72773 0.165493 0.544539 0.315506 0.0125565
0 0.826641 0.671732 0.346717 0.656535 0.012539
0 0.0656364 0.102139 0.131273 0.204277 0.0125087
0 0.84409 0.925927 0.226853 0.148147 0.0124888
0 0.00364103 0.461704 0.00728206 0.294958 0.0124855
0 0.248565 0.493642 0.333893 0.416183 0.0124806
0 0.00459498 0.304938 0.00918997 0.341297 0.0124679
0 0.449948 0.288379 0.524106 0.576759 0.0124643
0 0.0694445 0.384429 0.138889 0.231392 0.0124445
0 0.115297 0.522941 0.230595 0.2421 0.0124138
0 0.105193 0.135445 0.210386 0.24487 0.0124018
0 0.0311956 0.302763 0.0623912 0.248778 0.01239
0 0.33668 0.873071 0.251321 0.165808 0.0123899
0 0.856069 0.830228 0.287862 0.339545 0.012383
0 0.692396 0.374956 0.615209 0.749912 0.0123827
0 0.133362 0.245815 0.266725 0.214688 0.012359
0 0.415098 0.198447 0.481466 0.396895 0.0122987
0 0.148048 0.128344 0.296097 0.256688 0.012296
0 0.403354 0.87657 0.26501 0.18675 0.0122737
0 0.171807 0.887904 0.343615 0.218633 0.0122636
0 0.479257 0.84091 0.287336 0.213198 0.0122345
0 0.0313483 0.25032 0.0626965 0.267862 0.0122291
0 0.620233 0.117491 0.276637 0.234983 0.012221
0 0.437015 0.448613 0.87403 0.296883 0.0122113
0 0.133398 0.489022 0.266797 0.251069 0.012206
0 0.628868 0.82916 0.248807 0.199575 0.0121902
0 0.485709 0.248345 0.786856 0.49669 0.0121842
0 0.443306 0.471928 0.854098 0.523745 0.0121796
0 0.570024 0.837451 0.27511 0.209898 0.0121694
0 0.661195 0.189043 0.393892 0.368373 0.012163
0 0.340406 0.912657 0.246957 0.166564 0.0121618
0 0.127683 0.365177 0.255366 0.249066 0.0121143
0 0.12016 0.447386 0.240321 0.268168 0.0121069
0 0.355042 0.924219 0.236398 0.151562 0.0120812
0 0.898429 0.0976934 0.203141 0.195387 0.012078
0 0.682502 0.273591 0.634995 0.535687 0.0120428
0 0.0738418 0.581063 0.147684 0.247384 0.0120153
0 0.283962 0.735649 0.567924 0.493209 0.0120102
0 0.570572 0.288852 0.858856 0.566188 0.0119893
0 0.588797 0.238837 0.822407 0.477674 0.0119868
0 0.193838 0.486064 0.308842 0.272358 0.0119812
0 0.114978 0.100737 0.229956 0.201475 0.0119755
0 0.702885 0.0972712 0.290097 0.194542 0.0119749
0 0.28641 0.906197 0.259585 0.165164 0.0119468
0 0.844665 0.960133 0.259887 0.0797347 0.0119316
0 0.403972 0.843321 0.277175 0.197089 0.0119264
0 0.582676 0.940999 0.285992 0.118002 0.0119077
0 0.625012 0.937949 0.219233 0.124101 0.0119055
0 0.753028 0.114593 0.333979 0.224882 0.0118939
0 0.518672 0.172832 0.139668 0.345665 0.0118663
0 0.559634 0.420752 0.644685 0.34327 0.0118642
0 0.573515 0.148784 0.243589 0.297567 0.011857
0 0.00247441 0.555649 0.00494881 0.295733 0.0118537
0 0.691669 0.822085 0.264615 0.178647 0.0118489
0 0.367139 0.960636 0.256697 0.0787277 0.0118394
0 0.824593 0.783554 0.286082 0.191555 0.011833
0 0.878352 0.917313 0.243296 0.165374 0.0118219
0 0.872196 0.886138 0.255609 0.227723 0.0118199
0 0.181777 0.496417 0.363553 0.246995 0.0118122
0 0.0351389 0.124932 0.0702778 0.249864 0.0117933
0 0.133938 0.284788 0.267875 0.218169 0.0117875
0 0.0113436 0.412381 0.0226872 0.342403 0.0117665
0 0.207674 0.129546 0.2918 0.259093 0.0117578
0 0.303962 0.0736827 0.23952 0.147365 0.0117531
0 0.777409 0.0943522 0.294092 0.180182 0.0117494
0 0.50297 0.882585 0.270495 0.217444 0.0117432
0 0.142228 0.202762 0.284457 0.186167 0.0117354
0 0.00395436 0.210242 0.00790872 0.34145 0.0117214
0 0.775261 0.95075 0.263232 0.098501 0.0117165
0 0.00121031 0.617785 0.00242062 0.343228 0.0117139
0 0.274023 0.487258 0.363228 0.32932 0.0117054
0 0.744787 0.104405 0.510425 0.20881 0.0116916
0 0.0048546 0.106863 0.00970919 0.213726 0.0116585
0 0.826872 0.832077 0.263334 0.205531 0.0116568
0 0.831806 0.881931 0.242268 0.13683 0.0116503
0 0.0288244 0.58578 0.0576488 0.253068 0.0116435
0 0.0309176 0.454502 0.0618352 0.218683 0.0116312
0 0.340538 0.844012 0.258179 0.186705 0.0116195
0 0.267183 0.203926 0.274531 0.289511 0.0116185
0 0.836499 0.0927583 0.295555 0.185517 0.0116107
0 0.0333842 0.190833 0.0667684 0.22794 0.0116033
0 0.688085 0.939535 0.330984 0.12093 0.0115537
0 0.304392 0.934218 0.280793 0.131565 0.0115307
0 0.257696 0.35298 0.302007 0.287572 0.0114752
0 0 0.686245 0 0.420229 0.0114741
0 0.28217 0.877864 0.264933 0.166801 0.0114545
0 0.181381 0.907598 0.362762 0.184805 0.0113944
0 0.759265 0.820854 0.253312 0.176362 0.011392
0 0.16349 0.103558 0.322029 0.207116 0.0113816
0 0.0877775 0.723335 0.175555 0.362794 0.0113698
0 0.372329 0.694768 0.744659 0.521431 0.0113621
0 0.00920732 0.508721 0.0184146 0.308785 0.0113525
0 0.225856 0.099227 0.29039 0.198454 0.0113015
0 0.25815 0.442492 0.267761 0.41265 0.0112948
0 0.00471339 0.77553 0.00942677 0.416224 0.0112947
0 0.597033 0.881006 0.248711 0.231742 0.0112942
0 0.543187 0.808648 0.350473 0.363304 0.0112897
0 0.206547 0.384655 0.288365 0.285664 0.0112819
0 0.0429279 0.662857 0.0858559 0.307386 0.0112685
0 0.884852 0.946897 0.230295 0.106205 0.0112633
0 0.5 0.428783 1 0.639102 0.0112458
0 0.19892 0.285556 0.289025 0.222812 0.0112276
0 0.232132 0.907795 0.3438 0.184411 0.0112144
0 0.107851 0.787602 0.215701 0.392971 0.0112103
0 0.410317 0.0705198 0.270299 0.14104 0.0112058
0 0.0584681 0.921156 0.116936 0.157689 0.011203
0 0.614542 0.822613 0.297377 0.250971 0.0111892
0 0 0.254716 0 0.333818 0.0111865
0 0.208334 0.197768 0.286659 0.187021 0.0111777
0 0.237233 0.0699407 0.271119 0.139881 0.0111769
0 0.993092 0.173033 0.0138168 0.346067 0.0111689
0 0.410944 0.929401 0.265805 0.141197 0.0111504
0 0.205512 0.321742 0.291252 0.186365 0.0111388
0 0.132259 0.373821 0.264518 0.292889 0.0111365
0 0.0385197 0.0996908 0.0770394 0.199382 0.0111351
0 0.999477 0.911841 0.00104549 0.176319 0.0111278
0 0.0351107 0.795526 0.0702214 0.350719 0.0111162
0 0.754811 0.78376 0.262997 0.146233 0.0111148
0 0.195927 0.243046 0.287891 0.24483 0.0111087
0 0.00868593 0.908274 0.0173719 0.183451 0.0111045
0 0.491171 0.777146 0.474142 0.445707 0.0111029
0 0.0111355 0.841097 0.022271 0.317805 0.011102
0 0.358691 0.486266 0.587527 0.28131 0.0110891
0 0.031257 0.537568 0.0625141 0.218649 0.0110698
0 0.0940899 0.842817 0.18818 0.302263 0.0110488
0 0.634089 0.880301 0.209529 0.219916 0.0110451
0 0.0195635 0.86928 0.0391271 0.26144 0.0110266
0 0.0302623 0.806772 0.0605245 0.386457 0.0110044
0 0.277259 0.849935 0.28351 0.181592 0.010979
0 0.125798 0.924705 0.251597 0.15059 0.0109765
0 0.419845 0.10892 0.27864 0.21784 0.0109677
0 0 0.169861 0 0.339722 0.0109595
0 0.294193 0.668791 0.588385 0.397307 0.0109424
0 0.758102 0.873978 0.252579 0.148325 0.0109372
0 0.282754 0.102504 0.245578 0.205008 0.0109167
0 0.484328 0.0597707 0.174705 0.119541 0.0109154
0 0.269976 0.240917 0.321708 0.346383 0.0108778
0 0.454696 0.167886 0.238423 0.335771 0.0108702
0 0.228856 0.901812 0.254394 0.171979 0.0108673
0 0.362817 0.571073 0.725633 0.27223 0.0108177
0 0.513561 0.118542 0.155986 0.237084 0.0108124
0 0.810014 0.122647 0.379972 0.245293 0.0108044
0 0.0522186 0.884027 0.104437 0.231945 0.0107976
0 0.167655 0.532964 0.335309 0.227295 0.0107891
0 0 0.0957107 0 0.191421 0.0107763
0 0 0.184276 0 0.27874 0.0107673
0 0.469747 0.717585 0.939493 0.56483 0.0107566
0 0.27725 0.519957 0.554499 0.224592 0.0107337
0 0.436073 0.641952 0.872146 0.478571 0.0107061
0 0.77985 0.924374 0.218978 0.151252 0.0106941
0 0.291919 0.280214 0.388227 0.355973 0.0106854
0 0.418086 0.495512 0.836172 0.263206 0.0106577
0 0.193783 0.906706 0.336226 0.186589 0.0106508
0 0.563632 0.936272 0.255518 0.127337 0.0106279
0 0.713711 0.181557 0.572578 0.363114 0.0106231
0 0.531625 0.505723 0.936751 0.56472 0.0106202
0 0.951259 0.0950058 0.0974817 0.190012 0.010612
0 0.482412 0.73627 0.725391 0.52746 0.0105795
0 0.17722 0.851227 0.35444 0.294872 0.0105481
0 0.440594 0.95588 0.261923 0.0882408 0.0104701
0 0.776978 0.224461 0.446045 0.433086 0.0104224
0 0.130622 0.641963 0.261244 0.361931 0.010408
0 0.00922654 0.935701 0.0184531 0.128597 0.0103745
0 0.431683 0.941201 0.240104 0.117597 0.0103694
0 0.781726 0.56588 0.436548 0.769515 0.0103296
0 0.605498 0.494069 0.789005 0.812091 0.0102221
0 0.669623 0.693579 0.660754 0.383773 0.0102042
0 0.5 0.326731 1 0.337835 0.0101712
0 0.484148 0.402201 0.954883 0.339491 0.0101617
0 0.805906 0.731583 0.373957 0.333556 0.0100824
0 0.700039 0.92602 0.289493 0.147961 0.010018
0 0.685562 0.368078 0.628876 0.303989 0.00996313
0 0.585104 0.940948 0.233614 0.118104 0.00986524
0 0.638767 0.336461 0.722465 0.206852 0.00978194
0 0.633867 0.928725 0.19508 0.14255 0.00974886
0 0.6912 0.882235 0.271553 0.177383 0.0097216
0 0.11054 0.907409 0.22108 0.180225 0.00961553
0 0.575712 0.683093 0.848575 0.515899 0.00956383
0 0.781571 0.329096 0.436858 0.220743 0.00954994
0 0.460307 0.698685 0.920614 0.60263 0.00949552
0 0.499181 0.589517 0.825956 0.463123 0.00948679
0 0.544919 0.361474 0.910163 0.281606 0.00945887
0 0.704089 0.328229 0.591823 0.518863 0.00942254
0 0.565736 0.714764 0.411978 0.379075 0.00941064
0 0.5 0.320591 1 0.60507 0.00937801
0 0.732742 0.695964 0.335018 0.293137 0.0093567
0 0.975053 0.866542 0.0498931 0.266917 0.00920226
0 0.672871 0.622893 0.585981 0.259488 0.00916983
0 0.61936 0.397204 0.76128 0.299947 0.00913041
0 0.205097 0.858788 0.331534 0.176031 0.00913013
0 0.667864 0.264504 0.664273 0.348166 0.0090599
0 0.523023 0.622247 0.43888 0.214341 0.00886541
0 0.5 0.432316 1 0.312937 0.0088533
0 0.640252 0.690761 0.377863 0.327054 0.0088347
0 0.545268 0.594988 0.909464 0.320565 0.00878553
0 0.530607 0.571403 0.78473 0.325404 0.00877666
0 0.670622 0.590421 0.658756 0.818287 0.00865239
0 0.603724 0.93015 0.219798 0.139701 0.00862623
0 0.43148 0.656991 0.823026 0.380293 0.00797564
0 0.437745 0.624535 0.669668 0.225043 0.0076719
0 0.0808879 0.972721 0.104462 0.0450947 0.00631209
0 0.5 0.588737 1 0.274316 0.00621042
0 0.0702952 0.976862 0.0739142 0.0367958 0.00607117
0 0.982997 0.432484 0.034005 0.338513 0.00500347
0 0.531738 0.0697026 0.157994 0.136532 0.00498934
0 0.549832 0.0257361 0.175817 0.0514723 0.00481161
0 0.996364 0.537167 0.00727239 0.340836 0.00479007
0 0.983275 0.507827 0.0334496 0.339815 0.0045559
0 0.609421 0.94192 0.128204 0.111874 0.00435876
0 0.95257 0.970827 0.0948599 0.0522465 0.00435476
0 0.0822754 0.146071 0.104052 0.0559569 0.00421557
0 0.509814 0.0284337 0.123731 0.0568674 0.00417968
0 0.514957 0.0609051 0.125595 0.12181 0.00416077
0 0.409215 0.0360237 0.316089 0.0720473 0.00406595
0 1 0.582247 0 0.317183 0.00405778
0 0.996673 0.462557 0.00665388 0.341997 0.00401114
0 0.595401 0.101124 0.124257 0.0597465 0.00396751
0 0.0650041 0.971866 0.0857677 0.0484924 0.00392333
0 0.324728 0.480814 0.138723 0.0651988 0.00387131
0 0.976407 0.133274 0.0471852 0.266548 0.00386949
0 0.079596 0.465473 0.114163 0.0358278 0.0038663
0 0.0902214 0.194617 0.129961 0.0527927 0.00386621
0 0.340392 0.354446 0.16635 0.0576646 0.00386366
0 0.00803887 0.0391678 0.0160777 0.0783357 0.00385481
0 0.0916898 0.967801 0.122201 0.0560379 0.00380673
0 0.336779 0.299232 0.146408 0.0544019 0.0037769
0 0.983576 0.354583 0.0328474 0.343574 0.00375748
0 0.0742265 0.51985 0.129345 0.119532 0.00367973
0 0.341859 0.308732 0.14817 0.0755711 0.00365409
0 0.300745 0.143668 0.150898 0.0522816 0.00362967
0 1 0.669096 0 0.296855 0.00359126
0 0.10681 0.438138 0.164854 0.0736094 0.00357476
0 0.47109 0.101163 0.177316 0.064433 0.00355481
0 0 0.0578977 0 0.115795 0.00354254
0 0.888509 0.867455 0.130509 0.0347645 0.00351972
0 0.196048 0.215393 0.28578 0.0931772 0.00349682
0 0.859581 0.357413 0.280838 0.279777 0.00348876
0 0.985226 0.580525 0.0295486 0.333062 0.00348825
0 0.080734 0.458041 0.11175 0.0540321 0.00347799
0 0.605152 0.0918372 0.11276 0.0408128 0.00346961
0 0.651392 0.953879 0.154735 0.0869999 0.00345237
0 0.134287 0.419935 0.218382 0.0939917 0.00345218
0 0.267898 0.143772 0.126805 0.0522782 0.00339877
0 0.876527 0.211417 0.246947 0.0788146 0.0033939
0 0.0848031 0.432307 0.118183 0.0839342 0.00338087
0 0.665318 0.962036 0.146712 0.0691311 0.00338063
0 0.726244 0.972614 0.202213 0.0453979 0.00337757
0 0 0.0758049 0 0.141722 0.00337733
0 0.102207 0.262688 0.145062 0.0917322 0.00337408
0 0.260762 0.210172 0.393073 0.0859623 0.00337088
0 0.081363 0.443983 0.109139 0.0647594 0.00336093
0 0.192774 0.90688 0.219088 0.183029 0.00334632
0 0.332129 0.0576486 0.218219 0.0910296 0.00332964
0 1 0.714205 0 0.194331 0.00332418
0 0.322744 0.4967 0.136164 0.0947432 0.00332378
0 0.79689 0.911596 0.269737 0.114077 0.00331286
0 0.937489 0.970865 0.122181 0.0582699 0.00331142
0 0.120936 0.145575 0.163366 0.0542757 0.00330789
0 0.926303 0.0498898 0.141146 0.0840229 0.00330522
0 0.997013 0.386996 0.00597329 0.343266 0.00330441
0 0.091672 0.975988 0.144324 0.0480238 0.00329716
0 0.00889425 0 0.0177885 0 0.0032857
0 0.0770664 0.334239 0.104752 0.0712384 0.00326995
0 0.837936 0.975866 0.167249 0.0482672 0.00326883
0 0.982277 0.301884 0.0354456 0.340105 0.00326324
0 0.855436 0.908545 0.208211 0.111041 0.00326173
0 0.346959 0.955752 0.20367 0.0800629 0.0032612
0 0.526515 0.11746 0.229907 0.0959271 0.00325005
0 0.472356 0 0.255259 0 0.0032465
0 0.853826 0.596889 0.292348 0.292339 0.00323399
0 0.299572 0.0606728 0.210057 0.0921838 0.00322624
0 0.638938 0.940736 0.184208 0.118529 0.440492
0 1 0.0928997 0 0.185799 0.0672995
0 0.002404 0.0970147 0.004808 0.194029 0.0391444
0 0.514868 0.0447637 0.0968728 0.0895275 0.0290346
0 0.485532 0.0477876 0.155705 0.0955752 0.0275118
0 0.249869 0.0261402 0.292953 0.0522804 0.0217116
0 0.003006 0.108635 0.006012 0.217269 0.0216767
0 0 0.0548556 0 0.109711 0.0189862
0 0 0.0902405 0 0.180481 0.0181889
0 0 0.921566 0 0.156868 0.0172467
0 0 0.0909252 0 0.18185 0.0152729
0 0.30281 0.562414 0.133013 0.226703 0.0141874
0 0.314227 0.0398103 0.270234 0.0796207 0.0139734
0 0.848982 0.308111 0.302037 0.333994 0.0134569
0 0.00562224 0.083761 0.0112445 0.167522 0.0129212
0 0.00347811 0.0702151 0.00695622 0.14043 0.0123407
0 0.936191 0.432214 0.127618 0.597769 0.0119678
0 0.59334 0.0538686 0.116523 0.107737 0.0118944
0 0.150986 0.0905331 0.271194 0.180468 0.0118738
0 0.784423 0.428968 0.431155 0.325575 0.0117787
0 0.531548 0.0570326 0.113431 0.114065 0.0116716
0 0.570817 0.462982 0.374104 0.241005 0.0115881
0 0.727793 0.442963 0.432461 0.296101 0.0115701
0 0 0.920378 0 0.159244 0.0112592
0 0.84219 0.315112 0.31562 0.548325 0.0111673
0 0.390536 0.450263 0.498282 0.399555 0.0110912
0 0 0.940865 0 0.11827 0.0108962
0 0.518077 0.466783 0.455844 0.272413 0.0108812
0 0.562599 0.517407 0.372698 0.23532 0.0107809
0 0.470527 0.502181 0.488203 0.258261 0.0105986
0 0.630103 0.459104 0.33522 0.22153 0.0105971
0 0.312518 0.470993 0.395671 0.348982 0.0105349
0 0.334621 0.550833 0.125504 0.198015 0.010528
0 0.930061 0.287014 0.139878 0.30936 0.0104818
0 0.460108 0.102932 0.405922 0.205865 0.0104584
0 0.465879 0.449028 0.507797 0.363688 0.0103521
0 0 0.917492 0 0.165016 0.0102923
0 0.282576 0.525711 0.425616 0.315652 0.0102894
0 0.786657 0.508818 0.426686 0.210883 0.0102415
0 0.831101 0.449893 0.337798 0.686505 0.0101356
0 0.711162 0.513465 0.396825 0.207951 0.0101293
0 0.349362 0.105996 0.497289 0.211992 0.0100325
0 0.996462 0.262231 0.00707679 0.419564 0.00996189
0 0.935299 0.301805 0.129402 0.447328 0.00995375
0 0.668211 0.559802 0.376207 0.21697 0.00992224
0 0.61837 0.511622 0.322608 0.196094 0.0099164
0 0.384932 0.503164 0.499457 0.27997 0.0098831
0 0.55187 0.102383 0.448677 0.204765 0.00985757
0 0.189864 0.0268393 0.324997 0.0536787 0.00976079
0 0.999257 0.181077 0.00148642 0.362154 0.0097381
0 0.995617 0.90759 0.00876512 0.18482 0.00960123
0 1 0.0851159 0 0.170232 0.00959788
0 0.00401872 0.148872 0.00803744 0.245586 0.00957057
0 0.992051 0.803427 0.0158982 0.393145 0.00954192
0 0.928552 0.0963744 0.142896 0.192749 0.00950638
0 0.358783 0.0474636 0.257069 0.0949273 0.00939705
0 0.982295 0.8499 0.0354105 0.3002 0.00926618
0 0.0643788 0.75331 0.128758 0.428408 0.00923972
0 0.0361213 0.903979 0.0722426 0.192041 0.00921754
0 0.894513 0.911524 0.210973 0.176951 0.00907633
0 0.809652 0.0944184 0.380695 0.188837 0.00904299
0 0.299379 0.0228026 0.224228 0.0456051 0.00902148
0 0.885417 0.634356 0.206295 0.26854 0.00901373
0 0.837218 0.667245 0.325565 0.353121 0.00900305
0 0.854026 0.0985115 0.291948 0.197023 0.00896291
0 0.0655358 0.819603 0.131072 0.360793 0.00893198
0 0.797033 0.363095 0.405934 0.445522 0.00888482
0 0.740032 0.406781 0.487338 0.410768 0.00884763
0 0.239695 0.105845 0.47939 0.21169 0.00879631
0 0.202413 0.441331 0.404826 0.289673 0.00877369
0 0.855582 0.13856 0.288836 0.27712 0.00873816
0 0.563162 0.42843 0.40188 0.373539 0.00871595
0 0.762323 0.565902 0.390506 0.215511 0.00864419
0 0.221218 0.534046 0.442436 0.390517 0.00863509
0 0.997859 0.0845494 0.00428141 0.169099 0.0086171
0 0.565953 0.572727 0.401848 0.260637 0.00860926
0 0.0696856 0.652942 0.139371 0.430354 0.00854738
0 0 0.0821158 0 0.164232 0.00849781
0 0.70762 0.0973841 0.399071 0.194768 0.00848935
0 0 0.958127 0 0.083746 0.00848928
0 0.255329 0.4397 0.388174 0.253823 0.00846396
0 0.14132 0.0523586 0.259084 0.104717 0.00838581
0 0.842098 0.52259 0.315803 0.826395 0.00837647
0 0.801067 0.265782 0.397866 0.389754 0.00836701
0 0.111858 0.913098 0.223716 0.173805 0.00833887
0 0.781067 0.34808 0.437867 0.389787 0.00830008
0 0 0.949792 0 0.100417 0.00829499
0 0.374593 0.906804 0.402794 0.186391 0.00828009
0 0.822696 0.537689 0.347893 0.202401 0.00816284
0 0.932004 0.198017 0.135992 0.0567329 0.00814908
0 0.765804 0.42383 0.468392 0.591424 0.00813497
0 0.799116 0.429146 0.401769 0.405602 0.00811684
0 0.41755 0.602501 0.469922 0.339992 0.00808704
0 0.10682 0.100945 0.213641 0.20189 0.00806866
0 0.0601061 0.916273 0.120212 0.167455 0.00800998
0 0.433811 0.414016 0.621265 0.522355 0.00795712
0 0.048529 0.0601452 0.0970581 0.12029 0.00795322
0 0.262627 0.628795 0.490486 0.446137 0.0079269
0 0.956053 0.686786 0.0878943 0.268986 0.00784958
0 0.858813 0.662814 0.282373 0.262234 0.00781851
0 0 0.861668 0 0.236781 0.00780311
0 0.492093 0.589605 0.446828 0.3045 0.00780214
0 0.27504 0.562511 0.140241 0.229123 0.00777793
0 0.00342153 0.223225 0.00684306 0.239505 0.00776114
0 0.83076 0.571031 0.338481 0.221422 0.00774994
0 0.0557218 0.100451 0.111444 0.200901 0.00772362
0 0.888049 0.671048 0.223901 0.272559 0.0076922
0 0.860582 0.720665 0.278836 0.257972 0.00767601
0 0.0450515 0.881477 0.0901031 0.237046 0.00766649
0 0 0.0600254 0 0.120051 0.00765395
0 0.305455 0.907384 0.401504 0.185233 0.00763914
0 0.145173 0.0241412 0.290346 0.0482825 0.00761082
0 0.131782 0.128855 0.263564 0.227104 0.00759712
0 0.323473 0.608929 0.487255 0.393694 0.00752617
0 0.638549 0.10223 0.432137 0.204461 0.0075111
0 0.855365 0.590018 0.28927 0.643355 0.0074722
0 0 0.846299 0 0.226284 0.00743889
0 0.847827 0.609039 0.304347 0.242595 0.00743721
0 0.0752422 0.550213 0.150484 0.432948 0.0074291
0 0.151697 0.909537 0.303394 0.180927 0.00742618
0 0.184941 0.906664 0.369883 0.186673 0.00742493
0 0.0299765 0.0678838 0.0599531 0.135768 0.0074044
0 0.0219922 0.912914 0.0439845 0.174173 0.00739406
0 0.176147 0.0647211 0.292913 0.129442 0.00731791
0 0.459868 0.042319 0.210748 0.0846379 0.00730818
0 0.861928 0.913131 0.276144 0.173738 0.00728568
0 0.9045 0.606257 0.191 0.268591 0.00727137
0 0.146006 0.105028 0.292012 0.210056 0.0072616
0 0.976575 0.711374 0.0468495 0.485964 0.00721952
0 0 0.814775 0 0.247268 0.00720533
0 0.624055 0.0239302 0.145623 0.0478604 0.00720515
0 0.596086 0.923405 0.721127 0.153189 0.00719939
0 0.826935 0.666575 0.346129 0.276419 0.00710886
0 0.635655 0.415996 0.368155 0.339891 0.00708901
0 0.689015 0.611339 0.425782 0.260667 0.00707022
0 0.240963 0.906696 0.392264 0.186607 0.0070625
0 0 0.888426 0 0.208427 0.00704776
0 0.341864 0.414334 0.492896 0.490172 0.00703641
0 0.267947 0.419376 0.484354 0.451416 0.0069886
0 0.568326 0.621923 0.408567 0.280375 0.00698718
0 0.361199 0.639914 0.446999 0.321444 0.00698291
0 0.860436 0.787569 0.279128 0.302283 0.00698094
0 0.207908 0.555649 0.149476 0.233888 0.0069326
0 0.377628 0.359804 0.755256 0.458568 0.0069234
0 0.744018 0.84978 0.45407 0.30044 0.00689229
0 0 0.0638583 0 0.127717 0.00686093
0 0.682543 0.352206 0.438532 0.359085 0.00685661
0 0 0.627995 0 0.404753 0.00684594
0 0.701685 0.119913 0.59663 0.239826 0.0068283
0 1 0.540434 0 0.264145 0.00682754
0 0 0.801429 0 0.243905 0.00679813
0 0.692844 0.748103 0.393357 0.320318 0.00678677
0 0.94139 0.086965 0.11722 0.17393 0.00677828
0 0 0.858902 0 0.282195 0.00676936
0 0.785928 0.134217 0.428145 0.268433 0.00676791
0 0.711924 0.0301216 0.26171 0.0602432 0.00676717
0 0.994128 0.127075 0.0117441 0.25415 0.00675977
0 0.898479 0.728338 0.203042 0.277378 0.00671475
0 0.488871 0.872004 0.383159 0.255991 0.00669809
0 0.00918478 0.331384 0.0183696 0.41988 0.00667619
0 0 0.439419 0 0.417416 0.00667339
0 0.918177 0.877469 0.163645 0.245062 0.00666359
0 0.00372015 0.272542 0.0074403 0.239532 0.00666179
0 0.764306 0.737492 0.393842 0.294315 0.00664061
0 0.0820579 0.0215192 0.164116 0.0430384 0.00663722
0 0.562654 0.736165 0.377099 0.299038 0.00662163
0 0.627105 0.0562221 0.139613 0.112444 0.00659711
0 0.442368 0.894395 0.327364 0.211211 0.00658967
0 0.890936 0.111838 0.218128 0.223675 0.00658773
0 0 0.532638 0 0.414653 0.00657851
0 0.179108 0.55202 0.182029 0.261772 0.00657494
0 0.82394 0.732618 0.35212 0.281958 0.00656296
0 0.769183 0.915107 0.461635 0.169787 0.00654898
0 0 0.763813 0 0.248996 0.00652352
0 0 0.486205 0 0.243452 0.0065176
0 0.773743 0.666708 0.398835 0.276242 0.00650836
0 0.897252 0.842587 0.205495 0.314826 0.00649753
0 0.299999 0.550204 0.101318 0.199641 0.00647851
0 0 0.435843 0 0.243767 0.00647363
0 0.932821 0.900847 0.134358 0.198307 0.00647033
0 0.393376 0.0271833 0.160963 0.0543666 0.006437
0 0.0858146 0.200308 0.171629 0.400615 0.00642739
0 0.590201 0.360652 0.46527 0.363124 0.00640853
0 0.679987 0.941285 0.227263 0.11743 0.00640474
0 0 0.72345 0 0.41285 0.00640225
0 0.700863 0.668559 0.407285 0.277746 0.00640172
0 0.785488 0.632591 0.429024 0.486034 0.00639995
0 0.723078 0.292306 0.553844 0.42334 0.00639713
0 0 0.809914 0 0.380172 0.00639033
0 0.00282337 0.175868 0.00564674 0.2445 0.00638534
0 0.505409 0.144421 0.636879 0.288841 0.00638383
0 0.660951 0.911579 0.274315 0.176842 0.0063827
0 0.670459 0.841504 0.39354 0.316992 0.00637325
0 0 0.53635 0 0.244182 0.00633235
0 0.26583 0.0915624 0.53166 0.183125 0.00632629
0 0.296219 0.670599 0.446093 0.270781 0.006284
0 0.493792 0.723327 0.372823 0.273618 0.00627345
0 0 0.386344 0 0.241308 0.00625478
0 0 0.746668 0 0.240646 0.00625355
0 0.42398 0.852555 0.413711 0.294891 0.0062503
0 0.764392 0.6132 0.423287 0.261366 0.00621561
0 0.276562 0.121501 0.308933 0.114182 0.00620944
0 0.0878314 0.89917 0.175663 0.201661 0.0061974
0 0.0176921 0.667049 0.0353842 0.448376 0.006195
0 0.306824 0.894954 0.332669 0.210092 0.00619214
0 0.142233 0.128227 0.279325 0.154434 0.00619048
0 0.960718 0.789223 0.0785649 0.291676 0.00616662
0 0.137381 0.896104 0.274763 0.207793 0.00616579
0 0.87634 0.898116 0.247319 0.203769 0.00616283
0 0.0149116 0.762476 0.0298233 0.448297 0.00616216
0 0.573678 0.675417 0.376758 0.27546 0.00615394
0 0.329026 0.107896 0.658052 0.215791 0.00614667
0 0.5082 0.892377 0.291307 0.215246 0.00614603
0 0.597271 0.931807 0.276575 0.136385 0.00613183
0 0.227394 0.112812 0.454787 0.225623 0.00612373
0 0.219651 0.450554 0.439303 0.449069 0.00609959
0 0 0.313111 0 0.208119 0.00608995
0 0 0.587032 0 0.247296 0.00608251
0 0.856672 0.845142 0.286657 0.309715 0.00606739
0 0.167232 0.557042 0.334464 0.472888 0.0060643
0 0.0170051 0.219429 0.0340102 0.414968 0.00605606
0 0.763732 0.794475 0.406422 0.319034 0.0060547
0 0.819198 0.849752 0.361605 0.300495 0.00603909
0 0.834112 0.380882 0.331777 0.405783 0.00602183
0 0.973514 0.101725 0.0529718 0.20345 0.00601959
0 0.167353 0.692789 0.334705 0.428391 0.00601307
0 0.965596 0.917453 0.0688077 0.165093 0.00601257
0 0.00989837 0.422343 0.0197967 0.234162 0.00599968
0 0 0.635872 0 0.24655 0.00598281
0 0.252209 0.10571 0.367265 0.168219 0.00598174
0 0.00648319 0.373234 0.0129664 0.234652 0.00597743
0 0.200283 0.65394 0.400565 0.361652 0.00596954
0 0.035635 0.0805515 0.07127 0.161103 0.005966
0 0.191795 0.893034 0.311313 0.213932 0.00595662
0 0.738673 0.890485 0.408297 0.219031 0.00593959
0 0.375136 0.306304 0.627635 0.395413 0.00593751
0 0.202072 0.658296 0.404144 0.510942 0.00590668
0 0 0.336465 0 0.237346 0.00590354
0 0.423789 0.677694 0.401437 0.279882 0.00586862
0 0 0.691859 0 0.237569 0.00584935
0 0.904581 0.789081 0.190838 0.304039 0.005831
0 0 0.711514 0 0.249156 0.00582902
0 0.00575064 0.32341 0.0115013 0.236456 0.00580753
0 0.958531 0.966402 0.0829389 0.0671961 0.00579536
0 0.128901 0.83926 0.257802 0.32148 0.00578319
0 0 0.640108 0 0.233603 0.00576043
0 0.558209 0.872368 0.344618 0.255265 0.00575448
0 0.918398 0.0851223 0.163205 0.170245 0.00574176
0 0.200266 0.550958 0.400531 0.439559 0.00573981
0 0.232617 0.876043 0.383454 0.247914 0.0057392
0 0.59631 0.936148 0.412035 0.127704 0.00573391
0 0.667191 0.299493 0.540859 0.397673 0.00573382
0 0.733504 0.636357 0.173166 0.263086 0.00573254
0 0 0.363015 0 0.220094 0.00572914
0 0.867026 0.60082 0.265949 0.663691 0.00572548
0 0.413547 0.143162 0.694966 0.226048 0.00571058
0 0.776855 0.531231 0.44629 0.715808 0.00570985
0 0.628025 0.801719 0.383317 0.339799 0.00570704
0 0.954841 0.846161 0.0903173 0.307679 0.00570435
0 0 0.513484 0 0.225373 0.00568278
0 0 0.463235 0 0.224347 0.00568268
0 0 0.412868 0 0.225108 0.00567878
0 0.128573 0.592291 0.257146 0.446326 0.00566739
0 0.240476 0.640734 0.442419 0.314268 0.00565832
0 0.0807538 0.451575 0.161508 0.438638 0.00564373
0 1 0.593531 0 0.282259 0.00564328
0 0.548712 0.125737 0.553642 0.251474 0.00564269
0 0.763994 0.636295 0.175687 0.266053 0.00563671
0 0.40287 0.115635 0.71796 0.231269 0.00563564
0 0.966706 0.881655 0.0665874 0.23669 0.005621
0 0.349174 0.136905 0.698349 0.223347 0.00561492
0 0.367181 0.881966 0.353613 0.236068 0.00561113
0 0.0277729 0.567171 0.0555458 0.450223 0.00561003
0 0.822699 0.801605 0.354602 0.333896 0.00560185
0 0 0.564867 0 0.230756 0.0055998
0 0 0.24288 0 0.239218 0.00559925
0 0.150076 0.880319 0.300153 0.239363 0.00559303
0 0.352353 0.84004 0.446732 0.319921 0.00558406
0 0.445075 0.271082 0.62393 0.394935 0.00556867
0 0.846409 0.883286 0.307181 0.233428 0.00556261
0 0.277986 0.839699 0.48236 0.320603 0.00551547
0 0.65055 0.025852 0.202522 0.0517039 0.00550569
0 0.68158 0.115292 0.513253 0.230583 0.0055033
0 0.823959 0.921775 0.203499 0.15645 0.00549318
0 0.478179 0.91714 0.40995 0.165721 0.00548576
0 0 0.0662914 0 0.132583 0.00548491
0 0.783387 0.91305 0.295183 0.1739 0.00546057
0 0.559661 0.810627 0.388372 0.358224 0.00545795
0 0.135262 0.467171 0.270524 0.404459 0.00543496
0 0.0669591 0.904054 0.118671 0.191892 0.00542585
0 0.49294 0.811646 0.391904 0.364085 0.00540376
0 0.797143 0.637137 0.174514 0.264311 0.00537426
0 0.550215 0.306703 0.637049 0.390902 0.00529372
0 0.0758838 0.968033 0.101553 0.063933 0.00529257
0 0.423986 0.806765 0.409275 0.351084 0.00529
0 0.701824 0.636963 0.160933 0.257277 0.00528164
0 0.0123677 0.471273 0.0247353 0.233597 0.00526787
0 0.715273 0.15513 0.569455 0.27863 0.00524939
0 0.370223 0.139458 0.740445 0.278916 0.00524793
0 0.28471 0.104419 0.569421 0.208839 0.00524605
0 0.635541 0.939042 0.180555 0.116161 0.88798
0 0.515922 0.0342883 0.100254 0.0685766 0.665329
0 0.322314 0.477671 0.145559 0.0597076 0.0531561
0 0.0738287 0.988717 0.107556 0.0225658 0.0360263
0 0.0554526 0.984982 0.110905 0.0300351 0.0189032
0 0.115693 0.988139 0.16004 0.0237213 0.0169784
0 0.253305 0.143628 0.132619 0.0557139 0.0155163
0 0.304743 0.499339 0.0960651 0.101629 0.0149712
0 0.506946 0.00684692 0.116755 0.0136938 0.0119342
0 0.00768615 0.581677 0.0153723 0.306948 0.01077
0 0.00744992 0.382506 0.0148998 0.2968 0.0107337
0 0.93851 0.285502 0.12298 0.207713 0.0107028
0 0.00802762 0.478697 0.0160552 0.290252 0.0106529
0 0.903458 0.600837 0.193084 0.233371 0.01062
0 0.902821 0.705436 0.194357 0.235398 0.0104842
0 0.0103522 0.167631 0.0207043 0.327041 0.0104423
0 0.00764822 0.278676 0.0152964 0.291038 0.010294
0 0.00813282 0.786543 0.0162656 0.323769 0.0102559
0 0.167653 0.407086 0.335306 0.243867 0.0102158
0 0.903361 0.75336 0.193279 0.263145 0.0102116
0 0.902659 0.659024 0.194682 0.237164 0.010206
0 0.910108 0.53583 0.179784 0.242955 0.0101489
0 0.00752145 0.685377 0.0150429 0.318832 0.0101077
0 0.940819 0.32908 0.118362 0.221168 0.0100164
0 0.564608 0.678128 0.328494 0.226914 0.00997962
0 0.136089 0.691672 0.272177 0.221479 0.00988601
0 0.611067 0.609834 0.295986 0.184161 0.00984576
0 0.498443 0.602533 0.347008 0.25477 0.00980783
0 0.0435103 0.668286 0.0870205 0.283817 0.00971045
0 0.868212 0.612654 0.263576 0.228186 0.00968912
0 0.898124 0.293749 0.203752 0.228431 0.00965499
0 0.0495904 0.77146 0.0991808 0.286993 0.00961131
0 0.131399 0.300421 0.262797 0.218391 0.00958639
0 0.0469493 0.620871 0.0938986 0.275039 0.00958064
0 0.90781 0.345435 0.184381 0.247636 0.0095741
0 0.555724 0.603642 0.32324 0.22061 0.0095738
0 0.145102 0.798188 0.290204 0.256297 0.00956593
0 0.0462963 0.71897 0.0925926 0.269443 0.00956102
0 0.0496392 0.89942 0.0992784 0.201159 0.00955283
0 0.563394 0.0757413 0.350173 0.151483 0.00954602
0 0.925384 0.134782 0.149232 0.269564 0.00952321
0 0.635626 0.0860982 0.367966 0.172196 0.0094667
0 0.441085 0.598675 0.369185 0.279655 0.0094545
0 0.695434 0.677778 0.325443 0.22669 0.00945366
0 0.902089 0.797165 0.195822 0.258241 0.00943724
0 0.865387 0.548925 0.269226 0.22392 0.00943333
0 0.9179 0.914006 0.164201 0.171987 0.00943331
0 0.502692 0.672037 0.337018 0.237529 0.00942114
0 0.141588 0.739633 0.283176 0.233193 0.00941359
0 0.949006 0.37323 0.101988 0.25514 0.00939894
0 0.410853 0.448035 0.337469 0.223566 0.00938822
0 0.222944 0.143791 0.126157 0.0549247 0.00935943
0 0.624973 0.680045 0.315696 0.222293 0.0093565
0 0.700071 0.419819 0.329076 0.231271 0.00934246
0 0.86685 0.460165 0.266299 0.210299 0.00933882
0 0.0109853 0.857535 0.0219705 0.28493 0.00929401
0 0.828567 0.411904 0.315572 0.252963 0.00925271
0 0.907522 0.957597 0.184957 0.0848067 0.00923102
0 0.166267 0.696323 0.332533 0.205097 0.00922499
0 0.490264 0.418459 0.351734 0.232534 0.0091951
0 0.0410127 0.318227 0.0820253 0.259777 0.00919145
0 0.906049 0.0896541 0.187903 0.179308 0.00918582
0 0.921859 0.484606 0.156282 0.255054 0.00917223
0 0.105468 0.89581 0.210936 0.20838 0.00915816
0 0.631941 0.414754 0.331076 0.223752 0.00915131
0 0.122652 0.605662 0.245303 0.27705 0.00913619
0 0.695541 0.617312 0.33396 0.191671 0.00913577
0 0.765682 0.674634 0.324103 0.231941 0.00912639
0 0.834419 0.61835 0.331163 0.244378 0.0090927
0 0.86548 0.404222 0.26904 0.247907 0.00908222
0 0.776934 0.622645 0.345518 0.232359 0.00908131
0 0.00742003 0.916768 0.0148401 0.166464 0.00907903
0 0.702461 0.362862 0.342165 0.291689 0.00907888
0 0.863835 0.892253 0.27233 0.215494 0.00906975
0 0 0.0852978 0 0.170596 0.00906743
0 0.895378 0.867818 0.209245 0.264363 0.00903946
0 0.86457 0.0925664 0.27086 0.185133 0.00903354
0 0.440071 0.663631 0.350886 0.253602 0.00901706
0 0.505332 0.0703761 0.327808 0.140752 0.0090055
0 0.869406 0.964295 0.261189 0.0714108 0.00898592
0 0.890425 0.20201 0.219149 0.270945 0.00897368
0 0.865293 0.504283 0.269414 0.208132 0.00896541
0 0.374035 0.0640271 0.362628 0.128054 0.00895912
0 0.635399 0.369657 0.353875 0.284773 0.00894226
0 0.913807 0.394248 0.172386 0.262968 0.00891718
0 0.602872 0.556313 0.289456 0.21347 0.00890485
0 0.345096 0.44587 0.363057 0.215899 0.00890153
0 0.122015 0.964155 0.24403 0.07169 0.00889247
0 0.70904 0.0885887 0.371468 0.177177 0.00888781
0 0.0989632 0.656316 0.197926 0.278459 0.00888452
0 0.105209 0.571606 0.210417 0.294727 0.00885184
0 0.104875 0.701124 0.20975 0.248807 0.00884989
0 0.0895192 0.962547 0.179038 0.0749058 0.00884046
0 0.130665 0.908714 0.26133 0.182572 0.00882079
0 0.0425923 0.473695 0.0851847 0.250286 0.00881625
0 0.935403 0.857081 0.129194 0.2414 0.00881573
0 0.0631641 0.068042 0.126328 0.136084 0.00880094
0 0.128153 0.642775 0.256305 0.259486 0.00879572
0 0.132823 0.366411 0.265646 0.271731 0.00879069
0 0.936461 0.700749 0.127077 0.220414 0.00878791
0 0.0457491 0.136642 0.0914982 0.273284 0.00878421
0 0.894541 0.259613 0.210919 0.21339 0.0087702
0 0.494767 0.513265 0.341227 0.177931 0.00875794
0 0.765438 0.550214 0.319551 0.22267 0.00875344
0 0.933293 0.202879 0.133415 0.246895 0.00873051
0 0.113971 0.760581 0.227942 0.269758 0.00872677
0 0.83351 0.672537 0.326663 0.234957 0.00868997
0 0.953505 0.080695 0.0929903 0.16139 0.00868769
0 0.100169 0.379798 0.200338 0.263328 0.00867077
0 0.138517 0.442059 0.277034 0.220965 0.00866921
0 0.0931505 0.308997 0.186301 0.242411 0.00866604
0 0.437892 0.703018 0.353298 0.191152 0.00866573
0 0.937865 0.75146 0.12427 0.221967 0.00865324
0 0.00630217 0.614195 0.0126043 0.29255 0.00865226
0 0.00627516 0.312236 0.0125503 0.287567 0.00864009
0 0.167771 0.87011 0.335542 0.25978 0.00863702
0 0.957889 0.422525 0.0842222 0.275168 0.00863199
0 0.374154 0.654432 0.367348 0.26739 0.00862893
0 0.918032 0.442715 0.163935 0.257314 0.00861421
0 0.150975 0.594682 0.301949 0.270396 0.008612
0 0.869686 0.668888 0.260628 0.230569 0.00861126
0 0.0409488 0.269288 0.0818976 0.237211 0.00860386
0 0.00634714 0.512074 0.0126943 0.286756 0.0085913
0 0.830182 0.34892 0.325688 0.256134 0.00857965
0 0.939338 0.793043 0.121324 0.219383 0.00857142
0 0.00655056 0.413493 0.0131011 0.290587 0.0085713
0 0.369227 0.703906 0.360134 0.192896 0.0085698
0 0.416052 0.516653 0.327451 0.177662 0.00855633
0 0.831221 0.504918 0.318935 0.193344 0.00855534
0 0.428387 0.0635425 0.33048 0.127085 0.00854937
0 0.766351 0.356234 0.328415 0.286882 0.00854905
0 0.1924 0.588379 0.384799 0.273275 0.00854407
0 0.299421 0.704252 0.366902 0.191804 0.00853987
0 0.563952 0.374587 0.366982 0.273053 0.00852424
0 0.0408644 0.526695 0.0817288 0.263363 0.00852033
0 0.0681608 0.857491 0.136322 0.285019 0.00851929
0 0.00651205 0.717562 0.0130241 0.292708 0.00850436
0 0.00686894 0.213783 0.0137379 0.296984 0.00850173
0 0.369192 0.89256 0.371695 0.214879 0.00850109
0 0.0120929 0.955816 0.0241858 0.0883687 0.0084952
0 0.288345 0.419759 0.342535 0.195164 0.0084666
0 0.761934 0.41917 0.307898 0.246755 0.00846409
0 0.200798 0.888401 0.401596 0.223198 0.00844904
0 0.0198604 0.101232 0.0397208 0.202464 0.00840351
0 0.293644 0.0736408 0.354077 0.147282 0.00839323
0 0.21738 0.357746 0.369787 0.268127 0.0083811
0 0.485451 0.0968559 0.325714 0.193712 0.00837808
0 0.167049 0.731625 0.334098 0.232286 0.00835618
0 0.235816 0.7964 0.366758 0.250325 0.00834567
0 0.776298 0.0868197 0.38432 0.173639 0.00834566
0 0.868919 0.706995 0.262162 0.221123 0.00833453
0 0.825606 0.0824361 0.348788 0.164872 0.00833403
0 0.0949672 0.917497 0.189934 0.165006 0.00832814
0 0.261181 0.580957 0.418238 0.280638 0.00831691
0 0.759582 0.890667 0.365028 0.218666 0.00831042
0 0.621299 0.451533 0.310667 0.204712 0.00830762
0 0.363562 0.522591 0.37173 0.178761 0.00830012
0 0.406428 0.108088 0.336563 0.216177 0.00829522
0 0.936973 0.647538 0.126054 0.230307 0.00829511
0 0.226519 0.702575 0.353311 0.191317 0.00828601
0 0.178203 0.0795354 0.356406 0.159071 0.00826746
0 0.83342 0.882063 0.33316 0.210313 0.00825987
0 0.364712 0.826865 0.355465 0.227707 0.00825243
0 0.367849 0.0880344 0.38045 0.176069 0.00825024
0 0.566659 0.415601 0.356551 0.221619 0.00824712
0 0.941101 0.585421 0.117798 0.241011 0.00824377
0 0.221643 0.641765 0.359539 0.25928 0.00824069
0 0.0081087 0.947777 0.0162174 0.104446 0.00823427
0 0.984178 0.124937 0.0316432 0.249874 0.00822876
0 0.423917 0.822501 0.337802 0.243377 0.00822502
0 0.086107 0.205503 0.172214 0.294457 0.00821863
0 0.987334 0.925336 0.0253312 0.149328 0.00821774
0 0.300255 0.647314 0.380593 0.267884 0.00821178
0 0.162995 0.354959 0.32599 0.274201 0.00821111
0 0.832395 0.459427 0.312433 0.197727 0.00820085
0 0.355437 0.143548 0.145983 0.0563993 0.00818932
0 0.953049 0.518452 0.0939025 0.268617 0.00817864
0 0.058402 0.960733 0.116804 0.0785334 0.00817617
0 0.486478 0.374032 0.355273 0.260769 0.00817213
0 0.128337 0.97734 0.174433 0.0453205 0.00817202
0 0.691826 0.519264 0.325762 0.184741 0.00816723
0 0.546793 0.558136 0.321628 0.229547 0.00816263
0 0.839338 0.965249 0.321323 0.0695028 0.00816092
0 0.0964756 0.518085 0.192951 0.272095 0.00816007
0 0.767321 0.460441 0.306596 0.204422 0.00815947
0 0.635796 0.295828 0.360212 0.238667 0.00814976
0 0.227263 0.419105 0.368132 0.20089 0.00812858
0 0.0883317 0.263123 0.176663 0.224891 0.00812383
0 1 0.32494 0 0.224552 0.00810801
0 0.139718 0.858217 0.279437 0.283566 0.00809112
0 0.00726055 0.817442 0.0145211 0.301469 0.00808835
0 0.1251 0.260347 0.250199 0.213108 0.00808126
0 0.159024 0.965165 0.318048 0.0696705 0.00807997
0 0.353673 0.131195 0.338227 0.169228 0.00807977
0 0.86916 0.751862 0.261679 0.270183 0.00807423
0 0.701569 0.292537 0.355553 0.236778 0.00807056
0 0.479955 0.562708 0.327711 0.242484 0.00805921
0 0.0985715 0.148134 0.197143 0.296269 0.00805057
0 0.555672 0.895916 0.302253 0.208167 0.00804719
0 0.191832 0.513696 0.383664 0.21525 0.00803944
0 0.163388 0.13081 0.326776 0.26162 0.00803775
0 0.550799 0.13873 0.313688 0.154055 0.00803511
0 0.166216 0.300921 0.332433 0.204368 0.00803051
0 0.138511 0.506565 0.277021 0.264508 0.00802884
0 0.0431454 0.380741 0.0862908 0.258553 0.00802336
0 0.411448 0.365056 0.342199 0.245199 0.00801262
0 0.868535 0.127174 0.262931 0.254348 0.00801224
0 0.497255 0.811082 0.336 0.248834 0.00799055
0 0.618224 0.13057 0.31604 0.170631 0.00797192
0 0.137631 0.0882966 0.275262 0.176593 0.00794635
0 1 0.391511 0 0.287321 0.00794631
0 0.00801195 0.14356 0.0160239 0.28712 0.00794338
0 0.563393 0.300203 0.353205 0.24132 0.00793977
0 0.549621 0.23571 0.319336 0.201634 0.00793835
0 1 0.448383 0 0.314691 0.00793356
0 0.160619 0.63986 0.321238 0.253553 0.00792531
0 0.618077 0.238187 0.324928 0.184627 0.00791972
0 0.979144 0.904536 0.0417128 0.190928 0.00791651
0 0.486982 0.234091 0.33597 0.206085 0.00791253
0 0.305414 0.486835 0.0896955 0.0747213 0.00789853
0 0.764806 0.510875 0.312786 0.188481 0.00788886
0 0.123555 0.141142 0.24711 0.282284 0.00787939
0 0.347736 0.358815 0.338848 0.250455 0.00786627
0 0.981541 0.964586 0.0369173 0.0708271 0.00786039
0 0.770531 0.292971 0.353901 0.236504 0.00785574
0 0.634042 0.78807 0.331096 0.24916 0.00784671
0 1 0.543956 0 0.309848 0.00784544
0 0.300778 0.80958 0.369621 0.243218 0.00783714
0 0.632208 0.742015 0.343362 0.252434 0.00783474
0 0.424085 0.132573 0.34407 0.162473 0.00781609
0 0.118626 0.204264 0.237252 0.28978 0.00779976
0 0.219405 0.965126 0.335624 0.069748 0.0077734
0 0.30891 0.890766 0.360448 0.218468 0.00776746
0 0.496497 0.136095 0.350625 0.154494 0.00776422
0 0.336519 0.595037 0.396926 0.30834 0.0077596
0 0.278397 0.130097 0.318764 0.201236 0.00774877
0 0.121382 0.806395 0.242763 0.283365 0.00774506
0 0.700694 0.459054 0.324337 0.202513 0.00772619
0 0 0.950642 0 0.0987158 0.00770328
0 0.700141 0.107403 0.332781 0.214807 0.00769944
0 1 0.643263 0 0.246239 0.00768778
0 0.490868 0.301809 0.351057 0.236491 0.00767992
0 0.340337 0.237683 0.312869 0.20606 0.00767834
0 0.289638 0.305336 0.350301 0.207871 0.0076673
0 0.569052 0.797784 0.335511 0.253902 0.00766641
0 0.565473 0.747505 0.349593 0.265113 0.007661
0 0.835014 0.751842 0.328757 0.274999 0.00766069
0 0.800137 0.961435 0.367375 0.0771291 0.00765209
0 0.103977 0.462421 0.207954 0.240076 0.00764901
0 0.410185 0.240415 0.32415 0.194694 0.00764467
0 0.617073 0.890324 0.313158 0.219352 0.00763712
0 0.985158 0.792513 0.0296847 0.206949 0.00761829
0 0.83945 0.915481 0.321101 0.169039 0.00761735
0 0.99803 0.281007 0.00394098 0.202243 0.00761307
0 0.0798974 0.190794 0.14573 0.0497652 0.00760589
0 0.160351 0.263953 0.320701 0.208232 0.00759928
0 0.216092 0.127054 0.337189 0.239763 0.00759553
0 0.346307 0.273227 0.329551 0.216337 0.00758748
0 0.865375 0.206553 0.26925 0.260566 0.00758501
0 0.154743 0.205281 0.309486 0.275822 0.00756403
0 0.992408 0.748585 0.0151835 0.211667 0.00753862
0 0.994139 0.696446 0.0117224 0.228533 0.00753785
0 0.865982 0.348484 0.268036 0.232509 0.00753399
0 0.41826 0.302394 0.341288 0.228105 0.00753255
0 0.249111 0.525621 0.414089 0.182045 0.00752031
0 0.829652 0.28999 0.340695 0.22874 0.00750302
0 0.10851 0.0778068 0.217021 0.155614 0.00749254
0 0.559062 0.516252 0.338687 0.176066 0.00748956
0 0.496202 0.75126 0.348063 0.275169 0.00747409
0 0.696022 0.741509 0.333497 0.253817 0.00743128
0 0.292411 0.964942 0.342439 0.0701155 0.00742889
0 0.213579 0.737151 0.369519 0.244838 0.00742873
0 0.987633 0.202257 0.0247348 0.216666 0.00742272
0 0.272675 0.22511 0.318907 0.237814 0.0074109
0 0.820268 0.904521 0.174998 0.101248 0.00740316
0 0.35583 0.749673 0.354057 0.271115 0.00739503
0 0.829585 0.22074 0.34083 0.234372 0.00738077
0 0.218963 0.269393 0.349427 0.213391 0.00735756
0 0.426016 0.751286 0.348958 0.277201 0.00732348
0 0.226112 0.30417 0.358022 0.200701 0.00729944
0 0.769235 0.232073 0.35484 0.210759 0.00729847
0 0.69362 0.23827 0.341903 0.186684 0.00729583
0 0.835026 0.116138 0.329948 0.232275 0.00722433
0 0.220471 0.0893707 0.361271 0.178741 0.0072063
0 0.272426 0.0957218 0.324881 0.191444 0.00720047
0 0.641347 0.949358 0.434287 0.101283 0.00718263
0 0.68817 0.887954 0.360926 0.216885 0.00716853
0 0.284314 0.746281 0.369988 0.261897 0.00716613
0 0.207583 0.21269 0.335255 0.260386 0.00714538
0 0.700407 0.784051 0.33117 0.24084 0.00710215
0 0.866897 0.795432 0.266206 0.254149 0.007102
0 0.0547273 0.960833 0.109455 0.0783334 0.0070953
0 0.988515 0.0602022 0.02297 0.120404 0.00708134
0 0.762679 0.748253 0.330123 0.268819 0.0070617
0 0.283786 0.359144 0.349889 0.265851 0.00704247
0 1 0.089434 0 0.178868 0.00703379
0 0.362658 0.962097 0.342425 0.0758057 0.00698626
0 0.222309 0.189892 0.15642 0.0488155 0.00681689
0 0.498206 0.893612 0.353254 0.212777 0.00677577
0 0.383694 0.143283 0.127269 0.0565411 0.00673327
0 0.639978 0.939521 0.183603 0.120958 0.92932
0 0.515003 0.0359385 0.0998506 0.071877 0.251398
0 1 0.885791 0 0.228417 0.0135867
0 1 0.909792 0 0.180416 0.0117313
0 1 0.493691 0 0.305228 0.0102995
0 1 0.54362 0 0.305477 0.0101051
0 1 0.667901 0 0.303884 0.0100852
0 1 0.617813 0 0.303758 0.0098585
0 1 0.846141 0 0.307718 0.00972382
0 1 0.718086 0 0.303703 0.00971124
0 1 0.420856 0 0.30884 0.00937968
0 1 0.769171 0 0.304479 0.00919791
0 0.326017 0.445748 0.142755 0.127512 0.00866676
0 0.263174 0.242711 0.526348 0.485422 0.00850641
0 0.236968 0.345176 0.473936 0.502239 0.00834267
0 1 0.372096 0 0.310266 0.00804185
0 0.856651 0.713457 0.286697 0.4432 0.00775302
0 0.225516 0.441859 0.451033 0.498121 0.0074599
0 0.482353 0.0827676 0.257163 0.165535 0.00741555
0 0.518515 0.257238 0.889267 0.514475 0.00738783
0 0.613414 0.934998 0.243469 0.130003 0.00726726
0 0.233412 0.94005 0.294233 0.119899 0.00718096
0 1 0.322113 0 0.310258 0.00711639
0 0.00469126 0.909129 0.00938251 0.181743 0.00708877
0 0.218501 0.586616 0.437002 0.473783 0.00708611
0 0.308273 0.876332 0.433113 0.247337 0.00702892
0 0.331298 0.936771 0.313049 0.126457 0.00696222
0 0.0616582 0.98741 0.116591 0.0251797 0.00689775
0 0.242733 0.163024 0.485466 0.326048 0.00683855
0 0.62383 0.909809 0.231667 0.180381 0.00680922
0 0.396664 0.247199 0.793328 0.460058 0.00676375
0 0.326522 0.234928 0.653045 0.469856 0.00670867
0 1 0.109578 0 0.219156 0.0066657
0 0.66532 0.304425 0.669361 0.449105 0.00662723
0 0.974667 0.756632 0.0506661 0.486736 0.00660788
0 1 0.93223 0 0.135541 0.00657539
0 0.898766 0.610789 0.202467 0.716156 0.00656104
0 0.912787 0.844078 0.174427 0.311845 0.00653332
0 0.98712 0.234388 0.0257603 0.468777 0.00651666
0 0.491754 0.827973 0.602946 0.344054 0.00648157
0 0.642701 0.783031 0.597992 0.35719 0.0064811
0 1 0.173946 0 0.347893 0.00647664
0 0.933824 0.31498 0.132353 0.606428 0.00645962
0 0.856677 0.801982 0.286647 0.322376 0.00645346
0 0.945904 0.790927 0.108193 0.370251 0.00636088
0 0.619582 0.270412 0.760836 0.540824 0.0063559
0 0.653271 0.107574 0.466375 0.215147 0.00635397
0 0.0689869 0.141067 0.137974 0.282134 0.00632824
0 0.684165 0.929669 0.332991 0.140662 0.00632289
0 0.930219 0.697353 0.139561 0.605295 0.00630395
0 0.20905 0.665276 0.4181 0.407069 0.00628915
0 0.186907 0.352755 0.373813 0.694037 0.00623507
0 1 0.79542 0 0.33389 0.00621513
0 0.553376 0.844563 0.462736 0.310875 0.00617816
0 0.852882 0.899573 0.294237 0.200854 0.00615654
0 0.697911 0.110914 0.604178 0.221829 0.00613958
0 1 0.246302 0 0.309231 0.00613445
0 0.392583 0.825352 0.654898 0.349297 0.0061308
0 0.20531 0.741007 0.41062 0.451868 0.00612767
0 0.858849 0.632074 0.282302 0.511871 0.00611922
0 0.204706 0.802564 0.409412 0.394872 0.00611007
0 0.602402 0.119849 0.392689 0.239699 0.00610428
0 0.00234331 0.0915143 0.00468662 0.183029 0.00608718
0 0.860304 0.0954835 0.279392 0.190967 0.00607156
0 0.391736 0.880423 0.430458 0.239154 0.00606663
0 0.396119 0.0788671 0.340355 0.157734 0.00604869
0 0.995149 0.854904 0.00970222 0.290191 0.00601362
0 0.677262 0.130525 0.626114 0.261051 0.00598822
0 0.698113 0.965189 0.33843 0.0696221 0.00598353
0 0.156851 0.900066 0.313701 0.199868 0.00597269
0 0.47618 0.960781 0.305649 0.0784372 0.00596627
0 0.159796 0.134804 0.319592 0.269607 0.0059655
0 0.976497 0.0919894 0.0470065 0.183979 0.00594717
0 0.820526 0.932882 0.254775 0.134236 0.00594235
0 0.755785 0.109478 0.48843 0.218956 0.00588979
0 0.021299 0.108241 0.0425981 0.216483 0.005877
0 0.564926 0.0999545 0.283036 0.199909 0.0058723
0 0.951785 0.275668 0.0964308 0.528318 0.00587008
0 0.31729 0.0765861 0.345816 0.153172 0.00585518
0 0.673107 0.202982 0.653786 0.405963 0.00584145
0 0.0882454 0.906058 0.176491 0.187883 0.00579672
0 0.993187 0.971269 0.0136261 0.0574611 0.00577733
0 0.0555256 0.986518 0.111051 0.026965 0.00576986
0 1 0.19526 0 0.308488 0.00575019
0 0.130224 0.0789752 0.260448 0.15795 0.00572793
0 0.899394 0.422243 0.201212 0.676126 0.00571769
0 0.51392 0.105339 0.312977 0.210678 0.00571442
0 0.846283 0.856577 0.307434 0.286847 0.00565169
0 0.422947 0.253385 0.845894 0.506769 0.00564298
0 0.677738 0.361032 0.512021 0.330501 0.00562731
0 0.126987 0.217167 0.253974 0.434334 0.00560435
0 1 0.090877 0 0.181754 0.00558126
0 0.811661 0.134143 0.376679 0.268286 0.00557358
0 0.18679 0.503909 0.373581 0.698672 0.00557127
0 0.866336 0.971723 0.267329 0.0565545 0.00557019
0 0.229559 0.89246 0.368578 0.21508 0.00555832
0 0.83642 0.622562 0.327159 0.26372 0.00555135
0 0.828318 0.578407 0.311748 0.23196 0.00554272
0 0.837476 0.369742 0.325049 0.237854 0.0055267
0 0.935167 0.889522 0.129666 0.220955 0.00551359
0 0.858481 0.471469 0.283038 0.449013 0.00548481
0 0.929315 0.967155 0.141369 0.0656897 0.00548263
0 0.782974 0.970423 0.317213 0.0591546 0.00547617
0 0.117607 0.113675 0.235214 0.227349 0.00545231
0 0.0859649 0.250775 0.17193 0.50155 0.00545231
0 0.898714 0.244512 0.202572 0.489024 0.00544365
0 0.166883 0.848049 0.333765 0.303903 0.0054173
0 0.549099 0.310248 0.67784 0.392935 0.00541304
0 0.961777 0.132054 0.0764465 0.264109 0.00540836
0 0.864915 0.368381 0.270171 0.393023 0.00539106
0 0.900745 0.330894 0.19851 0.534082 0.00536929
0 0.0362836 0.239396 0.0725671 0.478793 0.00536086
0 0.43254 0.0972034 0.360154 0.194407 0.00532742
0 0.392301 0.967844 0.337439 0.0643126 0.00532381
0 0.49977 0.896078 0.298126 0.207845 0.00531958
0 0.774921 0.311517 0.450157 0.357918 0.005308
0 0.381701 0.585968 0.428376 0.366911 0.00530715
0 0.857418 0.275131 0.285164 0.359704 0.00530185
0 0.24058 0.529499 0.364009 0.28799 0.00528871
0 0.822174 0.769945 0.355652 0.356126 0.00528654
0 0.806198 0.180982 0.387604 0.361964 0.0052664
0 0.23189 0.840505 0.463781 0.31899 0.00525942
0 0.755382 0.251604 0.489236 0.414593 0.00523278
0 0.802822 0.683724 0.394355 0.623068 0.00519915
0 0.1803 0.653024 0.3606 0.693952 0.00519761
0 0.544871 0.792044 0.640748 0.397828 0.0051888
0 0.381009 0.306946 0.624297 0.366468 0.00517337
0 0.656563 0.621996 0.399641 0.2848 0.00516588
0 0.255214 0.18577 0.510429 0.37154 0.00514775
0 0.195069 0.166356 0.390137 0.332711 0.00514627
0 0.125925 0.901607 0.25185 0.196785 0.00512906
0 0.830713 0.66617 0.338573 0.308204 0.00510947
0 0.834451 0.539538 0.287516 0.197208 0.00509414
0 1 0.149548 0 0.299096 0.00507326
0 0.791194 0.111667 0.417611 0.223334 0.00501053
0 0.175214 0.939422 0.240012 0.121155 0.00498739
0 0.749566 0.882193 0.385568 0.235614 0.00498094
0 0.243678 0.317373 0.487355 0.345842 0.00497694
0 0.204555 0.0736629 0.321261 0.147326 0.0049721
0 0.855544 0.389575 0.288911 0.538268 0.00497056
0 0.449215 0.580812 0.410383 0.339831 0.00496297
0 0.308096 0.971392 0.339982 0.0572165 0.00495566
0 0.23674 0.716332 0.426714 0.319819 0.00494765
0 0.2105 0.973258 0.288784 0.0534836 0.0049257
0 0.825579 0.813799 0.348841 0.284583 0.0049055
0 0.146522 0.9719 0.266381 0.0562 0.00488581
0 0.653611 0.719769 0.450021 0.313777 0.004843
0 0.550588 0.171509 0.871784 0.343018 0.00484129
0 0.259022 0.0744855 0.307298 0.148971 0.00483948
0 0.418599 0.935064 0.311306 0.129871 0.00483072
0 0.540684 0.613762 0.424699 0.320158 0.00481229
0 0.471852 0.766189 0.5063 0.388538 0.00480978
0 0.836748 0.420286 0.30669 0.185305 0.00477764
0 0.617161 0.948891 0.240877 0.102218 0.00475596
0 0.187118 0.466691 0.374236 0.283219 0.00474641
0 0.824306 0.87643 0.33906 0.233832 0.00474574
0 0.87425 0.933104 0.2515 0.133792 0.00474322
0 0.583699 0.881414 0.338153 0.237173 0.00473488
0 0.299421 0.836504 0.583425 0.326992 0.00473455
0 0.252566 0.772457 0.477311 0.377569 0.00473173
0 0.976199 0.923219 0.0476015 0.153562 0.00473023
0 1 0.0788157 0 0.157631 0.00472437
0 0.023185 0.170191 0.04637 0.340382 0.00472188
0 0.7826 0.374481 0.394031 0.265105 0.00470112
0 0.0475039 0.342372 0.0950079 0.684745 0.00469683
0 0.699488 0.130678 0.601024 0.261355 0.00469546
0 0.523805 0.718308 0.463882 0.324096 0.0046796
0 0.837429 0.212636 0.325143 0.419504 0.00467151
0 0.828918 0.491439 0.298783 0.229493 0.00466513
0 0.170271 0.730651 0.340542 0.538697 0.00466151
0 0.76896 0.814907 0.403696 0.278225 0.00463555
0 0.501369 0.525199 0.356564 0.252148 0.00462503
0 0.421992 0.527232 0.354726 0.25139 0.00461733
0 0.742747 0.619346 0.383394 0.277699 0.00461222
0 0.56598 0.53521 0.347637 0.238102 0.00460293
0 0.180394 0.559975 0.360788 0.373085 0.0046025
0 0.170354 0.508637 0.340707 0.358863 0.00456357
0 0.779918 0.767276 0.414903 0.329771 0.00455178
0 0.376027 0.719939 0.44369 0.321034 0.00455142
0 0.2672 0.453523 0.300356 0.187147 0.00454837
0 0.788711 0.505289 0.422577 0.570586 0.00452966
0 0.33415 0.464025 0.322026 0.194792 0.00452511
0 0.537394 0.368762 0.491928 0.334781 0.00451004
0 0.147373 0.717753 0.294746 0.336565 0.00450741
0 0.765712 0.922997 0.347418 0.154006 0.00447142
0 0.300518 0.372801 0.441975 0.321044 0.00442907
0 0.00469846 0.960638 0.00939691 0.0787249 0.00442058
0 0.4054 0.471228 0.343263 0.219431 0.0044085
0 0.827842 0.919396 0.233802 0.132272 0.00438549
0 0.593728 0.668239 0.408052 0.315067 0.00437649
0 0.250389 0.255966 0.500778 0.403635 0.00436774
0 0.653457 0.415074 0.362413 0.206989 0.00436567
0 0.0868743 0.0807086 0.173749 0.161417 0.00435764
0 0.142289 0.712744 0.284579 0.33971 0.00435615
0 0.611577 0.16888 0.776846 0.337761 0.00435139
0 0.630131 0.58859 0.346195 0.276249 0.00434995
0 0.457515 0.663549 0.417936 0.317435 0.00434946
0 0.199947 0.377933 0.399894 0.336187 0.00433794
0 0.777371 0.581943 0.323989 0.251459 0.00433763
0 0.731066 0.664088 0.399356 0.298689 0.00430701
0 0.158795 0.774312 0.31759 0.403513 0.00429683
0 0.449527 0.186428 0.899055 0.372855 0.00429153
0 0.190906 0.415265 0.381813 0.291958 0.00429132
0 0.51483 0.936195 0.250113 0.127609 0.00428264
0 0.384314 0.660384 0.422889 0.314 0.00427881
0 0.730203 0.417863 0.355895 0.201433 0.00427323
0 0.182331 0.311403 0.364661 0.342958 0.00427179
0 0.491462 0.466274 0.358529 0.232723 0.00426768
0 0.186491 0.659355 0.372982 0.286556 0.00426134
0 0.14767 0.653822 0.29534 0.278723 0.00423698
0 0.0773504 0.881894 0.154701 0.236212 0.00423295
0 0.61864 0.467048 0.325 0.207951 0.00421762
0 0.822353 0.312657 0.355293 0.303742 0.00421057
0 0.236942 0.659751 0.418371 0.295007 0.00418077
0 0.30676 0.590699 0.420455 0.383418 0.00417133
0 0.340151 0.535834 0.351728 0.260058 0.00416886
0 0.313078 0.659194 0.419615 0.304466 0.00416384
0 0.566203 0.227439 0.867593 0.454878 0.00416195
0 0.162747 0.778797 0.325493 0.385829 0.00416155
0 0.161364 0.592511 0.322728 0.308752 0.00412228
0 0.0512053 0.484208 0.102411 0.709427 0.00412084
0 0.0696117 0.992067 0.139223 0.0158653 0.00411921
0 0.0480305 0.762411 0.0960609 0.475178 0.00410068
0 0.120893 0.972163 0.241785 0.0556737 0.00409706
0 0.139849 0.641443 0.279697 0.277689 0.00409113
0 0.131975 0.936223 0.26395 0.127554 0.00407173
0 0.15587 0.410827 0.31174 0.342745 0.00407136
0 0.213451 0.602447 0.426901 0.315333 0.00406661
0 0.450173 0.37395 0.450001 0.317229 0.00406645
0 0.566019 0.460491 0.34955 0.205982 0.00404918
0 0.0248853 0.823886 0.0497705 0.352228 0.00402629
0 0.766751 0.489833 0.323997 0.232623 0.0039804
0 0.165823 0.360422 0.331646 0.333466 0.0039795
0 1 0.12001 0 0.24002 0.00396142
0 0.164392 0.468638 0.328784 0.340263 0.00395171
0 0.426718 0.41864 0.362627 0.230565 0.00394111
0 0.254471 0.413925 0.358429 0.235362 0.00393653
0 0.704096 0.475696 0.336355 0.22748 0.00393206
0 0 0.907241 0 0.185519 0.00387896
0 1 0.945283 0 0.109435 0.00383614
0 0.776898 0.542713 0.316604 0.199923 0.00381819
0 0.518815 0.412079 0.382376 0.239424 0.00379846
0 0.0781171 0.842609 0.156234 0.314782 0.00379641
0 0.354235 0.418086 0.340426 0.21393 0.00377253
0 0.0533697 0.635694 0.106739 0.712065 0.00374282
0 0.081641 0.938402 0.163282 0.123196 0.00371025
0 0.591692 0.41066 0.373255 0.226623 0.00368458
0 0.102352 0.296169 0.204705 0.592337 0.00367629
0 0.0651762 0.190835 0.102505 0.048008 0.00366201
0 0.895892 0.546577 0.112443 0.185837 0.0035907
0 0.0414959 0.969105 0.0829919 0.0617909 0.00352323
0 0.0413396 0.882458 0.0826792 0.235084 0.00336399
0 0 0.945907 0 0.108186 0.00335058
0 0.864783 0.257041 0.270434 0.172873 0.00325157
0 0.707288 0.540556 0.332872 0.217179 0.00321699
0 0.369171 0.280065 0.352518 0.213861 0.00321244
0 0.891162 0.207387 0.217677 0.0796487 0.00320508
0 0.50162 0.483471 0.101154 0.0623969 0.0032046
0 0.602602 0.95055 0.109517 0.0921329 0.0030503
0 1 0.945278 0 0.109445 0.00298739
0 0.0994839 0.765381 0.198968 0.469239 0.00293072
0 0.114145 0.990563 0.178228 0.018874 0.00292385
0 0.0685593 0.972796 0.137119 0.0544083 0.00290874
0 0 0.00465869 0 0.00931737 0.00278029
0 0.0885762 0.341992 0.122301 0.0809697 0.00272825
0 0.121028 0.200637 0.213228 0.0670827 0.00271539
0 0.41188 0.267587 0.475433 0.277543 0.00269612
0 1 0.0749012 0 0.149802 0.00269252
0 0.49776 0 0.136698 0 0.00264491
0 0.602411 0.0578259 0.273474 0.115652 0.00264313
0 0.238738 0.259743 0.477475 0.241376 0.00258549
0 0.0580944 0.931804 0.116189 0.136391 0.00242435
0 0.160583 0.260907 0.321165 0.186797 0.00241927
0 0.665592 0.957818 0.158813 0.0843637 0.00241298
0 0.0557306 0.961976 0.111461 0.0760489 0.00240968
0 0.106017 0.248273 0.176999 0.155351 0.00228996
0 0.907493 0.985628 0.185014 0.0287434 0.0022852
0 0 0.881625 0 0.23675 0.00226915
0 0.850686 0.814024 0.234912 0.139741 0.00226811
0 0.322825 0.419925 0.143176 0.178668 0.00226412
0 0.830218 0.276097 0.339564 0.24554 0.00225542
0 0.322671 0.275185 0.288598 0.184127 0.00224041
0 0.0973488 0.421164 0.137992 0.122889 0.00220227
0 0.490511 0.285027 0.582176 0.255815 0.00217907
0 0.821682 0.880831 0.243328 0.171057 0.0021553
0 0.925442 0.199885 0.147223 0.0612813 0.00214117
0 0.800012 0.741977 0.399977 0.272078 0.00213602
0 0.428739 0.438409 0.121223 0.0986347 0.00208666
0 0.839383 0.0859093 0.321234 0.171819 0.00208515
0 0.137432 0.251378 0.257537 0.16447 0.00208108
0 0.671224 0.475919 0.129181 0.0720064 0.00207162
0 0.833615 0.9104 0.33277 0.1792 0.00205791
0 0.248849 0.795361 0.497697 0.30851 0.00204492
0 0.712767 0.253361 0.574466 0.257394 0.00204458
0 0.00121917 0.0544184 0.00243833 0.108837 0.00203891
0 0.410065 0.0535531 0.329545 0.107106 0.00203863
0 0.65861 0.258087 0.646444 0.308854 0.00202095
0 0.92699 0.526782 0.0887435 0.150046 0.00201332
0 0.0703094 0.876433 0.140619 0.247135 0.00200998
0 0.320091 0.372793 0.133466 0.0929318 0.00200954
0 0.639442 0.94166 0.182587 0.11668 0.986297
0 0.513885 0.0345543 0.098191 0.0686209 0.898718
0 0.516099 0.0185745 0.101387 0.037149 0.0174364
0 0.581354 0.656919 0.222359 0.149443 0.00782173
0 0.510571 0.00994702 0.111518 0.019894 0.0070393
0 0.556496 0.181692 0.736104 0.363384 0.0069861
0 0.722491 0.0871178 0.324966 0.174236 0.00633774
0 0.279988 0.449375 0.281732 0.159344 0.00629378
0 0.132676 0.458519 0.255575 0.175094 0.00624459
0 0.425198 0.805111 0.850397 0.389779 0.00624357
0 0.157907 0.376362 0.315815 0.244435 0.00619848
0 0.707537 0.124628 0.407749 0.249256 0.00616796
0 0.0808756 0.445028 0.129175 0.115772 0.00612685
0 0.373747 0.304829 0.747493 0.549808 0.00612298
0 0.379497 0.20068 0.758994 0.40136 0.00591522
0 0.193821 0.652779 0.387642 0.274615 0.0057326
0 0.539636 0.0565729 0.196908 0.113146 0.00573104
0 0.649379 0.79598 0.701243 0.408039 0.00566089
0 0.617638 0.92952 0.243384 0.14051 0.00558927
0 0.20022 0.135032 0.400439 0.270064 0.00555047
0 0.118015 0.903164 0.204835 0.19122 0.00545837
0 0.615183 0.62742 0.352465 0.210362 0.00539432
0 0.332741 0.446448 0.266612 0.153325 0.00537993
0 0.645793 0.194525 0.708415 0.38905 0.00537332
0 0.616223 0.949181 0.243854 0.101639 0.00535937
0 0.199465 0.0665118 0.307621 0.133024 0.00533426
0 0.508582 0.0560862 0.148109 0.112172 0.00528917
0 0.81876 0.0903728 0.310174 0.180746 0.00528068
0 0.884327 0.107345 0.231347 0.159397 0.005259
0 0.20817 0.463889 0.141418 0.0972196 0.00525172
0 0.801903 0.623887 0.394682 0.234532 0.00522633
0 0.25897 0.0687323 0.290215 0.137465 0.00522286
0 0.852122 0.0873832 0.295756 0.174766 0.00521658
0 0.350226 0.796517 0.700451 0.406966 0.00521393
0 0.214558 0.381725 0.429116 0.299505 0.00514622
0 0.583001 0.148041 0.396999 0.296082 0.00512876
0 0.423074 0.760265 0.846147 0.479469 0.00511383
0 0.221904 0.643675 0.442437 0.209401 0.00509981
0 0.240049 0.956087 0.289301 0.087827 0.0050996
0 0.688233 0.629827 0.379045 0.209788 0.00505865
0 0.699929 0.25694 0.600142 0.513881 0.00505075
0 0.857489 0.167048 0.285022 0.278419 0.0050173
0 0.847993 0.0996578 0.304015 0.159757 0.00501135
0 0.0783785 0.492295 0.135049 0.158058 0.005003
0 0.981967 0.0845817 0.036066 0.169163 0.00496213
0 0.799332 0.134139 0.401337 0.219302 0.00495297
0 0.162146 0.661053 0.324292 0.385722 0.00495088
0 0.501885 0.0846466 0.287007 0.169293 0.00495021
0 0.469969 0.305451 0.929245 0.546125 0.00492872
0 0.348659 0.0685023 0.278863 0.137005 0.00492543
0 0.214699 0.129847 0.429398 0.244038 0.00491914
0 0.571563 0.0807337 0.344918 0.161467 0.00490676
0 0.912909 0.91347 0.174181 0.173059 0.00490424
0 0.148405 0.070241 0.295465 0.140482 0.00489572
0 0.386694 0.917742 0.373033 0.164515 0.00486787
0 0.776863 0.936582 0.333944 0.126835 0.00486353
0 0.112189 0.961166 0.224379 0.0776678 0.00484673
0 0.483531 0.631272 0.36714 0.201479 0.00484073
0 0.875844 0.636516 0.248311 0.189747 0.00481917
0 0.467082 0.957183 0.278255 0.0856331 0.00480816
0 0.043748 0.100026 0.0874961 0.200052 0.00480098
0 0.594431 0.0661375 0.252517 0.132275 0.00478254
0 0.791344 0.0889415 0.326443 0.177883 0.00476803
0 0.697607 0.0816264 0.309311 0.163253 0.00473439
0 0.340685 0.622008 0.27632 0.211815 0.00471655
0 0.44119 0.0665412 0.264894 0.133082 0.004714
0 0.87917 0.968743 0.24166 0.0625136 0.00471243
0 0.29905 0.954185 0.253755 0.09163 0.00470792
0 0.745466 0.800295 0.509068 0.336152 0.00470437
0 0.758028 0.139961 0.483943 0.279922 0.00469835
0 0.788391 0.337554 0.423218 0.339716 0.00468883
0 0.306807 0.38289 0.101846 0.0926903 0.00467609
0 0.996855 0.969391 0.00628952 0.0612171 0.00465655
0 0.0245911 0.861082 0.0491821 0.277837 0.00464788
0 0.908502 0.0865746 0.182995 0.173149 0.00464387
0 0.0918492 0.0893849 0.183698 0.17877 0.00464299
0 0.886527 0.78256 0.226945 0.413243 0.00464148
0 0.247209 0.224831 0.494417 0.449662 0.00463067
0 0.144321 0.960417 0.241344 0.0791666 0.00462439
0 0.167024 0.955028 0.294996 0.0899431 0.00459799
0 0.603354 0.265762 0.793292 0.531524 0.00459361
0 0.129169 0.959768 0.258339 0.0804649 0.00458503
0 0.853797 0.756027 0.292406 0.487946 0.00458493
0 0.289144 0.467839 0.226937 0.206197 0.00458029
0 0.995373 0.10848 0.00925472 0.21696 0.00457227
0 0.399192 0.622603 0.285289 0.216862 0.00455834
0 0.244108 0.621203 0.281756 0.207757 0.00455153
0 0.905322 0.969947 0.189355 0.060105 0.00454453
0 0.290037 0.119441 0.398759 0.238881 0.00453795
0 0.301775 0.357567 0.60355 0.345955 0.0045242
0 0.183451 0.173784 0.366903 0.347567 0.00449703
0 0.950679 0.125187 0.0986425 0.250374 0.00448649
0 0.392333 0.362087 0.634099 0.377636 0.00441402
0 0.235716 0.933497 0.328003 0.133006 0.00439812
0 0.871221 0.198018 0.257557 0.396036 0.00438112
0 0.579464 0.346273 0.728184 0.398204 0.00437323
0 0.348219 0.497424 0.227438 0.182335 0.00435257
0 0.537246 0.619239 0.312132 0.226497 0.00434246
0 0.882289 0.865842 0.235422 0.268315 0.00434195
0 0.167558 0.492179 0.281149 0.180393 0.00432994
0 0.25429 0.298242 0.508579 0.555488 0.0043262
0 0.782701 0.962473 0.280466 0.0750547 0.00431745
0 0.166817 0.338017 0.333635 0.404046 0.00430982
0 0.635331 0.901318 0.215335 0.197363 0.00430248
0 0.221719 0.714551 0.443439 0.570899 0.00430166
0 0.833735 0.71067 0.332529 0.578659 0.00429094
0 0.519203 0.232418 0.961595 0.464836 0.00428968
0 0.474561 0.73731 0.949122 0.525381 0.00428684
0 0.0459011 0.967724 0.0918021 0.0645514 0.00428042
0 0.842477 0.273221 0.315046 0.546442 0.00427306
0 0.571787 0.443827 0.391083 0.28006 0.00426612
0 0.669454 0.960678 0.284712 0.0786429 0.00425699
0 0.303369 0.495475 0.209651 0.178866 0.00425694
0 0.166945 0.617171 0.307828 0.222844 0.00423634
0 0.650366 0.461256 0.452204 0.35701 0.00421385
0 0.892218 0.811337 0.215564 0.377326 0.00420453
0 0.342273 0.635807 0.360756 0.187323 0.00419382
0 0.608109 0.891163 0.309106 0.217674 0.00419321
0 0.451366 0.0610091 0.224911 0.122018 0.00419131
0 0.103411 0.427146 0.164633 0.117564 0.00418201
0 0.730236 0.177521 0.539529 0.355041 0.00417957
0 0.953667 0.972344 0.0926666 0.0553114 0.00416252
0 0.110487 0.343138 0.220974 0.686275 0.00415938
0 0.189692 0.145079 0.379384 0.290159 0.00415894
0 0.601725 0.942105 0.111381 0.110131 0.00415341
0 0.796973 0.744426 0.406053 0.419541 0.00414913
0 0.111278 0.545 0.222555 0.697835 0.00414554
0 0.306064 0.929559 0.31835 0.140882 0.00413225
0 0.707067 0.742269 0.585866 0.493382 0.00411407
0 0.395638 0.132729 0.350085 0.265459 0.0041018
0 0.112407 0.125887 0.224815 0.251774 0.00409079
0 0.630878 0.52812 0.371086 0.309 0.00407938
0 0.8564 0.78424 0.287199 0.324657 0.00407431
0 0.0302322 0.176067 0.0604643 0.352133 0.00405969
0 0.989696 0.870794 0.0206075 0.258411 0.00405916
0 0.501733 0.445935 0.376205 0.201449 0.00403685
0 0.575423 0.855154 0.44247 0.289691 0.00402538
0 0.666269 0.939678 0.279193 0.120643 0.0040144
0 0.0564424 0.13261 0.112885 0.26522 0.00398468
0 0.0300632 0.963612 0.0601265 0.0727753 0.00394078
0 0.566759 0.526444 0.350609 0.278614 0.0039237
0 0.369307 0.729242 0.738614 0.541516 0.0039201
0 0.741377 0.503097 0.468338 0.36146 0.00391281
0 0.816136 0.80822 0.367728 0.262259 0.00390181
0 0.380162 0.951482 0.303699 0.0970364 0.00389256
0 0.497891 0.899848 0.275459 0.200304 0.00385995
0 0.143074 0.0898314 0.286148 0.179663 0.00385595
0 0.151628 0.588153 0.303256 0.289989 0.00385233
0 0.703231 0.296791 0.593538 0.465942 0.0038472
0 0.171796 0.930957 0.311097 0.138085 0.00384309
0 0.368267 0.459762 0.247222 0.185367 0.00383303
0 0.846889 0.881897 0.306221 0.201363 0.00382392
0 0.0417609 0.238026 0.0835218 0.476053 0.00382356
0 0.814135 0.498116 0.371731 0.341187 0.00381182
0 0.727359 0.452336 0.528949 0.371442 0.00380845
0 0.863184 0.603506 0.273632 0.279106 0.00378216
0 0.833747 0.499215 0.332507 0.491463 0.00375052
0 0.41056 0.451341 0.292983 0.166197 0.00375036
0 0.710578 0.364772 0.578844 0.364445 0.00374885
0 0.260186 0.221152 0.520371 0.442304 0.00374295
0 0.831012 0.404337 0.337977 0.473213 0.00369365
0 0.426735 0.164805 0.311942 0.32961 0.00369109
0 0.41281 0.516389 0.270949 0.177554 0.00367972
0 0.487789 0.532929 0.339238 0.210876 0.00366253
0 0.115065 0.670258 0.23013 0.659483 0.00364785
0 0.325236 0.439635 0.145272 0.145659 0.00362853
0 0.886259 0.937493 0.227481 0.125015 0.00360948
0 0.0487102 0.273518 0.0974205 0.547035 0.00360286
0 0.0740765 0.94154 0.148153 0.11692 0.00359123
0 0.857865 0.814362 0.28427 0.203502 0.00358666
0 0.219172 0.797177 0.438344 0.405645 0.00355255
0 0.986449 0.131289 0.0271025 0.262578 0.00354997
0 0.208462 0.389721 0.416925 0.506755 0.00353992
0 0.843719 0.53087 0.312561 0.293763 0.00352587
0 0.771619 0.889471 0.386999 0.208405 0.00351834
0 0.0442878 0.806281 0.0885757 0.387439 0.00344618
0 0.165258 0.811098 0.330515 0.377804 0.00344354
0 0.899235 0.83224 0.201529 0.335519 0.00343993
0 0.889968 0.90409 0.220064 0.191821 0.00342098
0 0.211708 0.623409 0.212373 0.167346 0.003415
0 0.823195 0.385974 0.35361 0.300813 0.00340356
0 0.173892 0.817548 0.347784 0.364903 0.00338904
0 0.928821 0.190739 0.142358 0.381479 0.00336742
0 0.449213 0.424387 0.31877 0.190815 0.00336371
0 0.278493 0.458083 0.24228 0.105086 0.00336368
0 0.491705 0.167936 0.309824 0.335872 0.00332472
0 0.818546 0.761733 0.362908 0.337926 0.00332195
0 0.857851 0.916907 0.284298 0.166186 0.00331855
0 0.698528 0.406426 0.428576 0.30974 0.00331761
0 0.183305 0.665493 0.36661 0.494946 0.00331336
0 0.27635 0.71454 0.552701 0.564115 0.00331232
0 0.140236 0.889746 0.280471 0.220508 0.00331216
0 0.0739034 0.838058 0.147807 0.323884 0.00330066
0 0.861779 0.52745 0.276442 0.372051 0.00329242
0 0.0587455 0.773037 0.117491 0.453926 0.00327726
0 0.0647068 0.818948 0.129414 0.256145 0.00326999
0 0.215355 0.819906 0.43071 0.360187 0.00326946
0 0.839492 0.614773 0.321016 0.532974 0.00325613
0 0.172923 0.490819 0.345846 0.452463 0.00325541
0 0.630438 0.397812 0.384322 0.269229 0.00324727
0 0.0654975 0.875974 0.130995 0.248052 0.00322648
0 0.758749 0.651537 0.210687 0.15914 0.00319359
0 0.81241 0.731164 0.37518 0.537673 0.0031914
0 0.0025614 0.0816923 0.00512281 0.163385 0.00318111
0 0.676897 0.89878 0.341171 0.201968 0.00317892
0 0.834488 0.341118 0.331024 0.501519 0.00315958
0 0.163367 0.732664 0.326734 0.534671 0.00315677
0 1 0.0729277 0 0.145855 0.0031525
0 0.806451 0.796673 0.387098 0.406655 0.00313885
0 0.514349 0.663328 0.184604 0.135524 0.00313801
0 0.39172 0.513328 0.17996 0.178799 0.00312129
0 0.173887 0.575456 0.347775 0.41015 0.00309533
0 0.0750707 0.181246 0.150141 0.362491 0.00307823
0 0.158764 0.448699 0.317529 0.653318 0.00302215
0 0.325899 0.458721 0.140462 0.103621 0.00300533
0 0.558095 0.403769 0.367991 0.237287 0.00299452
0 0.444931 0.458142 0.163957 0.107168 0.00297006
0 0.779422 0.912081 0.329164 0.175838 0.00294538
0 0.13525 0.302938 0.243636 0.179613 0.00291677
0 0.141851 0.5143 0.272855 0.232558 0.00291428
0 0.158791 0.850445 0.317583 0.29911 0.00289722
0 0.841923 0.649903 0.316154 0.518993 0.00288167
0 0.489622 0.443947 0.203181 0.140684 0.00287818
0 0.62456 0.723016 0.677603 0.478319 0.00285524
0 0.475304 0.943901 0.300124 0.112197 0.00284019
0 0.86387 0.429141 0.272259 0.454916 0.00279045
0 0.51783 0.0246841 0.112221 0.0493683 0.00278239
0 0.218421 0.503682 0.162717 0.169736 0.00276331
0 0.156845 0.072915 0.275068 0.119135 0.00269764
0 0.77919 0.414864 0.44162 0.348459 0.00268916
0 0.395887 0.458587 0.196176 0.105949 0.00261989
0 0.729088 0.938008 0.143926 0.123984 0.00260768
0 0 0.00448961 0 0.00897922 0.00251275
0 0.0795269 0.445199 0.105642 0.0948413 0.00251178
0 0.997268 0.896199 0.00546475 0.207601 0.00250917
0 0.0941891 0.775045 0.188378 0.286081 0.00250773
0 0.786502 0.911679 0.262375 0.150661 0.0025055
0 0.847314 0.45992 0.305372 0.386097 0.00250196
0 0.853379 0.384641 0.293241 0.316961 0.00249803
0 0.728174 0.658279 0.218356 0.145429 0.00246409
0 0.328588 0.383234 0.143799 0.0922469 0.0024444
0 0.380972 0.642881 0.182444 0.170909 0.0024371
0 0.888781 0.0922803 0.222439 0.15376 0.00241827
0 0.341442 0.360183 0.169211 0.137875 0.00237798
0 0.985336 0.15754 0.0293277 0.283667 0.00236493
0 0.793862 0.276075 0.1587 0.107904 0.00235712
0 0.081378 0.522287 0.142909 0.144466 0.00233154
0 0.481685 0.728956 0.764882 0.481417 0.00233017
0 0.512461 0.0540744 0.102212 0.10335 0.00232518
0 0.852198 0.2644 0.295603 0.199802 0.00230503
0 0.477322 0.0655839 0.20588 0.120717 0.00230191
0 0.472481 0.345364 0.261305 0.12776 0.00230115
0 0.625062 0.947594 0.235415 0.104812 0.00227522
0 0.82514 0.915535 0.205856 0.151049 0.00227011
0 0.873631 0.525431 0.252739 0.445436 0.00226804
0 0.182013 0.224276 0.364027 0.380195 0.00223357
0 0.811495 0.923615 0.219186 0.114016 0.00222592
0 0.0970911 0.870932 0.194182 0.253339 0.002216
0 0 0.969574 0 0.0608514 0.00220432
0 0.444076 0.558455 0.226147 0.090011 0.00219392
0 0.196757 0.469261 0.137871 0.120904 0.00217105
0 0.529279 0.0973557 0.336136 0.194711 0.00216911
0 0.392479 0.313602 0.275252 0.183831 0.00215339
0 0.653321 0.565903 0.176997 0.11095 0.00212536
0 0.876659 0.11736 0.246682 0.192983 0.00210729
0 0.522846 0.563145 0.21949 0.0885583 0.00210301
0 0.0363901 0.460462 0.0727801 0.194111 0.00209616
0 0.992729 0.681989 0.014542 0.275478 0.00209113
0 0.042329 0.70339 0.0846581 0.242248 0.00208305
0 0.62444 0.411737 0.26994 0.205222 0.00207611
0 0.268968 0.595314 0.213036 0.194723 0.0020687
0 0.377741 0.337697 0.246952 0.184155 0.00206227
0 0.714201 0.612898 0.26479 0.197053 0.0020393
0 0.817745 0.638827 0.256328 0.184241 0.00200684
0 0.995867 0.836566 0.00826619 0.27764 0.00200386
0 0.428566 0.60377 0.232863 0.19546 0.00199691
0 0.0201945 0.660553 0.0403891 0.255782 0.00198962
0 0.672757 0.661645 0.209136 0.135412 0.00198883
0 0.172195 0.295273 0.344389 0.342587 0.00198786
0 0.269995 0.900151 0.264515 0.155235 0.00197692
0 0.00354851 0.898626 0.00709701 0.202749 0.00197498
0 0.0885008 0.957129 0.111748 0.0786858 0.00196475
0 0.916799 0.652076 0.166402 0.166104 0.00196178
0 0.560422 0.0539668 0.262454 0.107934 0.00193141
0 0.483829 0.658345 0.251855 0.135615 0.00192269
0 0.996985 0.784928 0.00602906 0.273581 0.00190787
0 0.635493 0.859767 0.200162 0.0808603 0.00190677
0 0.62702 0.552367 0.209205 0.119238 0.00190569
0 0.508715 0.410382 0.201707 0.203911 0.00190327
0 0.990847 0.207298 0.0183055 0.27964 0.00189823
0 0.918831 0.453952 0.162339 0.238052 0.00189783
0 0.890856 0.153129 0.218289 0.305896 0.00189575
0 0.409523 0.54749 0.172303 0.102146 0.00189335
0 0.932291 0.940174 0.135418 0.119653 0.00188984
0 0.924154 0.55296 0.151693 0.189355 0.00188881
0 0.774882 0.290241 0.160491 0.103059 0.00188783
0 0.919484 0.598586 0.161032 0.207643 0.00188346
0 0.513732 0.616728 0.25846 0.185785 0.00188344
0 0.870772 0.168002 0.258455 0.116993 0.0018758
0 0.399913 0.892941 0.314682 0.176524 0.00186618
0 0.638351 0.941099 0.186639 0.117801 0.746072
0 0.127015 0.342868 0.254029 0.645665 0.00637524
0 0.127301 0.491223 0.254602 0.65333 0.00599247
0 0.126582 0.6397 0.253164 0.653378 0.00540287
0 0.60287 0.954264 0.254761 0.0914711 0.00499062
0 0.620156 0.946241 0.239503 0.107519 0.00464679
0 0.508313 0.961909 0.318647 0.0761827 0.0045976
0 0.0388478 0.976718 0.0776956 0.0465641 0.00454363
0 0.116811 0.753252 0.233621 0.493497 0.00447906
0 0.778124 0.799828 0.443752 0.400344 0.00440873
0 0.678754 0.950869 0.290226 0.0982628 0.00438705
0 0.59347 0.78727 0.81306 0.42546 0.00434672
0 0.616839 0.861829 0.337103 0.276341 0.00422839
0 0.977815 0.915808 0.0443691 0.168384 0.00417185
0 0.10175 0.24373 0.203501 0.48746 0.00412738
0 0.873339 0.822047 0.253323 0.355906 0.00409834
0 0.846805 0.946904 0.283648 0.106192 0.00409748
0 0.824642 0.746634 0.350717 0.493319 0.00409707
0 0.80415 0.546031 0.3917 0.522215 0.00401565
0 0.830886 0.6435 0.338229 0.493402 0.00401446
0 0.96005 0.0857565 0.0798998 0.171513 0.00396629
0 0.794927 0.947659 0.288329 0.104682 0.00394974
0 0.97281 0.510112 0.0543802 0.387918 0.0039485
0 0.925702 0.801483 0.148596 0.397034 0.00389901
0 0.239256 0.216796 0.478513 0.433591 0.00386788
0 0.978462 0.608509 0.0430769 0.383616 0.00386212
0 0.972466 0.411785 0.0550682 0.380023 0.00383577
0 0.983051 0.709632 0.0338986 0.369916 0.00381865
0 0.0340603 0.889276 0.0681205 0.221448 0.00378636
0 0.882685 0.705452 0.234629 0.445278 0.00377575
0 0.0683598 0.121141 0.13672 0.242283 0.00376469
0 0.983581 0.268619 0.0328385 0.351392 0.00375269
0 0.70759 0.707858 0.584819 0.526854 0.00375141
0 0.524038 0.839358 0.570148 0.321284 0.00374472
0 0.857192 0.859689 0.285616 0.280622 0.00373502
0 0.996084 0.814609 0.00783118 0.30897 0.00372082
0 0.796941 0.450808 0.406119 0.526564 0.00370202
0 0.701683 0.782237 0.596635 0.435525 0.00369944
0 0.996424 0.169781 0.00715243 0.277457 0.00369861
0 0.900864 0.942963 0.198272 0.114074 0.00369732
0 0.686654 0.96399 0.268519 0.0720207 0.00368697
0 0.795927 0.834912 0.408145 0.330177 0.00368558
0 0.821453 0.22061 0.357093 0.44122 0.00366007
0 0.804881 0.300387 0.390238 0.512492 0.00360563
0 0.924499 0.178669 0.151001 0.357339 0.00359169
0 0.993329 0.971346 0.0133417 0.0573082 0.00358262
0 0.0529556 0.566286 0.105911 0.635484 0.0035546
0 0.883587 0.2145 0.232825 0.429 0.00354303
0 0.052919 0.417251 0.105838 0.634667 0.00354084
0 0.0869287 0.201837 0.173857 0.403675 0.00351217
0 0.883203 0.973448 0.233594 0.053104 0.00350533
0 0.0534271 0.69876 0.106854 0.602479 0.00349598
0 0.862522 0.25753 0.274957 0.45936 0.00348301
0 0.246556 0.295256 0.493112 0.537367 0.00347645
0 0.95763 0.878009 0.0847399 0.243981 0.00347617
0 0.706307 0.613174 0.587387 0.523522 0.00346555
0 0.385394 0.977041 0.324391 0.0459184 0.00346055
0 0.0933222 0.837773 0.186644 0.324454 0.00344861
0 0.0516984 0.289501 0.103397 0.579002 0.00344196
0 0.840502 0.973701 0.279694 0.052597 0.00338297
0 0.852549 0.358421 0.294902 0.46041 0.00337709
0 0.986739 0.0762969 0.0265211 0.152594 0.00337165
0 0.246423 0.399555 0.492846 0.54862 0.00334816
0 0.496918 0.8224 0.807354 0.355199 0.00334246
0 0.997314 0.108353 0.00537136 0.216706 0.0033371
0 0.844607 0.104328 0.310787 0.208656 0.00330573
0 0.047548 0.787003 0.0950961 0.425994 0.00329195
0 0.930899 0.949394 0.135731 0.101212 0.00328243
0 0.970058 0.124979 0.0598836 0.249958 0.00325725
0 0.960376 0.116065 0.0792476 0.232129 0.00325707
0 0.78748 0.969136 0.263245 0.0617281 0.00324571
0 0.907466 0.628624 0.179691 0.19534 0.00322736
0 0.228391 0.182899 0.456782 0.365799 0.00322427
0 0.0774548 0.163086 0.15491 0.326171 0.00320358
0 0.0751592 0.977931 0.150318 0.0441378 0.00317548
0 0.882289 0.149964 0.235422 0.299929 0.00317239
0 0.712421 0.363136 0.575158 0.524075 0.00316715
0 0.852138 0.25611 0.284416 0.19631 0.00316146
0 0.488605 0.933241 0.443456 0.133518 0.00313791
0 0.0140511 0.0941208 0.0281022 0.188242 0.00313176
0 0.732535 0.833963 0.53493 0.332075 0.00313007
0 1 0.00869319 0 0.0173864 0.00312138
0 0.315565 0.362952 0.631131 0.563272 0.00303144
0 0.24791 0.498433 0.49582 0.557541 0.00302223
0 0.687589 0.465953 0.624821 0.527411 0.00296614
0 0.72177 0.262332 0.556459 0.524663 0.0029058
0 0 0.915619 0 0.168763 0.00290206
0 0.31853 0.978504 0.349562 0.0429925 0.00289136
0 0.246832 0.97924 0.348981 0.0415204 0.00288224
0 0.881061 0.289982 0.226927 0.186786 0.0028579
0 0.804014 0.165508 0.391973 0.331017 0.00285686
0 0.791631 0.115245 0.416739 0.230491 0.00284333
0 0.394776 0.882906 0.499383 0.234188 0.00284211
0 0.0334924 0.157767 0.0669847 0.315533 0.00283971
0 0.136792 0.979625 0.273584 0.0407506 0.00281126
0 0 0.976122 0 0.0477551 0.00280889
0 0.268401 0.278449 0.536802 0.542361 0.00279693
0 0.244846 0.64456 0.489692 0.55314 0.00277756
0 0.553554 0.11407 0.605332 0.22814 0.00277126
0 0.629156 0.740574 0.741689 0.518851 0.00276592
0 0.629397 0.516497 0.741206 0.517528 0.0027623
0 0.633221 0.416296 0.733558 0.516009 0.00275725
0 0.187017 0.979051 0.320237 0.0418974 0.00271073
0 0.252847 0.729033 0.505694 0.541934 0.00266473
0 0.912892 0.362661 0.166542 0.202021 0.00266005
0 0.682778 0.118392 0.634444 0.236783 0.00265698
0 0.599213 0.907085 0.269408 0.180646 0.00264652
0 0.0194294 0.859102 0.0388587 0.281796 0.00263665
0 0.523686 0.763201 0.932685 0.473597 0.00262971
0 0.231171 0.12433 0.462342 0.24866 0.00262657
0 0.0825069 0.867504 0.165014 0.264993 0.00262607
0 0.142073 0.117825 0.284145 0.23565 0.00260614
0 0.263408 0.428463 0.526816 0.546521 0.00260077
0 0.997096 0.542316 0.00580768 0.285082 0.00259662
0 0.997147 0.368122 0.00570652 0.285788 0.00257238
0 0.389384 0.311334 0.778768 0.549904 0.00257107
0 0.324567 0.113951 0.593649 0.227901 0.00256772
0 0.997069 0.443085 0.00586201 0.287008 0.00255687
0 0.430826 0 0.298144 0 0.0025565
0 0.0839821 0.929198 0.167964 0.141604 0.0025418
0 0.739632 0.205491 0.520737 0.410981 0.00251379
0 0.662257 0.309465 0.675486 0.539143 0.00248744
0 0.91818 0.0977543 0.157553 0.1035 0.00243855
0 0.563677 0.463461 0.872647 0.517352 0.00243475
0 0.903204 0.326728 0.184486 0.192831 0.00243304
0 0.657279 0.665791 0.685442 0.533883 0.00242611
0 0.86507 0 0.269859 0 0.00240585
0 0.359877 0 0.291356 0 0.00239374
0 0.258904 0.218159 0.517808 0.436317 0.00239358
0 0.276067 0.864177 0.552135 0.271646 0.00237786
0 0.263105 0.579019 0.52621 0.552209 0.0023726
0 0.452383 0.414746 0.904766 0.528421 0.00235317
0 0.232836 0.141388 0.326004 0.156105 0.00234344
0 0.919293 0.596891 0.156122 0.17196 0.0023424
0 0.8074 0 0.294416 0 0.002327
0 0.420592 0.745556 0.841184 0.508887 0.00232221
0 0.412533 0.56608 0.825067 0.521922 0.0022897
0 0.423554 0.788841 0.847109 0.422318 0.00226682
0 0.869644 0.439126 0.248483 0.289565 0.0022604
0 0.898736 0.396077 0.19299 0.239873 0.0022597
0 0.462325 0.267513 0.924651 0.535026 0.00225683
0 0.308319 0.485114 0.167876 0.0683024 0.00225663
0 0.41083 0.666665 0.82166 0.52542 0.00223215
0 0.996856 0.614269 0.0062882 0.280248 0.0022182
0 0.558987 0.361792 0.882025 0.528722 0.00221216
0 0.318374 0.519352 0.636748 0.552959 0.00221125
0 0.166728 0.893627 0.333455 0.212746 0.00219413
0 0.250899 0.804803 0.501797 0.390393 0.00219326
0 0.862378 0.823029 0.2627 0.157379 0.00219254
0 0.594776 0.266125 0.810448 0.532251 0.00216315
0 0.201642 0.151191 0.403284 0.302381 0.00216257
0 0.35392 0.612746 0.707839 0.558251 0.00216094
0 0.511437 0.712779 0.914728 0.542881 0.00215727
0 0.281044 0.744559 0.562088 0.510882 0.00215433
0 0.50238 0.516322 0.887797 0.49908 0.00215209
0 0.861265 0.817139 0.27747 0.365722 0.00215145
0 0.386132 0.214149 0.772264 0.428298 0.0021494
0 0.169174 0.605566 0.326884 0.22345 0.00213058
0 0.887759 0.900955 0.214804 0.172756 0.00212045
0 0.666548 0.240864 0.666904 0.481729 0.00211763
0 0.261353 0.673308 0.522706 0.550088 0.00211217
0 0.145532 0.344691 0.291064 0.418946 0.00211016
0 0.705069 0 0.294311 0 0.00209419
0 0.133503 0.15479 0.267005 0.309579 0.00209082
0 0.527666 0.214756 0.936223 0.429511 0.00207895
0 0.929971 0.516052 0.134183 0.1355 0.00207416
0 0.864074 0.280457 0.271851 0.341522 0.00206709
0 0.357993 0.761831 0.715986 0.476337 0.00205535
0 0.596449 0.619001 0.807102 0.527306 0.00205026
0 0.99556 0.863243 0.00888101 0.273514 0.00203099
0 0.845272 0.709738 0.309456 0.173783 0.00202289
0 0.0273363 0.0188988 0.0546726 0.0377975 0.00201682
0 0.326205 0.90885 0.388391 0.182299 0.00200757
0 0.996284 0.663551 0.00743235 0.28071 0.00200271
0 0.847455 0.864 0.292178 0.216377 0.00200028
0 0.867669 0.180699 0.264661 0.341661 0.00199564
0 0.351127 0.711924 0.702255 0.53592 0.00199107
0 0.138222 0.708113 0.276443 0.374831 0.00198955
0 0.0903212 0.637364 0.180642 0.407031 0.00197633
0 0.144138 0.493382 0.288276 0.425019 0.00197523
0 0.861106 0.107041 0.277615 0.208387 0.00196535
0 0.995743 0.737065 0.00851467 0.275568 0.00196291
0 0.891904 0.0961745 0.216193 0.192349 0.00195478
0 0.249901 0.614447 0.33554 0.182659 0.00194723
0 0.138809 0.464888 0.241224 0.201445 0.00194546
0 0.366551 0.155573 0.733103 0.311147 0.00194088
0 0.584543 0.156401 0.830915 0.312801 0.00193725
0 0.112021 0.815175 0.224042 0.368761 0.00193364
0 0.348374 0.817064 0.696747 0.365872 0.0019319
0 0.269981 0.768636 0.342826 0.180249 0.00193088
0 0.877402 0.668761 0.245196 0.267073 0.00192308
0 0.279072 0.795276 0.558144 0.409448 0.00191416
0 0.900602 0 0.198796 0 0.0019117
0 0.381854 0.467846 0.763709 0.512732 0.00190216
0 0.237433 0.511141 0.44812 0.229204 0.00190119
0 0.633761 0.186294 0.732478 0.372587 0.00190032
0 0 0.929522 0 0.140956 0.00189054
0 0.875946 0.185728 0.240526 0.190362 0.00188634
0 0.308758 0.18947 0.617515 0.378941 0.0018814
0 0.435131 0.151405 0.825049 0.30281 0.00187499
0 0.00801983 0.00847351 0.0160397 0.016947 0.00185796
0 0.712889 0.152725 0.574222 0.305449 0.00184043
0 0.243031 0.83103 0.486063 0.337941 0.00183953
0 0.895494 0.629684 0.209012 0.217658 0.0018335
0 0.92471 0.563614 0.144941 0.191261 0.00182849
0 0.532938 0.826964 0.53118 0.216068 0.00182014
0 0.885428 0.596593 0.227209 0.202701 0.0018113
0 0.116592 0.422759 0.233185 0.41122 0.00179774
0 0.61893 0.376411 0.470029 0.265667 0.00179078
0 0.637106 0 0.2901 0 0.00178773
0 0.140514 0.211723 0.281029 0.34286 0.00178366
0 0.575414 0.824148 0.410749 0.176836 0.00178272
0 0.130941 0.58937 0.261883 0.41568 0.00176335
0 0.394116 0.907302 0.379932 0.185395 0.00176297
0 0.274524 0.12836 0.327398 0.177903 0.00176254
0 0.879727 0.336513 0.240545 0.319294 0.0017616
0 0.863292 0.772403 0.273415 0.390736 0.00175085
0 0.878204 0.0933122 0.243591 0.186624 0.00172764
0 0.768462 0.262374 0.463076 0.294506 0.00172263
0 0 0.00345479 0 0.00690959 0.00171931
0 0.888166 0.403731 0.223667 0.293065 0.0017158
0 0.592248 0.479525 0.426478 0.295991 0.00170703
0 0.683156 0.8327 0.471913 0.213544 0.00170359
0 0.264384 0.910008 0.36147 0.179984 0.00170023
0 0.186981 0 0.287683 0 0.00169726
0 0.365909 0.844568 0.540064 0.305866 0.00169574
0 0.290987 0 0.291439 0 0.00168905
0 0.259504 0.875071 0.384002 0.20641 0.00168316
0 0.924222 0.483653 0.142668 0.18592 0.00168072
0 0.792791 0.608635 0.414417 0.256041 0.00166762
0 0.894631 0.669294 0.204448 0.182799 0.00166532
0 0.8182 0.35147 0.363599 0.268035 0.00166461
0 0.871778 0.713518 0.256444 0.323375 0.00165963
0 0.890197 0.479969 0.219607 0.29779 0.00164154
0 0.321536 0.762311 0.347359 0.164863 0.00163493
0 0.905623 0.524914 0.188753 0.221867 0.00163339
0 0.251129 0.496513 0.393083 0.161061 0.00162764
0 0.0518303 0.936352 0.103661 0.127296 0.00162694
0 0.0583005 0.908776 0.116601 0.182449 0.00162012
0 0.867086 0.863178 0.265827 0.273643 0.00161697
0 0.704108 0.438324 0.509299 0.324306 0.00161445
0 0.497391 0.662399 0.424942 0.1966 0.00159852
0 0.807905 0.4518 0.384189 0.308136 0.00159761
0 0.0184996 0.111706 0.0369992 0.223412 0.00159391
0 0.717068 0.352981 0.556816 0.343146 0.00159317
0 0.881852 0.124967 0.236296 0.249935 0.00159261
0 0.566414 0.607194 0.422853 0.261224 0.00159211
0 0.147778 0.391636 0.295557 0.304473 0.00158656
0 0.541303 0.267725 0.543847 0.307634 0.00158651
0 0.265608 0.277767 0.531215 0.265817 0.00158566
0 0.70739 0.243307 0.564731 0.355907 0.00158471
0 0.131301 0.113104 0.262601 0.226208 0.00158425
0 0.663656 0.496587 0.429601 0.395493 0.00158146
0 0.604036 0.467811 0.311949 0.276121 0.0015645
0 0.191492 0.630929 0.37773 0.170181 0.00156378
0 0 0.961725 0 0.0765503 0.00156319
0 0.00724691 0.862195 0.0144938 0.275372 0.00156264
0 0.84765 0.794647 0.292634 0.207086 0.00156248
0 0.903816 0.928731 0.192368 0.142538 0.0015529
0 0.851827 0.612346 0.295311 0.24065 0.00155081
0 0.363146 0.868163 0.426086 0.216559 0.00154041
0 0.325354 0.587536 0.457941 0.280496 0.00153925
0 0.427499 0.847911 0.458039 0.258568 0.00153902
0 0.00726003 0.811788 0.0145201 0.274205 0.00153829
0 0.600946 0.957106 0.111486 0.0838249 0.00153739
0 0.155011 0.460798 0.310023 0.235242 0.00153346
0 0.761712 0.562591 0.476575 0.256995 0.00152188
0 0.874551 0.375701 0.245976 0.204726 0.0015162
0 0.676193 0.580955 0.555152 0.35181 0.00151364
0 0.623803 0.411108 0.339165 0.20873 0.00150797
0 0.905038 0.0854602 0.180292 0.0968274 0.00150344
0 0.340432 0.924727 0.326442 0.150546 0.00150024
0 0.168169 0.796061 0.336337 0.213512 0.00149767
0 0.485592 0 0.270359 0 0.00149213
0 0.230246 0.25192 0.460491 0.250306 0.00148721
0 0.296401 0.30476 0.592803 0.34183 0.00148047
0 0.323211 0.480347 0.134243 0.0558237 0.00147927
0 0.72397 0.855618 0.470719 0.27263 0.00147877
0 0.214094 0.873519 0.428187 0.252962 0.00147228
0 0.00320939 0.416886 0.00641877 0.330632 0.00146986
0 0.199677 0.786422 0.390907 0.21493 0.0014618
0 0.69833 0.141596 0.435577 0.195989 0.00145558
0 0.258072 0.529687 0.516144 0.327478 0.00145175
0 0.139212 0.885112 0.278423 0.229776 0.00144187
0 0.00602543 0.561752 0.0120509 0.272804 0.00143647
0 0.540118 0.560263 0.45369 0.283056 0.00142593
0 0.660705 0.610249 0.491623 0.257539 0.00142358
0 0.0475411 0.213779 0.0950822 0.276155 0.00142232
0 0.856852 0.670947 0.286296 0.197428 0.00141847
0 0.402039 0.156921 0.290803 0.12241 0.00141384
0 0.58138 0.653997 0.355818 0.166326 0.00141322
0 0.308868 0.151752 0.28298 0.131775 0.00140859
0 0.496656 0.208041 0.505335 0.200138 0.00140688
0 0.392568 0.606554 0.409499 0.244112 0.00140477
0 0.810002 0.842341 0.379996 0.286932 0.00140155
0 0.89305 0.144263 0.205655 0.185829 0.00140001
0 0.766394 0.37669 0.467212 0.293583 0.00139843
0 0.894361 0.58379 0.211279 0.271283 0.00139823
0 0.179951 0.889405 0.359903 0.22119 0.0013963
0 0.82238 0.0829228 0.35524 0.165846 0.00138651
0 0.639041 0.941032 0.181763 0.117936 0.967473
0 0.514366 0.0345015 0.0969178 0.0680918 0.760276
0 0.377627 0.00299625 0.292869 0.0059925 0.0185837
0 0.492067 0.00765435 0.148918 0.0153087 0.0168383
0 0.891297 0.00310463 0.217407 0.00620926 0.0153984
0 0.314436 0.00302237 0.306537 0.00604473 0.0152582
0 0.511045 0.0140023 0.112759 0.0280046 0.0149525
0 0.729762 0.00239647 0.298977 0.00479294 0.0125794
0 0.99972 0.0971245 0.00055984 0.194249 0.0121973
0 0.858558 0.00292544 0.282883 0.00585089 0.0103392
0 0.248136 0.00308556 0.301927 0.00617112 0.00937626
0 0.791333 0.00267929 0.309112 0.00535859 0.00850016
0 0.162979 0.593621 0.319001 0.235237 0.00660571
0 0.126368 0.903504 0.237811 0.192993 0.0065557
0 0.880376 0.194336 0.239247 0.0472367 0.0064607
0 0.00218091 0.0728272 0.00436183 0.145654 0.00633576
0 0.44738 0.00272359 0.225028 0.00544717 0.00554118
0 0.17611 0.00211245 0.315946 0.00422489 0.00539962
0 0.996329 0.89029 0.00734263 0.21942 0.00523948
0 1 0.645161 0 0.323049 0.00435461
0 0.997412 0.30757 0.00517575 0.341809 0.00430185
0 0.998575 0.402935 0.00284932 0.353356 0.00427895
0 0.331074 0.453892 0.143588 0.118201 0.00422887
0 0.000596605 0.112563 0.00119321 0.225127 0.00418662
0 0.502762 0.0651005 0.229416 0.130201 0.00414009
0 0.606508 0.901546 0.355821 0.196908 0.00403859
0 0.132498 0.0841052 0.264997 0.16821 0.00400851
0 0.901723 0.256801 0.196555 0.395295 0.00388916
0 1 0.203945 0 0.329844 0.00385457
0 0.60214 0.764921 0.79572 0.470158 0.00384832
0 0.989239 0.746649 0.0215225 0.367883 0.00380176
0 0.999076 0.498857 0.00184737 0.359597 0.00379007
0 0.957046 0.216321 0.0859075 0.315522 0.00378843
0 0.872803 0.154339 0.254393 0.29214 0.00375527
0 0.361752 0.457847 0.212841 0.107251 0.00371102
0 0.504411 0.861045 0.628696 0.27791 0.00369043
0 0.460055 0.817688 0.749462 0.364624 0.00368836
0 0.138865 0.372559 0.27773 0.204667 0.00367629
0 1 0.126827 0 0.253654 0.00363917
0 0.495571 0.0919825 0.283691 0.183965 0.00361502
0 0.385199 0.126472 0.444541 0.252944 0.00361014
0 0.806589 0.216525 0.386823 0.384044 0.00360676
0 0.419032 0.0793708 0.329388 0.158742 0.00358932
0 0.547731 0.06039 0.228815 0.12078 0.00357233
0 0.205483 0.178753 0.410966 0.357506 0.00354581
0 0.618783 0.954431 0.230481 0.091138 0.0035035
0 1 0.817293 0 0.31803 0.00349821
0 0.725239 0.769365 0.549523 0.461269 0.00346283
0 0.372342 0.960785 0.233187 0.0784292 0.00342075
0 0.54939 0.0686944 0.255567 0.137389 0.00340907
0 0.00452051 0.971294 0.00904103 0.0574121 0.00340606
0 0.993932 0.971505 0.0121363 0.0569898 0.00338482
0 0.159671 0.24291 0.319342 0.356975 0.0033501
0 0.156999 0.881927 0.313999 0.236145 0.00333116
0 0.132861 0.951423 0.265723 0.0971531 0.00332
0 0.999143 0.712632 0.00171451 0.316646 0.00328595
0 0.73912 0.342048 0.521761 0.53376 0.00325638
0 0.71759 0.911021 0.37582 0.177958 0.0032508
0 0.134773 0.92391 0.269547 0.152179 0.0032336
0 0.998244 0.563652 0.00351136 0.328663 0.00321202
0 0.940978 0.128632 0.118045 0.222243 0.00320501
0 0.767189 0.545314 0.465622 0.401969 0.00319267
0 0.477145 0.167262 0.465276 0.334524 0.00318629
0 0.535494 0.957878 0.252185 0.0842445 0.00317988
0 0.998337 0.368503 0.00332563 0.314964 0.00317497
0 0.357027 0.314599 0.714054 0.403077 0.00317358
0 0.72564 0.492213 0.548721 0.534346 0.0031629
0 0.96313 0.890587 0.0737394 0.218827 0.00315102
0 0.687421 0.958822 0.249482 0.0823553 0.00314965
0 0.151049 0.760268 0.302098 0.479463 0.00314049
0 0.856255 0.0847056 0.287489 0.169411 0.00313971
0 0.899308 0.35158 0.201384 0.404769 0.00313655
0 0.793609 0.961095 0.227876 0.0778105 0.00313638
0 0.125519 0.960438 0.251037 0.0791233 0.00312817
0 0.757756 0.25271 0.484487 0.50542 0.00311681
0 0.5966 0.0702759 0.26315 0.140552 0.00311346
0 0.997896 0.464535 0.00420801 0.330095 0.0031011
0 0.781863 0.449155 0.436275 0.491277 0.00309305
0 0.386813 0.929964 0.329862 0.140072 0.00306554
0 1 0.0370951 0 0.0741903 0.00304231
0 0.683243 0.00196924 0.271313 0.00393848 0.0030325
0 0.331849 0.956505 0.26234 0.0869906 0.00302996
0 0.3801 0.955418 0.260419 0.0891647 0.00302763
0 0.126306 0.4578 0.252612 0.19303 0.00302069
0 0.270181 0.95987 0.246441 0.080261 0.00301383
0 0.839718 0.933478 0.238353 0.133043 0.00301276
0 0.125908 0.473151 0.251816 0.443727 0.00300281
0 0.456996 0.214223 0.913992 0.428446 0.00300166
0 0.95564 0.0948916 0.0887191 0.189783 0.00300157
0 0.769979 0.177668 0.460042 0.355337 0.00299499
0 0.33374 0.0871699 0.34751 0.17434 0.0029794
0 0.536918 0.914001 0.298872 0.171998 0.00297304
0 0.258497 0.36778 0.469847 0.289993 0.00296957
0 0.00638714 0.894048 0.0127743 0.211905 0.00296609
0 0.872963 0.650227 0.254073 0.189924 0.00295706
0 0.130441 0.498625 0.25499 0.182295 0.00294186
0 0.269103 0.246728 0.538207 0.457446 0.0029317
0 0.804871 0.909565 0.334289 0.180869 0.0029279
0 0.84731 0.624012 0.30538 0.232507 0.0029241
0 0.377665 0.262537 0.75533 0.525075 0.00290423
0 0.330402 0.960248 0.23137 0.0795038 0.00289623
0 0.893331 0.626281 0.213338 0.212168 0.00287776
0 0.363797 0.207498 0.727595 0.414996 0.00283601
0 0.875761 0.888517 0.248479 0.222967 0.00281982
0 0.98701 0.0676772 0.0259791 0.135354 0.00281341
0 0.678899 0.841944 0.28567 0.119377 0.0028099
0 0.137719 0.258635 0.275438 0.251667 0.00279407
0 0.109273 0.793107 0.218545 0.413786 0.00277515
0 0.121488 0.519612 0.242976 0.24476 0.00273431
0 0.641681 0.898976 0.206793 0.202047 0.00273294
0 0.169366 0.810572 0.338732 0.376299 0.00272509
0 0.679341 0.0700867 0.25558 0.140173 0.00272489
0 0.120334 0.344903 0.240667 0.312994 0.0027204
0 0.0709972 0.837718 0.141994 0.324565 0.00271718
0 0.847402 0.903561 0.305196 0.192877 0.00271648
0 0.9229 0.406509 0.1542 0.389017 0.0027135
0 0.83581 0.965811 0.246035 0.0683773 0.00271028
0 0.646522 0.909081 0.269217 0.181837 0.00270455
0 0.124065 0.377945 0.24813 0.449241 0.00270326
0 0.0241582 0.167306 0.0483163 0.334611 0.00270162
0 0.11347 0.394914 0.226941 0.330455 0.00269789
0 0.6918 0.41073 0.616399 0.573818 0.00269342
0 0.119825 0.458149 0.23965 0.341167 0.00269094
0 0.143966 0.676581 0.287932 0.35962 0.00268548
0 0.783267 0.704253 0.433466 0.407775 0.00265763
0 0.168389 0.191167 0.317277 0.0507009 0.00265131
0 0.115865 0.633016 0.23173 0.45284 0.00264374
0 0.328512 0.934006 0.289771 0.131989 0.00264187
0 0.0688313 0.968323 0.137663 0.0633543 0.00261042
0 0.139082 0.135325 0.278165 0.27065 0.0025739
0 0.869395 0.57348 0.261209 0.320434 0.00256749
0 0.818132 0.0885425 0.335962 0.177085 0.00256738
0 0.923625 0.936617 0.152751 0.126766 0.00256388
0 0.223253 0.430859 0.368093 0.18599 0.00255141
0 0.959202 0.653915 0.0815957 0.246291 0.00251789
0 0.117994 0.269032 0.235988 0.44447 0.00251358
0 0.972969 0.613216 0.0540628 0.2459 0.00250573
0 0.661407 0.542153 0.677187 0.527566 0.00248752
0 0.0266434 0.801229 0.0532867 0.397543 0.00246738
0 0.0390094 0.571618 0.0780188 0.510289 0.00246619
0 0.0366861 0.319013 0.0733723 0.505511 0.00246138
0 0.020757 0.879338 0.0415139 0.241323 0.00245899
0 0.0406615 0.671818 0.081323 0.527378 0.00245671
0 0.023114 0.187394 0.0462279 0.347283 0.00244777
0 0.645592 0.210405 0.708815 0.420809 0.00243463
0 0.0392497 0.472092 0.0784993 0.523343 0.00243435
0 0.902261 0.908848 0.195477 0.182303 0.00242854
0 0.884893 0.109779 0.230213 0.219558 0.00241708
0 0.882823 0.973941 0.234353 0.052118 0.00241082
0 0.0672634 0.998853 0.134527 0.00229349 0.00240907
0 0.560231 0.555491 0.879538 0.568543 0.00240689
0 0.0122647 0.105938 0.0245294 0.194805 0.00239907
0 0.0987226 0.92774 0.197445 0.14452 0.0023972
0 0.816753 0.114705 0.366494 0.22941 0.00239633
0 0.175151 0.738391 0.350302 0.471371 0.00239585
0 0.92508 0.788946 0.14984 0.406689 0.00238859
0 0.419322 0.35737 0.838644 0.523765 0.00238411
0 0.746393 0.607632 0.507214 0.315195 0.0023764
0 0.251661 0.0803981 0.30133 0.160796 0.00236572
0 0.559289 0.955621 0.230919 0.0887585 0.00236385
0 0.458488 0.766477 0.885925 0.467045 0.00235973
0 0.269671 0.936548 0.320092 0.126904 0.00235893
0 0.691633 0.0951223 0.337739 0.190245 0.00235452
0 0.449772 0.629349 0.290201 0.200145 0.00235167
0 0.0370996 0.754231 0.0741991 0.491537 0.00234952
0 0.813311 0.145638 0.373377 0.291275 0.00234618
0 0.114992 0.58833 0.229984 0.316916 0.00234304
0 0.529963 0.273756 0.939309 0.547513 0.00233313
0 0.687862 0.690228 0.624276 0.442523 0.00233056
0 0.235241 0.600205 0.335787 0.212665 0.00232883
0 0.999029 0.269115 0.00194181 0.294204 0.00232032
0 0.15618 0.126302 0.303374 0.184413 0.00230274
0 0.939625 0.0737034 0.12075 0.147407 0.00229935
0 0.256167 0.735251 0.512334 0.529497 0.00228416
0 0.898627 0.711431 0.202746 0.352446 0.00227991
0 0.309687 0.134806 0.52681 0.269613 0.00227892
0 0.747404 0.0844215 0.304389 0.168843 0.00227017
0 0.668364 0.275291 0.663271 0.550581 0.00226388
0 0 0.00849199 0 0.016984 0.00226281
0 0.0705735 0.214695 0.141147 0.402698 0.00225195
0 0.273467 0.192151 0.274865 0.047057 0.00224126
0 0.0860335 0.259984 0.172067 0.353352 0.00223819
0 0.135346 0.394457 0.221583 0.182183 0.00220668
0 0.105672 0.146596 0.211344 0.270645 0.00219818
0 0.225235 0.475439 0.366142 0.17919 0.00218643
0 0.359173 0.428306 0.228078 0.168194 0.00218141
0 0.0289487 0.846038 0.0578973 0.307925 0.00217211
0 0.00144584 0.0254178 0.00289167 0.0508356 0.00216221
0 0.410268 0.406488 0.701976 0.453477 0.00215814
0 0.609533 0.460668 0.780934 0.513948 0.00215373
0 0.469953 0.468209 0.784944 0.506973 0.0021514
0 0.349849 0.484939 0.50734 0.341671 0.00214772
0 0.335562 0.192243 0.27206 0.0470952 0.00212485
0 0.129105 0.625715 0.242684 0.193666 0.00211553
0 0.268718 0.628092 0.427746 0.211937 0.00209647
0 0.77403 0.125668 0.45194 0.251337 0.00208627
0 0.137321 0.3562 0.228533 0.244456 0.00207782
0 0.596469 0.305605 0.807063 0.566323 0.00207205
0 0.572893 0.16769 0.442919 0.335381 0.00204207
0 0.976682 0.975799 0.0466364 0.0484024 0.00200185
0 0.688306 0.627138 0.623387 0.404498 0.00197174
0 0.233426 0.785824 0.466852 0.428352 0.00195419
0 0.679712 0.936078 0.264424 0.127844 0.00194962
0 0.998852 0.768622 0.00229566 0.294559 0.00194704
0 0.267022 0.114329 0.410459 0.228659 0.00194125
0 0.302032 0.548876 0.585098 0.365423 0.00193838
0 0.404235 0.0719183 0.33603 0.143837 0.00193217
0 0.233131 0.664901 0.385142 0.151221 0.00192901
0 0.261642 0.524136 0.440227 0.352916 0.00191816
0 0.0900758 0.0731859 0.180152 0.146372 0.00191764
0 0.309297 0.829819 0.618593 0.340361 0.00190475
0 0.638398 0.605819 0.723205 0.521842 0.00190295
0 0.14626 0.545226 0.274595 0.299161 0.00188772
0 0.664953 0.651741 0.290048 0.156284 0.00188379
0 0.35654 0.522206 0.597598 0.445483 0.00185087
0 0.0829775 0.190019 0.14848 0.0518728 0.00184757
0 0.89965 0.0117193 0.2007 0.0234386 0.00183668
0 0.839285 0.253343 0.321431 0.168412 0.00182334
0 0.257457 0.898744 0.308691 0.202511 0.00182327
0 0.26809 0.717999 0.531282 0.438009 0.00181803
0 0.587232 0.722069 0.818361 0.445129 0.00181069
0 0.896317 0.629045 0.207367 0.206702 0.00180102
0 0.52486 0.00946073 0.134386 0.0189215 0.00179319
0 0.397674 0.541525 0.795348 0.49059 0.00178509
0 0.931627 0.148189 0.136746 0.148438 0.00176577
0 0.401057 0.192555 0.273957 0.0464952 0.00176319
0 0.516597 0.614244 0.890927 0.550852 0.00173183
0 0.100897 0.898543 0.201794 0.202914 0.00172858
0 0.125227 0.892038 0.250454 0.215924 0.0017147
0 0.938807 0.00283438 0.122386 0.00566877 0.00170778
0 0.610548 0.928623 0.263844 0.142753 0.00170501
0 0.327965 0.0128865 0.362649 0.025773 0.0017025
0 0.597055 0.0550239 0.181563 0.110048 0.00168583
0 0.681619 0.221594 0.295181 0.0983651 0.0016755
0 0.311984 0.600324 0.305249 0.214898 0.00167388
0 0.743812 0.382566 0.412906 0.26608 0.00166548
0 0.506642 0.191971 0.298174 0.0473984 0.00166182
0 0.906061 0.889445 0.187877 0.221109 0.0016471
0 0.708283 0.170768 0.569373 0.341535 0.00163895
0 0.866643 0.0140024 0.266714 0.0280048 0.00163789
0 0.259643 0.01646 0.370817 0.03292 0.00162003
0 0.438817 0.718116 0.714711 0.435412 0.00161796
0 0.229562 0.252483 0.341406 0.171041 0.00161112
0 0.363323 0.60149 0.654899 0.414943 0.00160901
0 0.0031371 0.0469635 0.00627421 0.093927 0.00158438
0 0.32706 0.668928 0.474835 0.291055 0.00155372
0 0.292496 0.167526 0.572186 0.335051 0.00155114
0 0.913553 0.633142 0.172894 0.222199 0.00153411
0 0.804828 0.27986 0.390344 0.310559 0.00153171
0 0.518984 0.64456 0.311435 0.170524 0.00152756
0 0.936018 0.678597 0.127963 0.207108 0.00152561
0 0.782002 0.194369 0.271133 0.0447797 0.00149768
0 0.37599 0.738865 0.751981 0.522271 0.00149626
0 0.912002 0.730896 0.175996 0.308702 0.00149139
0 0.712175 0.193122 0.332103 0.0458974 0.00147632
0 0.84897 0.359783 0.302061 0.254673 0.00145156
0 0 0.962968 0 0.0740646 0.00143498
0 0.601071 0.64301 0.288232 0.175877 0.00141858
0 0.853814 0.774624 0.292373 0.208906 0.00141783
0 0 0.49476 0 0.274375 0.00141693
0 0.749775 0.646478 0.255214 0.168878 0.00141634
0 0.832221 0.193649 0.304742 0.0455354 0.00139835
0 0.65398 0.439777 0.188699 0.156069 0.00139626
0 0.0064697 0.00963616 0.0129394 0.0192723 0.00139492
0 0 0.295977 0 0.26891 0.00138928
0 0.809366 0.627035 0.293604 0.210789 0.00138598
0 0.815718 0.122439 0.30026 0.196141 0.00137863
0 0.229647 0.869836 0.447661 0.260328 0.00137738
0 0.713355 0.229802 0.364987 0.124635 0.00137721
0 0.484722 0.392473 0.434262 0.264464 0.00137636
0 0 0.369659 0 0.271426 0.00136984
0 0.578363 0.193553 0.272089 0.045396 0.00135695
0 0.600392 0.388508 0.327907 0.245737 0.00135557
0 0.97181 0.104988 0.056381 0.209976 0.00135072
0 0.946925 0.306789 0.106149 0.278955 0.00134775
0 0 0.544974 0 0.271975 0.00134533
0 0.854615 0.878184 0.278991 0.192651 0.00134445
0 0.934175 0.643378 0.13165 0.190931 0.00134199
0 0.730137 0.110046 0.270219 0.220092 0.00134061
0 0 0.595017 0 0.26848 0.0013376
0 0.875636 0.799764 0.248728 0.172587 0.00133329
0 0.944864 0.112053 0.110273 0.219757 0.00133219
0 0.918356 0.000770906 0.163288 0.00154181 0.0013306
0 0.675093 0.386295 0.386306 0.265031 0.0013286
0 0.630942 0.244919 0.219005 0.0792059 0.00132274
0 0.527918 0.461481 0.161721 0.110511 0.00132093
0 0.215523 0.147542 0.32024 0.142208 0.00132086
0 0.464209 0.877417 0.292561 0.202708 0.00132079
0 0.105242 0.188203 0.210083 0.0488602 0.00132033
0 0.385167 0.158208 0.303079 0.120511 0.0013117
0 0.208087 0.587389 0.39552 0.263018 0.00130819
0 0.604252 0.0488489 0.312384 0.0976979 0.00130216
0 0 0.72002 0 0.270386 0.00129909
0 0.964196 0.361418 0.0716087 0.241114 0.00129874
0 0.0573511 0.719904 0.114702 0.270872 0.00129775
0 0.313886 0.902089 0.309446 0.195823 0.00129551
0 0.16308 0.272299 0.307668 0.20028 0.00129314
0 0.952533 0.185087 0.0949336 0.0734451 0.00129131
0 0.0575047 0.137168 0.115009 0.274337 0.00128328
0 0.373508 0.615624 0.332673 0.225258 0.0012816
0 0.639794 0.940005 0.184039 0.119989 0.977252
0 0.515747 0.0346297 0.10125 0.0692219 0.815153
0 0.323579 0.456628 0.142952 0.109207 0.0102166
0 0.0659737 0.924492 0.102119 0.14921 0.00904204
0 0.404104 0.631705 0.228723 0.190204 0.00878527
0 0 0.914372 0 0.171256 0.00862333
0 0.0798401 0.413081 0.105076 0.162548 0.0074887
0 0.0694073 0 0.114355 0 0.0061606
0 0.12018 0.60901 0.213618 0.201611 0.00604141
0 0.912263 0.194185 0.171708 0.0535756 0.00574061
0 0.120647 0.918577 0.210897 0.160934 0.00571042
0 0.0814689 0.440762 0.107457 0.107062 0.00539515
0 0.651812 0.000336638 0.129065 0.000673276 0.00517575
0 0.0603282 0.945444 0.0926668 0.103783 0.00476818
0 1 0.930125 0 0.13975 0.00471074
0 0.342667 0.628408 0.291975 0.197854 0.00433342
0 0.114314 0.806881 0.180755 0.0507816 0.00418007
0 0.860933 0.195077 0.278135 0.0474772 0.00396876
0 0.12485 0.752516 0.2497 0.494967 0.00374126
0 0.842545 0.331676 0.31491 0.258297 0.00363264
0 0.101709 0.351389 0.203418 0.505276 0.00351704
0 0.0782947 0.960164 0.100187 0.0755144 0.00345069
0 0.556815 0.634206 0.28 0.184303 0.00342681
0 0.800139 0.930589 0.136508 0.138823 0.00330284
0 0.146561 0.968358 0.239015 0.0632835 0.00329409
0 0.109505 0.959129 0.21901 0.0817415 0.00323312
0 0.0854146 0.303832 0.170829 0.40612 0.00320617
0 0.0997266 0.44727 0.199453 0.547892 0.00316286
0 0.954903 0.23997 0.090194 0.171146 0.00315858
0 0.153214 0.567017 0.306427 0.344822 0.00314327
0 0.708487 0.000857455 0.139299 0.00171491 0.00312202
0 0.164947 0.754575 0.329894 0.381966 0.00312092
0 0.0982674 0.79449 0.196535 0.411021 0.00311413
0 0.0871775 0.614702 0.174355 0.602616 0.00307777
0 0.615702 0.952369 0.245182 0.0952612 0.00305376
0 0.126518 0.698175 0.253036 0.603649 0.00301313
0 1 0.89717 0 0.20566 0.00301273
0 0.0285915 0.761332 0.057183 0.477336 0.00300983
0 0.810982 0.193869 0.255002 0.0462657 0.00294422
0 0.550381 0.956171 0.25898 0.0876582 0.00293946
0 0.682965 0.959926 0.262368 0.0801478 0.00293329
0 0.769292 0.962521 0.236486 0.074958 0.00290478
0 0.0153529 0.798816 0.0307057 0.402368 0.00289585
0 0.0337893 0.664651 0.0675787 0.492811 0.00288289
0 0 0.296614 0 0.246581 0.0028761
0 0.0345288 0.562557 0.0690575 0.498669 0.00287258
0 0.78106 0.322078 0.415977 0.237019 0.00287244
0 0.140311 0.812174 0.280621 0.307001 0.00287197
0 0.522055 0.0527027 0.11605 0.105405 0.0028673
0 0.0123152 0.349023 0.0246305 0.357355 0.00286265
0 0 0.971963 0 0.0560741 0.00285862
0 1 0.799203 0 0.211066 0.00285761
0 0.0309436 0.459677 0.0618871 0.471346 0.00285194
0 0 0.251948 0 0.163839 0.00284754
0 1 0.700465 0 0.228659 0.00283865
0 1 0.648867 0 0.243914 0.00283282
0 1 0.444891 0 0.225747 0.00282772
0 0.316845 0.434397 0.163414 0.157535 0.00282368
0 0.586124 0.41971 0.337461 0.195118 0.00282197
0 0.40293 0.619282 0.303761 0.216024 0.00281231
0 0 0.206729 0 0.150881 0.00280903
0 1 0.749457 0 0.222751 0.00279742
0 1 0.395937 0 0.209681 0.00279348
0 0.117785 0.351521 0.23557 0.265522 0.00279311
0 1 0.597463 0 0.261269 0.00279107
0 0.00911251 0.909756 0.018225 0.180488 0.00277259
0 1 0.546307 0 0.266676 0.00273319
0 0.0683734 0.25512 0.136747 0.294981 0.00273309
0 1 0.495476 0 0.249556 0.00271679
0 1 0.8682 0 0.230257 0.00271522
0 0 0.928558 0 0.142883 0.00271413
0 0.179018 0.488897 0.358035 0.268743 0.00270871
0 0.628717 0.953791 0.214251 0.0924185 0.00266077
0 0 0.952325 0 0.0953499 0.00263662
0 0.102202 0.632061 0.182203 0.175591 0.002623
0 0.771874 0.667629 0.456252 0.412085 0.00262081
0 0.214088 0.56028 0.428176 0.347146 0.00260483
0 0.125756 0.514229 0.251513 0.357894 0.00260376
0 0.426972 0.42526 0.410104 0.269712 0.00259524
0 0.462066 0.960256 0.277798 0.0794889 0.00259515
0 0.084859 0.676502 0.136684 0.0960696 0.00259436
0 0.588949 0.942057 0.297672 0.115886 0.00258496
0 0.29925 0.612316 0.37228 0.22509 0.00258407
0 0.118083 0.867985 0.236166 0.26403 0.00258164
0 0.134233 0.932045 0.250863 0.135911 0.00257455
0 0.12527 0.565222 0.250541 0.35367 0.00257242
0 0.383836 0.563854 0.528774 0.353181 0.00256928
0 0.152225 0.878218 0.257952 0.213308 0.00255948
0 0 0.0568249 0 0.11365 0.00255506
0 0.685046 0.600278 0.600656 0.373879 0.00253016
0 0.00267579 0.86512 0.00535158 0.269761 0.00252528
0 0.11921 0.896441 0.238421 0.207119 0.00251929
0 0.563514 0.0547351 0.157605 0.10947 0.00251008
0 0.371381 0.421246 0.370974 0.233144 0.00250891
0 0.621819 0.38799 0.498614 0.315379 0.00250583
0 0.149677 0.654144 0.299353 0.397512 0.00249401
0 0.149391 0.80756 0.251183 0.0485142 0.00248448
0 1 0.347012 0 0.196993 0.00247655
0 0.0802615 0.649438 0.134708 0.149023 0.00246716
0 0.253457 0.414037 0.319805 0.18325 0.0024511
0 0.115616 0.303915 0.231233 0.232836 0.00244574
0 0.117772 0.627657 0.235544 0.421449 0.00244536
0 0.926254 0.310408 0.147492 0.187524 0.00243774
0 0.723706 0.555742 0.552587 0.378899 0.00243697
0 0.116223 0.911258 0.232446 0.177485 0.00241954
0 0.709326 0.316683 0.410926 0.22193 0.00239572
0 0 0.972467 0 0.055066 0.00239393
0 0.241269 0.591075 0.482538 0.336224 0.00239331
0 0.620318 0.455546 0.591386 0.383658 0.00238819
0 0 0.161236 0 0.146748 0.0023839
0 0.51603 0.393802 0.408534 0.246238 0.002381
0 0.743955 0.377994 0.512089 0.33937 0.00237648
0 0.678193 0.947591 0.267373 0.104819 0.0023755
0 0.174014 0.710599 0.348028 0.50785 0.00236961
0 0.258255 0.47851 0.429741 0.301265 0.00235584
0 0.992767 0.973362 0.0144655 0.0532757 0.0023224
0 0.601245 0.953667 0.111989 0.0904524 0.00232173
0 0.390802 0.659438 0.171002 0.138925 0.00232017
0 0.838768 0.656271 0.322465 0.361748 0.00231243
0 0.049789 0.207902 0.0995781 0.231668 0.0022939
0 0.0466584 0.87117 0.0933169 0.25766 0.00228654
0 0.905018 0.376051 0.189965 0.253796 0.00228423
0 0.988383 0.197365 0.0232339 0.0636036 0.00228329
0 0.625438 0.43405 0.234544 0.168721 0.002244
0 0.888515 0.423147 0.222969 0.298987 0.00224198
0 1 0.297506 0 0.189707 0.00224134
0 0.535454 0.411408 0.483721 0.330026 0.0022403
0 0.728281 0.712641 0.543439 0.502218 0.00223779
0 0.0549384 0.0676763 0.109877 0.135353 0.00223667
0 0.687888 0.50669 0.60322 0.381025 0.00223514
0 0.677086 0.00048738 0.196229 0.000974759 0.00223296
0 0.105107 0.257768 0.210213 0.213348 0.00222159
0 0.663063 0.427497 0.260357 0.18256 0.00222031
0 0.0579392 0.0765003 0.115878 0.153001 0.00221971
0 0.511172 0.660902 0.508273 0.400752 0.00221751
0 0.928176 0.713023 0.143648 0.241762 0.00221618
0 0.357821 0.96425 0.271172 0.0715003 0.00221496
0 0.766976 0.945129 0.271308 0.109742 0.00221426
0 0.860608 0.388287 0.278784 0.314677 0.00221371
0 0.101032 0.920985 0.202064 0.15803 0.00220738
0 0.143933 0.908296 0.223906 0.183408 0.00220599
0 0.945768 0.764011 0.108464 0.198004 0.002183
0 0.639391 0.878559 0.256031 0.234009 0.00218247
0 0.30426 0.41734 0.361917 0.21011 0.00217482
0 0.837898 0.261216 0.323243 0.169189 0.00217127
0 0.183599 0.648466 0.367197 0.359233 0.00216322
0 1 0.0624688 0 0.124938 0.00215893
0 0.623783 0.935651 0.23149 0.128699 0.00215799
0 0.570748 0.603427 0.542066 0.352919 0.00215563
0 0.101946 0.40616 0.14954 0.176567 0.00215135
0 0.0417848 0.160913 0.0835696 0.191989 0.00215031
0 0.520085 0.563869 0.533844 0.362245 0.00214983
0 1 0.249998 0 0.183995 0.00214977
0 0.71115 0.641785 0.374508 0.172202 0.00213853
0 0.759997 0.101343 0.267188 0.137736 0.00213196
0 0.881906 0.466299 0.236188 0.310676 0.00212931
0 0.690443 0.820354 0.355548 0.201439 0.002128
0 0 0.111291 0 0.146022 0.00212308
0 0.138701 0.408726 0.234148 0.177332 0.00212184
0 1 0.200254 0 0.184555 0.00211708
0 0.895357 0.773692 0.209285 0.198686 0.00211373
0 0.963663 0.0788874 0.0726734 0.157775 0.0021123
0 0.257705 0.968234 0.228826 0.0635327 0.00211166
0 1 0.0997739 0 0.188172 0.0021103
0 0.768935 0.603107 0.462131 0.365025 0.00210929
0 0.0446871 0.110647 0.0893743 0.184433 0.00210749
0 1 0.151133 0 0.184547 0.00210504
0 0.621609 0.82122 0.336079 0.190413 0.00210496
0 0.693081 0.19363 0.264886 0.0456125 0.00210093
0 0.879726 0.514859 0.240548 0.324781 0.00209511
0 0.41419 0.632474 0.415991 0.333769 0.00209369
0 0.851723 0.716857 0.296555 0.27342 0.00208921
0 0.725875 0.453726 0.548249 0.378834 0.0020852
0 0.850992 0.965737 0.247572 0.0685253 0.00208023
0 0.540213 0.721346 0.440215 0.414108 0.00207881
0 0.623652 0.663841 0.586854 0.40959 0.00207697
0 0.558343 0.191381 0.266499 0.0466956 0.00207263
0 0.808808 0.75541 0.382384 0.295781 0.00206521
0 0.772251 0.261852 0.340462 0.166885 0.00206446
0 0.651921 0.462579 0.177386 0.109431 0.00205715
0 0.968864 0.0664534 0.0622722 0.132907 0.0020568
0 0.863913 0.703319 0.272174 0.374389 0.00205235
0 0.950814 0.811789 0.0983718 0.185983 0.0020521
0 0.956848 0.873008 0.0863048 0.198207 0.00205118
0 0.735416 0.000445002 0.134462 0.000890005 0.00204966
0 0.862062 0.214422 0.275876 0.0899488 0.00204233
0 0.928422 0.0684263 0.143156 0.136853 0.00203606
0 0.627779 0.448982 0.203286 0.136229 0.00202288
0 1 0.0726732 0 0.145346 0.00201583
0 0.0929317 0.0679704 0.185863 0.135941 0.0020154
0 0.45623 0.595829 0.485041 0.324109 0.00200935
0 0.464642 0.747758 0.375444 0.319702 0.00200828
0 0.261147 0.94299 0.256473 0.114019 0.0020055
0 0.847176 0.464979 0.305649 0.356728 0.0020041
0 0.555914 0.0598566 0.192002 0.119713 0.00198894
0 0.379986 0.470342 0.463152 0.320232 0.00198785
0 0.638531 0.312238 0.390765 0.205088 0.00198427
0 0.846019 0.751967 0.307961 0.256002 0.00198225
0 0.822418 0.384057 0.355163 0.328349 0.00198134
0 0.615121 0.759403 0.358171 0.296744 0.00197769
0 0.879922 0.559915 0.240157 0.329493 0.00197384
0 0.354714 0.636126 0.406124 0.360776 0.00197161
0 0.0989075 0.214788 0.197815 0.192939 0.00196184
0 0.672799 0.908941 0.269033 0.182118 0.00195244
0 0.865188 0.940748 0.248878 0.118505 0.00195167
0 0.689208 0.263491 0.352884 0.167241 0.00195131
0 0.542131 0.769922 0.314875 0.251998 0.00194807
0 0.475423 0.776335 0.281713 0.220227 0.00194527
0 0.88442 0.266178 0.231159 0.176606 0.00194481
0 0.314207 0.588897 0.484852 0.322222 0.0019404
0 0 0.897416 0 0.205169 0.0019383
0 0.121914 0.0692494 0.243827 0.138499 0.00193341
0 0.455961 0.376354 0.364347 0.20426 0.00193227
0 0.7613 0.194393 0.262413 0.0465438 0.00193103
0 0.524999 0.621205 0.480413 0.227535 0.0019303
0 0.00382376 0.0655477 0.00764751 0.131095 0.00192946
0 0.775979 0.45729 0.448041 0.370503 0.00192459
0 0.895263 0.0705017 0.209474 0.141003 0.00192409
0 0.637134 0.0650119 0.246575 0.130024 0.00192103
0 0.721945 0.0695952 0.270354 0.13919 0.00191822
0 0.512069 0.192707 0.227933 0.0443414 0.00191664
0 0.314076 0.0695882 0.274515 0.139176 0.00191129
0 0.0915699 0.16456 0.18314 0.179103 0.00190057
0 0.173327 0.0702343 0.27461 0.140469 0.00189139
0 0.33052 0.864318 0.632759 0.271364 0.0018902
0 0.559704 0.818886 0.33383 0.185512 0.00188803
0 0.11025 0.879279 0.220501 0.225229 0.00188292
0 0.920504 0.0798251 0.158992 0.15965 0.00187973
0 0.861227 0.0719348 0.277546 0.14387 0.00187717
0 0.242277 0.0701742 0.276597 0.140348 0.00187596
0 0.406225 0.744891 0.354428 0.275506 0.0018725
0 0.100033 0.966923 0.200067 0.0661531 0.00187204
0 0.141713 0.584709 0.283426 0.23928 0.00186875
0 0.855338 0 0.115529 0 0.00186815
0 0.632821 0.555647 0.575105 0.378192 0.00186379
0 0.0963426 0.0781399 0.192685 0.15628 0.00185985
0 0.488889 0.816065 0.323628 0.184285 0.00185851
0 0.905339 0.873729 0.189322 0.190178 0.00185199
0 0 0.069882 0 0.139764 0.00184974
0 0.504848 0.455401 0.524846 0.366615 0.00184734
0 0.900883 0.649052 0.198233 0.307435 0.00184714
0 0.765972 0.73933 0.437664 0.356974 0.00184548
0 0.468525 0.0769784 0.238495 0.153957 0.00184323
0 0.790086 0.0722235 0.276155 0.144447 0.00184128
0 0.49992 0.0591398 0.176367 0.11828 0.00183858
0 0.946993 0.11088 0.106014 0.194398 0.00183481
0 0.138721 0.690779 0.277442 0.352261 0.00182536
0 0.593015 0.886758 0.284994 0.216031 0.00182082
0 0.395683 0.068618 0.278762 0.137236 0.00182021
0 0.467326 0.0633364 0.219038 0.124113 0.00181992
0 0.615606 0.266005 0.345573 0.169147 0.0018149
0 0.802344 0.236714 0.300609 0.133662 0.00180916
0 0.904243 0.818019 0.191515 0.18422 0.00180619
0 0.422558 0.772319 0.265633 0.202345 0.00179789
0 0.532318 0.663172 0.139801 0.126373 0.00179521
0 0.14736 0.823365 0.28099 0.169647 0.00179483
0 0.836044 0.224875 0.316366 0.110474 0.00178806
0 0.889503 0.0802443 0.220993 0.160489 0.00178409
0 0.40965 0.077717 0.281187 0.155434 0.00177938
0 0.261075 0.63934 0.48455 0.400343 0.00177474
0 0.871523 0.91489 0.256955 0.170221 0.00174942
0 0.788509 0.913635 0.291723 0.172729 0.00174214
0 0.902426 0.112331 0.195148 0.185874 0.00173481
0 0.382035 0.762387 0.267089 0.190413 0.00173341
0 0.578005 0.245884 0.190896 0.0649873 0.00173229
0 0.0914717 0.111969 0.182943 0.181848 0.0017283
0 0.948111 0.161085 0.103778 0.189799 0.00172507
0 0.586326 0.114719 0.244111 0.192052 0.0017235
0 0.787175 0.643561 0.346424 0.167904 0.00172318
0 0.25474 0.527273 0.477098 0.329877 0.00171851
0 0.70165 0.88235 0.326879 0.212385 0.00171772
0 0.00352832 0.973096 0.00705665 0.053809 0.00171508
0 0.557211 0.267983 0.330635 0.172233 0.00171146
0 0.208965 0.765622 0.27558 0.169033 0.00170896
0 0.243845 0.0782576 0.288515 0.156515 0.00170811
0 0.178058 0.0778246 0.284871 0.155649 0.00169861
0 0.511669 0.880825 0.302901 0.212165 0.00169606
0 0.315876 0.0781606 0.286965 0.156321 0.00168875
0 0.302553 0.72245 0.368159 0.2501 0.00168526
0 0.37384 0 0.107695 0 0.00168432
0 0.756702 0.646942 0.486595 0.186576 0.00168348
0 0.61893 0.163474 0.297126 0.169225 0.00168048
0 0.248594 0.192612 0.235988 0.0463935 0.00167566
0 0.879182 0 0.122709 0 0.0016733
0 0.950534 0.969161 0.0989325 0.0616774 0.00167053
0 0.259107 0.877093 0.300158 0.189854 0.00166968
0 0.512971 0.433088 0.290648 0.176025 0.00166854
0 0.315232 0.760207 0.275893 0.180608 0.00166743
0 0.86051 0.229026 0.27898 0.177316 0.0016602
0 0.88949 0.675103 0.22102 0.185807 0.00165894
0 0.48251 0.220322 0.314997 0.184322 0.00165483
0 0.623524 0.192813 0.259453 0.0443522 0.00165425
0 0.871589 0.648973 0.256822 0.156786 0.0016536
0 0.861399 0.793523 0.277202 0.241809 0.0016509
0 0.495872 0.268658 0.32479 0.179625 0.00164271
0 0.679059 0.475443 0.144708 0.0892076 0.00164263
0 0.176119 0.719588 0.32343 0.282067 0.00164036
0 0.547403 0.162569 0.28701 0.165885 0.00163977
0 0.312531 0.191842 0.23724 0.0460178 0.00163854
0 0.82316 0.281047 0.35368 0.207395 0.00163684
0 0.510968 0.035754 0.101094 0.0686282 0.615745
0 0.635803 0.941205 0.182677 0.117591 0.569028
0 0.6599 0.959243 0.115158 0.0815144 0.0223671
0 0.583058 0.953166 0.0732588 0.0896919 0.0198274
0 0.0723855 0.0013012 0.121332 0.0026024 0.017256
0 0.089061 0.422832 0.133173 0.137609 0.0128163
0 0.642062 0.000899148 0.122797 0.0017983 0.00673866
0 1 0.945293 0 0.109414 0.00648829
0 0.324083 0.475731 0.134526 0.0779796 0.00603291
0 1 0.967337 0 0.0653259 0.00482432
0 0.0876809 0.233531 0.129756 0.124459 0.00437085
0 0.0540546 0.998114 0.0975651 0.00377207 0.0040552
0 0.519802 0.0546425 0.114574 0.107445 0.00387036
0 1 0.946817 0 0.106367 0.00372488
0 1 0.956329 0 0.0873423 0.00335568
0 1 0.948321 0 0.103357 0.00323951
0 0.123987 0.00109946 0.150912 0.00219892 0.00322862
0 0.670074 0.000866097 0.140559 0.00173219 0.00309849
0 0.174525 1 0.107091 0 0.00289224
0 0 0.0178102 0 0.0356204 0.00289143
0 0.513454 0.0336125 0.10586 0.0672249 0.00277524
0 0.610613 0.958251 0.125232 0.0821957 0.00271541
0 0.00276242 0.0838588 0.00552485 0.167718 0.00269386
0 0.3055 0.4819 0.0943269 0.0615049 0.00263863
0 0.179273 0.000960821 0.131721 0.00192164 0.00263185
0 0.202039 0.000534156 0.116376 0.00106831 0.00262539
0 0.208079 1 0.112014 0 0.00250893
0 0.590262 0.966083 0.0777167 0.0669487 0.00249665
0 0.614581 0.955698 0.248201 0.0886032 0.00245689
0 0.232425 0.000153914 0.112343 0.000307828 0.00241605
0 0.543752 0.95779 0.277941 0.0844204 0.00236937
0 0.37831 1.62646e-05 0.117434 3.25292e-05 0.00229826
0 0.716009 0.945727 0.0271483 0.108545 0.00223314
0 0.782548 0.996348 0.124671 0.00730362 0.00222994
0 0.398515 0 0.105927 0 0.00213211
0 0.238713 1 0.110362 0 0.00210992
0 0.43502 0.962871 0.320036 0.0742575 0.00210083
0 0.0900202 0.257013 0.124245 0.0803233 0.00209878
0 0.629276 0.964085 0.149789 0.0718296 0.00209332
0 0.00628708 0.899397 0.0125742 0.201206 0.00206239
0 0.274585 0.964182 0.294452 0.071636 0.00205955
0 0.336378 0.964211 0.290084 0.071577 0.00204672
0 0 0.0624764 0 0.124953 0.00204293
0 0.119579 0.965825 0.239157 0.0683496 0.00202934
0 0.11374 0.424791 0.183291 0.129456 0.00200618
0 0.870642 0.965847 0.258715 0.068306 0.00199707
0 0.31219 0 0.117595 0 0.00198913
0 0.195297 0.965021 0.29007 0.0699572 0.00198795
0 0.0498337 0.00179685 0.0960364 0.00359371 0.00198097
0 0.144341 1 0.110874 0 0.00197409
0 0.858519 0 0.109643 0 0.00196946
0 0.342034 4.28557e-05 0.114859 8.57115e-05 0.00196595
0 0.273014 5.50747e-05 0.115221 0.000110149 0.00196309
0 0.700762 0.965612 0.262459 0.0687769 0.00196104
0 0.817306 0.965205 0.291958 0.0695904 0.00192105
0 0.807615 0.997458 0.126204 0.00508385 0.00191514
0 0.10574 0.999156 0.112057 0.00168896 0.00190569
0 1 0.804488 0 0.183948 0.00190317
0 0.546487 0.997082 0.138473 0.00583525 0.0019021
0 1 0.753191 0 0.188154 0.00190011
0 1 0.0995993 0 0.18813 0.00189546
0 1 0.702974 0 0.185989 0.00188583
0 1 0.0662008 0 0.132402 0.00188198
0 1 0.963475 0 0.0730505 0.00187575
0 1 0.652954 0 0.185716 0.0018712
0 1 0.60302 0 0.185374 0.00185274
0 1 0.353002 0 0.185654 0.00184271
0 1 0.303005 0 0.186161 0.00184208
0 1 0.202696 0 0.187604 0.00183963
0 1 0.552946 0 0.18502 0.00183892
0 1 0.502866 0 0.184862 0.00183645
0 0.0814346 0.968221 0.162869 0.0635588 0.00183489
0 0.887817 0 0.105484 0 0.00183319
0 1 0.452879 0 0.185 0.00183287
0 1 0.253482 0 0.186009 0.00183277
0 1 0.402966 0 0.185401 0.00183221
0 0.455105 0.999457 0.119636 0.00108566 0.00182457
0 1 0.152482 0 0.186281 0.00180565
0 0.417232 0.998878 0.116685 0.00224304 0.00179936
0 0.497945 0.999103 0.121302 0.00179453 0.00179213
0 0.0527318 0.995237 0.105464 0.00952597 0.00177897
0 0.914424 0.966709 0.171152 0.0665821 0.00176852
0 0.044847 0.105252 0.0896941 0.185147 0.00176792
0 0.818835 0.00013067 0.114302 0.00026134 0.00175436
0 0.205269 0.316671 0.113008 0.079691 0.00174808
0 0.0314133 0.209674 0.0628266 0.19186 0.00174406
0 0.698796 0.942543 0.288952 0.114914 0.001743
0 0.0336411 0.880529 0.0672821 0.205614 0.00174216
0 0.603303 0.940902 0.286505 0.118196 0.00173812
0 0.8318 0.998283 0.127392 0.00343313 0.00173093
0 0 0.969273 0 0.0614546 0.00172686
0 0.499635 0.0380437 0.128878 0.0760873 0.00172301
0 0.0338036 0.161046 0.0676073 0.186983 0.00171652
0 0.0353459 0.261985 0.0706919 0.188673 0.00171642
0 0.0457858 0.462301 0.0915717 0.191795 0.0016997
0 0.0356617 0.813211 0.0713234 0.180616 0.00169749
0 0.924242 0 0.097868 0 0.00169678
0 0.996076 0.971133 0.00784788 0.057734 0.00169664
0 0.0314946 0.408239 0.0629891 0.185956 0.00169631
0 0.029461 0.762338 0.0589221 0.190858 0.00169461
0 1 0.860269 0 0.192289 0.001689
0 0 0.110593 0 0.156961 0.00168423
0 0 0.984681 0 0.0306371 0.00168169
0 0.0279207 0.611102 0.0558415 0.190407 0.0016801
0 0.0292256 0.711429 0.0584511 0.188262 0.00167358
0 0.0317576 0.310314 0.0635152 0.190007 0.001672
0 0.1225 0.931569 0.237835 0.136862 0.00166766
0 0.0276186 0.661195 0.0552372 0.188482 0.00166221
0 0.719986 0.000484921 0.123765 0.000969842 0.00165982
0 0.0408807 0.507065 0.0817614 0.197179 0.00165935
0 0.631653 0.0169422 0.130971 0.0338844 0.00165597
0 0.0310682 0.361046 0.0621364 0.188449 0.00164925
0 0.204589 0.932977 0.260886 0.134045 0.00164657
0 0.0364227 0.560436 0.0728455 0.189538 0.00164382
0 0.0519178 0.0689497 0.103836 0.137899 0.00164169
0 0.276206 1 0.117238 0 0.0016378
0 1 0.921644 0 0.156712 0.0016259
0 0.641697 0.902575 0.236838 0.184576 0.00162194
0 0 0.9237 0 0.152601 0.00162114
0 0 0.313643 0 0.155894 0.00159859
0 0 0.413239 0 0.15663 0.00159662
0 1 0.0300503 0 0.0601005 0.00159475
0 0 0.363377 0 0.156389 0.00159455
0 0.792088 0.000376901 0.123998 0.000753802 0.00159422
0 0 0.463324 0 0.156581 0.00159051
0 0.278096 0.933437 0.270374 0.133126 0.0015893
0 0.321954 0.457989 0.141344 0.118659 0.00158906
0 0 0.264155 0 0.154999 0.00158475
0 0 0.513486 0 0.156475 0.00157933
0 0.658739 0.487673 0.150184 0.0699472 0.0015788
0 0.0887065 0.929918 0.177413 0.140163 0.00157667
0 1 0.760049 0 0.180333 0.00157592
0 0 0.162268 0 0.156868 0.00156966
0 0 0.213111 0 0.155648 0.00156681
0 0.338573 0.933666 0.265488 0.132667 0.00156183
0 0.0756868 0.022465 0.119959 0.0449301 0.00156108
0 0 0.563654 0 0.156192 0.00155746
0 1 0.810977 0 0.172573 0.00155726
0 0.675532 0.865764 0.314323 0.194053 0.00155627
0 0.5757 0.0642798 0.172411 0.115148 0.00155584
0 1 0.35952 0 0.177426 0.00155114
0 0 0.972085 0 0.0558292 0.00154816
0 1 0.309673 0 0.177814 0.00154627
0 0.981016 0.0768461 0.0379678 0.153692 0.00154351
0 0.620033 0.108742 0.236239 0.193049 0.00154241
0 1 0.158836 0 0.17841 0.00153992
0 0.818969 0.936964 0.287863 0.126072 0.00153768
0 0.723493 0.911615 0.304915 0.17677 0.00153062
0 0.625501 0.870868 0.304428 0.202421 0.00152859
0 0 0.613725 0 0.155924 0.00152282
0 0.109241 0.912747 0.218483 0.174505 0.00152274
0 0.874898 0.998209 0.129596 0.00358219 0.00152192
0 0.615542 0.00138237 0.10954 0.00276474 0.00152077
0 0.862285 0.214028 0.222135 0.0809695 0.0015194
0 0.0635725 0.912252 0.127145 0.175496 0.0015191
0 0.632237 0.162098 0.296778 0.179774 0.00151857
0 0.916219 0.997864 0.127174 0.00427256 0.00150989
0 0.726115 0.0677032 0.263158 0.135406 0.00150818
0 0.939561 0.997325 0.120879 0.00535049 0.00150786
0 0.952304 0.763329 0.0953914 0.195331 0.00150732
0 0.71416 0.109653 0.277283 0.185025 0.00150605
0 1 0.260417 0 0.178491 0.00150472
0 0.0350198 0.972886 0.0700396 0.0542283 0.00150299
0 0.144513 0.912815 0.289026 0.174369 0.00149866
0 0.555775 0.936545 0.234568 0.12691 0.00149863
0 0.463944 0.0761215 0.242347 0.152243 0.00149774
0 0.915767 0.220888 0.167867 0.0953165 0.00149696
0 1 0.209507 0 0.179026 0.00149626
0 0.953745 0.713147 0.0925096 0.191242 0.00149112
0 0 0.663621 0 0.15553 0.0014897
0 0 0.813776 0 0.152023 0.00148821
0 0 0.0318973 0 0.0637946 0.00148635
0 0.910892 0.364761 0.178215 0.184864 0.00148371
0 0.159621 0.561213 0.288403 0.184183 0.00148305
0 0.0408603 0.929656 0.0817206 0.140688 0.00148293
0 0.934971 0.0665074 0.130058 0.133015 0.00148179
0 0.650894 0.0659872 0.247267 0.131974 0.00148165
0 0.909389 0.765279 0.181222 0.188397 0.00148022
0 0.574578 0.0612081 0.209357 0.122416 0.00147785
0 0.853018 0.110396 0.290572 0.184886 0.0014774
0 0.955174 0.813016 0.0896525 0.187312 0.00147496
0 0.505808 0.0601257 0.183212 0.120251 0.00147444
0 0.901547 0.0663496 0.196907 0.132699 0.00147284
0 0.954653 0.462808 0.0906943 0.190378 0.00147267
0 0.959691 0 0.0806174 0 0.00147183
0 0.954827 0.662991 0.0903452 0.189968 0.00147143
0 0.443259 0.933989 0.287201 0.132023 0.0014699
0 0 0.713557 0 0.155363 0.00146943
0 0.179042 0.067329 0.257791 0.134658 0.00146764
0 0.954015 0.413144 0.0919709 0.191069 0.00146712
0 0.455805 0.0993905 0.257185 0.198781 0.00146596
0 0.960995 0.870235 0.078011 0.197617 0.00146437
0 0.955893 0.161604 0.0882132 0.190471 0.00146427
0 0.909755 0.715336 0.180489 0.18453 0.00146422
0 0.570229 0.953761 0.0486429 0.092479 0.00146394
0 0.884923 0.110595 0.230154 0.186806 0.00146348
0 0.910292 0.815074 0.179417 0.183771 0.00146262
0 0.955055 0.512879 0.0898908 0.189801 0.00146151
0 0.165441 0.110558 0.292397 0.189806 0.00146133
0 0.910568 0.414928 0.178864 0.184271 0.00146129
0 0.921013 0.111321 0.157974 0.185262 0.00146067
0 0.911634 0.464302 0.176733 0.183246 0.00146004
0 0.953642 0.362972 0.0927164 0.192022 0.00145963
0 0.91172 0.867998 0.176561 0.187911 0.00145912
0 0.867251 0.0666778 0.261434 0.133356 0.00145797
0 0.954713 0.612976 0.0905746 0.190442 0.00145783
0 0.955191 0.562928 0.0896176 0.189799 0.00145747
0 0.911618 0.664432 0.176763 0.182708 0.00145634
0 0.230776 0.110613 0.295956 0.188852 0.00145624
0 0.785676 0.110537 0.288607 0.183515 0.00145423
0 0.967475 0.109729 0.0650508 0.191819 0.00145143
0 0 0.763173 0 0.155403 0.00145116
0 0.0884699 0.0680749 0.17694 0.13615 0.00145104
0 0.796431 0.0674453 0.261992 0.134891 0.00145062
0 0.911735 0.564639 0.176531 0.183804 0.00144852
0 0.561736 0.161809 0.291073 0.177859 0.00144665
0 0.214471 0.515014 0.281036 0.185212 0.00144631
0 0.876617 0.263303 0.246767 0.18884 0.00144557
0 0.702544 0.163026 0.294918 0.181896 0.00144504
0 0.874364 0.764944 0.251273 0.189087 0.00144419
0 0.408728 0.0764979 0.275202 0.152996 0.00144146
0 0.118264 0.0677678 0.236527 0.135536 0.00144053
0 0.874219 0.715291 0.251563 0.185319 0.00143876
0 0.430081 0.562304 0.291375 0.190954 0.00143867
0 0.0965384 0.470087 0.193077 0.186356 0.0014384
0 0.216327 0.913302 0.294214 0.173396 0.00143803
0 0.876775 0.364342 0.24645 0.18545 0.00143745
0 0.874518 0.814727 0.250964 0.188039 0.00143736
0 0.877727 0.213326 0.244547 0.185851 0.00143615
0 0.911216 0.614486 0.177567 0.183466 0.0014354
0 0.496507 0.213404 0.303037 0.188515 0.00143533
0 0.0857097 0.212732 0.171419 0.18764 0.00143502
0 0.874895 0.865617 0.250211 0.189031 0.00143406
0 0.301281 0.110054 0.300084 0.189391 0.00143382
0 0.911374 0.514573 0.177252 0.182876 0.00143289
0 0.499406 0.562586 0.292719 0.189763 0.00143196
0 0.634772 0.213291 0.294961 0.184738 0.00143118
0 0.493115 0.0708332 0.149397 0.118998 0.00143073
0 0.953736 0.313236 0.092528 0.191255 0.00143057
0 0.877003 0.563905 0.245995 0.186261 0.00143017
0 0.913023 0.163466 0.173955 0.182164 0.00143002
0 0.87553 0.414598 0.248941 0.185142 0.00142987
0 0 0.0213287 0 0.0426574 0.0014296
0 0.837416 0.162988 0.294236 0.184987 0.00142926
0 0.769189 0.162935 0.293901 0.183773 0.00142791
0 0.877373 0.463214 0.245255 0.184445 0.00142666
0 0.876838 0.513805 0.246323 0.183329 0.00142662
0 0.501559 0.313443 0.300678 0.186219 0.00142592
0 0.831499 0.764387 0.290498 0.186253 0.00142507
0 0.824242 0.912167 0.311948 0.175665 0.00142505
0 0 0.876561 0 0.171827 0.00142278
0 0.838126 0.213713 0.296304 0.185312 0.00142002
0 0.876722 0.613761 0.246555 0.183661 0.00141965
0 0.0905489 0.410149 0.181098 0.179733 0.00141925
0 0.496061 0.515472 0.296461 0.180572 0.00141905
0 0.385889 0.104569 0.300447 0.195975 0.0014182
0 0.637771 0.715647 0.297467 0.182123 0.00141772
0 0.877227 0.663565 0.245546 0.182508 0.00141768
0 0.703957 0.213563 0.294824 0.183637 0.00141687
0 0.878831 0.163254 0.242338 0.184169 0.00141593
0 0.361828 0.562477 0.292983 0.192194 0.00141466
0 0.499528 0.263545 0.303512 0.187821 0.00141417
0 0.391334 0.0674506 0.27064 0.134901 0.00141416
0 0.909989 0.265276 0.180021 0.186201 0.00141388
0 0.5716 0.312866 0.297703 0.185456 0.0014134
0 0.637004 0.763857 0.293774 0.187261 0.0014129
0 0.156465 0.613917 0.297724 0.187083 0.00141251
0 0.357197 0.516504 0.298041 0.182386 0.00141242
0 0.429446 0.212907 0.309886 0.191862 0.0014119
0 0.289482 0.516073 0.297432 0.184591 0.00141186
0 0.568535 0.213258 0.299443 0.186553 0.00141027
0 0.95368 0.997056 0.0926405 0.00588741 0.00140969
0 0.246444 0.067705 0.259938 0.13541 0.00140967
0 0.425572 0.515855 0.297347 0.181487 0.00140907
0 0.828648 0.414816 0.292059 0.18259 0.00140818
0 0.911041 0.314992 0.177917 0.184693 0.00140817
0 0.511984 0.868748 0.309894 0.191207 0.00140709
0 0.910283 0.214527 0.179433 0.183017 0.00140675
0 0.151 0.163033 0.302 0.187427 0.00140538
0 0.0910907 0.108936 0.182181 0.187816 0.00140517
0 0.224602 0.562819 0.294517 0.185385 0.00140426
0 0.0915349 0.266492 0.18307 0.186557 0.00140426
0 0 0.941793 0 0.116415 0.00140417
0 0.831676 0.715271 0.290255 0.182521 0.001404
0 0.704298 0.764181 0.292302 0.186395 0.00140329
0 0.703941 0.71568 0.295196 0.181449 0.001403
0 0.430663 0.313268 0.303197 0.187099 0.00140214
0 0.534472 0.909383 0.273112 0.177199 0.00140146
0 0.428316 0.911942 0.319268 0.176116 0.0014
0 0.831385 0.462529 0.281558 0.182115 0.00139962
0 0.955931 0.966548 0.0881379 0.0669039 0.00139924
0 0.214184 0.162979 0.307321 0.188804 0.00139918
0 0.57088 0.715462 0.30011 0.182652 0.00139896
0 0.706613 0.813554 0.304644 0.183165 0.00139866
0 0.633966 0.263706 0.296257 0.185888 0.00139863
0 0.698866 0.516809 0.301167 0.178854 0.00139789
0 0.837367 0.262918 0.295963 0.187776 0.00139747
0 0.833076 0.514359 0.288865 0.180344 0.00139687
0 0.769799 0.213822 0.295858 0.183667 0.00139678
0 0.77121 0.764103 0.29168 0.185502 0.00139669
0 0.639767 0.939529 0.184264 0.120943 0.887208
0 0.515124 0.0354745 0.108557 0.0696542 0.00272219
0 0.644929 0.959371 0.203035 0.0812578 0.00222821
0 0.128956 0.877394 0.241752 0.191502 0.00213314
0 0.533047 0.829171 0.725257 0.341658 0.00207361
0 0.635465 0.793412 0.72907 0.413176 0.00206069
0 0.333111 0.390767 0.666221 0.499042 0.00199294
0 0.687949 0.932018 0.283313 0.135963 0.00194545
0 0.00376223 0.977423 0.00752446 0.045155 0.00191792
0 0.984449 0.214272 0.0311016 0.0940077 0.00180231
0 0.144817 0.595346 0.289634 0.331768 0.0017903
0 0.865648 0.202952 0.268704 0.0776595 0.00178087
0 0.595315 0.84025 0.509563 0.3195 0.00177463
0 0.917627 0.226547 0.162756 0.13213 0.00175167
0 0.936621 0.211848 0.126759 0.0887803 0.00174536
0 0.247884 0.537752 0.300539 0.253646 0.00170638
0 0.709638 0.9713 0.248637 0.0574001 0.00166324
0 0.232835 0.485403 0.392111 0.254167 0.00165986
0 0.964105 0.456772 0.071789 0.370398 0.00165864
0 0.980947 0.506412 0.0381065 0.332247 0.00165038
0 0.0322825 0.973643 0.0645651 0.0527139 0.00163732
0 0.206427 0.572832 0.328856 0.281941 0.00163179
0 0.148229 0.673611 0.296459 0.438761 0.0016226
0 0.980548 0.0930516 0.0389041 0.186103 0.00161993
0 0.0734209 0.0950494 0.146842 0.190099 0.00161632
0 0.759436 0.839449 0.481128 0.321101 0.00160338
0 0.471304 0.400195 0.841397 0.531821 0.00159518
0 0.614807 0.947742 0.269386 0.104516 0.0015936
0 0.394256 0.508126 0.291565 0.214905 0.00157717
0 0.153763 0.538408 0.307527 0.31234 0.00156527
0 0.363498 0.55783 0.259114 0.203799 0.00156435
0 0.86755 0.120771 0.2649 0.241543 0.00155573
0 0.179608 0.537449 0.359216 0.295034 0.00155507
0 0.182296 0.151667 0.317941 0.130194 0.00154406
0 0.345959 0.526223 0.219399 0.200363 0.00152774
0 0.544024 0.949817 0.430765 0.100366 0.00152216
0 0.175549 0.437777 0.351097 0.478206 0.00152043
0 0.182287 0.150192 0.26739 0.0894249 0.00151659
0 0.114664 0.298145 0.229327 0.241155 0.00151515
0 0.932709 0.405239 0.134582 0.431826 0.0015112
0 0.602488 0.951083 0.323265 0.0978348 0.00150911
0 0.632452 0.932746 0.237671 0.134509 0.00150106
0 0.801602 0.892233 0.293517 0.215533 0.00149679
0 0 0.943671 0 0.112657 0.00148912
0 0.515409 0.933512 0.403113 0.132976 0.00148444
0 0.17221 0.4772 0.344419 0.340508 0.00148167
0 0.860163 0.919687 0.279674 0.160625 0.00148121
0 0.802754 0.975815 0.28476 0.0483702 0.00147347
0 0.712353 0.958139 0.0551976 0.0837214 0.00147045
0 0.345072 0.501283 0.302331 0.193327 0.0014681
0 0.105926 0.356243 0.211852 0.243717 0.0014657
0 0.0614493 0.974885 0.122899 0.05023 0.00145365
0 0.737539 0.240637 0.524922 0.481273 0.00145146
0 0.41367 0.936891 0.452937 0.126218 0.00144905
0 0.671395 0.843877 0.340887 0.312246 0.00144535
0 0.184226 0.656785 0.302776 0.114642 0.00144353
0 0.436681 0.526829 0.313938 0.267938 0.00144144
0 0 0.0746843 0 0.149369 0.00143616
0 0.944032 0.132486 0.111937 0.264972 0.0014222
0 0.0335724 0.113057 0.0671449 0.226114 0.00142032
0 0.861591 0.224008 0.276818 0.448017 0.00140404
0 0.231882 0.355789 0.463764 0.564263 0.00139743
0 0.964034 0.603255 0.0719323 0.365999 0.00139692
0 0.383446 0.516087 0.187533 0.187658 0.00139277
0 0.830396 0.598783 0.339208 0.581107 0.00139089
0 0.96885 0.853173 0.0622995 0.293654 0.0013907
0 0.223014 0.604894 0.290634 0.211476 0.00138629
0 0.843288 0.162261 0.313424 0.324523 0.00138235
0 0.57013 0.115668 0.58445 0.231336 0.00137625
0 0.15206 0.513317 0.30412 0.384881 0.00137444
0 0.506589 0.451399 0.524592 0.41515 0.00136636
0 0.910176 0.353849 0.179648 0.478967 0.00136045
0 0.130475 0.249973 0.260951 0.218904 0.00135996
0 0.425302 0.117933 0.602937 0.235866 0.00135943
0 0.744063 0.793566 0.511874 0.412868 0.00135827
0 0.267801 0.955831 0.398364 0.0883378 0.00135826
0 0.909363 0.168995 0.181274 0.33799 0.00134929
0 0.340659 0.946776 0.428516 0.106448 0.00134884
0 0.165887 0.582344 0.331773 0.294021 0.00134642
0 0.220333 0.704309 0.440666 0.56076 0.00134314
0 0.781235 0.826623 0.43753 0.346754 0.00134245
0 0.207797 0.958479 0.401238 0.0830417 0.00134005
0 0.876756 0.502823 0.246489 0.498234 0.00133374
0 0.155631 0.704571 0.311263 0.590858 0.0013332
0 0.857883 0.357796 0.284234 0.575828 0.00132073
0 0.828218 0.498869 0.343565 0.558805 0.00131778
0 0.814918 0.241986 0.370165 0.483971 0.00131417
0 0.859111 0.786494 0.281777 0.427011 0.00131207
0 0.896009 0.255033 0.207981 0.510067 0.00130916
0 0.800434 0.123686 0.399132 0.247371 0.00130139
0 0.0993669 0.864849 0.198734 0.270302 0.00130106
0 0.136203 0.430704 0.223853 0.139761 0.00129454
0 0.944294 0.653482 0.111413 0.405165 0.00129422
0 0.882364 0.254264 0.235273 0.194572 0.00129235
0 0.0828073 0.148411 0.165615 0.192711 0.00128984
0 0.0725441 0.22726 0.145088 0.192232 0.00128463
0 0 0.785137 0 0.348868 0.00128066
0 0.694816 0.123089 0.610369 0.246178 0.00127634
0 0 0.838257 0 0.293762 0.00127516
0 0.91926 0.811719 0.16148 0.376561 0.00126953
0 0.2025 0.126294 0.404999 0.252587 0.00126873
0 0.91709 0.108904 0.16259 0.143145 0.00126845
0 0.0114693 0.0818321 0.0229386 0.163664 0.00126163
0 0.0883099 0.889863 0.17662 0.220274 0.00126101
0 0.827933 0.70213 0.344133 0.595741 0.00125639
0 0.100508 0.975546 0.201016 0.0489077 0.00125158
0 0.917806 0.755944 0.164388 0.451627 0.00125087
0 0.109976 0.772302 0.219953 0.235941 0.0012493
0 0.144278 0.134154 0.192696 0.048 0.00124331
0 0.341647 0.551177 0.142056 0.203811 0.00124213
0 1 0.91295 0 0.174101 0.00124137
0 0.446185 0.869568 0.593966 0.260863 0.0012403
0 0.63884 0.214805 0.722321 0.42961 0.00124014
0 0.268199 0.120861 0.536399 0.241723 0.00123546
0 0.464238 0.521568 0.203585 0.146167 0.00123542
0 0.969216 0.224087 0.0615672 0.125876 0.00123481
0 0.185735 0.474783 0.371469 0.288338 0.00123309
0 0.413309 0.740192 0.805117 0.519617 0.00123201
0 0.265509 0.215885 0.531019 0.43177 0.00123114
0 0.0810189 0.437203 0.162038 0.509315 0.00123096
0 0.0535714 0.279778 0.107143 0.196078 0.00122906
0 0.895138 0.825068 0.209724 0.349863 0.00122537
0 0.0860186 0.323802 0.125906 0.101666 0.00121976
0 0.157904 0.970429 0.315807 0.0591415 0.00121651
0 0.0130632 0.619663 0.0261264 0.330814 0.00121372
0 0.00942909 0.567664 0.0188582 0.284251 0.00121194
0 0.471967 0.190371 0.821782 0.380742 0.00120971
0 0.854391 0.953453 0.291219 0.0930946 0.00120669
0 0.0110586 0.731655 0.0221173 0.371329 0.00119982
0 0.271832 0.268926 0.543663 0.537852 0.00119046
0 0.0524892 0.85969 0.104978 0.280619 0.00119026
0 0.155217 0.649314 0.310433 0.355227 0.00118804
0 0.299236 0.735421 0.598473 0.529159 0.00118707
0 0.254164 0.799897 0.508328 0.400206 0.00118259
0 0.116221 0.804255 0.232442 0.301768 0.00118189
0 0 0.167592 0 0.215316 0.00118102
0 1 0.97527 0 0.0494596 0.00118062
0 0.0800896 0.817515 0.160179 0.36497 0.00117362
0 0.840592 0.192289 0.318815 0.0691169 0.00117155
0 0.972619 0.120019 0.0547622 0.139019 0.00117117
0 0.138925 0.629508 0.277849 0.4347 0.00116555
0 0.358419 0.775556 0.716838 0.448889 0.00116291
0 0.843902 0.976618 0.302181 0.0467649 0.00116262
0 0.0031147 0.519305 0.0062294 0.249188 0.0011597
0 0 0.22865 0 0.24963 0.00115717
0 0.388347 0.308711 0.776694 0.573247 0.00115292
0 0.121037 0.826692 0.242075 0.346616 0.00115229
0 0.624016 0.453123 0.751968 0.519369 0.00114916
0 0.780193 0.1882 0.439615 0.376401 0.00114911
0 0.741992 0.301473 0.516016 0.550176 0.0011477
0 0.836925 0.170054 0.326149 0.102643 0.00114544
0 0.879149 0.397619 0.241702 0.277367 0.00114304
0 0.848676 0.326264 0.302648 0.255383 0.00114014
0 0.136859 0.459237 0.243681 0.190456 0.00113772
0 0 0.886153 0 0.227694 0.00113541
0 0.400342 0.803258 0.754518 0.393483 0.00113495
0 0 0.110547 0 0.174597 0.00113318
0 0.517534 0.524673 0.3095 0.148599 0.00112835
0 0.551355 0.736521 0.822027 0.526958 0.00112809
0 0.544403 0.242121 0.823739 0.484241 0.00112802
0 0.542141 0.657497 0.775808 0.543175 0.00112776
0 0.0346792 0.330966 0.0693585 0.206555 0.00112681
0 0.35714 0.61468 0.360714 0.342371 0.00112163
0 0.262302 0.701833 0.524604 0.494144 0.00112042
0 0.897082 0.0380113 0.205835 0.0760226 0.00111729
0 0.593189 0.356186 0.813621 0.554152 0.00111641
0 0 0.282811 0 0.246768 0.00111503
0 0.287259 0.611163 0.244988 0.209772 0.0011145
0 0.20029 0.652734 0.336311 0.327151 0.00111241
0 0.198814 0.822693 0.397628 0.354614 0.00111134
0 0.853177 0.286048 0.293646 0.210733 0.00111121
0 0.157416 0.784253 0.314832 0.431494 0.00110856
0 0.0871874 0.755807 0.174375 0.488385 0.00110359
0 0.301548 0.565766 0.180822 0.23559 0.00110086
0 0.300884 0.185947 0.601768 0.371894 0.00109349
0 0 0.471497 0 0.232765 0.0010927
0 0.636444 0.263355 0.727112 0.526709 0.0010927
0 0 0.328592 0 0.236743 0.0010893
0 0.926282 0.0504436 0.147435 0.100887 0.00108452
0 0.700764 0.191666 0.598472 0.383333 0.00108399
0 0.745611 0.701637 0.508779 0.534311 0.00108363
0 0.11673 0.127758 0.233459 0.255515 0.00108092
0 0.23022 0.191437 0.46044 0.382874 0.00108022
0 0.926786 0.432384 0.146427 0.276281 0.00107958
0 0.968898 0.463535 0.0622046 0.273557 0.00107746
0 0 0.977791 0 0.0444181 0.00107668
0 0.68262 0.354724 0.634761 0.531567 0.00107472
0 0.315545 0.806781 0.631089 0.386438 0.00107216
0 0.163783 0.410148 0.327566 0.59087 0.00107069
0 0 0.376025 0 0.230267 0.0010702
0 0.809047 0.308191 0.381907 0.569364 0.00106765
0 0.880046 0.976646 0.239908 0.0467081 0.00106233
0 0.813248 0.767181 0.373503 0.465638 0.00106232
0 0.374946 0.239466 0.749892 0.478933 0.00105999
0 0.0896299 0.399028 0.17926 0.271841 0.00105447
0 0 0.424143 0 0.229069 0.00105198
0 0.0932106 0.337131 0.186421 0.528728 0.0010485
0 0.44996 0.849453 0.400852 0.242437 0.00104698
0 0.831439 0.541161 0.291022 0.187434 0.00104655
0 0.414536 0.578394 0.324443 0.314297 0.00104286
0 0.11249 0.87319 0.22498 0.253619 0.00104036
0 0.61512 0.16083 0.767794 0.321661 0.0010376
0 0.0990017 0.251304 0.198003 0.502608 0.0010346
0 0.836224 0.340738 0.327552 0.270568 0.0010326
0 0.926943 0.977602 0.146115 0.0447957 0.00103194
0 0.168661 0.878763 0.337322 0.197123 0.00103142
0 0.63812 0.70185 0.72376 0.5484 0.00103076
0 0.885663 0.0810235 0.228674 0.162047 0.0010274
0 0.848711 0.0904209 0.302579 0.180842 0.00102613
0 0.850046 0.258543 0.298386 0.198932 0.00102053
0 0.11606 0.417904 0.186538 0.117037 0.00101858
0 0.0629027 0.877443 0.125805 0.245115 0.00101729
0 0.871859 0.867156 0.256281 0.265688 0.00101405
0 0.0696981 0.535041 0.139396 0.478446 0.00100969
0 0.804641 0.408238 0.390719 0.57191 0.00100648
0 0.968605 0.976472 0.0627907 0.047057 0.00100151
0 1 0.978335 0 0.043331 0.00100103
0 0.558942 0.115309 0.275776 0.107959 0.00100077
0 0.0760949 0.334619 0.15219 0.220225 0.00100012
0 0.638678 0.940431 0.181276 0.119138 0.923542
0 0.948907 0.192894 0.0994815 0.0517005 0.00530056
0 0.179238 0.747119 0.314336 0.0955233 0.00323316
0 0.175874 0.891119 0.315556 0.217763 0.00267878
0 0.116247 0.748646 0.192298 0.0969227 0.00213479
0 0.179398 0.731441 0.329476 0.0597264 0.00208939
0 0.141756 0.741516 0.239893 0.0791702 0.00202218
0 0.379885 0.532874 0.331315 0.153445 0.0020057
0 0.64346 0.955052 0.191475 0.0898957 0.00196099
0 0.838742 0.0973452 0.322516 0.19469 0.00189476
0 0.40492 0.867431 0.565681 0.217512 0.00188714
0 0.969821 0.336791 0.0603577 0.266347 0.00185941
0 0.0096558 0.0929952 0.0193116 0.18599 0.00184796
0 0.962169 0.136162 0.0756622 0.256375 0.00182937
0 0.895041 0.194928 0.209918 0.0512408 0.00181215
0 0.970936 0.0771366 0.0581284 0.154273 0.00180204
0 0.204312 0.648488 0.320191 0.248906 0.00179932
0 0.755326 0.839142 0.489349 0.321716 0.00179581
0 0.862427 0.929436 0.268959 0.133136 0.00179051
0 0.147254 0.170994 0.252339 0.0973659 0.00178971
0 0.609045 0.787055 0.78191 0.425891 0.00178166
0 0.849743 0.194585 0.300514 0.0515414 0.00174029
0 0.967898 0.285974 0.0642031 0.259853 0.00173487
0 1 0.0730662 0 0.146132 0.00172959
0 0.0314117 0.971661 0.0628235 0.0566786 0.00170475
0 0.953442 0.244476 0.093115 0.244815 0.00168786
0 0.488396 0.832779 0.656934 0.334442 0.00168517
0 0.959546 0.386857 0.0809084 0.288456 0.00168264
0 0.619535 0.954874 0.273919 0.0902513 0.0016588
0 0.62335 0.305263 0.645179 0.259479 0.00165089
0 0.15611 0.710964 0.295403 0.349571 0.00163544
0 0.796188 0.212422 0.407624 0.424845 0.00162142
0 0.948676 0.175146 0.102647 0.290528 0.00160509
0 0.110246 0.687809 0.220491 0.307739 0.0015963
0 0.878234 0.546114 0.243531 0.407021 0.00158737
0 0.807828 0.163852 0.384345 0.327704 0.00158208
0 0.697586 0.965638 0.244714 0.0687237 0.00157952
0 0.0983815 0.884244 0.196763 0.231511 0.00157572
0 0.021428 0.52681 0.042856 0.259683 0.00157544
0 0.817117 0.295926 0.365766 0.440655 0.00156769
0 0.965844 0.710338 0.0683128 0.339592 0.0015564
0 0.027099 0.819548 0.054198 0.296413 0.00154931
0 0.965518 0.812261 0.0689647 0.34098 0.00154886
0 0.145867 0.641458 0.255984 0.192012 0.00154843
0 0.935911 0.421148 0.128179 0.330851 0.00153922
0 0.730366 0.784567 0.539267 0.430867 0.00153891
0 0.83521 0.837394 0.32958 0.325212 0.00153668
0 0.863638 0.115539 0.272723 0.196514 0.00152984
0 1 0.103067 0 0.206134 0.00152847
0 0.812626 0.268683 0.374747 0.252616 0.00152484
0 0.391012 0.54423 0.462148 0.179451 0.00152162
0 0.020999 0.482802 0.0419981 0.254134 0.00151596
0 0.826755 0.921099 0.214561 0.112839 0.00149278
0 0.995717 0.266256 0.00856702 0.240974 0.00148852
0 0.11457 0.0888886 0.229139 0.177777 0.00147006
0 0.788247 0.0834869 0.315155 0.166974 0.00146722
0 0.023827 0.765863 0.0476541 0.283458 0.00146122
0 0.682412 0.949198 0.273815 0.101604 0.00145746
0 0.902038 0.457841 0.195923 0.370871 0.00145628
0 0.990525 0.964123 0.0189496 0.0717537 0.0014527
0 0.30757 0.352027 0.61514 0.56859 0.0014519
0 0.802979 0.748894 0.394041 0.450569 0.00144793
0 0.0314913 0.578169 0.0629826 0.273973 0.00144547
0 0.984967 0.3181 0.0300667 0.274664 0.00144411
0 0.506925 0.813984 0.87008 0.372032 0.00144365
0 0.0326215 0.320297 0.065243 0.2772 0.00144203
0 0.744762 0.242882 0.510476 0.485763 0.00143889
0 0.7619 0.298243 0.4762 0.561991 0.00143316
0 0.353705 0.504323 0.707409 0.459671 0.00142826
0 0.62374 0.863982 0.331208 0.272037 0.0014255
0 0.0236469 0.426478 0.0472939 0.262216 0.00142356
0 0.18621 0.757754 0.37242 0.38925 0.00142236
0 0.44408 0.562721 0.809258 0.554832 0.00141383
0 0.972286 0.872492 0.055427 0.255015 0.00141119
0 0.999399 0.207132 0.00120229 0.26779 0.00140859
0 0.702429 0.0839397 0.403056 0.167879 0.00139996
0 0.162452 0.5148 0.282076 0.244184 0.00139846
0 0.0284493 0.373715 0.0568986 0.265032 0.00138355
0 0.104717 0.763973 0.209434 0.239004 0.00138299
0 0.811785 0.398757 0.37643 0.455921 0.0013789
0 0.795034 0.589973 0.409933 0.504886 0.00137561
0 0.931903 0.650146 0.136194 0.375863 0.00136378
0 0.536515 0.932489 0.361777 0.135022 0.0013583
0 0.831854 0.130922 0.336292 0.261844 0.00134996
0 0.178894 0.659611 0.312357 0.124082 0.00134932
0 1 0.151231 0 0.266888 0.00134895
0 0.209173 0.60521 0.326578 0.219407 0.0013479
0 0.580127 0.837951 0.404861 0.129762 0.00134363
0 0.0346327 0.2639 0.0692655 0.300785 0.00134178
0 0.961321 0.609986 0.0773571 0.346727 0.00134157
0 0.113082 0.8462 0.226164 0.223077 0.00134003
0 0.865535 0.0933423 0.26893 0.186685 0.00133913
0 0.0331394 0.158387 0.0662788 0.290808 0.0013349
0 0.945347 0.758294 0.109306 0.346706 0.00133462
0 0.760987 0.740228 0.478026 0.519544 0.0013299
0 0.438662 0.878595 0.62503 0.242811 0.00132352
0 0.0766795 0.969417 0.153359 0.0611665 0.00132231
0 0.961834 0.461792 0.0763316 0.34634 0.00132025
0 0.790746 0.805216 0.418508 0.389567 0.00132025
0 0.920232 0.909975 0.159536 0.18005 0.00131466
0 0.00203166 0.0693178 0.00406333 0.138636 0.00131425
0 0.319216 0.279352 0.638432 0.558705 0.00131296
0 0.144216 0.604053 0.247941 0.199749 0.00131121
0 0.800428 0.493329 0.399144 0.498657 0.00130904
0 0.134496 0.481976 0.241812 0.211499 0.00130703
0 0.278839 0.443135 0.542965 0.435421 0.00130444
0 0.293604 0.896077 0.5681 0.207846 0.0013039
0 0.61734 0.956613 0.25752 0.0867744 0.00130327
0 0.0322187 0.120172 0.0644374 0.240343 0.00130096
0 0.926901 0.978265 0.146197 0.0434704 0.00129913
0 0.117485 0.779114 0.23497 0.246911 0.00129609
0 0.0384519 0.085673 0.0769039 0.171346 0.00129532
0 0.757322 0.654527 0.485356 0.564917 0.00129155
0 0.223104 0.913834 0.441015 0.172333 0.00128628
0 0.143108 0.942648 0.286217 0.114704 0.00128367
0 0.358208 0.558452 0.653909 0.220178 0.00128045
0 0.0298652 0.863703 0.0597304 0.272593 0.001266
0 0.629229 0.947827 0.217777 0.104345 0.00126155
0 0.0058819 0.962228 0.0117638 0.075544 0.00125376
0 0.374337 0.516761 0.264678 0.123921 0.00125046
0 0.934274 0.121975 0.123928 0.143259 0.00124977
0 0.128181 0.892643 0.225841 0.214713 0.00124876
0 0.394326 0.462522 0.788652 0.564762 0.00124776
0 0.419681 0.671266 0.689049 0.475251 0.00123068
0 0.833903 0.864816 0.251229 0.158821 0.00122765
0 0.0203182 0.718201 0.0406363 0.277504 0.00122548
0 0.946934 0.852199 0.106132 0.295602 0.00122488
0 0.64737 0.557055 0.547187 0.215231 0.00122432
0 0.300799 0.220007 0.601597 0.440015 0.0012215
0 0.791438 0.973184 0.268895 0.053631 0.00121409
0 0.267835 0.884881 0.436782 0.215427 0.00121319
0 0.76819 0.403991 0.46362 0.558001 0.00120809
0 0.429121 0.314142 0.858243 0.603439 0.00120583
0 0.230279 0.386618 0.460559 0.446659 0.00120164
0 0.855944 0.97679 0.288111 0.0464201 0.00119832
0 0.782391 0.907297 0.286254 0.185405 0.00119511
0 0.0979533 0.708925 0.195907 0.24871 0.00119437
0 0.289621 0.719016 0.551405 0.437089 0.0011935
0 0.219833 0.221407 0.439666 0.442814 0.00119076
0 0.166078 0.0684363 0.292368 0.136873 0.00118443
0 0.517303 0.123856 0.664808 0.247712 0.00118333
0 0.925693 0.194589 0.148614 0.0482456 0.00117906
0 0.845203 0.88735 0.309594 0.2253 0.00117404
0 0.535396 0.279647 0.898084 0.559293 0.00117384
0 0.683242 0.278563 0.633516 0.557126 0.00117159
0 0.549967 0.106353 0.237609 0.108837 0.00116938
0 0.7009 0.120284 0.598199 0.240568 0.00116252
0 0.122736 0.353329 0.245472 0.32489 0.00114606
0 0.777633 0.116515 0.444735 0.233029 0.00114411
0 0.0822841 0.432773 0.164568 0.220725 0.00114389
0 0.191054 0.299443 0.382107 0.422542 0.00114156
0 0.253824 0.55167 0.426693 0.312994 0.00114153
0 0.197021 0.110746 0.394043 0.221492 0.00113921
0 0.130293 0.0867184 0.260585 0.173437 0.0011375
0 0.562519 0.106949 0.253948 0.0774133 0.00113004
0 0.935673 0.211501 0.128655 0.0985756 0.00112914
0 0.0274803 0.668661 0.0549605 0.292088 0.00112666
0 0.367872 0.12436 0.637866 0.24872 0.00112579
0 0.00514968 0.474462 0.0102994 0.321965 0.00112378
0 0.230786 0.828721 0.461572 0.342557 0.00111906
0 0.626121 0.611982 0.747757 0.581451 0.00111321
0 0.164971 0.116435 0.329942 0.23287 0.00110991
0 0.618317 0.249524 0.763366 0.499048 0.00110957
0 0.00966394 0.613383 0.0193279 0.296161 0.00110596
0 0.909531 0.0975338 0.170726 0.14122 0.00110503
0 0.106635 0.257557 0.213271 0.258827 0.00110064
0 0.118701 0.828588 0.237403 0.29378 0.00109997
0 0.961366 0.22062 0.0772687 0.128821 0.00109975
0 0.0575341 0.0744679 0.115068 0.148936 0.00109692
0 0.654984 0.736687 0.690032 0.526626 0.00109532
0 0.25448 0.117671 0.508961 0.235342 0.0010862
0 0.62328 0.510266 0.753441 0.586413 0.00108561
0 0.64991 0.57331 0.651018 0.274816 0.00108549
0 0.298043 0.821051 0.596085 0.357898 0.00108275
0 0.0120198 0.263388 0.0240396 0.242058 0.00108164
0 0.012151 0.212588 0.024302 0.238145 0.00107807
0 0 0.0102835 0 0.020567 0.00107386
0 0.284306 0.0698252 0.348869 0.13965 0.00107227
0 0.358957 0.802883 0.717915 0.394233 0.00106978
0 0.120995 0.583557 0.234399 0.241854 0.0010684
0 0.0119919 0.157461 0.0239837 0.229316 0.00106758
0 0.0855823 0.947708 0.171165 0.104584 0.00106756
0 0.553965 0.738449 0.885607 0.523101 0.00106741
0 0.00293679 0.321911 0.00587358 0.319829 0.00106708
0 0.00266251 0.218193 0.00532502 0.322767 0.00106457
0 0.384227 0.249145 0.768453 0.49829 0.00106041
0 0.849262 0.0906682 0.301475 0.181336 0.00105834
0 0.106323 0.527408 0.212646 0.192655 0.00105644
0 0.00322832 0.850681 0.00645664 0.298638 0.00105617
0 0.975132 0.978259 0.0497365 0.0434822 0.00105271
0 0.0273178 0.911934 0.0546357 0.176133 0.00105236
0 0.517471 0.036571 0.107574 0.0699736 0.00104338
0 0.978555 0.157002 0.0428909 0.135793 0.00104234
0 0.128315 0.60016 0.25663 0.241548 0.00104001
0 0.898167 0.0363928 0.203666 0.0727855 0.00103453
0 0.988851 0.367346 0.0222987 0.280159 0.001034
0 0.155223 0.794233 0.25986 0.149275 0.00103102
0 0.33179 0.189769 0.663579 0.379538 0.00102884
0 0.978507 0.909521 0.0429861 0.180958 0.00102809
0 0.0072887 0.906419 0.0145774 0.187163 0.00102451
0 0.219204 0.718277 0.260468 0.040276 0.00102238
0 0.36348 0.758345 0.726959 0.483309 0.00102196
0 0.158975 0.859308 0.31795 0.281384 0.00102105
0 0.281697 0.71896 0.157873 0.0390485 0.00101845
0 0.143943 0.112512 0.241603 0.192283 0.00101679
0 0.183041 0.147755 0.366083 0.29551 0.00101666
0 0.00303457 0.768054 0.00606913 0.334909 0.00101432
0 0.119574 0.424567 0.185489 0.118551 0.00101376
0 0.691288 0.221307 0.617424 0.442614 0.00101081
0 0.850743 0.0847951 0.298515 0.16959 0.00101071
0 0.0292774 0.98842 0.0585549 0.0231598 0.00100771
0 0.63772 0.941938 0.189865 0.116124 0.956547
0 0.997343 0.114274 0.005314 0.228548 0.200198
0 0.995431 0.887127 0.00913817 0.225747 0.197878
0 0.85658 0.894641 0.286839 0.210718 0.18246
0 0.51556 0.037228 0.102709 0.0715855 0.180521
0 0.161953 0.893778 0.310492 0.212444 0.0606467
0 0.00675026 0.112061 0.0135005 0.224121 0.0542687
0 0.99542 0.591668 0.0091608 0.281862 0.02594
0 0.995236 0.716232 0.00952754 0.281925 0.0241789
0 0.0129832 0.887749 0.0259665 0.224502 0.0232315
0 0.995178 0.765985 0.00964303 0.28233 0.0227548
0 0.995429 0.541696 0.00914212 0.281612 0.0226865
0 0.995224 0.641486 0.009552 0.28233 0.0226689
0 0.995466 0.491726 0.00906846 0.281393 0.0188105
0 0.2929 0.893099 0.330436 0.213298 0.0183969
0 0.994905 0.816631 0.0101895 0.283519 0.0177466
0 0.424503 0.887715 0.329525 0.199859 0.0160042
0 0.995461 0.441803 0.00907898 0.281645 0.0146444
0 0.995613 0.167173 0.00877459 0.282544 0.012982
0 0.995492 0.391768 0.00901518 0.281575 0.0121368
0 0.492527 0.885993 0.267865 0.19418 0.0109933
0 0.995466 0.342053 0.00906872 0.281227 0.00984548
0 0.995575 0.292121 0.00885089 0.281684 0.00873028
0 0.995668 0.242262 0.0086641 0.280911 0.00785649
0 0.356428 0.891721 0.350732 0.209463 0.00715114
0 0.159608 0.0680453 0.304079 0.136091 0.00405686
0 0.946033 0.936357 0.107935 0.124785 0.0036709
0 0.0244216 0.263823 0.0488433 0.273297 0.00341639
0 0.549512 0.86817 0.301622 0.162199 0.00311814
0 0.0203315 0.413288 0.0406631 0.273264 0.00307788
0 0.601169 0.960049 0.105544 0.0799028 0.00305
0 0.598337 0.851285 0.280036 0.129028 0.0030015
0 0.988931 0.869112 0.0221385 0.261777 0.00270785
0 1 0.951161 0 0.0976782 0.00269895
0 0.0447215 0.613454 0.089443 0.275093 0.00262157
0 0.830097 0.0921381 0.339806 0.184276 0.00257608
0 0.83743 0.82726 0.32514 0.345479 0.00244065
0 0.774679 0.809226 0.450642 0.381548 0.00243665
0 0.0235423 0.839381 0.0470847 0.274392 0.00242934
0 0.0193645 0.16154 0.0387291 0.272606 0.00231713
0 1 0.90236 0 0.19528 0.00216978
0 0.993047 0.124058 0.0139052 0.248117 0.00215813
0 0.0233059 0.312674 0.0466118 0.274535 0.00215176
0 0.835922 0.776046 0.328155 0.447907 0.00211075
0 0.682938 0.842618 0.276272 0.112924 0.00210757
0 0.978299 0.563224 0.0434026 0.36987 0.00210511
0 0.995715 0.190905 0.00856991 0.335522 0.00209641
0 0.979159 0.713066 0.0416812 0.367863 0.00206001
0 0.0406899 0.563836 0.0813798 0.273922 0.00203854
0 0.862032 0.261733 0.275935 0.36161 0.00199992
0 0.991481 0.809746 0.0170372 0.3621 0.00199231
0 0.945445 0.169825 0.10911 0.257355 0.00198361
0 0.992348 0.453224 0.0153046 0.343886 0.00197318
0 0.993503 0.351846 0.0129948 0.338146 0.00193819
0 1 0.975647 0 0.0487052 0.00193093
0 0.904558 0.218622 0.190885 0.309325 0.00189871
0 0.991585 0.652483 0.0168294 0.345852 0.0018938
0 0.867574 0.841055 0.264853 0.317889 0.00189035
0 0.993598 0.252223 0.0128038 0.333975 0.00188156
0 0.0207251 0.363423 0.0414502 0.274332 0.00185248
0 0.520165 0.0922916 0.161069 0.184583 0.00184532
0 0.836272 0.304241 0.327456 0.421 0.00181754
0 0.962101 0.118678 0.0757983 0.213569 0.00180972
0 0.831031 0.697731 0.337938 0.485471 0.00180526
0 1 0.0924287 0 0.184857 0.00179426
0 0.845605 0.601055 0.30879 0.458084 0.00177072
0 0.622582 0.789866 0.754836 0.420268 0.00176292
0 0.148909 0.222887 0.258461 0.212992 0.00174529
0 0.0642697 0.864947 0.128539 0.270106 0.001733
0 0.790186 0.0865341 0.303387 0.173068 0.00173212
0 0.639786 0.987186 0.184781 0.0247147 0.00170107
0 0.890825 0.516129 0.21835 0.397179 0.00168567
0 0.0405114 0.662682 0.0810228 0.274427 0.00168375
0 0.886238 0.669112 0.227524 0.398019 0.00168239
0 0.165485 0.594027 0.309253 0.22737 0.00167509
0 0.945746 0.151329 0.107869 0.144344 0.00165861
0 0.833159 0.491296 0.333682 0.494243 0.00163724
0 0.568144 0.862693 0.383838 0.274614 0.00161896
0 0.019368 0.962374 0.0387359 0.0752524 0.00159153
0 0.0246492 0.462746 0.0492985 0.273534 0.00156523
0 0.914766 0.808335 0.170468 0.383329 0.0015577
0 0.896405 0.418439 0.207191 0.390939 0.00153993
0 0.638716 0.950988 0.194123 0.0980231 0.00152359
0 0.987887 0.0739414 0.0242252 0.147883 0.00152315
0 0.982922 0.212528 0.0341557 0.216097 0.00151747
0 0.951875 0.321075 0.0962498 0.301174 0.00150323
0 0.956982 0.0744907 0.0860356 0.148981 0.00149124
0 0.973229 0.270017 0.0535415 0.243809 0.00148742
0 0.448527 0.104009 0.293851 0.172797 0.00148683
0 0.827747 0.391649 0.344507 0.50626 0.00147805
0 0.505698 0.0589931 0.223594 0.117986 0.00147714
0 0.432937 0.0768695 0.335636 0.153739 0.00147613
0 0.864203 0.0834358 0.271594 0.166872 0.00146288
0 0.919411 0.370466 0.161178 0.359393 0.00144861
0 0.886342 0.960955 0.227316 0.0780905 0.00144035
0 0.880275 0.108496 0.239449 0.210087 0.00142694
0 0.0863711 0.836918 0.172742 0.326165 0.00141541
0 0.0201085 0.738141 0.0402169 0.272898 0.00140933
0 0.987605 0.133419 0.0247895 0.217898 0.00140509
0 0 0.894512 0 0.210976 0.00139824
0 0.0553034 0.963962 0.110607 0.0720762 0.00139289
0 0.021757 0.975634 0.0435139 0.0487316 0.0013891
0 0.023929 0.788161 0.047858 0.273174 0.00136342
0 0.791229 0.191317 0.417541 0.382634 0.00135195
0 0.642607 0.953594 0.223832 0.0928128 0.00133774
0 0.635927 0.0798018 0.318092 0.159604 0.00132542
0 0.762148 0.228463 0.475703 0.456925 0.00132347
0 0.0884804 0.432954 0.176961 0.427179 0.00131798
0 0.753617 0.958442 0.177255 0.0831167 0.00130834
0 0.952218 0.857322 0.0955642 0.285356 0.00129088
0 0.233704 0.911178 0.457115 0.177643 0.00128628
0 0 0.82834 0 0.181292 0.0012796
0 0.440357 0.924793 0.409109 0.150415 0.00126875
0 0.170575 0.748645 0.313864 0.105798 0.00126312
0 0.708234 0.0921728 0.3871 0.184346 0.00125719
0 0.809896 0.259983 0.380208 0.232364 0.00125452
0 0.817938 0.146705 0.364124 0.29341 0.00125012
0 0.405971 0.119726 0.425702 0.239452 0.00123839
0 0.150972 0.105804 0.281052 0.211608 0.00123821
0 0 0.474359 0 0.176252 0.00123355
0 1 0.382702 0 0.249883 0.00123016
0 0 0.422978 0 0.174556 0.00122863
0 0 0.524869 0 0.179437 0.00122695
0 0.55515 0.0939017 0.194334 0.18747 0.00122638
0 0 0.322922 0 0.167116 0.0012225
0 0.952153 0.952935 0.0956941 0.0941293 0.00121981
0 1 0.458175 0 0.250832 0.00121799
0 0 0.37312 0 0.171146 0.00121707
0 1 0.332552 0 0.249307 0.00121369
0 0.424495 0.173536 0.699998 0.347073 0.00120962
0 0.799245 0.586126 0.262473 0.203159 0.00120443
0 0 0.575465 0 0.181495 0.00120316
0 0.515645 0.94004 0.369024 0.11992 0.00120281
0 0.980435 0.9733 0.0391296 0.0533998 0.00119323
0 1 0.282481 0 0.249028 0.00119188
0 0 0.626144 0 0.184887 0.00119113
0 0.934404 0.876556 0.131191 0.246888 0.00118636
0 0.0906877 0.634279 0.181375 0.432788 0.00118322
0 0.326553 0.148509 0.61238 0.297017 0.00118279
0 0.740919 0.768645 0.518161 0.46271 0.00118262
0 0.0940679 0.737271 0.188136 0.448629 0.00117945
0 1 0.507362 0 0.25205 0.00117549
0 0.363314 0.910268 0.451244 0.179463 0.00116913
0 0 0.678998 0 0.189531 0.00116551
0 0.814732 0.0919137 0.370535 0.183827 0.00116525
0 0.0471792 0.0806848 0.0943583 0.16137 0.00116355
0 1 0.127902 0 0.254131 0.00116316
0 0.16036 0.77967 0.32072 0.44066 0.0011629
0 0.990087 0.957712 0.0198252 0.0845751 0.0011572
0 0 0.272563 0 0.165463 0.00115593
0 0.336495 0.096892 0.46924 0.193784 0.0011554
0 0.555696 0.948163 0.273963 0.103673 0.00115475
0 0.631258 0.843682 0.2169 0.114608 0.00115438
0 0.0921747 0.531961 0.184349 0.431259 0.0011541
0 0.0246599 0.213482 0.0493198 0.272304 0.00115216
0 0 0.929801 0 0.140398 0.0011516
0 0 0.73152 0 0.193358 0.00115131
0 1 0.232712 0 0.248695 0.00115046
0 0 0.7797 0 0.18752 0.00114836
0 0.77656 0.915315 0.370054 0.16937 0.00114603
0 1 0.857386 0 0.255676 0.0011449
0 0.690975 0.476859 0.513849 0.221575 0.00114236
0 0.131266 0.950017 0.262531 0.0999668 0.00114029
0 1 0.806239 0 0.254443 0.00113048
0 0.180535 0.916079 0.36107 0.167842 0.00113018
0 0.572854 0.89089 0.306889 0.203142 0.00112935
0 0.0956011 0.334171 0.191202 0.439424 0.00112072
0 0.138698 0.433103 0.277395 0.432466 0.00111568
0 0.448585 0.842906 0.622863 0.314187 0.00110857
0 1 0.680603 0 0.255244 0.00110621
0 1 0.181928 0 0.250172 0.00110153
0 0.0306804 0.513329 0.0613608 0.273572 0.00110055
0 0 0.218039 0 0.163355 0.00109904
0 1 0.556871 0 0.253125 0.00109861
0 0.126648 0.564426 0.235676 0.205933 0.00109846
0 0.0915661 0.0859039 0.183132 0.171808 0.00109494
0 1 0.730776 0 0.254815 0.0010935
0 0.489364 0.0566528 0.16504 0.108448 0.00109055
0 0.42414 0.519678 0.848279 0.54944 0.00108702
0 0.564402 0.0633537 0.234866 0.126707 0.00108454
0 0.863208 0.951401 0.273583 0.0971981 0.00108138
0 0.650874 0.877129 0.265513 0.243903 0.00108025
0 1 0.630734 0 0.254968 0.00107905
0 0.950626 0.203156 0.0987475 0.080324 0.00107745
0 0.540533 0.0885018 0.290008 0.177004 0.0010735
0 0.977262 0.980148 0.0454751 0.0397039 0.00106549
0 0.549262 0.365379 0.901476 0.60705 0.0010631
0 0.265312 0.296013 0.311312 0.120172 0.00106262
0 0.0570284 0.230085 0.114057 0.409041 0.00106049
0 0.0907813 0.202137 0.181563 0.404274 0.00105973
0 0 0.159062 0 0.160113 0.00105673
0 0.293244 0.307797 0.234832 0.11644 0.00105654
0 0.623899 0.442171 0.409046 0.180166 0.00105528
0 0.622085 0.415771 0.755831 0.603649 0.0010549
0 0.864084 0.921143 0.271833 0.155725 0.00105345
0 0.154944 0.68764 0.309887 0.443605 0.00105095
0 0.248345 0.719746 0.49669 0.5356 0.00104467
0 0.847156 0.559664 0.299154 0.195369 0.00104309
0 0.647957 0.494366 0.332478 0.170808 0.00103032
0 0.63647 0.114818 0.430526 0.229636 0.00102889
0 0.796554 0.125883 0.406893 0.251767 0.00102863
0 0.781884 0.616952 0.436232 0.520206 0.00102621
0 0.148418 0.531466 0.296836 0.429105 0.00102556
0 0.761425 0.306048 0.47715 0.554342 0.00101997
0 0.516605 0.915304 0.235878 0.16432 0.00101918
0 0.529965 0.16852 0.523586 0.337041 0.00101567
0 0.39335 0.458887 0.7867 0.577349 0.00101455
0 0.476292 0.222963 0.867966 0.445927 0.00101357
0 0.154064 0.335869 0.308128 0.452916 0.0010121
0 0.157351 0.208072 0.314703 0.416145 0.00100943
0 0 0.0737564 0 0.147513 0.00100555
0 0.130902 0.884232 0.239895 0.196191 0.00100408
0 0.0463755 0.171409 0.0927509 0.342817 0.00100354
0 0.944658 0.970703 0.110683 0.0585937 0.00100247
0 0.637869 0.938969 0.186957 0.121354 0.931949
0 0.327156 0.479205 0.138121 0.0622665 0.136756
0 0.514166 0.035015 0.0979333 0.0678859 0.00724321
0 0.326974 0.450575 0.138206 0.117847 0.00521359
0 0.664752 0.48214 0.133035 0.0581667 0.00430537
0 0.0653663 1 0.130733 0 0.00394338
0 0.838055 0.566831 0.323889 0.233827 0.00199124
0 0.887895 0.212017 0.224209 0.12698 0.00147875
0 0.0557765 1 0.111553 0 0.0014698
0 0.825203 0.0895183 0.349594 0.179037 0.00143595
0 0.499195 0.479118 0.0970577 0.0630357 0.00143439
0 0.162165 0.0711958 0.32433 0.142392 0.00139305
0 0.761792 0.975774 0.0872265 0.0466227 0.00137464
0 1 0.968205 0 0.0635893 0.00137085
0 0.920337 0.203155 0.156089 0.0991527 0.00132001
0 0.995658 0.100386 0.00868396 0.200771 0.00125025
0 0.85635 0.881167 0.2873 0.207323 0.00121276
0 0.65882 0.956356 0.159567 0.087287 0.00120991
0 1 0.980182 0 0.0396366 0.00119226
0 0.126582 0.416102 0.232823 0.199098 0.00117064
0 0.919109 0.148265 0.161081 0.136083 0.00116031
0 0.121133 0.165634 0.22418 0.104427 0.0011585
0 0.73662 0.959692 0.162661 0.080617 0.00115204
0 0.0574626 0.372593 0.114925 0.240116 0.00112848
0 0.886012 0.0754197 0.227975 0.150839 0.00111896
0 0.158658 0.224379 0.299839 0.204723 0.00111652
0 0.0938812 0.330478 0.187762 0.210507 0.00111404
0 0.626458 0.956109 0.210322 0.0877825 0.00111285
0 0.46111 0.874944 0.30397 0.200202 0.00110545
0 0.219121 0.416471 0.228098 0.186591 0.00108958
0 0.0934086 1 0.186817 0 0.0010881
0 0.821872 0.0729941 0.270361 0.145988 0.00108318
0 0.891713 0.964416 0.216574 0.0711678 0.00108287
0 0.405997 0.809825 0.640378 0.380351 0.00108155
0 0.313689 0.846512 0.417761 0.306976 0.00106857
0 0.59563 0.827017 0.38818 0.243009 0.00106238
0 0.52296 0.512404 0.168332 0.182181 0.00105229
0 0.860995 0.961306 0.227039 0.0773878 0.00105194
0 0.988177 0.95608 0.0236451 0.0878397 0.00104994
0 0.29053 0.420749 0.225787 0.182964 0.00104843
0 0.508093 0.071928 0.140554 0.143856 0.00104755
0 0.186064 0.824033 0.298152 0.241005 0.00104016
0 0.0282676 0.97023 0.0565352 0.0595394 0.00103971
0 0.0339972 0.419908 0.0679943 0.274054 0.00103922
0 0.554689 0.741135 0.478759 0.35155 0.00103565
0 0.942505 0.973256 0.11499 0.0534885 0.00102812
0 0.0994095 0.27346 0.198819 0.18456 0.00102391
0 0.0989482 0.220151 0.197896 0.182244 0.00101713
0 0.193252 0.465117 0.231285 0.218791 0.00101596
0 0.845157 0.252825 0.309687 0.25357 0.00101352
0 0.287211 0.461131 0.227868 0.203406 0.00101237
0 0.616115 0.562186 0.246472 0.229019 0.00101057
0 0.883823 0.0988859 0.232353 0.1686 0.00100578
0 0.03578 0.22645 0.0715599 0.21309 0.00100494
0 0.0300807 0.170545 0.0601614 0.194387 0.00100386
0 0.631242 0.515769 0.223415 0.187679 0.00100103
0 0.637997 0.938872 0.184733 0.122255 0.872848
0 0.51643 0.0347955 0.103167 0.0695911 0.00508837
0 1 0.925476 0 0.149048 0.00289798
0 0.997393 0.101296 0.0052139 0.202592 0.00255681
0 1 0.217565 0 0.225901 0.00188313
0 1 0.268812 0 0.220881 0.00178899
0 1 0.166287 0 0.229678 0.00171371
0 1 0.317949 0 0.224706 0.00169193
0 1 0.63806 0 0.218355 0.00151028
0 1 0.366944 0 0.22203 0.00146476
0 1 0.744943 0 0.212552 0.00145867
0 0.627778 0.290605 0.239369 0.209435 0.00144062
0 0.698837 0.287261 0.218919 0.216297 0.00143943
0 0.564035 0.295697 0.258198 0.210208 0.00143026
0 1 0.693268 0 0.21168 0.00138802
0 0.503979 0.298472 0.256671 0.207093 0.00138575
0 0.775272 0.284188 0.234465 0.236081 0.00137847
0 0.947117 0.904662 0.105766 0.190676 0.00137602
0 1 0.417864 0 0.208159 0.0013606
0 0.44629 0.293977 0.249972 0.185178 0.00132928
0 0 0.0749147 0 0.149829 0.00131638
0 1 0.953492 0 0.0930166 0.0013115
0 0.813451 0.828181 0.137446 0.0794642 0.00129295
0 0 0.416352 0 0.41645 0.00126934
0 0 0.984853 0 0.0302942 0.00126541
0 0 0.309533 0 0.396856 0.0012611
0 0.818703 0.789706 0.342486 0.420589 0.0012608
0 1 0.796534 0 0.211107 0.00124925
0 1 0.466714 0 0.202409 0.00124843
0 0.0140558 0.940592 0.0281117 0.118816 0.00121254
0 0 0.200251 0 0.367456 0.0012095
0 1 0.846456 0 0.215203 0.00120622
0 1 0.588912 0 0.20925 0.00118071
0 0.912849 0.736408 0.163062 0.0980937 0.00118045
0 0.529187 0.963008 0.119054 0.0739836 0.00117338
0 0 0.526454 0 0.465362 0.0011716
0 0.382665 0.28494 0.227798 0.15397 0.00116089
0 1 0.89536 0 0.20928 0.00115885
0 0.82617 0.279347 0.221957 0.251786 0.00115557
0 0.0228036 0.629723 0.0456071 0.410626 0.00115291
0 0.875239 0.243489 0.22223 0.162239 0.00115048
0 0.339127 0.339557 0.227269 0.223719 0.00114778
0 0.0256383 0.509377 0.0512766 0.366334 0.00113327
0 0.814066 0.240683 0.22798 0.151723 0.00113112
0 0.256034 0.880138 0.283883 0.239724 0.00111652
0 0.741559 0.235386 0.230058 0.149755 0.00111198
0 0 0.151826 0 0.303653 0.00110008
0 0.271664 0.336268 0.201738 0.165915 0.0010915
0 0.0337056 0.446895 0.0674111 0.340203 0.00109033
0 0.608772 0.957911 0.183664 0.0841771 0.00107609
0 0.657777 0.958112 0.162024 0.0837769 0.00106676
0 1 0.538435 0 0.204276 0.00106543
0 0.0447792 0.38776 0.0895583 0.32137 0.00105454
0 0.518038 0.942426 0.183493 0.115148 0.00105015
0 0.887282 0.791412 0.225436 0.341201 0.00104987
0 0.398474 0.334078 0.279844 0.277079 0.00104792
0 0.722301 0.961809 0.184766 0.0763824 0.00104227
0 0.60432 0.229463 0.240097 0.154483 0.00103873
0 0.671894 0.23116 0.236417 0.152781 0.00103067
0 0.812384 0.962846 0.1981 0.0743084 0.00102074
0 0.86448 0.175396 0.27104 0.10163 0.00101727
0 0.782257 0.815246 0.290401 0.34095 0.00101459
0 0.0736594 0.094282 0.147319 0.188564 0.00101208
0 0.0546235 0.336402 0.109247 0.319047 0.0010093
0 0 0.615762 0 0.449719 0.00100647
0 0.538668 0.229409 0.241816 0.155017 0.00100037
0 0.638121 0.9401 0.184777 0.119799 0.932515
0 0.993853 0.916166 0.0122944 0.167668 0.0071568
0 1 0.960263 0 0.0794747 0.00690961
0 1 0.108785 0 0.217571 0.00410981
0 1 0.0753129 0 0.150626 0.00349979
0 0.0583455 0.927799 0.116691 0.144403 0.00349806
0 0 0.965191 0 0.0696171 0.00334777
0 0 0.96329 0 0.0734209 0.00310779
0 0.170036 0.998627 0.235987 0.00274601 0.00263105
0 0 0.0518676 0 0.103735 0.00253282
0 0.996927 0.10142 0.00614613 0.202841 0.00225284
0 0 0.926392 0 0.147216 0.00222615
0 0 0.930102 0 0.139796 0.00219779
0 1 0.937004 0 0.125993 0.00219153
0 0.00259046 0.012663 0.00518092 0.025326 0.00214711
0 0.0690036 0.994082 0.138007 0.0118358 0.00199523
0 1 0.466988 0 0.20974 0.00196883
0 1 0.0309117 0 0.0618235 0.00184328
0 1 0.405645 0 0.215684 0.00182761
0 1 0.0946819 0 0.189364 0.00176194
0 1 0.164833 0 0.213882 0.00170459
0 0.212764 0.998917 0.25917 0.00216637 0.0016222
0 0 0.961263 0 0.0774736 0.00156396
0 0.0227071 0.956971 0.0454143 0.0860575 0.00154171
0 0 0.485029 0 0.138196 0.00145946
0 0 0.972355 0 0.05529 0.00145638
0 1 0.217939 0 0.203644 0.00144443
0 0.0643973 0.999837 0.128795 0.00032692 0.00136277
0 0 0.514642 0 0.215682 0.00135657
0 0.303864 0.998191 0.249431 0.00361767 0.00133958
0 0 0.459492 0 0.136601 0.00133604
0 0 0.0385405 0 0.0770811 0.00130747
0 0 0.510592 0 0.140743 0.00129296
0 0.024596 0.0936075 0.0491919 0.187215 0.00126381
0 0 0.434087 0 0.134639 0.0012623
0 1 0.269492 0 0.201307 0.00124648
0 0 0.464952 0 0.21463 0.00124404
0 1 0.349907 0 0.211635 0.001189
0 0.0806136 0.915062 0.161227 0.169876 0.00118151
0 0 0.561813 0 0.14484 0.00113687
0 0 0.588339 0 0.218801 0.00112769
0 0 0.9582 0 0.0835995 0.00112274
0 0 0.76244 0 0.2203 0.00110876
0 0 0.59946 0 0.145664 0.0011077
0 0 0.540699 0 0.224593 0.00110412
0 1 0.0335895 0 0.0671791 0.0010951
0 0.529787 0.963061 0.165565 0.0738773 0.00107824
0 0 0.836052 0 0.222149 0.00107368
0 0 0.637195 0 0.14644 0.00106706
0 0 0.491226 0 0.222948 0.00106483
0 0.988056 0.978062 0.0238884 0.0438755 0.00106433
0 0 0.738016 0 0.148607 0.00106126
0 0 0.674798 0 0.146818 0.00105983
0 0 0.66255 0 0.220362 0.0010534
0 0 0.712386 0 0.220612 0.00105227
0 0 0.885266 0 0.224983 0.00105216
0 0 0.0309456 0 0.0618912 0.00102646
0 0 0.907327 0 0.185346 0.00102071
0 0 0.411988 0 0.220889 0.00100986
0 0.638967 0.940596 0.186445 0.118807 0.940186
0 0.128537 0.728426 0.257073 0.25823 0.00107428
0 0.822719 0.858449 0.354562 0.265381 0.00106447
0 0.641379 0.940159 0.188117 0.119683 0.949305
0 1 0.94526 0 0.10948 0.00109708
0 0.218035 0.450653 0.390242 0.19818 0.00103432
0 0.638694 0.939881 0.18669 0.120019 0.939767
0 0.916322 0 0.167355 0 0.00208165
0 0.755458 0 0.179695 0 0.0015418
0 0.671352 0 0.180635 0 0.00153566
0 0.382043 0 0.168511 0 0.00130219
0 0.899161 0 0.186806 0 0.00127002
0 0.841756 0 0.169836 0 0.00125857
0 0.0788688 0 0.157738 0 0.00121595
0 0.702809 0 0.174512 0 0.0012124
0 0.810098 0 0.160741 0 0.00120619
0 0.154095 0 0.182637 0 0.00116383
0 0.345898 0 0.165125 0 0.00111051
0 0.637166 0 0.159615 0 0.00106351
0 0.610919 0 0.140016 0 0.00100715
0 0.638813 0.93992 0.183024 0.118753 0.876633
0 0.514171 0.0347658 0.0979748 0.0695315 0.012137
0 0.702405 0.953667 0.0888902 0.0893629 0.00123868
0 0.638603 0.94106 0.182279 0.117881 0.9605
0 0.514916 0.0348934 0.10014 0.0676626 0.234821
0 0.00160734 0.0672078 0.00321469 0.134416 0.00504871
0 1 0.0889532 0 0.177906 0.00212503
0 0.0744284 0.495784 0.137796 0.0722971 0.00167724
0 0.442224 0.89123 0.32211 0.209658 0.00118935
0 0 0.052195 0 0.10439 0.00113524
0 0.637048 0.940147 0.187382 0.119706 0.847218
0 0.358467 0.462063 0.198137 0.0972904 0.00335259
0 0.514771 0.0347431 0.103196 0.0694862 0.00143076
0 0.302331 0.480018 0.0901893 0.0602339 0.00133845
0 0 0.0296606 0 0.0593212 0.00131177
0 0.320331 0.478952 0.12462 0.0620221 0.00123739
0 0.324442 0.467268 0.12972 0.0891216 0.00108095
0 0.637626 0.940441 0.188881 0.119117 0.88469
0 0.515001 0.0369209 0.102228 0.0703205 0.217232
0 0.856732 0.888878 0.281668 0.207318 0.0015213
0 1 0.070257 0 0.140514 0.00134897
0 1 0.928729 0 0.142542 0.00127607
0 0.00340861 0.0702555 0.00681723 0.140511 0.00125953
0 0.830432 0.267747 0.339136 0.198638 0.00105437
0 0.63936 0.939921 0.188724 0.120158 0.85586
0 0.515435 0.0363034 0.100518 0.0693914 0.749802
0 0.315821 0.484511 0.117288 0.0705278 0.00199927
0 0.377235 0.554299 0.179033 0.116262 0.0010311
0 0.638233 0.93994 0.187187 0.12012 0.842905
0 0.515382 0.0348526 0.102776 0.0697052 0.00324206
0 0.639034 0.940656 0.186077 0.117397 0.927272
0 0.515818 0.0347151 0.106379 0.0694302 0.00197613
0 0.596836 0.951404 0.100411 0.0923763 0.00174063
0 0.638551 0.940603 0.186317 0.118793 0.956182
0 0.636308 0.940068 0.187264 0.119864 0.949848
0 0.515365 0.0358898 0.101524 0.0717796 0.612009
0 0.322458 0.479692 0.135419 0.0633678 0.00266424
0 0.638609 0.940552 0.186901 0.118896 0.921887
0 0.0787589 0.75903 0.157518 0.21987 0.00105255
0 0.638867 0.940123 0.183831 0.11948 0.934936
0 0.482054 1 0.228401 0 0.00283778
0 0.91466 1 0.17068 0 0.00240497
0 0.412681 1 0.214727 0 0.00182707
0 0.888357 1 0.223286 0 0.00151904
0 0.309357 1 0.211967 0 0.00144851
0 0.362572 1 0.212504 0 0.00109511
0 0.22451 1 0.206508 0 0.00107238
0 0.816816 1 0.189215 0 0.00103496
0 0.63875 0.939513 0.188776 0.120973 0.94268
0 0.515696 0.0354636 0.099264 0.0709273 0.0408133
0 0.638732 0.939137 0.189249 0.121726 0.928477
0 0.845164 0.874774 0.299713 0.187104 0.0332904
0 0.527352 0.0395855 0.0609654 0.0599815 0.00172991
0 0.638115 0.940153 0.1858 0.119695 0.94604
0 0.514904 0.0360197 0.0998746 0.0720393 0.00658948
0 1 0.0661006 0 0.132201 0.00140561
0 0.637697 0.939345 0.182457 0.121309 0.901186
0 0.516171 0.0356043 0.101748 0.0689273 0.101702
0 0.637407 0.939586 0.186961 0.120828 0.919625
0 0.514506 0.0349998 0.100374 0.0699996 0.125121
0 0.887536 0.835946 0.13809 0.0924486 0.0010349
0 0.638306 0.93889 0.187825 0.12222 0.896364
0 0.637856 0.939496 0.187671 0.121008 0.931185
0 0.514992 0.035312 0.0964017 0.0706241 0.00259253
0 0.638472 0.939316 0.184332 0.121367 0.921915
0 0.516263 0.0353911 0.100306 0.0707821 0.00256293
0 0.817789 0.90979 0.195694 0.115219 0.00152019
0 0.638099 0.940148 0.183512 0.119704 0.93561
0 0.515375 0.0355507 0.10338 0.0711014 0.00866085
0 0.658988 0.957395 0.126498 0.0840515 0.00110694
0 0.636933 0.94019 0.186879 0.119619 0.914167
0 0.516017 0.0348217 0.0998782 0.0696434 0.0073301
0 0.638734 0.939394 0.188263 0.121213 0.930166
0 0.512393 0.0347746 0.102329 0.0695491 0.00828519
0 0.638385 0.939629 0.186634 0.120742 0.923571
0 0.63799 0.939307 0.184 0.121386 0.958981
0 1 0.0526674 0 0.105335 0.00162123
0 0.637712 0.939036 0.184643 0.121928 0.940862
0 0.515142 0.0349547 0.102277 0.0699095 0.0165754
0 0.637418 0.940217 0.18546 0.119567 0.918226
0 0.636848 0.939398 0.18826 0.121203 0.900196
0 0.638059 0.939081 0.185055 0.121838 0.904446
0 0.638281 0.939502 0.186011 0.120996 0.924963
0 0.639093 0.939869 0.18485 0.118723 0.926419
0 0.638959 0.940048 0.187158 0.119696 0.928144
0 0.514927 0.0350383 0.101999 0.0700767 0.00211833
0 0.639994 0.939553 0.184209 0.120894 0.93926
0 0.638073 0.940183 0.185727 0.119635 0.935328
0 0.638097 0.940383 0.185398 0.119233 0.932837
0 0.00345681 0.108215 0.00691363 0.216431 0.00256479
0 0.638792 0.940379 0.186942 0.119242 0.939087
0 0.637645 0.940138 0.185966 0.119723 0.901874
0 0.638279 0.939932 0.185524 0.120137 0.917906
0 0.640113 0.940268 0.186602 0.119464 0.934061
0 0.639509 0.940189 0.185805 0.119622 0.922002
0 0.638468 0.940273 0.182731 0.119453 0.943607
0 0.639357 0.940265 0.186044 0.119471 0.925246
0 0.638397 0.939824 0.187648 0.120108 0.928159
0 0.637623 0.939675 0.189416 0.12065 0.936555
0 0.513803 0.0351902 0.10012 0.0703803 0.00147055
0 0.638129 0.93924 0.188001 0.120495 0.93139
0 0.522113 0.0367976 0.0771805 0.0605056 0.00165584
0 0.639309 0.940412 0.185192 0.119177 0.919653
0 0.520219 0.0327833 0.0800039 0.0489482 0.00224545
0 0.510241 0.034589 0.0916827 0.0680929 0.00132356
0 0.638992 0.940331 0.18518 0.119338 0.91747
0 0.638432 0.939277 0.186962 0.121447 0.928804
0 0.638121 0.939719 0.183261 0.119814 0.893302
0 0.63844 0.940269 0.185954 0.118743 0.923973
0 0.638997 0.939938 0.18643 0.120123 0.916948
0 0.638434 0.940134 0.188744 0.119733 0.924543
0 0.514069 0.0362248 0.0992538 0.0721962 0.00336421
0 0.63961 0.939963 0.18666 0.120074 0.928363
0 0.514541 0.0364191 0.100154 0.0721157 0.00559988
0 0.638358 0.940849 0.186631 0.118302 0.936405
0 0.637744 0.940644 0.187969 0.118712 0.926817
0 0.637925 0.940963 0.188121 0.118074 0.929047
0 0.638618 0.940002 0.186519 0.119996 0.922018
0 0.638019 0.939873 0.185277 0.120254 0.919162
0 0.637675 0.940192 0.184133 0.119616 0.935227
0 0.638755 0.940076 0.186074 0.119847 0.92728
0 0.638604 0.940217 0.186436 0.119566 0.929795
0 0.638611 0.940453 0.188185 0.119094 0.93471
0 0.637962 0.939933 0.185404 0.120134 0.930218
0 0.63939 0.939498 0.187343 0.121003 0.945092
0 0.638066 0.939765 0.186303 0.12047 0.945319
0 0.639223 0.939871 0.186424 0.120258 0.927605
0 0.638111 0.939971 0.187824 0.120058 0.920033
0 0.639334 0.939979 0.186667 0.120042 0.938093
0 0.637999 0.940084 0.18687 0.119831 0.940551
0 0.63808 0.94046 0.185694 0.11908 0.952488
0 0.638174 0.940106 0.185927 0.119789 0.952869
0 0.63795 0.939921 0.186663 0.120158 0.943538
0 0.638267 0.940305 0.187343 0.11939 0.94502
0 0.638864 0.940105 0.187199 0.11979 0.955101
0 0.00315862 0.104625 0.00631724 0.209251 0.00115208
0 0.638079 0.939803 0.186616 0.120394 0.953224
0 0.00377491 0.102946 0.00754981 0.205893 0.0015945
0 0.638203 0.93993 0.185707 0.12014 0.944111
0 0.638402 0.940005 0.185855 0.119989 0.943217
0 0.638366 0.940125 0.186177 0.119749 0.943059
0 0.638555 0.940084 0.187587 0.119833 0.94468
0 0.638679 0.940016 0.188434 0.119967 0.946124
0 0.638731 0.939934 0.187608 0.120131 0.946144
0 0.638616 0.939998 0.186521 0.120004 0.921949
