0 0.512485 0.82004 0.187099 0.137305 0.0277311
0 0.509524 0.876905 0.192393 0.24619 0.0150611
0 0.068186 0.475175 0.136372 0.950349 0.0144536
0 0 0.909559 0 0.180882 0.0142698
0 1 0.872181 0 0.255638 0.0140868
0 1 0.0644183 0 0.128837 0.0139254
0 0.998868 0.798707 0.00226478 0.402587 0.0137694
0 0.461392 0.817641 0.277893 0.133611 0.01374
0 0.0541613 0.575044 0.108323 0.849911 0.0136853
0 0.954909 0.601966 0.0901816 0.796069 0.0136421
0 0.0334609 0.810814 0.0669217 0.378372 0.0136287
0 0.547323 0.821244 0.253404 0.123871 0.0135106
0 0 0.106748 0 0.213495 0.0135076
0 0.555615 0.830299 0.265127 0.200693 0.013475
0 0.0505554 0.36659 0.101111 0.733181 0.0134083
0 0.00543926 0.197818 0.0108785 0.395636 0.0132644
0 1 0.0248877 0 0.0497753 0.0132538
0 0.966878 0.532878 0.0662446 0.934244 0.0132231
0 0.991578 0.654446 0.0168441 0.691109 0.0132199
0 0.895422 0.551431 0.209156 0.897138 0.013182
0 0.504001 0.768785 0.179492 0.230768 0.0131807
0 0.0683452 0.682814 0.13669 0.634372 0.013166
0 1 0.922024 0 0.155952 0.0131306
0 0 0.060088 0 0.120176 0.0130684
0 0.999918 0.159804 0.000163121 0.319609 0.0130649
0 0.0185747 0.319649 0.0371495 0.639299 0.0129534
0 0 0.027574 0 0.0551481 0.0129379
0 0.91313 0.787105 0.173741 0.425791 0.0129297
0 0.981096 0.4476 0.0378089 0.895201 0.0129272
0 0.0316798 0.900873 0.0633596 0.198254 0.0129202
0 0.56547 0.78817 0.304696 0.177768 0.0127912
0 0.924263 0.435229 0.151474 0.870458 0.0127574
0 0.454433 0.883387 0.319266 0.233226 0.0127438
0 0.901245 0.90898 0.197511 0.181286 0.0127331
0 0.998011 0.332039 0.0039789 0.664079 0.0127172
0 0.858595 0.763139 0.282811 0.473721 0.0126776
0 0.496255 0.877677 0.490358 0.244646 0.012665
0 0.107041 0.910284 0.214082 0.175289 0.01265
0 0.15192 0.122553 0.30384 0.245107 0.012648
0 0.109218 0.200837 0.218436 0.401674 0.0126146
0 0.112262 0.315603 0.224523 0.631206 0.0126071
0 0.749619 0.703008 0.123515 0.0963849 0.0126012
0 0.648545 0.841176 0.43326 0.256865 0.0125889
0 0.968173 0.38015 0.0636548 0.7603 0.012575
0 0.0904289 0.0991167 0.180858 0.198233 0.0125604
0 0.155924 0.90707 0.277043 0.18586 0.0125591
0 0.231086 0.077333 0.275187 0.142771 0.0125566
0 0.649464 0.837321 0.487843 0.325358 0.0125355
0 0.630868 0.748399 0.395272 0.174872 0.0125221
0 0.16231 0.075169 0.320671 0.140089 0.0125203
0 0.140689 0.395577 0.281378 0.76317 0.0125078
0 0.129314 0.723077 0.258627 0.532943 0.0125006
0 0.62894 0.328497 0.0678706 0.129057 0.0124994
0 0.0205162 0.701058 0.0410324 0.597883 0.0124759
0 0.113982 0.593737 0.227963 0.739011 0.0124627
0 0.794237 0.904249 0.411526 0.191502 0.012452
0 0.311669 0.874056 0.602269 0.242389 0.0124418
0 0.81247 0.729307 0.37506 0.541386 0.0124302
0 0.183005 0.909333 0.366011 0.181334 0.0124257
0 0.973458 0.131974 0.0530842 0.263948 0.0124116
0 0.880992 0.245007 0.238015 0.48173 0.0124035
0 0.44316 0.107503 0.50155 0.205196 0.012403
0 0.469921 0.747543 0.246623 0.25919 0.0123724
0 0.130517 0.108524 0.261034 0.204137 0.0123679
0 0.515209 0.774082 0.453493 0.229237 0.0123653
0 0.266763 0.90467 0.533526 0.19066 0.0123626
0 0.100457 0.138305 0.200913 0.26442 0.0123587
0 0.877575 0.14741 0.24485 0.285814 0.0123584
0 0.208553 0.901466 0.416949 0.197068 0.0123466
0 0.860245 0.901811 0.279509 0.186567 0.0123438
0 0.113202 0.186291 0.226404 0.363899 0.0123378
0 0.973521 0.0495014 0.0529583 0.0990029 0.0123336
0 0.137563 0.112647 0.268928 0.210857 0.0123319
0 0.190353 0.119561 0.306448 0.224237 0.0123279
0 0.150828 0.843439 0.301656 0.307209 0.0123263
0 0.297037 0.894451 0.433208 0.211098 0.0123181
0 0.393688 0.872692 0.495429 0.254617 0.012316
0 0.535034 0.109421 0.470108 0.208879 0.012305
0 0.881218 0.66422 0.237564 0.67156 0.0123043
0 0.614197 0.435565 0.111494 0.133934 0.0123019
0 0.45353 0.0233712 0.45743 0.0467423 0.0123019
0 0.136487 0.531487 0.272975 0.224306 0.0123013
0 0.846244 0.04638 0.307513 0.09276 0.0123005
0 0.345132 0.116281 0.462006 0.220434 0.0122987
0 0.852657 0.844317 0.294686 0.308533 0.0122987
0 0.681404 0.874748 0.480466 0.24726 0.0122925
0 0.942725 0.259988 0.114549 0.519976 0.0122882
0 0.142883 0.598436 0.285765 0.277612 0.0122867
0 0.200603 0.0406921 0.379788 0.0813841 0.0122865
0 0.864937 0.129539 0.221639 0.250647 0.0122858
0 0.789261 0.723067 0.212488 0.133582 0.012282
0 0.621358 0.0983994 0.310493 0.186894 0.0122764
0 0.740954 0.671612 0.185163 0.159793 0.0122651
0 0.318212 0.583372 0.179961 0.110368 0.0122622
0 0.292673 0.81877 0.585347 0.279754 0.0122583
0 0.526179 0.0312845 0.537899 0.062569 0.012258
0 0.443949 0.651053 0.322308 0.264433 0.0122557
0 0.186045 0.0360617 0.372091 0.0721234 0.012255
0 0.180467 0.573073 0.165962 0.136384 0.0122539
0 0.683731 0.441116 0.17046 0.133705 0.0122485
0 0.272437 0.0457916 0.467504 0.0915833 0.012248
0 0.157735 0.49349 0.315471 0.287415 0.0122479
0 0.165371 0.419099 0.330742 0.404135 0.0122444
0 0.486721 0.59427 0.22763 0.147144 0.0122442
0 0.24572 0.122646 0.257485 0.203415 0.0122437
0 0.116972 0.18814 0.226785 0.34057 0.012243
0 0.599958 0.389999 0.144678 0.202707 0.0122406
0 0.377508 0.0329868 0.513866 0.0659737 0.012237
0 0.532605 0.436352 0.169037 0.140779 0.0122324
0 0.149858 0.0521522 0.299715 0.104304 0.0122298
0 0.327029 0.900641 0.632077 0.198717 0.0122261
0 0.905527 0.615761 0.188947 0.644874 0.0122258
0 0.340509 0.0529435 0.528134 0.105887 0.0122232
0 0.177627 0.54587 0.168872 0.174394 0.0122198
0 0.583316 0.47325 0.211616 0.133184 0.0122175
0 0.826617 0.860192 0.346767 0.265206 0.012217
0 0.320457 0.767372 0.640914 0.422208 0.012217
0 0.636117 0.0345001 0.581113 0.0690003 0.0122092
0 0.201486 0.73018 0.402973 0.539641 0.0122087
0 0.448829 0.500887 0.319113 0.163643 0.0122056
0 0.54031 0.392364 0.204169 0.19768 0.0122053
0 0.356424 0.589506 0.258975 0.127775 0.0122032
0 0.590831 0.875659 0.572478 0.248683 0.0122017
0 0.505485 0.478588 0.230323 0.158572 0.0121997
0 0.587331 0.317283 0.137145 0.131195 0.0121978
0 0.611121 0.251789 0.141857 0.173964 0.012197
0 0.303392 0.176338 0.297955 0.135998 0.0121968
0 0.29931 0.558054 0.185809 0.153621 0.0121958
0 0.755612 0.899163 0.488776 0.201673 0.0121937
0 0.678339 0.889224 0.4937 0.221551 0.0121932
0 0.6743 0.355135 0.179435 0.184799 0.0121923
0 0.542562 0.342459 0.214777 0.162335 0.0121899
0 0.829369 0.0251616 0.341262 0.0503232 0.012181
0 0.699164 0.596527 0.189362 0.129216 0.0121776
0 0.7363 0.125 0.39431 0.241617 0.0121775
0 0.694223 0.470516 0.17458 0.119459 0.0121772
0 0.918936 0.329447 0.162128 0.658895 0.012176
0 0.368912 0.569713 0.312329 0.143053 0.0121715
0 0.714469 0.828366 0.571062 0.301634 0.012169
0 0.81071 0.751889 0.254654 0.188428 0.0121683
0 0.898712 0.341552 0.202575 0.66333 0.0121682
0 0.562233 0.5906 0.2742 0.132397 0.0121626
0 0.691551 0.538943 0.200982 0.133912 0.0121616
0 0.784669 0.893879 0.372294 0.212242 0.0121573
0 0.174735 0.446345 0.34947 0.30561 0.0121523
0 0.613957 0.158143 0.347435 0.249796 0.0121512
0 0.502785 0.555701 0.213268 0.122797 0.0121505
0 0.165967 0.343113 0.331934 0.544469 0.0121482
0 0.846977 0.803417 0.306045 0.378282 0.0121462
0 0.12803 0.254472 0.25606 0.500528 0.0121448
0 0.672684 0.399299 0.227407 0.196825 0.0121447
0 0.190745 0.16652 0.371842 0.302728 0.0121431
0 0.291855 0.372088 0.159456 0.1873 0.0121424
0 0.734662 0.611343 0.313101 0.16432 0.0121421
0 0.882032 0.421313 0.235937 0.529797 0.0121347
0 0.315455 0.387717 0.203025 0.220849 0.0121298
0 0.467139 0.442781 0.302277 0.168825 0.0121267
0 0.901658 0.525432 0.196685 0.442476 0.0121258
0 0.264746 0.174677 0.232449 0.117518 0.0121253
0 0.351394 0.688215 0.290527 0.246282 0.0121244
0 0.449573 0.561391 0.284904 0.13801 0.0121219
0 0.349005 0.361174 0.313751 0.218057 0.0121214
0 0.410953 0.513582 0.457281 0.237662 0.0121188
0 0.738889 0.479805 0.270329 0.135445 0.0121184
0 0.742472 0.444535 0.268415 0.147491 0.0121174
0 0.288441 0.500467 0.335074 0.254115 0.0121138
0 0.556877 0.551173 0.271061 0.132821 0.0121127
0 0.424886 0.173904 0.5091 0.187364 0.0121092
0 0.399659 0.765781 0.420617 0.227864 0.0121086
0 0.326453 0.454241 0.262484 0.275939 0.0121023
0 0.220015 0.704992 0.440031 0.346058 0.0120973
0 0.820203 0.692079 0.359594 0.246089 0.0120925
0 0.201421 0.243141 0.402841 0.427238 0.0120864
0 0.308911 0.252681 0.563148 0.278593 0.0120818
0 0.249034 0.78081 0.482678 0.367355 0.0120798
0 0.344465 0.751525 0.37101 0.250353 0.0120791
0 0.747208 0.540073 0.307874 0.147117 0.0120775
0 0.554006 0.719483 0.606055 0.284163 0.012066
0 0.751398 0.410883 0.318862 0.204277 0.01206
0 0.59769 0.12296 0.371716 0.229475 0.0120593
0 0.483654 0.153965 0.512429 0.237801 0.0120576
0 0.543556 0.236904 0.363952 0.159777 0.0120515
0 0.809072 0.599427 0.336475 0.175349 0.012051
0 0.325416 0.650381 0.328687 0.191638 0.01205
0 0.454296 0.402595 0.40644 0.222118 0.0120485
0 0.429332 0.784943 0.858664 0.346611 0.0120459
0 0.802285 0.436118 0.395431 0.26162 0.0120409
0 0.459539 0.343662 0.4369 0.20157 0.0120278
0 0.811792 0.496908 0.376416 0.194387 0.0120272
0 0.656028 0.264832 0.285322 0.246075 0.0120238
0 0.658087 0.119497 0.235032 0.204463 0.0120221
0 0.837856 0.141658 0.324289 0.238458 0.0120211
0 0.828558 0.540926 0.342884 0.169358 0.012005
0 0.156862 0.399837 0.313724 0.317064 0.0119977
0 0.417472 0.448474 0.429636 0.265599 0.0119941
0 0.682441 0.150353 0.239965 0.225249 0.0119932
0 0.464071 0.242603 0.560773 0.214817 0.0119928
0 0.764388 0.38465 0.400703 0.244811 0.0119904
0 0.307386 0.774092 0.614772 0.261475 0.0119755
0 0.170712 0.322693 0.341423 0.405516 0.0119734
0 0.411555 0.354039 0.516249 0.241332 0.0119517
0 0.857841 0.292548 0.284317 0.574699 0.0119505
0 0.800297 0.339753 0.399406 0.484583 0.0119397
0 0.764348 0.343908 0.444726 0.321061 0.0119359
0 0.751531 0.279354 0.496938 0.418005 0.0119283
0 0.633332 0.724037 0.119467 0.0508472 0.00335962
0 0.757031 0.73369 0.0783621 0.0431263 0.00328671
0 0.742371 0.742446 0.139262 0.0653115 0.00327084
0 0 0.929463 0 0.141074 0.003254
0 1 0.0618326 0 0.123665 0.00323121
0 1 0.0484554 0 0.0969108 0.00323116
0 0 0.877346 0 0.245309 0.00322871
0 0 0.0682009 0 0.136402 0.00322229
0 0.292603 0.586714 0.14478 0.109168 0.00322126
0 0.514949 0.791009 0.175716 0.148364 0.00321762
0 0 0.0706638 0 0.141328 0.00321423
0 0.619595 0.326112 0.0499881 0.144775 0.00320801
0 0.484485 0.0696818 0.216949 0.0278091 0.0032041
0 0 0.0490064 0 0.0980127 0.00320409
0 0.4344 0.703123 0.280995 0.092922 0.00320011
0 0.956423 0.112042 0.0871532 0.199436 0.00319872
0 0.479618 0.0753926 0.222527 0.0373264 0.00319666
0 0.761211 0.742618 0.0997868 0.0635965 0.00319607
0 0.608715 0.332299 0.0779297 0.130971 0.00319171
0 0.411069 0.0456196 0.437006 0.0815611 0.0031845
0 0.742815 0.147193 0.0741826 0.143974 0.00318324
0 0 0.966679 0 0.0666415 0.00318173
0 0.285774 0.358166 0.13147 0.120973 0.00318012
0 1 0.0404381 0 0.0808762 0.00317988
0 0.960254 0.499837 0.0794915 0.287916 0.00317791
0 0.666307 0.306562 0.119761 0.227215 0.00317556
0 0 0.949407 0 0.101185 0.00317548
0 0.0771527 0.0937748 0.128108 0.151483 0.00317449
0 0.856822 0.0428815 0.156953 0.072034 0.00317375
0 0.709985 0.59797 0.151585 0.0902153 0.00316371
0 0.182834 0.586386 0.0915016 0.121767 0.00316369
0 0.760953 0.711497 0.0900323 0.0809387 0.00316184
0 0.0642946 0.91958 0.123881 0.15109 0.00316033
0 0.781092 1 0.437817 0 0.00315953
0 0.638046 0.71204 0.150919 0.0848909 0.00315937
0 0.336024 0.699734 0.137286 0.0899392 0.00315925
0 0.706038 0.0483888 0.157042 0.0828544 0.00315887
0 0.959461 0.170252 0.0810782 0.340504 0.00315788
0 0.843171 0.580879 0.153067 0.138908 0.00315712
0 0.482575 0.0440637 0.267544 0.0777758 0.0031563
0 0 0.0413761 0 0.0827522 0.0031552
0 0.839974 0.601331 0.159809 0.0911386 0.00315503
0 0.752263 0.409345 0.0538854 0.171249 0.00315484
0 0.708878 0.579241 0.160269 0.144212 0.00315367
0 0 0.798174 0 0.261841 0.00315352
0 0.406824 0.463245 0.324452 0.140648 0.00315288
0 0.753282 0.447572 0.0521418 0.108927 0.00315196
0 0.582803 0.319177 0.161207 0.166299 0.00315152
0 0.42058 0.225008 0.3263 0.0757064 0.00315092
0 0.0939161 0.0664302 0.170021 0.122143 0.00314997
0 0.681357 0.738753 0.257906 0.073773 0.00314971
0 0 0.554336 0 0.248071 0.00314904
0 0.293288 0.700499 0.218081 0.0919542 0.00314805
0 0.885403 0.461186 0.0742158 0.12665 0.00314762
0 0.665395 0.586827 0.031237 0.11201 0.00314692
0 0.892459 0.451525 0.0568469 0.114161 0.00314688
0 0 0.505233 0 0.249434 0.00314686
0 0.959125 0.251287 0.0817509 0.375854 0.00314666
0 0.467581 0.218986 0.224382 0.0853696 0.00314623
0 0 0.35374 0 0.249014 0.00314606
0 0 0.734532 0 0.251415 0.00314576
0 0 0.681355 0 0.255666 0.00314551
0 0 0.45324 0 0.251812 0.00314443
0 0.20684 0.0603494 0.208328 0.107726 0.00314382
0 0 0.62975 0 0.250871 0.00314353
0 1 0.0430215 0 0.086043 0.00314309
0 0.736725 0.441795 0.0854824 0.135168 0.00314309
0 0.339162 1 0.63588 0 0.00314279
0 0 0.066239 0 0.132478 0.00314262
0 0.847149 0.140928 0.129903 0.155897 0.00314252
0 0 0.404967 0 0.24663 0.00314249
0 1 0.062895 0 0.12579 0.00314246
0 0.286694 0.558408 0.13252 0.0664476 0.00314192
0 1 0.843579 0 0.312842 0.0031415
0 0.0715567 0.862223 0.136147 0.258357 0.00314148
0 0.800378 0.998688 0.399245 0.00262365 0.00314104
0 0.705514 0.644164 0.186157 0.16786 0.00313859
0 1 0.90234 0 0.195319 0.00313831
0 0.706248 0.558123 0.172339 0.111866 0.00313825
0 0.663902 0.571628 0.0256051 0.150867 0.00313817
0 0.371838 0.0945384 0.422448 0.119346 0.0031378
0 0.318652 0.703515 0.105946 0.0862177 0.00313732
0 0 0.299855 0 0.260595 0.00313656
0 0 0.0611161 0 0.122232 0.00313557
0 0.576247 0.0492071 0.4237 0.0880428 0.00313544
0 0.45372 0.464428 0.235431 0.13749 0.00313528
0 0.24525 0.580379 0.0460838 0.122583 0.00313524
0 0.817791 0.146805 0.0795607 0.159493 0.0031349
0 0.595981 0.350956 0.125816 0.152276 0.00313448
0 0.248086 0.0600071 0.243363 0.106547 0.00313403
0 0.68449 1 0.617804 0 0.00313253
0 0.0730382 0.371138 0.135017 0.270556 0.0031325
0 0.417052 0.297899 0.317223 0.113977 0.00313185
0 0.801987 0.0460212 0.273852 0.0793659 0.00313171
0 0.712117 0.432754 0.142805 0.149161 0.00313159
0 0.733123 0.645347 0.533754 0.709306 0.016457
0 0.174591 0.718968 0.349182 0.562065 0.0163621
0 0.779151 0.568569 0.441698 0.841891 0.0162575
0 0.571152 0.668065 0.857697 0.66387 0.0161074
0 0.898108 0.419412 0.203783 0.838824 0.0159022
0 0.393714 0.578489 0.787427 0.574856 0.0158604
0 0.636515 0.714014 0.726969 0.571972 0.0157593
0 0.96163 0.371829 0.0767401 0.743657 0.0156805
0 0.333702 0.729776 0.667403 0.540449 0.0156067
0 0.5 0.746002 1 0.507996 0.0154574
0 0.74143 0.467818 0.517139 0.842539 0.0152289
0 0.5 0.12761 1 0.25522 0.0149938
0 0.413384 0.1688 0.826769 0.3376 0.0149408
0 0.395267 0.696148 0.790535 0.607705 0.0148426
0 0.275839 0.714058 0.551678 0.571884 0.0147126
0 0.141494 0.669495 0.282988 0.661009 0.0147063
0 0.386978 0.277419 0.773955 0.554838 0.0145391
0 0.103337 0.370517 0.206674 0.741035 0.0145368
0 0.10426 0.574858 0.20852 0.669871 0.0145346
0 0.726586 0.597438 0.546829 0.805124 0.0144943
0 0.250482 0.746908 0.500963 0.506185 0.0143285
0 0.961612 0.258589 0.0767756 0.517177 0.0141113
0 0.178727 0.19281 0.357455 0.385619 0.0140912
0 0.188229 0.218837 0.376458 0.437674 0.0140716
0 0.290023 0.192498 0.580046 0.384995 0.0140281
0 0.5 0.168801 1 0.337603 0.0138421
0 0.353711 0.179181 0.707423 0.358362 0.0137945
0 0.232789 0.693732 0.465578 0.612536 0.0137113
0 0.351105 0.245313 0.702209 0.490626 0.0136425
0 0.442426 0.721875 0.884852 0.556251 0.0136088
0 0.5 0.285974 1 0.571947 0.0134802
0 0.216438 0.388636 0.432877 0.777273 0.0134267
0 0.179472 0.362197 0.358944 0.724394 0.0133999
0 0.0826025 0.176883 0.165205 0.353767 0.0133725
0 0.437917 0.639698 0.875835 0.400783 0.0132844
0 0.75054 0.351369 0.49892 0.702738 0.0131754
0 0.0262667 0.163655 0.0525335 0.32731 0.0131353
0 0.862636 0.200664 0.274729 0.401329 0.0130388
0 0.118464 0.761929 0.236929 0.476141 0.0129957
0 0.00219399 0.131373 0.00438798 0.262747 0.012993
0 0.558541 0.771752 0.882918 0.456497 0.0128974
0 0.0834513 0.701499 0.166903 0.597002 0.0128219
0 0.089232 0.646349 0.178464 0.707302 0.0128163
0 0.999874 0.1057 0.000251973 0.2114 0.0127846
0 0.516122 0.106963 0.967756 0.213925 0.0127587
0 0.0733861 0.455382 0.146772 0.552036 0.0127506
0 1 0.0602655 0 0.120531 0.0127505
0 0.587048 0.558004 0.578509 0.67273 0.0126817
0 0.371259 0.411084 0.667665 0.345526 0.0126738
0 0.812626 0.330034 0.374748 0.660068 0.0126279
0 0.309754 0.4153 0.181703 0.254627 0.0126258
0 0.0990327 0.425018 0.198065 0.692881 0.0125528
0 0.480061 0.584195 0.579349 0.699537 0.0124993
0 0.924153 0.180805 0.151695 0.36161 0.0124897
0 0.176758 0.594761 0.353516 0.606711 0.01247
0 0.720809 0.557518 0.558382 0.63112 0.0124417
0 0.252546 0.641776 0.501017 0.70332 0.0124227
0 0.476491 0.636291 0.952983 0.564228 0.0123972
0 0.1631 0.457035 0.326201 0.578365 0.0123252
0 0.73534 0.563046 0.52932 0.616017 0.0123157
0 0.765415 0.399496 0.469169 0.487412 0.0123091
0 0.356206 0.616547 0.546593 0.712892 0.0122859
0 0.760436 0.74698 0.479127 0.50604 0.0122667
0 0.34672 0.371142 0.28623 0.216337 0.0122455
0 0.477499 0.32175 0.954998 0.643501 0.0122345
0 0.626226 0.404147 0.456826 0.421623 0.0122335
0 0.711857 0.397038 0.450928 0.402209 0.0122318
0 0.5 0.703775 1 0.592451 0.0122037
0 0.760142 0.0702639 0.479715 0.140528 0.0121938
0 0.310861 0.146654 0.621722 0.293308 0.0121555
0 0.846867 0.240637 0.306266 0.481275 0.01212
0 0.13278 0.144462 0.265559 0.288925 0.0120621
0 0.666239 0.606527 0.667522 0.60877 0.0120614
0 0.838907 0.253314 0.322187 0.506628 0.0120543
0 0.478071 0.824053 0.956142 0.351895 0.0120408
0 0.61735 0.72144 0.726189 0.509145 0.0120384
0 0.989881 0.153482 0.020238 0.306964 0.0120008
0 0.339492 0.346089 0.678983 0.692179 0.0119932
0 0.81361 0.543347 0.372779 0.79303 0.01193
0 0.51828 0.823299 0.96344 0.353402 0.0119034
0 0.395844 0.527803 0.791687 0.867067 0.0118934
0 0.417157 0.883162 0.834315 0.233677 0.0118777
0 0.406024 0.749239 0.812048 0.501521 0.0118569
0 0.284141 0.630812 0.256924 0.678987 0.0118456
0 0.954454 0.302166 0.0910928 0.455485 0.0118437
0 0.518092 0.588373 0.845013 0.611001 0.011812
0 0.718027 0.307646 0.563946 0.394297 0.0117654
0 0.598018 0.386492 0.568321 0.500974 0.0117521
0 0.50029 0.425697 0.494601 0.463554 0.0116914
0 0.959335 0.128404 0.0813306 0.256809 0.0116736
0 0.5 0.254813 1 0.509626 0.0116734
0 0.939848 0.372039 0.120304 0.46468 0.0116564
0 0.37037 0.922792 0.74074 0.154415 0.0116267
0 0.765663 0.709021 0.468675 0.581959 0.0116193
0 0.0241402 0.786706 0.0482805 0.426588 0.0116154
0 0.450018 0.372672 0.623649 0.533655 0.0116104
0 0.592399 0.276742 0.815201 0.337797 0.0116
0 0.867781 0.672117 0.264437 0.655766 0.0115719
0 0.390103 0.437685 0.369596 0.379736 0.0115566
0 0.5 0.255799 1 0.43808 0.0114913
0 0.215 0.881179 0.429999 0.237643 0.0114853
0 0.282854 0.422424 0.565708 0.775235 0.0114786
0 0.856499 0.451409 0.287001 0.552495 0.011472
0 0.144436 0.834042 0.288871 0.331915 0.0114269
0 0.244176 0.7928 0.488352 0.4144 0.0114089
0 1 0.912511 0 0.174977 0.0113795
0 0.899335 0.767997 0.201329 0.464005 0.0112966
0 0.22141 0.485861 0.44282 0.763482 0.0112512
0 0.257001 0.896265 0.514001 0.207471 0.0112399
0 0.295147 0.909423 0.590294 0.181155 0.0111452
0 0.680677 0.773249 0.638647 0.453503 0.0110153
0 0.489272 0.736578 0.978544 0.526845 0.0109563
0 0.935533 0.858117 0.128934 0.283765 0.0109283
0 0.702916 0.296736 0.594168 0.593472 0.0108013
0 0.5 0.741557 1 0.516887 0.0107767
0 0.398544 0.807588 0.797087 0.384823 0.0107603
0 0.5 0.774888 1 0.450225 0.0104756
0 0.590952 0.186965 0.818095 0.37393 0.0102988
0 0.983088 0.887373 0.033824 0.225255 0.00969374
0 0 0.0757206 0 0.151441 0.00604494
0 0.000615002 0.0465258 0.00123 0.0930515 0.00426396
0 0.510265 0.819834 0.171382 0.120902 0.00403418
0 0.121131 0.714359 0.242263 0.247402 0.00373423
0 0.994281 0.3157 0.0114381 0.215413 0.00364013
0 0.991319 0.364011 0.0173623 0.214976 0.00356551
0 0.996224 0.266511 0.00755243 0.209815 0.0035563
0 0.1166 0.667292 0.2332 0.245699 0.0035457
0 0.772239 0.892959 0.455523 0.214083 0.00351778
0 0.849726 0.896489 0.300547 0.206126 0.00351299
0 0.42332 0.581746 0.504458 0.151023 0.00350982
0 0.673284 0.688525 0.274761 0.154973 0.00350108
0 0.995205 0.216997 0.00958927 0.222445 0.00349867
0 0.959062 0.43393 0.0818764 0.41787 0.00348873
0 0.243795 0.170136 0.219932 0.092208 0.00348738
0 0.0138659 0.217669 0.0277319 0.30352 0.00348732
0 0.980867 0.47693 0.0382653 0.225773 0.00348592
0 0.118815 0.769229 0.237631 0.245897 0.00347807
0 0.196935 0.725142 0.376729 0.190138 0.00347685
0 0.302238 0.35095 0.153003 0.0889256 0.00347454
0 0.288839 0.169633 0.326465 0.0882965 0.00346337
0 0.595212 0.918717 0.523018 0.162566 0.00345325
0 0.235588 0.899655 0.391984 0.20069 0.00344823
0 0.700749 0.675108 0.281103 0.231352 0.00343829
0 0.855161 0.858225 0.289679 0.222121 0.00343256
0 0.359515 0.903654 0.406014 0.192693 0.00343066
0 0.199237 0.803446 0.390913 0.198428 0.00342271
0 0.872981 0.771203 0.254039 0.231402 0.00341928
0 0.0695207 0.213883 0.139041 0.226405 0.00341451
0 0.644419 0.664975 0.246274 0.0986454 0.00341381
0 0.0776228 0.172089 0.155246 0.206689 0.00340932
0 0.985507 0.407125 0.0289868 0.207923 0.00340421
0 0.120758 0.111532 0.241516 0.205834 0.00340113
0 0.980326 0.521412 0.0393485 0.223095 0.00338902
0 0.116689 0.821687 0.233377 0.236686 0.00338352
0 0.959197 0.291091 0.0816059 0.224386 0.00338202
0 0.28159 0.0905149 0.420843 0.18103 0.00338104
0 0.408719 0.615609 0.374985 0.173945 0.00336641
0 0 0.0256314 0 0.0512628 0.00336401
0 0.00915342 0.179926 0.0183068 0.224205 0.00336152
0 1 0.0322334 0 0.0644668 0.00335738
0 0.475387 0.921114 0.428157 0.157771 0.00335648
0 0.169307 0.0634164 0.338614 0.126833 0.00334667
0 0.990681 0.159695 0.0186371 0.236747 0.00334039
0 0.0996682 0.710152 0.199336 0.199796 0.00333675
0 0.0913618 0.139546 0.182724 0.200862 0.00333418
0 0.448122 0.895244 0.429946 0.209511 0.0033335
0 0.181289 0.776937 0.362578 0.217262 0.00333195
0 0.0991065 0.745896 0.198213 0.185349 0.00332975
0 0.232314 0.0834883 0.464627 0.166977 0.00332721
0 0.208199 0.17488 0.153721 0.0844248 0.003326
0 0.643001 0.930466 0.424083 0.139068 0.00331765
0 0.404316 0.644969 0.423419 0.253754 0.00331056
0 0.271255 0.664001 0.381805 0.188391 0.00330993
0 0.721946 0.678071 0.300425 0.183487 0.00330886
0 0.100472 0.795389 0.200945 0.206241 0.00330772
0 0.590428 0.0801502 0.583997 0.1603 0.00329845
0 0.834098 0.926012 0.331803 0.147976 0.00329765
0 0.873305 0.855885 0.25339 0.198658 0.00329621
0 0.0950539 0.618777 0.190108 0.246651 0.00329314
0 0.117554 0.885847 0.235109 0.215143 0.0032909
0 0.944116 0.487076 0.111768 0.466182 0.00328733
0 0.423567 0.591965 0.391188 0.127561 0.00328533
0 0.0366732 0.693021 0.0733463 0.293895 0.00327769
0 0.298846 0.366636 0.150752 0.125655 0.00327299
0 0.873996 0.827385 0.252007 0.206878 0.00326977
0 0.70049 0.668259 0.272609 0.117813 0.00326646
0 0.522879 0.620537 0.642001 0.258117 0.00326017
0 0.121604 0.0903629 0.243209 0.180726 0.00325816
0 0.495585 0.904902 0.551959 0.190195 0.00325423
0 0.255325 0.0584056 0.447517 0.10874 0.00325328
0 0.0141823 0.25822 0.0283646 0.261389 0.00324973
0 0.527548 0.838587 0.213736 0.161593 0.00324898
0 0.970944 0.440053 0.058113 0.249244 0.00324892
0 0.0295821 0.637754 0.0591643 0.279082 0.00324821
0 0.484712 0.157144 0.467456 0.177902 0.00324295
0 0.234103 0.751945 0.468206 0.189161 0.00324018
0 0.104234 0.113769 0.208467 0.227537 0.00323887
0 0.0470443 0.75198 0.0940885 0.310402 0.0032345
0 0.614648 0.0977825 0.350065 0.10773 0.00323105
0 0.0688091 0.460993 0.137618 0.363191 0.00322583
0 0.866676 0.150961 0.106224 0.0836488 0.00322473
0 0.390685 0.135498 0.568622 0.205559 0.00322388
0 0.19599 0.912301 0.391979 0.175398 0.00322365
0 0.957205 0.25463 0.0855907 0.390185 0.00322116
0 0.611928 0.660278 0.264885 0.168287 0.00321951
0 0.22763 0.689446 0.415933 0.202154 0.00321616
0 0.725454 0.0515048 0.549092 0.10301 0.00321474
0 0.820474 0.0468222 0.359053 0.0936445 0.00321175
0 0.017326 0.306975 0.034652 0.305967 0.00321135
0 0 0.0863758 0 0.172752 0.00321129
0 0.912324 0.519248 0.175352 0.451273 0.00320539
0 0.979915 0.572703 0.0401706 0.208918 0.00320223
0 0.0393186 0.118565 0.0786371 0.237131 0.00320208
0 0.512951 0.793399 0.167298 0.135467 0.00319934
0 0.0682437 0.281067 0.136487 0.247927 0.00319929
0 0.334094 0.138682 0.401768 0.144172 0.00319642
0 0.872271 0.726143 0.255459 0.224386 0.00319453
0 0.0236214 0.586416 0.0472427 0.268388 0.00318412
0 0.577962 0.0934538 0.551524 0.12583 0.00318396
0 0.0234683 0.460928 0.0469366 0.270328 0.00318364
0 0.0175151 0.378482 0.0350302 0.301657 0.00318352
0 0.709822 0.904723 0.482206 0.190553 0.00318232
0 0.69284 0.78901 0.411509 0.224444 0.003181
0 0.492223 0.598235 0.49354 0.295017 0.00318068
0 0.345308 0.645609 0.336088 0.202366 0.00317793
0 0.825287 0.156157 0.184677 0.0939121 0.00317785
0 0.524419 0.742064 0.291334 0.232465 0.0031742
0 0.0211894 0.512258 0.0423788 0.27203 0.00317342
0 0.243637 0.655415 0.487275 0.175912 0.00317198
0 0.463344 0.140572 0.52857 0.251234 0.003169
0 0.102906 0.841595 0.205813 0.191746 0.00316876
0 0.97809 0.702479 0.0438192 0.197767 0.00316809
0 0 0.092678 0 0.185356 0.00316673
0 0.269423 0.837396 0.410774 0.196047 0.00316537
0 0.615514 0.348751 0.0804503 0.111846 0.00316111
0 0.435373 0.181449 0.477404 0.125241 0.00315915
0 0.408655 0.614535 0.570193 0.155471 0.0031586
0 0.020332 0.811992 0.0406639 0.318963 0.00315788
0 0.21685 0.182995 0.188776 0.0836833 0.00315096
0 0.754744 0.920199 0.390621 0.159603 0.00314597
0 0.968149 0.668722 0.0637011 0.221274 0.00314012
0 0.278698 0.876218 0.408941 0.247564 0.00313973
0 0.265004 0.445479 0.315452 0.143383 0.0031397
0 0.860812 0.0397158 0.278376 0.0794315 0.00313968
0 0.59724 0.355152 0.0786543 0.10027 0.00313624
0 0.455939 0.669146 0.405393 0.242567 0.00313618
0 0.870844 0.679951 0.258312 0.248109 0.00312833
0 0.236265 0.933043 0.361179 0.133914 0.00312733
0 0.418237 0.571023 0.352196 0.150627 0.00312523
0 0.027271 0.0358194 0.054542 0.0716387 0.00312438
0 0.576888 0.928222 0.440831 0.143557 0.00312364
0 0.0312947 0.0934649 0.0625894 0.18693 0.00312069
0 0.246958 0.716895 0.493915 0.18288 0.00311981
0 0.701255 0.448854 0.157661 0.0940657 0.00311838
0 0.486588 0.764446 0.294038 0.299933 0.00311635
0 0.0230392 0.857893 0.0460784 0.284214 0.00311483
0 0.232717 0.772634 0.384567 0.205 0.00311424
0 1 0.0243651 0 0.0487302 0.00311199
0 0.97898 0.623195 0.0420395 0.206837 0.00311092
0 0.976643 0.85592 0.0467146 0.214568 0.00310849
0 0.233677 0.870942 0.39147 0.218388 0.00310801
0 0.277199 0.375415 0.109782 0.146382 0.00310761
0 0 0.868548 0 0.262904 0.00310559
0 0.338104 0.0641782 0.603767 0.128356 0.00310473
0 0.83276 0.864661 0.334481 0.212445 0.00310469
0 0.452271 0.943753 0.377388 0.112494 0.00310397
0 0.0682364 0.334095 0.136473 0.307113 0.00310332
0 0.013288 0.896997 0.026576 0.206006 0.00310216
0 0.722074 0.660571 0.370339 0.216837 0.00310143
0 0.0804267 0.559849 0.160853 0.27542 0.00310121
0 0.524929 0.867882 0.342417 0.210817 0.00310025
0 0.320993 0.925055 0.390998 0.149891 0.00309722
0 0.701274 0.844609 0.307507 0.173626 0.00309677
0 0.158025 0.619825 0.31605 0.243968 0.00309641
0 0.526236 0.0381591 0.60094 0.0763181 0.0030934
0 0.500935 0.832422 0.233601 0.203065 0.00309058
0 0.814308 0.0350972 0.371384 0.0701945 0.0030881
0 0.978187 0.751544 0.0436266 0.202638 0.00308783
0 0.538733 0.0872422 0.560894 0.174484 0.00308776
0 0.34827 0.650327 0.460445 0.221186 0.00308487
0 0 0.827085 0 0.312063 0.00308336
0 0.00308118 0.995855 0.00616236 0.00828991 0.00308294
0 0.0776135 0.517896 0.155227 0.375866 0.0030818
0 0.749473 0.0428337 0.501053 0.0856674 0.00308147
0 0.560916 0.945411 0.372008 0.109177 0.00308086
0 0.512772 0.352385 0.258951 0.122258 0.00308047
0 0.96485 0.867558 0.0703006 0.24814 0.00307979
0 0.103827 0.0824603 0.207654 0.164921 0.00307938
0 0.504055 0.655094 0.387294 0.212815 0.00307911
0 0 0.908434 0 0.183133 0.00307768
0 0.785499 0.675684 0.429003 0.249415 0.00307753
0 0.873615 0.893495 0.25277 0.190038 0.00307611
0 0.116616 0.923718 0.233231 0.152565 0.00307542
0 0.38844 0.924047 0.400765 0.151907 0.00307542
0 0 0.110804 0 0.221608 0.00307301
0 0.612943 0.45215 0.085656 0.103167 0.00307279
0 0.119265 0.0876176 0.238529 0.175235 0.00307255
0 0.469494 0.106968 0.647809 0.19296 0.00307099
0 0.946263 0.531928 0.107474 0.339774 0.00307019
0 0.52177 0.196073 0.437576 0.138758 0.00306909
0 0.928474 0.11305 0.143051 0.226099 0.0178797
0 0.929367 0.146715 0.141265 0.292996 0.0167037
0 0.934388 0.25145 0.131224 0.25404 0.0145463
0 0.250306 0.392289 0.443512 0.328803 0.0135926
0 0.456879 0.381904 0.419859 0.362181 0.0132849
0 0.234054 0.460059 0.325127 0.225637 0.0130815
0 0.765337 0.375641 0.469327 0.385896 0.0127518
0 0.388709 0.129478 0.36713 0.258956 0.0126491
0 0.860699 0.651127 0.278601 0.260345 0.0126462
0 0.732764 0.299729 0.534472 0.532872 0.0126084
0 0.140648 0.404705 0.281296 0.275751 0.0125427
0 0.929127 0.0725536 0.141746 0.145107 0.0125307
0 0.727342 0.382962 0.508418 0.365083 0.0125118
0 0.268228 0.309169 0.536456 0.459322 0.0125017
0 0.462309 0.100441 0.303555 0.200882 0.0124757
0 0.895482 0.492705 0.209036 0.319624 0.0124707
0 0.309303 0.306251 0.618606 0.530009 0.0124632
0 0.745423 0.0928576 0.376498 0.185715 0.012453
0 0.964714 0.178655 0.0705726 0.130293 0.0123709
0 0.136455 0.471285 0.27291 0.278861 0.0123134
0 0.0763724 0.393661 0.152745 0.271385 0.0122567
0 0.342982 0.394773 0.413803 0.343127 0.0122557
0 0.127567 0.275779 0.255134 0.370236 0.0122371
0 0.617467 0.324777 0.526496 0.45895 0.0122247
0 0.510737 0.326213 0.573365 0.430244 0.0121895
0 0.59571 0.79389 0.285582 0.0818863 0.0121855
0 0.112429 0.40971 0.224857 0.253646 0.0121711
0 0.94826 0.384485 0.103479 0.191785 0.0121246
0 0.541799 0.983223 0.342821 0.0335531 0.0120837
0 0.313033 0.455496 0.326567 0.241668 0.0120805
0 0.937114 0.420215 0.125772 0.222437 0.0120658
0 0.377029 0.328995 0.546097 0.520385 0.0120084
0 0.961838 0.122193 0.0763242 0.182323 0.0119835
0 0.823048 0.658369 0.353905 0.532988 0.0119399
0 0.0980398 0.433647 0.19608 0.292242 0.0119151
0 0.394339 0.983583 0.359572 0.0328331 0.011908
0 0.103557 0.327919 0.207114 0.350174 0.0118804
0 0.397702 0.440407 0.351431 0.239708 0.0118682
0 0.374925 0.10541 0.260844 0.21082 0.0118424
0 0.461185 0.44823 0.369244 0.248474 0.0118167
0 0.857033 0.546221 0.285934 0.39732 0.011812
0 0.47031 0.983427 0.350319 0.0331461 0.011792
0 0.759678 0.982376 0.347056 0.035248 0.0117892
0 0.85185 0.585464 0.296301 0.541066 0.0117687
0 0.901001 0.0763859 0.197999 0.152772 0.0117641
0 0.835855 0.667842 0.328289 0.42999 0.0117316
0 0.108167 0.48213 0.216334 0.290915 0.0117159
0 0.316073 0.983679 0.367234 0.0326418 0.011702
0 0.818334 0.983206 0.363331 0.0335886 0.011692
0 0.531626 0.104884 0.359726 0.209768 0.0116783
0 0.728158 0.178102 0.371135 0.266414 0.0116665
0 0.108076 0.140479 0.216151 0.280957 0.0116518
0 0.755929 0.460409 0.345026 0.242229 0.011604
0 0.747626 0.13817 0.322969 0.25004 0.0115992
0 0.518279 0.455897 0.35985 0.240159 0.0115934
0 0.421376 0.286625 0.468373 0.431359 0.0115861
0 0.829125 0.850248 0.341751 0.179263 0.0115486
0 0.949248 0.325145 0.101504 0.143057 0.0115371
0 0.789673 0.87911 0.334611 0.120304 0.0115181
0 0.858198 0.619575 0.283605 0.41837 0.0114948
0 0.704083 0.275267 0.48008 0.405373 0.0114866
0 0.59107 0.387861 0.370541 0.334482 0.0114823
0 0.804126 0.895602 0.323712 0.184903 0.0114451
0 0.838176 0.654808 0.323649 0.242065 0.0114447
0 0.350123 0.755967 0.372491 0.165193 0.0114249
0 0.733546 0.890993 0.28753 0.0940918 0.0113812
0 0.856136 0.819208 0.287728 0.361585 0.0113758
0 0.224766 0.11454 0.286316 0.22908 0.0113667
0 0.0683575 0.273289 0.136715 0.305947 0.0113458
0 0.141636 0.525401 0.283271 0.242788 0.0113376
0 0.13589 0.58604 0.271781 0.143368 0.0113308
0 0.134647 0.731678 0.269294 0.149916 0.0113076
0 0.750022 0.899332 0.285689 0.166898 0.0112852
0 0.8429 0.892237 0.3142 0.197519 0.0112805
0 0.23732 0.0838586 0.249848 0.167717 0.0112787
0 0.640795 0.0885264 0.305099 0.177053 0.011267
0 0.857244 0.724497 0.285513 0.291648 0.0112626
0 0.35047 0.865648 0.366334 0.167121 0.0112247
0 0.320198 0.19811 0.407138 0.359265 0.0112241
0 0.529024 0.886976 0.272948 0.0980068 0.0111879
0 0.831101 0.725352 0.337798 0.238494 0.0111521
0 0.853366 0.702631 0.293268 0.594737 0.011151
0 0.53024 0.78679 0.301006 0.108015 0.0111508
0 0.0361663 0.403435 0.0723325 0.263939 0.0111369
0 0.60049 0.860742 0.255016 0.0919811 0.0111361
0 0.892614 0.424705 0.214773 0.259145 0.0111162
0 0.242646 0.983636 0.371758 0.0327271 0.0110981
0 0.731364 0.534343 0.372082 0.279426 0.0110981
0 0.694674 0.982425 0.33915 0.03515 0.0110752
0 0.838301 0.373634 0.323398 0.340239 0.0110595
0 0.0981864 0.716947 0.196373 0.254685 0.0110593
0 0.443 0.498787 0.362676 0.241755 0.0110264
0 0.12288 0.113228 0.24576 0.226456 0.0110249
0 0.230034 0.516671 0.380835 0.248729 0.0110109
0 0.274597 0.754458 0.377447 0.162036 0.0109875
0 0.136612 0.76688 0.273225 0.159501 0.0109851
0 0.183194 0.983329 0.366388 0.0333424 0.0109815
0 0.456533 0.876682 0.301718 0.178246 0.0109798
0 0.444682 0.776753 0.327727 0.132443 0.0109216
0 0.818467 0.793496 0.363066 0.413008 0.010914
0 0.940432 0.0847401 0.119136 0.16948 0.0109109
0 0.16371 0.0615796 0.297463 0.123159 0.0108941
0 0.038384 0.361538 0.0767681 0.241105 0.0108936
0 0.509365 0.233889 0.380444 0.323833 0.0108908
0 0.84051 0.497506 0.318981 0.33272 0.0108861
0 0.587792 0.724638 0.289011 0.121053 0.010861
0 0.835673 0.451221 0.328654 0.224108 0.0108558
0 0.586934 0.462719 0.325564 0.226472 0.0108472
0 0.249916 0.234919 0.397716 0.383202 0.0108115
0 0.834768 0.619531 0.330464 0.310622 0.0108069
0 0.838966 0.66111 0.322069 0.624626 0.0107886
0 0.0982917 0.659942 0.196583 0.241948 0.0107757
0 0.315194 0.11102 0.336105 0.21993 0.0107713
0 0.80264 0.736375 0.39472 0.52725 0.0107643
0 0.033445 0.145569 0.0668901 0.291138 0.0107318
0 0.516539 0.71585 0.292603 0.140848 0.0107172
0 0.538019 0.856686 0.27837 0.148377 0.0107035
0 0.138555 0.633206 0.27711 0.150694 0.0106997
0 0.798916 0.770786 0.346638 0.13879 0.0106995
0 0.138617 0.684952 0.277235 0.147932 0.0106834
0 0.61705 0.982902 0.338597 0.0341967 0.0106783
0 0.0409464 0.700025 0.0818928 0.253026 0.0106672
0 0.0433337 0.754805 0.0866675 0.25584 0.0106528
0 0.672782 0.467936 0.310333 0.226158 0.0106421
0 0.105792 0.536976 0.211583 0.274581 0.0106335
0 0.0943972 0.218876 0.188794 0.328183 0.0106255
0 0.535809 0.88683 0.250949 0.184386 0.0106234
0 1 0.911264 0 0.177473 0.0106155
0 0.593912 0.269392 0.393394 0.315897 0.0106043
0 0.89939 0.374782 0.201221 0.19239 0.0105996
0 0.865989 0.464537 0.268022 0.297409 0.0105666
0 0.16019 0.113175 0.320379 0.22635 0.0105215
0 0.0699141 0.332322 0.139828 0.291831 0.0105169
0 0.136486 0.870395 0.272972 0.231698 0.0104959
0 0.0362586 0.505579 0.0725172 0.257402 0.0104854
0 0.830911 0.569802 0.338178 0.299909 0.0104806
0 0.0975114 0.612855 0.195023 0.23284 0.0104164
0 0.189085 0.270943 0.37817 0.433249 0.0104149
0 0.43795 0.70579 0.30906 0.156412 0.0103624
0 0.364234 0.700926 0.31205 0.159471 0.0103592
0 0.0409396 0.298801 0.0818793 0.259975 0.0103526
0 0.127456 0.867842 0.254911 0.150587 0.0103508
0 0.209442 0.773653 0.378934 0.125364 0.0103186
0 0.924739 0.41728 0.150523 0.25988 0.0103009
0 0.908171 0.913797 0.183659 0.172407 0.0102911
0 0.375584 0.506744 0.347574 0.266702 0.0102892
0 0.0957974 0.771248 0.191595 0.26346 0.0102856
0 0.907521 0.53331 0.184959 0.261364 0.0102797
0 0.0696306 0.16862 0.139261 0.328518 0.0102632
0 0.144946 0.466427 0.289893 0.205033 0.0102484
0 0.051008 0.231499 0.102016 0.301139 0.0102464
0 0.0354512 0.454769 0.0709025 0.264742 0.0102302
0 0.971729 0.229861 0.0565429 0.0886426 0.0102283
0 0.309019 0.0936284 0.249234 0.187257 0.0102229
0 0.448419 0.201441 0.403212 0.361193 0.0102129
0 0.659264 0.740811 0.289005 0.0885144 0.0102029
0 0.736836 0.796615 0.303504 0.0816746 0.0101777
0 0.984637 0.31332 0.0307253 0.120259 0.0101572
0 0.578112 0.0953126 0.303328 0.190625 0.0101195
0 0.999778 0.413929 0.00044453 0.147864 0.0100854
0 0.445551 0.888024 0.293843 0.104452 0.0100831
0 0.78588 0.592502 0.359071 0.23484 0.0100591
0 0.216592 0.649335 0.370786 0.0818196 0.0100534
0 0.999782 0.243209 0.000435348 0.0750329 0.0100127
0 0.865395 0.899258 0.26921 0.201484 0.0100032
0 0.0425298 0.812716 0.0850595 0.253306 0.0100026
0 0.45092 0.131017 0.363432 0.262034 0.0099908
0 0.606028 0.161957 0.358849 0.247412 0.00999042
0 0.939654 0.276979 0.120692 0.153955 0.0099801
0 0.218172 0.52973 0.37272 0.170575 0.00997138
0 0.996362 0.195997 0.00727588 0.0901717 0.00995984
0 0.0387476 0.649195 0.0774951 0.236469 0.00994932
0 0.271791 0.848676 0.356538 0.159633 0.00994326
0 0.153023 0.237883 0.306046 0.357064 0.00994185
0 0.0375458 0.556335 0.0750915 0.253444 0.00991238
0 0.792121 0.730844 0.328819 0.12393 0.0099061
0 0.288794 0.697126 0.334138 0.161546 0.00987845
0 0.0178543 0.181477 0.0357086 0.31392 0.00986941
0 0.356267 0.886852 0.326884 0.107636 0.00986431
0 0.923713 0.461152 0.152575 0.199567 0.00986329
0 0.158805 0.890691 0.317609 0.195934 0.00986287
0 0.6569 0.520955 0.364487 0.257992 0.00986021
0 0.978803 0.270309 0.0423945 0.0969301 0.00985232
0 1 0.279292 0 0.0950124 0.00984941
0 0.245851 0.29612 0.491702 0.581454 0.00981978
0 0.70556 0.306098 0.588881 0.474981 0.0098105
0 0.716373 0.603461 0.369354 0.210836 0.00980421
0 0.729281 0.746926 0.295588 0.0778849 0.00980122
0 0.21463 0.673986 0.361679 0.126248 0.00979158
0 1 0.369828 0 0.121003 0.00979015
0 0.211005 0.707348 0.376508 0.145895 0.00977303
0 0.146703 0.156085 0.293406 0.195077 0.00977144
0 0.0374901 0.607304 0.0749802 0.24148 0.00975863
0 0.591493 0.891083 0.259033 0.0854706 0.00969819
0 0.985153 0.469086 0.0296939 0.20138 0.00969222
0 1 0.329171 0 0.105091 0.00966597
0 0.500131 0.676942 0.309485 0.12848 0.00965864
0 0.936037 0.339153 0.127927 0.159674 0.00962894
0 0.865415 0.959998 0.26917 0.0800034 0.00960109
0 0.647584 0.59974 0.351499 0.180232 0.00959702
0 0.205915 0.870224 0.339946 0.137693 0.00955928
0 0.790062 0.689949 0.323584 0.138332 0.00953306
0 0.794559 0.524086 0.366132 0.291798 0.0095184
0 0.896803 0.291079 0.206393 0.269466 0.00951372
0 0.272828 0.876873 0.334286 0.123643 0.00951104
0 0.690977 0.892267 0.258134 0.174249 0.00945952
0 0.215033 0.578035 0.365941 0.127168 0.00945861
0 0.207553 0.845863 0.358597 0.173393 0.00944947
0 0.365204 0.523564 0.347393 0.174663 0.00944862
0 0.366565 0.587674 0.340162 0.145981 0.00942422
0 0.0966904 0.833476 0.193381 0.267978 0.00941279
0 0.669604 0.798014 0.280754 0.0758808 0.00939863
0 0.219603 0.888509 0.319074 0.193737 0.00939194
0 0.789184 0.634816 0.341731 0.192014 0.00938421
0 0.94016 0.248565 0.119681 0.192217 0.00934554
0 0.153493 0.869701 0.306987 0.145563 0.00930572
0 0.697808 0.136415 0.32051 0.270839 0.00930443
0 0.694425 0.11014 0.314386 0.22028 0.00928469
0 0.159036 0.726411 0.318072 0.119032 0.00926949
0 0.364901 0.683752 0.30169 0.112025 0.00925219
0 0.433402 0.68556 0.31327 0.110588 0.00923038
0 0.877073 0.873986 0.245853 0.252028 0.00922958
0 0.431727 0.545389 0.347281 0.153941 0.00922775
0 0.293785 0.674473 0.311494 0.125099 0.00922665
0 0.431472 0.602152 0.3343 0.130711 0.00921024
0 0.512371 0.167394 0.382032 0.269252 0.00917443
0 0.157294 0.585979 0.314587 0.109899 0.00915968
0 0.0396944 0.860925 0.0793889 0.248813 0.00915527
0 0.288247 0.523076 0.357329 0.176428 0.00913708
0 0.160241 0.64721 0.320482 0.0897946 0.00913019
0 0.964403 0.907861 0.0711945 0.184277 0.00905473
0 0.162774 0.774255 0.325549 0.132709 0.00905433
0 0.298071 0.511329 0.364521 0.267682 0.00903901
0 0.0738585 0.113192 0.147717 0.226384 0.00902843
0 0.579401 0.510646 0.368092 0.246891 0.00901624
0 0.160508 0.678823 0.321015 0.12721 0.00900665
0 0.0950576 0.877378 0.190115 0.245244 0.00897616
0 0.113076 0.981601 0.226153 0.0367977 0.00896954
0 0.378334 0.471269 0.323262 0.225647 0.00896327
0 0.0862869 0.878685 0.172574 0.163343 0.00895139
0 0.841394 0.98495 0.317212 0.0300993 0.0088995
0 0.503119 0.502148 0.358136 0.236724 0.00885184
0 0.576327 0.673785 0.310453 0.139318 0.00884984
0 0.648428 0.670832 0.298877 0.135476 0.00884838
0 0.498867 0.57283 0.348519 0.143256 0.00883721
0 0.689627 0.283268 0.325465 0.378753 0.00883449
0 0.71862 0.687994 0.299906 0.116219 0.00882672
0 0 0.193576 0 0.295618 0.00878304
0 0.299746 0.885691 0.297802 0.192476 0.00876509
0 0.29049 0.577209 0.35087 0.145975 0.00874801
0 0.162175 0.546518 0.324351 0.151646 0.00872857
0 0.495533 0.610859 0.329417 0.140766 0.00870012
0 0.389218 0.885416 0.275104 0.190468 0.00868975
0 0.363649 0.657989 0.328614 0.111992 0.00868414
0 0.679754 0.869132 0.249078 0.103442 0.00866826
0 0.29122 0.655926 0.33764 0.0809336 0.00866732
0 0.17091 0.517124 0.341821 0.218546 0.00860963
0 0.808672 0.472754 0.341159 0.292831 0.00858877
0 0.0961109 0.910597 0.192222 0.158181 0.00851979
0 0.709574 0.661322 0.318472 0.11895 0.0084782
0 0.0360667 0.89919 0.0721334 0.20162 0.00844005
0 0.297012 0.0872314 0.287873 0.174463 0.00843172
0 0.985291 0.878818 0.0294173 0.242364 0.00835451
0 0.0312382 0.0923393 0.0624764 0.184679 0.00834321
0 0.430859 0.649215 0.326159 0.159488 0.00832913
0 0.568126 0.615076 0.329997 0.179992 0.00827412
0 0.608164 0.888714 0.241859 0.178511 0.00826491
0 0.00481406 0.25129 0.00962813 0.27306 0.00823234
0 0 0.953061 0 0.0938778 0.00813631
0 0.037811 0.885778 0.0756219 0.157325 0.00812851
0 0.955802 0.0665288 0.0883967 0.133058 0.0080999
0 0.898521 0.115378 0.202959 0.230756 0.00808554
0 0.495495 0.643517 0.314965 0.170341 0.00806383
0 0.669909 0.890305 0.259908 0.0921936 0.00801931
0 0.659407 0.164183 0.334024 0.222672 0.00793425
0 0.821245 0.165348 0.35751 0.298466 0.00792481
0 0.039429 0.917787 0.078858 0.147766 0.0077475
0 0.0892319 0.0891644 0.178464 0.178329 0.00770151
0 0.002896 0.814948 0.00579199 0.254027 0.00765741
0 0.048153 0.976354 0.096306 0.0472923 0.00747465
0 0 0.116107 0 0.232214 0.00741425
0 0.849305 0.142533 0.301389 0.285066 0.00738179
0 0.00292142 0.322489 0.00584283 0.229913 0.00731499
0 0 0.0915958 0 0.183192 0.00725604
0 0.00138529 0.761575 0.00277058 0.243176 0.00721158
0 0.984644 0.106091 0.0307118 0.212181 0.00710578
0 0 0.880826 0 0.15499 0.00710434
0 0.556078 0.685821 0.468932 0.300002 0.00703037
0 0.874526 0.282998 0.250949 0.373681 0.00699407
0 0.8305 0.276972 0.339001 0.44926 0.00678233
0 0.00357208 0.378283 0.00714417 0.215923 0.00669894
0 0.989879 0.0582633 0.0202413 0.116527 0.00660726
0 0.030789 0.121494 0.0615781 0.100994 0.00652664
0 0.502247 0.71247 0.434463 0.302753 0.00644774
0 0.0811627 0.831971 0.162325 0.183809 0.00643154
0 0.0739613 0.188605 0.147923 0.240533 0.00637205
0 0.000355071 0.704781 0.000710141 0.231171 0.00635405
0 0.0755067 0.13046 0.151013 0.260921 0.00634305
0 0.0285001 0.088754 0.0570002 0.115296 0.00625169
0 0.0302763 0.147155 0.0605525 0.0819814 0.00619352
0 0.508414 0.817436 0.172268 0.126814 0.153654
0 1 0.0967032 0 0.193406 0.0722767
0 0.906896 0.0581355 0.186209 0.116271 0.0648993
0 0.0615646 0.0602732 0.123129 0.120546 0.0604351
0 1 0.0966536 0 0.193307 0.056127
0 0.542601 0.819353 0.107521 0.129431 0.0520155
0 0.880457 0.0479412 0.239087 0.0958824 0.0405664
0 1 0.08572 0 0.17144 0.036844
0 0 0.092752 0 0.185504 0.034864
0 0 0.091129 0 0.182258 0.0329841
0 0.956028 0.104709 0.0879438 0.209417 0.032158
0 0.0635391 0.0653091 0.127078 0.130618 0.03172
0 0.0960237 0.0478332 0.192047 0.0956664 0.0310329
0 0.110316 0.0333364 0.220632 0.0666727 0.0292054
0 0.987014 0.0903219 0.0259715 0.180644 0.0273157
0 0.0659128 0.0771059 0.131826 0.154212 0.0269776
0 0.88512 0.10582 0.22976 0.178461 0.0266364
0 0.18867 0.462047 0.308896 0.15063 0.0265523
0 0.893398 0.0827671 0.213204 0.165534 0.0253737
0 0.196958 0.911075 0.308937 0.155918 0.0242786
0 0 0.894477 0 0.211046 0.0241727
0 0.0678451 0.279908 0.13569 0.229614 0.0238064
0 0.0621074 0.239577 0.124215 0.164991 0.022912
0 0 0.0839952 0 0.16799 0.0215723
0 1 0.0797562 0 0.159512 0.0212158
0 0 0.0823802 0 0.16476 0.021087
0 0 0.0928131 0 0.185626 0.0209421
0 0.862162 0.0376871 0.275676 0.0753741 0.0207262
0 0.166365 0.59142 0.253127 0.107628 0.0200222
0 0.715299 0.377437 0.371773 0.196919 0.0199971
0 0.0613013 0.0871613 0.122603 0.13097 0.0190829
0 0.873603 0.942007 0.252795 0.115986 0.0188995
0 1 0.0773584 0 0.154717 0.0187562
0 0.0598407 0.283691 0.119681 0.169017 0.0183918
0 1 0.0730355 0 0.146071 0.0177642
0 0.0699664 0.791641 0.139933 0.178568 0.0175198
0 0.216121 0.842395 0.284955 0.117783 0.0172008
0 0.175381 0.569947 0.277297 0.12624 0.0171311
0 0.87991 0.132239 0.24018 0.163257 0.0170115
0 0.067648 0.74476 0.135296 0.178418 0.0170077
0 0.931874 0.0513952 0.136251 0.10279 0.0168842
0 0.0632131 0.320473 0.126426 0.210908 0.0167411
0 0.175306 0.540141 0.281322 0.127051 0.0167245
0 0.142699 0.0329631 0.285397 0.0659262 0.0164514
0 1 0.0898701 0 0.17974 0.016251
0 0.191081 0.436504 0.29722 0.213987 0.0160075
0 0.208084 0.468639 0.340166 0.205356 0.015876
0 0.0666492 0.115576 0.133298 0.125461 0.0158307
0 0.17608 0.509952 0.287057 0.123694 0.0156856
0 0.886689 0.926499 0.226622 0.147001 0.0155463
0 0.0686292 0.832084 0.137258 0.23271 0.0155424
0 0.151285 0.611911 0.212979 0.101216 0.0154333
0 0.0691799 0.235254 0.13836 0.208272 0.0151525
0 0.205528 0.884296 0.288735 0.149138 0.0150404
0 0.640277 0.0560096 0.336899 0.112019 0.0148899
0 0.693266 0.0476189 0.356638 0.0952377 0.0148665
0 0 0.892543 0 0.214915 0.0145495
0 0.204804 0.82436 0.280528 0.12079 0.0143867
0 0.0682756 0.78856 0.136551 0.246228 0.0142847
0 0.553714 0.053703 0.30359 0.107406 0.0138369
0 0 0.107656 0 0.215312 0.013715
0 0.0688314 0.19721 0.137663 0.1794 0.0137001
0 0.00160084 0.0746302 0.00320168 0.14926 0.0136899
0 0.0675369 0.739655 0.135074 0.242956 0.013649
0 0.068751 0.826463 0.137502 0.1414 0.0135625
0 1 0.118363 0 0.236726 0.0133476
0 0.83233 0.892374 0.262401 0.121776 0.0130967
0 0.770364 0.703883 0.189053 0.106376 0.0128513
0 0.505691 0.394845 0.399659 0.257639 0.0128278
0 0.736985 0.697684 0.164745 0.0936836 0.0128189
0 0.489133 0.0559726 0.305106 0.111945 0.0127612
0 0.892472 0.898493 0.215056 0.141211 0.0125778
0 0.0679289 0.152266 0.135858 0.148809 0.0125694
0 0.906961 0.0435139 0.186079 0.0870279 0.0124111
0 0.0633564 0.879955 0.126713 0.215155 0.0124107
0 0.819912 0.871357 0.24745 0.129223 0.0122034
0 0.185458 0.037374 0.336026 0.0747481 0.0121885
0 0.0687713 0.702586 0.137543 0.185697 0.0121792
0 0.275524 0.120645 0.279591 0.189897 0.0120774
0 0.0644342 0.636912 0.128868 0.230528 0.0120314
0 1 0.131002 0 0.262004 0.0118436
0 0.0678311 0.508721 0.135662 0.148191 0.0117886
0 0.162679 0.461966 0.325357 0.129908 0.0117128
0 0.0691159 0.642292 0.138232 0.164423 0.0117004
0 0.0581175 0.326985 0.116235 0.144404 0.011689
0 0.132494 0.0237338 0.264989 0.0474676 0.01165
0 0.310006 0.145303 0.269168 0.204362 0.0116234
0 0.257684 0.0365473 0.327101 0.0730946 0.0114467
0 0.309277 0.0523987 0.304411 0.104797 0.0114204
0 0.235461 0.377499 0.470922 0.386951 0.0113443
0 0.881556 0.966535 0.236888 0.0669297 0.0113016
0 0.72898 0.178361 0.393112 0.215694 0.0112512
0 0.674379 0.414265 0.422096 0.204546 0.0111895
0 0.238069 0.0890293 0.316095 0.173982 0.0111881
0 0.0684162 0.611992 0.136832 0.154297 0.0111769
0 0.883815 0.869599 0.232371 0.131003 0.0111641
0 0.823407 0.937322 0.304999 0.125356 0.011109
0 0.206351 0.862184 0.277122 0.124045 0.0110703
0 0.845718 0.847204 0.270067 0.135117 0.0109531
0 0.0664951 0.856084 0.13299 0.14375 0.0108377
0 0.0626388 0.476376 0.125278 0.211625 0.0108347
0 0.0609257 0.58174 0.121851 0.222401 0.010801
0 0.546519 0.660143 0.24223 0.0682619 0.0107703
0 0.0608521 0.528429 0.121704 0.214927 0.0107226
0 0 0.911657 0 0.176687 0.0107155
0 0.403135 0.0575636 0.283167 0.115127 0.0106749
0 0.067724 0.461397 0.135448 0.153701 0.0106703
0 0.936774 0.0664804 0.126452 0.132961 0.0106034
0 0.858737 0.153571 0.282526 0.162746 0.0106
0 0.381764 0.41842 0.304605 0.23256 0.0105496
0 0.0598747 0.372403 0.119749 0.212748 0.0104873
0 0.610537 0.257678 0.417189 0.257489 0.0104228
0 0.236521 0.365471 0.473042 0.251505 0.01038
0 0.065278 0.153703 0.130556 0.207085 0.0103581
0 0.0458534 0.926735 0.0917068 0.146531 0.0103322
0 0.060307 0.101216 0.120614 0.177916 0.0103135
0 0.607655 0.412066 0.78469 0.3362 0.0102262
0 0.756194 0.352123 0.315337 0.213854 0.0102019
0 1 0.103179 0 0.206359 0.0101784
0 0.412864 0.084693 0.277144 0.169386 0.0101683
0 0.954992 0.374137 0.0900159 0.296481 0.0101525
0 0.269119 0.165079 0.297157 0.242042 0.0101434
0 0.0634784 0.883614 0.126957 0.140829 0.0101265
0 0.0550083 0.902894 0.110017 0.194212 0.0101228
0 0.233378 0.0494146 0.295966 0.0988292 0.0101022
0 0.0664777 0.562463 0.132955 0.155121 0.0100959
0 0.378974 0.914918 0.435831 0.170164 0.0100014
0 0 0.274273 0 0.30328 0.00999932
0 0.0600494 0.35523 0.120099 0.152308 0.00998519
0 0.0644288 0.42617 0.128858 0.215621 0.00997116
0 0.950508 0.436038 0.0989835 0.38691 0.00986301
0 0.150454 0.644099 0.192214 0.112117 0.00977312
0 0.182319 0.940542 0.33389 0.118915 0.0094948
0 0.811707 0.866917 0.242739 0.179167 0.00944269
0 0.0673526 0.197549 0.134705 0.237831 0.00926936
0 0.714923 0.0369566 0.315426 0.0739131 0.00923296
0 0.950923 0.0606447 0.0981544 0.121289 0.0091998
0 0.311691 0.425008 0.404758 0.230714 0.00907875
0 0.00652838 0.0833955 0.0130568 0.166791 0.00905511
0 0.293789 0.339617 0.449079 0.203245 0.00904891
0 0.287463 0.908212 0.480548 0.183576 0.00902603
0 0.354719 0.0884148 0.33224 0.17683 0.00895895
0 0.74059 0.144469 0.367996 0.179789 0.0089198
0 0.981075 0.0927799 0.0378503 0.18556 0.00890799
0 0.80113 0.924689 0.262317 0.150622 0.00890094
0 0.54971 0.678475 0.253843 0.0685062 0.00887321
0 0.974834 0.380006 0.0503324 0.279898 0.00887092
0 0.365307 0.0480308 0.322416 0.0960616 0.00886325
0 0.85714 0.921566 0.285719 0.156868 0.00885932
0 0.760558 0.94078 0.277265 0.118439 0.00883217
0 0.0665145 0.414821 0.133029 0.162635 0.00879552
0 0.857721 0.185399 0.284558 0.179486 0.00869839
0 0.790226 0.161068 0.36956 0.176467 0.00867995
0 0.0621835 0.908636 0.124367 0.145925 0.00865845
0 0.563269 0.287117 0.434981 0.252533 0.00864589
0 0.00745571 0.918982 0.0149114 0.162036 0.00863788
0 0.0826088 0.258615 0.165218 0.220423 0.00857682
0 0.931652 0.0863722 0.136697 0.172744 0.00856641
0 1 0.153974 0 0.269304 0.00853334
0 0 0.818865 0 0.314094 0.00853215
0 0.479334 0.922088 0.369418 0.155824 0.00839767
0 0.553358 0.370305 0.320163 0.249595 0.00831266
0 0.543838 0.620208 0.22518 0.0934053 0.00830003
0 0.0639828 0.386545 0.127966 0.164283 0.00824229
0 0 0.932923 0 0.134154 0.0081858
0 1 0.402252 0 0.405854 0.00818129
0 0.505648 0.0341144 0.30339 0.0682289 0.00814155
0 0.864565 0.888914 0.27087 0.107722 0.00811636
0 0.135389 0.590822 0.270778 0.111171 0.00811034
0 0 0.131549 0 0.263098 0.00809984
0 0.877758 0.829013 0.244483 0.149611 0.00808395
0 0.85606 0.808359 0.281476 0.147654 0.00804093
0 0.689339 0.404297 0.621322 0.228646 0.00802279
0 0.986006 0.144216 0.0279879 0.288433 0.00786622
0 0.6538 0.0379308 0.315971 0.0758616 0.00786459
0 0.702303 0.343924 0.409049 0.245359 0.00784591
0 0 0.841208 0 0.313183 0.00784074
0 0.694941 0.0566622 0.455294 0.113324 0.00778519
0 1 0.497756 0 0.394178 0.00778032
0 0.65047 0.841891 0.17431 0.230521 0.00777275
0 0.912901 0.350642 0.174198 0.447019 0.00776945
0 0.795468 0.90233 0.248332 0.138585 0.00774656
0 0.136284 0.331824 0.272568 0.204057 0.00771905
0 0.410098 0.134458 0.289623 0.178138 0.00771489
0 1 0.319432 0 0.426599 0.00770886
0 1 0.0745785 0 0.149157 0.00768572
0 0.600586 0.943259 0.290622 0.113482 0.00768365
0 0.998309 0.245095 0.00338286 0.381862 0.00768078
0 0.390162 0.0331283 0.272403 0.0662566 0.00766919
0 0.254421 0.80881 0.508843 0.249935 0.00766811
0 0.432499 0.0459666 0.326107 0.0919331 0.00765162
0 0.210287 0.0270632 0.28841 0.0541265 0.00763263
0 0.831155 0.699366 0.221715 0.100432 0.00762787
0 0.553773 0.931852 0.361245 0.136296 0.00759219
0 0.93665 0.416627 0.126699 0.252923 0.00753623
0 0 0.292135 0 0.314614 0.00752581
0 0.248647 0.850451 0.455429 0.22216 0.00750596
0 0.945932 0.353454 0.108137 0.303108 0.00747477
0 0.160051 0.417621 0.320102 0.181473 0.0074527
0 0 0.166656 0 0.272228 0.0074313
0 0.754757 0.0405549 0.480853 0.0811097 0.00742365
0 1 0.595626 0 0.398991 0.00742286
0 0.529094 0.960769 0.28505 0.0784613 0.00741917
0 0.186476 0.797779 0.269867 0.125773 0.00741677
0 0 0.766906 0 0.314046 0.00738044
0 0.209578 0.204422 0.387416 0.201924 0.00737513
0 0.948913 0.400038 0.102175 0.273827 0.00736738
0 0.0630689 0.928569 0.126138 0.142862 0.00730153
0 0.323654 0.837926 0.647309 0.324147 0.0072934
0 1 0.508912 0 0.251915 0.00728227
0 0.577178 0.0396809 0.32514 0.0793618 0.00727434
0 0.285381 0.84262 0.278589 0.123404 0.0072728
0 1 0.120796 0 0.241308 0.0072338
0 0.67081 0.173947 0.377465 0.2351 0.00723211
0 0 0.744452 0 0.315459 0.00719608
0 0.850503 0.0294165 0.298993 0.058833 0.00718556
0 0.560206 0.589553 0.351376 0.119616 0.00718553
0 0.319061 0.0269925 0.271143 0.053985 0.00717877
0 0 0.616475 0 0.312564 0.00716185
0 1 0.0720205 0 0.144041 0.00714558
0 0 0.644067 0 0.312316 0.00714468
0 0.852311 0.776463 0.25588 0.189277 0.00712014
0 0.858207 0.22901 0.283585 0.200922 0.00709019
0 0.382982 0.112193 0.302547 0.18267 0.00708646
0 0.596229 0.33472 0.360632 0.23001 0.00707855
0 0.46917 0.440521 0.449468 0.241482 0.00704574
0 0.446434 0.108738 0.282164 0.180373 0.00703292
0 0.223335 0.127441 0.31382 0.205161 0.00702804
0 0 0.365451 0 0.317401 0.00700515
0 0.322391 0.95322 0.51283 0.0935608 0.00699989
0 0.803357 0.119223 0.306633 0.168272 0.00699071
0 0.85508 0.521913 0.289839 0.209253 0.0069837
0 0.357756 0.450916 0.4392 0.204775 0.00697894
0 0.310362 0.862566 0.294765 0.140543 0.00697528
0 0.13514 0.291473 0.27028 0.228797 0.00696215
0 0.820632 0.0456991 0.348568 0.0913982 0.00693443
0 0 0.691833 0 0.314548 0.00693376
0 0.750662 0.0495492 0.339692 0.0990983 0.00689591
0 0.988343 0.918145 0.0233141 0.16371 0.00689496
0 0.41382 0.967077 0.475661 0.0658453 0.00687155
0 0.717851 0.0964176 0.395458 0.192835 0.00687111
0 0 0.54178 0 0.313692 0.00686246
0 0.353958 0.323526 0.325178 0.260878 0.0068425
0 0.627973 0.928449 0.367351 0.143102 0.0068368
0 0.967902 0.112784 0.0641959 0.225568 0.00678317
0 1 0.710357 0 0.427995 0.00676795
0 0.295494 0.0352576 0.433193 0.0705152 0.00672379
0 0.382423 0.0293045 0.394096 0.058609 0.00672204
0 0 0.569619 0 0.312923 0.00671924
0 0.196974 0.495326 0.326173 0.156382 0.00670455
0 0.677757 0.460708 0.435584 0.217727 0.00667994
0 0 0.466183 0 0.314135 0.0066706
0 0.255828 0.858102 0.310906 0.134307 0.00666807
0 0.2418 0.90249 0.348415 0.19502 0.00663872
0 0.549022 0.855357 0.416122 0.251731 0.0066322
0 0.0424009 0.092509 0.0848018 0.185018 0.00653102
0 0.455053 0.0229707 0.388135 0.0459415 0.00650269
0 0.817367 0.23606 0.272853 0.166789 0.00646618
0 1 0.798793 0 0.402415 0.00645732
0 0.0173457 0.0614289 0.0346915 0.122858 0.00645589
0 0.952347 0.317474 0.0953053 0.262947 0.00644712
0 0.692067 0.14199 0.31836 0.222422 0.00643608
0 0.979274 0.425216 0.0414514 0.26703 0.0064104
0 0.158315 0.679955 0.198449 0.0985456 0.00638526
0 0.776152 0.036458 0.300806 0.072916 0.00638103
0 0.910227 0.911119 0.179546 0.177763 0.00636283
0 0.603876 0.0257595 0.37611 0.0515191 0.00635228
0 0.876406 0.205044 0.247189 0.216397 0.00634059
0 0.695368 0.696962 0.198094 0.0919678 0.00633121
0 0.134609 0.385308 0.269218 0.212971 0.00632555
0 0.533114 0.0206618 0.371945 0.0413237 0.00632179
0 0.95827 0.424296 0.083461 0.285029 0.00630324
0 0.472427 0.859457 0.413857 0.248742 0.00630166
0 0.667472 0.336968 0.665057 0.301466 0.00629675
0 0 0.494396 0 0.31391 0.00628647
0 0.381378 0.859503 0.458237 0.24064 0.00625916
0 0.703347 0.208891 0.418218 0.221506 0.00621496
0 0 0.228868 0 0.270081 0.00620872
0 0.643434 0.851596 0.391467 0.244088 0.00618942
0 0.221334 0.047838 0.442668 0.095676 0.00617938
0 0.603686 0.31828 0.792628 0.476689 0.0061397
0 0.0526546 0.716791 0.105309 0.246988 0.00610402
0 0.21797 0.795152 0.230563 0.145802 0.00608781
0 0.572484 0.813204 0.0782924 0.162871 0.00608349
0 0.194948 0.347751 0.389895 0.216908 0.00601819
0 0.494284 0.157498 0.309925 0.191401 0.00601108
0 0.0486375 0.225118 0.097275 0.23425 0.0059951
0 0.725168 0.379119 0.549663 0.190941 0.00599377
0 0.983517 0.420367 0.0329653 0.280805 0.00598629
0 0.957119 0.469833 0.0857628 0.26815 0.00597631
0 0.880598 0.628003 0.238804 0.158005 0.00594869
0 0.828666 0.0321915 0.342668 0.0643831 0.00593738
0 0.162278 0.698785 0.214454 0.119751 0.00593042
0 0.990895 0.849922 0.0182093 0.300156 0.0059076
0 1 0.282731 0 0.256543 0.00587544
0 0.026933 0.954437 0.053866 0.0911264 0.0058696
0 0.699393 0.338921 0.601215 0.210036 0.00585447
0 0.672259 0.0829318 0.357823 0.165864 0.00585001
0 0.722416 0.406888 0.352589 0.163763 0.00584564
0 1 0.212503 0 0.259895 0.00584417
0 0.507489 0.816203 0.171955 0.123368 0.978029
0 0.232399 0.686209 0.198915 0.120736 0.0119155
0 0.127055 0.309326 0.25411 0.294625 0.0110464
0 0.946398 0.349717 0.107203 0.279494 0.0108418
0 0.126519 0.212746 0.253039 0.280272 0.0107427
0 0.202452 0.301196 0.404904 0.286179 0.0106945
0 0.951686 0.43717 0.0966281 0.275545 0.0106486
0 0.201854 0.361269 0.403708 0.296927 0.0106302
0 0.953291 0.387692 0.0934185 0.269076 0.0106092
0 0.862445 0.757096 0.27511 0.273851 0.0106086
0 0.125967 0.362346 0.251934 0.300676 0.0106022
0 0.806347 0.397061 0.387306 0.287065 0.0105923
0 0.935807 0.500456 0.128386 0.305192 0.0105087
0 0.933014 0.297999 0.133972 0.271123 0.0104589
0 0.91743 0.75746 0.16514 0.268938 0.0104564
0 0.873643 0.463257 0.252714 0.329312 0.0103092
0 0.277049 0.300599 0.397099 0.270984 0.010301
0 0.160192 0.307964 0.320384 0.305661 0.0102903
0 0.891837 0.208935 0.216327 0.295139 0.0102488
0 0.864088 0.705713 0.271824 0.270229 0.0102278
0 0.0805187 0.209852 0.161037 0.283926 0.0102014
0 0.740827 0.36984 0.459007 0.333952 0.0101854
0 0.0882206 0.153643 0.176441 0.291378 0.0101812
0 0.0784023 0.261453 0.156805 0.28567 0.0101716
0 0.342073 0.129815 0.35802 0.259631 0.0101703
0 0.41825 0.12174 0.365183 0.24348 0.0101397
0 0.899063 0.407468 0.201874 0.305449 0.0101125
0 0.92138 0.702853 0.15724 0.270677 0.0101064
0 0.62988 0.647194 0.339794 0.215614 0.0100738
0 0.159901 0.365865 0.319802 0.319637 0.0100714
0 0.910756 0.253367 0.178489 0.280712 0.0100552
0 0.83597 0.511157 0.328061 0.32599 0.010054
0 0.945165 0.539685 0.109669 0.276451 0.010029
0 0.375147 0.346982 0.378608 0.265863 0.0100288
0 0.832833 0.644194 0.334333 0.233301 0.0100172
0 0.872453 0.368786 0.255094 0.32416 0.00999777
0 0.124623 0.411509 0.249245 0.293712 0.0099889
0 0.486008 0.653106 0.328237 0.210682 0.00998096
0 0.184702 0.259385 0.369404 0.286862 0.00995648
0 0.932573 0.637763 0.134854 0.250403 0.00995395
0 0.0309366 0.464076 0.0618732 0.289038 0.00992665
0 0.917515 0.804886 0.164969 0.246912 0.00992511
0 0.280281 0.355589 0.38758 0.27529 0.00988377
0 0.0746631 0.408428 0.149326 0.279174 0.00987102
0 0.0400004 0.16618 0.0800008 0.332359 0.00985818
0 0.0521489 0.661053 0.104298 0.260627 0.00983851
0 0.0556486 0.722335 0.111297 0.267618 0.00983379
0 0.325233 0.394018 0.375607 0.280577 0.00982314
0 0.377124 0.295811 0.39436 0.268531 0.00978785
0 0.252475 0.258455 0.397081 0.293328 0.00978405
0 0.378116 0.249886 0.418404 0.290882 0.00974089
0 0.711477 0.644165 0.350752 0.221415 0.00972839
0 0.937679 0.586131 0.124642 0.256577 0.00971408
0 0.865547 0.807242 0.268907 0.236375 0.00971381
0 0.768784 0.227418 0.462431 0.339306 0.0097091
0 0.882083 0.639583 0.235834 0.247995 0.00968623
0 0.13511 0.153916 0.27022 0.286328 0.00967764
0 0.0777155 0.35867 0.155431 0.283692 0.00967561
0 0.0144231 0.777595 0.0288463 0.30036 0.00967535
0 0.870851 0.142963 0.258298 0.280773 0.00967272
0 0.828502 0.759221 0.342996 0.268313 0.00965327
0 0.825645 0.706776 0.34871 0.247037 0.00959236
0 0.78284 0.496689 0.434321 0.29298 0.00959004
0 0.0332235 0.223992 0.0664471 0.331805 0.00958908
0 0.458163 0.382927 0.385088 0.316127 0.00956674
0 0.94351 0.244695 0.11298 0.244976 0.00954541
0 0.0490456 0.868239 0.0980912 0.263522 0.00954462
0 0.664213 0.375472 0.465436 0.312776 0.00953399
0 0.0309839 0.322372 0.0619678 0.317013 0.00952247
0 0.0168649 0.409813 0.0337299 0.298218 0.00951618
0 0.0558543 0.815722 0.111709 0.281147 0.00948425
0 0.8096 0.265035 0.3808 0.315604 0.00941403
0 0.173517 0.488002 0.347035 0.257854 0.00934991
0 0.0150395 0.670663 0.0300789 0.294234 0.00934693
0 0.15361 0.454323 0.307221 0.288939 0.00931814
0 0.220918 0.482013 0.403792 0.255694 0.00931804
0 0.416436 0.451686 0.403562 0.281026 0.00931173
0 0.115626 0.724261 0.231251 0.248696 0.00930782
0 0.934374 0.133234 0.131252 0.266468 0.00930628
0 0.113169 0.501148 0.226339 0.271958 0.00930343
0 0.0260522 0.512771 0.0521044 0.290788 0.00929599
0 0.279626 0.140101 0.4025 0.280201 0.00929455
0 0.0166458 0.616512 0.0332916 0.285478 0.00927024
0 0.189258 0.0735813 0.376646 0.147163 0.00923722
0 0.559974 0.650029 0.335317 0.214426 0.00923362
0 0.0998349 0.656083 0.19967 0.246336 0.00922869
0 0 0.0839041 0 0.167808 0.00922263
0 0.189967 0.138603 0.379934 0.259539 0.00921515
0 0.297357 0.439772 0.403137 0.275937 0.00919857
0 0.177647 0.539322 0.355294 0.273923 0.00918183
0 0.640848 0.5038 0.405104 0.255682 0.0091667
0 0.0988131 0.610344 0.197626 0.271306 0.00915909
0 0.0772483 0.0773031 0.154497 0.154606 0.00915378
0 0.41271 0.651852 0.339045 0.207896 0.0091493
0 0.578561 0.37945 0.405161 0.308652 0.00913348
0 0.0203709 0.564593 0.0407417 0.295049 0.00909702
0 0.735557 0.31218 0.461576 0.319664 0.00908914
0 0.10436 0.549717 0.20872 0.269236 0.00908567
0 0.920063 0.0913401 0.159874 0.18268 0.00908492
0 0.231807 0.551643 0.410072 0.283348 0.00906473
0 0.0434494 0.898748 0.0868988 0.202504 0.00905401
0 0.418762 0.506012 0.368138 0.244466 0.00904613
0 0.269781 0.682437 0.195218 0.124649 0.00901388
0 0.938301 0.196963 0.123398 0.262844 0.00900531
0 0.485208 0.515388 0.36894 0.260845 0.00897233
0 0.233477 0.637459 0.404923 0.221529 0.00896749
0 0.353626 0.633491 0.322792 0.223562 0.00895294
0 0.357133 0.538669 0.345233 0.244647 0.00894758
0 0.643046 0.269433 0.482963 0.342354 0.00890992
0 0.125991 0.131364 0.251983 0.262728 0.0089066
0 0.849173 0.311322 0.301654 0.307545 0.00890023
0 0.359803 0.493823 0.365723 0.245528 0.00889695
0 0.4848 0.267342 0.434078 0.317889 0.00889536
0 0.0983014 0.894728 0.196603 0.210544 0.00888175
0 0.715373 0.494698 0.446834 0.272733 0.00885941
0 0.777205 0.763393 0.375985 0.260158 0.00884496
0 0.812334 0.599496 0.375333 0.287522 0.00882256
0 0.841809 0.0728401 0.316381 0.14568 0.00881549
0 0.559153 0.740033 0.347221 0.205514 0.0088147
0 0.952647 0.913563 0.0947052 0.172874 0.00881412
0 0.778025 0.13563 0.443949 0.264135 0.00879146
0 0.13922 0.538079 0.278441 0.273603 0.00878566
0 0.659423 0.121116 0.420863 0.224745 0.00878551
0 0.572442 0.319723 0.414567 0.312687 0.00875976
0 0.574474 0.907355 0.366282 0.185289 0.00875557
0 0.246484 0.187828 0.405883 0.243918 0.00874944
0 0.834607 0.800848 0.330785 0.231818 0.00874619
0 0.122557 0.0812491 0.245113 0.162498 0.00874557
0 0.847777 0.859297 0.304447 0.281407 0.00873319
0 0.180569 0.703141 0.361139 0.179561 0.0087235
0 0.757045 0.264765 0.485911 0.322676 0.00870926
0 0.953286 0.273537 0.0934284 0.186175 0.00868937
0 0.553084 0.218316 0.491804 0.328889 0.0086673
0 0.59733 0.128011 0.424596 0.243834 0.00866353
0 0.99289 0.921265 0.0142204 0.157469 0.00866344
0 0.286494 0.0969852 0.395109 0.19397 0.00864296
0 0.158276 0.0819187 0.316552 0.163837 0.00863391
0 0.89608 0.861095 0.20784 0.277811 0.00862616
0 0.184777 0.200103 0.369555 0.249012 0.00860778
0 0.955663 0.319851 0.0886745 0.19618 0.00858873
0 0.170258 0.644983 0.340515 0.215663 0.0085865
0 0.458918 0.32765 0.403972 0.319379 0.00858015
0 0.421736 0.194114 0.440382 0.282158 0.00857343
0 0.125605 0.811108 0.25121 0.281952 0.00855403
0 0.79057 0.647462 0.383828 0.222967 0.00852777
0 0.522286 0.92456 0.359355 0.15088 0.00850739
0 0.132354 0.891762 0.264708 0.216475 0.00850472
0 0.147302 0.713819 0.294603 0.202858 0.00847872
0 0.568648 0.50871 0.385903 0.254287 0.00847691
0 0.656727 0.449266 0.459421 0.287321 0.00843246
0 0.310463 0.189141 0.413459 0.261295 0.00842129
0 0.879606 0.964671 0.240787 0.0706572 0.00841481
0 0.751018 0.0767863 0.370743 0.153573 0.00839307
0 0.13118 0.614379 0.262361 0.27215 0.00838574
0 0.0469869 0.960967 0.0939738 0.078066 0.00837337
0 0.249423 0.0689068 0.36235 0.137814 0.00836998
0 0.00865322 0.714699 0.0173064 0.291862 0.00836354
0 0.226116 0.688155 0.375208 0.170736 0.00834595
0 0.52136 0.137415 0.409279 0.254899 0.00832141
0 0.884564 0.0707529 0.230872 0.141506 0.00830483
0 0.712626 0.907875 0.366143 0.18425 0.00829087
0 0.638297 0.909522 0.364888 0.180956 0.00828296
0 0.731376 0.792789 0.385582 0.229695 0.00828286
0 0.163424 0.89161 0.326848 0.216781 0.00827838
0 0.0366247 0.0945208 0.0732495 0.189042 0.00826646
0 0.599728 0.0974615 0.403852 0.194923 0.00824457
0 0.272914 0.58703 0.106355 0.0991075 0.00824255
0 0.923309 0.962121 0.153383 0.0757578 0.00822031
0 0.785516 0.902716 0.378044 0.194569 0.00821065
0 0.894603 0.913152 0.210793 0.173695 0.00820833
0 0.439477 0.931236 0.342974 0.137529 0.00820523
0 0.951038 0.237719 0.0979247 0.177591 0.00819463
0 0.811056 0.0740355 0.377888 0.148071 0.0081752
0 0.0139867 0.269933 0.0279733 0.322473 0.00816896
0 0.758527 0.116592 0.481066 0.22114 0.00811998
0 0.0965079 0.961441 0.193016 0.0771181 0.00809937
0 0.420089 0.74242 0.33237 0.253273 0.00809868
0 0.215636 0.892129 0.38153 0.215742 0.00809485
0 0.694599 0.765188 0.328997 0.252915 0.00803377
0 0.481599 0.74867 0.315966 0.236241 0.00803043
0 0.837434 0.965449 0.325133 0.0691016 0.0080125
0 0.543544 0.874201 0.333251 0.251597 0.00799854
0 0.731605 0.10089 0.410783 0.20178 0.00799791
0 0.421363 0.0749012 0.367277 0.149802 0.00799728
0 0.610409 0.766657 0.34785 0.251516 0.00799139
0 0.218371 0.767922 0.370386 0.241891 0.00797981
0 0.995437 0.239456 0.00912611 0.162178 0.00797828
0 0.350728 0.0712579 0.363631 0.142516 0.00796043
0 0.512639 0.0939757 0.377281 0.187951 0.00796004
0 0.633638 0.722571 0.351686 0.17144 0.00795732
0 0.882209 0.101492 0.235582 0.202984 0.00790416
0 0.833236 0.898159 0.333529 0.203682 0.00789065
0 0.789684 0.964606 0.356906 0.070788 0.00788053
0 0.578269 0.457709 0.435555 0.291335 0.00787265
0 0.549161 0.613701 0.34168 0.264192 0.00785525
0 0.171381 0.766095 0.342762 0.271475 0.00785
0 0.18003 0.824013 0.360059 0.25883 0.00782674
0 0.957675 0.748116 0.0846501 0.219238 0.00778756
0 0.914794 0.897785 0.170413 0.204429 0.0077789
0 0.702856 0.87259 0.350572 0.254821 0.00777249
0 0.789946 0.542578 0.420108 0.274547 0.00776319
0 0.155405 0.964822 0.31081 0.0703562 0.00775973
0 0.432344 0.966632 0.351312 0.0667364 0.0077254
0 0.953569 0.574628 0.0928628 0.201829 0.00769199
0 0.998091 0.520539 0.00381794 0.201112 0.00768986
0 1 0.419265 0 0.19217 0.00768702
0 0.288502 0.925313 0.339606 0.149375 0.00767877
0 0.140695 0.765053 0.28139 0.276214 0.00767864
0 0.994582 0.47234 0.0108355 0.211667 0.00767093
0 0.99885 0.57296 0.00230084 0.182715 0.00765196
0 0.954836 0.689121 0.0903272 0.209538 0.0076234
0 0.999383 0.629777 0.00123488 0.174725 0.00759891
0 0.604314 0.0733232 0.37859 0.146646 0.0075894
0 0.339847 0.731335 0.304712 0.248015 0.00758671
0 0.35159 0.92876 0.319995 0.14248 0.00758344
0 0.94515 0.0717635 0.1097 0.143527 0.00756473
0 0.216843 0.964362 0.34797 0.0712765 0.00755406
0 0.347848 0.966076 0.324117 0.0678488 0.00755311
0 0.720007 0.540472 0.425607 0.267327 0.00755007
0 0.956284 0.797099 0.0874312 0.215739 0.00754128
0 0.952697 0.630433 0.0946057 0.196541 0.00753989
0 1 0.685971 0 0.182534 0.00753547
0 0.994628 0.114425 0.0107446 0.220975 0.00753306
0 0.440197 0.891009 0.37333 0.217982 0.00752471
0 0.15069 0.811858 0.301381 0.272002 0.00749413
0 1 0.743101 0 0.189678 0.00749244
0 0.125192 0.963828 0.250385 0.0723446 0.00748571
0 0.514334 0.966437 0.367013 0.0671263 0.00748365
0 0.950516 0.186746 0.0989677 0.204876 0.00748049
0 0.714753 0.965425 0.349331 0.0691505 0.00747822
0 0.940623 0.868391 0.118754 0.263218 0.00747496
0 0.77932 0.864886 0.398389 0.270227 0.00746942
0 0.98673 0.866255 0.026541 0.231285 0.00746628
0 1 0.37223 0 0.20441 0.00746531
0 0 0.951348 0 0.097303 0.0074578
0 0.827731 0.101927 0.344537 0.203854 0.00745641
0 1 0.31591 0 0.194532 0.00744971
0 0.642097 0.96634 0.345545 0.0673195 0.00744526
0 0.98708 0.0524515 0.0258408 0.104903 0.00743534
0 0.28577 0.965134 0.33579 0.0697319 0.007416
0 0.991975 0.189449 0.0160498 0.182042 0.00741472
0 0.00486597 0.857981 0.00973193 0.284038 0.00740417
0 0.801132 0.794992 0.397736 0.232055 0.0073807
0 0.612442 0.875145 0.350354 0.24971 0.00736735
0 0.686221 0.0734682 0.369214 0.146936 0.00736247
0 0.98816 0.967845 0.0236803 0.0643105 0.00735496
0 0 0.822032 0 0.277583 0.00735044
0 0.699765 0.598978 0.415714 0.306657 0.00733039
0 0.268633 0.767312 0.326793 0.210542 0.00732682
0 1 0.795416 0 0.193002 0.00730903
0 0.579286 0.966627 0.356425 0.0667461 0.00725223
0 0.00317833 0.910093 0.00635665 0.179814 0.00721435
0 0.0150986 0.956608 0.0301971 0.0867847 0.00715943
0 0.639674 0.790832 0.361703 0.194284 0.00714616
0 0.708949 0.723425 0.348715 0.186337 0.00702801
0 0.352327 0.900901 0.350343 0.198199 0.00702202
0 0.406376 0.795867 0.314583 0.186363 0.00697565
0 0.568466 0.795318 0.349174 0.140611 0.00689876
0 0.615299 0.605755 0.366089 0.292974 0.00686904
0 0.782876 0.717454 0.378124 0.216502 0.0067883
0 0.273637 0.822972 0.338879 0.251087 0.00676781
0 0 0.373945 0 0.306608 0.0060802
0 0.440829 0.79788 0.348924 0.151207 0.00607311
0 0.283413 0.643914 0.125199 0.199278 0.00601202
0 0.276593 0.879652 0.350231 0.240696 0.00599379
0 0 0.229932 0 0.318137 0.00595016
0 0 0.174763 0 0.328944 0.0059075
0 0.726786 0.696575 0.178313 0.106469 0.00532308
0 0.296586 0.672325 0.195837 0.142502 0.00503272
0 0 0.105943 0 0.211887 0.00499393
0 0.789054 0.808442 0.144529 0.192259 0.00473585
0 1 0.0930273 0 0.186055 0.0046007
0 0.809286 0.720291 0.128372 0.072702 0.0043162
0 1 0.0945261 0 0.189052 0.00408333
0 0.308697 0.644109 0.189408 0.197924 0.00404763
0 0.816033 0.807014 0.164265 0.188542 0.00385002
0 0.614616 0.294925 0.0355611 0.0549447 0.00382659
0 0.660795 0.826259 0.157294 0.140016 0.00371454
0 0.80549 0.754866 0.0800643 0.0829412 0.00366452
0 0 0.0613009 0 0.122602 0.00356829
0 0.672119 0.589931 0.131206 0.116791 0.00354989
0 1 0.299605 0 0.231671 0.00346567
0 0.507533 0.727877 0.160853 0.0568302 0.00343911
0 0.740809 0.698165 0.128419 0.103732 0.00343368
0 0.635369 0.593225 0.101856 0.110744 0.00342943
0 0 0.0358503 0 0.0717006 0.00342666
0 0.781839 0.699898 0.103773 0.100113 0.00339119
0 1 0.107156 0 0.214312 0.00336003
0 0 0.0589303 0 0.117861 0.00331409
0 0.800598 0.546124 0.207284 0.126254 0.00329739
0 0.307739 0.610683 0.179642 0.149773 0.00325702
0 0.522324 0.794932 0.145419 0.08888 0.00323003
0 0.675177 0.529188 0.134637 0.132835 0.00319219
0 0 0.94757 0 0.10486 0.00309844
0 0.684442 0.440763 0.1099 0.127153 0.00303232
0 0.959061 0.40596 0.0818772 0.250554 0.00301252
0 0.0312575 0.96193 0.062515 0.0761391 0.00300934
0 0.912983 0.060238 0.125874 0.120476 0.00299158
0 1 0.91982 0 0.160361 0.00297759
0 0 0.057862 0 0.115724 0.00297535
0 0.508083 0.817652 0.1723 0.131224 0.925141
0 1 0.909815 0 0.18037 0.00817319
0 0.141747 0.766813 0.283494 0.466374 0.00748927
0 0.174837 0.506894 0.349674 0.676023 0.00748238
0 1 0.101722 0 0.203445 0.00738921
0 0.142926 0.794296 0.285851 0.33648 0.00734452
0 0.852001 0.230345 0.295999 0.460691 0.00728478
0 1 0.109786 0 0.219572 0.00718479
0 0.490183 0.937111 0.28092 0.125779 0.00716561
0 0.161969 0.704125 0.323938 0.59175 0.00713198
0 0.389659 0.938248 0.277013 0.123504 0.00706761
0 0.209852 0.947647 0.317194 0.104706 0.00704902
0 0.874476 0.114847 0.251048 0.229694 0.00701997
0 0.122351 0.755382 0.244702 0.21695 0.00698337
0 1 0.153646 0 0.307293 0.00695858
0 0.154041 0.765167 0.308081 0.214875 0.00693187
0 0.292471 0.943147 0.315891 0.113707 0.00691278
0 0.145104 0.36244 0.290208 0.530582 0.00691158
0 0.840207 0.942103 0.309305 0.115794 0.00689835
0 0.164454 0.723446 0.328909 0.40177 0.00689231
0 0.642295 0.966775 0.310674 0.0664495 0.00687092
0 0.860933 0.87651 0.278133 0.246979 0.00685494
0 0.207525 0.965733 0.303614 0.0685333 0.00682768
0 0.152022 0.965732 0.304044 0.0685362 0.00679416
0 0.198705 0.470337 0.397411 0.406513 0.00678474
0 0.128927 0.838511 0.257853 0.322978 0.00677657
0 0.126284 0.907094 0.252568 0.185812 0.00677203
0 0.594917 0.93986 0.308416 0.12028 0.0067666
0 0.721071 0.965442 0.31954 0.069117 0.00675203
0 0.0912756 0.907247 0.182551 0.185506 0.00667496
0 0 0.101933 0 0.203867 0.00666514
0 0.830541 0.909894 0.310376 0.180212 0.00665451
0 0.121961 0.699721 0.243921 0.173556 0.00665141
0 1 0.193495 0 0.300174 0.00664652
0 0.72876 0.938944 0.321609 0.122112 0.00664371
0 0.470893 0.755422 0.285899 0.246225 0.00663109
0 0.0418496 0.901145 0.0836992 0.19771 0.00661507
0 0.153282 0.910685 0.306564 0.17863 0.00656818
0 0.12423 0.965128 0.24846 0.0697434 0.00656269
0 0.157404 0.942256 0.314809 0.115487 0.00654341
0 0.0339741 0.104932 0.0679483 0.209864 0.00653859
0 0.129516 0.818378 0.259031 0.187679 0.00653719
0 0.128731 0.801691 0.257461 0.396618 0.00652418
0 0.653892 0.94123 0.304203 0.117539 0.00652015
0 0.784651 0.966015 0.306655 0.0679699 0.00650533
0 0.121631 0.8636 0.243262 0.236116 0.00650205
0 0.501647 0.116799 0.509334 0.233597 0.00649129
0 0.904982 0.775369 0.190036 0.449261 0.00646449
0 0.634283 0.116171 0.502955 0.232341 0.00645957
0 1 0.243561 0 0.301371 0.0064432
0 0.129257 0.934068 0.258514 0.131864 0.00643489
0 0.177468 0.617833 0.354936 0.389134 0.00642589
0 0.578546 0.968472 0.319059 0.0630569 0.00642416
0 0.838823 0.113155 0.322354 0.226309 0.00642083
0 0.834414 0.746611 0.331173 0.506777 0.00641752
0 0.283865 0.966492 0.310626 0.0670164 0.00640266
0 0.449535 0.861487 0.330517 0.277025 0.0064024
0 0.35924 0.116556 0.501683 0.233112 0.00640048
0 0.165248 0.624853 0.330495 0.235327 0.00639316
0 0.14616 0.868717 0.29232 0.225239 0.00637384
0 0.29148 0.665373 0.262485 0.173055 0.00637278
0 0.0839981 0.934415 0.167996 0.13117 0.00636789
0 0.764301 0.117021 0.471398 0.234041 0.00634303
0 0.0760461 0.966947 0.152092 0.0661061 0.00633936
0 0.781551 0.913108 0.305099 0.173785 0.00633319
0 0.233849 0.117729 0.467698 0.235458 0.00630372
0 0.198676 0.911214 0.33104 0.177572 0.00629105
0 1 0.082146 0 0.164292 0.00626974
0 0.0247381 0.935746 0.0494763 0.128508 0.00626775
0 0.875584 0.968855 0.248831 0.062291 0.00626264
0 0.236077 0.624788 0.31924 0.242626 0.00623404
0 1 0.51837 0 0.302149 0.0062225
0 0.570703 0.907691 0.289539 0.184619 0.00620513
0 0.117301 0.29297 0.234601 0.484446 0.00619434
0 0.209484 0.776069 0.338727 0.206862 0.00618468
0 1 0.467997 0 0.30128 0.00617036
0 0.274708 0.869544 0.369881 0.229377 0.0061517
0 0.174267 0.683365 0.348533 0.174488 0.0061452
0 0.839882 0.967211 0.302267 0.0655775 0.00614224
0 0.52975 0.855163 0.298351 0.289673 0.00612794
0 0.841756 0.831153 0.316488 0.337694 0.00612307
0 0.82972 0.862234 0.326463 0.20243 0.00607267
0 0.222841 0.673311 0.358435 0.167927 0.00607224
0 0.0984373 0.702277 0.196875 0.216615 0.00606385
0 0.718951 0.910824 0.324358 0.178353 0.00604718
0 0.0278955 0.315208 0.055791 0.501565 0.00602524
0 0.962859 0.234316 0.0742819 0.468631 0.00600744
0 0.102779 0.753974 0.205557 0.24723 0.0060036
0 1 0.926816 0 0.146368 0.00600102
0 0.118327 0.661056 0.236654 0.188528 0.00599035
0 0.641168 0.911389 0.332376 0.177222 0.00598081
0 0.98248 0.177538 0.0350396 0.355075 0.00595352
0 0.99294 0.10102 0.0141201 0.202039 0.00594575
0 1 0.293181 0 0.302243 0.00594437
0 0.529781 0.867248 0.224858 0.265504 0.00593314
0 0.151398 0.115512 0.302795 0.231023 0.00593227
0 0.109659 0.620818 0.219318 0.220454 0.00592824
0 0.930245 0.969671 0.139511 0.0606575 0.00588784
0 0.188426 0.877942 0.320393 0.220724 0.00587853
0 0.112985 0.809064 0.225971 0.215876 0.00584701
0 0.828926 0.129856 0.342148 0.259713 0.00584522
0 0.104176 0.107577 0.208351 0.215155 0.00584286
0 1 0.146896 0 0.293792 0.00581269
0 0.101486 0.869133 0.202971 0.253171 0.00580548
0 0.43671 0.970312 0.32582 0.059375 0.00579776
0 0.204844 0.367065 0.409689 0.4267 0.00578505
0 1 0.871554 0 0.256893 0.00576464
0 0.515353 0.969885 0.329898 0.0602306 0.00575919
0 1 0.593347 0 0.303322 0.00573172
0 0.140595 0.259928 0.281191 0.374993 0.00573118
0 1 0.4179 0 0.301345 0.00570007
0 0.0344974 0.790274 0.0689948 0.419452 0.0056923
0 0.357092 0.968601 0.30804 0.0627979 0.00569042
0 0.0912421 0.657574 0.182484 0.220745 0.00568899
0 0.827788 0.766101 0.328809 0.219207 0.00568359
0 1 0.97149 0 0.0570202 0.00567136
0 0.0821201 0.313874 0.16424 0.556564 0.00566819
0 0.515429 0.779589 0.209315 0.222926 0.00566046
0 0 0.111622 0 0.223244 0.00563882
0 1 0.342863 0 0.302103 0.00559298
0 0.832302 0.809918 0.33281 0.188282 0.00556983
0 0.776789 0.858046 0.30646 0.194468 0.0055678
0 0.0834216 0.60958 0.166843 0.233955 0.0055529
0 0.519854 0.13718 0.595805 0.27436 0.00548998
0 0.339278 0.620421 0.313346 0.1994 0.005463
0 0.273509 0.808941 0.329495 0.173025 0.00545362
0 0.472428 0.804082 0.250767 0.162841 0.00544573
0 1 0.643661 0 0.304562 0.00539625
0 0.0622532 0.121995 0.124506 0.24399 0.00539458
0 0.350829 0.668861 0.30973 0.179039 0.00537187
0 0.0841539 0.557133 0.168308 0.22932 0.00536788
0 0.0222477 0.971689 0.0444954 0.0566212 0.00536218
0 0.548847 0.804758 0.252208 0.152477 0.00535707
0 0.0869305 0.226318 0.173861 0.452635 0.00533838
0 0.617904 0.873903 0.360656 0.223338 0.00532108
0 0.28073 0.907182 0.353 0.185637 0.00531637
0 0.00564479 0.137272 0.0112896 0.274544 0.00530377
0 0.38038 0.138482 0.592538 0.276963 0.00528506
0 0.712343 0.859778 0.327074 0.206886 0.00527764
0 0.199451 0.822442 0.332251 0.182776 0.00527482
0 0.224511 0.566688 0.329137 0.175441 0.00526307
0 0.877768 0.934433 0.244464 0.131135 0.00523973
0 0.0172189 0.19181 0.0344378 0.334516 0.00523581
0 0.11446 0.208738 0.228919 0.351281 0.00520137
0 0.417127 0.670433 0.317218 0.18157 0.00518166
0 0.061341 0.177518 0.122682 0.355035 0.00517699
0 1 0.912886 0 0.174227 0.00516537
0 0.716309 0.133757 0.567383 0.267514 0.00515503
0 0.428788 0.737361 0.319271 0.275214 0.00515043
0 0.0374105 0.140624 0.0748209 0.281247 0.00511231
0 0.90461 0.312038 0.19078 0.624076 0.00509451
0 0.778497 0.809917 0.303445 0.185071 0.00509301
0 0.274726 0.56704 0.292894 0.169234 0.00507524
0 0.401552 0.632373 0.318074 0.213876 0.0050535
0 0.846969 0.338109 0.306061 0.479768 0.00502652
0 0.0902434 0.506905 0.180487 0.240815 0.00501586
0 0.26807 0.138541 0.536139 0.277082 0.00500727
0 1 0.845571 0 0.308858 0.00499523
0 0 0.888257 0 0.223486 0.00499145
0 1 0.718745 0 0.304866 0.00494746
0 0.821513 0.311485 0.356975 0.345691 0.0049438
0 0.155791 0.569684 0.311581 0.183862 0.0049425
0 0.47205 0.674871 0.292909 0.181987 0.00491975
0 0.108895 0.566701 0.217791 0.200878 0.00491588
0 0.60849 0.780038 0.343656 0.196914 0.00487297
0 0 0.963446 0 0.0731089 0.00486725
0 0.82421 0.212842 0.35158 0.355514 0.00482128
0 0.708177 0.809617 0.315935 0.201173 0.00481987
0 0.767432 0.770964 0.302266 0.203697 0.00480183
0 0.0332409 0.407435 0.0664819 0.638279 0.00479472
0 1 0.792131 0 0.300875 0.00477727
0 0.791035 0.769345 0.41793 0.461309 0.00476263
0 0.833152 0.46137 0.333696 0.274117 0.00475438
0 0.831318 0.516869 0.337363 0.265019 0.00474911
0 0.826449 0.713896 0.347101 0.211647 0.00472481
0 0.826611 0.412724 0.346778 0.317864 0.00472389
0 0.0441416 0.683662 0.0882833 0.632675 0.00468069
0 0.544554 0.746966 0.29334 0.220376 0.00464473
0 0.407432 0.572356 0.318813 0.166203 0.00461067
0 0.10946 0.456381 0.21892 0.259725 0.00460224
0 0.951627 0.0850114 0.0967456 0.170023 0.00459361
0 0.111043 0.51214 0.222085 0.216493 0.00458006
0 0.212359 0.526733 0.339028 0.191805 0.00456385
0 0.205214 0.272657 0.410429 0.351617 0.00455144
0 0.471826 0.575243 0.316501 0.1778 0.00454792
0 0.4654 0.637862 0.311607 0.223594 0.00454655
0 0.247316 0.368389 0.474048 0.347096 0.00453051
0 0.891272 0.248277 0.217455 0.496554 0.00449726
0 0.173907 0.133971 0.347814 0.267942 0.00449429
0 0.314976 0.270666 0.478315 0.344612 0.00448185
0 0.271769 0.533169 0.307335 0.195505 0.00445621
0 0.180382 0.319426 0.360765 0.387491 0.00444577
0 0.494974 0.866351 0.215917 0.267298 0.00443815
0 0.108323 0.219027 0.216647 0.296371 0.00443407
0 0.122556 0.272915 0.245113 0.32918 0.00441937
0 0.834848 0.568473 0.330305 0.267271 0.00440228
0 0.217523 0.163764 0.435046 0.327528 0.00440203
0 0.831696 0.661354 0.336609 0.21007 0.00436715
0 0.595574 0.220317 0.486946 0.341922 0.00432808
0 0.883 0.530631 0.233999 0.726177 0.00432251
0 0.610728 0.727098 0.349267 0.193937 0.0043193
0 0.154847 0.519278 0.309694 0.197779 0.00431123
0 0.69852 0.775819 0.311372 0.195884 0.00430215
0 0.690436 0.315872 0.528093 0.365667 0.00425912
0 0.829336 0.615934 0.341329 0.260221 0.0042587
0 0.541567 0.36728 0.523459 0.360695 0.00425675
0 0.533276 0.269058 0.489999 0.350813 0.00425634
0 0.246222 0.219976 0.48155 0.326536 0.00424896
0 0.747378 0.220212 0.501745 0.3601 0.00424191
0 0.0979081 0.158843 0.195816 0.312271 0.00423961
0 0.539604 0.16511 0.496036 0.330221 0.0042324
0 0.383962 0.220286 0.484647 0.322058 0.00422469
0 0 0.918165 0 0.163669 0.00421569
0 0.405697 0.165606 0.512129 0.331213 0.00421148
0 0.264439 0.778894 0.299212 0.210363 0.00419757
0 0.342354 0.570133 0.311282 0.162812 0.00418239
0 0 0.97502 0 0.0499599 0.00417797
0 0.338635 0.532409 0.323129 0.201558 0.00416442
0 0.209973 0.465705 0.371037 0.216415 0.00416263
0 0.784613 0.170282 0.430773 0.340564 0.00414905
0 0.664206 0.415575 0.471938 0.338395 0.00414299
0 0.226538 0.415087 0.411854 0.285339 0.00413991
0 0.0444134 0.576875 0.0888268 0.711563 0.00412721
0 0.713786 0.519729 0.390421 0.275961 0.00411189
0 0.669727 0.167079 0.480622 0.32371 0.00408994
0 0.612814 0.145093 0.53013 0.290186 0.00407997
0 0.395975 0.317817 0.494655 0.352147 0.00407994
0 0.814906 0.677209 0.370187 0.645583 0.00406892
0 0.475441 0.522926 0.351021 0.235006 0.00406661
0 0.81557 0.530792 0.368859 0.747265 0.00406073
0 0.65029 0.466517 0.421731 0.2986 0.00405292
0 0.695186 0.716822 0.328143 0.198467 0.00403989
0 0.875647 0.659227 0.248705 0.681546 0.00403728
0 0.73046 0.148861 0.10743 0.110211 0.0040092
0 0.159252 0.365393 0.318503 0.356001 0.00398056
0 0.971831 0.809431 0.056339 0.381139 0.00397548
0 0.759105 0.717139 0.323184 0.203823 0.00396917
0 0.781655 0.265185 0.436691 0.361354 0.00395187
0 0.406513 0.526006 0.346441 0.220876 0.00393913
0 0.85206 0.440071 0.295879 0.490894 0.00392121
0 0.541243 0.67794 0.306831 0.181512 0.00391199
0 0.7255 0.465465 0.405423 0.28459 0.00389505
0 0.749719 0.36481 0.500562 0.356923 0.00387757
0 0.275212 0.469186 0.353963 0.221072 0.00387625
0 0.835006 0.777841 0.329989 0.444319 0.00384416
0 0.577235 0.466906 0.418394 0.291196 0.00382311
0 0.538488 0.576718 0.330591 0.206926 0.00380558
0 0.531485 0.637541 0.319256 0.230848 0.00378117
0 0.867519 0.696293 0.264963 0.466755 0.00377401
0 0.147921 0.216572 0.295842 0.319969 0.00373564
0 0.501615 0.465181 0.416808 0.286452 0.00371747
0 0.163418 0.46377 0.326835 0.222405 0.00371165
0 0.368346 0.415332 0.431504 0.312561 0.0037091
0 0.449564 0.415985 0.469459 0.342433 0.00370682
0 0.81148 0.28821 0.37704 0.576419 0.00369783
0 0.62971 0.521109 0.390567 0.276484 0.00369484
0 0 0.90814 0 0.18372 0.00365527
0 0.766506 0.622537 0.361608 0.264062 0.00363761
0 0.772539 0.573606 0.360974 0.277464 0.00360425
0 0.107164 0.586214 0.214328 0.728471 0.00357477
0 0.163382 0.160279 0.326764 0.320557 0.00356832
0 0.786735 0.416453 0.426529 0.313236 0.00356533
0 0.096606 0.40642 0.193212 0.676698 0.00353971
0 0.816574 0.381652 0.366851 0.743445 0.00352833
0 0.547404 0.522139 0.363945 0.251024 0.00352402
0 0.344278 0.471003 0.367751 0.242912 0.00352292
0 0.772899 0.666749 0.33653 0.195334 0.00350625
0 0.136557 0.1421 0.273114 0.284201 0.00349796
0 0.869697 0.547313 0.260607 0.481384 0.00348807
0 0.625474 0.573165 0.375691 0.261398 0.00339205
0 0.423669 0.468104 0.402121 0.269779 0.00333899
0 0.774822 0.644175 0.450355 0.701776 0.00331501
0 0.614754 0.629669 0.360009 0.260347 0.00330062
0 0.729835 0.26056 0.54033 0.283319 0.00328741
0 0.144047 0.407114 0.288095 0.320792 0.00328616
0 0.320987 0.191725 0.122416 0.0752608 0.00327643
0 0.336938 0.729555 0.320188 0.27155 0.00327447
0 0.626813 0.671758 0.341636 0.188793 0.00322244
0 0.432017 0.775189 0.286081 0.211753 0.00318021
0 1 0.946579 0 0.106843 0.0031142
0 0.0891769 0.773476 0.178354 0.453048 0.00311316
0 0.195644 0.178129 0.126987 0.0876543 0.00307964
0 0.740907 0.199553 0.518186 0.282327 0.00296707
0 0.803297 0.428323 0.235581 0.144541 0.00295873
0 0.714251 0.667069 0.334573 0.191214 0.00294064
0 0.796628 0.627827 0.254761 0.0876852 0.00292563
0 0.377021 0.784697 0.559563 0.308578 0.00288146
0 0.0300288 0.862711 0.0600575 0.274578 0.00284966
0 0 0.000275403 0 0.000550807 0.00282323
0 0.767976 0.374173 0.464049 0.232917 0.00270647
0 0.737188 0.719036 0.0895259 0.0639911 0.00269896
0 0.709954 0.678433 0.198392 0.155806 0.00254477
0 1 0.0731328 0 0.146266 0.00252958
0 0.00436765 0.97323 0.0087353 0.0535408 0.00252901
0 0.770035 0.439861 0.28336 0.136831 0.00252203
0 1 0.942867 0 0.114266 0.00243861
0 0.763599 0.721783 0.0864109 0.061397 0.00242933
0 0.80436 0.189565 0.311893 0.160733 0.00242255
0 0.757115 0.326093 0.48577 0.205599 0.00241662
0 0.333748 0.246355 0.477762 0.234447 0.00241167
0 0.508313 0.817111 0.174407 0.127166 0.981608
0 0.308701 0.694341 0.195512 0.10269 0.0253446
0 0.0663529 0.14932 0.131924 0.194788 0.0161154
0 0.0985449 0.690888 0.170409 0.10696 0.0118557
0 0.0877165 0.674205 0.161436 0.16429 0.00740446
0 0.512791 0.772792 0.194188 0.230382 0.00729405
0 0.145453 0.863575 0.289645 0.238989 0.00674817
0 0.0949837 0.705671 0.175081 0.169713 0.00671496
0 0.530794 0.546142 0.813801 0.473248 0.00670559
0 0.757756 0.81117 0.484488 0.377659 0.00665535
0 0.0726885 0.644035 0.132683 0.174232 0.00663852
0 0.671685 0.743693 0.515207 0.350849 0.00618846
0 0.555334 0.802729 0.260691 0.154987 0.00617828
0 0.673481 0.822684 0.507717 0.329696 0.00607088
0 0.115502 0.0869417 0.221119 0.137691 0.00604793
0 0.0791135 0.118735 0.154473 0.187851 0.00603275
0 0.814667 0.84758 0.370665 0.29038 0.00598865
0 0.0709043 0.607387 0.132039 0.149399 0.00597033
0 0.446705 0.509085 0.89341 0.585384 0.0056393
0 0.976586 0.100576 0.0468275 0.201151 0.00562772
0 0.820223 0.767903 0.359553 0.330319 0.00554159
0 0.665428 0.60183 0.669144 0.487876 0.00545324
0 0.636129 0.609032 0.727741 0.417904 0.00544168
0 0.738136 0.145606 0.523727 0.291212 0.00543728
0 0.552216 0.767007 0.264885 0.227828 0.00538761
0 0.685335 0.866432 0.480521 0.267137 0.00538465
0 0.130528 0.661591 0.261056 0.287356 0.0053782
0 0.327183 0.548264 0.594971 0.333294 0.00534534
0 0.883664 0.105694 0.232672 0.211389 0.00533178
0 0.570861 0.566225 0.858277 0.554353 0.00530228
0 0.129525 0.716293 0.259051 0.260528 0.00528937
0 0.294299 0.886462 0.333578 0.210894 0.00525947
0 0.327975 0.282176 0.65595 0.564352 0.00524916
0 0.556131 0.877033 0.266902 0.245933 0.00524673
0 0.460799 0.618462 0.474594 0.279346 0.00517804
0 0.131818 0.776998 0.263637 0.277151 0.00517572
0 0.482415 0.938391 0.275492 0.123219 0.00515888
0 0.781618 0.871192 0.395008 0.257617 0.00509889
0 0.282601 0.251531 0.565201 0.503063 0.00507366
0 0.690386 0.692519 0.540327 0.30598 0.00505522
0 0.129982 0.569261 0.259964 0.251766 0.00503571
0 0.222444 0.942756 0.301807 0.114489 0.00502395
0 0.0511351 0.0983259 0.10227 0.196652 0.00500521
0 0.795838 0.116605 0.408323 0.23321 0.00500302
0 0.323619 0.941536 0.256525 0.116928 0.00499149
0 0.30285 0.813667 0.302257 0.169403 0.00497661
0 0.450364 0.849297 0.328318 0.288935 0.00497568
0 0.614306 0.93734 0.313327 0.125319 0.00497541
0 0.107685 0.640735 0.21537 0.206834 0.00494351
0 0.40412 0.938364 0.258861 0.123272 0.00490003
0 0.511499 0.836972 0.30222 0.233569 0.0049
0 0.230814 0.848135 0.340916 0.207938 0.00486317
0 0.344518 0.375215 0.689035 0.597811 0.00486184
0 0.719352 0.925577 0.346104 0.148846 0.00484329
0 0.79315 0.613855 0.4137 0.302179 0.00484208
0 0.710746 0.210912 0.578508 0.421824 0.00481355
0 0.56583 0.315848 0.868341 0.53343 0.00480058
0 0.796193 0.179681 0.407613 0.359362 0.00474139
0 0.588089 0.714296 0.377957 0.29228 0.0047192
0 0.803603 0.922459 0.317231 0.155082 0.00470553
0 0.133075 0.96642 0.26615 0.0671593 0.00468315
0 0.539439 0.939521 0.262165 0.120959 0.00467172
0 0.755852 0.571115 0.488295 0.503646 0.00463314
0 0.126499 0.939803 0.252998 0.120395 0.00463239
0 0.513537 0.872353 0.261327 0.255293 0.00459906
0 0.527539 0.658497 0.3573 0.225681 0.00459889
0 0.282058 0.501679 0.564116 0.408052 0.00459387
0 0.137689 0.901709 0.275378 0.190631 0.00458658
0 0.687503 0.966644 0.386061 0.0667119 0.00456442
0 0.709384 0.309014 0.581231 0.586969 0.00454954
0 0.707619 0.420892 0.584762 0.566343 0.0045323
0 0.0292313 0.972386 0.0584626 0.0552283 0.00451779
0 0.376194 0.415726 0.752389 0.590705 0.00451723
0 0.957475 0.97638 0.0850501 0.0472396 0.00450294
0 0.645772 0.553142 0.708455 0.553715 0.00449731
0 0.787463 0.384365 0.425075 0.694027 0.00449666
0 0.145315 0.92795 0.286304 0.1441 0.0044911
0 0.840505 0.879857 0.316718 0.240286 0.0044609
0 0.997784 0.911133 0.00443288 0.177733 0.00445135
0 0.0943477 0.297795 0.188695 0.595589 0.00444411
0 0.68595 0.129168 0.6281 0.258337 0.00443463
0 0.655203 0.64129 0.559158 0.329935 0.00442134
0 0.433537 0.762212 0.295961 0.209805 0.0044159
0 0.11368 0.759561 0.221832 0.193022 0.00440454
0 0.839471 0.692963 0.321059 0.228125 0.00440046
0 0.822963 0.629345 0.354074 0.371176 0.00438203
0 0.460419 0.266224 0.920839 0.532448 0.00437036
0 0.254456 0.685557 0.312199 0.129667 0.00434822
0 0.47352 0.797364 0.248376 0.172994 0.00434557
0 0.00257392 0.906485 0.00514783 0.18703 0.00433856
0 0.854536 0.66428 0.290927 0.268291 0.00433075
0 0.153363 0.768929 0.296284 0.20235 0.0043302
0 0.8842 0.971383 0.231599 0.0572344 0.00432042
0 0.496338 0.365057 0.992676 0.539398 0.00431781
0 0.527926 0.472476 0.944148 0.566937 0.00431626
0 0.0951928 0.96873 0.190386 0.0625397 0.00431255
0 0.566784 0.23923 0.866433 0.478461 0.00431207
0 0.983269 0.130025 0.0334616 0.26005 0.00430842
0 0.13293 0.0918952 0.26586 0.18379 0.00429155
0 0.248343 0.51667 0.496686 0.43568 0.0042721
0 0.816226 0.678931 0.351097 0.169965 0.00423772
0 0.609085 0.130558 0.781829 0.261116 0.0042075
0 0.768065 0.268194 0.46387 0.536388 0.00419792
0 0.426968 0.880078 0.29366 0.239845 0.00418496
0 0.250551 0.771025 0.284742 0.216787 0.0041849
0 0.777991 0.964568 0.338773 0.0708637 0.00417105
0 0.154251 0.608321 0.308502 0.338074 0.00416151
0 0.35087 0.641518 0.30018 0.207558 0.00416112
0 1 0.867992 0 0.264016 0.00411349
0 0.998086 0.972595 0.00382793 0.0548103 0.00409984
0 0.213281 0.91793 0.315018 0.164139 0.00408473
0 0.795114 0.5386 0.409771 0.678855 0.00408247
0 0.528457 0.212334 0.943087 0.424668 0.00406385
0 0.307441 0.91451 0.290755 0.17098 0.00404439
0 0.0862265 0.738301 0.15785 0.190238 0.00400122
0 0.451535 0.71081 0.265142 0.136752 0.0039497
0 0.935849 0.80434 0.128302 0.39132 0.00393439
0 0.334808 0.21107 0.669617 0.422141 0.00392795
0 0.894321 0.917759 0.211358 0.164483 0.00392676
0 0.783195 0.640069 0.406552 0.250763 0.00392235
0 0.38973 0.304159 0.77946 0.578325 0.00386677
0 0.435522 0.13029 0.754504 0.260581 0.00386327
0 0.842585 0.96496 0.308916 0.0700797 0.00385131
0 0 0.966713 0 0.0665745 0.00383917
0 0.0350072 0.329939 0.0700144 0.310547 0.00383155
0 0.998825 0.112328 0.00235066 0.224656 0.00381089
0 0.874189 0.845334 0.251622 0.309332 0.00378003
0 0.165637 0.694309 0.317599 0.142796 0.00377796
0 0.0583938 0.148614 0.116788 0.297228 0.00375989
0 0.134541 0.158332 0.269083 0.316664 0.00375698
0 0.568355 0.188392 0.86329 0.376784 0.0037432
0 0.1569 0.645537 0.301437 0.202886 0.00374018
0 0.0221573 0.14079 0.0443147 0.281581 0.00373485
0 0.84972 0.787805 0.30056 0.424391 0.00372131
0 0.0665199 0.190809 0.13304 0.193965 0.00370996
0 0.207274 0.572578 0.414549 0.262166 0.00370806
0 0.715851 0.588184 0.568298 0.54168 0.00370336
0 0.304266 0.650333 0.237037 0.199609 0.00369846
0 0.50758 0.821148 0.209146 0.20089 0.00369032
0 0.723762 0.263777 0.552476 0.48321 0.00368686
0 0.804488 0.719254 0.391024 0.561493 0.00367275
0 0.112493 0.123329 0.224986 0.246658 0.00365878
0 0.0408264 0.379652 0.0816528 0.309978 0.00365306
0 0.175718 0.832138 0.351436 0.335723 0.00363339
0 0.0757363 0.624714 0.120839 0.0961796 0.00362811
0 0.765296 0.173953 0.469407 0.347905 0.0036235
0 0.589731 0.968238 0.353629 0.0635232 0.00361915
0 0.101855 0.840107 0.20371 0.319785 0.00361452
0 0.714857 0.487091 0.570287 0.536481 0.00360436
0 0.0247981 0.279989 0.0495962 0.307551 0.00356997
0 0.255077 0.162682 0.510154 0.325365 0.00354253
0 0.109701 0.12173 0.209694 0.184087 0.0035421
0 0.424963 0.671152 0.297934 0.170025 0.00353052
0 0.260875 0.645705 0.300798 0.206195 0.00352965
0 0.150417 0.143645 0.300835 0.28729 0.00350223
0 0.288223 0.120836 0.499335 0.241673 0.00349629
0 0.648342 0.160668 0.703315 0.321335 0.00348622
0 0.0333586 0.42886 0.0667172 0.307023 0.00348222
0 0.0275647 0.821599 0.0551293 0.356803 0.00346287
0 0.352323 0.473175 0.704647 0.537759 0.00345912
0 0.102603 0.395387 0.205206 0.705879 0.00345504
0 0.208039 0.212521 0.416077 0.425042 0.00343877
0 0.311188 0.592262 0.175187 0.100354 0.00339992
0 0.714637 0.691053 0.570726 0.545895 0.00338592
0 0.795663 0.641441 0.408675 0.698997 0.00336161
0 0.844021 0.938111 0.3053 0.123778 0.00335814
0 0.223291 0.247341 0.446581 0.494682 0.00335584
0 0.715826 0.386171 0.568349 0.5341 0.00333724
0 0.297044 0.774746 0.244309 0.226052 0.00333498
0 0.19666 0.109695 0.39332 0.21939 0.0033162
0 0.0531637 0.767559 0.106327 0.464881 0.00329829
0 0.0328468 0.188271 0.0656936 0.376542 0.00327998
0 0.0290967 0.938386 0.0581933 0.123228 0.00326294
0 0.424106 0.214602 0.848212 0.429204 0.00326064
0 0.224237 0.967862 0.339034 0.0642752 0.00323516
0 0.799042 0.231755 0.401916 0.463511 0.00317192
0 0.220591 0.637652 0.441183 0.581584 0.0031506
0 0.10391 0.545088 0.207821 0.706813 0.00314629
0 0.905358 0.146665 0.189283 0.29333 0.00314548
0 0.508495 0.968845 0.324876 0.0623101 0.00313019
0 0.0213968 0.230592 0.0427935 0.305588 0.0031215
0 0.712976 0.810417 0.574048 0.379167 0.0031123
0 0.0873386 0.830105 0.160375 0.236138 0.00310226
0 0.0761661 0.64957 0.120618 0.0979756 0.00310185
0 0.353263 0.667643 0.252447 0.164249 0.00309602
0 0.500522 0.161689 0.974927 0.323379 0.00308923
0 0.208167 0.757579 0.416335 0.484842 0.00306579
0 0 0.00653348 0 0.013067 0.0030567
0 0.00296469 0.0819914 0.00592939 0.163983 0.00305604
0 0.0701114 0.579016 0.131788 0.169844 0.0030526
0 0.0745413 0.214485 0.149083 0.428969 0.00304992
0 0.164376 0.784596 0.328751 0.430809 0.00304946
0 0.0710808 0.0604914 0.128517 0.101108 0.00304496
0 0.0300832 0.879028 0.0601664 0.241943 0.00304049
0 0.342725 0.735127 0.292125 0.17235 0.00300101
0 0.133466 0.064145 0.254606 0.113382 0.00298978
0 0.0750896 0.600171 0.120874 0.0970367 0.00298931
0 0.0926785 0.873502 0.185357 0.252995 0.00298546
0 0.336092 0.147528 0.672184 0.295057 0.00298019
0 0.158589 0.185853 0.317178 0.371705 0.00294143
0 0.496863 0.710472 0.156883 0.0986656 0.00292727
0 0.437498 0.968733 0.31863 0.0625341 0.00291926
0 1 0.12224 0 0.24448 0.00288135
0 0.304958 0.968178 0.31976 0.0636446 0.00287686
0 0.0749462 0.575056 0.120401 0.095915 0.00286454
0 0.121936 0.838547 0.225357 0.225353 0.0028296
0 0.609604 0.243035 0.561565 0.278555 0.00275069
0 0.478083 0.700691 0.185346 0.11183 0.00273894
0 0.425021 0.384865 0.374138 0.236706 0.00269816
0 0.0755985 0.674557 0.12083 0.0986286 0.00268148
0 0.879414 0.690867 0.241171 0.128371 0.00267522
0 0.0217083 0.481162 0.0434166 0.309058 0.00266518
0 0.0748774 0.698575 0.120572 0.0967678 0.00263364
0 0.804154 0.368476 0.311498 0.146621 0.0025926
0 0.0710229 0.595677 0.142046 0.241019 0.00252345
0 0.368048 0.96846 0.309256 0.0630796 0.00248309
0 0.993578 0.339688 0.0128447 0.303811 0.00244811
0 0.443985 0.363119 0.2816 0.149201 0.0024479
0 0.216276 0.49242 0.432552 0.592981 0.00243367
0 0.993602 0.414694 0.0127954 0.303696 0.00242187
0 0.169492 0.885184 0.238789 0.162716 0.00240193
0 0.150155 0.319499 0.30031 0.262387 0.0023818
0 0.648327 0.113775 0.267011 0.0822742 0.00237562
0 0.0161825 0.529835 0.032365 0.304045 0.00233568
0 0.161858 0.698383 0.323715 0.603233 0.0023298
0 0.62717 0.272549 0.62653 0.40672 0.00232594
0 0.0747721 0.774523 0.119779 0.0979831 0.00231302
0 0.245556 0.688921 0.125619 0.0915667 0.00230682
0 0.0400775 0.164412 0.0801549 0.288951 0.00230532
0 0.767476 0.733113 0.0968566 0.0353584 0.00229336
0 0.0706554 0.550358 0.141311 0.275172 0.00228794
0 0.816176 0.384215 0.367649 0.218399 0.00227782
0 0.0850463 0.809246 0.170093 0.381509 0.00227221
0 0.336586 0.689606 0.140731 0.103056 0.0022562
0 0.092573 0.759582 0.166756 0.106864 0.00224414
0 0.0281074 0.842054 0.0562147 0.271834 0.00223616
0 0.176899 0.766081 0.159925 0.0793039 0.00223013
0 0.196619 0.37668 0.393239 0.296717 0.00219867
0 0.216679 0.340557 0.433357 0.578818 0.00218737
0 0.0830324 0.646796 0.166065 0.238925 0.00218384
0 0.120393 0.760444 0.240786 0.0997866 0.00216078
0 0.993841 0.537671 0.0123175 0.298311 0.00215032
0 0.0707525 0.403427 0.141505 0.302828 0.00212004
0 0.394875 0.695114 0.343931 0.144827 0.00211432
0 0.811917 0.69753 0.376166 0.60494 0.00210416
0 0.846258 0.850699 0.307484 0.201232 0.0020917
0 0.0670729 0.166611 0.134146 0.253348 0.00206105
0 0.993907 0.265085 0.0121852 0.30202 0.0020546
0 0.0158775 0.799154 0.0317551 0.236675 0.00205391
0 0.20524 0.882604 0.182393 0.161473 0.00203002
0 0.0993419 0.306747 0.198684 0.230829 0.00202334
0 0.0788466 0.78805 0.143125 0.205204 0.00201652
0 0.859733 0.651384 0.280534 0.205042 0.00199046
0 0.592761 0.860756 0.420592 0.278487 0.00198334
0 0 0.916287 0 0.167425 0.00197561
0 0.0892924 0.707678 0.178585 0.222894 0.00197209
0 0.847325 0.912707 0.30535 0.174586 0.00195585
0 0.0702332 0.137844 0.12146 0.104058 0.00195361
0 0.0701332 0.476831 0.140266 0.292054 0.00194758
0 1 0.120015 0 0.24003 0.00194342
0 0.997463 0.073821 0.0050747 0.147642 0.00194111
0 0.779442 0.32111 0.441117 0.260365 0.00193526
0 0.119166 0.876777 0.227825 0.21185 0.00193051
0 0.509704 0.796566 0.164165 0.0850006 0.00192991
0 0.710887 0.821137 0.320931 0.211128 0.00192732
0 0.0698603 0.305097 0.139721 0.301176 0.0019246
0 0.999707 0.13962 0.000585775 0.278203 0.00191948
0 0.0746012 0.800283 0.118189 0.100279 0.00191057
0 0.343549 0.798747 0.373672 0.224974 0.00190685
0 0.0849061 0.81598 0.169812 0.245298 0.00189938
0 0.0743356 0.825815 0.118751 0.100016 0.0018953
0 0.346923 0.839738 0.225646 0.184987 0.00188656
0 0.384217 0.476239 0.419494 0.231649 0.0018735
0 0.0143498 0.595685 0.0286996 0.286449 0.00187079
0 0.074791 0.724574 0.121076 0.098565 0.00187071
0 0 0.9714 0 0.0571997 0.00186662
0 0.74529 0.841449 0.337815 0.193509 0.00186386
0 0.0750677 0.278773 0.150135 0.241658 0.00186142
0 0.432007 0.21829 0.370851 0.157799 0.00185884
0 0.08458 0.763308 0.16916 0.221908 0.00185667
0 0.216419 0.760778 0.114016 0.0773256 0.00185453
0 0.739431 0.529189 0.521139 0.409573 0.00184065
0 0.911439 0.527888 0.177121 0.302299 0.00183707
0 0 0.049723 0 0.0994461 0.00182298
0 0.665097 0.760704 0.362228 0.298051 0.00182236
0 0.0913545 0.849411 0.182709 0.255387 0.00181449
0 0.667908 0.85473 0.384027 0.266673 0.00181334
0 0.0750191 0.550085 0.120266 0.0948896 0.00180591
0 0.599515 0.914124 0.363999 0.171753 0.00180232
0 0.0712724 0.0873256 0.123733 0.0962566 0.00179163
0 0.0765126 0.551694 0.142566 0.157443 0.00178815
0 0.6927 0.613531 0.212234 0.148892 0.00178673
0 0.743635 0.258511 0.512731 0.294203 0.00177923
0 0.983038 0.487904 0.0339237 0.288683 0.00177469
0 0.299464 0.750078 0.216474 0.172646 0.00177451
0 0.999999 0.236257 1.35034e-06 0.285853 0.00177204
0 0.884936 0.828389 0.230127 0.149023 0.00175602
0 0.17995 0.762411 0.118214 0.0800362 0.00175374
0 0.0746991 0.749329 0.120766 0.0986815 0.00174677
0 0.752662 0.613894 0.494677 0.262021 0.00174311
0 0.506887 0.81474 0.173992 0.126043 0.936963
0 0.997443 0.895661 0.0051148 0.208679 0.014538
0 0.985353 0.862587 0.0292947 0.274826 0.00828554
0 0.982378 0.0787793 0.0352432 0.157559 0.00489612
0 0.510834 0.932417 0.25602 0.135167 0.00469119
0 0.114307 0.979248 0.228613 0.0415036 0.00464316
0 0.906959 0.819965 0.186083 0.360071 0.00462831
0 0.117785 0.433975 0.235571 0.626386 0.00445011
0 0.75458 0.628204 0.49084 0.309433 0.00440924
0 0.524834 0.422392 0.950332 0.521581 0.00440792
0 0.578613 0.475574 0.842774 0.503456 0.00437092
0 0.560049 0.927038 0.289118 0.145925 0.00436894
0 0.346644 0.60504 0.254121 0.136122 0.00436882
0 0.121886 0.583068 0.243771 0.630307 0.00424496
0 0.0152869 0.974649 0.0305738 0.0507019 0.00419586
0 0.56536 0.625861 0.563331 0.342805 0.00415023
0 0.192813 0.978956 0.322742 0.0420887 0.00411201
0 0.488687 0.979411 0.293 0.041177 0.00411046
0 0.109257 0.293488 0.218513 0.586976 0.00409276
0 0.625974 0.979094 0.327012 0.0418123 0.00408951
0 0.553869 0.978662 0.301806 0.0426769 0.0040881
0 0.939399 0.0887994 0.121201 0.177599 0.00407854
0 0.783206 0.146968 0.433588 0.293935 0.00407754
0 0.997035 0.82477 0.00592959 0.294506 0.00405959
0 0.418163 0.979932 0.297799 0.0401358 0.0040393
0 0.986185 0.0991155 0.0276292 0.198231 0.00401381
0 0.267484 0.979319 0.307812 0.0413614 0.00400339
0 0.995563 0.410347 0.00887359 0.329235 0.00399611
0 0.853444 0.228617 0.293113 0.457233 0.00399322
0 0.994698 0.314182 0.010605 0.335458 0.00399008
0 0.659646 0.424868 0.680709 0.509425 0.00398612
0 0.800607 0.976928 0.31729 0.0461432 0.00398247
0 0.838692 0.745078 0.322616 0.335923 0.00398157
0 0.953163 0.187128 0.0936749 0.374257 0.00397968
0 0.73075 0.978965 0.361486 0.0420696 0.00396951
0 0.837834 0.309254 0.324332 0.518761 0.00396559
0 0.342795 0.979647 0.296845 0.0407053 0.00395784
0 0.141688 0.978456 0.283375 0.043087 0.00395405
0 0.0430463 0.112291 0.0860926 0.224582 0.0039537
0 0.852081 0.694061 0.295695 0.330675 0.00393434
0 0.0666552 0.978959 0.13331 0.0420821 0.0039291
0 0.835199 0.105682 0.329601 0.211364 0.00392708
0 0.423642 0.889678 0.442031 0.197426 0.00392514
0 0.994368 0.510076 0.0112637 0.331712 0.00389137
0 0.484693 0.700725 0.704838 0.433269 0.00387409
0 0.721069 0.469577 0.557862 0.513228 0.00386233
0 0.997559 0.720626 0.00488281 0.292561 0.00386172
0 0.121734 0.705825 0.243467 0.588349 0.00381599
0 0.996351 0.619107 0.00729802 0.315049 0.00379921
0 0.487796 0.86545 0.293574 0.2691 0.00379332
0 0.996163 0.212995 0.00767369 0.313396 0.0037858
0 0.989233 0.97088 0.0215346 0.0582403 0.00377625
0 0.514614 0.796101 0.21397 0.170317 0.00377568
0 0.893586 0.51449 0.212829 0.432645 0.00375066
0 0.507385 0.890397 0.219915 0.219206 0.00373099
0 0.42264 0.925597 0.302857 0.148806 0.00371645
0 0.997149 0.156574 0.00570301 0.277799 0.00370788
0 0.837484 0.416197 0.325032 0.516443 0.00370257
0 0.553435 0.878294 0.283117 0.243412 0.00368783
0 0.582282 0.128786 0.700011 0.257572 0.00367234
0 0.954787 0.711376 0.090426 0.386242 0.00366792
0 0.825462 0.905447 0.300674 0.189107 0.00366768
0 0.637361 0.909097 0.336697 0.181806 0.00365968
0 0.913549 0.414419 0.172902 0.411452 0.00365754
0 0.117528 0.900724 0.235056 0.198551 0.00364819
0 0.910568 0.611261 0.178865 0.421582 0.00361683
0 0.0188001 0.875095 0.0376003 0.249811 0.00359497
0 0.521275 0.322802 0.95745 0.540579 0.0035837
0 0.287473 0.90463 0.320929 0.190739 0.00358186
0 0.586855 0.372805 0.82629 0.499458 0.00356723
0 0.909048 0.264557 0.181904 0.424817 0.00356654
0 0.0465429 0.663171 0.0930857 0.607573 0.00353296
0 0.347602 0.759559 0.695204 0.480882 0.00353135
0 0.783086 0.116783 0.433829 0.233565 0.00351766
0 0.49776 0.868626 0.23773 0.183336 0.00351724
0 0.0467978 0.511895 0.0935955 0.609947 0.00351176
0 0.523669 0.769423 0.237651 0.230503 0.00350949
0 0.876949 0.1611 0.246103 0.3222 0.00350603
0 0.824575 0.512088 0.35085 0.537832 0.00349988
0 0.660382 0.321795 0.679235 0.516346 0.00349725
0 0.437705 0.127757 0.705789 0.255514 0.0034907
0 0.973346 0.808888 0.053308 0.382225 0.00348114
0 0.776627 0.888125 0.354008 0.223749 0.00347294
0 0.0460604 0.363398 0.0921208 0.599547 0.00346284
0 0.413178 0.280062 0.826357 0.560124 0.00346229
0 0.634968 0.704498 0.730064 0.479427 0.00344579
0 0.254595 0.251635 0.509191 0.503271 0.00340114
0 0.595141 0.740707 0.441253 0.44608 0.00339148
0 0.868285 0.889158 0.263431 0.221685 0.00338935
0 0.0449109 0.732728 0.0898217 0.534544 0.00337779
0 0.503139 0.722857 0.235342 0.327872 0.00335751
0 0.0678707 0.922747 0.135741 0.154506 0.00335436
0 0.460473 0.71731 0.404996 0.342051 0.00333806
0 0.693289 0.123013 0.613422 0.246026 0.00332684
0 0.325681 0.128866 0.651363 0.257732 0.0032958
0 0.997117 0.113208 0.00576539 0.226416 0.00328017
0 0.411337 0.834936 0.476654 0.330128 0.00325585
0 0.336542 0.814447 0.673085 0.371107 0.00325331
0 0.908564 0.977275 0.182871 0.0454491 0.00324863
0 0.0727898 0.192698 0.14558 0.385396 0.00324639
0 0.744895 0.367836 0.51021 0.485418 0.00324129
0 0.416676 0.23261 0.833353 0.465221 0.00324032
0 0.743522 0.216189 0.512955 0.432378 0.00323706
0 0.0373224 0.244217 0.0746448 0.488433 0.00322236
0 0.807879 0.696634 0.384242 0.516549 0.00322063
0 0.8298 0.599727 0.340399 0.504753 0.0032153
0 0.735671 0.770867 0.528658 0.458266 0.00320706
0 0.25694 0.335231 0.513879 0.539547 0.00318615
0 0.602416 0.275071 0.795168 0.550142 0.00318351
0 0.845592 0.932168 0.295502 0.135665 0.00317784
0 0.0263739 0.842714 0.0527477 0.314572 0.00317431
0 0.122893 0.802614 0.245786 0.394773 0.00316988
0 0.593993 0.51377 0.689955 0.250815 0.00316668
0 0.84614 0.836914 0.307721 0.326172 0.00316599
0 0.848323 0.750452 0.303354 0.472999 0.00316346
0 0.683974 0.773289 0.632052 0.453422 0.0031601
0 0.200921 0.892501 0.33636 0.214998 0.00315336
0 0.813916 0.631186 0.372169 0.289957 0.00314453
0 0.884974 0.907242 0.230052 0.185516 0.00314349
0 0.471781 0.168098 0.943562 0.336197 0.00313848
0 0.195156 0.805369 0.390312 0.389261 0.0030872
0 0.111681 0.760151 0.223362 0.479698 0.0030804
0 0.343053 0.258114 0.686106 0.516227 0.00307481
0 0.367714 0.787836 0.596401 0.424328 0.0030565
0 0.777677 0.836237 0.444645 0.327526 0.00305492
0 0.106733 0.866448 0.213466 0.267105 0.0030547
0 0.47569 0.510731 0.951379 0.539139 0.00304712
0 0 0.0754049 0 0.15081 0.00303152
0 0.182442 0.13094 0.364885 0.261879 0.00302216
0 0.298559 0.83406 0.597118 0.331879 0.00301942
0 0.672597 0.164477 0.654806 0.328954 0.00301121
0 0.725273 0.266495 0.549454 0.527669 0.00300151
0 0.202028 0.750486 0.404057 0.499027 0.00299114
0 0.0309852 0.922994 0.0619704 0.154013 0.00298402
0 0.838055 0.616722 0.32389 0.323879 0.00297919
0 0.556485 0.818405 0.283071 0.256157 0.00294948
0 0 0.975015 0 0.0499704 0.00294877
0 0.197617 0.840884 0.395235 0.318231 0.00294702
0 0.0273834 0.194746 0.0547668 0.389491 0.00293889
0 0.340728 0.370698 0.681457 0.570311 0.0029303
0 0.639801 0.518855 0.720398 0.525028 0.00292321
0 0.44647 0.413192 0.892941 0.591402 0.00292129
0 0.411441 0.635094 0.519259 0.271302 0.00291297
0 0.489011 0.252463 0.978022 0.504925 0.00289131
0 0.256355 0.44045 0.512709 0.529823 0.00287505
0 0.704306 0.717588 0.591388 0.504392 0.00286122
0 0.417353 0.627821 0.423446 0.179155 0.0028539
0 0.193061 0.792268 0.386123 0.415465 0.00285232
0 0.613743 0.232623 0.772514 0.465247 0.00283522
0 0 0.922781 0 0.154438 0.00282491
0 0.236508 0.66596 0.473015 0.487793 0.00282189
0 0.252571 0.535195 0.505142 0.519776 0.00280611
0 0.650018 0.624161 0.491842 0.260263 0.00280205
0 0.142469 0.833556 0.284937 0.332889 0.00279879
0 0.95794 0.91847 0.0841197 0.16306 0.00273331
0 0.271333 0.758256 0.542665 0.483488 0.00267564
0 0.30583 0.565208 0.611659 0.542743 0.00267139
0 0.661162 0.840802 0.481584 0.318395 0.0026695
0 0.210474 0.729435 0.420948 0.507568 0.00265031
0 0.192471 0.625947 0.384942 0.274558 0.00263797
0 0.765008 0.614429 0.41286 0.235631 0.00262369
0 0.707383 0.617367 0.585235 0.514493 0.00262205
0 0.334873 0.473776 0.669746 0.566119 0.00262159
0 0.221532 0.629258 0.443064 0.498129 0.00261438
0 0.237808 0.189459 0.475616 0.378918 0.00254738
0 0.317463 0.615921 0.634925 0.483857 0.00254246
0 0.201616 0.14686 0.403232 0.29372 0.00250909
0 0.549856 0.201699 0.900289 0.403399 0.00249878
0 0.279339 0.670182 0.558677 0.457319 0.00247094
0 0.335215 0.200048 0.670431 0.400096 0.00245172
0 0.56704 0.564825 0.865921 0.522692 0.00244675
0 0.015604 0.12017 0.0312079 0.24034 0.00241587
0 0.0793106 0.906075 0.158621 0.18785 0.00235769
0 0.129227 0.175287 0.258454 0.350574 0.00233445
0 0 0.894659 0 0.210681 0.00231657
0 0.346964 0.643349 0.313872 0.213149 0.00230201
0 0.466269 0.612443 0.862656 0.495902 0.00228148
0 0.172327 0.214941 0.344654 0.341202 0.00228121
0 0.170827 0.123472 0.341654 0.201577 0.00227657
0 0.0582838 0.87797 0.116568 0.244061 0.00224123
0 0.534358 0.628128 0.519901 0.265157 0.00223467
0 0.815932 0.89399 0.368136 0.212021 0.00220364
0 0.122192 0.126671 0.244383 0.253342 0.00219681
0 0.153117 0.225827 0.306235 0.451654 0.0021885
0 0.360728 0.659926 0.721456 0.474276 0.00213275
0 0.824831 0.808365 0.350337 0.383271 0.00213179
0 0.180806 0.920336 0.352872 0.159328 0.00212839
0 0.403531 0.494453 0.509851 0.187346 0.00212815
0 0.883402 0.85743 0.233196 0.285141 0.00209146
0 0.0683948 0.845212 0.13679 0.309575 0.00208823
0 0.246685 0.115432 0.49337 0.230864 0.00205653
0 0.705654 0.388494 0.588691 0.374938 0.00205463
0 0.761048 0.580725 0.441748 0.197758 0.00204302
0 0.20756 0.159261 0.41512 0.318522 0.00204236
0 0.402359 0.693708 0.376066 0.206119 0.00203843
0 0.101073 0.76242 0.202146 0.404621 0.00203174
0 0.900342 0.321766 0.199317 0.317084 0.00203099
0 0.386789 0.563668 0.773579 0.527009 0.00203044
0 0.799504 0.752971 0.400992 0.31672 0.00202761
0 0.861966 0.573838 0.276067 0.30458 0.00199999
0 0.248673 0.736473 0.497347 0.333814 0.00199975
0 0.72403 0.108864 0.55194 0.217728 0.00199542
0 0.0950753 0.15548 0.190151 0.31096 0.00196964
0 0.697088 0.662989 0.538463 0.299628 0.00196366
0 0.10233 0.688547 0.204659 0.409035 0.00195702
0 0.252677 0.919765 0.347711 0.160471 0.00194013
0 0.566816 0.395862 0.647234 0.336909 0.00193221
0 0.112665 0.161737 0.225329 0.323474 0.00191944
0 0.868976 0.875681 0.262049 0.248638 0.00191037
0 0.364888 0.373661 0.556705 0.265861 0.00189952
0 0.36501 0.669984 0.515639 0.33398 0.00189219
0 0.205585 0.462243 0.411169 0.330486 0.00189068
0 0.113855 0.612996 0.22771 0.405238 0.00188561
0 0.109174 0.426363 0.218348 0.365372 0.00188388
0 0.79058 0.86567 0.418841 0.26866 0.00188022
0 0.596816 0.347517 0.716284 0.268457 0.00186549
0 0.154654 0.894055 0.309308 0.211891 0.00185573
0 0.0822157 0.13413 0.164431 0.225551 0.00185443
0 0.285521 0.63704 0.33259 0.216251 0.00185373
0 0.928883 0.297301 0.142235 0.30255 0.00184543
0 0.720462 0.732038 0.559076 0.345475 0.00184535
0 0.10365 0.225336 0.2073 0.353894 0.00183823
0 0.476111 0.693098 0.183306 0.149895 0.0018311
0 0.201189 0.387415 0.402379 0.355172 0.00181721
0 0.614628 0.230322 0.688632 0.313153 0.00181437
0 0.318404 0.901889 0.443232 0.196221 0.00181241
0 0.122254 0.353875 0.244508 0.375183 0.00181003
0 0.596238 0.54649 0.592424 0.25514 0.00180839
0 0.732678 0.352851 0.534643 0.320991 0.00180468
0 0.254438 0.203324 0.508876 0.287123 0.0017986
0 0.345893 0.395935 0.308683 0.242123 0.00179644
0 0.115485 0.135589 0.23097 0.199042 0.00179482
0 0 0.931784 0 0.136432 0.0017896
0 0.993106 0.671592 0.0137883 0.27848 0.00177424
0 0.123575 0.277455 0.24715 0.36694 0.00176024
0 0.686187 0.90383 0.464055 0.192339 0.00173136
0 0.774236 0.907378 0.432053 0.185245 0.00173105
0 0.994136 0.7702 0.0117282 0.285787 0.00171611
0 0.118022 0.538231 0.236044 0.401001 0.00171532
0 0.426294 0.557936 0.444359 0.248529 0.0017152
0 0.22335 0.258189 0.446699 0.333179 0.00171074
0 0.235737 0.666016 0.471474 0.228892 0.00168537
0 0.359974 0.716051 0.577177 0.388618 0.00167955
0 0.334097 0.765496 0.537932 0.295979 0.00167406
0 0.896586 0.902285 0.206827 0.195429 0.0016641
0 0.276292 0.523509 0.552584 0.349948 0.0016596
0 0.0642538 0.14712 0.128508 0.245236 0.00165715
0 0.710575 0.497519 0.57885 0.308577 0.00165674
0 0.295091 0.809047 0.427941 0.266974 0.00165594
0 0.909693 0.921505 0.180615 0.156989 0.00165027
0 0 0.966874 0 0.0662516 0.0016492
0 0.241095 0.80491 0.48219 0.342446 0.00164372
0 0.874046 0.345878 0.251907 0.330902 0.00164101
0 0.188132 0.519158 0.376263 0.333984 0.00162946
0 0.748154 0.680692 0.503692 0.260142 0.00162752
0 0.221793 0.888449 0.443586 0.223103 0.00161424
0 0 0.000505349 0 0.0010107 0.00161261
0 0.708256 0.441346 0.583488 0.30188 0.00160695
0 1 0 0 0 0.00160302
0 0.86452 0.0902845 0.27096 0.180569 0.00160022
0 0.864553 0.804671 0.270895 0.390659 0.00159627
0 0.993096 0.570227 0.0138083 0.271944 0.00159329
0 0.0247454 0.10654 0.0494907 0.21308 0.00158924
0 0.227623 0.334054 0.455246 0.335388 0.00158732
0 0.870319 0.711196 0.259362 0.393284 0.00158017
0 0.142036 0 0.263217 0 0.00156679
0 1 0.97151 0 0.0569804 0.00156447
0 0.891559 0.497587 0.216882 0.327127 0.0015547
0 0.52874 0 0.266763 0 0.00155335
0 0.605952 0.586181 0.467706 0.188915 0.00154752
0 0.222801 0.591122 0.445602 0.288956 0.00153699
0 0.349155 0.488419 0.365063 0.207096 0.00153638
0 0.614202 0.670445 0.600645 0.322657 0.00153584
0 0.998889 0.460247 0.00222238 0.27331 0.00153401
0 0.392724 0.899711 0.473847 0.200579 0.001526
0 0.393624 0.45011 0.6141 0.252865 0.00152361
0 0 0.000659928 0 0.00131986 0.00151483
0 0.589896 0.286574 0.680291 0.32845 0.00151235
0 0.720665 0.870376 0.55867 0.259247 0.0015071
0 0.459616 0 0.266317 0 0.00149879
0 0.701265 0.206518 0.59747 0.339651 0.00149454
0 0.808941 0.686393 0.382119 0.26785 0.00149427
0 0.30935 0.880178 0.528348 0.239643 0.0014922
0 0.941552 0.893986 0.116897 0.212029 0.00148254
0 0.859748 0.444059 0.280503 0.333484 0.00148026
0 0.874943 0 0.250114 0 0.00147101
0 0.384724 0.848749 0.581312 0.302503 0.00147017
0 0.0109793 0.834065 0.0219587 0.264484 0.0014691
0 0.0901286 0.0319577 0.180257 0.0639154 0.00146139
0 0.444482 0.492597 0.466352 0.116063 0.00146109
0 0.667534 0.711784 0.519308 0.292773 0.00145793
0 0.712357 0.800757 0.575287 0.334019 0.00145405
0 0.668595 0.881381 0.547899 0.237238 0.0014498
0 0.0297527 0.134264 0.0595054 0.259837 0.00144189
0 0.0122866 0.783328 0.0245732 0.261983 0.00143299
0 0.876311 0.307678 0.247379 0.360403 0.00142985
0 0.738228 0.402121 0.523544 0.299905 0.00142467
0 0.0145674 0.659001 0.0291348 0.260341 0.0014182
0 0.0294282 0.185849 0.0588563 0.258617 0.00141783
0 0.294361 0.129132 0.588722 0.258264 0.00140915
0 0.508284 0.813785 0.175056 0.124652 0.961016
0 1 0.0983757 0 0.196751 0.0171544
0 0.994103 0.887028 0.0117946 0.225945 0.00629373
0 0.00221363 0.0132945 0.00442726 0.0265891 0.00601891
0 0.720492 0.394673 0.131664 0.097209 0.00488084
0 0.936186 0.828842 0.127629 0.342317 0.00475062
0 0.504494 0.730446 0.190634 0.104785 0.00470844
0 0.313311 0.531881 0.259261 0.206745 0.00448267
0 0.969249 0.500278 0.0615018 0.369937 0.00435714
0 0.195182 0.149895 0.13073 0.0490705 0.00429805
0 0.218732 0.532521 0.331548 0.205461 0.00423666
0 0.516424 0.893909 0.24738 0.212183 0.00407586
0 0.995604 0.139294 0.0087919 0.278589 0.00401799
0 0.13884 0.422523 0.277681 0.478353 0.00399804
0 0.926099 0.597013 0.147802 0.393171 0.00399405
0 0.997415 0.19549 0.00517043 0.334558 0.00395552
0 0.786497 0.57087 0.340271 0.313269 0.0039179
0 0.88605 0.697808 0.2279 0.414014 0.0038677
0 0.467229 0.969611 0.266286 0.0607782 0.00386223
0 0.517094 0.969344 0.262121 0.0613117 0.00384904
0 0.998105 0.251638 0.00378985 0.331743 0.00384052
0 0.377442 0.971878 0.266134 0.0562449 0.00383978
0 0.124689 0.319679 0.249377 0.445294 0.00382166
0 0.515152 0.766769 0.334256 0.21075 0.00382091
0 0.522127 0.925793 0.251492 0.148413 0.00379789
0 0.572271 0.971707 0.267273 0.0565859 0.00378963
0 0.475697 0.858266 0.279593 0.283468 0.0037881
0 0.286545 0.97192 0.266426 0.05616 0.0037484
0 0.322107 0.749436 0.511146 0.332919 0.00374166
0 0.302254 0.323392 0.157243 0.114992 0.00373239
0 0.141801 0.524077 0.283603 0.506857 0.00373062
0 0.87073 0.550493 0.258541 0.40516 0.00370428
0 0.338064 0.759724 0.676129 0.480552 0.00370308
0 0.651452 0.973704 0.277545 0.0525917 0.00367261
0 0.895385 0.792273 0.20923 0.415454 0.00366919
0 0.997767 0.75019 0.00446637 0.341638 0.00366035
0 0.565662 0.935901 0.249437 0.128198 0.00365642
0 0.25929 0.564732 0.299973 0.245522 0.00363785
0 0.998276 0.352704 0.00344741 0.331975 0.00362139
0 0.896761 0.507239 0.206477 0.339415 0.00357242
0 0.466029 0.937611 0.260971 0.124779 0.00356137
0 0.984936 0.401436 0.0301271 0.340645 0.00355003
0 0.986598 0.0723923 0.026804 0.144785 0.00355001
0 0.526825 0.782261 0.226739 0.184864 0.00354774
0 0.128223 0.947154 0.255129 0.105691 0.00353484
0 0.166994 0.55465 0.318592 0.272457 0.00348857
0 0.330466 0.859906 0.550298 0.280188 0.00347291
0 0.350641 0.552448 0.218928 0.178483 0.00346923
0 0.114752 0.460803 0.229503 0.364613 0.00344398
0 0.997467 0.654923 0.00506673 0.34437 0.00344262
0 0.376526 0.558318 0.307886 0.197166 0.00342803
0 0.997488 0.454906 0.00502325 0.338891 0.00342348
0 0.0344836 0.170003 0.0689672 0.325752 0.00342042
0 0.310738 0.7972 0.621477 0.405601 0.00342003
0 0.217304 0.969369 0.277867 0.0612625 0.00340855
0 0.988682 0.301741 0.0226354 0.333049 0.00339058
0 0.369292 0.789585 0.738585 0.420831 0.00338933
0 0.305098 0.951847 0.262128 0.0963051 0.00338915
0 0.996921 0.970261 0.00615699 0.0594776 0.00338477
0 0.225471 0.64255 0.426184 0.261539 0.00333551
0 0.542383 0.118117 0.378819 0.236233 0.00332947
0 0.99832 0.821966 0.00335963 0.300059 0.00332557
0 0.835121 0.577526 0.329757 0.373464 0.00330577
0 0.829578 0.588067 0.340844 0.45767 0.00330329
0 0.65958 0.803887 0.495262 0.359744 0.00329199
0 0.964737 0.0961353 0.0705261 0.192271 0.0032883
0 0.507922 0.760757 0.237544 0.229692 0.00328252
0 0.0761065 0.21898 0.152213 0.391703 0.00327306
0 0.309396 0.754769 0.449739 0.216931 0.00326734
0 0.383517 0.651784 0.338637 0.274895 0.00325949
0 0.447929 0.762657 0.402014 0.205271 0.003257
0 0.141637 0.628453 0.283275 0.510948 0.00325174
0 0.996781 0.556812 0.00643867 0.344925 0.00324842
0 0.690839 0.557137 0.40941 0.30006 0.00324027
0 0.139429 0.725066 0.278857 0.506172 0.00319116
0 0.0898009 0.361274 0.179602 0.34529 0.00317309
0 0.649031 0.944826 0.267115 0.110348 0.00315325
0 0.0906422 0.968251 0.181284 0.0634975 0.00315322
0 0.188402 0.606612 0.376804 0.348095 0.00315039
0 0.740412 0.973325 0.289096 0.0533509 0.00309266
0 0.554594 0.913423 0.255682 0.173153 0.00307946
0 0.867926 0.0827658 0.264149 0.165532 0.00306821
0 0.72584 0.784401 0.54832 0.431197 0.00306426
0 0.848369 0.472237 0.144847 0.141043 0.00304788
0 0.304831 0.662972 0.32717 0.186855 0.00304787
0 0.00283181 0.969566 0.00566361 0.0608681 0.00304554
0 0.565743 0.0959805 0.361786 0.191961 0.00303895
0 0.0100958 0.105449 0.0201917 0.210899 0.00303307
0 0.00812557 0.070663 0.0162511 0.141326 0.00302646
0 0.103804 0.792045 0.207608 0.415911 0.00301947
0 0.481216 0.789736 0.240589 0.183369 0.00301884
0 0.680216 0.61045 0.639567 0.429915 0.00301345
0 0 0.00930391 0 0.0186078 0.00300724
0 0.512709 0.906961 0.198143 0.186079 0.00300271
0 0.203863 0.183135 0.140847 0.0691673 0.00299868
0 0.144661 0.96741 0.269581 0.0651793 0.00299299
0 0.0809841 0.312761 0.161968 0.334231 0.00298574
0 0.754177 0.139513 0.491647 0.279026 0.00295523
0 0.957741 0.159936 0.0845175 0.319873 0.00294194
0 0.537612 0.63947 0.679599 0.394832 0.00292839
0 0.22021 0.953552 0.278926 0.0928961 0.00292729
0 0.435108 0.0722974 0.292247 0.144595 0.00292331
0 0.342811 0.642642 0.24521 0.248317 0.00291493
0 0.364998 0.0711593 0.287084 0.142319 0.00288634
0 0.472338 0.561383 0.45594 0.268037 0.00288553
0 0.116903 0.56285 0.233806 0.381468 0.00287728
0 0.752734 0.656866 0.494532 0.520444 0.00287484
0 0.489062 0.0874798 0.33505 0.17496 0.00287269
0 0.553311 0.801616 0.255791 0.149341 0.00286834
0 0.543321 0.165383 0.361721 0.220066 0.00284892
0 0.930995 0.450921 0.138011 0.29025 0.00282439
0 0.662125 0.138146 0.537046 0.276293 0.00282272
0 0.68313 0.71172 0.63374 0.404499 0.00282067
0 0.0280939 0.973027 0.0561879 0.0539454 0.00281461
0 0.10726 0.9391 0.21452 0.1218 0.00279327
0 0.664411 0.117427 0.471475 0.234853 0.00279258
0 0.291576 0.760512 0.583152 0.478975 0.0027891
0 0.296802 0.0706787 0.284971 0.141357 0.00277763
0 0.555609 0.564616 0.508915 0.316541 0.00277143
0 0.228292 0.6581 0.456584 0.430773 0.00277014
0 0.366497 0.647897 0.306862 0.19062 0.00276221
0 0.808822 0.0934319 0.382356 0.186864 0.0027616
0 0.0784315 0.266836 0.156863 0.31783 0.0027601
0 0.0253602 0.829696 0.0507205 0.340607 0.00274598
0 0.853279 0.943088 0.293441 0.113824 0.0027436
0 0.271889 0.704616 0.543778 0.46265 0.00274239
0 0.311345 0.640847 0.318851 0.304349 0.00272963
0 0.608089 0.752535 0.427711 0.24847 0.00272705
0 0.636194 0.839182 0.435092 0.321635 0.00272461
0 0.159163 0.0673271 0.271245 0.134654 0.00272185
0 0.055967 0.067982 0.111934 0.135964 0.00271304
0 0.72549 0.16918 0.54902 0.338359 0.00271228
0 0.4605 0.116765 0.333448 0.210051 0.00271185
0 0.70648 0.748474 0.58704 0.503052 0.00270227
0 0.066126 0.223277 0.132252 0.285372 0.00270081
0 0.0399123 0.828593 0.0798246 0.342814 0.00267837
0 0.143832 0.520012 0.261181 0.20716 0.00267529
0 0.851249 0.516247 0.297502 0.175221 0.00266857
0 0.945397 0.974984 0.109206 0.0500312 0.00266398
0 0.803316 0.946245 0.299979 0.107509 0.00265536
0 0.504908 0.0750796 0.304619 0.150159 0.00264547
0 0.81006 0.971214 0.28595 0.0575726 0.0026419
0 0.225216 0.0697747 0.281116 0.139549 0.00263352
0 0.244387 0.800034 0.488774 0.399932 0.00263274
0 0.857414 0.972381 0.285172 0.055237 0.00263133
0 0.00902193 0.876107 0.0180439 0.247787 0.00262567
0 0.420797 0.0842469 0.323058 0.168494 0.00262418
0 0.10567 0.0662624 0.21134 0.132525 0.00261291
0 0.034767 0.770687 0.069534 0.458626 0.00260163
0 0.0336466 0.314359 0.0672931 0.492375 0.00259871
0 0.73502 0.948121 0.287813 0.103757 0.0025932
0 0.638178 0.158242 0.440702 0.278868 0.00258945
0 0.0520792 0.111004 0.104158 0.1835 0.00258834
0 0.0919442 0.534596 0.183888 0.219359 0.00258178
0 0.779304 0.21804 0.439189 0.252479 0.00257508
0 0.256784 0.887573 0.480115 0.224854 0.0025736
0 0.0415909 0.414984 0.0831817 0.55233 0.00257315
0 0.440908 0.527637 0.351385 0.186487 0.00257241
0 0.933515 0.400507 0.132969 0.278364 0.00257167
0 0.106024 0.583384 0.212048 0.254526 0.0025589
0 0.463468 0.168701 0.331936 0.194046 0.00255166
0 0.690097 0.218588 0.40831 0.23457 0.00254443
0 0.251455 0.704431 0.50291 0.512372 0.00253823
0 0.745883 0.183397 0.508234 0.366794 0.00253143
0 0.704328 0.166907 0.591344 0.333814 0.00252258
0 0.0445962 0.517074 0.0891925 0.577013 0.00251802
0 0.776592 0.519623 0.303728 0.127641 0.00250048
0 0.0461038 0.617557 0.0922076 0.587471 0.00249125
0 0.330073 0.593091 0.212637 0.110079 0.00248492
0 0.10521 0.66814 0.21042 0.401021 0.00246998
0 0.509121 0.86736 0.195818 0.265279 0.00246938
0 0.633169 0.909352 0.332658 0.181295 0.0024609
0 0.139772 0.906511 0.279543 0.186978 0.00245422
0 0.0612816 0.171253 0.122563 0.218765 0.00245041
0 0.327007 0.649275 0.250329 0.158994 0.00244712
0 0.019056 0.193884 0.038112 0.316171 0.00244127
0 0.770522 0.101311 0.458956 0.202622 0.00243363
0 0.83195 0.116441 0.336099 0.232883 0.00238902
0 1 0.0232663 0 0.0465326 0.0023776
0 0.622112 0.51567 0.371977 0.179072 0.00237595
0 0.123975 0.623881 0.24795 0.295701 0.00236837
0 0.69051 0.52333 0.373634 0.150812 0.00236345
0 0.298218 0.476192 0.282567 0.174836 0.00235135
0 0.776758 0.82292 0.446483 0.35416 0.00232424
0 0.00668375 0.127609 0.0133675 0.170315 0.0023241
0 0 0.0823891 0 0.155075 0.00232154
0 0.963625 0.916556 0.072749 0.166888 0.00231439
0 0.117971 0.904038 0.235943 0.191923 0.00229574
0 0.943551 0.356791 0.112897 0.269789 0.00229561
0 0.950896 0.250116 0.0982081 0.298016 0.00229338
0 0.35137 0.0822991 0.319447 0.164598 0.00228376
0 0 0.0606939 0 0.121388 0.00227651
0 0.9985 0.0389169 0.00299936 0.0778338 0.00227545
0 0 0.911693 0 0.176614 0.00223561
0 0.0295487 0.928034 0.0590973 0.143931 0.0022258
0 0.210189 0.475835 0.327044 0.180702 0.00222065
0 0.182319 0.705014 0.364637 0.415274 0.00221825
0 0.611413 0.219665 0.364837 0.20898 0.00221519
0 0.814435 0.273989 0.305314 0.192316 0.00220764
0 0.390573 0.118926 0.318292 0.192347 0.00219063
0 0.000357468 0.0374117 0.000714935 0.0748234 0.00218774
0 0.394622 0.169794 0.316583 0.1817 0.00218753
0 0.948968 0.302684 0.102065 0.258697 0.00218279
0 0.534736 0.22138 0.34281 0.194743 0.00217527
0 0.286236 0.0807094 0.313744 0.161419 0.00214517
0 0 0.882518 0 0.234963 0.00214432
0 0.148463 0.658357 0.296927 0.359156 0.00214376
0 0.53651 0.52027 0.391652 0.190495 0.00212813
0 0.787751 0.371372 0.27445 0.172083 0.00211553
0 0.454587 0.223102 0.327526 0.18896 0.00208117
0 0.573473 0.0814156 0.326318 0.162831 0.00206879
0 0.869104 0.41694 0.261792 0.186667 0.00205853
0 0.710154 0.472585 0.157288 0.146576 0.00205806
0 0.00140376 0.0501637 0.00280752 0.100327 0.00204606
0 0.785584 0.428028 0.259915 0.191457 0.00204332
0 0.308041 0.225106 0.310906 0.181186 0.00203728
0 0.0644159 0.768105 0.128832 0.405688 0.00201802
0 0.866479 0.366809 0.267043 0.175346 0.00199785
0 0.6998 0.487822 0.175166 0.111361 0.00199606
0 0.137511 0.319155 0.275022 0.177731 0.00199361
0 0.80169 0.319113 0.282092 0.166664 0.0019794
0 0.143324 0.371954 0.286648 0.178603 0.00197938
0 0.0900086 0.480323 0.180017 0.196562 0.00196721
0 0.317642 0.118573 0.317653 0.183023 0.00196397
0 0.870626 0.314177 0.258748 0.175119 0.00196395
0 0.214287 0.0793698 0.306263 0.15874 0.00194581
0 0.865173 0.267977 0.269654 0.206853 0.00193096
0 0.164189 0.0760765 0.285769 0.152153 0.00191515
0 0.773887 0.108041 0.336306 0.216082 0.00191337
0 0.233377 0.37145 0.294866 0.178139 0.00191257
0 0.255222 0.116652 0.31199 0.175576 0.00191059
0 0.317896 0.16908 0.309774 0.174937 0.00190521
0 0.759038 0.273649 0.324364 0.186384 0.00189916
0 0.136289 0.222472 0.272577 0.174425 0.00189719
0 0.678337 0.273768 0.33581 0.183694 0.0018962
0 0.134436 0.271391 0.268872 0.181395 0.00189263
0 0.800464 0.460003 0.245905 0.167366 0.0018765
0 0.383382 0.224332 0.314714 0.184935 0.00187514
0 0.760801 0.861995 0.478398 0.27601 0.00186651
0 0.722045 0.459636 0.232469 0.170329 0.00186401
0 0.84799 0.216872 0.30402 0.267947 0.00185626
0 0.168993 0.848602 0.337985 0.302795 0.00185226
0 0.141534 0.165752 0.273109 0.158587 0.00182182
0 0.549529 0.425661 0.335928 0.185828 0.00182136
0 0.13792 0.115404 0.27584 0.168177 0.00182032
0 0.53276 0.273525 0.328119 0.179189 0.00181067
0 0.649714 0.461399 0.272662 0.172641 0.00180886
0 0.878213 0.458026 0.243575 0.172669 0.00180513
0 0.604325 0.273464 0.331459 0.179601 0.00180021
0 0.791676 0.153693 0.416647 0.307385 0.00179547
0 0.143544 0.421043 0.264562 0.176873 0.00179273
0 0.25106 0.22579 0.312546 0.174943 0.00178593
0 0.642687 0.0918083 0.373276 0.183617 0.00178426
0 0.143209 0.47077 0.255502 0.179266 0.00178148
0 0.277237 0.1637 0.28203 0.0938149 0.00177708
0 0.217466 0.31883 0.29717 0.168943 0.00177592
0 0.542403 0.372118 0.324667 0.174431 0.00177535
0 0.45582 0.274127 0.317899 0.178169 0.00177517
0 0.220101 0.417271 0.291236 0.180228 0.00177216
0 0.627609 0.370941 0.30127 0.167743 0.00176198
0 0 0.0213268 0 0.0426536 0.00176073
0 0.100312 0.117602 0.200623 0.1644 0.00175888
0 0.536308 0.321618 0.32208 0.167829 0.00175399
0 0.700619 0.368543 0.26669 0.168163 0.00175201
0 0.638198 0.425209 0.30981 0.184433 0.00175124
0 0.25619 0.270752 0.295779 0.173882 0.00175116
0 0.0392078 0.86003 0.0784155 0.27994 0.00174362
0 0.114593 0.0733675 0.229187 0.146735 0.00174017
0 0.103143 0.227125 0.206286 0.17724 0.00173583
0 0.457293 0.32113 0.319713 0.170568 0.0017281
0 0.458668 0.425788 0.318593 0.179155 0.00171905
0 0.458051 0.374072 0.321163 0.174875 0.00171747
0 0.61008 0.32138 0.316673 0.164156 0.00170676
0 0.456167 0.469089 0.317528 0.174697 0.00170411
0 0.000213994 0.0157459 0.000427989 0.0314918 0.00169643
0 0.693089 0.425798 0.292895 0.194872 0.00169572
0 0.0953719 0.327969 0.190744 0.178719 0.00169445
0 0.376441 0.476399 0.294856 0.174676 0.001683
0 0.103531 0.170129 0.207061 0.162482 0.00166694
0 0.259454 0.167368 0.302142 0.16485 0.00166601
0 0.312709 0.271222 0.285397 0.17054 0.00166393
0 0.913066 0.00142905 0.173868 0.00285811 0.00166337
0 0.844769 0.499423 0.134836 0.0854317 0.00166035
0 0.273735 0.313842 0.261048 0.167373 0.00165603
0 0.0921285 0.380889 0.184257 0.184507 0.00165485
0 0.754746 0.699708 0.313048 0.115033 0.00165233
0 0.0910016 0.430621 0.182003 0.189051 0.00164978
0 0.0994514 0.277507 0.198903 0.179804 0.00163897
0 0.553381 0.46488 0.322522 0.176498 0.0016374
0 0.379227 0.273515 0.299253 0.174697 0.00163255
0 0.181865 0.273163 0.311048 0.179566 0.00162482
0 0.682635 0.32018 0.306902 0.16415 0.00162239
0 0.53052 0.872056 0.238915 0.149949 0.00160271
0 0.315505 0.374883 0.231716 0.165739 0.00159128
0 0.323243 0.317058 0.244264 0.160669 0.00156422
0 0.365295 0.377519 0.276699 0.168802 0.00156368
0 0.327729 0.420858 0.220228 0.166791 0.00155645
0 0.37095 0.427373 0.273145 0.168775 0.00155644
0 0.285384 0.416478 0.244921 0.172979 0.00154948
0 0.231812 0.487969 0.188453 0.115321 0.00154645
0 0.509503 0.8141 0.178421 0.128003 0.971231
0 0.850688 0.489726 0.138771 0.10718 0.0157653
0 0.718458 0.318379 0.125869 0.0828434 0.0105273
0 0.228854 0.690049 0.201795 0.107211 0.00929133
0 0.431132 0.0387918 0.123441 0.0741614 0.00893897
0 0.181832 0.747011 0.136618 0.11545 0.00822862
0 0.292607 0.327642 0.139336 0.107705 0.00773068
0 0.719093 0.483804 0.131494 0.122444 0.00724274
0 0 0.913229 0 0.173541 0.00582017
0 0.519022 0.776537 0.162714 0.0511354 0.00509339
0 0.676938 0.613568 0.144334 0.0659307 0.00503439
0 0.4536 0.0707518 0.137725 0.0974435 0.00447654
0 0.397898 0.604414 0.182506 0.081247 0.00431144
0 0.449589 0.0636792 0.157946 0.127358 0.00385225
0 0.154313 0.746605 0.308627 0.506791 0.00371954
0 0.162359 0.608028 0.324717 0.623115 0.00362561
0 0.150089 0.504446 0.300179 0.606813 0.00351318
0 0.264808 0.693729 0.266891 0.103935 0.00338488
0 0.184031 0.754249 0.368062 0.389344 0.00336718
0 0.196204 0.656553 0.392407 0.395887 0.00333031
0 0.124962 0.399542 0.249924 0.564086 0.00329675
0 0.870029 0.961547 0.259943 0.0769065 0.0032736
0 0.549552 0.965098 0.281799 0.0698034 0.0032128
0 0.481056 0.964993 0.284461 0.0700138 0.00318151
0 0.163545 0.803958 0.32709 0.362031 0.00316423
0 1 0.923266 0 0.153469 0.00312341
0 0.194977 0.552187 0.389953 0.384164 0.00309566
0 0.413886 0.964617 0.280377 0.0707666 0.0030925
0 0.136393 0.96685 0.232523 0.0663005 0.00307563
0 0.452848 0.0461891 0.16562 0.0923783 0.00304351
0 0.628166 0.964621 0.284291 0.0707588 0.00301637
0 0.0378267 0.747032 0.0756535 0.505936 0.00300111
0 0.173777 0.449267 0.347553 0.355927 0.00297098
0 0 0.300007 0 0.214219 0.00294795
0 0.336926 0.964512 0.278505 0.0709762 0.00293018
0 0.885318 0.824849 0.229364 0.222451 0.00292748
0 0 0.349198 0 0.316682 0.00292682
0 0.156555 0.398787 0.31311 0.330099 0.00291705
0 0.240312 0.966483 0.249123 0.0670347 0.0028971
0 0 0.253858 0 0.155957 0.00288859
0 0.0127035 0.403371 0.025407 0.398433 0.00286835
0 0.849936 0.466781 0.135729 0.155063 0.00285499
0 0.838692 0.611585 0.125414 0.0761472 0.00285296
0 0.707439 0.963861 0.275722 0.0722778 0.00283287
0 0 0.972121 0 0.0557577 0.00282863
0 0.038861 0.663757 0.077722 0.535255 0.00282476
0 0.134957 0.350453 0.269914 0.295728 0.00281408
0 0.0354125 0.56144 0.0708251 0.511322 0.00280726
0 0.786869 0.963787 0.278014 0.072426 0.00278649
0 0.749458 0.704146 0.121715 0.101933 0.00278462
0 0.0801749 0.306087 0.16035 0.40786 0.002777
0 1 0.447264 0 0.221346 0.00277115
0 1 0.497924 0 0.222693 0.00275609
0 1 0.397107 0 0.219399 0.0027499
0 1 0.548449 0 0.222675 0.00272931
0 0 0.207714 0 0.14871 0.0027238
0 1 0.347122 0 0.214866 0.00270474
0 0.0937577 0.936978 0.187515 0.126044 0.00270371
0 1 0.598948 0 0.220458 0.00269667
0 1 0.800084 0 0.203139 0.00269326
0 1 0.64894 0 0.216358 0.00268619
0 1 0.699603 0 0.213506 0.0026839
0 0.0204116 0.829114 0.0408233 0.341771 0.00267619
0 0 0.0566444 0 0.113289 0.00267271
0 1 0.748771 0 0.210557 0.00265799
0 1 0.296886 0 0.206461 0.00262923
0 0.198017 0.725463 0.159373 0.158205 0.00262483
0 0.114171 0.305645 0.228342 0.253536 0.00260362
0 0.34015 0.167709 0.151719 0.101765 0.00258912
0 0.133914 0.858347 0.267828 0.283307 0.00257592
0 0.363355 0.59923 0.243863 0.0906622 0.00255081
0 0.12731 0.909943 0.254621 0.180114 0.00254175
0 1 0.872293 0 0.228485 0.00250031
0 0.20409 0.603033 0.124951 0.0902792 0.00248723
0 1 0.247708 0 0.190377 0.00246459
0 0.0258533 0.854218 0.0517066 0.291564 0.00245363
0 0.930746 0.889864 0.138509 0.211192 0.00241539
0 0.131673 0.940285 0.23563 0.11943 0.00240174
0 0.0997593 0.261103 0.199519 0.216529 0.00239697
0 0.817204 0.941478 0.277655 0.117044 0.00239532
0 0.870792 0.947686 0.258416 0.104629 0.00239389
0 0.0591948 0.256361 0.11839 0.287829 0.00238798
0 0.532579 0.74082 0.247525 0.211928 0.00236854
0 0.916454 0.966108 0.167093 0.0677839 0.00236471
0 0 0.916455 0 0.16709 0.00235825
0 0.894231 0.901484 0.211537 0.197033 0.00233373
0 0.842382 0.907447 0.274672 0.185105 0.00232884
0 0.879623 0.876944 0.240753 0.246112 0.00232186
0 1 0.921008 0 0.157984 0.0023168
0 0.689444 0.602813 0.150482 0.092699 0.00231275
0 0 0.949313 0 0.101374 0.00230924
0 0.941829 0.909475 0.116343 0.18105 0.00230912
0 0.103051 0.906313 0.206103 0.187374 0.00227918
0 0.257086 0.942833 0.256429 0.114334 0.00225559
0 0.0677887 0.972713 0.135577 0.0545735 0.00223863
0 1 0.198486 0 0.183603 0.00223215
0 0.946921 0.818561 0.106159 0.17941 0.00222353
0 0 0.161964 0 0.147389 0.00222252
0 1 0.97235 0 0.0553009 0.0022001
0 0.0885276 0.214126 0.177055 0.19674 0.00218108
0 0.039099 0.206779 0.078198 0.220116 0.0021712
0 0.211806 0.4971 0.13741 0.105486 0.00215965
0 1 0.0622353 0 0.124471 0.00215162
0 0.0466437 0.0659404 0.0932874 0.131881 0.00214679
0 0.0501311 0.07573 0.100262 0.15146 0.0021246
0 0.4831 0.802557 0.231358 0.166275 0.00210691
0 1 0.100894 0 0.186897 0.00209417
0 0.97291 0.0768793 0.0541798 0.153759 0.00207411
0 1 0.151416 0 0.180835 0.00207119
0 0.504387 0.934256 0.289 0.131488 0.0020708
0 0.484913 0.854667 0.233338 0.254625 0.00205402
0 0.862143 0.888193 0.275715 0.223614 0.00204538
0 0 0.891321 0 0.217359 0.00202874
0 0.0327064 0.160723 0.0654128 0.188752 0.00202743
0 1 0.072408 0 0.144816 0.00201116
0 0.505464 0.895552 0.260243 0.208897 0.00200285
0 0 0.0642164 0 0.128433 0.00198913
0 0.512931 0.910232 0.202428 0.179536 0.00198713
0 0.0367229 0.111415 0.0734457 0.183923 0.00198368
0 0.506543 0.761519 0.194724 0.229919 0.0019805
0 0 0.973255 0 0.0534893 0.00196704
0 0.457973 0.931294 0.277885 0.137411 0.00195922
0 0.730502 0.938767 0.268123 0.122466 0.00195388
0 0.266797 0.918258 0.303716 0.163484 0.00195009
0 0.73122 0.0689616 0.112076 0.120467 0.00194882
0 0.0814589 0.165232 0.162918 0.186774 0.0019484
0 0 0.112674 0 0.148146 0.00194459
0 0.413451 0.07668 0.248069 0.15336 0.00194239
0 0.131463 0.88012 0.262926 0.197914 0.00193145
0 1 0.0723294 0 0.144659 0.00193023
0 0.951197 0.766403 0.0976055 0.178946 0.00192918
0 0.0867027 0.0654858 0.173405 0.130972 0.00192388
0 0.520089 0.793239 0.209366 0.164912 0.00192331
0 0.554113 0.872992 0.256886 0.19802 0.00191566
0 0.894981 0.772376 0.210038 0.18957 0.00191347
0 0.340959 0.0773723 0.277458 0.154745 0.00190363
0 0.187285 0.86362 0.228353 0.202347 0.00189179
0 0.976126 0.0654683 0.0477481 0.130937 0.0018819
0 0.799285 0.705658 0.224677 0.102238 0.0018787
0 0.863002 0.702129 0.112212 0.104663 0.00187597
0 0.631572 0.939104 0.291701 0.121791 0.00187205
0 0.950913 0.970194 0.0981741 0.0596111 0.00186017
0 0.87003 0.0658675 0.259591 0.131735 0.00185311
0 0.554003 0.936757 0.274877 0.126485 0.00185272
0 0.241595 0.0667316 0.2603 0.133463 0.00185094
0 0.324725 0.0654993 0.270222 0.130999 0.00184762
0 0.937156 0.0660766 0.125688 0.132153 0.00184747
0 0.374867 0.939121 0.284608 0.121758 0.00184415
0 0.0912138 0.076983 0.182428 0.153966 0.00184327
0 0.0796358 0.393781 0.159272 0.47857 0.00184143
0 0.957941 0.110536 0.084119 0.189819 0.0018414
0 0.449451 0.0565803 0.207264 0.113161 0.00183826
0 0.294317 0.596997 0.141403 0.0959919 0.00183699
0 0.573031 0.062823 0.271108 0.125646 0.00183165
0 0.904005 0.066145 0.19199 0.13229 0.00181587
0 0.17279 0.0665134 0.263455 0.133027 0.00181449
0 1 0.107462 0 0.175009 0.00180944
0 0.803336 0.0650775 0.253661 0.130155 0.00180796
0 0.120076 0.0659969 0.240153 0.131994 0.00180111
0 0.750066 0.91577 0.274474 0.168459 0.00179636
0 0.956649 0.161311 0.0867023 0.18761 0.00179617
0 0.968489 0.559102 0.0630223 0.186811 0.00179445
0 0.397221 0.908491 0.294706 0.183019 0.0017876
0 0.508494 0.0573635 0.227559 0.114727 0.00178603
0 0.133347 0.667439 0.266695 0.186164 0.00178453
0 0.0845929 0.113089 0.169186 0.187063 0.00178121
0 0.193997 0.591446 0.102642 0.114532 0.00177758
0 0.5676 0.91924 0.260441 0.161519 0.00177562
0 0.931985 0.0771494 0.136029 0.154299 0.00177526
0 0 0.0702943 0 0.140589 0.00177499
0 0.278667 0.868333 0.269427 0.185557 0.00177499
0 0.66941 0.0649557 0.26852 0.129911 0.00177409
0 0.968953 0.508736 0.0620944 0.187496 0.00177362
0 0.138087 0.723398 0.276174 0.186549 0.00177082
0 0.848713 0.858811 0.275156 0.191742 0.001769
0 0.971033 0.408593 0.0579345 0.184271 0.00176654
0 0.048298 0.33787 0.096596 0.402359 0.00176483
0 0.550578 0.767902 0.258768 0.209488 0.00176346
0 0.978766 0.931872 0.0424686 0.136257 0.00176254
0 0.971566 0.458167 0.0568675 0.18457 0.00176182
0 0.140105 0.76446 0.26801 0.188422 0.00175224
0 0.403746 0.0603501 0.241496 0.1207 0.00174786
0 0.904991 0.934373 0.190018 0.131255 0.00174493
0 0.410595 0.806924 0.251148 0.164939 0.00174426
0 0.0621949 0 0.103842 0 0.00174242
0 0.127839 0.621822 0.255677 0.196035 0.00173997
0 0.316766 0.107162 0.304416 0.19235 0.00173952
0 0.899436 0.912801 0.165718 0.166954 0.00173908
0 0.901654 0.41661 0.196691 0.180084 0.00173907
0 0.739613 0.0648853 0.253561 0.129771 0.00173858
0 0.962323 0.210224 0.0753538 0.185681 0.00173844
0 0.963194 0.611355 0.0736126 0.186343 0.00172785
0 0.868582 0.0753117 0.262837 0.150623 0.00172614
0 0.831533 0.164577 0.300406 0.178443 0.00172044
0 0.333805 0.659418 0.205754 0.175258 0.00171548
0 0.265098 0.741177 0.250456 0.161289 0.00171431
0 0.910118 0.566352 0.179764 0.181522 0.00171023
0 0.908116 0.365739 0.183768 0.180663 0.00170975
0 0.837688 0.113559 0.304276 0.182428 0.00170111
0 0.250258 0.0763737 0.269183 0.152747 0.0016972
0 0.552511 0.805097 0.253604 0.153909 0.00169676
0 0.971822 0.358546 0.0563568 0.18331 0.00169584
0 0.901771 0.0765375 0.196458 0.153075 0.00169178
0 0.218307 0.111745 0.314483 0.186102 0.00169024
0 0.0960188 0.796979 0.192038 0.406042 0.00168871
0 0.214866 0.810628 0.229104 0.183073 0.00168349
0 0.968238 0.259431 0.0635236 0.183112 0.00168113
0 0.420777 0.867362 0.278972 0.196685 0.00168091
0 0.121615 0.568558 0.243229 0.192967 0.00167658
0 0.327327 0.764355 0.225624 0.19046 0.0016718
0 0.970834 0.308774 0.0583314 0.182815 0.00166679
0 0.899997 0.518198 0.200006 0.176314 0.00166254
0 0.137964 0.822947 0.266827 0.17815 0.00166075
0 0.956133 0.713268 0.0877332 0.176325 0.00165534
0 0.179507 0.0763252 0.270638 0.15265 0.00165324
0 0.156966 0.365202 0.313933 0.192301 0.00165176
0 0.774913 0.708685 0.234783 0.174868 0.00164989
0 0.907686 0.315746 0.184628 0.17703 0.00164885
0 0.477978 0.735972 0.23597 0.183796 0.00164799
0 0.541141 0.11862 0.284701 0.191639 0.0016477
0 0.883516 0.365337 0.232969 0.187811 0.00164607
0 0.96036 0.662366 0.0792801 0.179791 0.00164434
0 0.825617 0.216898 0.309312 0.185651 0.00164214
0 0.878577 0.415015 0.242847 0.189555 0.00163797
0 0.352647 0.643184 0.292407 0.178732 0.00163668
0 0.11918 0.518548 0.23836 0.195818 0.00163618
0 0.11638 0.468042 0.232759 0.195121 0.00163569
0 0.883666 0.31386 0.232667 0.181344 0.00163363
0 0.837907 0.70152 0.173194 0.106359 0.00163326
0 0.907087 0.462787 0.185826 0.175837 0.00163271
0 0.149198 0.312266 0.298396 0.187595 0.00163115
0 0.88306 0.113036 0.233881 0.18534 0.00162983
0 0.676903 0.0749725 0.27517 0.149945 0.00162806
0 0.751165 0.867329 0.287734 0.17524 0.00162752
0 0.302647 0.162511 0.307284 0.17484 0.00162542
0 0.825879 0.26545 0.296948 0.180958 0.00162441
0 0.376424 0.612408 0.228378 0.0693596 0.00162437
0 0.894394 0.701912 0.211212 0.157629 0.00162317
0 0.908145 0.265827 0.18371 0.180004 0.00162181
0 0.818868 0.455376 0.236044 0.181187 0.00162122
0 0.654011 0.113011 0.306279 0.188312 0.00162017
0 0.264055 0.654515 0.254827 0.183022 0.00161761
0 0.154593 0.112161 0.309185 0.186333 0.00161758
0 0.881904 0.164338 0.236192 0.180759 0.00161705
0 0.554267 0.165552 0.299932 0.178072 0.0016166
0 0.125289 0.0765973 0.250578 0.153195 0.00161488
0 0.115407 0.417592 0.230813 0.192772 0.00161329
0 0.286301 0.21761 0.326361 0.186136 0.00160949
0 0.475735 0.219154 0.319713 0.18723 0.00160791
0 0.823118 0.31334 0.305633 0.179133 0.00160664
0 0.112809 0.316604 0.225617 0.1884 0.00160429
0 0.114312 0.366984 0.228624 0.191475 0.00159955
0 0.111935 0.266456 0.223869 0.187966 0.00159814
0 0.737398 0.527643 0.307933 0.190205 0.00159569
0 0.804853 0.418895 0.293891 0.1926 0.00159246
0 0.913797 0.113973 0.172406 0.184494 0.00159079
0 0.386977 0.420767 0.282971 0.195509 0.00158681
0 0.112764 0.216122 0.225527 0.187207 0.00158388
0 0.819611 0.367717 0.309833 0.18643 0.00158128
0 0.212457 0.763466 0.176311 0.0759049 0.00158047
0 0.74732 0.0736527 0.252745 0.147305 0.00157934
0 0.467972 0.41938 0.313403 0.201011 0.00157851
0 0.908646 0.619568 0.182707 0.179875 0.00157786
0 0.11236 0.165279 0.224721 0.185676 0.00157627
0 0.572418 0.0739733 0.284528 0.147947 0.00157509
0 0.305274 0.725242 0.248647 0.168095 0.00157298
0 0.691924 0.366954 0.326103 0.191653 0.00157292
0 0.635573 0.724258 0.278051 0.20019 0.00157288
0 0.216073 0.730173 0.231585 0.164334 0.00157273
0 0.486643 0.163951 0.273144 0.173901 0.00157208
0 0.904343 0.716152 0.191315 0.165433 0.00157009
0 0.526388 0.862306 0.219162 0.130913 0.00156998
0 0.120347 0.112555 0.240694 0.185721 0.00156995
0 0.64544 0.161695 0.309321 0.18189 0.00156862
0 0.841428 0.699797 0.22549 0.168555 0.00156741
0 0.635066 0.623 0.0575246 0.0463715 0.00156732
0 0.149326 0.264337 0.298652 0.19229 0.00156693
0 0.148359 0.164848 0.296719 0.187211 0.00156588
0 0.4709 0.267937 0.306629 0.192528 0.00156026
0 0.846974 0.805866 0.255755 0.188248 0.0015593
0 0.907382 0.216215 0.185236 0.182152 0.00155868
0 0.238639 0.366537 0.31125 0.185977 0.00155453
0 0.723352 0.456049 0.267803 0.1835 0.00155204
0 0.91369 0.667545 0.172619 0.169467 0.00155101
0 0.909404 0.165481 0.181193 0.181251 0.00155052
0 0.243818 0.754368 0.190111 0.177391 0.00154971
0 0.884471 0.264313 0.231058 0.182448 0.00154824
0 0 0.0730821 0 0.146164 0.00154778
0 0.407757 0.102013 0.252764 0.202106 0.0015474
0 0.151906 0.21564 0.303812 0.189233 0.00154702
0 0.771357 0.215693 0.315683 0.18857 0.00154569
0 0.340366 0.418083 0.258965 0.194331 0.00154444
0 0.469814 0.369591 0.326046 0.193144 0.00154383
0 0.553687 0.216534 0.331451 0.192813 0.00154318
0 0.764373 0.766885 0.263127 0.179028 0.00154103
0 0.803795 0.533091 0.271978 0.157674 0.00154074
0 0.152172 0.517779 0.304345 0.190596 0.00153917
0 0.356848 0.464764 0.28939 0.178919 0.00153791
0 0.881168 0.215267 0.237663 0.18555 0.00153331
0 0.717791 0.111093 0.292444 0.182609 0.00153242
0 0.50685 0.813667 0.174444 0.121884 0.82358
0 0.755053 0.729235 0.0648534 0.0414927 0.0335742
0 0.754608 0.72047 0.0760088 0.0586092 0.00742125
0 1 0.945304 0 0.109393 0.00716905
0 1 0.967747 0 0.0645067 0.00535972
0 0.324521 0.697701 0.151124 0.095507 0.00523337
0 0.465741 0.826254 0.0839909 0.0869793 0.00493976
0 0.76498 0.728922 0.0774967 0.0459513 0.00426375
0 1 0.950094 0 0.0998127 0.00424707
0 1 0.946857 0 0.106286 0.00314938
0 0.299985 0.703804 0.163642 0.0847823 0.00310851
0 0.482375 0.828419 0.116866 0.0888207 0.00306863
0 1 0.956547 0 0.0869054 0.00299757
0 0 0.0176895 0 0.035379 0.00263482
0 0.0824949 0 0.102054 0 0.00262819
0 0.0655167 0 0.104259 0 0.00253523
0 0 0.898367 0 0.203267 0.00241568
0 0.328278 0.965446 0.307005 0.0691089 0.00234433
0 0.397305 0.965325 0.305771 0.0693495 0.00232783
0 0.541055 0.965973 0.309972 0.0680531 0.00230676
0 0.467025 0.965828 0.306963 0.0683441 0.00229741
0 0.722421 0.306047 0.124378 0.0847041 0.00226031
0 0.255961 0.965834 0.309285 0.068331 0.00223736
0 0.614139 0.965875 0.312903 0.0682494 0.00220832
0 0.684653 0.965944 0.311826 0.0681129 0.00213367
0 0.330907 0.720955 0.0987268 0.0579525 0.00210961
0 0.312695 0.72129 0.105733 0.0563225 0.00210836
0 0.119199 0.967261 0.238398 0.0654781 0.0021005
0 0 0.0617964 0 0.123593 0.00208032
0 0.758599 0.966118 0.315085 0.0677643 0.00206866
0 0.177723 0.966432 0.309741 0.0671362 0.00206423
0 0.758087 0.76015 0.0397342 0.0298744 0.00205268
0 1 0.402572 0 0.187574 0.00197709
0 1 0.452805 0 0.188105 0.00197655
0 1 0.202145 0 0.190835 0.00197619
0 1 0.503131 0 0.18814 0.00196955
0 1 0.352483 0 0.187169 0.00195995
0 0.746169 0.302107 0.0803901 0.0832351 0.00195677
0 1 0.55333 0 0.187899 0.00195618
0 1 0.253313 0 0.186436 0.00195
0 1 0.302586 0 0.18662 0.00194588
0 1 0.753592 0 0.188418 0.00193987
0 1 0.603436 0 0.187468 0.00193816
0 1 0.653501 0 0.187047 0.00193541
0 1 0.70346 0 0.18673 0.0019324
0 1 0.962094 0 0.0758112 0.00192226
0 1 0.804686 0 0.184037 0.00192101
0 0.835395 0.966233 0.325681 0.0675334 0.00191872
0 1 0.0973733 0 0.186213 0.00191684
0 0.0769745 0.96982 0.153949 0.0603604 0.00189796
0 0.552962 0.999504 0.120121 0.00099144 0.00187959
0 0.517669 0.999497 0.119736 0.00100546 0.00187699
0 1 0.151076 0 0.18587 0.00187426
0 0.58851 0.999528 0.120285 0.000944328 0.00187371
0 0.482535 0.999509 0.119239 0.000981522 0.00186865
0 0.447449 0.999536 0.118761 0.000927353 0.00186368
0 0.301867 0.68495 0.166274 0.123003 0.00185959
0 1 0.067801 0 0.135602 0.00185701
0 0.412088 0.999575 0.118421 0.000849724 0.00185557
0 0.624154 0.999552 0.120514 0.0008955 0.00185173
0 0.376559 0.999605 0.118724 0.00078907 0.00184901
0 0.507293 0.829961 0.148664 0.0930695 0.00184572
0 0 0.970244 0 0.0595118 0.00181603
0 0.340748 0.999628 0.120351 0.000744629 0.00180917
0 0.659679 0.999553 0.121144 0.000894165 0.00180815
0 0.0225113 0.309735 0.0450226 0.1861 0.00179429
0 0.448779 0.837922 0.039019 0.0568598 0.00178893
0 0.0245667 0.260449 0.0491334 0.187425 0.00178303
0 0.0353903 0.106663 0.0707807 0.185798 0.00178124
0 0.304808 0.999615 0.121965 0.000769806 0.00178024
0 0.0257836 0.210059 0.0515673 0.190143 0.00177474
0 0.0208575 0.360099 0.0417151 0.185897 0.00176649
0 0.0192501 0.409378 0.0385002 0.186439 0.00176584
0 0.26841 0.999586 0.124774 0.000828743 0.00176484
0 1 0.971787 0 0.0564259 0.00176446
0 0.694975 0.999543 0.121955 0.000914955 0.00174929
0 0.872038 0.967131 0.255924 0.0657374 0.00174906
0 1 0.858796 0 0.191182 0.00173382
0 0.0188339 0.459684 0.0376677 0.187264 0.00172798
0 0.027474 0.160617 0.0549479 0.186043 0.00172522
0 1 0.922727 0 0.154547 0.00172121
0 0.428144 0.928873 0.30149 0.142254 0.00171988
0 1 0.760505 0 0.181124 0.00171481
0 0.48064 0.931089 0.290702 0.137822 0.00170917
0 0.018566 0.509901 0.037132 0.188977 0.00170677
0 0.0265772 0.761033 0.0531545 0.191071 0.00170447
0 1 0.710274 0 0.177557 0.00169753
0 0.729967 0.999523 0.123146 0.000953102 0.00169595
0 0.0265159 0.710696 0.0530318 0.188347 0.00169555
0 0.0341702 0.812715 0.0683404 0.180687 0.00169448
0 0.0243952 0.660909 0.0487905 0.187706 0.00168667
0 0.0199232 0.560337 0.0398464 0.188398 0.00168638
0 0.0311714 0.881858 0.0623429 0.213185 0.00168517
0 0.0218469 0.61068 0.0436938 0.188042 0.0016819
0 0.0444857 0.0683532 0.0889714 0.136706 0.00167899
0 1 0.811237 0 0.173987 0.00167861
0 1 0.660259 0 0.176752 0.0016664
0 0.069536 0.0133977 0.113168 0.0267954 0.00166527
0 0 0.512089 0 0.156506 0.00166185
0 0 0.462144 0 0.155557 0.00166119
0 0.458914 0.865652 0.309457 0.243314 0.00166078
0 0.232208 0.999571 0.127892 0.000858688 0.00165958
0 0 0.411981 0 0.155504 0.0016501
0 0.35016 0.932221 0.293863 0.135558 0.00164769
0 1 0.610306 0 0.175567 0.00164671
0 0 0.110863 0 0.156057 0.00164642
0 0 0.562001 0 0.15676 0.001645
0 0.490261 0.800118 0.247783 0.179621 0.00164402
0 0.94772 0.998474 0.104561 0.00305099 0.00162935
0 0.974254 0.161068 0.0514913 0.183265 0.00162849
0 1 0.902428 0 0.195144 0.00162842
0 0.546263 0.931127 0.279004 0.137746 0.00162648
0 0.498696 0.86611 0.222168 0.215739 0.0016237
0 0.970736 0.461954 0.0585273 0.1838 0.00162228
0 0.764747 0.999485 0.124414 0.0010293 0.00162224
0 0 0.36229 0 0.155028 0.00161667
0 0.516683 0.753546 0.249891 0.200871 0.00161613
0 0 0.612001 0 0.15694 0.00161509
0 0.968752 0.512297 0.0624962 0.186103 0.00161208
0 0.712922 0.111325 0.317116 0.191714 0.00160671
0 0.971429 0.411599 0.0571424 0.183058 0.00160489
0 0.971126 0.361506 0.0577484 0.182984 0.00160482
0 0.0272519 0.929197 0.0545038 0.141606 0.00160373
0 0.119978 0.931309 0.239956 0.137382 0.00160206
0 0.852895 0.111487 0.294209 0.187753 0.00160187
0 0.582364 0.807107 0.0257548 0.0949844 0.00160125
0 0.267677 0.932209 0.282839 0.135582 0.00160111
0 0 0.972363 0 0.0552737 0.00159783
0 0.969401 0.211695 0.0611977 0.185548 0.00159617
0 0.97003 0.311596 0.0599408 0.183348 0.00159607
0 0 0.662038 0 0.156814 0.00159474
0 0 0.921139 0 0.157723 0.00159416
0 0.616287 0.933198 0.28967 0.133603 0.00159305
0 0 0.312397 0 0.15483 0.0015914
0 0 0.813198 0 0.152843 0.00159017
0 0.787029 0.111192 0.31298 0.19006 0.00158982
0 0.188623 0.932216 0.280355 0.135568 0.00158972
0 0.968515 0.262076 0.0629707 0.183847 0.00158613
0 0.0828879 0.930219 0.165776 0.139562 0.00158468
0 0 0.71221 0 0.156796 0.00158103
0 0.966647 0.562171 0.066706 0.188052 0.00158092
0 0.95709 0.762578 0.0858206 0.198757 0.00156902
0 0.870264 0.0767314 0.259471 0.153463 0.00156751
0 0 0.262824 0 0.154569 0.00156611
0 0 0.161792 0 0.156409 0.00156477
0 0.959502 0.712264 0.0809953 0.193636 0.00156418
0 0 0.762123 0 0.156734 0.0015595
0 0.694755 0.932728 0.289297 0.134545 0.00155912
0 0.847251 0.164229 0.305497 0.183579 0.00155596
0 0.522653 0.0680039 0.286438 0.136008 0.00155572
0 0.963927 0.612157 0.0721463 0.189456 0.0015521
0 0 0.212002 0 0.155324 0.00154951
0 0.730851 0.727992 0.0875147 0.0510842 0.00154774
0 0.454727 0.756406 0.280325 0.19533 0.0015457
0 0.516861 0.899955 0.23743 0.20009 0.00154538
0 0.959594 0.812436 0.0808116 0.192296 0.00154449
0 0.452114 0.0679922 0.285703 0.135984 0.00154418
0 0.842711 0.214608 0.308299 0.189045 0.00154226
0 0.799852 0.999413 0.127664 0.00117435 0.00154058
0 0.592856 0.0680114 0.285689 0.136023 0.00154045
0 0.101672 0.912207 0.203343 0.175586 0.00153984
0 0.961351 0.662266 0.0772975 0.192238 0.00153673
0 0 0.877718 0 0.175641 0.0015367
0 0.638296 0.111444 0.313854 0.193161 0.00153444
0 0.995015 0.0748563 0.0099702 0.149713 0.00153416
0 0.476368 0.892713 0.291493 0.214574 0.00153378
0 0.767374 0.932835 0.285374 0.13433 0.00153318
0 0.842665 0.265128 0.304098 0.18484 0.00153263
0 0.989298 0.107911 0.0214047 0.18432 0.0015302
0 0.382192 0.0680082 0.285658 0.136016 0.00152869
0 0.558979 0.874128 0.275244 0.195554 0.00152831
0 0.810797 0.0768586 0.294042 0.153717 0.00152822
0 0.314415 0.669299 0.176245 0.150571 0.00152783
0 0.0483287 0.911438 0.0966573 0.177125 0.0015245
0 0.8416 0.314359 0.299884 0.183676 0.00152387
0 0.964623 0.867999 0.0707546 0.202687 0.00152267
0 0.893322 0.110723 0.213357 0.186429 0.00151924
0 0.406932 0.610455 0.160484 0.0807329 0.00151764
0 0.705054 0.164372 0.320072 0.190777 0.00151534
0 0.0734627 0.414321 0.146925 0.188282 0.00151358
0 0.682077 0.601763 0.131409 0.0984325 0.00151328
0 0.663232 0.0676802 0.28384 0.13536 0.00151305
0 0.31128 0.067971 0.284345 0.135942 0.00151187
0 0.120336 0.0675926 0.240673 0.135185 0.00151088
0 0.844312 0.464769 0.302891 0.187352 0.00150964
0 0 0.0674614 0 0.134923 0.00150949
0 0.843478 0.415111 0.303719 0.185739 0.00150909
0 0.884762 0.164665 0.230475 0.180656 0.00150795
0 0.910389 0.0760605 0.179221 0.152121 0.00150721
0 0.738474 0.0773911 0.302705 0.154782 0.00150684
0 0.170739 0.0675891 0.281208 0.135178 0.0015068
0 0.922761 0.164259 0.154478 0.178798 0.00150443
0 0.840102 0.36511 0.302825 0.185738 0.0015021
0 0.777937 0.164194 0.312805 0.186666 0.00150199
0 0.840642 0.931979 0.292262 0.136043 0.00150137
0 0.883633 0.364537 0.232734 0.183759 0.00150086
0 0.774931 0.214539 0.31276 0.190514 0.00150066
0 0.884138 0.314715 0.231724 0.182213 0.00150003
0 0.551288 0.717631 0.309115 0.187783 0.0014998
0 0.883646 0.265263 0.232708 0.183173 0.00149949
0 0.362231 0.714812 0.306303 0.189593 0.00149783
0 0.24024 0.0678325 0.282498 0.135665 0.0014976
0 0.935667 0.110248 0.128665 0.182713 0.00149691
0 0.630672 0.164118 0.31847 0.192158 0.00149566
0 0.921136 0.364295 0.157728 0.179249 0.00149521
0 0.925315 0.998672 0.131996 0.00265694 0.00149433
0 0.883034 0.214979 0.233933 0.18515 0.00149398
0 0.920892 0.464754 0.158216 0.180464 0.00149391
0 0.883754 0.464655 0.232492 0.184398 0.00149245
0 0.0735734 0.464808 0.147147 0.188615 0.00149198
0 0.921399 0.414334 0.157202 0.179719 0.00148558
0 0.920329 0.214541 0.159342 0.181064 0.00148493
0 0.377026 0.802679 0.314669 0.197845 0.00148472
0 0.0741201 0.31369 0.14824 0.188513 0.00148396
0 0.756991 0.159032 0.18735 0.0909702 0.00148279
0 0.951041 0.075234 0.0979185 0.150468 0.00148138
0 0.0734305 0.36437 0.146861 0.188238 0.0014797
0 0.870775 0.0669086 0.258449 0.133817 0.00147891
0 0.920917 0.314349 0.158165 0.178984 0.00147891
0 0.9202 0.264625 0.1596 0.180103 0.00147524
0 0.0735849 0.515282 0.14717 0.189205 0.00147453
0 0.122491 0 0.0977202 0 0.00147299
0 0 0.902109 0 0.195781 0.00147279
0 0.884031 0.414472 0.231937 0.183796 0.00147189
0 0.142034 0.91045 0.284068 0.1791 0.00147032
0 0.735844 0.0673626 0.282354 0.134725 0.00146903
0 0.363191 0.758696 0.305873 0.198625 0.00146892
0 0.703746 0.214356 0.319944 0.194685 0.00146766
0 0.913054 0.764554 0.173892 0.192919 0.00146748
0 0.919616 0.51495 0.160768 0.18387 0.00146625
0 0.36384 0.903819 0.349221 0.192361 0.001466
0 0.363672 0.662455 0.284423 0.183601 0.00146592
0 0.882906 0.514666 0.234188 0.189508 0.00146248
0 0.703707 0.108942 0.100784 0.078672 0.00146189
0 0.885485 0.931338 0.229031 0.137323 0.00146119
0 0.181265 0.191498 0.103837 0.0840396 0.00145917
0 0.775663 0.263876 0.300907 0.185877 0.0014589
0 0.198223 0.909637 0.330502 0.180726 0.00145857
0 0.630034 0.21425 0.320646 0.195636 0.00145851
0 0.436177 0.717961 0.297477 0.183769 0.00145788
0 0.08649 0.0675856 0.17298 0.135171 0.00145785
0 0.0250976 0.973715 0.0501951 0.0525704 0.00145562
0 0.873284 0.910315 0.253433 0.17937 0.00145472
0 0.776895 0.464286 0.298311 0.188593 0.00145372
0 0.495864 0.719706 0.295603 0.182049 0.00145339
0 0.837831 0.999302 0.133249 0.00139675 0.00145335
0 0.195492 0.999525 0.13404 0.000950623 0.00145265
0 0.0749179 0.264313 0.149836 0.189313 0.00145234
0 0.841659 0.514795 0.30662 0.192874 0.00145095
0 0.771171 0.364719 0.295032 0.187359 0.00144942
0 0.665335 0.0777646 0.30469 0.155529 0.00144704
0 0.91493 0.714453 0.170141 0.188881 0.00144558
0 0.835711 0.910012 0.328578 0.179977 0.0014407
0 0.913186 0.81454 0.173628 0.189905 0.00143647
0 0.775169 0.313099 0.293192 0.184575 0.00143552
0 0.773336 0.514621 0.303111 0.19328 0.00143405
0 0.0757794 0.214204 0.151559 0.19149 0.00143404
0 0.915059 0.909858 0.169882 0.180284 0.00143317
0 0.561754 0.163506 0.314546 0.191844 0.00143316
0 0.755464 0.703246 0.105359 0.0996719 0.001433
0 0.0735175 0.565131 0.147035 0.188635 0.00142919
0 0.568611 0.11123 0.311735 0.194403 0.00142918
0 0.807126 0.0667309 0.276803 0.133462 0.00142915
0 0.277231 0.90876 0.334301 0.18248 0.00142905
0 0.70274 0.36419 0.298429 0.186249 0.00142784
0 0.584928 0.912505 0.29722 0.17499 0.00142713
0 0.48991 0.414208 0.304423 0.188979 0.00142546
0 0.919178 0.564443 0.161645 0.184995 0.00142494
0 0.561014 0.213527 0.31638 0.195516 0.00142156
0 0.8764 0.764922 0.2472 0.193582 0.00142155
0 0.775168 0.414678 0.293355 0.187381 0.00141883
0 0.283127 0.162923 0.312694 0.188183 0.00141843
0 0.915687 0.664689 0.168626 0.187774 0.00141701
0 0.419021 0.414033 0.299374 0.188633 0.00141534
0 0.875849 0.81433 0.248303 0.193918 0.00141492
0 0.69556 0.909393 0.334529 0.181215 0.00141469
0 0.878848 0.665453 0.242304 0.18799 0.00141455
0 0.882808 0.564245 0.234384 0.187436 0.00141446
0 0.706508 0.262756 0.305887 0.187425 0.0014141
0 0.968819 0.90568 0.0623615 0.18864 0.00141409
0 0.914737 0.867315 0.170527 0.195321 0.00141288
0 0.878858 0.714604 0.242283 0.189896 0.00141247
0 0.284855 0.262122 0.305045 0.18705 0.00141217
0 1 0.935228 0 0.129545 0.00141128
0 0.423775 0.663521 0.286233 0.184073 0.001411
0 0.917674 0.614291 0.164651 0.185529 0.00141096
0 0.149702 0.162887 0.299404 0.189505 0.00141043
0 0.29506 0.320756 0.142024 0.0932271 0.00140982
0 0.353253 0.413436 0.295849 0.189774 0.00140946
0 0.379483 0.861024 0.354396 0.205799 0.00140876
0 0.958012 0.0209586 0.0839757 0.0419172 0.00140788
0 0.703167 0.515287 0.306613 0.192049 0.00140643
0 0.110234 0.414505 0.220467 0.18739 0.00140632
0 0.767898 0.910059 0.327016 0.179882 0.00140244
0 0.0741176 0.614835 0.148235 0.18797 0.00140147
0 0.881117 0.614509 0.237766 0.186897 0.00140131
0 0.883637 0.99903 0.139421 0.00193949 0.00139872
0 0.150346 0.262701 0.300692 0.190066 0.0013959
0 0.635797 0.363263 0.304794 0.187873 0.00139588
0 0.21303 0.163109 0.314954 0.188112 0.00139558
0 0.511034 0.81302 0.177809 0.125947 0.915617
0 0.76087 0.732315 0.0516923 0.0364429 0.00654163
0 0.76175 0.756051 0.0455347 0.0372646 0.00380812
0 0.132292 0.965806 0.257219 0.0683888 0.00233824
0 0.125539 0.868278 0.251079 0.192634 0.0022915
0 0.531502 0.869801 0.338961 0.171889 0.00227985
0 0.0883066 0.875312 0.176613 0.227734 0.00225367
0 0.122452 0.89657 0.244903 0.206859 0.00213644
0 0.22281 0.970139 0.211089 0.0597219 0.0020717
0 0.79365 0.964217 0.256989 0.0715651 0.00200335
0 0.874277 0.963563 0.251129 0.0728735 0.00199668
0 0.562005 0.966551 0.269617 0.0668976 0.00189209
0 0.499905 0.966128 0.274039 0.0677448 0.00188873
0 0.221196 0.940544 0.205546 0.118911 0.00186747
0 0.127982 0.927971 0.255963 0.144059 0.00186349
0 0.433673 0.966132 0.273098 0.0677359 0.00185725
0 0.720642 0.965476 0.261745 0.0690482 0.0018565
0 0.636914 0.966568 0.269016 0.0668638 0.00184124
0 0.498304 0.887698 0.431856 0.20061 0.00180184
0 0.0528683 0.660471 0.105737 0.205266 0.00179687
0 0.049973 0.610417 0.0999459 0.204994 0.00177103
0 0.0557485 0.710326 0.111497 0.205904 0.00175414
0 0.0478101 0.560708 0.0956201 0.200308 0.00173668
0 0.0565906 0.761445 0.113181 0.203538 0.0017214
0 0 0.0603671 0 0.120734 0.00171208
0 0.876002 0.902389 0.247997 0.195222 0.00170899
0 0.339466 0.967425 0.239106 0.0651508 0.00170374
0 0 0.512443 0 0.150661 0.00169884
0 0 0.61278 0 0.152492 0.00169384
0 0 0.562661 0 0.151377 0.00169102
0 0.0461659 0.510843 0.0923318 0.194607 0.00168638
0 0 0.662884 0 0.152925 0.00168189
0 0 0.462401 0 0.14987 0.00168168
0 0 0.713667 0 0.154473 0.00165621
0 0.871417 0.873432 0.257167 0.201543 0.00165576
0 0.101034 0.953217 0.202067 0.0935669 0.0016554
0 0 0.412383 0 0.149711 0.00165487
0 0.0443998 0.46149 0.0887996 0.186619 0.00164538
0 0.102989 0.891731 0.205979 0.216537 0.00164201
0 0.700309 0.303556 0.19134 0.110571 0.00162122
0 0 0.763569 0 0.154662 0.00160539
0 0 0.362336 0 0.149836 0.00160172
0 0.546963 0.884318 0.574158 0.231364 0.00159273
0 0.0658693 0.889621 0.131739 0.220758 0.00158123
0 0.827676 0.937133 0.2508 0.125735 0.0015766
0 0.0428561 0.411849 0.0857121 0.178996 0.00157203
0 0.061974 0.812022 0.123948 0.189288 0.00156821
0 0.873091 0.930777 0.253819 0.138446 0.00156062
0 0.107295 0.812191 0.21459 0.173984 0.00154339
0 0 0.312608 0 0.150355 0.00153563
0 1 0.0628779 0 0.125756 0.00152786
0 0.938985 0.875364 0.12203 0.19122 0.00151778
0 0.0415463 0.36221 0.0830926 0.17242 0.00149884
0 0 0.112656 0 0.150565 0.00149587
0 0 0.814194 0 0.150545 0.00148868
0 0.095373 0.903911 0.190746 0.192179 0.00148804
0 0.223281 0.916902 0.264049 0.166196 0.00148182
0 0 0.263241 0 0.15029 0.00148138
0 0.776516 0.759025 0.0636011 0.0321728 0.00147869
0 0.0943489 0.772678 0.188698 0.174435 0.00145348
0 0 0.213292 0 0.150957 0.00144398
0 1 0.753848 0 0.173377 0.00143704
0 0.0314647 0.892682 0.0629293 0.214636 0.00143661
0 0.196786 0.812539 0.244175 0.170531 0.00143274
0 0.0410443 0.312623 0.0820886 0.168256 0.00143224
0 0.944779 0.909441 0.110442 0.181118 0.00142885
0 0 0.96928 0 0.0614407 0.00142563
0 1 0.703646 0 0.172105 0.001425
0 0.0921563 0.620581 0.184313 0.177698 0.00142284
0 1 0.653559 0 0.172152 0.00142232
0 0.0915836 0.56989 0.183167 0.17758 0.00142033
0 0 0.163491 0 0.151845 0.00142003
0 0.0927483 0.671003 0.185497 0.175855 0.00141552
0 1 0.553421 0 0.171828 0.00141304
0 1 0.806283 0 0.16912 0.00141301
0 1 0.603528 0 0.171876 0.0014119
0 1 0.503363 0 0.171711 0.00141096
0 1 0.453299 0 0.171572 0.00140946
0 0.274108 0.868323 0.280666 0.168774 0.00140796
0 0.0419765 0.263575 0.083953 0.16566 0.00140492
0 1 0.101101 0 0.173346 0.00140022
0 1 0.403267 0 0.171222 0.00139967
0 0 0.968691 0 0.0626178 0.00139964
0 0.0912668 0.519069 0.182534 0.176224 0.00139898
0 0.530596 0.645791 0.644989 0.260569 0.00139878
0 0.459332 0.65988 0.523678 0.233781 0.00139547
0 1 0.353282 0 0.171112 0.00139191
0 0 0.925858 0 0.148285 0.00139008
0 0.943189 0.966813 0.113623 0.0663738 0.0013878
0 0.324311 0.6617 0.525131 0.21089 0.00138719
0 1 0.203769 0 0.171497 0.0013849
0 1 0.303538 0 0.170959 0.00138477
0 1 0.153616 0 0.171304 0.00138276
0 0.0428277 0.21341 0.0856553 0.16719 0.00138223
0 1 0.254027 0 0.170411 0.0013798
0 0.0931421 0.720531 0.186284 0.173831 0.00137818
0 0.516337 0.757225 0.193025 0.217952 0.00137807
0 0.0941828 0.93128 0.188366 0.13744 0.00137749
0 0.0907988 0.468374 0.181598 0.17358 0.00137556
0 0.049944 0.111054 0.0998881 0.167502 0.00137372
0 0.386996 0.938762 0.240689 0.122475 0.00136691
0 0.892663 0.81318 0.214674 0.168167 0.0013584
0 0.429269 0.605458 0.365973 0.124859 0.00135585
0 0.0453854 0.163921 0.0907708 0.165953 0.0013529
0 0.0903369 0.417556 0.180674 0.170653 0.00133603
0 0.946351 0.813818 0.107298 0.166927 0.00132962
0 0.406185 0.914091 0.269736 0.171818 0.00132803
0 0.535836 0.913019 0.201798 0.173961 0.00132442
0 0.577298 0.729941 0.24828 0.180983 0.00132335
0 0 0.966198 0 0.0676046 0.00132144
0 0.748753 0.655322 0.502493 0.217068 0.00130558
0 0.984936 0.879262 0.0301284 0.180579 0.00130231
0 0.614769 0.919743 0.266084 0.160515 0.00130093
0 0.0899501 0.366847 0.1799 0.168746 0.00129424
0 0.0514297 0.0664382 0.102859 0.132876 0.00129292
0 0.986074 0.908602 0.0278512 0.182795 0.00129289
0 0.114853 0.97013 0.229706 0.0597406 0.00129135
0 1 0.0707755 0 0.141551 0.00129043
0 1 0.926486 0 0.147029 0.00128496
0 0 0.876897 0 0.17027 0.00128089
0 0.476315 0.929611 0.246231 0.140778 0.00127899
0 0.763517 0.918285 0.25271 0.163431 0.00127454
0 0.750021 0.935331 0.242598 0.129338 0.00127118
0 0.997784 0.0735996 0.00443113 0.147199 0.00125787
0 0.527671 0.93052 0.260322 0.138961 0.00125647
0 0.08979 0.316486 0.17958 0.167694 0.00125261
0 0.845401 0.913937 0.259894 0.172125 0.00124665
0 0.864069 0.0975004 0.0708367 0.0574014 0.00124517
0 0.947452 0.764346 0.105096 0.168047 0.00124333
0 0.673478 0.310151 0.231004 0.130757 0.00124185
0 0.961856 0.934167 0.0762877 0.131665 0.00123345
0 0.988713 0.162413 0.0225738 0.171719 0.0012328
0 0.492339 0.81051 0.225527 0.160146 0.00123001
0 0.0901648 0.266639 0.18033 0.167131 0.00122661
0 0.490733 0.905428 0.234181 0.189144 0.00122617
0 0.410697 0.532018 0.175463 0.0599726 0.0012261
0 0.994613 0.11004 0.0107735 0.17271 0.00122201
0 0.988372 0.212494 0.0232557 0.171761 0.00122161
0 0.660673 0.93518 0.254568 0.129639 0.00122133
0 1 0.979037 0 0.041925 0.00122102
0 0.154565 0.767069 0.228513 0.171572 0.00122036
0 0.988954 0.262551 0.0220928 0.171616 0.00121408
0 0.427291 0.870345 0.260882 0.178618 0.00120962
0 0.0900411 0.216112 0.180082 0.168428 0.00120854
0 0.110767 0.767619 0.221534 0.169022 0.00120711
0 0 0.927681 0 0.144639 0.00120625
0 0.990292 0.763577 0.0194153 0.17114 0.00120624
0 0.989853 0.312156 0.0202939 0.171679 0.00120569
0 0.584282 0.93227 0.253946 0.13546 0.00120536
0 0.0931481 0.113204 0.186296 0.170155 0.00120364
0 0.429767 0.812775 0.254101 0.162721 0.00120191
0 0.991523 0.712963 0.0169549 0.171523 0.00119662
0 0.0906804 0.165929 0.181361 0.167036 0.00119634
0 0.562732 0.871323 0.245924 0.182941 0.00119412
0 1 0.972535 0 0.0549294 0.00119226
0 1 0.860023 0 0.176255 0.00119219
0 0.990168 0.361976 0.0196647 0.17161 0.00119219
0 0.00265468 0.0664674 0.00530937 0.132935 0.00118983
0 0.989895 0.815225 0.0202094 0.162466 0.00118947
0 0.990086 0.512268 0.0198282 0.17183 0.00118897
0 0.990467 0.612504 0.0190658 0.171752 0.00118893
0 0.990305 0.562352 0.0193892 0.171743 0.00118878
0 0.991453 0.662309 0.0170939 0.171769 0.00118863
0 0.990005 0.462114 0.019989 0.171812 0.00118845
0 0.837824 0.805692 0.324352 0.24395 0.00118669
0 0.491409 0.864242 0.227895 0.214169 0.00118652
0 0.990124 0.412001 0.0197527 0.171855 0.00118497
0 0.490849 0.727436 0.240052 0.165059 0.00118205
0 0.197455 0.111563 0.265681 0.170356 0.00117664
0 0.271968 0.111508 0.259925 0.170764 0.00117291
0 0.537729 0.805161 0.223081 0.152977 0.00117135
0 0.684607 0.695074 0.400795 0.132556 0.00116629
0 0.129567 0.112521 0.259133 0.169991 0.00116566
0 0.69051 0.111492 0.259146 0.168947 0.00116471
0 0.683614 0.215305 0.267304 0.166737 0.00116155
0 0.757356 0.871047 0.257941 0.165083 0.00115998
0 0.0960043 0.0738538 0.192009 0.147708 0.00115957
0 0.877315 0.616631 0.245371 0.168421 0.00115815
0 0.761961 0.111621 0.261069 0.169755 0.00115554
0 0.876056 0.566896 0.247888 0.167199 0.00115473
0 0.95349 0.112347 0.0930192 0.169194 0.00115404
0 0.882138 0.163821 0.235725 0.163095 0.00115226
0 0.416723 0.76596 0.259693 0.178285 0.00115222
0 0.91235 0.716971 0.1753 0.167041 0.00115208
0 0.885788 0.112019 0.228425 0.170372 0.00115137
0 0.534384 0.263723 0.266658 0.166913 0.00115113
0 0.960069 0.0737212 0.079861 0.147442 0.00115074
0 0.877119 0.313531 0.245763 0.166818 0.00115063
0 0.342671 0.111253 0.251917 0.168747 0.00115055
0 0.884698 0.766444 0.230604 0.167225 0.00115042
0 0.607869 0.263864 0.273136 0.168125 0.00115017
0 0.681254 0.264292 0.274372 0.167929 0.00114979
0 0.878453 0.265665 0.243094 0.165406 0.00114805
0 0.944631 0.265348 0.110739 0.166613 0.00114741
0 0.827998 0.765892 0.269609 0.168473 0.00114685
0 0.944561 0.314854 0.110877 0.166993 0.00114647
0 0.124955 0.315749 0.24991 0.166888 0.00114549
0 0.531536 0.312741 0.269107 0.163829 0.00114542
0 0.611516 0.215249 0.265076 0.166813 0.001145
0 0.531167 0.364894 0.274201 0.165015 0.00114427
0 0.125465 0.265734 0.250929 0.16685 0.00114425
0 0.253765 0.766374 0.249679 0.169065 0.00114415
0 0.908871 0.765134 0.182258 0.166406 0.00114401
0 0.606925 0.313474 0.279013 0.165473 0.00114373
0 0.532681 0.414635 0.277045 0.167889 0.00114369
0 0.620068 0.111321 0.255748 0.167962 0.00114345
0 0.89088 0.0742341 0.218241 0.148468 0.0011415
0 0.606979 0.414504 0.282904 0.16885 0.00114139
0 0.91231 0.265834 0.175379 0.165498 0.00114076
0 0.754643 0.215069 0.267483 0.168028 0.00114051
0 0.747876 0.365016 0.280686 0.167773 0.00114003
0 0.945018 0.515726 0.109965 0.166895 0.00113991
0 0.538089 0.21525 0.26123 0.167198 0.00113866
0 0.296988 0.661786 0.351772 0.173826 0.00113805
0 0.606086 0.617374 0.266879 0.167359 0.00113636
0 0.124499 0.365904 0.248997 0.166996 0.00113632
0 0.438247 0.698488 0.369763 0.134484 0.00113599
0 0.126372 0.165098 0.252743 0.166827 0.00113572
0 0.534813 0.464938 0.27748 0.167903 0.00113557
0 0.605787 0.365145 0.283543 0.167172 0.00113541
0 0.310193 0.166581 0.164845 0.111883 0.00113457
0 0.76819 0.074356 0.25705 0.148712 0.00113449
0 0.874093 0.414271 0.251814 0.16778 0.00113443
0 0.946478 0.165024 0.107044 0.166065 0.00113386
0 0.696803 0.074191 0.254972 0.148382 0.00113337
0 0.944156 0.465432 0.111687 0.166507 0.00113268
0 0.94602 0.565935 0.10796 0.166625 0.00113244
0 0.492651 0.688784 0.524108 0.204216 0.0011322
0 0.880919 0.716784 0.238161 0.167619 0.0011318
0 0.943951 0.364954 0.112098 0.167237 0.00113175
0 0.13193 0.0737567 0.261328 0.147513 0.00113109
0 0.612821 0.163732 0.258865 0.166408 0.00113082
0 0.82364 0.716178 0.263113 0.1678 0.00113048
0 0.87421 0.516071 0.251581 0.168723 0.0011303
0 0.912068 0.566713 0.175863 0.1665 0.0011302
0 0.541693 0.163924 0.257926 0.166369 0.00112983
0 0.124201 0.416393 0.248401 0.166773 0.00112975
0 0.819287 0.616545 0.272232 0.168373 0.00112967
0 0.91999 0.112164 0.16002 0.170025 0.00112961
0 0.125734 0.215397 0.251469 0.167543 0.00112943
0 0.9129 0.666396 0.1742 0.167637 0.00112888
0 0.944211 0.414929 0.111578 0.167429 0.00112834
0 0.879673 0.666263 0.240654 0.16796 0.00112791
0 0.188215 0.164277 0.274484 0.166147 0.00112789
0 0.874513 0.465044 0.250974 0.165738 0.00112777
0 0.321872 0.813802 0.240085 0.168513 0.00112721
0 0.91123 0.516123 0.17754 0.167187 0.00112686
0 0.684595 0.163832 0.260323 0.1649 0.00112644
0 0.915098 0.164615 0.169805 0.164633 0.0011262
0 0.753253 0.313056 0.274716 0.165302 0.00112541
0 0.441842 0.281625 0.440251 0.200898 0.00112537
0 0.124074 0.467107 0.248148 0.167049 0.00112516
0 0.947841 0.665532 0.104318 0.167245 0.00112481
0 0.203466 0.0734588 0.256436 0.146918 0.00112471
0 0.911573 0.31462 0.176855 0.166967 0.00112464
0 0.947743 0.715877 0.104514 0.166849 0.00112356
0 0.186152 0.314549 0.283855 0.167813 0.00112356
0 0.753062 0.264363 0.267672 0.16688 0.0011233
0 0.747844 0.616979 0.272861 0.167001 0.00112276
0 0.945033 0.215276 0.109935 0.167074 0.00112249
0 0.877642 0.21562 0.244716 0.16884 0.00112229
0 0.831396 0.111468 0.25943 0.170622 0.00112184
0 0.837862 0.0743715 0.25623 0.148743 0.00112083
0 0.550253 0.11147 0.253333 0.167948 0.0011205
0 0.0902964 0.0648417 0.180593 0.129683 0.00111856
0 0.911774 0.616504 0.176453 0.167919 0.00111843
0 0.873128 0.365511 0.253744 0.167223 0.00111811
0 0.925391 0.0738911 0.149217 0.147782 0.0011176
0 0.401744 0.5659 0.256443 0.167467 0.00111706
0 0.682011 0.313689 0.280479 0.166074 0.00111697
0 0.275381 0.073139 0.251872 0.146278 0.00111684
0 0.819423 0.566361 0.2725 0.167209 0.00111616
0 0.821396 0.312485 0.268858 0.16652 0.00111607
0 0.535474 0.617635 0.260829 0.167866 0.00111591
0 0.524396 0.610401 0.612547 0.158553 0.00111542
0 0.747699 0.515825 0.279105 0.168948 0.00111492
0 0.748371 0.566026 0.275065 0.167178 0.00111451
0 0.946609 0.615833 0.106782 0.1672 0.00111405
0 0.408137 0.719227 0.24918 0.164891 0.00111374
0 0.910389 0.465465 0.179222 0.165645 0.00111372
0 0.607204 0.566326 0.267727 0.166964 0.00111364
0 0.756867 0.163698 0.26107 0.163223 0.00111332
0 0.67782 0.565973 0.273516 0.167183 0.00111309
0 0.676579 0.61715 0.271718 0.167343 0.00111294
0 0.184893 0.264417 0.28247 0.168244 0.00111259
0 0.336 0.213398 0.258309 0.167182 0.00111208
0 0.821409 0.666373 0.264479 0.16773 0.0011111
0 0.625896 0.0738727 0.252649 0.147745 0.00111064
0 0.399822 0.514542 0.257647 0.165163 0.00111051
0 0.821021 0.214887 0.264906 0.168931 0.00111033
0 0.535218 0.515175 0.270537 0.16752 0.00111002
0 0.535676 0.566414 0.262798 0.166834 0.00110982
0 0.909055 0.365426 0.181891 0.167124 0.00110955
0 0.188294 0.364642 0.282997 0.168329 0.00110926
0 0.465648 0.514903 0.264477 0.166207 0.0011089
0 0.817801 0.365142 0.27795 0.168105 0.00110877
0 0.818802 0.515378 0.273154 0.169354 0.00110825
0 0.749976 0.718677 0.263657 0.166748 0.00110768
0 0.909915 0.414694 0.180171 0.167769 0.00110733
0 0.124186 0.517713 0.248372 0.168119 0.00110729
0 0.510875 0.814405 0.177278 0.126403 0.942519
0 0.793093 0.744316 0.106673 0.0668652 0.00209464
0 0.0195539 0.971426 0.0391077 0.0571487 0.00204199
0 0.212691 0.757041 0.145731 0.0972294 0.00169307
0 0.804397 0.136872 0.177469 0.106237 0.00164191
0 0.577204 0.966962 0.261206 0.066077 0.00163219
0 0.789983 0.756866 0.108651 0.0361891 0.00162605
0 0.514045 0.966687 0.265783 0.0666269 0.00162234
0 0.643413 0.967408 0.265418 0.0651832 0.00160211
0 0.0137105 0.624058 0.027421 0.246556 0.00158638
0 0.446679 0.967006 0.265452 0.0659886 0.00158445
0 0.0137763 0.526726 0.0275526 0.24424 0.00158347
0 0.0644728 0.971094 0.128946 0.0578118 0.00158272
0 0.0136215 0.674846 0.027243 0.245109 0.00157971
0 0.0137174 0.47845 0.0274349 0.224915 0.00156932
0 0.0138599 0.574678 0.0277197 0.247395 0.00156855
0 0.0136152 0.774812 0.0272304 0.247362 0.00155976
0 0.0135836 0.725342 0.0271672 0.245448 0.00155935
0 0.0142126 0.42543 0.0284253 0.205511 0.00155057
0 0.11745 0.966332 0.225075 0.0673368 0.00153632
0 0.37214 0.967404 0.259281 0.065192 0.00153329
0 0.204323 0.96728 0.2475 0.0654404 0.00153206
0 0.710166 0.967805 0.264659 0.0643902 0.00152101
0 0.0140103 0.877731 0.0280205 0.244538 0.00151573
0 0.0133698 0.823022 0.0267397 0.244723 0.00150477
0 0.0154169 0.376364 0.0308338 0.194695 0.00149478
0 0.297268 0.96721 0.260628 0.0655794 0.00148042
0 0.787314 0.967982 0.270163 0.0640362 0.00147347
0 0 0.111463 0 0.195362 0.00146283
0 0.0164046 0.921886 0.0328091 0.156229 0.00145665
0 0 0.173017 0 0.222492 0.00144488
0 0 0.823371 0 0.323863 0.00142585
0 0.867115 0.966359 0.26577 0.0672817 0.0014254
0 0 0.62282 0 0.320258 0.0014208
0 0.907193 0.966259 0.185615 0.0674826 0.00139981
0 0.0163631 0.325679 0.0327261 0.191955 0.00139154
0 0.0168428 0.276424 0.0336857 0.19088 0.00137959
0 0 0.723639 0 0.320833 0.0013733
0 0.95111 0.969895 0.0977802 0.0602106 0.00137233
0 0.99668 0.967025 0.00664 0.0659507 0.00137169
0 0 0.320904 0 0.266056 0.00136824
0 0.985057 0.892029 0.0298864 0.215943 0.00136263
0 0 0.374929 0 0.271375 0.00135312
0 0 0.223067 0 0.250494 0.0013517
0 0 0.272648 0 0.262498 0.00135084
0 0.0178326 0.225816 0.0356653 0.185783 0.00133224
0 0 0.0658478 0 0.131696 0.00130445
0 0.023043 0.173884 0.046086 0.176574 0.00129774
0 0.0822605 0.940416 0.164521 0.119168 0.001296
0 0.971367 0.931392 0.0572653 0.137216 0.0012956
0 0 0.426103 0 0.289913 0.00129544
0 0 0.478598 0 0.307941 0.00128366
0 0.522067 0.75393 0.186786 0.219025 0.00127037
0 0.522575 0.80126 0.151151 0.10095 0.00126772
0 0.987631 0.802184 0.0247381 0.224509 0.00125706
0 0.988308 0.35621 0.0233838 0.224279 0.00124739
0 0.987871 0.656032 0.0242576 0.231809 0.00124635
0 0.987428 0.756913 0.025143 0.233755 0.00124533
0 0.987708 0.706858 0.0245847 0.231794 0.00124425
0 0.987847 0.606311 0.0243067 0.231589 0.00123902
0 0.988477 0.306107 0.0230459 0.222963 0.00123886
0 0.98767 0.506435 0.0246598 0.231654 0.00123851
0 0.987647 0.556722 0.0247063 0.231573 0.00123233
0 0.987821 0.456367 0.024359 0.226235 0.00122829
0 0.988083 0.406516 0.0238346 0.225163 0.0012257
0 0.989097 0.255445 0.0218066 0.224849 0.00122529
0 0.99115 0.20546 0.0177007 0.21983 0.00121247
0 0.979326 0.508977 0.0413489 0.311498 0.00121089
0 0.505762 0.796066 0.154105 0.0853886 0.00121075
0 0.0471012 0.118803 0.0942024 0.170009 0.00121064
0 0.98226 0.206502 0.0354793 0.291011 0.00120123
0 0.242657 0.936732 0.247246 0.126535 0.00119926
0 0.612429 0.919545 0.247797 0.160911 0.00119268
0 0.979572 0.608118 0.0408551 0.312911 0.0011913
0 0.32377 0.936915 0.241694 0.126171 0.00118694
0 0.979859 0.708312 0.0402827 0.31624 0.00118553
0 0.538338 0.912151 0.180159 0.175699 0.00118373
0 0.16925 0.193667 0.338499 0.208077 0.00118257
0 0.736849 0.935674 0.245609 0.128652 0.00118094
0 0.537081 0.930319 0.251756 0.139361 0.0011792
0 0.747498 0.918964 0.256761 0.162073 0.00117575
0 0.431891 0.814177 0.250123 0.158811 0.00117228
0 0.661903 0.935903 0.252322 0.128194 0.0011721
0 0.483316 0.930304 0.239631 0.139392 0.00116902
0 0.0156331 0.0733313 0.0312662 0.146663 0.00116869
0 0.979155 0.804893 0.0416903 0.315538 0.00116866
0 0.590857 0.729871 0.241506 0.178551 0.00116546
0 0.813489 0.936206 0.252145 0.127588 0.00116455
0 0.422411 0.913658 0.250348 0.172684 0.00116268
0 0.979444 0.304735 0.0411128 0.305705 0.00116214
0 0.53791 0.802789 0.224015 0.159512 0.00116096
0 0.00178697 0.964665 0.00357393 0.0706701 0.00115887
0 1 0.0731843 0 0.146369 0.00115717
0 0.798243 0.748019 0.127405 0.0484547 0.00115622
0 0.88442 0.93474 0.23116 0.130521 0.00114832
0 1 0.101951 0 0.196731 0.00114812
0 0.157274 0.935524 0.233906 0.128953 0.00114683
0 0.335338 0.91812 0.254872 0.163759 0.0011457
0 0.593505 0.932507 0.244538 0.134985 0.00113611
0 0.979132 0.40796 0.041737 0.305167 0.00113493
0 0.0950974 0.923532 0.190195 0.152936 0.00113166
0 0.987225 0.150723 0.0255508 0.2601 0.00112623
0 0.406031 0.937922 0.242456 0.124156 0.00112479
0 0.4914 0.762134 0.230344 0.189407 0.00112397
0 0.551163 0.165995 0.254166 0.161959 0.00112074
0 0.82012 0.918202 0.27375 0.163597 0.00111526
0 0.550288 0.216824 0.255784 0.162965 0.00110811
0 0.534913 0.904554 0.246108 0.190891 0.00110681
0 0.882037 0.91757 0.235927 0.16486 0.00110447
0 0 0.159603 0 0.189914 0.00110418
0 0.491937 0.905423 0.228935 0.189153 0.00110227
0 0.549969 0.266903 0.255172 0.162178 0.00110126
0 0.432707 0.87061 0.252071 0.177806 0.00109983
0 0.554854 0.115491 0.24995 0.16253 0.00109393
0 0.550277 0.316725 0.250365 0.160544 0.00109348
0 0.000627526 0.909624 0.00125505 0.180751 0.00109339
0 0 0.208246 0 0.202421 0.00109297
0 0.0891117 0.0743145 0.178223 0.148629 0.00109093
0 0.178656 0.916252 0.271424 0.167496 0.00108967
0 0.934547 0.0744388 0.130906 0.148878 0.00108624
0 0.42094 0.763977 0.251638 0.173693 0.0010853
0 0.551085 0.367899 0.248911 0.160559 0.00108498
0 0.560971 0.0736704 0.249493 0.147341 0.0010845
0 0.258532 0.916842 0.264872 0.166317 0.0010824
0 0.47874 0.165857 0.252246 0.161585 0.00108182
0 0.928096 0.934844 0.143809 0.130312 0.00108075
0 0.409512 0.266743 0.251859 0.162492 0.00107626
0 0.407566 0.216843 0.251776 0.161771 0.00107581
0 0.622071 0.165929 0.259341 0.161907 0.00107568
0 0.477782 0.21695 0.255065 0.162649 0.00107525
0 0.00247225 0.309723 0.00494451 0.208802 0.00107502
0 0.482443 0.11548 0.247782 0.162993 0.00107228
0 0.00197469 0.259376 0.00394938 0.208812 0.00107223
0 0.547147 0.732475 0.22963 0.177806 0.00107196
0 0.411249 0.417908 0.248756 0.158828 0.0010719
0 0.33775 0.165191 0.2494 0.16049 0.00107106
0 0.407073 0.165579 0.25137 0.160958 0.00107078
0 0.492632 0.810617 0.221561 0.161007 0.00106805
0 0.622025 0.216598 0.257042 0.162958 0.00106733
0 0.441237 0.410314 0.644706 0.281826 0.00106679
0 0.492557 0.72837 0.236971 0.159842 0.00106507
0 0.2045 0.212583 0.409 0.236175 0.00106482
0 0.928938 0.517186 0.142125 0.162659 0.00106391
0 0.553553 0.417159 0.251268 0.161759 0.0010633
0 0.92836 0.567634 0.14328 0.163156 0.00106222
0 0.195006 0.517308 0.259293 0.162833 0.00106201
0 0.977927 0.851924 0.0441454 0.296152 0.00106059
0 0.93044 0.26681 0.139121 0.160452 0.00106006
0 0.489107 0.073581 0.24881 0.147162 0.00105981
0 0.412725 0.60569 0.537343 0.168766 0.0010596
0 0.93025 0.16596 0.1395 0.158892 0.00105947
0 0.930763 0.31575 0.138474 0.160542 0.00105887
0 0.623581 0.416825 0.252129 0.162234 0.00105836
0 0.475611 0.41738 0.250965 0.161497 0.00105649
0 0.197242 0.165544 0.253953 0.160421 0.00105546
0 0.930242 0.216377 0.139516 0.161315 0.00105544
0 0.195197 0.316471 0.256472 0.161621 0.00105534
0 0.198025 0.567709 0.261653 0.16311 0.0010542
0 0.410735 0.469126 0.248939 0.160036 0.00105412
0 0.632894 0.0736042 0.250677 0.147208 0.00105336
0 0.476253 0.468434 0.25259 0.162024 0.00105227
0 0.476275 0.266782 0.254072 0.163591 0.00105153
0 0.930279 0.365877 0.139442 0.161107 0.00105104
0 0.621451 0.26662 0.256545 0.162917 0.00105094
0 0.110594 0.882848 0.221187 0.164557 0.00105066
0 0.275944 0.568433 0.251004 0.162496 0.00105064
0 0.885444 0.517037 0.229112 0.165405 0.00105038
0 0.929719 0.465981 0.140562 0.160331 0.00104943
0 0.473314 0.367791 0.249022 0.161239 0.00104906
0 0.621241 0.316613 0.252791 0.162319 0.00104831
0 0.926906 0.817767 0.146188 0.164394 0.00104662
0 0.626797 0.115291 0.254168 0.162766 0.00104631
0 0.411023 0.367966 0.248454 0.158203 0.0010461
0 0.412776 0.519446 0.247264 0.15926 0.00104599
0 0.341423 0.115018 0.248485 0.162466 0.00104496
0 0.553029 0.467777 0.251259 0.16155 0.00104421
0 0.926208 0.915862 0.147584 0.168275 0.00104398
0 0.621958 0.367389 0.251447 0.161541 0.00104377
0 0.337039 0.216105 0.250062 0.161485 0.00104371
0 0.929845 0.41581 0.14031 0.161078 0.00104345
0 0.887867 0.366181 0.224266 0.162643 0.00104284
0 0.196459 0.216284 0.25493 0.161629 0.00104227
0 0.201083 0.114847 0.250992 0.162475 0.00104205
0 0.970676 0.908214 0.058648 0.183571 0.00104201
0 0.762267 0.366875 0.254095 0.161771 0.00104195
0 0.194204 0.467281 0.259 0.162563 0.00104125
0 0.474501 0.316696 0.251106 0.160952 0.00104096
0 0.411261 0.115235 0.248858 0.163008 0.00104094
0 0.270823 0.316469 0.252333 0.159966 0.0010403
0 0.76267 0.316455 0.257848 0.162095 0.00103962
0 0.337066 0.265867 0.251423 0.164022 0.00103945
0 0.348058 0.0733213 0.249681 0.146643 0.00103908
0 0.887532 0.416111 0.224937 0.161999 0.00103879
0 0.88478 0.56735 0.23044 0.165261 0.00103844
0 0.195342 0.366279 0.257027 0.162059 0.00103843
0 0.273083 0.516964 0.25099 0.162289 0.00103832
0 0.762473 0.4166 0.255864 0.161151 0.00103716
0 0.477821 0.518355 0.249618 0.162243 0.00103685
0 0.195505 0.266229 0.256122 0.162424 0.0010366
0 0.195147 0.416472 0.25773 0.162236 0.0010352
0 0.418234 0.073427 0.249456 0.146854 0.00103496
0 0.691483 0.266857 0.258044 0.161542 0.00103488
0 0.703855 0.0732599 0.249489 0.14652 0.00103439
0 0.925895 0.768657 0.14821 0.163853 0.00103415
0 0.927562 0.869329 0.144876 0.168154 0.00103251
0 0.273184 0.366026 0.250303 0.160556 0.00103197
0 0.203775 0.618183 0.258988 0.16196 0.00103194
0 0.337748 0.315963 0.249313 0.162065 0.00103118
0 0.692966 0.16557 0.261115 0.161744 0.00103086
0 0.887201 0.466156 0.225597 0.1617 0.00102988
0 0.553066 0.517332 0.249237 0.162186 0.00102946
0 0.895807 0.0736465 0.208386 0.147293 0.00102945
0 0.692493 0.216341 0.25899 0.162463 0.00102917
0 0.27745 0.0734187 0.250515 0.146837 0.00102824
0 0.411658 0.317367 0.248433 0.157302 0.00102784
0 0.887856 0.2666 0.224288 0.161943 0.00102783
0 0.884281 0.81784 0.231438 0.166803 0.00102698
0 0.553019 0.567 0.246927 0.162261 0.00102689
0 0.889834 0.164904 0.220332 0.159733 0.00102634
0 0.762415 0.46705 0.25551 0.161641 0.0010257
0 0.76036 0.56664 0.257886 0.162998 0.00102507
0 0.622733 0.566208 0.249834 0.162859 0.00102498
0 0.932866 0.114207 0.134268 0.164274 0.00102417
0 0.271891 0.466708 0.250874 0.163021 0.00102324
0 0.888142 0.315718 0.223716 0.162223 0.0010232
0 0.26804 0.266041 0.254423 0.162107 0.00102221
0 0.698532 0.114617 0.255199 0.163423 0.00102146
0 0.927015 0.717001 0.14597 0.16325 0.00102084
0 0.691395 0.316694 0.254311 0.162086 0.00102069
0 0.491527 0.866486 0.223055 0.210934 0.00102058
0 0.927157 0.617654 0.145686 0.164989 0.00102045
0 0.763457 0.266619 0.261098 0.161488 0.00102031
0 0.277869 0.619763 0.24957 0.165832 0.00102007
0 0.563211 0.873941 0.239086 0.173438 0.00101979
0 0.206798 0.0735376 0.250586 0.147075 0.00101916
0 0.273246 0.415973 0.250352 0.161865 0.00101799
0 0.69208 0.416536 0.252864 0.161196 0.00101783
0 0.76109 0.517091 0.25603 0.163555 0.00101743
0 0.774842 0.0728728 0.247262 0.145746 0.0010173
0 0.833432 0.366682 0.256327 0.162076 0.00101719
0 0.769645 0.114409 0.253689 0.163427 0.0010169
0 0.885001 0.869189 0.229999 0.168407 0.00101455
0 0.832166 0.517017 0.256661 0.163379 0.00101449
0 0.345928 0.868648 0.256929 0.166614 0.00101374
0 0.27102 0.114731 0.251384 0.163308 0.00101341
0 0.622197 0.516829 0.250377 0.162525 0.00101197
0 0.831522 0.567194 0.258923 0.163054 0.00101143
0 0.766102 0.21603 0.260647 0.163028 0.00101118
0 0.690748 0.566131 0.253168 0.163095 0.00101114
0 0.622618 0.467074 0.251059 0.161827 0.00101037
0 0.831722 0.868391 0.267113 0.166615 0.00101008
0 0.8915 0.114401 0.217 0.164227 0.00100994
0 0.883273 0.618022 0.233454 0.167097 0.00100981
0 0.766335 0.165632 0.25924 0.160686 0.00100953
0 0.88812 0.215479 0.223761 0.164282 0.00100823
0 0.844148 0.0731153 0.248108 0.146231 0.00100807
0 0.764019 0.105031 0.471963 0.210062 0.00100788
0 0.107741 0.575091 0.215482 0.157856 0.00100753
0 0.108886 0.372036 0.217772 0.152891 0.00100749
0 0.250026 0.196146 0.250662 0.139453 0.00100645
0 0.108153 0.422688 0.216306 0.152694 0.00100508
0 0.69171 0.366984 0.252009 0.161403 0.00100474
0 0.926639 0.667644 0.146722 0.164402 0.00100456
0 0.267199 0.165108 0.253984 0.161514 0.0010036
0 0.337399 0.365744 0.246629 0.163256 0.00100348
0 0.664734 0.722287 0.269414 0.172067 0.00100315
0 0.336544 0.467591 0.248144 0.163862 0.0010024
0 0.882844 0.769751 0.234312 0.164437 0.00100121
0 0.756457 0.768932 0.259769 0.162871 0.00100099
0 0.208835 0.668045 0.254785 0.160846 0.0010009
0 0.110536 0.624778 0.221072 0.15727 0.00100034
0 0.509777 0.816224 0.175213 0.124354 0.95867
0 0.99963 0.113953 0.000740794 0.227907 0.167278
0 0.00913866 0.113164 0.0182773 0.226328 0.154844
0 0.861339 0.767925 0.277322 0.243909 0.0627324
0 0.998847 0.887998 0.0023061 0.224005 0.0482398
0 0.164787 0.894096 0.311395 0.208332 0.0180386
0 0.858015 0.879799 0.283971 0.238773 0.0129131
0 0.014383 0.887792 0.0287659 0.224416 0.0079731
0 0.230903 0.697673 0.202929 0.112428 0.00634239
0 0.998126 0.166619 0.00374772 0.280574 0.00505301
0 0.997968 0.843383 0.00406302 0.282554 0.00414164
0 0.998067 0.791916 0.0038652 0.280659 0.00395159
0 0.998132 0.741834 0.00373503 0.280632 0.00376239
0 0.998183 0.691867 0.00363321 0.280552 0.00366504
0 0.998178 0.64197 0.0036432 0.280531 0.00361012
0 0.998224 0.466848 0.00355165 0.280513 0.00356466
0 0.998218 0.516779 0.00356394 0.280616 0.003514
0 0.998204 0.416912 0.00359243 0.28042 0.00350265
0 0.99817 0.591935 0.00365968 0.280589 0.00350253
0 0.998188 0.366919 0.00362457 0.280367 0.00339092
0 1 0.959314 0 0.0813726 0.00332901
0 0.99818 0.216845 0.00363942 0.280515 0.00327422
0 0.998195 0.31686 0.00361053 0.28045 0.0032326
0 0.998195 0.266799 0.00360945 0.280421 0.00322933
0 0.958707 0.956303 0.0825857 0.0850265 0.00308463
0 0.369188 0.693775 0.143828 0.103598 0.00303931
0 0.503176 0.713654 0.177283 0.132272 0.00296234
0 0.264689 0.867725 0.377806 0.241478 0.00290305
0 0.995759 0.8685 0.00848132 0.262999 0.00280302
0 0.843938 0.836626 0.310552 0.302958 0.00245273
0 0.258108 0.052972 0.196045 0.095979 0.00234241
0 0.185782 0.757511 0.298632 0.228169 0.00229652
0 0.997319 0.8104 0.00536286 0.348738 0.00224142
0 0.0598975 0.841018 0.119795 0.317965 0.0022219
0 0.997894 0.597301 0.00421224 0.327812 0.0022041
0 0.0146586 0.1618 0.0293171 0.272803 0.00219755
0 0.998117 0.698633 0.00376636 0.331386 0.00219681
0 0.996453 0.189811 0.0070948 0.319853 0.00215253
0 0.994247 0.125488 0.0115059 0.250976 0.00214619
0 0.997764 0.496041 0.00447204 0.324887 0.00214394
0 0.997682 0.295487 0.00463624 0.320971 0.00212392
0 0.997731 0.395788 0.0045374 0.323861 0.00211731
0 1 0.890186 0 0.219627 0.00207036
0 0.0396191 0.866579 0.0792383 0.266843 0.00206586
0 0.185175 0.785793 0.347251 0.253054 0.00204069
0 0.063328 0.549429 0.126656 0.345701 0.00197293
0 0.0625332 0.295905 0.125066 0.333146 0.00196618
0 0.0625469 0.446717 0.125094 0.33816 0.00192238
0 0.0639241 0.6554 0.127848 0.361147 0.00190049
0 0.792732 0.655445 0.364131 0.236032 0.00189592
0 0.99751 0.749619 0.00497909 0.324861 0.00188249
0 0.0533019 0.196676 0.106604 0.330188 0.00186873
0 0.997468 0.0971818 0.00506403 0.194364 0.00186358
0 0.062748 0.763865 0.125496 0.383318 0.00184699
0 1 0.977219 0 0.0455612 0.00183905
0 0.431206 0.68831 0.26174 0.0897743 0.00177048
0 1 0.127072 0 0.254143 0.00166364
0 0.352364 0.83905 0.455932 0.321414 0.00164554
0 1 0.906978 0 0.186044 0.00163047
0 0.217771 0.739816 0.227207 0.193952 0.0016065
0 0.955574 0.108904 0.0888518 0.214478 0.00157799
0 0.263245 0.676231 0.278925 0.176685 0.00156567
0 0.999779 0.0685302 0.00044183 0.13706 0.00156536
0 0.345163 0.671333 0.248904 0.150475 0.00155896
0 0.701132 0.758485 0.245442 0.228486 0.00150677
0 0.960897 0.683681 0.0782063 0.226854 0.0014661
0 0.182586 0.661344 0.305491 0.223708 0.0014608
0 0.078819 0.595303 0.157638 0.306057 0.00145956
0 0.881958 0.120407 0.236084 0.239143 0.00144313
0 0.219248 0.633202 0.173915 0.139192 0.00144026
0 0.960732 0.278566 0.0785367 0.224751 0.00143951
0 0.488587 0.752643 0.227671 0.215829 0.00141186
0 0.0837374 0.71087 0.167475 0.364918 0.00140565
0 0.00810844 0.96769 0.0162169 0.0646193 0.00139811
0 0.956261 0.736567 0.0874772 0.248495 0.00139678
0 0.0107317 0.0762749 0.0214635 0.15255 0.00138533
0 0.0834924 0.499705 0.166985 0.292545 0.00138403
0 0.889236 0.961964 0.218985 0.0760727 0.00137979
0 0.08629 0.449768 0.17258 0.287402 0.00136875
0 0.089157 0.40076 0.178314 0.286484 0.00135532
0 0.298496 0.81812 0.561546 0.36376 0.00134943
0 0.0916091 0.350725 0.183218 0.284225 0.00134882
0 0 0.894151 0 0.199183 0.00134433
0 0.0954161 0.302656 0.190832 0.281972 0.0013401
0 0.00968197 0.972651 0.0193639 0.054697 0.00133982
0 0.102294 0.812414 0.204588 0.375171 0.00133
0 0.560258 0.87421 0.250179 0.229778 0.00132556
0 0.778085 0.712948 0.421959 0.338391 0.00132039
0 0.00736561 0.968413 0.0147312 0.0631741 0.00132025
0 0.996776 0.956799 0.00644785 0.0864014 0.00131104
0 0.568687 0.748074 0.233568 0.214735 0.0013015
0 0.103984 0.205427 0.207968 0.28395 0.00130096
0 0.101685 0.257157 0.20337 0.283224 0.00129824
0 0.26794 0.632896 0.265793 0.170392 0.00128867
0 0.708823 0.82095 0.417263 0.258452 0.00128206
0 0.992217 0.55879 0.0155664 0.273566 0.00128203
0 0.734941 0.876801 0.318402 0.219626 0.0012791
0 0.488001 0.960293 0.245044 0.0794132 0.00127717
0 0.659591 0.722337 0.225031 0.186076 0.00127677
0 0 0.0685814 0 0.137163 0.0012756
0 0.351632 0.635658 0.249272 0.170637 0.00127156
0 0 0.819376 0 0.150926 0.00126291
0 0.0682859 0.969531 0.136572 0.0609381 0.00125811
0 0.428226 0.894715 0.259685 0.20584 0.00125804
0 0.412388 0.959997 0.244467 0.0800058 0.00125714
0 0.722599 0.665881 0.278962 0.162042 0.0012556
0 0.963132 0.622368 0.073737 0.190275 0.00125056
0 0.624077 0.960653 0.237862 0.0786944 0.00124534
0 0.331638 0.959175 0.256817 0.0816496 0.00123961
0 0.554531 0.960391 0.241984 0.0792185 0.00123715
0 0.989664 0.967082 0.0206723 0.0658367 0.00123194
0 0.25044 0.794308 0.50088 0.351254 0.00123142
0 0.239294 0.95881 0.279144 0.0823791 0.00123023
0 1 0.912749 0 0.174502 0.00122451
0 0.961226 0.327178 0.0775483 0.234942 0.00122288
0 0.707357 0.715772 0.269049 0.184898 0.00121904
0 0.844176 0.727292 0.311647 0.289809 0.00121771
0 0.0383903 0.261165 0.0767805 0.27347 0.00121456
0 0.101412 0.137714 0.202824 0.244363 0.0012127
0 0.857738 0.600549 0.284525 0.179082 0.00121161
0 0.557446 0.814433 0.251552 0.150251 0.00120859
0 0.0356727 0.31109 0.0713454 0.27373 0.00120067
0 0.854585 0.957462 0.29083 0.0850758 0.00119949
0 0 0.218034 0 0.151759 0.00119322
0 0 0.320167 0 0.154461 0.0011893
0 0.198067 0.735246 0.396135 0.394659 0.00118823
0 0 0.26988 0 0.153699 0.00118584
0 0.78213 0.101423 0.435741 0.195065 0.0011828
0 0.0758772 0.664574 0.151754 0.275529 0.00117916
0 0.816904 0.801358 0.366193 0.367153 0.00117587
0 0.0927995 0.0959218 0.185599 0.191844 0.00117248
0 0.0437936 0.718203 0.0875873 0.311553 0.00117042
0 0.417415 0.667564 0.248744 0.159177 0.00116559
0 0.386126 0.760125 0.321016 0.251047 0.00116222
0 0.0351593 0.362344 0.0703185 0.276569 0.00116187
0 0 0.941311 0 0.117378 0.00116045
0 0.961506 0.484806 0.0769883 0.230891 0.00115944
0 0.281561 0.775794 0.345658 0.246312 0.00115619
0 0.41937 0.717708 0.245093 0.168649 0.00115564
0 0.0363114 0.413478 0.0726227 0.279812 0.00115531
0 0.0391254 0.513377 0.0782508 0.286818 0.00115526
0 0 0.370341 0 0.154688 0.00115443
0 0.0412122 0.615682 0.0824245 0.296293 0.00115239
0 0 0.570056 0 0.15596 0.0011493
0 0 0.770679 0 0.156443 0.00114875
0 0 0.520041 0 0.155693 0.00114821
0 0 0.42023 0 0.155518 0.00114746
0 0 0.619795 0 0.156048 0.00114658
0 0 0.470188 0 0.155716 0.00114598
0 0 0.669864 0 0.156245 0.00114536
0 0 0.720893 0 0.157801 0.00114186
0 0.75319 0.960043 0.241348 0.0799132 0.0011418
0 0.341956 0.827763 0.169378 0.124945 0.00113927
0 0.627145 0.734474 0.224423 0.190751 0.00113508
0 0.493103 0.827109 0.220262 0.177442 0.00112912
0 0.964656 0.945703 0.0706876 0.108595 0.00112854
0 0.68975 0.960251 0.2459 0.0794981 0.00112454
0 0 0.160245 0 0.163109 0.00111826
0 0.175257 0.95843 0.276557 0.08314 0.00110998
0 1 0.881535 0 0.236929 0.00110923
0 0.103395 0.950998 0.19135 0.0944008 0.00110659
0 0.867438 0.678436 0.265124 0.22361 0.00109335
0 0.493178 0.908371 0.225873 0.177789 0.00109324
0 1 0.126396 0 0.244455 0.0010927
0 0.275716 0.96033 0.355725 0.0793406 0.00108953
0 0.204781 0.610141 0.143061 0.188485 0.00108945
0 1 0.808098 0 0.240356 0.00108089
0 0.949675 0.973225 0.10065 0.0535503 0.00107966
0 1 0.757538 0 0.240285 0.00107759
0 1 0.707429 0 0.239936 0.00107539
0 1 0.407706 0 0.23859 0.00107469
0 1 0.357905 0 0.238216 0.0010717
0 0.98234 0.980054 0.0353198 0.0398911 0.00107074
0 1 0.657552 0 0.239569 0.00106981
0 1 0.607641 0 0.239241 0.00106967
0 1 0.457408 0 0.239112 0.00106951
0 1 0.557573 0 0.239161 0.00106672
0 1 0.308003 0 0.237748 0.00106538
0 1 0.507425 0 0.239229 0.00106486
0 0.708493 0.103188 0.556374 0.206376 0.00106444
0 0.187802 0.960075 0.363369 0.0798504 0.00106256
0 0.9976 0.968161 0.00480071 0.0636775 0.00105792
0 1 0.257898 0 0.237756 0.00105591
0 0.96148 0.529327 0.0770399 0.224481 0.00105502
0 0.624548 0.960553 0.219841 0.0788948 0.00105334
0 0.0215854 0.787227 0.0431708 0.272828 0.00105213
0 0.351925 0.568277 0.254988 0.157443 0.0010392
0 1 0.208173 0 0.236899 0.00103823
0 0.172705 0.618296 0.240556 0.172396 0.00103786
0 0.255567 0.571882 0.278172 0.161455 0.00103601
0 0.0729903 0.617683 0.145981 0.214256 0.00101795
0 0.841712 0.960368 0.280753 0.0792644 0.0010081
0 0.24872 0.745624 0.346188 0.2645 0.00100718
0 0.962273 0.387123 0.0754546 0.23658 0.00100623
0 0.508992 0.813386 0.17546 0.124342 0.964719
0 0.713588 0.150829 0.144341 0.140908 0.00747273
0 0.278492 0.645475 0.277286 0.199624 0.00697784
0 0.324427 0.648324 0.208413 0.198038 0.00244931
0 0.779055 0.743176 0.109391 0.0685738 0.00237875
0 0.523703 0.760279 0.184902 0.0221443 0.00211929
0 0.718712 0.340307 0.137544 0.0807869 0.00149186
0 0.247915 0.709592 0.164735 0.0689949 0.00148659
0 0.794855 0.748102 0.144709 0.0746728 0.00146062
0 0.511956 0.835529 0.162069 0.0806032 0.00129093
0 0.0302797 1 0.0605594 0 0.00124985
0 1 0.795874 0 0.275649 0.00123575
0 0.836384 0.880097 0.327232 0.239806 0.00121115
0 0.859716 0.71232 0.280569 0.233738 0.00118213
0 0.996221 0.10179 0.00755837 0.20358 0.00116662
0 1 0.969127 0 0.0617458 0.00116076
0 0.84876 0.542113 0.130025 0.0619029 0.00114201
0 1 0.981763 0 0.0364737 0.00113471
0 0.999039 0.861714 0.0019218 0.276572 0.00113345
0 0.994765 0.839919 0.0104702 0.162122 0.00112214
0 0.993917 0.901613 0.0121654 0.196775 0.00111958
0 0.247686 0.662559 0.219117 0.170788 0.00110921
0 0.198565 0.172014 0.13367 0.0984894 0.00109068
0 0.088286 0.320453 0.176572 0.178932 0.00108655
0 1 0.735976 0 0.269243 0.0010806
0 0.329299 0.167497 0.136417 0.110317 0.00108031
0 0.482314 0.676025 0.287612 0.190759 0.00108005
0 0.0804362 0.372878 0.160872 0.1826 0.00107963
0 0.249945 0.718863 0.182064 0.0475145 0.00106612
0 0.075386 0.424983 0.150772 0.184654 0.00105937
0 0.860561 0.758178 0.278878 0.17085 0.00105172
0 0.994491 0.387718 0.0110187 0.169518 0.00104626
0 0.994251 0.438069 0.0114986 0.17261 0.00103975
0 0.770247 0.516063 0.280894 0.145201 0.00103763
0 0.994115 0.489196 0.0117693 0.172989 0.00103578
0 0.994733 0.335689 0.0105348 0.169832 0.0010352
0 0.994153 0.539291 0.0116934 0.170253 0.00103485
0 0.0945563 0.270072 0.189113 0.175049 0.00102885
0 0.994337 0.786341 0.0113263 0.162358 0.00102631
0 1 0.491759 0 0.285592 0.00102487
0 0.0773778 0.474434 0.154756 0.182416 0.00102349
0 0.994165 0.592418 0.0116709 0.167872 0.00102306
0 1 0.592173 0 0.282246 0.00102257
0 1 0.542026 0 0.284093 0.00102146
0 0.994938 0.28512 0.0101232 0.171498 0.0010212
0 0.994215 0.640028 0.0115694 0.171032 0.00101332
0 0.994315 0.73937 0.0113694 0.167768 0.00100923
0 1 0.393795 0 0.281674 0.00100756
0 0.994331 0.688068 0.0113381 0.170098 0.0010011
0 0.510879 0.814626 0.176534 0.127224 0.91793
0 0.776851 0.741065 0.103394 0.0625468 0.0884458
0 0.247228 0.741698 0.152992 0.0604376 0.0606885
0 0.246023 0.74856 0.130584 0.0634444 0.0218035
0 0.247705 0.728377 0.16795 0.0353408 0.0191578
0 0.789067 0.733999 0.125239 0.0553274 0.0161575
0 0.00747108 0.100352 0.0149422 0.200704 0.0148832
0 1 0.10159 0 0.20318 0.0138094
0 0.253231 0.716962 0.16703 0.0581079 0.00432932
0 0.999294 0.918737 0.00141164 0.162527 0.00398654
0 0.0055093 0.0692881 0.0110186 0.138576 0.0029114
0 0.315781 0.733387 0.0916107 0.0329765 0.00265465
0 0.26098 0.75362 0.124291 0.0481688 0.00259137
0 0.270388 0.723467 0.146364 0.0444029 0.00249953
0 0.520955 0.760071 0.163438 0.0198118 0.00230638
0 0.2725 0.736881 0.150535 0.0559021 0.00196626
0 0.793222 0.719874 0.132935 0.075028 0.00195163
0 1 0.963598 0 0.0728046 0.00192169
0 0.0554752 0.914642 0.11095 0.170716 0.00178799
0 0.261578 0.77099 0.107098 0.0672747 0.0017235
0 0.84155 0.542024 0.117499 0.0594265 0.0016207
0 0.290004 0.714591 0.172021 0.0660747 0.00160813
0 0.519282 0.799958 0.159466 0.0952295 0.00157334
0 0.290392 0.720973 0.132221 0.0538387 0.00149468
0 0.326512 0.720152 0.11725 0.058692 0.00147309
0 0.0908986 1 0.181797 0 0.00141811
0 0.106779 0.88779 0.213558 0.22442 0.00141116
0 1 0.930902 0 0.138195 0.00131628
0 0.901707 1 0.196587 0 0.00122956
0 0.588425 0.1786 0.111653 0.0756742 0.00113967
0 0.278473 0.713417 0.121786 0.0650864 0.00113842
0 0 0.0156837 0 0.0313673 0.00110148
0 0.0985275 0.795544 0.197055 0.264616 0.00110096
0 0.0974661 0.74179 0.194932 0.259341 0.00109496
0 0.24589 0.730024 0.177568 0.0515109 0.00108997
0 0.773309 0.751086 0.113612 0.0646452 0.00108328
0 0.127795 0.90346 0.251714 0.19308 0.00107857
0 0.997449 0.978299 0.00510211 0.0434023 0.00106402
0 0.286502 0.731235 0.133141 0.0370365 0.0010578
0 0.0983461 0.68942 0.196692 0.257411 0.00103725
0 0.0955786 0.857562 0.191157 0.284877 0.00100575
0 0.958243 0.860686 0.0835142 0.278628 0.00100286
0 0.51043 0.816198 0.173509 0.126231 0.927922
0 1 0.0996102 0 0.19922 0.0360768
0 0.998807 0.942289 0.00238496 0.115423 0.0102682
0 0 0.0553122 0 0.110624 0.0087228
0 0 0.964433 0 0.0711346 0.00466323
0 0 0.936445 0 0.12711 0.00381013
0 1 0.0909337 0 0.181867 0.00373116
0 0 0.632465 0 0.130634 0.00349633
0 0 0.569754 0 0.130057 0.00348093
0 0 0.594762 0 0.130091 0.00347624
0 0 0.532262 0 0.130074 0.00346431
0 0 0.482205 0 0.129942 0.00345511
0 0 0.507242 0 0.130032 0.00345173
0 0 0.419782 0 0.130496 0.00339121
0 0 0.457215 0 0.130155 0.00338917
0 1 0.962508 0 0.074983 0.00335742
0 0 0.657464 0 0.130866 0.00330104
0 0 0.382426 0 0.131114 0.00329195
0 0 0.357668 0 0.132164 0.00312099
0 0 0.965128 0 0.0697447 0.0030772
0 0 0.733814 0 0.134796 0.00305584
0 1 0.959021 0 0.0819575 0.00303583
0 0 0.682671 0 0.131722 0.00300849
0 0 0.332761 0 0.132502 0.00298698
0 0 0.707873 0 0.132216 0.00298207
0 0 0.308188 0 0.134311 0.00268571
0 0.9005 0.999025 0.198999 0.00194969 0.00266238
0 0 0.75891 0 0.135915 0.00256205
0 1 0.035176 0 0.070352 0.00253799
0 0 0.283344 0 0.134633 0.00247454
0 0 0.0493411 0 0.0986822 0.00243445
0 0 0.0868332 0 0.173666 0.00232149
0 0 0.960311 0 0.0793781 0.00210527
0 0 0.971648 0 0.0567036 0.00206841
0 1 0.0320144 0 0.0640289 0.00203086
0 0 0.259112 0 0.137474 0.00199536
0 0.776359 0.744571 0.0988269 0.0611907 0.00199372
0 0 0.266924 0 0.223005 0.00192242
0 0 0.317058 0 0.222445 0.00187614
0 0 0.784681 0 0.138882 0.0018305
0 0.999499 0.963478 0.00100127 0.0730439 0.00179601
0 0 0.91127 0 0.17746 0.00179122
0 0 0.978063 0 0.0438742 0.0017648
0 0 0.961682 0 0.0766363 0.00175543
0 0 0.810158 0 0.13979 0.00175332
0 0 0.23416 0 0.137711 0.00171752
0 0 0.836643 0 0.143975 0.00169648
0 0 0.266563 0 0.21394 0.0016941
0 0.256098 0.727544 0.152755 0.0318733 0.00164727
0 0.809638 0.999078 0.264988 0.0018446 0.00164489
0 0 0.36626 0 0.223519 0.00160202
0 0 0.0176464 0 0.0352929 0.00156338
0 0 0.216312 0 0.224503 0.00155245
0 0 0.615989 0 0.224297 0.00152097
0 0 0.665895 0 0.224346 0.00151544
0 0 0.215076 0 0.216595 0.00150904
0 0 0.740705 0 0.224572 0.00147302
0 0 0.541345 0 0.22366 0.00147243
0 0.777063 0.735105 0.0987064 0.0477867 0.00146222
0 0.00502019 0.946602 0.0100404 0.106796 0.00146218
0 0 0.416355 0 0.223158 0.00145415
0 0.871585 0.999004 0.256829 0.00199175 0.00144703
0 0.999837 0.0447238 0.000326781 0.0894476 0.00143483
0 0 0.0296471 0 0.0592943 0.00143354
0 0 0.163651 0 0.218587 0.00143304
0 0 0.197472 0 0.140211 0.0014139
0 0.756182 0.999098 0.259699 0.00180359 0.00140354
0 0 0.491606 0 0.223088 0.0013972
0 0.864607 0.90112 0.270786 0.19776 0.00138049
0 0 0.790505 0 0.225738 0.00137768
0 1 0.144866 0 0.23181 0.00136838
0 0 0.172642 0 0.140907 0.0013628
0 1 0.260227 0 0.20769 0.00133521
0 0.702828 0.999454 0.258098 0.00109119 0.0013178
0 0 0.565489 0 0.214685 0.00130073
0 0 0.690082 0 0.215825 0.00129054
0 0 0.640019 0 0.215419 0.00128986
0 0 0.950372 0 0.0992552 0.00127167
0 0 0.515942 0 0.213979 0.00124531
0 0 0.34168 0 0.212943 0.00123992
0 0 0.764888 0 0.215027 0.001235
0 1 0.208115 0 0.208837 0.00122941
0 0.931216 0.998723 0.137569 0.0025547 0.00122045
0 0 0.466001 0 0.213738 0.00121747
0 1 0.311184 0 0.207959 0.00121527
0 0 0.391365 0 0.213303 0.00120622
0 0 0.0928443 0 0.185689 0.00120612
0 1 0.935639 0 0.128722 0.00120347
0 1 0.836194 0 0.207728 0.00118964
0 1 0.0166883 0 0.0333766 0.0011841
0 0.073001 0.325121 0.146002 0.249718 0.00116595
0 1 0.361198 0 0.20794 0.00115951
0 0.240829 0.999365 0.268813 0.00127039 0.00115948
0 0.0730215 0.383533 0.146043 0.266646 0.00115281
0 0.066665 0.0784968 0.13333 0.156994 0.00115248
0 0 0.875038 0 0.147154 0.00115053
0 0 0.840019 0 0.226097 0.00113221
0 0.0729631 0.265943 0.145926 0.23113 0.00111735
0 0.0730313 0.43805 0.146063 0.275699 0.00110695
0 0.904636 1 0.190728 0 0.00110618
0 0 0.889979 0 0.217027 0.00109758
0 1 0.484983 0 0.208197 0.0010851
0 0.994254 0.978909 0.0114924 0.042181 0.001081
0 0.0730338 0.488222 0.146068 0.276007 0.00107319
0 1 0.410464 0 0.206901 0.00106287
0 1 0.73622 0 0.207949 0.00106224
0 0.542742 0.404432 0.818052 0.562046 0.00106173
0 0.0728817 0.208945 0.145763 0.216637 0.00106026
0 0.0599116 0.0891443 0.119823 0.178289 0.00105579
0 1 0.535624 0 0.207504 0.00105465
0 1 0.786819 0 0.208175 0.00104497
0 0.890854 0.343722 0.218292 0.186354 0.0010446
0 1 0.635893 0 0.208043 0.00104116
0 1 0.585794 0 0.207956 0.00104033
0 1 0.686238 0 0.208131 0.00103127
0 0.648554 0.999616 0.257969 0.000768852 0.00102933
0 0 0.165751 0 0.224552 0.00101965
0 0 0.918766 0 0.162468 0.00100417
0 0.903577 0.292979 0.192847 0.161616 0.00100155
0 0.511028 0.81491 0.173459 0.124336 0.948551
0 0.512537 0.814466 0.180067 0.123748 0.951241
0 0.321855 0.681463 0.194084 0.126122 0.00375956
0 0.15774 0.896112 0.31548 0.207776 0.00184371
0 0.31406 0.662833 0.214664 0.164744 0.00179051
0 0.478301 0.828527 0.110541 0.089838 0.00167337
0 0.770467 0.727537 0.086096 0.0466373 0.00121912
0 0.902962 0.378379 0.038765 0.0374676 0.00110348
0 0.526804 0.872208 0.17769 0.173208 0.00104519
0 0.269875 0.687602 0.292513 0.120519 0.00103683
0 0.368699 0.703269 0.144987 0.10552 0.00100053
0 0.508987 0.81515 0.176854 0.126166 0.952368
0 0.771867 0.730136 0.0756795 0.0328381 0.0142411
0 0.761585 0.733458 0.0777493 0.0293137 0.0126848
0 0.320985 0.726782 0.0616356 0.0305288 0.00228879
0 0.755726 0.729729 0.0875576 0.0373684 0.00200805
0 0.344563 0.683718 0.136419 0.0990759 0.00180609
0 0.301351 0.737173 0.0444272 0.0192324 0.00156466
0 0.294971 0.727241 0.0462393 0.0327796 0.00125695
0 0.767103 0.724205 0.0873603 0.0466873 0.00125278
0 0.336638 0.725025 0.0745021 0.0319153 0.00117002
0 0.76188 0.698794 0.107374 0.0945169 0.0011567
0 0.522397 0.797385 0.152899 0.0896008 0.00106757
0 0.51023 0.814298 0.177685 0.128692 0.909139
0 0.768392 0.731026 0.0778998 0.0342348 0.00993789
0 0.521092 0.797623 0.14824 0.0932112 0.00120995
0 0.509009 0.815767 0.170271 0.124288 0.972071
0 1 0.079278 0 0.158556 0.00252007
0 0 0.0458235 0 0.0916469 0.0018125
0 0.0010225 0.0564427 0.002045 0.112885 0.00119124
0 0.510045 0.814544 0.17305 0.124324 0.895829
0 0.755359 0.733093 0.0501844 0.032655 0.0131691
0 0.747566 0.730149 0.0629856 0.0387684 0.010082
0 0.764305 0.731034 0.0585754 0.0325163 0.00204982
0 0.760403 0.72642 0.0386778 0.0436415 0.00118036
0 0.768329 0.723269 0.0834049 0.0507456 0.00106848
0 0.510421 0.816368 0.179753 0.125941 0.949534
0 0.333537 0.685939 0.162713 0.096394 0.00170875
0 0.775744 0.742477 0.101325 0.0641347 0.00104818
0 0.510926 0.816147 0.180018 0.12894 0.938213
0 0.777587 0.729589 0.0992937 0.060797 0.00459899
0 0.956247 0.191961 0.084793 0.0968908 0.00318047
0 0.285005 0.73596 0.0906026 0.0243671 0.00316922
0 0.290869 0.721569 0.0837762 0.0543225 0.00280415
0 0.957618 0.26844 0.0841964 0.0986257 0.00227102
0 0.770877 0.738614 0.106729 0.0692423 0.00196159
0 0.955849 0.606409 0.0824218 0.150369 0.00172017
0 0.95656 0.217221 0.0857568 0.0943162 0.00155495
0 0.270513 0.737773 0.109696 0.0245428 0.00144631
0 0.954534 0.23641 0.0881774 0.0866666 0.00143043
0 0.26969 0.724438 0.112129 0.0494259 0.0014012
0 0.955617 0.170186 0.0845396 0.0990372 0.00133299
0 0.754229 0.724514 0.106811 0.0558796 0.00133175
0 0.302654 0.738675 0.0909075 0.0269656 0.00128357
0 0.288775 0.713482 0.0945684 0.0676033 0.00120325
0 0.287927 0.697146 0.0944365 0.103463 0.00107537
0 0.95517 0.16504 0.0837667 0.146011 0.00100236
0 0.50819 0.815431 0.179196 0.126218 0.919686
0 0.772596 0.734132 0.0922355 0.055858 0.00644183
0 0.292697 0.731528 0.0947222 0.0361151 0.0013221
0 0.510425 0.814547 0.175449 0.124523 0.953465
0 0.510625 0.815751 0.173414 0.125165 0.950544
0 0.508997 0.816208 0.176381 0.124965 0.927361
0 0.782803 0.735799 0.0986712 0.0645079 0.0413107
0 0.849822 0.731621 0.24511 0.0810804 0.00117714
0 0.506515 0.814195 0.178578 0.127286 0.923998
0 0.777017 0.739086 0.106337 0.053174 0.043794
0 0.810368 0.743681 0.17476 0.047309 0.00303132
0 0.308381 0.738522 0.114115 0.021703 0.00178825
0 0.791955 0.736732 0.136261 0.0615402 0.0014572
0 0.321417 0.736458 0.127207 0.0291384 0.00141846
0 0.323869 0.725445 0.124029 0.0472117 0.00137691
0 0.309771 0.731809 0.113165 0.0329372 0.00114317
0 0.509237 0.815604 0.17607 0.128014 0.936801
0 0.742585 0.124638 0.0857043 0.0668122 0.0117893
0 0.92304 1 0.153919 0 0.00501067
0 0.90316 1 0.19368 0 0.00440309
0 0.868988 1 0.235072 0 0.00382503
0 0.815221 1 0.233099 0 0.00355978
0 0.76224 1 0.233517 0 0.00341635
0 0.709288 1 0.232312 0 0.00333735
0 0.656228 1 0.231521 0 0.00326988
0 0.585418 1 0.231174 0 0.00324206
0 0.40839 1 0.23115 0 0.00322644
0 0.178688 1 0.230438 0 0.00322133
0 0.532333 1 0.230989 0 0.00321995
0 0.461492 1 0.231096 0 0.00320248
0 0.337604 1 0.231266 0 0.0031899
0 0.284493 1 0.231499 0 0.00309529
0 0.231352 1 0.23204 0 0.00302733
0 0.125438 1 0.229081 0 0.00302304
0 0.77077 0.742614 0.0996472 0.0655273 0.0028803
0 0.0935939 1 0.187188 0 0.00245235
0 0.735235 0.1358 0.101831 0.0882441 0.00232507
0 0.771337 0.731249 0.103659 0.050422 0.00190744
0 0.0655022 1 0.131004 0 0.00132603
0 0.510766 0.814831 0.177218 0.127682 0.946175
0 0.74927 0.125556 0.0749577 0.0650894 0.00611629
0 0.510187 0.81399 0.179594 0.126146 0.932554
0 0.753197 0.126475 0.0677309 0.0645676 0.0297259
0 0.511405 0.815176 0.177171 0.125772 0.946864
0 0.511035 0.815593 0.176147 0.125479 0.903217
0 0.509986 0.814584 0.175943 0.127203 0.908858
0 0.611568 0.521841 0.0904723 0.0772023 0.00280466
0 0.513164 0.814317 0.176699 0.127132 0.885484
0 0.511189 0.815448 0.174159 0.127502 0.940495
0 0.510774 0.813444 0.181256 0.129094 0.944483
0 0.31399 0.700909 0.177251 0.0857174 0.00303087
0 0.766833 0.720944 0.0999221 0.0567911 0.00234702
0 0.615155 0.377401 0.0309259 0.0489745 0.00144042
0 0.319745 0.68424 0.191742 0.121192 0.00123172
0 0.743874 0.720642 0.0782676 0.0595564 0.00109795
0 0.508483 0.814597 0.173702 0.125299 0.950534
0 0.316974 0.686135 0.183508 0.111756 0.0148575
0 0.76599 0.725011 0.103146 0.0467932 0.00325598
0 0.509265 0.81461 0.173199 0.126261 0.925863
0 0.597317 0.164706 0.137348 0.0667629 0.00115338
0 0.511221 0.814016 0.176704 0.126567 0.938465
0 0.511392 0.814966 0.179035 0.128104 0.918701
0 0.510141 0.814107 0.178668 0.12781 0.961384
0 0.510317 0.813969 0.176615 0.127622 0.943155
0 0.816834 0.869902 0.366331 0.256923 0.00118155
0 0.510078 0.814528 0.176618 0.126453 0.928426
0 0.00817142 0.113672 0.0163428 0.227344 0.00166036
0 0.509863 0.814001 0.175557 0.12444 0.923501
0 0.51184 0.813863 0.17624 0.126841 0.91862
0 0.510508 0.814645 0.17738 0.125759 0.93034
0 0.510147 0.814636 0.177058 0.124309 0.921277
0 0.51181 0.815471 0.180105 0.12647 0.907443
0 0.511711 0.814194 0.178278 0.126484 0.931562
0 0.51085 0.813889 0.177861 0.12549 0.918438
0 0.508979 0.814629 0.176025 0.127931 0.919993
0 0.509451 0.814953 0.177807 0.126375 0.935527
0 0.510537 0.815024 0.175044 0.12604 0.935124
0 0.511116 0.814394 0.173863 0.127276 0.94455
0 0.774068 0.741582 0.0989821 0.0624245 0.00197332
0 0.512293 0.815835 0.177688 0.12535 0.949313
0 0.770807 0.741987 0.101348 0.06442 0.00103744
0 0.511233 0.81439 0.177869 0.125156 0.933219
0 0.511182 0.814905 0.175049 0.125866 0.949274
0 0.510425 0.815638 0.179651 0.126696 0.938386
0 0.511004 0.815005 0.179089 0.127107 0.932735
0 0.512811 0.814294 0.179362 0.126528 0.94421
0 0.30011 0.164417 0.20045 0.103064 0.00144058
0 0.774388 0.73957 0.100068 0.0668699 0.00119298
0 0.510854 0.814182 0.180874 0.125621 0.946298
0 0.803591 0.739587 0.132352 0.0681758 0.0117871
0 0.778802 0.738271 0.100027 0.0669657 0.00919444
0 0.813164 0.761847 0.191572 0.0361259 0.00287269
0 0.819143 0.752667 0.176424 0.0560458 0.00167512
0 0.512465 0.814377 0.178523 0.124594 0.933958
0 0.511779 0.814834 0.179516 0.127453 0.927329
0 0.510593 0.814285 0.177958 0.126343 0.942349
0 0.510728 0.81451 0.175292 0.124772 0.905998
0 0.798702 0.741551 0.125656 0.0695551 0.00111425
0 0.510883 0.813845 0.178385 0.125433 0.935567
0 0.244039 0.735166 0.164093 0.069947 0.00101343
0 0.511717 0.814371 0.179829 0.12564 0.925979
0 0.511535 0.814619 0.175267 0.126499 0.922083
0 0.771239 0.741008 0.103907 0.0655723 0.00755297
0 0.512158 0.815265 0.178263 0.126852 0.935489
0 0.510623 0.814978 0.176786 0.12447 0.937098
0 0.510223 0.814926 0.178413 0.126669 0.926939
0 0.513066 0.814534 0.180624 0.124978 0.929886
0 0.511333 0.814416 0.17941 0.125876 0.938107
0 0.512478 0.814907 0.180336 0.127134 0.933311
0 0.824502 0.755719 0.157796 0.08042 0.00978294
0 0.773712 0.741149 0.103822 0.0702922 0.00433284
0 0.788783 0.744956 0.118705 0.07612 0.00212174
0 0.511718 0.815107 0.177914 0.12752 0.944156
0 0.788602 0.741502 0.102138 0.0689672 0.00352919
0 0.824332 0.752664 0.165316 0.0711605 0.00178248
0 0.825301 0.765773 0.159869 0.0820044 0.00116894
0 0.51194 0.815046 0.179876 0.127442 0.930818
0 0.773513 0.741454 0.0970753 0.0652884 0.0100757
0 0.826009 0.752868 0.165296 0.0760984 0.00134297
0 0.791278 0.745349 0.106935 0.0660114 0.00118335
0 0.513323 0.81536 0.178504 0.12491 0.938209
0 0.800587 0.745352 0.126608 0.0728506 0.00146731
0 0.779064 0.74333 0.105829 0.0659294 0.00114226
0 0.512137 0.814551 0.179651 0.125964 0.941623
0 0.801868 0.741392 0.129553 0.0694479 0.00452912
0 0.77967 0.74017 0.108112 0.0673117 0.00272683
0 0.511429 0.815232 0.175447 0.127663 0.935107
0 0.81122 0.743243 0.144243 0.0701613 0.00439702
0 0.511763 0.814891 0.178891 0.127846 0.943625
0 0.777104 0.742324 0.108665 0.0683314 0.0068379
0 0.801091 0.745069 0.140554 0.0734339 0.00655573
0 0.511306 0.814747 0.17974 0.126433 0.945735
0 0.772835 0.742334 0.101144 0.0650172 0.0166548
0 0.796757 0.747391 0.138205 0.0683936 0.00203303
0 0.81954 0.760512 0.162071 0.0851098 0.00104749
0 0.512999 0.815242 0.179934 0.125994 0.934279
0 0.78208 0.742487 0.096072 0.0660906 0.00268993
0 0.80549 0.757077 0.151204 0.0469259 0.00123652
0 0.511594 0.814613 0.17891 0.125523 0.938451
0 0.510845 0.814284 0.177129 0.125001 0.953686
0 0.51254 0.814711 0.178205 0.125841 0.944866
0 0.512625 0.814643 0.180077 0.126239 0.941169
0 0.511527 0.814818 0.180134 0.127295 0.943843
0 0.511928 0.814617 0.179013 0.127425 0.92944
0 0.514053 0.814626 0.183412 0.126405 0.929433
0 0.512957 0.814804 0.17681 0.126707 0.943223
0 0.511934 0.814788 0.176823 0.127257 0.945279
0 0.5122 0.814746 0.178961 0.128019 0.940728
0 0.5117 0.814682 0.178857 0.128259 0.936988
0 0.511439 0.814769 0.178542 0.128093 0.939518
0 0.511343 0.814872 0.177419 0.127667 0.94112
0 0.511558 0.814918 0.177835 0.127827 0.942454
0 0.511244 0.814847 0.177678 0.127647 0.94338
0 0.511335 0.814421 0.179443 0.125883 0.938131
