0 0.610039 0.717008 0.186005 0.144994 0.0209197
0 0.669908 0.272071 0.189748 0.18951 0.0149854
0 0.648825 0.714181 0.271599 0.140701 0.0145625
0 1 0.060077 0 0.120154 0.0144331
0 0.61367 0.757433 0.177489 0.232882 0.0142284
0 0 0.111362 0 0.222725 0.0140566
0 0 0.90546 0 0.189079 0.0139823
0 0.840886 0.267121 0.15295 0.196278 0.0138282
0 0.00293298 0.180388 0.00586596 0.360775 0.0137999
0 0.0634228 0.478935 0.126846 0.95185 0.0136346
0 1 0.913463 0 0.173075 0.013586
0 1 0.0356193 0 0.0712386 0.0135786
0 0.0172078 0.335505 0.0344155 0.671011 0.0135325
0 0.714753 0.710223 0.399657 0.150155 0.0135274
0 0.66694 0.476453 0.188729 0.20135 0.0134873
0 0.0208269 0.814451 0.0416539 0.371099 0.0134534
0 0.613669 0.80791 0.188592 0.336326 0.0134489
0 0.11305 0.904671 0.226099 0.183255 0.0133545
0 1 0.164913 0 0.329825 0.0132834
0 0 0.0593265 0 0.118653 0.0132432
0 0.0712014 0.614014 0.142403 0.771971 0.0132334
0 0.999888 0.816949 0.000224966 0.366103 0.0132116
0 0.665924 0.657042 0.296821 0.252958 0.0131879
0 0.613563 0.675013 0.171174 0.218636 0.0131476
0 0.172142 0.903335 0.299381 0.188768 0.0130392
0 0.988754 0.578761 0.0224912 0.842477 0.0129922
0 0.0677904 0.731193 0.135581 0.537614 0.012983
0 0.840308 0.41669 0.155032 0.0976813 0.0129656
0 0.762072 0.439856 0.354381 0.148835 0.012965
0 0.84061 0.47531 0.153411 0.178567 0.012961
0 0.108032 0.890615 0.216063 0.218771 0.0129494
0 0.759217 0.478804 0.316788 0.201588 0.0128937
0 0.733689 0.815687 0.442785 0.368626 0.0128906
0 0.221262 0.518395 0.180161 0.117363 0.0128874
0 0.969785 0.534675 0.0604307 0.930651 0.0128866
0 0.515823 0.711369 0.350425 0.142472 0.012831
0 0.153021 0.126434 0.306041 0.252869 0.0128287
0 0.487617 0.744767 0.432157 0.207241 0.0128115
0 0.989011 0.447788 0.0219779 0.895577 0.0127912
0 0.999892 0.248485 0.000216594 0.49697 0.0127852
0 0.107836 0.829592 0.215672 0.340815 0.0127688
0 0.11822 0.241793 0.236441 0.483585 0.0127612
0 0.304906 0.0972091 0.39198 0.18881 0.0127436
0 0.45542 0.104013 0.731411 0.202507 0.0127241
0 0.255529 0.905513 0.252032 0.185035 0.0127125
0 0.556959 0.824508 0.315189 0.350983 0.0126873
0 0.905969 0.910284 0.183902 0.17463 0.0126602
0 0.661784 0.566474 0.190872 0.379765 0.0126525
0 0.104082 0.103692 0.208164 0.207384 0.0126521
0 0.213517 0.905365 0.427034 0.189271 0.0126388
0 0.89534 0.56012 0.20932 0.879761 0.0126293
0 0.647722 0.488055 0.261602 0.231517 0.0126268
0 0.15522 0.905917 0.31044 0.188166 0.0126225
0 0.998423 0.666804 0.00315303 0.666392 0.012621
0 0.111203 0.402943 0.222407 0.805886 0.0126164
0 0.273609 0.123501 0.343982 0.241253 0.0126074
0 0.347611 0.0174536 0.390841 0.0349071 0.0126002
0 0.996442 0.355329 0.00711573 0.710657 0.0125962
0 0.482261 0.818643 0.450222 0.359519 0.0125948
0 0.913114 0.835088 0.173773 0.329824 0.0125864
0 0.244249 0.442076 0.23667 0.278427 0.0125708
0 0.296312 0.0138207 0.333447 0.0276415 0.0125679
0 0.286085 0.902937 0.57217 0.194126 0.0125589
0 0.353325 0.504531 0.44112 0.158347 0.0125414
0 0.625051 0.335263 0.291802 0.308075 0.0125382
0 0.936153 0.462568 0.127693 0.925136 0.0125327
0 0.0211396 0.535514 0.0422791 0.928972 0.012532
0 0.479642 0.0312284 0.673712 0.0624569 0.0125307
0 0.496684 0.076441 0.749561 0.152882 0.0125104
0 0.658803 0.179492 0.508016 0.351875 0.0125025
0 0.448309 0.479831 0.246302 0.160902 0.0124905
0 0.82281 0.846499 0.35438 0.307003 0.0124804
0 0.359601 0.380057 0.47263 0.407241 0.012472
0 0.806544 0.913853 0.386913 0.172295 0.0124593
0 0.877007 0.2646 0.231201 0.212094 0.0124552
0 0.506843 0.0530528 0.856181 0.106106 0.0124496
0 0.148944 0.748019 0.297888 0.492007 0.0124453
0 0.138903 0.601532 0.277807 0.794581 0.012432
0 0.0165903 0.70871 0.0331805 0.58258 0.0124261
0 0.991153 0.103561 0.017694 0.207122 0.0124245
0 0.499762 0.182114 0.84857 0.364229 0.0124169
0 0.880651 0.189298 0.238698 0.378596 0.0124131
0 0.231015 0.895692 0.383244 0.200822 0.0124119
0 0.124182 0.477971 0.248364 0.722523 0.0124099
0 0.531413 0.0214565 0.812925 0.0429131 0.0124081
0 0.880869 0.30408 0.238262 0.34932 0.0124011
0 0.868008 0.910068 0.263983 0.179863 0.0124006
0 0.881072 0.485185 0.237856 0.212285 0.0124001
0 0.222692 0.614575 0.337191 0.300184 0.012394
0 0.880993 0.448972 0.238013 0.291337 0.0123868
0 0.207457 0.49025 0.216818 0.181912 0.0123722
0 0.252352 0.136671 0.504705 0.267702 0.0123697
0 0.74459 0.604111 0.461046 0.405759 0.0123694
0 0.988259 0.0199671 0.023481 0.0399341 0.0123646
0 0.285559 0.610676 0.367688 0.285911 0.0123629
0 0.517477 0.971239 0.552244 0.0575211 0.0123509
0 0.87277 0.795106 0.25446 0.409788 0.0123481
0 0.18871 0.638541 0.377421 0.430018 0.0123472
0 0.184598 0.0192897 0.369196 0.0385795 0.0123466
0 0.45839 0.931123 0.551446 0.137753 0.0123408
0 0.532431 0.428495 0.498484 0.307235 0.0123342
0 0.669386 0.0163585 0.661228 0.0327169 0.0123252
0 0.325843 0.904468 0.329865 0.191064 0.0123198
0 0.388656 0.909779 0.581968 0.180442 0.0123177
0 0.148532 0.34217 0.297063 0.68434 0.012317
0 0.467761 0.908319 0.279899 0.183361 0.0123113
0 0.344636 0.716584 0.23296 0.140287 0.0122933
0 0.34273 0.7561 0.312457 0.22643 0.0122913
0 0.263956 0.816041 0.527913 0.351592 0.0122901
0 0.799753 0.0314386 0.400494 0.0628773 0.0122886
0 0.533616 0.902825 0.32491 0.19435 0.0122807
0 0.280821 0.713255 0.266863 0.137847 0.0122712
0 0.164407 0.421305 0.328815 0.350627 0.0122685
0 0.642624 0.974732 0.509276 0.0505368 0.0122664
0 0.412653 0.905642 0.332648 0.188715 0.0122663
0 0.458427 0.237707 0.854284 0.475414 0.0122649
0 0.794357 0.172928 0.411285 0.343865 0.0122542
0 0.213369 0.0454789 0.426738 0.0909577 0.0122539
0 0.868272 0.441335 0.263457 0.88267 0.0122533
0 0.356904 0.618414 0.51516 0.340977 0.0122487
0 0.437455 0.847102 0.380681 0.305797 0.0122457
0 0.852068 0.835732 0.295864 0.323718 0.0122454
0 0.417945 0.530359 0.32103 0.191767 0.0122445
0 0.632296 0.888696 0.442169 0.222608 0.0122333
0 0.715637 0.951791 0.527161 0.096419 0.0122287
0 0.782325 0.775959 0.43535 0.308796 0.012228
0 0.179828 0.321004 0.359657 0.51855 0.0122271
0 0.369534 0.814717 0.532095 0.364509 0.012227
0 0.352758 0.468614 0.453869 0.226672 0.0122251
0 0.441425 0.291443 0.285558 0.182924 0.0122153
0 0.330079 0.705279 0.49623 0.171396 0.0122068
0 0.825827 0.187106 0.216907 0.333151 0.0121922
0 0.341033 0.188486 0.682065 0.369851 0.012191
0 0.271787 0.697052 0.403995 0.197585 0.0121879
0 0.706909 0.908188 0.445984 0.183624 0.0121816
0 0.312928 0.308878 0.625857 0.615334 0.0121726
0 0.419216 0.420659 0.328744 0.250214 0.0121693
0 0.74894 0.178015 0.35454 0.349685 0.012161
0 0.762355 0.811629 0.47529 0.338594 0.0121537
0 0.755755 0.716061 0.392628 0.244063 0.0121499
0 0.802579 0.829953 0.394842 0.330827 0.0121313
0 0.24013 0.690803 0.345053 0.254305 0.0121312
0 0.180933 0.799097 0.361866 0.35718 0.0121221
0 0.214743 0.793381 0.426895 0.31401 0.012117
0 0.235848 0.715839 0.24169 0.165077 0.0121163
0 0.317299 0.340801 0.465708 0.52214 0.0121094
0 0.403786 0.355785 0.360814 0.262969 0.0121049
0 0.860388 0.695083 0.279224 0.609834 0.012096
0 0.445431 0.264301 0.418461 0.248366 0.0120804
0 0.198535 0.197569 0.397069 0.391472 0.0120655
0 0.889568 0.254968 0.220865 0.509937 0.0120598
0 0.814965 0.637577 0.37007 0.594061 0.0120044
0 0.37349 0.283662 0.561365 0.41836 0.0119942
0 0.712176 0.865867 0.359672 0.268265 0.0119699
0 0.796333 0.889993 0.339148 0.220014 0.0119342
0 0.523242 0.653758 0.387841 0.261545 0.0118778
0 0.848594 0.433268 0.140535 0.0734612 0.00336495
0 0.574723 0.714638 0.124544 0.136136 0.00331171
0 1 0.0446819 0 0.0893637 0.00330774
0 0.847618 0.26168 0.140153 0.145611 0.00328713
0 0.99983 0.0591338 0.000340284 0.118268 0.00328682
0 0 0.928088 0 0.143823 0.00328671
0 0.836395 0.537795 0.16831 0.0949041 0.00328162
0 0.684674 0.432935 0.154896 0.0704578 0.00327972
0 0.199689 0.524098 0.129292 0.113533 0.00327607
0 0 0.0735555 0 0.147111 0.00325972
0 0 0.0714204 0 0.142841 0.00324447
0 0 0.881975 0 0.23605 0.00324287
0 1 0.0452596 0 0.0905192 0.00323623
0 0.773663 0.540172 0.290378 0.0886959 0.00322828
0 0.613324 0.687572 0.197229 0.123944 0.00322716
0 0.632306 0.711659 0.141851 0.131507 0.00321969
0 0 0.0708104 0 0.141621 0.00321848
0 0 0.0677375 0 0.135475 0.00321101
0 0.848275 0.222644 0.13435 0.10412 0.00320553
0 0.0695236 0.917321 0.136049 0.15525 0.00319833
0 0.0789812 0.057259 0.157962 0.105057 0.00319687
0 1 0.0619263 0 0.123853 0.00319533
0 0 0.967367 0 0.0652662 0.00319126
0 0.453165 0.51411 0.235058 0.0718557 0.00319058
0 0.698978 0.0280927 0.4436 0.0457155 0.0031877
0 0 0.950155 0 0.0996895 0.00318634
0 0.568253 0.60935 0.333419 0.282663 0.0031835
0 0.667253 0.534814 0.143778 0.0953486 0.00317906
0 0.79439 0.0288672 0.253351 0.0467749 0.00317599
0 0.423931 0.521748 0.288375 0.0849804 0.00317237
0 0 0.0514024 0 0.102805 0.00317222
0 0.610498 0.530812 0.252139 0.103778 0.00316944
0 0.678872 0.417466 0.170382 0.0855472 0.00316867
0 0 0.0561523 0 0.112305 0.00316549
0 0.0688068 0.944685 0.137614 0.107229 0.00316276
0 0.654852 0.258957 0.156341 0.154336 0.0031625
0 0.0668592 0.427971 0.131378 0.250399 0.0031605
0 0 0.0629305 0 0.125861 0.00315846
0 0.0720361 0.839017 0.141373 0.321966 0.00315801
0 0 0.490584 0 0.228376 0.00315527
0 0.644915 0.472434 0.138479 0.172365 0.0031549
0 0.629969 0.283115 0.107822 0.169046 0.00315285
0 0 0.538968 0 0.224976 0.00315285
0 0 0.807499 0 0.250686 0.0031526
0 0.788914 0.70693 0.153262 0.113447 0.00314977
0 0 0.441609 0 0.2265 0.00314931
0 0.0667247 0.270978 0.13268 0.256851 0.00314923
0 0.124762 0.448559 0.0221479 0.274892 0.00314913
0 0.799943 1 0.400114 0 0.00314912
0 0.667608 0.378637 0.191496 0.190298 0.00314874
0 0.0669151 0.371169 0.13383 0.269746 0.00314864
0 0.828303 0.49081 0.188834 0.184448 0.00314813
0 1 0.84507 0 0.309861 0.00314653
0 0 0.743497 0 0.223839 0.00314633
0 0.0711927 0.687006 0.141353 0.245154 0.00314416
0 0.0666384 0.224049 0.133277 0.24928 0.00314396
0 1 0.0492554 0 0.0985108 0.0031426
0 0 0.395733 0 0.21354 0.00314238
0 0 0.686998 0 0.237302 0.00314226
0 0.171316 0.523493 0.0724357 0.11755 0.00314164
0 0 0.585534 0 0.229222 0.00314033
0 0.683414 1 0.633172 0 0.00313999
0 1 0.930643 0 0.138714 0.00313899
0 0.66938 0.236154 0.181496 0.108156 0.00313842
0 0 0.634361 0 0.236256 0.00313812
0 0.466193 1 0.580211 0 0.00313803
0 0.0659294 0.497701 0.131834 0.243656 0.0031377
0 0 0.335914 0 0.23255 0.00313709
0 0.330538 1 0.588943 0 0.00313685
0 0.0731817 0.737195 0.146363 0.221285 0.00313618
0 0.241137 0.00289267 0.373363 0.00578533 0.00313617
0 0.95704 0.478979 0.0859197 0.275643 0.00313616
0 0.884711 0 0.230577 0 0.00313573
0 0.815157 0.995499 0.369686 0.00900249 0.00313558
0 0.507254 0.0473043 0.497422 0.0882814 0.00313488
0 0.0674416 0.171218 0.134883 0.252096 0.00313443
0 0.433459 0.608419 0.616469 0.0877361 0.00313404
0 0.945274 0.191265 0.109452 0.382529 0.00313364
0 0.0665351 0.321499 0.13307 0.249853 0.00313363
0 0.162209 0.967427 0.324419 0.0651465 0.0031334
0 0.999516 0.072621 0.00096711 0.145242 0.00313337
0 0.0708354 0.0768785 0.13849 0.135817 0.00313327
0 0.924841 0.872887 0.150317 0.239808 0.00313202
0 0.486131 0.528391 0.166675 0.107332 0.00313194
0 0.385323 0.00369491 0.390312 0.00738982 0.00313119
0 0.757697 0.698849 0.206749 0.123667 0.00313089
0 0.201968 0.266295 0.14813 0.159943 0.00313048
0 0.303138 0.328901 0.326685 0.0988494 0.00312995
0 0.673556 0.485354 0.144187 0.184587 0.00312972
0 0.168464 0.719492 0.0831279 0.112752 0.0031295
0 0.997786 0.953245 0.00442721 0.0935093 0.00312943
0 0.233085 1 0.466169 0 0.00312931
0 0.421698 0.58449 0.329527 0.0617966 0.00312871
0 0.612111 0.61607 0.281063 0.314167 0.00312863
0 0.244777 0.0837247 0.180466 0.0681446 0.00312803
0 0.959399 0.314275 0.081203 0.341952 0.00312791
0 0.177403 0.000536892 0.354806 0.00107378 0.0031278
0 0.51438 0.316362 0.116299 0.108697 0.00312776
0 0.359455 0.708322 0.146661 0.124948 0.00312772
0 0.214131 0.253361 0.143348 0.1083 0.00312747
0 0.230587 0.428049 0.170905 0.119102 0.00312629
0 0.506894 0.622135 0.68574 0.163728 0.00312431
0 0.29804 0.0839837 0.295576 0.0672811 0.00312407
0 0.119047 0.416045 0.0324837 0.387872 0.00312402
0 0 0.276723 0 0.25021 0.00312388
0 0.0703722 0.122379 0.139273 0.244758 0.00312348
0 0.848628 0.0517114 0.302743 0.103423 0.00312305
0 0.345461 0.511595 0.442756 0.0774757 0.0031229
0 0.100336 0.411697 0.0833981 0.437944 0.00312232
0 0.477125 0.297046 0.190704 0.142984 0.00312165
0 0.1634 0.72646 0.06299 0.104202 0.00312149
0 0.376949 0.531201 0.395777 0.113779 0.00312139
0 0.967218 0.9348 0.0655634 0.1304 0.00312124
0 0.308663 0.00302762 0.351189 0.00605523 0.00312118
0 0.566012 1 0.657929 0 0.00312111
0 0.469141 0.232701 0.19018 0.0950996 0.00312107
0 0.838848 0.981601 0.322303 0.0367979 0.00312096
0 0.0690762 0.599328 0.138152 0.275044 0.00312083
0 0.748978 0.00197234 0.321757 0.00394469 0.00312035
0 0.0925763 0.225827 0.12998 0.342415 0.00312021
0 0 0.196421 0 0.249817 0.00311982
0 0.066511 0.543993 0.133022 0.24666 0.00311962
0 0.982234 0.0427809 0.0355322 0.0855618 0.00311911
0 0.366192 0.463463 0.418055 0.163376 0.00311895
0 0.274358 0.0293351 0.360833 0.0464937 0.00311895
0 0.927975 0.826321 0.14405 0.227798 0.00311887
0 0.193455 0.262251 0.136777 0.230329 0.00311785
0 1 0.0570828 0 0.114166 0.00311753
0 0.266177 0.757797 0.255037 0.0384602 0.0031171
0 0.121985 0.456786 0.0309708 0.258425 0.00311657
0 0.187745 0.638571 0.121138 0.0489218 0.00311636
0 0 0.0150162 0 0.0300323 0.00311608
0 0.364502 0.0270087 0.429103 0.0437741 0.00311545
0 0.118552 0.220403 0.186536 0.440807 0.00311542
0 0.18763 0.639007 0.100962 0.0359322 0.00311521
0 0 0.122494 0 0.23953 0.00311519
0 0.25618 0.0446252 0.326248 0.0791612 0.00311471
0 0.856915 0.937651 0.28617 0.124697 0.00311427
0 0.165317 0.871183 0.144214 0.110501 0.00311421
0 0.809837 0.926542 0.324003 0.146917 0.00311399
0 0.346 0.299247 0.451138 0.150816 0.00311395
0 0.116708 0 0.233415 0 0.00311375
0 0.598913 0.478431 0.0461111 0.16284 0.0031134
0 0 0.699723 0 0.246954 0.00311296
0 0.328268 0.19975 0.656536 0.3995 0.0204275
0 0.362077 0.377342 0.724155 0.754684 0.0195913
0 0.399801 0.535154 0.799602 0.807358 0.0194214
0 0.316301 0.663527 0.632601 0.672947 0.018863
0 0.310457 0.430557 0.620914 0.84684 0.0186834
0 0.674022 0.623777 0.651957 0.752447 0.018193
0 0.713754 0.459712 0.572493 0.870018 0.0180979
0 0.48336 0.683389 0.96672 0.633222 0.0179407
0 0.306829 0.575533 0.613658 0.836872 0.0178545
0 0.407857 0.59946 0.815714 0.801079 0.0175716
0 0.516942 0.626051 0.966115 0.747897 0.017433
0 0.5 0.129567 1 0.259135 0.0173652
0 0.464522 0.261439 0.929043 0.522878 0.0172233
0 0.866577 0.193447 0.266847 0.386895 0.0170657
0 0.761961 0.343122 0.476078 0.686245 0.0170057
0 0.5 0.554023 1 0.802641 0.0168796
0 0.915244 0.182428 0.169513 0.364855 0.0167702
0 0.785559 0.36879 0.428882 0.73758 0.0166002
0 0.432853 0.18214 0.865707 0.364279 0.016475
0 0.489459 0.133822 0.978919 0.267644 0.0164277
0 0.5 0.341813 1 0.683626 0.0162321
0 0.669312 0.5723 0.661375 0.831144 0.0161899
0 0.5 0.155159 1 0.310318 0.0161246
0 0.791645 0.214205 0.416709 0.42841 0.0160609
0 0.509836 0.6647 0.980327 0.6706 0.0158238
0 0.580314 0.400267 0.839373 0.800535 0.0154609
0 0.289475 0.322572 0.57895 0.645144 0.0154358
0 0.5 0.449014 1 0.842119 0.0152535
0 0.574145 0.183218 0.851709 0.366437 0.0151472
0 0.325287 0.724956 0.650574 0.550089 0.0149137
0 0.5 0.201283 1 0.402565 0.0146355
0 0.167938 0.191416 0.335877 0.382831 0.0146256
0 0.996212 0.166987 0.00757565 0.333974 0.0145614
0 0.639242 0.724865 0.721516 0.55027 0.0145208
0 0.286834 0.583646 0.573668 0.832708 0.0143588
0 0.132081 0.551357 0.264162 0.87902 0.0143237
0 0.116617 0.351686 0.233235 0.703373 0.0141879
0 0.330572 0.139697 0.661145 0.279393 0.0139782
0 0.0684332 0.461654 0.136866 0.852809 0.0139106
0 0.553046 0.692669 0.893908 0.614662 0.0138645
0 0.357856 0.429865 0.715712 0.550626 0.0138126
0 0.529095 0.618673 0.941809 0.762655 0.0137819
0 0.00237613 0.771298 0.00475225 0.457404 0.0137521
0 0.00226877 0.115568 0.00453755 0.231136 0.0137306
0 0.00203199 0.068585 0.00406399 0.13717 0.0136519
0 0.351993 0.631918 0.703986 0.736165 0.0136233
0 0.00531803 0.183193 0.0106361 0.366386 0.0136042
0 0.0211572 0.328674 0.0423144 0.657349 0.0135962
0 1 0.0860793 0 0.172159 0.0130755
0 0.744189 0.453509 0.511622 0.725878 0.0130038
0 0.531442 0.748697 0.937116 0.502606 0.0129895
0 0.0933875 0.65648 0.186775 0.687041 0.0128904
0 0.680138 0.333651 0.204475 0.301005 0.0128733
0 0.739702 0.692798 0.520595 0.613905 0.012694
0 0.656076 0.742341 0.687847 0.515319 0.0126551
0 0.5 0.173079 1 0.346157 0.0126476
0 0.0024481 0.897942 0.0048962 0.204116 0.0125127
0 1 0.018032 0 0.036064 0.0125011
0 0.473767 0.330603 0.947534 0.36529 0.012451
0 0.691097 0.297079 0.250095 0.243434 0.0124033
0 0.464821 0.837876 0.929641 0.324247 0.012347
0 0.500308 0.721798 0.999383 0.556403 0.0122896
0 0.553181 0.11521 0.893638 0.23042 0.0122103
0 0.0223493 0.685026 0.0446985 0.629948 0.012173
0 0.561518 0.362398 0.876964 0.405855 0.012154
0 1 0.0132244 0 0.0264488 0.0120343
0 0.5 0.265631 1 0.531263 0.011914
0 0.775653 0.247207 0.448694 0.276251 0.0117156
0 0.858366 0.107966 0.283269 0.215932 0.0116611
0 0.392617 0.848298 0.785235 0.303404 0.0116492
0 0.271174 0.821515 0.542348 0.356971 0.0115526
0 0.751137 0.124037 0.497725 0.248073 0.0115515
0 0.291682 0.761028 0.583363 0.477944 0.0114834
0 0.5 0.783723 1 0.432554 0.0114474
0 0.412395 0.784458 0.82479 0.431085 0.0114006
0 1 0.915651 0 0.168697 0.0113897
0 0.271036 0.172949 0.542072 0.345899 0.0112749
0 0.749918 0.800111 0.500164 0.399779 0.0111988
0 0.892588 0.868466 0.214824 0.263069 0.0110896
0 0.5 0.870358 1 0.259283 0.0110521
0 0.283526 0.801123 0.567052 0.397753 0.0110022
0 0.788155 0.266101 0.419541 0.214875 0.0108832
0 0.83803 0.836254 0.32394 0.327491 0.0107946
0 0.493152 0.750381 0.986305 0.499239 0.0107487
0 0.523323 0.819252 0.953354 0.361496 0.0107421
0 0.276118 0.901714 0.552235 0.196572 0.0106555
0 0.5 0.903841 1 0.192318 0.0104894
0 0.901289 0.812151 0.197422 0.375698 0.0102126
0 0.628007 0.718492 0.134823 0.133548 0.00570822
0 0 0.0334131 0 0.0668262 0.00441954
0 0.673119 0.27291 0.181148 0.182764 0.0040473
0 0 0.833692 0 0.264328 0.00398382
0 0 0.769377 0 0.250561 0.00392806
0 0 0.718648 0 0.253202 0.00376675
0 0 0.630356 0 0.229505 0.0037449
0 0.263602 0.526548 0.266304 0.104783 0.00371636
0 0 0.47863 0 0.210427 0.00370656
0 0 0.57787 0 0.214726 0.00370624
0 0 0.527416 0 0.208926 0.00367405
0 0.622502 0.720262 0.176895 0.149021 0.00363898
0 0 0.0296599 0 0.0593199 0.00362422
0 0 0.428265 0 0.213169 0.00360724
0 0.835267 0.282147 0.161575 0.18056 0.00358169
0 0.402005 0.112247 0.378477 0.163674 0.00352148
0 0.868951 0.617426 0.262097 0.235629 0.0035214
0 0.930421 0.884494 0.139158 0.198571 0.0035126
0 0.862198 0.500118 0.275604 0.224296 0.00349328
0 0 0.380835 0 0.189939 0.00348024
0 0.875428 0.4913 0.249144 0.204494 0.00347747
0 0 0.0842507 0 0.168501 0.00346023
0 0.316244 0.0730606 0.494642 0.146121 0.00344553
0 0.371477 0.103052 0.37184 0.129377 0.00342902
0 0.902948 0.657509 0.194104 0.215986 0.00342304
0 0.244455 0.929834 0.42947 0.140332 0.0034124
0 0.540136 0.0803243 0.53753 0.160649 0.00341173
0 0.701718 0.589725 0.274943 0.0853899 0.00340962
0 0.820161 0.262778 0.192242 0.210535 0.00340009
0 0.211667 0.0796206 0.423334 0.159241 0.00339722
0 0.301142 0.592925 0.602284 0.204253 0.00339641
0 0 0.149628 0 0.204121 0.00339593
0 0.285158 0.420608 0.296952 0.114434 0.00339397
0 0.844496 0.533431 0.311009 0.22635 0.00338081
0 0.305427 0.406911 0.367683 0.111463 0.00337772
0 0 0.321184 0 0.223237 0.00337544
0 0.759968 0.468619 0.480065 0.199239 0.00337526
0 0.90391 0.80585 0.192179 0.336534 0.00336879
0 0.634901 0.64833 0.14359 0.217488 0.00336734
0 0.783967 0.105356 0.432065 0.163342 0.00336504
0 0.980646 0.897523 0.0387083 0.204955 0.00336386
0 0.210647 0.0945432 0.421294 0.158908 0.00336311
0 0.25422 0.721317 0.508439 0.200373 0.00335418
0 0.880564 0.56306 0.238873 0.190067 0.0033495
0 0.839269 0.0689944 0.321462 0.137989 0.00334292
0 0.21324 0.065173 0.426481 0.130346 0.00334058
0 0.540102 0.0925917 0.376779 0.15336 0.00333748
0 1 0.0278556 0 0.0557111 0.00332471
0 0.568916 0.119398 0.368614 0.0968989 0.00331088
0 0.459131 0.092058 0.412692 0.161277 0.00330948
0 0.61158 0.788058 0.216437 0.315465 0.00330775
0 0.189298 0.248156 0.175726 0.105779 0.00329654
0 0.894853 0.735829 0.210294 0.257074 0.00329393
0 0.8225 0.585359 0.355 0.241941 0.00329361
0 0.578156 0.931993 0.559662 0.136014 0.00329121
0 0 0.283845 0 0.203486 0.00328939
0 0.605778 0.7372 0.213947 0.220293 0.00328785
0 0.242157 0.426468 0.210322 0.130118 0.00328709
0 0.684817 0.541158 0.214558 0.224068 0.0032815
0 0.812932 0.0799183 0.374135 0.159837 0.00328086
0 0.207253 0.254176 0.13096 0.106446 0.00327908
0 0.608787 0.0782687 0.551074 0.156537 0.003278
0 0.184398 0.768151 0.368795 0.154063 0.00327559
0 0.367066 0.285684 0.500742 0.193357 0.00327499
0 0.767043 0.0773208 0.465914 0.154642 0.00326883
0 0.712355 0.570098 0.284308 0.111604 0.00326725
0 0.673031 0.243832 0.18209 0.125024 0.00326649
0 0.787233 0.226107 0.25875 0.20843 0.00326027
0 0.876448 0.677349 0.247103 0.210217 0.00325999
0 0.88043 0.622713 0.23914 0.238418 0.00325799
0 0.749246 0.287973 0.346996 0.169568 0.00325079
0 0.569757 0.796917 0.258025 0.274606 0.00325044
0 1 0.0541145 0 0.108229 0.00324271
0 0.34168 0.525277 0.419762 0.120453 0.00324009
0 0.83019 0.928558 0.33962 0.139482 0.00323938
0 0.921388 0.86589 0.157225 0.26822 0.00323752
0 0.705795 0.0980642 0.550494 0.14345 0.00323717
0 0.319353 0.929483 0.435039 0.141033 0.00323452
0 0.34881 0.0682331 0.580537 0.136466 0.00323365
0 0.686357 0.503284 0.147902 0.162486 0.00323305
0 0.316945 0.42544 0.406836 0.0828556 0.00323148
0 0.433019 0.253097 0.299723 0.174923 0.00323105
0 0.600131 0.0967002 0.415786 0.1934 0.00322896
0 0.679241 0.476101 0.604695 0.183601 0.0032281
0 0.680223 0.932193 0.483511 0.135614 0.00322791
0 0.191361 0.920113 0.382722 0.159774 0.00322598
0 0.646177 0.547121 0.323831 0.230167 0.00322429
0 0 0.117337 0 0.234674 0.00322324
0 0.864365 0.656153 0.27127 0.224062 0.00322009
0 0.674665 0.211283 0.182942 0.149421 0.00321897
0 0.795219 0.18334 0.26134 0.217848 0.00321788
0 0.152631 0.260714 0.244642 0.117553 0.00321063
0 0.837867 0.229019 0.163936 0.194902 0.00320702
0 0.241879 0.106941 0.399692 0.123691 0.0032066
0 0.661332 0.474295 0.205551 0.190499 0.0032049
0 0.280466 0.464722 0.310956 0.210485 0.00320233
0 0.174814 0.0764646 0.349627 0.152929 0.00320233
0 0.852779 0.63303 0.294442 0.182275 0.00319977
0 0.439722 0.429277 0.349004 0.23919 0.00319767
0 0.254193 0.569526 0.508387 0.232073 0.00319739
0 0.708661 0.179302 0.437894 0.247631 0.00319625
0 0.269777 0.694889 0.539555 0.180365 0.00319421
0 0.837889 0.0930365 0.324222 0.172873 0.00319397
0 0 0.226384 0 0.231425 0.0031912
0 0.320862 0.375965 0.405515 0.174358 0.00318901
0 0.898686 0.877808 0.202628 0.227118 0.003189
0 0.299493 0.421594 0.541093 0.105533 0.00318826
0 1 0.0172902 0 0.0345803 0.00318789
0 0.301245 0.446661 0.60249 0.165337 0.0031875
0 0.484236 0.526196 0.24201 0.165678 0.00318646
0 0.45731 0.518503 0.241446 0.0911919 0.00317778
0 0.170746 0.937372 0.341493 0.125257 0.00317325
0 0.185729 0.736192 0.371459 0.160588 0.00317305
0 0.312453 0.52938 0.580339 0.156691 0.00317247
0 0.577779 0.807388 0.261489 0.385224 0.00317111
0 0.551943 0.687791 0.339687 0.308912 0.00317086
0 0.524752 0.526754 0.274659 0.221382 0.003164
0 0.383516 0.93718 0.57896 0.125641 0.00315759
0 0.458494 0.530561 0.284554 0.126311 0.003156
0 0.865827 0.89705 0.268346 0.199006 0.00315559
0 0.354123 0.329916 0.50165 0.208567 0.0031553
0 0.881302 0.431973 0.237396 0.257214 0.00315477
0 0.441482 0.251319 0.287704 0.121142 0.00315324
0 0.678827 0.0742495 0.548567 0.148499 0.00314636
0 0.713227 0.897785 0.549168 0.20443 0.00314504
0 0.191162 0.839623 0.382323 0.182798 0.00314453
0 0.726643 0.0780694 0.546714 0.156139 0.0031443
0 0.440933 0.078434 0.604272 0.156868 0.00314309
0 0.253817 0.891193 0.44082 0.201532 0.00314223
0 0.677487 0.490246 0.259961 0.198508 0.00314078
0 0.394938 0.437816 0.528702 0.257994 0.00314023
0 0.924824 0.70702 0.150353 0.219222 0.00313899
0 0.918201 0.749413 0.163597 0.234436 0.0031385
0 0.892344 0.766406 0.215313 0.222168 0.00313833
0 0.602244 0.756808 0.347436 0.179029 0.00313532
0 0.862088 0.165876 0.275824 0.206155 0.00312855
0 0.662423 0.586454 0.330703 0.114202 0.00312723
0 0.224269 0.782551 0.448538 0.20742 0.00312671
0 0.859962 0.506117 0.280075 0.431967 0.00312498
0 0.546093 0.606101 0.364159 0.221214 0.00312168
0 0.773314 0.0448165 0.453373 0.089633 0.00311841
0 0.824248 0.479014 0.351505 0.184579 0.00311708
0 0.235517 0.0470109 0.471034 0.0940219 0.00311663
0 0.656486 0.733283 0.172497 0.13626 0.00311555
0 0.559343 0.76855 0.315773 0.388276 0.00311527
0 0.16557 0.176311 0.331141 0.204271 0.00311346
0 0.46295 0.456817 0.294163 0.216255 0.0031126
0 0.8659 0.942006 0.268201 0.106983 0.00311217
0 0.518332 0.54814 0.565616 0.220099 0.00311108
0 0.817786 0.155998 0.364428 0.206449 0.00311074
0 0.874015 0.736411 0.251969 0.239889 0.00310972
0 0.322669 0.496356 0.645337 0.189516 0.00310717
0 0.857586 0.425964 0.284828 0.229516 0.00310564
0 0.312538 0.698518 0.533877 0.225445 0.00310452
0 0.357808 0.550113 0.601347 0.207454 0.00310151
0 0.311314 0.437555 0.452173 0.142225 0.0031005
0 0.812272 0.600125 0.375456 0.178223 0.00309983
0 0.8703 0.46669 0.2594 0.278688 0.00309382
0 0.546051 0.820057 0.279966 0.179318 0.00309316
0 0.354521 0.317366 0.411008 0.177282 0.00308842
0 0.850486 0.870301 0.299028 0.241799 0.00308725
0 0.794184 0.91692 0.411631 0.164073 0.00308249
0 0.649281 0.0544678 0.63606 0.108936 0.00308223
0 0.863931 0.452665 0.272138 0.382507 0.00308179
0 0.24314 0.859374 0.48628 0.215616 0.00307863
0 0.663838 0.754402 0.262705 0.16049 0.00307765
0 0.84347 0.586114 0.31306 0.207961 0.00307715
0 0.922457 0.798012 0.155086 0.262609 0.00307508
0 0.963504 0.324924 0.0729922 0.180602 0.00307456
0 0.865983 0.46183 0.268034 0.198069 0.00307204
0 0.445406 0.621828 0.369367 0.189911 0.00306988
0 0.411325 0.673354 0.456312 0.186427 0.00306894
0 0.263095 0.829595 0.403677 0.205191 0.00306701
0 0.501198 0.420312 0.594799 0.416276 0.0030657
0 0.602639 0.661453 0.303185 0.272958 0.00306512
0 0.79294 0.805476 0.276531 0.135856 0.00306386
0 0.356097 0.227195 0.470362 0.155163 0.00306287
0 0.155797 0.190936 0.300226 0.208919 0.00306253
0 0.386483 0.115992 0.465368 0.106683 0.00306155
0 0.786624 0.790894 0.305128 0.209635 0.00306147
0 0.681211 0.781995 0.290474 0.174578 0.00306009
0 1 0.00954533 0 0.0190907 0.0030579
0 0.865525 0.722429 0.26895 0.159162 0.00305782
0 0.83447 0.236226 0.190939 0.104841 0.00305703
0 0.574786 0.801419 0.280033 0.163471 0.00305519
0 0.73853 0.765758 0.330132 0.175687 0.00305427
0 0.515323 0.547879 0.337715 0.234485 0.00305407
0 0.228615 0.140597 0.45723 0.197595 0.00305173
0 0.218277 0.390146 0.27097 0.183309 0.00304933
0 0.173131 0.119706 0.346261 0.162213 0.00304876
0 0 0.135357 0 0.270714 0.00304872
0 0.387217 0.380988 0.568485 0.196264 0.00304793
0 0.177016 0.411868 0.354033 0.141388 0.00304784
0 0.32717 0.237476 0.553157 0.189664 0.00304744
0 0.403387 0.530191 0.475109 0.215284 0.00304742
0 0.982345 0.594134 0.0353102 0.175948 0.00304682
0 0.601001 0.236925 0.340011 0.356184 0.00304417
0 0.870378 0.815138 0.259244 0.22802 0.00304413
0 0.880051 0.00103311 0.239898 0.00206622 0.00304032
0 0.702956 0.234076 0.445625 0.177653 0.00303926
0 0.50067 0.62237 0.272236 0.184595 0.00303878
0 0.618136 0.784314 0.36088 0.187699 0.00303821
0 0.710194 0.594642 0.35397 0.119119 0.00303748
0 0.926905 0.917847 0.14619 0.164306 0.00303694
0 0.185401 0.00102347 0.370801 0.00204694 0.00303636
0 0.305573 0.11073 0.434562 0.127949 0.00303635
0 0.251427 0.17435 0.257817 0.21973 0.00303469
0 0.739929 0.0597836 0.520142 0.119567 0.00303241
0 0.868672 0.525442 0.262657 0.219141 0.00303181
0 0.311179 0.26894 0.582799 0.163786 0.00303124
0 0.247256 0.071669 0.494513 0.143338 0.00303049
0 0.613673 0.582713 0.357275 0.137 0.00302982
0 0.603744 0.705515 0.176374 0.127221 0.0211115
0 0.992665 0.0923335 0.0146709 0.184667 0.0205981
0 0.83605 0.350284 0.3279 0.700569 0.0203711
0 0.830687 0.491598 0.338625 0.817554 0.0176929
0 0.854535 0.167022 0.29093 0.334044 0.0159618
0 0.830759 0.615343 0.338481 0.769313 0.015669
0 0.848975 0.695008 0.302049 0.342182 0.0155912
0 0.799837 0.7897 0.400326 0.4206 0.0149958
0 0.167302 0.834776 0.334604 0.306105 0.0149054
0 0.843534 0.678181 0.312932 0.643637 0.0148714
0 0.813775 0.843461 0.372451 0.313077 0.0148216
0 0.746119 0.257675 0.507761 0.51535 0.0146871
0 0.824512 0.754453 0.350975 0.397339 0.0146444
0 0.857048 0.640538 0.285904 0.323789 0.0145418
0 0.757998 0.339495 0.29631 0.279749 0.0141036
0 0.760963 0.294747 0.286115 0.246713 0.0140364
0 0.461871 0.297556 0.260722 0.2338 0.0138911
0 0.130929 0.279261 0.261858 0.176209 0.0137923
0 0.831935 0.887707 0.336131 0.224585 0.013777
0 0.129316 0.324285 0.258632 0.186406 0.0137652
0 0.406626 0.810432 0.346454 0.326957 0.0136558
0 0.279094 0.822394 0.352508 0.323011 0.0136478
0 0.990824 0.166056 0.0183519 0.332113 0.0136348
0 0.338823 0.816982 0.351804 0.314754 0.013551
0 0.77496 0.394904 0.45008 0.789808 0.0135152
0 0.347169 0.279922 0.307699 0.219605 0.0133964
0 0.402177 0.0860416 0.804354 0.172083 0.0132857
0 0.620288 0.864207 0.3356 0.271586 0.0132613
0 0.623543 0.812708 0.293222 0.35125 0.0131893
0 0.34149 0.703102 0.345754 0.240396 0.0131838
0 0.833229 0.752686 0.333543 0.494628 0.013182
0 0.799974 0.550439 0.400053 0.729778 0.0131111
0 0.443351 0.631546 0.269809 0.302358 0.013054
0 0.175741 0.774819 0.351481 0.418508 0.0130516
0 0.0622522 0.244325 0.124504 0.267705 0.0130511
0 0.538401 0.29216 0.309595 0.214588 0.0129756
0 0.611867 0.321429 0.316469 0.258711 0.0129162
0 0.619096 0.373737 0.303812 0.258806 0.0129074
0 0.632542 0.450938 0.28011 0.284958 0.012903
0 1 0.0924193 0 0.184839 0.0128376
0 0.542291 0.861848 0.331413 0.276304 0.0128287
0 0.0938009 0.180765 0.187602 0.258688 0.0128114
0 0.437951 0.139021 0.875903 0.278042 0.0127935
0 0.213204 0.450429 0.275631 0.252977 0.0127935
0 0.170689 0.681633 0.341378 0.370793 0.0127584
0 0.802809 0.645209 0.267892 0.275808 0.0127533
0 0.149089 0.21955 0.298179 0.228743 0.0127446
0 0.0598382 0.188428 0.119676 0.272392 0.012725
0 0.780467 0.277929 0.439066 0.555858 0.0126676
0 0.169182 0.17063 0.338365 0.269449 0.0126628
0 0.732542 0.304452 0.534916 0.608905 0.0126618
0 0.47873 0.863334 0.341581 0.273333 0.0126615
0 0.759382 0.241861 0.291927 0.225889 0.0126506
0 0.405138 0.866914 0.339241 0.266171 0.012627
0 0.094063 0.237154 0.188126 0.221287 0.0125975
0 0.0637649 0.294576 0.12753 0.257104 0.0125601
0 0.50956 0.643078 0.270029 0.283509 0.0125533
0 0.27612 0.866399 0.330247 0.250218 0.0125523
0 0.772806 0.443878 0.30321 0.264172 0.0125368
0 0.996754 0.235096 0.00649106 0.470191 0.0124959
0 0.54844 0.381322 0.293984 0.244953 0.0124852
0 0.0983701 0.290152 0.19674 0.187307 0.0124134
0 0.875148 0.915086 0.249705 0.169828 0.0124006
0 0.825076 0.0951192 0.336445 0.190238 0.0123901
0 0.337752 0.86552 0.340337 0.257009 0.0123801
0 0.255076 0.692866 0.428162 0.291625 0.0123653
0 0.711591 0.543254 0.30001 0.272505 0.0123511
0 0.716882 0.658899 0.286338 0.27628 0.0123111
0 0.63097 0.127062 0.729886 0.254125 0.0122994
0 0.355186 0.629191 0.291445 0.296566 0.0122643
0 0.208155 0.35898 0.265189 0.214882 0.0122614
0 0.775057 0.864023 0.387068 0.271953 0.0122601
0 0.709623 0.497706 0.308718 0.27477 0.0122413
0 0.559823 0.451589 0.306744 0.275997 0.0122365
0 0.43412 0.501805 0.278744 0.325818 0.0122197
0 0.698907 0.822901 0.35815 0.329332 0.0121856
0 0.136483 0.374642 0.272966 0.257077 0.0121847
0 0.154255 0.866697 0.308262 0.228835 0.0121834
0 0.357469 0.370224 0.293263 0.245217 0.0121657
0 0.189046 0.309944 0.280759 0.175268 0.012146
0 0.497132 0.588241 0.277291 0.261851 0.0121395
0 0.622914 0.903689 0.330284 0.192622 0.0121344
0 0.715043 0.602227 0.28794 0.226826 0.0121336
0 0.496128 0.802756 0.347948 0.340351 0.0121334
0 0.580577 0.645405 0.262549 0.289597 0.0120994
0 0.717447 0.443498 0.30401 0.293001 0.0120958
0 0.250976 0.898566 0.30093 0.188961 0.0120818
0 0.836504 0.540816 0.3228 0.316101 0.0120761
0 0.487178 0.206743 0.243715 0.231676 0.012072
0 0.468202 0.246927 0.258148 0.286725 0.0120477
0 0.179277 0.60246 0.358553 0.324382 0.0120445
0 0.851316 0.835317 0.297367 0.329366 0.0120315
0 0.488013 0.496545 0.296558 0.303727 0.0120233
0 0.0666044 0.348292 0.133209 0.263151 0.0120176
0 0.818079 0.465261 0.363842 0.364171 0.0119931
0 0.548336 0.215245 0.289558 0.232663 0.0119831
0 0.548652 0.90427 0.323599 0.191461 0.0119795
0 0.530893 0.133835 0.891413 0.267669 0.0119745
0 0.263302 0.295305 0.299933 0.18983 0.0119599
0 0.211256 0.795859 0.389086 0.369851 0.0119587
0 0.115534 0.543908 0.231069 0.312315 0.0119432
0 0.257342 0.639987 0.376552 0.328494 0.0119426
0 0.27973 0.356842 0.285748 0.225736 0.0119383
0 0.451652 0.713912 0.288009 0.205501 0.0119261
0 0.777299 0.825597 0.417411 0.348805 0.0119149
0 0.600675 0.252441 0.297368 0.251597 0.0119111
0 0.0601868 0.141083 0.120374 0.282166 0.0118963
0 0.103832 0.336647 0.207663 0.233445 0.0118831
0 0.479268 0.901572 0.322246 0.190273 0.011868
0 0.224156 0.866593 0.306039 0.241584 0.0118455
0 0.839364 0.919578 0.321272 0.160843 0.0118347
0 0.250296 0.750079 0.422586 0.328111 0.0118202
0 0.108889 0.392939 0.217779 0.285634 0.0118007
0 0.111175 0.458506 0.222351 0.287501 0.0117968
0 0.798544 0.737465 0.402912 0.525071 0.0117822
0 0.193031 0.277025 0.282683 0.180685 0.0117816
0 0.46847 0.393461 0.248284 0.265698 0.0117794
0 0.633668 0.507451 0.276193 0.284491 0.0117641
0 0.199819 0.526611 0.31501 0.298312 0.0117554
0 0.567589 0.727844 0.287253 0.184191 0.0117284
0 0.408545 0.897132 0.328144 0.192596 0.0117159
0 0.60568 0.208093 0.285639 0.258144 0.0116988
0 0.277446 0.267409 0.297789 0.199002 0.0116835
0 0.117794 0.649068 0.235589 0.352496 0.0116606
0 0.797881 0.590415 0.269362 0.23974 0.0116515
0 0.0736765 0.697872 0.147353 0.334991 0.0116468
0 0.143245 0.458144 0.286491 0.272165 0.0116433
0 0.288919 0.486865 0.293668 0.287989 0.0116283
0 0.647696 0.592691 0.248499 0.232309 0.0116272
0 0.563342 0.924922 0.496623 0.150156 0.0116152
0 0.561263 0.500197 0.313021 0.283121 0.0115848
0 0.291836 0.44267 0.28421 0.249706 0.0115808
0 0.550017 0.813636 0.322177 0.372728 0.0115802
0 0.104028 0.11842 0.208056 0.23684 0.0115802
0 0.78183 0.541034 0.298594 0.267786 0.0115696
0 0.775724 0.374597 0.448552 0.739141 0.0115544
0 0.517813 0.721537 0.304571 0.180547 0.0115434
0 0.929848 0.09361 0.140304 0.18722 0.01152
0 0.576392 0.58599 0.279482 0.240942 0.0115138
0 0.377853 0.101677 0.755707 0.203355 0.0114996
0 0.03756 0.356688 0.07512 0.259449 0.0114991
0 0.719602 0.375093 0.30711 0.277271 0.0114877
0 0.742044 0.155215 0.373784 0.310429 0.0114682
0 0.0376862 0.290378 0.0753724 0.288467 0.0114674
0 0.266115 0.132813 0.53223 0.265626 0.0114386
0 0.069254 0.399853 0.138508 0.286136 0.0114337
0 0.818959 0.313963 0.362081 0.396376 0.0113655
0 0.0952335 0.139836 0.190467 0.279672 0.0113641
0 0.621811 0.148376 0.486151 0.296751 0.0113578
0 0.834402 0.25363 0.331196 0.369057 0.0113262
0 0.797969 0.698521 0.305278 0.25956 0.0113195
0 0.039156 0.858518 0.078312 0.282963 0.0113167
0 0.77582 0.49186 0.3078 0.271113 0.0113086
0 0.44736 0.200428 0.234999 0.211353 0.0112981
0 0.187092 0.638444 0.374183 0.350087 0.0112929
0 0.572273 0.911291 0.287906 0.154091 0.0112827
0 0.0533298 0.108785 0.10666 0.21757 0.01128
0 0.825246 0.145171 0.328535 0.290342 0.0112699
0 0.130445 0.702149 0.260891 0.396624 0.011261
0 0.592787 0.749918 0.237066 0.236092 0.0112166
0 0.445754 0.914541 0.418579 0.170917 0.0112093
0 0.800822 0.372511 0.398355 0.416242 0.0111885
0 0.369701 0.445487 0.2801 0.264361 0.0111833
0 0.793466 0.930673 0.413069 0.138653 0.0111817
0 0.0724502 0.653203 0.1449 0.301276 0.0111814
0 0.455778 0.0962905 0.579103 0.192581 0.0111361
0 0.351426 0.230635 0.286964 0.253547 0.0111159
0 0.074265 0.811301 0.14853 0.347918 0.0111114
0 0.706609 0.0977591 0.516785 0.195518 0.0111009
0 0.36015 0.900015 0.300635 0.172148 0.0110999
0 0.791471 0.65483 0.417058 0.690341 0.0110975
0 0.199349 0.191787 0.331329 0.227182 0.0110955
0 0.327125 0.91015 0.408297 0.179701 0.01109
0 0.708785 0.896643 0.354082 0.206713 0.0110821
0 0.147306 0.53776 0.294613 0.318757 0.0110784
0 0.642744 0.918637 0.29311 0.151448 0.0110684
0 0.0262783 0.103256 0.0525566 0.206511 0.0110534
0 0.557443 0.10141 0.763301 0.20282 0.011018
0 0.724393 0.94096 0.50856 0.11808 0.0110064
0 0.700171 0.250667 0.334765 0.232868 0.0109928
0 0.368137 0.587603 0.269163 0.2976 0.0109872
0 0.266525 0.593868 0.341843 0.32414 0.0109825
0 0.714363 0.716125 0.312615 0.250389 0.0109788
0 0.0251757 0.893803 0.0503514 0.212394 0.0109782
0 0.894363 0.905751 0.211274 0.188498 0.0109559
0 0.0334231 0.810469 0.0668462 0.379061 0.0109494
0 0.030916 0.90703 0.061832 0.185939 0.0109154
0 0.179759 0.887889 0.268564 0.191703 0.0109051
0 0.20628 0.904732 0.260608 0.185479 0.0108887
0 0.64453 0.65051 0.235176 0.289662 0.0108864
0 0.842553 0.191325 0.302012 0.357894 0.0108851
0 0.36552 0.533309 0.285063 0.302408 0.0108317
0 0.0215499 0.788992 0.0430998 0.422016 0.0108142
0 0.695434 0.178208 0.334007 0.281853 0.0107896
0 0.0203387 0.692246 0.0406773 0.506107 0.0107789
0 0.0237109 0.784891 0.0474219 0.331783 0.0107746
0 0.0704164 0.457075 0.140833 0.298047 0.0107359
0 0.0251781 0.707003 0.0503562 0.263736 0.0107138
0 0.0349263 0.401399 0.0698526 0.257034 0.0106835
0 0.72474 0.92167 0.339611 0.156661 0.0106484
0 0.0568036 0.91939 0.113607 0.16122 0.0106202
0 0.0210674 0.862068 0.0421349 0.233154 0.0105803
0 0.0180632 0.585505 0.0361264 0.496706 0.0105405
0 0.997729 0.911382 0.00454172 0.177235 0.0105327
0 0.0126641 0.134889 0.0253282 0.269778 0.0103938
0 0.763627 0.165591 0.301204 0.28025 0.0103608
0 0.788195 0.740774 0.323197 0.304902 0.0103187
0 0.0694374 0.855593 0.138875 0.246008 0.0102709
0 0.0638922 0.10336 0.127784 0.206719 0.010258
0 0.588879 0.13579 0.33352 0.271579 0.0102454
0 0 0.489273 0 0.479495 0.010245
0 0.0247258 0.661532 0.0494516 0.228246 0.0102117
0 0.0249023 0.879744 0.0498046 0.234684 0.0101846
0 0.0720576 0.597503 0.144115 0.27964 0.0101827
0 0 0.938543 0 0.122915 0.0101723
0 0.64416 0.757605 0.203846 0.266726 0.0101353
0 0.245807 0.921629 0.354964 0.156742 0.0101299
0 0 0.100081 0 0.200163 0.0101287
0 0 0.912828 0 0.174344 0.0100457
0 0.0125651 0.199434 0.0251302 0.307025 0.0100093
0 0.348629 0.137419 0.624111 0.274838 0.00998719
0 0.540794 0.747808 0.295716 0.23693 0.00997597
0 0.481782 0.105938 0.426411 0.211875 0.00996213
0 0 0.18782 0 0.223357 0.00996169
0 0.00901051 0.747816 0.018021 0.504368 0.00993805
0 0.138299 0.77477 0.276598 0.435474 0.00991398
0 0.0706622 0.547687 0.141324 0.296216 0.0098984
0 0.933619 0.133595 0.132763 0.267191 0.00989831
0 0.0336184 0.462866 0.0672368 0.263448 0.00987732
0 0 0.143825 0 0.28765 0.00987057
0 0.399753 0.14439 0.276059 0.246082 0.00979641
0 0.432838 0.120486 0.386607 0.240971 0.00979591
0 0.276526 0.204014 0.266403 0.194382 0.00976076
0 0.0280334 0.551832 0.0560668 0.26715 0.00973192
0 0 0.409462 0 0.402141 0.00972002
0 0.0259102 0.602904 0.0518203 0.229777 0.00971489
0 0.151509 0.925846 0.303018 0.148308 0.00967689
0 0.492999 0.159113 0.241391 0.189662 0.00963832
0 0.128723 0.848583 0.257446 0.263987 0.00956568
0 0.543257 0.157864 0.286435 0.213733 0.00955654
0 0 0.235735 0 0.241544 0.00953073
0 0.0062678 0.868766 0.0125356 0.262468 0.00922628
0 0.056558 0.909824 0.113116 0.180352 0.00908875
0 0 0.313066 0 0.318818 0.00906562
0 0.924424 0.820015 0.151152 0.35997 0.00892768
0 0.0038694 0.252546 0.00773881 0.302406 0.00889963
0 0.448786 0.159421 0.231517 0.221368 0.008889
0 0.12327 0.91147 0.246539 0.17706 0.00837852
0 0 0.832277 0 0.335445 0.00794121
0 0 0.582248 0 0.362029 0.00756508
0 0 0.697462 0 0.330248 0.00748218
0 0.235176 0.564192 0.138803 0.0298452 0.00560616
0 0.68137 0.445698 0.119527 0.0393544 0.00523237
0 0.255838 0.563393 0.113327 0.0292459 0.00515304
0 0.207224 0.637096 0.0828466 0.016453 0.00505321
0 0.849781 0.446421 0.124459 0.0465189 0.00501884
0 1 0.754904 0 0.268768 0.00494763
0 0.243159 0.390246 0.132601 0.0357285 0.00492385
0 0.394028 0.439686 0.145184 0.0394505 0.00490934
0 0.297564 0.563367 0.129199 0.0284225 0.00466325
0 0.333908 0.563991 0.0943335 0.0283355 0.00449016
0 0.419558 0.437965 0.146153 0.0421276 0.00447732
0 0.187207 0.639968 0.0822248 0.0188683 0.00439473
0 0.794408 0.698175 0.143356 0.117468 0.00427037
0 0.304028 0.440963 0.21013 0.0419095 0.00424404
0 0.848172 0.561066 0.0822333 0.0189886 0.00423763
0 0.327956 0.538634 0.0775095 0.0199549 0.00423626
0 0.364591 0.440631 0.157599 0.0414167 0.00422296
0 0.673646 0.55878 0.0757908 0.0162188 0.00416014
0 0.854532 0.26638 0.127281 0.0290081 0.00415553
0 1 0.659442 0 0.316539 0.00409555
0 0.662023 0.123081 0.0919843 0.0355646 0.00403422
0 0.692826 0.444387 0.139142 0.0592161 0.00402685
0 0.856201 0.233607 0.114698 0.0397595 0.00402336
0 0.358625 0.565572 0.0873888 0.0296749 0.00401194
0 1 0.383459 0 0.313022 0.00400754
0 0.249096 0.443889 0.203595 0.0450743 0.00398847
0 1 0.793627 0 0.175529 0.00398509
0 0.246233 0.815406 0.196962 0.0857117 0.00395384
0 0.655711 0.124516 0.116978 0.0401776 0.00393456
0 1 0.48271 0 0.312824 0.003934
0 0.64019 0.50718 0.0493306 0.0161334 0.00392551
0 0.672132 0.441515 0.120774 0.0346356 0.00392062
0 0.277627 0.822122 0.274512 0.0989752 0.00385626
0 0.505163 0.560017 0.09524 0.024308 0.00382648
0 0.986264 0.276785 0.0274728 0.326477 0.00381172
0 0.854493 0.335653 0.0914563 0.0353499 0.00380194
0 0.887559 0.446013 0.202737 0.0502833 0.00379563
0 0.506958 0.235806 0.150708 0.0414342 0.00377978
0 0.233776 0.442905 0.180175 0.0580974 0.00376961
0 0.821281 0.561495 0.0595484 0.0181751 0.00375364
0 1 0.584037 0 0.316043 0.00374556
0 0.352971 0.539411 0.0597256 0.0217941 0.00370563
0 0.24505 0.63394 0.0596912 0.0146048 0.00369297
0 1 0.97415 0 0.0517008 0.00366021
0 0.47236 0.585651 0.0899552 0.0120565 0.00364816
0 0.71991 0.441727 0.0902078 0.0329672 0.00363941
0 0.455243 0.207871 0.0950479 0.0184299 0.00363038
0 0.670492 0.507413 0.0498174 0.0155751 0.003609
0 0.427501 0.412722 0.0843935 0.0268023 0.0036079
0 0.608778 0.729618 0.189209 0.179307 0.634807
0 0.602534 0.768552 0.20109 0.252037 0.327456
0 0.00135894 0.0969897 0.00271789 0.193979 0.0955628
0 0 0.0969578 0 0.193916 0.0843114
0 0 0.098661 0 0.197322 0.0822632
0 0 0.0974152 0 0.19483 0.0815125
0 0 0.0981524 0 0.196305 0.0699458
0 1 0.0947998 0 0.1896 0.0555558
0 1 0.0943487 0 0.188697 0.0512403
0 0 0.111865 0 0.22373 0.0498342
0 0.0252159 0.0951517 0.0504319 0.190303 0.0432011
0 0.628782 0.872744 0.184976 0.248574 0.0398039
0 0.0660509 0.0910269 0.0901088 0.182054 0.0396912
0 0.0772015 0.0907232 0.130408 0.181446 0.0394164
0 0.107957 0.0907718 0.153192 0.181544 0.0391482
0 0.482007 0.86098 0.182022 0.273194 0.0381649
0 0.994664 0.107651 0.0106729 0.215303 0.0358113
0 0.144366 0.0917011 0.144764 0.183402 0.0333395
0 0.667763 0.87165 0.18731 0.249231 0.0311099
0 0.518803 0.872837 0.184441 0.250043 0.0286797
0 0.596402 0.874686 0.192486 0.244548 0.027464
0 0.190364 0.0929904 0.132954 0.185981 0.024697
0 0.384344 0.773969 0.184548 0.250053 0.0242708
0 0.0373327 0.0931677 0.0746653 0.186335 0.0242516
0 0.460674 0.819338 0.20301 0.265891 0.0240248
0 0.236552 0.879021 0.180792 0.241959 0.0237687
0 0.890236 0.098262 0.19895 0.196524 0.0233155
0 0.440629 0.774711 0.197931 0.250766 0.023239
0 0.557494 0.875379 0.184748 0.243401 0.0229353
0 0.376823 0.860624 0.1861 0.276565 0.0227677
0 0.852772 0.100835 0.184803 0.20167 0.0223252
0 0.0528014 0.369195 0.105603 0.301298 0.02206
0 0.344578 0.864532 0.18969 0.268499 0.0218409
0 0.998699 0.0781722 0.00260156 0.156344 0.0212783
0 0.702136 0.872804 0.182826 0.247159 0.0207571
0 0.419768 0.859407 0.199926 0.279633 0.0205184
0 0.997459 0.109081 0.00508185 0.218162 0.0204911
0 0.0647659 0.498252 0.0972445 0.28341 0.0204008
0 0.238109 0.660628 0.177891 0.251155 0.020243
0 0.272951 0.878076 0.177807 0.243847 0.0201544
0 0.201959 0.87921 0.184719 0.24158 0.0198818
0 0.00517974 0.08565 0.0103595 0.1713 0.019248
0 0.994386 0.0814 0.011227 0.1628 0.0189308
0 0.942271 0.0784518 0.115458 0.156904 0.0187081
0 0.0718874 0.502463 0.136149 0.276396 0.0186234
0 0.309447 0.868243 0.183631 0.259425 0.0183469
0 0.355771 0.0329972 0.0901666 0.0659944 0.0181646
0 0.210133 0.0911834 0.18623 0.182367 0.0179172
0 0.130145 0.511071 0.17797 0.272603 0.0178597
0 0.0572159 0.108006 0.114432 0.216011 0.0177318
0 0.276489 0.659537 0.18832 0.255699 0.0176581
0 0.348949 0.772114 0.185852 0.252246 0.0176141
0 0.572352 0.787484 0.272815 0.290263 0.0173815
0 0.738633 0.876017 0.183421 0.241213 0.0173285
0 0.0599498 0.260119 0.103964 0.276678 0.0171497
0 0.775213 0.879261 0.175552 0.235215 0.0170994
0 0.928212 0.796356 0.143577 0.251254 0.0170862
0 0.0553848 0.4185 0.103052 0.302855 0.0169417
0 0.91147 0.0947715 0.17706 0.189543 0.0169282
0 0.372759 0.027727 0.109475 0.0554541 0.0168894
0 0 0.919392 0 0.161216 0.0164502
0 0.167309 0.879419 0.184873 0.241162 0.0162724
0 0.0573166 0.309206 0.100981 0.276161 0.0161648
0 0.201328 0.688641 0.190704 0.282409 0.0159266
0 0.163665 0.691363 0.18416 0.28025 0.0159025
0 0.451082 0.88394 0.183803 0.23212 0.0157564
0 0.0613357 0.659518 0.0992185 0.255092 0.0157507
0 0.0264985 0.0830966 0.0529969 0.166193 0.0157013
0 0.928849 0.750094 0.142301 0.239472 0.0153225
0 0.0621451 0.584565 0.0970388 0.264112 0.0153203
0 0.30682 0.642679 0.170763 0.250891 0.0150222
0 0.00125093 0.136598 0.00250187 0.273196 0.0149501
0 0.812354 0.881741 0.171295 0.230662 0.0147561
0 0.670328 0.512727 0.199101 0.248502 0.0146823
0 0.766289 0.712799 0.130884 0.243655 0.0145061
0 0.130709 0.879051 0.175029 0.241897 0.0144178
0 0.307857 0.710356 0.179995 0.274062 0.0143606
0 0.970812 0.0661453 0.0583753 0.132291 0.0143523
0 0.313514 0.771223 0.172501 0.254595 0.0142372
0 0.0733824 0.786736 0.136534 0.260107 0.014211
0 0.0753101 0.687995 0.137842 0.261918 0.0138303
0 0.996947 0.0672261 0.00610662 0.134452 0.0138025
0 0.073732 0.738817 0.137431 0.245066 0.0137771
0 0.350679 0.715804 0.187749 0.260463 0.0137523
0 0.927844 0.846285 0.144312 0.252595 0.0137451
0 0.814815 0.769502 0.182504 0.249025 0.0136587
0 0.912542 0.773999 0.174916 0.240903 0.0135669
0 0.00453954 0.0753002 0.00907908 0.1506 0.0135126
0 0.840958 0.2837 0.318085 0.389892 0.0133083
0 0.384658 0.722122 0.186899 0.248478 0.0132273
0 0.0213768 0.0738882 0.0427535 0.147776 0.0132128
0 0.847583 0.77063 0.1528 0.242305 0.0132092
0 0.126243 0.756565 0.180195 0.280188 0.0131855
0 0.816715 0.0986896 0.167817 0.197379 0.0131254
0 0.930027 0.885152 0.139946 0.229696 0.0131195
0 0.097277 0.509872 0.179687 0.268841 0.012988
0 0.491273 0.241161 0.198759 0.271241 0.0129171
0 0.785191 0.744646 0.161632 0.235336 0.01282
0 0.543606 0.829337 0.217449 0.250634 0.0126661
0 0.270753 0.705191 0.188356 0.289628 0.0125538
0 0.0625207 0.711617 0.107324 0.249543 0.0124431
0 0.880116 0.291848 0.186159 0.258325 0.012439
0 0.619168 0.288867 0.468306 0.295471 0.0123457
0 0.886577 0.0829208 0.226845 0.165842 0.0123036
0 0.71522 0.518637 0.123057 0.228873 0.0123023
0 0.812706 0.206758 0.374587 0.394336 0.0122916
0 0.0750092 0.636787 0.136913 0.252702 0.0122458
0 0.0594983 0.170673 0.110116 0.251541 0.0121879
0 0.507926 0.397804 0.169685 0.319795 0.0121499
0 0.936357 0.64417 0.127287 0.245506 0.0121198
0 0.0734425 0.554477 0.138145 0.276308 0.0121105
0 0.814625 0.824086 0.178047 0.251533 0.0120874
0 0.398102 0.221353 0.204436 0.262957 0.0119316
0 0.427694 0.276254 0.366947 0.29087 0.0119195
0 0.778282 0.825258 0.181782 0.250615 0.0118322
0 0.172182 0.270812 0.344364 0.366444 0.0117836
0 0.131344 0.638565 0.184057 0.263321 0.0117809
0 0.470731 0.756327 0.213658 0.24134 0.0117488
0 0.200193 0.222916 0.400386 0.380809 0.0117336
0 0.935763 0.0706139 0.128473 0.141228 0.0117317
0 0.317851 0.106846 0.537268 0.213693 0.0116297
0 0.453625 0.267568 0.189641 0.301671 0.0116151
0 0.136873 0.099094 0.178924 0.198188 0.0115545
0 0.167348 0.511792 0.183385 0.274065 0.011522
0 0.53563 0.301131 0.510383 0.327134 0.0115201
0 0.313039 0.821506 0.181613 0.261796 0.0114881
0 0.91076 0.87532 0.17848 0.247538 0.0114521
0 0.06564 0.76423 0.112064 0.241871 0.0114517
0 0.161057 0.754469 0.181211 0.288236 0.0114187
0 0.348854 0.666334 0.185482 0.255522 0.0114149
0 0.0600206 0.13175 0.116677 0.259093 0.0113565
0 0.489914 0.020874 0.158289 0.0417479 0.0113141
0 0.0977211 0.782041 0.18321 0.280786 0.0112769
0 0.44087 0.268232 0.681155 0.374127 0.0112592
0 0.88613 0.359189 0.22774 0.322424 0.0112261
0 0.888885 0.306434 0.22223 0.30274 0.0112177
0 0.995723 0.357457 0.00855302 0.2938 0.0112018
0 0.0731497 0.894776 0.140919 0.210449 0.0111842
0 0.766015 0.373345 0.171924 0.273164 0.0111532
0 0.345632 0.0563281 0.136693 0.112656 0.0111371
0 0.0942286 0.662049 0.175715 0.265039 0.0111319
0 0.44043 0.110899 0.419667 0.221799 0.0111203
0 0.995112 0.187883 0.00977562 0.368248 0.0110959
0 0.92344 0.49337 0.15312 0.317194 0.01109
0 0.801278 0.369812 0.182242 0.275647 0.0109866
0 0.847396 0.359636 0.204547 0.301755 0.0109708
0 0.911169 0.82261 0.177662 0.255303 0.0109502
0 0.0390277 0.0731369 0.0780555 0.146274 0.0109271
0 0.508927 0.34908 0.158299 0.282015 0.0109094
0 0.208143 0.645873 0.17551 0.241038 0.0109056
0 0.234959 0.70413 0.187412 0.297188 0.0108699
0 0.984389 0.0703044 0.0312216 0.140609 0.0108656
0 0.929942 0.697873 0.140116 0.253271 0.0108385
0 0.409335 0.296867 0.372045 0.431441 0.0107427
0 0.74218 0.823982 0.194723 0.254296 0.0107114
0 0.26306 0.0924272 0.234963 0.184854 0.0106952
0 0.131959 0.713652 0.188314 0.28207 0.0106718
0 0.0440295 0.822136 0.0880589 0.355729 0.0106548
0 0.785162 0.0908973 0.152252 0.181795 0.0106094
0 0.99629 0.28326 0.00741942 0.313576 0.0106083
0 0.583738 0.843783 0.218904 0.249334 0.0105986
0 0.930289 0.563528 0.139422 0.269948 0.0105981
0 0.175864 0.369294 0.351728 0.351484 0.0105839
0 0.0971813 0.712413 0.183203 0.273895 0.0105115
0 0.923405 0.390944 0.153189 0.321563 0.0104937
0 0.778573 0.518472 0.166938 0.234338 0.0104857
0 0.300221 0.12579 0.383976 0.211203 0.010483
0 0.409781 0.0255623 0.115043 0.0511246 0.0104719
0 0.0971551 0.870475 0.180882 0.25905 0.0104702
0 0.696767 0.197609 0.606465 0.395218 0.0104524
0 0.689647 0.405939 0.174434 0.275856 0.010449
0 0.84353 0.849629 0.162017 0.24168 0.0104148
0 0.073306 0.84771 0.135993 0.242531 0.010408
0 0.271416 0.766611 0.181451 0.264917 0.010392
0 0.508826 0.35699 0.445059 0.343466 0.0103127
0 0.435684 0.725535 0.203288 0.244638 0.0102918
0 1 0.0736558 0 0.147312 0.0102847
0 0 0.922051 0 0.155898 0.0102719
0 0.253387 0.111059 0.506774 0.222119 0.0102668
0 0.241082 0.297609 0.310889 0.23666 0.010255
0 0 0.141717 0 0.283434 0.0101712
0 0.195723 0.363113 0.391446 0.300976 0.0101691
0 0.173121 0.33534 0.346243 0.30703 0.0101568
0 0.147215 0.496818 0.294431 0.413245 0.0101452
0 1 0.0720946 0 0.144189 0.0100964
0 0.0281042 0.110792 0.0562083 0.221584 0.0100821
0 0.499373 0.101665 0.269658 0.203331 0.0100558
0 0.979177 0.432249 0.0416465 0.385743 0.0100411
0 0.994807 0.586299 0.0103853 0.378226 0.0100026
0 0 0.0763277 0 0.152655 0.00997248
0 0.251367 0.201074 0.421973 0.320606 0.00996929
0 0.0403541 0.743084 0.0807081 0.396215 0.00993684
0 0.233092 0.137781 0.423528 0.275562 0.00988933
0 0.924461 0.642893 0.146872 0.240462 0.00986513
0 0.497745 0.270335 0.433765 0.42453 0.00984954
0 0.595198 0.0772216 0.273932 0.154443 0.00983545
0 0.069866 0.449591 0.134615 0.274037 0.00983111
0 0.20863 0.0729487 0.0941325 0.145897 0.00981137
0 0.178729 0.0877225 0.195505 0.175445 0.00980999
0 0.0667742 0.333885 0.133548 0.27014 0.00980237
0 0.885132 0.772279 0.172632 0.238718 0.00979727
0 0.0408903 0.641668 0.0817807 0.393369 0.00978366
0 0.995953 0.701267 0.00809391 0.401137 0.00977626
0 0.206916 0.15706 0.413832 0.314121 0.00966456
0 0.322241 0.0588886 0.112584 0.117777 0.00964151
0 0.641786 0.520787 0.209491 0.274148 0.00955335
0 0.166067 0.644356 0.17396 0.249302 0.00955158
0 0.998987 0.114358 0.00202496 0.228716 0.00954838
0 0.66214 0.396187 0.198354 0.307952 0.00951294
0 0.49316 0.894296 0.175832 0.211409 0.0095081
0 0.462121 0.02268 0.149031 0.04536 0.00948841
0 0.489367 0.481983 0.195717 0.299576 0.00948484
0 0.593345 0.471355 0.173983 0.316767 0.00945952
0 0.940761 0.493564 0.118477 0.318635 0.00943564
0 0.992028 0.145881 0.015943 0.291763 0.00943003
0 0.8627 0.0971302 0.2746 0.19426 0.00942868
0 0.940423 0.393159 0.119153 0.315465 0.00940291
0 0.0443494 0.539953 0.0886988 0.397278 0.00939969
0 0.061719 0.885633 0.109336 0.228734 0.00933661
0 0.913329 0.72913 0.173341 0.240277 0.00933117
0 0 0.150033 0 0.300067 0.00930776
0 0.998172 0.800554 0.00365698 0.398893 0.00922809
0 0.861006 0.386141 0.277987 0.391273 0.00922232
0 0.234852 0.756909 0.184394 0.283201 0.00916273
0 0.134618 0.328465 0.269236 0.370525 0.00914812
0 0.813142 0.726074 0.185308 0.237886 0.00911457
0 0.976603 0.849166 0.046794 0.301669 0.00911025
0 0.144204 0.232626 0.288408 0.385064 0.00909757
0 0.181811 0.42022 0.363623 0.350581 0.00907251
0 0.172667 0.0737146 0.0947732 0.147429 0.00907143
0 0.696647 0.209478 0.480454 0.374193 0.00906518
0 0.956842 0.0978988 0.0863159 0.195798 0.00906265
0 0.953963 0.749494 0.0920744 0.245508 0.00901476
0 0.0723348 0.116312 0.14467 0.232623 0.00901408
0 0.234369 0.0988916 0.468738 0.197783 0.00900367
0 0 0.0761811 0 0.152362 0.00899125
0 0.996272 0.881257 0.00745615 0.237486 0.00894965
0 0.949326 0.671364 0.101349 0.254362 0.00894841
0 0.285517 0.336599 0.340549 0.209031 0.00893098
0 0.506892 0.207679 0.177049 0.23457 0.00887302
0 0.840156 0.10045 0.128698 0.200426 0.00886634
0 0.204812 0.425263 0.409623 0.323723 0.00884132
0 0.571297 0.10401 0.328206 0.208021 0.00881731
0 0.750143 0.0850803 0.146886 0.170161 0.00879494
0 0.504948 0.131401 0.393397 0.242159 0.0087929
0 0.0525353 0.355526 0.105071 0.278234 0.0087896
0 0.0628022 0.82153 0.111492 0.239644 0.00877457
0 0.612848 0.0689319 0.206976 0.137864 0.00874595
0 0.994287 0.106723 0.011426 0.213446 0.00872631
0 0.0720765 0.280224 0.133386 0.287458 0.00869714
0 0.684332 0.262418 0.452848 0.302822 0.00867058
0 0.238048 0.0727412 0.107242 0.145482 0.0086554
0 0.139428 0.905201 0.159507 0.189599 0.0086207
0 0.733068 0.288755 0.377212 0.255904 0.0085968
0 0.39458 0.12277 0.323732 0.180402 0.00854401
0 0.845068 0.729192 0.166021 0.2385 0.00854152
0 0.95049 0.796744 0.0990208 0.252051 0.00853717
0 0.385062 0.669982 0.185296 0.253707 0.00852029
0 0.272756 0.822287 0.177134 0.26222 0.00849782
0 0.311096 0.497657 0.179338 0.246713 0.00848974
0 0.735009 0.408656 0.182911 0.267208 0.00848613
0 0.209674 0.497166 0.175691 0.251713 0.00846726
0 0.179322 0.210042 0.358644 0.420083 0.00846594
0 0.9901 0.918376 0.0198002 0.163248 0.00841518
0 0.946364 0.561305 0.107272 0.275175 0.00841345
0 0.245233 0.49662 0.187471 0.250981 0.00841266
0 0.420844 0.238969 0.156411 0.288266 0.0084022
0 0.48369 0.42355 0.197179 0.324144 0.00838897
0 0.199745 0.752969 0.187775 0.290784 0.00836985
0 0.102524 0.90617 0.165636 0.187661 0.0083663
0 0.888362 0.0740992 0.162229 0.148198 0.00834723
0 0.699255 0.502809 0.15401 0.241156 0.00832328
0 0.404119 0.197894 0.323096 0.280054 0.00828612
0 0.582214 0.646291 0.421569 0.4412 0.00827879
0 0.621182 0.103067 0.19658 0.206134 0.00827603
0 0.545442 0.468677 0.202929 0.314468 0.00825624
0 0.947827 0.619198 0.104347 0.253565 0.00823627
0 0.455367 0.222227 0.196542 0.252194 0.00822918
0 0.935298 0.445206 0.129404 0.321161 0.00817618
0 0.469045 0.314647 0.151495 0.302246 0.00817138
0 0.582746 0.34397 0.21157 0.308948 0.00813774
0 0.186554 0.482134 0.174363 0.235929 0.00809121
0 0.0492755 0.43879 0.098551 0.388985 0.00806462
0 0.780346 0.695862 0.173927 0.238675 0.00805588
0 0.164875 0.804498 0.182724 0.300642 0.00803301
0 0.749943 0.628854 0.475997 0.394444 0.00801423
0 0.00805175 0.102193 0.0161035 0.204386 0.00799722
0 0.723309 0.40031 0.553383 0.432126 0.00799537
0 0.0751333 0.232367 0.132131 0.269347 0.0079856
0 0.634487 0.098277 0.324177 0.196554 0.00798194
0 0.791432 0.0735121 0.127166 0.147024 0.00795983
0 0.661019 0.079155 0.267589 0.15831 0.00794159
0 0.426511 0.90401 0.169642 0.19198 0.00793896
0 0.644593 0.368957 0.435795 0.361924 0.00793008
0 0.79092 0.0947783 0.41816 0.189557 0.00792937
0 0.884682 0.886594 0.185243 0.224425 0.00789888
0 0.000753403 0.184784 0.00150681 0.282347 0.00789205
0 0.391885 0.905402 0.164556 0.189196 0.0078832
0 0.628256 0.193925 0.536648 0.38785 0.00787439
0 0.0628423 0.923871 0.12117 0.152258 0.00787207
0 0.604962 0.707978 0.181361 0.128268 0.944352
0 0.222211 0.559083 0.127576 0.0539219 0.0919919
0 0.835051 0.544018 0.148945 0.0910439 0.013012
0 0.345631 0.551432 0.129765 0.0701027 0.0128198
0 0.394748 0.532096 0.142122 0.0966032 0.0121126
0 0.837838 0.561229 0.152745 0.0567163 0.0112649
0 0.903768 0.593959 0.192464 0.226821 0.0109365
0 0.903215 0.655551 0.193569 0.20617 0.0108072
0 0.905975 0.702612 0.188049 0.23478 0.0106035
0 0.906013 0.455074 0.187974 0.24048 0.0103734
0 0.908108 0.757523 0.183785 0.221348 0.0102748
0 0.123721 0.624384 0.247442 0.199284 0.0102706
0 0.3932 0.553551 0.126895 0.0663532 0.0102525
0 0.90455 0.302493 0.1909 0.237861 0.0102412
0 0.907877 0.353925 0.184245 0.23585 0.0101485
0 0.908749 0.402068 0.182502 0.255832 0.0101282
0 0.902913 0.538179 0.194175 0.227234 0.0101178
0 0.903887 0.2582 0.192226 0.217152 0.00994352
0 0.950785 0.122229 0.0984303 0.244458 0.0099162
0 0.950949 0.286968 0.0981016 0.18911 0.00989158
0 0.952312 0.331713 0.0953755 0.207352 0.00987607
0 0.00356954 0.224017 0.00713909 0.319745 0.00987508
0 0.581885 0.271189 0.38318 0.212336 0.0098106
0 0.0428617 0.211902 0.0857233 0.26797 0.00980365
0 0.948624 0.244593 0.102752 0.170472 0.00978284
0 0.00273051 0.78059 0.00546103 0.290494 0.00976241
0 0.0963441 0.907594 0.192688 0.184812 0.00975231
0 0.952699 0.377225 0.094601 0.220156 0.00974147
0 0.0469438 0.461531 0.0938877 0.256497 0.009738
0 0.951512 0.429408 0.0969758 0.220524 0.00972115
0 0.0441452 0.265552 0.0882903 0.243401 0.00968367
0 0.00757714 0.156443 0.0151543 0.312711 0.00966303
0 0.0880986 0.623632 0.176197 0.226231 0.00962479
0 0.90618 0.198232 0.187639 0.258725 0.00960658
0 0.0467853 0.558334 0.0935706 0.258061 0.00959621
0 0.952394 0.476467 0.095213 0.220116 0.0095908
0 0.0947999 0.719719 0.1896 0.239353 0.00955834
0 0.0462708 0.510648 0.0925416 0.261553 0.00955305
0 0.0469681 0.61621 0.0939361 0.244718 0.00953364
0 0.780487 0.67878 0.351578 0.24252 0.00951986
0 0.9077 0.814579 0.184601 0.205809 0.00950775
0 0.0413743 0.907901 0.0827487 0.184197 0.00950182
0 0.0488442 0.722385 0.0976884 0.25043 0.00949339
0 0.0462299 0.360161 0.0924598 0.258045 0.00949301
0 0.0470229 0.771925 0.0940458 0.256287 0.00948574
0 0.00345394 0.727201 0.00690788 0.2875 0.00947678
0 0.0785981 0.550762 0.157196 0.241727 0.00947568
0 0.0858858 0.96311 0.171772 0.0737808 0.0094693
0 0.0460249 0.668748 0.0920499 0.252845 0.0094691
0 0.091103 0.767611 0.182206 0.250979 0.00945846
0 0.948352 0.190637 0.103296 0.19526 0.00945091
0 0.0442232 0.312256 0.0884464 0.253464 0.00945053
0 0.559197 0.318731 0.386888 0.287112 0.00941263
0 0.700821 0.278423 0.308892 0.200654 0.00940054
0 0.0460347 0.41009 0.0920693 0.26398 0.00939696
0 0.00381677 0.674992 0.00763355 0.288961 0.00939181
0 0.0567642 0.143795 0.113528 0.276845 0.00939023
0 0.915568 0.140153 0.168864 0.280306 0.00938234
0 0.00270792 0.323894 0.00541584 0.297448 0.00934427
0 0.95041 0.522087 0.0991792 0.217839 0.00931907
0 0.109466 0.766534 0.218931 0.225544 0.00930317
0 0.940193 0.783978 0.119615 0.23928 0.00930219
0 0.00430257 0.621403 0.00860515 0.285212 0.0092703
0 0.0741304 0.468544 0.148261 0.2276 0.00926027
0 0.872698 0.667877 0.254604 0.199534 0.00922594
0 0.607238 0.213319 0.342807 0.271425 0.0092236
0 0.948472 0.571784 0.103055 0.225773 0.00921954
0 0.940509 0.730977 0.118982 0.252303 0.00920886
0 0.926299 0.870568 0.147402 0.258865 0.00920142
0 0.0733259 0.368596 0.146652 0.259362 0.0091921
0 0.700596 0.648923 0.356837 0.242943 0.00918808
0 0.12481 0.910177 0.24962 0.179645 0.00917227
0 0.141382 0.832733 0.282765 0.217796 0.00917218
0 0.118257 0.527103 0.236514 0.202856 0.0091292
0 0.072119 0.21296 0.144238 0.264154 0.00911597
0 0.409653 0.26436 0.33736 0.184186 0.00911139
0 0.944217 0.678592 0.111566 0.249493 0.00910947
0 0.0723112 0.28015 0.144622 0.228541 0.00910844
0 0.869289 0.14888 0.261422 0.285237 0.00909965
0 0.946329 0.624042 0.107342 0.233577 0.00908504
0 0.139476 0.775586 0.278953 0.206185 0.00907161
0 0.90412 0.881982 0.191761 0.236036 0.00906292
0 0.110781 0.708935 0.221561 0.207197 0.00906239
0 0.162473 0.632978 0.324945 0.210111 0.00905331
0 0.160572 0.513651 0.321143 0.187328 0.00905245
0 0.00377112 0.474386 0.00754223 0.29788 0.00904583
0 0.221885 0.961262 0.306049 0.0774765 0.00903428
0 0.198715 0.843373 0.334685 0.230452 0.0090078
0 0.28971 0.961672 0.303667 0.0766556 0.00898174
0 0.8725 0.617303 0.255001 0.2184 0.0089779
0 0.00194978 0.870793 0.00389957 0.258414 0.00897554
0 0.693209 0.214161 0.319951 0.258966 0.00897393
0 0.0944137 0.81747 0.188827 0.231658 0.00896952
0 0.769588 0.641646 0.334353 0.232279 0.00896717
0 0.149656 0.21481 0.299313 0.254068 0.00896325
0 0.5627 0.473844 0.362028 0.206102 0.0089611
0 0.28315 0.0685423 0.357296 0.137085 0.00893896
0 0.257363 0.558867 0.167446 0.0534441 0.00893895
0 0.412004 0.360006 0.326699 0.225145 0.00893101
0 0.112211 0.821698 0.224423 0.213595 0.00892495
0 0.167601 0.067401 0.335203 0.134802 0.00891815
0 0.869553 0.211675 0.260894 0.253369 0.00891293
0 0.00348877 0.402989 0.00697754 0.285863 0.00890536
0 0.940874 0.904889 0.118252 0.190223 0.00890197
0 0.143012 0.700771 0.286025 0.208681 0.00889558
0 0.686222 0.319492 0.312855 0.270855 0.00887656
0 0.00437968 0.554594 0.00875936 0.288374 0.00886822
0 0.500063 0.267098 0.350051 0.213652 0.00886144
0 0 0.0793681 0 0.158736 0.00885925
0 0.0461292 0.817637 0.0922584 0.237325 0.00885271
0 0.99886 0.917695 0.00227964 0.164611 0.00884438
0 0.0889128 0.920655 0.177826 0.158689 0.00884331
0 0.113121 0.876906 0.226243 0.246188 0.0088407
0 0.108146 0.468373 0.216292 0.198775 0.00881535
0 0.422751 0.962893 0.303519 0.074214 0.00880918
0 0.143866 0.872928 0.287732 0.254144 0.00880676
0 0.478072 0.21012 0.338906 0.283879 0.00880631
0 0.823883 0.318012 0.306827 0.265373 0.00880102
0 0.199604 0.916677 0.332772 0.166645 0.00879601
0 0.340788 0.359283 0.332984 0.22299 0.00879304
0 0.323239 0.208265 0.337213 0.255665 0.00877634
0 0.609963 0.652572 0.333373 0.250471 0.0087619
0 0.146109 0.915958 0.292217 0.168084 0.00875071
0 0.779335 0.963519 0.314041 0.0729624 0.00874694
0 0.089346 0.144128 0.178692 0.284015 0.0087445
0 0.481677 0.65675 0.326194 0.240336 0.0087422
0 0.874067 0.0886185 0.251866 0.177237 0.00873675
0 0.352747 0.962484 0.300882 0.0750324 0.00873574
0 0.918138 0.0871056 0.163724 0.174211 0.0087259
0 0.393887 0.331166 0.348439 0.299272 0.00872363
0 0.407005 0.474255 0.323004 0.203427 0.00871306
0 0.0722643 0.414782 0.144529 0.267733 0.00871304
0 0.00136666 0.906262 0.00273331 0.187477 0.00870702
0 0.211494 0.671205 0.36297 0.239994 0.00870666
0 0.104981 0.217362 0.209962 0.246704 0.00869312
0 0.348764 0.0688663 0.361748 0.137733 0.00869156
0 0.421202 0.0692594 0.362942 0.138519 0.00868611
0 0.198984 0.477979 0.329631 0.204283 0.00867081
0 0.145308 0.963315 0.290615 0.0733693 0.00866937
0 0.875001 0.770559 0.249997 0.221057 0.00866505
0 0.564885 0.963508 0.308677 0.0729843 0.00866359
0 0.314011 0.328062 0.340059 0.28164 0.00866232
0 0.617668 0.351102 0.325553 0.239234 0.00865685
0 0.873961 0.707352 0.252078 0.251136 0.00865546
0 0.839493 0.680071 0.318437 0.222175 0.00864745
0 0.633402 0.963747 0.309524 0.0725063 0.00864479
0 0.03522 0.965884 0.07044 0.0682314 0.00863934
0 0.203476 0.788472 0.339305 0.221234 0.00863871
0 0.399095 0.209062 0.345786 0.269826 0.0086199
0 0.494089 0.96316 0.307544 0.0736794 0.00861786
0 0.11584 0.964133 0.23168 0.0717331 0.00860364
0 0.872806 0.471391 0.254388 0.221121 0.00859824
0 0.989304 0.969479 0.0213926 0.0610415 0.00859495
0 0.200034 0.164912 0.331187 0.234991 0.00858992
0 0.17254 0.345252 0.333127 0.313868 0.00858452
0 0.703866 0.964054 0.310499 0.071892 0.00858262
0 0.349892 0.550912 0.35196 0.147383 0.0085654
0 0.879629 0.968689 0.240742 0.0626223 0.0085509
0 0.832545 0.215528 0.32606 0.268137 0.0085343
0 0.292031 0.672406 0.37669 0.249335 0.00853125
0 0.103729 0.411894 0.207458 0.253706 0.00852607
0 0.113487 0.662067 0.226973 0.254598 0.00852573
0 0.208171 0.346912 0.33248 0.255216 0.00852563
0 0.835142 0.0891096 0.329715 0.178219 0.00852249
0 0.476269 0.47539 0.321822 0.207827 0.00851313
0 0.871021 0.273362 0.257958 0.20438 0.00851103
0 0.873539 0.551872 0.252921 0.209243 0.00850602
0 0.691289 0.415866 0.311139 0.263217 0.00850385
0 0.00221944 0.953552 0.00443889 0.0928955 0.00850165
0 0.469809 0.326727 0.344124 0.302801 0.00849194
0 0.338225 0.474096 0.338475 0.203113 0.00848773
0 0.286691 0.849686 0.367192 0.247568 0.0084753
0 0.346639 0.646011 0.347033 0.236847 0.00847212
0 0.873252 0.829521 0.253497 0.215666 0.00846984
0 0.835306 0.63151 0.316563 0.221448 0.00845838
0 0.139469 0.12726 0.278938 0.254521 0.00845466
0 0.281596 0.356199 0.318479 0.228094 0.00844909
0 0.952804 0.0738777 0.0943917 0.147755 0.00844853
0 0.406438 0.561424 0.321922 0.163866 0.00843874
0 0.268013 0.209377 0.30756 0.245866 0.00843567
0 0.296565 0.788502 0.377003 0.257339 0.00842576
0 0.271447 0.916791 0.326575 0.166418 0.00842379
0 0.151615 0.475679 0.303231 0.203578 0.00842145
0 0.274264 0.477365 0.318981 0.206183 0.0084111
0 0.0712616 0.321099 0.142523 0.266239 0.00839634
0 0.477298 0.134464 0.330031 0.221304 0.00837477
0 0.640513 0.0747209 0.371313 0.149442 0.00837082
0 0.481612 0.566616 0.331057 0.175567 0.00836816
0 0.559241 0.411267 0.35305 0.24989 0.00836578
0 0.110025 0.286972 0.220051 0.210553 0.00836248
0 0.613651 0.151124 0.328 0.242083 0.00836105
0 0.808603 0.140509 0.380684 0.281018 0.00834261
0 0.133562 0.0704875 0.267123 0.140975 0.00834219
0 0.496322 0.0701514 0.366979 0.140303 0.00834048
0 0.119492 0.367764 0.238983 0.257313 0.00832991
0 0.695215 0.477187 0.315589 0.207586 0.00832971
0 0.873122 0.878105 0.253756 0.243791 0.00832516
0 0.567697 0.0714735 0.364821 0.142947 0.00832357
0 0.709391 0.0787494 0.383324 0.157499 0.00832278
0 0.705477 0.538301 0.333369 0.192515 0.00831771
0 0.616925 0.553351 0.324625 0.201905 0.00831292
0 0.334762 0.39792 0.33353 0.229533 0.00831119
0 0.281479 0.54134 0.335205 0.148453 0.00828853
0 0.114263 0.151005 0.228527 0.264907 0.0082851
0 0.14707 0.41127 0.294139 0.250802 0.00828391
0 0.958092 0.91659 0.0838167 0.166821 0.00827826
0 0.880652 0.914761 0.238695 0.170478 0.00826791
0 0.00529527 0.0958872 0.0105905 0.191774 0.00826273
0 0.0522299 0.0668339 0.10446 0.133668 0.00825661
0 0.154926 0.289358 0.309852 0.210535 0.00825136
0 0.48389 0.358419 0.315461 0.22792 0.0082402
0 0.330782 0.266337 0.326806 0.174487 0.00822995
0 0.269347 0.269545 0.298885 0.174831 0.00822629
0 0.838237 0.475629 0.323526 0.211546 0.00822483
0 0.572486 0.882887 0.372824 0.234227 0.008195
0 0.828802 0.277156 0.305684 0.197168 0.00819166
0 0.74581 0.324023 0.345913 0.274032 0.0081886
0 0.342881 0.916115 0.322391 0.16777 0.0081848
0 0.415954 0.914987 0.324673 0.170027 0.00818109
0 0.272217 0.405801 0.31351 0.235192 0.0081779
0 0.0137753 0.0671077 0.0275507 0.134215 0.00817096
0 0.7956 0.843501 0.383729 0.23732 0.00817039
0 0.10388 0.34062 0.20776 0.300854 0.00817027
0 0.557736 0.561131 0.347784 0.192461 0.00816735
0 0.394436 0.10729 0.331506 0.21458 0.00816291
0 0.0993795 0.0704038 0.198759 0.140808 0.00815257
0 0.197808 0.212139 0.32545 0.249284 0.00813877
0 0.489305 0.913585 0.32719 0.172829 0.00811444
0 0.765587 0.488074 0.326825 0.210394 0.00810385
0 0.870777 0.313682 0.258445 0.2499 0.00810269
0 0.767019 0.539226 0.325743 0.204342 0.00809115
0 0.871693 0.41725 0.256614 0.266623 0.0080823
0 0.781296 0.0787442 0.382122 0.157488 0.0080795
0 0.837566 0.966175 0.307948 0.0676492 0.00807343
0 0.792949 0.719375 0.373864 0.249631 0.00806866
0 0.150398 0.160114 0.300797 0.25375 0.00805888
0 0.000675666 0.921981 0.00135133 0.156038 0.00804858
0 0.190542 0.4095 0.327079 0.244345 0.00803529
0 0.562738 0.912293 0.330299 0.175413 0.00802276
0 0.782201 0.912092 0.347506 0.175816 0.00802118
0 0.613879 0.493102 0.32951 0.23516 0.00801308
0 0.538364 0.115473 0.333685 0.230946 0.00800941
0 0.763946 0.358052 0.328622 0.236335 0.00799068
0 0.831679 0.42315 0.327124 0.27804 0.00798162
0 0.762745 0.278657 0.329292 0.197045 0.0079693
0 0.209478 0.52065 0.342944 0.158934 0.00796929
0 0.605722 0.115589 0.334431 0.231178 0.00796725
0 0.644693 0.877566 0.380206 0.244868 0.00796347
0 0.700221 0.911434 0.33149 0.177133 0.00796119
0 0.403266 0.139094 0.323521 0.214858 0.00795763
0 0.476298 0.402231 0.315885 0.240371 0.00792977
0 0.423223 0.660877 0.330842 0.230983 0.00792568
0 0.362748 0.851245 0.375079 0.254306 0.00791617
0 0.631776 0.911768 0.3324 0.176464 0.0079116
0 1 0.232778 0 0.170868 0.00789356
0 1 0.425679 0 0.249297 0.00788569
0 1 0.688271 0 0.289347 0.00788522
0 0.799374 0.775555 0.375616 0.282443 0.0078802
0 1 0.324824 0 0.226354 0.00787323
0 1 0.374396 0 0.244663 0.00786945
0 1 0.631819 0 0.274243 0.00786521
0 1 0.18723 0 0.188542 0.00785485
0 0.550083 0.144781 0.335856 0.228507 0.00785001
0 0.26286 0.111041 0.312849 0.222082 0.00783317
0 0.873088 0.367712 0.253825 0.225318 0.00781775
0 0.919818 0.96477 0.160365 0.0704609 0.0078177
0 1 0.276323 0 0.195862 0.00781182
0 1 0.476179 0 0.251348 0.00780842
0 0.191904 0.281671 0.316157 0.194991 0.00780527
0 1 0.577249 0 0.261165 0.00779714
0 0.203528 0.236126 0.145342 0.0794936 0.00779164
0 1 0.737129 0 0.285505 0.00777303
0 1 0.525223 0 0.252931 0.00777039
0 0.68968 0.152115 0.325314 0.267372 0.00776786
0 0.00168328 0.960547 0.00336655 0.0789061 0.00776291
0 0.189899 0.119198 0.327861 0.238396 0.00775702
0 0.75959 0.215807 0.353549 0.269164 0.0077423
0 1 0.789055 0 0.289575 0.00773291
0 0.424073 0.881468 0.345751 0.237065 0.00771983
0 0.209242 0.082194 0.347564 0.164388 0.00768905
0 0.835508 0.366989 0.310775 0.222563 0.00768701
0 0.837675 0.907565 0.324467 0.184869 0.00768468
0 0.708444 0.869063 0.361542 0.261874 0.00766953
0 0.267135 0.162068 0.308802 0.219183 0.00764001
0 0.967415 0.849401 0.0651702 0.301197 0.00763541
0 0.922142 0.0629209 0.155717 0.125842 0.00760414
0 0.210112 0.510628 0.134043 0.053054 0.00758018
0 1 0.122907 0 0.222152 0.0075608
0 0.834877 0.86898 0.322577 0.262039 0.007543
0 0.324709 0.108721 0.318404 0.217443 0.00753784
0 0.326851 0.152193 0.312758 0.216612 0.00751535
0 0.547102 0.653673 0.325582 0.246693 0.00750635
0 0.749471 0.420692 0.349229 0.283054 0.00748951
0 0.671593 0.11822 0.341177 0.23644 0.00747517
0 0.66156 0.823937 0.403061 0.328175 0.00747231
0 0.206217 0.413954 0.153703 0.0929388 0.00744649
0 0.356723 0.701837 0.350861 0.218517 0.00744058
0 0.542821 0.809473 0.35965 0.380167 0.00743525
0 0.741906 0.131429 0.371108 0.262859 0.00733038
0 0.358508 0.777585 0.361406 0.291095 0.00733036
0 0.608456 0.708832 0.182473 0.135238 0.934601
0 1 0.885859 0 0.228283 0.0122376
0 1 0.593311 0 0.293718 0.0117103
0 1 0.909746 0 0.180509 0.0116197
0 1 0.644891 0 0.297852 0.0110243
0 1 0.517441 0 0.292813 0.0105837
0 1 0.695068 0 0.300299 0.0100766
0 1 0.103079 0 0.206157 0.00866103
0 1 0.858495 0 0.28301 0.00856286
0 1 0.466722 0 0.29459 0.00855433
0 1 0.743735 0 0.301405 0.00834991
0 0.875989 0.895217 0.248021 0.209565 0.00753899
0 0.860836 0.862591 0.278327 0.274818 0.00739881
0 1 0.925958 0 0.148083 0.00734573
0 1 0.591954 0 0.230622 0.00734001
0 0.289055 0.960245 0.299709 0.079509 0.00732017
0 0.863279 0.405543 0.273443 0.309823 0.00730152
0 0.865465 0.805684 0.26907 0.278586 0.00724358
0 0.944992 0.601529 0.110015 0.226476 0.00721524
0 0.865643 0.458027 0.268714 0.222634 0.00719953
0 0.575476 0.958686 0.297897 0.082628 0.00719193
0 0.565348 0.82103 0.30439 0.35794 0.00717274
0 0.356929 0.959713 0.302063 0.0805735 0.00717168
0 0.869562 0.505964 0.260876 0.210837 0.00716223
0 0.784167 0.959461 0.319953 0.0810772 0.00712453
0 0.863792 0.757652 0.272416 0.27455 0.00710022
0 0.506055 0.959061 0.302139 0.0818785 0.00709958
0 0.635702 0.958683 0.29662 0.082633 0.007092
0 1 0.819427 0 0.305528 0.00707671
0 0.431872 0.959459 0.304135 0.0810823 0.00705931
0 0.223612 0.961604 0.297847 0.0767919 0.00705864
0 0.935047 0.668689 0.129907 0.34757 0.00705354
0 0.703566 0.958592 0.304782 0.0828152 0.00703175
0 0.907858 0.506602 0.184284 0.242303 0.00701983
0 0.950338 0.555809 0.0993236 0.208984 0.00701496
0 0.933489 0.362069 0.133022 0.656365 0.00698442
0 0.848669 0.375096 0.302661 0.43178 0.0069782
0 0.877181 0.111595 0.245637 0.223189 0.00695178
0 0.999499 0.63989 0.00100114 0.290892 0.00694188
0 0.906665 0.42972 0.18667 0.400341 0.00693693
0 0.513019 0.218571 0.969211 0.437141 0.0069126
0 0.553158 0.659786 0.331509 0.237762 0.00689052
0 1 0.107754 0 0.215508 0.00686351
0 0.867357 0.783996 0.265285 0.432008 0.00684369
0 1 0.549039 0 0.221749 0.0068181
0 0.870714 0.608631 0.258573 0.194815 0.00681241
0 0.848978 0.235493 0.302044 0.470987 0.00680091
0 0.824138 0.11078 0.351725 0.221559 0.00680055
0 1 0.193972 0 0.304008 0.00673524
0 0.870821 0.55716 0.258358 0.186858 0.00673155
0 0.889669 0.964664 0.220662 0.0706715 0.00667616
0 0.0645944 0.187809 0.129189 0.375618 0.0066578
0 0.839798 0.905612 0.320404 0.188775 0.00663842
0 0.597718 0.71048 0.239965 0.148394 0.00663733
0 0.869946 0.702511 0.260108 0.212305 0.00661665
0 1 0.497108 0 0.255665 0.00659739
0 1 0.244003 0 0.304278 0.00659647
0 0.873482 0.659941 0.253035 0.195144 0.00657796
0 0.927651 0.865969 0.144697 0.268063 0.00651501
0 0.909377 0.556486 0.181246 0.225155 0.00650302
0 0.179809 0.550357 0.324962 0.217248 0.00649253
0 1 0.150462 0 0.300924 0.00649028
0 0.273714 0.138882 0.547428 0.277764 0.00647332
0 0.850167 0.960846 0.299666 0.0783089 0.006452
0 0.0449916 0.127668 0.0899832 0.255337 0.00640993
0 0.222519 0.512294 0.445039 0.532644 0.00636673
0 0.946411 0.964834 0.107177 0.0703325 0.00636651
0 1 0.293199 0 0.303681 0.00632799
0 0.745062 0.142593 0.509876 0.285187 0.00631317
0 0.986139 0.435569 0.0277227 0.402119 0.00631305
0 0.359544 0.14911 0.719088 0.29822 0.0063101
0 0.624702 0.213857 0.750596 0.427714 0.00629897
0 0.909648 0.731378 0.180704 0.450697 0.00629458
0 1 0.415861 0 0.296438 0.00627709
0 0.00674749 0.10067 0.013495 0.201339 0.00627226
0 0.151677 0.108216 0.303354 0.216431 0.0062669
0 0.170173 0.357628 0.340346 0.699618 0.00622099
0 0.218913 0.650703 0.437826 0.498843 0.00621581
0 0.0475415 0.0917505 0.095083 0.183501 0.00618568
0 0.218775 0.117177 0.437551 0.234354 0.00618561
0 1 0.148223 0 0.296447 0.00617144
0 0.137274 0.113537 0.274548 0.227075 0.00616293
0 0.147353 0.965804 0.294706 0.0683918 0.00612192
0 0.835001 0.864773 0.329998 0.213602 0.00612146
0 1 0.0797637 0 0.159527 0.00606908
0 0.173596 0.626262 0.346368 0.253517 0.00603575
0 0.495776 0.813107 0.356658 0.373786 0.00602734
0 0.229848 0.404676 0.459695 0.516139 0.0060236
0 0.966 0.237939 0.0680007 0.475879 0.00600043
0 0.169692 0.495823 0.339383 0.341366 0.00596699
0 0.103438 0.0988006 0.206876 0.197601 0.00596107
0 0.276318 0.526886 0.317096 0.143485 0.00596034
0 0.165941 0.90883 0.331881 0.182341 0.00594946
0 1 0.925709 0 0.148582 0.00594306
0 0.528891 0.70762 0.272501 0.154706 0.0059374
0 0.333913 0.707871 0.340885 0.181939 0.00591212
0 0.844972 0.93652 0.310056 0.12696 0.00589412
0 0.988427 0.711148 0.0231464 0.376644 0.00585564
0 0.99302 0.179962 0.0139608 0.359924 0.00583927
0 0.841753 0.812142 0.316494 0.209887 0.00583256
0 0.214081 0.772044 0.321478 0.238178 0.00582949
0 0.840653 0.764584 0.318693 0.208502 0.00582489
0 0.172159 0.701756 0.344318 0.33498 0.00581958
0 0.342137 0.939815 0.320679 0.120371 0.00579509
0 0.213031 0.802421 0.426063 0.395157 0.00578141
0 0.410994 0.53117 0.325678 0.143244 0.00576799
0 0.223781 0.909708 0.338776 0.180584 0.00575305
0 0.693617 0.940345 0.320096 0.119309 0.00574843
0 0.630579 0.171324 0.738842 0.342647 0.00573337
0 0.995647 0.972009 0.00870615 0.0559811 0.00573149
0 0.293687 0.120507 0.587374 0.241014 0.00572796
0 0.41411 0.941575 0.322646 0.11685 0.00572631
0 0.847033 0.704115 0.305934 0.191818 0.00572431
0 0.343307 0.531993 0.3368 0.14616 0.00571569
0 0.173562 0.505702 0.347124 0.712125 0.00571522
0 0.181175 0.503825 0.318442 0.220446 0.00571513
0 0.172966 0.711391 0.345932 0.21619 0.00571062
0 0.15228 0.55303 0.304561 0.271104 0.00570639
0 0.224474 0.553225 0.300476 0.17555 0.00569276
0 0.771526 0.93831 0.329932 0.123381 0.00567836
0 0.280709 0.913499 0.336785 0.173001 0.00567717
0 0.884814 0.359788 0.230372 0.692166 0.00566542
0 0.710099 0.125797 0.579801 0.251594 0.00566238
0 0.432638 0.190492 0.865275 0.380984 0.00563948
0 0.174145 0.598175 0.34829 0.340993 0.00563274
0 0.228076 0.51061 0.300256 0.186883 0.00562526
0 0.848568 0.664408 0.302863 0.20419 0.00562314
0 0.120114 0.868726 0.240228 0.262549 0.00561601
0 0.15087 0.714456 0.30174 0.253512 0.0056083
0 0.491473 0.942085 0.329666 0.11583 0.00558601
0 0.407538 0.912883 0.342146 0.174235 0.00558392
0 0.0972115 0.969934 0.194423 0.0601322 0.00558161
0 0.165399 0.772175 0.330799 0.274617 0.00557254
0 0.62839 0.941609 0.319551 0.116782 0.00556671
0 0.15335 0.620469 0.3067 0.281037 0.00556232
0 0.337784 0.914619 0.337059 0.170762 0.00554629
0 0.56487 0.941791 0.327108 0.116419 0.00553321
0 0.278044 0.937632 0.320804 0.124736 0.00553298
0 1 0.365851 0 0.298549 0.00551302
0 0.899149 0.935508 0.201702 0.128983 0.00550833
0 0.343407 0.423595 0.338288 0.162703 0.00549761
0 0.214255 0.709594 0.337268 0.189506 0.00547737
0 0.179181 0.40044 0.358361 0.334637 0.00547682
0 0.90163 0.806063 0.19674 0.387874 0.00546645
0 0.222155 0.466967 0.308108 0.192787 0.0054638
0 0.925919 0.394929 0.148163 0.56441 0.00546351
0 0.933442 0.281671 0.133116 0.563342 0.00545009
0 0.117058 0.227157 0.234117 0.454313 0.00543355
0 0.144524 0.505654 0.289047 0.259606 0.00540193
0 0.186872 0.151672 0.373744 0.303344 0.00538031
0 0.683604 0.637713 0.363042 0.243987 0.00536696
0 0.158039 0.794502 0.316079 0.289737 0.00536118
0 0.337483 0.564381 0.336718 0.190519 0.00535671
0 0.77346 0.90925 0.341317 0.181501 0.00535258
0 0.152579 0.935142 0.305158 0.129716 0.00534576
0 0.496456 0.656361 0.327056 0.243369 0.00534521
0 0.486691 0.909131 0.361043 0.181737 0.00534149
0 0.839693 0.612196 0.313497 0.209725 0.00529242
0 0.407507 0.464991 0.329688 0.17704 0.00525906
0 0.149441 0.81831 0.298883 0.220475 0.00525541
0 0.337735 0.462863 0.337061 0.182569 0.00523519
0 0.357161 0.189547 0.714322 0.379095 0.00521362
0 0.486386 0.371257 0.37438 0.244688 0.00520912
0 0.561491 0.90506 0.363651 0.18988 0.00520281
0 0.934026 0.77193 0.131948 0.447486 0.00519404
0 0.114089 0.910724 0.228178 0.178552 0.00518666
0 0.559669 0.379617 0.389193 0.248301 0.0051716
0 0.0681719 0.910846 0.136344 0.178307 0.00516333
0 0.338154 0.674085 0.333639 0.203018 0.00516132
0 0.0361068 0.250165 0.0722136 0.500331 0.00515302
0 0.11353 0.863614 0.22706 0.272772 0.00515066
0 0.206029 0.865073 0.325257 0.246854 0.00514581
0 0.529988 0.850278 0.471324 0.299444 0.00513792
0 0.836877 0.507535 0.313468 0.205183 0.0051376
0 0.1704 0.65082 0.340799 0.698359 0.0051291
0 0.843228 0.557709 0.31056 0.180749 0.00512138
0 0.466435 0.525727 0.305229 0.169723 0.00511879
0 0.157477 0.868316 0.314954 0.263368 0.00511252
0 0.103559 0.937407 0.207118 0.125185 0.00510725
0 0.142926 0.465192 0.285852 0.253111 0.00510369
0 0.277392 0.425483 0.325685 0.156586 0.005078
0 0.448448 0.136116 0.766791 0.272232 0.00506148
0 0.218673 0.423578 0.326026 0.171736 0.00503091
0 0.265826 0.867879 0.328559 0.223083 0.00502792
0 0.620175 0.68186 0.293252 0.207243 0.00502396
0 0.216331 0.935722 0.316934 0.128556 0.00502141
0 0.831735 0.46745 0.336529 0.193457 0.00496956
0 0.173947 0.413872 0.347895 0.212819 0.00496404
0 0.616105 0.134803 0.767789 0.269607 0.00496065
0 0.408012 0.421367 0.330092 0.173992 0.00495533
0 0.133532 0.772684 0.267064 0.296506 0.00494898
0 0.233692 0.293506 0.467384 0.506781 0.00494784
0 0.63231 0.908402 0.352049 0.183197 0.00493204
0 0.264037 0.618226 0.321873 0.234595 0.00492841
0 0.696791 0.910208 0.344381 0.179585 0.00490767
0 0.22743 0.663751 0.31417 0.208152 0.00489097
0 0.176674 0.820498 0.353348 0.202365 0.00488647
0 0.264152 0.772786 0.325132 0.213804 0.00488534
0 0.328842 0.622821 0.341236 0.255544 0.00484822
0 0.548587 0.51993 0.343245 0.197394 0.00484019
0 0.00317498 0.902969 0.00634995 0.194062 0.00483989
0 0.781473 0.561493 0.324965 0.191133 0.00480062
0 0.406975 0.569445 0.33514 0.199268 0.00479645
0 0.816295 0.21208 0.367409 0.36074 0.0047961
0 0.718499 0.193767 0.563002 0.387534 0.00478394
0 0.468242 0.465893 0.316131 0.183586 0.00476124
0 0.150821 0.406629 0.301642 0.269316 0.00474354
0 0.0427496 0.884883 0.0854992 0.230234 0.00470504
0 0.770395 0.512185 0.326777 0.212896 0.00463637
0 0.825593 0.315679 0.348814 0.325128 0.00463305
0 0.667898 0.77805 0.366264 0.282684 0.00463108
0 0.33509 0.759611 0.364792 0.242174 0.00461327
0 0.0629474 0.970621 0.125895 0.0587579 0.00460289
0 0.968034 0.0808398 0.0639327 0.16168 0.00460212
0 0.196204 0.318667 0.392407 0.316472 0.00458054
0 0.410326 0.369551 0.359937 0.222495 0.00456983
0 0.819457 0.26544 0.361087 0.344595 0.00456593
0 0.519427 0.180464 0.961146 0.360928 0.00456052
0 0.267809 0.821205 0.330989 0.193225 0.00455289
0 0.422641 0.853649 0.403472 0.268497 0.00451682
0 0.771349 0.622816 0.337329 0.236444 0.00451682
0 0.309639 0.212385 0.619279 0.406051 0.00450624
0 0 0.959048 0 0.0819033 0.00450377
0 0.779388 0.66882 0.324271 0.212536 0.00447254
0 0.509419 0.309592 0.4148 0.291781 0.00444947
0 0.809819 0.14789 0.380362 0.295779 0.00443747
0 0.330138 0.870171 0.351816 0.216236 0.00442696
0 0.766314 0.472413 0.34212 0.198267 0.00442235
0 0.195822 0.308248 0.391644 0.358629 0.00441344
0 0.429968 0.317264 0.422561 0.287499 0.00440988
0 0.830989 0.411035 0.338023 0.228161 0.00439873
0 0.0694232 0.939313 0.138846 0.121375 0.00438881
0 0.824244 0.365642 0.351513 0.272565 0.00438701
0 0.982061 0.920271 0.0358787 0.159458 0.00437549
0 0.908568 0.251716 0.182864 0.503432 0.00436861
0 0.178341 0.366462 0.356682 0.272472 0.00434621
0 0.594587 0.809763 0.387657 0.380474 0.00432479
0 0.769493 0.769367 0.337561 0.229845 0.00432372
0 0.621212 0.57177 0.327686 0.217991 0.00431926
0 0.55235 0.421688 0.351842 0.231309 0.00431234
0 0.614866 0.521707 0.331556 0.218722 0.00430349
0 0.0859157 0.262912 0.171831 0.525824 0.0042958
0 0.554904 0.469287 0.353741 0.190168 0.00429467
0 0.166667 0.725702 0.333334 0.548596 0.00427318
0 0.192603 0.132261 0.385205 0.264522 0.0042728
0 0.772845 0.864487 0.352556 0.218255 0.00425826
0 0.555536 0.572843 0.328746 0.208436 0.00424175
0 0.778505 0.705374 0.328405 0.190881 0.00423896
0 0.212649 0.363949 0.372337 0.24294 0.00423362
0 1 0.871318 0 0.257364 0.00423192
0 0.579631 0.303445 0.415149 0.256915 0.00422845
0 0.50332 0.266438 0.589692 0.352366 0.00419433
0 0.346512 0.368286 0.368773 0.219702 0.00418293
0 0.773121 0.207943 0.453757 0.387237 0.00415464
0 0.474886 0.419828 0.330846 0.20978 0.00415452
0 0.647591 0.864347 0.426216 0.271307 0.00413342
0 0.371095 0.263264 0.596707 0.376036 0.00412484
0 0.251742 0.265224 0.503485 0.358781 0.00412131
0 0.262155 0.177649 0.524311 0.355298 0.00410553
0 0.0454909 0.75956 0.0909817 0.48088 0.00407802
0 0.017521 0.820901 0.0350419 0.358197 0.00407068
0 0.0272254 0.970797 0.0544507 0.0584055 0.00405985
0 0.279065 0.365876 0.361689 0.223049 0.00405762
0 0.612255 0.424539 0.334369 0.245262 0.00403433
0 0.692837 0.257231 0.543632 0.336126 0.00402658
0 0.473186 0.571002 0.315146 0.197611 0.00400812
0 0.675673 0.704512 0.36524 0.17159 0.00400645
0 0.617838 0.472157 0.334792 0.20631 0.00399369
0 0.209414 0.259371 0.418827 0.368192 0.00399056
0 0.210013 0.20634 0.420027 0.385788 0.00395757
0 0.155063 0.361675 0.310127 0.316385 0.00395554
0 0.707433 0.569133 0.332736 0.205868 0.00394548
0 0.779253 0.265805 0.441494 0.339297 0.00392235
0 0.761491 0.420408 0.348668 0.22611 0.00389717
0 0.0663962 0.842144 0.132792 0.315712 0.00389379
0 0 0.958671 0 0.0826576 0.00388451
0 0.700229 0.426212 0.338613 0.233139 0.0038681
0 0.699564 0.518816 0.331849 0.218874 0.00385366
0 0.781173 0.815445 0.350261 0.233168 0.00384107
0 0.301373 0.314123 0.430458 0.292248 0.00382092
0 0.830442 0.293193 0.339115 0.586386 0.00381006
0 0.70188 0.474542 0.336276 0.203698 0.00380954
0 0.0456661 0.345613 0.0913321 0.691225 0.00374477
0 0.646269 0.813714 0.341109 0.372573 0.00372876
0 0.342054 0.814227 0.36995 0.237663 0.0036912
0 0.785577 0.320227 0.428846 0.306733 0.00368155
0 0.699056 0.813503 0.381762 0.286184 0.00355453
0 0 0.907688 0 0.184623 0.00347872
0 0.763098 0.375208 0.387525 0.261742 0.00344009
0 0.406111 0.64149 0.35005 0.271106 0.00334667
0 0.046641 0.485437 0.093282 0.718004 0.00334578
0 0.0987464 0.30015 0.197493 0.6003 0.00332566
0 0.698684 0.86531 0.380803 0.235799 0.00330056
0 0.700314 0.382687 0.374515 0.264801 0.00329181
0 1 0.9434 0 0.1132 0.00316185
0 0.211951 0.292672 0.150141 0.101209 0.00314778
0 0.500836 0.512329 0.162181 0.0839704 0.00307741
0 0.0466467 0.637986 0.0932933 0.716856 0.00307579
0 0.0353008 0.930685 0.0706016 0.138629 0.00290103
0 1 0.0747736 0 0.149547 0.00278099
0 0.610402 0.712173 0.187615 0.137555 0.978937
0 0.674333 0.276304 0.19619 0.202528 0.212183
0 0.678461 0.486292 0.204626 0.209725 0.0997952
0 0.833618 0.492038 0.156542 0.196994 0.0576963
0 0.67435 0.450737 0.19686 0.153119 0.0421813
0 0.835968 0.310164 0.152437 0.134981 0.0356932
0 0.923524 0.114399 0.15044 0.0977343 0.0346869
0 0.836794 0.347592 0.152064 0.0620032 0.0232801
0 0.227474 0.420901 0.186239 0.0962524 0.0219701
0 0.673981 0.24809 0.182775 0.135357 0.0189066
0 0.83555 0.286803 0.157628 0.18739 0.0188239
0 0.210149 0.819091 0.128006 0.0893352 0.0154715
0 0.210898 0.552549 0.148626 0.0614883 0.0143116
0 0.833255 0.250463 0.153498 0.11218 0.0136891
0 0.488288 0.265807 0.182099 0.116231 0.0125126
0 0.843474 0.4541 0.170862 0.149894 0.0118735
0 0.711602 0.266964 0.280525 0.208236 0.00980552
0 0.729773 0.474171 0.320224 0.243408 0.00943782
0 0.452092 0.522529 0.248129 0.129943 0.00796555
0 0.104831 0.110859 0.209661 0.157085 0.00698286
0 0.222319 0.695639 0.156311 0.122175 0.00683538
0 0.246571 0.549016 0.179659 0.0669515 0.00663662
0 0.701286 0.212026 0.313454 0.30688 0.00656154
0 0.998428 0.0926393 0.00314331 0.185279 0.00651287
0 0.730388 0.227382 0.326119 0.228403 0.00648963
0 0.999471 0.89588 0.00105731 0.20824 0.00645947
0 0.13625 0.963787 0.2725 0.0724253 0.00623836
0 0.132925 0.439422 0.26163 0.204363 0.00621883
0 0.217278 0.966582 0.355702 0.0668364 0.00619827
0 0.430016 0.344037 0.81669 0.497553 0.00619677
0 0.715114 0.374864 0.289182 0.173651 0.00608982
0 0.103918 0.15469 0.207836 0.206414 0.00597901
0 0.150962 0.864038 0.301925 0.271925 0.00593819
0 0.153754 0.80954 0.307508 0.38092 0.00592268
0 0.204661 0.476314 0.27135 0.215564 0.00587691
0 0.708888 0.161363 0.582223 0.322726 0.00587048
0 0.198741 0.438638 0.11811 0.084328 0.00580189
0 0.399988 0.433718 0.440414 0.269156 0.005777
0 0.340558 0.449492 0.411753 0.25346 0.00575398
0 0.217938 0.713394 0.135246 0.0855294 0.00565931
0 0.772749 0.449347 0.280873 0.235388 0.00563978
0 0.141816 0.478975 0.256367 0.213796 0.00563764
0 0.142665 0.833272 0.285329 0.298655 0.00561196
0 0.829089 0.476418 0.227702 0.226334 0.00559597
0 0.293705 0.96596 0.326145 0.0680794 0.00558335
0 0.806557 0.610105 0.386886 0.373864 0.00557146
0 0.197079 0.442562 0.286642 0.214268 0.00557021
0 0.57187 0.742431 0.299079 0.198169 0.0055608
0 0.646933 0.595297 0.394503 0.362252 0.00552082
0 0.595686 0.618236 0.347139 0.329625 0.00548408
0 0.789198 0.245475 0.293513 0.212359 0.00546462
0 0.99314 0.866642 0.0137208 0.266717 0.0054569
0 0.364525 0.96602 0.310162 0.0679607 0.00544809
0 0.740416 0.760428 0.519168 0.409187 0.00544626
0 0.173724 0.782243 0.339671 0.275474 0.00543382
0 0.762135 0.96237 0.298739 0.0752601 0.00541006
0 0.13157 0.373139 0.26314 0.26212 0.00537791
0 0.741796 0.683867 0.469245 0.250051 0.00537179
0 0.293325 0.449774 0.329212 0.204956 0.00535235
0 0.326773 0.487964 0.259467 0.193739 0.00533875
0 0.666824 0.253319 0.276765 0.255433 0.00533129
0 0.00383224 0.961949 0.00766449 0.0761023 0.00532231
0 0.650669 0.964425 0.314731 0.0711502 0.0053195
0 0.132127 0.842629 0.264254 0.314743 0.00530795
0 0.279197 0.349221 0.53831 0.392307 0.00529676
0 0.366327 0.662927 0.329543 0.226075 0.0052684
0 0.431573 0.965702 0.310842 0.0685963 0.00526702
0 0.176419 0.678276 0.291644 0.186592 0.00526452
0 0.126928 0.768272 0.253856 0.269413 0.0052635
0 0.5701 0.96562 0.306996 0.0687594 0.00524734
0 0.766983 0.614671 0.452749 0.333455 0.00521136
0 0.461225 0.252042 0.143176 0.0891003 0.00519476
0 0.766919 0.289155 0.284852 0.188249 0.0051775
0 0.439398 0.490606 0.26635 0.191577 0.0051552
0 0.399067 0.70797 0.328419 0.233341 0.00510647
0 0.497995 0.965493 0.306249 0.0690144 0.00509414
0 0.148193 0.908563 0.296385 0.182874 0.00508956
0 0.137577 0.645333 0.266326 0.216938 0.00508312
0 0.990654 0.118766 0.0186916 0.237531 0.00507699
0 0.631891 0.699798 0.2831 0.152399 0.00507072
0 0.221932 0.944153 0.391037 0.111693 0.00506209
0 0.610678 0.180302 0.438611 0.360604 0.0050406
0 0.579135 0.811366 0.336219 0.36153 0.00502049
0 0.960473 0.113542 0.079054 0.227085 0.00501482
0 0.0432987 0.0965675 0.0865975 0.193135 0.00500621
0 0.0943918 0.297421 0.188784 0.594841 0.00496262
0 0.373355 0.947966 0.327544 0.104067 0.00494837
0 0.79181 0.904142 0.315502 0.191716 0.00491636
0 0.618891 0.163126 0.673237 0.326252 0.00491127
0 0.418557 0.653 0.338918 0.265183 0.00491098
0 0.30164 0.945884 0.355769 0.108231 0.00490291
0 0.27546 0.485979 0.265362 0.198565 0.00488932
0 0.56292 0.522816 0.450814 0.245594 0.00488061
0 0.126483 0.671255 0.252966 0.219944 0.00487997
0 0.117316 0.970536 0.234633 0.0589285 0.00487044
0 0.748717 0.392183 0.323974 0.174107 0.00486361
0 0.485823 0.672985 0.282391 0.226887 0.00485135
0 0.000468094 0.902494 0.000936187 0.195011 0.00484386
0 0.436707 0.948734 0.325382 0.102532 0.00483092
0 0.866451 0.619794 0.267099 0.452396 0.00482573
0 0.153017 0.939065 0.304599 0.121871 0.0048152
0 0.843447 0.964528 0.308983 0.0709439 0.00480557
0 0.142159 0.752886 0.269727 0.229119 0.00479493
0 0.939714 0.822595 0.120572 0.354811 0.00478749
0 0.123707 0.71712 0.247414 0.249749 0.00477647
0 0.503889 0.947793 0.311199 0.104414 0.00475987
0 0.803898 0.198404 0.357853 0.214528 0.00475452
0 0.715936 0.135798 0.568128 0.271596 0.00475027
0 0.0337455 0.971966 0.067491 0.0560682 0.00474575
0 0.767538 0.946442 0.338057 0.107117 0.00474392
0 0.614665 0.475278 0.272749 0.227606 0.00474048
0 0.879085 0.473554 0.24183 0.22957 0.00473883
0 0.882853 0.971091 0.234294 0.0578184 0.00473197
0 0.654991 0.947384 0.327042 0.105231 0.00470417
0 0.651487 0.664971 0.292167 0.231679 0.00466205
0 0.79819 0.0939149 0.40362 0.18783 0.00465551
0 0.292608 0.773446 0.435465 0.341856 0.00464354
0 0.578131 0.946863 0.307629 0.106273 0.00464014
0 0.870941 0.0864835 0.258118 0.172967 0.00463954
0 0.192662 0.620885 0.124686 0.0745737 0.00461718
0 0.311613 0.681655 0.318573 0.210548 0.00460775
0 0.99703 0.971806 0.00593958 0.0563881 0.0046
0 0.790236 0.806315 0.419528 0.38737 0.00459284
0 0.601278 0.670719 0.237885 0.235552 0.00455113
0 0.364105 0.769112 0.40082 0.363773 0.00454083
0 0.587393 0.913048 0.308442 0.173904 0.00453165
0 0.676012 0.91118 0.324066 0.177641 0.00452647
0 0.341704 0.315509 0.683408 0.487753 0.00452296
0 0.74933 0.107961 0.50134 0.215922 0.00452116
0 0.228 0.273301 0.456 0.468805 0.00451293
0 0.206167 0.620059 0.151197 0.0615229 0.00449249
0 0.369063 0.544216 0.359595 0.141905 0.00448868
0 0.127858 0.628401 0.255717 0.271885 0.00447832
0 0.509158 0.912444 0.313979 0.175113 0.00447828
0 0.441936 0.9068 0.323386 0.186401 0.0044701
0 0.577504 0.853793 0.420151 0.292414 0.00446869
0 0.675676 0.802498 0.466015 0.395004 0.00445814
0 0.282533 0.547295 0.149543 0.0707907 0.00444509
0 0.831472 0.689899 0.337057 0.336969 0.0044298
0 0.0310307 0.796108 0.0620613 0.407784 0.00439914
0 0.0940016 0.697462 0.186107 0.138113 0.00439668
0 0.858508 0.551167 0.282985 0.256151 0.00439348
0 0.950172 0.149978 0.099655 0.299955 0.00435606
0 0.469003 0.821334 0.427901 0.357332 0.0043552
0 0.713806 0.310541 0.292247 0.258617 0.00434301
0 0.3367 0.885977 0.361923 0.228046 0.004329
0 0.954467 0.0886372 0.0910661 0.177274 0.00430912
0 0.172497 0.305291 0.344993 0.401176 0.00430153
0 0.864229 0.38464 0.271543 0.284189 0.00429483
0 0.395973 0.896502 0.332788 0.206997 0.0042814
0 0.825422 0.941655 0.324601 0.11669 0.00427744
0 0.533028 0.709749 0.262341 0.169211 0.00426701
0 0.877324 0.267386 0.245351 0.215478 0.00424532
0 0.474827 0.196122 0.882542 0.392244 0.00424229
0 0.044942 0.750081 0.0898839 0.499838 0.00423961
0 0.340714 0.235511 0.681428 0.471022 0.00423816
0 0.852181 0.724342 0.295637 0.458768 0.00423075
0 0.766071 0.845542 0.460555 0.308915 0.00419285
0 0.176303 0.739316 0.352605 0.43641 0.00419281
0 0.796124 0.504767 0.399607 0.190173 0.00418687
0 0.130023 0.496849 0.260046 0.303209 0.00418686
0 0.242235 0.887957 0.422209 0.224086 0.00418016
0 0.820998 0.873791 0.357661 0.252418 0.00416479
0 0.629695 0.362449 0.393322 0.418676 0.00416479
0 0.315951 0.12608 0.556472 0.252161 0.00416175
0 0.13914 0.101718 0.27828 0.203436 0.00414379
0 0.50413 0.111205 0.533969 0.222411 0.00414073
0 0.219833 0.831676 0.144594 0.114275 0.00411299
0 0.0803111 0.173236 0.160622 0.226178 0.00409566
0 0.586614 0.105814 0.456265 0.211629 0.00407173
0 0.26413 0.851932 0.47712 0.296136 0.00405372
0 0.180246 0.300223 0.360492 0.395347 0.00403297
0 0.854305 0.801979 0.29139 0.396042 0.00402843
0 0.139052 0.454377 0.278105 0.324488 0.00401922
0 0.898258 0.934095 0.203483 0.131809 0.00401018
0 0.446671 0.85572 0.416233 0.28856 0.00400432
0 0.876013 0.306941 0.247975 0.269311 0.00398772
0 0.21234 0.578977 0.156202 0.113227 0.00398647
0 0.14841 0.407613 0.29682 0.357024 0.00396769
0 0.129496 0.158468 0.258992 0.316935 0.00396362
0 0.413839 0.532663 0.322898 0.174914 0.00395408
0 0.673442 0.108516 0.465302 0.217032 0.00395098
0 0.182559 0.114389 0.365117 0.228779 0.00391491
0 0.914144 0.194974 0.171712 0.389947 0.00390651
0 0.341253 0.832809 0.466682 0.334382 0.00390089
0 0.160332 0.354047 0.320665 0.368425 0.00389084
0 0.879475 0.54364 0.241051 0.393105 0.00387085
0 0.0186411 0.12138 0.0372821 0.24276 0.00384831
0 0.126931 0.56344 0.253862 0.311261 0.00384424
0 0.0612711 0.896672 0.122542 0.206656 0.00384127
0 0.637726 0.0911236 0.222517 0.103271 0.00379926
0 0.625034 0.122549 0.722011 0.245098 0.00379864
0 0.0772954 0.730114 0.154591 0.154191 0.00378683
0 0.03467 0.940909 0.06934 0.118183 0.00378604
0 0.485069 0.294 0.18162 0.16674 0.00377624
0 0.850993 0.31768 0.298014 0.557054 0.00376997
0 0.226702 0.854331 0.161551 0.16321 0.003746
0 0.17106 0.211109 0.342119 0.422218 0.00374046
0 0.244499 0.122336 0.488999 0.244673 0.0037367
0 0.189928 0.251553 0.379856 0.429691 0.00372934
0 0.105881 0.394063 0.211762 0.706967 0.00371869
0 0.295407 0.56949 0.34465 0.12934 0.00371141
0 0.481266 0.21811 0.761281 0.374438 0.00370873
0 0.864109 0.857479 0.271781 0.285043 0.00370826
0 0.994633 0.8131 0.0107344 0.373799 0.00370113
0 0.891742 0.89682 0.216516 0.206361 0.00366418
0 0.848851 0.908305 0.297115 0.183391 0.00365128
0 0.0734016 0.679332 0.146803 0.162688 0.00363716
0 0.0156903 0.8644 0.0313806 0.271201 0.0036293
0 0.156844 0.179476 0.313687 0.358951 0.00362004
0 0.073224 0.205985 0.146448 0.41197 0.00361951
0 0.159244 0.209884 0.318488 0.419768 0.00361853
0 0.260813 0.840631 0.224765 0.156706 0.0035976
0 0.0526363 0.138914 0.105273 0.277828 0.00358355
0 0.066503 0.40411 0.133006 0.203848 0.0035674
0 0.261957 0.653953 0.282974 0.208069 0.00356506
0 0.786671 0.131199 0.426657 0.262399 0.00356102
0 0.524067 0.150588 0.892466 0.301176 0.00354595
0 0.41657 0.264121 0.83314 0.528242 0.00354248
0 0.0663993 0.513288 0.132799 0.182792 0.00350675
0 0.134248 0.576958 0.261756 0.171868 0.00349396
0 0.114052 0.122304 0.228105 0.244609 0.0034824
0 0.147922 0.842796 0.279852 0.166878 0.00346036
0 0.0664273 0.32701 0.132855 0.196569 0.0034388
0 0.0315378 0.170959 0.0630756 0.341918 0.00340552
0 0.887019 0.764488 0.225961 0.471024 0.00337338
0 0.826632 0.518167 0.346737 0.553076 0.00335145
0 0.212983 0.20444 0.425967 0.408879 0.00333785
0 0.450962 0.240787 0.111663 0.068145 0.00333077
0 0.609251 0.415571 0.342369 0.341076 0.00332056
0 0.0538472 0.716584 0.107694 0.566833 0.00331873
0 0.552585 0.771795 0.322135 0.294732 0.00329654
0 0.826564 0.840311 0.346872 0.319378 0.00328148
0 0.99547 0.146246 0.00905994 0.292492 0.00327452
0 0.769787 0.661256 0.311394 0.200612 0.00326198
0 0.746845 0.355135 0.50631 0.458891 0.00324555
0 0.837505 0.383178 0.154991 0.132425 0.00323392
0 0.0664013 0.279749 0.132803 0.194777 0.00323292
0 0.23322 0.526727 0.175443 0.116712 0.00321177
0 0.426537 0.215726 0.853074 0.431452 0.00320446
0 0.858579 0.198551 0.282842 0.25973 0.00317359
0 0.811968 0.406291 0.376064 0.632707 0.0031363
0 0.837731 0.500585 0.324538 0.478809 0.00311543
0 0.164277 0.57735 0.319725 0.135545 0.00309511
0 0.0954774 0.625436 0.17711 0.0915297 0.00308661
0 0.955211 0.715039 0.0895777 0.489548 0.00308455
0 0.201138 0.269993 0.402276 0.516688 0.00307929
0 0.879633 0.478489 0.240734 0.390812 0.00304641
0 0.103123 0.792598 0.206245 0.414805 0.00304169
0 0.0667924 0.458384 0.133585 0.205333 0.00303587
0 0.892084 0.245315 0.215832 0.490629 0.00303359
0 0.255607 0.699873 0.214674 0.124171 0.00303026
0 0.267378 0.681421 0.245879 0.172217 0.0030296
0 0.0685529 0.627794 0.137106 0.087841 0.00301854
0 0.1096 0.543515 0.2192 0.708176 0.00301342
0 0.880805 0.60942 0.238389 0.50305 0.00297957
0 0.000120382 0.0828768 0.000240765 0.165754 0.0029427
0 0.448249 0.364159 0.683855 0.387049 0.00294125
0 0.209575 0.648653 0.419149 0.489439 0.00293386
0 0.943692 0.583391 0.112617 0.427161 0.00291961
0 0.816431 0.292759 0.367137 0.431987 0.00291544
0 0.280992 0.17807 0.287635 0.127352 0.00289992
0 0.8218 0.294835 0.3564 0.576148 0.00289974
0 0.328097 0.539813 0.136137 0.0845394 0.0028932
0 0.992093 0.190991 0.0158149 0.381982 0.00289049
0 0.969605 0.199244 0.0607897 0.398488 0.00286199
0 0.426288 0.282446 0.608143 0.315777 0.00284114
0 0.906549 0.0914598 0.186902 0.154537 0.00280386
0 0.250868 0.81813 0.204414 0.155011 0.00280133
0 0.327252 0.175141 0.654504 0.350283 0.00279648
0 0.449474 0.297152 0.255117 0.172898 0.00277238
0 0.0427289 0.248608 0.0854577 0.497215 0.00275951
0 0.187299 0.695638 0.214994 0.122064 0.00275486
0 0.809759 0.649815 0.359727 0.233335 0.0027452
0 0.977024 0.726978 0.0459516 0.401321 0.00270644
0 0 0.00453675 0 0.0090735 0.00268835
0 0.954906 0.228006 0.0901878 0.403381 0.00268483
0 0.854484 0.140399 0.291031 0.222242 0.00267501
0 0.432531 0.160894 0.865062 0.321789 0.00266822
0 0.959098 0.495881 0.0818049 0.149997 0.00264652
0 0.489108 0.212445 0.186135 0.14212 0.00264628
0 0.0857336 0.816908 0.171467 0.197442 0.00264375
0 0.298442 0.485851 0.132861 0.0632828 0.00264085
0 0.999479 0.138197 0.00104273 0.266031 0.00263134
0 0.292824 0.765427 0.321874 0.262073 0.00262473
0 0.814578 0.329978 0.200118 0.101165 0.00258127
0 0.274406 0.861093 0.256169 0.1851 0.0025595
0 0.810358 0.754554 0.379284 0.31484 0.00254456
0 0.0666874 0.223236 0.133375 0.212141 0.00253779
0 0.230134 0.533326 0.460269 0.539305 0.00253318
0 0.10541 0.859769 0.210821 0.201673 0.00252102
0 0.385083 0.527439 0.183162 0.111203 0.00250266
0 0.160142 0.673755 0.320284 0.65249 0.00247327
0 0.252831 0.601536 0.224667 0.0872395 0.00244012
0 0.228039 0.429639 0.456079 0.546577 0.00242338
0 0.663968 0.801654 0.37904 0.252622 0.00242315
0 0.279684 0.756312 0.263889 0.185777 0.00236658
0 0.0796054 0.723283 0.158733 0.220588 0.00236449
0 0.3117 0.693358 0.283261 0.163392 0.00236016
0 0.427518 0.529931 0.200848 0.107355 0.00235061
0 0.608038 0.710429 0.186125 0.137062 0.925688
0 0.998051 0.895405 0.00389734 0.20919 0.0131747
0 0.966097 0.856139 0.0678059 0.287721 0.00593189
0 0.119138 0.307518 0.238276 0.615036 0.0059212
0 0.127624 0.443413 0.255247 0.65907 0.00563167
0 0.129181 0.592553 0.258362 0.66104 0.00537064
0 0.9844 0.085131 0.0311995 0.170262 0.00528788
0 0.988783 0.105069 0.0224349 0.210138 0.00490335
0 0.128698 0.703365 0.257396 0.59327 0.00487049
0 0.982485 0.182611 0.0350299 0.365221 0.0045363
0 0.749718 0.514463 0.460867 0.266736 0.00439845
0 0.906673 0.218082 0.186654 0.436165 0.00436967
0 0.787695 0.267782 0.42461 0.313662 0.00432169
0 0.488513 0.718914 0.462764 0.1837 0.00423473
0 0.966916 0.115071 0.0661689 0.230142 0.0042024
0 0.094346 0.242227 0.188692 0.484454 0.00413657
0 0.475757 0.523261 0.369527 0.254135 0.00413584
0 0.996332 0.814263 0.00733502 0.35036 0.00411624
0 0.282731 0.971758 0.302014 0.0564838 0.00411204
0 0.667718 0.27944 0.191995 0.190518 0.00410215
0 0.0233274 0.887333 0.0466549 0.225334 0.00409906
0 0.789544 0.324362 0.420912 0.303531 0.0040983
0 0.429888 0.970902 0.282895 0.0581951 0.00398364
0 0.566879 0.953817 0.277839 0.0923662 0.00398094
0 0.726032 0.975593 0.312972 0.0488138 0.00397519
0 0.990402 0.974926 0.0191964 0.0501481 0.00396844
0 0.0225267 0.97488 0.0450534 0.0502396 0.00396639
0 0.995529 0.309033 0.00894206 0.338281 0.003963
0 0.860534 0.263097 0.278932 0.466312 0.00396068
0 0.322872 0.366768 0.645745 0.571057 0.00395057
0 0.867111 0.199335 0.265778 0.39867 0.00394843
0 0.358329 0.971145 0.291805 0.0577105 0.00393922
0 0.995554 0.708724 0.00889196 0.340736 0.00393155
0 0.236044 0.217895 0.472088 0.435791 0.00392879
0 0.206514 0.973181 0.308018 0.0536385 0.00392335
0 0.0810106 0.199279 0.162021 0.398557 0.00389778
0 0.498712 0.970409 0.276088 0.0591821 0.00389479
0 0.748713 0.284203 0.362787 0.272845 0.00389037
0 0.637723 0.973829 0.297298 0.0523418 0.00384338
0 0.797432 0.974998 0.29944 0.0500042 0.00384112
0 0.625248 0.751403 0.304558 0.275682 0.00383797
0 0.776808 0.371821 0.446385 0.380945 0.00383233
0 0.0622542 0.12213 0.124508 0.24426 0.00381946
0 0.967162 0.312721 0.065676 0.392458 0.00380294
0 0.541066 0.153982 0.843564 0.307964 0.00378642
0 0.367941 0.276359 0.735882 0.552718 0.00378443
0 0.734347 0.933469 0.31995 0.133061 0.00377871
0 0.640678 0.789266 0.435545 0.421468 0.00373707
0 0.994901 0.409451 0.010198 0.336148 0.00373171
0 0.994698 0.612858 0.0106031 0.342936 0.00372489
0 0.873763 0.816323 0.252475 0.367355 0.00372399
0 0.996829 0.206801 0.00634253 0.323991 0.00371771
0 0.728886 0.514636 0.542227 0.466211 0.00371526
0 0.99735 0.150655 0.00529953 0.299273 0.00370978
0 0.0720298 0.979504 0.14406 0.040992 0.00368491
0 0.605736 0.545116 0.788529 0.512783 0.00367725
0 0.638368 0.949178 0.297399 0.101644 0.00366837
0 0.859336 0.0919037 0.281328 0.183807 0.00366192
0 0.297876 0.512131 0.464148 0.286324 0.00365205
0 0.0493512 0.517379 0.0987024 0.639089 0.00364422
0 0.049028 0.366962 0.098056 0.634765 0.0036401
0 0.0495739 0.666688 0.0991478 0.637995 0.0036353
0 0.282931 0.947534 0.320753 0.104933 0.00362906
0 0.112379 0.979052 0.224758 0.0418952 0.00361406
0 0.641445 0.152009 0.71711 0.304018 0.00361127
0 0.925289 0.415294 0.149421 0.4013 0.00360796
0 0.144721 0.946071 0.287243 0.107858 0.0036068
0 0.841967 0.367059 0.316066 0.498093 0.00359022
0 0.766644 0.211944 0.466711 0.42077 0.00357543
0 0.949616 0.151766 0.100767 0.303533 0.00357499
0 0.572024 0.794118 0.594852 0.411764 0.00356714
0 0.718203 0.716062 0.563593 0.41514 0.00356639
0 0.141444 0.976283 0.282888 0.0474348 0.00353506
0 0.992764 0.512479 0.0144728 0.347543 0.00352559
0 0.212775 0.946861 0.316778 0.106278 0.00352047
0 0.529869 0.592001 0.704291 0.413494 0.00350743
0 0.551833 0.727043 0.32206 0.210797 0.00350347
0 0.799027 0.502153 0.401946 0.519472 0.0035025
0 0.0505995 0.749591 0.101199 0.500819 0.00348738
0 0.633178 0.69954 0.285975 0.167641 0.00346836
0 0.810235 0.925528 0.291393 0.148944 0.00346738
0 0.770907 0.139033 0.458186 0.278067 0.00346049
0 0.903566 0.707168 0.192868 0.403459 0.00345019
0 0.0740816 0.162475 0.148163 0.324951 0.00342682
0 0.890187 0.464519 0.219626 0.412233 0.00340555
0 0.0749695 0.932345 0.149939 0.135311 0.00340527
0 0.357181 0.950635 0.313317 0.0987301 0.00340489
0 0.539439 0.804927 0.378275 0.390146 0.0034028
0 0.427567 0.954308 0.297146 0.091385 0.00340161
0 0.754731 0.418323 0.490538 0.438493 0.00339655
0 0.226533 0.183238 0.453066 0.366475 0.00338469
0 0.423599 0.157384 0.847198 0.314768 0.0033744
0 0.941415 0.800865 0.117171 0.398269 0.00333461
0 0.716293 0.331596 0.29776 0.279196 0.00332301
0 0.735125 0.634595 0.52975 0.404447 0.00330603
0 0.117133 0.942877 0.234267 0.114247 0.00330537
0 0.0841812 0.836846 0.168362 0.326308 0.00330444
0 0.305318 0.120926 0.610635 0.241852 0.00330092
0 0.269902 0.432117 0.539804 0.54257 0.00329916
0 0.438183 0.79204 0.729963 0.41592 0.00327194
0 0.705457 0.550251 0.589086 0.471831 0.00326403
0 0.585359 0.228157 0.829283 0.456315 0.00325381
0 0.526608 0.192176 0.946784 0.384351 0.00324528
0 0.753886 0.375255 0.390267 0.366452 0.00322774
0 0.39619 0.606601 0.757081 0.460525 0.00322564
0 0.271454 0.334039 0.542908 0.539646 0.00322457
0 0.888694 0.56225 0.222611 0.416681 0.003222
0 0.684445 0.790749 0.626567 0.418502 0.00321962
0 0.746367 0.590801 0.507266 0.418989 0.00321506
0 0 0.0877838 0 0.175568 0.00320349
0 0 0.910322 0 0.179356 0.00317861
0 0.813332 0.597805 0.373335 0.478458 0.00317809
0 0.592643 0.666918 0.231574 0.240815 0.00312958
0 0.245059 0.30423 0.490117 0.545687 0.00309985
0 0.36025 0.725685 0.7205 0.417175 0.00309371
0 0.320526 0.647069 0.641052 0.531082 0.0030863
0 0.17857 0.852985 0.35714 0.294029 0.00308041
0 0.89181 0.977282 0.216381 0.0454357 0.00303627
0 0.850109 0.754558 0.299782 0.463011 0.00302655
0 0.817962 0.0965505 0.364076 0.193101 0.00299788
0 0.870006 0.902936 0.259988 0.194128 0.00298331
0 0.848144 0.744659 0.303711 0.374889 0.00297967
0 0.845876 0.651633 0.308248 0.455205 0.00297831
0 0.292798 0.771681 0.585595 0.456637 0.00296518
0 0.169522 0.779844 0.339043 0.440311 0.00296137
0 0.0274646 0.14601 0.0549291 0.29202 0.00295006
0 0.431495 0.109988 0.575763 0.219976 0.00293904
0 0.814831 0.704408 0.370338 0.470308 0.00292726
0 0.269767 0.251195 0.539533 0.50239 0.00291625
0 0.225001 0.127525 0.450002 0.25505 0.00291596
0 0.73125 0.8299 0.537501 0.3402 0.00291204
0 0.0719888 0.300265 0.143978 0.280879 0.00291152
0 0.573661 0.853771 0.388086 0.292457 0.00290365
0 0.820893 0.276062 0.358215 0.397362 0.00289939
0 0.246898 0.838854 0.493796 0.322293 0.00288956
0 0.779776 0.65302 0.440447 0.451167 0.00288152
0 0 0.97469 0 0.0506191 0.00287628
0 0.0933853 0.245105 0.186771 0.357433 0.00287138
0 0.653969 0.84011 0.427341 0.319779 0.00284777
0 0.0213533 0.84033 0.0427066 0.319341 0.00284775
0 0.440595 0.249815 0.88119 0.49963 0.00284375
0 0.712031 0.209683 0.575938 0.419365 0.00284258
0 0.714914 0.790586 0.570171 0.418828 0.00282228
0 0.735771 0.758307 0.528458 0.477795 0.00281434
0 0.248425 0.408881 0.496849 0.561959 0.00281139
0 0.507794 0.861387 0.435279 0.277226 0.00280485
0 0.366665 0.223043 0.73333 0.446086 0.00279483
0 0.85588 0.69525 0.28824 0.359629 0.00279388
0 0.82375 0.851508 0.352501 0.296985 0.00275308
0 0.342145 0.806012 0.68429 0.387977 0.00273121
0 0.574417 0.102959 0.502095 0.205919 0.00272275
0 0.942982 0.916914 0.114037 0.166173 0.00272259
0 0.242639 0.794133 0.485278 0.411733 0.00270009
0 0.243978 0.557143 0.487956 0.561695 0.00269723
0 0.82539 0.328045 0.349221 0.384832 0.00269409
0 0.735569 0.487886 0.528862 0.331672 0.0026898
0 0.258202 0.5323 0.516404 0.545807 0.00268724
0 0.687694 0.597387 0.555821 0.389716 0.00268039
0 0.132791 0.12009 0.265583 0.240181 0.00267175
0 0.43359 0.840853 0.509608 0.318295 0.00266527
0 0.275788 0.702195 0.551575 0.557829 0.00264433
0 0.841715 0.813537 0.316571 0.372926 0.0026323
0 0.502006 0.265988 0.977467 0.531976 0.00262954
0 0.225198 0.737153 0.450396 0.525693 0.00259877
0 0.229996 0.16784 0.459991 0.269772 0.00259607
0 0.336241 0.558755 0.672481 0.526509 0.00258327
0 0.506026 0.725556 0.423677 0.389008 0.00258118
0 0.716505 0.100051 0.477231 0.200102 0.00257996
0 0.141148 0.86852 0.282297 0.262961 0.00257486
0 0.233491 0.655942 0.466982 0.557265 0.00255298
0 0.500216 0.515975 0.859364 0.496776 0.00255039
0 0.675653 0.2822 0.425287 0.360222 0.00250991
0 0.437143 0.320229 0.874287 0.550108 0.00250477
0 0.599686 0.462297 0.800627 0.536629 0.00249898
0 0.567691 0.517844 0.511193 0.299032 0.00249519
0 0.183909 0.165036 0.367818 0.284017 0.00249123
0 0.708512 0.406015 0.34422 0.294184 0.00247702
0 0.840948 0.643722 0.318103 0.355123 0.00247683
0 0.0901599 0.163053 0.18032 0.326106 0.00247453
0 0.0878265 0.907825 0.175653 0.184351 0.00246383
0 0.123907 0.875963 0.247814 0.248075 0.00245867
0 0.999123 0.112498 0.00175409 0.224996 0.00242757
0 0.668356 0.80078 0.481383 0.279917 0.00242565
0 0.788794 0.172188 0.422412 0.344376 0.00242208
0 0.60318 0.373915 0.617483 0.421423 0.00240387
0 0.186721 0.755625 0.373441 0.343909 0.00238674
0 0.575074 0.644925 0.300573 0.275302 0.00238148
0 0.720329 0.373396 0.422071 0.271812 0.00237207
0 0.18016 0.55889 0.36032 0.338234 0.00233064
0 0.657603 0.522372 0.438932 0.281965 0.00232853
0 0.857778 0.879238 0.284445 0.237495 0.00232667
0 0.0740993 0.356819 0.148199 0.317085 0.0023005
0 0.224816 0.845898 0.428485 0.281965 0.00227482
0 0.360163 0.460024 0.720325 0.545765 0.00227474
0 0.140398 0.219542 0.280796 0.361052 0.00227464
0 0.50186 0.36908 0.951886 0.511056 0.00227363
0 0.178688 0.492085 0.357375 0.349073 0.00226838
0 0.0567466 0.867113 0.113493 0.265774 0.00226759
0 0.198101 0.152721 0.396203 0.305443 0.00225985
0 0.222573 0.752959 0.445147 0.494083 0.0022586
0 0.342493 0.159921 0.684987 0.319842 0.00222868
0 0.440128 0.589109 0.406064 0.244169 0.00221089
0 0.770567 0.542127 0.390661 0.199631 0.00219404
0 0.678169 0.314626 0.234037 0.291347 0.00216547
0 0.175354 0.833198 0.350708 0.307047 0.00215515
0 0.685818 0.39134 0.255653 0.288261 0.00214087
0 0.813287 0.642813 0.373426 0.280865 0.00213392
0 0.822967 0.516868 0.354067 0.269084 0.00211317
0 0.824096 0.564363 0.351807 0.349175 0.00211037
0 0.521671 0.31315 0.783834 0.470691 0.0020891
0 0.521238 0.542716 0.475155 0.220533 0.002088
0 0.646515 0.331647 0.389102 0.336034 0.00206255
0 0.397424 0.515279 0.794848 0.515479 0.00206227
0 0.16776 0.907367 0.33552 0.185266 0.00205335
0 0.872786 0.852618 0.254429 0.294765 0.00204997
0 0.534655 0.197923 0.649224 0.353217 0.00199043
0 1 0.00167092 0 0.00334184 0.0019856
0 0.262953 0.296381 0.525905 0.369156 0.00196286
0 0.670484 0.577181 0.371771 0.23805 0.00195626
0 0.797564 0.873907 0.404872 0.233562 0.0019535
0 0.0928204 0.127283 0.185641 0.254567 0.00195306
0 0.797114 0.727836 0.405772 0.301558 0.00195078
0 0.810485 0.485066 0.379031 0.360201 0.00194455
0 0.142158 0 0.281473 0 0.00194302
0 0.531044 0.629079 0.391473 0.310612 0.00193976
0 0.84138 0.547692 0.316577 0.217347 0.0019299
0 0.516952 0.592697 0.52493 0.272283 0.00192327
0 0.022633 0.840891 0.045266 0.318218 0.00191301
0 0.42972 0.413553 0.85944 0.532878 0.00191245
0 0.315641 0.616217 0.479748 0.312446 0.00190954
0 0.0774787 0.227621 0.154957 0.321924 0.00188412
0 0.385124 0.518004 0.442677 0.257631 0.00187611
0 0.22086 0.906967 0.366639 0.186065 0.00187583
0 0.000475951 0.00259154 0.000951902 0.00518308 0.00187202
0 0.455045 0.55276 0.354589 0.211016 0.00185612
0 0.28199 0 0.271122 0 0.00184876
0 0.41208 0.628876 0.49648 0.329049 0.00184096
0 0.381422 0.779731 0.508301 0.351197 0.00183838
0 0.279076 0.191931 0.558152 0.320188 0.00183832
0 0.409337 0.647072 0.377843 0.333837 0.00183524
0 0.0894519 0.833468 0.178904 0.333064 0.00182926
0 0.528724 0.367414 0.535198 0.309314 0.00182792
0 0 0.931639 0 0.136723 0.00182686
0 0.0722926 0.301788 0.144585 0.318169 0.00181989
0 0.108587 0.428861 0.217173 0.320273 0.00181892
0 0.858025 0.873872 0.28395 0.252255 0.00180902
0 0.270408 0.549878 0.513025 0.240474 0.00178614
0 0.831805 0.669767 0.336389 0.196145 0.00177516
0 0.350461 0 0.266494 0 0.00176528
0 0.213616 0.16028 0.427232 0.193877 0.00176201
0 0.0765112 0.380108 0.153022 0.337228 0.00175528
0 0.884618 0.900932 0.230764 0.198135 0.00175231
0 0.722804 0.833463 0.554392 0.298094 0.00174691
0 0.655127 0.348241 0.22331 0.288506 0.00174648
0 0.349371 0.838939 0.443069 0.281558 0.0017457
0 0.286958 0.740286 0.416647 0.279839 0.00173737
0 0.289306 0.533037 0.407029 0.217235 0.0017368
0 0.436915 0.493957 0.329951 0.217977 0.00172434
0 0.0101956 0.111333 0.0203911 0.222665 0.00170239
0 0.210906 0 0.276597 0 0.00169415
0 0.497991 0.345277 0.447996 0.222362 0.00169262
0 0.693826 0.543112 0.363077 0.21198 0.00167589
0 0.0968493 0.921827 0.193699 0.156346 0.00166941
0 0.765751 0.773679 0.468498 0.344406 0.00166132
0 0.0630537 0.363226 0.126107 0.207248 0.00165998
0 0 0.00123796 0 0.00247592 0.00165942
0 0.0733119 0.455958 0.146624 0.341953 0.00165591
0 0.743025 0.569556 0.448919 0.21098 0.00164891
0 0.924495 0.134662 0.15101 0.137215 0.00164013
0 0.0159502 0.00709069 0.0319003 0.0141814 0.00163511
0 0.0625226 0.400163 0.125045 0.220588 0.00163503
0 0.499612 0.819824 0.558507 0.329564 0.00162915
0 0.703829 0 0.259684 0 0.00162357
0 0.563896 0.168582 0.746145 0.266941 0.00162
0 0.961907 0.299862 0.0761863 0.298866 0.00161305
0 0.729668 0.416758 0.497474 0.310755 0.00161105
0 0 0.840612 0 0.273249 0.00160784
0 0.203835 0.506793 0.407669 0.250189 0.00160722
0 1 0.0622926 0 0.124585 0.00159941
0 0.0635847 0.329568 0.127169 0.193018 0.00159663
0 0.882332 0.564655 0.235335 0.349484 0.00159099
0 0.421252 0 0.264379 0 0.00159084
0 0.442897 0.460013 0.298733 0.14773 0.00158496
0 0.193558 0.629891 0.387116 0.353064 0.00157561
0 0.15198 0.167893 0.30396 0.261597 0.00157351
0 0 0.789407 0 0.269418 0.00157321
0 0 0.739258 0 0.26689 0.00157059
0 0.0656058 0.200736 0.131212 0.260438 0.00155758
0 0.817481 0.908405 0.365038 0.183189 0.00155641
0 0.311118 0.905787 0.404796 0.188426 0.00155445
0 1 0.970645 0 0.0587091 0.00155284
0 0.900892 0.919753 0.198215 0.160493 0.00155224
0 0.619869 0.54597 0.363452 0.213387 0.00154615
0 0.920645 0.114694 0.158709 0.128112 0.00154391
0 0.31954 0.49607 0.364932 0.215849 0.00154223
0 0.412716 0.715256 0.400671 0.26415 0.00153694
0 0.409342 0.678832 0.331683 0.249198 0.00153183
0 0.063621 0.26739 0.127242 0.195468 0.00152257
0 0.724134 0.317977 0.416212 0.372981 0.00150973
0 0.731971 0.644409 0.439742 0.275749 0.00150969
0 0.608116 0.709753 0.184948 0.135832 0.986463
0 1 0.0986318 0 0.197264 0.022556
0 0.995166 0.884384 0.00966732 0.231232 0.00752459
0 0.000142646 0.098406 0.000285292 0.196812 0.00668951
0 0.986939 0.166495 0.0261213 0.33299 0.0051371
0 0.968605 0.836391 0.0627892 0.327218 0.00475944
0 0.94771 0.19937 0.104579 0.39874 0.00467049
0 0.927162 0.249078 0.145676 0.408726 0.00453072
0 0.912498 0.350095 0.175004 0.400709 0.00449364
0 0.895257 0.449352 0.209486 0.407809 0.00437968
0 0.898321 0.549261 0.203359 0.412099 0.00425737
0 0.932917 0.645838 0.134166 0.39775 0.00421332
0 0.953619 0.798427 0.0927618 0.403146 0.00418797
0 0.997996 0.553596 0.00400712 0.350222 0.00399036
0 0.986173 0.075865 0.0276543 0.15173 0.00398386
0 0.998496 0.653137 0.0030072 0.348667 0.00393823
0 0.996939 0.197354 0.00612121 0.345393 0.00393083
0 0.998486 0.748943 0.00302799 0.337549 0.00389549
0 0.997576 0.30603 0.0048477 0.344724 0.00388047
0 0.99764 0.454309 0.00472023 0.346788 0.00385524
0 0.996599 0.0403475 0.0068011 0.0806949 0.00380898
0 0.995503 0.134518 0.00899404 0.269036 0.00379209
0 0.836136 0.264165 0.151383 0.195376 0.00376353
0 0.45761 0.763461 0.855542 0.473078 0.00360419
0 0.466279 0.723986 0.509484 0.18791 0.00357304
0 0.544418 0.756561 0.341037 0.253111 0.00348185
0 0.0600909 0.799306 0.120182 0.401387 0.00346062
0 0.773526 0.691589 0.273778 0.162743 0.00344505
0 0.52894 0.795797 0.651599 0.408405 0.00339227
0 0.123832 0.936801 0.247665 0.126398 0.00337217
0 0.000772755 0.0667941 0.00154551 0.133588 0.00336922
0 0.0938435 0.762173 0.187687 0.444859 0.00336038
0 0.417476 0.62867 0.604633 0.347395 0.00336034
0 0.997084 0.969521 0.00583264 0.0609585 0.00335903
0 0.998363 0.821736 0.00327402 0.318379 0.00332347
0 0.617502 0.784109 0.30596 0.326144 0.00324612
0 0.404468 0.70507 0.790218 0.474759 0.00324273
0 0.516038 0.587281 0.818319 0.408287 0.00323994
0 0.677432 0.559054 0.645136 0.553415 0.00323138
0 0.841146 0.628546 0.317708 0.455049 0.00319675
0 0.737698 0.789801 0.524604 0.420397 0.00316253
0 0.817773 0.21842 0.364455 0.43684 0.00315863
0 0.710806 0.752022 0.428378 0.315834 0.00315478
0 0.874914 0.071792 0.250173 0.143584 0.00313736
0 0.127922 0.473287 0.255843 0.46601 0.00312942
0 0.841561 0.654276 0.316879 0.378479 0.00312928
0 0.730313 0.242814 0.539374 0.485629 0.00312326
0 0.0247539 0.170303 0.0495077 0.340607 0.00307476
0 0.9981 0.367646 0.00380025 0.311805 0.00304935
0 0.104477 0.972237 0.208954 0.0555267 0.0030488
0 0.127757 0.570367 0.255514 0.465864 0.00303159
0 0.119007 0.373736 0.238013 0.438411 0.00299528
0 0.81674 0.695977 0.281318 0.179938 0.00298543
0 0.00372036 0.97038 0.00744072 0.0592407 0.00298449
0 0.134816 0.422875 0.269632 0.293991 0.00295276
0 0.59218 0.627818 0.63623 0.307 0.0029495
0 0.783551 0.32324 0.432897 0.48458 0.00294641
0 0.726404 0.652734 0.547193 0.252441 0.00292495
0 0.120559 0.667302 0.241117 0.449059 0.00290225
0 0.844361 0.742869 0.311278 0.285709 0.00289569
0 0.795845 0.535799 0.408311 0.516951 0.00289394
0 0.863656 0.295268 0.272689 0.464749 0.00288979
0 0.126829 0.473107 0.253659 0.28153 0.00288827
0 0.754629 0.628722 0.490742 0.33037 0.00286821
0 0.793813 0.436239 0.412374 0.51799 0.00286703
0 0.657997 0.78184 0.658704 0.43632 0.00286249
0 0.594636 0.662405 0.238568 0.235172 0.00285188
0 0.858201 0.943522 0.283597 0.112955 0.0028512
0 0.182957 0.451203 0.365915 0.341837 0.00284189
0 0.727415 0.504084 0.545169 0.573141 0.0028339
0 0.829706 0.651963 0.285733 0.252649 0.00283135
0 0.198514 0.402328 0.397027 0.440756 0.00280224
0 0.126033 0.898444 0.252066 0.203111 0.00280148
0 0.633993 0.699538 0.268586 0.148071 0.00279575
0 0.558615 0.559917 0.88277 0.547787 0.00276833
0 0.943228 0.975857 0.113544 0.0482851 0.00274342
0 0.857231 0.973215 0.285537 0.0535706 0.00273233
0 0.000472634 0.0388683 0.000945268 0.0777365 0.00272758
0 0.564532 0.210438 0.834813 0.420877 0.00272502
0 0.217065 0.307638 0.43413 0.49789 0.00272232
0 0.829715 0.780122 0.34057 0.415637 0.00271947
0 0.800508 0.77344 0.398984 0.45312 0.00271869
0 0.0179107 0.806991 0.0358213 0.386018 0.00270309
0 0.801462 0.161397 0.397075 0.322795 0.00270289
0 0.0753265 0.315238 0.150653 0.365959 0.00268107
0 0.837712 0.0679684 0.287321 0.135937 0.00268106
0 0.00496421 0.890915 0.00992842 0.21817 0.00267322
0 0.808637 0.945685 0.29016 0.108629 0.00266973
0 0.159756 0.204298 0.319512 0.377729 0.00266364
0 0.0397381 0.622827 0.0794762 0.543913 0.00264889
0 0.799023 0.837808 0.401954 0.324385 0.00264842
0 0.137119 0.368612 0.274237 0.308156 0.00264702
0 0.034926 0.320077 0.069852 0.50738 0.00263768
0 0.0412889 0.522173 0.0825778 0.55203 0.00263719
0 0.0139403 0.878021 0.0278807 0.243958 0.00263342
0 0.140869 0.952597 0.281738 0.0948069 0.00263237
0 0.0402781 0.42177 0.0805561 0.546345 0.00263212
0 0.819265 0.696092 0.242215 0.142936 0.00263013
0 0.0686222 0.270354 0.137244 0.360358 0.00262693
0 0.150967 0.166433 0.301934 0.332866 0.00262657
0 0.140154 0.082663 0.280308 0.165326 0.00262031
0 0.136262 0.513494 0.272524 0.324901 0.00260492
0 0.0296925 0.759257 0.059385 0.481486 0.00260003
0 0.696654 0.769066 0.606692 0.461868 0.00259347
0 0.790785 0.758446 0.41843 0.385058 0.00259221
0 0.803807 0.066988 0.288428 0.133976 0.00259003
0 0.0589159 0.223227 0.117832 0.341534 0.00258962
0 0.134132 0.119963 0.268263 0.23739 0.00258108
0 0.0610841 0.174866 0.122168 0.29119 0.00254817
0 0.125274 0.506974 0.222601 0.228616 0.00253117
0 0.145812 0.31765 0.291624 0.326282 0.00252929
0 0.305268 0.976105 0.283226 0.0477892 0.00252509
0 0.196584 0.561345 0.393168 0.445671 0.00251113
0 0.657576 0.461356 0.684848 0.586712 0.00250342
0 0.770327 0.659929 0.277476 0.227919 0.00249584
0 0.378204 0.977259 0.29598 0.0454812 0.00249241
0 0.224344 0.237412 0.448688 0.474823 0.00248048
0 0.0174848 0.194015 0.0349696 0.354264 0.00247646
0 0.0172115 0.849561 0.0344231 0.300879 0.00247042
0 0.304694 0.947085 0.275522 0.10583 0.00246195
0 0.457104 0.977678 0.299004 0.0446442 0.00243821
0 0.554375 0.780648 0.891249 0.438705 0.0024302
0 0.195801 0.612346 0.391601 0.433812 0.0024251
0 0.960286 0.141102 0.0794281 0.282204 0.00242429
0 0 0.00855049 0 0.017101 0.00241966
0 0.522222 0.935134 0.294593 0.129732 0.00238882
0 0.963623 0.91658 0.0727542 0.166839 0.00238766
0 0.177666 0.8022 0.355333 0.395599 0.00238696
0 0.374733 0.938084 0.289943 0.123833 0.00238512
0 0.0577615 0.107657 0.115523 0.215313 0.00238475
0 0.451874 0.93197 0.29062 0.13606 0.00238142
0 0.746934 0.939488 0.307043 0.121025 0.00237793
0 0.697454 0.0686766 0.309266 0.137353 0.00237068
0 0.592586 0.933229 0.292854 0.133542 0.00236819
0 0.242378 0.952303 0.291069 0.0953945 0.00236377
0 0.0294437 0.973665 0.0588874 0.0526695 0.00236035
0 0.58887 0.411636 0.822261 0.586377 0.00235417
0 0.238861 0.972782 0.295926 0.0544351 0.00235021
0 0.524734 0.977892 0.301763 0.0442156 0.00233812
0 0.652968 0.210514 0.694063 0.421028 0.0023364
0 0.66815 0.935999 0.303694 0.128003 0.00232174
0 0.728856 0.0669944 0.284964 0.133989 0.00232074
0 1 0.0254272 0 0.0508544 0.00230132
0 0.921639 0.842817 0.156721 0.314366 0.00230093
0 0.32973 0.26457 0.659459 0.52914 0.00229296
0 0.161032 0.857719 0.322064 0.284563 0.00227841
0 0.659275 0.0721723 0.310255 0.144345 0.00226891
0 0.277917 0.483452 0.296481 0.199081 0.00226609
0 0.189136 0.707038 0.378272 0.414966 0.00225856
0 0.595439 0.977866 0.301317 0.0442671 0.00225393
0 0.67317 0.977847 0.309699 0.0443054 0.00225053
0 0.00715345 0.112257 0.0143069 0.190344 0.00224425
0 0.750214 0.152707 0.499571 0.305414 0.00223754
0 0.13876 0.969351 0.277519 0.061297 0.00221116
0 0.0287718 0.926858 0.0575437 0.146283 0.00220058
0 0.656797 0.363311 0.686406 0.549018 0.00217704
0 0.755541 0.976565 0.306502 0.0468691 0.00216461
0 0.904938 0.00248963 0.190123 0.00497925 0.00215398
0 0.248682 0.626728 0.497365 0.522788 0.00215116
0 0.326615 0.359177 0.65323 0.528387 0.00214906
0 0.564882 0.309127 0.870235 0.562232 0.00213364
0 0.196425 0.0983178 0.392851 0.196636 0.00211933
0 0.136419 0.555092 0.26569 0.24674 0.00211446
0 0.0569408 0.832983 0.113882 0.334034 0.00211056
0 0.494507 0.175182 0.690695 0.291311 0.00208131
0 0.462276 0.269373 0.924552 0.538746 0.00207996
0 0.446816 0.823808 0.792913 0.352385 0.00206609
0 0.255263 0.771533 0.510526 0.456935 0.00205669
0 0.459407 0.217294 0.918815 0.434589 0.00205655
0 0.480414 0.0919097 0.401467 0.183819 0.00203062
0 0.16385 0.120787 0.3277 0.241574 0.00202753
0 0.635506 0.827146 0.728989 0.345708 0.00202616
0 0.676453 0.639031 0.543951 0.276464 0.00201763
0 0.325456 0.210796 0.650912 0.421592 0.00200302
0 0.631239 0.0707045 0.306682 0.141409 0.0019988
0 0.959106 0.0748612 0.0817871 0.149722 0.00199348
0 0.265008 0.107887 0.479266 0.215773 0.00199192
0 0.563676 0.0761922 0.338243 0.152384 0.00198891
0 0.22873 0.568108 0.45746 0.351155 0.00197107
0 0.660675 0.165527 0.463919 0.221166 0.00196927
0 0.277333 0.445209 0.450873 0.425327 0.00195229
0 0.528093 0.115658 0.482548 0.231316 0.00194994
0 0.255396 0.526252 0.249372 0.110219 0.00194722
0 0.0681414 0.0701122 0.136283 0.140224 0.00194329
0 0.521616 0.460507 0.956767 0.562217 0.00192973
0 0.18127 0.171359 0.362541 0.342718 0.00192098
0 0.330861 0.745335 0.661722 0.509331 0.00191872
0 0.466243 0.358164 0.931136 0.55534 0.00191121
0 0.397703 0.105359 0.47009 0.210719 0.00190631
0 0.265674 0.474472 0.315055 0.332587 0.00189567
0 0.882661 0.0154488 0.234677 0.0308976 0.00189436
0 0.709558 0.831621 0.580885 0.336757 0.00188771
0 0.264379 0.712331 0.528758 0.55034 0.00188673
0 0.997811 0.00979343 0.00437711 0.0195869 0.00187243
0 0.30245 0.622245 0.6049 0.490605 0.00185889
0 0.00537952 0.0207581 0.010759 0.0415162 0.00185258
0 0.569966 0.174109 0.521227 0.215745 0.00184944
0 0.213806 0.882287 0.427611 0.235426 0.00184528
0 0.0929658 1 0.185932 0 0.00184465
0 0.678907 0.262432 0.642185 0.524865 0.00184061
0 0.256669 0.462488 0.249193 0.142877 0.00182391
0 0.434869 0.149027 0.664638 0.298055 0.00180246
0 0.0547646 0.890111 0.109529 0.219778 0.00179845
0 0.321673 0.849132 0.643346 0.301735 0.00179394
0 0.0953671 0.318776 0.190734 0.279653 0.00177789
0 0.391629 0.614954 0.779868 0.498533 0.00175774
0 0.385355 0.761789 0.77071 0.476422 0.00174448
0 0.393886 0.248784 0.787773 0.497568 0.00174276
0 0 0.00855649 0 0.017113 0.00173954
0 0.0936753 0.214742 0.184576 0.266468 0.00172977
0 0.664065 0.794586 0.374605 0.208629 0.0017199
0 0.108848 0.0721568 0.217696 0.144314 0.00171293
0 0.388526 0.308417 0.777053 0.553521 0.00170949
0 0.448517 0.711143 0.26658 0.167295 0.00170775
0 0.477312 0.778727 0.459938 0.302328 0.00162766
0 0.347678 0.158829 0.695357 0.317659 0.00156276
0 0.425864 0.515314 0.635592 0.483163 0.00154799
0 0.915652 0.10593 0.168697 0.142146 0.00154201
0 0.686912 0.258008 0.233036 0.196262 0.00153959
0 0 0.959514 0 0.0809713 0.00152094
0 0.624186 0.0712645 0.218661 0.142529 0.00151515
0 0.713426 0.420148 0.448329 0.285868 0.00149944
0 0.152089 0.589836 0.304178 0.276657 0.00148464
0 0.834068 0.856056 0.331863 0.273633 0.00147566
0 0.104846 0.372667 0.209693 0.313906 0.00147013
0 0.848677 0.883103 0.302646 0.233794 0.0014522
0 0.135441 0.500738 0.144442 0.214219 0.00144122
0 0.10082 0.404919 0.194064 0.218128 0.00143769
0 0.110907 0.186746 0.221814 0.231808 0.00142876
0 0.3938 0.40888 0.787599 0.57388 0.00142119
0 0.385501 0.740255 0.464278 0.288092 0.0014116
0 0.273236 0.147793 0.546472 0.295586 0.00140896
0 0.999948 0.245016 0.000104516 0.298516 0.00140814
0 0.82181 0.470016 0.302988 0.248897 0.00140447
0 0.869196 0.0467575 0.261607 0.0935149 0.00140184
0 0.728952 0.399603 0.542096 0.347525 0.00138985
0 0.657874 0.515259 0.158061 0.148253 0.001371
0 0.426694 0.207455 0.30441 0.162912 0.00136625
0 0.875199 0.092348 0.249602 0.184696 0.00136335
0 0.260583 0.0705783 0.313012 0.141157 0.00135911
0 0.842018 0.642503 0.315963 0.283953 0.00135065
0 0.142253 0.790126 0.2797 0.287773 0.0013402
0 0.731213 0.296458 0.403855 0.247077 0.00133424
0 0.265821 0.505612 0.265556 0.154719 0.00133088
0 0 0.0227771 0 0.0455543 0.00131537
0 0.391839 0.533531 0.2862 0.110954 0.00131013
0 0.576749 0.386556 0.627231 0.378862 0.00130856
0 0.0904199 0.269396 0.18084 0.312805 0.00130162
0 0.885047 0.880565 0.229906 0.238869 0.00129876
0 0.803268 0.568245 0.232705 0.151923 0.00129434
0 0.141125 0.62885 0.28225 0.220308 0.0012785
0 0.402079 0.697402 0.327718 0.190096 0.00127192
0 0.963785 0.00314628 0.0724297 0.00629256 0.0012686
0 0.373302 0.457313 0.535871 0.524432 0.00126777
0 0.53356 0.427814 0.438276 0.251661 0.0012663
0 0.315745 0.755248 0.433543 0.290361 0.00126465
0 1 0.59495 0 0.29847 0.00126311
0 0.866448 0.00198533 0.267104 0.00397066 0.00126034
0 1 0.694875 0 0.298096 0.00125593
0 0.406548 0.796041 0.505663 0.334537 0.00125251
0 1 0.494858 0 0.298352 0.00123758
0 0.663548 0.477995 0.171397 0.220195 0.0012292
0 0.828437 0.478762 0.343125 0.298562 0.00122525
0 0.896624 0.891953 0.206753 0.216094 0.00122435
0 1 0.0282967 0 0.0565934 0.00122159
0 0.61162 0.401383 0.373611 0.244606 0.00121526
0 0.218216 0.68676 0.436432 0.273787 0.00121235
0 0.565081 0.317451 0.579723 0.296745 0.001211
0 0.544235 0.844521 0.573224 0.287921 0.00120546
0 0.961088 0.419374 0.0778233 0.294824 0.00120245
0 0.859056 0.553383 0.205827 0.176473 0.00119037
0 0.761247 0.851437 0.477506 0.291457 0.00118754
0 0.144819 0.720439 0.285051 0.230557 0.00118587
0 0.497887 0.114311 0.277304 0.202219 0.00118279
0 0.867962 0.851693 0.264076 0.296613 0.00118171
0 0.233616 0.681105 0.333044 0.20466 0.00117668
0 0.00976328 0.997182 0.0195266 0.00563564 0.00117542
0 0.480693 0.466341 0.333579 0.189684 0.00117316
0 0.959519 0.486929 0.0809627 0.278974 0.00117253
0 0.581561 0.555794 0.364884 0.187073 0.00117137
0 0.777571 0.266495 0.266904 0.216148 0.00116733
0 0.845619 0.593558 0.308763 0.364437 0.00116683
0 0.875265 0.824345 0.249469 0.339134 0.00116396
0 0.556301 0.442212 0.577714 0.319026 0.00115667
0 0.762698 0.42924 0.315597 0.192317 0.00115467
0 0.909249 0.0876001 0.181503 0.164707 0.00115238
0 0.530445 0.611767 0.394996 0.128504 0.00114675
0 0.786068 0.0618187 0.228726 0.123637 0.00114163
0 0.443526 0.589943 0.247146 0.105963 0.00114111
0 0.0800442 0.945578 0.160088 0.108845 0.00113265
0 0.78044 0.70076 0.165202 0.138935 0.00112704
0 0.449281 0.138692 0.283991 0.159168 0.00111396
0 0.214201 0.523448 0.166996 0.114785 0.00111396
0 0.139897 0.167736 0.279794 0.227532 0.00110829
0 0.199241 0.765116 0.340678 0.213585 0.00110804
0 0.190777 0.169298 0.381555 0.257371 0.00110241
0 0 0.923241 0 0.153518 0.00109787
0 0 0.916575 0 0.166849 0.00109624
0 0.775835 0.463184 0.308333 0.227037 0.00109189
0 0.830912 0.475813 0.206575 0.23161 0.00108825
0 0.609489 0.710446 0.187146 0.134031 0.976327
0 0.00313756 0.911977 0.00627513 0.176047 0.00840972
0 0.27159 0.53341 0.211838 0.0992998 0.00839481
0 0.229206 0.532891 0.17476 0.0966639 0.00838747
0 1 0.895242 0 0.209516 0.00553444
0 0.616971 0.264596 0.494151 0.361731 0.00382704
0 0.11261 0.103788 0.225219 0.207575 0.00376517
0 0.716927 0.185368 0.277053 0.213152 0.00371656
0 0.207426 0.629895 0.292371 0.261109 0.00370716
0 0.31106 0.531285 0.268775 0.10236 0.00358766
0 0.0748878 0.132498 0.149776 0.264997 0.00358753
0 0.158424 0.531165 0.266091 0.104008 0.00354955
0 0.146951 0.857582 0.293901 0.284836 0.00343965
0 0.558416 0.308186 0.601706 0.383404 0.00339325
0 0.322164 0.0982037 0.231685 0.145929 0.00338217
0 0.435717 0.908989 0.319188 0.182021 0.00337002
0 0.112168 0.417372 0.224336 0.586242 0.00336648
0 0.166974 0.512382 0.333948 0.371439 0.00336285
0 1 0.91737 0 0.165261 0.00328259
0 0.207719 0.617058 0.344984 0.205587 0.0032574
0 0.130086 0.461972 0.260172 0.280041 0.0032336
0 0.116908 0.147137 0.233816 0.294274 0.00317136
0 1 0.402578 0 0.238314 0.00313763
0 1 0.453546 0 0.237314 0.00313095
0 0.900953 0.574049 0.198094 0.211062 0.00312529
0 1 0.517245 0 0.212536 0.00312335
0 0.156051 0.463223 0.312102 0.370574 0.00310827
0 0.104593 0.0763359 0.209186 0.152672 0.00310812
0 0.643167 0.532741 0.13204 0.11351 0.0031066
0 1 0.353392 0 0.238368 0.00310133
0 0.126065 0.517498 0.25213 0.309205 0.003088
0 0.654711 0.403154 0.542017 0.378897 0.00307643
0 1 0.303658 0 0.230832 0.00302247
0 0.991526 0.567364 0.016947 0.212072 0.00295803
0 0.14629 0.877152 0.29258 0.245696 0.00294551
0 0.258115 0.662236 0.260792 0.223808 0.00292604
0 0.0743937 0.182651 0.148787 0.365302 0.00291808
0 1 0.554637 0 0.232249 0.00291799
0 0.124076 0.520257 0.248152 0.610256 0.0028949
0 0.617308 0.655078 0.229821 0.240858 0.00287214
0 1 0.80638 0 0.252855 0.00285391
0 0.292691 0.615823 0.193204 0.210177 0.00284907
0 0.150858 0.418497 0.301716 0.284951 0.00284687
0 0.123887 0.705357 0.247775 0.589287 0.00283991
0 0.141091 0.0876907 0.2731 0.175381 0.00283803
0 1 0.2546 0 0.210009 0.0028324
0 0.152414 0.362774 0.304827 0.369935 0.00282587
0 0.926319 0.0782927 0.147362 0.156585 0.00282393
0 0.0719056 0.0816261 0.143811 0.163252 0.00280999
0 1 0.604379 0 0.232475 0.00280032
0 0.572196 0.914739 0.281834 0.170522 0.00279515
0 0.691003 0.245853 0.366587 0.301006 0.00276857
0 0.280246 0.507251 0.26809 0.163539 0.00276208
0 0.56958 0.931023 0.275319 0.137954 0.00275689
0 0.774165 0.450706 0.45167 0.325569 0.00274773
0 0.0390313 0.793855 0.0780625 0.41229 0.00272357
0 0.814867 0.38619 0.316248 0.282854 0.00271377
0 0.470701 0.925608 0.252878 0.148784 0.00270411
0 0.276778 0.105294 0.177413 0.127973 0.00269935
0 1 0.653908 0 0.240557 0.00269853
0 0.809375 0.2096 0.38125 0.345254 0.00269703
0 0.1275 0.77419 0.255001 0.45162 0.00268826
0 0.97503 0.61659 0.0499405 0.231093 0.00268627
0 0.746046 0.085712 0.334374 0.171424 0.00268548
0 0.90892 0.638767 0.182159 0.253025 0.00268255
0 0.82926 0.31313 0.143361 0.109549 0.00268052
0 1 0.705096 0 0.254076 0.00266992
0 0.695683 0.91425 0.268426 0.171501 0.00266905
0 0.793193 0.918253 0.287511 0.163495 0.00266753
0 0.107694 0.930949 0.211002 0.138102 0.00266554
0 0.56397 0.710659 0.266324 0.163037 0.00264259
0 0.394302 0.660943 0.243444 0.192888 0.0026289
0 0.37294 0.709791 0.260774 0.211624 0.00262431
0 0.952065 0.660133 0.0958695 0.264329 0.00261713
0 0.936415 0.706997 0.127169 0.292361 0.00260647
0 0.593731 0.363452 0.552069 0.513752 0.002605
0 1 0.75244 0 0.258693 0.00259143
0 0.189633 0.880815 0.379266 0.238371 0.0025805
0 0.162665 0.574086 0.325331 0.328506 0.0025722
0 0.045236 0.739608 0.0904721 0.520783 0.00256133
0 0 0.905291 0 0.189418 0.00255664
0 0.823739 0.297565 0.186112 0.141271 0.00254059
0 0.161834 0.607835 0.323667 0.378468 0.00253662
0 0.900642 0.71961 0.198716 0.297949 0.00253188
0 1 0.203088 0 0.195898 0.00252948
0 0.668052 0.932888 0.229352 0.134224 0.00250562
0 0.708521 0.196668 0.410622 0.259389 0.00249912
0 0.0793624 0.36342 0.158725 0.346085 0.00249441
0 0.231686 0.0837999 0.271146 0.1676 0.0024909
0 0.451363 0.968217 0.287863 0.063567 0.00248632
0 0.878498 0.810073 0.243003 0.295459 0.00247667
0 0.889993 0.766684 0.220013 0.338161 0.00247267
0 0.440872 0.108516 0.253635 0.124866 0.00246522
0 0.26097 0.865862 0.432792 0.268276 0.00246422
0 0.64334 0.173726 0.275743 0.178465 0.0024531
0 0.890296 0.641028 0.219409 0.294205 0.00244958
0 0.124731 0.141484 0.249461 0.282968 0.00244923
0 0.838649 0.428877 0.299145 0.300914 0.0024474
0 0.176296 0.257285 0.352591 0.373349 0.00244733
0 0.939482 0.810212 0.121037 0.312209 0.00244714
0 0.167164 0.310082 0.334328 0.36882 0.00244492
0 0.891762 0.419259 0.216477 0.212787 0.00242706
0 0.174814 0.303323 0.349628 0.309954 0.00241554
0 0 0.974999 0 0.0500029 0.00241309
0 0.0454665 0.471935 0.090933 0.582521 0.00241026
0 0.0745164 0.233091 0.149033 0.452217 0.00240742
0 0.706749 0.440798 0.428005 0.341807 0.00240669
0 0.223935 0.399123 0.15763 0.0476835 0.00240383
0 0.000867025 0.860822 0.00173405 0.278357 0.00240028
0 0.942953 0.872959 0.114093 0.254083 0.00239973
0 0.166209 0.350443 0.332417 0.280362 0.00239625
0 0.286539 0.092111 0.236661 0.184222 0.00238551
0 0.392366 0.523811 0.135928 0.0942195 0.00238467
0 0.792193 0.143236 0.415614 0.286472 0.00238456
0 0.0939049 0.299359 0.18781 0.515072 0.00238169
0 0.50734 0.799303 0.364361 0.271771 0.00237932
0 0.910773 0.120393 0.178454 0.240786 0.00237785
0 0.045461 0.62785 0.0909221 0.59296 0.0023771
0 0.207737 0.681354 0.412783 0.325207 0.00236579
0 0.767879 0.933061 0.241059 0.133878 0.00236532
0 0.0427988 0.353933 0.0855976 0.523744 0.00235924
0 0.87224 0.859098 0.25552 0.281804 0.00235229
0 0.80252 0.968184 0.257405 0.0636318 0.00234629
0 0.998151 0.97453 0.00369789 0.0509398 0.00234559
0 0.915771 0.971508 0.168459 0.0569831 0.00234167
0 0.152408 0.807391 0.304816 0.385218 0.00234141
0 0.875672 0.385769 0.248657 0.201867 0.00234043
0 0.722599 0.968499 0.252236 0.0630011 0.00233803
0 0.478636 0.871726 0.401334 0.23378 0.00233689
0 0.887958 0.838019 0.224084 0.323963 0.00233103
0 0.00639299 0.174944 0.012786 0.276622 0.00232573
0 0.405967 0.134039 0.118289 0.0728179 0.00231861
0 0.342883 0.11232 0.238706 0.113318 0.00231396
0 0.642759 0.229489 0.299807 0.258167 0.00229819
0 0.856417 0.906531 0.287166 0.186939 0.00229731
0 0.808943 0.084808 0.379333 0.169616 0.00228864
0 0.344986 0.962066 0.315583 0.0758673 0.00228832
0 0.814233 0.312542 0.349592 0.318884 0.00227788
0 0 0.0680528 0 0.136106 0.00227466
0 0.96746 0.0759705 0.0650802 0.151941 0.00227309
0 0.304711 0.881153 0.336721 0.237693 0.00227212
0 0.574453 0.967069 0.273767 0.0658619 0.00225899
0 0.17101 0.171518 0.342021 0.343036 0.00225826
0 1 0.152759 0 0.182954 0.00225036
0 0.87536 0.477787 0.249281 0.261572 0.00224624
0 0.943628 0.629394 0.112745 0.260336 0.00223983
0 0.640109 0.96848 0.248159 0.063039 0.00223517
0 0.910679 0.0950918 0.178642 0.190184 0.0022316
0 0 0.104164 0 0.137737 0.00222837
0 0.30966 0.776054 0.340369 0.304359 0.00222042
0 0.895509 0.690049 0.208982 0.188979 0.00221368
0 0.709739 0.0777773 0.261609 0.155555 0.00220948
0 0.960163 0.519088 0.0796749 0.215854 0.00220872
0 0.522343 0.966147 0.293114 0.0677067 0.00220556
0 0.961534 0.56879 0.0769327 0.222194 0.00220339
0 0.873886 0.968792 0.252227 0.0624151 0.0021909
0 0.816929 0.872348 0.286225 0.178375 0.00218981
0 0.803424 0.10587 0.391026 0.211741 0.00218978
0 0 0.0591781 0 0.118356 0.00218769
0 0.0843471 0.308147 0.168694 0.344726 0.00218119
0 0.26181 0.913925 0.393884 0.17215 0.0021774
0 0.315405 0.0813487 0.250692 0.162697 0.00217592
0 0.558939 0.669023 0.2576 0.214963 0.00217541
0 0.0636991 0.881718 0.127398 0.236563 0.0021692
0 0.87846 0.0866158 0.24308 0.173232 0.00216748
0 0.0819708 0.469491 0.163942 0.333409 0.00216719
0 0.902275 0.171069 0.195451 0.275019 0.0021573
0 0.926176 0.259451 0.147648 0.241689 0.00215605
0 0.829657 0.535831 0.146432 0.127617 0.00214506
0 0.624487 0.872268 0.271017 0.169692 0.00214344
0 0.887417 0.58891 0.225166 0.266489 0.00214286
0 0.550921 0.760214 0.284855 0.267686 0.00212375
0 0.152879 0.708589 0.305758 0.385908 0.00211711
0 0.113718 0.258051 0.227437 0.363478 0.00211683
0 0.635319 0.0760187 0.267387 0.152037 0.0021127
0 0.6359 0.104336 0.219656 0.138939 0.00210949
0 0.596506 0.760129 0.242442 0.242058 0.00210107
0 0.849241 0.580369 0.301519 0.175297 0.00209934
0 0.858486 0.932561 0.278502 0.134879 0.00209599
0 0.76233 0.085535 0.243971 0.170409 0.00209432
0 0.96068 0.413468 0.0786395 0.181833 0.00208296
0 1 0.064568 0 0.129136 0.00207993
0 0.904163 0.211622 0.191674 0.281591 0.0020795
0 0.585994 0.397658 0.380632 0.225635 0.00207687
0 0.270996 0.905669 0.541992 0.188661 0.0020742
0 0.325832 0.398862 0.214143 0.0546423 0.00207014
0 0.240658 0.473564 0.322335 0.205424 0.00206936
0 1 0.102022 0 0.18017 0.00206411
0 0.718737 0.872436 0.288911 0.172145 0.00206384
0 0.282805 0.603367 0.262113 0.181535 0.00206376
0 0.765873 0.587535 0.281096 0.162687 0.00205253
0 0.858892 0.212917 0.282216 0.318608 0.00205236
0 0 0.147872 0 0.159447 0.00204387
0 0.953708 0.471903 0.0925844 0.202603 0.00201768
0 0.155417 0.117876 0.310834 0.235752 0.00201672
0 0.573394 0.308636 0.41816 0.377364 0.00200563
0 0.393474 0.624327 0.226467 0.197468 0.00200198
0 0.120242 0.84672 0.240484 0.30656 0.00200168
0 0.391868 0.0798912 0.246261 0.159782 0.00199394
0 0.258036 0.306816 0.167525 0.106386 0.00198468
0 0.726215 0.0810459 0.341791 0.162092 0.00198157
0 0 0.946048 0 0.107904 0.00197819
0 0.461335 0.078851 0.237501 0.157702 0.00197079
0 0.178003 0.561194 0.356007 0.501115 0.00195998
0 0.947239 0.974805 0.105522 0.0503897 0.00195757
0 0.243125 0.253805 0.389637 0.235355 0.00195519
0 0.566399 0.0761562 0.247814 0.152312 0.00194346
0 0.419902 0.0918578 0.214111 0.15971 0.00194041
0 0.191813 0.175756 0.378839 0.258983 0.00193974
0 0.134184 0.209047 0.268369 0.331959 0.00193661
0 0.428006 0.091877 0.143871 0.170371 0.0019364
0 0.671949 0.583916 0.276897 0.176704 0.00193566
0 0.505515 0.305058 0.359579 0.203723 0.00193329
0 0.381381 0.589005 0.290117 0.169755 0.00193099
0 0.884266 0.518736 0.231469 0.27258 0.00192972
0 0.49596 0.357022 0.333137 0.201663 0.00192865
0 0.239279 0.732712 0.318251 0.312551 0.00192662
0 0.762094 0.175668 0.469703 0.344019 0.00192543
0 0.789617 0.474771 0.378149 0.35912 0.00192505
0 0.383923 0.0889195 0.180407 0.17199 0.00191957
0 0.0633584 0.32653 0.125078 0.192516 0.00191833
0 0.212321 0.213683 0.388694 0.269485 0.00191114
0 0.612327 0.271411 0.351733 0.324733 0.00190751
0 0.52298 0.179804 0.279625 0.170314 0.00190459
0 0.405094 0.215296 0.227112 0.208225 0.00190064
0 0.894254 0.65755 0.211493 0.188837 0.00190034
0 0.423397 0.261845 0.308575 0.184513 0.00186549
0 0.82811 0.585222 0.257768 0.147967 0.00186094
0 0.0753754 0.302575 0.149078 0.198587 0.00185873
0 1 0.108501 0 0.168276 0.00184764
0 1 0.0712796 0 0.142559 0.00183866
0 0.0148402 0.970192 0.0296803 0.0596153 0.00183784
0 0.750228 0.231834 0.499544 0.331345 0.00183238
0 0.657763 0.819667 0.251884 0.184372 0.00183034
0 0.263087 0.90279 0.526173 0.19442 0.00183026
0 0.588071 0.808528 0.251106 0.217724 0.00181899
0 0.788746 0.759941 0.260063 0.200199 0.00181896
0 0.823014 0.699734 0.24116 0.16485 0.00181416
0 0.604084 0.510266 0.276911 0.176431 0.00181343
0 0.896982 0.929082 0.206035 0.141836 0.0018112
0 0.953663 0.370402 0.0926749 0.179723 0.0018025
0 0.174646 0.631545 0.349292 0.322269 0.00180055
0 0.118252 0.148981 0.233197 0.203504 0.00180028
0 0.48735 0.421156 0.331476 0.180838 0.0017919
0 1 0.159831 0 0.171957 0.00178848
0 0.677447 0.450117 0.328587 0.274025 0.0017845
0 0.179825 0.465273 0.359649 0.520172 0.00177738
0 0.955067 0.318625 0.0898662 0.18695 0.00177519
0 0.831675 0.120998 0.336649 0.241997 0.00177415
0 0.8772 0.331273 0.245599 0.199683 0.00177408
0 0.249998 0.311743 0.318787 0.19383 0.00177184
0 0.101105 0.277864 0.200589 0.199929 0.00177105
0 0.58883 0.464428 0.324323 0.196097 0.00174134
0 0.813778 0.815465 0.280331 0.184077 0.00174021
0 0.535306 0.253876 0.33537 0.186268 0.00173404
0 0.866046 0.14273 0.267908 0.28546 0.00172645
0 0.273586 0.429753 0.307343 0.183279 0.00170761
0 0.778291 0.700448 0.142814 0.128299 0.00170596
0 0.234044 0.530858 0.120816 0.0998787 0.00170433
0 0.618174 0.578863 0.261529 0.175053 0.00170002
0 0.834469 0.633217 0.227194 0.219982 0.00169919
0 0.65945 0.0830422 0.247921 0.166084 0.0016901
0 0.694656 0.10938 0.247277 0.201799 0.00169004
0 0.352043 0.511986 0.260335 0.161685 0.00168784
0 0.378917 0.180336 0.244287 0.172773 0.00167959
0 0.352014 0.21403 0.235776 0.2091 0.0016754
0 0.2623 0.860381 0.5246 0.279238 0.00167274
0 0.184389 0.659328 0.368778 0.374413 0.0016661
0 0.127871 0.504176 0.248348 0.18694 0.00166392
0 0.719239 0.35814 0.561522 0.359143 0.00165849
0 0.259879 0.760961 0.519758 0.367315 0.00164579
0 0.683246 0.280773 0.208388 0.176653 0.00164353
0 0.276083 0.368045 0.281716 0.171075 0.00163959
0 0.511356 0.577002 0.293401 0.176819 0.00163355
0 0.325418 0.470416 0.294767 0.196435 0.00163066
0 0.647069 0.786205 0.380466 0.173346 0.00162751
0 0.408484 0.313919 0.300005 0.186192 0.00162278
0 0.647821 0.70318 0.224209 0.149129 0.00162061
0 0.25651 0.818446 0.391703 0.351605 0.00161284
0 0.542218 0.761912 0.291748 0.152393 0.00160726
0 0.123166 0.104145 0.244509 0.198929 0.00160458
0 0.062219 0 0.112358 0 0.00160292
0 0.352971 0.263157 0.3106 0.181266 0.00160065
0 0.678358 0.492797 0.277306 0.215136 0.00160052
0 0 0.0693528 0 0.138706 0.00159975
0 0.551348 0.0943589 0.209425 0.175697 0.0015985
0 0.745818 0.373372 0.366181 0.334541 0.00158945
0 0.0809081 0.938441 0.15832 0.123119 0.00158873
0 0.484438 0.46886 0.304189 0.188346 0.00158689
0 0.410363 0.363969 0.27477 0.182529 0.00157497
0 0.831444 0.277608 0.215799 0.185406 0.00156439
0 0.544996 0.212768 0.288783 0.208921 0.00155027
0 0.431363 0.526978 0.212577 0.10389 0.00154135
0 0 0.922621 0 0.154759 0.0015365
0 0.927385 0.885819 0.14523 0.228362 0.00152512
0 0.414185 0.514742 0.293375 0.168984 0.00150435
0 0.095025 0.519938 0.19005 0.355385 0.00150273
0 0.494516 0.513854 0.298735 0.176455 0.00149095
0 0.658796 0.515698 0.162945 0.150047 0.00148986
0 0.110818 0.232565 0.219638 0.194488 0.0014825
0 0.608311 0.707615 0.184958 0.128403 0.87896
0 0.686373 0.707695 0.0293984 0.103912 0.0146417
0 0.195626 0.528008 0.125972 0.101115 0.00818362
0 0.594792 0.728566 0.15009 0.0974034 0.00809143
0 1 0.945074 0 0.109852 0.00789504
0 1 0.96721 0 0.0655797 0.00613199
0 1 0.949758 0 0.100485 0.00472441
0 0.675292 0.705781 0.0533293 0.124878 0.00422748
0 0.567915 0.71834 0.10451 0.0868146 0.00402085
0 1 0.946516 0 0.106967 0.00351266
0 1 0.956085 0 0.0878302 0.00344935
0 0.0698868 0 0.125215 0 0.00337601
0 0.000103073 0.0732877 0.000206146 0.146575 0.00303795
0 0.552398 0.71692 0.0725867 0.0861694 0.00247288
0 0 0.0170499 0 0.0340999 0.00241943
0 1 0.202442 0 0.201372 0.0021495
0 1 0.254546 0 0.193904 0.00213468
0 1 0.303113 0 0.193162 0.00211364
0 0.618125 0.966168 0.321491 0.0676645 0.00210543
0 0.403692 0.966189 0.316601 0.067622 0.00210424
0 0.336906 0.965919 0.318135 0.0681612 0.0021037
0 0.690578 0.966052 0.323018 0.0678961 0.00209509
0 0.545869 0.966277 0.320289 0.0674467 0.00209097
0 0.267104 0.965733 0.317346 0.0685347 0.00208723
0 1 0.352938 0 0.192952 0.00208563
0 0.473884 0.966348 0.317426 0.0673039 0.00208293
0 0.128902 0.966249 0.257805 0.0675024 0.00206685
0 0.946315 0.999434 0.10737 0.0011323 0.00206504
0 0.190802 0.965747 0.310287 0.0685055 0.00205976
0 0.763245 0.966027 0.324457 0.0679468 0.00205636
0 1 0.403333 0 0.192324 0.00205275
0 1 0.149073 0 0.190755 0.00204112
0 1 0.453432 0 0.192168 0.00201492
0 0.62163 0.999748 0.122224 0.000503063 0.00200475
0 1 0.50371 0 0.190705 0.00198616
0 0 0.899709 0 0.200582 0.00197389
0 0.267809 0.999891 0.127355 0.000217247 0.00197268
0 1 0.0957266 0 0.187106 0.00196977
0 0.836488 0.966124 0.327024 0.0677513 0.0019677
0 1 0.553599 0 0.189559 0.00196034
0 0.914163 0.999639 0.12647 0.000722885 0.00196017
0 0.659207 0.999767 0.119113 0.000465202 0.00193134
0 0.286941 0.120556 0.141825 0.0919243 0.00192959
0 0.342896 0.999671 0.116527 0.000657463 0.00192948
0 0.0361798 0.103258 0.0723596 0.179665 0.00192789
0 1 0.603733 0 0.18788 0.00192652
0 0.306026 0.999906 0.123519 0.000187683 0.00192193
0 0.393365 0.525866 0.13518 0.0999395 0.00192069
0 0.585831 0.999709 0.123963 0.000581551 0.00191828
0 0.230654 0.999798 0.126864 0.00040493 0.00191638
0 0 0.0637837 0 0.127567 0.0019105
0 1 0.653841 0 0.186855 0.001907
0 1 0.753785 0 0.187708 0.00190226
0 1 0.703869 0 0.186333 0.00189798
0 1 0.804696 0 0.183588 0.00189476
0 0.552079 0.999696 0.124081 0.000607681 0.00188421
0 0 0.108537 0 0.157578 0.00186572
0 0.0232236 0.208956 0.0464473 0.201819 0.00185933
0 0.517301 0.999778 0.122479 0.000444794 0.00184306
0 0.0436848 0.0694833 0.0873695 0.138967 0.00183981
0 1 0.0995559 0 0.199112 0.0018373
0 0.19591 0.999717 0.125376 0.00056591 0.00183657
0 0.0835274 0.96916 0.167055 0.0616803 0.00183591
0 0.022296 0.261082 0.0445921 0.193421 0.00183532
0 0.052572 0.999025 0.105144 0.00195055 0.00183378
0 0.025102 0.159195 0.050204 0.187585 0.00183318
0 1 0.0685888 0 0.137178 0.00183115
0 0.874038 0.999677 0.1267 0.000645065 0.00183078
0 0.730243 0.999753 0.121013 0.000493813 0.00182236
0 0.764326 0.999773 0.122824 0.000454426 0.00181
0 0.0193252 0.309808 0.0386504 0.192498 0.00180925
0 0.696362 0.999768 0.120061 0.000463486 0.00180781
0 0.799958 0.999777 0.123972 0.000445938 0.0018077
0 0.836207 0.999735 0.125138 0.000530243 0.00180124
0 0 0.31188 0 0.155914 0.00179306
0 0 0.210936 0 0.156265 0.00179126
0 0.0193517 0.359648 0.0387034 0.190805 0.00178509
0 1 0.971721 0 0.0565571 0.00178453
0 0 0.159608 0 0.15895 0.00178125
0 0 0.262615 0 0.154838 0.00178099
0 0.0191936 0.409687 0.0383872 0.191821 0.00177818
0 0.874057 0.966885 0.251886 0.0662301 0.00177514
0 0 0.361623 0 0.155895 0.00177415
0 0 0.411677 0 0.156151 0.00177168
0 0 0.461696 0 0.156597 0.00176492
0 0.379118 0.999512 0.114362 0.00097599 0.00176002
0 0.0188252 0.459492 0.0376504 0.192762 0.0017545
0 0.481754 0.999768 0.119344 0.000464058 0.00175437
0 0.161869 0.99958 0.125659 0.000839424 0.00174367
0 0 0.511816 0 0.156916 0.00173547
0 0.0181758 0.509474 0.0363516 0.192031 0.0017347
0 0.0297833 0.813046 0.0595667 0.183678 0.00173427
0 0.0226369 0.761425 0.0452738 0.192402 0.00173218
0 0.0290944 0.877214 0.0581889 0.206275 0.0017302
0 0.636584 0.764143 0.254028 0.211143 0.0017239
0 0.0221625 0.711167 0.044325 0.189632 0.00172198
0 1 0.922431 0 0.155139 0.00171756
0 0.0201317 0.66092 0.0402634 0.189154 0.00171571
0 0.0179644 0.559928 0.0359289 0.191165 0.00170798
0 0.018394 0.610694 0.0367879 0.189847 0.0017055
0 0.113575 0 0.140472 0 0.00170495
0 1 0.858725 0 0.190702 0.00170261
0 0.97597 0.311669 0.0480591 0.18057 0.00170177
0 0.975671 0.362159 0.0486577 0.181382 0.00169852
0 0.974 0.412222 0.0519995 0.183222 0.00169799
0 0 0.561748 0 0.156999 0.001697
0 0.447917 0.999688 0.117468 0.000624466 0.00169233
0 1 0.760552 0 0.180507 0.00168974
0 0.975082 0.262348 0.049836 0.180166 0.00168816
0 0.97101 0.462203 0.0579799 0.185706 0.00168711
0 0.977748 0.211687 0.0445049 0.182898 0.00168243
0 0.968093 0.512314 0.0638141 0.186781 0.00167696
0 0 0.970073 0 0.0598537 0.00166085
0 1 0.810965 0 0.174523 0.00165649
0 0.96642 0.56213 0.0671595 0.187339 0.0016519
0 0 0.611915 0 0.156909 0.00164739
0 0.57966 0.75276 0.264247 0.243654 0.00164318
0 0.063493 0.999428 0.125002 0.00114393 0.0016303
0 0.0884911 0.108191 0.176982 0.185785 0.00162594
0 0.983509 0.160345 0.0329814 0.18046 0.0016244
0 0.964576 0.612562 0.070849 0.188757 0.00162438
0 1 0.902363 0 0.195273 0.00162409
0 0.0812846 0.215026 0.162569 0.196387 0.0016171
0 0 0.92375 0 0.152499 0.0016167
0 0 0.661795 0 0.156814 0.00161541
0 1 0.93482 0 0.130361 0.00161454
0 0.414394 0.999587 0.118916 0.000826263 0.0016138
0 0.621828 0.627465 0.294956 0.190051 0.00161245
0 0.945003 0.108985 0.109995 0.178079 0.00161006
0 0.0784602 0.414835 0.15692 0.191016 0.00160561
0 0.0782253 0.315276 0.156451 0.19065 0.00160453
0 0.921961 0.365444 0.156078 0.177376 0.00160097
0 0.0813365 0.266046 0.162673 0.190792 0.00160072
0 0 0.972325 0 0.0553495 0.00159796
0 0.921183 0.414466 0.157634 0.181322 0.00159748
0 0.078243 0.364845 0.156486 0.189111 0.00159716
0 0.0818792 0.164081 0.163758 0.187044 0.00158767
0 0.19003 0.934237 0.28144 0.131525 0.00158497
0 0 0.712009 0 0.156406 0.00158305
0 0.545289 0.933265 0.28864 0.133471 0.00158044
0 0.923709 0.314566 0.152582 0.176807 0.00157992
0 0.473511 0.933339 0.285409 0.133322 0.00157976
0 0.927921 0.164383 0.144158 0.177071 0.00157925
0 0.962714 0.662783 0.0745725 0.191369 0.00157823
0 0.60392 0.710113 0.217156 0.169495 0.00157793
0 0.690316 0.933406 0.29129 0.133187 0.00157527
0 0.617312 0.933365 0.290555 0.133271 0.00157513
0 0.0785348 0.464756 0.15707 0.191601 0.00157287
0 0.763082 0.933343 0.292551 0.133314 0.00156956
0 0.403653 0.933341 0.285959 0.133318 0.00156453
0 0.264938 0.933815 0.288778 0.132371 0.00156254
0 0.085497 0.0689914 0.170994 0.137983 0.00155902
0 0.885829 0.413943 0.228343 0.185378 0.00155684
0 0.955094 0.0743936 0.0898113 0.148787 0.00155652
0 0.899934 0.109218 0.200133 0.179161 0.00155119
0 0 0.813175 0 0.152808 0.00154922
0 0.889586 0.314886 0.220827 0.179268 0.00154788
0 0 0.762078 0 0.156329 0.00154762
0 0.960473 0.712731 0.0790543 0.194164 0.00154761
0 0.33619 0.933438 0.288632 0.133123 0.00154594
0 0.922569 0.264859 0.154863 0.176648 0.00154531
0 0.966541 0.998683 0.0669178 0.00263367 0.00154471
0 0.125413 0.933894 0.250825 0.132212 0.00154442
0 0.918661 0.464735 0.162679 0.183545 0.00154287
0 0.887044 0.366211 0.225911 0.179862 0.00154171
0 0.872215 0.0702533 0.255571 0.140507 0.00154061
0 0.835004 0.933151 0.29318 0.133697 0.00154056
0 0.321926 0.404011 0.104746 0.0519021 0.00154051
0 0.358282 0.101562 0.254283 0.119282 0.00153505
0 0.907603 0.0699867 0.184795 0.139973 0.00153491
0 0.676623 0.815973 0.28504 0.194434 0.00153471
0 0.924259 0.21488 0.151482 0.177625 0.00153451
0 0.957464 0.763093 0.0850725 0.199189 0.00153037
0 0.918064 0.514622 0.163873 0.185443 0.00153032
0 0.885367 0.16589 0.229266 0.179549 0.00153001
0 0.840218 0.16554 0.291813 0.180641 0.00152569
0 0.0780638 0.514463 0.156128 0.190408 0.00152566
0 0.598452 0.665683 0.237037 0.202435 0.00152369
0 0.996276 0.0744155 0.00744872 0.148831 0.00152277
0 0.0879137 0.99949 0.130637 0.00102043 0.00151349
0 0.862941 0.108561 0.274118 0.178413 0.00151221
0 0.886611 0.264652 0.226778 0.179554 0.00151118
0 0.0407977 0.996536 0.0815953 0.00692749 0.00151018
0 0.125767 0.999471 0.133336 0.00105858 0.0015059
0 0.227535 0.408635 0.123452 0.0633911 0.00150312
0 0.95918 0.81261 0.0816402 0.193968 0.00150037
0 0.413993 0.116858 0.114657 0.0832023 0.00149742
0 0.0271446 0.973865 0.0542893 0.0522692 0.00149634
0 0.918068 0.564406 0.163864 0.184602 0.0014927
0 0.841457 0.366542 0.291773 0.182355 0.00149194
0 0.0783304 0.564982 0.156661 0.190899 0.0014915
0 0.963655 0.868614 0.0726907 0.20526 0.00149098
0 0.577704 0.797965 0.303938 0.231667 0.00148931
0 0.643383 0.164054 0.297471 0.180809 0.00148811
0 0.631657 0.104551 0.201312 0.105057 0.00148767
0 0.885779 0.215756 0.228441 0.180375 0.00148684
0 0.842869 0.214839 0.29103 0.182552 0.00148496
0 0.709321 0.212373 0.290061 0.184456 0.00148447
0 0.165315 0.108075 0.286774 0.180348 0.00148147
0 0.522342 0.107909 0.282299 0.179411 0.00148138
0 0.882352 0.4649 0.235295 0.186348 0.00147856
0 0.842539 0.412944 0.289363 0.186773 0.00147803
0 0.669437 0.107829 0.276824 0.178398 0.00147768
0 0.917147 0.614878 0.165707 0.186401 0.00147618
0 0.915283 0.664976 0.169435 0.188417 0.0014737
0 0.448738 0.107132 0.281293 0.178793 0.00147364
0 0.49204 0.213225 0.298263 0.188414 0.00146908
0 0.845429 0.263831 0.291843 0.180164 0.00146885
0 0.251486 0.528907 0.226674 0.100198 0.00146493
0 0.0773508 0.614683 0.154702 0.190843 0.00146448
0 0.737763 0.107698 0.276663 0.177622 0.00146437
0 0.440863 0.711616 0.342061 0.197019 0.00146427
0 0.63933 0.212194 0.299464 0.187975 0.00146387
0 0.844338 0.314609 0.28673 0.180884 0.00146317
0 0.775216 0.213597 0.287352 0.181922 0.00146244
0 0.808753 0.0702483 0.265526 0.140497 0.00146226
0 0.775503 0.165205 0.289659 0.178038 0.00146208
0 0.598302 0.10826 0.281684 0.180039 0.00146075
0 0.710789 0.164575 0.291461 0.179146 0.00145976
0 0.881969 0.514919 0.236063 0.189299 0.00145876
0 0.379206 0.10679 0.279877 0.17814 0.00145714
0 0.91166 0.764639 0.176681 0.194373 0.00145714
0 0.913727 0.714591 0.172545 0.191027 0.00145711
0 0 0.875033 0 0.170534 0.0014563
0 0.568918 0.212508 0.302812 0.189802 0.00145547
0 0.74017 0.0703034 0.26424 0.140607 0.00145433
0 0.429222 0.612638 0.315807 0.198117 0.00144825
0 0.520224 0.616899 0.309795 0.19395 0.00144737
0 0.878171 0.665892 0.243657 0.188856 0.00144684
0 0.650038 0.105191 0.185097 0.078783 0.00144666
0 0.0773491 0.66435 0.154698 0.191308 0.00144626
0 0.343324 0.612829 0.291542 0.202032 0.00144584
0 0.116349 0.0691652 0.232697 0.13833 0.00144479
0 0.0538185 0.912013 0.107637 0.175975 0.00144386
0 0.777374 0.313891 0.28958 0.179213 0.00144241
0 0.495122 0.165466 0.300723 0.180792 0.001442
0 0.600219 0.069956 0.265269 0.139912 0.00144187
0 0.88384 0.932925 0.23232 0.134149 0.00144044
0 0.388377 0.0696182 0.264764 0.139236 0.00144024
0 0.235374 0.107583 0.284305 0.179052 0.0014397
0 0.875358 0.764862 0.249283 0.195252 0.00143922
0 0.528415 0.0698897 0.264094 0.139779 0.00143819
0 0.572911 0.164516 0.30203 0.182408 0.00143811
0 0.275719 0.463983 0.309567 0.184951 0.00143764
0 0.67076 0.0701176 0.263738 0.140235 0.00143758
0 0.876732 0.715001 0.246535 0.192513 0.00143733
0 0.116906 0.21396 0.233813 0.186741 0.00143728
0 0.803322 0.107827 0.277242 0.176615 0.00143624
0 0.709681 0.313084 0.29705 0.181861 0.00143578
0 0.911558 0.814293 0.176884 0.191757 0.00143542
0 0.649478 0.668704 0.264887 0.198057 0.001433
0 0.551715 0.712525 0.276826 0.182242 0.00143261
0 0.171669 0.0690918 0.266757 0.138184 0.00143196
0 0.160528 0.567246 0.308997 0.182883 0.00143166
0 0.0306733 0.930943 0.0613465 0.138113 0.00143149
0 0.0712555 0.0129011 0.130303 0.0258022 0.00142944
0 0.912958 0.867274 0.174084 0.198402 0.00142925
0 0.920647 0.967217 0.158707 0.0655659 0.00142791
0 0.0868914 0.932525 0.173783 0.134949 0.00142739
0 0.879666 0.615368 0.240667 0.188388 0.00142718
0 0.114251 0.414289 0.228502 0.185223 0.0014268
0 0.114712 0.464485 0.229424 0.184763 0.0014265
0 0.114584 0.314385 0.229169 0.184706 0.00142647
0 0.341863 0.570108 0.311954 0.183195 0.00142617
0 0.882271 0.564908 0.235459 0.185421 0.00142602
0 0.306204 0.107131 0.281564 0.177813 0.00142408
0 0.0767392 0.71416 0.153478 0.193612 0.00142318
0 0.458395 0.0697537 0.263675 0.139507 0.00142302
0 0.770405 0.813986 0.323964 0.19607 0.00142292
0 0.775853 0.365594 0.292375 0.182302 0.00142261
0 0.839657 0.515162 0.299021 0.190169 0.00142197
0 0.633424 0.864152 0.337848 0.201301 0.00142182
0 0.71155 0.262647 0.299476 0.178952 0.00142168
0 0.210914 0.411597 0.109994 0.0693893 0.00142159
0 0.11726 0.264169 0.23452 0.184027 0.00142068
0 0.113869 0.364216 0.227737 0.182731 0.00141993
0 0.354516 0.662993 0.322308 0.192711 0.00141966
0 0.498458 0.564999 0.301708 0.185201 0.00141959
0 0.421092 0.166245 0.300684 0.180365 0.00141807
0 0.316246 0.0693385 0.265497 0.138677 0.0014178
0 0.270648 0.611843 0.277161 0.208112 0.00141773
0 0.121095 0.10898 0.24219 0.181366 0.00141732
0 0.439151 0.760904 0.348254 0.203915 0.00141635
0 0.41961 0.213432 0.295799 0.189089 0.00141557
0 0.624702 0.90878 0.336697 0.18244 0.00141416
0 0.874655 0.814812 0.250689 0.194798 0.00141348
0 0.353451 0.165839 0.301103 0.181441 0.00141257
0 0.426242 0.566066 0.313534 0.185649 0.00141228
0 0.279766 0.41499 0.30573 0.187166 0.00141208
0 0.778189 0.263202 0.293849 0.177496 0.00141176
0 0.842011 0.464498 0.299837 0.187167 0.00140963
0 0.252959 0.0751188 0.267517 0.150238 0.00140935
0 0.696992 0.908683 0.336358 0.182635 0.00140846
0 0.837625 0.763751 0.312359 0.199686 0.00140815
0 0.835266 0.908479 0.329469 0.183042 0.00140809
0 0.121047 0.565162 0.242095 0.186013 0.00140755
0 0.282075 0.16504 0.301249 0.1817 0.00140717
0 0.766942 0.908496 0.333385 0.183009 0.00140681
0 0.636043 0.313092 0.305895 0.185152 0.00140586
0 0.214278 0.163384 0.29937 0.182591 0.00140557
0 0.610639 0.709579 0.189241 0.135273 0.897881
0 0.23063 0.527262 0.111822 0.0914101 0.00388919
0 0.449233 0.536006 0.282866 0.113028 0.00250199
0 0.176006 0.879573 0.297873 0.240855 0.00226672
0 0.126224 0.822511 0.252449 0.2592 0.00224541
0 0.104685 0.315481 0.209369 0.342336 0.00207945
0 0.122715 0.265986 0.245429 0.36194 0.00204938
0 0.411676 0.571412 0.575259 0.217612 0.00199754
0 0.113027 0.685611 0.226054 0.217398 0.00198728
0 0.263395 0.910199 0.244169 0.179602 0.00197781
0 0.103935 0.361292 0.207871 0.352678 0.00196834
0 0.664904 0.775644 0.567154 0.212895 0.00192998
0 0.123281 0.0687262 0.246562 0.137452 0.00191584
0 0.114876 0.409788 0.229752 0.367597 0.00191035
0 0.132626 0.175917 0.265252 0.201906 0.00188278
0 0.21237 0.813003 0.244893 0.186334 0.0018724
0 0.0878584 0.0724129 0.175717 0.144826 0.00187235
0 0.12351 0.771807 0.24702 0.205258 0.00186815
0 0.989621 0.899237 0.0207571 0.186478 0.00183506
0 0.0887208 0.723915 0.177442 0.231291 0.00183345
0 0.211041 0.96453 0.249592 0.0709404 0.00182785
0 0.12547 0.459632 0.25094 0.375856 0.00182582
0 0.829548 0.924659 0.265849 0.150683 0.00182024
0 0.130515 0.231041 0.26103 0.204421 0.00181572
0 0.271827 0.874686 0.242568 0.196661 0.00181044
0 0.135737 0.865175 0.271475 0.26965 0.00180347
0 0.123593 0.668734 0.186232 0.199208 0.00179968
0 0.088721 0.772522 0.177442 0.267008 0.00179682
0 0.644506 0.802105 0.661657 0.218323 0.001783
0 0.291212 0.966961 0.214168 0.0660776 0.001774
0 0.872299 0.920193 0.255401 0.159614 0.00175204
0 0.130022 0.118555 0.260045 0.186226 0.0017499
0 0.100323 0.828292 0.200647 0.302859 0.00173973
0 0.378117 0.941475 0.190637 0.117051 0.00173951
0 0.63905 0.649996 0.229983 0.21074 0.00172631
0 0.746919 0.924739 0.267349 0.150522 0.00171266
0 0.650636 0.92302 0.271808 0.153961 0.00168906
0 0.824387 0.872493 0.270716 0.164996 0.0016801
0 0.977392 0.765587 0.0452154 0.181449 0.00166404
0 0.877049 0.873844 0.245901 0.169617 0.00165637
0 0.13082 0.559583 0.26164 0.372315 0.00163914
0 0.857318 0.946832 0.260256 0.106335 0.00162175
0 0.986337 0.819349 0.0273266 0.166762 0.00162079
0 0.126245 0.281501 0.25249 0.187624 0.00161678
0 0.978078 0.71445 0.0438434 0.179181 0.00161594
0 0.473916 0.944651 0.227286 0.110698 0.00160156
0 0.280702 0.935813 0.216312 0.128375 0.00160151
0 0.14954 0.723594 0.227207 0.190183 0.00159798
0 0.978128 0.663775 0.0437438 0.179341 0.00158104
0 0.059833 0.0924194 0.119666 0.184839 0.00158004
0 0.936916 0.764784 0.126167 0.168486 0.00157776
0 0.126102 0.17305 0.252205 0.3461 0.00157437
0 0.93713 0.714324 0.125739 0.167216 0.001574
0 0 0.947738 0 0.104523 0.0015696
0 0.11235 0.736418 0.2247 0.263334 0.00156892
0 0.937873 0.515057 0.124254 0.167479 0.00156728
0 0.938059 0.564707 0.123883 0.167877 0.00156655
0 0.97954 0.212522 0.0409208 0.17808 0.00156447
0 0.93718 0.664536 0.12564 0.167127 0.00156219
0 0.629379 0.154182 0.607693 0.169084 0.00155894
0 0.937249 0.614556 0.125503 0.168229 0.0015579
0 0.978124 0.613304 0.0437511 0.180475 0.00155526
0 0.899073 0.943988 0.179837 0.112024 0.00155415
0 0 0.973996 0 0.0520082 0.00155383
0 0.956421 0.886337 0.0871574 0.169441 0.00155155
0 0.121243 0.328661 0.242486 0.179929 0.0015511
0 1 0.066266 0 0.132532 0.00154989
0 0.978443 0.563097 0.0431138 0.180337 0.00154342
0 0.738154 0.871141 0.273675 0.161261 0.00154289
0 0.980631 0.263607 0.0387371 0.175233 0.00154014
0 0.978423 0.513231 0.043154 0.180328 0.00153635
0 0.117445 0.37784 0.23489 0.178842 0.00153626
0 0.981902 0.313521 0.0361957 0.174996 0.00153574
0 0.904945 0.877804 0.19011 0.175584 0.00153306
0 0.938532 0.465402 0.122936 0.166769 0.00153299
0 0.98163 0.363673 0.0367406 0.177196 0.0015324
0 0.97901 0.463382 0.0419807 0.18049 0.00153158
0 0.569532 0.922756 0.268619 0.154489 0.0015288
0 0.550001 0.946521 0.235512 0.106959 0.0015252
0 0.980186 0.413798 0.0396288 0.179207 0.00152433
0 0.379418 0.967664 0.214203 0.0646723 0.00152404
0 0.0764209 0.149363 0.152842 0.298726 0.00152349
0 0.326401 0.814502 0.204642 0.172989 0.00151957
0 0.138839 0.660349 0.277678 0.357075 0.00151837
0 0.119773 0.629225 0.239546 0.181467 0.00151429
0 0.981729 0.161357 0.0365418 0.176622 0.00150982
0 0.115018 0.428115 0.230037 0.179871 0.00150945
0 1 0.819199 0 0.163245 0.00149152
0 0.945986 0.818517 0.108028 0.159525 0.00149067
0 0.93997 0.415527 0.120061 0.166938 0.00148806
0 1 0.408781 0 0.185871 0.00148396
0 0.652785 0.86653 0.267006 0.164935 0.00148392
0 0.116304 0.479557 0.232609 0.180218 0.00148113
0 0.634186 0.947719 0.239061 0.104563 0.00147862
0 1 0.459339 0 0.186644 0.00147845
0 1 0.357804 0 0.184074 0.00147573
0 0.0477503 0.0748804 0.0955006 0.149761 0.00147462
0 1 0.414518 0 0.170811 0.00147084
0 1 0.464767 0 0.171469 0.00146918
0 1 0.509599 0 0.185659 0.00146859
0 0.115155 0.77996 0.23031 0.299538 0.00146294
0 0.465479 0.968154 0.236008 0.0636927 0.00146207
0 1 0.307837 0 0.180765 0.00146184
0 0.941697 0.365482 0.116605 0.165335 0.00145893
0 1 0.559627 0 0.18532 0.00145856
0 1 0.813623 0 0.179115 0.00145815
0 0.907107 0.917399 0.185785 0.165202 0.00145613
0 1 0.60978 0 0.185348 0.00145375
0 1 0.51488 0 0.170626 0.00145208
0 1 0.766694 0 0.17365 0.00145106
0 1 0.659928 0 0.185055 0.00144997
0 0.380479 0.922161 0.220029 0.155678 0.00144988
0 1 0.665311 0 0.169963 0.00144931
0 1 0.715737 0 0.17032 0.00144623
0 1 0.894872 0 0.190774 0.0014453
0 1 0.760971 0 0.187551 0.00144504
0 0.119201 0.530541 0.238402 0.182454 0.00144448
0 1 0.363793 0 0.169052 0.00144426
0 0.851998 0.963738 0.252155 0.0725237 0.00144324
0 1 0.710165 0 0.18527 0.00144291
0 1 0.615069 0 0.170507 0.00144208
0 1 0.56485 0 0.170476 0.00144167
0 0.219607 0.666018 0.224623 0.18003 0.00143545
0 0.157192 0.963338 0.259858 0.0733232 0.00143245
0 1 0.258985 0 0.178073 0.00143087
0 1 0.313718 0 0.166151 0.00142275
0 0.104631 0.131115 0.209262 0.262231 0.00142139
0 0.94185 0.314974 0.1163 0.165322 0.00142033
0 0.81057 0.817089 0.275979 0.158665 0.0014118
0 0.136736 0.826381 0.273471 0.322848 0.00140501
0 0.188807 0.0664486 0.25486 0.132897 0.00140499
0 0.93985 0.264903 0.1203 0.165857 0.0014049
0 0 0.0685792 0 0.137158 0.00139987
0 0.137138 0.807373 0.274276 0.383113 0.00139709
0 0.739717 0.951417 0.257064 0.0971666 0.00139245
0 0.90594 0.817637 0.18812 0.162989 0.00138897
0 0.965474 0.915217 0.0690525 0.169567 0.00138779
0 0.997677 0.924972 0.00464596 0.150056 0.00138737
0 0.939623 0.214393 0.120755 0.167265 0.00138594
0 0.426729 0.874778 0.254891 0.168492 0.00138385
0 1 0.264568 0 0.165081 0.00138255
0 0.0254517 0.493295 0.0509035 0.468644 0.0013815
0 1 0.208315 0 0.181225 0.00137845
0 0.0111461 0.808428 0.0222921 0.383143 0.00137474
0 0.607334 0.76328 0.234884 0.124774 0.00137365
0 0.0254216 0.596259 0.0508433 0.475961 0.00137289
0 0.00832132 0.874556 0.0166426 0.250888 0.00137203
0 0.99431 0.108376 0.0113795 0.17368 0.00137013
0 0.942341 0.163814 0.115319 0.166376 0.00136825
0 0.879397 0.816461 0.241207 0.162491 0.00136594
0 0.110554 0.256683 0.221108 0.513367 0.00136517
0 0.0201122 0.390067 0.0402244 0.403923 0.00136402
0 0.99602 0.0734134 0.00795969 0.146827 0.00136162
0 0.256119 0.771484 0.225913 0.163773 0.00135258
0 0 0.916164 0 0.167672 0.00135226
0 0.0229021 0.702887 0.0458042 0.474734 0.0013507
0 0.670346 0.817939 0.248399 0.155978 0.0013498
0 0.541047 0.969887 0.242634 0.0602263 0.00134885
0 0.595575 0.860839 0.270859 0.173088 0.00134866
0 0.492501 0.922792 0.256516 0.154416 0.00134743
0 0.00158631 0.974249 0.00317261 0.0515021 0.00134621
0 0.14389 0.760462 0.287781 0.376525 0.00134467
0 0.729368 0.969747 0.26517 0.0605058 0.00134199
0 0.971442 0.940427 0.0571168 0.119145 0.0013401
0 0.052151 0.933109 0.104302 0.133782 0.00133597
0 0.128634 0.845226 0.257268 0.309548 0.00133471
0 0.515377 0.518258 0.123177 0.0870452 0.00133324
0 0.193136 0.920786 0.274091 0.158429 0.00132841
0 0.122796 0.581758 0.245592 0.180714 0.00132832
0 0.230428 0.525945 0.160834 0.0882915 0.00132736
0 1 0.213683 0 0.168634 0.00132656
0 0.579357 0.150578 0.425543 0.132527 0.00131954
0 0.1201 0.510514 0.240201 0.555584 0.00131695
0 0 0.104112 0 0.142146 0.00131568
0 0.537913 0.866272 0.269585 0.170385 0.00131454
0 0.258472 0.614444 0.232783 0.180162 0.00130744
0 0.538242 0.185042 0.386993 0.170554 0.00130734
0 0.198323 0.115118 0.24939 0.165318 0.00130699
0 0.6233 0.971189 0.250549 0.0576223 0.00130645
0 0.885174 0.967999 0.205075 0.0640026 0.00130405
0 0.166706 0.900262 0.308874 0.199475 0.00130346
0 1 0.157349 0 0.175672 0.00130177
0 0.905941 0.765369 0.188118 0.165746 0.0013015
0 1 0.10714 0 0.165042 0.00130053
0 1 0.103725 0 0.17256 0.00129634
0 0.961628 0.0726743 0.0767439 0.145349 0.0012943
0 0.907037 0.715408 0.185927 0.164583 0.00128747
0 0 0.304327 0 0.242402 0.00128494
0 0.103177 0.358279 0.206353 0.507201 0.00128065
0 0.220294 0.550327 0.080736 0.0666357 0.00128052
0 1 0.874882 0 0.191783 0.0012769
0 0.955437 0.110663 0.0891259 0.166052 0.00127476
0 0.637924 0.749692 0.255161 0.216916 0.00127429
0 0.108627 0.200017 0.217253 0.400033 0.00127402
0 0.192529 0.47265 0.256755 0.162667 0.00127386
0 0.981987 0.974708 0.0360267 0.0505833 0.00127041
0 0.326293 0.311314 0.139481 0.0959443 0.00126895
0 0 0.154498 0 0.150317 0.00126132
0 1 0.162137 0 0.166594 0.00125841
0 0.570533 0.628669 0.248363 0.170058 0.00125795
0 0.364928 0.769372 0.226572 0.1664 0.00125688
0 0.878643 0.764708 0.242714 0.16674 0.00125674
0 0.0322963 0.975246 0.0645925 0.0495083 0.00125662
0 0.19998 0.523568 0.2548 0.164359 0.00125432
0 0.0905912 0.874078 0.181182 0.251845 0.00125358
0 0.192102 0.169868 0.258531 0.166581 0.00125216
0 0.205879 0.574286 0.250226 0.167181 0.00125163
0 0.196819 0.617347 0.226867 0.174731 0.00125148
0 0.770144 0.764035 0.225215 0.166327 0.00124924
0 0 0.89059 0 0.21882 0.00124848
0 0.457459 0.515814 0.260457 0.0751568 0.00124645
0 1 0.0658153 0 0.131631 0.00124457
0 0.595886 0.200876 0.446401 0.213207 0.00124204
0 0.595411 0.662356 0.222361 0.237795 0.00124123
0 0.081578 0.830928 0.163156 0.338144 0.00123994
0 0.907358 0.665672 0.185283 0.164949 0.00123484
0 0.909658 0.566012 0.180684 0.166421 0.00123308
0 0.463114 0.81692 0.267099 0.168009 0.00123191
0 0.118026 0.606632 0.236052 0.542145 0.00123052
0 0.185406 0.42028 0.254116 0.165857 0.00122908
0 0.497459 0.714921 0.255576 0.16253 0.00122516
0 0.908113 0.615959 0.183773 0.16654 0.00122198
0 0.909638 0.515864 0.180723 0.166652 0.00120933
0 0.488447 0.766877 0.258549 0.176408 0.00120773
0 0.831844 0.712856 0.336313 0.310684 0.00120396
0 0.260346 0.416006 0.245495 0.166746 0.00119826
0 0.263564 0.468408 0.245117 0.16479 0.00119706
0 0.959706 0.972449 0.0805872 0.055101 0.00119537
0 0 0.20946 0 0.172043 0.00119278
0 0.264647 0.365502 0.24546 0.167579 0.00119062
0 0.337196 0.467721 0.242023 0.164734 0.00119019
0 0.191842 0.272295 0.259057 0.165919 0.00118973
0 0.912712 0.164915 0.174577 0.165143 0.00118883
0 0.187687 0.369986 0.255896 0.167004 0.00118856
0 0.1918 0.222703 0.259783 0.169116 0.00118838
0 0.191152 0.320765 0.257396 0.165709 0.00118725
0 0.0255458 0.866726 0.0510915 0.266548 0.00118671
0 0.910692 0.265545 0.178617 0.164538 0.00117863
0 0.912838 0.315653 0.174324 0.163966 0.00117854
0 0 0.262372 0 0.191395 0.00117848
0 0.911027 0.466346 0.177945 0.165084 0.00117695
0 0.642874 0.70687 0.240259 0.151721 0.00117684
0 0.487025 0.618059 0.251703 0.171009 0.00117671
0 0.914004 0.366031 0.171993 0.16339 0.00117577
0 1 0.952466 0 0.0950686 0.00117567
0 0.910309 0.215544 0.179383 0.165302 0.00117295
0 0.268379 0.113358 0.248416 0.165951 0.00117122
0 0.912475 0.416065 0.175051 0.166068 0.00117014
0 0.405357 0.521294 0.240783 0.162808 0.00116624
0 0.130277 0.945264 0.260555 0.109472 0.00116596
0 0.487469 0.665478 0.263707 0.17597 0.00116258
0 0.334683 0.415621 0.242632 0.166657 0.00115999
0 0.838705 0.815004 0.32259 0.301366 0.00115789
0 0.273079 0.0736213 0.248628 0.147243 0.00115764
0 0.549875 0.112379 0.249111 0.16785 0.00115684
0 0.754595 0.466086 0.260369 0.166483 0.00115511
0 0.922502 0.111508 0.154996 0.166404 0.00115418
0 0.268104 0.316133 0.245548 0.163998 0.00115311
0 0.880922 0.164942 0.238157 0.166166 0.00115142
0 0.696763 0.0732592 0.244372 0.146518 0.00115017
0 0.261021 0.167234 0.253279 0.164835 0.0011477
0 0.880219 0.315436 0.239562 0.165193 0.00114665
0 0.541353 0.165906 0.256111 0.164466 0.00114594
0 0.479103 0.112466 0.249995 0.167927 0.00114515
0 0.570448 0.7136 0.256109 0.16005 0.00114513
0 0.878567 0.566279 0.242867 0.167993 0.00114191
0 0.685342 0.170439 0.629317 0.290376 0.00114096
0 0.470765 0.16606 0.257773 0.164312 0.00114064
0 0.878331 0.215339 0.243338 0.166941 0.0011406
0 0.409229 0.56792 0.23249 0.166115 0.0011406
0 0.878169 0.515586 0.243662 0.169146 0.00114045
0 0.92793 0.0729255 0.14414 0.145851 0.0011402
0 0.882033 0.365892 0.235934 0.164993 0.0011388
0 0.480185 0.566928 0.24049 0.166996 0.00113735
0 0.690922 0.11349 0.247234 0.167381 0.00113712
0 0.611864 0.165604 0.254493 0.165378 0.001137
0 0.407005 0.467641 0.240078 0.166291 0.00113649
0 0.877694 0.71461 0.244613 0.166336 0.00113613
0 0.752152 0.516522 0.260502 0.168061 0.00113605
0 0.876765 0.617078 0.246469 0.169042 0.00113518
0 0.878166 0.265402 0.243667 0.165907 0.00113459
0 0.768115 0.0735231 0.246933 0.147046 0.00113355
0 0.68297 0.165595 0.253355 0.165633 0.00113169
0 0.330453 0.166154 0.255639 0.164156 0.00113118
0 0.568246 0.665362 0.251598 0.198721 0.00113073
0 0.839589 0.0735784 0.248904 0.147157 0.0011307
0 0.808449 0.621545 0.259561 0.172184 0.00112988
0 0.620082 0.11276 0.247659 0.168179 0.00112984
0 0.338138 0.112676 0.250379 0.166733 0.00112964
0 0.665471 0.724889 0.0912254 0.112027 0.0011295
0 0.753657 0.165734 0.258061 0.165181 0.00112914
0 0.306467 0.719033 0.229627 0.16454 0.00112837
0 0.636888 0.192715 0.616217 0.255591 0.00112792
0 0.879937 0.466187 0.240126 0.166798 0.00112781
0 0.344203 0.0733234 0.24818 0.146647 0.00112494
0 0.326385 0.666656 0.237015 0.16793 0.00112468
0 0.496163 0.192835 0.532014 0.198088 0.0011246
0 0.880971 0.415725 0.238058 0.168183 0.00112456
0 0.261988 0.218105 0.253367 0.167927 0.00112357
0 0.265858 0.519154 0.242979 0.168952 0.00112247
0 0.607086 0.711337 0.186367 0.139591 0.951068
0 0.0123933 0.119686 0.0247865 0.239372 0.00176623
0 0.0196779 0.970232 0.0393558 0.0595368 0.00175235
0 0.434249 0.508612 0.359552 0.219052 0.00170757
0 0.0132663 0.224701 0.0265325 0.273563 0.00169615
0 0.0128363 0.175549 0.0256726 0.263592 0.00168363
0 0.0127809 0.724607 0.0255618 0.269972 0.00165342
0 0.0133549 0.273755 0.0267097 0.275213 0.00165053
0 0.0125652 0.773716 0.0251303 0.272551 0.00163591
0 0.013418 0.423722 0.026836 0.265903 0.00163003
0 0.0130496 0.674407 0.0260992 0.267863 0.0016286
0 0.0134104 0.47372 0.0268208 0.26432 0.00162576
0 0.0132162 0.623977 0.0264324 0.265575 0.00162508
0 0.0134078 0.523614 0.0268155 0.2644 0.00162239
0 0.0133612 0.573762 0.0267225 0.264636 0.00162136
0 0.455833 0.569556 0.360145 0.221663 0.00161942
0 0.0134051 0.323471 0.0268102 0.272572 0.00161731
0 0.347695 0.503715 0.313151 0.213685 0.00161667
0 0.0134061 0.373287 0.0268123 0.269189 0.00161293
0 0.22216 0.963776 0.231911 0.0724485 0.00160053
0 0.0123776 0.823889 0.0247553 0.276079 0.00158293
0 0.647782 0.657109 0.210324 0.216688 0.00157785
0 0.304974 0.964585 0.220586 0.0708305 0.0015516
0 0.359477 0.561729 0.337857 0.232315 0.00154174
0 0.983809 0.890941 0.0323824 0.218118 0.00154107
0 0.43451 0.461127 0.290282 0.180042 0.00153384
0 0.284408 0.57127 0.27233 0.176264 0.00152534
0 0.523763 0.51882 0.306203 0.193016 0.00152325
0 0.0132837 0.869246 0.0265673 0.261508 0.00150169
0 0.0294193 0.0782605 0.0588386 0.156521 0.00148343
0 0.52566 0.464599 0.275219 0.170788 0.00148317
0 0.290024 0.506579 0.257587 0.177774 0.00146587
0 0.996321 0.962279 0.00735852 0.0754417 0.00145351
0 0.803498 0.967704 0.256074 0.0645929 0.00142374
0 0 0.472538 0 0.332793 0.00141276
0 0.908639 0.967188 0.182721 0.0656234 0.00141172
0 0.000904725 0.851115 0.00180945 0.29777 0.00140611
0 0.984762 0.509853 0.0304752 0.249949 0.00139705
0 0.873121 0.965827 0.253759 0.0683467 0.00139679
0 0 0.572603 0 0.3328 0.00139102
0 0.483748 0.627721 0.296349 0.188426 0.00139009
0 0.726677 0.96836 0.252026 0.0632806 0.00138863
0 0.984641 0.559069 0.0307182 0.248828 0.00138449
0 0.985086 0.459933 0.0298286 0.248094 0.0013816
0 0.969126 0.930732 0.0617471 0.138535 0.00138105
0 0.153267 0.964732 0.202619 0.0705351 0.00138102
0 0.000107976 0.371111 0.000215952 0.336246 0.00137664
0 0.984722 0.608936 0.0305559 0.247898 0.00137547
0 0.232896 0.568077 0.252928 0.166437 0.00137502
0 0.984786 0.658826 0.0304283 0.247917 0.00137366
0 0.947581 0.971706 0.104838 0.0565887 0.00137298
0 0.651391 0.968195 0.246924 0.0636095 0.00137242
0 0 0.672998 0 0.334275 0.00137227
0 0.984826 0.709705 0.0303487 0.249273 0.00137076
0 0.984675 0.758746 0.0306505 0.251261 0.00136791
0 0.579907 0.967407 0.240837 0.0651869 0.00136787
0 0.985948 0.361445 0.0281032 0.238969 0.00136543
0 0.513087 0.966196 0.23139 0.0676073 0.00136384
0 0.986436 0.309961 0.0271281 0.232401 0.00135912
0 0.984818 0.804533 0.0303639 0.246177 0.00135294
0 0.986905 0.258484 0.0261908 0.235965 0.0013526
0 0.985495 0.412469 0.0290091 0.24555 0.00135243
0 0.0655003 0.969231 0.131001 0.0615374 0.00135128
0 0.989205 0.20863 0.0215894 0.231244 0.00134615
0 0.450551 0.965534 0.228961 0.0689329 0.00134441
0 0.610153 0.466161 0.264374 0.163447 0.00133941
0 0.382408 0.965184 0.223204 0.0696312 0.00133351
0 0.0156865 0.919387 0.031373 0.161227 0.00132959
0 0 0.271034 0 0.339592 0.00132565
0 0.613205 0.522002 0.268537 0.17091 0.00132563
0 0 0.0682179 0 0.136436 0.00132318
0 0.546828 0.580261 0.289614 0.185796 0.00132021
0 0.66558 0.522929 0.188785 0.122016 0.00130812
0 0.570708 0.641909 0.268042 0.182527 0.00129613
0 0 0.772561 0 0.335694 0.00128337
0 0.483296 0.610021 0.563278 0.209413 0.00128281
0 0.684694 0.81739 0.214997 0.155327 0.00128252
0 0.341693 0.460247 0.254063 0.180345 0.0012804
0 0.530738 0.701727 0.0297943 0.120446 0.00127157
0 0.00925856 0.0785631 0.0185171 0.157126 0.00126389
0 0.345351 0.677097 0.690702 0.228759 0.00126249
0 1 0.103549 0 0.19822 0.00126209
0 0.244041 0.510014 0.246587 0.166546 0.00125414
0 0.335095 0.939971 0.238029 0.120058 0.00125165
0 0.976584 0.809441 0.0468317 0.329155 0.0012464
0 0.993779 0.15662 0.012442 0.216507 0.00123973
0 0.383705 0.619781 0.29269 0.19729 0.00123793
0 0 0.175257 0 0.330528 0.00123607
0 1 0.0770592 0 0.154118 0.00123309
0 0.306012 0.619617 0.259867 0.179672 0.00122858
0 0.24174 0.616089 0.244295 0.172073 0.00122724
0 0.976737 0.560111 0.0465266 0.326381 0.00121678
0 0.817535 0.818373 0.245386 0.158078 0.00121653
0 0.405833 0.940075 0.229666 0.119851 0.00121532
0 0.97679 0.711384 0.0464201 0.328057 0.00121364
0 0.761822 0.468249 0.257778 0.160959 0.00120751
0 0.46017 0.415581 0.265606 0.158985 0.0012017
0 0.0786566 0.942426 0.157313 0.115148 0.00120102
0 0.540884 0.41506 0.26452 0.159915 0.00119536
0 0.503618 0.719389 0.253219 0.159529 0.00118995
0 0.245492 0.940979 0.25446 0.118041 0.00118889
0 0.684608 0.467424 0.261559 0.162812 0.00117819
0 0.977232 0.461396 0.0455357 0.325133 0.00117523
0 0.612006 0.753447 0.222642 0.221423 0.00117394
0 0.764214 0.522108 0.254103 0.160546 0.00116861
0 0.934921 0.0745993 0.130157 0.149199 0.001168
0 0.297612 0.457226 0.224444 0.179544 0.00116247
0 0.649258 0.70771 0.240428 0.150558 0.00115931
0 0.928469 0.717537 0.143061 0.162172 0.00114485
0 0.934445 0.115242 0.13111 0.161926 0.00113994
0 0.687235 0.920719 0.246642 0.158563 0.00113907
0 0.927766 0.767912 0.144468 0.162377 0.00113725
0 0.93121 0.166884 0.137581 0.160836 0.00113631
0 0.686905 0.522516 0.260618 0.166119 0.00113191
0 0.198863 0.919206 0.237598 0.161588 0.00113067
0 0.455079 0.534078 0.248824 0.103483 0.0011281
0 0.617687 0.920811 0.242941 0.158377 0.00112784
0 0.493476 0.676352 0.26589 0.169629 0.0011271
0 0.758961 0.920714 0.248046 0.158571 0.00112659
0 0.833473 0.920122 0.251119 0.159756 0.00112333
0 0.928471 0.818545 0.143058 0.161604 0.00112175
0 0.551395 0.920717 0.239302 0.158567 0.0011183
0 0.929504 0.871046 0.140992 0.164783 0.0011177
0 0.617292 0.415682 0.260835 0.159615 0.00111757
0 0.759173 0.871177 0.248168 0.15805 0.00111441
0 0.929639 0.668056 0.140723 0.162643 0.00111399
0 0.931073 0.519472 0.137853 0.160571 0.00111198
0 0.930755 0.468286 0.13849 0.16106 0.00111048
0 0.932376 0.315982 0.135248 0.158975 0.00110924
0 0.887605 0.76758 0.22479 0.163041 0.00110853
0 0.931313 0.417577 0.137374 0.161817 0.00110626
0 0.253447 0.668843 0.252063 0.163736 0.00110556
0 0.931036 0.217054 0.137928 0.160485 0.00110202
0 0.932167 0.36722 0.135667 0.159372 0.00110106
0 0.501749 0.765835 0.251055 0.173543 0.00110038
0 0.335108 0.767537 0.260427 0.162326 0.00109994
0 0.336187 0.81896 0.262417 0.163079 0.00109974
0 0.409149 0.81949 0.259544 0.163823 0.0010973
0 0.931468 0.266783 0.137063 0.160096 0.00109689
0 0.484286 0.919942 0.240138 0.160117 0.0010956
0 0.83188 0.468201 0.257067 0.162797 0.00109511
0 0.415145 0.918753 0.243428 0.162494 0.00109042
0 0.000832929 0.90398 0.00166586 0.19204 0.00109006
0 0.981218 0.208956 0.037565 0.309605 0.00108711
0 0.931867 0.570243 0.136267 0.159908 0.00108615
0 0.888611 0.818327 0.222778 0.163242 0.00108592
0 0.891083 0.918679 0.217834 0.162642 0.00108545
0 0.836148 0.871162 0.256506 0.163769 0.0010848
0 0.833073 0.520555 0.251607 0.16154 0.00108478
0 0.472761 0.939015 0.228667 0.12197 0.00108094
0 0.825808 0.626655 0.239615 0.172825 0.00107649
0 0.82771 0.936772 0.2398 0.126457 0.00107603
0 0.702819 0.0736181 0.247646 0.147236 0.00107474
0 0.344173 0.917307 0.246485 0.165386 0.00107443
0 0.890971 0.519441 0.218058 0.162035 0.00107313
0 0.889044 0.468177 0.221912 0.162871 0.00107292
0 0.327588 0.6726 0.259181 0.162118 0.00107285
0 0.931116 0.619535 0.137769 0.162211 0.00107127
0 0.25694 0.917103 0.260202 0.165795 0.00107099
0 0.7626 0.417149 0.25709 0.160703 0.00107056
0 0.0603148 0.0726513 0.12063 0.145303 0.00107032
0 0.691835 0.165691 0.263044 0.162802 0.00107022
0 0.978306 0.361495 0.0433871 0.322426 0.00106797
0 0.0877824 0.919863 0.175565 0.160273 0.00106604
0 0.928134 0.936155 0.143733 0.12769 0.00106603
0 0.413165 0.87228 0.259198 0.167224 0.00106594
0 0.00267419 0.965357 0.00534837 0.069286 0.00106049
0 0.683698 0.867346 0.23637 0.159749 0.00106044
0 0.75176 0.936403 0.233435 0.127195 0.00105962
0 0.40893 0.767787 0.255692 0.162818 0.00105954
0 0.890242 0.935094 0.219517 0.129812 0.00105769
0 0.677657 0.936307 0.231424 0.127386 0.00105764
0 0.259121 0.76758 0.258662 0.161749 0.00105748
0 0.890619 0.87099 0.218763 0.166805 0.0010568
0 0.929338 0.918131 0.141323 0.163737 0.0010566
0 0.605205 0.9371 0.22953 0.1258 0.00105374
0 0.340822 0.872266 0.263902 0.168513 0.00105319
0 0.619773 0.165481 0.261176 0.162666 0.00105275
0 0.537836 0.938155 0.226976 0.123689 0.00105226
0 0.76403 0.165741 0.261671 0.162231 0.00105155
0 0.96911 0.909124 0.0617801 0.181752 0.0010505
0 0.888396 0.165538 0.223209 0.16288 0.00104991
0 0.891564 0.620409 0.216872 0.165014 0.00104927
0 0.892932 0.57024 0.214136 0.161708 0.00104638
0 0.768714 0.764232 0.191668 0.165067 0.00104467
0 0.774211 0.0736229 0.247992 0.147246 0.00104429
0 0.844744 0.0736465 0.248438 0.147293 0.00104417
0 0.5505 0.365571 0.251358 0.159367 0.00104345
0 0.259762 0.819217 0.259652 0.16337 0.00104337
0 0.69731 0.115059 0.25311 0.162323 0.00104296
0 0.889209 0.667677 0.221581 0.165789 0.0010429
0 0.896082 0.0738012 0.207836 0.147602 0.00104233
0 0.334113 0.719221 0.258236 0.16252 0.00104142
0 0.630987 0.0736573 0.247107 0.147315 0.00104117
0 0.549492 0.16587 0.258145 0.161712 0.00104086
0 0.195343 0.873048 0.248598 0.162255 0.00104065
0 0.625768 0.581091 0.258964 0.163885 0.00103978
0 0.888597 0.417023 0.222805 0.163843 0.00103868
0 0.258839 0.718073 0.256456 0.162143 0.0010385
0 0.125058 0.0746494 0.249102 0.149299 0.00103827
0 0.25634 0.457984 0.237353 0.177816 0.00103749
0 0.192897 0.615048 0.246325 0.16481 0.00103719
0 0.259025 0.872523 0.262869 0.166723 0.00103676
0 0.888492 0.716168 0.223015 0.163194 0.00103641
0 0.494828 0.81762 0.259035 0.167998 0.00103627
0 0.186148 0.944126 0.217239 0.111748 0.00103538
0 0.408133 0.720264 0.254903 0.162444 0.00103372
0 0.688847 0.416474 0.259719 0.160793 0.00103338
0 0.402578 0.675588 0.265628 0.161143 0.00103009
0 0.889086 0.366438 0.221828 0.16199 0.00102937
0 0.475855 0.364386 0.241293 0.157718 0.00102847
0 0.832835 0.417166 0.25553 0.162083 0.00102834
0 0.0932769 0.325394 0.186554 0.156867 0.00102799
0 0.0957836 0.374742 0.191567 0.155071 0.00102793
0 0.560692 0.0734519 0.246064 0.146904 0.00102763
0 0.595716 0.663736 0.229647 0.245061 0.00102692
0 0.0934004 0.224964 0.186801 0.158279 0.00102662
0 0.101831 0.5757 0.203662 0.157039 0.00102577
0 0.892829 0.114854 0.214342 0.162491 0.00102472
0 0.833663 0.165803 0.260752 0.162018 0.00102453
0 0.0998997 0.524674 0.199799 0.15454 0.0010237
0 0.0965667 0.725438 0.193133 0.157244 0.00102326
0 0.625454 0.114788 0.251737 0.162234 0.00102279
0 0.478865 0.166163 0.252613 0.161788 0.00102267
0 0.0917303 0.275445 0.183461 0.157425 0.00102195
0 0.197569 0.513597 0.248357 0.161114 0.00102176
0 0.763446 0.216056 0.260969 0.163733 0.00102
0 0.0936631 0.775026 0.187326 0.157597 0.00101973
0 0.623292 0.365664 0.255548 0.160623 0.0010181
0 0.555138 0.114741 0.250497 0.161577 0.0010178
0 0.100006 0.6755 0.200012 0.156141 0.0010178
0 0.971632 0.0757855 0.0567369 0.151571 0.00101687
0 0.620313 0.215191 0.262278 0.16505 0.00101647
0 0.490081 0.0731174 0.245069 0.146235 0.00101624
0 0.101865 0.625012 0.203731 0.156958 0.0010158
0 0.768787 0.115105 0.253113 0.162354 0.00101529
0 0.479635 0.215157 0.253546 0.16327 0.00101408
0 0.692089 0.215585 0.26253 0.164819 0.00101398
0 0.191288 0.666732 0.246239 0.162519 0.00101315
0 0.341318 0.165487 0.249832 0.162669 0.00101279
0 0.40918 0.165883 0.249261 0.16255 0.00101123
0 0.192125 0.81898 0.244118 0.16077 0.00101039
0 0.549973 0.215072 0.258585 0.163943 0.00100961
0 0.764867 0.366168 0.253311 0.161041 0.00100959
0 0.889475 0.314944 0.22105 0.161216 0.00100955
0 0.093581 0.827339 0.187162 0.159743 0.00100932
0 0.336209 0.0646059 0.24912 0.129212 0.00100816
0 0.0936054 0.882188 0.187211 0.171474 0.00100754
0 0.887735 0.215904 0.224529 0.162844 0.00100716
0 0.406323 0.0646321 0.248585 0.129264 0.00100715
0 0.100831 0.427151 0.201663 0.156472 0.00100705
0 0.0984436 0.474683 0.196887 0.156414 0.00100533
0 0.484305 0.114589 0.246644 0.161206 0.00100362
0 0.0983727 0.173628 0.196745 0.158243 0.0010023
0 0.834299 0.366308 0.250992 0.160543 0.00100123
0 0.6067 0.711182 0.19041 0.137595 0.965763
0 0.999775 0.113135 0.000449527 0.22627 0.370448
0 0.0339255 0.124802 0.0678509 0.249605 0.236129
0 0.87562 0.0762325 0.248759 0.152465 0.179541
0 0.0115042 0.101693 0.0230084 0.203387 0.153542
0 0.66957 0.267564 0.191353 0.194156 0.112712
0 0.998732 0.887783 0.0025362 0.224434 0.0714429
0 0.295218 0.653845 0.267656 0.146404 0.0637092
0 0.670337 0.556088 0.197544 0.182557 0.0599742
0 0.849002 0.594792 0.301996 0.257087 0.0469284
0 0.84669 0.693294 0.30662 0.227626 0.03989
0 0.0362242 0.887331 0.0724485 0.225339 0.0219194
0 0.999329 0.163009 0.00134277 0.276005 0.0184749
0 0.85526 0.876034 0.289479 0.246088 0.0149774
0 0.358934 0.66401 0.343352 0.167335 0.0109804
0 0.87595 0.559596 0.248099 0.190705 0.0088007
0 0.0406941 0.162775 0.0813883 0.275187 0.0087979
0 0.168581 0.887987 0.319363 0.221959 0.00807425
0 0.997675 0.217479 0.00464974 0.281629 0.00763398
0 0.997668 0.267533 0.0046646 0.281442 0.00723272
0 0.997659 0.317573 0.00468107 0.281438 0.00706448
0 0.699508 0.568848 0.245466 0.202723 0.00705761
0 0.997559 0.567655 0.00488241 0.281171 0.00692915
0 0.997627 0.367467 0.00474535 0.281398 0.00692496
0 0.99753 0.517646 0.00494074 0.281213 0.00688117
0 0.997518 0.467578 0.00496356 0.281302 0.00685606
0 0.997601 0.617599 0.00479855 0.281216 0.00685375
0 0.997565 0.417518 0.00486917 0.281414 0.00677826
0 0.997655 0.717609 0.00469052 0.281224 0.00672075
0 0.997635 0.667574 0.00472914 0.281259 0.00671733
0 0.997674 0.767492 0.00465136 0.281257 0.00661966
0 0.997686 0.817899 0.00462733 0.281968 0.00642928
0 0.116411 0.0823402 0.215798 0.160833 0.00639754
0 0.427959 0.293943 0.305171 0.253792 0.00598492
0 0.463391 0.276867 0.229593 0.217587 0.00494118
0 0.837634 0.833313 0.319529 0.29665 0.00464325
0 0.83276 0.789234 0.334481 0.279757 0.00373005
0 0.958663 0.954031 0.0826735 0.0897955 0.00365106
0 0.838833 0.743005 0.322334 0.27795 0.00354833
0 0.351695 0.885343 0.355098 0.214069 0.00352296
0 0.999635 0.0696649 0.000729721 0.13933 0.00345513
0 0.0666331 0.514153 0.129046 0.229077 0.003084
0 0.99584 0.867938 0.0083205 0.264124 0.0029885
0 1 0.956858 0 0.0862846 0.00273642
0 0.848263 0.648469 0.303474 0.17449 0.00271965
0 0.418362 0.752258 0.31164 0.239575 0.0026518
0 0.388761 0.721428 0.330599 0.254249 0.00256938
0 0.707579 0.536283 0.243372 0.136949 0.00252421
0 1 0.889678 0 0.220643 0.00243024
0 1 0.128173 0 0.256346 0.00233865
0 0.0678031 0.228755 0.129316 0.244231 0.00229338
0 0.997107 0.700273 0.00578511 0.341405 0.00228148
0 0.996612 0.810338 0.00677517 0.364167 0.00221104
0 0.996844 0.603214 0.00631106 0.348009 0.00219134
0 0.436274 0.349397 0.290283 0.209549 0.00217378
0 0.996515 0.304329 0.00696962 0.348363 0.00216191
0 0.267024 0.0792394 0.224084 0.157721 0.00211047
0 0.996575 0.505723 0.00685079 0.352031 0.00206164
0 0.93153 0.171137 0.13694 0.342275 0.00205138
0 0.0701092 0.838672 0.140218 0.322656 0.00202296
0 0.996555 0.405362 0.00688914 0.351307 0.00200768
0 0.881044 0.203609 0.237911 0.407218 0.00199452
0 0.151051 0.66244 0.283026 0.165172 0.00198798
0 0.995918 0.198877 0.0081644 0.350363 0.0019653
0 0.966921 0.128161 0.0661581 0.256322 0.00195954
0 0.991598 0.155154 0.0168041 0.310308 0.00193524
0 1 0.976871 0 0.0462578 0.00187091
0 0.878053 0.292307 0.243893 0.430691 0.00186312
0 0.426896 0.864515 0.358346 0.247544 0.00181177
0 0.865057 0.438634 0.269886 0.446879 0.00178795
0 0.999082 0.0778382 0.00183578 0.155676 0.00178578
0 1 0.912142 0 0.175717 0.00177209
0 1 0.904507 0 0.190987 0.00176317
0 0.845999 0.644114 0.299647 0.284199 0.0017373
0 0.29299 0.88812 0.331535 0.212201 0.00173275
0 0.903441 0.0804229 0.193119 0.160846 0.00171432
0 0.953558 0.460544 0.0928847 0.371342 0.00170978
0 0.037562 0.212545 0.0751241 0.27438 0.00169352
0 0.97529 0.260577 0.0494209 0.367942 0.00169318
0 0.96432 0.36187 0.0713598 0.36897 0.0016596
0 0.0373499 0.688082 0.0746998 0.275377 0.00165027
0 0.819488 0.959852 0.345943 0.0802959 0.00161944
0 0.0429349 0.953433 0.0858698 0.0931334 0.00161461
0 0.0594233 0.0772142 0.118847 0.154428 0.00157926
0 0.963124 0.078835 0.0737514 0.15767 0.00155183
0 0.88324 0.494224 0.23352 0.400468 0.00154
0 0.0367171 0.638115 0.0734342 0.275211 0.00151528
0 0.0358507 0.8393 0.0717015 0.276992 0.00151327
0 0.994864 0.0973311 0.0102725 0.194662 0.0015128
0 0.0735914 0.775183 0.147183 0.414476 0.00151119
0 0.82129 0.086856 0.35742 0.173712 0.00149088
0 0.0748756 0.575997 0.149751 0.416037 0.00147778
0 0.20668 0.653659 0.354076 0.146949 0.0014446
0 0.0689096 0.182381 0.137819 0.364762 0.00143726
0 0.320224 0.467727 0.640447 0.449611 0.00143332
0 0.225961 0.951287 0.326595 0.0974255 0.00142461
0 0.0763601 0.675285 0.15272 0.414909 0.00142355
0 0.432206 0.254293 0.298939 0.174965 0.00140639
0 0.803297 0.496598 0.393406 0.447091 0.00140499
0 0.977765 0.559527 0.0444695 0.344618 0.00139103
0 0.075058 0.476192 0.150116 0.417845 0.00139099
0 0.347273 0.335528 0.468024 0.382437 0.00138742
0 0.875457 0.962152 0.248743 0.0756956 0.00138528
0 0.0752172 0.378701 0.150434 0.42643 0.00138105
0 0.0372847 0.737873 0.0745694 0.275291 0.00137798
0 0.313094 0.950675 0.324773 0.0986494 0.00136802
0 0.0313563 0.978186 0.0627126 0.0436275 0.00136125
0 0.337375 0.45813 0.501559 0.366614 0.00135785
0 0.0763966 0.963866 0.152793 0.0722685 0.0013568
0 0.0770591 0.287729 0.154118 0.441733 0.00135483
0 0.708776 0.540386 0.582448 0.464734 0.0013529
0 1 0.169661 0 0.277474 0.00134555
0 0.455834 0.941156 0.344901 0.117689 0.00134115
0 0.413611 0.645614 0.627144 0.422403 0.00133744
0 0.838443 0.934897 0.323114 0.130206 0.00133266
0 0.723382 0.850969 0.396687 0.275937 0.00133235
0 0.503802 0.735899 0.410177 0.338413 0.00133101
0 0.767555 0.455041 0.464891 0.517534 0.00132898
0 0.394813 0.278458 0.789626 0.556917 0.00131853
0 0.359677 0.39617 0.412349 0.273359 0.00131559
0 0.820951 0.543176 0.358098 0.36826 0.00131265
0 0.385351 0.947305 0.321239 0.105391 0.00129507
0 0.851529 0.459255 0.296943 0.178028 0.00127282
0 0.565548 0.754045 0.293085 0.246324 0.00127055
0 0.777941 0.207406 0.444118 0.414813 0.00126985
0 0.409701 0.448239 0.439194 0.364447 0.00126248
0 0.996525 0.949484 0.00695018 0.101033 0.00125891
0 0 0.068309 0 0.136618 0.00125744
0 0.988656 0.961478 0.0226881 0.0770439 0.00125635
0 0 0.891853 0 0.200126 0.00125536
0 0.133722 0.197605 0.267445 0.395209 0.00125301
0 0.377132 0.523024 0.754264 0.525558 0.00124894
0 0.528354 0.939732 0.352442 0.120536 0.00124471
0 0.414123 0.372009 0.335474 0.283945 0.00123781
0 0.637935 0.748679 0.276921 0.238085 0.00123006
0 0.128231 0.960536 0.256462 0.0789282 0.00122404
0 0 0.21427 0 0.156629 0.00121902
0 0.618862 0.370486 0.619028 0.489875 0.00121624
0 0.985455 0.661597 0.0290905 0.319038 0.00120621
0 0.180917 0.748788 0.347362 0.243719 0.00120165
0 0.602776 0.945496 0.336302 0.109008 0.00119046
0 0.793697 0.1254 0.412606 0.2508 0.0011877
0 0.83179 0.387573 0.33642 0.23554 0.00118083
0 0.782058 0.314112 0.435885 0.49889 0.00117993
0 0 0.820793 0 0.155734 0.00117683
0 0.616305 0.728949 0.177579 0.0932301 0.00117529
0 0.172234 0.953255 0.291903 0.0934896 0.00117504
0 0.870884 0.335834 0.258233 0.132065 0.00117278
0 0.703339 0.388685 0.258333 0.250277 0.00117205
0 0.887755 0.391522 0.22449 0.223082 0.00117021
0 0 0.269852 0 0.15911 0.00115724
0 0 0.321474 0 0.161954 0.00115584
0 0.0315775 0.262292 0.0631551 0.273959 0.00114687
0 0.0251371 0.437467 0.0502742 0.273605 0.0011467
0 0.879387 0.269527 0.241227 0.220861 0.00114135
0 0.677914 0.448262 0.204357 0.131979 0.00114132
0 0.134051 0.287802 0.268102 0.436678 0.00113965
0 0.219829 0.207625 0.439659 0.415251 0.00113556
0 0.874718 0.902126 0.250563 0.193642 0.00113285
0 0.569258 0.122168 0.564273 0.244336 0.00113166
0 0.615231 0.583582 0.621952 0.405948 0.00113029
0 0.320917 0.351712 0.641835 0.44739 0.00112588
0 0.285994 0.414253 0.571988 0.363275 0.00112562
0 0.0679928 0.272482 0.130369 0.246325 0.00112432
0 0.456636 0.402753 0.243041 0.0923168 0.00112392
0 0.676513 0.950508 0.310654 0.0989833 0.0011233
0 0 0.153929 0 0.167449 0.00112286
0 0.511975 0.600553 0.910514 0.544414 0.00112129
0 0 0.371649 0 0.162882 0.00112116
0 0.0346245 0.58768 0.069249 0.274624 0.00111843
0 0 0.421626 0 0.162944 0.00111295
0 0 0.471253 0 0.162318 0.00111284
0 0.0259791 0.387444 0.0519582 0.273642 0.00111129
0 0 0.521079 0 0.161833 0.00111101
0 0.670124 0.542117 0.659751 0.53848 0.00110724
0 0.0354766 0.787802 0.0709532 0.27523 0.00110645
0 0 0.571028 0 0.161654 0.00110556
0 0.617137 0.226048 0.765726 0.452095 0.00110316
0 0 0.620888 0 0.1615 0.00110092
0 0.131843 0.676789 0.263686 0.413888 0.00110015
0 0.0274128 0.0721816 0.0548255 0.144363 0.0010979
0 0 0.671437 0 0.161936 0.00109748
0 0.763507 0.956456 0.301385 0.087089 0.0010944
0 0.115596 0.0867509 0.231192 0.173502 0.00109155
0 0 0.722551 0 0.162776 0.00109033
0 0.79219 0.156489 0.41562 0.312978 0.00108788
0 0 0.772092 0 0.158887 0.0010824
0 0 0.938907 0 0.122185 0.00108151
0 0.579743 0.318392 0.453199 0.391291 0.0010815
0 0.980453 0.979943 0.0390949 0.0401138 0.00107847
0 0.0947447 0.883961 0.189489 0.232078 0.00107094
0 0.125879 0.580136 0.251759 0.419116 0.00106541
0 0.119621 0.376462 0.239242 0.418199 0.00106464
0 1 0.8792 0 0.2416 0.00106197
0 0.0282394 0.337478 0.0564788 0.273837 0.00106049
0 0.848474 0.247813 0.303051 0.186983 0.00105693
0 0.701725 0.118785 0.53436 0.237571 0.00105542
0 0.0476318 0.22206 0.0952636 0.388788 0.00104966
0 0.535334 0.736591 0.373085 0.200807 0.0010455
0 0.425616 0.119422 0.551792 0.238844 0.00104505
0 0.997629 0.968838 0.00474265 0.062324 0.00104435
0 0.0264524 0.487357 0.0529048 0.27386 0.00104308
0 0.412225 0.290948 0.520513 0.461849 0.00103485
0 0.518843 0.416292 0.117751 0.0753138 0.00103146
0 0.287268 0.468823 0.574535 0.592552 0.00102813
0 0.951453 0.935046 0.0970937 0.129908 0.00102334
0 0.490045 0.477213 0.587135 0.46968 0.0010212
0 1 0.80674 0 0.249077 0.00101983
0 0.130279 0.779083 0.260558 0.412179 0.00101851
0 1 0.731587 0 0.249423 0.00101425
0 1 0.331595 0 0.250022 0.00101275
0 1 0.381534 0 0.250098 0.00101101
0 1 0.431432 0 0.250033 0.00101051
0 0.170191 0.834728 0.340383 0.330545 0.00100737
0 1 0.681714 0 0.249319 0.00100719
0 0.596027 0.657376 0.24001 0.25189 0.00100664
0 1 0.281821 0 0.249694 0.00100598
0 0.296206 0.286305 0.592412 0.57261 0.0010055
0 0.123497 0.479086 0.246994 0.419986 0.00100207
0 0.609171 0.70768 0.187296 0.132975 0.934119
0 0.999458 0.114378 0.0010831 0.228757 0.00857219
0 0.00464726 0.0961833 0.00929453 0.192367 0.00594291
0 0.218393 0.81291 0.156347 0.135516 0.00462037
0 0.242509 0.485256 0.219182 0.199913 0.00245967
0 0.617152 0.649829 0.185311 0.0219296 0.0023458
0 0.670292 0.493412 0.19171 0.191723 0.00222034
0 0.87821 0.50033 0.243579 0.186747 0.00178252
0 1 0.969748 0 0.0605049 0.00161345
0 0.0711304 0.207146 0.134943 0.0993607 0.00143977
0 0.995299 0.87226 0.00940184 0.255481 0.0014392
0 0.998713 0.802936 0.00257401 0.33354 0.0013883
0 0.998876 0.39598 0.00224736 0.331596 0.00138616
0 0.998811 0.73706 0.00237875 0.301867 0.00137908
0 1 0.980798 0 0.038404 0.00137051
0 0.999488 0.493266 0.00102396 0.31464 0.00136632
0 0.838229 0.890455 0.323541 0.219089 0.00136112
0 0.922416 0.85689 0.155169 0.286219 0.00135319
0 0.997167 0.895105 0.00566641 0.209791 0.0013522
0 0.713194 0.693578 0.357978 0.239162 0.00134202
0 0.0714778 0.269607 0.136029 0.103137 0.00133214
0 0.99803 0.0758356 0.00393974 0.151671 0.00132293
0 0.565758 0.731392 0.278312 0.210773 0.00132052
0 0.999256 0.592142 0.00148834 0.307703 0.00132016
0 0.997761 0.301705 0.00447771 0.344765 0.00130457
0 0.0747806 0.842722 0.142219 0.100581 0.00128137
0 0.957008 0.42828 0.085984 0.313574 0.00125516
0 0.903749 0.801977 0.192503 0.391082 0.00125067
0 0.991076 0.795733 0.0178481 0.207574 0.00124164
0 0.992191 0.700293 0.0156177 0.203175 0.00123515
0 0.997176 0.201968 0.00564818 0.350926 0.00123177
0 0.939963 0.67011 0.120075 0.305571 0.00122973
0 0.992215 0.65108 0.0155699 0.201941 0.00122728
0 0.990325 0.554752 0.0193503 0.213037 0.00122676
0 0.991863 0.602638 0.016273 0.20377 0.00122349
0 0.983585 0.503719 0.0328304 0.23716 0.00122101
0 0.991736 0.748734 0.0165273 0.207333 0.00122065
0 0.997543 0.254823 0.00491468 0.32093 0.00121085
0 0.0745033 0.780669 0.141936 0.0993425 0.00120737
0 0.991346 0.864083 0.0173072 0.227948 0.00120371
0 0.954245 0.882956 0.0915101 0.234089 0.00119492
0 0.997658 0.352751 0.00468485 0.315912 0.00118922
0 0.0716305 0.294368 0.135288 0.1019 0.00118728
0 0.921299 0.358147 0.157402 0.374396 0.00118515
0 0.821878 0.380532 0.356245 0.526845 0.00118341
0 0.996695 0.152831 0.00661016 0.305662 0.00116315
0 0.850861 0.426706 0.298279 0.480697 0.00115799
0 0.934738 0.563731 0.130524 0.323624 0.00115752
0 0.0362307 0.327189 0.0724615 0.205129 0.00115412
0 0.0716298 0.332007 0.135074 0.101766 0.00115081
0 0.549082 0.807915 0.480899 0.384169 0.00114314
0 0.0582429 0.830031 0.116486 0.183409 0.0011429
0 0.907632 0.490512 0.184735 0.399327 0.00113598
0 0.0378087 0.375767 0.0756174 0.202886 0.00113191
0 0.341258 0.313791 0.682517 0.559974 0.00112843
0 0.997761 0.451922 0.00447879 0.305517 0.00111902
0 0.24209 0.534059 0.220706 0.0989038 0.00111501
0 0.427724 0.781171 0.556602 0.409378 0.00111309
0 0.492609 0.782867 0.747047 0.434267 0.00110985
0 0.997747 0.651624 0.0045062 0.295111 0.00109984
0 0.837729 0.857018 0.324542 0.285963 0.00109902
0 0.489461 0.235857 0.377691 0.26974 0.00109859
0 0.997787 0.552457 0.00442613 0.296956 0.0010934
0 0.787639 0.80374 0.424721 0.39252 0.00109121
0 0.591701 0.35915 0.816598 0.591361 0.00109002
0 0.305593 0.230891 0.611186 0.461783 0.00108723
0 0.0395317 0.427866 0.0790633 0.201078 0.00108599
0 0.0350175 0.28095 0.070035 0.214896 0.00108506
0 0 0.163097 0 0.197554 0.00107912
0 0.0636927 0.779258 0.127385 0.183997 0.00106447
0 0.00943922 0.146844 0.0188784 0.287083 0.00106175
0 0.0479052 0.526039 0.0958104 0.199111 0.00106153
0 0.0430234 0.477775 0.0860467 0.200646 0.00105986
0 0.0713007 0.245388 0.136372 0.101643 0.00105106
0 0.0341679 0.815031 0.0683358 0.229009 0.00103987
0 0.054678 0.577241 0.109356 0.197418 0.00103967
0 0.229092 0.450444 0.194635 0.131019 0.00103468
0 0.0680322 0.725957 0.136064 0.185937 0.00103281
0 0.757921 0.460266 0.484158 0.580963 0.00102993
0 0.658605 0.407394 0.68279 0.602272 0.00102475
0 0.0764396 0.817667 0.14638 0.0954399 0.00102309
0 0.0456412 0.891893 0.0912825 0.216214 0.00102267
0 0.467058 0.464321 0.880495 0.590554 0.00101866
0 0.0293678 0.713003 0.0587357 0.240764 0.00101543
0 0.0308085 0.665131 0.0616171 0.244973 0.0010093
0 0.0657282 0.68086 0.131456 0.192558 0.00100883
0 0.0596064 0.628388 0.119213 0.193842 0.00100435
0 0.641317 0.240976 0.717365 0.481952 0.00100398
0 0.0713943 0.470135 0.134731 0.101875 0.00100396
0 0.904637 0.0922677 0.190727 0.184535 0.00100389
0 0.022072 0.209132 0.0441439 0.285423 0.00100189
0 0.609873 0.708397 0.187355 0.134854 0.901115
0 1 0.0995312 0 0.199062 0.0155175
0 0.00320306 0.0891226 0.00640613 0.178245 0.00643536
0 0.613533 0.649641 0.17615 0.0181326 0.0056889
0 0.672425 0.28174 0.185733 0.197172 0.00476549
0 0.999307 0.918925 0.00138571 0.162151 0.00231977
0 0.00306493 0.0508298 0.00612986 0.10166 0.00202157
0 1 0.968732 0 0.0625351 0.00193732
0 0.350517 0.22864 0.100929 0.0514877 0.00177385
0 0.406911 0.309241 0.121676 0.0444724 0.00156054
0 0.155665 0.894906 0.304811 0.210187 0.00154323
0 0.675162 0.309667 0.176718 0.133118 0.00142702
0 0.104535 0.773922 0.209071 0.224105 0.00141889
0 0.103739 0.720312 0.207478 0.218113 0.00141726
0 1 0.981774 0 0.0364525 0.00139137
0 0.798729 0.0876084 0.114406 0.0591145 0.00138385
0 0.103605 0.668126 0.20721 0.214965 0.00135561
0 0.103324 0.619221 0.206647 0.218652 0.00126929
0 0.0903409 1 0.180682 0 0.00125176
0 0.102754 0.56836 0.205508 0.217929 0.00117118
0 0 0.919044 0 0.161912 0.00116459
0 0.102684 0.855767 0.205369 0.288466 0.00115722
0 0.101872 0.517902 0.203744 0.217321 0.00110701
0 1 0.933975 0 0.13205 0.00109222
0 0.676088 0.519505 0.176562 0.0916597 0.00109162
0 0.1007 0.467917 0.2014 0.216577 0.00108566
0 0.0994208 0.417237 0.198842 0.213046 0.00107754
0 0.0710172 0.27916 0.142034 0.242295 0.00107168
0 0.0624914 0.2296 0.124983 0.22269 0.00105958
0 0.0973912 0.366907 0.194782 0.209287 0.00105134
0 0.0768889 0.246621 0.153778 0.214368 0.00102731
0 0.991527 0.8584 0.0169454 0.2832 0.00102575
0 0.9919 0.805128 0.0162 0.323683 0.00101947
0 0 0.016265 0 0.0325301 0.0010091
0 0.653484 0.646775 0.0808119 0.016776 0.00100823
0 0.997698 0.97822 0.00460329 0.0435595 0.00100453
0 0.608998 0.709965 0.187187 0.135842 0.953347
0 1 0.0984409 0 0.196882 0.0630104
0 0.999421 0.928878 0.00115818 0.142244 0.0115862
0 0 0.0559366 0 0.111873 0.0066289
0 0 0.96444 0 0.0711195 0.00480755
0 0 0.468861 0 0.12612 0.00476674
0 0 0.493857 0 0.126141 0.00474574
0 0 0.518861 0 0.126111 0.0047419
0 0 0.54386 0 0.126111 0.00473991
0 0 0.568861 0 0.12611 0.00473501
0 0 0.59387 0 0.126143 0.00472323
0 0 0.443885 0 0.126297 0.00470775
0 0 0.631519 0 0.126578 0.00468965
0 0 0.418941 0 0.126526 0.00458111
0 0 0.656464 0 0.126621 0.00439291
0 0 0.681645 0 0.127297 0.00401601
0 0 0.394036 0 0.127093 0.00399276
0 0 0.706718 0 0.127504 0.00392343
0 0 0.369097 0 0.127365 0.00387074
0 0 0.732293 0 0.129241 0.00384848
0 1 0.960105 0 0.0797897 0.00368856
0 0 0.344254 0 0.128119 0.00351202
0 0 0.319335 0 0.128393 0.003462
0 0 0.0739344 0 0.147869 0.00342345
0 0 0.952796 0 0.0944078 0.00332927
0 1 0.0423013 0 0.0846025 0.00331207
0 0 0.757312 0 0.130039 0.00322581
0 1 0.0853279 0 0.170656 0.00316724
0 0 0.29454 0 0.129314 0.00311836
0 1 0.114116 0 0.228232 0.00306345
0 0 0.965091 0 0.0698179 0.00301627
0 0 0.26967 0 0.129791 0.00287696
0 0 0.317577 0 0.221249 0.00281901
0 0 0.266312 0 0.224246 0.00255465
0 1 0.0331298 0 0.0662595 0.00244527
0 0 0.783059 0 0.132835 0.00243971
0 0.999774 0.958199 0.000452902 0.0836029 0.00241645
0 0 0.808227 0 0.13326 0.00230234
0 1 0.963439 0 0.073122 0.00220277
0 0 0.0503255 0 0.100651 0.00218066
0 0 0.83415 0 0.136165 0.00216073
0 0 0.924287 0 0.151425 0.00212118
0 0 0.244924 0 0.130647 0.00212053
0 0 0.182628 0 0.130942 0.00210498
0 0 0.971272 0 0.057456 0.00209774
0 0 0.96032 0 0.0793592 0.00202507
0 0 0.219875 0 0.13066 0.00201345
0 1 0.0308024 0 0.0616048 0.00195734
0 0 0.216976 0 0.222963 0.00195507
0 0 0.366337 0 0.223585 0.00193974
0 0.900757 0.999562 0.198485 0.000876617 0.0019324
0 0 0.0158868 0 0.0317736 0.00185931
0 0 0.291943 0 0.211512 0.00178776
0 0 0.859508 0 0.137852 0.00178645
0 0 0.977188 0 0.0456229 0.00174404
0 0 0.961254 0 0.077492 0.00170352
0 0.999521 0.0132272 0.000957793 0.0264544 0.00165135
0 0 0.158147 0 0.133985 0.00163999
0 0 0.342028 0 0.211212 0.0016266
0 0 0.416332 0 0.223199 0.00159244
0 0 0.466431 0 0.222922 0.00154805
0 0.627327 0.770343 0.402966 0.197562 0.00151711
0 0.646114 0.721009 0.12058 0.112876 0.00148096
0 0 0.914452 0 0.171097 0.00145669
0 0 0.515979 0 0.223806 0.00145452
0 0.0730316 0.484559 0.146063 0.268768 0.00142762
0 0 0.391493 0 0.212249 0.00142747
0 0 0.566027 0 0.223694 0.00142504
0 0 0.0287615 0 0.0575231 0.0014237
0 0 0.641008 0 0.223647 0.00141891
0 0 0.691057 0 0.223923 0.00141778
0 0.0730348 0.537574 0.14607 0.274802 0.00141408
0 0.0730269 0.429205 0.146054 0.258035 0.0014058
0 0.0730183 0.372392 0.146037 0.244334 0.00140177
0 0 0.241391 0 0.212361 0.00140117
0 0 0.740739 0 0.224036 0.00138343
0 0.0729972 0.314709 0.145994 0.228801 0.00136621
0 0.0727968 0.205601 0.145594 0.209388 0.00135353
0 0.0730387 0.59018 0.146077 0.280008 0.00134098
0 0.0575241 0.0792261 0.115048 0.158452 0.00133706
0 0 0.163899 0 0.216676 0.00133704
0 0.00913218 0.946911 0.0182644 0.106178 0.00133703
0 0 0.790906 0 0.224503 0.00133425
0 0.0729444 0.259143 0.145889 0.217297 0.00132758
0 0.665607 0.999574 0.268275 0.000851727 0.00132033
0 0.0661165 0.109906 0.132233 0.219812 0.0013201
0 0 0.441073 0 0.212744 0.00131947
0 1 0.286685 0 0.211378 0.0013174
0 0 0.133571 0 0.135273 0.00129441
0 0 0.540637 0 0.213405 0.00129416
0 0 0.885344 0 0.140986 0.001291
0 0 0.590546 0 0.213665 0.00128271
0 0 0.490974 0 0.212775 0.00128009
0 0.753438 0.999635 0.26889 0.000729466 0.00127719
0 0 0.665469 0 0.213399 0.00126975
0 0.0704634 0.107455 0.140927 0.198531 0.00126049
0 0.0730466 0.646767 0.146093 0.293175 0.00125226
0 0.0723223 0.154247 0.144645 0.204518 0.0012504
0 0 0.840051 0 0.214615 0.00124982
0 0.594615 0.999443 0.268667 0.00111332 0.00122182
0 1 0.204126 0 0.212473 0.00121966
0 0 0.765524 0 0.213204 0.00119968
0 0.523911 0.999465 0.269046 0.00107002 0.00119785
0 0 0.910425 0 0.141115 0.00119518
0 1 0.338133 0 0.209591 0.00119432
0 0.382153 0.999479 0.269342 0.00104256 0.00118835
0 0.470543 0.9995 0.269194 0.00100021 0.00116261
0 0.686413 0.288283 0.202067 0.187534 0.0011445
0 0 0.714943 0 0.214199 0.00114204
0 0 0.091883 0 0.183766 0.00111772
0 0 0.890404 0 0.215122 0.00110365
0 0 0.932202 0 0.135596 0.00108845
0 0.217867 0.732917 0.435735 0.222038 0.0010844
0 0.310877 0.999508 0.270424 0.000984097 0.00106503
0 0.99641 0.978838 0.00718 0.0423244 0.00106246
0 0.0730655 0.708211 0.146131 0.316056 0.00105527
0 0.218867 0.676014 0.437733 0.204083 0.0010422
0 0.871304 0.999571 0.257391 0.000857067 0.00103817
0 0.0457207 0.949349 0.0914415 0.101302 0.00102555
0 0.60978 0.70859 0.188399 0.133413 0.928174
0 0.698881 0.80067 0.426906 0.267624 0.00105145
0 0.6107 0.707622 0.189688 0.131236 0.959084
0 0.551643 0.71251 0.0705118 0.104234 0.00340859
0 1 0.898781 0 0.202437 0.0018491
0 1 0.934604 0 0.130792 0.00169987
0 0.543169 0.704675 0.0526887 0.11803 0.00143898
0 0.39667 0.477298 0.367786 0.212267 0.00143246
0 0.149059 0.594227 0.298118 0.217423 0.00102599
0 0.794327 0.333522 0.251324 0.238234 0.00100912
0 0.607212 0.706006 0.18646 0.129745 0.938981
0 0.614082 0.650167 0.0919388 0.017915 0.00200626
0 0.685359 0.707822 0.0347428 0.119348 0.00145848
0 0.669409 0.764318 0.246232 0.191184 0.00125524
0 1 0.0285646 0 0.0571293 0.00106437
0 0.608794 0.707341 0.185784 0.133687 0.936746
0 0.608301 0.7077 0.184581 0.132168 0.974526
0 1 0.086212 0 0.172424 0.0040399
0 0.00339506 0.0542635 0.00679013 0.108527 0.00231697
0 0 0.0458814 0 0.0917628 0.00150549
0 0.607333 0.708947 0.188455 0.13229 0.90159
0 0.60991 0.708878 0.187696 0.135061 0.897207
0 0.483687 0.257782 0.192176 0.140453 0.00291106
0 0.78939 0.134089 0.138429 0.0739296 0.0023822
0 0.487082 0.232406 0.187298 0.107952 0.00183947
0 0.926418 0.122202 0.147164 0.094913 0.00172109
0 0.67077 0.238329 0.186316 0.116761 0.00141418
0 0.609438 0.710936 0.190537 0.137024 0.909761
0 0.186055 0.581734 0.126508 0.0829678 0.00688137
0 0.956862 0.331238 0.0837845 0.0994416 0.00364701
0 0.957519 0.230322 0.084386 0.0986415 0.00338825
0 0.956485 0.554581 0.0812043 0.146988 0.00303134
0 0.957493 0.256567 0.0840395 0.0957443 0.00302392
0 0.956926 0.35562 0.0839628 0.0970549 0.00280089
0 0.957157 0.293227 0.0836679 0.0969206 0.00247681
0 0.95708 0.554758 0.0836144 0.0974415 0.00225229
0 0.95654 0.207324 0.0841513 0.0982134 0.00216266
0 0.253112 0.53404 0.121228 0.081233 0.00164578
0 0.956959 0.429115 0.0832482 0.0972698 0.00145293
0 0.167323 0.522216 0.0793341 0.0689741 0.0012773
0 0.956566 0.405885 0.083683 0.0985435 0.00127688
0 0.955779 0.229213 0.0818346 0.139708 0.00125257
0 0.955761 0.253469 0.0815565 0.135054 0.00113104
0 0.955729 0.307282 0.0817377 0.134973 0.00109698
0 0.361344 0.542218 0.0691199 0.0603156 0.00100263
0 0.608051 0.707859 0.188803 0.135847 0.908853
0 0.609988 0.708631 0.190652 0.132822 0.956187
0 0.609136 0.708802 0.185003 0.135438 0.964722
0 0.608846 0.707568 0.187459 0.134711 0.937722
0 0.00407661 0.0747873 0.00815322 0.149575 0.0017436
0 0.608751 0.708792 0.18918 0.134782 0.919089
0 0.592472 0.785477 0.0958545 0.0317505 0.00500406
0 0.609531 0.707771 0.186603 0.133519 0.938824
0 0.916241 1 0.167518 0 0.00301566
0 0.880583 1 0.238833 0 0.00270034
0 0.248436 1 0.250761 0 0.00255597
0 0.142652 1 0.248416 0 0.00227942
0 0.83258 1 0.248326 0 0.00217893
0 0.779054 1 0.248577 0 0.00213517
0 0.29955 1 0.248669 0 0.00211951
0 0.672748 1 0.249039 0 0.0021194
0 0.408932 1 0.246226 0 0.00207579
0 0.531205 1 0.248019 0 0.0020575
0 0.195163 1 0.250574 0 0.00203812
0 0.72573 1 0.249521 0 0.00192159
0 0.584219 1 0.248705 0 0.00191041
0 0.460277 1 0.249586 0 0.00174709
0 1 0.89844 0 0.20312 0.00167847
0 0.354801 1 0.245403 0 0.00164918
0 0.106517 1 0.213033 0 0.00120509
0 1 0.931809 0 0.136382 0.00104515
0 0.0800153 1 0.160031 0 0.00104208
0 0.609349 0.708011 0.189427 0.136638 0.934014
0 0.609262 0.708498 0.190383 0.133438 0.932904
0 0.597882 0.729631 0.161725 0.0938392 0.00111733
0 0.608716 0.708977 0.187448 0.132302 0.936431
0 0.676186 0.281342 0.188128 0.177611 0.00192237
0 0.608752 0.70947 0.18804 0.133719 0.90562
0 0.609334 0.708206 0.187283 0.133262 0.917141
0 0.609644 0.707996 0.187418 0.133843 0.890967
0 0.196327 0.233048 0.10774 0.0733774 0.00112388
0 0.608253 0.708056 0.188463 0.133751 0.92869
0 0.609926 0.707364 0.18657 0.133969 0.921878
0 0.512865 0.714147 0.0196185 0.095838 0.00148634
0 0.532114 0.712424 0.0345632 0.109789 0.00103245
0 0.608057 0.708883 0.188725 0.135036 0.929492
0 0.608303 0.708953 0.186359 0.133602 0.917967
0 0.608403 0.70872 0.189164 0.133226 0.933641
0 0.609036 0.707778 0.186337 0.134381 0.917422
0 0.60964 0.707927 0.187509 0.133521 0.940588
0 0 0.0455599 0 0.0911199 0.0013215
0 0.609201 0.706177 0.186115 0.129435 0.939143
0 0.811599 0.867661 0.376802 0.26256 0.00857358
0 0 0.0621972 0 0.124394 0.00134924
0 0.609252 0.7059 0.185696 0.129562 0.911036
0 0.194318 0.631293 0.137426 0.109078 0.0296061
0 0.00123519 0.114311 0.00247037 0.228622 0.00265939
0 0.60785 0.707506 0.187013 0.129924 0.913587
0 0.609881 0.708086 0.187042 0.134023 0.912377
0 1 0.924477 0 0.151045 0.00202799
0 1 0.944416 0 0.111168 0.00111334
0 0.609102 0.708061 0.186319 0.133927 0.931178
0 0.608254 0.708994 0.185746 0.133815 0.9308
0 0.60859 0.708255 0.187411 0.133401 0.928628
0 0.608945 0.707677 0.185716 0.131286 0.947644
0 0.609782 0.70824 0.188403 0.132818 0.930661
0 0.608739 0.708348 0.187642 0.133418 0.927536
0 0.607976 0.708996 0.187716 0.135768 0.937792
0 0.608439 0.709129 0.186568 0.134278 0.934115
0 0.608896 0.708339 0.187181 0.133851 0.94934
0 0.610609 0.709307 0.189113 0.134314 0.947797
0 0.611717 0.707843 0.189436 0.131074 0.930548
0 0.21228 0.652604 0.177864 0.136822 0.00135084
0 0.192549 0.635408 0.142649 0.100342 0.00125163
0 0.609091 0.708076 0.186328 0.132076 0.955332
0 0.610363 0.709011 0.188153 0.133099 0.93685
0 0.609288 0.707718 0.188088 0.130629 0.93237
0 0.609372 0.707959 0.188523 0.133501 0.9565
0 0.262645 0.530209 0.262847 0.101054 0.00141602
0 0.609985 0.707142 0.188059 0.132171 0.940838
0 0.204642 0.253582 0.133718 0.0945637 0.00257455
0 0.194219 0.633264 0.146446 0.0987899 0.00176667
0 0.260635 0.533822 0.25284 0.101852 0.00126074
0 0.610294 0.70778 0.187268 0.132919 0.934698
0 0.61026 0.708722 0.188073 0.132891 0.938372
0 0.204572 0.251867 0.130474 0.101463 0.00162458
0 0.609461 0.708002 0.189278 0.133634 0.944947
0 0.206588 0.256342 0.14541 0.117763 0.00155438
0 0.609591 0.708396 0.186185 0.134228 0.910093
0 0.265692 0.541865 0.244615 0.0851282 0.00324978
0 0.608944 0.708417 0.185848 0.133827 0.943562
0 0.267768 0.53983 0.243118 0.0867807 0.00695574
0 0.196648 0.54221 0.102402 0.0801168 0.00408895
0 0.200725 0.832045 0.138542 0.101406 0.0022631
0 0.223048 0.539563 0.14009 0.0851189 0.00125422
0 0.609731 0.708617 0.18693 0.133368 0.932016
0 0.610278 0.70819 0.186514 0.133006 0.928134
0 0.610524 0.707673 0.187181 0.132553 0.934654
0 0.61011 0.707398 0.187972 0.133312 0.940269
0 0.608891 0.708242 0.188188 0.132503 0.930147
0 0.609489 0.707538 0.188832 0.132219 0.9362
0 0.609403 0.707218 0.186911 0.131427 0.935589
0 0.609209 0.707654 0.185826 0.135001 0.928191
0 0.225298 0.799875 0.165771 0.117581 0.00187398
0 0.25089 0.620846 0.250958 0.106672 0.00176083
0 0.609577 0.708556 0.187059 0.134224 0.94828
0 0.609697 0.708741 0.18805 0.134074 0.930163
0 0.186212 0.624013 0.125484 0.088611 0.0017044
0 0.190888 0.885028 0.171966 0.137695 0.00152269
0 0.610155 0.708328 0.187232 0.130851 0.935312
0 0.166974 0.633431 0.178352 0.100637 0.0107851
0 0.188224 0.629147 0.135619 0.0937643 0.0102145
0 0.129177 0.637221 0.252173 0.112225 0.00126572
0 0.206178 0.251355 0.134111 0.0993809 0.00118326
0 0.609825 0.707788 0.188674 0.131394 0.940121
0 0.609625 0.70846 0.185605 0.133226 0.935032
0 0.611323 0.70828 0.189306 0.134366 0.945719
0 0.249262 0.613759 0.252062 0.120124 0.0032178
0 0.609368 0.70837 0.189421 0.133962 0.947324
0 0.185195 0.635838 0.129617 0.0940754 0.0083527
0 0.243316 0.623643 0.245816 0.09553 0.00444464
0 0.213403 0.636134 0.188766 0.113714 0.00101363
0 0.207797 0.255481 0.140315 0.110546 0.00100428
0 0.610844 0.708427 0.189009 0.133583 0.939631
0 0.186861 0.631393 0.127672 0.0894787 0.00504586
0 0.21496 0.621665 0.181207 0.085763 0.00207147
0 0.61026 0.70794 0.190105 0.13268 0.935046
0 0.251454 0.623837 0.256145 0.0849786 0.00200806
0 0.199127 0.62949 0.149234 0.0847919 0.00117753
0 0.610731 0.708602 0.186599 0.133148 0.949965
0 0.610068 0.708293 0.186956 0.132306 0.948456
0 0.609624 0.708539 0.186875 0.132047 0.954026
0 0.609838 0.708007 0.186848 0.133047 0.953269
0 0.60936 0.708003 0.188485 0.132207 0.939936
0 0.609508 0.708343 0.189154 0.131511 0.936543
0 0.61027 0.708278 0.18885 0.132718 0.950785
0 0.609282 0.707842 0.188181 0.131202 0.949836
0 0.609719 0.707825 0.187231 0.131994 0.942269
0 0.609945 0.708007 0.187309 0.131365 0.941064
0 0.609741 0.708045 0.187789 0.131395 0.939801
0 0.609958 0.707806 0.187745 0.131023 0.939273
0 0.610051 0.70748 0.188709 0.13185 0.939337
0 0.263183 0.908468 0.147295 0.102019 0.00104134
0 0.609947 0.707487 0.188062 0.131747 0.940862
0 0.270266 0.911071 0.135586 0.0982571 0.00116897
0 0.609398 0.707224 0.186909 0.131439 0.935652
