0 0.736026 0.887553 0.208038 0.154354 0.032373
0 0.721748 0.900966 0.225513 0.198069 0.015131
0 0.775665 0.886295 0.274507 0.195411 0.0151247
0 0 0.908717 0 0.182566 0.0144272
0 0.648955 0.900555 0.406648 0.19889 0.0141233
0 0.99994 0.0953838 0.00012102 0.190768 0.0139006
0 1 0.914457 0 0.171086 0.0137734
0 0.00912334 0.808724 0.0182467 0.382552 0.0137535
0 0.678949 0.888099 0.30783 0.151126 0.0137297
0 0 0.10895 0 0.217899 0.0137057
0 0.974021 0.423066 0.0519581 0.846132 0.0135905
0 0.996666 0.164132 0.00666898 0.328264 0.0135903
0 0.949534 0.527394 0.100933 0.945212 0.013512
0 1 0.808887 0 0.382225 0.0134573
0 0.807368 0.85639 0.385263 0.206754 0.0134282
0 0.801676 0.896075 0.396648 0.20785 0.0134129
0 0.00546558 0.190211 0.0109312 0.380422 0.0134104
0 0.989313 0.378369 0.0213746 0.756737 0.0133998
0 0.0440695 0.421237 0.088139 0.842475 0.013355
0 0.980925 0.568668 0.0381497 0.862664 0.01332
0 0.84586 0.40934 0.308279 0.81868 0.0133066
0 0.0220897 0.331654 0.0441794 0.663307 0.013276
0 0.519516 0.904337 0.638937 0.191327 0.0132299
0 1 0.0382665 0 0.0765329 0.0131797
0 0.0908645 0.908748 0.181729 0.173529 0.0131706
0 0.661963 0.842068 0.339099 0.218589 0.0131512
0 1 0.0230094 0 0.0460187 0.0131355
0 0.864411 0.547689 0.271177 0.904623 0.0131247
0 0.0275545 0.75861 0.0551089 0.482781 0.0131126
0 0 0.0744479 0 0.148896 0.0131109
0 0.99458 0.432322 0.0108406 0.864645 0.0131
0 0.0750832 0.520984 0.150166 0.940538 0.0130801
0 0.0748144 0.657784 0.149629 0.684432 0.0130293
0 0.997944 0.265509 0.00411285 0.531019 0.0130204
0 0.0994139 0.903056 0.198828 0.193889 0.012999
0 0.996081 0.69117 0.00783823 0.61766 0.0129967
0 0.915177 0.379663 0.169646 0.759325 0.0129914
0 0 0.032087 0 0.064174 0.0129811
0 0.111651 0.865661 0.223302 0.268678 0.0128193
0 0.558152 0.899815 0.573079 0.20037 0.012813
0 0.241906 0.131762 0.391462 0.252306 0.0127783
0 0.230678 0.716692 0.227569 0.184368 0.0127669
0 0.389441 0.146668 0.669958 0.278986 0.0127521
0 0.308669 0.715764 0.385999 0.18258 0.0127494
0 0.995753 0.660794 0.00849399 0.678412 0.0127272
0 0.110337 0.894658 0.220673 0.210684 0.0126938
0 0.713255 0.845522 0.249649 0.225536 0.0126695
0 0.262724 0.910193 0.525449 0.179613 0.0126687
0 0.127632 0.220544 0.255264 0.441088 0.0126318
0 0.105687 0.830143 0.211375 0.330283 0.0125929
0 0.845056 0.908038 0.309889 0.183924 0.012579
0 0.203977 0.290039 0.407953 0.580079 0.0125783
0 0.335063 0.533194 0.670126 0.922424 0.0125734
0 0.458414 0.97264 0.546859 0.0547199 0.0125733
0 0.523299 0.815771 0.0973811 0.184243 0.0125641
0 0.474245 0.861912 0.42229 0.219544 0.012559
0 0.258108 0.97019 0.516216 0.0596193 0.0125532
0 0.519079 0.142052 0.882125 0.268332 0.0125494
0 0.313572 0.763948 0.391664 0.279025 0.0125467
0 0.137502 0.909192 0.275003 0.181616 0.0125452
0 0.022948 0.533445 0.045896 0.93311 0.0125215
0 0.109786 0.770547 0.219572 0.458907 0.0125195
0 0.397926 0.980041 0.55445 0.0399172 0.0125167
0 0.137612 0.1183 0.275224 0.2366 0.0125086
0 0.133167 0.899382 0.266335 0.166433 0.0124939
0 0.349595 0.232341 0.633855 0.456604 0.0124817
0 0.162474 0.83217 0.311171 0.234116 0.0124781
0 0.171376 0.632679 0.342752 0.734643 0.0124536
0 0.134314 0.847581 0.268627 0.290266 0.0124499
0 0.272263 0.390102 0.544525 0.780205 0.0124463
0 0.439557 0.961772 0.676795 0.0764562 0.0124287
0 0.432804 0.427917 0.865608 0.833014 0.0124272
0 0.105233 0.0896383 0.210465 0.179277 0.0124263
0 0.393997 0.724951 0.608142 0.217591 0.0124255
0 0.744375 0.792507 0.51125 0.329789 0.0124245
0 0.52854 0.777818 0.31397 0.272687 0.0124184
0 0.143542 0.780216 0.287084 0.413499 0.0124157
0 0.284995 0.984005 0.569991 0.0319891 0.012413
0 0.562606 0.804719 0.162751 0.192771 0.0124044
0 0.409497 0.834423 0.201577 0.153835 0.0124021
0 0.512963 0.949802 0.679367 0.100397 0.0124007
0 0.335456 0.818744 0.341148 0.198099 0.0123778
0 0.657548 0.808964 0.375183 0.288103 0.0123732
0 0.371574 0.79377 0.266266 0.22567 0.0123678
0 0.267553 0.243073 0.535106 0.478351 0.0123656
0 0.169189 0.121899 0.338377 0.232954 0.012358
0 0.290857 0.885781 0.442098 0.171166 0.012346
0 0.158554 0.703475 0.317108 0.575081 0.0123457
0 0.3816 0.856611 0.402846 0.19169 0.0123379
0 0.232548 0.068806 0.444035 0.137612 0.0123307
0 0.398362 0.292493 0.795366 0.581332 0.0123302
0 0.827864 0.879188 0.344272 0.241625 0.0123265
0 0.357888 0.108498 0.683692 0.216995 0.0123212
0 0.44832 0.120976 0.815749 0.241953 0.0123189
0 0.417863 0.629507 0.835727 0.511996 0.0123135
0 0.711429 0.05024 0.577143 0.10048 0.0123083
0 0.479616 0.753222 0.749147 0.295503 0.0123038
0 0.202864 0.024672 0.320648 0.049344 0.0123034
0 0.844623 0.799101 0.310754 0.401798 0.0122959
0 0.963503 0.0366689 0.0729937 0.0733378 0.012277
0 0.286457 0.628958 0.506312 0.417603 0.0122769
0 0.50949 0.676374 0.835472 0.494715 0.012257
0 0.352539 0.965315 0.635889 0.0693693 0.0122558
0 0.145227 0.0277501 0.290453 0.0555002 0.012252
0 0.54416 0.132268 0.91168 0.264536 0.0122457
0 0.455389 0.47254 0.910778 0.609624 0.0122444
0 0.765385 0.127805 0.469229 0.241652 0.0122278
0 0.844029 0.28837 0.311942 0.57674 0.0121925
0 0.359014 0.610528 0.718027 0.663491 0.0121915
0 0.876266 0.111157 0.247469 0.222314 0.0121651
0 0.606923 0.781999 0.610476 0.357397 0.01216
0 0.836392 0.634333 0.327217 0.731333 0.0121591
0 0.506353 0.60076 0.903493 0.684976 0.0121484
0 0.487286 0.246315 0.867907 0.488017 0.0121276
0 0.549981 0.457674 0.865689 0.90458 0.0121188
0 0.667556 0.757095 0.663743 0.48581 0.0121094
0 0.818337 0.240067 0.363326 0.452077 0.0121074
0 0.191336 0.161963 0.382672 0.314489 0.0120751
0 0.318471 0.38105 0.636942 0.7621 0.0120485
0 0.495064 0.171159 0.988808 0.342317 0.0120288
0 0.588601 0.614686 0.822798 0.484108 0.0120195
0 0.840989 0.294785 0.318022 0.572466 0.012008
0 0.766638 0.756972 0.466724 0.486057 0.0120068
0 0.780494 0.376677 0.439011 0.732002 0.0120064
0 0.549686 0.519808 0.840649 0.542257 0.0119865
0 0.778329 0.499504 0.443343 0.644234 0.0119794
0 0.507635 0.451403 0.984729 0.721795 0.0119787
0 0.5 0.525796 1 0.478474 0.0119722
0 0.809407 0.691831 0.381186 0.55583 0.0119615
0 0.502851 0.325043 0.994299 0.640539 0.0119253
0 0.740701 0.67882 0.518598 0.443902 0.011917
0 1 0.0467415 0 0.0934831 0.0033418
0 1 0.0641492 0 0.128298 0.00330945
0 0 0.938626 0 0.122748 0.00328803
0 0.733368 0.923422 0.196906 0.088781 0.00327921
0 0.54867 0.845058 0.112108 0.113642 0.00327822
0 0 0.0707081 0 0.141416 0.00326176
0 0 0.0481826 0 0.0963652 0.00324807
0 0 0.883735 0 0.232529 0.00323104
0 0 0.0689322 0 0.137864 0.00323027
0 1 0.942114 0 0.115772 0.0032254
0 0.645659 0.931715 0.382667 0.136571 0.00321771
0 0.19783 0.885583 0.0735307 0.0822926 0.00321604
0 1 0.0663578 0 0.132716 0.00320927
0 0.17743 0.0444404 0.165294 0.0761248 0.00320909
0 0.13611 0.914836 0.21918 0.165409 0.00320616
0 0 0.06558 0 0.13116 0.00320235
0 0.211847 0.881306 0.0880795 0.0906734 0.00319818
0 0.183869 0.873503 0.151729 0.104582 0.00319721
0 0.188819 0.738324 0.149979 0.137181 0.00319598
0 0 0.96394 0 0.0721192 0.00319586
0 0.571878 0.754223 0.154362 0.0712843 0.00318918
0 0.352371 0.954218 0.425906 0.0915636 0.00318892
0 1 0.0447018 0 0.0894036 0.00318675
0 0 0.956508 0 0.0869843 0.0031856
0 0.203468 0.914315 0.067764 0.0249649 0.00318219
0 0.95484 0.102625 0.0885375 0.158178 0.00318137
0 0.44461 0.956713 0.49986 0.0865747 0.00317808
0 0.0646819 0.885463 0.129055 0.218749 0.00317655
0 1 0.961711 0 0.0765783 0.00317463
0 0.416142 1 0.510578 0 0.00317429
0 0.552098 0.867579 0.120211 0.111291 0.00317408
0 0.505059 0.959288 0.424593 0.0814249 0.00317405
0 0.191138 0.286836 0.16609 0.11264 0.00317337
0 0.171517 0.158179 0.109191 0.0954097 0.00317139
0 0.184051 0.757915 0.138148 0.104731 0.00316976
0 0.269586 0.045061 0.32839 0.0779073 0.00316869
0 0.0610245 0.917651 0.119181 0.156676 0.00316862
0 0.741499 0.0517066 0.244026 0.0936105 0.00316777
0 0.0634311 0.731182 0.121054 0.136334 0.00316651
0 0.0613974 0.118055 0.113543 0.144805 0.00316619
0 0.655322 0.719147 0.295594 0.0607388 0.00316618
0 0.787996 1 0.424007 0 0.00316597
0 0.315641 1 0.479038 0 0.00316551
0 0.0660572 0.940878 0.13188 0.114239 0.00316535
0 1 0.875751 0 0.248499 0.00316499
0 0.29076 0.947292 0.417244 0.105416 0.00316481
0 0 0.433812 0 0.250565 0.00316176
0 0.523967 0.924673 0.332896 0.150654 0.0031601
0 0.545874 0.962476 0.382878 0.0750484 0.00316004
0 0.451995 0.714907 0.0981133 0.130193 0.00315945
0 0 0.652816 0 0.264822 0.00315934
0 0 0.38612 0 0.2456 0.00315901
0 0 0.80197 0 0.248616 0.00315888
0 0.433622 0.711385 0.132912 0.124587 0.00315867
0 0 0.48416 0 0.255933 0.00315864
0 0.580438 0.923609 0.295613 0.152782 0.00315756
0 0.220071 0.955748 0.375599 0.0885039 0.0031568
0 0.205094 1 0.391816 0 0.00315646
0 0 0.851124 0 0.297752 0.00315485
0 0 0.602247 0 0.261629 0.00315349
0 0 0.333316 0 0.255387 0.0031532
0 0 0.556643 0 0.253507 0.003153
0 0 0.737112 0 0.254933 0.00315286
0 0.200688 0.922484 0.105411 0.0764395 0.00315182
0 0.0622717 0.662863 0.124543 0.272462 0.00315088
0 0.0690523 0.496721 0.138105 0.283732 0.00314969
0 0 0.0587037 0 0.117407 0.00314876
0 0.452785 0.768655 0.0995351 0.24093 0.00314627
0 0.489687 0.00223128 0.342688 0.00446255 0.00314598
0 0 0.281193 0 0.254691 0.00314346
0 0.440908 0.00103094 0.360217 0.00206187 0.00314295
0 0.640313 0.0508103 0.417799 0.0930771 0.00314293
0 0.0718628 0.652365 0.143726 0.334465 0.00314226
0 0.916063 0.92596 0.166765 0.14654 0.00314213
0 1 0.954142 0 0.0917162 0.00314172
0 0.520345 1 0.523436 0 0.00314159
0 1 0.0625247 0 0.125049 0.00314146
0 0.814067 0.938763 0.371867 0.122475 0.00314142
0 0.620201 0.696076 0.370227 0.109639 0.00314077
0 0.543305 0.00300397 0.29544 0.00600795 0.00313902
0 0.412808 0.717355 0.175449 0.129266 0.00313879
0 0.995237 0.81957 0.00952621 0.360861 0.00313873
0 0.799079 0.135933 0.259982 0.111173 0.00313839
0 0.875509 0.943854 0.248982 0.112292 0.00313786
0 0.149074 0.998418 0.298148 0.00316448 0.00313752
0 0.0736349 0.458672 0.14727 0.174728 0.00313605
0 0.386007 0.853053 0.20304 0.13303 0.00313522
0 0.169282 0.182589 0.117241 0.150473 0.00313467
0 0 0.22578 0 0.266232 0.00313464
0 0 0.123824 0 0.247648 0.00313412
0 0.691884 0.630559 0.303249 0.11841 0.00313338
0 0.613119 1 0.532104 0 0.00313301
0 0 0.171724 0 0.260733 0.00313282
0 0.850678 0.139064 0.147517 0.100499 0.00313255
0 0.95416 0.405139 0.0916808 0.358608 0.0031319
0 0.148511 0.946508 0.291354 0.106985 0.0031309
0 0.0779384 0.42317 0.155877 0.220602 0.00312994
0 0.151719 1 0.303438 0 0.003129
0 0.166885 0.207028 0.184706 0.299 0.00312897
0 0.0708116 0.580383 0.141623 0.339056 0.00312847
0 0.35703 0.713171 0.194744 0.103569 0.00312815
0 0.861419 0.0483932 0.270007 0.0846939 0.00312801
0 0.000163294 0.0690985 0.000326587 0.138197 0.003128
0 0 0.296386 0 0.265594 0.00312737
0 0.920554 0.424852 0.158891 0.272748 0.00312716
0 0.993078 0.767593 0.0138443 0.414253 0.00312624
0 0.795744 0.0494934 0.386713 0.0894629 0.0031259
0 0.546413 0.0280519 0.271939 0.050447 0.00312563
0 0.958361 0.465341 0.0832783 0.230032 0.0031244
0 0 0.665988 0 0.268714 0.00312432
0 0.958842 0.414647 0.0823166 0.253954 0.00312421
0 0.697463 0.450546 0.46833 0.171714 0.00312391
0 0 0.520004 0 0.261844 0.00312318
0 0.0606741 0.747527 0.121152 0.189603 0.00312276
0 0.608377 0.616666 0.430381 0.149801 0.00312176
0 0.596634 0.257906 0.476183 0.121205 0.00312128
0 0.120741 0.000703725 0.241483 0.00140745 0.00312103
0 0.0662062 0.826495 0.132412 0.34701 0.00312034
0 0.90757 0.174058 0.18486 0.321697 0.00311996
0 0.946828 0.353963 0.106344 0.42751 0.00311988
0 0.226082 0.891716 0.118112 0.0691803 0.00311945
0 0.472434 0.915455 0.425115 0.16909 0.00311921
0 0.934525 0.323084 0.130951 0.178887 0.00311914
0 0.999741 0.816075 0.000517158 0.333937 0.00311897
0 0.795076 0.338677 0.259171 0.1131 0.00311856
0 0.557313 0.254557 0.453895 0.0933753 0.00311779
0 0.929903 0.0876859 0.137743 0.15461 0.00311777
0 0.177062 0.859438 0.218143 0.131035 0.00311762
0 0 0.244365 0 0.267625 0.00311743
0 0.847678 0.922484 0.304643 0.155032 0.00311726
0 0.935077 0.294656 0.129846 0.427047 0.00311698
0 0.912287 0.887094 0.175427 0.196143 0.00311697
0 0.934859 0.143562 0.130282 0.278434 0.00311656
0 0.169237 0.501025 0.117485 0.0992014 0.00311645
0 0.321337 0.707021 0.2949 0.116333 0.00311614
0 0.502418 0.0281729 0.350388 0.0443307 0.00311589
0 0.31592 0.89571 0.246156 0.057583 0.00311567
0 0 0.720471 0 0.26114 0.00311539
0 0.927945 0.356637 0.144109 0.208387 0.00311533
0 0.745179 0.265106 0.194431 0.128292 0.00311475
0 0.953171 0.500868 0.0936573 0.148092 0.00311461
0 0.593975 0.646712 0.452972 0.0882746 0.00311437
0 0.218099 0.382352 0.209542 0.135535 0.00311418
0 0.955138 0.0751693 0.0877851 0.124977 0.00311416
0 0.594014 0.322329 0.486476 0.17814 0.00311397
0 0 0.777893 0 0.242522 0.00311303
0 0.0711599 0.211154 0.14232 0.341809 0.00311302
0 0.924476 0.256545 0.151048 0.193367 0.00311292
0 0.637794 0.585961 0.381475 0.0905789 0.00311289
0 0.609644 0.679282 0.418289 0.150472 0.00311286
0 0 0.0200561 0 0.0401123 0.00311258
0 0.703386 0.723203 0.204478 0.0477287 0.00311253
0 0.94835 0.472451 0.1033 0.144941 0.00311227
0 0.697031 0.400608 0.466677 0.149844 0.00311224
0 0.74562 0.624736 0.239974 0.130229 0.00311214
0 0.685784 0.537476 0.438451 0.168679 0.00311207
0 0.220986 0.870234 0.155597 0.107321 0.00311172
0 0.139186 0.0436589 0.262609 0.0802098 0.00311159
0 0.16044 0.486504 0.101168 0.105261 0.00311147
0 0.993216 0.478491 0.013568 0.316099 0.00311145
0 0.687588 0.201944 0.401018 0.202208 0.00311052
0 0.291647 0.056761 0.287684 0.100864 0.0031101
0 0 0.0817379 0 0.161812 0.00310999
0 0.187959 0.0564651 0.148623 0.099454 0.00310928
0 0.23382 0.435066 0.279085 0.158461 0.00310881
0 0.659979 0.495716 0.515147 0.142719 0.00310863
0 0.106402 0.380302 0.212803 0.327871 0.00310862
0 0.0852987 0.666597 0.170597 0.43252 0.00310839
0 0.779903 0.118306 0.291534 0.13903 0.00310787
0 0.5 0.713561 1 0.572878 0.0201342
0 0.332959 0.435831 0.665918 0.82186 0.0200343
0 0.705256 0.186655 0.589488 0.37331 0.0198059
0 0.336575 0.577227 0.67315 0.845545 0.0196174
0 0.529216 0.634323 0.941567 0.731355 0.0193637
0 0.305734 0.345545 0.611468 0.691091 0.018988
0 0.321217 0.200673 0.642434 0.401346 0.018974
0 0.5 0.370187 1 0.740373 0.01897
0 0.417022 0.258909 0.834045 0.517818 0.0189186
0 0.576983 0.204729 0.846033 0.409459 0.0186004
0 0.558681 0.574314 0.882638 0.817173 0.0184167
0 0.440703 0.509589 0.881406 0.861046 0.0182526
0 0.587385 0.708058 0.82523 0.583883 0.0182025
0 0.496452 0.66956 0.992904 0.660881 0.0179915
0 0.524594 0.336325 0.950812 0.672649 0.0179035
0 0.611996 0.553608 0.776008 0.648819 0.0176994
0 0.36914 0.649945 0.73828 0.70011 0.0175908
0 0.523826 0.45156 0.952347 0.842901 0.0175905
0 0.486513 0.732137 0.973026 0.535726 0.0173798
0 0.467559 0.35743 0.935118 0.71486 0.0173075
0 0.40229 0.187637 0.80458 0.375273 0.017307
0 0.596292 0.356019 0.807415 0.712038 0.017262
0 0.48408 0.213557 0.96816 0.427114 0.0168362
0 0.391295 0.725209 0.782589 0.549582 0.016423
0 0.994428 0.119712 0.0111436 0.239425 0.0163512
0 0.261584 0.205271 0.523167 0.410541 0.0161366
0 0.496412 0.581198 0.992823 0.832928 0.0160131
0 0.634846 0.323184 0.730308 0.646367 0.0158637
0 0.622668 0.766585 0.754664 0.466829 0.015765
0 0.468406 0.130153 0.936813 0.260307 0.0152176
0 0.508488 0.157313 0.983024 0.314625 0.0151997
0 0.16144 0.398865 0.32288 0.797731 0.0151541
0 0.631389 0.67705 0.737222 0.645901 0.015099
0 0.538589 0.668295 0.922822 0.649758 0.0149774
0 0.0323357 0.448268 0.0646713 0.896536 0.0149469
0 0.643902 0.475931 0.712195 0.79823 0.0148676
0 0.274633 0.350351 0.549265 0.700701 0.0148529
0 0.5 0.129369 1 0.258738 0.0147255
0 0.349435 0.134473 0.69887 0.268946 0.014595
0 0.0243436 0.573164 0.0486873 0.853673 0.0144475
0 0.00546529 0.880365 0.0109306 0.23927 0.0144064
0 0.998802 0.0837725 0.00239652 0.167545 0.0141375
0 0.00334047 0.0658559 0.00668094 0.131712 0.0140509
0 0.293989 0.691403 0.587978 0.617195 0.014019
0 0.0351916 0.185955 0.0703831 0.37191 0.0138486
0 0.277619 0.179878 0.555238 0.359757 0.0137189
0 0.0136871 0.917941 0.0273742 0.164118 0.0137052
0 0.0174076 0.66917 0.0348153 0.661659 0.0132763
0 0.961085 0.220184 0.0778303 0.440369 0.0130176
0 0.804222 0.271989 0.391556 0.534392 0.0130018
0 0.328808 0.844325 0.657616 0.311349 0.012929
0 0.00620073 0.103961 0.0124015 0.207921 0.0129024
0 0.0496425 0.82088 0.099285 0.358239 0.012795
0 1 0.0172596 0 0.0345192 0.0127585
0 0.774502 0.349316 0.450996 0.475658 0.0126429
0 0.720879 0.134786 0.558242 0.269572 0.0126373
0 0.0555058 0.664723 0.111012 0.670554 0.0124964
0 0.446944 0.885278 0.893888 0.229445 0.012434
0 0.74028 0.747202 0.519441 0.505597 0.012402
0 0.0543143 0.344635 0.108629 0.68927 0.0123957
0 1 0.0133136 0 0.0266273 0.0123264
0 0.778425 0.472879 0.443151 0.595539 0.0123219
0 0.777892 0.662527 0.444216 0.517355 0.0122797
0 0.578174 0.121809 0.843651 0.243618 0.012098
0 0.0205409 0.273558 0.0410818 0.547116 0.0119456
0 0.925603 0.106464 0.148794 0.212928 0.0118629
0 0.210512 0.146698 0.421025 0.293396 0.0116332
0 0.31852 0.77384 0.637041 0.45232 0.0116036
0 1 0.917725 0 0.16455 0.0114871
0 0.377232 0.860579 0.754463 0.278841 0.0114358
0 0.523643 0.761164 0.952715 0.477672 0.0112428
0 0.281904 0.901077 0.563807 0.197846 0.0112067
0 0.292018 0.818717 0.584035 0.362566 0.0111837
0 0.478905 0.838622 0.957811 0.322755 0.0111534
0 0.625218 0.823733 0.749564 0.352534 0.0107155
0 0.764221 0.836845 0.471558 0.326311 0.0107115
0 0.655369 0.811569 0.689262 0.376862 0.0102062
0 0.680167 0.880874 0.639666 0.238253 0.0101367
0 0.507687 0.81249 0.984626 0.37502 0.00997239
0 0.608833 0.775393 0.782335 0.449214 0.00982199
0 0.749354 0.894487 0.218339 0.143877 0.00412813
0 0.479219 0.568525 0.606084 0.223906 0.00400015
0 0 0.0360334 0 0.0720668 0.0039849
0 0.184301 0.735899 0.140135 0.126672 0.00396736
0 0.276309 0.518512 0.328981 0.0919981 0.00394551
0 0.438519 0.578562 0.589861 0.168645 0.00388386
0 0.530823 0.743647 0.410436 0.248325 0.00388146
0 0.701196 0.738509 0.597608 0.230466 0.0038615
0 0.398422 0.736851 0.599439 0.211902 0.00385869
0 0.770164 0.736777 0.459671 0.249114 0.00383413
0 0.00117676 0.270057 0.00235353 0.266884 0.00379957
0 0.347359 0.626456 0.444104 0.170064 0.00375933
0 0.7212 0.526712 0.557601 0.159078 0.00374465
0 0.397533 0.77356 0.594376 0.1975 0.0037339
0 0.672704 0.734694 0.410998 0.239555 0.00372612
0 0.719698 0.709818 0.560603 0.189659 0.0036888
0 0.739969 0.0922351 0.409984 0.18447 0.00366308
0 0.78187 0.364657 0.43626 0.224426 0.00363953
0 0.00192998 0.161541 0.00385996 0.226424 0.00363163
0 0.592625 0.080994 0.55867 0.161988 0.00362519
0 0.792705 0.651415 0.414591 0.172414 0.00361684
0 0.978633 0.893869 0.0427343 0.212261 0.00361364
0 0.0020282 0.319768 0.00405639 0.251316 0.00360587
0 0.857853 0.794289 0.284295 0.183876 0.00359945
0 0.951212 0.713663 0.0975764 0.191707 0.00358911
0 0.367175 0.648654 0.376609 0.158204 0.00358595
0 0.689269 0.553265 0.621462 0.268663 0.00357635
0 0.404496 0.909596 0.629166 0.180808 0.0035646
0 0.726277 0.415082 0.547446 0.247261 0.00356012
0 0.335234 0.585743 0.536547 0.203058 0.0035596
0 0.397381 0.622645 0.604668 0.132908 0.00355862
0 0.474416 0.618006 0.592939 0.169454 0.00355185
0 0.682686 0.701837 0.390239 0.178986 0.00351849
0 0.683193 0.660772 0.579595 0.194556 0.00351482
0 0.364797 0.262485 0.40387 0.153084 0.0035073
0 0.926582 0.673648 0.146837 0.169172 0.00350407
0 0.73701 0.644307 0.525979 0.184055 0.00350048
0 1 0.0328707 0 0.0657413 0.00347266
0 0.839585 0.676734 0.320831 0.158814 0.00346838
0 0.50155 0.094099 0.466988 0.188198 0.0034654
0 0.775452 0.43359 0.449096 0.154778 0.00346206
0 0.331151 0.507055 0.451872 0.151699 0.00345487
0 0.809564 0.131933 0.277801 0.104934 0.00345452
0 0.971966 0.847494 0.0560681 0.218528 0.00345402
0 0.947402 0.763233 0.105197 0.197164 0.00345156
0 0.354209 0.212132 0.425541 0.236062 0.00344686
0 0.00292266 0.22065 0.00584531 0.24992 0.00343733
0 0.236478 0.151767 0.247199 0.100042 0.00343404
0 0.74024 0.275667 0.519519 0.254603 0.00342197
0 0.335032 0.17025 0.388878 0.170373 0.00342034
0 0.320135 0.661735 0.400141 0.169978 0.00341454
0 0.806228 0.403133 0.387545 0.201512 0.00341262
0 0.38119 0.433813 0.585709 0.176321 0.00340499
0 0.555762 0.783763 0.364548 0.228343 0.00340003
0 0.680472 0.335071 0.461055 0.209728 0.00339917
0 0.21298 0.151453 0.173492 0.103739 0.0033984
0 0.339809 0.889777 0.466954 0.20667 0.00339838
0 0.886778 0.650916 0.226444 0.175925 0.00339771
0 0.580141 0.0530981 0.584473 0.101253 0.00339498
0 0.337839 0.282852 0.355467 0.157332 0.00339204
0 0.808412 0.252627 0.383175 0.157639 0.00339193
0 0.531215 0.532321 0.53617 0.158364 0.0033817
0 0.00500903 0.467639 0.0100181 0.242671 0.00338083
0 0.312468 0.914634 0.537788 0.170732 0.00337775
0 0.0105919 0.5202 0.0211837 0.246759 0.00337316
0 0.00290033 0.36873 0.00580067 0.237962 0.0033719
0 0.601177 0.40417 0.389266 0.0962878 0.0033709
0 0.613557 0.797407 0.502186 0.260241 0.00337025
0 0.158077 0.796112 0.316154 0.273336 0.0033672
0 0.611225 0.754643 0.39018 0.20493 0.00336245
0 0.321054 0.523317 0.40717 0.111113 0.00336148
0 0.790996 0.329002 0.418008 0.199242 0.00335924
0 0.73894 0.499322 0.52212 0.173614 0.00335577
0 0.606723 0.399792 0.390663 0.182041 0.00335423
0 0.204868 0.725504 0.187373 0.107667 0.00335283
0 0.556895 0.250131 0.220083 0.0635976 0.00335021
0 0.997442 0.0545377 0.00511698 0.109075 0.00334417
0 0.972005 0.799612 0.0559896 0.194911 0.0033433
0 0.467588 0.0660624 0.610268 0.132125 0.00334245
0 0.00326183 0.418716 0.00652366 0.234225 0.00334225
0 0.428079 0.26886 0.48166 0.126123 0.00334196
0 0.364093 0.891402 0.631716 0.217196 0.00334052
0 0.455648 0.529422 0.49611 0.14027 0.00333984
0 0.0185651 0.57531 0.0371302 0.259986 0.00333119
0 0.161972 0.18266 0.323945 0.174654 0.00332958
0 0.67616 0.280216 0.460547 0.156035 0.00332685
0 0.504759 0.896544 0.493276 0.206913 0.00332305
0 0.675423 0.448588 0.544928 0.200503 0.00332213
0 0.324405 0.070938 0.401825 0.141876 0.00331778
0 0.84359 0.0883774 0.312819 0.176755 0.00331627
0 0.371323 0.52203 0.447088 0.143822 0.00331555
0 0.843576 0.137039 0.167983 0.10208 0.00331417
0 0.241856 0.541125 0.264641 0.138045 0.00331308
0 0.430772 0.801145 0.516567 0.173669 0.00331136
0 0.667015 0.499251 0.564317 0.193295 0.00331134
0 0.923097 0.839019 0.153806 0.301181 0.00331128
0 0.573454 0.0805274 0.385048 0.161055 0.00331032
0 0.32572 0.369529 0.332911 0.154304 0.00330994
0 0.1571 0.839468 0.3142 0.215288 0.00330971
0 0.961929 0.800389 0.0761419 0.220036 0.00330225
0 0.606288 0.790126 0.41117 0.186848 0.0033008
0 0.912674 0.745335 0.174652 0.189089 0.00329976
0 0.3017 0.0956391 0.356164 0.191278 0.00329973
0 0.810362 0.420295 0.379277 0.186502 0.00329757
0 0.832851 0.19618 0.334297 0.232034 0.00329739
0 0.398988 0.396981 0.56225 0.127673 0.00329618
0 0.695223 0.214379 0.293669 0.207326 0.00329611
0 0.948387 0.630402 0.103227 0.205181 0.00328767
0 0.700463 0.554218 0.599074 0.186783 0.00328645
0 0.725259 0.465594 0.549482 0.173198 0.0032827
0 0.463271 0.684865 0.52899 0.220444 0.00327545
0 0.366723 0.853772 0.406603 0.210609 0.00327302
0 0.675537 0.685181 0.478988 0.20169 0.00326988
0 0.840739 0.284139 0.318521 0.201144 0.00326365
0 0.565881 0.264633 0.20811 0.10081 0.00326302
0 0.172594 0.132253 0.345187 0.15026 0.00326187
0 0.786211 0.620946 0.427577 0.179921 0.00326011
0 0.239806 0.0721421 0.479612 0.144284 0.00325946
0 0.270671 0.644648 0.376326 0.183122 0.00325846
0 0.671994 0.305404 0.526221 0.181659 0.00325792
0 0.0239714 0.626517 0.0479427 0.26966 0.00325771
0 0.460647 0.180362 0.510726 0.182945 0.00325549
0 0.943224 0.800826 0.113552 0.297432 0.00325401
0 0.155887 0.871246 0.311774 0.16928 0.00325133
0 0.315316 0.461232 0.567012 0.167807 0.00324956
0 0.40968 0.646489 0.56081 0.237349 0.00324823
0 0.491253 0.277422 0.383677 0.148066 0.00324768
0 0.220387 0.954038 0.420959 0.0919249 0.00324615
0 0.278136 0.641371 0.506014 0.151035 0.00324406
0 0.698535 0.765918 0.459493 0.238884 0.00324159
0 0.66917 0.628448 0.535883 0.204437 0.00324058
0 0.411841 0.524128 0.485535 0.111674 0.00323382
0 0.869127 0.699606 0.261745 0.153061 0.00323192
0 0.396586 0.20353 0.573043 0.226449 0.00322634
0 0.433466 0.0776627 0.620111 0.155325 0.00322584
0 0.615655 0.71179 0.378384 0.220157 0.00322491
0 0.875768 0.10282 0.248463 0.188919 0.00322375
0 0.530828 0.146603 0.320143 0.109213 0.00322367
0 0.600126 0.383602 0.395316 0.11668 0.00322356
0 0.232062 0.617747 0.464124 0.195624 0.00322321
0 0.370491 0.602508 0.623026 0.111914 0.0032222
0 0.790773 0.588257 0.418454 0.207809 0.00322003
0 0.036384 0.677244 0.072768 0.274862 0.00321566
0 0.776389 0.76716 0.447222 0.19303 0.00321457
0 0.753573 0.908114 0.224405 0.183772 0.003212
0 0.946851 0.671787 0.106298 0.189316 0.00321074
0 0.493588 0.0564252 0.612242 0.11285 0.00321063
0 0.921142 0.910147 0.157717 0.179706 0.00320999
0 1 0.0307298 0 0.0614596 0.00320928
0 0.727822 0.80559 0.369285 0.272605 0.00320474
0 0.163415 0.219017 0.326831 0.265882 0.00320187
0 0.876811 0.919186 0.246378 0.161628 0.00320086
0 0.343048 0.415158 0.369831 0.216233 0.00319926
0 0.486153 0.405411 0.415479 0.101735 0.0031979
0 0.325046 0.821672 0.521416 0.193058 0.00319421
0 0.533418 0.272701 0.270765 0.139271 0.00319046
0 0.212035 0.639145 0.424069 0.17956 0.00319001
0 0.360832 0.0763164 0.536039 0.152633 0.00318749
0 0.687686 0.0680378 0.573822 0.136076 0.00318686
0 0.153437 0.553544 0.306874 0.148995 0.00318684
0 0.160366 0.0674174 0.320732 0.134835 0.00318613
0 0.606546 0.577888 0.616483 0.252149 0.00318578
0 0.472032 0.4264 0.453908 0.150036 0.00317498
0 1 0.0148475 0 0.0296951 0.00317497
0 0.55253 0.515713 0.475628 0.113905 0.00317492
0 0.312833 0.859325 0.423349 0.188537 0.00316929
0 0.0432691 0.731894 0.0865383 0.279779 0.00316432
0 0.165706 0.294203 0.331412 0.20268 0.00316305
0 0.619092 0.320833 0.582765 0.224301 0.00316295
0 0.660642 0.409614 0.56339 0.152191 0.0031596
0 0.321317 0.14048 0.350991 0.141216 0.00315548
0 0.683494 0.27222 0.304944 0.0910456 0.00314915
0 0.948904 0.730336 0.102192 0.196026 0.00314778
0 0.588452 0.900107 0.400375 0.199785 0.00314693
0 0.530149 0.727523 0.48271 0.168648 0.0031465
0 0.769485 0.171727 0.375499 0.169498 0.00314635
0 0.369007 0.079815 0.349418 0.15963 0.0031462
0 0.35919 0.381155 0.525689 0.173557 0.00314514
0 0.861362 0.840943 0.277276 0.283238 0.00314508
0 0.722827 0.133207 0.432612 0.102921 0.00314444
0 0.445218 0.546448 0.584203 0.166149 0.00314281
0 0.587706 0.912935 0.55227 0.17413 0.00314214
0 0.155752 0.542402 0.311504 0.192135 0.00314078
0 0.734097 0.0593371 0.531805 0.118674 0.00314056
0 0.157171 0.908014 0.314343 0.183973 0.00314033
0 0.572661 0.0563913 0.626491 0.112783 0.00313874
0 0.160493 0.738052 0.320986 0.11923 0.00313869
0 0.868572 0.832963 0.262855 0.217001 0.00313453
0 0.533898 0.19359 0.255983 0.195106 0.0031317
0 0.737734 0.368665 0.524531 0.162263 0.00313154
0 0.145177 0.000960813 0.290355 0.00192163 0.0031281
0 0.160695 0.757417 0.321389 0.167807 0.00312606
0 0.880479 0.804342 0.239041 0.237158 0.00312257
0 1 0.00950685 0 0.0190137 0.00312144
0 0.175643 0.0975727 0.351285 0.195145 0.00312139
0 0.902342 0.832487 0.195317 0.265574 0.00312064
0 0.403861 0.93328 0.576917 0.133441 0.00311969
0 0.539681 0.44957 0.459798 0.210303 0.00311795
0 0.159772 0.925244 0.319544 0.149512 0.00311646
0 0.658659 0.902708 0.376925 0.156751 0.00311578
0 0.924622 0.0674535 0.150756 0.134907 0.0031149
0 0.446105 0.416108 0.503909 0.20901 0.00311422
0 0.753758 0.254708 0.492483 0.15215 0.00311292
0 0.998512 0.940784 0.00297694 0.118432 0.00311281
0 0.414625 0.102986 0.486439 0.205972 0.00311118
0 0.965952 0.616438 0.0680959 0.188457 0.00310975
0 0.494896 0.522589 0.457656 0.108308 0.00310783
0 0.420186 0.150098 0.53372 0.122312 0.00310576
0 0.73197 0.643931 0.536059 0.241502 0.00310501
0 0.266133 0.0498576 0.532265 0.0997153 0.00310497
0 0.901337 0.905043 0.197325 0.189913 0.00310456
0 0.260251 0.706837 0.297442 0.0814425 0.0031039
0 0.157279 0.152128 0.314559 0.183383 0.00309983
0 0.583125 0.322596 0.368206 0.200886 0.00309945
0 0.602292 0.623273 0.382436 0.219739 0.00309777
0 0.198604 0.937692 0.389156 0.124616 0.00309743
0 0.975248 0.568906 0.0495038 0.180023 0.00309521
0 0.729912 0.408451 0.540176 0.131361 0.00309446
0 0.360335 0.927874 0.512976 0.144252 0.0030912
0 0.176064 0.253487 0.352127 0.235965 0.00308615
0 0.847856 0.440997 0.304288 0.822888 0.0182644
0 0.864255 0.672846 0.271489 0.281481 0.0175393
0 0.858572 0.583505 0.282856 0.486482 0.0171218
0 0.839474 0.656192 0.321053 0.241022 0.0158025
0 0.745093 0.125305 0.306468 0.25061 0.015778
0 0.839517 0.610464 0.304057 0.269788 0.0151692
0 0.815719 0.540341 0.368562 0.743248 0.0151071
0 0.338589 0.089749 0.333308 0.179498 0.0144287
0 0.220418 0.127873 0.292904 0.255746 0.0140624
0 0.777543 0.611639 0.310688 0.260884 0.0140141
0 0.839814 0.731478 0.320373 0.239458 0.0139788
0 0.895373 0.69084 0.209254 0.267789 0.0139599
0 0.835911 0.12479 0.328178 0.24958 0.0139409
0 0.818456 0.453828 0.363088 0.663742 0.0135393
0 0.868658 0.727591 0.262684 0.242485 0.0134406
0 0.609991 0.889977 0.360614 0.220047 0.0133791
0 0.201317 0.170561 0.316094 0.288211 0.0133433
0 0.869405 0.820216 0.261191 0.327231 0.0133297
0 0.432203 0.660958 0.343887 0.198067 0.013252
0 0.0489312 0.871984 0.0978624 0.242945 0.0131671
0 0.367598 0.664454 0.342108 0.202629 0.0131366
0 0.727807 0.189489 0.312854 0.265368 0.0131053
0 0.711784 0.647112 0.318517 0.213605 0.012975
0 0.602505 0.268483 0.315444 0.218204 0.0129217
0 0.0888923 0.118161 0.177785 0.236322 0.0129028
0 0.833893 0.476928 0.29452 0.237238 0.0128317
0 0.397352 0.218713 0.346143 0.235837 0.0128209
0 0.802064 0.12214 0.327002 0.244281 0.0128022
0 0.28682 0.750317 0.369408 0.268144 0.0128016
0 0.0795593 0.269099 0.159119 0.318655 0.0127912
0 0.577322 0.624846 0.322832 0.183824 0.0127256
0 0.578787 0.598258 0.2892 0.203069 0.0127131
0 0.777019 0.736035 0.344176 0.235957 0.0126966
0 0.678618 0.890455 0.343849 0.219091 0.0126937
0 0.833799 0.360129 0.332402 0.666784 0.0126706
0 0.495676 0.804957 0.341279 0.276999 0.0126316
0 0.693938 0.239299 0.328989 0.286894 0.0126313
0 0.840804 0.823586 0.318392 0.341179 0.0125821
0 0.784699 0.451873 0.430602 0.750562 0.0125699
0 0.829347 0.39565 0.317054 0.197678 0.0125382
0 0.640392 0.746468 0.36682 0.258839 0.0125325
0 0.612061 0.823212 0.387865 0.333528 0.0125306
0 0.0779046 0.212448 0.155809 0.325732 0.0125051
0 0.849352 0.194273 0.301297 0.344674 0.0124985
0 0.2879 0.0957327 0.305876 0.191465 0.0124546
0 0.0832951 0.370477 0.16659 0.283199 0.0124161
0 0.485312 0.126994 0.251414 0.12697 0.0124033
0 0.492746 0.891259 0.32819 0.217481 0.0123907
0 0.0607425 0.466361 0.121485 0.212824 0.0123789
0 0.287281 0.80748 0.370132 0.281227 0.0123778
0 0.521135 0.281476 0.29229 0.148487 0.012373
0 0.823055 0.347686 0.343846 0.235552 0.0123687
0 0.431248 0.136847 0.29715 0.180563 0.0123669
0 0.892009 0.145925 0.215981 0.291849 0.0123571
0 0.830323 0.218083 0.339355 0.338461 0.0123125
0 0.061024 0.146365 0.122048 0.292731 0.0122884
0 0.429745 0.733576 0.351375 0.231963 0.0122806
0 0.198257 0.818722 0.342281 0.32127 0.0122747
0 0.314825 0.138676 0.334533 0.277352 0.0122521
0 0.589906 0.314978 0.312261 0.21428 0.0122417
0 0.310594 0.183915 0.3357 0.292165 0.0122406
0 0.767711 0.233145 0.316049 0.323215 0.0122332
0 0.513797 0.557592 0.245993 0.1639 0.0122332
0 0.505831 0.624033 0.317209 0.18465 0.0122058
0 0.463683 0.220313 0.312437 0.217318 0.0121976
0 0.303148 0.671263 0.328251 0.202886 0.0121921
0 0.0723173 0.423152 0.144635 0.231416 0.0121872
0 0.488689 0.0955993 0.247464 0.152794 0.0121658
0 0.0495984 0.432543 0.0991968 0.175366 0.0121569
0 0.490524 0.856035 0.344442 0.287931 0.0121458
0 0.0554875 0.778356 0.110975 0.257959 0.0121431
0 0.724143 0.336641 0.343676 0.219119 0.0121379
0 0.55389 0.525672 0.255872 0.176891 0.0121209
0 0.552417 0.860348 0.364184 0.279304 0.0121035
0 0.0501162 0.568154 0.100232 0.166122 0.0120975
0 0.655499 0.261255 0.356442 0.280882 0.0120913
0 0.239321 0.100438 0.296739 0.200876 0.0120904
0 0.428254 0.793823 0.350299 0.25209 0.0120857
0 0.852621 0.279092 0.294758 0.537053 0.0120815
0 0.243309 0.691761 0.307238 0.212465 0.0120578
0 0.495157 0.525643 0.248719 0.175924 0.0120261
0 0.390901 0.629814 0.29732 0.215524 0.0119936
0 0.79906 0.94776 0.290408 0.10448 0.0119405
0 0.576391 0.556908 0.262914 0.166377 0.0119302
0 0.116347 0.419623 0.232694 0.223485 0.0119103
0 0.908493 0.806915 0.183013 0.308913 0.011908
0 0.187853 0.283883 0.375705 0.295047 0.0118959
0 0.456012 0.560683 0.244852 0.191586 0.0118813
0 0.828193 0.555465 0.282733 0.270841 0.0118735
0 0.878885 0.360903 0.24223 0.510558 0.0118563
0 0.566273 0.897504 0.322812 0.204992 0.0118528
0 0.270287 0.297043 0.251755 0.154274 0.011832
0 0.436875 0.625173 0.327489 0.190187 0.0118284
0 0.333252 0.281855 0.287535 0.146571 0.0118121
0 0.469153 0.481269 0.278137 0.243953 0.0118088
0 0.861752 0.0856546 0.276495 0.171309 0.0118057
0 0.501175 0.662701 0.337378 0.197706 0.0118048
0 0.0582826 0.570071 0.116565 0.2118 0.0117659
0 0.42609 0.87556 0.330167 0.195778 0.0117485
0 0.761637 0.382661 0.263624 0.172878 0.0117463
0 0.793652 0.409647 0.212623 0.185309 0.0117363
0 0.232533 0.507679 0.465065 0.199521 0.0117336
0 0.727129 0.918614 0.241821 0.162773 0.0117327
0 0.499658 0.728398 0.339855 0.222907 0.0117084
0 0.0428783 0.46848 0.0857566 0.137253 0.0117018
0 0.471372 0.304634 0.360545 0.195318 0.0116935
0 0.362401 0.870104 0.327495 0.183007 0.0116905
0 0.74187 0.41958 0.166037 0.174246 0.0116831
0 0.822148 0.0819435 0.295487 0.163887 0.0116627
0 0.424931 0.28194 0.456233 0.140459 0.0116619
0 0.940476 0.710877 0.119047 0.196933 0.011659
0 0.747801 0.105738 0.318303 0.211475 0.011652
0 0.0668758 0.334059 0.133752 0.318766 0.0116152
0 0.0908343 0.32004 0.181669 0.322114 0.0116067
0 0.643356 0.668324 0.351639 0.204757 0.0115823
0 0.650991 0.320679 0.34466 0.226237 0.0115743
0 0.0583101 0.524347 0.11662 0.227957 0.0115576
0 0.102132 0.208093 0.204264 0.309717 0.0115569
0 0.122237 0.385216 0.244475 0.270084 0.0115569
0 0.576461 0.671964 0.347917 0.20942 0.0115551
0 0.351917 0.752001 0.370794 0.273703 0.011533
0 0.473603 0.102212 0.315424 0.204424 0.0115303
0 0.139988 0.341654 0.279975 0.323704 0.01153
0 0.0767849 0.695817 0.15357 0.190968 0.0115231
0 0.571261 0.743546 0.353506 0.248345 0.0115229
0 0.183548 0.344017 0.367096 0.263245 0.0115058
0 0.354833 0.805839 0.358821 0.276566 0.0114589
0 0.930509 0.959144 0.138981 0.0817123 0.0114568
0 0.317797 0.307492 0.451981 0.211151 0.0114561
0 0.0599667 0.612314 0.119933 0.143854 0.0114371
0 0.896899 0.0983642 0.206202 0.196728 0.0114271
0 0.720377 0.947783 0.287894 0.104435 0.0114243
0 0.0450735 0.518831 0.0901469 0.183074 0.0114138
0 0.670361 0.91846 0.239546 0.163081 0.0114092
0 0.23793 0.406406 0.291816 0.27253 0.0113974
0 0.721557 0.386618 0.199642 0.160781 0.0113818
0 0.0667343 0.11018 0.133469 0.22036 0.0113796
0 0.604422 0.37571 0.281599 0.162007 0.0113627
0 0.744032 0.871598 0.363758 0.256804 0.0113413
0 0.985392 0.970572 0.0292156 0.058855 0.0113369
0 0.784177 0.157322 0.311897 0.252243 0.01133
0 0.0599639 0.087965 0.119928 0.17593 0.0113247
0 0.5351 0.225252 0.285116 0.219841 0.0112968
0 0.772871 0.666924 0.333121 0.188856 0.0112967
0 0.157816 0.389211 0.315633 0.262437 0.0112931
0 0.138436 0.6549 0.265768 0.243048 0.0112901
0 0.947666 0.0956372 0.104667 0.191274 0.0112863
0 0.0712534 0.636918 0.142507 0.158199 0.011276
0 0.856197 0.529159 0.287606 0.63729 0.0112729
0 0.645468 0.635672 0.327785 0.200382 0.0112569
0 0.240458 0.767928 0.338512 0.302367 0.0112506
0 0.95764 0.879885 0.0847202 0.170538 0.011246
0 0.705784 0.744244 0.367397 0.253526 0.0112431
0 0.513427 0.591179 0.277078 0.192276 0.0112258
0 0.984202 0.10737 0.0315964 0.214741 0.0112145
0 0.444235 0.0861931 0.252672 0.172386 0.0112075
0 0.681609 0.125271 0.325502 0.250543 0.011189
0 0.391881 0.379563 0.324281 0.156422 0.0111864
0 0.742051 0.523037 0.240712 0.180652 0.0111601
0 0.134928 0.0998686 0.269856 0.199737 0.0111312
0 0.964936 0.909926 0.0701289 0.167357 0.0111117
0 0.530126 0.104316 0.314944 0.208632 0.0111065
0 0.0573212 0.704383 0.114642 0.203692 0.0111027
0 0.756528 0.82173 0.374874 0.330978 0.0111
0 0.775174 0.903559 0.246778 0.192883 0.0110928
0 0.28361 0.282228 0.302824 0.156223 0.0110719
0 0.303504 0.646996 0.264494 0.198779 0.0110702
0 0.954784 0.85489 0.0904315 0.261021 0.0110543
0 0.137065 0.725441 0.274131 0.249771 0.0110431
0 0.804815 0.91342 0.222834 0.17316 0.0110311
0 0.250878 0.447513 0.305281 0.300938 0.0110063
0 0.512822 0.980949 0.325531 0.0381026 0.0110029
0 0.189948 0.715037 0.277793 0.23521 0.0109948
0 0.538062 0.457971 0.267096 0.181874 0.0109643
0 0.015219 0.136845 0.0304381 0.27369 0.0109561
0 0.792336 0.530897 0.264254 0.196811 0.0109499
0 0.980076 0.718668 0.0398487 0.17399 0.010946
0 0.141666 0.762562 0.283332 0.278294 0.0109385
0 0.665235 0.951275 0.292388 0.0974493 0.0109375
0 0.653321 0.52059 0.269511 0.192889 0.010917
0 0.361762 0.139797 0.323331 0.263712 0.010901
0 0.338983 0.562192 0.357674 0.212081 0.0108954
0 0.14985 0.423622 0.276262 0.265577 0.0108649
0 0.917137 0.88948 0.165726 0.221039 0.0108625
0 0.593309 0.974964 0.315098 0.050073 0.0108564
0 0.18631 0.232392 0.350456 0.293216 0.0108508
0 0.835074 0.853031 0.329851 0.293937 0.0108265
0 0.444835 0.975593 0.335997 0.0488131 0.0108113
0 0.321137 0.309839 0.288304 0.200037 0.0108079
0 0.909729 0.116561 0.180542 0.233121 0.0107822
0 0.982282 0.757525 0.0354369 0.192679 0.0107735
0 0.0109183 0.0965715 0.0218365 0.193143 0.010769
0 0.241899 0.538517 0.483798 0.187144 0.0107512
0 0.68272 0.824597 0.379078 0.335775 0.0107453
0 0.870366 0.857432 0.259268 0.285137 0.010729
0 0.118177 0.471387 0.236353 0.188712 0.0107108
0 0.419076 0.529561 0.307335 0.17844 0.0107015
0 0.726749 0.490781 0.23638 0.111556 0.0106963
0 0.249507 0.327031 0.28623 0.222974 0.010695
0 0.894997 0.281836 0.210005 0.45224 0.0106917
0 0.606465 0.437581 0.283911 0.171328 0.0106123
0 0.91233 0.85426 0.175341 0.291479 0.0106034
0 0.847042 0.895649 0.305916 0.208703 0.0105681
0 0.407639 0.481388 0.330486 0.230858 0.0105403
0 0.988717 0.862294 0.0225667 0.223203 0.0105242
0 0.0567195 0.651014 0.113439 0.14734 0.0104986
0 0.249351 0.650123 0.262284 0.198153 0.0104809
0 0.986877 0.892396 0.026247 0.156877 0.0104626
0 0.0483763 0.878726 0.0967527 0.171184 0.0104509
0 0.250386 0.286171 0.302049 0.250765 0.0104487
0 0.244753 0.845266 0.351136 0.25115 0.0104243
0 0.156757 0.811311 0.313514 0.298628 0.0103966
0 0.101405 0.929397 0.20281 0.141205 0.0103485
0 0.625834 0.228751 0.321499 0.252901 0.0103046
0 0.0267486 0.216345 0.0534971 0.301396 0.0102858
0 0.161024 0.488005 0.241541 0.172971 0.0102818
0 0.334185 0.948237 0.33447 0.103525 0.0102374
0 0.302675 0.398185 0.318846 0.176265 0.0102153
0 0.308977 0.86814 0.322916 0.175266 0.0101968
0 0.231524 0.464706 0.463047 0.237758 0.0101929
0 0.0174594 0.396161 0.0349189 0.263551 0.0101696
0 0.874046 0.89166 0.251907 0.21668 0.010159
0 0.862132 0.959099 0.275737 0.0818029 0.0101264
0 0.298296 0.224489 0.320855 0.264219 0.0101021
0 0.474135 0.354652 0.327374 0.186509 0.010096
0 0.144867 0.28741 0.289735 0.348823 0.0100924
0 0.135177 0.59612 0.259834 0.278233 0.0100369
0 0.439736 0.906338 0.308943 0.182521 0.0100083
0 0.49883 0.185855 0.448505 0.371711 0.0099958
0 0.895008 0.967712 0.209985 0.0645758 0.00998624
0 0.322086 0.903062 0.31952 0.17766 0.00997396
0 0.629749 0.188363 0.450755 0.376725 0.00994037
0 0.0743953 0.880004 0.148791 0.189684 0.00993159
0 0.512552 0.909753 0.295427 0.180494 0.00992541
0 0.0522926 0.926166 0.104585 0.147668 0.00987747
0 0.122956 0.555765 0.245913 0.231346 0.00987602
0 0.087666 0.813572 0.175332 0.298041 0.00986139
0 0.0784466 0.7558 0.156893 0.263959 0.00985797
0 0 0.0791432 0 0.158286 0.00984131
0 0.387398 0.9579 0.348497 0.0842005 0.00980183
0 0.374871 0.904241 0.318871 0.182909 0.00979898
0 0.789392 0.48723 0.232296 0.106162 0.00978371
0 0.620092 0.494439 0.293277 0.16882 0.0096793
0 0.604158 0.915741 0.262221 0.168518 0.00965832
0 0.204728 0.875918 0.304252 0.177474 0.00955526
0 0.282412 0.570708 0.273831 0.196251 0.00948357
0 0.0281562 0.279612 0.0563125 0.309969 0.00945758
0 0.519257 0.363203 0.297879 0.185079 0.00944837
0 0.280102 0.945675 0.32322 0.108651 0.00935931
0 0.00856648 0.59297 0.017133 0.261975 0.00922676
0 0.0240463 0.936438 0.0480925 0.127124 0.00922197
0 0 0.806871 0 0.25708 0.00916753
0 0.142623 0.928918 0.285247 0.142164 0.00903253
0 0.00263363 0.635711 0.00526727 0.235239 0.00899423
0 0 0.733526 0 0.245016 0.00897826
0 0.213811 0.508145 0.263314 0.183426 0.00897346
0 0.142473 0.227608 0.284946 0.31494 0.00894915
0 0.0200592 0.891492 0.0401183 0.181176 0.00893699
0 0.0850693 0.852544 0.170139 0.249084 0.00884885
0 0.221376 0.50722 0.419727 0.189554 0.00882616
0 0.2703 0.906385 0.302744 0.163588 0.00877477
0 0 0.675571 0 0.21586 0.00877334
0 0.00619522 0.432388 0.0123904 0.135711 0.00874457
0 0.0108523 0.535077 0.0217047 0.240119 0.00865851
0 0.159856 0.56616 0.212782 0.209585 0.00864427
0 0.54239 0.148706 0.274595 0.210107 0.00863141
0 0.213662 0.549904 0.404346 0.176684 0.00855021
0 0.0855417 0.911709 0.171083 0.176582 0.00850453
0 0.16657 0.843065 0.33314 0.241268 0.00848213
0 0.73304 0.568042 0.266467 0.270685 0.0084277
0 0.194661 0.944773 0.280202 0.110454 0.00842617
0 0.00662814 0.469696 0.0132563 0.13151 0.00841585
0 0.206745 0.565901 0.237855 0.199527 0.00840939
0 0.0131697 0.355237 0.0263394 0.313145 0.00838918
0 0.13358 0.149126 0.267159 0.256151 0.00819496
0 0.914112 0.908439 0.171776 0.183121 0.00818628
0 0.00284294 0.880094 0.00568588 0.239813 0.00816009
0 0.875051 0.909836 0.249898 0.180328 0.0081441
0 0 0.951039 0 0.0979227 0.00803945
0 0 0.852961 0 0.262302 0.00798696
0 0.00741119 0.921146 0.0148224 0.157709 0.00783173
0 0 0.120467 0 0.240935 0.00763015
0 0.19563 0.905109 0.276263 0.16415 0.00751696
0 0.221638 0.602749 0.234799 0.223438 0.00739219
0 0.178221 0.597232 0.218378 0.266434 0.00731172
0 0 0.897437 0 0.190077 0.00705318
0 0 0.160602 0 0.231364 0.00694719
0 0.1994 0.656921 0.240467 0.218944 0.00689565
0 0.151148 0.878527 0.302296 0.177388 0.00654803
0 0.141157 0.914553 0.282314 0.161441 0.00636068
0 0 0.221532 0 0.242748 0.00626172
0 0 0.277251 0 0.238497 0.0054236
0 0 0.923871 0 0.152258 0.005377
0 0 0.337163 0 0.191856 0.00507333
0 0 0.42274 0 0.177434 0.00477252
0 0.092064 0.954615 0.184128 0.0907696 0.00472611
0 0 0.770441 0 0.211908 0.00450612
0 0.504777 0.402063 0.111233 0.0798992 0.00449836
0 0 0.821161 0 0.215602 0.0044739
0 0.165727 0.515707 0.107263 0.0586842 0.00446767
0 0 0.118112 0 0.236224 0.422518
0 0.953699 0.117572 0.092602 0.235144 0.39522
0 0.968043 0.11763 0.0639139 0.235261 0.372024
0 0.0135539 0.116488 0.0271078 0.232976 0.313419
0 0.62116 0.102452 0.167914 0.204904 0.300275
0 0.896095 0.104035 0.1782 0.208071 0.299178
0 0.208348 0.10397 0.17238 0.20794 0.288488
0 0 0.117063 0 0.234126 0.283997
0 0.985884 0.117247 0.0282321 0.234495 0.268743
0 0.920054 0.103923 0.159892 0.207845 0.259312
0 0.734338 0.116087 0.207199 0.232174 0.256162
0 0.347292 0.10111 0.172413 0.202221 0.252652
0 0.827239 0.10443 0.180355 0.20886 0.25116
0 0.0606284 0.0997106 0.121257 0.199421 0.242906
0 0.243555 0.103695 0.171566 0.20739 0.241455
0 0.588196 0.103046 0.173781 0.206092 0.235063
0 0.653822 0.102201 0.172087 0.204403 0.233846
0 0.75911 0.103736 0.178724 0.207473 0.233253
0 0.937732 0.104135 0.124536 0.20827 0.231806
0 0.0429495 0.0974329 0.085899 0.194866 0.229719
0 0.793969 0.104059 0.179721 0.208117 0.228823
0 0.483404 0.104236 0.171283 0.208473 0.2287
0 0.313458 0.101985 0.176082 0.20397 0.223753
0 0.146945 0.117795 0.194066 0.235591 0.223734
0 1 0.100886 0 0.201773 0.22261
0 0.174723 0.104477 0.178301 0.208955 0.220289
0 0.517439 0.104032 0.173532 0.208064 0.216967
0 0.27745 0.103028 0.172073 0.206056 0.211586
0 0 0.104058 0 0.208116 0.209733
0 0.552933 0.103314 0.175731 0.206629 0.20881
0 0 0.101084 0 0.202169 0.203779
0 0.739067 0.898727 0.204203 0.166736 0.199284
0 0.850552 0.118052 0.236432 0.236104 0.193385
0 0.989996 0.101891 0.0200082 0.203782 0.188373
0 0.380615 0.101366 0.169969 0.202732 0.185992
0 0 0.0997213 0 0.199443 0.18564
0 0.449694 0.103648 0.173222 0.207296 0.185409
0 0 0.103268 0 0.206535 0.183325
0 0.689128 0.102683 0.175594 0.205367 0.182465
0 0.107009 0.104565 0.179055 0.20913 0.178724
0 0.63248 0.11759 0.218222 0.235181 0.17803
0 0.00925501 0.0976372 0.01851 0.195274 0.173272
0 0.0787453 0.102676 0.157491 0.205352 0.169781
0 0.676145 0.116971 0.24283 0.233942 0.166746
0 0.415812 0.102752 0.168973 0.205504 0.162335
0 0.113313 0.128908 0.224256 0.257815 0.156288
0 1 0.0987014 0 0.197403 0.15312
0 0.0263056 0.0963143 0.0526112 0.192629 0.145376
0 0.878666 0.128132 0.242667 0.256264 0.115874
0 0.582546 0.11765 0.243636 0.235301 0.111884
0 0.959298 0.0895797 0.081404 0.179159 0.10028
0 0.718733 0.130148 0.271033 0.260296 0.0987501
0 0.295253 0.128196 0.233947 0.256392 0.0947977
0 0.0899036 0.127148 0.179807 0.254295 0.0874234
0 0.911859 0.122615 0.176282 0.245229 0.073812
0 0.558824 0.626922 0.225111 0.314809 0.0682501
0 0.342722 0.130196 0.271202 0.260392 0.0665071
0 0.777222 0.130056 0.254835 0.260112 0.0661836
0 0.458652 0.126205 0.211882 0.25241 0.0640279
0 0.638019 0.13025 0.309561 0.2605 0.0616479
0 0.547282 0.129534 0.274711 0.259069 0.0575688
0 0.874256 0.206106 0.250795 0.315655 0.0564909
0 0.417775 0.129012 0.225628 0.258024 0.0545294
0 1 0.896766 0 0.206467 0.0542482
0 0.874081 0.091325 0.188618 0.18265 0.0518676
0 0.739151 0.870113 0.196827 0.242639 0.0503385
0 0.737058 0.905149 0.205255 0.189702 0.0502296
0 0.837896 0.141535 0.292243 0.28307 0.0500728
0 0 0.143566 0 0.287131 0.0489279
0 0.908005 0.867739 0.183991 0.264523 0.0470299
0 0.718776 0.598188 0.202268 0.317853 0.0465958
0 0.0553648 0.127915 0.11073 0.255831 0.0457245
0 0.606893 0.618604 0.240141 0.280982 0.0457067
0 0.756233 0.600627 0.191584 0.314242 0.0425905
0 0.0858902 0.864353 0.17178 0.271294 0.0423043
0 0.886401 0.858571 0.179614 0.282859 0.0416502
0 0.34172 0.858458 0.318422 0.283084 0.0414289
0 0.12182 0.86153 0.235877 0.27694 0.0409528
0 0.44225 0.846571 0.32989 0.306857 0.0407002
0 0.684915 0.604111 0.202114 0.303929 0.0402441
0 0.159335 0.142872 0.317289 0.285744 0.039671
0 0.00130765 0.908203 0.00261531 0.183594 0.0381184
0 0.654987 0.615313 0.200322 0.283567 0.037992
0 0.774206 0.148269 0.312159 0.296539 0.0375489
0 1 0.856244 0 0.287512 0.0374869
0 0.681189 0.869462 0.0978289 0.261077 0.0371523
0 0.381097 0.846129 0.338374 0.307741 0.0370668
0 0 0.292698 0 0.338697 0.0363565
0 0.25738 0.902509 0.296475 0.194983 0.0362417
0 0.967763 0.869803 0.0644744 0.260393 0.035794
0 0.950694 0.869528 0.0986129 0.260945 0.0356218
0 0.945896 0.61785 0.108209 0.33196 0.0355465
0 0.954895 0.134783 0.09021 0.269567 0.0352248
0 0.0673331 0.125498 0.134666 0.250995 0.0351282
0 0.492451 0.626862 0.235627 0.317112 0.0340926
0 1 0.660807 0 0.291726 0.0338416
0 0.084581 0.215324 0.169162 0.338593 0.0329111
0 0.0869242 0.364155 0.173848 0.338159 0.0328614
0 0.905465 0.878538 0.187273 0.242924 0.0326996
0 0.402088 0.63632 0.281758 0.347522 0.0323189
0 0 0.218776 0 0.33509 0.0320704
0 0.877967 0.255461 0.244065 0.326602 0.031962
0 0.936505 0.85242 0.126989 0.29516 0.0319115
0 0.3941 0.464367 0.326391 0.333616 0.0317302
0 0.109247 0.834576 0.218495 0.330848 0.0315859
0 0.233768 0.605561 0.319889 0.328094 0.031558
0 0.359874 0.663718 0.255931 0.34194 0.0315159
0 0.515529 0.883011 0.336134 0.233977 0.03144
0 0.114577 0.155275 0.229154 0.310551 0.0312423
0 0.293907 0.871848 0.313226 0.256305 0.0308005
0 0.20861 0.903659 0.262664 0.192682 0.0303651
0 0.785043 0.860052 0.199582 0.265321 0.0300155
0 0.707341 0.146649 0.238146 0.293298 0.0299351
0 0.97206 0.893721 0.0558805 0.212558 0.0289646
0 1 0.695373 0 0.312824 0.0288967
0 0.399149 0.870821 0.319029 0.258358 0.0286452
0 0.307746 0.688194 0.226021 0.342506 0.0286238
0 0.551195 0.167161 0.289676 0.334322 0.0286128
0 0.86197 0.142866 0.276061 0.285731 0.0284461
0 0.0825484 0.712662 0.165097 0.338165 0.0281233
0 0 0.889791 0 0.220417 0.0279892
0 0.878827 0.543224 0.242347 0.331046 0.0279248
0 0.147788 0.833107 0.231787 0.333786 0.0279067
0 0.0844744 0.787818 0.168949 0.332745 0.0278711
0 0.315402 0.637945 0.253648 0.347503 0.0278125
0 0.0656648 0.869061 0.13133 0.261879 0.0276764
0 0.553209 0.217852 0.34821 0.291644 0.0276061
0 0.711499 0.150452 0.33679 0.300904 0.02743
0 0.0969526 0.889108 0.193905 0.221785 0.0265373
0 1 0.215183 0 0.315435 0.0257463
0 0.0723216 0.894713 0.144643 0.210574 0.0256423
0 0.692105 0.601979 0.107033 0.244305 0.025584
0 0.52656 0.639793 0.229673 0.341507 0.0255662
0 0.932955 0.156018 0.134091 0.312036 0.0253483
0 0.173142 0.636809 0.346285 0.349741 0.0250732
0 0.544701 0.813183 0.31795 0.34647 0.0250536
0 0.0932354 0.263944 0.186471 0.341358 0.0249846
0 0.792524 0.636772 0.222709 0.346197 0.0249638
0 0.741617 0.617182 0.260426 0.336324 0.0248217
0 0.440812 0.624577 0.215608 0.322336 0.0247721
0 0.464071 0.231341 0.240242 0.270424 0.024708
0 0.951072 0.815828 0.0978552 0.328517 0.0246754
0 0.937209 0.890751 0.125582 0.218498 0.0240084
0 0.693421 0.786019 0.262176 0.325443 0.0239688
0 0.874023 0.571478 0.237149 0.326508 0.0239586
0 0.656573 0.596656 0.0976213 0.224436 0.0239188
0 0.23201 0.859386 0.268541 0.281227 0.0238455
0 0 0.0905221 0 0.181044 0.0238069
0 1 0.162985 0 0.32515 0.023742
0 0.84155 0.961861 0.143273 0.0762781 0.0237405
0 0.934225 0.685602 0.13155 0.341614 0.023654
0 0.952201 0.664436 0.0955976 0.336106 0.023309
0 0.10531 0.765108 0.21062 0.341281 0.0233077
0 0.097008 0.63882 0.194016 0.341558 0.0231936
0 0.911407 0.137267 0.177187 0.274534 0.0229915
0 0 0.168686 0 0.337304 0.0229108
0 0.188008 0.848294 0.23381 0.303412 0.0228992
0 0.643951 0.786177 0.233477 0.331604 0.0228352
0 0.879157 0.1674 0.241685 0.334801 0.0226338
0 0.114064 0.685784 0.228128 0.348069 0.0224911
0 0.12329 0.214621 0.24658 0.34275 0.0224535
0 0.449798 0.88187 0.337735 0.236259 0.0224168
0 1 0.0778743 0 0.155749 0.0223341
0 0.88134 0.816792 0.227119 0.32419 0.0223021
0 0.953268 0.764291 0.0934639 0.334018 0.0222855
0 0.84524 0.156444 0.240272 0.312888 0.0222506
0 0.743692 0.165758 0.233964 0.291522 0.0221952
0 0.311714 0.462313 0.362024 0.334536 0.0220712
0 0.276638 0.848298 0.275788 0.303405 0.0219968
0 0.315752 0.367793 0.255679 0.258603 0.0219508
0 0.937054 0.736748 0.125892 0.338748 0.0217522
0 0.532179 0.857017 0.219719 0.285965 0.021728
0 1 0.270512 0 0.30345 0.0216945
0 1 0.632814 0 0.282798 0.021691
0 0.175718 0.810486 0.216879 0.341993 0.021665
0 0.922621 0.907528 0.154757 0.184945 0.0214833
0 0 0.768852 0 0.336944 0.0214627
0 0.494987 0.832209 0.297428 0.335582 0.0213983
0 0.830298 0.616927 0.235375 0.338489 0.0213244
0 0.846176 0.905281 0.156192 0.189438 0.021306
0 0.670191 0.162458 0.304946 0.324916 0.0210623
0 0 0.837533 0 0.324934 0.0209784
0 0.860599 0.933081 0.124358 0.133839 0.0209636
0 1 0.793974 0 0.326928 0.0209483
0 0.0592813 0.167184 0.118563 0.334369 0.0209221
0 0.875905 0.491874 0.248191 0.339524 0.0207071
0 0.00592018 0.669001 0.0118404 0.309316 0.0206473
0 0 0.693543 0 0.336737 0.0206471
0 0.163854 0.903698 0.244587 0.192604 0.0205786
0 0.0848995 0.563629 0.169799 0.339496 0.0204576
0 0.00931446 0.898051 0.0186289 0.203899 0.0200664
0 0.249714 0.363957 0.212289 0.267039 0.0197922
0 0.792836 0.588265 0.186737 0.286019 0.0197553
0 0.825397 0.580647 0.204277 0.305476 0.0197519
0 0.401493 0.685437 0.254216 0.34279 0.0197274
0 0 0.34321 0 0.336805 0.0196803
0 0.379873 0.513549 0.356538 0.343083 0.0196363
0 0.95425 0.195871 0.0914997 0.30708 0.0195989
0 0.988313 0.907442 0.0233731 0.185116 0.0193628
0 0.140174 0.563995 0.27958 0.344801 0.0192907
0 0.650648 0.93294 0.181246 0.134119 0.019174
0 0.0706538 0.58981 0.141308 0.339455 0.0191596
0 0.708012 0.595053 0.0697507 0.221531 0.0191077
0 0.0668276 0.66375 0.133655 0.335793 0.0190309
0 0.966358 0.839868 0.0672833 0.320263 0.0189361
0 0.236065 0.141854 0.272371 0.283708 0.018917
0 1 0.135354 0 0.270709 0.0187701
0 0.887651 0.907594 0.197397 0.184812 0.0187144
0 0.880034 0.661255 0.230641 0.342177 0.0186747
0 0 0.618594 0 0.33557 0.018673
0 0.0695602 0.339906 0.13912 0.338761 0.018585
0 0.545778 0.900784 0.256873 0.198432 0.0183557
0 0 0.890126 0 0.219748 0.0183002
0 0.989247 0.629633 0.0215059 0.300968 0.0181903
0 0.0374 0.142881 0.0748 0.285762 0.0180997
0 0.903281 0.816658 0.193439 0.325589 0.018036
0 0.402031 0.456818 0.187827 0.292809 0.018011
0 0.320427 0.831412 0.282797 0.337176 0.0180007
0 0.898558 0.202278 0.202884 0.31142 0.0179544
0 0 0.543665 0 0.335256 0.0179469
0 0.00666135 0.722547 0.0133227 0.307966 0.0178874
0 0.849444 0.708946 0.245917 0.337579 0.0178713
0 0.417423 0.787323 0.272425 0.345304 0.0178674
0 0.0864127 0.462235 0.172825 0.345148 0.0178582
0 0.668457 0.178822 0.223779 0.325975 0.0178482
0 0.82508 0.860077 0.197419 0.279846 0.0177846
0 0 0.4688 0 0.334988 0.0177441
0 0.0467844 0.124921 0.0935688 0.249842 0.0176424
0 0.306013 0.373497 0.344702 0.312674 0.0176369
0 0.986564 0.866361 0.0268716 0.267278 0.0176284
0 1 0.324484 0 0.294904 0.0175762
0 0.457991 0.813787 0.285723 0.344384 0.0175521
0 0.077243 0.389154 0.154486 0.341656 0.0175127
0 0.47476 0.249628 0.183333 0.230168 0.0175015
0 0.0463516 0.88397 0.0927031 0.232059 0.0174472
0 0.886127 0.761555 0.227747 0.335552 0.0173796
0 0.972333 0.665412 0.0553338 0.331864 0.0172705
0 0.592256 0.78391 0.333694 0.352017 0.0172701
0 0.873427 0.952672 0.177718 0.0946568 0.0172451
0 0.114368 0.464326 0.227108 0.342065 0.0171701
0 0 0.890821 0 0.218359 0.0171557
0 0.796677 0.817818 0.229843 0.335593 0.0171274
0 0.84198 0.818407 0.221568 0.326384 0.0171025
0 0.1746 0.926921 0.253572 0.146158 0.0169945
0 0.956625 0.909528 0.0867508 0.180945 0.0169272
0 0 0.914852 0 0.170296 0.0168386
0 0.0534455 0.764619 0.106891 0.322081 0.0168082
0 0.964919 0.594445 0.0701618 0.326343 0.0167031
0 0.0711257 0.264763 0.142251 0.337096 0.016571
0 0.230595 0.341272 0.24934 0.326858 0.016496
0 0.482242 0.166241 0.355027 0.332482 0.0164712
0 0.0716287 0.737984 0.143257 0.334246 0.0164555
0 0.0287461 0.664842 0.0574923 0.320098 0.0163941
0 0.299025 0.146041 0.299281 0.292082 0.0162936
0 0.347263 0.413675 0.350613 0.32999 0.0162763
0 0.0558682 0.689846 0.111736 0.333956 0.0162657
0 0.0214642 0.313485 0.0429285 0.323183 0.0161997
0 0.136871 0.363517 0.271942 0.343384 0.0161482
0 0.407072 0.603137 0.220128 0.317668 0.0161205
0 0.928407 0.642683 0.143186 0.333122 0.0161104
0 0.0118915 0.592564 0.0237829 0.318969 0.0160727
0 0.678585 0.896166 0.0922416 0.207669 0.0159587
0 0.0498588 0.816591 0.0997176 0.321128 0.0158981
0 0.295594 0.913659 0.229055 0.172683 0.0158907
0 0.5748 0.848815 0.25472 0.302371 0.0157643
0 0.0628073 0.539225 0.125615 0.335792 0.0156771
0 1 0.243618 0 0.308574 0.01562
0 0.986691 0.150172 0.0266179 0.300344 0.0156173
0 0.384227 0.813741 0.277044 0.344616 0.015588
0 0.956624 0.54296 0.0867529 0.334482 0.0155245
0 0.344266 0.901083 0.271247 0.197834 0.0154929
0 1 0.534717 0 0.273913 0.0154925
0 0.277504 0.925558 0.251788 0.148884 0.0154408
0 0.751374 0.746495 0.30284 0.295282 0.015432
0 0.0468771 0.855884 0.0937542 0.288232 0.0153835
0 1 0.739319 0 0.337203 0.0153776
0 1 0.0804639 0 0.160928 0.0153681
0 0 0.774251 0 0.309338 0.0153255
0 0.24617 0.810883 0.213192 0.347797 0.0153218
0 0.506826 0.212051 0.331517 0.334998 0.0152982
0 0.915502 0.789776 0.168997 0.334206 0.0152567
0 0.751618 0.572763 0.11289 0.257247 0.0152494
0 0.161893 0.2613 0.323787 0.349818 0.0150933
0 0.271542 0.664071 0.227132 0.343845 0.0150591
0 1 0.585893 0 0.274188 0.0150127
0 0.583252 0.659194 0.258186 0.352567 0.0149969
0 0.340571 0.159303 0.342421 0.318606 0.0149929
0 1 0.845479 0 0.277328 0.014978
0 0.0457788 0.260904 0.0915576 0.327059 0.0149372
0 0.474562 0.914695 0.23861 0.17061 0.0149336
0 0 0.925888 0 0.148224 0.0149147
0 0.556989 0.596746 0.125479 0.227155 0.0147814
0 0.123409 0.915455 0.234124 0.169091 0.0147164
0 0.113572 0.926431 0.227145 0.147138 0.0146644
0 0.432955 0.151245 0.308396 0.30249 0.0146009
0 0.581141 0.211537 0.271443 0.334777 0.0145897
0 0.0789514 0.213248 0.157903 0.337938 0.0145402
0 0 0.915299 0 0.169402 0.0144658
0 0.809658 0.963628 0.117396 0.0727441 0.0143875
0 0.140448 0.763022 0.216906 0.347635 0.0143821
0 0.730884 0.890708 0.198859 0.143993 0.914768
0 1 0.103748 0 0.207495 0.0225505
0 0 0.0789521 0 0.157904 0.0190023
0 0.702636 0.875972 0.138967 0.111541 0.0142946
0 0.00679377 0.0798891 0.0135875 0.159778 0.0130176
0 0.965816 0.344088 0.0683678 0.295143 0.0106161
0 0.95768 0.285311 0.0846407 0.285767 0.010226
0 1 0.0958513 0 0.191703 0.00991589
0 0 0.0957877 0 0.191575 0.00977304
0 0.965569 0.39809 0.0688621 0.309048 0.00972474
0 0.949167 0.226215 0.101666 0.241178 0.00917578
0 0.00911263 0.0933716 0.0182253 0.186743 0.00907515
0 0.199574 0.385623 0.0603249 0.129356 0.00880709
0 0.0526313 0.0723863 0.105263 0.144773 0.00855803
0 0.947926 0.468607 0.104148 0.223733 0.00836075
0 0.806334 0.961915 0.387333 0.0761696 0.00809053
0 0.0156891 0.387292 0.0313783 0.283037 0.00800539
0 0.38677 0.114923 0.0690196 0.0962879 0.00797085
0 0.0148408 0.438711 0.0296816 0.271755 0.00792707
0 0.674643 0.957962 0.368298 0.0840765 0.00787627
0 0.013306 0.721681 0.0266121 0.232251 0.00783332
0 0.861962 0.38632 0.276075 0.287162 0.0077118
0 0.0137571 0.675741 0.0275142 0.238309 0.00770806
0 0.732732 0.955698 0.409895 0.0886032 0.00770745
0 0.0145874 0.584144 0.0291748 0.251009 0.00770131
0 0.919889 0.159257 0.160223 0.247662 0.00769912
0 0.0155918 0.331317 0.0311836 0.277886 0.00769471
0 0.733844 0.741202 0.532312 0.324025 0.00764183
0 0.0140847 0.631458 0.0281693 0.24445 0.00762745
0 0.013961 0.775364 0.027922 0.244551 0.00762047
0 0.0145301 0.491036 0.0290603 0.2684 0.00759779
0 0.0139687 0.538645 0.0279374 0.264275 0.00759688
0 0.682928 0.885343 0.322146 0.16426 0.00750424
0 0.406106 0.12106 0.0581026 0.0974027 0.00749318
0 0.233051 0.0674283 0.203384 0.134857 0.00743446
0 0.645523 0.805921 0.424226 0.312982 0.00738502
0 0.110816 0.0781549 0.200391 0.15631 0.00736372
0 0.858682 0.435196 0.282637 0.28081 0.00734981
0 0.813705 0.8377 0.372591 0.306274 0.00732418
0 0.968214 0.156446 0.0635715 0.212999 0.00722721
0 0.841404 0.531753 0.317192 0.287692 0.00722016
0 0.0160661 0.279503 0.0321321 0.277516 0.00717677
0 0.778286 0.79872 0.443427 0.328847 0.0070971
0 0.600061 0.96399 0.409562 0.0720191 0.00709336
0 0.969584 0.508297 0.0608328 0.20193 0.00704268
0 0.019344 0.0935704 0.038688 0.187141 0.00702503
0 0.440476 0.420598 0.0633007 0.0978827 0.00700956
0 0.897617 0.401903 0.204766 0.33098 0.00698814
0 0.594684 0.742703 0.493557 0.325365 0.00696503
0 0.86588 0.325739 0.26824 0.257542 0.00695076
0 0.422507 0.162497 0.0726144 0.0915374 0.00689327
0 0.580709 0.849134 0.410832 0.240509 0.00685805
0 0.968642 0.115404 0.0627153 0.230807 0.00685152
0 0.985559 0.441535 0.0288826 0.294392 0.00683448
0 0.964633 0.0402145 0.0707336 0.0804289 0.00683241
0 0.368502 0.741039 0.584731 0.320037 0.00682887
0 0.22969 0.935025 0.0502678 0.0950924 0.00677462
0 0.865182 0.783788 0.269636 0.302645 0.00677091
0 0.0162261 0.229533 0.0324523 0.276351 0.00675613
0 0.814472 0.89334 0.371056 0.21332 0.0067503
0 0.192374 0.0702462 0.222344 0.140492 0.00670732
0 0.524023 0.964607 0.38866 0.0707855 0.00667613
0 0.767472 0.892267 0.358902 0.185313 0.00665653
0 0.84403 0.365261 0.311939 0.252397 0.00658507
0 1 0.0787539 0 0.157508 0.00652479
0 0.788654 0.913008 0.369916 0.173985 0.00649537
0 1 0.401406 0 0.326399 0.00642413
0 0.997207 0.347103 0.00558649 0.31357 0.00639468
0 0.0490007 0.910241 0.0980015 0.179518 0.00638693
0 0.0798881 0.0734262 0.159776 0.146852 0.00636302
0 0.268972 0.0657103 0.20613 0.131421 0.00635773
0 1 0.0910766 0 0.182153 0.00635408
0 0.645585 0.854974 0.384866 0.226044 0.00634924
0 0.39255 0.0604377 0.217221 0.120875 0.00634854
0 0.464166 0.743671 0.508871 0.32612 0.00633998
0 0.867936 0.880086 0.264127 0.239827 0.00632738
0 0.0162117 0.851108 0.0324235 0.297783 0.00620942
0 0.81354 0.744443 0.37292 0.330186 0.00620922
0 0.632422 0.153779 0.0623829 0.0852801 0.00620049
0 0.866894 0.268931 0.266211 0.247619 0.00619175
0 0.623421 0.0332988 0.0568887 0.0665976 0.0061853
0 0.768381 0.549533 0.463239 0.323098 0.00617092
0 0.888678 0.90537 0.222644 0.18926 0.00616253
0 0.0163686 0.179048 0.0327372 0.276904 0.00615778
0 0.825427 0.698106 0.349146 0.327838 0.00615569
0 0.674338 0.912452 0.335265 0.175096 0.00607234
0 0.211954 0.946139 0.0629556 0.102737 0.00606282
0 0.840879 0.962972 0.318242 0.0740561 0.0060615
0 0.424633 0.417953 0.0809129 0.0885572 0.00605998
0 0.64043 0.0335394 0.0564844 0.0670788 0.00605736
0 0.818597 0.644663 0.362805 0.321472 0.00605513
0 0.076489 0.154107 0.152978 0.27215 0.0060405
0 0.79472 0.593885 0.410561 0.319484 0.00601062
0 0.606007 0.0338295 0.0566293 0.0676589 0.00600729
0 0.950115 0.931647 0.0997698 0.136706 0.00600358
0 0.750537 0.69816 0.498926 0.327913 0.00593841
0 0.670335 0.692825 0.538447 0.318075 0.00593684
0 0.514751 0.912176 0.367284 0.175648 0.00593381
0 0.588667 0.0345927 0.0566232 0.0691855 0.00592214
0 0.00900889 0.0665305 0.0180178 0.133061 0.00587115
0 0.783876 0.843524 0.386796 0.260493 0.00585788
0 0.509787 0.799815 0.435408 0.286743 0.00585573
0 0.834898 0.477629 0.330204 0.263683 0.00584998
0 0.971545 0.565254 0.0569097 0.231419 0.00584674
0 0.327816 0.0618627 0.223649 0.123725 0.00583573
0 0.278049 0.740852 0.492083 0.314022 0.00581494
0 0.915387 0.115102 0.169227 0.230204 0.00580184
0 0.863706 0.910696 0.272588 0.178608 0.00578425
0 0.967202 0.0656125 0.0655966 0.131225 0.00578139
0 0.865847 0.160299 0.268307 0.246761 0.00577606
0 0.427793 0.0633176 0.217708 0.126635 0.00575296
0 0.355988 0.937448 0.427359 0.125104 0.00573207
0 0.418063 0.952475 0.420116 0.0950497 0.00572815
0 0.845712 0.30733 0.308576 0.228146 0.00571508
0 0.846095 0.0632297 0.209585 0.126459 0.00571232
0 0.310438 0.844405 0.567481 0.31119 0.00566637
0 0.628891 0.138197 0.0633477 0.118542 0.00565632
0 0 0.0807726 0 0.161545 0.00565472
0 0.658028 0.174655 0.0812552 0.110691 0.00564528
0 0.571577 0.0351558 0.0558284 0.0703116 0.00564476
0 0.657353 0.0350234 0.0551537 0.0700469 0.00563517
0 0.670083 0.91614 0.344325 0.16772 0.00561721
0 0.915874 0.51946 0.168251 0.258582 0.00559896
0 0.982582 0.932202 0.0348368 0.135597 0.00559236
0 0.457227 0.491732 0.54896 0.312878 0.00557009
0 0.779723 0.0580527 0.202887 0.116105 0.00556923
0 0.671317 0.0663346 0.213436 0.132669 0.00555761
0 0.98466 0.898135 0.0306801 0.203729 0.00555062
0 0.45494 0.875183 0.416663 0.249635 0.00554041
0 0.86546 0.110076 0.269081 0.220152 0.00553485
0 0.445248 0.842432 0.459716 0.29959 0.00549449
0 0.881141 0.0730169 0.218897 0.146034 0.00547409
0 0.432977 0.553032 0.600008 0.33477 0.00546083
0 0.212637 0.383172 0.0646984 0.126879 0.00544992
0 0.87901 0.961203 0.24198 0.077594 0.00544105
0 0.554381 0.0357238 0.0554648 0.0714476 0.00543596
0 0.705984 0.0618902 0.21113 0.12378 0.00541642
0 0.572689 0.656538 0.616839 0.343949 0.00540631
0 0.860802 0.087962 0.278396 0.175924 0.0054039
0 0.338116 0.799027 0.592206 0.285693 0.00540356
0 0.913372 0.948344 0.173255 0.103312 0.00539476
0 0.742663 0.0593409 0.204113 0.118682 0.0053811
0 0.183383 0.75988 0.366766 0.240168 0.00537567
0 0.866935 0.220326 0.266129 0.250233 0.00535956
0 0.537193 0.0363206 0.0546778 0.0726411 0.00535557
0 0.173084 0.927996 0.346168 0.144008 0.00534248
0 0.917085 0.901224 0.165829 0.197552 0.00533043
0 0.530025 0.694249 0.538085 0.318119 0.00532996
0 0.52004 0.0370435 0.0550712 0.0740869 0.00531401
0 0.576537 0.595758 0.59372 0.318156 0.00529811
0 0.411363 0.168772 0.058413 0.0956016 0.00529218
0 0.37836 0.640285 0.58377 0.314076 0.00528031
0 0.911428 0.637962 0.177144 0.313661 0.00527838
0 0.674644 0.0369698 0.0565435 0.0739396 0.00527325
0 0.37309 0.689926 0.564774 0.296968 0.00527204
0 0.331598 0.487893 0.499577 0.30466 0.00527198
0 0.502891 0.0369942 0.055442 0.0739885 0.00527183
0 0.532559 0.393032 0.539755 0.314037 0.00526629
0 0.230791 0.0629348 0.0592494 0.12587 0.00525602
0 0.219166 0.894284 0.417187 0.211431 0.00525246
0 0.795743 0.0365242 0.0559465 0.0730484 0.00524556
0 0.386908 0.590491 0.556142 0.308922 0.00523922
0 0.778657 0.036623 0.0555041 0.073246 0.0052195
0 0.409733 0.185605 0.0608461 0.119566 0.00520662
0 0.840544 0.205931 0.318911 0.223813 0.00519721
0 0.984765 0.764734 0.0304707 0.225711 0.0051879
0 0.222536 0.688999 0.445072 0.30563 0.00515387
0 0.60825 0.491711 0.522087 0.317281 0.00514405
0 0.633969 0.068508 0.217603 0.137016 0.00512826
0 0.485589 0.0363412 0.0552369 0.0726825 0.00512467
0 0.46913 0.440199 0.528304 0.313591 0.00512441
0 0.983384 0.672256 0.0332324 0.243702 0.00510463
0 1 0.0770475 0 0.154095 0.00510441
0 0.76199 0.0369971 0.0547983 0.0739942 0.00507272
0 0.812991 0.0368378 0.0559935 0.0736756 0.00506302
0 0.934385 0.0941907 0.131229 0.188381 0.00505601
0 0.98464 0.715488 0.0307206 0.231911 0.00503397
0 0.326917 0.148726 0.527884 0.297452 0.00502624
0 0.30113 0.372882 0.0522261 0.106931 0.00502487
0 0.495418 0.0648345 0.214906 0.129669 0.00502318
0 0.843892 0.253285 0.312216 0.223401 0.00502034
0 0.411084 0.896658 0.414024 0.206684 0.00501607
0 0.392868 0.295777 0.538221 0.319764 0.00500749
0 0.290092 0.736129 0.0901135 0.0839919 0.00500323
0 0.884452 0.47701 0.0565277 0.143572 0.00500176
0 0.448449 0.41276 0.0673185 0.0916097 0.004993
0 0.792207 0.0905453 0.415585 0.181091 0.00499226
0 0.0108166 0.90061 0.0216332 0.19878 0.00497299
0 0.0137484 0.921546 0.0274968 0.156907 0.00496235
0 0.403506 0.391858 0.514512 0.312112 0.0049402
0 0.616751 0.142888 0.0682817 0.10279 0.00493744
0 0.756544 0.118848 0.486911 0.237696 0.00493335
0 0.187008 0.715003 0.374015 0.264969 0.00492465
0 0.981888 0.824689 0.0362233 0.247472 0.00491992
0 0.227771 0.113353 0.0924442 0.108685 0.00489734
0 0.641964 0.552184 0.593486 0.33275 0.00488547
0 0.200219 0.356467 0.0598914 0.0979517 0.00487879
0 0.979944 0.615441 0.0401118 0.249054 0.0048784
0 0.146048 0.785035 0.0688784 0.116413 0.00486736
0 0.316689 0.378569 0.0586742 0.116281 0.00486552
0 0.744801 0.0371519 0.0546045 0.0743038 0.0048655
0 0.616979 0.437289 0.503486 0.310909 0.00485442
0 0.409399 0.422782 0.0682499 0.102332 0.00485281
0 0.830271 0.0372862 0.0553669 0.0745724 0.00483686
0 0.213786 0.149945 0.062643 0.118017 0.0048335
0 0.26915 0.643372 0.50255 0.320253 0.00483016
0 0.909491 0.778531 0.181018 0.288491 0.00482891
0 0.533859 0.149835 0.520726 0.299669 0.00482277
0 0.416065 0.1295 0.0559082 0.109578 0.00481717
0 0.212503 0.234313 0.0662649 0.128843 0.00479374
0 0.320227 0.544152 0.531299 0.31874 0.00477317
0 0.0900147 0.0378109 0.0535562 0.0756218 0.00476302
0 0.905174 0.843046 0.189651 0.313908 0.00476251
0 0.468372 0.0361201 0.0552845 0.0722402 0.00476002
0 0.691911 0.0374843 0.0557129 0.0749686 0.00474146
0 0.902825 0.0837869 0.194351 0.167574 0.00473479
0 0.690143 0.393952 0.478992 0.315985 0.00473045
0 0.223609 0.936605 0.411256 0.126789 0.00472369
0 0.72766 0.0376291 0.0558554 0.0752582 0.0047121
0 0.196836 0.236892 0.0579768 0.137099 0.00471037
0 0 0.945075 0 0.109849 0.0046911
0 0.847247 0.0374446 0.0545772 0.0748892 0.0046812
0 0.331423 0.24016 0.516892 0.307687 0.00467912
0 0.724286 0.591139 0.551427 0.31176 0.00466334
0 0.909852 0.0774291 0.180296 0.154858 0.00465988
0 0.17143 0.08976 0.342861 0.17952 0.00465282
0 0.639123 0.127485 0.0474601 0.0953175 0.00465194
0 0.802646 0.111086 0.394708 0.222173 0.00464685
0 0.672438 0.662304 0.655125 0.351861 0.00464166
0 0.466199 0.342011 0.531631 0.314935 0.00463271
0 0.75866 0.486253 0.467515 0.305572 0.00462751
0 0.465415 0.240602 0.533488 0.310131 0.00461098
0 0.825637 0.103658 0.348726 0.207316 0.00460395
0 0.562408 0.0643871 0.214795 0.128774 0.00457091
0 0.149469 0.742685 0.298938 0.211461 0.00457007
0 0.695818 0.229014 0.0676562 0.12965 0.00456715
0 0.109149 0.73778 0.218297 0.206067 0.00456504
0 0.131506 0.513554 0.0540081 0.142417 0.00455995
0 0.257369 0.19097 0.508036 0.303579 0.00455779
0 0.543391 0.292517 0.514669 0.314174 0.00455334
0 0.200052 0.948429 0.0569236 0.103141 0.00454926
0 0.10674 0.0374718 0.0535161 0.0749435 0.00453776
0 0.682401 0.177957 0.500503 0.294152 0.00452618
0 0.758672 0.157511 0.478038 0.25471 0.00452587
0 0.709882 0.0377509 0.0551952 0.0755018 0.00451769
0 0.624962 0.121248 0.0706087 0.0830462 0.0045161
0 0.449995 0.430788 0.0637126 0.131412 0.00449864
0 0.978572 0.0701752 0.0428551 0.14035 0.00449822
0 0.0805388 0.911069 0.161078 0.177862 0.00449788
0 0.729712 0.874493 0.163839 0.112988 0.00449747
0 0.253755 0.0912542 0.474329 0.182508 0.00449091
0 0.682045 0.133249 0.504276 0.266499 0.00448517
0 0.390625 0.0907665 0.468155 0.181533 0.00447064
0 0.451153 0.0362383 0.0541832 0.0724766 0.0044697
0 0.946979 0.582276 0.106042 0.262808 0.00446396
0 0.164109 0.0968653 0.0628557 0.138197 0.00446235
0 0.212096 0.505937 0.057614 0.125046 0.0044432
0 0.0736333 0.0387539 0.0539127 0.0775079 0.00444249
0 0.332587 0.337625 0.505493 0.305099 0.00443776
0 0.455465 0.299686 0.063365 0.128401 0.00443699
0 0.436822 0.222674 0.07011 0.110544 0.00442054
0 0.0381168 0.0904541 0.0762337 0.180908 0.00441122
0 0.263478 0.468158 0.0579234 0.142405 0.00441111
0 0.0800643 0.340057 0.160129 0.22446 0.0043963
0 0.599722 0.344144 0.529817 0.317846 0.0043892
0 0.114292 0.282871 0.228584 0.212104 0.00438416
0 0.608043 0.914345 0.376188 0.17131 0.00435862
0 0.369897 0.111541 0.0629732 0.1013 0.00435427
0 0.648878 0.159161 0.0733787 0.0782704 0.00435344
0 0.659603 0.130028 0.0611276 0.105514 0.00434755
0 0.0798149 0.287925 0.15963 0.220402 0.00434615
0 0.25891 0.287542 0.503741 0.300959 0.004344
0 0.184071 0.892995 0.0516875 0.124477 0.00434321
0 0.201052 0.115626 0.0597686 0.106446 0.00434075
0 0.114808 0.332596 0.229616 0.212344 0.00433614
0 0.420894 0.181833 0.0687999 0.120349 0.00431898
0 0.863884 0.0373861 0.053715 0.0747723 0.00431428
0 0.186455 0.837002 0.37291 0.304496 0.0043102
0 0.0804657 0.23668 0.160931 0.221104 0.00429692
0 0.261652 0.11041 0.0753537 0.110969 0.00428896
0 0.187321 0.0986715 0.0527354 0.101378 0.00428881
0 0.808677 0.38107 0.382646 0.291865 0.00428142
0 0.804849 0.436882 0.390301 0.307004 0.00427892
0 0.149963 0.6962 0.299926 0.227782 0.00427179
0 0.231487 0.505128 0.0636326 0.121939 0.00427142
0 0.932697 0.0697329 0.134606 0.139466 0.00427005
0 0.142561 0.896238 0.285122 0.207524 0.00425791
0 0.113089 0.233993 0.226178 0.213088 0.00425275
0 0.0791262 0.39344 0.158252 0.227079 0.00424722
0 0.215794 0.0653706 0.0637506 0.130741 0.00422389
0 0.0828488 0.100932 0.165698 0.201863 0.00421999
0 0.0786968 0.444519 0.157394 0.224885 0.00421563
0 0.697954 0.257625 0.067764 0.125551 0.00421373
0 0.272205 0.382036 0.477036 0.298078 0.00420462
0 0.685279 0.289606 0.478392 0.311108 0.00420323
0 0.948259 0.76612 0.103483 0.237053 0.00420107
0 0.941556 0.672839 0.116888 0.258373 0.00419189
0 0.231631 0.150124 0.067026 0.117924 0.00418517
0 0.934794 0.832779 0.130412 0.269542 0.00416755
0 0.531328 0.0903132 0.461759 0.180626 0.0041637
0 0.73347 0.891611 0.205127 0.151137 0.935955
0 1 0.962312 0 0.0753763 0.00861538
0 1 0.0881943 0 0.176389 0.00833261
0 1 0.943228 0 0.113545 0.00808449
0 0.15727 0.831704 0.314541 0.19292 0.00767048
0 1 0.366497 0 0.29666 0.00759769
0 1 0.59292 0 0.220502 0.00750389
0 0.843851 0.430937 0.312297 0.463908 0.00734085
0 1 0.29211 0 0.298506 0.00733901
0 0.0811091 0.961471 0.162218 0.0770582 0.0072269
0 0.712836 0.939451 0.285546 0.121098 0.00709286
0 0.876368 0.96757 0.247265 0.064859 0.00703981
0 1 0.109591 0 0.219183 0.00701815
0 1 0.242516 0 0.298753 0.00699435
0 0.608129 0.962533 0.350855 0.0749338 0.00688886
0 1 0.192504 0 0.298331 0.00688558
0 0.819823 0.812194 0.35625 0.219099 0.00684508
0 0.948836 0.902315 0.102328 0.195371 0.00684281
0 0.162452 0.797581 0.324904 0.197885 0.00682693
0 0.0996008 0.0932648 0.199202 0.18653 0.0068035
0 1 0.153637 0 0.307274 0.00679386
0 0.878319 0.905321 0.243363 0.189358 0.0067906
0 0.0576662 0.0986397 0.115332 0.197279 0.00677103
0 0.882721 0.789525 0.234558 0.222778 0.00676179
0 0.888424 0.753321 0.223151 0.240977 0.00674589
0 0.837007 0.967879 0.325986 0.0642416 0.00673276
0 0.872963 0.873412 0.254073 0.253176 0.00672967
0 0.41491 0.93946 0.319256 0.121079 0.00672059
0 0.850351 0.288439 0.299298 0.481588 0.0066892
0 0.235118 0.738706 0.336657 0.187897 0.00666069
0 0.408713 0.799892 0.332834 0.198904 0.00663986
0 0.835391 0.705953 0.329219 0.217572 0.00663968
0 1 0.435788 0 0.284172 0.00663038
0 0.397122 0.909788 0.318644 0.180425 0.00661909
0 0.939673 0.859837 0.120655 0.252702 0.00661779
0 0.201479 0.922886 0.304882 0.154228 0.00660445
0 0.835282 0.925716 0.320062 0.148569 0.00658619
0 0.939499 0.782715 0.121001 0.214848 0.00654133
0 0.208142 0.647022 0.416284 0.527025 0.00653334
0 0.482699 0.93965 0.318727 0.120699 0.00653019
0 0.217574 0.82877 0.324937 0.19924 0.00649913
0 0.874403 0.119649 0.251193 0.239298 0.00649205
0 0.117245 0.963374 0.23449 0.073251 0.00648857
0 0.397474 0.857396 0.312866 0.184534 0.00645161
0 0.873341 0.690195 0.253319 0.216083 0.00643097
0 0.48151 0.964659 0.313147 0.0706814 0.00641235
0 0.801881 0.718714 0.39015 0.218968 0.00638311
0 0.271167 0.561986 0.337658 0.17781 0.00637592
0 0.607507 0.725521 0.411582 0.204573 0.00635856
0 0.677218 0.728562 0.401367 0.213241 0.00635098
0 0.935957 0.740836 0.128085 0.21788 0.0063425
0 0.924438 0.429438 0.151123 0.700724 0.00632464
0 0.962963 0.232764 0.0740741 0.465528 0.00631027
0 0.126104 0.100877 0.252207 0.201754 0.00629045
0 0.86605 0.627945 0.267901 0.196107 0.00628619
0 0.831651 0.761719 0.336698 0.245944 0.00623259
0 0.862688 0.172558 0.274625 0.345116 0.00622928
0 0.20649 0.54658 0.412981 0.543801 0.00620647
0 0.203771 0.27365 0.407543 0.317119 0.00620604
0 0.488967 0.118827 0.468721 0.237655 0.00619882
0 1 0.914755 0 0.17049 0.00619801
0 1 0.133095 0 0.266189 0.00618255
0 0.628098 0.117665 0.471058 0.23533 0.00618155
0 1 0.0821337 0 0.164267 0.00618016
0 0.344217 0.905556 0.31192 0.188887 0.00617817
0 0.204407 0.404668 0.408813 0.416254 0.00617431
0 0.836435 0.11417 0.32713 0.22834 0.00615489
0 0.0712817 0.19418 0.142563 0.38836 0.00613639
0 0.249669 0.662108 0.321694 0.182805 0.00611981
0 0.781693 0.753543 0.358552 0.224799 0.0061065
0 0.0842863 0.116011 0.168573 0.232023 0.00610567
0 0.900216 0.587309 0.199568 0.200896 0.00610281
0 0.342405 0.11241 0.447109 0.224819 0.00609537
0 0.203496 0.963757 0.360283 0.0724854 0.00608949
0 0.283044 0.594779 0.338666 0.21813 0.00608474
0 0.011797 0.0956226 0.0235941 0.191245 0.00608387
0 0.203155 0.734856 0.406309 0.427677 0.00607467
0 0.916246 0.930638 0.167508 0.138723 0.00606742
0 0.76622 0.117215 0.467559 0.234431 0.00604288
0 0.372004 0.746366 0.376182 0.173656 0.00604069
0 0.528397 0.715543 0.418492 0.197021 0.00602743
0 0.864373 0.589146 0.271253 0.185812 0.00601065
0 0.91348 0.679277 0.17304 0.211823 0.0060102
0 0.354708 0.794708 0.342193 0.210848 0.0059811
0 0.857002 0.498976 0.285995 0.235508 0.00596228
0 0.210402 0.108181 0.420804 0.216363 0.00595678
0 0.996725 0.175475 0.00654901 0.35095 0.00594158
0 0.85909 0.548718 0.281819 0.1879 0.00591874
0 0.151452 0.89948 0.302904 0.201041 0.00591563
0 0.705576 0.522344 0.342584 0.153993 0.00589409
0 0.757306 0.910661 0.273588 0.178679 0.00588336
0 0.245931 0.691347 0.284761 0.202976 0.00588086
0 0.454341 0.699528 0.412765 0.187864 0.00585721
0 0.985515 0.733589 0.0289693 0.176424 0.00585448
0 0.986626 0.781853 0.0267486 0.172646 0.00584566
0 0.167999 0.105188 0.335998 0.210376 0.00583097
0 0.473317 0.875203 0.32824 0.206724 0.00582843
0 0.565919 0.528246 0.338048 0.142499 0.00581941
0 0.987878 0.524752 0.0242445 0.252186 0.00578707
0 0.191317 0.166438 0.382634 0.294212 0.00577203
0 0.346575 0.837108 0.319295 0.181694 0.00576416
0 0.118037 0.830017 0.236074 0.189671 0.00575681
0 0.429 0.530629 0.340481 0.13768 0.00574627
0 0.832626 0.626008 0.334747 0.195015 0.00574366
0 0.156212 0.80496 0.312424 0.334741 0.00574304
0 0.493712 0.529644 0.331163 0.137844 0.00574226
0 0.982272 0.684105 0.0354557 0.170448 0.00571813
0 0.124295 0.92396 0.24859 0.15208 0.00569935
0 0.832898 0.588331 0.334203 0.18654 0.00569038
0 0.994204 0.926453 0.0115927 0.147095 0.0056897
0 0.890506 0.522989 0.218989 0.27098 0.00567674
0 0.635879 0.525854 0.339303 0.14948 0.00565699
0 0.432827 0.744625 0.379216 0.199417 0.0056568
0 0.500575 0.745017 0.382245 0.212365 0.00565631
0 0.980261 0.629399 0.0394783 0.180751 0.00565184
0 0.193763 0.891068 0.387526 0.203881 0.00564095
0 0.718345 0.745897 0.338379 0.213031 0.00560637
0 0.823143 0.515983 0.32089 0.169985 0.00560341
0 0.527607 0.652555 0.419122 0.240938 0.00557141
0 0.911972 0.336922 0.176056 0.673844 0.00556957
0 0.98244 0.584384 0.0351208 0.195017 0.0055656
0 0.14328 0.108092 0.286561 0.216184 0.00556077
0 0.90896 0.628906 0.18208 0.205264 0.00555056
0 0.987011 0.834864 0.0259779 0.179141 0.0055226
0 0.885441 0.450536 0.229119 0.606432 0.00551555
0 0.772581 0.520008 0.34577 0.156109 0.00550723
0 0.143994 0.293213 0.287987 0.586426 0.00550424
0 0.419247 0.963899 0.324323 0.0722019 0.00550159
0 0.471805 0.912353 0.330426 0.175294 0.00548341
0 0.199203 0.573046 0.398406 0.33411 0.00545963
0 0.776153 0.552793 0.356069 0.171314 0.00543238
0 0.113095 0.191635 0.22619 0.383269 0.00540753
0 0.154837 0.176679 0.309674 0.317867 0.00539988
0 0.769631 0.963053 0.28886 0.0738947 0.00538573
0 0.480604 0.818255 0.339696 0.190023 0.00537614
0 0.959045 0.464095 0.0819102 0.459027 0.00537284
0 0.0457219 0.964311 0.0914438 0.0713788 0.00536784
0 0.180482 0.451732 0.360964 0.312588 0.00535007
0 0.659109 0.914387 0.29762 0.171226 0.00534909
0 0.362473 0.532047 0.333441 0.141072 0.00533239
0 0.826956 0.131125 0.346088 0.26225 0.0052943
0 0.602244 0.654299 0.416654 0.249139 0.0052913
0 1 0.538799 0 0.231833 0.00529019
0 0.114235 0.897528 0.228469 0.204943 0.00528189
0 0.12363 0.135587 0.24726 0.262358 0.00528027
0 0.193804 0.214097 0.387608 0.300886 0.00525649
0 0.302192 0.796951 0.364067 0.225688 0.00524592
0 0.454075 0.650623 0.412135 0.231224 0.00520674
0 0.703848 0.937992 0.281552 0.124016 0.00518183
0 0.505351 0.55207 0.36195 0.167127 0.00515671
0 0.161892 0.401493 0.323784 0.707181 0.00511677
0 1 0.500342 0 0.260534 0.00510947
0 0.107701 0.781439 0.215402 0.208188 0.00509647
0 0.930586 0.960098 0.138828 0.0798042 0.00509563
0 0.717431 0.139921 0.544192 0.279841 0.00505813
0 0.227295 0.487027 0.454591 0.381707 0.0050139
0 1 0.783602 0 0.166522 0.0050126
0 1 0.883852 0 0.16503 0.00499315
0 0 0.912889 0 0.174222 0.00497001
0 0.184897 0.398526 0.369794 0.303048 0.00495682
0 1 0.8329 0 0.167039 0.00494781
0 0.177737 0.500256 0.355473 0.300908 0.00493553
0 0.436551 0.554483 0.364313 0.173424 0.00489462
0 0.648717 0.552189 0.368759 0.16808 0.00486693
0 0.738229 0.638336 0.404158 0.223365 0.0048604
0 0.672321 0.652193 0.406865 0.247148 0.0048406
0 0.358515 0.932755 0.319068 0.13449 0.0048287
0 0.577941 0.551381 0.366661 0.165704 0.00482326
0 0.304537 0.893891 0.336884 0.190571 0.00478359
0 0.00387215 0.963275 0.0077443 0.0734499 0.00475321
0 0.102925 0.878297 0.205851 0.243406 0.00475173
0 0.290278 0.962402 0.341103 0.0751968 0.00472995
0 0.165529 0.748213 0.331058 0.20138 0.0047139
0 0.25025 0.52109 0.331614 0.189653 0.00471254
0 0.165681 0.552692 0.331363 0.710648 0.00470557
0 0.941385 0.246201 0.117231 0.492401 0.004687
0 0.154676 0.0840444 0.0974283 0.0593456 0.00467473
0 0.174369 0.353612 0.348738 0.307239 0.0046587
0 0.580345 0.14153 0.528327 0.28306 0.00464379
0 0.0466849 0.249397 0.0933699 0.498794 0.00461946
0 0 0.978849 0 0.0423018 0.00461699
0 0.381452 0.684995 0.392846 0.187723 0.00460234
0 0.0560868 0.751784 0.112174 0.496433 0.00460195
0 0.632591 0.868257 0.256874 0.207868 0.00455846
0 0.370097 0.556371 0.361591 0.177167 0.00455573
0 0.192465 0.14477 0.384929 0.289539 0.00451012
0 0.960817 0.0853955 0.0783657 0.170791 0.00450745
0 0.060909 0.926037 0.121818 0.147927 0.00447491
0 0.0962353 0.926936 0.192471 0.146127 0.00446212
0 0.822082 0.367694 0.355836 0.330762 0.0044474
0 0.16496 0.672981 0.32992 0.654037 0.00444079
0 0.528392 0.593168 0.409726 0.201107 0.00443599
0 0.171202 0.667852 0.342404 0.190599 0.00443475
0 0.27904 0.13018 0.474742 0.26036 0.00443458
0 1 0.732892 0 0.170269 0.00443014
0 0.311564 0.52953 0.316334 0.163441 0.00442937
0 0.1701 0.477118 0.340199 0.255376 0.00441049
0 0.191808 0.223221 0.383617 0.331322 0.00440687
0 0.364823 0.964015 0.332998 0.0719706 0.00439994
0 0.173852 0.556319 0.347703 0.274134 0.0043788
0 0.431898 0.137413 0.501984 0.274826 0.00435865
0 0.145013 0.772061 0.290025 0.455878 0.00431617
0 0.348542 0.46306 0.328794 0.187013 0.00430691
0 0.747039 0.882195 0.272187 0.212578 0.00430158
0 0.456156 0.595345 0.407471 0.20833 0.00429853
0 0.120676 0.680941 0.241352 0.230936 0.00428172
0 0.168388 0.305112 0.336777 0.302359 0.00426881
0 0.220471 0.473497 0.341361 0.233568 0.0042621
0 0.820403 0.375449 0.359194 0.653144 0.00425231
0 0.806564 0.885407 0.351656 0.217085 0.00424304
0 0.283102 0.922862 0.30547 0.154276 0.00424127
0 0.176677 0.421917 0.353354 0.262941 0.00424126
0 0.823227 0.164141 0.353545 0.269804 0.00423992
0 0.163049 0.255854 0.326098 0.295456 0.00423468
0 0.214064 0.568911 0.338694 0.194786 0.00422002
0 0.819791 0.270728 0.360419 0.343674 0.00421432
0 0.432552 0.222308 0.407694 0.300369 0.00420598
0 0.385097 0.645768 0.400092 0.217386 0.00419934
0 0.444437 0.164617 0.429563 0.307854 0.00419477
0 0.171037 0.624516 0.342074 0.289238 0.00419039
0 0.755233 0.843355 0.309632 0.262993 0.00418191
0 0.820444 0.220307 0.359113 0.299243 0.00418067
0 0 0.908809 0 0.182382 0.0041523
0 0.177515 0.373567 0.355031 0.271851 0.00414045
0 0.526574 0.160677 0.437579 0.308687 0.00411192
0 0.864439 0.284603 0.271122 0.569207 0.00410522
0 0.0969634 0.73412 0.193927 0.222511 0.004099
0 0.0285956 0.82865 0.0571912 0.342699 0.00409496
0 0.509082 0.221565 0.412437 0.309673 0.00409308
0 0.290289 0.46835 0.333718 0.204817 0.00407422
0 0.17947 0.696876 0.281449 0.211189 0.00406755
0 0.41909 0.460208 0.336226 0.175697 0.00404366
0 0.300199 0.17112 0.415825 0.295614 0.00404225
0 1 0.669928 0 0.193636 0.00403802
0 0.169081 0.60637 0.338163 0.239769 0.00401384
0 0.823882 0.454566 0.352237 0.243368 0.00397069
0 0.664028 0.144397 0.466502 0.288793 0.00397005
0 0.667139 0.89556 0.291555 0.162819 0.00394966
0 0.78112 0.141219 0.43776 0.282438 0.00391369
0 0.824349 0.417706 0.351302 0.311658 0.00391014
0 0.0902592 0.268238 0.180518 0.536475 0.00390317
0 0.791438 0.164283 0.40274 0.282819 0.00390152
0 0.635117 0.220449 0.411433 0.299455 0.00390087
0 0.180946 0.323483 0.361892 0.291406 0.0038955
0 0.726546 0.157609 0.413342 0.284314 0.00388397
0 0.686028 0.460999 0.334413 0.198145 0.00386205
0 0.720249 0.267676 0.421976 0.328148 0.00385099
0 0.694507 0.419443 0.365374 0.245995 0.00381186
0 0.589474 0.160587 0.421125 0.285112 0.00379721
0 0.485192 0.41961 0.332432 0.210158 0.00378253
0 0.615446 0.464429 0.324331 0.182971 0.00378105
0 0.349097 0.329509 0.369081 0.264029 0.00375453
0 0.368895 0.166396 0.412737 0.299375 0.00374296
0 0.381978 0.142172 0.456858 0.284344 0.00374179
0 0.433294 0.271731 0.393414 0.284822 0.00374078
0 0.422044 0.419808 0.343133 0.20939 0.0037197
0 0.153106 0.210391 0.306212 0.315313 0.00370952
0 0.358759 0.225904 0.39708 0.294125 0.0037027
0 0.655982 0.158789 0.412823 0.271307 0.00370217
0 0.146867 0.133549 0.293734 0.267097 0.00370135
0 0.702058 0.372428 0.399155 0.289434 0.0036998
0 0.554946 0.420879 0.337378 0.208449 0.00368757
0 0.146792 0.161493 0.293583 0.288094 0.00366908
0 0.4806 0.461294 0.323438 0.174276 0.00366731
0 0.789837 0.267692 0.420327 0.348866 0.00366471
0 0.246043 0.142204 0.444736 0.284407 0.00366264
0 0.359902 0.275588 0.384018 0.277424 0.00365305
0 0.49291 0.377502 0.355403 0.245923 0.00365238
0 0.561974 0.378094 0.358801 0.249281 0.00365198
0 0.34629 0.421722 0.332447 0.211961 0.00364816
0 0.600767 0.594614 0.409723 0.197502 0.0036407
0 0.424859 0.378597 0.356317 0.242026 0.00362859
0 0.42621 0.327684 0.369989 0.265651 0.00361977
0 0.764735 0.455317 0.356002 0.2208 0.00361814
0 0.693482 0.867653 0.288534 0.207644 0.00358073
0 0.388166 0.592889 0.396362 0.215031 0.00357865
0 0.293692 0.227566 0.411779 0.311499 0.00356967
0 0.0291242 0.898422 0.0582484 0.203155 0.00355799
0 0.501439 0.326093 0.363174 0.26317 0.00355602
0 0.706942 0.907462 0.26772 0.185076 0.00352511
0 0.549941 0.463712 0.326743 0.176788 0.00352406
0 0.345793 0.378749 0.346683 0.241964 0.00349625
0 0.620109 0.421587 0.343089 0.21506 0.00348302
0 0.508775 0.270331 0.39609 0.28757 0.0034701
0 0.191036 0.519557 0.336262 0.218263 0.00346003
0 0.567344 0.326899 0.359701 0.25708 0.00344705
0 0.290943 0.422575 0.346992 0.224512 0.00342963
0 0.779544 0.417693 0.396703 0.290762 0.00340684
0 0.667802 0.594943 0.406148 0.191765 0.00339582
0 0.573227 0.271972 0.388594 0.27783 0.00338651
0 0.242875 0.268605 0.416372 0.311692 0.00336412
0 0.624267 0.376892 0.368469 0.258983 0.00335559
0 0.787275 0.368789 0.42545 0.325758 0.00334619
0 0.632138 0.327384 0.377365 0.262892 0.0033456
0 0.641233 0.270247 0.39249 0.282175 0.00332164
0 0.32228 0.647795 0.396477 0.204387 0.00329526
0 0.841821 0.505207 0.249309 0.0687799 0.00326873
0 0.723639 0.916109 0.244349 0.167781 0.00325544
0 0.054169 0.322156 0.108338 0.644312 0.00320353
0 0.568408 0.85253 0.324426 0.22788 0.00318029
0 0.735031 0.893574 0.200354 0.149328 0.960501
0 0.0857745 0.111672 0.171549 0.172726 0.0450734
0 0.835116 0.133525 0.19157 0.111558 0.0319879
0 0.323564 0.636448 0.191353 0.0816896 0.028436
0 0.30274 0.722976 0.167085 0.076769 0.0134844
0 0.25518 0.864433 0.188016 0.124774 0.0129377
0 1 0.951852 0 0.0962956 0.0108661
0 0.995861 0.912048 0.00827873 0.175905 0.0103965
0 0.997898 0.113183 0.00420316 0.226366 0.00958423
0 1 0.961857 0 0.076285 0.00932304
0 1 0.678168 0 0.0907242 0.00869059
0 1 0.702294 0 0.104945 0.0074193
0 0.624772 0.734393 0.256757 0.183906 0.00712172
0 0.0759363 0.236638 0.151873 0.0911842 0.00693339
0 0.356638 0.963913 0.325869 0.0721745 0.00671533
0 0.293651 0.963461 0.319311 0.0730782 0.00669958
0 0.68372 0.952463 0.324497 0.0950741 0.0066552
0 0.418564 0.964781 0.321188 0.0704373 0.00649722
0 0.775201 0.645269 0.156995 0.0939802 0.00644287
0 0.0702458 0.622765 0.140492 0.163807 0.00640153
0 0.0758424 0.289947 0.151685 0.201152 0.00616094
0 0.859843 0.0787938 0.280314 0.157588 0.00612017
0 0.794168 0.46073 0.24088 0.167004 0.00608234
0 0.152646 0.652367 0.253046 0.170727 0.00605372
0 0.717468 0.912754 0.254884 0.174491 0.00594049
0 0.421385 0.941902 0.33742 0.116196 0.00585364
0 0.827187 0.966184 0.345627 0.0676315 0.00578544
0 0.104283 0.861574 0.208566 0.276853 0.00578456
0 0.234497 0.963818 0.304638 0.072364 0.00575131
0 0.828297 0.934312 0.343406 0.131377 0.00571213
0 0.218817 0.833862 0.222253 0.178393 0.00570687
0 0.0121521 0.962289 0.0243043 0.0754214 0.00565583
0 0.323176 0.68363 0.204473 0.164049 0.00561057
0 0.49304 0.939945 0.2988 0.120109 0.00558609
0 0.822533 0.088148 0.354933 0.176296 0.00555797
0 0.00355 0.0794373 0.0071 0.158875 0.00555407
0 0.485911 0.965807 0.314699 0.0683853 0.00551866
0 0.289061 0.692699 0.260845 0.198367 0.0055098
0 0.885329 0.629344 0.229342 0.199737 0.00547114
0 0.105666 0.838089 0.211332 0.172251 0.00544269
0 0.814425 0.858551 0.37115 0.279399 0.00540142
0 0.350328 0.940271 0.350894 0.119458 0.00536258
0 0.647178 0.925613 0.297386 0.148775 0.00535616
0 0.999598 0.797273 0.000803564 0.285764 0.00535262
0 0.29854 0.653256 0.272115 0.173862 0.00534024
0 0.812777 0.510014 0.30552 0.1258 0.00532013
0 0.845067 0.108561 0.28528 0.171307 0.00531883
0 0.871281 0.968629 0.257438 0.0627426 0.00529936
0 0.612265 0.702635 0.287673 0.22289 0.00527698
0 0.820389 0.90169 0.359222 0.196621 0.00527061
0 0.992396 0.968661 0.0152084 0.0626783 0.00526891
0 0.777021 0.610667 0.336259 0.187759 0.00526761
0 0.859966 0.45977 0.26801 0.166558 0.00525921
0 0.993269 0.86055 0.0134626 0.278899 0.00521482
0 0.703584 0.459614 0.191429 0.174886 0.00516415
0 1 0.0750119 0 0.150024 0.0051557
0 0.787281 0.791268 0.425438 0.371028 0.00511278
0 0.285283 0.935788 0.310783 0.128424 0.00509089
0 0.157177 0.702254 0.251727 0.18791 0.00507606
0 0.661703 0.704922 0.333881 0.231728 0.00507447
0 0.779146 0.101432 0.441708 0.202865 0.00506897
0 0.0971996 0.818082 0.194399 0.211632 0.00505966
0 0.850809 0.614341 0.298382 0.199852 0.00504946
0 0.888877 0.935529 0.222247 0.128943 0.00504134
0 0.86151 0.394914 0.276981 0.145718 0.00501991
0 0.780108 0.519612 0.248371 0.112511 0.00501825
0 0.66806 0.622713 0.343938 0.179065 0.00500859
0 0.757796 0.868221 0.278621 0.23102 0.00500484
0 0.121153 0.0885004 0.242306 0.134547 0.00499097
0 0.160607 0.786948 0.287313 0.187271 0.00498622
0 0.94998 0.693692 0.10004 0.253225 0.00497212
0 0.583785 0.962866 0.348912 0.0742672 0.00496526
0 0.65568 0.110613 0.555817 0.221226 0.00495451
0 0.667481 0.44425 0.262702 0.144623 0.00494194
0 0.0802709 0.907132 0.160542 0.185736 0.00494163
0 0.998289 0.748076 0.00342191 0.270642 0.00493132
0 0.820017 0.403673 0.313199 0.164293 0.00492819
0 0.925735 0.0900392 0.14853 0.180078 0.00492322
0 0.12106 0.79468 0.242119 0.297396 0.00492273
0 0.930699 0.899063 0.138602 0.201874 0.0048992
0 0.513411 0.204812 0.264913 0.163231 0.00488471
0 1 0.651798 0 0.114049 0.00488183
0 0.774485 0.69255 0.378095 0.272806 0.00487546
0 0.180849 0.815346 0.26328 0.219383 0.00487342
0 0.531904 0.843295 0.391905 0.313409 0.00486491
0 0.608756 0.768366 0.232803 0.251252 0.00486259
0 0.169743 0.964089 0.288912 0.0718218 0.00486007
0 0.839797 0.691743 0.320405 0.297926 0.00485636
0 0.496337 0.690782 0.314135 0.211176 0.00484357
0 0.270231 0.774617 0.325175 0.190067 0.00481579
0 0.37026 0.636648 0.320846 0.200886 0.00480717
0 0.619825 0.634714 0.292246 0.18019 0.00479536
0 0.519812 0.123362 0.641329 0.246724 0.00479409
0 0.86716 0.872476 0.26568 0.255049 0.00478596
0 0.790585 0.103939 0.375055 0.207877 0.0047725
0 1 0.797908 0 0.161349 0.00476135
0 0.548934 0.804137 0.459463 0.321169 0.00475217
0 0.537453 0.136636 0.339465 0.273273 0.00474729
0 0.887545 0.693132 0.224911 0.262694 0.00473462
0 0.485107 0.912467 0.35177 0.175067 0.00473448
0 0.427575 0.902315 0.398648 0.195369 0.00472132
0 0.751343 0.928093 0.269472 0.143815 0.00472098
0 0.663389 0.785662 0.346906 0.325473 0.00469401
0 0.0442989 0.965931 0.0885978 0.0681372 0.00468709
0 0.874149 0.822538 0.251701 0.354924 0.00468164
0 0.339953 0.684534 0.298748 0.197935 0.00467999
0 0.887833 0.902598 0.224334 0.194804 0.00467969
0 0.816932 0.767217 0.366137 0.405403 0.00467012
0 0.864811 0.264378 0.270378 0.18995 0.004649
0 0.864148 0.307399 0.271704 0.152278 0.00464878
0 0.122154 0.644948 0.244308 0.195684 0.00463174
0 0.371133 0.805295 0.437919 0.272229 0.00462093
0 0.35281 0.898252 0.399853 0.203495 0.00461842
0 0.995705 0.69985 0.00858929 0.249094 0.00460787
0 0.835766 0.434611 0.28336 0.215751 0.00459929
0 0.173603 0.931593 0.268363 0.136815 0.00459573
0 0.833203 0.180171 0.297602 0.124237 0.00456134
0 0.320872 0.768228 0.373998 0.227853 0.00454751
0 0.375659 0.414632 0.119656 0.0845827 0.00454633
0 0.24017 0.93335 0.26261 0.1333 0.00453692
0 0.520584 0.52155 0.264323 0.110982 0.00453164
0 0.905021 0.965857 0.189958 0.0682867 0.00452794
0 1 0.745474 0 0.143899 0.00450988
0 0.107257 0.707243 0.214514 0.189918 0.00450917
0 0.130924 0.964242 0.261847 0.0715166 0.00447842
0 0.760317 0.961153 0.31101 0.0776932 0.0044722
0 0.121948 0.0894032 0.243897 0.178806 0.00446435
0 0.651139 0.851837 0.280713 0.250266 0.00446137
0 0.493504 0.637061 0.258502 0.195393 0.00444692
0 0.80253 0.272106 0.286619 0.204599 0.00442471
0 0.684107 0.526138 0.249349 0.118286 0.0044233
0 0.789025 0.193285 0.288217 0.144512 0.00440524
0 0.26137 0.81018 0.273762 0.232638 0.00440486
0 0.704961 0.11462 0.476748 0.229241 0.00440478
0 0.0850102 0.581183 0.17002 0.0919456 0.0044024
0 0.709819 0.860907 0.252981 0.220403 0.00440177
0 0.783613 0.104288 0.268684 0.196217 0.00438306
0 0.308078 0.281305 0.272432 0.133998 0.00437233
0 0.313101 0.128417 0.25003 0.154746 0.00435762
0 0.751926 0.893844 0.257035 0.167046 0.00433937
0 0.173311 0.588171 0.290009 0.151918 0.00433594
0 0.200297 0.463009 0.256026 0.176701 0.00432961
0 0.00608191 0.90634 0.0121638 0.18732 0.00429066
0 0.385981 0.123213 0.621378 0.246425 0.00428365
0 0.282554 0.907883 0.313503 0.184234 0.00426047
0 0.986833 0.0932761 0.0263331 0.186552 0.00425964
0 0.103618 0.32223 0.207237 0.64446 0.0042542
0 0.31885 0.45804 0.263261 0.172794 0.00425255
0 0.950758 0.764977 0.0984848 0.323179 0.00424787
0 0.871439 0.119511 0.257122 0.206136 0.00422491
0 0.306244 0.52548 0.284574 0.124143 0.00422453
0 0.181607 0.421515 0.27155 0.149453 0.00422431
0 0.762616 0.216684 0.247586 0.187334 0.00419399
0 0.348682 0.523932 0.238408 0.109618 0.00419333
0 0.574275 0.523025 0.268587 0.12046 0.00419063
0 0.589772 0.458144 0.25058 0.176923 0.00418513
0 0.860958 0.484686 0.278084 0.523123 0.00417687
0 0.280515 0.14336 0.282623 0.166959 0.00416585
0 0.576019 0.158327 0.324181 0.196839 0.00415353
0 0.454569 0.775726 0.490846 0.329385 0.00413974
0 0.308438 0.213572 0.255669 0.153672 0.00413891
0 0.659867 0.898331 0.290537 0.165159 0.00413419
0 0.701319 0.209699 0.19816 0.180703 0.0041279
0 0.423755 0.525572 0.272825 0.112601 0.00412456
0 0.570591 0.207674 0.267237 0.167724 0.00408984
0 0.745584 0.388653 0.274293 0.134163 0.00408604
0 0.672021 0.288757 0.253528 0.141586 0.00408272
0 0.587207 0.438529 0.277956 0.134088 0.00407725
0 0.192928 0.509499 0.278958 0.174785 0.00407688
0 0.579791 0.284947 0.272063 0.128741 0.00407434
0 0.159413 0.369493 0.268418 0.151177 0.00406448
0 0.0838857 0.856205 0.167771 0.140935 0.0040575
0 0.13065 0.603767 0.261299 0.172292 0.00404761
0 0.105605 0.931635 0.211209 0.128903 0.00403877
0 0.531959 0.283039 0.286718 0.121916 0.00403738
0 0.318714 0.43038 0.279892 0.127291 0.00402202
0 0.975751 0.594096 0.0484979 0.314282 0.00401784
0 0.912421 0.644802 0.175158 0.22663 0.00400527
0 0.82028 0.309683 0.278059 0.162964 0.00400205
0 0.361456 0.438666 0.23142 0.140265 0.00400199
0 0.883715 0.536993 0.232571 0.362063 0.00399847
0 0.809966 0.1171 0.239901 0.146313 0.00398804
0 0.116036 0.716094 0.232072 0.238667 0.00398744
0 0.0456501 0.770868 0.0913002 0.458263 0.00398741
0 0.250076 0.282568 0.249151 0.134135 0.00398492
0 0.39198 0.211397 0.239707 0.165439 0.00398429
0 0.758568 0.273217 0.252831 0.185177 0.00397935
0 0.12902 0.271163 0.25804 0.274079 0.00397841
0 0.790114 0.233342 0.268411 0.175176 0.00396151
0 0.111522 0.237321 0.223045 0.0964361 0.00394813
0 0.45302 0.840286 0.462289 0.319429 0.00393785
0 0.763509 0.562225 0.181187 0.0797156 0.00393309
0 0.85564 0.527888 0.288721 0.506642 0.00391794
0 0.964502 0.654734 0.0709966 0.264462 0.00390447
0 0.134391 0.0968412 0.268781 0.18631 0.00390271
0 0.672563 0.133597 0.308419 0.163834 0.00389656
0 0.107463 0.446059 0.214925 0.702095 0.00388832
0 0.101029 0.83773 0.202058 0.198766 0.00388062
0 0.302567 0.823979 0.341476 0.206492 0.00387877
0 0.0641788 0.07551 0.128358 0.103457 0.00387866
0 0.132242 0.519935 0.257984 0.165849 0.00386883
0 0.129112 0.291863 0.258224 0.158424 0.00385659
0 0.875392 0.511258 0.249216 0.196588 0.00385181
0 0.244555 0.428835 0.256108 0.134996 0.00384526
0 0.348234 0.290208 0.278463 0.143736 0.00383618
0 0.906798 0.867098 0.186404 0.265804 0.00383141
0 0.376459 0.617585 0.237397 0.20313 0.0038298
0 0.115836 0.423472 0.231672 0.186582 0.00382733
0 0.0603335 0.714104 0.120667 0.571791 0.00380146
0 0.102424 0.926287 0.204848 0.147425 0.0037749
0 0.0742765 0.209962 0.148553 0.145681 0.00377327
0 0.632346 0.817836 0.333487 0.301535 0.0037729
0 0.138817 0.201379 0.277634 0.155304 0.00377276
0 0.122097 0.37753 0.244194 0.162548 0.0037613
0 0.315385 0.355853 0.26853 0.166669 0.00375475
0 0.0243257 0.0913776 0.0486514 0.182755 0.00375374
0 0.644997 0.206565 0.281232 0.166194 0.00375061
0 0.102517 0.751236 0.205034 0.497528 0.00373314
0 0.158419 0.102574 0.316838 0.205148 0.0037253
0 0.230223 0.111628 0.460446 0.223257 0.00371801
0 0.149256 0.759582 0.298512 0.390228 0.00371699
0 0.233524 0.91138 0.276505 0.177241 0.00370093
0 0.123479 0.471745 0.232409 0.197708 0.00367777
0 0.895875 0.610402 0.208249 0.231136 0.003677
0 0.126927 0.399496 0.253855 0.334239 0.00367039
0 0.316242 0.862348 0.231094 0.129932 0.0036603
0 0.960278 0.560479 0.0794441 0.409641 0.00365428
0 0.16802 0.610841 0.249526 0.184985 0.00364321
0 0.310436 0.590143 0.259633 0.21219 0.00362906
0 0.68917 0.830962 0.362662 0.283499 0.00362773
0 0.132651 0.578585 0.265303 0.268683 0.00361959
0 0.123931 0.344614 0.247862 0.295955 0.00361279
0 0.862291 0.192305 0.275418 0.271895 0.00360857
0 0.102416 0.0964152 0.204832 0.19283 0.00360439
0 0.529423 0.458106 0.249983 0.174109 0.00360208
0 0.258166 0.201771 0.25003 0.1551 0.00359873
0 0.45297 0.458443 0.223269 0.177187 0.00358875
0 0.523708 0.610348 0.262332 0.176372 0.00358741
0 0.146703 0.327331 0.248353 0.17334 0.00358097
0 0.170914 0.135441 0.325482 0.177887 0.00356948
0 0.230856 0.583318 0.243699 0.204629 0.00356892
0 0.403994 0.149374 0.438723 0.232985 0.00355046
0 0.658595 0.384476 0.257639 0.130138 0.00353691
0 0.818745 0.331312 0.36251 0.662625 0.00352636
0 0.0455172 0.116315 0.0910345 0.23263 0.00351584
0 0.284386 0.709059 0.138069 0.0995262 0.00350917
0 0.0988756 0.792648 0.197751 0.247217 0.00350611
0 0.542327 0.330105 0.260406 0.208354 0.00348523
0 0.320039 0.123165 0.561273 0.24633 0.00346505
0 0.314113 0.147472 0.314548 0.192616 0.00346269
0 0.0732386 0.823256 0.146477 0.353489 0.00346062
0 0.87818 0.600066 0.24364 0.184807 0.00343901
0 0.76702 0.444678 0.465961 0.594788 0.00342909
0 0.785954 0.545004 0.223817 0.110491 0.00339757
0 0 0.00723494 0 0.0144699 0.00339736
0 0.27276 0.360068 0.247869 0.176593 0.00339701
0 0.484813 0.342246 0.24305 0.192811 0.00332535
0 0.0463031 0.924065 0.0926061 0.151869 0.00331924
0 0.83983 0.402104 0.320341 0.579317 0.00330392
0 0.324599 0.718847 0.203911 0.0879898 0.00329584
0 0.1026 0.882303 0.186404 0.0885607 0.00328321
0 0.366497 0.360076 0.226933 0.177037 0.00327381
0 0.958233 0.145173 0.0835347 0.290346 0.00326991
0 1 0.840162 0 0.176183 0.00326592
0 0.109672 0.595067 0.219343 0.70498 0.00325811
0 0.541718 0.371232 0.269979 0.158238 0.00325471
0 1 0.807201 0 0.0997417 0.00325401
0 0.167524 0.311947 0.335048 0.474749 0.00324468
0 0.918145 0.591334 0.163711 0.327918 0.0032409
0 0.435523 0.609256 0.233978 0.175841 0.00322909
0 0.0688985 0.188101 0.137797 0.376201 0.00322711
0 0.585204 0.323893 0.256811 0.200624 0.00321458
0 0.0321101 0.154245 0.0642202 0.30849 0.00320279
0 0.108815 0.963365 0.21763 0.0732708 0.00319636
0 0.883694 0.449501 0.232611 0.168092 0.00319077
0 0.0775917 0.0811181 0.155183 0.162236 0.00317188
0 0.878272 0.245503 0.243457 0.27364 0.00316956
0 0.073237 0.254044 0.146474 0.122917 0.00316677
0 1 0.831822 0 0.0993517 0.00316146
0 1 0.783337 0 0.0984606 0.00315058
0 1 0.856405 0 0.0985344 0.00311132
0 0.133355 0.202273 0.26671 0.225768 0.00310045
0 0.575221 0.814841 0.177982 0.230842 0.00309633
0 0.12963 0.446897 0.25926 0.323081 0.00308317
0 0.575919 0.610519 0.255449 0.176067 0.0030814
0 0.590148 0.376885 0.274775 0.14522 0.00307576
0 0.876884 0.394974 0.246232 0.238465 0.00306904
0 0.832906 0.280139 0.334187 0.560278 0.00305738
0 0.503196 0.734025 0.237792 0.192916 0.00305511
0 0.0803362 0.782008 0.159559 0.0904186 0.00302486
0 0.10464 0.905051 0.209279 0.189898 0.00301772
0 0.950158 0.141383 0.0996834 0.196848 0.00301053
0 1 0.881475 0 0.0980839 0.00299512
0 0.756845 0.3148 0.232174 0.155551 0.00297404
0 0.121251 0.727238 0.242502 0.169159 0.00293973
0 0.0299902 0.85977 0.0599803 0.280461 0.0029167
0 0.370182 0.398635 0.141143 0.113405 0.0028975
0 0.851467 0.198313 0.297067 0.396627 0.0028936
0 0.667077 0.316281 0.230117 0.175117 0.00288959
0 0.699903 0.610066 0.231747 0.18746 0.00287474
0 0.733487 0.893269 0.201847 0.149758 0.935726
0 0.901152 0.688289 0.190523 0.225464 0.00739913
0 0.998787 0.911201 0.00242671 0.177597 0.00611553
0 0.722304 0.953446 0.25132 0.093108 0.00593038
0 0.362276 0.594155 0.724552 0.398948 0.00589965
0 0.125329 0.491012 0.250658 0.64581 0.00575036
0 0.997745 0.0998039 0.00451004 0.199608 0.00567369
0 0.12368 0.344573 0.24736 0.640459 0.00556093
0 0.125497 0.641518 0.250994 0.644248 0.00550625
0 0.715179 0.959819 0.240089 0.0803616 0.0053886
0 0.612169 0.6479 0.468438 0.277581 0.00529235
0 0.452255 0.63147 0.678225 0.303577 0.00529212
0 0.869193 0.674844 0.261613 0.225485 0.00528589
0 0.880906 0.971151 0.238188 0.057699 0.00489087
0 0.485214 0.562431 0.970428 0.570968 0.00488982
0 0.83081 0.969528 0.299659 0.0609449 0.00482999
0 0.117283 0.759386 0.234566 0.481228 0.00479992
0 0.383817 0.684108 0.249941 0.153721 0.00476335
0 0.765061 0.701907 0.401945 0.212437 0.00474994
0 0.744844 0.604316 0.510312 0.421065 0.00472601
0 0.0421608 0.977796 0.0843215 0.0444084 0.00472543
0 0.3088 0.663113 0.412195 0.283296 0.00468785
0 0.687642 0.647654 0.512851 0.300798 0.0046462
0 0.699086 0.923671 0.270069 0.152659 0.00461306
0 0.85993 0.72612 0.28014 0.198406 0.0046037
0 0.385697 0.664483 0.270297 0.206353 0.00453536
0 0.808658 0.639312 0.382683 0.303493 0.00451233
0 0.605886 0.678783 0.261935 0.193417 0.00447866
0 0.679311 0.959585 0.285331 0.0808306 0.00445305
0 0.576506 0.937169 0.238806 0.125662 0.00438018
0 0.855645 0.77613 0.288711 0.217837 0.00434103
0 0.309709 0.730931 0.10825 0.0725023 0.00429919
0 0.573159 0.923972 0.295499 0.152056 0.00426545
0 0.284801 0.730846 0.122844 0.073279 0.00423955
0 0.464587 0.938147 0.228636 0.123706 0.00423583
0 0.361091 0.706824 0.266654 0.21918 0.00420259
0 0.367524 0.978396 0.287431 0.0432073 0.00419194
0 0.266845 0.794088 0.53369 0.411824 0.00414425
0 0.341585 0.771392 0.3374 0.331765 0.00413815
0 0.0771393 0.978947 0.154279 0.0421051 0.00412847
0 0.339372 0.607353 0.678744 0.49422 0.0040941
0 0.448311 0.923539 0.327783 0.152922 0.00407701
0 0.615294 0.74234 0.266364 0.198016 0.00407503
0 0.383925 0.801146 0.369402 0.394259 0.00405803
0 0.687353 0.559113 0.625294 0.558611 0.00405102
0 0.512404 0.970112 0.30201 0.0597754 0.00405042
0 0.731201 0.917496 0.232821 0.165008 0.00404338
0 0.829748 0.944713 0.304228 0.110574 0.00403162
0 0.42828 0.975993 0.277123 0.0480136 0.00400068
0 0.922574 0.430988 0.154851 0.443922 0.0039987
0 0.950282 0.474859 0.0994361 0.426341 0.00398647
0 0.328995 0.802455 0.588389 0.395089 0.00398362
0 0.926606 0.971128 0.146789 0.0577433 0.00394282
0 0.911471 0.330652 0.177058 0.443484 0.00392294
0 0.619318 0.831625 0.288572 0.237781 0.00391404
0 0.309369 0.771627 0.618739 0.456746 0.00389623
0 0.981145 0.0712614 0.0377092 0.142523 0.00387124
0 0.635744 0.715817 0.28297 0.191582 0.00387062
0 0.974963 0.520335 0.0500744 0.403696 0.00386121
0 0.949417 0.077336 0.101165 0.154672 0.00386
0 0.395501 0.735677 0.273245 0.240259 0.0038536
0 0.326877 0.87269 0.517727 0.25462 0.0038528
0 0.0937575 0.23905 0.187515 0.478101 0.00382488
0 0.892714 0.94237 0.214571 0.115259 0.00382133
0 0.821116 0.879331 0.335719 0.188404 0.00380092
0 0.590368 0.564725 0.819264 0.577058 0.00378836
0 0.955733 0.0973719 0.0885341 0.194744 0.00378248
0 0.579536 0.115935 0.470189 0.23187 0.00377929
0 0.405314 0.93861 0.244171 0.122781 0.00377366
0 0.996896 0.971122 0.00620747 0.0577555 0.00377151
0 0.065179 0.123694 0.130358 0.247388 0.00376766
0 0.512756 0.124485 0.554909 0.248971 0.00375224
0 0.895225 0.676738 0.209551 0.240007 0.00375165
0 0.418937 0.157566 0.837874 0.315131 0.00375162
0 0.941859 0.273933 0.116282 0.428951 0.00374334
0 0.306064 0.978695 0.302372 0.0426107 0.00373322
0 0.381306 0.899996 0.363479 0.200009 0.00371717
0 0.497859 0.0903739 0.401417 0.180748 0.00368786
0 0.758551 0.931263 0.251224 0.137475 0.00368628
0 0.449716 0.423518 0.899432 0.535495 0.00368201
0 0.0821775 0.196444 0.164355 0.392888 0.00367547
0 0.985745 0.567966 0.0285104 0.390199 0.00367181
0 0.939411 0.137218 0.121178 0.274435 0.00367074
0 0.776196 0.137077 0.447609 0.274155 0.00366431
0 0.783348 0.77591 0.351488 0.185596 0.00365376
0 0.0555041 0.564073 0.111008 0.626377 0.00363915
0 0.0560953 0.700499 0.112191 0.599002 0.00362401
0 0.657638 0.121824 0.495529 0.243648 0.00361976
0 0.055677 0.414391 0.111354 0.628346 0.0036091
0 0.99676 0.668196 0.0064801 0.273156 0.00358271
0 0.895728 0.166821 0.208543 0.333643 0.0035685
0 0.351833 0.933504 0.276957 0.132991 0.00356647
0 0.621586 0.218411 0.652048 0.353154 0.00355609
0 0.293074 0.844032 0.586148 0.311936 0.00355206
0 0.161623 0.977528 0.279094 0.0449448 0.00354768
0 0.858682 0.503857 0.282636 0.510808 0.00353691
0 0.227087 0.208753 0.454174 0.417506 0.00353282
0 0.725514 0.13447 0.548972 0.268939 0.00351857
0 0.857372 0.087933 0.285257 0.175866 0.00351449
0 0.704239 0.161071 0.591521 0.322142 0.00350981
0 0.117656 0.978668 0.235312 0.0426632 0.00350764
0 0.687693 0.863125 0.271813 0.220368 0.00346512
0 0.405173 0.222079 0.810347 0.444157 0.00346462
0 0.228543 0.97783 0.296593 0.0443403 0.0034599
0 0.508969 0.872184 0.356334 0.255632 0.00345764
0 0.366831 0.467183 0.733661 0.552881 0.00344861
0 0.83574 0.833912 0.32852 0.246774 0.00344126
0 0.571001 0.0866904 0.350733 0.173381 0.00344073
0 0.99089 0.87274 0.01822 0.254519 0.00343995
0 0.604505 0.144508 0.605691 0.289016 0.00342767
0 0.866643 0.62551 0.266715 0.336447 0.00342086
0 0.0465814 0.880074 0.0931627 0.239852 0.003397
0 0.996963 0.15225 0.00607464 0.3045 0.00339583
0 0.994746 0.170962 0.0105087 0.341925 0.00337293
0 0.449143 0.272833 0.898285 0.545667 0.00337083
0 0.392425 0.82212 0.447545 0.35576 0.00336936
0 0.636089 0.274072 0.727823 0.405248 0.00335285
0 0.985644 0.215121 0.0287119 0.388508 0.00334821
0 0.140771 0.818414 0.281541 0.363172 0.00333656
0 0.549574 0.379636 0.900852 0.512169 0.00332815
0 0.890983 0.792237 0.218033 0.415526 0.00332728
0 0.642463 0.330786 0.715075 0.489727 0.00331554
0 0.265152 0.281335 0.530303 0.528647 0.00331458
0 0.985176 0.666106 0.0296485 0.392493 0.0033089
0 0.759906 0.965145 0.253443 0.0697094 0.00330211
0 0.88416 0.658686 0.230105 0.169629 0.00329925
0 0.991368 0.807145 0.0172645 0.38571 0.003278
0 0.756809 0.872004 0.248948 0.20993 0.00324914
0 0.892746 0.712667 0.214508 0.244528 0.00323891
0 0.241046 0.934055 0.318905 0.13189 0.00320684
0 0.240487 0.295973 0.480974 0.517962 0.00320608
0 0.421327 0.102422 0.511078 0.204844 0.00320008
0 0.215446 0.17671 0.430891 0.35342 0.00319468
0 0.605331 0.429184 0.789339 0.53483 0.00318134
0 0.273598 0.430063 0.547197 0.541615 0.00315484
0 0.818101 0.0961166 0.363797 0.192233 0.00314722
0 0.527774 0.475386 0.944452 0.530707 0.0031296
0 0.267126 0.529622 0.534252 0.532679 0.00312927
0 0.553587 0.183093 0.714976 0.366186 0.00311664
0 0.888382 0.776531 0.223236 0.300419 0.00310757
0 0.0949007 0.921723 0.189801 0.156555 0.00310129
0 0.886914 0.699915 0.226172 0.402933 0.00306272
0 0.00611504 0.0891106 0.0122301 0.178221 0.0030622
0 0.844724 0.407986 0.310551 0.569503 0.00305616
0 0.528695 0.838451 0.354184 0.264117 0.00304922
0 0.310256 0.12009 0.620511 0.240181 0.00302285
0 0.367959 0.367143 0.735918 0.566545 0.00300658
0 0.244176 0.449502 0.488353 0.535425 0.00299794
0 0.268516 0.62875 0.537032 0.537577 0.00299592
0 0.884983 0.822982 0.230035 0.313805 0.00298921
0 0.927311 0.819982 0.145378 0.360037 0.00298894
0 0.31885 0.249606 0.637701 0.499211 0.00298336
0 0.692842 0.274435 0.614316 0.451034 0.00297224
0 0.679168 0.177097 0.641663 0.354194 0.00296806
0 0.550521 0.673034 0.256189 0.188705 0.00296684
0 0.886004 0.900547 0.227992 0.198906 0.00295987
0 0.262683 0.701317 0.525367 0.492849 0.00295479
0 0.774686 0.501496 0.450629 0.547333 0.00295025
0 0.997288 0.489602 0.00542307 0.273143 0.0029365
0 0.243342 0.549338 0.486683 0.521527 0.00293531
0 0 0.908776 0 0.182449 0.0029264
0 0.927594 0.672838 0.140393 0.204674 0.00291245
0 0.77985 0.169706 0.440299 0.334685 0.00290871
0 0.244519 0.646502 0.489038 0.529197 0.00289132
0 0.876694 0.876145 0.246612 0.24771 0.002877
0 0.639592 0.0899896 0.353977 0.179979 0.00287527
0 0.897317 0.225869 0.205366 0.451737 0.0028604
0 0.472519 0.206838 0.920699 0.413676 0.00285918
0 0.708424 0.217578 0.583151 0.407084 0.00285756
0 0.886072 0.60865 0.227856 0.447905 0.00283684
0 0.0323761 0.837116 0.0647522 0.325768 0.00278786
0 0.165825 0.934323 0.29721 0.131353 0.00278265
0 0 0.974903 0 0.0501934 0.00276962
0 0.0327536 0.138602 0.0655071 0.277204 0.00273792
0 0.5594 0.774277 0.285033 0.207394 0.00273584
0 0.256684 0.217218 0.513367 0.434437 0.00273056
0 0.123202 0.928715 0.246404 0.14257 0.00272393
0 0.239386 0.743211 0.478772 0.513578 0.00271431
0 0.867565 0.267391 0.264869 0.534783 0.00271399
0 0.231126 0.785548 0.462252 0.428905 0.00270489
0 0.669341 0.376825 0.661318 0.534877 0.00268833
0 0.771733 0.272907 0.456534 0.373778 0.00265761
0 0.806177 0.152615 0.387646 0.30523 0.00265128
0 0.779683 0.0996838 0.410611 0.199368 0.00265102
0 0.712289 0.0962311 0.384258 0.192462 0.00265016
0 0.800054 0.224476 0.399893 0.29468 0.00264684
0 0.350544 0.545667 0.245447 0.133896 0.00263191
0 0.924092 0.876383 0.151816 0.247235 0.00262505
0 0.997503 0.241966 0.00499491 0.277934 0.0026149
0 0.209543 0.123817 0.419087 0.247633 0.00261384
0 0.920825 0.89929 0.150457 0.16053 0.00259187
0 0.997287 0.290974 0.00542596 0.279714 0.0025688
0 0.997152 0.416927 0.00569675 0.281765 0.00255178
0 0.802848 0.363271 0.394305 0.533587 0.00254133
0 0.24911 0.835851 0.49822 0.328298 0.00252864
0 0.846246 0.222703 0.307509 0.23927 0.00252788
0 0.225314 0.795811 0.450628 0.408378 0.0024894
0 0.560971 0.699438 0.248705 0.165001 0.00247361
0 0.888531 0.215638 0.222938 0.340835 0.00246921
0 0.99728 0.618263 0.00544014 0.271224 0.0024646
0 0.124105 0.11637 0.24821 0.232741 0.00245971
0 0.1732 0.131609 0.3464 0.263217 0.00245435
0 0.8713 0.276648 0.2574 0.373129 0.00245238
0 0.997159 0.341438 0.00568165 0.281261 0.00243906
0 0.246626 0.464626 0.493253 0.308214 0.00242346
0 0.415101 0.686283 0.172715 0.152083 0.00238901
0 0.725626 0.418736 0.548748 0.544571 0.00238868
0 0.88954 0.754392 0.220919 0.45166 0.00237713
0 0.14737 0.710886 0.29474 0.302808 0.00235287
0 0.314248 0.193002 0.628495 0.386004 0.00231171
0 0.133124 0.172599 0.266248 0.342751 0.00228198
0 0.152634 0.908924 0.305267 0.182151 0.00225858
0 0.819557 0.275233 0.360886 0.293397 0.0022566
0 0.595278 0.731279 0.199737 0.177972 0.00219662
0 0.99703 0.711333 0.00593905 0.266624 0.00218822
0 0.920443 0.782557 0.148327 0.19623 0.00218372
0 0.740409 0.925758 0.2232 0.123838 0.0021546
0 1 0.943585 0 0.11283 0.00215195
0 0.654133 0.469001 0.691733 0.562519 0.00214959
0 0.937263 0.222754 0.119775 0.126944 0.00214604
0 0.460072 0.858855 0.567505 0.28229 0.00207066
0 0.313695 0.129486 0.444887 0.166685 0.00203447
0 0.681686 0.604848 0.180824 0.0654671 0.00201826
0 0.691099 0.152408 0.139857 0.0640559 0.00201755
0 0.56798 0.863473 0.150986 0.133348 0.00200678
0 1 0.920152 0 0.159697 0.00199958
0 0.18394 0.149058 0.367879 0.298115 0.00199033
0 0.982037 0.367583 0.0359262 0.209536 0.00196325
0 0.197972 0.323866 0.395943 0.351557 0.00195804
0 0.212294 0.163128 0.424588 0.326256 0.00195291
0 0.179741 0.526523 0.359481 0.284272 0.00194837
0 0.997255 0.562754 0.00549028 0.275085 0.0019441
0 0.257217 0.546789 0.23691 0.129393 0.0019431
0 1 0.00943029 0 0.0188606 0.00191951
0 0.906943 0.217344 0.114306 0.0959645 0.0019067
0 0.261494 0.841833 0.518976 0.218017 0.00188544
0 0.0839719 0.165677 0.167944 0.286019 0.00188115
0 0.39501 0.807401 0.275021 0.231075 0.00187099
0 0.982781 0.527081 0.0344377 0.156078 0.00187031
0 0.99559 0.790772 0.00881951 0.287521 0.00183713
0 0.860188 0.547383 0.279624 0.505255 0.00183434
0 0.171951 0.779064 0.343902 0.346195 0.00182203
0 0 0.931604 0 0.136792 0.00181768
0 1 0.864385 0 0.196217 0.00181653
0 0.234131 0.558882 0.263626 0.10009 0.00181436
0 0.995603 0.843727 0.00879457 0.292725 0.00181126
0 0.985382 0.425577 0.0292368 0.216141 0.00180587
0 0.905373 0.768993 0.177023 0.235977 0.00180491
0 0.168071 0.856287 0.280775 0.137312 0.00179282
0 1 0.811203 0 0.188378 0.00178123
0 0.781043 0.439158 0.437914 0.168208 0.00177907
0 0.968919 0.913176 0.0621627 0.159326 0.00177631
0 0.40383 0.552508 0.218822 0.119357 0.0017752
0 0.189744 0.233581 0.379488 0.348133 0.00177054
0 0.988666 0.458737 0.0226673 0.222729 0.00177009
0 0.548623 0.553731 0.432286 0.168168 0.00175666
0 0.438322 0.111117 0.730676 0.199291 0.00175122
0 0.977836 0.321891 0.0443283 0.247715 0.00174146
0 0.971363 0.259676 0.0572743 0.197944 0.00173548
0 1 0.757568 0 0.180581 0.00173084
0 0.654959 0.610045 0.111075 0.0801832 0.00172743
0 0.932717 0.19873 0.132704 0.146569 0.0017194
0 0.676792 0.716852 0.427376 0.21618 0.00171751
0 0.529559 0.492112 0.421127 0.16645 0.00171423
0 0.987891 0.484308 0.0242189 0.223994 0.00171144
0 0.107986 0.877408 0.215971 0.245183 0.00170198
0 0.743864 0.443982 0.512271 0.188349 0.00170044
0 0.171467 0.593369 0.342935 0.228543 0.00169629
0 0.836846 0.150877 0.187789 0.0786824 0.00169568
0 0.00381398 0.00271017 0.00762795 0.00542034 0.00168709
0 0.305004 0.676944 0.124816 0.0956831 0.00167692
0 0.687424 0.545449 0.260087 0.127712 0.0016758
0 0.0838203 0.908603 0.167641 0.182794 0.00166719
0 0.192754 0.618071 0.385508 0.363826 0.00166162
0 0.949851 0.7235 0.100297 0.260367 0.00165558
0 0.742979 0.707842 0.514042 0.329689 0.00164116
0 0.534062 0.878055 0.208574 0.173802 0.00163655
0 0.183666 0.705404 0.367333 0.224456 0.00163554
0 0.173483 0.881375 0.346966 0.23725 0.00162972
0 0.0477644 0.922504 0.0955288 0.154993 0.00162959
0 0.0763988 0.739107 0.152798 0.288813 0.00162713
0 0.206506 0.8473 0.35624 0.159928 0.00162653
0 0.514009 0.489529 0.388226 0.124712 0.00162323
0 0.974351 0.824868 0.0512972 0.184265 0.00161456
0 0.231835 0.423141 0.463669 0.226438 0.0016141
0 0.223641 0.506392 0.447282 0.372231 0.00161251
0 0.343411 0.362014 0.15947 0.0903282 0.00160413
0 0.97551 0.138324 0.0489809 0.208025 0.00160144
0 0.087244 0.213013 0.174488 0.295469 0.00159758
0 1 0.707551 0 0.176823 0.00159006
0 0.14896 0.770569 0.297921 0.300818 0.00158584
0 0.968653 0.796431 0.0626948 0.193703 0.00158129
0 0 0.00136649 0 0.00273298 0.00157824
0 0.647662 0.719095 0.414191 0.277245 0.00157215
0 0.464396 0.926271 0.474842 0.147459 0.0015704
0 0.0860735 0.488549 0.172147 0.29283 0.0015653
0 0.162387 0.846298 0.324774 0.204751 0.0015563
0 0.565378 0.879902 0.146313 0.0957348 0.00154398
0 0.114192 0.831784 0.228384 0.318028 0.00153248
0 0.0876115 0.114656 0.175223 0.188997 0.00153025
0 0.734921 0.892963 0.201967 0.150793 0.98048
0 0.999267 0.0993316 0.00146563 0.198663 0.0437193
0 0.99764 0.895507 0.00472058 0.208987 0.0075698
0 1 0.0329458 0 0.0658916 0.00512974
0 1 0.454982 0 0.320832 0.00498318
0 0.168893 0.56275 0.331522 0.207732 0.00467881
0 0.99759 0.54798 0.00481928 0.342556 0.00458129
0 0.587683 0.965958 0.318659 0.0680847 0.00452726
0 0.824361 0.968 0.290104 0.0640001 0.00450605
0 0.132079 0.870282 0.264158 0.259436 0.004395
0 0.93429 0.507398 0.131421 0.357066 0.0043935
0 0.998412 0.353754 0.00317645 0.353266 0.0043679
0 0.750624 0.708526 0.498752 0.47599 0.00425445
0 0.708133 0.948317 0.28323 0.103366 0.00412418
0 0.991898 0.302605 0.0162046 0.374779 0.00412174
0 0.507917 0.972039 0.31793 0.0559228 0.00411757
0 0.871335 0.561934 0.25733 0.411892 0.00410647
0 0.891813 0.201374 0.216374 0.402749 0.0040891
0 0.984123 0.157233 0.0317547 0.314466 0.00405283
0 0.998782 0.1988 0.00243629 0.379917 0.00404331
0 0.956305 0.459658 0.0873895 0.343356 0.00404329
0 0.760137 0.962327 0.264786 0.0753468 0.00401618
0 0.892136 0.9732 0.215727 0.0536007 0.00400901
0 0.946375 0.406402 0.107251 0.360108 0.00400542
0 0.194884 0.565044 0.166221 0.0961613 0.00398286
0 0.8197 0.610946 0.3606 0.465403 0.0039696
0 0.852763 0.237419 0.294474 0.460106 0.00392448
0 0.108184 0.675353 0.216367 0.25048 0.00386764
0 0.903185 0.348245 0.19363 0.398492 0.00384828
0 0.970921 0.608392 0.0581577 0.390763 0.00384094
0 0.404901 0.975201 0.356166 0.0495979 0.00383428
0 0.128846 0.789567 0.257693 0.240025 0.00382103
0 0.956415 0.0836345 0.08717 0.167269 0.00378812
0 0.995294 0.970837 0.00941201 0.0583254 0.00377836
0 0.120905 0.555813 0.241811 0.163834 0.00377145
0 0.998129 0.144526 0.00374191 0.289051 0.00372268
0 0.706072 0.727277 0.456469 0.294029 0.00371294
0 0.124509 0.913141 0.249018 0.173717 0.0037038
0 0.303494 0.569534 0.532239 0.350107 0.00369638
0 0.557211 0.709252 0.573626 0.365228 0.00363181
0 0.401534 0.790194 0.803068 0.419612 0.00361247
0 0.462993 0.877558 0.519675 0.244884 0.0036072
0 0.601001 0.803094 0.327384 0.209638 0.00360681
0 0.954102 0.12507 0.0917966 0.250139 0.0035991
0 0.845061 0.682142 0.309877 0.470371 0.00359521
0 0.00261509 0.0686449 0.00523017 0.13729 0.00359417
0 0.127161 0.718189 0.254322 0.239778 0.00357999
0 0.149944 0.431914 0.299889 0.522716 0.0035662
0 0.84024 0.792228 0.319519 0.17596 0.00356498
0 0.999639 0.796557 0.000722184 0.381229 0.00354755
0 0.645517 0.711417 0.443981 0.312728 0.00353087
0 0.853406 0.796403 0.293187 0.217126 0.00351389
0 0.947767 0.976587 0.104467 0.0468267 0.00349374
0 0.59064 0.913478 0.324632 0.173043 0.00345934
0 0.318257 0.974768 0.35777 0.0504633 0.0034586
0 0.770699 0.639269 0.458601 0.557382 0.00345084
0 0.267211 0.519318 0.377461 0.247692 0.00344907
0 0.722311 0.526253 0.555377 0.341591 0.00344679
0 0.744065 0.725451 0.51187 0.357446 0.00344292
0 1 0.0668396 0 0.133679 0.00343406
0 0.858059 0.175453 0.283882 0.350906 0.0034271
0 0.944977 0.654623 0.110046 0.413373 0.00340898
0 0.957829 0.803288 0.084343 0.334537 0.00337608
0 0.611667 0.924728 0.26833 0.150545 0.00337248
0 0.138671 0.969802 0.276596 0.0603954 0.00336319
0 0.215356 0.974156 0.324209 0.0516874 0.0033617
0 0.171501 0.00296146 0.279684 0.00592293 0.00335452
0 0.146964 0.531159 0.293928 0.536839 0.00334675
0 0.892216 0.736562 0.215568 0.403146 0.00332962
0 0.530326 0.903883 0.311922 0.192234 0.00332834
0 0.450019 0.790779 0.587464 0.289295 0.00332185
0 0.384703 0.874833 0.465826 0.250334 0.00330309
0 0.0880805 0.10529 0.176161 0.181086 0.00329335
0 0.230281 0.134229 0.457432 0.268458 0.00329051
0 0.869266 0.761319 0.261469 0.33919 0.00328502
0 0.99875 0.867328 0.00249916 0.265344 0.00325672
0 0.820723 0.491849 0.358554 0.472408 0.00324468
0 0.681997 0.472024 0.420289 0.257112 0.00323774
0 0.48612 0.831705 0.487901 0.33659 0.00323013
0 0.757712 0.131348 0.484576 0.262697 0.00319889
0 0.639538 0.527039 0.508025 0.300186 0.00319574
0 0.135738 0.330469 0.271476 0.478127 0.00318751
0 0.0316915 0.0982827 0.063383 0.196565 0.00315605
0 0.613091 0.568946 0.773819 0.449476 0.00314511
0 0.658865 0.654328 0.68227 0.504556 0.0031262
0 0.142774 0.501959 0.285549 0.343232 0.0031204
0 0.0683234 0.163089 0.136647 0.319852 0.0031097
0 0.57487 0.654274 0.85026 0.516776 0.00310962
0 0.422842 0.574171 0.709412 0.427969 0.00310553
0 0.357426 0.521974 0.478543 0.295599 0.00310016
0 0.685626 0.569332 0.628747 0.459599 0.00309577
0 0.798976 0.282255 0.402048 0.527411 0.00308936
0 0.147032 0.299675 0.294063 0.320253 0.00308658
0 0.166495 0.523121 0.304991 0.206036 0.00308563
0 0.782004 0.224498 0.435992 0.448996 0.00305841
0 0.336425 0.132768 0.592335 0.265536 0.00305676
0 0.122239 0.617718 0.244478 0.199294 0.00303429
0 0.666477 0.368987 0.348273 0.217048 0.00302912
0 0.998388 0.492407 0.00322344 0.290866 0.00302495
0 0.160363 0.352055 0.320726 0.337396 0.00302432
0 0.756441 0.466061 0.487118 0.360443 0.00302383
0 0 0.00852789 0 0.0170558 0.00301126
0 0 0.972814 0 0.0543713 0.00300264
0 0.836006 0.830331 0.287295 0.230045 0.00299963
0 0.228107 0.565669 0.230528 0.10355 0.00299825
0 0.66924 0.316802 0.32013 0.210561 0.00299351
0 0.8661 0.0798102 0.2678 0.15962 0.0029902
0 0.147259 0.666458 0.294518 0.404876 0.00297876
0 0.125656 0.254426 0.251311 0.303606 0.00297161
0 0.129583 0.479369 0.259165 0.188459 0.00296902
0 0.690733 0.771787 0.281211 0.171375 0.00296669
0 0.548983 0.154311 0.67689 0.308622 0.00296625
0 0.440534 0.523766 0.532734 0.318441 0.00296261
0 0.794321 0.206834 0.411358 0.413668 0.0029616
0 0.799673 0.0913265 0.400654 0.182653 0.00296074
0 0.765722 0.4106 0.468557 0.341314 0.00295777
0 0.463872 0.136411 0.629678 0.272822 0.00295513
0 0.464771 0.711155 0.696204 0.43524 0.00295265
0 0.819363 0.349069 0.361275 0.454826 0.00295202
0 0.847885 0.104815 0.304229 0.20963 0.00295057
0 0.613092 0.844693 0.265696 0.221874 0.00293767
0 0.672292 0.416351 0.372202 0.230877 0.00292157
0 0.997877 0.845882 0.00424542 0.299857 0.00291027
0 0.743543 0.520384 0.512914 0.408007 0.00291023
0 0.663396 0.166038 0.535425 0.332077 0.00290117
0 0.616536 0.214728 0.322344 0.203205 0.00289859
0 0.764918 0.362709 0.470164 0.320449 0.00289201
0 0.130326 0.112572 0.260653 0.225143 0.00289041
0 0.138961 0.627182 0.277922 0.538681 0.00287051
0 0.105237 0.531844 0.210474 0.204625 0.00286884
0 0.801851 0.551175 0.396299 0.505637 0.0028661
0 0.657382 0.153104 0.685236 0.306209 0.00286394
0 0.998811 0.267088 0.00237866 0.33007 0.00286068
0 0.233542 0.633343 0.467084 0.371365 0.00285111
0 0.0973878 0.210595 0.194776 0.269038 0.00282489
0 0.998564 0.6152 0.00287298 0.33472 0.00281761
0 0.314511 0.157222 0.519345 0.302477 0.00281558
0 0.581308 0.159321 0.48307 0.313535 0.00281272
0 0.762998 0.847765 0.271941 0.253852 0.00280937
0 0.816147 0.901619 0.309753 0.196762 0.00280313
0 0.545343 0.215779 0.316626 0.192191 0.00279902
0 0.0972871 0.163196 0.194574 0.16742 0.00279184
0 0.706665 0.209286 0.330824 0.235514 0.0027761
0 0.598671 0.472408 0.366209 0.214295 0.00276993
0 0.787563 0.205569 0.362242 0.296526 0.00273801
0 0.823794 0.938231 0.291291 0.123538 0.00273639
0 0.29483 0.876435 0.382398 0.247129 0.00273466
0 0.941891 0.937352 0.116219 0.125295 0.00272537
0 0.699659 0.920084 0.277039 0.159832 0.00271894
0 0.998188 0.39259 0.00362483 0.292632 0.00269586
0 0.089683 0.152737 0.179366 0.187412 0.00268294
0 0.998033 0.694676 0.00393421 0.29648 0.00268244
0 0.997801 0.761923 0.00439847 0.345149 0.00266115
0 0.180985 0.476183 0.336967 0.208976 0.00266012
0 0.43847 0.165476 0.474844 0.287868 0.00264936
0 0.401145 0.470808 0.403182 0.227044 0.00264647
0 0.883374 0.890879 0.233252 0.218242 0.0026366
0 0.106222 0.071142 0.212443 0.142284 0.00262871
0 0.107776 0.620167 0.215553 0.131238 0.00262514
0 0.74881 0.102332 0.502379 0.204663 0.00262263
0 0.531041 0.470701 0.372705 0.206546 0.00262086
0 0.330769 0.471446 0.39312 0.230093 0.0026123
0 0.263098 0.47287 0.370515 0.222199 0.00260476
0 0.889678 0.822122 0.220644 0.259182 0.00260462
0 0.216229 0.161684 0.417271 0.257178 0.00258561
0 0.467595 0.61063 0.93519 0.530148 0.00258473
0 0.774087 0.307477 0.408203 0.298086 0.00258153
0 0.141548 0.0798085 0.283095 0.159617 0.00257868
0 0.211297 0.917387 0.282652 0.165226 0.00257844
0 0.0954589 0.219496 0.190918 0.40079 0.0025708
0 0.70085 0.862436 0.242188 0.215928 0.00256819
0 0.0826575 0.0969643 0.165315 0.175024 0.0025646
0 0.0348082 0.783806 0.0696164 0.432388 0.00255186
0 0.595053 0.420161 0.333414 0.194917 0.00254344
0 0.785233 0.303982 0.429534 0.449778 0.00253911
0 0.0284805 0.86416 0.056961 0.27168 0.00253802
0 0.392742 0.419376 0.338635 0.193175 0.00253217
0 0.782297 0.145792 0.435407 0.291585 0.00252891
0 0.474866 0.218446 0.330385 0.190799 0.00252658
0 0.760962 0.89007 0.254114 0.173478 0.00251671
0 0.225297 0.780141 0.444541 0.348684 0.00251574
0 0.302239 0.659699 0.604477 0.480629 0.00251197
0 0.0420434 0.314468 0.0840868 0.510987 0.00250979
0 0.465312 0.470334 0.393751 0.214988 0.00250662
0 0.679419 0.27607 0.327569 0.197335 0.00250482
0 0.277085 0.217174 0.385009 0.221962 0.00250319
0 0.779247 0.413381 0.441507 0.462321 0.00249708
0 0 0.0144451 0 0.0288902 0.00249348
0 0.0470961 0.41739 0.0941922 0.556318 0.00249126
0 0.0487626 0.619306 0.0975251 0.573408 0.00248729
0 0.407829 0.220299 0.345848 0.199277 0.00248219
0 0.00563339 0.898059 0.0112668 0.203883 0.00248067
0 0.375145 0.661161 0.75029 0.546999 0.00247504
0 0.0484878 0.519194 0.0969756 0.567239 0.00247407
0 0.0472529 0.716383 0.0945057 0.567234 0.00246784
0 0.724191 0.165056 0.551618 0.330112 0.00246221
0 0.125919 0.706757 0.251839 0.35456 0.00242125
0 0.320837 0.419046 0.335846 0.198128 0.00241844
0 0.339161 0.218944 0.368421 0.213638 0.00241308
0 0.59196 0.322638 0.298285 0.186657 0.00240943
0 0.140904 0.750354 0.281807 0.499291 0.00240574
0 0.760525 0.930035 0.260976 0.139929 0.00238689
0 0.997764 0.218555 0.00447197 0.294107 0.00237579
0 0.137323 0.160629 0.274647 0.2027 0.00236946
0 0.0916087 0.222308 0.183217 0.179794 0.00236003
0 0.52935 0.420084 0.329829 0.187816 0.00235211
0 0.374252 0.847365 0.732292 0.30527 0.0023428
0 0.631322 0.106254 0.48576 0.212509 0.00233935
0 0.0746213 0.97018 0.149243 0.0596397 0.00233865
0 0.0852227 0.819007 0.170445 0.361985 0.00233826
0 0.18506 0.218887 0.346983 0.211797 0.00233228
0 0.0277166 0.189056 0.0554331 0.336854 0.00231213
0 0.460811 0.419586 0.336606 0.189364 0.00230972
0 0.12485 0.597337 0.249701 0.328341 0.00230623
0 0.751644 0.196634 0.496713 0.313169 0.0022893
0 0.361035 0.751006 0.722069 0.476356 0.00227966
0 0.115893 0.799736 0.231786 0.331219 0.00227269
0 0.255439 0.418212 0.333691 0.201205 0.00227101
0 0.592881 0.371684 0.312228 0.187336 0.00222594
0 0.227656 0.724876 0.224383 0.195765 0.00219333
0 0.128743 0.219323 0.257487 0.192716 0.00218801
0 0.401263 0.273801 0.334358 0.187259 0.00218774
0 0.321422 0.372362 0.32639 0.187858 0.00218244
0 0.394189 0.371688 0.325781 0.185032 0.00218229
0 0.127814 0.272627 0.255628 0.184975 0.00218044
0 0.42101 0.102577 0.449214 0.205155 0.00214967
0 0.598718 0.275342 0.310516 0.182894 0.00214667
0 0.195932 0.816785 0.390059 0.366431 0.00213122
0 0.329916 0.273788 0.336141 0.193281 0.00212846
0 0.262974 0.713563 0.523862 0.420211 0.00212159
0 0.127694 0.419954 0.255388 0.187125 0.00211819
0 0.178836 0.418122 0.319544 0.200908 0.00211605
0 0.0172934 0.119335 0.0345867 0.171603 0.00211525
0 0.142573 0.867925 0.285146 0.159926 0.00211355
0 0.471456 0.273555 0.333737 0.183338 0.0021115
0 0.0841167 0.0693031 0.168233 0.138606 0.00210937
0 0.46847 0.32153 0.311549 0.186683 0.00207939
0 0.534088 0.321784 0.300847 0.184492 0.00207925
0 0.398527 0.321824 0.315763 0.18785 0.00207872
0 0.108829 0.774782 0.217659 0.450435 0.00206443
0 0.263962 0.273942 0.342807 0.19802 0.00205772
0 0.5378 0.273699 0.321674 0.181194 0.00205321
0 0.324533 0.322725 0.315397 0.191645 0.00205028
0 0.146624 0.934132 0.276688 0.131736 0.00204314
0 0.257177 0.372629 0.324239 0.18894 0.00204218
0 0.179251 0.273503 0.326798 0.197674 0.00203195
0 0.0959674 0.423607 0.191935 0.179468 0.00201056
0 0.464314 0.371002 0.324541 0.183974 0.00198953
0 0.0924175 0.273947 0.184835 0.176563 0.00198074
0 0.160006 0.015154 0.320012 0.030308 0.00197365
0 0.250906 0.916839 0.482638 0.166322 0.00196542
0 0.257776 0.323888 0.319494 0.19434 0.00195915
0 0.125198 0.32136 0.250396 0.182405 0.00194115
0 0.532733 0.370609 0.314496 0.182076 0.00192321
0 0.126266 0.372604 0.252532 0.182847 0.00191295
0 0.0817251 0.903335 0.16345 0.19333 0.00187324
0 0.092039 0.321017 0.184078 0.173105 0.00185047
0 0.728831 0.873151 0.2062 0.105928 0.00184349
0 0.179519 0.372463 0.312219 0.189726 0.00183553
0 0.290853 0.0995439 0.417289 0.199088 0.00183063
0 0.177543 0.3234 0.306569 0.193075 0.00181929
0 0.207524 0.088973 0.352866 0.177946 0.00180816
0 0.0795594 0.926606 0.159119 0.146787 0.00178758
0 0.0932582 0.374665 0.186516 0.176622 0.00175963
0 0.433049 0.548559 0.298874 0.136282 0.00175168
0 0.118942 0.882028 0.237883 0.235944 0.00172451
0 0.905013 0.887079 0.189974 0.225843 0.00167409
0 0.126833 0.0205067 0.253326 0.0410133 0.00161913
0 0.896967 0.32493 0.186057 0.123032 0.00159847
0 0.236969 0.00216401 0.275593 0.00432801 0.00159494
0 0.878842 0.00206256 0.242315 0.00412512 0.00158631
0 0.568812 0.856663 0.149791 0.134248 0.00156868
0 0.252909 0.843791 0.268148 0.166455 0.00156328
0 0.993081 0.908777 0.013838 0.182446 0.00153052
0 0 0.0218082 0 0.0436164 0.00152192
0 0.585715 0.770111 0.181585 0.179161 0.00151301
0 0.0653564 0.958227 0.130713 0.0835464 0.00146129
0 0.163381 0.103236 0.326762 0.190183 0.00144027
0 0.144141 0.823509 0.288281 0.21039 0.00143455
0 0.206829 0.868552 0.1952 0.114825 0.00142742
0 0.592408 0.742636 0.193032 0.138845 0.00142515
0 0 0.0408292 0 0.0816584 0.00142449
0 0.879417 0.693326 0.241166 0.204398 0.00142123
0 0.0794002 0.999777 0.1588 0.000445938 0.00140527
0 0.390432 0.539908 0.292974 0.123509 0.00140273
0 0.157647 0.866474 0.279418 0.117584 0.00139494
0 0.163504 0.566244 0.195621 0.0971932 0.00138504
0 0.829359 0.109365 0.22991 0.173817 0.00137872
0 0.249129 0.550576 0.26047 0.135383 0.0013763
0 0.355684 0.683342 0.297045 0.17672 0.00137507
0 0.041772 0.453764 0.0835439 0.186778 0.00137139
0 0.480121 0.55205 0.30358 0.13932 0.00137105
0 0.990562 0.147209 0.0188768 0.231574 0.00136981
0 0.61164 0.0739223 0.311258 0.147845 0.00136564
0 0.668973 0.0772382 0.361846 0.154476 0.00136324
0 0.990664 0.226522 0.018671 0.235787 0.0013538
0 0.0393642 0.518956 0.0787284 0.200775 0.00135114
0 0.661692 0.00304758 0.284592 0.00609515 0.00135077
0 0.109937 0.492892 0.219874 0.157603 0.00133415
0 0 0.962707 0 0.0745867 0.0013311
0 0.737111 0.893654 0.20072 0.151332 0.980157
0 0.157573 0.041773 0.123033 0.083512 0.0229975
0 1 0.896472 0 0.207056 0.0135525
0 0.201565 0.737908 0.179519 0.165896 0.0129124
0 0.157315 0.365252 0.136862 0.08323 0.0117731
0 0.157298 0.235685 0.120901 0.0853782 0.0108523
0 0.563932 0.858757 0.144496 0.134254 0.0100439
0 0.125917 0.349609 0.213922 0.115137 0.00681476
0 0.231804 0.35251 0.152409 0.108383 0.00595067
0 0.170001 0.557224 0.138939 0.116029 0.00580714
0 0.110882 0.571847 0.221765 0.156179 0.00505027
0 0.25843 0.345553 0.17359 0.121739 0.00503828
0 0.0591815 0.557658 0.118363 0.181729 0.00494402
0 0.159866 0.864806 0.159302 0.123656 0.00413879
0 0.710676 0.948769 0.277541 0.102462 0.00411349
0 0.175585 0.744874 0.129527 0.154708 0.00391812
0 0.260597 0.962589 0.214665 0.074822 0.0038316
0 0.840381 0.967087 0.271727 0.0658266 0.00372479
0 0.189963 0.361132 0.127211 0.0904256 0.00363211
0 0.316851 0.962783 0.219498 0.0744349 0.00362551
0 0 0.912381 0 0.175239 0.00360268
0 0.568993 0.96365 0.314307 0.0727009 0.00352592
0 0.171332 0.349659 0.204387 0.113695 0.00349584
0 0.497543 0.963799 0.282958 0.0724028 0.00349141
0 0.767856 0.964351 0.254381 0.0712988 0.00347443
0 0.16154 0.804793 0.32308 0.390414 0.00341713
0 0.157295 0.665867 0.31459 0.640742 0.00338353
0 0.156121 0.511966 0.312242 0.628932 0.00337624
0 0.839423 0.136778 0.174661 0.119825 0.00335626
0 0.406898 0.964504 0.25092 0.0709919 0.00331501
0 0.139838 0.727835 0.279676 0.402417 0.00327252
0 0.147157 0.417687 0.294313 0.412865 0.0031896
0 1 0.201908 0 0.227313 0.00316678
0 0.908488 0.968757 0.183025 0.0624862 0.0031473
0 0.147429 0.775554 0.294858 0.448891 0.00314304
0 0.14532 0.358275 0.290639 0.61605 0.00313321
0 0.286434 0.357477 0.225063 0.101646 0.00313058
0 0.122546 0.311529 0.245093 0.354462 0.00312844
0 0.123752 0.268845 0.247504 0.312408 0.003083
0 0.999661 0.257891 0.000677425 0.227971 0.0030639
0 0.147775 0.515809 0.29555 0.376999 0.0030141
0 0.741794 0.553025 0.137645 0.108596 0.00296119
0 0.117688 0.220025 0.235375 0.277896 0.00295745
0 0.145836 0.832793 0.291673 0.334413 0.00294994
0 0.989929 0.306521 0.0201413 0.288145 0.00294284
0 0.132281 0.361508 0.264562 0.368285 0.00291462
0 0.142674 0.611573 0.285348 0.369761 0.00290097
0 0.125695 0.268481 0.251391 0.536961 0.0028449
0 0.721513 0.886551 0.245539 0.177938 0.00277487
0 0.701124 0.912093 0.289111 0.175814 0.00277451
0 0.177894 0.530543 0.141259 0.174284 0.00276607
0 0.972492 0.35913 0.0550156 0.339934 0.00276276
0 0.120602 0.721471 0.241203 0.557058 0.00273076
0 0.994322 0.975107 0.0113565 0.049785 0.00273
0 1 0.150187 0 0.19206 0.00271733
0 0.104301 0.0778506 0.208601 0.155701 0.00271368
0 0.0388355 0.365977 0.077671 0.492353 0.00268162
0 0.0465377 0.566285 0.0930755 0.54585 0.00267384
0 0.0614321 0.0779419 0.122864 0.155884 0.00267174
0 0.0450936 0.465206 0.0901871 0.531923 0.00266954
0 0.046855 0.66768 0.0937099 0.551044 0.00265452
0 0.953293 0.411475 0.0934137 0.380058 0.00263425
0 0.0455186 0.746579 0.0910373 0.506843 0.00262687
0 0.211829 0.17095 0.199043 0.185873 0.00262569
0 0.129105 0.363848 0.194952 0.0908095 0.00262286
0 0.13519 0.707221 0.254608 0.219309 0.00257834
0 0.0991803 0.907696 0.198361 0.184609 0.00256624
0 0.0642989 0.112348 0.128598 0.224696 0.00255901
0 0.197392 0.963086 0.244476 0.0738282 0.00255836
0 0.109062 0.165309 0.218124 0.214247 0.00254639
0 0 0.973749 0 0.0525021 0.00252004
0 0.192104 0.843986 0.237709 0.165008 0.00250074
0 0.33841 0.716767 0.162695 0.0907316 0.00248726
0 0.140674 0.754369 0.255237 0.20337 0.00248704
0 0.924013 0.933637 0.151973 0.132725 0.00248508
0 1 0.927516 0 0.144969 0.00248294
0 0 0.108302 0 0.140587 0.0024798
0 0.199464 0.928358 0.229289 0.143285 0.0024434
0 0.312705 0.930743 0.183523 0.138514 0.00240732
0 0.0293139 0.826859 0.0586278 0.346281 0.00238797
0 0.013421 0.261539 0.026842 0.369651 0.00237279
0 0.693407 0.911444 0.276511 0.177112 0.00236078
0 0.144184 0.820026 0.271662 0.214861 0.00234701
0 0.968419 0.91732 0.0631626 0.165359 0.00233545
0 0.109223 0.226673 0.218446 0.453345 0.00233536
0 0.938374 0.972834 0.123252 0.054332 0.00233012
0 0.0983829 0.064604 0.196766 0.129208 0.00232419
0 0.0662989 0.83112 0.132598 0.33776 0.00232373
0 0.574887 0.928162 0.256621 0.143675 0.00231911
0 0 0.0583009 0 0.116602 0.00230766
0 0.238106 0.839872 0.181449 0.180468 0.00230387
0 0.363071 0.683455 0.198535 0.16397 0.00227822
0 0.104101 0.109031 0.208203 0.196543 0.00226842
0 0.827577 0.939848 0.281074 0.120305 0.0022662
0 0.921864 0.512507 0.156271 0.423488 0.00226378
0 1 0.100883 0 0.184011 0.00226242
0 0 0.156643 0 0.15329 0.00225143
0 0.134718 0.929579 0.256148 0.140843 0.0022395
0 0.0777339 0.93252 0.155468 0.13496 0.00222667
0 0.129405 0.308927 0.252461 0.194573 0.00222135
0 0.901356 0.704851 0.197287 0.211775 0.00221696
0 0.8981 0.758282 0.203801 0.441204 0.00220884
0 0.899518 0.75743 0.200965 0.235694 0.00219955
0 0.399564 0.931216 0.186037 0.137567 0.00218814
0 0.198517 0.708325 0.191432 0.21476 0.00218684
0 0.242961 0.929049 0.197574 0.141902 0.00218243
0 0.764264 0.932393 0.262719 0.135213 0.00218042
0 0.962593 0.2597 0.0748136 0.182615 0.00216806
0 0.0843894 0.172902 0.168779 0.345805 0.00216632
0 0 0.920171 0 0.159659 0.00215721
0 0.522493 0.928517 0.233021 0.142966 0.00215029
0 0.145475 0.861771 0.26753 0.197194 0.00214888
0 0.132126 0.964246 0.264252 0.0715087 0.0021452
0 0.272607 0.843529 0.132299 0.172966 0.00214012
0 0 0.210084 0 0.243491 0.00213892
0 0.711777 0.857159 0.248749 0.221225 0.00213652
0 0.0791598 0.972269 0.15832 0.0554626 0.00213492
0 0.906141 0.831911 0.187718 0.336177 0.00213411
0 0.979067 0.0744831 0.0418664 0.148966 0.00212285
0 1 0.0648184 0 0.129637 0.00211964
0 0.958378 0.30687 0.0832443 0.197218 0.00211138
0 0.971254 0.86318 0.0574925 0.273639 0.00207525
0 0.3828 0.926149 0.247521 0.147702 0.00207109
0 0 0.0685489 0 0.137098 0.00206591
0 0.294276 0.711292 0.176361 0.177048 0.00206586
0 0.105631 0.248987 0.211262 0.11649 0.00205896
0 0.93022 0.879164 0.13956 0.241673 0.00205526
0 0.967183 0.209487 0.0656342 0.180617 0.002055
0 0.905161 0.658991 0.189677 0.395255 0.00204644
0 0.933315 0.804397 0.133369 0.391207 0.00204517
0 0.910508 0.717317 0.178985 0.407086 0.00203049
0 0.755665 0.866359 0.250041 0.220468 0.00201359
0 0.828951 0.907312 0.317932 0.181833 0.0020119
0 0.981445 0.463093 0.0371107 0.393266 0.00200982
0 0.952138 0.354401 0.0957237 0.218068 0.00200354
0 0.457168 0.0666091 0.25907 0.133218 0.00199135
0 0.941115 0.45156 0.11777 0.266315 0.00199029
0 0.947464 0.402397 0.105072 0.249588 0.00198915
0 0.900565 0.810389 0.19887 0.235839 0.001987
0 0.213796 0.821467 0.22337 0.205755 0.00198541
0 0.929848 0.613281 0.140304 0.404862 0.00197592
0 0.528505 0.0665618 0.255167 0.133124 0.00197057
0 0.964364 0.161765 0.0712716 0.174504 0.00197002
0 0.931739 0.502656 0.136522 0.290622 0.00196909
0 0.384151 0.0658081 0.259556 0.131616 0.00195772
0 0.951095 0.56295 0.0978104 0.400838 0.00195412
0 0.286563 0.923877 0.243858 0.152246 0.00195403
0 0.544683 0.920329 0.333713 0.159342 0.00195372
0 0.90143 0.898059 0.19714 0.203882 0.00194816
0 0.139193 0.632714 0.246105 0.201146 0.00194449
0 0.13705 0.36354 0.243377 0.235723 0.00194097
0 0 0.944091 0 0.111819 0.00194017
0 0.544437 0.850193 0.237898 0.162952 0.00194004
0 0.295778 0.771501 0.179835 0.191982 0.0019384
0 0.841613 0.867143 0.316774 0.189117 0.00193705
0 0.60047 0.0665466 0.252618 0.133093 0.00192926
0 0.182577 0.0566089 0.20812 0.113218 0.00192814
0 0.134745 0.0590295 0.23658 0.118059 0.00192152
0 0.902218 0.651467 0.195565 0.19673 0.00191939
0 0.854127 0.364985 0.209272 0.18108 0.00191888
0 0.545436 0.813327 0.246721 0.206079 0.00191878
0 0.209497 0.683273 0.163313 0.212964 0.00191832
0 0.941578 0.0753112 0.116843 0.150622 0.00191813
0 0.0224845 0.909725 0.0449689 0.180549 0.00191695
0 0.899564 0.869019 0.200872 0.232874 0.00191279
0 0.299329 0.062196 0.2485 0.124392 0.00189748
0 0.581576 0.265394 0.328786 0.188584 0.00189633
0 0.575678 0.841738 0.22422 0.187856 0.00188087
0 0.239166 0.0573466 0.227223 0.114693 0.00187109
0 0.637731 0.773909 0.255371 0.178068 0.00186561
0 0.920888 0.553649 0.158224 0.323579 0.0018656
0 0.513174 0.791438 0.262373 0.197115 0.00186409
0 0.460577 0.0766383 0.274215 0.153277 0.00185705
0 0.651925 0.823278 0.247156 0.190507 0.00185293
0 0.670086 0.0662453 0.245365 0.132491 0.00185166
0 0.573506 0.214694 0.325134 0.191848 0.00183782
0 0.860361 0.765804 0.236101 0.180753 0.00183361
0 0.724413 0.762669 0.166399 0.139659 0.00183258
0 0.902532 0.367454 0.194936 0.166907 0.00182456
0 0.738203 0.065936 0.237603 0.131872 0.00182238
0 0.0145305 0.972598 0.029061 0.0548044 0.00182114
0 0.195866 0.547702 0.175967 0.154398 0.00181958
0 1 0.0710413 0 0.142083 0.00181711
0 0.9712 0.109572 0.0576003 0.176289 0.00181604
0 0.358166 0.114466 0.307406 0.188602 0.00180913
0 0.386758 0.076647 0.277909 0.153294 0.00180306
0 0.590933 0.316374 0.316818 0.191282 0.0018019
0 0.912357 0.0651302 0.175285 0.13026 0.00179948
0 0.80778 0.0656219 0.243382 0.131244 0.00179922
0 0.86645 0.818515 0.267101 0.189353 0.00178491
0 0.487145 0.265773 0.324811 0.192606 0.00178094
0 0.34206 0.849056 0.13656 0.164321 0.0017775
0 0.401642 0.684451 0.128798 0.161751 0.0017697
0 0.897023 0.173123 0.205954 0.161229 0.00176692
0 0.976142 0.0645366 0.0477169 0.129073 0.00176686
0 0.490352 0.31588 0.321034 0.192283 0.00176481
0 0.397796 0.706751 0.199917 0.163661 0.00176386
0 0.273478 0.117546 0.272797 0.187582 0.00175294
0 0.705101 0.264995 0.245384 0.173249 0.00175248
0 0.43244 0.113359 0.306098 0.186725 0.00175084
0 0.566509 0.166757 0.322176 0.191476 0.0017481
0 0.143145 0.0765441 0.240959 0.153088 0.0017462
0 0.857291 0.714277 0.220377 0.176182 0.00174484
0 0.909418 0.414318 0.181163 0.174874 0.00174426
0 0.877379 0.0654835 0.240093 0.130967 0.00173886
0 0.181175 0.212902 0.227385 0.16217 0.00173863
0 0.399715 0.791567 0.229685 0.208573 0.00173618
0 0.105017 0.126389 0.210035 0.19594 0.00173417
0 0.708903 0.767175 0.282101 0.170827 0.00173264
0 0.431488 0.851768 0.183802 0.15933 0.00172721
0 0.4864 0.213944 0.314623 0.193871 0.00172382
0 0.173536 0.31033 0.1892 0.18639 0.00172265
0 0.690296 0.21656 0.269368 0.183685 0.00171701
0 0.562909 0.787138 0.256482 0.202691 0.00171624
0 0.586403 0.112687 0.293134 0.182977 0.00170242
0 0.668746 0.169883 0.297359 0.184655 0.00170175
0 0.586165 0.413814 0.307901 0.186007 0.00169747
0 0.488884 0.415235 0.323352 0.189547 0.00169547
0 0.588461 0.363312 0.305245 0.18742 0.00169215
0 0.132595 0.420508 0.25891 0.215629 0.00169033
0 0.190709 0.236589 0.18013 0.0857066 0.00168767
0 0.90115 0.611383 0.1977 0.178848 0.00168758
0 0.490158 0.36399 0.320388 0.189626 0.00168146
0 0.408618 0.417118 0.304476 0.187844 0.00167952
0 0.178022 0.420748 0.22039 0.196992 0.00167934
0 0.129358 0.522882 0.258717 0.216966 0.00167925
0 0.707305 0.318574 0.242671 0.186434 0.00167542
0 0.507074 0.113001 0.300754 0.185276 0.00167168
0 0.772679 0.835919 0.273207 0.229508 0.00166778
0 0.48669 0.464528 0.317012 0.19112 0.0016654
0 0.81272 0.714777 0.247175 0.180278 0.0016606
0 0.297829 0.0747443 0.265595 0.149489 0.00165961
0 0.669061 0.113093 0.275075 0.175796 0.00165942
0 0.179043 0.0485169 0.169314 0.0969072 0.0016588
0 0.81785 0.0772388 0.247449 0.154478 0.00165837
0 0.484228 0.517652 0.31363 0.190614 0.00165801
0 0 0.891727 0 0.216547 0.00165584
0 0.412977 0.167174 0.314434 0.188802 0.00165484
0 0.413063 0.214539 0.307322 0.190807 0.00165374
0 0.190439 0.624984 0.200905 0.182836 0.00165007
0 0.821361 0.464709 0.259729 0.180233 0.00164979
0 0.484969 0.166949 0.315925 0.19073 0.00164968
0 0.342036 0.166815 0.31259 0.186578 0.00164731
0 0.877674 0.107042 0.208275 0.173176 0.00164666
0 0.13241 0.469756 0.255515 0.211512 0.00164378
0 0.407496 0.31709 0.293314 0.18731 0.0016396
0 0.566938 0.46232 0.3165 0.191944 0.00163082
0 0.653639 0.71383 0.250313 0.176011 0.0016308
0 0.835409 0.39616 0.217809 0.18762 0.00162867
0 0.806932 0.764811 0.245479 0.171436 0.00162866
0 0.410725 0.466345 0.299501 0.190589 0.00162847
0 0.191529 0.345136 0.1912 0.204778 0.00162339
0 0.885894 0.466926 0.228213 0.168721 0.0016221
0 0.408344 0.26919 0.310311 0.18846 0.00162056
0 0.300727 0.671978 0.201523 0.189011 0.00161869
0 0.2193 0.562363 0.184081 0.159517 0.00161723
0 0.00498175 0.0673788 0.0099635 0.134758 0.00161529
0 0.178921 0.874873 0.194621 0.105775 0.00161526
0 0.856742 0.197644 0.226747 0.176716 0.00161519
0 0.0375456 0.183785 0.0750911 0.344567 0.00161412
0 0.908145 0.464121 0.183709 0.164853 0.00161371
0 0.906756 0.510967 0.186489 0.170344 0.00160888
0 0.896877 0.511351 0.206245 0.176004 0.00160422
0 0.410883 0.364363 0.297613 0.179921 0.00160375
0 0.743323 0.462966 0.279325 0.185649 0.00159095
0 0.482693 0.668729 0.244331 0.177534 0.00158977
0 0.697945 0.632116 0.104594 0.0898972 0.0015885
0 0.904569 0.215814 0.190862 0.172348 0.00158818
0 0.556061 0.517173 0.31958 0.192286 0.0015831
0 0.645361 0.672677 0.2774 0.184348 0.00158108
0 0.641705 0.567002 0.301884 0.184902 0.00158081
0 0.903836 0.561033 0.192327 0.171758 0.00157915
0 0.735146 0.566577 0.291097 0.180432 0.0015763
0 0.922739 0.111006 0.154522 0.171818 0.00157038
0 0.271896 0.516905 0.274904 0.170963 0.00156724
0 0.266836 0.165752 0.291354 0.176992 0.00156611
0 0.414626 0.517084 0.299597 0.184493 0.0015646
0 0.330533 0.418794 0.283599 0.183868 0.00156205
0 0.723524 0.513583 0.305557 0.184975 0.00156199
0 0.576576 0.713552 0.242004 0.172906 0.00156031
0 0.633677 0.516206 0.318006 0.188167 0.00155865
0 0.646922 0.618798 0.302964 0.184569 0.00155672
0 0.506714 0.712134 0.216161 0.164504 0.00155569
0 0.691492 0.410771 0.248477 0.179538 0.00155349
0 0.906536 0.316924 0.186927 0.168254 0.00155274
0 0.34352 0.21451 0.293061 0.184749 0.00155062
0 0.872025 0.406339 0.18113 0.196765 0.00154876
0 0.163048 0.884001 0.171685 0.0872097 0.00154861
0 0.730313 0.715126 0.26706 0.181248 0.00154188
0 0.827902 0.110609 0.22811 0.170689 0.00154092
0 0.752958 0.112375 0.249626 0.169716 0.00154065
0 0.891942 0.618018 0.216117 0.174321 0.00153876
0 0.558096 0.671725 0.273458 0.18316 0.00153432
0 0.842475 0.320866 0.185959 0.191626 0.0015324
0 0.65313 0.462071 0.296939 0.190209 0.0015269
0 0.333316 0.360702 0.263917 0.169104 0.00152141
0 0.207018 0.517138 0.230819 0.177244 0.00151901
0 0.564143 0.567622 0.29279 0.184517 0.00151788
0 0.772055 0.402426 0.228603 0.179724 0.00151724
0 0.321954 0.317548 0.261781 0.182172 0.00151419
0 0.732575 0.891129 0.198032 0.145602 0.959752
0 1 0.94874 0 0.102521 0.0211396
0 1 0.945008 0 0.109984 0.0110734
0 0.210664 0.913765 0.0838069 0.0204906 0.0108502
0 0.746672 0.915604 0.141243 0.0975643 0.00756629
0 1 0.937915 0 0.124169 0.00639804
0 1 0.966461 0 0.0670789 0.0051109
0 0.0664 0 0.100251 0 0.00402462
0 0.209157 0.91142 0.0764805 0.0273333 0.00367005
0 0 0.0177379 0 0.0354758 0.00331271
0 0.209514 0.901533 0.0900078 0.0476128 0.00306997
0 0.711121 0.952189 0.264546 0.0956219 0.00299305
0 0.866446 0.967593 0.267108 0.064814 0.0027864
0 1 0.0146268 0 0.0292536 0.00271837
0 0.806387 0.890936 0.0598168 0.131256 0.00264504
0 0.775617 0.965461 0.242138 0.0690783 0.00262611
0 1 0.956055 0 0.0878898 0.00261953
0 0 0.913031 0 0.173938 0.00244382
0 0.999002 0.0318212 0.00199618 0.0636423 0.00243902
0 0.925831 0.967645 0.148338 0.0647105 0.0024275
0 0.393638 0.96533 0.272591 0.0693394 0.00241428
0 0.551347 0.963735 0.293023 0.0725295 0.00241283
0 0.458701 0.964956 0.270153 0.0700886 0.00240684
0 0.331092 0.965157 0.281296 0.0696863 0.00231522
0 0.00557295 0.980653 0.0111459 0.0386942 0.00230784
0 0.201078 0.894732 0.105459 0.0645668 0.00224003
0 0.131498 0.965532 0.262997 0.0689363 0.00221056
0 0.264034 0.964843 0.284841 0.070314 0.00220847
0 0.793159 0.996355 0.22137 0.00728989 0.00220489
0 0.1779 0.754244 0.126805 0.125932 0.00219437
0 1 0.947172 0 0.105657 0.00217653
0 0.192255 0.964669 0.285963 0.0706621 0.00216566
0 0.70404 0.915655 0.275926 0.16869 0.00215572
0 0 0.0887483 0 0.177497 0.0021291
0 0.0852788 0.968227 0.170558 0.0635452 0.00212423
0 0.719602 0.893006 0.248292 0.186092 0.00212338
0 0.950467 0.968344 0.0990657 0.0633129 0.00211901
0 0.0883601 0 0.106942 0 0.00210961
0 0 0.0616072 0 0.123214 0.00209484
0 0.993435 0.972453 0.01313 0.0550932 0.00209301
0 0.584654 0.999252 0.122587 0.00149612 0.00207701
0 0.617033 0.999728 0.118905 0.00054388 0.00206269
0 0.999313 0.923795 0.00137401 0.152411 0.00206004
0 0.550125 0.999156 0.12194 0.00168705 0.00203511
0 1 0.803469 0 0.187136 0.0020008
0 0.516809 0.999196 0.12034 0.00160713 0.00198846
0 0.927567 0.997661 0.144867 0.00467873 0.00198759
0 1 0.653977 0 0.188825 0.00198683
0 1 0.753073 0 0.191865 0.00197104
0 0.0534993 0.996601 0.106999 0.00679827 0.00196973
0 1 0.703239 0 0.189627 0.00196754
0 0.0329668 0.972307 0.0659335 0.055386 0.00194493
0 1 0.604432 0 0.18721 0.00193808
0 0.564251 0.933405 0.256588 0.13319 0.00193767
0 1 0.066593 0 0.133186 0.0019229
0 1 0.0993671 0 0.190926 0.00192264
0 1 0.453458 0 0.189686 0.00192078
0 1 0.353834 0 0.189629 0.00191625
0 0.86194 0.137157 0.130814 0.10067 0.0019153
0 1 0.40342 0 0.189884 0.00191417
0 1 0.504216 0 0.189234 0.00191399
0 1 0.304062 0 0.189439 0.00191361
0 1 0.254421 0 0.189139 0.00191218
0 1 0.203976 0 0.190109 0.00190614
0 1 0.554397 0 0.189041 0.00190199
0 1 0.153339 0 0.189976 0.00189323
0 0.46957 0.932358 0.23748 0.135285 0.00189191
0 1 0.862406 0 0.197287 0.00186653
0 0.765277 0.938399 0.253419 0.123202 0.00185191
0 0.00417261 0.906176 0.00834521 0.187648 0.00185116
0 0.726503 0.842034 0.275053 0.217666 0.00184544
0 0.851611 0.936291 0.241137 0.127418 0.00184498
0 0 0.968783 0 0.0624342 0.00183516
0 0.482707 0.999196 0.119171 0.00160885 0.00183293
0 0 0.972171 0 0.0556576 0.00181807
0 0.755491 0.863986 0.250597 0.206446 0.0018129
0 0.400157 0.932834 0.242592 0.134331 0.00180813
0 0.756233 0.995224 0.222612 0.00955296 0.00179554
0 0.561037 0.868236 0.134037 0.138609 0.00177395
0 0.966239 0.972198 0.0675219 0.055604 0.00176855
0 0.191931 0.933609 0.251623 0.132782 0.0017582
0 0.331861 0.933211 0.248823 0.133577 0.00175716
0 0.888354 0.997313 0.1576 0.005373 0.00173938
0 0.261137 0.933848 0.250627 0.132303 0.00173714
0 0.846927 0.996864 0.176813 0.00627213 0.00173558
0 0.205518 0.923048 0.0554968 0.0315376 0.00172652
0 0.817397 0.888231 0.0359204 0.129779 0.00172235
0 0.692007 0.916557 0.10145 0.0863396 0.00172005
0 0.448309 0.99913 0.117365 0.00174007 0.00171363
0 0.0392816 0.992375 0.0785633 0.0152498 0.00170063
0 0.75767 0.907418 0.249891 0.17232 0.00170037
0 0.646005 0.999817 0.10559 0.000366879 0.00169835
0 0.285015 0.357685 0.160917 0.0932596 0.00169765
0 0.129545 0.933027 0.25575 0.133946 0.00169325
0 0 0.030722 0 0.061444 0.00168855
0 0.0345714 0.930973 0.0691428 0.138054 0.00168527
0 0.574822 0.911605 0.300248 0.176791 0.00167971
0 0.0416902 0.108284 0.0833804 0.184968 0.0016797
0 0.845347 0.91098 0.309306 0.178041 0.00166457
0 0.0865759 0.932428 0.173152 0.135144 0.00165516
0 0.0370285 0.362907 0.0740571 0.185428 0.0016476
0 0.0371365 0.412376 0.0742729 0.18701 0.00164668
0 0.0366788 0.461909 0.0733575 0.187316 0.00164565
0 0.0506953 0.0684426 0.101391 0.136885 0.00164435
0 0.0364972 0.562308 0.0729944 0.187015 0.0016423
0 0.0358042 0.511636 0.0716083 0.186965 0.00164162
0 0.0355139 0.762668 0.0710277 0.188579 0.00163966
0 0.0559377 0.912148 0.111875 0.175705 0.00163837
0 0.0352521 0.3122 0.0705041 0.184244 0.00163591
0 0.0366727 0.7121 0.0733454 0.187274 0.00163502
0 0.0344597 0.213337 0.0689194 0.186566 0.00163216
0 0.0376011 0.662511 0.0752023 0.187917 0.00163213
0 0.0350802 0.16302 0.0701604 0.183653 0.00162672
0 0.03515 0.263143 0.0703 0.184949 0.00162424
0 0.0373413 0.612396 0.0746826 0.187946 0.00162404
0 0.945135 0.933454 0.10973 0.133093 0.00161622
0 0.0399085 0.87533 0.079817 0.198463 0.00160964
0 0.0392666 0.813174 0.0785332 0.182025 0.00160526
0 0.414267 0.999066 0.115193 0.00186806 0.00159814
0 0.0695557 0.0130328 0.102878 0.0260657 0.00159756
0 0 0.111833 0 0.157931 0.00159526
0 0.553037 0 0.0908967 0 0.00158845
0 0.519848 0 0.0914506 0 0.00158243
0 0.587218 0 0.0905675 0 0.00156675
0 0.851155 0.866854 0.297691 0.187378 0.00155368
0 1 0.410571 0 0.183201 0.00155008
0 1 0.460535 0 0.182806 0.00154913
0 0.48508 0.9111 0.290265 0.1778 0.00154746
0 1 0.36082 0 0.18301 0.00154627
0 1 0.310951 0 0.183016 0.00154349
0 0 0.664364 0 0.156926 0.00154225
0 0 0.614356 0 0.157001 0.00154205
0 0.380687 0.999089 0.116125 0.00182199 0.00154188
0 0 0.564307 0 0.156812 0.00154173
0 0.106149 0.912015 0.212297 0.17597 0.00154153
0 0 0.714476 0 0.157084 0.00154073
0 1 0.159853 0 0.183337 0.0015402
0 1 0.261251 0 0.183144 0.00153943
0 0.956037 0.99748 0.0879268 0.00504093 0.00153827
0 0 0.944681 0 0.110638 0.00153813
0 0 0.464461 0 0.1565 0.00153719
0 0 0.514372 0 0.156601 0.00153713
0 0 0.314368 0 0.156896 0.00153693
0 0 0.81462 0 0.153901 0.00153384
0 0 0.264542 0 0.156654 0.00153324
0 0 0.364349 0 0.156669 0.0015329
0 0 0.414518 0 0.156531 0.0015318
0 0 0.764453 0 0.157211 0.00153072
0 0.973412 0.9039 0.0531757 0.1922 0.00153051
0 0.346526 0.999136 0.117209 0.00172863 0.00152823
0 1 0.511363 0 0.182857 0.00152273
0 0 0.967931 0 0.0641388 0.00152013
0 1 0.210872 0 0.183691 0.00151883
0 0.412173 0.912121 0.295281 0.175757 0.00151879
0 0 0.213803 0 0.156974 0.00151644
0 0 0.163213 0 0.15747 0.00151636
0 0.486358 0 0.0910621 0 0.00151484
0 0.979605 0.0671418 0.0407899 0.134284 0.00151333
0 0.341116 0.912329 0.298293 0.175341 0.00150782
0 0.663007 0.825129 0.299387 0.192646 0.0015068
0 0.218731 0.892709 0.119619 0.0696213 0.00150472
0 0.620531 0 0.0893442 0 0.00150339
0 0.121877 0.0669279 0.243754 0.133856 0.00150261
0 0.0875416 0.0672346 0.175083 0.134469 0.00149854
0 1 0.561407 0 0.18204 0.00149619
0 0.549978 0.733882 0.115077 0.106689 0.00149497
0 0.940768 0.0668103 0.118464 0.133621 0.00149461
0 0.0745244 0.998005 0.121636 0.00398989 0.00149447
0 0.204014 0.91183 0.302897 0.17634 0.00148612
0 0.146529 0.911442 0.293057 0.177116 0.00148501
0 0.271888 0.912539 0.298348 0.174921 0.00148384
0 0.24555 0.999255 0.108901 0.00148926 0.0014837
0 0.776651 0.829987 0.290058 0.217735 0.00148058
0 0.860655 0.819821 0.27869 0.190344 0.0014775
0 0.0110839 0.0676086 0.0221679 0.135217 0.00147659
0 0.215481 0.0779525 0.0738153 0.0404407 0.00147485
0 0.00616906 0.961912 0.0123381 0.0761763 0.00147359
0 0.919679 0.909437 0.160643 0.181126 0.00147336
0 0.233092 0.0676546 0.0480576 0.0231706 0.00147277
0 0.906023 0.0667992 0.187954 0.133598 0.00147038
0 0.346583 0 0.0911478 0 0.00146533
0 0.184326 0.0661711 0.258518 0.132342 0.00146507
0 0.875906 0.563523 0.248188 0.189095 0.00146367
0 0.312251 0.999238 0.114572 0.00152378 0.00146055
0 0.8344 0.562892 0.293556 0.188343 0.00145993
0 0.27908 0.999287 0.112371 0.00142651 0.00145702
0 0.837773 0.312406 0.287682 0.186693 0.00145496
0 0.879362 0.3127 0.241276 0.187943 0.00145376
0 0.928354 0 0.0910051 0 0.00145255
0 0.16708 0.111804 0.285381 0.188095 0.00145152
0 0.236825 0.111486 0.280626 0.185799 0.0014467
0 0.371667 0.110971 0.275252 0.183892 0.00144482
0 0.879093 0.463561 0.241813 0.187757 0.00144451
0 0.872424 0.0665926 0.255153 0.133185 0.00144237
0 0.572377 0.817575 0.308685 0.192214 0.00144233
0 0.840969 0.212953 0.280759 0.188499 0.00144051
0 0.769821 0.562675 0.297087 0.188388 0.00144038
0 0.630622 0.563647 0.297393 0.18801 0.00144031
0 0 0.873621 0 0.165332 0.0014402
0 0.25446 0.0656989 0.257091 0.131398 0.00143609
0 0.494517 0.766987 0.306297 0.189863 0.00143486
0 0.304487 0.110925 0.275904 0.184467 0.00143405
0 0.770703 0.312864 0.288139 0.186065 0.00143372
0 0.700466 0.563217 0.296716 0.187638 0.00143333
0 0.877627 0.413765 0.244746 0.190452 0.00143191
0 0.0829101 0.111814 0.16582 0.187755 0.00143123
0 0.598027 0.0663541 0.257006 0.132708 0.00143103
0 0.43991 0.110977 0.276618 0.18422 0.0014302
0 0.212107 0.999202 0.109432 0.00159607 0.00143016
0 0.391625 0.0656265 0.255637 0.131253 0.00142932
0 0.633941 0.766447 0.303287 0.183688 0.00142867
0 0.580632 0.11164 0.280372 0.184834 0.00142791
0 0.50939 0.11128 0.279954 0.184674 0.00142769
0 0.666227 0.0664323 0.256708 0.132865 0.00142725
0 0.312849 0 0.0908949 0 0.00142639
0 0.529025 0.0662116 0.257087 0.132423 0.00142628
0 0.914817 0.464568 0.170365 0.18766 0.00142626
0 0.494749 0.815833 0.305614 0.192726 0.00142475
0 0.71751 0.111566 0.276182 0.183812 0.00142466
0 0.876382 0.514134 0.247236 0.188294 0.00142435
0 0.836988 0.463072 0.286558 0.186676 0.00142341
0 0.11975 0.11227 0.239501 0.189052 0.00142326
0 0.561712 0.563524 0.295512 0.187429 0.00142311
0 0.632387 0.363262 0.27903 0.180958 0.00142218
0 0.735074 0.066558 0.257069 0.133116 0.00142124
0 0.649377 0.111694 0.278774 0.184194 0.00142109
0 0.856388 0.110618 0.272416 0.184574 0.00142034
0 0.699163 0.463309 0.291574 0.186446 0.00141872
0 0.0804001 0.365 0.1608 0.186034 0.00141868
0 0.878435 0.363669 0.243129 0.190033 0.00141781
0 0.916693 0.871525 0.166614 0.191916 0.00141768
0 0.69801 0.363411 0.284814 0.184323 0.00141762
0 0.771237 0.46307 0.291214 0.186987 0.00141618
0 0.323593 0.0654943 0.25549 0.130989 0.00141573
0 0.286768 0.563304 0.301479 0.188631 0.00141507
0 0.915657 0.31413 0.168687 0.18759 0.00141482
0 0.460055 0.0659233 0.255923 0.131847 0.00141451
0 0.187094 0.0787056 0.272489 0.157411 0.00141257
0 0.83473 0.413322 0.2899 0.190285 0.00141221
0 0.562511 0.463207 0.29079 0.186742 0.00141191
0 0.790075 0.111396 0.275436 0.184137 0.00141184
0 0.828444 0 0.0917284 0 0.00141176
0 0.777515 0.213716 0.284654 0.186287 0.00141114
0 0.836868 0.363428 0.290567 0.189622 0.00141085
0 0.879739 0.263546 0.240522 0.189005 0.00141029
0 0.914553 0.414704 0.170894 0.188737 0.00140972
0 0.426236 0.46432 0.289596 0.187263 0.00140921
0 0.805259 0.0665671 0.258043 0.133134 0.00140905
0 0.655071 0 0.0884161 0 0.00140657
0 0.417088 0.815949 0.304941 0.19111 0.00140587
0 0.358078 0.214726 0.284359 0.182922 0.00140566
0 0.636608 0.214475 0.286569 0.184541 0.00140471
0 0.424611 0.214489 0.283494 0.183249 0.00140432
0 0.890797 0.110553 0.218407 0.186258 0.00140379
0 0.684694 0.858296 0.261569 0.199791 0.00140267
0 0.880617 0.213454 0.238767 0.190713 0.00140263
0 0.631034 0.463094 0.290434 0.186681 0.0014018
0 0.356214 0.563155 0.298966 0.188195 0.00140174
0 0.256196 0.0788092 0.271441 0.157618 0.0014014
0 0.912757 0.564765 0.174486 0.187742 0.00140119
0 0.915396 0.264531 0.169208 0.187981 0.0013999
0 0.244106 0 0.0900745 0 0.00139983
0 0.915555 0.364623 0.16889 0.188663 0.00139981
0 0.770759 0.363307 0.290491 0.188379 0.00139959
0 0.69863 0.31364 0.285461 0.18514 0.00139937
0 0.633178 0.313592 0.284589 0.185871 0.00139766
0 0.0787316 0.265094 0.157463 0.185771 0.0013974
0 0.835026 0.51362 0.289308 0.187543 0.00139732
0 0.452728 0 0.0911684 0 0.00139657
0 0.0787168 0.215628 0.157434 0.187696 0.00139613
0 0.567928 0.767179 0.308036 0.187638 0.0013958
0 0.912625 0.515064 0.174751 0.187386 0.00139554
0 0.07846 0.313715 0.15692 0.18342 0.00139501
0 0.829008 0.765706 0.298755 0.187552 0.00139404
0 0.839064 0.263164 0.284625 0.188911 0.00139243
0 0.359724 0.464069 0.291521 0.188949 0.00139233
0 0.0794709 0.414244 0.158942 0.189304 0.00139123
0 0.216502 0.563601 0.303378 0.188473 0.00139027
0 0.224505 0.214623 0.289119 0.18534 0.00139002
0 0.793932 0 0.0911784 0 0.00138938
0 0.700988 0.715703 0.299353 0.19335 0.00138906
0 0.568032 0.363221 0.276934 0.180691 0.00138903
0 0.292222 0.214864 0.286482 0.183598 0.00138872
0 0.95496 0.463534 0.0900805 0.195284 0.00138849
0 0.75969 0 0.091034 0 0.00138775
0 0.0784811 0.164906 0.156962 0.185224 0.00138773
0 0.32368 0.0788282 0.269841 0.157656 0.0013876
0 0.693381 0.413372 0.288324 0.189054 0.00138749
0 0.423617 0.563099 0.296676 0.187071 0.00138749
0 0.725615 0 0.090362 0 0.00138748
0 0.420555 0.766224 0.300503 0.188502 0.00138721
0 0.902684 0.0792056 0.194631 0.158411 0.00138698
0 0.487969 0.666399 0.30392 0.193611 0.00138678
0 0 0.0121238 0 0.0242475 0.00138591
0 0.625697 0.413109 0.284794 0.189526 0.00138563
0 0.391018 0.0788603 0.270905 0.157721 0.00138523
0 0.292388 0.463991 0.297025 0.189957 0.00138511
0 0.704494 0.214568 0.284394 0.184481 0.00138439
0 0 0.907423 0 0.185155 0.00138435
0 0.716266 0.99553 0.145388 0.00894051 0.00138418
0 0.738504 0.891127 0.203194 0.148415 0.939322
0 0.572029 0.716968 0.452683 0.350627 0.00242192
0 0.647367 0.768001 0.705266 0.463997 0.00239023
0 0.0849128 0.644045 0.169826 0.39629 0.00235547
0 0.0844199 0.739449 0.16884 0.406948 0.0022793
0 0.463173 0.751508 0.298912 0.248884 0.00223504
0 0.0813236 0.543402 0.162647 0.369767 0.0022276
0 0.0747617 0.447672 0.149523 0.322629 0.00217434
0 0.469132 0.707922 0.26829 0.201442 0.00214068
0 0.0698103 0.401718 0.139621 0.282176 0.00213677
0 0.725314 0.955132 0.26766 0.089736 0.00212225
0 0.852129 0.938876 0.224582 0.122247 0.0021116
0 0.359737 0.935629 0.216072 0.128741 0.00204321
0 0.618548 0.806536 0.582546 0.386928 0.00203839
0 0.103763 0.52216 0.207525 0.223651 0.00203296
0 0.10446 0.572038 0.208919 0.225506 0.00202973
0 0.109415 0.726397 0.21883 0.240456 0.00202611
0 0.0831024 0.791566 0.166205 0.349598 0.00201979
0 0.105823 0.624601 0.211646 0.228127 0.00201921
0 0.0653476 0.354702 0.130695 0.247349 0.00201437
0 0.105969 0.672695 0.211938 0.237411 0.00201152
0 0.102663 0.471458 0.205326 0.215271 0.00198802
0 0.60681 0.658147 0.370322 0.279032 0.00198327
0 0.459355 0.805889 0.323691 0.240133 0.00197417
0 0.921121 0.709289 0.157758 0.249877 0.0019526
0 0.729314 0.904906 0.248916 0.190187 0.00192811
0 0.110526 0.777048 0.221052 0.245846 0.00192067
0 0.459625 0.93964 0.228562 0.120721 0.00191568
0 0.062664 0.306178 0.125328 0.226493 0.00190654
0 0.113928 0.838607 0.227856 0.216061 0.0019052
0 0.100932 0.421131 0.201864 0.201977 0.00189433
0 0.301333 0.966465 0.237685 0.0670696 0.00189142
0 0.981005 0.929473 0.0379899 0.141054 0.001858
0 0.85797 0.826649 0.284059 0.346702 0.0018492
0 0.675749 0.728697 0.648503 0.454512 0.00184447
0 0.0622998 0.255631 0.1246 0.229284 0.00183875
0 0.674382 0.965996 0.300596 0.0680088 0.00182339
0 0.0602182 0.203865 0.120436 0.238407 0.00181433
0 0.0773124 0.87173 0.154625 0.256541 0.00180518
0 0.68999 0.664875 0.441967 0.295219 0.0017963
0 0.11426 0.894682 0.22852 0.210637 0.00179489
0 0.360096 0.97049 0.234242 0.0590199 0.00178933
0 1 0.411077 0 0.178088 0.00178793
0 1 0.461911 0 0.180927 0.00177809
0 1 0.512558 0 0.180577 0.00176489
0 1 0.360467 0 0.171343 0.00176168
0 1 0.55788 0 0.208476 0.00175525
0 0.0996755 0.371559 0.199351 0.191108 0.00175014
0 0.540979 0.652429 0.297219 0.21101 0.00174485
0 0.057109 0.157107 0.114218 0.206725 0.00174404
0 1 0.607375 0 0.214387 0.00173784
0 0.886995 0.70751 0.226009 0.232595 0.00173731
0 0.0563546 0.106626 0.112709 0.179086 0.00173682
0 0.191817 0.966444 0.1718 0.0671116 0.00172749
0 0.896024 0.759224 0.207952 0.375102 0.00171878
0 0.836819 0.907107 0.297952 0.185785 0.00171644
0 0.69017 0.920147 0.292766 0.159706 0.00170966
0 0.285099 0.869776 0.235465 0.179381 0.00170875
0 0.852201 0.972785 0.258133 0.0544294 0.00170459
0 0.539567 0.971888 0.268054 0.0562244 0.00170308
0 1 0.303779 0 0.184042 0.0017024
0 0.142678 0.873356 0.179028 0.202769 0.00170026
0 0 0.461823 0 0.151865 0.00169983
0 0 0.411736 0 0.148835 0.0016986
0 0 0.361936 0 0.147935 0.0016981
0 0.305445 0.926696 0.221491 0.146608 0.00168984
0 0.450212 0.867873 0.293665 0.215837 0.00168903
0 0 0.512217 0 0.15503 0.0016848
0 0.545456 0.937178 0.243866 0.125644 0.00168422
0 0.532776 0.916139 0.32716 0.167721 0.00168351
0 0 0.562426 0 0.158149 0.00168127
0 0.837974 0.713215 0.324052 0.26481 0.00167584
0 0.372238 0.812915 0.2349 0.167175 0.00166937
0 0.775322 0.934304 0.247109 0.131392 0.00166737
0 0 0.612475 0 0.160255 0.00166703
0 0.985973 0.661477 0.0280533 0.203439 0.00166215
0 1 0.613914 0 0.189203 0.00166102
0 0 0.312897 0 0.147531 0.00165336
0 0 0.662603 0 0.162485 0.0016515
0 0 0.71423 0 0.166706 0.00164447
0 0.0995791 0.320945 0.199158 0.183308 0.00164219
0 0.784373 0.969516 0.229595 0.0609688 0.00163809
0 0.0555805 0.0682272 0.111161 0.136454 0.0016253
0 1 0.255952 0 0.176281 0.00162438
0 0.962867 0.976893 0.0742652 0.0462149 0.00162336
0 0 0.764047 0 0.166244 0.00161867
0 0.104307 0.964561 0.206819 0.0708771 0.00160867
0 0.460956 0.972037 0.261217 0.055925 0.00160371
0 0.904151 0.896724 0.191697 0.206553 0.0016024
0 0.765371 0.663639 0.422448 0.243789 0.00159623
0 0.392483 0.762862 0.234781 0.171397 0.00159094
0 0.127184 0.882111 0.240584 0.21899 0.00158726
0 0.32624 0.907211 0.23663 0.185578 0.00158161
0 0 0.110233 0 0.149399 0.00157033
0 0.361059 0.870102 0.230981 0.171955 0.00157032
0 1 0.657117 0 0.221407 0.00155726
0 0 0.264151 0 0.147372 0.00155256
0 0.999389 0.859534 0.00122149 0.280931 0.00155018
0 1 0.0658784 0 0.131757 0.0015499
0 1 0.206799 0 0.176247 0.00154161
0 0 0.213674 0 0.148542 0.00153969
0 0.101267 0.271625 0.202533 0.187388 0.00153084
0 0.912304 0.659982 0.175392 0.171907 0.00153012
0 0.882051 0.793158 0.235898 0.413685 0.00152858
0 0.951346 0.907899 0.0973076 0.184201 0.00152325
0 0.950498 0.660555 0.0990032 0.191055 0.00151866
0 0.667569 0.8976 0.349613 0.204801 0.00151457
0 0.880765 0.659793 0.238469 0.169406 0.00151222
0 0.937774 0.940736 0.124453 0.118528 0.00151016
0 0 0.162131 0 0.149047 0.00150862
0 0.735072 0.873231 0.215748 0.212256 0.00150827
0 0.101844 0.22054 0.203688 0.194172 0.00150527
0 0 0.063123 0 0.126246 0.00149865
0 0.239067 0.914441 0.163071 0.171118 0.00149741
0 0 0.970844 0 0.058312 0.00149738
0 0.488901 0.658256 0.261888 0.174728 0.00148959
0 0 0.815109 0 0.157564 0.00147501
0 0.786438 0.783659 0.427123 0.432681 0.00147462
0 0.100454 0.167791 0.200908 0.182943 0.00147337
0 0.192961 0.819106 0.21672 0.175727 0.00146798
0 0.767565 0.721111 0.46487 0.371441 0.0014648
0 0.981076 0.563803 0.0378473 0.179152 0.00146305
0 0.971664 0.612924 0.0566711 0.181342 0.00145133
0 0.875304 0.533791 0.123371 0.107525 0.00144938
0 0 0.958061 0 0.0838776 0.00144038
0 0.923656 0.975289 0.152689 0.0494219 0.00143801
0 0.0993636 0.11278 0.198727 0.174595 0.00143153
0 1 0.156436 0 0.172018 0.00142831
0 0 0.971231 0 0.0575373 0.00142621
0 0.4186 0.713388 0.243297 0.168571 0.00141852
0 0.215551 0.0912368 0.0888429 0.0611317 0.00141136
0 0.135669 0.824684 0.237185 0.176787 0.00141029
0 0.322988 0.865626 0.230948 0.185279 0.0014081
0 1 0.892117 0 0.215767 0.00140733
0 0.988962 0.31287 0.0220757 0.167237 0.00140489
0 0.100154 0.074106 0.200307 0.148212 0.00139932
0 0.433691 0.926003 0.276358 0.147994 0.00138931
0 0.922002 0.845503 0.155995 0.308994 0.0013867
0 0.986926 0.213787 0.0261482 0.16691 0.0013817
0 1 0.103259 0 0.171362 0.0013802
0 0.102474 0.909812 0.199619 0.180375 0.00137355
0 0.988375 0.263674 0.023249 0.165746 0.00136988
0 0.934252 0.613417 0.131496 0.167132 0.001362
0 1 0.706697 0 0.25211 0.0013383
0 0.286686 0.816271 0.230454 0.168008 0.00133673
0 0.579559 0.608857 0.273324 0.172049 0.00133413
0 0.2124 0.769533 0.228881 0.173121 0.00133085
0 0.992336 0.0736146 0.0153278 0.147229 0.00132827
0 0.986737 0.163283 0.0265268 0.168253 0.00132767
0 0.837666 0.660614 0.324667 0.189985 0.0013257
0 0.993565 0.808804 0.0128709 0.330042 0.00132033
0 0.910833 0.613255 0.178334 0.166663 0.00131438
0 1 0.213451 0 0.159729 0.00129349
0 0.883877 0.6115 0.232246 0.169475 0.00129017
0 0.213407 0.931114 0.116869 0.137772 0.00128925
0 0.821335 0.610108 0.252099 0.17251 0.00127257
0 0.767255 0.903914 0.261796 0.187988 0.00127102
0 0.999337 0.756424 0.00132597 0.300551 0.00127079
0 0.824907 0.833691 0.350185 0.332619 0.00125981
0 0 0.925227 0 0.149546 0.0012577
0 0.944607 0.565429 0.110785 0.163372 0.0012575
0 0.137584 0.469358 0.250372 0.168116 0.00125622
0 0.147914 0.111818 0.242971 0.168209 0.0012551
0 0.651032 0.606742 0.288174 0.177746 0.00125334
0 0.993332 0.109741 0.0133356 0.17033 0.00125196
0 1 0.981071 0 0.0378578 0.00124753
0 0.950316 0.465222 0.0993681 0.163175 0.00124717
0 0.138783 0.417821 0.247143 0.166754 0.00123939
0 0.695573 0.82805 0.41469 0.332367 0.00123875
0 0.739325 0.607908 0.276774 0.177228 0.0012345
0 0.0968172 0.970336 0.193634 0.0593287 0.00123273
0 0.141226 0.670241 0.24159 0.170599 0.0012325
0 0 0.885384 0 0.186694 0.00122993
0 0.994545 0.973936 0.0109107 0.0521271 0.00122955
0 0.10039 0.934816 0.20078 0.130368 0.00122932
0 0.136924 0.519816 0.250041 0.168899 0.00122755
0 0.953969 0.314593 0.0920621 0.159872 0.00122665
0 0.288075 0.768177 0.22885 0.168445 0.0012257
0 0.952695 0.414868 0.0946105 0.161479 0.00122436
0 0.140251 0.720952 0.243826 0.169972 0.00122046
0 0.138329 0.773622 0.240734 0.177778 0.00121986
0 0.949624 0.514651 0.100752 0.16265 0.00121947
0 0.953687 0.364751 0.0926251 0.160559 0.00121716
0 0.149487 0.0737414 0.240145 0.147483 0.00121654
0 0.120493 0.924745 0.238213 0.15051 0.0012129
0 0.959253 0.0733718 0.0814934 0.146744 0.00121042
0 0.952275 0.26536 0.0954506 0.160554 0.00121021
0 0.00562383 0.0681786 0.0112477 0.136357 0.00120953
0 0.951571 0.214909 0.0968571 0.161931 0.00120469
0 0.446262 0.662418 0.237802 0.167063 0.00120177
0 0.140359 0.166415 0.253967 0.165525 0.00119584
0 0.220995 0.0816251 0.0948965 0.0504714 0.00119508
0 0.141234 0.620808 0.24316 0.165599 0.00119032
0 0.139696 0.569985 0.245375 0.16726 0.00117904
0 0.214018 0.717162 0.233274 0.166538 0.00117813
0 1 0.162606 0 0.16025 0.00117805
0 0.138147 0.367818 0.246427 0.166749 0.00117561
0 0.139862 0.218058 0.253926 0.167477 0.00117459
0 0.952886 0.165104 0.0942286 0.162167 0.00117311
0 0.920304 0.364286 0.159393 0.164217 0.00117244
0 0.656204 0.433851 0.115372 0.0513993 0.00117157
0 0.921006 0.414904 0.157989 0.16322 0.00116816
0 0.13877 0.317502 0.247813 0.165704 0.00116667
0 0.920993 0.314007 0.158014 0.163464 0.00115759
0 0.520463 0.612006 0.251012 0.170056 0.00114878
0 0.139303 0.268593 0.250914 0.16676 0.00114668
0 0.0111568 0.923673 0.0223136 0.152653 0.00114332
0 0.958407 0.112586 0.0831866 0.16543 0.00114037
0 0.918688 0.466788 0.162625 0.166657 0.00113826
0 0.212748 0.666781 0.233548 0.168663 0.00113824
0 0.689671 0.563639 0.236896 0.167436 0.00113704
0 0.503307 0.851843 0.409878 0.193759 0.0011332
0 0.925834 0.0738184 0.148332 0.147637 0.00113163
0 0.769129 0.860122 0.279674 0.271543 0.00112937
0 0.458048 0.832202 0.555876 0.196 0.00112586
0 0.610892 0.563233 0.238427 0.16764 0.00112437
0 0.838003 0.881378 0.323995 0.237243 0.0011209
0 0.206945 0.466755 0.243149 0.166439 0.00111614
0 0.348694 0.825776 0.486069 0.200798 0.00111335
0 0.917281 0.566107 0.165438 0.163724 0.00111103
0 0.766403 0.565429 0.230605 0.164694 0.0011094
0 0.833265 0.567611 0.226849 0.163464 0.00110541
0 0.919173 0.266128 0.161653 0.164741 0.00110442
0 1 0.953817 0 0.0923651 0.00110242
0 0.211141 0.616624 0.235081 0.163897 0.00110153
0 0.207341 0.414353 0.239177 0.164819 0.00110084
0 0.321069 0.164151 0.232908 0.165166 0.00109777
0 0.206556 0.516078 0.241086 0.167018 0.00109643
0 0.217428 0.110338 0.232824 0.170134 0.00109603
0 0.209202 0.265358 0.240961 0.166209 0.00109516
0 0.921646 0.514051 0.156708 0.16348 0.00109322
0 0.210982 0.215449 0.241781 0.165255 0.00109299
0 0.725675 0.841774 0.238693 0.285939 0.00109186
0 0.286407 0.715972 0.228753 0.165734 0.00109059
0 0.277728 0.466977 0.24117 0.167743 0.00108623
0 0.919845 0.215162 0.16031 0.165114 0.00108489
0 0.209832 0.566121 0.237316 0.165139 0.00108405
0 0.283627 0.565335 0.233708 0.166897 0.00108352
0 0.218134 0.0735053 0.231357 0.147011 0.0010827
0 0.206177 0.364699 0.239194 0.166031 0.00108067
0 0.207843 0.31489 0.239166 0.166673 0.00107948
0 0.863361 0.90079 0.273279 0.19842 0.00107773
0 0.893909 0.9195 0.211199 0.160999 0.00107656
0 0.924396 0.114021 0.151208 0.16691 0.00107386
0 0.832452 0.0738088 0.235521 0.147618 0.00107358
0 0.277899 0.413148 0.23389 0.164219 0.00107354
0 0.890913 0.566896 0.218174 0.164096 0.00107221
0 0.922168 0.164972 0.155664 0.163625 0.00107055
0 0.277331 0.363631 0.234613 0.166752 0.00107001
0 0.279468 0.31438 0.233319 0.167757 0.00106959
0 0.349568 0.314842 0.230844 0.168093 0.00106911
0 0.419094 0.364861 0.232369 0.167788 0.00106417
0 0.347798 0.36387 0.233276 0.167574 0.00106402
0 0.279926 0.515346 0.236696 0.167748 0.00106379
0 0.419587 0.113499 0.231139 0.170398 0.00106361
0 0.830585 0.114677 0.233698 0.170899 0.00106217
0 0.281382 0.214829 0.236139 0.164721 0.00106164
0 0.54992 0.873362 0.290641 0.198368 0.00105957
0 0.284769 0.667308 0.229875 0.168054 0.00105923
0 0.348479 0.412786 0.230343 0.163823 0.00105773
0 0.211721 0.164181 0.238468 0.164918 0.00105618
0 0.284181 0.615131 0.231948 0.165237 0.00105506
0 0.349014 0.468677 0.237453 0.168402 0.00105505
0 0.692718 0.513541 0.230562 0.166847 0.00105427
0 0.691275 0.466821 0.231213 0.167782 0.00105313
0 0.891244 0.0740004 0.217512 0.148001 0.00105292
0 0.280138 0.264646 0.234267 0.165809 0.00105151
0 0.760041 0.114163 0.231598 0.171372 0.00104848
0 0.889434 0.3633 0.221133 0.166854 0.00104843
0 0.62626 0.112723 0.231678 0.171006 0.00104753
0 0.694065 0.113406 0.231666 0.171466 0.00104523
0 0.890892 0.114735 0.218217 0.168935 0.00104481
0 0.283539 0.110969 0.229944 0.171579 0.00104251
0 6.15684e-05 0.526766 0.000123137 0.297679 0.00104225
0 0.280722 0.163373 0.23107 0.164555 0.00104221
0 1 0.96812 0 0.0637604 0.00104122
0 0.542775 0.564623 0.231895 0.16557 0.00104111
0 0.00664113 0.578483 0.0132823 0.317922 0.00104058
0 0.489946 0.365379 0.231999 0.166782 0.00103939
0 0.419853 0.315413 0.227597 0.167671 0.00103926
0 0.890772 0.164272 0.218457 0.16462 0.00103807
0 0 0.472972 0 0.270411 0.00103791
0 0.350763 0.112672 0.230446 0.171348 0.00103728
0 0.0122566 0.630384 0.0245133 0.33239 0.00103657
0 0 0.418591 0 0.236525 0.00103595
0 0.763428 0.0735079 0.231592 0.147016 0.00103468
0 0.419145 0.413222 0.228984 0.163994 0.00103255
0 0.490333 0.413283 0.229697 0.164948 0.00103231
0 0.355371 0.566469 0.228409 0.168808 0.0010317
0 0.627103 0.0737625 0.234492 0.147525 0.00103136
0 0.350208 0.214763 0.23465 0.165455 0.00103121
0 0.890526 0.313453 0.218948 0.165254 0.00102921
0 0.888336 0.215135 0.223329 0.168094 0.0010274
0 0.41812 0.163702 0.227823 0.163164 0.00102732
0 0.557894 0.112784 0.232084 0.170073 0.00102659
0 0.489499 0.113019 0.230859 0.17021 0.00102655
0 0.55944 0.216416 0.232863 0.167472 0.0010264
0 0.350958 0.76662 0.220417 0.169878 0.00102627
0 0.41848 0.215094 0.232625 0.165326 0.00102429
0 0.34952 0.264992 0.231517 0.165914 0.001024
0 0.734089 0.89269 0.199204 0.147989 0.975126
0 0.744409 0.667409 0.406861 0.285091 0.00247618
0 0.417206 0.707965 0.395644 0.31094 0.00229523
0 0.608551 0.665872 0.390539 0.279911 0.00228888
0 0.533969 0.664351 0.374194 0.252882 0.0022656
0 0.337487 0.748847 0.292847 0.232268 0.00225395
0 0.80839 0.665472 0.38322 0.256239 0.00224379
0 0.0286576 0.966176 0.0573152 0.0676483 0.00218322
0 0.330778 0.797228 0.295211 0.263328 0.00209023
0 0.923736 0.663719 0.152527 0.242266 0.00201412
0 0.859356 0.661212 0.281289 0.213254 0.0019919
0 0.324314 0.854741 0.281591 0.254772 0.00192601
0 0.48025 0.767243 0.617079 0.45243 0.00191948
0 0.349679 0.707701 0.274972 0.190292 0.00189195
0 0.841725 0.716709 0.31655 0.386342 0.00184294
0 0.305892 0.937219 0.236086 0.125562 0.00183512
0 0.716642 0.925993 0.308448 0.148015 0.00180972
0 0.312127 0.899571 0.257778 0.200857 0.0017815
0 0.794605 0.723021 0.410791 0.442891 0.00178069
0 0.818578 0.796754 0.362845 0.406492 0.00175458
0 0.983403 0.914647 0.0331942 0.170706 0.00174982
0 0.673945 0.772793 0.652111 0.454414 0.00174457
0 0.802334 0.818607 0.371547 0.362786 0.00171182
0 0.493217 0.814066 0.67631 0.371868 0.00170962
0 0.728076 0.95637 0.227804 0.0872604 0.00169873
0 0.479811 0.657292 0.329214 0.216754 0.00169701
0 0.932988 0.665589 0.134024 0.352012 0.00162893
0 0.021924 0.26934 0.043848 0.270398 0.00161116
0 0.0217173 0.220592 0.0434345 0.267416 0.00161007
0 0.0255788 0.918185 0.0511575 0.16363 0.00159565
0 0.0217248 0.769345 0.0434496 0.271021 0.00158968
0 0.0220202 0.6697 0.0440403 0.267955 0.00158899
0 0.0219236 0.318894 0.0438472 0.26941 0.00158435
0 0.0217637 0.719608 0.0435275 0.268814 0.00158317
0 0.0225002 0.619858 0.0450004 0.265566 0.00157895
0 0.0221777 0.369238 0.0443554 0.269147 0.00157524
0 0.861882 0.840075 0.276236 0.31985 0.00157214
0 0.0214902 0.170009 0.0429804 0.25603 0.00156782
0 0.0223157 0.419244 0.0446314 0.267447 0.00156054
0 0.0218257 0.818486 0.0436515 0.270652 0.00155492
0 0.238099 0.961794 0.186554 0.0764126 0.00154415
0 0.798039 0.967475 0.220921 0.0650506 0.00154215
0 0.0226825 0.569325 0.045365 0.264327 0.00153975
0 0.0223918 0.469557 0.0447836 0.265874 0.00153821
0 1 0.94068 0 0.118641 0.0015339
0 0.0225104 0.51949 0.0450209 0.264785 0.00153093
0 0.964826 0.618295 0.0703487 0.313109 0.00152738
0 0.0228527 0.86757 0.0457054 0.264859 0.00150968
0 0.0243664 0.115958 0.0487328 0.231916 0.00149607
0 0.865103 0.971709 0.260668 0.0565828 0.00148821
0 0.643629 0.901766 0.425745 0.196469 0.00148375
0 0.610446 0.731785 0.702017 0.452228 0.00148283
0 0.561022 0.925764 0.489554 0.148472 0.00148065
0 0.312395 0.763809 0.258331 0.162349 0.00147604
0 0.13663 0.964823 0.228556 0.0703531 0.00146363
0 0.00663981 0.946855 0.0132796 0.106289 0.00146318
0 0.195805 0.961876 0.211571 0.0762476 0.0014564
0 0.423816 0.65808 0.286474 0.186402 0.00145458
0 0.29302 0.962472 0.220371 0.0750555 0.00145153
0 0.530361 0.863827 0.328957 0.247631 0.00144469
0 0 0.319063 0 0.339108 0.00144063
0 0 0.849941 0 0.300118 0.00142416
0 0 0.419251 0 0.337238 0.00141633
0 0 0.620469 0 0.335436 0.00141547
0 0 0.519734 0 0.335084 0.00140692
0 0 0.720186 0 0.337932 0.00139938
0 0.764855 0.762675 0.470291 0.474649 0.00139562
0 0.473659 0.959181 0.402532 0.0816374 0.00138977
0 0.653301 0.609326 0.30043 0.167267 0.0013855
0 0.313523 0.815259 0.26351 0.16491 0.0013792
0 0.705265 0.728826 0.58947 0.456444 0.00136579
0 0.378155 0.662743 0.260692 0.171179 0.00136345
0 0.321056 0.713435 0.251804 0.164158 0.00136273
0 0 0.221289 0 0.334392 0.00135324
0 0.583791 0.609851 0.290399 0.165784 0.00135235
0 0.724067 0.897954 0.234787 0.204093 0.00135023
0 0.723259 0.609804 0.304161 0.168854 0.00134006
0 0.366531 0.969533 0.271621 0.0609344 0.0013386
0 0.0239391 0.893277 0.0478783 0.213447 0.00133282
0 0.523844 0.888999 0.298893 0.222002 0.00132889
0 0.790109 0.610202 0.299433 0.16793 0.00132739
0 0.859168 0.611633 0.281664 0.163817 0.00132458
0 0.34018 0.0658603 0.25225 0.131721 0.00129377
0 0.974418 0.571539 0.0511643 0.28746 0.00128983
0 0.996954 0.90041 0.00609118 0.199179 0.00128931
0 0.585145 0.793227 0.82971 0.413545 0.00128168
0 0.905966 0.898502 0.188068 0.202997 0.00127983
0 0.977381 0.507867 0.0452379 0.2503 0.00127247
0 0.972791 0.210464 0.0544189 0.312527 0.0012687
0 0.854122 0.916654 0.25159 0.166691 0.00126729
0 0.712776 0.838633 0.271859 0.322733 0.00126404
0 0.269187 0.0654146 0.249381 0.130829 0.001262
0 0.14519 0.939512 0.22755 0.120977 0.00125941
0 0.410297 0.0663878 0.252669 0.132776 0.00125825
0 0 0.0698815 0 0.139763 0.00125809
0 0.82691 0.852307 0.346181 0.295386 0.00125482
0 0.978454 0.454395 0.0430912 0.235706 0.00125266
0 0.189666 0.04101 0.379332 0.0820199 0.00124982
0 0.0105265 0.98364 0.021053 0.0327195 0.0012498
0 0.324849 0.866372 0.255591 0.163971 0.00124945
0 0.688191 0.867784 0.331351 0.264432 0.00124367
0 0.979218 0.40371 0.0415647 0.235593 0.00124326
0 0.903739 0.974772 0.192521 0.0504563 0.00124317
0 0.722186 0.864062 0.243364 0.236842 0.00124172
0 0.979963 0.354389 0.0400735 0.235958 0.00124061
0 0.822413 0.0660002 0.251824 0.132 0.00124053
0 0.882986 0.066217 0.234028 0.132434 0.0012401
0 0.451115 0.841362 0.53776 0.317275 0.00122666
0 0.980464 0.304709 0.0390725 0.232701 0.00122383
0 0 0.135767 0 0.271534 0.00121973
0 0.919945 0.0668584 0.16011 0.133717 0.00121688
0 0.274394 0.0606669 0.548788 0.121334 0.00121395
0 0.969586 0.308679 0.060828 0.324252 0.00121202
0 0.479897 0.0665103 0.250881 0.133021 0.00120969
0 0.752058 0.0661295 0.250114 0.132259 0.0012086
0 0.0587157 0.0784391 0.117431 0.156878 0.00120416
0 0.779287 0.920191 0.239992 0.159617 0.00120348
0 0.33118 0.665296 0.243538 0.165119 0.00120045
0 0.752847 0.590169 0.148519 0.0297936 0.00119894
0 0.216466 0.920079 0.225888 0.159285 0.00119707
0 0.198291 0.0654393 0.245723 0.130879 0.00119514
0 0.980852 0.253222 0.0382967 0.234947 0.00119224
0 0.00221013 0.896907 0.00442026 0.206186 0.00119209
0 0.932216 0.882718 0.135569 0.234565 0.00118568
0 0.966407 0.465464 0.0671857 0.330866 0.00118408
0 0.982227 0.204193 0.0355457 0.230262 0.00118394
0 0.682793 0.0663048 0.248072 0.13261 0.0011827
0 0.967666 0.409472 0.0646673 0.322971 0.00118042
0 0.974538 0.153988 0.0509235 0.294021 0.00117559
0 0.939789 0.971329 0.120422 0.0573422 0.00117534
0 0.015002 0.080153 0.030004 0.160306 0.00117373
0 0.547919 0.0665547 0.249424 0.133109 0.00116929
0 0.461471 0.613886 0.264284 0.165645 0.00116342
0 0.615248 0.0664218 0.248275 0.132844 0.0011601
0 0.526062 0.611154 0.272644 0.165211 0.0011576
0 0.211998 0.915028 0.113347 0.0231583 0.00115212
0 0.281516 0.920069 0.235989 0.159863 0.00114325
0 0.254729 0.0480336 0.478334 0.0960673 0.00113932
0 1 0.0745469 0 0.149094 0.00113625
0 0.400271 0.615575 0.251974 0.166086 0.00112693
0 0.361828 0.90621 0.276113 0.18758 0.00112525
0 0.765851 0.885555 0.27011 0.22889 0.00111789
0 0.991849 0.102285 0.0163018 0.204571 0.00111136
0 0.966398 0.521196 0.0672035 0.34153 0.00110772
0 0.888474 0.563453 0.223051 0.159416 0.00109533
0 0.912329 0.610523 0.175342 0.158311 0.00108755
0 0.985544 0.154476 0.0289128 0.21643 0.00108753
0 0.339348 0.61589 0.242073 0.165057 0.00108399
0 0.926464 0.564407 0.147073 0.159042 0.00108079
0 0.761188 0.563482 0.241542 0.159842 0.0010792
0 0.137017 0.923901 0.251344 0.152198 0.00107814
0 0.678307 0.767164 0.30017 0.15247 0.00107643
0 0.828043 0.562484 0.236945 0.159227 0.00107624
0 0.689277 0.564633 0.24439 0.160962 0.00107165
0 0.51292 0.793892 0.349812 0.21672 0.00106815
0 0.925622 0.365157 0.148755 0.161542 0.00106733
0 0.135546 0.0756535 0.24702 0.151307 0.00106475
0 0.924883 0.415772 0.150235 0.161935 0.0010647
0 0.925468 0.515047 0.149064 0.161062 0.00106114
0 0.927788 0.116728 0.144424 0.160596 0.00105907
0 0.925958 0.315437 0.148084 0.160263 0.00105716
0 0.924941 0.465048 0.150118 0.162896 0.00105522
0 0.326887 0.919973 0.247929 0.160054 0.00105329
0 0.281211 0.865733 0.237843 0.16039 0.00105165
0 0.207873 0.939064 0.209574 0.121872 0.00104988
0 0.198381 0.130524 0.164266 0.119904 0.00104978
0 0.484601 0.563713 0.238228 0.160896 0.00104977
0 0.415005 0.117623 0.241741 0.160514 0.00104945
0 0.694845 0.116741 0.240283 0.159558 0.00104943
0 0.624453 0.116423 0.24233 0.160192 0.00104574
0 0.263471 0.942616 0.210405 0.114768 0.00104383
0 0.958753 0.0692543 0.0824947 0.138509 0.00104383
0 0.616072 0.564419 0.241076 0.162113 0.00104341
0 0.554469 0.1164 0.244096 0.160766 0.00104259
0 0.486566 0.65939 0.20304 0.127346 0.00104206
0 0.538777 0.819798 0.368434 0.208949 0.0010404
0 0.571288 0.836092 0.730531 0.327816 0.00103526
0 0.12707 0.874714 0.254139 0.160923 0.00103462
0 0.346878 0.118282 0.240919 0.159826 0.00103324
0 0.62443 0.165968 0.243569 0.161426 0.00103272
0 0.819364 0.799035 0.361272 0.338746 0.00103183
0 0.415024 0.563691 0.235642 0.160775 0.00103047
0 0.485296 0.116791 0.242203 0.16059 0.00103012
0 0.552321 0.165693 0.247991 0.161196 0.00102923
0 0.208333 0.116963 0.237266 0.15991 0.00102868
0 0.925488 0.167012 0.149024 0.159889 0.00102864
0 0.697286 0.166586 0.240857 0.16162 0.00102849
0 0.550893 0.563864 0.237978 0.161657 0.00102737
0 0.670598 0.825651 0.511297 0.348699 0.00102711
0 0.925915 0.266152 0.14817 0.16149 0.00102672
0 0.277539 0.11801 0.240517 0.160113 0.00102601
0 0.88699 0.515329 0.226021 0.160731 0.00102442
0 0.926004 0.215909 0.147993 0.163846 0.00102434
0 0.556657 0.216297 0.248744 0.162277 0.00102413
0 0.411966 0.165016 0.24302 0.161137 0.0010201
0 0.832074 0.116245 0.236734 0.159727 0.00101738
0 0.762976 0.116647 0.238691 0.159644 0.00101634
0 0.481859 0.165277 0.24553 0.160233 0.00101612
0 0.201826 0.762029 0.173106 0.106421 0.00101523
0 0.346316 0.563996 0.234577 0.159408 0.00101393
0 0.885747 0.415515 0.228505 0.162135 0.00101146
0 0.8857 0.465383 0.2286 0.162616 0.00101079
0 0.654848 0.125815 0.43154 0.189812 0.00100848
0 0.887789 0.364142 0.224422 0.163005 0.00100626
0 0.482981 0.215453 0.246569 0.161477 0.00100451
0 0.121653 0.119215 0.243306 0.160376 0.00100406
0 0.627282 0.216369 0.240835 0.160232 0.00100049
0 0.890539 0.115849 0.218923 0.160995 0.00100032
0 0.735235 0.894861 0.199874 0.147963 0.983538
0 0.996806 0.11567 0.00638874 0.23134 0.410956
0 0.996902 0.886841 0.00619592 0.226318 0.313099
0 0.0133793 0.112137 0.0267585 0.224274 0.19418
0 0.030278 0.889433 0.0605561 0.221134 0.0437576
0 0.99629 0.165537 0.00741925 0.281618 0.0423641
0 0.996234 0.691358 0.00753187 0.281454 0.0344052
0 0.996206 0.765947 0.00758752 0.282001 0.031077
0 0.996247 0.641164 0.00750654 0.281295 0.0297578
0 0.996177 0.816547 0.00764646 0.282779 0.0287009
0 0.99631 0.215819 0.00738092 0.281612 0.0268693
0 0.99633 0.415805 0.00733944 0.281236 0.0261246
0 0.996274 0.590958 0.00745259 0.281482 0.0259853
0 0.996331 0.265776 0.00733787 0.28133 0.025963
0 0.996342 0.365838 0.00731608 0.281268 0.025902
0 0.996358 0.31581 0.00728405 0.281298 0.0258101
0 0.996302 0.465932 0.00739641 0.28157 0.0247976
0 0.996284 0.540882 0.00743238 0.281692 0.0243112
0 0.0196127 0.139649 0.0392255 0.267526 0.0128288
0 0.389676 0.875596 0.232481 0.222783 0.0124644
0 0.357878 0.89006 0.301925 0.211546 0.00679256
0 0.172077 0.901051 0.315567 0.197897 0.00589132
0 0.853781 0.648132 0.292438 0.25802 0.00532098
0 0.867311 0.30082 0.265377 0.255517 0.00489366
0 0.859132 0.738649 0.281737 0.263317 0.00342185
0 0.902555 0.90181 0.19489 0.193136 0.00320951
0 0.993917 0.870269 0.0121658 0.259461 0.0027712
0 0.78189 0.760207 0.43622 0.442226 0.00257986
0 1 0.950307 0 0.0993868 0.00256315
0 0.0669387 0.713732 0.108661 0.215621 0.00251816
0 0.874779 0.351101 0.250442 0.225851 0.00236491
0 0.985678 0.706754 0.0286432 0.354641 0.00229975
0 0.979545 0.311114 0.0409094 0.363846 0.00228567
0 0.978552 0.410032 0.0428955 0.362339 0.00222519
0 0.998565 0.0725776 0.00287049 0.145155 0.00222259
0 0.0724285 0.161543 0.120069 0.21659 0.00221479
0 0.984436 0.208694 0.0311277 0.373472 0.002209
0 0.97753 0.510813 0.0449405 0.364379 0.00218399
0 0.978472 0.612158 0.0430559 0.365341 0.00217738
0 0.86728 0.310984 0.265439 0.376869 0.00211968
0 1 0.922607 0 0.154786 0.00210046
0 0.992779 0.810544 0.0144421 0.364038 0.00208002
0 0.866807 0.658471 0.266386 0.371651 0.00204249
0 0.939859 0.935836 0.120282 0.125349 0.00203488
0 0.0202146 0.189406 0.0404293 0.2683 0.00202844
0 0.864551 0.409962 0.270899 0.393382 0.00202558
0 1 0.975391 0 0.0492179 0.00201436
0 0.852995 0.504832 0.29401 0.422501 0.00200291
0 0.85153 0.245218 0.296941 0.445167 0.00200288
0 0.0551224 0.864573 0.110245 0.270854 0.00197628
0 0.0326343 0.439868 0.0652686 0.27184 0.00196085
0 0.987723 0.137073 0.0245533 0.274145 0.00195443
0 0.0348686 0.689827 0.0697373 0.271627 0.00189495
0 0.993569 0.452191 0.0128624 0.345812 0.00188233
0 0.935505 0.141926 0.128991 0.283852 0.00187665
0 0.0203043 0.264869 0.0406086 0.267821 0.00187571
0 0.855427 0.267983 0.289145 0.198492 0.00187024
0 0.845589 0.185991 0.308823 0.371981 0.00186652
0 0.0210037 0.390026 0.0420075 0.26802 0.00186623
0 0.993993 0.255616 0.0120143 0.341974 0.00183761
0 0.969836 0.148678 0.0603285 0.297357 0.00181341
0 0.0865499 0.580416 0.145838 0.133642 0.00180844
0 0.856166 0.573632 0.287669 0.243706 0.00178874
0 0.031436 0.489648 0.062872 0.271964 0.00175914
0 0.52861 0.909253 0.258131 0.176586 0.00174468
0 0.0203365 0.314888 0.040673 0.268083 0.00171869
0 0.33859 0.0672171 0.269356 0.134434 0.001696
0 0.0322874 0.640078 0.0645748 0.271426 0.00169043
0 0.959816 0.100855 0.0803687 0.201709 0.00165232
0 0.284555 0.621101 0.513223 0.367132 0.00164776
0 0.65185 0.600063 0.477592 0.335071 0.00164308
0 0.030284 0.539584 0.0605679 0.271453 0.00163369
0 0.0773072 0.837594 0.154614 0.324811 0.00162924
0 0.92968 0.20766 0.14064 0.378487 0.00161636
0 0.309566 0.566308 0.365255 0.199732 0.00161001
0 0.702523 0.963682 0.260598 0.0726351 0.00160007
0 0.110779 0.348213 0.191481 0.163688 0.00159897
0 0.904973 0.959311 0.190054 0.0813782 0.00159618
0 0.63345 0.303975 0.295946 0.200011 0.00158614
0 0.639755 0.350731 0.295289 0.203233 0.00157977
0 0.91824 0.409395 0.163519 0.339068 0.00157638
0 0.72853 0.507206 0.463774 0.350199 0.00157625
0 0.349971 0.612556 0.390462 0.260257 0.00157234
0 0.836649 0.0963199 0.326703 0.19264 0.0015719
0 0.911656 0.512874 0.176688 0.353358 0.0015704
0 0.0368991 0.962861 0.0737982 0.0742788 0.00156919
0 0.246587 0.0731772 0.310239 0.146354 0.00156568
0 0.641109 0.406436 0.30061 0.204087 0.00156189
0 0.627794 0.547079 0.345716 0.22972 0.00155461
0 0.0206346 0.589778 0.0412691 0.268154 0.00155264
0 0.915376 0.612693 0.169248 0.346726 0.00153859
0 0.876844 0.7456 0.246313 0.335991 0.00153397
0 0.999654 0.0922587 0.000691732 0.184517 0.00152831
0 0.736712 0.954587 0.233633 0.0908253 0.00151916
0 0.589422 0.767113 0.821155 0.465774 0.00151684
0 0.020182 0.840362 0.0403641 0.269023 0.00151416
0 0.0316303 0.739319 0.0632606 0.271656 0.00151098
0 0.00348586 0.0655954 0.00697172 0.131191 0.00150777
0 0.633592 0.504932 0.301151 0.192864 0.00150004
0 0.925887 0.310698 0.148227 0.337724 0.0014909
0 0.0579312 0.161647 0.115862 0.323293 0.00148869
0 0.638824 0.112286 0.317049 0.224572 0.00148705
0 0.72278 0.250754 0.43265 0.327784 0.00148551
0 0.199706 0.956137 0.312957 0.0877268 0.00146526
0 0.789486 0.377632 0.421028 0.483265 0.00146469
0 0.304932 0.946231 0.371664 0.107538 0.00145442
0 0.0878163 0.549531 0.148217 0.206594 0.00145295
0 0.7354 0.566925 0.5292 0.411866 0.0014527
0 0.218222 0.359343 0.396972 0.281623 0.00145237
0 0.0792795 0.371728 0.158559 0.404447 0.00144949
0 0.081268 0.573614 0.162536 0.410469 0.00144897
0 0.752321 0.959874 0.174356 0.0802526 0.00144477
0 0.220774 0.408541 0.407453 0.298967 0.00143854
0 0.639434 0.456582 0.292629 0.191144 0.00143837
0 0.840286 0.4881 0.319427 0.216291 0.00143387
0 0.546283 0.809977 0.644819 0.380046 0.00143344
0 0.0682989 0.759795 0.111679 0.250716 0.00142366
0 0.0200021 0.789481 0.0400042 0.267737 0.00142149
0 0.12663 0.952368 0.223193 0.0916813 0.00141763
0 0.0856279 0.967431 0.171256 0.0651388 0.00141359
0 0.0619715 0.0723111 0.123943 0.144622 0.00141342
0 0.6372 0.257586 0.294783 0.18565 0.00140875
0 0.350882 0.320502 0.272274 0.171632 0.00140254
0 0.814689 0.796452 0.370623 0.369262 0.00140168
0 0.250387 0.0891688 0.329468 0.178338 0.0013984
0 0.0280479 0.976711 0.0560958 0.0465778 0.00139802
0 0.356371 0.67782 0.712742 0.500418 0.0013963
0 0.165022 0.951882 0.280072 0.096237 0.00139451
0 0.0801995 0.471462 0.160399 0.404002 0.00139328
0 0.811133 0.678947 0.377734 0.456092 0.00139106
0 0.60851 0.669316 0.636763 0.416279 0.00138425
0 0.350351 0.371259 0.276326 0.169059 0.00138325
0 0.704681 0.91003 0.273281 0.179939 0.0013808
0 0.637779 0.157912 0.305462 0.195001 0.00138046
0 0.729395 0.750277 0.54121 0.499445 0.00137921
0 0.374056 0.924543 0.395326 0.150913 0.00137546
0 0.343387 0.519097 0.290357 0.171983 0.00137506
0 0.224518 0.508661 0.418594 0.301755 0.00137503
0 0.786787 0.118686 0.426426 0.237371 0.00137408
0 0.554837 0.604581 0.382523 0.223663 0.00137308
0 0.239473 0.115278 0.321367 0.219733 0.00137038
0 0.642123 0.210266 0.293856 0.179642 0.00135728
0 0.222496 0.310811 0.392763 0.278933 0.0013558
0 0.85439 0.122226 0.291219 0.241786 0.00135392
0 0.608638 0.967002 0.270372 0.0659964 0.00135377
0 0.228846 0.21451 0.371262 0.243587 0.00134763
0 0.421184 0.613458 0.356124 0.223573 0.00134636
0 0.875232 0.393078 0.249536 0.244553 0.00134615
0 0.0817574 0.279383 0.163515 0.414964 0.00134142
0 0.23271 0.161103 0.355288 0.212544 0.00132499
0 0.904523 0.843192 0.190954 0.259264 0.00132301
0 0.500409 0.679736 0.531141 0.385343 0.00132152
0 0.0882847 0.78238 0.151416 0.219461 0.00131756
0 0.351434 0.270385 0.268404 0.166831 0.00131342
0 0.60571 0.0786972 0.271743 0.157394 0.00131311
0 0.0876128 0.678736 0.175226 0.424639 0.00131241
0 0.23425 0.561274 0.450731 0.348215 0.00131215
0 0.133605 0.960928 0.26721 0.0781448 0.00130971
0 0.3523 0.0808709 0.266527 0.161742 0.00130857
0 0.137134 0.0513948 0.247747 0.0962009 0.00130464
0 0 0.89545 0 0.209099 0.00130403
0 0.0849108 0.77969 0.169822 0.426429 0.00130343
0 0.719133 0.200396 0.414408 0.303749 0.00130148
0 0.600997 0.11398 0.265673 0.177929 0.00129383
0 0.408806 0.0638545 0.250502 0.127709 0.00129145
0 0.730238 0.453558 0.432806 0.341516 0.00127924
0 0.757762 0.167345 0.484477 0.334689 0.00127902
0 0.388044 0.837249 0.244176 0.195479 0.00127879
0 0.542465 0.821216 0.77785 0.357567 0.0012735
0 0.575763 0.939489 0.417969 0.121023 0.00126693
0 0.610739 0.363173 0.260882 0.163375 0.00126544
0 0.745286 0.241013 0.509429 0.482025 0.00126536
0 0.934494 0.704206 0.131012 0.321917 0.00125515
0 0.793583 0.563274 0.412835 0.519272 0.00124866
0 0.35146 0.219332 0.265451 0.162939 0.00124714
0 0.430601 0.938342 0.429653 0.123316 0.00124512
0 0.350947 0.421761 0.277671 0.174506 0.00124321
0 0.498274 0.609615 0.354692 0.202004 0.00124158
0 0.750989 0.349013 0.496632 0.373685 0.00124107
0 0.737697 0.918581 0.224161 0.162837 0.00123543
0 0.997532 0.951366 0.00493663 0.0972688 0.00123307
0 0.737071 0.470133 0.525858 0.530161 0.00123041
0 0.979521 0.975013 0.0409573 0.0499737 0.00122017
0 0.612082 0.414791 0.266149 0.165756 0.00121667
0 0.527487 0.548425 0.485392 0.145245 0.00121451
0 0.657933 0.0954523 0.340224 0.190905 0.00121273
0 0.186498 0.0756757 0.30495 0.151351 0.00121115
0 0.349047 0.47114 0.281994 0.173068 0.00120788
0 0.107558 0.17924 0.215115 0.35848 0.00120656
0 0.991701 0.958463 0.0165976 0.0830743 0.00120601
0 0.036369 0.0967908 0.0727381 0.193582 0.00120298
0 0 0.827545 0 0.177409 0.00120012
0 0.586443 0.558817 0.303614 0.169247 0.00119994
0 0 0.212635 0 0.164617 0.00119963
0 0.607842 0.312688 0.259705 0.164413 0.0011995
0 0.35173 0.169811 0.264793 0.158069 0.00119268
0 0.605018 0.512002 0.27024 0.163968 0.00118251
0 0 0.325392 0 0.17942 0.00118025
0 0.743368 0.1626 0.481082 0.325201 0.00116941
0 0.678015 0.672614 0.64397 0.468696 0.00116832
0 0.394008 0.560888 0.294763 0.163239 0.00116813
0 0.540417 0.56127 0.278987 0.15966 0.00116642
0 0.552663 0.0749836 0.249793 0.149967 0.00116152
0 0.353645 0.121187 0.259273 0.170259 0.00115754
0 0 0.271968 0 0.17312 0.00115717
0 0.186114 0.417554 0.372228 0.423556 0.00115696
0 0 0.376214 0 0.183517 0.00115096
0 0.25258 0.618355 0.505161 0.533818 0.00115029
0 0.198034 0.262984 0.396067 0.437132 0.0011483
0 0.5381 0.0633833 0.250198 0.126767 0.00114751
0 0.177894 0.849535 0.355789 0.300931 0.00114689
0 0.850999 0.609207 0.298002 0.200213 0.00114687
0 0 0.426913 0 0.186482 0.00114268
0 0 0.477108 0 0.188216 0.00113857
0 0.901762 0.958304 0.196477 0.0833927 0.00113541
0 0.569232 0.360595 0.237886 0.148871 0.00113496
0 0 0.527521 0 0.190166 0.00113392
0 0.737141 0.143963 0.525719 0.287927 0.00113029
0 0.156222 0.166053 0.312444 0.332107 0.00113006
0 1 0.890529 0 0.218941 0.00112893
0 0.475524 0.0627698 0.245333 0.12554 0.00112856
0 0 0.578158 0 0.191794 0.00112762
0 0 0.628441 0 0.192529 0.00112504
0 0 0.678614 0 0.193615 0.0011249
0 0.940524 0.950251 0.118952 0.0994978 0.00112244
0 0.945763 0.100983 0.108473 0.200579 0.00112196
0 0.894116 0.284924 0.211769 0.225789 0.00112054
0 0 0.730185 0 0.19425 0.00112038
0 0.18437 0.194141 0.368741 0.361304 0.00111907
0 0.471079 0.561336 0.279114 0.16033 0.00111828
0 0 0.149952 0 0.175266 0.00111465
0 0 0.77898 0 0.186357 0.00110926
0 0 0.933135 0 0.13373 0.00110582
0 0.140116 0.68598 0.280233 0.435101 0.00110449
0 0.935498 0.963039 0.129004 0.0739216 0.00110287
0 0.52322 0.959856 0.34595 0.0802883 0.00110112
0 0.146221 0.948717 0.292441 0.102566 0.00109623
0 0.531339 0.435609 0.513217 0.15747 0.00109433
0 0.530793 0.581323 0.570079 0.177218 0.00108935
0 0.594579 0.0671114 0.26348 0.134223 0.00108815
0 0.966589 0.977328 0.0668229 0.0453444 0.00108351
0 0.604701 0.165023 0.266733 0.164313 0.00108177
0 0.730738 0.797044 0.538524 0.374025 0.00108112
0 0.121397 0.530775 0.242793 0.411939 0.00108021
0 0.130044 0.125279 0.260087 0.250558 0.00107829
0 0.215758 0.559055 0.431516 0.460358 0.00107787
0 1 0.4564 0 0.251346 0.0010761
0 1 0.306548 0 0.251099 0.00107517
0 1 0.356468 0 0.251128 0.00107235
0 1 0.406522 0 0.251077 0.0010714
0 0.0299648 0.0711059 0.0599295 0.142212 0.00107022
0 0.189213 0.518409 0.378427 0.431525 0.00106986
0 1 0.506446 0 0.251801 0.00106828
0 1 0.256403 0 0.251445 0.00106518
0 0.102824 0.884638 0.205647 0.230723 0.00106498
0 0.0515284 0.21908 0.103057 0.38361 0.0010542
0 0.128689 0.229887 0.257378 0.421768 0.0010529
0 1 0.556858 0 0.252098 0.00104894
0 0.201007 0.498951 0.402014 0.441314 0.00104451
0 0.778975 0.265134 0.442051 0.530267 0.00104358
0 0.0734656 0.599865 0.11446 0.095472 0.00104346
0 0.718125 0.622572 0.56375 0.473397 0.00104283
0 0.259005 0.717517 0.425276 0.248678 0.00103539
0 0.489595 0.07521 0.244936 0.15042 0.00103417
0 0.42216 0.0768792 0.248969 0.153758 0.00102346
0 0.256499 0.724001 0.512997 0.262372 0.0010231
0 1 0.206615 0 0.25115 0.00101874
0 0.552354 0.116511 0.247576 0.164351 0.00101825
0 0.46275 0.728498 0.725778 0.492653 0.0010069
0 0.171781 0.921132 0.343562 0.157737 0.00100551
0 1 0.607208 0 0.251576 0.00100071
0 0.735766 0.893675 0.201908 0.146006 0.968979
0 0.347268 0.712385 0.40547 0.267397 0.020368
0 0.998149 0.114652 0.00370293 0.229304 0.0109598
0 0.00389339 0.11288 0.00778677 0.22576 0.00906921
0 0.212732 0.913351 0.100745 0.023101 0.00519298
0 0.193476 0.913056 0.104484 0.0235046 0.00274566
0 0.39812 0.730205 0.348014 0.284837 0.00270699
0 0.273884 0.913323 0.14768 0.0243328 0.00184836
0 0.388011 0.772551 0.291921 0.278317 0.00178623
0 0.670158 0.762423 0.352752 0.187012 0.00170712
0 0.344596 0.335612 0.303707 0.209524 0.00165881
0 0.994665 0.884544 0.0106705 0.230912 0.00163798
0 0.110289 0.695329 0.220579 0.373211 0.0012984
0 0.30033 0.429304 0.398726 0.245695 0.00128578
0 0.994424 0.351477 0.0111515 0.337453 0.00126869
0 0.592457 0.823336 0.211786 0.213366 0.0012643
0 0.0643124 1 0.128625 0 0.00125954
0 0.525739 0.818325 0.681095 0.36335 0.00125401
0 0.994022 0.252306 0.011955 0.345555 0.00123908
0 0.993621 0.446001 0.0127586 0.336467 0.00123836
0 0.171417 0.65481 0.342833 0.468722 0.00123334
0 0.993939 0.149371 0.0121226 0.298741 0.00123307
0 0.7281 0.961606 0.216733 0.0767879 0.00122414
0 0.833188 0.7839 0.333623 0.432201 0.00121102
0 0.98186 0.642698 0.0362793 0.36864 0.00120594
0 0.941162 0.886648 0.117676 0.226704 0.00120376
0 0.99163 0.55035 0.0167398 0.371026 0.00120176
0 0.712809 0.942303 0.291104 0.115394 0.00118541
0 0.796321 0.743466 0.407359 0.489727 0.00118403
0 1 0.701801 0 0.286804 0.0011762
0 0.697479 0.77235 0.605043 0.455301 0.00116082
0 0.0778427 0.768193 0.155685 0.246867 0.00116021
0 1 0.981379 0 0.0372429 0.00115939
0 0.0600049 0.697265 0.12001 0.294012 0.00115243
0 0.999028 0.0809668 0.00194459 0.161934 0.00113111
0 0.913582 0.588268 0.172836 0.472572 0.0011251
0 0.893352 0.969803 0.213297 0.0603949 0.00110538
0 0.899752 0.714392 0.200495 0.339309 0.00110332
0 0.667276 0.790979 0.365348 0.261099 0.00110035
0 0 0.539069 0 0.252131 0.00110029
0 0.994332 0.942889 0.0113368 0.114222 0.00109419
0 0.996059 0.653033 0.00788194 0.298525 0.0010904
0 0 0.583442 0 0.238762 0.0010903
0 0 0.240384 0 0.237598 0.00108404
0 0 0.159075 0 0.250449 0.00108387
0 0 0.48408 0 0.261958 0.00107885
0 0.957694 0.773683 0.0846123 0.267478 0.00107055
0 0 0.64106 0 0.207343 0.0010658
0 0 0.434513 0 0.261079 0.00106236
0 0.873387 0.693338 0.253225 0.243101 0.00105913
0 0.953284 0.356572 0.0934324 0.400551 0.00105135
0 0.0379291 0.884629 0.0758583 0.230742 0.00104816
0 0.867851 0.416141 0.264297 0.207549 0.00104617
0 0.239268 0.702122 0.478537 0.487521 0.0010432
0 1 0.749542 0 0.259139 0.00104283
0 0.114383 0.810665 0.228766 0.233469 0.00104164
0 0.0954678 0.86988 0.190936 0.196431 0.00103861
0 0 0.389576 0 0.251465 0.00103685
0 0.995383 0.802508 0.00923482 0.235023 0.00103571
0 0.0709049 0.124282 0.14181 0.21239 0.00103566
0 0.0791902 0.603022 0.15838 0.435852 0.0010314
0 0.000345907 0.343025 0.000691814 0.242717 0.00102589
0 0.0018588 0.294318 0.0037176 0.237407 0.0010211
0 0.925063 0.257402 0.149874 0.432961 0.00102022
0 0 0.905737 0 0.188525 0.00100466
0 0.906342 0.94796 0.187317 0.104079 0.00100397
0 0.177262 0.745567 0.354524 0.361113 0.00100265
0 0.735666 0.893145 0.20309 0.148233 0.927249
0 0.222156 0.089794 0.102684 0.0574314 0.0326555
0 0.384912 0.439853 0.128056 0.078988 0.0107527
0 0.99811 0.0876386 0.00378077 0.175277 0.00995998
0 0.38753 0.455436 0.123497 0.0459329 0.0074484
0 0.00406066 0.0948536 0.00812132 0.189707 0.00491377
0 0.0892264 1 0.178453 0 0.00346558
0 0.181671 0.36348 0.123305 0.0783963 0.00292677
0 0.0631501 0.912741 0.1263 0.174517 0.00246939
0 0.997769 0.910793 0.004462 0.178413 0.00237563
0 1 0.929682 0 0.140636 0.00229339
0 0.306083 0.457807 0.111451 0.0463734 0.00197546
0 0.114522 1 0.229044 0 0.00193127
0 0.421249 0.452492 0.143678 0.0549873 0.00182735
0 0.160138 1 0.232925 0 0.0018236
0 0.998832 0.0560489 0.00233574 0.112098 0.00171957
0 1 0.972543 0 0.0549132 0.00171659
0 0.377505 0.27997 0.12224 0.0821057 0.00162358
0 0.245945 0.667785 0.115445 0.0560556 0.00161392
0 0.280927 0.457404 0.132685 0.0474726 0.00148618
0 0.136506 0.892541 0.273013 0.214918 0.00147003
0 0.349842 0.0890919 0.104747 0.0610478 0.00143171
0 0.00268646 0.0347904 0.00537291 0.0695807 0.0014298
0 0.621252 0.252172 0.119211 0.0571146 0.00142105
0 0.420629 0.441665 0.148964 0.0773461 0.00136408
0 0.690865 0.437016 0.164918 0.0913399 0.00135865
0 0.692672 0.177678 0.16295 0.13179 0.00126627
0 0.102746 0.885748 0.205493 0.228504 0.00124843
0 0.368405 0.413102 0.11393 0.0629411 0.00121198
0 0.243549 0.43405 0.16685 0.0947321 0.00119388
0 0.742264 0.961163 0.169685 0.0776735 0.00118985
0 0.101906 0.528131 0.203812 0.224335 0.00118903
0 0.689569 0.962841 0.245457 0.0743177 0.00118284
0 0.101063 0.474335 0.202127 0.216081 0.00117553
0 0.869926 0.456079 0.13606 0.0524578 0.00117053
0 0.447564 0.18125 0.162186 0.134464 0.0011649
0 0.196748 0.0889336 0.131283 0.061364 0.0011548
0 0.101201 0.583777 0.202402 0.234435 0.00113847
0 0.211176 1 0.227289 0 0.00111727
0 0.977255 0.666672 0.0454905 0.245949 0.00107591
0 0.992182 0.976597 0.0156363 0.0468058 0.00107409
0 1 0.825408 0 0.180377 0.00107219
0 0.940338 0.550519 0.119325 0.306478 0.00107088
0 0.0993178 0.421365 0.198636 0.208396 0.00106818
0 0.996672 0.726583 0.00665533 0.211693 0.00106404
0 0.956385 0.609685 0.0872299 0.279397 0.00106157
0 0.585373 0.964709 0.248317 0.0705816 0.0010596
0 0.902191 0.965038 0.195619 0.0699242 0.00105882
0 0.923006 0.488179 0.153989 0.298654 0.00105661
0 1 0.782761 0 0.190631 0.00105489
0 0.999362 0.791932 0.00127636 0.272693 0.00104885
0 0.733646 0.927285 0.224062 0.14543 0.00104143
0 0.934046 0.968971 0.131907 0.0620581 0.0010404
0 0 0.0172137 0 0.0344273 0.00103406
0 0.820259 0.964251 0.180999 0.0714977 0.00103379
0 0.684214 0.448019 0.138291 0.0663371 0.00103255
0 0.211351 0.764085 0.422703 0.164818 0.00103157
0 0.0992859 0.640677 0.198572 0.245773 0.00102994
0 0.618199 0.326222 0.388716 0.152202 0.00102292
0 0.344478 0.0648474 0.247537 0.129695 0.00101847
0 0.997367 0.652352 0.00526661 0.254142 0.00101343
0 0.994223 0.699073 0.0115547 0.275964 0.00100453
0 0.186095 0.96651 0.17186 0.0669802 0.00100103
0 0.736414 0.893486 0.201154 0.146334 0.962674
0 0.997645 0.0984187 0.00470955 0.196837 0.0902926
0 1 0.929385 0 0.14123 0.0111626
0 1 0.96328 0 0.0734402 0.0102023
0 0 0.0554849 0 0.11097 0.00963722
0 0.998022 0.910641 0.00395692 0.178717 0.00879769
0 0 0.964947 0 0.0701056 0.00653748
0 0 0.0736661 0 0.147332 0.0057969
0 0.999145 0.0390781 0.00170977 0.0781562 0.00554664
0 0 0.63142 0 0.125817 0.00509115
0 0 0.531278 0 0.125387 0.00508965
0 0 0.506268 0 0.125329 0.00507828
0 0 0.556262 0 0.125369 0.00507344
0 0 0.481258 0 0.125281 0.00506773
0 0 0.606278 0 0.125416 0.00505613
0 0 0.456251 0 0.125313 0.00505208
0 0 0.581263 0 0.125384 0.00504938
0 0 0.431242 0 0.125272 0.00502296
0 0 0.406286 0 0.125701 0.00472385
0 0 0.656357 0 0.125914 0.00471633
0 0 0.381253 0 0.125756 0.00455741
0 0 0.356441 0 0.12666 0.00430554
0 0 0.681543 0 0.126675 0.00421786
0 0 0.70664 0 0.126935 0.00414918
0 0 0.732325 0 0.128992 0.00413537
0 0 0.331483 0 0.126905 0.00412594
0 0 0.965122 0 0.069756 0.00404324
0 1 0.113925 0 0.227849 0.00384045
0 1 0.08418 0 0.16836 0.00372158
0 0 0.306808 0 0.128323 0.00371304
0 0 0.953666 0 0.0926685 0.00350995
0 0 0.281846 0 0.12836 0.0033452
0 0 0.757363 0 0.130062 0.00333941
0 1 0.0310371 0 0.0620742 0.00299298
0 1 0.0177727 0 0.0355454 0.00287247
0 1 0.0332107 0 0.0664214 0.00284709
0 0 0.257373 0 0.130251 0.00278225
0 0 0.971215 0 0.0575699 0.00277424
0 0 0.266893 0 0.222905 0.00272891
0 0 0.960308 0 0.0793835 0.00242608
0 0 0.232219 0 0.129836 0.00238183
0 0 0.783209 0 0.133265 0.00238009
0 0 0.182404 0 0.130124 0.00229165
0 0 0.808493 0 0.133887 0.00229065
0 0 0.3171 0 0.221823 0.00226615
0 0 0.207537 0 0.130843 0.00225176
0 0 0.217194 0 0.222368 0.00223855
0 0 0.834419 0 0.136851 0.00220838
0 0 0.935393 0 0.129215 0.00219995
0 0 0.266656 0 0.212284 0.00216112
0 1 0.907987 0 0.184026 0.00215375
0 0.0686828 0.111941 0.137366 0.223881 0.00193809
0 0 0.859758 0 0.13844 0.00192249
0 0 0.157866 0 0.132875 0.00184569
0 0 0.366327 0 0.22277 0.00172304
0 0 0.912223 0 0.175555 0.00170246
0 0 0.0215439 0 0.0430879 0.00167916
0 0 0.977269 0 0.045462 0.00165616
0 1 0.264007 0 0.21044 0.00162514
0 0 0.0283387 0 0.0566774 0.0016201
0 1 0.208328 0 0.211118 0.00152856
0 0 0.962993 0 0.0740139 0.00150533
0 0 0.133183 0 0.13378 0.00150069
0 0 0.4164 0 0.222761 0.00149651
0 0 0.885543 0 0.141309 0.00147541
0 0 0.341947 0 0.211069 0.00147008
0 0 0.66593 0 0.22359 0.00145743
0 1 0.0872657 0 0.174531 0.00144528
0 0 0.615874 0 0.223592 0.00144188
0 0 0.565982 0 0.22372 0.00143701
0 0 0.49146 0 0.222765 0.00142158
0 0 0.465945 0 0.212344 0.00140786
0 0.0928574 1 0.185715 0 0.00140282
0 0 0.740491 0 0.224008 0.00139934
0 0 0.910556 0 0.141227 0.00139887
0 0.0785057 0.313959 0.157011 0.227495 0.0013985
0 0 0.391434 0 0.211585 0.00138645
0 0 0.640089 0 0.213515 0.0013777
0 0 0.515372 0 0.213354 0.00137131
0 0 0.590152 0 0.213804 0.00136776
0 0.0784611 0.25843 0.156922 0.216173 0.00135376
0 0 0.164255 0 0.215696 0.00134959
0 0 0.690158 0 0.21414 0.00134594
0 0.0785238 0.371942 0.157048 0.243571 0.00134218
0 0 0.79075 0 0.22449 0.00132231
0 1 0.316245 0 0.210018 0.00130081
0 0.248778 0.99979 0.26444 0.000420761 0.00129714
0 0.0685502 0.0788785 0.1371 0.157757 0.00128167
0 0.0121942 0.946279 0.0243884 0.107441 0.00128087
0 1 0.960046 0 0.0799089 0.00127562
0 0.0783434 0.205041 0.156687 0.208758 0.00127505
0 0 0.93222 0 0.13556 0.00127418
0 0.0785298 0.427488 0.15706 0.254691 0.00124357
0 0.0766704 0.105883 0.153341 0.200344 0.00122506
0 0.473609 0.847728 0.560584 0.244996 0.00121557
0 0 0.765222 0 0.21293 0.00120265
0 0.0785307 0.48005 0.157061 0.259813 0.00119965
0 0 0.0933621 0 0.186724 0.00118661
0 0.0779719 0.153676 0.155944 0.204297 0.0011747
0 0 0.839679 0 0.215007 0.00117056
0 0.0785315 0.531979 0.157063 0.263664 0.00114279
0 0.113115 0.851103 0.22623 0.297795 0.00109038
0 1 0.819819 0 0.201502 0.00108006
0 1 0.673038 0 0.202123 0.00106934
0 0.078533 0.588747 0.157066 0.277199 0.00106703
0 0 0.911468 0 0.177065 0.00106517
0 0.0659957 0.089364 0.131991 0.178728 0.00105918
0 0 0.890024 0 0.215379 0.00104253
0 0.367531 0.999958 0.257568 8.46863e-05 0.00104027
0 0 0.94427 0 0.11146 0.00102491
0 0.432469 0.879182 0.500224 0.241636 0.00101347
0 0.789152 0.910859 0.0982684 0.122364 0.00101192
0 0.339662 0.89927 0.293056 0.201461 0.00100968
0 0.216655 0.745908 0.43331 0.259412 0.00100037
0 0.735397 0.893217 0.2 0.148605 0.95537
0 1 0.924211 0 0.151578 0.00119632
0 1 0.59414 0 0.222494 0.00118613
0 0.736641 0.89236 0.203622 0.150659 0.969593
0 0.455417 0.86917 0.442517 0.261659 0.00147805
0 0.000928653 0.897067 0.00185731 0.205865 0.00134263
0 0.367552 0.699342 0.290338 0.245058 0.00116346
0 0.0843247 0.136998 0.168649 0.232926 0.00100553
0 0.734683 0.891952 0.204248 0.147707 0.969588
0 0.211424 0.917155 0.061529 0.0212307 0.00129047
0 0.735839 0.891764 0.208599 0.14759 0.927111
0 0.19636 0.914677 0.0635218 0.0201883 0.00231573
0 0.181958 0.913682 0.0953162 0.0211861 0.00119724
0 0.196255 0.913018 0.0785437 0.0182766 0.00108956
0 0.201848 0.922098 0.0460872 0.0291309 0.0010882
0 0.736228 0.893998 0.204353 0.1498 0.979723
0 1 0.0794881 0 0.158976 0.00252911
0 1 0.0674557 0 0.134911 0.00163907
0 0 0.0492835 0 0.098567 0.00126175
0 0.773724 0.918986 0.127368 0.0914656 0.00113207
0 0.735353 0.893302 0.202952 0.147099 0.914599
0 0.199366 0.91513 0.0543972 0.0171146 0.00557503
0 0.204936 0.913781 0.0653622 0.020842 0.00395668
0 0.216311 0.906951 0.0918874 0.0333549 0.00332352
0 0.193861 0.912322 0.0635898 0.0220097 0.00318835
0 0.214616 0.915912 0.053948 0.0175169 0.00214093
0 0.338203 0.383912 0.0799142 0.0638536 0.00128401
0 0.200972 0.921807 0.044575 0.0270651 0.00119144
0 0.735132 0.893757 0.203966 0.151337 0.963597
0 1 0.929443 0 0.141113 0.00282565
0 0.997872 0.904367 0.00425605 0.191266 0.00135903
0 0.999001 0.073588 0.0019971 0.147176 0.00126701
0 0.736524 0.895829 0.206147 0.154316 0.920435
0 1 0.965906 0 0.0681877 0.00140832
0 0.0973864 0.0918938 0.194773 0.128241 0.00104522
0 0.734036 0.894826 0.200888 0.147818 0.943823
0 0.216766 0.914057 0.0815322 0.023819 0.00928156
0 0.206052 0.914447 0.0757411 0.0211281 0.00928023
0 0.234134 0.914659 0.0739862 0.0247717 0.00769917
0 0.19493 0.915211 0.0795679 0.01896 0.00331518
0 0.216653 0.0896596 0.0854739 0.0629385 0.00166951
0 0.189471 0.911719 0.103175 0.026685 0.0014222
0 0.346327 0.379074 0.114876 0.0673915 0.00132647
0 0.736087 0.891724 0.204214 0.148047 0.958036
0 0.778663 0.912457 0.118904 0.107755 0.00157625
0 0.7362 0.894082 0.20401 0.149079 0.967728
0 0.777481 0.91086 0.120565 0.111716 0.00148482
0 0.734367 0.895058 0.201016 0.153621 0.947726
0 0.00970566 0.0747371 0.0194113 0.149474 0.00146542
0 0.22673 0.744551 0.226804 0.148791 0.00101446
0 0.73604 0.893785 0.203218 0.145302 0.948649
0 0.194378 0.0742926 0.129772 0.0354964 0.00799343
0 0.212284 0.0696307 0.0983156 0.0290536 0.00473646
0 0.203543 0.0874599 0.106029 0.055839 0.00333593
0 0.214373 0.0824329 0.0887995 0.0528948 0.00228781
0 0.733137 0.894447 0.202665 0.151155 0.9355
0 0.929837 1 0.140325 0 0.00374164
0 0.903952 1 0.192096 0 0.0030203
0 0.258089 1 0.230814 0 0.00265126
0 0.135442 1 0.236488 0 0.0025179
0 0.565773 1 0.233197 0 0.00245697
0 0.634674 1 0.235578 0 0.00234148
0 0.497284 1 0.235089 0 0.00232333
0 0.445716 1 0.235196 0 0.00207528
0 0.308419 1 0.235529 0 0.00206612
0 1 0.897141 0 0.205717 0.00204087
0 0.394214 1 0.235297 0 0.00200898
0 0.874567 1 0.234996 0 0.00195507
0 0.205807 1 0.231463 0 0.00190287
0 0.102014 1 0.204028 0 0.00185651
0 0.826765 1 0.219079 0 0.00174531
0 1 0.931359 0 0.137281 0.00142751
0 0.1803 0.916652 0.108753 0.0250393 0.00132354
0 0.877036 0.320442 0.208844 0.149882 0.00117911
0 0.566342 0.34774 0.164904 0.107383 0.00113469
0 0.682715 1 0.225467 0 0.00103974
0 0.736402 0.893418 0.203567 0.151082 0.933114
0 0.166557 0.553948 0.136633 0.101384 0.0128225
0 0.200487 0.735063 0.178455 0.148598 0.00160111
0 0.734592 0.892976 0.200761 0.149879 0.930785
0 0.181237 0.553445 0.152731 0.10494 0.00748637
0 0.879796 0.304952 0.220331 0.16198 0.00183978
0 0.633118 0.265885 0.14937 0.075131 0.00164426
0 0.73569 0.894075 0.20164 0.149397 0.943781
0 0.826366 0.645834 0.301692 0.243487 0.00119915
0 0.734996 0.893334 0.199912 0.148739 0.914746
0 0.520366 0.889599 0.241814 0.219015 0.00142197
0 0.733093 0.89267 0.201676 0.148834 0.923003
0 0.545121 0.858163 0.343379 0.282819 0.00337931
0 0.736613 0.89176 0.198884 0.148857 0.883479
0 0.769999 0.90446 0.137307 0.127997 0.0010096
0 0.734099 0.892293 0.200905 0.148426 0.95575
0 0.780487 0.900961 0.111604 0.13801 0.00605956
0 0.734608 0.892648 0.205416 0.15035 0.948469
0 0.209747 0.912999 0.0883891 0.0187744 0.147593
0 0.197077 0.910941 0.0823841 0.0257118 0.0635692
0 0.21697 0.910786 0.0994695 0.0253952 0.011773
0 0.784764 0.911695 0.104935 0.11576 0.0079654
0 0.198552 0.927028 0.0573472 0.0454445 0.00293608
0 0.221344 0.0698567 0.0948572 0.0243736 0.00275614
0 0.16022 0.555391 0.128294 0.0885098 0.00261175
0 0.179398 0.915446 0.0982079 0.0156662 0.00200238
0 0.748643 0.265119 0.106421 0.077144 0.00172176
0 0.166363 0.907112 0.109544 0.0312691 0.00142001
0 0.245449 0.902597 0.11019 0.0431715 0.001317
0 0.194772 0.924488 0.0548445 0.0345263 0.00131405
0 0.769081 0.263375 0.0836667 0.0769007 0.00118594
0 0.173644 0.540454 0.120857 0.119459 0.00110439
0 0.735119 0.893054 0.202417 0.147591 0.972008
0 0.780653 0.900481 0.110809 0.134841 0.00211434
0 0.736228 0.893156 0.198183 0.149261 0.936119
0 0.215724 0.913599 0.106509 0.0198835 0.0116451
0 0.197823 0.911137 0.131762 0.0279587 0.00495812
0 0.783133 0.901074 0.107171 0.13578 0.00260696
0 0.381481 0.333433 0.0737618 0.0448269 0.00148096
0 0.225827 0.0691502 0.103603 0.0167387 0.00107944
0 0.734123 0.89326 0.203246 0.150105 0.940964
0 0.775437 0.902275 0.12548 0.14951 0.00122533
0 0.736816 0.892748 0.199243 0.151298 0.908076
0 0.777603 0.903144 0.118145 0.135521 0.00299398
0 0.736505 0.893322 0.200001 0.146787 0.944319
0 0.175528 0.509351 0.13021 0.0753443 0.00193126
0 0.999524 0.0541377 0.000952673 0.108275 0.00191979
0 0.780388 0.907507 0.112625 0.143063 0.00142144
0 0 0.0407348 0 0.0814695 0.00132564
0 1 0.036108 0 0.0722159 0.00101868
0 0.734544 0.893281 0.200587 0.150077 0.944834
0 0.149867 0.869285 0.299734 0.257939 0.00508347
0 0.470882 0.867872 0.392236 0.263498 0.00336886
0 0 0.051622 0 0.103244 0.00133157
0 0.733458 0.891607 0.202304 0.148084 0.923212
0 0.163042 0.23275 0.098474 0.0896974 0.00128863
0 0.785222 0.905644 0.104724 0.131084 0.00122088
0 0.469144 0.300824 0.124165 0.0913593 0.0010845
0 0.734914 0.892989 0.201179 0.145774 0.938053
0 0.734114 0.893016 0.20351 0.148755 0.916806
0 0.734049 0.893297 0.200567 0.147209 0.924828
0 0.735498 0.892977 0.204619 0.147287 0.914817
0 0.202613 0.92026 0.0729301 0.0288288 0.00176921
0 0.735785 0.892011 0.20337 0.149763 0.929586
0 0.774984 0.89889 0.121541 0.138945 0.00122298
0 0.735313 0.891976 0.202063 0.147134 0.938505
0 0.199478 0.912734 0.0838989 0.0201376 0.00107639
0 0.734435 0.894267 0.202669 0.149408 0.922617
0 0.734398 0.89378 0.201318 0.151023 0.932704
0 0.734928 0.893748 0.202836 0.150346 0.922322
0 0.733871 0.893978 0.20213 0.149448 0.911216
0 0.734821 0.893209 0.202937 0.149726 0.921122
0 0.295263 0.706711 0.122936 0.0840508 0.00929215
0 0.225196 0.0749994 0.0975065 0.0424136 0.00505593
0 0.205843 0.915132 0.0814569 0.0223354 0.00266097
0 0.227692 0.0689992 0.104834 0.0285839 0.00234093
0 0.452979 0.325381 0.118175 0.0886212 0.00207684
0 0.225799 0.0870089 0.0945251 0.0632165 0.00199326
0 0.465305 0.335938 0.139702 0.0768802 0.00173514
0 0.868647 0.25761 0.115934 0.0589367 0.00129135
0 0.469331 0.311705 0.134242 0.083171 0.0011024
0 0.737928 0.89421 0.200545 0.14638 0.933884
0 0.203297 0.924276 0.0756114 0.038866 0.00789437
0 0.202702 0.914482 0.0912318 0.023579 0.00108885
0 0.73583 0.893429 0.205103 0.147302 0.917469
0 0.210167 0.921512 0.0978359 0.0418736 0.00126548
0 0.73441 0.895202 0.199988 0.145615 0.947054
0 0.735434 0.893091 0.205286 0.149775 0.939169
0 0.734818 0.893646 0.2038 0.149566 0.94573
0 0.409961 0.303734 0.159571 0.121855 0.00125094
0 0.734917 0.893543 0.206513 0.151374 0.942566
0 0.77134 0.760397 0.244748 0.158849 0.00107784
0 0.259082 0.6959 0.284233 0.221105 0.00101712
0 0.73505 0.892348 0.205936 0.149065 0.925829
0 0.737134 0.892982 0.202516 0.146455 0.929025
0 0.735943 0.892766 0.203858 0.148035 0.921448
0 0.419552 0.30671 0.18173 0.139544 0.00145164
0 0.735121 0.892491 0.204372 0.149423 0.949537
0 0.41751 0.303853 0.166091 0.146041 0.00851566
0 0.609323 0.452339 0.148143 0.0820918 0.0027112
0 0.205135 0.534655 0.183865 0.12486 0.00128404
0 0.735839 0.892831 0.202318 0.148023 0.928997
0 0.415874 0.305053 0.166243 0.139658 0.0117361
0 0.598115 0.453099 0.172099 0.0942662 0.00258566
0 0.735644 0.892932 0.203429 0.147632 0.957855
0 0.419726 0.293637 0.158664 0.118966 0.00278815
0 0.721349 0.138989 0.127498 0.0945622 0.00193766
0 0.734812 0.893441 0.203586 0.14644 0.942029
0 0.735384 0.892645 0.204131 0.147772 0.934847
0 0.813748 0.18107 0.158213 0.0828299 0.00110511
0 0.73725 0.892682 0.20383 0.1483 0.94058
0 0.73669 0.8929 0.202115 0.14938 0.950567
0 0.735937 0.89349 0.205577 0.148562 0.943247
0 0.736064 0.893155 0.20432 0.147614 0.940308
0 0.198157 0.0751019 0.130591 0.0300909 0.00217126
0 0.215348 0.0739422 0.0981867 0.0309145 0.00156067
0 0.182161 0.752475 0.130229 0.115946 0.0014713
0 0.223639 0.0707854 0.106816 0.0278377 0.00124024
0 0.184271 0.0778774 0.155968 0.0372806 0.00109562
0 0.734609 0.892619 0.201317 0.147593 0.939061
0 0.735476 0.893171 0.200616 0.148897 0.93018
0 0.226934 0.080341 0.11657 0.0387891 0.0054143
0 0.163806 0.528977 0.10649 0.0883019 0.0015387
0 0.147599 0.524679 0.0995252 0.0859407 0.00149551
0 0.630601 0.389199 0.134324 0.0769407 0.00127598
0 0.637044 0.446671 0.102603 0.0645535 0.00113684
0 0.736233 0.893805 0.202817 0.147419 0.942632
0 0.63083 0.389708 0.136267 0.0765359 0.00247734
0 0.226145 0.0807325 0.108837 0.0378057 0.00225109
0 0.735898 0.89377 0.20287 0.147612 0.936865
0 0.735731 0.893756 0.200518 0.145213 0.944885
0 0.73482 0.893936 0.204431 0.146179 0.9467
0 0.735942 0.894276 0.201894 0.147966 0.930687
0 0.735984 0.892465 0.20478 0.148519 0.95104
0 0.105989 0.069093 0.211978 0.112328 0.00232814
0 0.224572 0.0796025 0.111145 0.0477392 0.00119283
0 0.734602 0.892623 0.2028 0.147565 0.948141
0 0.301716 0.715451 0.135678 0.0920362 0.0190045
0 0.195758 0.184862 0.147762 0.116699 0.00139526
0 0.300652 0.956409 0.22759 0.0752544 0.00126427
0 0.229323 0.0818645 0.108974 0.0505728 0.00108154
0 0.736254 0.892955 0.201487 0.147829 0.943069
0 0.302478 0.714321 0.130075 0.0909868 0.0585036
0 0.342265 0.379533 0.124358 0.0734878 0.00161316
0 0.402913 0.298868 0.18265 0.11799 0.00121572
0 0.735993 0.892798 0.204702 0.147157 0.943597
0 0.30168 0.713744 0.132557 0.0913315 0.0291769
0 0.735155 0.893293 0.202822 0.146878 0.955097
0 0.302051 0.712894 0.130018 0.0907736 0.00256128
0 0.735823 0.89349 0.201488 0.146223 0.949549
0 0.302789 0.712172 0.129272 0.090744 0.0118838
0 0.735188 0.893705 0.202268 0.145999 0.944105
0 0.300374 0.713236 0.128472 0.0929266 0.00907492
0 0.73547 0.89392 0.202882 0.146888 0.946959
0 0.299011 0.712074 0.125386 0.0903376 0.00216163
0 0.735298 0.893258 0.201841 0.147175 0.934802
0 0.735588 0.893511 0.20362 0.146872 0.938159
0 0.73646 0.893467 0.202501 0.14786 0.953028
0 0.735915 0.893423 0.203224 0.146456 0.954464
0 0.734984 0.893387 0.202518 0.147231 0.94672
0 0.735052 0.893788 0.20349 0.147189 0.944558
0 0.735582 0.893898 0.203247 0.148286 0.949633
0 0.735828 0.893691 0.202641 0.147881 0.957829
0 0.766664 0.275942 0.12672 0.0854996 0.00123375
0 0.736303 0.893565 0.203232 0.148227 0.95704
0 0.302471 0.713326 0.120744 0.0939226 0.00153548
0 0.776331 0.266369 0.105389 0.0719841 0.00127617
0 0.736169 0.893581 0.202672 0.148119 0.957503
0 0.302694 0.71263 0.1207 0.0944315 0.0020229
0 0.640451 0.386575 0.126374 0.0800086 0.00132273
0 0.776502 0.264944 0.106667 0.0713314 0.00125437
0 0.73462 0.892615 0.201316 0.147606 0.939067
