0 0.746254 0.691158 0.216496 0.15139 0.0299811
0 0.232349 0.602922 0.217032 0.169605 0.0284675
0 0.750585 0.698856 0.218806 0.225274 0.0159486
0 0.702669 0.076907 0.274817 0.115578 0.0155929
0 0.229473 0.697966 0.232564 0.359451 0.0151871
0 0.29854 0.946781 0.348665 0.101252 0.0146793
0 0.781412 0.767566 0.303462 0.321085 0.0145139
0 0.301839 0.597119 0.308912 0.227128 0.01439
0 0.150459 0.134539 0.299365 0.233819 0.0143862
0 0.592828 0.944748 0.311984 0.101637 0.0143727
0 0.376878 0.0668769 0.334056 0.0982486 0.0143389
0 0.731525 0.315366 0.290984 0.294768 0.0138865
0 0.754948 0.0758505 0.277414 0.123863 0.0138812
0 0.824523 0.0790953 0.246659 0.123815 0.0138337
0 0.166356 0.587843 0.316329 0.259916 0.0138055
0 0.862468 0.0805063 0.260752 0.143859 0.0137609
0 0.171505 0.693694 0.319174 0.380218 0.0137514
0 0.787121 0.245456 0.425757 0.453512 0.0137489
0 0.230278 0.570551 0.230782 0.218342 0.0136967
0 0.338822 0.0833459 0.322453 0.132102 0.0136848
0 0.814686 0.663121 0.370627 0.193443 0.0136264
0 0.441259 0.0804502 0.439813 0.122159 0.0135744
0 0.0328811 0.134506 0.0657622 0.269012 0.0135713
0 0.156302 0.226593 0.307709 0.416273 0.0135361
0 0.0593475 0.431638 0.118695 0.863276 0.0135343
0 1 0.119797 0 0.239594 0.0135226
0 0.275193 0.137936 0.522011 0.235184 0.0134952
0 0.580932 0.0749335 0.47851 0.108693 0.0134867
0 0 0.911671 0 0.176657 0.0134856
0 0.696879 0.0679644 0.30205 0.135929 0.0134729
0 0.309543 0.946072 0.336122 0.107856 0.0134648
0 0.974156 0.439943 0.0516871 0.879887 0.0134637
0 0.351781 0.149429 0.421816 0.261335 0.0134348
0 0.377617 0.0591403 0.372743 0.118281 0.0134175
0 0.713562 0.229777 0.3083 0.411404 0.013319
0 0.790189 0.318002 0.391784 0.302283 0.0133139
0 0.485549 0.355643 0.208807 0.0971448 0.0133106
0 0.988851 0.408622 0.0222978 0.817244 0.0133064
0 0.0342852 0.294163 0.0685703 0.588326 0.0132979
0 0.860005 0.101855 0.279239 0.142932 0.0132931
0 0.488893 0.946205 0.527782 0.10759 0.0132393
0 0.889757 0.432095 0.220485 0.86419 0.0132227
0 0.983086 0.551968 0.0338287 0.896063 0.0132161
0 1 0.0268215 0 0.053643 0.0132141
0 0.460466 0.699054 0.289888 0.33549 0.013204
0 0.608989 0.944668 0.298906 0.110664 0.0131994
0 0.144086 0.254429 0.288171 0.501553 0.0131864
0 0.252406 0.941531 0.287988 0.1111 0.0131847
0 1 0.911719 0 0.176563 0.0131811
0 0.33117 0.275367 0.517794 0.202469 0.0131729
0 0.0146964 0.8206 0.0293928 0.3588 0.0131491
0 0.470401 0.273111 0.237987 0.200488 0.0131473
0 0.4203 0.237451 0.335915 0.130291 0.0131399
0 0 0.0891624 0 0.178325 0.0131309
0 0.999361 0.295406 0.00127877 0.590813 0.0131024
0 0.448963 0.945648 0.604623 0.108704 0.0130961
0 0.823818 0.731169 0.352365 0.262612 0.0130596
0 0.304105 0.219036 0.564731 0.393786 0.0130411
0 0.0650148 0.568333 0.13003 0.863335 0.0130206
0 0.332761 0.175657 0.518434 0.303218 0.0130104
0 0.35497 0.703819 0.481599 0.352139 0.0130087
0 0.75589 0.943775 0.424352 0.11245 0.0129982
0 1 0.801375 0 0.397249 0.0129912
0 0.00607009 0.190855 0.0121402 0.381709 0.012963
0 0.106514 0.919172 0.213027 0.152037 0.0129513
0 0.142763 0.133976 0.285526 0.259202 0.0129488
0 0.955446 0.397978 0.0891084 0.795956 0.0129478
0 0.583975 0.250337 0.572682 0.464232 0.0129467
0 0.171305 0.432701 0.34261 0.865402 0.0129007
0 0.0526355 0.788932 0.105271 0.422137 0.0128962
0 0 0.0352449 0 0.0704899 0.0128894
0 0.210327 0.574983 0.380495 0.206257 0.0128837
0 1 0.701189 0 0.597621 0.0128794
0 0.138554 0.579427 0.277108 0.841146 0.0128394
0 0.0664919 0.712444 0.132984 0.575112 0.0128316
0 0.793096 0.471968 0.413808 0.602687 0.012828
0 0.330747 0.431149 0.51491 0.530021 0.0128264
0 0.102017 0.865008 0.204034 0.269984 0.0128129
0 0.910557 0.549216 0.178886 0.901569 0.0128105
0 0.761463 0.0682298 0.318365 0.13646 0.0128074
0 0.998866 0.656959 0.00226856 0.686082 0.0127878
0 0.626367 0.0669695 0.445169 0.133939 0.0127662
0 0.26816 0.943612 0.398329 0.112776 0.0127603
0 0.706914 0.938777 0.347899 0.110104 0.0127412
0 0.174359 0.297395 0.348718 0.568273 0.0127387
0 0.853946 0.94443 0.292107 0.101568 0.0127378
0 0.883676 0.0435339 0.232648 0.0870679 0.0127262
0 0.751919 0.944267 0.496162 0.111467 0.0127056
0 0.119723 0.795894 0.239446 0.408211 0.0126956
0 0.974875 0.567553 0.0502506 0.864894 0.01269
0 0.345574 0.881312 0.457195 0.237375 0.0126762
0 0.689592 0.801341 0.397927 0.397317 0.0126703
0 0.473961 0.182445 0.727679 0.332093 0.0126686
0 0.15238 0.378928 0.30476 0.732742 0.0126556
0 0.586223 0.718466 0.537474 0.308248 0.0126541
0 0.103457 0.542758 0.206914 0.913211 0.0126417
0 0.488655 0.303588 0.202258 0.263504 0.0126352
0 0.745673 0.799154 0.328302 0.340013 0.0126176
0 0.53783 0.0654439 0.617608 0.130888 0.0126126
0 0.836469 0.748208 0.327063 0.253062 0.0125995
0 0.496566 0.377743 0.198949 0.139377 0.012598
0 0.0214937 0.483305 0.0429875 0.966611 0.0125908
0 0.0111067 0.366759 0.0222134 0.733518 0.0125875
0 0.234058 0.413316 0.302128 0.517728 0.0125832
0 0.997154 0.198277 0.00569301 0.396554 0.0125759
0 0.793779 0.342524 0.412442 0.346869 0.0125745
0 0.237844 0.910131 0.475688 0.179738 0.0125666
0 0.301941 0.898017 0.380673 0.202555 0.0125615
0 0.772246 0.920572 0.455509 0.146207 0.0125594
0 0.262046 0.109909 0.341202 0.219818 0.0125462
0 0.165009 0.498874 0.330017 0.425021 0.0125286
0 0.868264 0.896 0.263472 0.208 0.0125274
0 0.455594 0.414656 0.274417 0.209346 0.0125181
0 0.467007 0.832354 0.324674 0.187173 0.0125025
0 0.888916 0.082797 0.222168 0.165594 0.0124902
0 0.731714 0.758041 0.264651 0.315892 0.0124879
0 0.859933 0.902908 0.280134 0.194183 0.0124846
0 0.765719 0.545711 0.316634 0.419522 0.012477
0 0.360738 0.631814 0.500787 0.287378 0.0124739
0 0.301232 0.535209 0.584746 0.274348 0.0124603
0 0.150902 0.788831 0.301804 0.40922 0.0124469
0 0.181379 0.913139 0.362758 0.1627 0.0124375
0 0.254013 0.350861 0.445521 0.635624 0.0124321
0 0.883373 0.780086 0.233254 0.376235 0.0124319
0 0.27913 0.362782 0.55826 0.70805 0.012404
0 0.0156153 0.663824 0.0312306 0.672352 0.0123995
0 0.130918 0.898454 0.261835 0.191382 0.0123982
0 0.281122 0.862314 0.326989 0.271313 0.0123936
0 0.170743 0.395602 0.341486 0.675501 0.012382
0 0.87525 0.182397 0.249499 0.364794 0.0123753
0 0.860709 0.821546 0.278582 0.356908 0.0123692
0 0.811632 0.557125 0.376735 0.530155 0.0123676
0 0.547117 0.81628 0.514191 0.357636 0.0123449
0 0.223546 0.74346 0.266003 0.445318 0.0123447
0 0.119376 0.685823 0.238752 0.628354 0.0123335
0 0.83947 0.670152 0.32106 0.603867 0.0123323
0 0.380473 0.541308 0.435327 0.451419 0.0123303
0 0.86765 0.483182 0.2647 0.932607 0.0123256
0 0.527641 0.578027 0.418052 0.38917 0.0122954
0 0.854717 0.826003 0.290172 0.319196 0.0122894
0 0.172203 0.852647 0.344405 0.266207 0.01227
0 0.484802 0.511928 0.283138 0.550995 0.0122316
0 0.331614 0.491194 0.527295 0.359567 0.0122315
0 0.74466 0.491946 0.295983 0.538837 0.0122078
0 0.854755 0.482649 0.29049 0.446386 0.0121885
0 0.396545 0.657571 0.431908 0.421303 0.0121779
0 0.81265 0.579862 0.3747 0.840277 0.012159
0 0.847532 0.318969 0.304937 0.637937 0.0121391
0 0.733752 0.595956 0.267105 0.341384 0.0121131
0 0.827691 0.520625 0.344618 0.578286 0.01205
0 0.694318 0.695994 0.109195 0.148279 0.00399743
0 0.268814 0.603719 0.147289 0.14886 0.0036654
0 0.298733 0.610865 0.0904995 0.132 0.0036502
0 0.209046 0.603753 0.16034 0.151834 0.00361985
0 0.529018 0.359014 0.124949 0.101411 0.00357747
0 0.297733 0.0646599 0.218178 0.0882086 0.00357354
0 0.573194 0.0636662 0.137261 0.0835014 0.00357234
0 0.218287 0.965643 0.184788 0.0663563 0.00350153
0 0.929574 0.658056 0.137309 0.100676 0.00344986
0 0.379038 0.789623 0.0944354 0.0622227 0.00344813
0 0.459296 0.945503 0.142421 0.104599 0.00342319
0 0.786586 0.230815 0.17678 0.121845 0.00341095
0 0.871345 0.118547 0.1995 0.0932585 0.00338043
0 0.535167 0.065227 0.208285 0.0836158 0.0033747
0 0.760875 0.0781108 0.161825 0.10595 0.00337358
0 0.185076 0.213829 0.180422 0.0728517 0.00336729
0 0.183022 0.330746 0.169157 0.087941 0.00335292
0 0.347254 0.598711 0.0991958 0.191458 0.0033526
0 0.058662 0.127446 0.115375 0.205188 0.00335238
0 0.955947 0.0718787 0.0881055 0.129612 0.0033448
0 0.0483469 0.346575 0.0919892 0.225205 0.00333739
0 0.476575 0.241061 0.21299 0.133852 0.0033359
0 0.380508 0.94565 0.215693 0.105784 0.00332377
0 0.68141 0.538175 0.171679 0.23886 0.00331888
0 0.87034 0.0889197 0.208613 0.120936 0.00331617
0 0.488004 0.0650318 0.168157 0.0823709 0.00331172
0 0.180747 0.60657 0.116591 0.147748 0.0033117
0 0.876025 0.0497829 0.083185 0.0621066 0.00330947
0 0.0562303 0.947926 0.108487 0.0990032 0.00330851
0 0.810169 0.0514956 0.210458 0.0625139 0.00330199
0 0.340997 0.530867 0.0838684 0.0581717 0.00330107
0 1 0.050299 0 0.100598 0.00329866
0 0.649483 0.304459 0.123557 0.245022 0.00328694
0 0.358941 0.577036 0.122835 0.149341 0.00328534
0 0.910387 0.0766466 0.165487 0.1255 0.00327997
0 0.25931 0.958905 0.26672 0.0805851 0.00327531
0 0.176105 0.061659 0.230408 0.0888444 0.00327219
0 0.0487372 0.296352 0.0919985 0.308253 0.00327144
0 0.0491809 0.535915 0.0936399 0.217549 0.00326338
0 0 0.942684 0 0.114632 0.00326273
0 0.253074 0.0876449 0.169171 0.131099 0.0032622
0 0.922288 0.20827 0.136996 0.0792435 0.00326204
0 0.48915 0.944744 0.227256 0.110511 0.00325751
0 1 0.0714949 0 0.14299 0.0032558
0 0.660913 0.945072 0.18933 0.106422 0.00325254
0 0.949603 0.753428 0.100794 0.17861 0.00325245
0 0.38024 0.818087 0.129009 0.135288 0.00324279
0 0.255286 0.0638408 0.150535 0.0859926 0.00324232
0 0.119565 0.117435 0.235035 0.196942 0.00324123
0 0.139836 0.089223 0.272218 0.143662 0.00324113
0 0.66504 0.732099 0.117472 0.194496 0.00323907
0 0.919551 0.227699 0.144054 0.11721 0.00323839
0 0.652275 0.542373 0.114577 0.200108 0.0032335
0 0 0.0745434 0 0.149087 0.00323133
0 0.929472 0.766125 0.141055 0.211105 0.00323071
0 0.806274 0.916907 0.103776 0.06856 0.00323002
0 0.197401 0.0872112 0.219306 0.134305 0.00322564
0 0.0902342 0.949469 0.180468 0.0970158 0.00322362
0 0.126265 0.06558 0.242136 0.0951313 0.00322241
0 0.76932 0.96433 0.241789 0.0713394 0.00322032
0 0.328636 0.597847 0.0720779 0.177552 0.00322005
0 0.492697 0.634979 0.196373 0.146221 0.00321977
0 0.909758 0.309784 0.15971 0.110217 0.00321922
0 0.228042 0.977081 0.293974 0.0458372 0.00321851
0 0.550614 0.949249 0.262385 0.101502 0.00321439
0 0.787893 0.692581 0.138691 0.138782 0.00321319
0 0.690321 0.830119 0.168201 0.103828 0.00321226
0 0.0526003 0.766462 0.101361 0.20045 0.00321146
0 0.932871 0.0664899 0.134259 0.12348 0.0032114
0 0 0.904871 0 0.190259 0.00321069
0 0.796008 0.942082 0.192854 0.114841 0.00320953
0 0.790846 0.211416 0.169668 0.084799 0.00320697
0 1 0.0427496 0 0.0854992 0.00320659
0 0 0.0519687 0 0.103937 0.00320448
0 0.0530997 0.704339 0.101567 0.339859 0.00319888
0 0.21308 0.953498 0.178626 0.0902931 0.00319801
0 0.364285 0.947163 0.380242 0.105674 0.00319665
0 0.490396 0.947853 0.166356 0.098423 0.00319529
0 0.836736 0.815583 0.176349 0.12425 0.00319398
0 0.568799 0.696985 0.0639427 0.336527 0.00319369
0 0.26637 0.960361 0.295849 0.0792786 0.00319246
0 0.548838 0.662079 0.0924103 0.108872 0.00318814
0 0.155722 0.735867 0.110776 0.119593 0.00318772
0 0 0.0719458 0 0.143892 0.00318673
0 0.377425 0.782711 0.166544 0.0822006 0.00318661
0 0.185136 0.552588 0.175061 0.242764 0.00318616
0 0 0.961518 0 0.0769636 0.0031853
0 0.939185 0.728811 0.12163 0.209182 0.00318415
0 0 0.0735136 0 0.147027 0.00318276
0 0.186317 0.802333 0.156053 0.171994 0.00318199
0 0.841583 0.110694 0.262513 0.0741918 0.00317883
0 0.148565 0.719121 0.0988994 0.134661 0.00317737
0 1 0.0432702 0 0.0865404 0.00317716
0 0.470925 0.78651 0.259271 0.188877 0.00317701
0 1 0.0636126 0 0.127225 0.00317394
0 0.460541 0.813669 0.280518 0.13497 0.00317371
0 0.0485059 0.463134 0.0966921 0.410947 0.00317244
0 0.196424 0.467756 0.193069 0.0829877 0.00317094
0 0.907626 0.34833 0.16033 0.136198 0.00316934
0 0.140946 0.951988 0.270553 0.0930172 0.00316692
0 0.652663 0.2702 0.135985 0.196766 0.00316483
0 0.443259 0.0654865 0.206329 0.0858733 0.00316255
0 0.842154 0.967152 0.315691 0.0656956 0.00316052
0 0 0.0727374 0 0.145475 0.0031592
0 0.685885 0.491755 0.169855 0.170144 0.00315783
0 0.195432 0.182712 0.194482 0.136611 0.00315658
0 0.907812 0.524711 0.17498 0.127862 0.00315635
0 0.756632 0.827751 0.307308 0.10514 0.00315629
0 0.305122 0.241695 0.5293 0.134855 0.00315587
0 0.350791 1 0.558445 0 0.0031552
0 0.818856 1 0.326809 0 0.00315509
0 0.0636265 0.844783 0.123748 0.306833 0.00315481
0 0.857415 0.349029 0.192939 0.135707 0.0031543
0 0.222512 0.795764 0.214445 0.180503 0.00315386
0 0 0.0637495 0 0.127499 0.00315291
0 0 0.858847 0 0.282307 0.00315289
0 1 0.931756 0 0.136488 0.00315285
0 0.837023 0.854097 0.200578 0.190339 0.00315244
0 0.652748 0.720311 0.11265 0.248784 0.0031518
0 0.237029 0.213288 0.291236 0.0769827 0.00315115
0 0.540955 0.705488 0.116377 0.320863 0.00315043
0 0.720608 0.998946 0.421835 0.002108 0.00314924
0 0.64322 0.346764 0.107226 0.21587 0.00314908
0 0.905455 0.741286 0.189091 0.261494 0.00314819
0 0.494125 0.328122 0.195416 0.166687 0.00314772
0 0.868708 0.231792 0.244281 0.127007 0.00314748
0 0.880128 0.763894 0.239744 0.218271 0.00314739
0 0.38691 0.569588 0.169677 0.142744 0.00314718
0 0.179933 0.230176 0.175617 0.106253 0.00314681
0 0.66239 1 0.490676 0 0.00314637
0 0.448012 1 0.524454 0 0.00314629
0 0.187588 0.459719 0.190279 0.170322 0.00314626
0 0.480133 0.213319 0.207943 0.080726 0.00314534
0 1 0.0346259 0 0.0692517 0.00314508
0 0.142576 0.954232 0.285152 0.0915357 0.00314506
0 0.169331 0.621177 0.13164 0.141597 0.00314497
0 0.652887 0.237597 0.132902 0.1307 0.00314273
0 0.841136 0.781442 0.18217 0.195196 0.00314261
0 0.911827 0.273721 0.157674 0.0510562 0.00314257
0 0.221055 0.0624462 0.157407 0.0845534 0.00314245
0 0.404729 0.814328 0.161863 0.120144 0.003141
0 0.178741 1 0.346594 0 0.00314031
0 0.542135 0.638542 0.106392 0.152959 0.00314005
0 0.205032 0.124057 0.202828 0.0582587 0.00313977
0 0.478201 0.599636 0.232767 0.126058 0.00313958
0 1 0.836074 0 0.327852 0.00313903
0 0.882244 0.685235 0.227529 0.143966 0.00313883
0 0.414432 0.274583 0.315854 0.107741 0.0031385
0 0.188726 0.303401 0.19045 0.254173 0.00313773
0 0.094708 0.496272 0.053624 0.390948 0.0031352
0 0.477566 0.304413 0.955132 0.608827 0.0207036
0 0.408699 0.254972 0.817398 0.509945 0.0203645
0 0.5 0.538416 1 0.811687 0.0202519
0 0.5 0.443998 1 0.79563 0.0190194
0 0.5 0.208518 1 0.417036 0.0187339
0 0.670577 0.646138 0.658847 0.707724 0.0187059
0 0.418969 0.16668 0.837938 0.33336 0.018658
0 0.5 0.281863 1 0.563726 0.0184975
0 0.521149 0.416048 0.957702 0.832096 0.0181487
0 0.95394 0.183517 0.0921193 0.367035 0.0179272
0 0.410794 0.526315 0.821589 0.851431 0.0178222
0 0.606549 0.609021 0.786902 0.764609 0.0175049
0 0.5 0.287549 1 0.575098 0.0174371
0 0.494459 0.609087 0.988918 0.781827 0.0170174
0 0.751661 0.20945 0.496679 0.418901 0.0166646
0 0.507139 0.198945 0.985721 0.39789 0.0166601
0 0.998784 0.162871 0.00243249 0.325742 0.0164042
0 0.384423 0.139879 0.768847 0.279758 0.0162677
0 0.328962 0.399172 0.657923 0.70463 0.0162312
0 0.326019 0.576419 0.652037 0.847162 0.016164
0 0.437253 0.713066 0.874506 0.573867 0.0159821
0 0.326116 0.313242 0.652233 0.626485 0.0155832
0 0.320095 0.184921 0.640191 0.369842 0.0154107
0 0.946443 0.212811 0.107114 0.425623 0.0153678
0 0.5 0.168288 1 0.336575 0.0153312
0 0.359578 0.343736 0.719156 0.687472 0.0152407
0 0.144866 0.232263 0.289732 0.464526 0.0151033
0 0.31648 0.650966 0.63296 0.698068 0.0148089
0 0.143559 0.426327 0.287118 0.852653 0.014746
0 0.126926 0.185085 0.253852 0.37017 0.0146886
0 1 0.104477 0 0.208955 0.0145166
0 0.070915 0.273485 0.14183 0.546971 0.0145012
0 0.0443067 0.173414 0.0886133 0.346828 0.0143696
0 0.621741 0.66112 0.756518 0.67776 0.0142894
0 0.0746494 0.634389 0.149299 0.731222 0.0142312
0 0.138172 0.598969 0.276344 0.802062 0.0142129
0 0.22101 0.693375 0.442019 0.613251 0.0138312
0 0.594116 0.695632 0.811767 0.608736 0.0137674
0 0.146572 0.309826 0.293144 0.619651 0.0137303
0 0.0769725 0.441518 0.153945 0.804303 0.0136422
0 0.712325 0.331945 0.57535 0.66389 0.0135345
0 0.310496 0.13061 0.620991 0.261221 0.0134552
0 0.624378 0.463895 0.751244 0.845466 0.0134537
0 0.413877 0.765595 0.827754 0.46881 0.0134278
0 0.312411 0.290083 0.624821 0.580167 0.0133543
0 0.341555 0.474769 0.68311 0.765121 0.0133241
0 0.171451 0.154636 0.342903 0.309272 0.0128819
0 0.0384893 0.105254 0.0769786 0.210508 0.0128616
0 0.0926996 0.731336 0.185399 0.537328 0.0127247
0 0.987406 0.258082 0.0251878 0.516165 0.0124606
0 0.505374 0.125997 0.989252 0.251995 0.0122769
0 0.944898 0.310529 0.110203 0.621057 0.012242
0 0.409291 0.861497 0.818583 0.277007 0.012181
0 0.519517 0.861161 0.960966 0.277678 0.0121353
0 0.542418 0.118458 0.915164 0.236917 0.0121323
0 0.5 0.647827 1 0.704347 0.0121259
0 0.494721 0.800645 0.989441 0.39871 0.0121095
0 0.5 0.910565 1 0.178869 0.0119779
0 0.256412 0.743808 0.512824 0.512384 0.0119579
0 0.529014 0.145751 0.941972 0.291502 0.011908
0 0.528634 0.797445 0.942732 0.40511 0.0118649
0 0.752779 0.707395 0.494441 0.585209 0.0118576
0 0.430423 0.926937 0.860847 0.146126 0.0118049
0 0.183089 0.79592 0.366177 0.408161 0.0117734
0 0.19061 0.125407 0.381221 0.250814 0.0117641
0 0.0244766 0.900286 0.0489531 0.199428 0.0117369
0 0.0394339 0.821793 0.0788678 0.356415 0.011682
0 0.553328 0.903357 0.893343 0.193286 0.0116051
0 0.898201 0.160687 0.203597 0.321374 0.0115679
0 0.578875 0.738755 0.842249 0.522491 0.0115157
0 0.562272 0.636238 0.875455 0.727525 0.0113277
0 0.891243 0.381715 0.217514 0.76343 0.0113029
0 0.958535 0.118097 0.0829292 0.236193 0.0112683
0 0.716135 0.516389 0.56773 0.846856 0.0112393
0 0.163207 0.886062 0.326413 0.227877 0.0112145
0 0.335044 0.769141 0.670088 0.461718 0.0112082
0 0.338795 0.903901 0.677591 0.192198 0.0111863
0 0.5 0.73106 1 0.53788 0.0111126
0 0.790961 0.590239 0.418077 0.642266 0.0109926
0 1 0.914322 0 0.171357 0.0107972
0 0.24346 0.848634 0.48692 0.302732 0.0107904
0 0.316114 0.859793 0.632229 0.280415 0.0106408
0 0.828505 0.457035 0.342989 0.787819 0.0106406
0 0.577208 0.838819 0.845585 0.322362 0.0103247
0 0.715624 0.774519 0.568752 0.450962 0.0102891
0 0.662832 0.755444 0.674336 0.489111 0.0102736
0 0.854299 0.806026 0.291402 0.387948 0.0102367
0 0.995627 0.87033 0.00874693 0.25934 0.0101473
0 0.00575985 0.0780041 0.0115197 0.156008 0.00759692
0 0.000825274 0.0740053 0.00165055 0.148011 0.00453838
0 0.996178 0.0304932 0.00764317 0.0609865 0.00431369
0 0.151867 0.0835635 0.303734 0.167127 0.00428878
0 0.278687 0.619129 0.274014 0.130958 0.00405306
0 0.760237 0.697035 0.214947 0.143798 0.00400239
0 0.242765 0.602997 0.207897 0.153615 0.00399828
0 0.469413 0.0623026 0.4349 0.124605 0.00389825
0 0.239176 0.560746 0.217937 0.244602 0.00388492
0 0.228205 0.196018 0.379309 0.173343 0.00376244
0 0.00728833 0.0370423 0.0145767 0.0740845 0.0036953
0 0.635459 0.0847666 0.456479 0.148196 0.00369225
0 0.68419 0.512618 0.63162 0.186944 0.00368693
0 0.261767 0.188395 0.376447 0.125283 0.00361757
0 0.266785 0.263766 0.53357 0.218624 0.0035888
0 0.15442 0.0584557 0.308841 0.116911 0.00357267
0 1 0.0684424 0 0.136885 0.00355138
0 0.222579 0.379737 0.430767 0.175828 0.00354114
0 0.852128 0.0759707 0.295743 0.151941 0.00352766
0 0.427352 0.0590038 0.461246 0.110556 0.0034937
0 0.34774 0.923559 0.395102 0.152883 0.00349058
0 0.736523 0.359804 0.380116 0.165277 0.00349034
0 0.879726 0.0566416 0.240548 0.113283 0.00348309
0 0.792974 0.0746496 0.414053 0.12359 0.00348047
0 0.0293647 0.186758 0.0587295 0.298259 0.00347226
0 0.915757 0.297787 0.168487 0.251272 0.00347071
0 0.76036 0.0779479 0.47928 0.155896 0.00346685
0 0.99478 0.0436007 0.0104408 0.0872015 0.00346685
0 0.622083 0.451178 0.386403 0.232353 0.00346168
0 0.720505 0.0688212 0.396814 0.131553 0.00345594
0 0.286532 0.21323 0.573064 0.185676 0.0034523
0 0.0146604 0.301925 0.0293208 0.306909 0.00344694
0 0.716727 0.318331 0.418751 0.19646 0.00344325
0 0.469631 0.177773 0.408803 0.15973 0.00343656
0 0.845161 0.358948 0.309678 0.173884 0.00343649
0 0.136023 0.0879428 0.272047 0.175886 0.00342076
0 0.268302 0.905831 0.417999 0.188338 0.00341486
0 0.752348 0.655793 0.217328 0.16683 0.00341456
0 0.231375 0.233346 0.396628 0.200968 0.00341179
0 0.667733 0.477688 0.385849 0.211264 0.00340789
0 0.160757 0.0545927 0.321514 0.109185 0.00340462
0 0.205753 0.406434 0.378461 0.22518 0.00340456
0 0.738856 0.543235 0.398281 0.229451 0.00339905
0 0.441618 0.366919 0.472267 0.210707 0.00339783
0 0.764055 0.718364 0.230832 0.149111 0.00338997
0 0.437659 0.322542 0.491206 0.231755 0.00337655
0 0.330025 0.175606 0.554567 0.168465 0.00337331
0 0.880788 0.0490511 0.238425 0.0981023 0.00337076
0 0.717544 0.266119 0.385559 0.202796 0.00336774
0 0.586159 0.369319 0.377117 0.205095 0.00336443
0 0.215325 0.90342 0.430649 0.19316 0.00335962
0 0.00940944 0.0217461 0.0188189 0.0434923 0.00335879
0 0.437347 0.526903 0.335782 0.239352 0.00334756
0 0.98514 0.108312 0.0297198 0.216624 0.00334602
0 0.927703 0.338288 0.144594 0.232749 0.00334443
0 0.223994 0.791911 0.387961 0.18217 0.00333816
0 0.0530161 0.143057 0.106032 0.272736 0.00333156
0 0.274554 0.897011 0.549109 0.205978 0.00333119
0 0.8882 0.0792993 0.223601 0.158599 0.00332585
0 0.308284 0.0682536 0.548611 0.136507 0.00332124
0 0.0297623 0.358328 0.0595246 0.294585 0.0033157
0 0.753861 0.459243 0.492278 0.197201 0.00330574
0 0.14783 0.112466 0.29566 0.195659 0.00330319
0 0.766763 0.651754 0.237562 0.241321 0.00330212
0 0.523346 0.203057 0.561699 0.263819 0.00330115
0 0.0530427 0.268676 0.106085 0.284948 0.00329763
0 0.356458 0.899985 0.489027 0.20003 0.00329648
0 0.491229 0.15286 0.378273 0.170706 0.00329437
0 0.808804 0.398439 0.382392 0.188118 0.00328028
0 0.754615 0.117336 0.490769 0.209395 0.00328005
0 0.404195 0.183045 0.43407 0.164705 0.00327618
0 0.551951 0.766067 0.290748 0.15541 0.0032684
0 0.577115 0.559806 0.338228 0.207935 0.00326295
0 0.267822 0.49897 0.331976 0.242921 0.00326215
0 0.589981 0.424598 0.390363 0.22564 0.00326135
0 0.0100773 0.155083 0.0201547 0.266926 0.00326087
0 0.195486 0.21235 0.378894 0.145927 0.00325985
0 0.163049 0.053284 0.289209 0.106568 0.00325818
0 0.888252 0.26659 0.223496 0.2548 0.00325752
0 0.331437 0.864756 0.555013 0.270487 0.00325673
0 0.183136 0.816312 0.366272 0.167341 0.00325095
0 0.575489 0.923514 0.397204 0.152973 0.00325013
0 0.671112 0.128296 0.578257 0.222629 0.00324989
0 0.448295 0.275248 0.45973 0.182229 0.00324281
0 0.687218 0.196703 0.436804 0.211099 0.00324025
0 0.925216 0.0582115 0.149569 0.116423 0.00323952
0 0.592039 0.609058 0.3027 0.246215 0.00323691
0 0.537831 0.102056 0.610237 0.161812 0.00323387
0 0.16868 0.857446 0.33736 0.194518 0.00323323
0 1 0.0467143 0 0.0934286 0.00323317
0 0.925309 0.38455 0.149381 0.252158 0.0032317
0 0.977222 0.831302 0.0455555 0.227113 0.00322525
0 0.628472 0.297117 0.389261 0.25696 0.00322317
0 0.514737 0.240811 0.60239 0.238182 0.00321956
0 0.268928 0.549347 0.28713 0.266377 0.00321344
0 0.25557 0.656476 0.229934 0.168064 0.00321149
0 0.110119 0.901556 0.220237 0.196887 0.00320947
0 0.705597 0.515377 0.397654 0.22068 0.00320787
0 0.899417 0.319997 0.201166 0.0794729 0.00320624
0 0.449574 0.140946 0.504684 0.137236 0.00320623
0 0.974794 0.693579 0.0504121 0.30823 0.0032052
0 0.906438 0.930745 0.187125 0.13851 0.00320247
0 0.147672 0.0554199 0.295345 0.11084 0.00319902
0 0.969034 0.0813262 0.0619315 0.162652 0.00319549
0 0.546534 0.759632 0.308364 0.209974 0.00319494
0 0.975366 0.786983 0.0492675 0.272243 0.00319432
0 0.702427 0.232212 0.408445 0.18865 0.00319414
0 0.937005 0.145393 0.125991 0.270127 0.00319364
0 0.293192 0.0836592 0.586384 0.15234 0.00319293
0 0.129714 0.0547789 0.259427 0.109558 0.00319281
0 0.873772 0.324369 0.252456 0.0913433 0.00319179
0 0.307842 0.516794 0.37702 0.218337 0.00319173
0 0.883165 0.0932244 0.233671 0.186449 0.00318898
0 0.50585 0.804711 0.299966 0.283287 0.0031877
0 0.539128 0.488512 0.332873 0.191519 0.00318696
0 0.591242 0.526371 0.353117 0.234883 0.00318628
0 0.161957 0.374239 0.323914 0.178187 0.00318446
0 0.524824 0.15802 0.547867 0.256122 0.00318053
0 0.215775 0.930348 0.43155 0.139304 0.00317882
0 0.0116538 0.404557 0.0233075 0.288106 0.00317771
0 0.159951 0.223088 0.319902 0.176789 0.00317749
0 0.535649 0.522397 0.334857 0.208408 0.00317717
0 0.900339 0.339263 0.199321 0.132936 0.00317697
0 0.157856 0.427377 0.275383 0.102195 0.00317533
0 0.909621 0.0370737 0.180757 0.0741474 0.00317044
0 0.582834 0.32255 0.381488 0.232172 0.0031676
0 0.772803 0.616145 0.263571 0.219965 0.0031672
0 0.927516 0.437357 0.144969 0.260112 0.00316696
0 0.620475 0.346527 0.38311 0.205212 0.00316634
0 0.825074 0.824708 0.316718 0.293622 0.00316516
0 0.603909 0.343775 0.541318 0.18178 0.00316506
0 0.522143 0.554728 0.350768 0.200319 0.00316337
0 0.4882 0.756615 0.287264 0.179789 0.00316152
0 0.558326 0.724257 0.324424 0.162683 0.00316148
0 0.038555 0.549406 0.07711 0.255333 0.00316137
0 0.799645 0.425295 0.400709 0.189789 0.00316128
0 0.546552 0.392814 0.361607 0.236078 0.00315414
0 0.427042 0.0731985 0.476659 0.146397 0.00315119
0 0.59702 0.649308 0.321089 0.287028 0.00315108
0 0.134047 0.115354 0.268095 0.230708 0.00315096
0 0.878697 0.917169 0.242605 0.165663 0.00315092
0 0.236536 0.632983 0.253386 0.180432 0.0031502
0 0.819146 0.869002 0.319919 0.160527 0.00314481
0 0.301916 0.462921 0.379257 0.194507 0.0031397
0 0.635517 0.884343 0.295226 0.231315 0.00313516
0 0.877986 0.127693 0.244028 0.253247 0.00313138
0 0.298828 0.0630791 0.597656 0.126158 0.00313093
0 0.612553 0.488359 0.362268 0.205916 0.00313051
0 0.612613 0.935421 0.396133 0.129159 0.00313021
0 0.15824 0.759284 0.31648 0.255738 0.0031291
0 0.365755 0.820329 0.522011 0.205729 0.00312739
0 0.867443 0.800246 0.265114 0.219242 0.00312685
0 0.619656 0.0697072 0.621364 0.139414 0.00312585
0 0.797766 0.625574 0.304392 0.274299 0.00312584
0 0.965293 0.919527 0.0694148 0.160947 0.00312582
0 0.337986 0.484025 0.377934 0.195672 0.00312442
0 0.17828 0.307087 0.356559 0.30086 0.00312251
0 0 0.958321 0 0.0833572 0.00312191
0 0.941043 0.0431559 0.117915 0.0863118 0.00312189
0 0.153478 0.191586 0.306957 0.153778 0.00312163
0 0.115198 0.305419 0.230396 0.320071 0.0031211
0 0.254944 0.436505 0.36464 0.229377 0.00312056
0 0.244602 0.470043 0.319402 0.243768 0.00312036
0 0.574336 0.656695 0.349728 0.211974 0.00312014
0 0.81325 0.343042 0.3735 0.139099 0.00311768
0 0.00129279 0.912391 0.00258559 0.175219 0.00311548
0 0.486763 0.075959 0.521622 0.151918 0.00311455
0 0.928429 0.516868 0.143142 0.220855 0.00311197
0 0.271637 0.163026 0.543273 0.124237 0.00311113
0 0.981639 0.734169 0.0367226 0.2695 0.00311111
0 0.82639 0.805606 0.347219 0.187708 0.00310988
0 0.226139 0.846815 0.398248 0.173045 0.00310941
0 0 0.943282 0 0.113437 0.00310921
0 0.637127 0.821806 0.352493 0.248591 0.00310894
0 0.242282 0.0582049 0.484565 0.11641 0.00310887
0 0.73883 0.762149 0.283233 0.247958 0.00310875
0 0.433103 0.906881 0.442401 0.186237 0.00310873
0 0.138222 0.0650866 0.276443 0.130173 0.00310872
0 0.169663 0.437074 0.266928 0.158455 0.00310694
0 0.116902 0.00254795 0.233805 0.0050959 0.00310686
0 0.955468 0.650965 0.0890643 0.276363 0.00310651
0 0.894416 0.515033 0.211167 0.165 0.00310602
0 0.624065 0.163573 0.572546 0.205934 0.00310312
0 0.805476 0.884024 0.274406 0.130088 0.00310309
0 0.940619 0.0223385 0.118762 0.0446771 0.00310135
0 0.75251 0.341679 0.361431 0.122576 0.00309888
0 0.915133 0.0399517 0.169733 0.0799034 0.00309764
0 0.0868446 0.142963 0.173689 0.215393 0.00309754
0 0.850796 0.891516 0.298409 0.208116 0.00309515
0 0.000415456 0.121794 0.000830912 0.23418 0.00309488
0 0.186582 0.362687 0.373165 0.219605 0.00309464
0 0.104075 0.863245 0.20815 0.27351 0.0030946
0 0.915995 0.895407 0.168009 0.209185 0.00309446
0 0.436633 0.823182 0.478202 0.185234 0.00309291
0 0.191159 0.897658 0.382318 0.183446 0.0030924
0 0.596123 0.786489 0.330108 0.165046 0.00309197
0 0.508766 0.384907 0.354845 0.178479 0.00309052
0 0.61052 0.535643 0.332519 0.171916 0.00309007
0 0.483031 0.725954 0.294729 0.158969 0.00308781
0 0.858877 0.805834 0.282246 0.162314 0.00308559
0 0.738246 0.0633725 0.523508 0.126745 0.00308497
0 0.3226 0.365867 0.645199 0.182183 0.00308302
0 0.296964 0.80893 0.521762 0.169659 0.0030821
0 0.61665 0.184248 0.461269 0.277526 0.00308178
0 0.872955 0.344045 0.254091 0.156373 0.00308111
0 0.440584 0.0536863 0.43223 0.107373 0.003081
0 0.782917 0.530099 0.434166 0.199013 0.00308086
0 0.733636 0.725862 0.262198 0.173953 0.00307939
0 0 0.931034 0 0.137931 0.00307927
0 0.197427 0.237508 0.374931 0.261521 0.0030787
0 0.0612419 0.22294 0.122484 0.219694 0.00307752
0 0.103971 0.106822 0.207942 0.213564 0.00307733
0 0.902117 0.716134 0.195766 0.312876 0.0157792
0 0.876337 0.303024 0.247327 0.284005 0.0149101
0 0.904552 0.631645 0.190896 0.326127 0.0149008
0 0.554867 0.327229 0.3149 0.260509 0.0140732
0 0.501321 0.599408 0.28949 0.219657 0.0140469
0 0.439151 0.704008 0.287568 0.231388 0.0139906
0 0.0820487 0.552327 0.164097 0.252907 0.0138695
0 0.638953 0.857448 0.318831 0.243783 0.013804
0 0.882665 0.690904 0.234671 0.287713 0.0137743
0 0.563347 0.382409 0.32427 0.267276 0.0136767
0 0.495587 0.642203 0.284296 0.212408 0.0136298
0 0.0879131 0.598701 0.175826 0.256499 0.0136185
0 0.504014 0.796474 0.284093 0.216416 0.0134601
0 0.496084 0.711591 0.282266 0.240034 0.0134488
0 0.913813 0.136125 0.172375 0.272251 0.0134216
0 0.888822 0.523785 0.222355 0.339395 0.0133919
0 0.440383 0.649911 0.283353 0.229595 0.0133902
0 0.78796 0.787029 0.277693 0.183622 0.0133834
0 0.441077 0.749501 0.282114 0.20949 0.0133814
0 0.0624431 0.224471 0.124886 0.292392 0.0133708
0 0.899682 0.384781 0.200636 0.322823 0.0133038
0 0.576037 0.470529 0.310917 0.267996 0.0132731
0 0.117675 0.565142 0.235349 0.263437 0.0132468
0 0.63219 0.46416 0.324778 0.260908 0.013213
0 0.113535 0.519863 0.22707 0.267485 0.0131694
0 0.0800619 0.507342 0.160124 0.247119 0.0131545
0 0.0354497 0.66297 0.0708995 0.328042 0.0131494
0 0.650131 0.804675 0.301234 0.221949 0.0131257
0 0.634804 0.573995 0.311621 0.2549 0.0130767
0 0.553433 0.271419 0.290878 0.27773 0.0130734
0 0.628685 0.331316 0.331983 0.22868 0.0130633
0 0.0409899 0.729805 0.0819797 0.373734 0.0130618
0 0.883714 0.357668 0.232571 0.293197 0.013045
0 0.0671091 0.126365 0.134218 0.252729 0.0130393
0 0.0285887 0.513102 0.0571774 0.296675 0.0130278
0 0.0316216 0.603453 0.0632432 0.294635 0.0130197
0 0.877496 0.763125 0.245008 0.270717 0.0130158
0 0.579275 0.767329 0.290895 0.24547 0.0130116
0 0.781586 0.768311 0.260498 0.258549 0.0129889
0 0.210387 0.7521 0.308999 0.219541 0.0129772
0 0.580513 0.52729 0.29939 0.266952 0.0129684
0 0.784179 0.849061 0.301979 0.223669 0.0129675
0 0.151567 0.33421 0.279229 0.22622 0.0129664
0 0.912381 0.213013 0.175239 0.30214 0.0129308
0 0.635626 0.387824 0.320798 0.257917 0.0128904
0 0.294217 0.712974 0.283167 0.236083 0.0128682
0 0.887148 0.237811 0.225703 0.31239 0.0128488
0 0.147064 0.754217 0.294128 0.23396 0.0128425
0 0.0611932 0.82272 0.122386 0.354559 0.0127975
0 0.0810855 0.405657 0.162171 0.23461 0.0127908
0 0.0329024 0.416626 0.0658049 0.292221 0.0127566
0 0.210867 0.71137 0.296514 0.251175 0.0127482
0 0.28881 0.749019 0.303021 0.210992 0.012744
0 0.905362 0.794774 0.189276 0.277337 0.0127429
0 0.503511 0.27547 0.295172 0.294133 0.0127428
0 0.571387 0.67038 0.299176 0.234131 0.0127219
0 0.931054 0.576853 0.137891 0.299046 0.0127216
0 0.90306 0.277193 0.193881 0.301029 0.01272
0 0.634298 0.522314 0.316562 0.261189 0.0126788
0 0.147412 0.707325 0.294824 0.259773 0.0126366
0 0.714662 0.394882 0.270033 0.271544 0.0126355
0 0.497159 0.333925 0.311488 0.288701 0.0126325
0 0.14863 0.524179 0.29726 0.270918 0.0126315
0 0.226217 0.525845 0.276999 0.2689 0.0125963
0 0.119096 0.706928 0.238192 0.264479 0.0125622
0 0.699678 0.437306 0.311087 0.287432 0.0125564
0 0.943044 0.782094 0.113911 0.232312 0.0125534
0 0.492892 0.861975 0.312774 0.25876 0.0125493
0 0.931051 0.501974 0.137897 0.27469 0.0125279
0 0.374303 0.751211 0.280669 0.217383 0.0125229
0 0.0808103 0.450868 0.161621 0.242083 0.0125085
0 0.104195 0.103535 0.20839 0.20707 0.0124898
0 0.120543 0.617863 0.241087 0.262141 0.0124572
0 0.299527 0.53374 0.275838 0.270502 0.0124237
0 0.932654 0.663352 0.134692 0.345226 0.0124157
0 0.616809 0.270518 0.328547 0.258546 0.0124154
0 0.376699 0.712259 0.280358 0.242057 0.0123699
0 0.0619359 0.169801 0.123872 0.253932 0.0123404
0 0.24155 0.34389 0.263003 0.254171 0.0123323
0 0.221497 0.472858 0.295486 0.254758 0.012313
0 0.557083 0.110516 0.288 0.220684 0.0123028
0 0.21335 0.60059 0.296217 0.226101 0.0122995
0 0.103738 0.277884 0.207477 0.250238 0.0122977
0 0.104213 0.234692 0.208425 0.264946 0.0122877
0 0.0513095 0.583221 0.102619 0.245402 0.0122793
0 0.881701 0.18947 0.236598 0.331507 0.0122611
0 0.0926674 0.646228 0.185335 0.262159 0.0122542
0 0.106787 0.129597 0.213574 0.252431 0.0122467
0 0.568565 0.865777 0.327601 0.268446 0.0122411
0 0.704342 0.578314 0.31615 0.272973 0.0122314
0 0.132411 0.206577 0.264822 0.211044 0.0122258
0 0.152271 0.136757 0.304542 0.273514 0.0122177
0 0.699398 0.531061 0.331157 0.274458 0.0122125
0 0.653296 0.716318 0.316963 0.195337 0.0122044
0 0.565742 0.903193 0.366667 0.193615 0.0122039
0 0.640973 0.627139 0.306284 0.278495 0.0121872
0 0.0532128 0.883323 0.106426 0.233354 0.0121763
0 0.686225 0.278121 0.327994 0.268871 0.0121755
0 0.708639 0.343076 0.27659 0.224195 0.0121686
0 0.151593 0.58174 0.303186 0.244293 0.0121612
0 0.783376 0.450745 0.287817 0.302251 0.0121566
0 0.437381 0.33601 0.301614 0.293675 0.0121522
0 0.935731 0.453497 0.128537 0.247599 0.0121319
0 0.853771 0.111317 0.292459 0.222634 0.012109
0 0.309162 0.343017 0.267749 0.282248 0.0121004
0 0.846694 0.85168 0.301815 0.235296 0.0121001
0 0.718571 0.792608 0.278846 0.195089 0.0120849
0 0.783596 0.888456 0.319571 0.223089 0.0120532
0 0.148346 0.815581 0.296692 0.266833 0.0120467
0 0.768572 0.200522 0.3403 0.301515 0.012041
0 0.943101 0.835609 0.113798 0.25851 0.0120325
0 0.108238 0.318572 0.216475 0.21829 0.0120289
0 0.0558488 0.359644 0.111698 0.252286 0.0120254
0 0.499522 0.419188 0.312007 0.272277 0.0120223
0 0.0492881 0.54137 0.0985763 0.243469 0.0120196
0 0.851978 0.784575 0.28953 0.183108 0.0120163
0 0.500373 0.226645 0.296116 0.229735 0.0120158
0 0.212463 0.806006 0.319822 0.24006 0.0120046
0 0.355128 0.864406 0.32075 0.271187 0.0119991
0 0.710498 0.855382 0.305663 0.240516 0.0119987
0 0.76741 0.297396 0.325886 0.255779 0.0119766
0 0.792831 0.382944 0.263526 0.255852 0.0119571
0 0.572215 0.600935 0.293442 0.235611 0.0119522
0 0.84533 0.888886 0.309339 0.215685 0.0119462
0 0.784299 0.342358 0.285584 0.220995 0.011932
0 0.109434 0.192033 0.218868 0.226763 0.0119127
0 0.709299 0.638591 0.295214 0.296685 0.0118923
0 0.150979 0.431936 0.286029 0.273881 0.0118857
0 0.9495 0.138245 0.100999 0.217171 0.011883
0 0.0404084 0.318413 0.0808168 0.323994 0.0118581
0 0.358729 0.907148 0.360428 0.185703 0.01185
0 0.293518 0.907664 0.394479 0.184673 0.0118382
0 0.852061 0.39157 0.278595 0.264546 0.011829
0 0.3787 0.339266 0.295874 0.295032 0.0118269
0 0.832769 0.602472 0.334462 0.306686 0.0118237
0 0.0721753 0.318119 0.144351 0.251171 0.0118234
0 0.850469 0.204196 0.293403 0.317775 0.0118066
0 0.763622 0.551497 0.329357 0.293106 0.0118061
0 0.112122 0.461338 0.224244 0.247421 0.0117869
0 0.932924 0.108263 0.134152 0.216525 0.0117676
0 0.256251 0.16021 0.463108 0.32042 0.0117525
0 0.0321021 0.0965308 0.0642042 0.193062 0.0117466
0 0.0519003 0.131469 0.103801 0.262938 0.0117405
0 0.11791 0.760276 0.235821 0.260818 0.0117402
0 0.432123 0.42104 0.315892 0.279766 0.0117252
0 0.439907 0.791249 0.282689 0.216045 0.0117219
0 0.638252 0.905503 0.35475 0.188994 0.0117
0 0.112404 0.412072 0.224807 0.235134 0.0116896
0 0.421213 0.905597 0.345687 0.188806 0.0116789
0 0.909963 0.885082 0.180073 0.229836 0.0116735
0 0.0402467 0.173119 0.0804934 0.324488 0.0116676
0 0.349125 0.150991 0.375038 0.301982 0.0116575
0 0.367378 0.545534 0.282818 0.277578 0.011655
0 0.960403 0.187331 0.0791934 0.204897 0.0116478
0 0.0109516 0.149081 0.0219032 0.298161 0.0116259
0 0.0561839 0.634618 0.112368 0.260178 0.0116231
0 0.160476 0.390433 0.268411 0.24217 0.0116044
0 0.862063 0.495784 0.275875 0.357319 0.0116033
0 0.363271 0.487575 0.300173 0.279917 0.0115845
0 0.425448 0.857719 0.315836 0.247237 0.0115793
0 0.0510023 0.496831 0.102005 0.243723 0.0115744
0 0.548805 0.221689 0.268726 0.215167 0.0115405
0 0.710932 0.774102 0.288257 0.265707 0.0115316
0 0.231248 0.631371 0.255097 0.257088 0.0115227
0 0.491456 0.90535 0.346094 0.1893 0.0115223
0 0.850712 0.453157 0.288315 0.304087 0.0115144
0 0.152204 0.856282 0.304409 0.287436 0.0115089
0 0.18551 0.158612 0.371021 0.317224 0.0115075
0 0.0545301 0.446637 0.10906 0.246225 0.0114909
0 0.290369 0.481063 0.296488 0.264824 0.0114878
0 0.68351 0.198265 0.327976 0.257175 0.011474
0 0.887256 0.449534 0.225488 0.313971 0.0114632
0 0.121182 0.816558 0.242364 0.294417 0.0114459
0 0.795967 0.108852 0.321351 0.217704 0.0114446
0 0.138551 0.294301 0.277102 0.288908 0.011443
0 0.624826 0.218244 0.308099 0.226595 0.0114323
0 0.710073 0.722132 0.290884 0.197756 0.011429
0 0.727202 0.73697 0.255159 0.267991 0.0114093
0 0.641998 0.111939 0.328901 0.223878 0.0114081
0 0.706724 0.905541 0.34906 0.188919 0.0113877
0 0.0508237 0.209854 0.101647 0.290189 0.0113774
0 0.361433 0.433201 0.319662 0.29989 0.0113577
0 0.843674 0.309252 0.291761 0.256944 0.011353
0 0.89054 0.134022 0.218921 0.268045 0.0113343
0 0.0939401 0.698288 0.18788 0.263436 0.0113271
0 0.983291 0.499379 0.0334172 0.208105 0.0113043
0 0.200941 0.857389 0.351692 0.285223 0.0113018
0 0.515142 0.534871 0.276088 0.271818 0.0112919
0 0.941039 0.232465 0.117921 0.194347 0.0112862
0 0.990869 0.4141 0.0182629 0.193051 0.0112829
0 0.379339 0.670754 0.268324 0.265835 0.0112568
0 0.366386 0.198119 0.334506 0.289119 0.0112381
0 0.668565 0.735814 0.284824 0.263144 0.0111815
0 0.288582 0.242203 0.343755 0.269204 0.011179
0 0.930442 0.744181 0.139116 0.272808 0.0111697
0 0.106186 0.852814 0.212373 0.294371 0.0111521
0 0.812375 0.560127 0.37525 0.332906 0.0111403
0 0.906773 0.102444 0.186454 0.204888 0.0111397
0 0.0201795 0.236007 0.0403591 0.328987 0.0111312
0 0.157936 0.623676 0.285904 0.249268 0.0111276
0 0.369155 0.793419 0.285317 0.221894 0.0111272
0 0.993793 0.357387 0.0124139 0.244484 0.0111202
0 0.877186 0.855387 0.245629 0.260895 0.0111096
0 0.130734 0.88207 0.261469 0.23586 0.0111062
0 0.287866 0.796674 0.30781 0.223165 0.0110918
0 0.861086 0.600163 0.277828 0.309584 0.0110845
0 0.43546 0.274969 0.288977 0.288359 0.0110668
0 0.0263411 0.907989 0.0526822 0.184022 0.0110617
0 0.304499 0.181158 0.389655 0.319271 0.0110553
0 0.930442 0.344642 0.139115 0.294478 0.0110416
0 0.298359 0.27986 0.296816 0.30018 0.0110376
0 0.296716 0.596545 0.277623 0.250373 0.0110246
0 0.592885 0.10858 0.303441 0.217159 0.0110116
0 0.527165 0.108356 0.294836 0.216713 0.0109824
0 0.237644 0.395783 0.27158 0.271033 0.0109743
0 0.445371 0.581946 0.275908 0.266526 0.0109704
0 0.200374 0.238068 0.320455 0.272587 0.0109603
0 0.156548 0.922283 0.313096 0.155433 0.0109405
0 0.886287 0.91819 0.227426 0.16362 0.0109403
0 0.413274 0.128468 0.297079 0.256937 0.0109401
0 0.510645 0.477899 0.283566 0.268422 0.0109359
0 0.972466 0.100386 0.055068 0.200771 0.0109325
0 0.0921041 0.765322 0.184208 0.293287 0.010931
0 0.220868 0.294916 0.307425 0.315248 0.0109154
0 0.105978 0.885163 0.211956 0.229675 0.0109059
0 0.997033 0.304749 0.0059331 0.195734 0.0108891
0 0.706958 0.109002 0.34033 0.218003 0.0108755
0 0.847049 0.646531 0.305902 0.286042 0.0108684
0 0.500429 0.118142 0.313977 0.225551 0.0108666
0 0.115786 0.953533 0.231572 0.0929333 0.0108661
0 0.373076 0.588483 0.268429 0.275409 0.0108595
0 0.121667 0.92035 0.243333 0.159301 0.0108483
0 0.843655 0.916667 0.312691 0.166667 0.010837
0 0.279325 0.860309 0.335208 0.279382 0.0108249
0 0.064607 0.694845 0.129214 0.289835 0.0108164
0 1 0.179712 0 0.157389 0.0107986
0 0.229619 0.209262 0.365587 0.239123 0.0107931
0 1 0.228228 0 0.139079 0.0106751
0 0.854266 0.731664 0.291467 0.271882 0.0106744
0 0.325342 0.1612 0.419907 0.322399 0.0105836
0 1 0.135725 0 0.144188 0.0105788
0 0.439082 0.135257 0.290013 0.270514 0.0105752
0 0.0283367 0.86051 0.0566734 0.27898 0.0105473
0 0.563849 0.137648 0.224909 0.273042 0.0105378
0 0.836903 0.542333 0.326193 0.336507 0.0105078
0 0.779371 0.643638 0.290825 0.288407 0.0104908
0 0.776241 0.73627 0.226079 0.274551 0.0104894
0 0.0449149 0.940439 0.0898299 0.119123 0.0104575
0 0.207385 0.926921 0.414769 0.146157 0.0104555
0 0.375373 0.171466 0.361721 0.342933 0.0104348
0 0.373672 0.274588 0.288964 0.288401 0.0104313
0 0.305207 0.633186 0.253403 0.266359 0.0104015
0 0.0139903 0.951492 0.0279805 0.0970156 0.0103708
0 0 0.486561 0 0.321173 0.0103376
0 1 0.0890826 0 0.178165 0.010329
0 0.0960955 0.938647 0.192191 0.122706 0.0102807
0 0.0911502 0.907536 0.1823 0.184927 0.010178
0 0.988177 0.89699 0.0236457 0.206019 0.0101485
0 0.954125 0.917188 0.0917507 0.165624 0.0100409
0 0 0.0950811 0 0.190162 0.0100087
0 0 0.877431 0 0.245138 0.00999844
0 0.77525 0.72205 0.265492 0.206153 0.00990395
0 0.426565 0.218879 0.299842 0.224934 0.00982775
0 0.997385 0.921357 0.00523012 0.157286 0.00981158
0 0.304938 0.390874 0.267021 0.29065 0.00974893
0 0 0.90448 0 0.191039 0.00974847
0 0.43795 0.487815 0.296011 0.284349 0.0097154
0 0 0.643693 0 0.283011 0.00967644
0 0 0.594585 0 0.280267 0.00965587
0 0 0.926835 0 0.14633 0.00956699
0 0.0175693 0.798706 0.0351386 0.388026 0.00952524
0 0 0.546674 0 0.281289 0.00946113
0 0 0.696009 0 0.29964 0.0093585
0 0.00298144 0.74907 0.00596288 0.307234 0.00923521
0 0 0.444461 0 0.270718 0.00858626
0 0 0.138909 0 0.276746 0.00804944
0 0 0.188591 0 0.264876 0.00801825
0 0 0.393974 0 0.263224 0.00792211
0 0 0.240667 0 0.270383 0.00776582
0 0 0.34224 0 0.26068 0.00756812
0 0 0.289188 0 0.27568 0.00750359
0 0.346436 0.533415 0.0912331 0.0739471 0.00701703
0 0.73543 0.694939 0.194802 0.147553 0.00666093
0 0.223614 0.598647 0.193316 0.141369 0.0061084
0 0.286443 0.362196 0.0745027 0.0194102 0.00590819
0 0.320947 0.361631 0.0694319 0.0197018 0.00585508
0 0.818236 0.430304 0.0563463 0.0180193 0.00534726
0 0.851617 0.416068 0.0481974 0.0288226 0.00531623
0 0.253461 0.363081 0.0865568 0.0217491 0.00513028
0 0.371144 0.536118 0.143036 0.0782364 0.005101
0 0.354253 0.361717 0.0814826 0.0207477 0.00508222
0 0.704149 0.698694 0.131144 0.143106 0.00493372
0 0.885116 0.411036 0.0529745 0.0241859 0.00491507
0 0.246115 0.57551 0.161224 0.0996757 0.00485646
0 0.316353 0.547186 0.102935 0.0723258 0.00480269
0 0.207339 0.371081 0.126575 0.0373429 0.00469944
0 0.388232 0.363088 0.0797832 0.0217072 0.00462766
0 0.231613 0.368612 0.139531 0.0339933 0.00453301
0 0.743549 0.673184 0.212081 0.111029 0.00451979
0 0.782492 0.380523 0.0567203 0.0229618 0.00433976
0 0.266257 0.623059 0.15184 0.193392 0.661272
0 0.236574 0.622535 0.220422 0.191538 0.436596
0 0.291487 0.621612 0.102741 0.194553 0.265269
0 0 0.116527 0 0.233054 0.243189
0 0.0985207 0.0973244 0.186014 0.194649 0.208866
0 0 0.101005 0 0.20201 0.178958
0 0.697802 0.0955143 0.181298 0.191029 0.172933
0 0.978988 0.113388 0.0420235 0.226777 0.168053
0 0.378459 0.0995167 0.182681 0.199033 0.161392
0 0.0740953 0.0963968 0.148191 0.192794 0.15916
0 0.344019 0.0996923 0.18408 0.199385 0.155255
0 0.965085 0.0984452 0.0698304 0.19689 0.153783
0 0 0.100208 0 0.200416 0.150705
0 0.416007 0.0982099 0.185037 0.19642 0.149946
0 0 0.114446 0 0.228891 0.148628
0 0.947448 0.0975614 0.105104 0.195123 0.136086
0 0.135451 0.0960575 0.187158 0.192115 0.13403
0 1 0.100002 0 0.200004 0.12835
0 0.749318 0.723545 0.220353 0.211308 0.1267
0 0.451817 0.0973802 0.18603 0.19476 0.125394
0 0.00447197 0.0974299 0.00894395 0.19486 0.123224
0 0.233967 0.662845 0.22146 0.270638 0.120438
0 0.665702 0.0978889 0.184174 0.195778 0.117681
0 0.0569767 0.0947375 0.113953 0.189475 0.11676
0 0.734799 0.0917284 0.171143 0.183457 0.115096
0 0 0.0983127 0 0.196625 0.111349
0 0.874071 0.0955573 0.173386 0.191115 0.104778
0 0.310683 0.0980678 0.168754 0.196136 0.103005
0 0.564401 0.0938962 0.140611 0.187792 0.102907
0 0.99889 0.0979841 0.00221955 0.195968 0.102392
0 0.0233484 0.0958713 0.0466968 0.191743 0.100735
0 0.200005 0.807245 0.186426 0.273728 0.0984268
0 0.910313 0.095745 0.179374 0.19149 0.0975604
0 0.292508 0.125773 0.203615 0.251546 0.0937036
0 0.241207 0.801157 0.184542 0.274068 0.0926297
0 0.772626 0.089805 0.171863 0.17961 0.0913385
0 0.841417 0.0944352 0.179998 0.18887 0.0872514
0 0.923986 0.111695 0.152027 0.22339 0.0846226
0 0 0.0981132 0 0.196226 0.0827002
0 0.277659 0.781639 0.181795 0.263439 0.0773025
0 0.647449 0.537002 0.15623 0.249951 0.0750574
0 0.807222 0.0911978 0.177084 0.182396 0.0744937
0 0.628096 0.1176 0.198447 0.235201 0.0743318
0 0.380708 0.874307 0.191176 0.251386 0.0736411
0 0.0564958 0.7432 0.112992 0.287789 0.0704659
0 0.0382256 0.0945797 0.0764513 0.189159 0.0702178
0 0.0173798 0.124819 0.0347597 0.249639 0.0668462
0 0.141617 0.858959 0.172286 0.277365 0.0664802
0 0.171021 0.213535 0.192604 0.267121 0.0636866
0 0.173561 0.0929811 0.1755 0.185962 0.0618241
0 0.707143 0.257621 0.205901 0.300819 0.0601857
0 0.771381 0.218912 0.221845 0.318934 0.0601555
0 0.176343 0.850576 0.184162 0.28812 0.0581373
0 0.343512 0.87638 0.18528 0.247239 0.0576893
0 0.165974 0.80969 0.162376 0.272167 0.0561643
0 0.0951972 0.722222 0.18275 0.277481 0.0548486
0 0.632492 0.905245 0.186381 0.189509 0.0533485
0 0.802885 0.192294 0.217992 0.308023 0.0530686
0 0.0593658 0.90475 0.1075 0.190501 0.0529261
0 0.495465 0.0957068 0.201221 0.191414 0.052421
0 0.913691 0.760761 0.172618 0.252265 0.0504864
0 0.526623 0.80868 0.190683 0.262306 0.0487916
0 0.932662 0.122012 0.134676 0.244023 0.0487805
0 0.14762 0.235338 0.181457 0.292635 0.0466742
0 0.497561 0.837455 0.194109 0.237087 0.0450792
0 0.860313 0.170255 0.25124 0.3142 0.0445595
0 0.585405 0.91225 0.178713 0.1755 0.0435833
0 0.223687 0.0898491 0.136345 0.179698 0.043233
0 0 0.142871 0 0.285741 0.0427933
0 0.0827219 0.744665 0.165444 0.297848 0.0426811
0 0.955356 0.123509 0.0892878 0.247019 0.0426646
0 0.746072 0.250042 0.234576 0.315616 0.042539
0 0.672646 0.270464 0.203917 0.310952 0.0424685
0 0.856365 0.917502 0.16813 0.164997 0.0422777
0 0.673299 0.503739 0.189895 0.271421 0.0421938
0 0.889552 0.918544 0.186224 0.162913 0.0415609
0 0.53118 0.781637 0.149933 0.243327 0.0403894
0 0.595504 0.556332 0.16972 0.262219 0.0399464
0 0.0557106 0.712421 0.111421 0.25915 0.039914
0 0.668341 0.890737 0.177318 0.218526 0.0397993
0 1 0.12431 0 0.24862 0.039562
0 0.411809 0.450532 0.176821 0.27951 0.0392184
0 0.189284 0.243426 0.242606 0.330097 0.0388069
0 0.388608 0.657183 0.175325 0.295518 0.0381747
0 0.205042 0.197905 0.191715 0.260958 0.0378032
0 0.702236 0.474096 0.198689 0.283049 0.0373084
0 0.729891 0.455926 0.184995 0.280291 0.0368756
0 0.31372 0.898693 0.188393 0.202613 0.0367702
0 0.287814 0.911229 0.191044 0.177543 0.0365988
0 0.461174 0.437131 0.202631 0.285143 0.0365986
0 0.457429 0.864299 0.199641 0.255936 0.0347457
0 0.421231 0.609734 0.17981 0.263824 0.0345443
0 0.548965 0.916312 0.132106 0.167376 0.0343293
0 0.620862 0.271273 0.191272 0.310906 0.0340569
0 0.03793 0.309759 0.0758599 0.268197 0.0338144
0 0.872747 0.143135 0.254505 0.286271 0.0334837
0 0.0565167 0.530647 0.113033 0.267465 0.033438
0 0.416246 0.87339 0.190356 0.253221 0.0329776
0 0.236402 0.18679 0.191263 0.278476 0.0325728
0 0.536871 0.105414 0.193016 0.210828 0.0310365
0 0.309318 0.331881 0.169668 0.263458 0.0310038
0 0.245477 0.126941 0.182054 0.253883 0.0308693
0 0.0587159 0.11947 0.117432 0.238941 0.0303304
0 0.810037 0.569004 0.171212 0.247459 0.0302679
0 0.830538 0.929671 0.136519 0.140658 0.0299566
0 0.592825 0.3501 0.166658 0.270464 0.0297605
0 0.889826 0.760668 0.184646 0.265694 0.0296801
0 0.128735 0.417977 0.186163 0.32435 0.0293607
0 0.65257 0.49914 0.134905 0.243044 0.0292322
0 0.0998645 0.523735 0.189665 0.29592 0.0292107
0 0.5678 0.116237 0.138891 0.232473 0.029139
0 0.76993 0.458932 0.189957 0.268473 0.028947
0 0.82364 0.142741 0.226914 0.285482 0.0286073
0 0.913556 0.903655 0.172889 0.19269 0.0285622
0 0.576818 0.272885 0.196335 0.310438 0.028527
0 0.836302 0.210217 0.214195 0.314827 0.0285256
0 0.378811 0.280691 0.191263 0.281677 0.0277828
0 0.47012 0.596074 0.169994 0.249262 0.0277809
0 0.0386988 0.325174 0.0773975 0.282913 0.0274726
0 0.809163 0.420374 0.192092 0.269265 0.0274672
0 0.411321 0.252424 0.187614 0.295137 0.0270883
0 0.0586584 0.30507 0.117317 0.276242 0.0270236
0 0.248597 0.091054 0.147083 0.182108 0.0268465
0 0.0245193 0.0819251 0.0490386 0.16385 0.0267884
0 0 0.0877601 0 0.17552 0.0267217
0 0.736419 0.213774 0.196407 0.280431 0.0265146
0 0.615153 0.541504 0.127419 0.247797 0.0263263
0 0.601256 0.116964 0.19451 0.233929 0.0261111
0 1 0.0791751 0 0.15835 0.026106
0 0.641839 0.815011 0.140468 0.247727 0.0261017
0 0.0809094 0.894815 0.14341 0.210369 0.0259065
0 0.597085 0.0946594 0.171663 0.189319 0.0257712
0 0.59055 0.23529 0.173683 0.266713 0.0257034
0 0.965442 0.475317 0.0691158 0.294709 0.0256482
0 0.98074 0.532057 0.0385201 0.274106 0.0256333
0 0.884533 0.143153 0.230934 0.286305 0.0255718
0 0.848149 0.419875 0.201161 0.266255 0.025474
0 0.384716 0.479719 0.19719 0.280911 0.0254674
0 0.524476 0.61229 0.189035 0.240234 0.0253261
0 0.0684422 0.890221 0.0771873 0.219558 0.0249052
0 0.358222 0.489868 0.162338 0.256927 0.0248289
0 0.616109 0.0867808 0.141618 0.173562 0.0247551
0 0.491613 0.626317 0.196112 0.231354 0.0246613
0 0.985134 0.769006 0.0297326 0.24384 0.0244858
0 0.927555 0.745114 0.14489 0.248537 0.0243975
0 0.427037 0.656662 0.2064 0.29286 0.0243743
0 0.886363 0.166142 0.227275 0.315104 0.0243367
0 0.802767 0.53337 0.195931 0.290551 0.0242902
0 0.0205274 0.213692 0.0410548 0.317903 0.0242779
0 0.984519 0.619341 0.0309616 0.248616 0.024277
0 0.963027 0.219924 0.0739465 0.314486 0.024214
0 0.271177 0.359066 0.190993 0.279001 0.0241696
0 0.352309 0.308289 0.189153 0.270581 0.0241658
0 0.701511 0.883478 0.18103 0.233045 0.0239985
0 0.989485 0.919262 0.0210309 0.161477 0.0238061
0 0.249724 0.914086 0.188069 0.171828 0.0237428
0 0 0.187187 0 0.313141 0.0235799
0 0.500899 0.419307 0.2138 0.27422 0.0234083
0 0.982999 0.896309 0.0340013 0.207382 0.023398
0 0.979961 0.396692 0.0400774 0.30508 0.0233486
0 0.923245 0.698566 0.15351 0.248333 0.0231571
0 0.0385901 0.290883 0.0727446 0.248485 0.0230471
0 0.498164 0.36585 0.191774 0.26646 0.023035
0 0.531367 0.865886 0.19875 0.25589 0.0228031
0 0.544431 0.319083 0.198468 0.313367 0.0226416
0 0.778495 0.568019 0.194976 0.242358 0.0225822
0 0.0554077 0.492874 0.110815 0.248868 0.0224849
0 0.552048 0.23482 0.175003 0.261662 0.0224162
0 0.189016 0.0803234 0.160212 0.160647 0.0223167
0 0.167589 0.390905 0.183585 0.318237 0.0223008
0 0.985719 0.821621 0.0285626 0.249964 0.0222687
0 0.938787 0.893763 0.122425 0.212475 0.0222472
0 0.845588 0.575154 0.171668 0.243097 0.0221773
0 0.879396 0.805421 0.193363 0.245171 0.0220706
0 0.0387457 0.370149 0.0774915 0.26588 0.0220594
0 1 0.0957641 0 0.191528 0.0220299
0 0.974808 0.561405 0.0503837 0.266455 0.0219091
0 0.0376203 0.152869 0.0752406 0.305737 0.0218925
0 0.980684 0.643508 0.0386326 0.259099 0.0217005
0 0.979616 0.473326 0.0407688 0.300582 0.0216547
0 0.798036 0.931098 0.138964 0.137804 0.0216204
0 0 0.916197 0 0.167606 0.021599
0 0.983599 0.671901 0.0328018 0.250672 0.0215706
0 0 0.902906 0 0.194188 0.0215204
0 0.62297 0.329191 0.186554 0.291223 0.0214009
0 0.114699 0.27105 0.22313 0.298948 0.0213595
0 0.808046 0.466754 0.194474 0.256447 0.0212164
0 0.767487 0.529904 0.198644 0.281115 0.0210286
0 0.965494 0.401078 0.0690119 0.29653 0.0210064
0 0.635781 0.574409 0.17331 0.250345 0.0209116
0 0.100259 0.876434 0.183846 0.247131 0.0209108
0 0 0.318342 0 0.311383 0.0208517
0 0.805976 0.945265 0.150302 0.109469 0.0208172
0 0.979637 0.218454 0.0407268 0.315141 0.0207302
0 0.933641 0.26949 0.132717 0.315929 0.0207235
0 0.982722 0.722574 0.034557 0.24568 0.0206599
0 0.79047 0.847422 0.135604 0.232874 0.020497
0 0.879536 0.584856 0.188577 0.238418 0.0202941
0 0.0382406 0.548893 0.0764812 0.262543 0.0201804
0 0.434735 0.577365 0.141055 0.240047 0.0201688
0 0.965669 0.874487 0.0686612 0.251026 0.0201397
0 0.0946036 0.440617 0.185205 0.32374 0.0201082
0 0.941978 0.384009 0.116045 0.270947 0.0201067
0 0.45089 0.239353 0.192004 0.282825 0.0198474
0 0.979026 0.13958 0.0419486 0.279159 0.0197778
0 0.906461 0.728719 0.128871 0.249934 0.0195865
0 0.489211 0.236159 0.196884 0.269962 0.0193738
0 0.675549 0.465106 0.159932 0.274765 0.019089
0 0.17908 0.290123 0.289123 0.3239 0.0190335
0 0.806522 0.713362 0.114089 0.202569 0.0189922
0 0.0995335 0.239371 0.174971 0.284118 0.0189633
0 1 0.90662 0 0.186761 0.0189407
0 0.456997 0.627908 0.194641 0.249113 0.018937
0 0.0790155 0.539736 0.158031 0.275448 0.0189063
0 0.700705 0.52463 0.196288 0.273156 0.0188768
0 0.977879 0.295267 0.0442427 0.321172 0.0188286
0 0.217781 0.916887 0.158932 0.166226 0.0187844
0 0.130203 0.488972 0.182745 0.281962 0.0187624
0 0.521216 0.950544 0.144096 0.0989124 0.0186473
0 0.959314 0.296508 0.0813726 0.319908 0.0186428
0 0.978801 0.792393 0.0423972 0.244755 0.0186307
0 0.960843 0.349659 0.0783149 0.307291 0.0185477
0 0.312141 0.76543 0.189507 0.272198 0.0185333
0 0.0456846 0.771088 0.0913692 0.263015 0.0185287
0 0.939727 0.483492 0.120546 0.272253 0.0184946
0 0.839519 0.490849 0.189364 0.262454 0.0184631
0 0.147104 0.905419 0.151057 0.189161 0.0184316
0 0.99904 0.643269 0.00192099 0.256695 0.0183995
0 0.882324 0.398068 0.192479 0.236078 0.0183837
0 0.956162 0.167319 0.0876751 0.325683 0.0183735
0 0.524693 0.3496 0.1961 0.281501 0.018338
0 0.057091 0.562458 0.114182 0.279549 0.0182023
0 0.940241 0.433888 0.119517 0.28452 0.0181963
0 0.567951 0.80716 0.2056 0.258703 0.018159
0 1 0.768684 0 0.251902 0.0179744
0 0.132573 0.703436 0.170434 0.250013 0.0177984
0 1 0.0770728 0 0.154146 0.0177646
0 0.735634 0.883551 0.182939 0.232898 0.0177496
0 0.385102 0.609371 0.161906 0.262227 0.0176927
0 0.839901 0.943425 0.140676 0.11315 0.0176495
0 0.0810786 0.476251 0.162157 0.285283 0.0176481
0 0.916504 0.21628 0.166992 0.314796 0.017625
0 0.941418 0.53293 0.117163 0.276896 0.0175794
0 1 0.1492 0 0.298399 0.0174762
0 0.948189 0.884849 0.103622 0.230303 0.017422
0 0.664558 0.135073 0.202062 0.270145 0.017315
0 0.631356 0.867041 0.163963 0.265919 0.0172839
0 0.968983 0.744651 0.0620333 0.242751 0.0172596
0 0.355168 0.707889 0.169678 0.27019 0.0172428
0 0.996602 0.535007 0.00679516 0.272223 0.0171548
0 0.0971668 0.36387 0.187974 0.307834 0.0171492
0 0.625095 0.780312 0.180242 0.262561 0.0170799
0 0.289452 0.0882716 0.162335 0.176543 0.0170021
0 0.510336 0.935835 0.14326 0.12833 0.016962
0 0.0576594 0.135312 0.115319 0.270623 0.0168641
0 0.937549 0.32575 0.124902 0.309158 0.0168294
0 1 0.168164 0 0.32818 0.0167887
0 0 0.908078 0 0.183845 0.0167481
0 0.0102451 0.265937 0.0204901 0.321827 0.0167441
0 0.886641 0.337212 0.1915 0.281612 0.0167254
0 0.969474 0.696176 0.0610512 0.25699 0.0167128
0 0 0.612363 0 0.270902 0.0166763
0 0.929902 0.167527 0.140195 0.316794 0.0166661
0 0.132999 0.365003 0.224706 0.327987 0.0166591
0 0 0.371235 0 0.302311 0.0166587
0 0.955272 0.907231 0.0894569 0.185538 0.0166272
0 0.0556062 0.425692 0.111212 0.293501 0.0165321
0 1 0.82044 0 0.256994 0.0165047
0 0.0618178 0.265465 0.119647 0.244519 0.0164802
0 0.363674 0.576889 0.14473 0.236772 0.016446
0 0.968714 0.644297 0.062571 0.256365 0.0164345
0 0.910068 0.594203 0.179864 0.230917 0.0163637
0 0.958997 0.818647 0.0820069 0.248656 0.0163323
0 0.998419 0.591076 0.00316262 0.262779 0.016285
0 0.909445 0.808216 0.16797 0.240555 0.0162694
0 0.379696 0.135006 0.202772 0.270013 0.016239
0 0.00273632 0.16704 0.00547264 0.334079 0.0161891
0 0.342702 0.138047 0.209233 0.276094 0.0161854
0 0.942574 0.88953 0.109299 0.22094 0.0161834
0 0.24326 0.847172 0.200944 0.305656 0.0161756
0 1 0.720099 0 0.252498 0.0161536
0 0.261152 0.170681 0.185969 0.296647 0.0160494
0 0.567627 0.591181 0.198799 0.259208 0.0160084
0 0.780547 0.871051 0.166938 0.248023 0.0159845
0 0.334776 0.489459 0.1136 0.22191 0.0159427
0 0 0.660848 0 0.265118 0.0159225
0 0 0.561335 0 0.269673 0.0158801
0 0.0429787 0.519862 0.0859574 0.254849 0.0157578
0 0.276911 0.895034 0.190762 0.209932 0.0156869
0 0.929434 0.392275 0.141132 0.242968 0.0156683
0 0.795355 0.262175 0.19685 0.323614 0.0156015
0 0.944658 0.695166 0.110683 0.26195 0.0155629
0 0.499091 0.118219 0.217709 0.236439 0.0155237
0 0.668826 0.573701 0.162139 0.226187 0.0154954
0 0.622183 0.371785 0.110811 0.252211 0.0154826
0 0.97573 0.907326 0.04854 0.185348 0.0154784
0 0.520446 0.29936 0.196949 0.291706 0.0154539
0 0.844481 0.129225 0.205925 0.25845 0.0154218
0 0 0.707862 0 0.251054 0.0154074
0 0.667054 0.760139 0.128557 0.28456 0.0152994
0 0.23376 0.604704 0.211729 0.141835 0.85411
0 0.745932 0.694876 0.215943 0.144938 0.811164
0 0.712847 0.692454 0.144892 0.144799 0.0187835
0 1 0.0832845 0 0.166569 0.0182183
0 0.737535 0.663979 0.221215 0.0902609 0.0124311
0 0.201606 0.594024 0.153319 0.123404 0.0123018
0 0.872485 0.3097 0.13652 0.108996 0.0122577
0 1 0.0751372 0 0.150274 0.0115207
0 0 0.0670623 0 0.134125 0.0113945
0 1 0.0700961 0 0.140192 0.0102965
0 0 0.0719655 0 0.143931 0.00850253
0 0.717152 0.786749 0.385025 0.307968 0.00849738
0 1 0.109757 0 0.219514 0.00845732
0 0.106552 0.693273 0.213104 0.272633 0.00830244
0 0.142825 0.755332 0.28565 0.259416 0.00829881
0 0.0982973 0.758439 0.196595 0.265454 0.008283
0 0.138616 0.808023 0.277231 0.253622 0.00824204
0 0.60233 0.555442 0.454476 0.274795 0.00822727
0 0.520616 0.487001 0.418519 0.256336 0.00809876
0 0.584417 0.841078 0.43135 0.242918 0.00804386
0 0.325916 0.679882 0.444537 0.311741 0.00800182
0 0.585136 0.775649 0.435264 0.229162 0.00796717
0 0.533714 0.434165 0.451344 0.276191 0.00793261
0 0.190207 0.672785 0.372131 0.301184 0.00789572
0 0.232205 0.764839 0.44464 0.270229 0.00789517
0 0.514928 0.563906 0.398067 0.261827 0.00788281
0 0.603783 0.497363 0.463283 0.274995 0.00787504
0 0.796536 0.768721 0.406927 0.273003 0.00786031
0 0.46805 0.917917 0.429709 0.164167 0.00784856
0 0.0661202 0.452135 0.13224 0.332475 0.00780882
0 0.698107 0.690174 0.339258 0.172608 0.00775924
0 0.533818 0.931705 0.426886 0.13659 0.00774342
0 0.0573728 0.704968 0.114746 0.3212 0.00773935
0 0.000810691 0.0870821 0.00162138 0.174164 0.00773926
0 0.195161 0.756741 0.390322 0.279938 0.00771146
0 0.67041 0.922296 0.419972 0.155408 0.00769449
0 0.676349 0.769612 0.377815 0.259904 0.00766803
0 0.502082 0.841887 0.386284 0.238616 0.0076454
0 0.489628 0.618384 0.337547 0.236523 0.00758036
0 0.496241 0.793763 0.364757 0.221127 0.00757754
0 0.168548 0.669499 0.337095 0.283428 0.00757141
0 0.156395 0.849163 0.312791 0.273694 0.00752725
0 0.448837 0.440426 0.422775 0.272661 0.00747354
0 0.747355 0.917658 0.409804 0.164684 0.00746808
0 0.241664 0.712422 0.420341 0.380406 0.00746737
0 0.196712 0.81557 0.393423 0.242348 0.00745553
0 0.803834 0.728183 0.392332 0.248751 0.00740484
0 0.861108 0.60561 0.277785 0.283305 0.00739677
0 0.208964 0.240009 0.417929 0.291273 0.0073656
0 0.345928 0.533737 0.0880089 0.071458 0.00735852
0 0.753848 0.675195 0.17041 0.11279 0.00733715
0 0.117592 0.851471 0.235184 0.289161 0.00729792
0 0.0598744 0.546826 0.119749 0.310297 0.00726939
0 0.818424 0.617004 0.363153 0.277228 0.00725221
0 0.112072 0.197865 0.224145 0.316017 0.00723969
0 0.856931 0.710989 0.286139 0.28594 0.00722556
0 0.731297 0.849919 0.422427 0.27441 0.00716562
0 0.245612 0.442082 0.428192 0.245982 0.00716047
0 0.278509 0.611257 0.127364 0.123799 0.00715904
0 0.0677976 0.356488 0.135595 0.343055 0.00715798
0 0.0554286 0.648843 0.110857 0.311267 0.00712717
0 0.438554 0.483953 0.400254 0.244246 0.00708753
0 0.864094 0.552253 0.271812 0.289914 0.00708717
0 0.6603 0.842548 0.430648 0.26171 0.00706495
0 0.0646045 0.255507 0.129209 0.33855 0.0070503
0 0.157306 0.905384 0.314612 0.189233 0.00700312
0 0.857181 0.322267 0.146648 0.11659 0.0068749
0 0.823209 0.780895 0.353582 0.287324 0.00686525
0 0.197732 0.905164 0.395464 0.189672 0.00686346
0 0.252367 0.296303 0.504735 0.311669 0.00685819
0 0.587796 0.646194 0.429224 0.243047 0.0068571
0 0.863227 0.788675 0.273546 0.297364 0.00681455
0 0.85614 0.847549 0.287719 0.304902 0.00679713
0 0.0394302 0.754847 0.0788604 0.325267 0.00679671
0 0.777205 0.713688 0.360491 0.208708 0.00678153
0 0.376301 0.613232 0.395801 0.222678 0.00677954
0 0.86093 0.499571 0.27814 0.284705 0.00676212
0 0.393012 0.905559 0.426219 0.188882 0.00676114
0 0.198539 0.447992 0.397078 0.244774 0.00675269
0 0.987924 0.623621 0.0241524 0.237723 0.00671238
0 0.0961678 0.505761 0.192336 0.302235 0.00667333
0 0.0573606 0.799835 0.114721 0.30377 0.00665832
0 0.830683 0.406285 0.338634 0.283116 0.00665089
0 0.988875 0.571557 0.0222503 0.233249 0.00664948
0 0.599507 0.931942 0.427375 0.136116 0.00664211
0 0.795313 0.854963 0.409373 0.290073 0.00663758
0 0.130073 0.449502 0.260145 0.298702 0.0066262
0 0.808554 0.912995 0.382893 0.17401 0.00662422
0 0.162195 0.455519 0.324389 0.264849 0.00661833
0 0.986637 0.675802 0.026726 0.243505 0.00661643
0 0.82943 0.3594 0.34114 0.272318 0.006594
0 0.781238 0.696521 0.150165 0.127451 0.00658476
0 0.683314 0.452629 0.451509 0.285287 0.00657812
0 0.114512 0.3035 0.229024 0.324506 0.00657186
0 0.246767 0.393735 0.482474 0.302182 0.00656937
0 0.0913815 0.0860711 0.182763 0.172142 0.00655117
0 0.25649 0.348863 0.512979 0.31756 0.00652463
0 0.240331 0.820704 0.426587 0.234622 0.00651536
0 0.831533 0.562518 0.336934 0.2607 0.00651498
0 0.368316 0.572101 0.438884 0.252851 0.00650452
0 0.454987 0.3492 0.512047 0.312287 0.0064813
0 0.985617 0.729361 0.0287662 0.249053 0.00646107
0 0.830923 0.30488 0.338154 0.28646 0.00646012
0 0.989725 0.525031 0.0205503 0.234581 0.00644798
0 0.073618 0.599027 0.147236 0.276657 0.00642031
0 0.0914984 0.650348 0.182997 0.258603 0.00641608
0 0.826537 0.242068 0.346926 0.297446 0.0064121
0 0.234082 0.963507 0.219952 0.0729853 0.00640121
0 0.489648 0.699575 0.340329 0.220826 0.0063977
0 0.985625 0.777153 0.0287494 0.242879 0.00639744
0 0.314705 0.759633 0.42931 0.263409 0.00639112
0 0.663914 0.938454 0.425261 0.123092 0.00638299
0 0.990224 0.476812 0.0195527 0.239264 0.00637617
0 0.98834 0.132101 0.0233203 0.255205 0.00636688
0 0.177414 0.732847 0.354828 0.426033 0.0063639
0 0.872328 0.901778 0.255344 0.196443 0.00633452
0 0.150386 0.156037 0.300772 0.312075 0.006331
0 0.0397562 0.50614 0.0795125 0.338568 0.00631872
0 0.559137 0.109129 0.101578 0.0979921 0.00631579
0 0.578013 0.891475 0.447302 0.217051 0.00631435
0 0.45279 0.395446 0.478357 0.301504 0.0063092
0 0.0393074 0.603006 0.0786149 0.324412 0.00630402
0 0.1702 0.382179 0.340399 0.280376 0.00629587
0 0.368677 0.500818 0.426034 0.273686 0.0062888
0 0.632449 0.617016 0.451148 0.290679 0.00627162
0 0.854258 0.401461 0.291483 0.288196 0.0062597
0 0.579968 0.346407 0.541301 0.310732 0.00625389
0 0.169341 0.523873 0.338681 0.298929 0.00624595
0 0.296263 0.52095 0.406418 0.302684 0.00624251
0 0.988777 0.330893 0.0224453 0.249076 0.00624028
0 0.795869 0.958707 0.220804 0.0825851 0.00623985
0 0.181488 0.293366 0.362975 0.311831 0.00623906
0 0.773103 0.122814 0.453793 0.245627 0.00623368
0 0.462267 0.287312 0.51228 0.296099 0.00622726
0 0.98802 0.280603 0.0239598 0.249036 0.00622403
0 0.990413 0.427517 0.0191738 0.241977 0.00621728
0 0.830421 0.457525 0.339158 0.284386 0.00620444
0 0.989885 0.379528 0.0202305 0.245885 0.00619748
0 0.987503 0.232298 0.0249936 0.250319 0.00619652
0 0.105119 0.398624 0.210237 0.311751 0.00619035
0 0.236459 0.204286 0.472919 0.286273 0.00618283
0 0.147145 0.24752 0.29429 0.302184 0.00617694
0 0.198271 0.0824862 0.396541 0.164972 0.00617311
0 0.580587 0.401214 0.508789 0.277404 0.00615905
0 0.0607518 0.845859 0.121504 0.308282 0.00615074
0 0.987509 0.901611 0.0249826 0.196778 0.00614205
0 0.988371 0.182206 0.0232586 0.255555 0.00614084
0 0.106681 0.12777 0.213362 0.25554 0.00613917
0 0.154567 0.555507 0.309133 0.242982 0.00613733
0 0.832259 0.504779 0.335482 0.276109 0.00613046
0 0.954263 0.930792 0.0914739 0.138416 0.00612657
0 0.68363 0.810543 0.365321 0.378914 0.00610213
0 0.900126 0.596386 0.199747 0.284059 0.00609495
0 0.836086 0.149097 0.327828 0.298194 0.00609164
0 0.825949 0.853847 0.348101 0.292306 0.00609115
0 0.986008 0.936784 0.0279833 0.126431 0.00605109
0 0.174803 0.200009 0.349606 0.28902 0.00604701
0 0.169376 0.125256 0.338751 0.250513 0.0060433
0 0.502488 0.888172 0.440953 0.223656 0.00600401
0 0.521876 0.201836 0.505003 0.287794 0.00600007
0 0.833918 0.9074 0.332164 0.1852 0.00599171
0 0.115499 0.512746 0.230998 0.292527 0.0059865
0 0.676734 0.5055 0.4429 0.281479 0.00597952
0 0.389595 0.947844 0.434654 0.104313 0.00597434
0 0.983923 0.835427 0.0321545 0.262328 0.00597139
0 0.798586 0.409524 0.402829 0.276564 0.00596822
0 0.0687375 0.163866 0.137475 0.327731 0.00596241
0 0.431949 0.750337 0.375752 0.252489 0.00595799
0 0.0372907 0.406518 0.0745813 0.339923 0.00594633
0 0.397478 0.69275 0.414545 0.265346 0.00594028
0 0.257079 0.905321 0.405671 0.189359 0.00593617
0 0.900672 0.646487 0.198656 0.288728 0.00593345
0 0.165462 0.0961052 0.330924 0.19221 0.00592912
0 0.808938 0.124891 0.382125 0.249782 0.00592497
0 0.107668 0.55194 0.215337 0.254835 0.00592036
0 0.988386 0.1089 0.0232289 0.217801 0.00590602
0 0.438651 0.850172 0.398423 0.250555 0.00588368
0 0.646769 0.157732 0.501095 0.28619 0.00587972
0 0.325416 0.35374 0.504502 0.321516 0.00587316
0 0.937738 0.576432 0.124523 0.243395 0.0058252
0 0.161503 0.953596 0.323005 0.0928072 0.00580827
0 0.303773 0.153299 0.461494 0.287057 0.00580565
0 0.543818 0.110415 0.0782391 0.0843331 0.00579635
0 0.732624 0.154286 0.474899 0.286886 0.00576664
0 0.284862 0.605486 0.383564 0.193979 0.00571998
0 0.785122 0.0813664 0.429755 0.162733 0.00571497
0 0.204645 0.152582 0.409289 0.297338 0.00571471
0 0.0360231 0.312937 0.0720462 0.354733 0.00570157
0 0.600384 0.24052 0.514079 0.299046 0.00569245
0 0.035935 0.212486 0.0718699 0.354693 0.00568116
0 0.845788 0.196083 0.308425 0.29988 0.00568102
0 0.871934 0.941054 0.256131 0.117892 0.00567875
0 0.742821 0.946021 0.422827 0.107957 0.00564366
0 0.389897 0.152602 0.471351 0.286672 0.00562363
0 0.938062 0.529187 0.123875 0.244792 0.0056098
0 0.653768 0.892682 0.442477 0.214637 0.00560398
0 0.92906 0.682516 0.14188 0.25613 0.00559675
0 0.906294 0.598752 0.124402 0.108043 0.00559205
0 0.440178 0.568343 0.393536 0.262562 0.00559155
0 0.237492 0.121483 0.451821 0.242966 0.00558869
0 0.30643 0.863495 0.420604 0.265853 0.00556604
0 0.124127 0.903674 0.248254 0.192651 0.00554859
0 0.756623 0.461205 0.431835 0.276994 0.00553762
0 0.0933821 0.946092 0.186764 0.107817 0.00550017
0 0.292942 0.570428 0.382988 0.242501 0.00546326
0 0.378878 0.860148 0.426098 0.259851 0.00546015
0 0.198442 0.601287 0.329898 0.138965 0.00545285
0 0.680216 0.359193 0.468258 0.294951 0.00542234
0 0.925352 0.7385 0.149296 0.265795 0.00541813
0 0.777269 0.196439 0.445461 0.293912 0.00541136
0 0.2005 0.954471 0.401 0.0910586 0.0054112
0 0.820747 0.0828223 0.358506 0.165645 0.00538401
0 0.940396 0.481004 0.119208 0.253339 0.00537927
0 0.145178 0.342119 0.290355 0.30408 0.00537781
0 0.977018 0.0648725 0.0459633 0.129745 0.00536484
0 0.793803 0.298824 0.412394 0.288931 0.00534364
0 0.0329304 0.933633 0.0658608 0.132734 0.00532728
0 0.446662 0.0847203 0.463161 0.169441 0.00527551
0 0.457836 0.942075 0.43111 0.115849 0.00527463
0 0.873215 0.296284 0.253571 0.297166 0.00524834
0 0.6443 0.115772 0.470439 0.231545 0.00523467
0 0.878255 0.242941 0.24349 0.300395 0.00523341
0 0.666575 0.650683 0.38492 0.22964 0.00521213
0 0.314994 0.237444 0.492731 0.296099 0.00519235
0 0.918639 0.933498 0.162722 0.133004 0.00517412
0 0.0952401 0.585954 0.19048 0.210836 0.00517302
0 0.00635901 0.82582 0.012718 0.34836 0.00516522
0 0.00704567 0.686947 0.0140913 0.37528 0.00514154
0 0.852462 0.0991307 0.295076 0.198261 0.00512423
0 0.373701 0.65523 0.429468 0.281942 0.00512119
0 0.885498 0.448223 0.229005 0.290834 0.00511592
0 0.755749 0.561297 0.433068 0.274723 0.00509629
0 0.676312 0.836442 0.157678 0.0979942 0.00506213
0 0.787089 0.655473 0.371393 0.243622 0.00505161
0 0.307163 0.0849941 0.445518 0.169988 0.00503867
0 0.306553 0.298489 0.521279 0.30649 0.0050306
0 0.237512 0.0945495 0.434985 0.189099 0.00502966
0 0.588806 0.9383 0.417397 0.1234 0.00502871
0 0.835794 0.948338 0.328412 0.103323 0.00502354
0 0.93969 0.433992 0.120619 0.258882 0.00498893
0 0.438035 0.121089 0.494198 0.242179 0.00497638
0 0.678338 0.290508 0.476656 0.310324 0.00495989
0 0.877191 0.347925 0.245619 0.290729 0.00495499
0 0.032268 0.145873 0.064536 0.291745 0.00493713
0 0.0299881 0.898906 0.0599762 0.202187 0.0049328
0 0.210234 0.969116 0.177922 0.0617683 0.00492801
0 0.203027 0.563222 0.335071 0.239376 0.00492786
0 0.932243 0.0544449 0.135513 0.10889 0.00490447
0 0.256944 0.951941 0.417015 0.0961182 0.00489855
0 0.693814 0.697343 0.117141 0.120542 0.00487984
0 0.864742 0.125438 0.270516 0.250876 0.00487849
0 0.213731 0.524711 0.388885 0.308348 0.00484462
0 0.745712 0.242623 0.468412 0.294945 0.00484461
0 0.730825 0.0943592 0.422453 0.188718 0.00484201
0 0.925934 0.841179 0.148132 0.280469 0.00484087
0 0.378212 0.20639 0.484452 0.282161 0.00478365
0 0.58592 0.0866598 0.464177 0.17332 0.00475911
0 0.924866 0.0958757 0.150267 0.191751 0.00475707
0 0.926777 0.899906 0.146446 0.200189 0.00473213
0 0.892745 0.0560354 0.203823 0.112071 0.00473164
0 0.265383 0.0980265 0.16022 0.135257 0.00469182
0 0.383019 0.786512 0.0866229 0.0619072 0.00468826
0 0.922448 0.137236 0.155104 0.274471 0.00463677
0 0.00690657 0.537455 0.0138131 0.381465 0.00462149
0 0.940896 0.385963 0.118208 0.265853 0.00459786
0 1 0.0453495 0 0.0906989 0.00458208
0 1 0.0680178 0 0.136036 0.00456642
0 0.0962238 0.880271 0.192448 0.239458 0.00455962
0 0.430284 0.637242 0.358889 0.242521 0.00447674
0 0.0386262 0.059041 0.0772524 0.118082 0.00446772
0 0.806855 0.949391 0.386289 0.101218 0.00442967
0 0.92933 0.189622 0.141341 0.277181 0.00440687
0 0.538701 0.948871 0.248563 0.102258 0.00440091
0 0.333515 0.210396 0.110228 0.0931796 0.0043636
0 0.394108 0.783392 0.101397 0.0730619 0.00434802
0 0.726881 0.338904 0.0872479 0.106625 0.00432343
0 0.778577 0.969966 0.184153 0.0600689 0.00430544
0 0.00279676 0.0587313 0.00559353 0.117463 0.00429498
0 0.522101 0.0931594 0.436866 0.186319 0.00428908
0 0.383412 0.0936484 0.43315 0.187297 0.00425642
0 0.89483 0.0858537 0.210339 0.171707 0.00424975
0 0.599667 0.685249 0.472659 0.180067 0.0042466
0 1 0.0456657 0 0.0913313 0.00421629
0 0.0543135 0.0600661 0.108627 0.120132 0.00415573
0 0.0316934 0.101204 0.0633869 0.202408 0.00400242
0 0.030752 0.0494053 0.0615041 0.0988105 0.00398971
0 0.679581 0.477459 0.176488 0.148438 0.00398968
0 0.238438 0.121669 0.114787 0.1068 0.00391517
0 0.896774 0.307578 0.128609 0.109481 0.00390585
0 0.188923 0.973963 0.147929 0.0520744 0.0038871
0 0.837986 0.333962 0.134192 0.117541 0.00385866
0 0.00653521 0.438469 0.0130704 0.383701 0.00383134
0 0.756607 0.976287 0.149184 0.0474256 0.00376361
0 0.978663 0.0546766 0.0426736 0.109353 0.00374126
0 0.679574 0.808923 0.168869 0.149048 0.00372539
0 0 0.939206 0 0.121588 0.00371866
0 0.502916 0.0527662 0.241123 0.105532 0.00370292
0 0.745333 0.336399 0.114549 0.108022 0.00370121
0 0.619466 0.235337 0.121947 0.150031 0.00366658
0 0.35802 0.77465 0.139029 0.0879709 0.00363983
0 0.234258 0.606492 0.21251 0.154541 0.946589
0 0.749267 0.69472 0.226337 0.149118 0.941601
0 0.969881 0.0664645 0.0602379 0.132929 0.0137376
0 1 0.943065 0 0.113869 0.00963223
0 0.00797322 0.068814 0.0159464 0.137628 0.00858399
0 0.779902 0.428089 0.384837 0.319781 0.00756526
0 1 0.298342 0 0.209509 0.00755615
0 0.0230658 0.151088 0.0461316 0.254313 0.0074779
0 0.402731 0.777778 0.336665 0.226344 0.00744825
0 0.74975 0.478772 0.396256 0.350754 0.00743004
0 0.912094 0.198921 0.175811 0.21593 0.00742107
0 0.87452 0.299921 0.250959 0.2201 0.00740193
0 0.872517 0.41241 0.254966 0.221321 0.0074004
0 0.74113 0.380158 0.395801 0.244363 0.00735444
0 0.0235849 0.205743 0.0471697 0.2695 0.00735154
0 0.64097 0.94101 0.342328 0.117981 0.00724512
0 0.18106 0.454604 0.346941 0.217096 0.00719901
0 0.914054 0.297139 0.171893 0.219041 0.00717868
0 0.875911 0.352952 0.248178 0.193966 0.00716557
0 0.0932894 0.194319 0.186579 0.200792 0.00716527
0 0.678889 0.418233 0.383522 0.25827 0.0071511
0 0.948166 0.204751 0.103667 0.17577 0.0071184
0 0.870371 0.26181 0.259259 0.199432 0.00710285
0 0.0247891 0.263301 0.0495783 0.266933 0.00706501
0 0.864503 0.523828 0.270994 0.216818 0.00705456
0 0.440739 0.941887 0.326589 0.116226 0.00703458
0 0.0683725 0.892787 0.136745 0.214426 0.00700958
0 1 0.960326 0 0.0793488 0.00698997
0 0.869919 0.204646 0.260163 0.207562 0.00697613
0 0.362432 0.943964 0.342226 0.112072 0.0069744
0 0.80134 0.371297 0.373624 0.221266 0.00697022
0 0.744606 0.938028 0.322157 0.123943 0.00696895
0 0.951127 0.143427 0.0977462 0.165622 0.00696836
0 0.21129 0.323153 0.346505 0.196455 0.00693105
0 0.0550465 0.150342 0.110093 0.207499 0.00692955
0 0.872417 0.464547 0.255166 0.210843 0.00692884
0 0.911526 0.254395 0.176947 0.210076 0.00691453
0 0.954576 0.341967 0.0908476 0.18123 0.00690207
0 0.804435 0.756798 0.313998 0.273639 0.00688397
0 0.0346996 0.89223 0.0693992 0.215541 0.00685814
0 0.0594692 0.256442 0.118938 0.205929 0.00684063
0 0.0189573 0.117986 0.0379147 0.235971 0.00683461
0 0.0552573 0.197022 0.110515 0.21618 0.00683103
0 0.0875647 0.367676 0.175129 0.22372 0.00682323
0 0.0944472 0.10513 0.188894 0.21026 0.00682079
0 0.103897 0.2573 0.207793 0.190129 0.0067926
0 0.864411 0.796056 0.224704 0.176632 0.00678835
0 0.108552 0.89197 0.217104 0.21606 0.00678527
0 0.152624 0.070268 0.305248 0.140536 0.00678095
0 0.418163 0.279078 0.337211 0.196543 0.00677624
0 0.167256 0.367508 0.334511 0.228623 0.00674407
0 0.135994 0.31579 0.271988 0.207013 0.00674334
0 0.0986132 0.315773 0.197226 0.227558 0.0067244
0 0.819391 0.938312 0.304206 0.123376 0.00672418
0 0.951052 0.0938458 0.0978966 0.187692 0.0067008
0 0.0505407 0.315739 0.101081 0.23877 0.00669619
0 0.298009 0.775084 0.388336 0.221556 0.00669144
0 0.818513 0.589105 0.355766 0.244069 0.00668999
0 0.345589 0.320935 0.341964 0.205157 0.0066853
0 0.844285 0.299271 0.311431 0.22126 0.00667423
0 0.414508 0.320398 0.327747 0.205239 0.00667044
0 0.918755 0.135265 0.16249 0.219964 0.00666869
0 0.110228 0.932127 0.220457 0.135745 0.00666723
0 0.135775 0.367792 0.27155 0.228515 0.00666467
0 0.00572721 0.550143 0.0114544 0.274326 0.00665849
0 0.417918 0.104962 0.348212 0.186711 0.00662844
0 0.142829 0.1168 0.285657 0.196949 0.0066266
0 0.522252 0.940857 0.347864 0.118286 0.00662485
0 0.860256 0.582282 0.279488 0.218434 0.00662394
0 0.598395 0.529782 0.430644 0.316439 0.00661703
0 0.822726 0.526179 0.354548 0.27846 0.00661042
0 0.948432 0.252806 0.103136 0.185872 0.00660586
0 0.832951 0.417543 0.334097 0.247586 0.00659418
0 0.983191 0.695422 0.0336189 0.1902 0.00659397
0 0.962209 0.396463 0.0755811 0.180883 0.00659103
0 0.162426 0.319633 0.324852 0.196568 0.00658719
0 0.11659 0.156406 0.233179 0.206913 0.00658535
0 0.164564 0.961901 0.268912 0.0761986 0.0065753
0 0.949898 0.291863 0.100205 0.185835 0.00657478
0 0.868445 0.106144 0.26311 0.212287 0.00656484
0 0.870498 0.148962 0.259004 0.18781 0.0065571
0 0.234356 0.402738 0.342894 0.202306 0.00655283
0 0.805545 0.471509 0.38891 0.336485 0.00654287
0 0.398163 0.736471 0.377912 0.261828 0.00653266
0 0.916516 0.345014 0.166968 0.214061 0.00653227
0 0.0418624 0.364619 0.0837248 0.220409 0.00652971
0 0.146857 0.91457 0.293714 0.17086 0.00652916
0 0.0252693 0.965267 0.0505386 0.0694653 0.00652729
0 0.24021 0.457895 0.368844 0.229355 0.00651769
0 0.00690003 0.876456 0.0138001 0.247087 0.0065159
0 0.00529584 0.599687 0.0105917 0.28592 0.00651497
0 0.285094 0.322054 0.357909 0.201114 0.00649277
0 0.120795 0.110194 0.24159 0.20612 0.00649093
0 0.0940505 0.152147 0.188101 0.213454 0.00647652
0 0.290026 0.476911 0.364249 0.20741 0.00646932
0 0.798358 0.300399 0.342342 0.212822 0.00646871
0 0.627864 0.75781 0.370711 0.274561 0.00646681
0 0.82946 0.462662 0.34108 0.243572 0.00645895
0 0.218756 0.36028 0.350969 0.215941 0.00645553
0 0.143215 0.88655 0.28643 0.2269 0.0064552
0 0.486744 0.0781797 0.337784 0.156359 0.00644962
0 0.00543575 0.751559 0.0108715 0.285638 0.00644643
0 1 0.916505 0 0.166989 0.00644252
0 0.989613 0.967422 0.0207738 0.0651552 0.00644121
0 0.350169 0.108019 0.340708 0.194023 0.00642688
0 0.980415 0.746962 0.0391699 0.187133 0.00641197
0 0.119957 0.196197 0.239914 0.183504 0.00641115
0 0.907948 0.90698 0.184104 0.18604 0.0064018
0 0.855107 0.623272 0.289786 0.208725 0.0063758
0 0.00609018 0.813036 0.0121804 0.249011 0.00635882
0 0.17463 0.409908 0.33462 0.211482 0.00635692
0 0.581078 0.93973 0.350671 0.12054 0.00635533
0 0.971209 0.448314 0.0575811 0.18344 0.00635327
0 0.838774 0.357862 0.322452 0.189555 0.00635091
0 0.965331 0.847837 0.0693373 0.19145 0.0063274
0 0.985604 0.639221 0.0287916 0.195219 0.0063269
0 0.356247 0.878074 0.3995 0.243852 0.00632184
0 0.492982 0.802593 0.289985 0.180549 0.00631318
0 0.203174 0.0726003 0.358847 0.145201 0.00630986
0 0.560232 0.912268 0.324399 0.175465 0.00630543
0 0.130437 0.464168 0.260873 0.208513 0.00630045
0 0.488699 0.534381 0.326158 0.238496 0.00629783
0 0.416557 0.965473 0.314583 0.0690538 0.0062953
0 0.129346 0.413716 0.258693 0.227403 0.00628636
0 0.921744 0.401216 0.156512 0.219807 0.00627403
0 0.15509 0.260401 0.31018 0.165494 0.00627221
0 0.474364 0.276251 0.32946 0.200945 0.0062719
0 0.0370129 0.813226 0.0740258 0.181905 0.00626663
0 0.976309 0.790415 0.0473814 0.184227 0.00626329
0 0.636577 0.0835989 0.361455 0.167198 0.0062596
0 0.13274 0.257286 0.265481 0.171012 0.00625218
0 0.0919826 0.929005 0.183965 0.141991 0.00624706
0 0.282446 0.811807 0.35264 0.17607 0.00624465
0 0.634332 0.0944657 0.338347 0.188931 0.00623837
0 0.677706 0.870411 0.443772 0.227754 0.00623794
0 0.999047 0.930017 0.0019064 0.139966 0.006228
0 0.00927184 0.349422 0.0185437 0.291123 0.00622211
0 0.80796 0.573886 0.384081 0.318862 0.0062216
0 0.269078 0.884038 0.35262 0.231925 0.00621793
0 0.208039 0.915326 0.326576 0.169348 0.00621758
0 0.764306 0.76877 0.278903 0.253288 0.00620193
0 0.0848028 0.961609 0.169606 0.0767811 0.0062009
0 0.921782 0.105565 0.156435 0.211131 0.00619034
0 0 0.0733952 0 0.14679 0.0061765
0 0.875164 0.934656 0.249673 0.130688 0.00617364
0 0.811588 0.629631 0.347756 0.223348 0.00616587
0 0.930712 0.455234 0.138577 0.212533 0.00615931
0 0.0754735 0.814473 0.150947 0.178259 0.0061582
0 0.279752 0.275679 0.358599 0.192398 0.00615405
0 0.711741 0.0830565 0.366464 0.166113 0.00614681
0 0.412104 0.216721 0.335268 0.19184 0.00614661
0 0.874176 0.778017 0.251648 0.216715 0.00614419
0 0.0377975 0.62087 0.075595 0.201198 0.00614415
0 0.203395 0.268798 0.337519 0.177162 0.00613635
0 0.436788 0.0721424 0.349937 0.144285 0.00612008
0 0.384414 0.809139 0.344411 0.175696 0.00611966
0 0.825705 0.790383 0.306989 0.204438 0.00611664
0 0.03748 0.773281 0.0749601 0.200447 0.00611582
0 0.0392402 0.560313 0.0784803 0.180167 0.00611468
0 0.565195 0.0816304 0.357041 0.163261 0.00611046
0 0.212018 0.812402 0.343563 0.168845 0.0061076
0 0.319977 0.727586 0.391034 0.29804 0.0061012
0 0.942136 0.509379 0.115728 0.21242 0.00609126
0 0.811258 0.911749 0.298786 0.176502 0.00608303
0 0.77565 0.08172 0.353269 0.16344 0.00607612
0 1 0.59183 0 0.177095 0.00607121
0 0.160621 0.0582514 0.304796 0.116503 0.00606614
0 0.193937 0.115489 0.344086 0.197114 0.00604531
0 0.289386 0.0725267 0.35806 0.145053 0.00604015
0 0.129464 0.0754541 0.258928 0.150908 0.00603711
0 0.293058 0.402462 0.351496 0.185349 0.00603441
0 0.370871 0.0719227 0.346625 0.143845 0.00602957
0 0.347215 0.280518 0.350001 0.201654 0.00602622
0 0.980264 0.498407 0.0394717 0.186463 0.0060169
0 0.639262 0.36405 0.370596 0.202576 0.0060157
0 0.999738 0.546481 0.00052366 0.177794 0.00601424
0 0.56253 0.0965335 0.348487 0.192187 0.00600939
0 0.413032 0.782157 0.11347 0.0709997 0.00600349
0 0.85861 0.672113 0.282779 0.199145 0.00599025
0 0.0312825 0.930055 0.062565 0.13989 0.00598564
0 0.549129 0.270587 0.350499 0.206131 0.00598332
0 0.342973 0.215229 0.342447 0.198097 0.00597396
0 0.150038 0.93911 0.300077 0.12178 0.00596345
0 0.205847 0.779425 0.353925 0.217976 0.0059559
0 0.564844 0.488129 0.362452 0.23875 0.00595463
0 0.416738 0.479501 0.331992 0.208595 0.00594878
0 0.88179 0.0814836 0.236419 0.162967 0.00594329
0 0.0852854 0.606458 0.170571 0.163437 0.00594051
0 0.0735867 0.413542 0.147173 0.225689 0.00593956
0 0.00586906 0.447561 0.0117381 0.300603 0.00592328
0 0.916368 0.762585 0.167264 0.218761 0.00589975
0 0 0.644241 0 0.268324 0.00589095
0 0.553156 0.357238 0.331747 0.192936 0.0058867
0 0.145707 0.20384 0.291413 0.172214 0.0058769
0 0.95368 0.561884 0.0926403 0.21201 0.00587582
0 0.700863 0.0969785 0.334422 0.193957 0.00587543
0 0.834261 0.107003 0.321202 0.214006 0.00585937
0 0.87208 0.885638 0.255839 0.228725 0.00585631
0 8.17459e-05 0.69842 0.000163492 0.270449 0.00584492
0 0.425071 0.533666 0.318773 0.21054 0.00584118
0 0.0963572 0.0691271 0.192714 0.138254 0.0058395
0 0.635202 0.911412 0.343311 0.177176 0.00583819
0 0.83928 0.210575 0.321439 0.230688 0.00583796
0 0.607252 0.795262 0.25015 0.193424 0.00583499
0 0.035619 0.694141 0.0712379 0.232669 0.00583405
0 0.122487 0.560728 0.244975 0.215736 0.00583053
0 0.62882 0.269959 0.365251 0.216441 0.00581709
0 0.508782 0.964167 0.338448 0.0716661 0.00580739
0 0.711444 0.27016 0.366116 0.223095 0.00580303
0 0 0.498457 0 0.267364 0.00580277
0 0.343106 0.408584 0.322758 0.180829 0.00580234
0 0.036592 0.409609 0.073184 0.223553 0.00580085
0 0.957963 0.607737 0.0840735 0.21207 0.0057954
0 0.471756 0.319903 0.315511 0.204706 0.0057848
0 0.276698 0.110976 0.346184 0.19581 0.00577944
0 0.428151 0.408007 0.312913 0.169182 0.00577687
0 0.146792 0.812499 0.293585 0.168168 0.00577194
0 0.197268 0.885331 0.338969 0.223502 0.0057651
0 0.77627 0.545743 0.369 0.415197 0.00575999
0 0.70772 0.966131 0.331227 0.0677376 0.00575111
0 0.412609 0.165047 0.338454 0.193779 0.00574893
0 0.779679 0.157339 0.355643 0.200153 0.00574654
0 0.199219 0.212176 0.332263 0.177013 0.00574575
0 0.623914 0.174912 0.343145 0.218293 0.00573638
0 0.924506 0.714838 0.150987 0.229971 0.00573154
0 0.142109 0.16322 0.284218 0.195321 0.00570255
0 0.898335 0.868581 0.203329 0.237769 0.00569641
0 0.553198 0.170054 0.35852 0.220384 0.00569513
0 0.474182 0.217289 0.340445 0.199081 0.00568735
0 0.48383 0.355219 0.307488 0.217065 0.00567742
0 0.481463 0.603537 0.328488 0.241208 0.00567027
0 0.943126 0.654675 0.113748 0.225474 0.0056633
0 0.412303 0.629092 0.332978 0.210817 0.00565768
0 0.114393 0.814324 0.228785 0.168845 0.00565477
0 0.503438 0.911044 0.329763 0.177912 0.00564132
0 0.0928898 0.771406 0.18578 0.210041 0.00563551
0 0.108138 0.960755 0.216276 0.0784908 0.00561882
0 0.779277 0.102512 0.348772 0.204327 0.00561055
0 0.233077 0.963153 0.289187 0.0736933 0.0056097
0 0.324963 0.535386 0.344875 0.213313 0.00557285
0 0.837792 0.0774978 0.324415 0.154996 0.00557235
0 0.0508003 0.0764733 0.101601 0.152947 0.00556922
0 0.746942 0.904607 0.322344 0.190785 0.00556786
0 0.349837 0.965601 0.333911 0.0687971 0.00555359
0 0.495037 0.407954 0.301238 0.166028 0.00554675
0 0 0.396035 0 0.263735 0.00553755
0 0.297198 0.942407 0.352893 0.115187 0.00553472
0 0.837916 0.154332 0.324168 0.193023 0.00552418
0 0.271963 0.216169 0.345364 0.192384 0.00552208
0 0.726332 0.302126 0.355535 0.20505 0.00551512
0 0.173422 0.680439 0.310053 0.302402 0.00549661
0 0.546302 0.885044 0.32919 0.229913 0.00548004
0 0.155096 0.779141 0.310191 0.207737 0.0054513
0 0.627367 0.966538 0.32978 0.0669241 0.00543252
0 0.472275 0.169374 0.343052 0.205514 0.00540445
0 0.670892 0.724472 0.260685 0.205776 0.00539709
0 0.1236 0.775266 0.247199 0.211836 0.00539477
0 0.862742 0.739727 0.274515 0.238095 0.00535124
0 0.621303 0.222478 0.351727 0.237127 0.00534116
0 0.547758 0.217593 0.352259 0.217614 0.00533592
0 0.782755 0.213525 0.351403 0.242297 0.00531796
0 0.570168 0.964813 0.337901 0.0703739 0.00531472
0 0.281372 0.91301 0.346507 0.17398 0.00531451
0 0.108047 0.691205 0.216094 0.259855 0.00530111
0 0.762555 0.621349 0.403664 0.321941 0.00529651
0 0.315722 0.602652 0.343542 0.22189 0.00529625
0 0.557875 0.410674 0.322977 0.172905 0.00529568
0 1 0.210892 0 0.219805 0.0052781
0 0.915047 0.964467 0.169906 0.0710668 0.00527473
0 0.481533 0.476209 0.332162 0.202711 0.00526662
0 0.0707306 0.478819 0.141461 0.206724 0.00526613
0 0.354652 0.910778 0.359123 0.178444 0.00523202
0 0.0346794 0.486468 0.0693588 0.225718 0.00519295
0 0.231302 0.94258 0.316082 0.11484 0.00518725
0 0.959723 0.906967 0.0805543 0.186067 0.00518072
0 0.432337 0.872259 0.387183 0.255482 0.00517333
0 0.693832 0.170944 0.344242 0.214214 0.00513731
0 0.912001 0.79878 0.175997 0.199431 0.00512806
0 0.794387 0.966444 0.335405 0.0671129 0.0051034
0 0.344628 0.162292 0.338617 0.207437 0.00509662
0 0.285836 0.964639 0.327315 0.0707211 0.00509296
0 0.87008 0.967929 0.259841 0.0641413 0.00508306
0 0.270741 0.164063 0.349266 0.210103 0.00504976
0 0.621529 0.672289 0.267875 0.198398 0.00504598
0 0.179631 0.601624 0.295496 0.165678 0.00503664
0 0 0.119482 0 0.238964 0.00503018
0 0.109453 0.734789 0.218906 0.243516 0.00502934
0 0.106375 0.927078 0.21275 0.145844 0.0050213
0 0.217798 0.728469 0.286022 0.376345 0.0049268
0 0.433751 0.908263 0.334509 0.183475 0.00490036
0 0.774334 0.683815 0.285108 0.187113 0.00489914
0 0 0.307011 0 0.26354 0.0048583
0 0.483721 0.649776 0.294541 0.178197 0.00485784
0 0.855507 0.00201313 0.288986 0.00402626 0.00485088
0 1 0.256374 0 0.210564 0.00482473
0 1 0.762287 0 0.159747 0.00481021
0 0.697989 0.220097 0.350608 0.249012 0.0048091
0 0.076876 0.570098 0.153752 0.198428 0.00479581
0 0.634732 0.308974 0.3563 0.198936 0.00478291
0 0.481479 0.756014 0.318121 0.24369 0.00476933
0 0.233898 0.606305 0.214569 0.152306 0.985114
0 0.750394 0.696256 0.215832 0.148067 0.983349
0 0.129875 0.0968437 0.259751 0.161309 0.26718
0 0.954484 0.051787 0.0910311 0.0977506 0.137779
0 0.143756 0.0664692 0.287513 0.100343 0.0986377
0 0.528823 0.362423 0.124316 0.10314 0.0883384
0 0.882794 0.117293 0.216528 0.102035 0.0857132
0 0.380111 0.152841 0.19562 0.0682734 0.0610699
0 0.368158 0.268931 0.155525 0.0890721 0.0512516
0 0.705825 0.515461 0.219697 0.239908 0.0400391
0 0.910135 0.104817 0.141061 0.0809442 0.0353626
0 0.67638 0.0788167 0.221891 0.118017 0.0247166
0 0.0836044 0.108645 0.167209 0.184656 0.0246487
0 0.343453 0.534699 0.0802977 0.0668511 0.0237899
0 0.378404 0.068949 0.178828 0.097735 0.0228871
0 0.108024 0.933244 0.216049 0.133512 0.0214607
0 0.231561 0.8133 0.256099 0.168027 0.0189836
0 0.0496746 0.381421 0.0993492 0.143762 0.0182439
0 1 0.973916 0 0.0521685 0.0160502
0 0.728164 0.492165 0.261776 0.203802 0.0153714
0 1 0.94464 0 0.110719 0.0151905
0 0.489497 0.210657 0.196768 0.0812442 0.0141882
0 0.0723582 0.375017 0.144716 0.129105 0.0131091
0 0.000610014 0.0725229 0.00122003 0.145046 0.0125572
0 0.711605 0.362355 0.246614 0.143637 0.0124132
0 0.362898 0.258625 0.129642 0.0844281 0.0119149
0 0.901518 0.3649 0.184773 0.0894435 0.0113893
0 0.874539 0.78498 0.236228 0.220033 0.0107833
0 0.0942048 0.351044 0.18841 0.103096 0.0107016
0 0.697726 0.225348 0.231331 0.110626 0.0101728
0 0.349154 0.155204 0.135245 0.0806206 0.0099197
0 1 0.45155 0 0.109798 0.00983268
0 1 0.316303 0 0.227408 0.00969793
0 0.657164 0.779371 0.112651 0.0860058 0.0096039
0 1 0.0248378 0 0.0496755 0.00947656
0 0.195886 0.185985 0.204461 0.137312 0.00929008
0 1 0.478481 0 0.107162 0.00834753
0 1 0.0845286 0 0.101429 0.00827992
0 0.0500408 0.548397 0.100082 0.194099 0.00821152
0 0.652861 0.386453 0.114916 0.091095 0.00814697
0 0.895496 0.443993 0.209008 0.0747153 0.00803871
0 0.371504 0.241232 0.109534 0.050154 0.0079892
0 0.358489 0.284523 0.169509 0.075706 0.00796039
0 1 0.953989 0 0.0920227 0.00787899
0 0.871578 0.105956 0.170452 0.0848908 0.00779217
0 0.953268 0.130785 0.0934635 0.0701839 0.00760673
0 0.680133 0.144279 0.224068 0.0548837 0.00740983
0 0.0505263 0.388098 0.0987618 0.0876459 0.00732523
0 0.623324 0.944738 0.25609 0.110524 0.00710207
0 0.260015 0.957188 0.283649 0.0856249 0.00707788
0 0.0660742 0.0558532 0.132148 0.0876084 0.00697068
0 0.682899 0.256484 0.197573 0.175493 0.00685414
0 1 0.111706 0 0.131017 0.00668507
0 0.397966 0.526385 0.193078 0.177081 0.00662311
0 0.755314 0.497334 0.319106 0.268478 0.00661275
0 0.954367 0.077316 0.0912657 0.146585 0.00639494
0 1 0.428385 0 0.114386 0.00633755
0 1 0.507549 0 0.114751 0.00632101
0 1 0.0890777 0 0.0711744 0.00630864
0 0.963141 0.0686191 0.0737172 0.104061 0.00628581
0 0.0591227 0.338695 0.118245 0.229798 0.00628211
0 0.997957 0.915082 0.00408638 0.169835 0.00628092
0 0.129319 0.888615 0.258638 0.22277 0.00621186
0 0.549026 0.962141 0.300492 0.0757176 0.00618289
0 0.00243707 0.0363745 0.00487414 0.072749 0.00616771
0 0.303247 0.95914 0.308236 0.0817201 0.00615181
0 0.392072 0.781733 0.0949491 0.0736193 0.00607632
0 0.0546595 0.112681 0.109319 0.214365 0.00607376
0 0.745842 0.737708 0.263129 0.276981 0.00601596
0 0.0785487 0.886619 0.157097 0.226763 0.00601118
0 0.811707 0.962855 0.296549 0.0742892 0.00600721
0 0.787919 0.145357 0.39526 0.183464 0.00597856
0 0.96016 0.0646944 0.07968 0.129389 0.005937
0 0.786599 0.468145 0.360031 0.222233 0.00593348
0 0.042822 0.344303 0.0856441 0.284398 0.00592788
0 0.0574696 0.302485 0.114939 0.210674 0.00590483
0 0.999951 0.0457178 9.72241e-05 0.0914356 0.00589262
0 0.126761 0.905793 0.253523 0.188414 0.00589107
0 0.126464 0.955219 0.252929 0.0895612 0.00588207
0 0.733159 0.38761 0.298888 0.254331 0.00587154
0 1 0.137189 0 0.130929 0.0058652
0 0.161419 0.342456 0.322838 0.220785 0.00586402
0 1.26847e-05 0.910584 2.53694e-05 0.178832 0.00584934
0 0.790657 0.399419 0.33182 0.187788 0.00579736
0 0.0986766 0.607156 0.197353 0.163301 0.00578326
0 0.093663 0.325479 0.187326 0.0855738 0.0057744
0 0.927195 0.644356 0.141342 0.108175 0.00575414
0 0.102707 0.343181 0.205414 0.216944 0.00574983
0 0.911757 0.936919 0.176486 0.126161 0.00574853
0 0.681735 0.251031 0.351279 0.191948 0.00574285
0 0.355006 0.082444 0.223812 0.12966 0.00571499
0 0.598868 0.961651 0.300753 0.0766979 0.00564725
0 0.873906 0.969337 0.252187 0.0613264 0.00563827
0 0.00158043 0.959888 0.00316086 0.0802231 0.00562729
0 0.15176 0.933805 0.121659 0.0883787 0.00562228
0 0.0603152 0.796699 0.12063 0.228289 0.00561453
0 0.980767 0.523508 0.0384651 0.31137 0.00556736
0 0.0553796 0.847227 0.110759 0.305547 0.00554461
0 0.060162 0.618075 0.120324 0.2326 0.00552723
0 1 0.160075 0 0.127489 0.00550475
0 1 0.0741938 0 0.0778838 0.00549738
0 0.82514 0.795613 0.274061 0.20113 0.00549349
0 0.0550758 0.552657 0.110152 0.201649 0.00549097
0 0.707216 0.304884 0.246603 0.140534 0.00548576
0 0.374812 0.960912 0.308308 0.0781752 0.00548016
0 0.163162 0.922283 0.319021 0.155434 0.00547976
0 0.0542099 0.519833 0.10842 0.245271 0.0054642
0 1 0.1105 0 0.0719289 0.00543872
0 0.0665798 0.379447 0.13316 0.24108 0.00543736
0 0.879065 0.398823 0.241869 0.185825 0.00543721
0 0.771255 0.77688 0.25584 0.272561 0.00543509
0 0.447957 0.401311 0.300626 0.181639 0.00543147
0 0.449561 0.962227 0.273811 0.0755463 0.00542565
0 0.629286 0.736132 0.388211 0.280379 0.00541234
0 0.664494 0.207796 0.332489 0.229274 0.00540703
0 0.80961 0.880835 0.324557 0.170415 0.00540631
0 0.43449 0.257478 0.256154 0.109637 0.0054028
0 0.723751 0.962609 0.271297 0.0747811 0.00538035
0 0.847489 0.0849178 0.298093 0.169836 0.00538029
0 0.977408 0.893343 0.0451845 0.213314 0.00536696
0 0.04867 0.96029 0.0973401 0.0794208 0.00536681
0 0.950262 0.0385005 0.0994762 0.0712994 0.00532344
0 0.427988 0.909456 0.297932 0.181088 0.00531819
0 0.365913 0.909524 0.329616 0.180951 0.00531702
0 0.717166 0.328514 0.289789 0.232951 0.00530454
0 0.22774 0.340553 0.332492 0.218613 0.00529578
0 0.0461072 0.463501 0.0922145 0.342831 0.0052869
0 0.645192 0.962525 0.295026 0.0749493 0.00526784
0 0.437441 0.312223 0.314294 0.201805 0.00525785
0 0.432252 0.816963 0.310447 0.161927 0.00524453
0 0.171008 0.955686 0.267689 0.0886271 0.00524062
0 0.0467008 0.398062 0.0934015 0.312591 0.00522157
0 0.790196 0.568696 0.363171 0.218011 0.00521558
0 0.764177 0.668768 0.268471 0.209629 0.00520457
0 0.695792 0.291498 0.314388 0.230493 0.00520437
0 0.118256 0.139955 0.236512 0.205477 0.00519332
0 0.0663755 0.729743 0.132751 0.28028 0.00518973
0 0.504238 0.328182 0.250671 0.193333 0.00518646
0 0.996071 0.0724016 0.00785868 0.144803 0.00517618
0 0.0853994 0.774453 0.170799 0.213822 0.00516342
0 0.248699 0.923043 0.312946 0.153914 0.00512603
0 0.603514 0.0955634 0.28653 0.177609 0.00512539
0 0.180418 0.396402 0.31904 0.231394 0.00512296
0 0.0601884 0.713804 0.120377 0.354987 0.00511944
0 0.180319 0.467618 0.304933 0.1901 0.00510847
0 0.85213 0.506556 0.295739 0.216105 0.00510325
0 0.102121 0.662701 0.204243 0.208911 0.00509859
0 0.18839 0.61988 0.289105 0.192348 0.00509741
0 0.489828 0.260542 0.309327 0.179299 0.00507647
0 0.99219 0.574363 0.0156209 0.328485 0.00507079
0 0.0515248 0.780778 0.10305 0.185585 0.00504024
0 0.916782 0.342385 0.166437 0.234049 0.00503651
0 0.841973 0.444036 0.316053 0.191427 0.00503253
0 0.0522617 0.616979 0.104523 0.343887 0.0050325
0 0.373861 0.112311 0.211514 0.187329 0.00502628
0 0.444115 0.728845 0.305193 0.221657 0.00501162
0 0.0987349 0.736253 0.19747 0.242563 0.00499747
0 9.17553e-05 0.389755 0.000183511 0.25834 0.00499666
0 0.117142 0.388225 0.234283 0.235612 0.00498918
0 0.0440448 0.562093 0.0880895 0.326565 0.00498748
0 0.879811 0.444942 0.240378 0.211772 0.00497916
0 0.69746 0.0952261 0.265055 0.152691 0.00495652
0 0.730755 0.0785836 0.339621 0.157167 0.00494786
0 0.0618168 0.668202 0.123634 0.253301 0.00494274
0 0.998795 0.213814 0.0024094 0.0704201 0.00493015
0 0.93839 0.0971209 0.116316 0.131716 0.00492788
0 0.0483264 0.227598 0.0966527 0.209069 0.00492754
0 0.663085 0.908284 0.329273 0.181322 0.00492745
0 0.436111 0.260936 0.302791 0.187939 0.00492631
0 0.304694 0.92017 0.349567 0.159661 0.00492308
0 0.0869033 0.810443 0.173807 0.170588 0.00492087
0 0.392406 0.574637 0.10832 0.0858362 0.00491446
0 0.999359 0.188258 0.00128147 0.0713919 0.00490433
0 0.00202996 0.44632 0.00405992 0.266646 0.00489971
0 0.5785 0.908027 0.327582 0.183945 0.00489924
0 0.927673 0.110113 0.124788 0.0873472 0.0048934
0 0.0932988 0.311778 0.186598 0.187902 0.004887
0 0.0606939 0.904698 0.121388 0.190603 0.00488378
0 0.0319529 0.198461 0.0639057 0.321163 0.00488051
0 0.197331 0.908046 0.265804 0.183907 0.00487685
0 0.562043 0.212178 0.343545 0.222542 0.00487192
0 0.401364 0.683199 0.383647 0.283931 0.00486966
0 0.99868 0.830782 0.00263937 0.338437 0.00486362
0 0.645869 0.164843 0.357574 0.236825 0.0048562
0 0.0608244 0.471599 0.121649 0.264158 0.00484635
0 0 0.344386 0 0.256478 0.00484459
0 0.0979924 0.478438 0.195985 0.233459 0.00483087
0 0.64731 0.930476 0.309093 0.139049 0.00481076
0 0.909857 0.39016 0.180285 0.242733 0.00480471
0 0.275636 0.544963 0.328322 0.235867 0.00479819
0 0.441783 0.766217 0.30374 0.19146 0.00479752
0 0.476333 0.906975 0.28283 0.18605 0.00479226
0 0.00203164 0.499408 0.00406328 0.282261 0.00478982
0 0.242346 0.402163 0.320189 0.224793 0.00478063
0 0.70364 0.069169 0.257345 0.102044 0.00477944
0 0.23647 0.470288 0.301229 0.182444 0.00477839
0 0.024327 0.145545 0.0486541 0.291089 0.00477743
0 0.381759 0.0725855 0.308014 0.145171 0.00477186
0 0.179247 0.808545 0.208914 0.169056 0.00476703
0 0.509269 0.100742 0.301004 0.172265 0.00474025
0 0.497074 0.143565 0.134204 0.0667202 0.00473589
0 0.0692138 0.485554 0.138428 0.191544 0.00473188
0 0.716858 0.163716 0.366376 0.228841 0.00472737
0 0.00331301 0.552662 0.00662603 0.29475 0.004714
0 0.184866 0.456714 0.176088 0.176181 0.00471056
0 0.818885 0.911747 0.284786 0.176505 0.0047049
0 0.998758 0.23762 0.00248381 0.0691903 0.00470255
0 0.617868 0.397476 0.368523 0.185466 0.00468888
0 0.00446201 0.606082 0.00892401 0.306148 0.00468016
0 0.982879 0.9702 0.0342413 0.0595997 0.00467931
0 0.486115 0.216926 0.313693 0.213197 0.00467726
0 0.614108 0.800028 0.312371 0.193609 0.00467488
0 0.695743 0.267143 0.224441 0.108894 0.00466993
0 0.495377 0.402771 0.278522 0.166858 0.00466765
0 0.881822 0.626199 0.236355 0.354493 0.00465937
0 0.00614622 0.760256 0.0122924 0.331649 0.00464938
0 0.946672 0.296565 0.106655 0.235066 0.00464375
0 0.912373 0.382949 0.169397 0.0981696 0.00462633
0 0.833681 0.566122 0.332638 0.191363 0.00462353
0 0.409847 0.332198 0.315493 0.196396 0.00461879
0 0.127742 0.312483 0.255484 0.177788 0.0046185
0 0.926308 0.845205 0.147384 0.309591 0.00461411
0 0.307941 0.310986 0.363749 0.180286 0.00461249
0 0.567495 0.304322 0.361506 0.221973 0.00461084
0 0.892911 0.579589 0.214179 0.298057 0.00459214
0 0.990187 0.0946292 0.0196256 0.189258 0.00458784
0 0.0112679 0.109625 0.0225358 0.219251 0.00457078
0 0.9213 0.461335 0.157401 0.282932 0.00456808
0 0.146065 0.0687271 0.292131 0.137454 0.00456436
0 0.199473 0.774534 0.29098 0.227179 0.00456424
0 0.665498 0.774113 0.132015 0.15696 0.00455771
0 0.956591 0.250446 0.0868187 0.242787 0.00453138
0 0.816407 0.0765918 0.319305 0.153184 0.00452654
0 0.530345 0.931885 0.344028 0.136231 0.0045126
0 0.990971 0.137948 0.0180578 0.212599 0.00450682
0 0.927277 0.968792 0.145446 0.0624155 0.00450514
0 0.999187 0.618483 0.00162553 0.360141 0.00448598
0 0.871422 0.932818 0.257155 0.134365 0.00448496
0 0.216419 0.716364 0.278839 0.318802 0.00447053
0 0.988148 0.32942 0.0237035 0.23871 0.0044649
0 0.0112342 0.864056 0.0224683 0.271888 0.00446253
0 0.991557 0.198355 0.0168861 0.223074 0.00445785
0 0.091258 0.238912 0.182516 0.153404 0.00445724
0 0.259015 0.110659 0.235212 0.181815 0.00445512
0 0 0.0935957 0 0.187191 0.00445329
0 0.6761 0.07821 0.287945 0.15642 0.00445116
0 0.447879 0.629801 0.30274 0.21675 0.00444684
0 1 0.137911 0 0.0765904 0.00444376
0 0.493786 0.748526 0.107075 0.081617 0.00444296
0 0.15729 0.311049 0.31458 0.173873 0.0044409
0 0.726484 0.912371 0.250791 0.175258 0.00443364
0 0.96489 0.0743389 0.0702196 0.148678 0.00442691
0 0.388117 0.0877253 0.296098 0.175451 0.00441064
0 0.488531 0.362867 0.207278 0.106559 0.00440506
0 0.999271 0.262905 0.00145742 0.0740163 0.0043983
0 0.837896 0.765593 0.31438 0.215797 0.00439543
0 0.740278 0.894466 0.328725 0.161351 0.00438869
0 0.756117 0.623185 0.317173 0.305758 0.00437765
0 0.938455 0.0873643 0.123091 0.174729 0.00437567
0 0.32535 0.0718356 0.289072 0.143671 0.00436396
0 0.119821 0.0638359 0.239642 0.127672 0.00435707
0 0.892213 0.519614 0.215575 0.259897 0.00435249
0 0.993563 0.466655 0.0128733 0.300887 0.004347
0 0.613833 0.330909 0.297761 0.200701 0.00434161
0 0.48125 0.13905 0.1071 0.0707815 0.00433292
0 0.521987 0.909148 0.230635 0.181704 0.00433026
0 0.849612 0.403022 0.300776 0.175714 0.00432765
0 0.881634 0.935232 0.236731 0.129535 0.00432019
0 0.315619 0.400754 0.370714 0.203347 0.00430438
0 0.746104 0.212318 0.223238 0.0889008 0.00429659
0 0.990894 0.279761 0.0182125 0.224154 0.0042964
0 0.704327 0.931209 0.281508 0.137582 0.00428403
0 0.999443 0.769559 0.00111376 0.452112 0.00428052
0 0.991222 0.40086 0.017556 0.28318 0.00427325
0 0.443496 0.529618 0.104192 0.0829298 0.00427153
0 0 0.295262 0 0.251482 0.00426057
0 0.0797262 0.536189 0.159452 0.2268 0.00425542
0 0.532535 0.825936 0.129765 0.130569 0.0042551
0 0.867681 0.357068 0.253751 0.0887805 0.00424945
0 0.400721 0.608656 0.360103 0.191833 0.00424661
0 0.635077 0.670972 0.285495 0.208283 0.00423895
0 0.434438 0.52099 0.288382 0.206237 0.00423461
0 0.0459119 0.262845 0.0918237 0.219466 0.00422865
0 0.859961 0.882384 0.269602 0.202041 0.00422858
0 0.871232 0.722283 0.257535 0.376441 0.00421408
0 0.407466 0.558578 0.322438 0.198136 0.00421188
0 0.473735 0.677948 0.26835 0.197923 0.00421009
0 0.946307 0.0757157 0.107385 0.151431 0.00420915
0 1 0.292441 0 0.199133 0.00419256
0 0.308397 0.474896 0.360516 0.199419 0.00419158
0 0.456706 0.250495 0.257556 0.133556 0.00418367
0 0.762238 0.311221 0.343358 0.186127 0.00418041
0 0.561334 0.165185 0.35253 0.240184 0.00417545
0 0.958789 0.809883 0.082423 0.380234 0.00416599
0 0.818321 0.66056 0.35091 0.166702 0.00415887
0 0.914069 0.209361 0.171861 0.274633 0.00414771
0 0.0884027 0.562561 0.176805 0.199323 0.00414758
0 0.896431 0.355512 0.153433 0.0967599 0.00413555
0 1 0.53636 0 0.119286 0.00411818
0 0.429692 0.481888 0.300843 0.22429 0.00411668
0 0.746078 0.695352 0.218083 0.153071 0.961038
0 0.231485 0.60658 0.213863 0.150621 0.938348
0 0.863852 0.37765 0.272296 0.255415 0.288766
0 0.870761 0.161432 0.258478 0.264674 0.140079
0 0.85368 0.183584 0.292641 0.286627 0.125523
0 0.745853 0.50774 0.32168 0.273261 0.0353067
0 0.884973 0.361666 0.230053 0.226746 0.0270899
0 0.994283 0.119361 0.0114334 0.238722 0.0184735
0 0.870486 0.536064 0.249151 0.218839 0.0179553
0 0.994573 0.895387 0.0108537 0.209226 0.0177106
0 0.865716 0.909258 0.268569 0.181484 0.0154312
0 0.848999 0.184458 0.302002 0.228309 0.0131542
0 0.60759 0.930795 0.334737 0.138411 0.0129948
0 0.506795 0.362019 0.165089 0.106315 0.0119291
0 0.98738 0.0736452 0.0252391 0.14729 0.00941492
0 0.991008 0.164383 0.017984 0.328766 0.0089915
0 0.439222 0.887637 0.31478 0.200619 0.00838303
0 0.363271 0.147756 0.394689 0.260986 0.00835455
0 0.78039 0.354015 0.382288 0.260099 0.00758389
0 0.714944 0.31319 0.301606 0.284771 0.00735777
0 0.818951 0.386232 0.334172 0.274468 0.00733232
0 0.96576 0.195829 0.0684793 0.391659 0.00698176
0 0.751243 0.0731521 0.351705 0.146304 0.00670621
0 0.930754 0.726167 0.138492 0.20015 0.0065318
0 0.908901 0.24965 0.182198 0.416803 0.00640982
0 0.833357 0.312514 0.333287 0.35033 0.00627407
0 0.637353 0.168042 0.423346 0.286244 0.00612643
0 1 0.0275349 0 0.0550697 0.00602466
0 0.821062 0.441473 0.357876 0.331085 0.00588962
0 0.736069 0.156892 0.479571 0.3091 0.00577852
0 0.848692 0.936391 0.302617 0.127219 0.00567416
0 0.548752 0.214072 0.332218 0.298116 0.00559277
0 0.776953 0.0379946 0.274429 0.0759893 0.00557039
0 0.44791 0.211288 0.453367 0.34148 0.00537864
0 0.707208 0.518299 0.240577 0.247276 0.00530229
0 0.879791 0.346009 0.240418 0.403847 0.00527375
0 0.85098 0.132346 0.29804 0.264691 0.0051705
0 0.127065 0.503371 0.25413 0.66033 0.00496233
0 0.919132 0.0652761 0.161736 0.130552 0.0049296
0 0.405297 0.325406 0.343884 0.287334 0.00490003
0 0.727882 0.412048 0.329729 0.347429 0.00481276
0 0.138375 0.65129 0.276751 0.676756 0.00469721
0 0.0206047 0.0871152 0.0412093 0.17423 0.00463331
0 0.112624 0.353114 0.225247 0.606489 0.00453227
0 0.607136 0.207032 0.440084 0.359585 0.00448103
0 0.613376 0.290093 0.473664 0.345476 0.00445645
0 0.293179 0.932705 0.344193 0.134591 0.00442811
0 0.989421 0.976248 0.0211571 0.0475042 0.00442698
0 0.859292 0.455055 0.281415 0.435429 0.00441643
0 0.364484 0.301797 0.422899 0.354559 0.00440871
0 0.0814943 0.977947 0.162989 0.0441058 0.00439497
0 0.917652 0.848197 0.164696 0.303607 0.00437095
0 0.334766 0.120416 0.313703 0.240493 0.00436421
0 0.55183 0.936981 0.346235 0.126038 0.00433531
0 0.337129 0.977214 0.309885 0.0455721 0.00432132
0 0.654626 0.331226 0.351256 0.303049 0.00431689
0 0.392666 0.257661 0.422472 0.37101 0.00430772
0 0.799527 0.506135 0.372422 0.311189 0.00424256
0 0.996845 0.0854453 0.00631093 0.170891 0.00423634
0 0.750928 0.797606 0.347641 0.404787 0.00422549
0 0.760752 0.304985 0.478496 0.352424 0.00416474
0 0.783133 0.55683 0.350598 0.275086 0.00416184
0 0.107857 0.976329 0.215714 0.0473416 0.00415979
0 0.839161 0.977955 0.305415 0.0440908 0.00414252
0 0.815923 0.244352 0.368155 0.375542 0.00412239
0 0.880959 0.0655311 0.238082 0.131062 0.00411658
0 0.946868 0.978913 0.106265 0.0421745 0.00411293
0 0.993498 0.255925 0.0130049 0.378942 0.00411122
0 0.330045 0.202837 0.35078 0.358589 0.00410602
0 0.506816 0.726835 0.333942 0.247632 0.00409495
0 0.385824 0.900374 0.384967 0.199251 0.00409383
0 0.756834 0.455637 0.365613 0.358323 0.00408572
0 0.488789 0.35691 0.203272 0.12387 0.00408076
0 0.873936 0.977587 0.252127 0.0448266 0.0040165
0 0.542224 0.812315 0.471299 0.375369 0.0039666
0 0.652569 0.457539 0.43454 0.356198 0.00396608
0 0.706678 0.755227 0.297866 0.354858 0.00395493
0 0.0247199 0.976203 0.0494398 0.0475945 0.00394574
0 0.648358 0.405503 0.38168 0.357767 0.00394499
0 0.615703 0.978278 0.298532 0.0434446 0.00393373
0 0.230421 0.76357 0.335869 0.358224 0.0039161
0 0.502058 0.637477 0.293442 0.222267 0.00389638
0 0.446754 0.662613 0.358192 0.282927 0.00389046
0 0.448217 0.706602 0.443015 0.359065 0.00388892
0 0.906298 0.888628 0.187404 0.222745 0.00388557
0 0.135549 0.929133 0.254766 0.141735 0.0038674
0 0.79826 0.820201 0.40348 0.359599 0.00385747
0 0.521713 0.308837 0.399566 0.286281 0.00385656
0 0.707183 0.812952 0.498739 0.374096 0.00385598
0 0.194278 0.705404 0.311826 0.390247 0.00383047
0 0.236927 0.406502 0.307184 0.241868 0.00381541
0 0.530318 0.166295 0.49366 0.322728 0.0037941
0 0.906425 0.504929 0.18715 0.398782 0.00377827
0 0.356611 0.450393 0.331764 0.305142 0.00375214
0 0.262463 0.977941 0.29869 0.0441185 0.00374971
0 0.922705 0.0921231 0.154591 0.184246 0.0037482
0 0.0501122 0.578027 0.100224 0.64708 0.00374733
0 0.869424 0.786899 0.261151 0.426201 0.0037473
0 0.553166 0.518882 0.426043 0.296002 0.00372253
0 0.283352 0.72067 0.348627 0.374976 0.00372234
0 0.824205 0.57161 0.35159 0.298263 0.00371548
0 0.442836 0.739906 0.552468 0.437293 0.003694
0 0.184585 0.748271 0.36917 0.382967 0.00369253
0 0.945932 0.410336 0.108136 0.404706 0.00369175
0 0.700593 0.978956 0.324317 0.0420889 0.0036815
0 0.188473 0.61567 0.327502 0.163482 0.00367687
0 0.0509102 0.701463 0.10182 0.597075 0.00367677
0 0.139107 0.727443 0.278213 0.545114 0.00367576
0 0.740796 0.708269 0.24956 0.202906 0.00367086
0 0.554174 0.978693 0.305606 0.0426148 0.00366906
0 0.68242 0.789429 0.357542 0.421142 0.00366251
0 0.415041 0.978079 0.289584 0.0438417 0.00365043
0 0.848794 0.558634 0.302413 0.447 0.0036465
0 0.98049 0.3595 0.0390198 0.393362 0.00364471
0 0.276238 0.44785 0.419657 0.339595 0.00363357
0 0.664251 0.0662474 0.292029 0.132495 0.00362384
0 1 0.059205 0 0.11841 0.00361793
0 0.458683 0.527981 0.414585 0.290412 0.00361701
0 0.405082 0.454289 0.372484 0.346545 0.00361435
0 0.435184 0.599751 0.362219 0.243331 0.00361293
0 0.379704 0.649706 0.467938 0.29018 0.00360833
0 0.0845222 0.906667 0.169044 0.186666 0.00360673
0 0.0875702 0.255044 0.17514 0.510089 0.00360437
0 0.521758 0.593298 0.350701 0.23308 0.0036037
0 0.205591 0.595665 0.274791 0.17469 0.00360257
0 0.532449 0.255215 0.443006 0.357379 0.00359764
0 0.638338 0.840074 0.477873 0.319852 0.0035942
0 0.456532 0.454298 0.440831 0.386803 0.00359304
0 0.387234 0.388154 0.311668 0.300763 0.00358933
0 0.539483 0.420677 0.460838 0.336771 0.00358728
0 0.873029 0.596314 0.253942 0.382955 0.00357352
0 0.522296 0.870661 0.428622 0.258678 0.00355602
0 0.484325 0.0545074 0.331921 0.109015 0.00355131
0 0.317483 0.246768 0.496809 0.410484 0.00354999
0 0.996206 0.505854 0.00758848 0.353878 0.00354288
0 0.229898 0.209402 0.459797 0.384766 0.00352868
0 0.971445 0.76103 0.0571107 0.3837 0.00352172
0 0.263535 0.294748 0.527071 0.390551 0.0035191
0 0.962344 0.703846 0.075312 0.366302 0.00351886
0 0.681805 0.509335 0.350967 0.27873 0.00351706
0 0.670733 0.250862 0.554025 0.399999 0.00351097
0 0.256971 0.347522 0.494622 0.365596 0.00349971
0 0.339512 0.743925 0.516177 0.43327 0.00349669
0 0.849793 0.711807 0.300414 0.461337 0.00349063
0 0.461811 0.0765894 0.372834 0.153179 0.00348613
0 0.233561 0.78155 0.391475 0.4369 0.00348586
0 0.988603 0.808792 0.0227943 0.382415 0.00347812
0 0.163727 0.708234 0.327454 0.435466 0.00346347
0 0.215798 0.931233 0.287991 0.137535 0.00346155
0 0.0483312 0.424735 0.0966624 0.621526 0.00344219
0 0.450341 0.843914 0.483089 0.312171 0.00343005
0 0.818626 0.66521 0.356711 0.221159 0.00341082
0 0.230136 0.438213 0.460273 0.430078 0.00340466
0 0.993304 0.590312 0.013391 0.326999 0.00339226
0 0.979685 0.642963 0.0406305 0.337728 0.00338566
0 0.811572 0.0782943 0.376856 0.156589 0.00338302
0 0.44482 0.935384 0.233084 0.129231 0.00337499
0 0.705578 0.665382 0.277066 0.215105 0.00336957
0 0.350732 0.588198 0.377331 0.203477 0.00336611
0 0.873543 0.211182 0.252914 0.36382 0.00336488
0 0.0529197 0.771137 0.105839 0.457726 0.00336374
0 0.81384 0.859694 0.339831 0.280613 0.00336161
0 1 0.925972 0 0.148055 0.00335464
0 0.755784 0.656419 0.297892 0.238843 0.00334926
0 0.444132 0.130595 0.387676 0.256254 0.00334245
0 0.206625 0.833102 0.408763 0.333797 0.00334088
0 0.997076 0.308147 0.00584884 0.341963 0.00334025
0 0.725729 0.0641622 0.265411 0.128324 0.00332523
0 0.272466 0.559095 0.320468 0.229911 0.00332126
0 0.93485 0.0503938 0.130301 0.100788 0.00331364
0 0.996016 0.40546 0.00796738 0.349371 0.00331011
0 0.0555309 0.88228 0.111062 0.235439 0.00330632
0 0.963741 0.142248 0.0725173 0.284495 0.00329921
0 0.0900538 0.923363 0.180108 0.153274 0.00329261
0 0.163668 0.350586 0.327336 0.420078 0.00328421
0 0.179209 0.403308 0.358419 0.443657 0.00327922
0 0.15487 0.303434 0.309741 0.406019 0.00327373
0 0.997314 0.208667 0.00537163 0.3379 0.00326308
0 0.223147 0.744237 0.446294 0.511526 0.00325486
0 0.183129 0.276255 0.366259 0.447915 0.00325115
0 0.351859 0.0756923 0.314715 0.151385 0.00324547
0 0.226999 0.742796 0.254995 0.373484 0.00324517
0 0.201412 0.978122 0.312269 0.0437554 0.00323108
0 0.489143 0.979173 0.301955 0.041654 0.00322565
0 0.189486 0.249908 0.378971 0.4127 0.00322399
0 0.857841 0.783173 0.284318 0.433653 0.00320814
0 0.825923 0.769612 0.346792 0.319287 0.00320457
0 0.301927 0.0726768 0.297576 0.145354 0.00316818
0 0.0318138 0.231362 0.0636276 0.462724 0.00316003
0 0.178762 0.135739 0.357523 0.271478 0.00315939
0 0.371466 0.933299 0.266623 0.133402 0.00315625
0 0.0322023 0.908991 0.0644047 0.182019 0.00314705
0 0.760945 0.928535 0.255036 0.142931 0.00314387
0 0.0281074 0.103363 0.0562147 0.206725 0.00314319
0 0.398916 0.483477 0.33343 0.173556 0.00312859
0 0.263443 0.911728 0.361527 0.176543 0.00312267
0 0.902121 0.91895 0.195758 0.162099 0.00310557
0 0.132952 0.0783986 0.265905 0.156797 0.00308982
0 0.138225 0.114652 0.27645 0.229305 0.00308857
0 0.765413 0.759337 0.270265 0.288083 0.00308724
0 0.799789 0.0639722 0.265605 0.127944 0.00308652
0 0.693924 0.144801 0.365718 0.239048 0.00307966
0 0.13253 0.976124 0.265061 0.0477515 0.00306742
0 0.887646 0.159417 0.224707 0.318834 0.00306721
0 0.820752 0.707101 0.356821 0.203493 0.00306146
0 0.228428 0.671197 0.456857 0.524895 0.00305944
0 0.484403 0.905476 0.286872 0.189047 0.00305335
0 0.643111 0.862855 0.370655 0.27429 0.0030507
0 0.0177539 0.153578 0.0355077 0.307156 0.00305012
0 0.963111 0.066484 0.0737777 0.132968 0.00304417
0 0.264899 0.637654 0.284629 0.198078 0.00303298
0 0.335938 0.815207 0.52718 0.369585 0.00302888
0 0.178077 0.845982 0.356154 0.308035 0.00302794
0 0.181812 0.780928 0.363624 0.438144 0.00301623
0 0.56137 0.884772 0.3306 0.230456 0.00300879
0 0.997589 0.129823 0.00482191 0.259647 0.00300727
0 0.162162 0.215847 0.324324 0.431695 0.00299571
0 0.861205 0.266779 0.27759 0.417713 0.00299031
0 0.700286 0.558593 0.290709 0.218188 0.00298546
0 0.199852 0.566128 0.291718 0.24108 0.00297684
0 0.544951 0.0195309 0.199642 0.0390618 0.00296497
0 0.72666 0.875207 0.288674 0.205947 0.00293909
0 0.342377 0.889753 0.368413 0.220494 0.00293099
0 0.0426269 0.149952 0.0852539 0.299903 0.00292033
0 0.549006 0.965064 0.351497 0.0698727 0.0029175
0 0.210463 0.888738 0.311943 0.222523 0.00291669
0 0 0.975582 0 0.048836 0.00291331
0 0.0644742 0.207713 0.128948 0.415425 0.00291306
0 0.155225 0.642943 0.31045 0.363488 0.00291118
0 0 0.898698 0 0.202605 0.00289994
0 0.394487 0.529131 0.39875 0.257688 0.00289859
0 0.143022 0.903032 0.281106 0.193937 0.00288585
0 0.424321 0.906462 0.294633 0.187075 0.0028852
0 0.578035 0.0668852 0.284506 0.13377 0.00287961
0 0.177644 0.0626716 0.355287 0.125343 0.00286592
0 0.265144 0.599322 0.278844 0.159416 0.00286453
0 0.0891332 0.198451 0.178266 0.396902 0.00285007
0 0.230921 0.557519 0.461842 0.515789 0.00284332
0 0.210208 0.392636 0.420415 0.457565 0.00282611
0 0.9184 0.747334 0.1632 0.221958 0.00281183
0 0.160737 0.803573 0.321475 0.392855 0.00280082
0 0.146107 0.176367 0.292214 0.352735 0.00276981
0 0.175529 0.815653 0.351058 0.368694 0.00276371
0 0 0.0692457 0 0.138491 0.00275231
0 0.832845 0.697046 0.33431 0.494342 0.00274256
0 0.994055 0.873676 0.0118898 0.252647 0.00273585
0 0.832578 0.033562 0.305711 0.067124 0.00268076
0 0.162618 0.203088 0.325235 0.406176 0.00267583
0 0.149692 0.599987 0.299383 0.359412 0.00266703
0 0.276638 0.955703 0.325831 0.0885943 0.00263061
0 0.878499 0.757282 0.243002 0.265443 0.00262431
0 0.19142 0.489118 0.382839 0.42904 0.00260342
0 0.519047 0.0254973 0.253374 0.0509945 0.00257885
0 0.795849 0.112029 0.408302 0.224057 0.00256612
0 0.527189 0.0405694 0.24459 0.0811389 0.00252887
0 0.195874 0.526067 0.391749 0.31078 0.00244274
0 0.8756 0.422147 0.248801 0.322528 0.00243021
0 0.83243 0.760872 0.335141 0.478255 0.0024161
0 0.219129 0.0271244 0.253973 0.0542488 0.00240227
0 0.204149 0.436305 0.408299 0.470562 0.00238192
0 0.880156 0.880215 0.239687 0.23957 0.0023795
0 0.116049 0.145179 0.232098 0.290359 0.00235696
0 0.132902 0.907174 0.265804 0.185652 0.00233494
0 0.245995 0.0192913 0.232025 0.0385826 0.0022543
0 0.86744 0.0455113 0.26512 0.0910225 0.0022444
0 1 0.24551 0 0.231397 0.00218241
0 1 0.196986 0 0.234332 0.00216933
0 0.492813 0.626452 0.20483 0.193781 0.00215596
0 0.236221 0.0492302 0.391989 0.0984603 0.00213025
0 1 0.91205 0 0.175899 0.00212094
0 0.294903 0.427048 0.144689 0.0913572 0.00211642
0 1 0.146227 0 0.234065 0.00210171
0 0.742954 0.0533355 0.315147 0.106671 0.00209829
0 0.628825 0.895812 0.348102 0.208376 0.00209351
0 0.48376 0.237237 0.284503 0.329736 0.00208525
0 0.430243 0.096301 0.402128 0.192602 0.00208276
0 0.247944 0.83729 0.331273 0.281909 0.00207967
0 0.270888 0.863275 0.494745 0.273449 0.00207492
0 0.460653 0.104662 0.425237 0.209323 0.00206718
0 1 0.295272 0 0.231068 0.00205207
0 0.00167239 0.122151 0.00334478 0.244303 0.00204508
0 0.301197 0.507774 0.257717 0.0986593 0.00203586
0 0.469165 0.309851 0.245366 0.219538 0.00203164
0 0.303389 0.0200509 0.279414 0.0401019 0.00201997
0 1 0.865599 0 0.244387 0.00199945
0 0.258614 0.615547 0.225755 0.133111 0.00199241
0 0.519037 0.334052 0.261361 0.185253 0.00199112
0 0.727616 0.0947629 0.336421 0.189526 0.00198909
0 0.0878989 0.603729 0.175798 0.195258 0.00197295
0 0.837226 0.901071 0.325547 0.197858 0.00197085
0 1 0.718453 0 0.229329 0.00194981
0 1 0.767638 0 0.233107 0.00194971
0 0.11475 0.110761 0.229501 0.221522 0.00194902
0 0.252497 0.369367 0.294998 0.207918 0.0019311
0 0.227206 0.316285 0.356987 0.32518 0.00192635
0 0.126625 0.844249 0.253251 0.311501 0.00192497
0 0.458109 0.287331 0.391014 0.280666 0.00191718
0 1 0.816414 0 0.236079 0.00189851
0 0.10166 0.0841506 0.20332 0.168301 0.00189442
0 0.361862 0.498242 0.242621 0.134776 0.00189163
0 0.749119 0.695359 0.22021 0.153932 0.971339
0 0.233811 0.606633 0.219474 0.156052 0.920718
0 0.999882 0.0715778 0.000236309 0.143156 0.027033
0 1 0.0369611 0 0.0739221 0.0200276
0 0.000882512 0.0726963 0.00176502 0.145393 0.0133178
0 0.894873 0.087088 0.196299 0.165909 0.0128081
0 0.999826 0.112343 0.000348251 0.224686 0.0102183
0 1 0.0247336 0 0.0494672 0.00917204
0 0.000726835 0.112547 0.00145367 0.225095 0.00635762
0 0.986556 0.863066 0.0268871 0.273867 0.00523949
0 0.988694 0.086218 0.0226124 0.172436 0.00501093
0 0.689306 0.751019 0.44657 0.448501 0.00485438
0 0.112135 0.966513 0.22427 0.0669741 0.00485132
0 0.523015 0.761009 0.729989 0.477982 0.00485023
0 0.973339 0.168335 0.0533223 0.336669 0.00470744
0 0.201912 0.612555 0.310619 0.174368 0.00469242
0 0.934774 0.828817 0.130451 0.342365 0.00450281
0 0.080513 0.967094 0.161026 0.0658115 0.00447219
0 0.556052 0.869217 0.685808 0.261565 0.00433279
0 0.156755 0.968351 0.31351 0.0632973 0.00427137
0 0.676028 0.96736 0.300094 0.0652803 0.00424617
0 0.998428 0.895588 0.00314493 0.208825 0.0042207
0 0.870735 0.395855 0.258531 0.422357 0.00421036
0 0.627982 0.962751 0.329538 0.074498 0.00420879
0 0.566198 0.961938 0.361788 0.0761241 0.00420157
0 0.39879 0.70143 0.460694 0.353031 0.0041636
0 0.399831 0.95969 0.350959 0.08062 0.00416044
0 0.278995 0.963598 0.422596 0.0728039 0.00415742
0 0.47439 0.961692 0.34503 0.0766165 0.00414071
0 0.890587 0.200244 0.218825 0.400489 0.00413608
0 0.857693 0.246232 0.284614 0.443423 0.00411535
0 0.825151 0.970253 0.29297 0.0594942 0.00411418
0 0.483966 0.716347 0.594197 0.451151 0.00409412
0 0.743781 0.668523 0.23678 0.206567 0.00407289
0 0.740194 0.853361 0.519612 0.293277 0.00405907
0 0.00146921 0.0402118 0.00293841 0.0804236 0.00405477
0 0.75187 0.969163 0.29556 0.0616735 0.00404029
0 0.290426 0.725316 0.385018 0.329734 0.0040022
0 0.260803 0.438181 0.521606 0.480698 0.00398135
0 0.434293 0.723154 0.380561 0.286248 0.00390491
0 0.906128 0.593009 0.187743 0.393482 0.00386204
0 0.767944 0.76779 0.3511 0.288606 0.00383037
0 0.483377 0.733129 0.385337 0.225906 0.00381334
0 0.211206 0.703417 0.289227 0.362618 0.00379992
0 0.89367 0.494703 0.21266 0.403361 0.00379923
0 0.71008 0.702002 0.312521 0.256659 0.00379781
0 0.996741 0.970813 0.00651726 0.0583731 0.00376554
0 0.829608 0.788371 0.336286 0.249543 0.00375186
0 0.223249 0.755297 0.396965 0.370705 0.0037324
0 0.464404 0.434172 0.4579 0.384012 0.00367206
0 0.0300349 0.972259 0.0600698 0.0554813 0.00366625
0 0.402628 0.757389 0.729186 0.485222 0.00366285
0 0.805571 0.568087 0.388858 0.346259 0.00366124
0 0.210179 0.638596 0.266353 0.20458 0.00363816
0 0.380938 0.718988 0.548097 0.485301 0.0036293
0 0.203625 0.556053 0.289594 0.250691 0.00355915
0 0.536693 0.860089 0.428179 0.279821 0.00353736
0 0.619227 0.857008 0.388935 0.285984 0.00353513
0 0.344449 0.42386 0.55029 0.386514 0.00353061
0 0.530373 0.529948 0.258843 0.209225 0.00350629
0 0.152754 0.72893 0.305508 0.342934 0.00350399
0 0.759034 0.487754 0.481932 0.477524 0.00348307
0 0.973499 0.97708 0.0530026 0.0458393 0.00345627
0 0.704977 0.694215 0.292089 0.184902 0.00345619
0 0.832506 0.848401 0.321491 0.303198 0.0034197
0 0.869284 0.931428 0.256634 0.137145 0.00341787
0 0.751282 0.547102 0.326326 0.293406 0.00339538
0 0.43183 0.882515 0.664436 0.23497 0.00339533
0 0.00674793 0.970165 0.0134959 0.0596693 0.00339504
0 0.462828 0.530843 0.289612 0.210393 0.00339021
0 0.81982 0.632164 0.36036 0.281557 0.00338783
0 0.166511 0.507675 0.333021 0.342063 0.00336759
0 0.122476 0.90657 0.242634 0.186859 0.00334893
0 0.857199 0.580684 0.285603 0.427761 0.0033425
0 0.0591015 0.831952 0.118203 0.336096 0.00332331
0 0.764453 0.646938 0.287058 0.260879 0.00329162
0 0.168831 0.442528 0.337661 0.412763 0.00328367
0 0.477007 0.400871 0.730711 0.444094 0.00327957
0 0.993505 0.406233 0.0129894 0.386031 0.00327536
0 0.900903 0.691439 0.198193 0.393613 0.00326864
0 0.145387 0.797278 0.290773 0.370132 0.00323339
0 0.995832 0.206841 0.00833643 0.363236 0.00322851
0 0.136255 0.0956778 0.27251 0.191356 0.00321894
0 0.933878 0.975739 0.132243 0.0485229 0.00321002
0 0.714531 0.486696 0.570469 0.455979 0.00320792
0 0.771163 0.932041 0.254712 0.135918 0.00320628
0 0.199382 0.544942 0.398765 0.264632 0.00320336
0 0.174927 0.760644 0.349853 0.335644 0.00319451
0 0.521255 0.356728 0.144453 0.122422 0.00318782
0 0.76618 0.848763 0.36159 0.302474 0.00316704
0 0.823343 0.177762 0.353314 0.355523 0.00316255
0 0.139658 0.153187 0.279316 0.306374 0.0031608
0 0.991561 0.307898 0.016877 0.382429 0.00314601
0 0.442984 0.625887 0.317852 0.215689 0.00313089
0 0.994024 0.836312 0.0119513 0.327375 0.00312481
0 0.152454 0.667578 0.304908 0.316341 0.00310202
0 0.133529 0.36631 0.267059 0.471615 0.00309477
0 0.129715 0.872278 0.25943 0.255444 0.00309054
0 0.682986 0.931631 0.285892 0.136737 0.00307967
0 0.0461807 0.154491 0.0911052 0.184056 0.00306791
0 0.806064 0.429432 0.387872 0.480745 0.0030625
0 0.107553 0.273737 0.215107 0.438988 0.00306164
0 0.0107652 0.876428 0.0215305 0.247144 0.00304249
0 0.257747 0.760744 0.515495 0.429446 0.00303212
0 0.073255 0.611343 0.14651 0.387107 0.00302923
0 0.740407 0.494662 0.30371 0.26244 0.00301677
0 0.62103 0.506217 0.455518 0.311599 0.00299548
0 0.138944 0.542827 0.277889 0.287269 0.00299437
0 0.634153 0.920251 0.321475 0.159497 0.0029863
0 0.110128 0.692655 0.220257 0.412836 0.00298487
0 0.770786 0.7491 0.268889 0.253402 0.00298255
0 0.476928 0.640867 0.263063 0.180849 0.00297698
0 0.774359 0.554304 0.371989 0.376514 0.00296463
0 0.0066495 0.0228474 0.013299 0.0456948 0.00295601
0 0.873131 0.803106 0.253739 0.374042 0.00292312
0 0.460219 0.856916 0.443496 0.286169 0.00290658
0 0.0851731 0.502222 0.170346 0.399939 0.00290348
0 0.302461 0.568552 0.364881 0.231526 0.00290179
0 0.799789 0.135959 0.400421 0.271918 0.00290053
0 0.996557 0.504433 0.00688644 0.374278 0.0028967
0 0.858794 0.791067 0.273837 0.180578 0.00289586
0 0.141772 0.610163 0.283544 0.211392 0.00288941
0 0.997934 0.153182 0.00413257 0.306365 0.00288622
0 0.406394 0.596211 0.359794 0.224938 0.00287729
0 0.507727 0.651654 0.220578 0.177061 0.00287379
0 0.824347 0.085947 0.351305 0.171894 0.00286245
0 0.120593 0.925341 0.241185 0.149318 0.00285068
0 0.0958888 0.750928 0.191778 0.42362 0.00284965
0 0.0364542 0.17525 0.0729084 0.350501 0.00284301
0 0.649409 0.0953036 0.219429 0.148867 0.0028307
0 0.0209673 0.720813 0.0419347 0.430742 0.0028301
0 0.17131 0.237553 0.342619 0.421443 0.00282458
0 0.512828 0.334215 0.158881 0.169013 0.00281573
0 0.961723 0.912361 0.0765537 0.175279 0.00281559
0 0.627027 0.408146 0.745945 0.497802 0.00281111
0 0.107431 0.937715 0.214862 0.124569 0.00280431
0 0.0296177 0.473601 0.0592354 0.504637 0.00279867
0 0.159438 0.836672 0.318875 0.326655 0.00279185
0 0.511624 0.594727 0.229097 0.20552 0.00278689
0 0.0232111 0.621797 0.0464222 0.453151 0.00278568
0 0.564305 0.358349 0.798501 0.48717 0.00278539
0 0.319833 0.863601 0.615696 0.272797 0.00277963
0 0.751041 0.192357 0.497919 0.384714 0.00277429
0 0.555245 0.918159 0.3719 0.163681 0.002774
0 0.00757129 0.825618 0.0151426 0.32253 0.002771
0 0.104333 0.801353 0.208665 0.397293 0.00274738
0 0.822797 0.738613 0.344234 0.235033 0.00271242
0 0.0161178 0.774722 0.0322357 0.403762 0.00270155
0 0.384956 0.845894 0.52821 0.308211 0.00269446
0 0.454245 0.920037 0.348002 0.159927 0.0026937
0 0.872925 0.719306 0.254151 0.378869 0.00268072
0 0.262668 0.0948492 0.473636 0.189698 0.00265206
0 0.0338333 0.372306 0.0676666 0.532405 0.00265146
0 0.251762 0.240422 0.503524 0.480844 0.00264103
0 0.69446 0.242826 0.61108 0.485653 0.00263608
0 0.839778 0.828693 0.320443 0.342615 0.00263142
0 0.557933 0.24103 0.884134 0.482059 0.00262886
0 0.996561 0.601843 0.00687807 0.368806 0.00262123
0 0 0.00839551 0 0.016791 0.00261877
0 0.656043 0.572924 0.303677 0.193277 0.00261453
0 0.998419 0.365948 0.00316195 0.326047 0.00261363
0 0.245306 0.398784 0.490612 0.42423 0.00261361
0 0.0697955 0.211932 0.139591 0.374742 0.00261297
0 0.128309 0.451502 0.256619 0.473711 0.00260044
0 0.998035 0.818075 0.00392988 0.357362 0.00260012
0 0.160342 0.911789 0.320684 0.176423 0.00257631
0 0.995956 0.74696 0.00808878 0.379229 0.0025695
0 0.087036 0.171601 0.174072 0.34108 0.00256791
0 0.0196757 0.182738 0.0393514 0.355034 0.00256012
0 0.163076 0.347241 0.326152 0.397681 0.00255288
0 0.783261 0.254413 0.433479 0.508826 0.00253735
0 0.956864 0.141221 0.0862714 0.282442 0.00253237
0 0.872334 0.504997 0.232586 0.198075 0.0025318
0 0.0970612 0.114889 0.194122 0.229779 0.00252992
0 0.610315 0.301012 0.779369 0.551087 0.00251409
0 0.379268 0.918887 0.374579 0.162226 0.00251088
0 0.998258 0.465592 0.00348387 0.336535 0.00250469
0 0.689031 0.651451 0.327118 0.214506 0.00249028
0 0.86553 0.0255396 0.26894 0.0510792 0.00248493
0 0.0303495 0.927338 0.0606989 0.145324 0.00246165
0 0.321459 0.897992 0.44554 0.204015 0.00246109
0 0.998003 0.564045 0.00399321 0.340543 0.00245056
0 0.221042 0.850046 0.442083 0.299908 0.00244899
0 0.341061 0.109507 0.646713 0.219014 0.00243806
0 0.162395 0.0869877 0.324789 0.173975 0.00241836
0 0.998234 0.266938 0.00353248 0.323134 0.00241461
0 0.665992 0.203643 0.668015 0.407287 0.00241033
0 0.00917117 0.104658 0.0183423 0.199268 0.00237893
0 0.249514 0.875111 0.481414 0.249777 0.00237187
0 0.207265 0.869714 0.414531 0.260572 0.00236234
0 0.107754 0.602092 0.215509 0.445379 0.00235373
0 0.952633 0.00349687 0.0947344 0.00699374 0.00235018
0 0 0.918451 0 0.163098 0.00234415
0 0.370991 0.653155 0.205724 0.119156 0.00231769
0 0.260103 0.640651 0.286877 0.208962 0.00230804
0 0.801921 0.332148 0.396158 0.507441 0.0022989
0 0.997975 0.663024 0.00404912 0.343331 0.002297
0 0.225387 0.367169 0.272755 0.157898 0.00228036
0 0.756904 0.0894528 0.486191 0.178906 0.00227808
0 0.924901 0.0601174 0.150198 0.120235 0.00226617
0 0.474523 0.109158 0.737255 0.218316 0.00225781
0 0.00211939 0.00871912 0.00423879 0.0174382 0.00223959
0 0.161006 0.85394 0.322012 0.292121 0.00218278
0 0.273337 0.838684 0.546673 0.322631 0.00216877
0 0.915376 0.839838 0.169248 0.320323 0.00215915
0 0.550107 0.0304094 0.241299 0.0608188 0.00215079
0 0.570417 0.17838 0.839664 0.35676 0.00215008
0 0.699955 0.16168 0.600091 0.323361 0.00214929
0 0.252796 0.196938 0.505591 0.393876 0.002109
0 0.891366 0.347489 0.211981 0.235441 0.00210263
0 0.0926471 0.0781696 0.185294 0.156339 0.00209163
0 0.231649 0.332652 0.288543 0.224301 0.00207404
0 0.223182 0.428381 0.266128 0.213484 0.00206924
0 0.237122 0.811932 0.266659 0.16634 0.00206367
0 0.617276 0.104983 0.709192 0.209965 0.0020441
0 0.703082 0.404651 0.593837 0.525058 0.002036
0 0.391848 0.920517 0.28597 0.158966 0.00203478
0 0.714431 0.810466 0.223395 0.161514 0.00202066
0 0.411119 0.238627 0.822237 0.477254 0.00201306
0 0.654087 0.361787 0.691827 0.530277 0.00200152
0 0.947171 0.0823944 0.105658 0.164789 0.00198775
0 0.468944 0.828741 0.27812 0.127057 0.00194811
0 0.267502 0.580434 0.273166 0.227297 0.0019291
0 0.44624 0.307358 0.857383 0.538661 0.00190295
0 0.104239 0.127228 0.208479 0.225318 0.00189914
0 0.053164 0.77864 0.104337 0.199535 0.001874
0 1 0.0297699 0 0.0595398 0.00186923
0 0.670093 0.921234 0.296773 0.157532 0.00185687
0 0.899255 0.00425267 0.201491 0.00850535 0.00185051
0 0.0728544 0.76422 0.145709 0.471561 0.00184715
0 0.308798 0.227586 0.617596 0.455172 0.00183555
0 0.53636 0.0471534 0.266409 0.0943067 0.00183291
0 0.289188 0.300208 0.578377 0.522061 0.00182793
0 0.486691 0.326545 0.210181 0.182237 0.00182702
0 0.548688 0.826473 0.193222 0.135947 0.00181048
0 0.70667 0.298171 0.58666 0.541893 0.00179227
0 0.852429 0.0401481 0.295142 0.0802963 0.00178318
0 0.385107 0.18046 0.770214 0.36092 0.00177929
0 0.32114 0.356426 0.64228 0.491967 0.00177549
0 0.0638204 0.229934 0.127641 0.458313 0.0017692
0 0.0835987 0.535052 0.167197 0.525096 0.00176791
0 0.555496 0.332633 0.149982 0.187408 0.00175742
0 0.404055 0.0935367 0.266568 0.163991 0.00175547
0 0.740983 0.677554 0.227032 0.113868 0.00172295
0 0.345679 0.619337 0.200455 0.141626 0.00171719
0 0.733962 0.281622 0.314902 0.234139 0.00171452
0 0.914699 0.933214 0.170602 0.133573 0.00170157
0 0.880728 0.767053 0.226846 0.22645 0.00168763
0 0.440882 0.481353 0.304191 0.179886 0.00167164
0 0.285787 0.136674 0.571574 0.273348 0.00167129
0 0.0580121 0.578585 0.113809 0.163431 0.00165901
0 0.0774554 0.634669 0.154911 0.510625 0.0016517
0 0.920539 0.7018 0.157478 0.158951 0.00165076
0 0.455486 0.0888511 0.376443 0.177702 0.00164736
0 0.419407 0.716428 0.254204 0.205677 0.00164238
0 0.935911 0.661385 0.128178 0.162365 0.00162889
0 0.888296 0.891711 0.223409 0.216578 0.00162777
0 0.998644 0.721394 0.00271147 0.301638 0.0016031
0 0.936221 0.00320542 0.127557 0.00641083 0.00156039
0 0.913759 0.938983 0.172482 0.122033 0.00155272
0 0.415768 0.493616 0.238277 0.159081 0.00155165
0 0.206586 0.0147856 0.238996 0.0295711 0.00154107
0 0.582889 0.817454 0.215786 0.15399 0.00151662
0 0.346558 0.353816 0.260699 0.186029 0.00151364
0 0.280167 0.802036 0.317186 0.187077 0.00145715
0 0.768856 0.0822693 0.332807 0.164539 0.00145673
0 0.213438 0.0279281 0.251813 0.0558563 0.00143399
0 0.281326 0.368129 0.290745 0.161311 0.00143251
0 0.674319 0.814438 0.16278 0.153012 0.00142601
0 0.792831 0.0191331 0.291499 0.0382663 0.00142497
0 0.363575 0.114682 0.309555 0.204372 0.00139173
0 0 0.0226938 0 0.0453876 0.00137552
0 0.858335 0.260936 0.272671 0.208151 0.00136968
0 0.233641 0.293831 0.293887 0.233757 0.00136951
0 0 0.951165 0 0.0976694 0.0013683
0 0.380302 0.718654 0.177059 0.177835 0.00135591
0 0.87383 0.238057 0.25234 0.25611 0.00134089
0 1 0.930109 0 0.139782 0.00131428
0 0.79121 0.0885449 0.26142 0.162464 0.00130286
0 0.427003 0.675137 0.253764 0.181371 0.0013027
0 0.559792 0.0998373 0.26577 0.142347 0.00129809
0 0.517753 0.0652469 0.302211 0.130494 0.00129523
0 0.783983 0.778272 0.190023 0.199888 0.0012922
0 0.392134 0.276662 0.235071 0.143209 0.00128751
0 0.853252 0.392906 0.293495 0.229518 0.00128641
0 0.861897 0.00748395 0.276205 0.0149679 0.00127766
0 0.291412 0.137115 0.356892 0.24721 0.00127189
0 0.931413 0.708122 0.137174 0.20129 0.00127131
0 0.284757 0.346684 0.337616 0.199467 0.00127107
0 0.891015 0.201333 0.217971 0.260673 0.00126708
0 0.912554 0.636534 0.174893 0.225613 0.00126323
0 0.737153 0.0907571 0.316309 0.16091 0.00125835
0 0.922421 0.746775 0.14495 0.255497 0.00125789
0 0.432902 0.813441 0.226924 0.162578 0.00124766
0 0.865065 0.466282 0.26987 0.268692 0.00124266
0 0.634603 0.930979 0.280628 0.138042 0.00124104
0 0.060734 0.352475 0.115854 0.252721 0.00123944
0 0.287082 0.262144 0.335237 0.179767 0.00123509
0 0.437805 0.272191 0.310677 0.200354 0.00123399
0 0.454782 0.370584 0.278241 0.126687 0.00123226
0 0.748798 0.696542 0.216559 0.154833 0.986175
0 0.233083 0.606505 0.213266 0.153668 0.967431
0 0.525706 0.360511 0.138036 0.112588 0.031967
0 0.00809305 0.912452 0.0161861 0.175095 0.0126248
0 0.419939 0.733031 0.260909 0.176802 0.0101495
0 0.053817 0.79146 0.10492 0.15471 0.00973199
0 0.367283 0.762993 0.15668 0.116222 0.00870592
0 0.379649 0.782127 0.120677 0.0730776 0.00866843
0 0.401388 0.759148 0.215861 0.127169 0.00842812
0 0.870467 0.795628 0.231513 0.171742 0.00756795
0 0.189512 0.110607 0.155432 0.0760819 0.00679782
0 0.0875289 0.948251 0.166568 0.102858 0.00643962
0 0.877202 0.355094 0.22558 0.176714 0.00606628
0 1 0.912782 0 0.174435 0.0059339
0 0.899365 0.115237 0.18502 0.112957 0.00540171
0 0.179352 0.389557 0.159123 0.108833 0.00520642
0 0.176908 0.348722 0.16447 0.170447 0.00431058
0 0.890293 0.537136 0.199558 0.135665 0.00431029
0 0.86348 0.106015 0.25716 0.125316 0.00430529
0 0.486975 0.772424 0.117451 0.0835232 0.0042525
0 0.104344 0.364749 0.208687 0.567922 0.00383654
0 0.680715 0.344291 0.1984 0.10374 0.0038131
0 0.8718 0.387977 0.238434 0.178277 0.00366901
0 0.141712 0.279763 0.283425 0.559526 0.00350041
0 0.864731 0.522925 0.248561 0.16479 0.00346039
0 1 0.464749 0 0.230267 0.00343846
0 0.0716027 0.109514 0.143205 0.219028 0.00342033
0 1 0.406176 0 0.247111 0.00338256
0 1 0.35801 0 0.227681 0.00330979
0 1 0.511353 0 0.259723 0.00321012
0 0.836629 0.0922624 0.276798 0.184525 0.00319694
0 0.0821026 0.186122 0.164205 0.372245 0.00318207
0 0.18123 0.725217 0.362461 0.549566 0.00315723
0 0.43196 0.702234 0.285162 0.237836 0.00313287
0 1 0.81776 0 0.227162 0.00310709
0 0.683199 0.146688 0.482128 0.293375 0.00308435
0 1 0.892534 0 0.214931 0.0030285
0 0.623669 0.108453 0.172117 0.124628 0.00301891
0 0.214519 0.664439 0.255442 0.265708 0.00301801
0 0.439643 0.958094 0.221692 0.0838121 0.00300052
0 0.765709 0.091985 0.292237 0.18397 0.00293757
0 0.47379 0.104446 0.299699 0.193945 0.00293245
0 0.999987 0.763707 2.59264e-05 0.255861 0.0029274
0 1 0.306797 0 0.208261 0.00289139
0 0.325535 0.960306 0.237854 0.0793888 0.00286249
0 0.203441 0.318154 0.406882 0.399062 0.00285628
0 0.999256 0.711589 0.00148753 0.267059 0.00283915
0 0.564998 0.960044 0.226995 0.0799129 0.00282923
0 1 0.559903 0 0.281674 0.0028246
0 0.146546 0.661278 0.293093 0.315801 0.00281487
0 0.41575 0.108766 0.274589 0.186125 0.00281153
0 0.183578 0.300224 0.186772 0.121513 0.00280154
0 0.144126 0.546132 0.288251 0.293565 0.00279752
0 0.0717927 0.586967 0.139825 0.147512 0.00279581
0 0.142329 0.602818 0.284659 0.252582 0.00279069
0 0.674526 0.312075 0.250569 0.172748 0.00279029
0 0.120801 0.0915799 0.239808 0.120659 0.00278766
0 0.546119 0.0920248 0.243527 0.18405 0.00276809
0 0.460544 0.632125 0.27485 0.197959 0.0027466
0 0.581738 0.35739 0.238696 0.122361 0.00273971
0 0.49268 0.0924469 0.269036 0.184894 0.00272973
0 0.112339 0.165741 0.224679 0.331482 0.00272654
0 0.144068 0.414743 0.288137 0.269186 0.00272413
0 0.729684 0.749481 0.274409 0.264905 0.00269
0 0.228205 0.432664 0.45641 0.416196 0.00268675
0 0.601786 0.0906532 0.238215 0.181306 0.00268498
0 0.14815 0.455887 0.296301 0.287642 0.00268037
0 1 0.655224 0 0.287042 0.00267773
0 0.894634 0.0885819 0.210731 0.177164 0.00267339
0 0.707387 0.960344 0.234832 0.0793129 0.00265081
0 0.482539 0.112018 0.196331 0.116168 0.00264524
0 0.139577 0.369668 0.279155 0.239315 0.0026431
0 0.778133 0.960396 0.226356 0.0792086 0.00263668
0 0.109643 0.956198 0.219286 0.0876034 0.0026286
0 0.157016 0.452313 0.314033 0.634748 0.00262312
0 0.683417 0.0909953 0.269844 0.181991 0.0026206
0 0.132082 0.900156 0.249164 0.199688 0.00261999
0 0.546872 0.835022 0.119549 0.114495 0.00261852
0 0.107935 0.114143 0.21587 0.21885 0.00261024
0 0.626326 0.140134 0.444357 0.272174 0.0026057
0 0 0.902183 0 0.195633 0.00259346
0 0.136835 0.320816 0.273671 0.217677 0.00258933
0 0.358748 0.739526 0.13467 0.0897257 0.00258478
0 0.0473692 0.779346 0.0947383 0.441307 0.00258257
0 0.658583 0.960121 0.252398 0.0797583 0.00257689
0 0.178369 0.649251 0.356737 0.687695 0.00257004
0 0.0923839 0.113548 0.182756 0.180426 0.00256359
0 0.237515 0.742963 0.47503 0.463456 0.00255753
0 0.414114 0.0910425 0.258566 0.182085 0.00255628
0 0.505542 0.26387 0.414847 0.329403 0.00255405
0 0.103916 0.0807274 0.207833 0.161455 0.00255388
0 1 0.256136 0 0.188338 0.00253892
0 0.0196664 0.88832 0.0393329 0.22336 0.00253714
0 0.0655357 0.0765207 0.131071 0.153041 0.0025349
0 0.876547 0.963265 0.235917 0.0734709 0.00252861
0 0.131133 0.210963 0.262266 0.419877 0.00251824
0 0.569514 0.830557 0.182523 0.125131 0.00251428
0 0.138724 0.272208 0.277448 0.194417 0.00251424
0 0.132524 0.924542 0.241158 0.150917 0.00251245
0 0.151541 0.707115 0.303082 0.318873 0.00250096
0 0.209109 0.0821368 0.197061 0.138822 0.00250084
0 0.971921 0.515713 0.0561586 0.213616 0.00249763
0 0.147932 0.117076 0.279947 0.234151 0.00249509
0 0.798681 0.479488 0.293617 0.201045 0.00249232
0 0.222885 0.803901 0.44577 0.392197 0.00249143
0 0.35044 0.109483 0.262127 0.184009 0.00246007
0 0.236717 0.608867 0.473433 0.473916 0.00243804
0 0.826393 0.411415 0.347213 0.221722 0.00243527
0 0.583414 0.209281 0.554756 0.377655 0.00242707
0 0.969203 0.570337 0.0615942 0.241141 0.0024245
0 0.877974 0.351861 0.244053 0.324475 0.00242069
0 0.0873077 0.242519 0.174615 0.484881 0.00242043
0 0.998831 0.974765 0.00233784 0.0504704 0.00241907
0 0.976963 0.896154 0.0460737 0.207692 0.00241405
0 0.672611 0.831862 0.136292 0.107466 0.00240233
0 0.967353 0.616242 0.0652944 0.252688 0.00240223
0 0.208347 0.566051 0.266579 0.23167 0.00240033
0 0.0145411 0.839446 0.0290822 0.321108 0.00239504
0 0.427269 0.942417 0.199373 0.113017 0.00238036
0 0.203364 0.126668 0.144485 0.0456832 0.00237763
0 0.570287 0.118354 0.377541 0.218342 0.00237646
0 0.00879451 0.175371 0.017589 0.310296 0.00237106
0 0.959866 0.471401 0.0802677 0.201284 0.00236889
0 0.973525 0.661042 0.0529493 0.246173 0.00236082
0 0.143009 0.763687 0.286018 0.25823 0.00235252
0 0.757723 0.403459 0.415734 0.299172 0.00234501
0 0.91361 0.225239 0.172779 0.248235 0.00234131
0 1 0.207182 0 0.187478 0.00234101
0 0.943634 0.422634 0.112732 0.200556 0.00233784
0 0.962492 0.935647 0.0750163 0.128705 0.0023348
0 0.915311 0.1755 0.169379 0.215899 0.00233045
0 0.588971 0.3537 0.56355 0.385076 0.00231448
0 0.659177 0.10516 0.211088 0.134485 0.00231292
0 0.142793 0.162311 0.285586 0.287703 0.00231238
0 0.797013 0.513581 0.279832 0.198788 0.00231216
0 0.734815 0.659258 0.240382 0.224792 0.00230167
0 0.716052 0.473899 0.325096 0.196356 0.00230027
0 0.340516 0.087355 0.243154 0.17471 0.00229447
0 0 0.102349 0 0.135994 0.0022942
0 0.172276 0.906407 0.172439 0.187186 0.00229402
0 0.8135 0.936676 0.229529 0.126649 0.00229317
0 0.133909 0.812003 0.267818 0.213923 0.00228741
0 0.04593 0.473079 0.0918601 0.59135 0.00228148
0 0.034922 0.230497 0.0698441 0.405198 0.00227578
0 0.945592 0.967049 0.108816 0.065902 0.00227033
0 0 0.951426 0 0.0971477 0.00226561
0 0.908885 0.273419 0.18223 0.272441 0.00226414
0 0.238022 0.115267 0.235829 0.210105 0.00226398
0 0.870208 0.936221 0.226144 0.127558 0.00226204
0 0.171701 0.834116 0.130516 0.122053 0.00226139
0 0 0.0681828 0 0.136366 0.00224454
0 0.923749 0.367632 0.152501 0.241071 0.00223788
0 0.817344 0.146461 0.365312 0.292923 0.00223069
0 0.465203 0.938533 0.208353 0.122933 0.00222907
0 0.732157 0.299326 0.535686 0.365331 0.00221423
0 0.0838294 0.970726 0.167659 0.0585472 0.00221342
0 0 0.059551 0 0.119102 0.00221301
0 0.150284 0.964319 0.20451 0.0713612 0.00220425
0 0.0484104 0.706491 0.0968208 0.587018 0.00220294
0 0.967839 0.718174 0.064323 0.232192 0.00220118
0 0.871942 0.417362 0.256116 0.220519 0.00219695
0 0.824183 0.339334 0.351634 0.376835 0.00219043
0 0 0.974561 0 0.0508774 0.00218883
0 0.739569 0.938535 0.2349 0.122931 0.0021739
0 0.140337 0.212203 0.280674 0.258619 0.00216852
0 0.334583 0.762963 0.252827 0.183914 0.00216823
0 1 0.604546 0 0.299091 0.00216611
0 0.343764 0.910752 0.237609 0.178496 0.00215818
0 0.758268 0.773677 0.228114 0.274771 0.00215054
0 0.897725 0.427646 0.204549 0.202359 0.002148
0 0.210853 0.349304 0.22667 0.116283 0.00213429
0 1 0.0665211 0 0.133042 0.00213314
0 0.352574 0.295447 0.170749 0.11193 0.00213031
0 0.122007 0.860601 0.244014 0.278799 0.00212093
0 0.963485 0.764999 0.0730302 0.22192 0.00211796
0 0.743465 0.909394 0.238202 0.181213 0.00211734
0 0.794358 0.802944 0.247656 0.198299 0.00211467
0 0.82167 0.908835 0.237723 0.182331 0.00211258
0 0.349776 0.935553 0.222578 0.128894 0.00210821
0 0.863136 0.909883 0.219286 0.180233 0.002102
0 0.926931 0.082707 0.146137 0.165414 0.0021011
0 0.403464 0.755213 0.251136 0.186961 0.0020948
0 1 0.159382 0 0.186656 0.00209305
0 0.422104 0.941112 0.219168 0.117776 0.00209256
0 0.951206 0.909126 0.0975873 0.181748 0.00209067
0 0.912162 0.313635 0.175676 0.277311 0.00208979
0 0.409286 0.851148 0.156192 0.0864292 0.00208844
0 0.838591 0.765869 0.286109 0.187589 0.00208749
0 0.540234 0.72678 0.317562 0.183374 0.00208435
0 0.317273 0.714598 0.203601 0.204078 0.00208181
0 0.797704 0.561856 0.307512 0.199789 0.00208123
0 0.999716 0.31695 0.000567816 0.198451 0.00208092
0 0.46737 0.224705 0.338996 0.268586 0.00207859
0 0.0466664 0.583457 0.0933329 0.631932 0.00207634
0 0.590911 0.936601 0.221213 0.126798 0.00206802
0 0.3966 0.511404 0.204954 0.121512 0.00206627
0 0.991956 0.266238 0.016089 0.179507 0.00206241
0 0.106381 0.809021 0.212762 0.381959 0.00205861
0 0 0.145684 0 0.165104 0.00205416
0 0.213457 0.83504 0.211453 0.123803 0.00205305
0 1 0.889287 0 0.221425 0.00204084
0 0 0.923718 0 0.152564 0.00204038
0 0.393262 0.94066 0.211352 0.112261 0.00203372
0 0.789079 0.30077 0.421841 0.354619 0.00203073
0 0.00564765 0.973494 0.0112953 0.0530115 0.00202263
0 0.472623 0.672439 0.265712 0.189151 0.00201768
0 0.52943 0.298673 0.501575 0.356456 0.00201404
0 0.347261 0.811322 0.24759 0.173164 0.00201285
0 0.421777 0.911897 0.226023 0.176206 0.00201153
0 0.876417 0.483013 0.247166 0.195761 0.00200937
0 0.252232 0.0854315 0.250787 0.170863 0.00200625
0 0.179143 0.126905 0.116053 0.0435431 0.00200313
0 0.678667 0.938534 0.239193 0.122932 0.00200272
0 0.974935 0.81502 0.0501309 0.193814 0.00199118
0 0.530402 0.114132 0.207709 0.110023 0.00198541
0 0.90749 0.0948583 0.170289 0.148793 0.00198236
0 0.483163 0.27102 0.310069 0.22167 0.00197955
0 0.473408 0.908322 0.221032 0.177745 0.00197779
0 0.141786 0.0850218 0.283572 0.170044 0.00197339
0 0.337889 0.318157 0.229102 0.175914 0.00197083
0 0.926021 0.116052 0.147959 0.189284 0.00197047
0 0.859532 0.569165 0.280936 0.187075 0.00196971
0 0.669683 0.909496 0.241294 0.181007 0.00196762
0 1 0.107203 0 0.184595 0.00196113
0 0.720292 0.516559 0.290368 0.19209 0.00195777
0 0.916973 0.479283 0.166054 0.180632 0.00195442
0 0.408616 0.364739 0.244972 0.165936 0.001948
0 0.216754 0.75711 0.297147 0.208365 0.00194614
0 0.994054 0.214681 0.0118921 0.172237 0.00194212
0 0.520003 0.908643 0.212676 0.178221 0.00193995
0 0.336694 0.435434 0.25496 0.190981 0.00193677
0 0.178407 0.21359 0.270126 0.224035 0.00193505
0 0.907607 0.116476 0.184786 0.225634 0.00193451
0 0.715989 0.207454 0.567063 0.379525 0.00192817
0 0.345769 0.464018 0.23634 0.18285 0.00192655
0 0.239811 0.714334 0.23035 0.215022 0.00192639
0 0.55682 0.620974 0.250647 0.182008 0.0019245
0 0.407884 0.817501 0.254426 0.188931 0.00192042
0 0.113499 0.916127 0.226997 0.167747 0.0019188
0 0.185331 0.907749 0.257824 0.184503 0.00191423
0 0.709232 0.712071 0.277245 0.188709 0.00191386
0 0.839587 0.72284 0.315017 0.190052 0.00191284
0 0.947892 0.0751684 0.104216 0.150337 0.00191034
0 0.591148 0.90942 0.225245 0.18116 0.00190967
0 0.228253 0.261389 0.236766 0.176588 0.00190027
0 0.943521 0.622139 0.112958 0.202198 0.00189846
0 0.943598 0.570173 0.112803 0.178784 0.00189414
0 0.723646 0.564156 0.291097 0.185839 0.00189322
0 0.630027 0.470685 0.343508 0.201273 0.00189047
0 0.925896 0.768196 0.148208 0.189002 0.00188785
0 0.94888 0.662627 0.10224 0.198022 0.00188732
0 0.730666 0.896028 0.314035 0.192487 0.00188574
0 0.78124 0.916206 0.0884844 0.0696323 0.00188314
0 0.680491 0.330107 0.192225 0.14709 0.0018691
0 0.476271 0.362438 0.265669 0.165191 0.00186782
0 0.187785 0.0847333 0.268688 0.169467 0.00186731
0 0.447001 0.828139 0.216995 0.168898 0.00186576
0 0.677747 0.385968 0.48634 0.39181 0.00186023
0 0.543469 0.577363 0.242012 0.184414 0.00185405
0 0.261505 0.464423 0.240948 0.178878 0.00185367
0 0.516755 0.34539 0.361109 0.289614 0.00185282
0 0.402839 0.441912 0.241842 0.201814 0.00185182
0 0.93787 0.515708 0.12426 0.177622 0.0018408
0 0.558114 0.766628 0.303815 0.200501 0.00183658
0 0.336713 0.367506 0.244086 0.167909 0.00183483
0 0.202277 0.811206 0.223822 0.168285 0.00183304
0 0.641831 0.518091 0.283848 0.18411 0.00182376
0 0.200273 0.466639 0.253725 0.184646 0.0018224
0 0.936351 0.72516 0.127297 0.199123 0.00181797
0 0.337876 0.262709 0.239833 0.171568 0.00181053
0 0.777141 0.817037 0.13485 0.114011 0.00180969
0 0.874334 0.188437 0.251333 0.293812 0.00180691
0 0.560353 0.515721 0.244828 0.171786 0.00180191
0 0.659188 0.899038 0.314687 0.1834 0.00179939
0 0.598989 0.8132 0.262055 0.17164 0.00179547
0 0.809008 0.913404 0.111956 0.0724781 0.0017911
0 0.672551 0.638793 0.306492 0.200199 0.00179048
0 0.419291 0.262717 0.267316 0.172875 0.00178745
0 0.0624907 0.564872 0.123661 0.164215 0.00178656
0 0.980529 0.0738642 0.0389423 0.147728 0.0017829
0 0.77786 0.747854 0.277323 0.239372 0.00177885
0 0.2669 0.66763 0.279173 0.24321 0.0017782
0 1 0.0724038 0 0.144808 0.00177409
0 0.777347 0.702471 0.274419 0.180838 0.0017734
0 0.99883 0.167428 0.0023404 0.170646 0.00176258
0 0.55442 0.664045 0.258456 0.184399 0.00176235
0 0.247079 0.810678 0.213917 0.168951 0.00175846
0 0.362541 0.779255 0.136143 0.0818656 0.00174093
0 0.196944 0.427201 0.251187 0.191764 0.00173866
0 0.847773 0.665637 0.304455 0.188837 0.00173186
0 0.545699 0.471728 0.301003 0.185031 0.00172935
0 0.313628 0.102608 0.237643 0.137867 0.00172194
0 0.442227 0.587191 0.233881 0.1985 0.00172122
0 0.421964 0.507621 0.166143 0.176271 0.00171879
0 1 0.92274 0 0.154521 0.00171578
0 1 0.113869 0 0.167486 0.00171141
0 0.249999 0.429721 0.255405 0.188535 0.00170666
0 0.350123 0.780352 0.157116 0.152196 0.00170603
0 0.434897 0.462824 0.199169 0.192847 0.00169885
0 0.698044 0.77943 0.281426 0.238313 0.00169869
0 0.74799 0.696014 0.216462 0.149034 0.971494
0 0.234223 0.60533 0.21451 0.14723 0.90262
0 0.431455 0.527336 0.0993227 0.0748714 0.0250786
0 0.880528 0.0501907 0.0852607 0.0629034 0.0159967
0 0.489461 0.767942 0.108993 0.092043 0.0128307
0 0.887427 0.0588037 0.1052 0.0846598 0.0102738
0 0.471535 0.771696 0.101783 0.0839781 0.00807993
0 0.393202 0.784446 0.0930093 0.0635466 0.00727705
0 1 0.967614 0 0.0647713 0.00579211
0 0.57631 0.031741 0.148448 0.0634819 0.0055496
0 1 0.945138 0 0.109723 0.00530793
0 0.45552 0.138803 0.0685653 0.0579125 0.00521746
0 0.592546 0.0248364 0.113546 0.0496729 0.00488193
0 0.0396956 0.207137 0.0692725 0.0450823 0.00470683
0 0.0533723 0.194484 0.0784406 0.0592867 0.00461109
0 0.424907 0.519176 0.134142 0.0968367 0.00450026
0 0.425399 0.137416 0.133161 0.0679101 0.00408477
0 0.371897 0.800943 0.0752485 0.0298786 0.00406859
0 0.478533 0.757323 0.136953 0.110908 0.00405561
0 0.343533 0.534216 0.0832166 0.0676766 0.00371097
0 0.00805701 0.0873871 0.016114 0.174774 0.00366491
0 0.25626 0.627382 0.145637 0.0995222 0.00366003
0 0.447803 0.152173 0.0621967 0.0275056 0.00362493
0 0.382073 0.792585 0.0813604 0.0517937 0.00353543
0 0.867139 0.809202 0.233605 0.14335 0.00346911
0 0.369315 0.761189 0.15293 0.117028 0.00345907
0 0.845547 0.694873 0.0204188 0.104406 0.00341037
0 0.450836 0.757446 0.193265 0.115139 0.00329549
0 0.39539 0.136726 0.186333 0.0694231 0.00323114
0 0.56861 0.68571 0.0558447 0.0527499 0.00310925
0 1 0.950832 0 0.098337 0.0029979
0 0.780682 0.84115 0.0771063 0.0630138 0.00295935
0 1 0.956392 0 0.0872149 0.00292934
0 0.509988 0.916394 0.0580547 0.0459637 0.00288447
0 0.271452 0.617662 0.138704 0.105536 0.00287188
0 1 0.946675 0 0.10665 0.00284399
0 0.00591282 0.899329 0.0118256 0.201343 0.00282841
0 0.875899 0.0552019 0.0755099 0.0485261 0.00278644
0 0.0422095 0.199826 0.0722398 0.0553266 0.00273517
0 0.393146 0.524714 0.165904 0.0877717 0.00271368
0 0.491538 0.745805 0.111274 0.0888772 0.00271157
0 0 0.0173631 0 0.0347262 0.00255658
0 0.139605 0.132709 0.0873972 0.0356112 0.00249653
0 0.422489 0.762245 0.205433 0.112431 0.00248846
0 0.419217 0.537276 0.0818599 0.0534887 0.00246488
0 0.60492 0.0452139 0.0883036 0.0490091 0.00240154
0 0.47093 0.965255 0.289975 0.0694902 0.00239561
0 0.581706 0.061776 0.0693301 0.0384374 0.00238186
0 0.688214 0.965593 0.300276 0.0688145 0.00232963
0 0.790977 0.924479 0.0705969 0.0427029 0.00229986
0 0.162496 0.12634 0.0991326 0.051245 0.00228951
0 0.408117 0.965303 0.303608 0.0693939 0.00227898
0 0.622195 0.965491 0.304662 0.069017 0.00226316
0 0.315909 0.59491 0.0502461 0.100918 0.00225548
0 0.759941 0.965596 0.304319 0.068807 0.00224979
0 0.0501436 0.186304 0.0887696 0.0839471 0.00223837
0 0.432868 0.980929 0.0785152 0.0289989 0.00223571
0 0.550876 0.965605 0.305709 0.0687908 0.00219996
0 0.451577 0.773853 0.08855 0.0799387 0.00217861
0 0.351459 0.965443 0.313803 0.0691134 0.00216869
0 0.690723 0.716986 0.100334 0.0922174 0.00213274
0 0.760725 0.840625 0.0359565 0.0549202 0.00212019
0 0.676805 0.711757 0.0709597 0.0895489 0.00210521
0 0.267076 0.966097 0.311755 0.0678066 0.00209896
0 0.834931 0.965843 0.305498 0.0683147 0.00209356
0 0.121749 0.966614 0.243498 0.0667728 0.00207518
0 0.182109 0.966344 0.297168 0.0673119 0.00207267
0 0.0720851 0.181178 0.0587781 0.0499362 0.00201032
0 0.0823289 0.174856 0.0493702 0.0463311 0.00200182
0 0.880186 0.0750022 0.0892531 0.0661382 0.00197551
0 1 0.202838 0 0.192042 0.00197209
0 0.811897 0.90782 0.095812 0.0580471 0.00196659
0 1 0.704486 0 0.190663 0.00196104
0 1 0.754517 0 0.193408 0.00195914
0 0.772765 0.717113 0.1493 0.100307 0.00195877
0 0.060396 0.835503 0.0661898 0.0416683 0.00195796
0 1 0.0987878 0 0.187591 0.00195331
0 1 0.654689 0 0.189175 0.00195297
0 1 0.605046 0 0.188176 0.00194329
0 1 0.404198 0 0.190498 0.00193446
0 1 0.254036 0 0.187843 0.00192957
0 0 0.971137 0 0.0577263 0.00192768
0 1 0.30376 0 0.188511 0.0019265
0 0 0.0637385 0 0.127477 0.00192461
0 1 0.354329 0 0.189361 0.0019222
0 1 0.454346 0 0.190623 0.00191972
0 1 0.554721 0 0.188908 0.00191583
0 1 0.8056 0 0.185979 0.00190222
0 1 0.504851 0 0.189929 0.00189863
0 0.873537 0.052935 0.0982982 0.0807155 0.00189676
0 0.879645 0.966877 0.24071 0.0662464 0.00189213
0 1 0.06747 0 0.13494 0.00189066
0 1 0.152254 0 0.187097 0.00188028
0 0.253217 0.54327 0.28319 0.217342 0.0018722
0 0.752955 0.752261 0.172896 0.0383772 0.00185027
0 0.664506 0.00814939 0.101444 0.0162988 0.00183755
0 0.746763 0.641971 0.266053 0.21591 0.00181368
0 0.937057 0.998926 0.125887 0.00214787 0.00180868
0 0.145167 0.139121 0.107784 0.073897 0.00180855
0 0.422714 0.544171 0.0816507 0.0387525 0.00178544
0 0.731439 0.750176 0.260465 0.251007 0.00177688
0 0.033737 0.10399 0.067474 0.179684 0.00177242
0 0.0697612 0.0177513 0.124948 0.0355027 0.00176585
0 0.0831305 0.97036 0.166261 0.0592791 0.00176552
0 0 0.972395 0 0.0552095 0.0017588
0 0.0399759 0.0694218 0.0799517 0.138844 0.00175621
0 0 0.108726 0 0.158904 0.00174581
0 0.543409 0.0350704 0.20849 0.0701408 0.00174404
0 0.0247651 0.263176 0.0495302 0.191394 0.00173606
0 0.0210395 0.662299 0.0420791 0.189184 0.00172957
0 0.0255177 0.212259 0.0510353 0.194279 0.00172919
0 0.0205911 0.711951 0.0411822 0.189777 0.00172686
0 0.0257289 0.816128 0.0514578 0.179465 0.00172501
0 0.207697 0.655446 0.274224 0.24395 0.00172007
0 0.0186121 0.762915 0.0372243 0.192455 0.00171568
0 0.952487 0.800782 0.0651926 0.0582097 0.00171518
0 1 0.972392 0 0.0552152 0.00170834
0 0.0210244 0.612095 0.0420489 0.189024 0.00170695
0 0.022973 0.312325 0.045946 0.188848 0.00170383
0 0.0222931 0.362591 0.0445861 0.186274 0.00170134
0 0.443218 0.134276 0.0896835 0.0661925 0.00168784
0 0.0205976 0.56224 0.0411953 0.18891 0.00168543
0 0.0216483 0.46255 0.0432967 0.187064 0.00167977
0 0.0224336 0.412778 0.0448673 0.186574 0.00167831
0 0.275573 0.66345 0.268432 0.207525 0.00167736
0 0.024582 0.160149 0.049164 0.183636 0.0016773
0 0.0210851 0.512552 0.0421703 0.18835 0.00167438
0 0.866952 0.278347 0.0721658 0.0369287 0.00167366
0 0 0.884306 0 0.186702 0.00167251
0 0 0.813763 0 0.151744 0.00166109
0 0.345929 0.134339 0.140776 0.0782052 0.0016601
0 0.124043 0.150915 0.0654933 0.0392457 0.00165598
0 1 0.260842 0 0.175776 0.00165493
0 0.948573 0.812009 0.0658996 0.0502846 0.00165404
0 1 0.3105 0 0.1769 0.00165174
0 1 0.863599 0 0.196465 0.00163693
0 1 0.361021 0 0.177711 0.0016356
0 0.209688 0.635014 0.146415 0.0913158 0.00163482
0 0.0316258 0.909725 0.0632516 0.180551 0.00163362
0 0.189452 0.935433 0.27232 0.129134 0.00163157
0 0.90132 0.998808 0.160126 0.00238352 0.00162365
0 1 0.209629 0 0.178387 0.00162243
0 0 0.160363 0 0.159031 0.00162125
0 0 0.211626 0 0.156265 0.00162101
0 1 0.761612 0 0.187465 0.00161752
0 0.73438 0.0650911 0.270848 0.130182 0.00161643
0 0 0.762847 0 0.155716 0.00161437
0 0 0.713234 0 0.155721 0.00161362
0 0.476473 0.936079 0.273201 0.127842 0.00161105
0 0.747606 0.811754 0.223688 0.21534 0.00160693
0 0 0.263699 0 0.155735 0.00160671
0 0.838397 0.933992 0.270789 0.132016 0.00160081
0 0.966239 0.162392 0.0675216 0.186345 0.00160036
0 0.280288 0.571009 0.263918 0.213109 0.00160011
0 0 0.313176 0 0.156341 0.00159957
0 0.772345 0.934483 0.27576 0.131034 0.00159868
0 1 0.903753 0 0.192494 0.00159451
0 1 0.411011 0 0.180124 0.00159382
0 0.741854 0.999478 0.105063 0.00104465 0.00159355
0 0.125932 0.934092 0.251863 0.131815 0.00159254
0 0.233112 0.710363 0.238437 0.214305 0.00159217
0 0.0223195 0.974346 0.0446391 0.0513085 0.0015913
0 0 0.663324 0 0.155112 0.00159119
0 0.179562 0.998841 0.111325 0.00231762 0.00158771
0 0.551632 0.936679 0.282405 0.126641 0.00158571
0 1 0.711276 0 0.183766 0.00158476
0 0.80652 0.816452 0.230979 0.179311 0.00158294
0 0.662731 0.0656 0.270445 0.1312 0.00158265
0 0.823843 0.819374 0.156001 0.124354 0.00157781
0 1 0.461624 0 0.180637 0.00157669
0 0.0210385 0.930779 0.0420771 0.138443 0.00157539
0 0.982593 0.108659 0.0348143 0.186852 0.00157443
0 0.8127 0.0646794 0.275989 0.129359 0.00157118
0 0.992933 0.0752482 0.0141348 0.150496 0.001571
0 0 0.563213 0 0.155724 0.00156975
0 0 0.613152 0 0.155404 0.00156781
0 1 0.8125 0 0.174998 0.00156688
0 0 0.363429 0 0.155844 0.00156461
0 0.960964 0.263094 0.0780729 0.188898 0.00156413
0 0.963014 0.211851 0.0739724 0.189335 0.00156303
0 0.268213 0.935747 0.286336 0.128505 0.00156178
0 0 0.513242 0 0.155751 0.00156096
0 0.959759 0.313218 0.0804817 0.19004 0.00156038
0 0.28155 0.763087 0.309502 0.182452 0.00155811
0 1 0.511503 0 0.179007 0.00155756
0 0.435614 0.154169 0.0646704 0.0271008 0.0015544
0 0.240203 0.999464 0.126214 0.00107212 0.00155422
0 0 0.463342 0 0.155732 0.00155347
0 0 0.413369 0 0.155908 0.001552
0 0.312379 0.717766 0.263338 0.186615 0.00154759
0 0.962702 0.998458 0.0745962 0.00308476 0.00154705
0 1 0.963218 0 0.0735636 0.00154672
0 0.417434 0.935301 0.288163 0.129398 0.00154414
0 0.133994 0.666247 0.267987 0.204225 0.00154388
0 0.52758 0.0646516 0.27214 0.129303 0.00154199
0 0.361454 0.52088 0.121399 0.100435 0.00154198
0 0.595056 0.0653443 0.266269 0.130689 0.00153845
0 0.0881672 0.665057 0.176334 0.193452 0.00153587
0 0.783327 0.761899 0.256346 0.192624 0.00153513
0 0.342183 0.427014 0.0664111 0.0309832 0.00153505
0 0.881902 0.814273 0.236197 0.177856 0.00153265
0 1 0.661488 0 0.182347 0.0015311
0 0.454246 0.0646227 0.272072 0.129245 0.00152725
0 0.701883 0.934913 0.278905 0.130175 0.00152524
0 0.960002 0.363031 0.0799955 0.188272 0.00152351
0 0.970244 0.87717 0.0595129 0.202885 0.00152212
0 0.103302 0.913842 0.206604 0.172315 0.00152022
0 0.935275 0.110053 0.129449 0.185043 0.00151942
0 0.0776222 0.767217 0.155244 0.194412 0.00151761
0 0.841319 0.910157 0.294422 0.179687 0.00151643
0 0.0597927 0.998546 0.119585 0.00290737 0.00151345
0 0.844445 0.868806 0.289878 0.183825 0.0015133
0 0.788301 0.11177 0.303587 0.189226 0.00150956
0 0.706355 0.998724 0.102362 0.00255222 0.001508
0 0.0800856 0.0682688 0.160171 0.136538 0.00150591
0 0.0451334 0.99671 0.0902668 0.00657921 0.00150511
0 0.0678259 0.000363585 0.116901 0.000727171 0.00150114
0 0.084128 0.715106 0.168256 0.193377 0.00150078
0 0.364902 0.765421 0.303661 0.185033 0.00150048
0 0.267592 0.999187 0.134293 0.00162621 0.00150026
0 0.218574 0.755993 0.322397 0.189821 0.0014994
0 0.627049 0.936003 0.282319 0.127995 0.00149899
0 0.89428 0.111079 0.21144 0.18651 0.00149863
0 0.791165 0.86761 0.290118 0.182667 0.00149254
0 0.171281 0.0657432 0.272702 0.131486 0.00149196
0 0.857022 0.111494 0.285957 0.18791 0.00149185
0 0.549599 0.998817 0.160561 0.0023654 0.00149116
0 0.881925 0.316348 0.236149 0.185955 0.00148817
0 0.355586 0.93542 0.294274 0.12916 0.00148814
0 0.115422 0.0671817 0.230844 0.134363 0.00148562
0 0.478561 0.132375 0.153162 0.0857514 0.00148397
0 0.228093 0.563432 0.228143 0.23703 0.00148134
0 0.910511 0.0661969 0.178978 0.132394 0.00148124
0 0.778176 0.415462 0.307473 0.188813 0.00148118
0 0.086787 0.614482 0.173574 0.188546 0.00147911
0 0.140756 0.912986 0.281512 0.174028 0.00147377
0 0.0796955 0.818733 0.159391 0.185535 0.00147369
0 0.878456 0.870121 0.243089 0.188386 0.00147366
0 0.782945 0.910982 0.302968 0.178036 0.00147353
0 0.878864 0.910863 0.242271 0.178275 0.0014734
0 0.84934 0.414482 0.30132 0.185948 0.00147333
0 0.276899 0.604496 0.249601 0.168792 0.00147292
0 0.0790234 0.216455 0.158047 0.192797 0.00147234
0 0.0753075 0.365648 0.150615 0.187361 0.00147027
0 0.881219 0.265878 0.237561 0.184685 0.0014692
0 0.875406 0.0645137 0.249187 0.129027 0.00146785
0 0.84278 0.314961 0.303687 0.187592 0.00146783
0 0.197685 0.912941 0.309385 0.174119 0.00146772
0 0.885839 0.364752 0.228321 0.180125 0.00146734
0 0.955528 0.764659 0.0889442 0.195536 0.00146725
0 0.0759525 0.415871 0.151905 0.188719 0.00146663
0 0.380162 0.0645317 0.267026 0.129063 0.0014666
0 0.242673 0.0650483 0.269098 0.130097 0.00146446
0 0.07526 0.465657 0.15052 0.190486 0.00146402
0 0.848267 0.363785 0.290037 0.18115 0.00146329
0 0.957989 0.465007 0.0840216 0.191771 0.00146045
0 0.132181 0.612608 0.256662 0.170668 0.00145757
0 0.565737 0.618269 0.31893 0.19314 0.00145715
0 0.432793 0.764613 0.289258 0.184701 0.00145708
0 0.0948763 0.934202 0.189753 0.131597 0.00145672
0 0.883364 0.213933 0.233271 0.184783 0.00145488
0 0.374762 0.0216696 0.11728 0.0433392 0.00145434
0 0.077746 0.265959 0.155492 0.193226 0.00145431
0 0.0803071 0.109205 0.160614 0.184884 0.0014542
0 0.218031 0.415905 0.293034 0.18713 0.00145384
0 0.585296 0.713078 0.313373 0.185428 0.00145078
0 0.882624 0.165118 0.234752 0.186585 0.00145062
0 0.701388 0.41614 0.307862 0.187012 0.00145032
0 0.959581 0.815031 0.0808373 0.184198 0.00144898
0 0.729163 0.0229813 0.125233 0.0459627 0.00144845
0 0.358378 0.816639 0.311449 0.197428 0.00144702
0 0.845756 0.16403 0.305053 0.190589 0.00144664
0 0.312586 0.0649584 0.270163 0.129917 0.00144647
0 0.782602 0.566112 0.30786 0.181925 0.00144626
0 0.699608 0.213688 0.30624 0.189094 0.00144606
0 0.212587 0.999662 0.120218 0.000676155 0.00144566
0 0.950639 0.0747759 0.0987218 0.149552 0.0014455
0 0.698959 0.314459 0.305647 0.188868 0.00144526
0 0.921223 0.315853 0.157554 0.184057 0.00144468
0 0.772193 0.163482 0.305117 0.191548 0.00144412
0 0.697732 0.265318 0.311615 0.192237 0.0014436
0 0.355172 0.213155 0.312598 0.197305 0.00144328
0 0.372431 0.571466 0.308123 0.190288 0.00144268
0 0.475639 0.818726 0.302197 0.19526 0.0014425
0 0.288734 0.415583 0.290938 0.186089 0.00144248
0 0.958895 0.413781 0.0822098 0.190277 0.00144216
0 0.078469 0.516208 0.156938 0.192993 0.00144157
0 0.426009 0.715805 0.288499 0.184842 0.00144115
0 0.922371 0.165107 0.155257 0.183399 0.00144114
0 0.081034 0.564298 0.162068 0.191798 0.00144071
0 0.701447 0.163297 0.303445 0.190279 0.00144064
0 0.845989 0.213545 0.304508 0.186799 0.00143977
0 0.582921 0.765174 0.321009 0.191782 0.00143803
0 0.490411 0.913035 0.318064 0.173929 0.00143631
0 0.857787 0.998587 0.167798 0.00282612 0.0014362
0 0.771874 0.314182 0.302428 0.189244 0.00143372
0 0.419962 0.817613 0.301569 0.197278 0.00143274
0 0.558569 0.912979 0.315348 0.174042 0.00143203
0 0.710616 0.911878 0.312625 0.176245 0.00143198
0 0.287209 0.816144 0.311158 0.193001 0.00143189
0 0.749272 0.695629 0.219895 0.152254 0.969733
0 0.234474 0.605085 0.218627 0.155234 0.898304
0 0.453548 0.139916 0.0682319 0.0628043 0.00695266
0 0.225891 0.119151 0.134455 0.0608796 0.00568379
0 0.207598 0.12677 0.145362 0.0463837 0.00562174
0 0.455799 0.146313 0.0736781 0.0464333 0.00486089
0 0.200698 0.117961 0.162265 0.0613296 0.00465978
0 0.899752 0.244867 0.0571213 0.0993262 0.00421293
0 0.733559 0.631738 0.347663 0.288954 0.00318045
0 0.127007 0.876103 0.254015 0.247794 0.00273125
0 0.226498 0.13123 0.132703 0.0375801 0.00254628
0 0.801609 0.714115 0.396783 0.484473 0.00252659
0 0.692292 0.548605 0.351744 0.282678 0.00250286
0 0.459234 0.134458 0.0779149 0.0769799 0.0024971
0 0.876743 0.287041 0.10935 0.0755581 0.00246877
0 0.816539 0.788046 0.325282 0.195062 0.00243905
0 0.138923 0.89794 0.264397 0.20412 0.00242507
0 0.120546 0.518834 0.241093 0.299775 0.00225387
0 0.745281 0.505868 0.347503 0.308939 0.00222765
0 0.116468 0.470197 0.232936 0.275005 0.00220891
0 0.844216 0.419069 0.0997713 0.0980155 0.00219394
0 0.155237 0.695958 0.310474 0.308076 0.00217599
0 0.855405 0.4273 0.0993655 0.0923106 0.00215736
0 0.116014 0.42051 0.232027 0.273538 0.00215418
0 0.120504 0.368885 0.241007 0.28837 0.00215077
0 0.681409 0.632696 0.32713 0.209175 0.00214802
0 0.129911 0.315688 0.259822 0.318553 0.00210094
0 0.142892 0.621248 0.253818 0.16891 0.0020977
0 0.803851 0.3383 0.09478 0.0954034 0.00207309
0 0.15287 0.172091 0.30574 0.23561 0.00202647
0 0.827633 0.455936 0.293556 0.20982 0.00201309
0 0.152035 0.257039 0.30407 0.376373 0.00200526
0 0.101888 0.496297 0.203776 0.468911 0.00200306
0 0.138268 0.611671 0.276536 0.394077 0.00200122
0 0.161432 0.768834 0.322863 0.259124 0.00199811
0 0.860981 0.290194 0.0966978 0.0785826 0.00199687
0 0.125212 0.0734636 0.250423 0.146927 0.00198424
0 0.43798 0.132207 0.103903 0.0738003 0.00197122
0 0.183021 0.0693052 0.27383 0.13861 0.00196169
0 0.143482 0.223891 0.286963 0.20798 0.00192003
0 0.794944 0.647215 0.410111 0.520956 0.001908
0 0.143963 0.672094 0.284209 0.251792 0.00190394
0 0.158499 0.803252 0.316998 0.393496 0.00189556
0 0.816586 0.330244 0.0867148 0.0831092 0.00188821
0 0.165867 0.655674 0.331735 0.436177 0.00188389
0 0.101152 0.807667 0.202304 0.384667 0.00188155
0 0.10619 0.886089 0.21238 0.227823 0.00187238
0 0.195758 0.750782 0.391516 0.456747 0.00187171
0 0.802116 0.520252 0.395768 0.390207 0.00187086
0 0.0940536 0.389571 0.188107 0.445264 0.00186774
0 0.698653 0.662923 0.291648 0.21857 0.00185092
0 0.148543 0.118919 0.297086 0.237839 0.00181049
0 0.857867 0.412814 0.112559 0.0995708 0.0018093
0 0.154046 0.905618 0.20157 0.188765 0.00180928
0 0.362689 0.944781 0.229396 0.110438 0.00180247
0 0.140041 0.530427 0.280083 0.177156 0.00176984
0 0.98433 0.925373 0.0313403 0.149254 0.00176437
0 0.243611 0.962381 0.230741 0.0752382 0.00176274
0 0.290675 0.938549 0.241503 0.122902 0.00175426
0 0.758168 0.567166 0.483665 0.462192 0.00174993
0 0.173537 0.208689 0.347074 0.417378 0.00174935
0 0.221666 0.742761 0.313161 0.230693 0.00174408
0 0.137817 0.574215 0.265775 0.190074 0.00174165
0 0.349518 0.411138 0.0883539 0.0618793 0.00173455
0 0.796089 0.330592 0.0724368 0.0824347 0.00172942
0 0.258666 0.738296 0.369746 0.327638 0.00172245
0 0.203204 0.0774949 0.257302 0.15499 0.00171705
0 0.739944 0.655087 0.252081 0.233248 0.00171101
0 0.581079 0.617093 0.31506 0.170968 0.00170993
0 0.2064 0.685835 0.273938 0.239753 0.00170926
0 0.249501 0.0689916 0.263134 0.137983 0.00168676
0 0.752177 0.186438 0.495647 0.372876 0.00167959
0 0.476541 0.888857 0.36842 0.222286 0.00166533
0 0.142302 0.838822 0.284605 0.193227 0.0016638
0 0.140517 0.602785 0.281033 0.54012 0.00166086
0 0.670289 0.199498 0.37738 0.275566 0.0016568
0 0.297452 0.964863 0.234691 0.0702749 0.00164156
0 0.136862 0.763596 0.273723 0.472807 0.00163621
0 0.297542 0.558826 0.217781 0.229385 0.00162675
0 0.117946 0.292788 0.235892 0.496255 0.00162146
0 0.228858 0.638972 0.253751 0.229678 0.00161863
0 0.796737 0.265874 0.357517 0.235814 0.00161806
0 0.11892 0.898555 0.185372 0.20289 0.0016101
0 0.134336 0.471417 0.268673 0.168407 0.00160529
0 0.771188 0.781317 0.301929 0.386882 0.00160376
0 0.644826 0.556841 0.285617 0.18098 0.00160279
0 0.648516 0.76125 0.419744 0.405824 0.00159483
0 0.26491 0.812937 0.318007 0.223674 0.00159224
0 0.251129 0.93361 0.23801 0.13278 0.00157685
0 0.834148 0.33302 0.240768 0.176443 0.00156653
0 0.827641 0.785063 0.344718 0.429874 0.00156384
0 0.223732 0.825436 0.270518 0.180128 0.00156147
0 0.929521 0.112932 0.140959 0.225865 0.00155813
0 0.0865924 0.0801462 0.173185 0.160292 0.00154853
0 0.326967 0.0769038 0.256857 0.153808 0.00154798
0 0.138658 0.277259 0.277317 0.181143 0.00154572
0 0 0.975704 0 0.0485927 0.00154534
0 0.608125 0.855237 0.541354 0.289527 0.00154521
0 0.752225 0.2121 0.495549 0.4242 0.00154277
0 0.761647 0.58581 0.374906 0.399989 0.00154273
0 0.0594143 0.861254 0.118829 0.277492 0.00154177
0 0.88629 0.403523 0.22742 0.476489 0.00154119
0 0.111933 0.111933 0.223867 0.223867 0.00153536
0 0.382178 0.0845271 0.289637 0.169054 0.00153115
0 0.0959448 0.961121 0.19189 0.077758 0.00153109
0 0.565986 0.662727 0.387932 0.213935 0.00152758
0 0.623995 0.771241 0.694363 0.457518 0.00152452
0 0.880801 0.244609 0.0947902 0.104213 0.00152393
0 0.162056 0.963744 0.186241 0.0725111 0.0015207
0 0.777705 0.686009 0.285097 0.219813 0.00151815
0 0.230535 0.696275 0.253037 0.300544 0.00151177
0 0.719113 0.799298 0.39676 0.184303 0.00150833
0 0.819206 0.34351 0.105319 0.108546 0.00150767
0 0.16267 0.706925 0.325339 0.571862 0.00150764
0 0.861781 0.735638 0.276438 0.528725 0.00150366
0 0.376817 0.114314 0.250928 0.180914 0.00150165
0 0.179135 0.131752 0.134411 0.0364984 0.00150002
0 0 0.955937 0 0.0881255 0.0014985
0 0.7957 0.753132 0.4086 0.493735 0.00149628
0 0.430415 0.836639 0.48233 0.326723 0.00149474
0 0.941171 0.935028 0.117659 0.129944 0.00148922
0 0.230689 0.911532 0.255845 0.176936 0.00148801
0 0.444213 0.118887 0.362735 0.237775 0.0014855
0 0.509005 0.155655 0.352399 0.28177 0.00148432
0 0.671765 0.20516 0.656471 0.41032 0.00148229
0 0.882429 0.351793 0.189637 0.182039 0.00147834
0 0.133706 0.324001 0.267413 0.1756 0.00147346
0 0.770821 0.779277 0.458359 0.441447 0.00147109
0 0.856209 0.471612 0.287583 0.280703 0.00146918
0 0.651663 0.178693 0.613187 0.357385 0.00146729
0 0.174626 0.932108 0.15566 0.135784 0.00146578
0 0.594661 0.218633 0.302492 0.198774 0.00146539
0 0.149901 0.15009 0.104264 0.0629298 0.00146254
0 1 0.888461 0 0.223077 0.00146129
0 0.463519 0.111322 0.429214 0.222644 0.00145922
0 0.682906 0.838382 0.634187 0.323236 0.00145668
0 0.863899 0.507846 0.272203 0.535839 0.00145444
0 0 0.414442 0 0.163232 0.00145365
0 0.498112 0.610754 0.290972 0.171073 0.00145356
0 0.221299 0.183175 0.427483 0.144575 0.00145034
0 0.831941 0.251589 0.336118 0.311698 0.00144502
0 0.131706 0.421428 0.263413 0.172552 0.00144418
0 0 0.463359 0 0.16064 0.00144386
0 0.273335 0.635451 0.289004 0.21427 0.00143917
0 0.781248 0.813857 0.437503 0.372286 0.00143893
0 0.918849 0.705107 0.162303 0.473664 0.00143582
0 0.393613 0.789184 0.5369 0.3667 0.00143417
0 0.886195 0.297732 0.22761 0.461849 0.00143049
0 0.818654 0.657175 0.362692 0.580852 0.00142517
0 0 0.365188 0 0.165675 0.00142355
0 0.35009 0.644452 0.311614 0.214531 0.00141989
0 0.132245 0.372729 0.26449 0.173327 0.00141948
0 0.974636 0.977957 0.050727 0.0440855 0.00141645
0 0.684388 0.500605 0.27577 0.211924 0.00141549
0 0.690847 0.803917 0.618307 0.392166 0.00141155
0 0.211165 0.124676 0.24876 0.16325 0.00141024
0 0.327452 0.118802 0.236511 0.155852 0.00140766
0 0.221206 0.567337 0.25242 0.218476 0.00140648
0 0 0.0683328 0 0.136666 0.00140534
0 0 0.512621 0 0.161429 0.00140327
0 0.466933 0.947617 0.238443 0.104766 0.00140308
0 0.942943 0.815124 0.114115 0.369752 0.00140116
0 0.42088 0.178267 0.255794 0.185425 0.0013981
0 0.951701 0.606975 0.0965987 0.439385 0.00139451
0 0.072273 0.124481 0.144546 0.248961 0.0013929
0 0.0982842 0.930766 0.196568 0.138469 0.00139153
0 1 0.0703678 0 0.140736 0.00139048
0 0.708395 0.279242 0.276237 0.185851 0.0013898
0 0.553814 0.711322 0.538366 0.320826 0.00138965
0 0.406425 0.752228 0.639378 0.455083 0.00138951
0 0.032026 0.897642 0.0640519 0.204717 0.0013868
0 0.372017 0.969768 0.219906 0.0604649 0.00138034
0 0.801843 0.782251 0.219236 0.171162 0.00137966
0 1 0.0720952 0 0.14419 0.00137436
0 0 0.315102 0 0.167743 0.00137375
0 0.600886 0.94111 0.30291 0.117779 0.00137351
0 0.854928 0.908173 0.290144 0.183655 0.00137282
0 0.463246 0.656338 0.375873 0.232643 0.00137202
0 0.129429 0.176396 0.258858 0.352791 0.0013695
0 0.909169 0.846919 0.181661 0.306162 0.00136916
0 0.846577 0.372819 0.22566 0.1693 0.0013689
0 0.295865 0.0819242 0.216768 0.134737 0.00136823
0 0.5173 0.221318 0.249342 0.176697 0.0013648
0 0.596504 0.563436 0.270916 0.165324 0.00136212
0 0.278567 0.601941 0.265982 0.1578 0.00136086
0 0.867774 0.609229 0.264452 0.555055 0.00136066
0 0.253425 0.195802 0.50685 0.186194 0.00135632
0 0.883628 0.40617 0.215481 0.170243 0.00135432
0 0.946213 0.50607 0.107574 0.429895 0.00134983
0 0.366329 0.914811 0.2716 0.170378 0.00133796
0 0.797686 0.731563 0.119061 0.0922792 0.0013373
0 0 0.562486 0 0.165796 0.00133617
0 0.701597 0.223974 0.596806 0.447948 0.00132885
0 0.557739 0.947616 0.292618 0.104768 0.001324
0 0.723929 0.325819 0.228124 0.177785 0.00131938
0 0.285174 0.49843 0.124409 0.0901794 0.00131484
0 0.573538 0.971456 0.286305 0.0570871 0.00131149
0 0.0467862 0.083388 0.0935724 0.166776 0.00130939
0 0 0.156593 0 0.160677 0.00130907
0 0.867075 0.127672 0.26585 0.255344 0.00130861
0 0.299916 0.882202 0.300004 0.214613 0.00130841
0 0.816488 0.88211 0.367025 0.235781 0.00130757
0 0 0.767967 0 0.192368 0.00130582
0 0.550266 0.14888 0.672433 0.29776 0.00130502
0 0.412877 0.376389 0.0960476 0.0814625 0.0012996
0 0.677313 0.971439 0.27972 0.0571224 0.0012989
0 0.274496 0.120478 0.229699 0.154591 0.00129643
0 0.459376 0.219313 0.228235 0.171066 0.00129275
0 0 0.719121 0 0.193422 0.00128608
0 0 0.613866 0 0.173843 0.00128573
0 0.705502 0.707571 0.284512 0.201993 0.00128322
0 0.322572 0.384933 0.143434 0.109994 0.00128186
0 0.656738 0.929113 0.33148 0.141773 0.00127899
0 0.773886 0.76775 0.218872 0.143599 0.00127807
0 0 0.266069 0 0.168909 0.00127801
0 0.963934 0.870364 0.0721322 0.259271 0.00127791
0 0.00873156 0.430001 0.0174631 0.369645 0.00127731
0 0 0.212492 0 0.172559 0.00127392
0 0.686174 0.319846 0.237019 0.176832 0.00127277
0 0.481154 0.973525 0.244544 0.0529507 0.00127255
0 0.818866 0.526537 0.362268 0.43747 0.00127174
0 0 0.665573 0 0.183581 0.00126915
0 0 0.103914 0 0.145607 0.00126391
0 0.0130824 0.534896 0.0261648 0.387841 0.00126133
0 0.615017 0.96924 0.285092 0.0615206 0.00125988
0 0.257471 0.0892988 0.154505 0.118661 0.00125942
0 0.048375 0.854534 0.0967499 0.290933 0.00125922
0 0.846903 0.412471 0.226431 0.171694 0.00125785
0 0.862885 0.169715 0.274231 0.339431 0.00125478
0 0.968598 0.407876 0.0628041 0.375926 0.00125229
0 0.725564 0.750938 0.266856 0.30485 0.00124629
0 0 0.817524 0 0.175505 0.00124613
0 0.755114 0.89428 0.418283 0.211439 0.00124609
0 0.945942 0.978352 0.108117 0.0432966 0.00124363
0 0.281958 0.367435 0.24532 0.169026 0.00124276
0 0.735596 0.371921 0.198204 0.176234 0.00124171
0 0.844199 0.212596 0.311602 0.425192 0.00124061
0 0.801995 0.713285 0.396009 0.293911 0.00123808
0 0.778018 0.97521 0.29467 0.049579 0.00123512
0 0.521608 0.566728 0.264744 0.167369 0.00123143
0 0.625733 0.280121 0.251797 0.165087 0.00123049
0 0.0313649 0.58743 0.0627299 0.424813 0.00122965
0 0.875703 0.470998 0.248594 0.422779 0.00122586
0 0.725701 0.778086 0.548598 0.443828 0.00122106
0 0.212192 0.173064 0.245926 0.170482 0.00121843
0 0.95592 0.0771042 0.088161 0.154208 0.00121572
0 0.993066 0.36023 0.0138674 0.332182 0.00121501
0 0.0316476 0.333129 0.0632953 0.417272 0.00121375
0 1 0.975604 0 0.0487919 0.00121363
0 0.619366 0.512128 0.25104 0.167245 0.00121329
0 0.763489 0.145115 0.473022 0.29023 0.00121298
0 0.798509 0.824817 0.402983 0.268606 0.00120668
0 0.462124 0.520119 0.232547 0.170187 0.00120668
0 0.837612 0.338749 0.107746 0.103922 0.00120664
0 0.433839 0.640364 0.353881 0.184963 0.00120398
0 0.221864 0.11641 0.0998389 0.0655291 0.00120385
0 0.291142 0.914889 0.243859 0.170222 0.00120263
0 0.0648165 0.770956 0.129633 0.458089 0.00120246
0 0.120792 0.924101 0.239551 0.151798 0.00120175
0 0.689267 0.364042 0.227132 0.179331 0.00119837
0 0.283454 0.418986 0.247061 0.172718 0.0011973
0 0.810718 0.0916513 0.378565 0.183303 0.00119689
0 0 0.0769071 0 0.153814 0.00119681
0 0.554591 0.275495 0.24413 0.163731 0.00119589
0 0.544853 0.514908 0.251159 0.165577 0.00119208
0 0.283874 0.46953 0.239859 0.160755 0.00118947
0 0.813085 0.726638 0.0866337 0.0880819 0.00118925
0 0.634044 0.1606 0.731912 0.321199 0.00118893
0 0.894623 0.414651 0.210754 0.317314 0.00118784
0 0.278198 0.31897 0.244939 0.166128 0.00118166
0 0.743856 0.415224 0.202415 0.175858 0.00118053
0 1 0.311468 0 0.299962 0.00118031
0 0.858793 0.0870805 0.282415 0.174161 0.00117861
0 0.206321 0.469966 0.257091 0.15909 0.00117571
0 0.0733107 0.973152 0.146621 0.0536964 0.00117512
0 0.396943 0.569717 0.239105 0.175134 0.00117478
0 0.112343 0.926638 0.153052 0.146725 0.00117454
0 0.36141 0.538473 0.180928 0.2109 0.00116957
0 1 0.261947 0 0.30121 0.00116639
0 0.0631609 0.688675 0.126322 0.480328 0.00116562
0 0.194115 0.417215 0.261624 0.169345 0.00116414
0 0.381739 0.604221 0.249236 0.168102 0.00116115
0 0.634815 0.320188 0.244467 0.171344 0.00116091
0 0.631588 0.461752 0.240784 0.17044 0.00115934
0 1 0.0933539 0 0.186708 0.00115719
0 0.557773 0.109055 0.497862 0.218109 0.00115382
0 0.634424 0.365368 0.238638 0.171247 0.00115316
0 0.461605 0.741194 0.395882 0.199288 0.00115227
0 0.556667 0.463241 0.23455 0.170039 0.00114615
0 0.878275 0.27113 0.100307 0.0683042 0.00114266
0 0.19535 0.367461 0.254132 0.167634 0.00114161
0 0.564527 0.319635 0.236113 0.167268 0.00114044
0 0.72241 0.459859 0.247061 0.17476 0.00113872
0 0.772212 0.18774 0.455576 0.37548 0.00113712
0 0.436945 0.125411 0.126025 0.0931724 0.00113668
0 1 0.208238 0 0.331053 0.00113389
0 0.843373 0.976093 0.302776 0.0478136 0.00113278
0 0.197863 0.318231 0.250725 0.166476 0.00112406
0 0.403194 0.216892 0.231782 0.17069 0.00112303
0 0.499644 0.847563 0.687103 0.213447 0.00112219
0 0.746349 0.69479 0.214411 0.149385 0.985074
0 0.233126 0.607784 0.211763 0.151892 0.926429
0 0.384874 0.499313 0.239809 0.146805 0.00533578
0 0.426019 0.490417 0.283345 0.16669 0.00387187
0 0.235609 0.436088 0.301936 0.207887 0.00367775
0 0.870845 0.801979 0.25831 0.247627 0.00302876
0 0.448862 0.89411 0.283473 0.205775 0.00273738
0 0.808607 0.709291 0.0954471 0.126549 0.00269338
0 0.529174 0.105924 0.138102 0.0797436 0.00248301
0 0.197552 0.129934 0.177532 0.0567077 0.00247745
0 0.790711 0.588665 0.23271 0.102373 0.00232393
0 0.325175 0.259651 0.379673 0.257389 0.00227409
0 0.868518 0.374906 0.256186 0.178847 0.00225623
0 0.837002 0.794492 0.228558 0.230806 0.00224097
0 0.225781 0.125693 0.151559 0.0485214 0.00224038
0 0.206689 0.318752 0.413379 0.350478 0.00212344
0 0.189346 0.654077 0.346342 0.252144 0.00209106
0 0.990702 0.0780578 0.0185952 0.156116 0.00208211
0 0.260661 0.252829 0.332368 0.207864 0.0020317
0 0.729222 0.576288 0.287122 0.219305 0.00196965
0 0.74057 0.580116 0.292855 0.130118 0.00196131
0 0.887211 0.126643 0.225154 0.118747 0.00194166
0 0.14286 0.305589 0.285721 0.237417 0.00193809
0 0.411814 0.265268 0.430549 0.293609 0.001926
0 0.987422 0.911313 0.0251565 0.177374 0.00190609
0 0.84508 0.578501 0.309841 0.176596 0.00189995
0 0.65267 0.597265 0.694659 0.459272 0.00187938
0 0.739172 0.762644 0.431063 0.359544 0.00186614
0 0.019395 0.951143 0.0387899 0.0977142 0.00186258
0 0.0144762 0.127684 0.0289524 0.255368 0.00184841
0 0.298973 0.535087 0.362696 0.376503 0.00184127
0 0.0260345 0.358869 0.052069 0.315584 0.00179071
0 0.257986 0.402054 0.322812 0.143921 0.00179049
0 0.385281 0.747886 0.331698 0.147562 0.00176213
0 0.0132708 0.171748 0.0265416 0.28801 0.00176112
0 0.814785 0.763488 0.343087 0.300816 0.00174894
0 0.0126443 0.222537 0.0252886 0.292819 0.00174296
0 0.182707 0.528371 0.365414 0.362218 0.00173556
0 0.48978 0.267584 0.452763 0.300302 0.00171354
0 0.805267 0.636075 0.347954 0.301871 0.00170979
0 0.158844 0.484011 0.301887 0.213726 0.00170819
0 0.590517 0.645093 0.706422 0.516112 0.00169995
0 0.197463 0.45852 0.280509 0.163389 0.00169735
0 0.306005 0.325514 0.533187 0.41746 0.00168984
0 0.486096 0.75743 0.125717 0.0954968 0.0016659
0 0.42722 0.758685 0.24969 0.109206 0.00165643
0 0.234702 0.585068 0.247448 0.187824 0.00164682
0 0.121675 0.35776 0.24335 0.364579 0.00162133
0 0.1424 0.537452 0.284801 0.350635 0.00159621
0 0.139815 0.71989 0.253726 0.249224 0.0015901
0 0.833567 0.7211 0.327358 0.300641 0.00158712
0 0.145027 0.685697 0.290054 0.253971 0.00158436
0 0.277077 0.505202 0.554154 0.503989 0.00157953
0 0.724572 0.805912 0.536648 0.388175 0.00157951
0 0.57412 0.32183 0.756179 0.477102 0.00157807
0 0.132906 0.618522 0.265813 0.214457 0.0015774
0 0.504502 0.132057 0.151051 0.0766345 0.00157397
0 0.0962793 0.961959 0.192559 0.0760824 0.00156011
0 0.0165729 0.312994 0.0331458 0.297161 0.00155188
0 0.23055 0.534906 0.251926 0.301094 0.00153845
0 0.473572 0.0856757 0.300545 0.171351 0.00153164
0 0.505866 0.0697656 0.293614 0.139531 0.00153064
0 0.402388 0.0803465 0.275724 0.160693 0.00152459
0 0.901848 0.766014 0.196304 0.325499 0.00151941
0 0 0.460916 0 0.348057 0.00151551
0 0.888802 0.812739 0.222396 0.335529 0.00151518
0 0.752236 0.664529 0.269806 0.248757 0.00151174
0 0.899673 0.0859685 0.200654 0.171937 0.00150551
0 0.342317 0.763932 0.314789 0.232486 0.00150529
0 0.0284136 0.557912 0.0568273 0.300523 0.00150384
0 0.270004 0.605307 0.296614 0.240926 0.00149867
0 0.84605 0.416906 0.307901 0.41679 0.0014985
0 0.804654 0.597957 0.390692 0.370525 0.00148732
0 0.884665 0.700869 0.230669 0.392984 0.00148581
0 0 0.218611 0 0.351217 0.00148458
0 0.797434 0.69581 0.327592 0.265389 0.00148229
0 1 0.938602 0 0.122796 0.00148221
0 0.46887 0.10931 0.279952 0.197023 0.00146679
0 0.432203 0.139954 0.105863 0.0665004 0.00145169
0 0.418298 0.135546 0.140968 0.0714936 0.00144676
0 0.266443 0.377137 0.532886 0.455498 0.00144009
0 0.178383 0.70634 0.356765 0.359337 0.00142556
0 0.86377 0.31831 0.27246 0.372378 0.0014216
0 0.0366708 0.504998 0.0733415 0.344135 0.0014204
0 0.397918 0.322664 0.653638 0.450445 0.00140908
0 0.524058 0.112255 0.323414 0.22451 0.00140524
0 0.803458 0.114522 0.393084 0.229045 0.0014045
0 0.0243719 0.612289 0.0487439 0.27853 0.00140201
0 0.0234934 0.670194 0.0469868 0.280384 0.0014019
0 0.0848989 0.304086 0.169798 0.199253 0.00139967
0 0.439218 0.687559 0.328501 0.263426 0.00139838
0 0.433163 0.901517 0.558524 0.196965 0.00139789
0 0.5254 0.129263 0.140696 0.0310347 0.00138444
0 0.334842 0.0777594 0.264174 0.155519 0.00137206
0 0.587815 0.896213 0.66066 0.207574 0.001365
0 0.244441 0.0679451 0.260841 0.13589 0.00136414
0 0.371611 0.208761 0.277247 0.178166 0.00136411
0 0.0415688 0.083096 0.0831376 0.166192 0.00136211
0 0.716173 0.530882 0.258515 0.232059 0.00135566
0 0.480452 0.56005 0.769047 0.521257 0.00134507
0 0.402064 0.117072 0.258974 0.168388 0.00133891
0 0 0.0699728 0 0.139946 0.00133814
0 0.00469582 0.917264 0.00939165 0.165473 0.00133756
0 0.816351 0.829706 0.331243 0.255374 0.00133601
0 0.659271 0.322062 0.681458 0.489739 0.00133419
0 0.666005 0.265701 0.572687 0.363363 0.00133196
0 0.293584 0.77695 0.30317 0.21293 0.00132975
0 0.205214 0.61386 0.291862 0.199586 0.00132944
0 0.44073 0.21092 0.286722 0.186503 0.00132395
0 0.852227 0.606992 0.295547 0.418472 0.00132269
0 0.205203 0.254183 0.300982 0.178898 0.00131917
0 0.349053 0.925561 0.439696 0.148879 0.00131765
0 0.000578804 0.314967 0.00115761 0.355381 0.0013141
0 0.397217 0.705594 0.329711 0.255181 0.00131082
0 0.687088 0.885683 0.625824 0.228634 0.00130712
0 0.70237 0.835873 0.59526 0.328254 0.0013069
0 0.788665 0.304893 0.42267 0.48917 0.00130453
0 0.458908 0.645204 0.286181 0.214054 0.00130432
0 0.107124 0.964515 0.201413 0.07097 0.00129582
0 0.762469 0.167897 0.475063 0.335794 0.00128871
0 0.670255 0.772447 0.645594 0.455107 0.00128057
0 0.861579 0.828147 0.276841 0.343705 0.00127944
0 0.650779 0.20341 0.438514 0.297312 0.00127926
0 0.0248948 0.854613 0.0497896 0.290774 0.00127814
0 0.0300348 0.757287 0.0600696 0.302692 0.00127579
0 0.910852 0.462056 0.178295 0.37002 0.00126445
0 0.340339 0.783038 0.680678 0.433924 0.00125897
0 0.479801 0.872959 0.261009 0.212452 0.00125109
0 0.503139 0.213275 0.301173 0.191017 0.00124993
0 0.737377 0.127072 0.525247 0.254143 0.00124665
0 0.468021 0.470711 0.82115 0.525024 0.0012466
0 0.974932 0.214629 0.050135 0.355811 0.00124647
0 0.178976 0.0670063 0.256389 0.134013 0.00124534
0 0.309545 0.209963 0.267476 0.16894 0.00124344
0 0.561077 0.212197 0.332743 0.206808 0.00124234
0 0.204107 0.728366 0.39725 0.444495 0.00124089
0 0.516338 0.0930858 0.306961 0.186172 0.00124034
0 0.0168295 0.885554 0.0336591 0.228891 0.00123088
0 0.262846 0.684437 0.311032 0.363503 0.00122736
0 0.591377 0.737531 0.817247 0.524938 0.00122579
0 0.512433 0.17495 0.279564 0.180634 0.00122364
0 0.454625 0.177423 0.270216 0.164232 0.00122169
0 0.241076 0.967498 0.314952 0.0650045 0.00121918
0 0.0339114 0.411375 0.0678227 0.364185 0.00121629
0 0.893924 0.803447 0.212152 0.384749 0.00121501
0 0.456805 0.772405 0.191096 0.130195 0.00121483
0 0.722066 0.223008 0.555869 0.446017 0.00121482
0 0.0125412 0.100288 0.0250824 0.200576 0.00121369
0 0.831638 0.947942 0.336724 0.104117 0.00121123
0 0.574146 0.161327 0.344203 0.258228 0.0012112
0 0.887881 0.121462 0.224238 0.242924 0.00120864
0 0.00692038 0.813426 0.0138408 0.284557 0.00120638
0 0.329971 0.492268 0.659943 0.439631 0.00120591
0 0.00377723 0.263673 0.00755447 0.33367 0.00120338
0 0 0.144252 0 0.288504 0.00120155
0 0.875322 0.526645 0.249357 0.162277 0.00120125
0 0.978809 0.171402 0.0423823 0.342803 0.00120096
0 0.886514 0.966951 0.226972 0.0660978 0.0011995
0 0 0.566473 0 0.324927 0.00119897
0 0.798912 0.408148 0.402176 0.456455 0.00119543
0 0.783978 0.912855 0.432045 0.17429 0.00119466
0 0.958314 0.313932 0.0833721 0.364454 0.00119358
0 1 0.0746765 0 0.149353 0.00118869
0 0.00659671 0.7116 0.0131934 0.275161 0.00118658
0 0.107627 0.926246 0.215254 0.147509 0.00118174
0 0.872944 0.214661 0.254112 0.375095 0.001178
0 0.0188651 0.904485 0.0377303 0.191031 0.00117608
0 0.846522 0.51037 0.306957 0.420443 0.00116831
0 0.59304 0.142709 0.491013 0.285418 0.00116809
0 0.00660165 0.510804 0.0132033 0.260265 0.00116673
0 0.951747 0.865337 0.0965063 0.269327 0.00116594
0 0.393765 0.175001 0.262559 0.160586 0.00116418
0 0.00433775 0.409093 0.0086755 0.300807 0.00116406
0 0.711806 0.178834 0.571542 0.357667 0.00116346
0 0.115499 0.0692138 0.230998 0.138428 0.00116151
0 0.209266 0.787517 0.418532 0.421073 0.00116131
0 0.773457 0.506837 0.453085 0.443509 0.00115177
0 0.307137 0.394127 0.22369 0.124255 0.00114579
0 0.997261 0.137324 0.00547804 0.274648 0.00114445
0 0.798633 0.137229 0.174439 0.0718688 0.00113873
0 0.40858 0.847895 0.337736 0.246746 0.0011338
0 0.793095 0.837965 0.41381 0.32407 0.00113209
0 0.674881 0.172431 0.650238 0.344862 0.00112704
0 0.332454 0.119617 0.24977 0.160081 0.00112603
0 0.25524 0.792398 0.510481 0.415204 0.00112449
0 0.50532 0.126709 0.168198 0.0345994 0.0011209
0 0.320584 0.618605 0.0598947 0.127361 0.00111718
0 0.366221 0.315233 0.209025 0.152034 0.00111643
0 0.147099 0.97281 0.245369 0.0543797 0.00111065
0 0.788446 0.560022 0.423109 0.407883 0.00111004
0 0.00895956 0.951292 0.0179191 0.0974157 0.00110816
0 0.889932 0.331498 0.218723 0.152206 0.001105
0 0.927649 0.961722 0.144703 0.0765553 0.00110218
0 0.917855 0.615851 0.16429 0.16106 0.00109991
0 0.243358 0.214058 0.24429 0.162057 0.00109889
0 0.111393 0.934333 0.222787 0.131335 0.00109708
0 0.143662 0.388548 0.287323 0.175227 0.00108862
0 0.624589 0.469137 0.744651 0.496107 0.00108631
0 0.43595 0.516362 0.345688 0.244082 0.00108461
0 0.433899 0.0848662 0.455155 0.169732 0.00108269
0 0.710074 0.22954 0.579852 0.459081 0.00108009
0 0.274816 0.817993 0.549633 0.364014 0.00107661
0 0.488873 0.363538 0.84765 0.527964 0.00107301
0 0.327415 0.172487 0.254187 0.160455 0.00107252
0 0.730922 0.874574 0.28873 0.234047 0.00107244
0 0.377905 0.140922 0.190216 0.0674517 0.00106743
0 0.931662 0.562383 0.136676 0.367776 0.00106637
0 0 0.668515 0 0.327276 0.00106518
0 0.113331 0.122365 0.226663 0.17146 0.0010609
0 0.637085 0.407273 0.725829 0.528457 0.00106062
0 0.138688 0.92314 0.26753 0.153719 0.00105476
0 0.104387 0.704863 0.208773 0.229656 0.00105323
0 0 0.765832 0 0.334324 0.00105264
0 0.694628 0.63221 0.503825 0.362513 0.00105226
0 0.906031 0.762346 0.187938 0.227333 0.00105198
0 0.753632 0.0765372 0.349875 0.153074 0.00105195
0 0.821913 0.396177 0.291463 0.156236 0.00105022
0 0.95858 0.812346 0.0828404 0.36535 0.00104935
0 0.232947 0.416044 0.465893 0.470559 0.00104848
0 0.252395 0.121703 0.230442 0.153898 0.00104185
0 0.105979 0.893359 0.211958 0.213281 0.00104172
0 0.842497 0.576543 0.290433 0.121663 0.00103944
0 0.834644 0.832743 0.330711 0.334515 0.00103788
0 0.879967 0.875216 0.240066 0.249567 0.00103663
0 0 0.00477586 0 0.00955172 0.00103527
0 0.00104772 0.947635 0.00209543 0.104731 0.00103075
0 0.987261 0.512368 0.0254784 0.356492 0.00103056
0 0.957043 0.263153 0.0859137 0.355515 0.00102737
0 0.838969 0.180997 0.322062 0.361994 0.00102648
0 0.112727 0.546991 0.225455 0.248126 0.00102359
0 0.195456 0.121135 0.234901 0.149791 0.00102335
0 0.16153 0.2586 0.264067 0.165712 0.00102305
0 0 0.873773 0 0.252455 0.00101896
0 0.304679 0.78675 0.431768 0.203782 0.00100665
0 0.151848 0.82723 0.303696 0.34554 0.00100525
0 0.871495 0.934243 0.257011 0.131515 0.00100254
0 0.748758 0.697318 0.215845 0.148829 0.982882
0 0.232838 0.606675 0.218628 0.151868 0.958834
0 0.713765 0.520647 0.256917 0.256319 0.570875
0 0.999463 0.113708 0.00107298 0.227417 0.392195
0 0.0457665 0.125251 0.091533 0.250501 0.351722
0 0.998982 0.887281 0.0020355 0.225438 0.180189
0 0.755859 0.531389 0.346 0.260324 0.164289
0 0.431666 0.298175 0.336591 0.263424 0.112233
0 0.0399896 0.885986 0.0799792 0.228027 0.0496707
0 0.869343 0.873574 0.261315 0.252466 0.0376373
0 0.0241939 0.100227 0.0483877 0.200453 0.0331466
0 0.999407 0.16356 0.0011864 0.27714 0.0312374
0 0.497545 0.595374 0.206241 0.215842 0.0293184
0 0.319925 0.121198 0.283521 0.21557 0.0290787
0 0.463883 0.69663 0.377426 0.276119 0.0221111
0 0.461381 0.661255 0.289568 0.24584 0.0196231
0 0.998903 0.563865 0.00219402 0.27655 0.0189528
0 0.0473835 0.188415 0.094767 0.277561 0.0178461
0 0.999181 0.613882 0.0016385 0.276526 0.016529
0 0.998884 0.51427 0.00223197 0.27676 0.0155008
0 1 0.900512 0 0.198977 0.0153338
0 0.0485727 0.341698 0.0971454 0.279021 0.0149558
0 0.373377 0.873794 0.336054 0.248392 0.014478
0 0.831149 0.577948 0.337703 0.235471 0.0143107
0 0.997734 0.668287 0.00453119 0.28362 0.0141091
0 0.999032 0.463667 0.00193638 0.276542 0.0139863
0 0.429214 0.506951 0.36455 0.257913 0.0127166
0 0.997636 0.718278 0.00472779 0.2839 0.012302
0 0.997357 0.418301 0.00528616 0.282762 0.0122504
0 0.0528202 0.387456 0.10564 0.275147 0.012186
0 0.882706 0.604956 0.234588 0.234626 0.0120127
0 0.997511 0.84438 0.00497855 0.285188 0.0117648
0 0.683438 0.883259 0.325136 0.231012 0.0116988
0 0.997444 0.793464 0.0051121 0.284116 0.0112719
0 0.997418 0.217887 0.00516436 0.283593 0.0112042
0 0.997373 0.268188 0.00525388 0.283625 0.0106657
0 0.997273 0.368272 0.00545441 0.283308 0.0104913
0 0.84104 0.849519 0.317919 0.267659 0.0099689
0 0.145521 0.883158 0.279189 0.233685 0.00985036
0 0.459169 0.75837 0.395538 0.290648 0.0095088
0 0.514184 0.959223 0.261153 0.0803528 0.00941991
0 0.999157 0.313963 0.00168522 0.276999 0.00869701
0 0.0512787 0.287329 0.102557 0.274883 0.00853733
0 0.051007 0.441282 0.102014 0.28181 0.00842961
0 0.0486899 0.81381 0.0973798 0.277976 0.0082868
0 0.264854 0.941719 0.311981 0.116408 0.00800396
0 0.0571728 0.540837 0.114346 0.28195 0.00772335
0 1 0.888911 0 0.222178 0.0072674
0 0.4694 0.610249 0.268652 0.23332 0.00681784
0 0.0520325 0.487401 0.104065 0.275784 0.00653513
0 0.685573 0.1353 0.284711 0.236998 0.00652651
0 0.0627403 0.590041 0.125481 0.283986 0.00634896
0 0.0488165 0.763131 0.0976331 0.276953 0.00614705
0 0.0485178 0.237495 0.0970356 0.275618 0.0056928
0 0.53726 0.937505 0.312051 0.1248 0.00546311
0 0.239416 0.959378 0.269225 0.0801682 0.00540948
0 0.808552 0.962628 0.268977 0.0741783 0.00522992
0 0.0499073 0.713208 0.0998146 0.277069 0.00480843
0 0.738571 0.877965 0.288237 0.239946 0.00462599
0 0.99947 0.0716058 0.00105907 0.143212 0.00413867
0 0.438455 0.349344 0.3275 0.248963 0.00382884
0 0.741061 0.841616 0.509035 0.304191 0.00353823
0 1 0.145849 0 0.279724 0.00351041
0 0.864448 0.199351 0.271104 0.237629 0.0034505
0 0.37906 0.48564 0.30989 0.202642 0.00334602
0 0.520948 0.574945 0.159095 0.180459 0.00325862
0 0.996052 0.866739 0.00789649 0.266522 0.00319614
0 0.762639 0.294275 0.359924 0.258904 0.00309048
0 0.958486 0.953035 0.0830273 0.0922058 0.00301767
0 0.0646009 0.639118 0.129202 0.284349 0.00294063
0 0.869744 0.143018 0.260513 0.243477 0.00293459
0 0.851265 0.912099 0.297471 0.175803 0.00291958
0 0.884602 0.352713 0.230795 0.210076 0.00290306
0 0.280531 0.136716 0.364276 0.237769 0.00287961
0 0.489588 0.971734 0.233615 0.0565326 0.00279056
0 0.0747593 0.419542 0.149519 0.398484 0.00275752
0 0.0707241 0.178291 0.141448 0.356582 0.00267176
0 0.612343 0.886285 0.33813 0.225566 0.0026226
0 0.0715681 0.861704 0.143136 0.276593 0.00246116
0 0.45188 0.273183 0.285091 0.216417 0.00246107
0 0.996137 0.702612 0.00772608 0.354003 0.00243252
0 0.844568 0.93959 0.310863 0.118084 0.00239769
0 0.0752541 0.324591 0.150508 0.399163 0.00239651
0 1 0.899912 0 0.200176 0.00237148
0 0.7762 0.936136 0.434899 0.127727 0.00236632
0 0.822695 0.61014 0.349477 0.363929 0.00231897
0 0.818091 0.821491 0.36303 0.341064 0.00230719
0 0.995879 0.810633 0.00824245 0.37078 0.00224667
0 0.0742031 0.810197 0.148406 0.379606 0.00222519
0 0.798854 0.55566 0.402292 0.350095 0.00213366
0 0.997163 0.402231 0.00567303 0.340117 0.00210961
0 0.0765254 0.52045 0.153051 0.3975 0.00210141
0 0.997157 0.302266 0.00568599 0.338126 0.00209555
0 0.432757 0.879104 0.38154 0.241792 0.0020817
0 0.99704 0.501346 0.00592041 0.340201 0.00206022
0 0.845996 0.764872 0.298923 0.314331 0.00205758
0 0.30677 0.84429 0.561303 0.311419 0.00205694
0 1 0.11672 0 0.23344 0.00205066
0 0.831187 0.704807 0.331412 0.301916 0.00203191
0 0.996895 0.599873 0.00620965 0.338452 0.00197434
0 1 0.973547 0 0.0529055 0.00192786
0 1 0.9195 0 0.161 0.00192031
0 0.974032 0.17182 0.0519366 0.343639 0.0018594
0 0.534024 0.603933 0.137516 0.227281 0.00185309
0 0.0758083 0.72774 0.151617 0.411591 0.00182844
0 0.496712 0.948486 0.245346 0.102552 0.00182713
0 0.224559 0.973463 0.229746 0.0530733 0.00176133
0 0.909079 0.699106 0.181841 0.370148 0.00174191
0 0.210049 0.464526 0.247487 0.193978 0.00173809
0 0.0764358 0.624926 0.152872 0.408323 0.00173037
0 0.603594 0.517632 0.553893 0.399116 0.00172181
0 0.209486 0.195971 0.418971 0.391941 0.00170987
0 0.421319 0.844476 0.451856 0.311049 0.00170017
0 0.832287 0.885268 0.335426 0.229464 0.0016926
0 0.912612 0.412212 0.174776 0.380449 0.00168804
0 0.934617 0.209232 0.130765 0.391357 0.00168444
0 0.854335 0.758086 0.226825 0.169094 0.00167598
0 0.0991757 0.368498 0.198351 0.375237 0.00167299
0 0.86254 0.496878 0.274921 0.426612 0.00164805
0 0.955336 0.658054 0.0893271 0.368332 0.00164605
0 0.997521 0.0831985 0.00495776 0.166397 0.00164292
0 0.876791 0.559357 0.246418 0.377269 0.00163705
0 0.180056 0.866842 0.354368 0.265537 0.00163003
0 0.0624656 0.927557 0.124931 0.144885 0.00162294
0 0.996499 0.201218 0.00700257 0.360554 0.00162002
0 0.997094 0.139143 0.00581157 0.278286 0.00161762
0 0.732524 0.125529 0.377543 0.215451 0.00160594
0 0.927049 0.310906 0.145902 0.381813 0.00160061
0 0.859043 0.213728 0.281915 0.427456 0.00158885
0 0.989151 0.0884516 0.0216971 0.176903 0.00157804
0 0.120553 0.278161 0.241105 0.38778 0.00156365
0 0.237695 0.578972 0.243168 0.198314 0.00153136
0 0.132113 0.425589 0.264225 0.409166 0.00151896
0 0.338495 0.0683337 0.220708 0.109989 0.00150958
0 1 0.941656 0 0.116687 0.00150307
0 1 0.521535 0 0.279667 0.00147844
0 0.190164 0.329637 0.380328 0.436829 0.00147532
0 0.749944 0.658289 0.281979 0.245176 0.00147401
0 0.916409 0.757545 0.167183 0.335183 0.00146506
0 1 0.195894 0 0.280054 0.00146292
0 0.878327 0.806751 0.243346 0.257894 0.00145826
0 0.420525 0.556076 0.484483 0.402486 0.00145736
0 0.0984776 0.467425 0.196955 0.373537 0.00145611
0 0.934804 0.559282 0.130392 0.368415 0.00145215
0 0.548707 0.901507 0.327154 0.196415 0.00145114
0 1 0.696393 0 0.279649 0.00143677
0 0.488821 0.786103 0.307557 0.268917 0.00142742
0 0.577474 0.264879 0.592432 0.420285 0.00141962
0 0.928132 0.727634 0.143736 0.232666 0.00141681
0 0.283396 0.53873 0.307112 0.30736 0.00141109
0 0.785336 0.50886 0.429329 0.391149 0.00140802
0 0.139458 0.572505 0.278917 0.40682 0.00140223
0 1 0.646461 0 0.279515 0.00139545
0 0.753721 0.600344 0.489421 0.379165 0.00139297
0 0.640107 0.470306 0.719787 0.469566 0.00137488
0 1 0.746335 0 0.279624 0.00137488
0 0.206984 0.73967 0.235205 0.222484 0.00136057
0 0.867151 0.29928 0.265698 0.437563 0.0013555
0 0.259802 0.854733 0.519605 0.290534 0.00135506
0 0.0512508 0.462118 0.092376 0.233021 0.00134154
0 1 0.571487 0 0.279603 0.00133734
0 0.480991 0.623327 0.433344 0.392212 0.00133403
0 0.859305 0.963801 0.281391 0.0723974 0.00133259
0 1 0.471527 0 0.279396 0.00133202
0 0.611967 0.223704 0.729846 0.447408 0.00132349
0 1 0.79656 0 0.279919 0.00132348
0 0.111347 0.938562 0.222694 0.122877 0.00132052
0 0.664235 0.948179 0.312139 0.103643 0.00131451
0 0.585576 0.383887 0.639714 0.448414 0.00130674
0 0.717982 0.26882 0.279066 0.209876 0.00129567
0 0.17717 0.610918 0.354339 0.299982 0.00129369
0 0.187949 0.226012 0.223948 0.200906 0.00129149
0 0.259045 0.905746 0.335458 0.188027 0.00129093
0 0.137808 0.950166 0.275617 0.0996677 0.00129025
0 0.486151 0.429125 0.224501 0.244962 0.0012849
0 0.512883 0.96967 0.280586 0.0606609 0.00127876
0 0.445953 0.945812 0.372979 0.108376 0.00127801
0 1 0.847576 0 0.281379 0.00127626
0 0.0387096 0.978534 0.0774192 0.0429319 0.00127487
0 0.793051 0.976314 0.235634 0.0473715 0.00126697
0 0.975379 0.758099 0.0492413 0.35132 0.00125713
0 0.987444 0.943609 0.025113 0.112783 0.00124873
0 0.250001 0.305984 0.378094 0.257605 0.00124338
0 0.378073 0.946485 0.339092 0.10703 0.00124011
0 0.606497 0.947179 0.339774 0.105643 0.00123499
0 0.837758 0.0999341 0.324485 0.199868 0.00123009
0 0.267918 0.370034 0.535835 0.525395 0.00122996
0 0.946059 0.0889456 0.107882 0.177891 0.00122834
0 0.0504429 0.266895 0.0907532 0.233181 0.00122412
0 0.234259 0.537449 0.249686 0.286591 0.00122405
0 0.340842 0.112583 0.48658 0.225166 0.00121118
0 0.925188 0.675306 0.149623 0.223069 0.00121029
0 0.694116 0.952846 0.466764 0.0943082 0.00120775
0 0.70891 0.533175 0.485538 0.404016 0.00120447
0 0.539153 0.945621 0.381966 0.108758 0.00119365
0 0.926248 0.145411 0.147504 0.290822 0.00118852
0 0.155313 0.84146 0.310626 0.317081 0.00118418
0 0.470053 0.856867 0.494366 0.286265 0.00117739
0 0.105349 0.115852 0.201293 0.21099 0.0011759
0 0.436885 0.526258 0.661608 0.46372 0.00117338
0 0.282625 0.273375 0.565251 0.522844 0.00117319
0 0.489977 0.116664 0.502962 0.233328 0.00117317
0 0.99611 0.928347 0.00777982 0.143305 0.0011725
0 0.368926 0.117236 0.451464 0.206 0.00117233
0 1 0.246325 0 0.279488 0.00117144
0 1 0.421451 0 0.27918 0.00116145
0 0.760018 0.954128 0.319759 0.0917446 0.00116056
0 0.471859 0.233142 0.765726 0.466283 0.0011602
0 0.555255 0.560888 0.465848 0.36467 0.0011589
0 0.494613 0.336954 0.513099 0.404788 0.00115117
0 0.920613 0.696327 0.158775 0.161845 0.00114424
0 0.17071 0.677264 0.34142 0.401304 0.00114341
0 1 0.296519 0 0.279688 0.00114305
0 0.162833 0.936067 0.316787 0.127865 0.00114092
0 0.440405 0.466984 0.337531 0.262221 0.00114055
0 0.110149 0.814679 0.220298 0.370642 0.00113855
0 0.323579 0.943112 0.349612 0.113775 0.00113264
0 0.240063 0.940392 0.392275 0.119216 0.00112747
0 0.977657 0.979446 0.0446856 0.0411076 0.00112742
0 0.284058 0.954212 0.328208 0.0873402 0.00112001
0 0.639214 0.117801 0.506427 0.235603 0.00111957
0 0.644716 0.32921 0.658088 0.42593 0.00111923
0 1 0.346554 0 0.279722 0.00111694
0 0.804907 0.379584 0.390186 0.420735 0.00111232
0 0.233345 0.442498 0.294022 0.218417 0.00110539
0 0.111267 0.159659 0.222535 0.319318 0.00110056
0 0.587609 0.857128 0.540959 0.285744 0.00109836
0 0.450898 0.879112 0.552871 0.241777 0.0010972
0 0.794563 0.437989 0.410874 0.437436 0.00109682
0 0.199768 0.263157 0.250103 0.236547 0.0010946
0 0.120165 0.718714 0.24033 0.377062 0.00109019
0 0.605178 0.604248 0.529664 0.385317 0.00108707
0 0.607684 0.952394 0.453107 0.0952127 0.0010856
0 0 0.14885 0 0.173286 0.00108018
0 0 0.209217 0 0.176204 0.00107016
0 0.32387 0.0863907 0.260844 0.146214 0.00106858
0 0.587983 0.712709 0.549424 0.408658 0.00106452
0 0.972633 0.129584 0.0540688 0.232805 0.00106271
0 0.706135 0.76933 0.4829 0.399402 0.00105853
0 0.303963 0.766873 0.462653 0.282007 0.00105817
0 0.047913 0.43235 0.0958261 0.415697 0.00105679
0 0.968407 0.856205 0.0631868 0.28759 0.00105517
0 0.253601 0.909504 0.507202 0.180991 0.00105267
0 0.279541 0.215259 0.559083 0.430517 0.00104711
0 0.956352 0.116815 0.0872953 0.233629 0.00104682
0 0.319793 0.913569 0.48708 0.172863 0.00103487
0 0.792657 0.113563 0.414686 0.227127 0.00103291
0 0.302575 0.488254 0.605151 0.48122 0.0010317
0 0.0471598 0.309227 0.0894983 0.265012 0.00102823
0 0 0.270023 0 0.193089 0.00102291
0 0 0.92045 0 0.159101 0.00101589
0 0.878006 0.446079 0.243988 0.233097 0.0010135
0 0.799902 0.169249 0.400196 0.338497 0.00101027
0 0.779969 0.358372 0.388577 0.20042 0.0010063
0 0.260566 0.125198 0.521132 0.250395 0.00100587
0 0 0.981048 0 0.0379038 0.00100375
0 0.451108 0.534052 0.299716 0.213911 0.00100233
0 0.749456 0.696978 0.215834 0.150279 0.971027
0 0.234823 0.604809 0.214522 0.153022 0.934728
0 0.605203 0.353286 0.352249 0.229701 0.027975
0 0.859244 0.355779 0.281511 0.250057 0.0222403
0 0.144929 0.890335 0.282178 0.219329 0.013692
0 0.663458 0.0860526 0.343299 0.170089 0.0129547
0 0.432098 0.284637 0.324672 0.234047 0.0095112
0 0.849021 0.550926 0.301905 0.235524 0.0092924
0 0.842602 0.197453 0.314797 0.255434 0.00928619
0 0.180733 0.467862 0.361466 0.248885 0.00728314
0 0.26392 0.418192 0.364969 0.268026 0.00610866
0 0.998002 0.113515 0.00399591 0.22703 0.00594536
0 0.313078 0.130201 0.361174 0.245649 0.00442789
0 0.703139 0.509432 0.231177 0.263935 0.00435509
0 0.650534 0.891713 0.320197 0.216574 0.00432082
0 0.00628169 0.0972203 0.0125634 0.194441 0.0034955
0 0.449075 0.253285 0.29812 0.195233 0.0033661
0 0.427426 0.881572 0.343651 0.236857 0.00318452
0 0.863005 0.906064 0.273991 0.187872 0.00296018
0 0.148364 0.70006 0.296727 0.245865 0.00284153
0 0.473388 0.610077 0.253818 0.232397 0.00265456
0 0.88609 0.760913 0.22782 0.240351 0.0026145
0 0.180474 0.336994 0.171044 0.0991183 0.00260123
0 0.89291 0.106958 0.211442 0.203563 0.00249662
0 0.280533 0.761755 0.345477 0.239254 0.00247123
0 0.429002 0.486584 0.378382 0.265048 0.00232441
0 0.39345 0.315949 0.314443 0.236142 0.00231221
0 0.264041 0.147723 0.357452 0.211294 0.00230437
0 0.375698 0.568199 0.158631 0.0992601 0.00216489
0 0.37958 0.550782 0.176609 0.104288 0.00201541
0 0.0656337 0.191915 0.117996 0.0966656 0.00192992
0 0.998735 0.885071 0.00253026 0.229858 0.00189959
0 0.185769 0.865753 0.371538 0.256526 0.00186962
0 0.282685 0.34629 0.379937 0.216278 0.0018311
0 0.903789 0.0835426 0.186756 0.147867 0.00181329
0 0.528432 0.395974 0.343847 0.238612 0.00160909
0 0.662847 0.319617 0.354394 0.25762 0.00159126
0 0.998071 0.793277 0.00385737 0.306263 0.00153778
0 0.715903 0.0835011 0.375044 0.167002 0.00145308
0 0.997085 0.541906 0.00582913 0.314387 0.00141604
0 0.59836 0.752709 0.256214 0.213104 0.00141277
0 0.994981 0.45254 0.0100379 0.34803 0.00140521
0 0.470636 0.870986 0.327304 0.216349 0.00140119
0 0.995209 0.852827 0.00958238 0.294346 0.00139457
0 0.48188 0.218321 0.234751 0.215906 0.00138004
0 0.965866 0.897844 0.0682684 0.204311 0.00136637
0 0.998949 0.732601 0.00210112 0.284099 0.00136179
0 0.994205 0.841637 0.0115895 0.166817 0.00135009
0 0.326926 0.889062 0.339777 0.221876 0.00134066
0 0.212545 0.431029 0.393491 0.270314 0.00133265
0 0.997837 0.638676 0.00432512 0.307277 0.00133032
0 0.00916816 0.888761 0.0183363 0.222477 0.00129559
0 0.964021 0.508188 0.0719586 0.339398 0.00128532
0 0.996976 0.403647 0.00604734 0.32389 0.00128278
0 0.933031 0.45325 0.133938 0.378638 0.00128267
0 0.991901 0.642827 0.0161986 0.196239 0.00127333
0 0.997293 0.502604 0.00541336 0.312481 0.00127157
0 0.986318 0.568456 0.0273645 0.278195 0.0012691
0 0.100354 0.734937 0.200709 0.289367 0.00125037
0 1 0.981479 0 0.0370419 0.00124844
0 0.997034 0.303007 0.00593216 0.326697 0.00124192
0 0.993055 0.701038 0.0138908 0.185976 0.00123774
0 0.997404 0.148019 0.00519258 0.296038 0.00119907
0 0.869663 0.487435 0.260675 0.419554 0.00119503
0 0.904621 0.548697 0.190758 0.341398 0.00118912
0 0.476059 0.132532 0.149802 0.0754237 0.00118008
0 0.386991 0.78417 0.131537 0.0723197 0.00117726
0 0.322147 0.328425 0.321959 0.228517 0.00117566
0 0.207313 0.688725 0.316945 0.225899 0.00117363
0 0.997268 0.200404 0.00546427 0.324025 0.00116635
0 0.997761 0.698928 0.00447825 0.288185 0.00115792
0 0.677706 0.580981 0.644588 0.439448 0.00115516
0 0.993468 0.743573 0.0130649 0.196672 0.00115481
0 0.994039 0.785149 0.0119227 0.170672 0.00114645
0 0.231718 0.717992 0.253103 0.229525 0.00114406
0 0.749437 0.670835 0.222572 0.208601 0.00113459
0 0.588559 0.0474242 0.122595 0.0773327 0.00113349
0 1 0.0799475 0 0.159895 0.00113325
0 0.800401 0.590675 0.399198 0.378539 0.00113221
0 0.968697 0.832773 0.062606 0.153311 0.0011196
0 0.661479 0.960348 0.260632 0.0793037 0.00111815
0 0.841005 0.928078 0.31799 0.143843 0.00111618
0 0.916098 0.357157 0.167805 0.391174 0.00110231
0 0.344642 0.740862 0.352198 0.257555 0.00110102
0 0.511086 0.19996 0.234451 0.23429 0.00109841
0 0.994159 0.358925 0.0116826 0.362704 0.00109832
0 0.419841 0.964014 0.241726 0.0719718 0.0010932
0 0.176921 0.63417 0.353842 0.319164 0.00109148
0 0.965843 0.780005 0.0683132 0.159995 0.0010877
0 0.918677 0.747793 0.162645 0.23868 0.00107944
0 0.372317 0.963021 0.266561 0.0739586 0.00107881
0 0.305065 0.494302 0.610129 0.498346 0.0010651
0 0.882583 0.97164 0.234835 0.0567204 0.00105806
0 0.431288 0.488463 0.629451 0.450041 0.00105155
0 0.229722 0.662399 0.188917 0.0346218 0.00104982
0 0.26935 0.861508 0.341947 0.276984 0.00104557
0 0.0518294 0.317309 0.102326 0.244386 0.00104501
0 0.195114 0.541459 0.390228 0.490915 0.00104396
0 0.08783 0.516828 0.17566 0.289931 0.00104224
0 0.29936 0.964909 0.252651 0.0701828 0.00103359
0 0.0819501 0.791665 0.1639 0.416669 0.00103034
0 0.390862 0.590588 0.293331 0.199375 0.00102101
0 0.950162 0.630386 0.0996753 0.230707 0.00102051
0 0.278861 0.668601 0.270369 0.192933 0.00101919
0 0.3942 0.463033 0.788399 0.547173 0.00101226
0 0.594334 0.703467 0.51594 0.359877 0.00100915
0 0.144111 0.961018 0.218036 0.0779637 0.00100648
0 0.747798 0.694764 0.21997 0.151373 0.918151
0 0.236666 0.603825 0.218484 0.152714 0.847169
0 0.480661 0.132694 0.138545 0.0752471 0.0341247
0 0.729298 0.360287 0.129243 0.0680612 0.0184252
0 0.725456 0.345045 0.124939 0.0991457 0.0153326
0 0.531302 0.358394 0.119597 0.111261 0.0138095
0 0.383198 0.566485 0.157107 0.086589 0.0121491
0 0.182194 0.143975 0.16378 0.0563606 0.0111737
0 0.199286 0.1299 0.163202 0.0591067 0.0102227
0 0.348076 0.533332 0.0941217 0.0659622 0.0100845
0 0.452055 0.133501 0.118166 0.0704716 0.00505626
0 0.634248 0.403065 0.11027 0.100706 0.00483309
0 0.22424 0.122117 0.135192 0.0601424 0.00475522
0 0.881427 0.375963 0.228097 0.190219 0.00463777
0 0.600084 0.0451219 0.126692 0.0680182 0.00438356
0 0.406929 0.533022 0.141137 0.0972879 0.00438224
0 0.667738 0.139299 0.121636 0.0551142 0.00418962
0 0.17114 0.131376 0.119931 0.0515493 0.00410939
0 0.607052 0.139391 0.125057 0.0566243 0.00389884
0 0.642447 0.139115 0.13543 0.0565277 0.0037638
0 0.366433 0.535547 0.13177 0.0707622 0.00367362
0 0.00303738 0.0773689 0.00607475 0.154738 0.00365643
0 0.491239 0.775748 0.113567 0.0715721 0.00355253
0 0.352073 0.521853 0.125867 0.0513849 0.00351032
0 0.790109 0.530304 0.149687 0.0957937 0.00298294
0 0.821887 0.277994 0.125753 0.0869221 0.00276211
0 0.384665 0.784987 0.132125 0.0690372 0.00271422
0 0.194782 0.0536749 0.187518 0.0903059 0.00268543
0 0.338389 0.179147 0.13882 0.111804 0.0026203
0 1 0.0897615 0 0.179523 0.00246228
0 0.757631 0.355676 0.157885 0.0764098 0.00244866
0 0.795591 0.906717 0.144622 0.0725384 0.0024132
0 0.889057 0.116263 0.221886 0.0962333 0.00234058
0 0.406521 0.375467 0.157339 0.0799692 0.00215677
0 0.526404 0.436905 0.137666 0.0861126 0.00210634
0 0.487021 0.121158 0.150895 0.065126 0.00205647
0 0.782348 0.707517 0.159949 0.113571 0.00205191
0 0.597383 0.424008 0.15266 0.0816484 0.00203324
0 0.610479 0.0363032 0.110788 0.0507567 0.00195355
0 0.566249 0.042154 0.166973 0.0743154 0.00183053
0 0.72318 0.14371 0.10031 0.0474865 0.0017342
0 0.483747 0.75327 0.126127 0.0955332 0.00167339
0 0.507423 0.359038 0.169358 0.109043 0.00164953
0 0.0601778 0.818614 0.106875 0.0791573 0.0016397
0 0.0149941 0.112498 0.0299882 0.224996 0.00161054
0 0.0584926 0.78842 0.111386 0.141578 0.00158499
0 0.493989 0.189893 0.201249 0.102533 0.00158109
0 0.839674 0.439004 0.129974 0.0755814 0.00156597
0 0.915488 0.247324 0.151143 0.0985156 0.0015638
0 0.435994 0.528125 0.115024 0.0954119 0.00155469
0 0.270293 0.619522 0.15547 0.107959 0.00153762
0 0.509134 0.135363 0.177068 0.0715248 0.00153378
0 0.725027 0.809781 0.118119 0.0763903 0.00145104
0 0.831954 0.266706 0.136828 0.0704045 0.0013916
0 0.62701 0.417286 0.125303 0.0888369 0.00138057
0 0.889572 0.0440773 0.129149 0.0715805 0.00137655
0 0.173625 0.504427 0.134364 0.0841959 0.00133046
0 0.364028 0.778664 0.152955 0.0850586 0.00132384
0 0.376183 0.546212 0.150182 0.0921076 0.0013235
0 0.0503403 0.191602 0.100681 0.0813733 0.00132204
0 0.0536725 0.391436 0.102623 0.088962 0.00129391
0 0.564461 0.115708 0.147082 0.0940914 0.0012861
0 0.508774 0.113433 0.148584 0.0628975 0.00128521
0 0.0538818 0.418459 0.10401 0.0821022 0.00126648
0 0.745215 0.36405 0.153735 0.0568732 0.00125681
0 0.796768 0.883626 0.145526 0.109838 0.00122399
0 0.375986 0.22641 0.123753 0.0447194 0.00121046
0 0.849066 0.262056 0.140027 0.0695851 0.00119959
0 0.240903 0.112008 0.117342 0.0704244 0.00119645
0 0.343401 0.207148 0.126391 0.0761577 0.00119273
0 0.0460394 0.128371 0.0920789 0.250882 0.00118202
0 0.535911 0.109474 0.130546 0.0703903 0.00118118
0 0.341173 0.264365 0.113392 0.0620619 0.00117117
0 0.550544 0.11991 0.148225 0.0776527 0.00115195
0 0.92054 0.655172 0.142933 0.0956972 0.00114461
0 0.356687 0.22738 0.130575 0.05659 0.0011396
0 0.725842 0.318439 0.115141 0.077912 0.00113882
0 0.0153004 0.920176 0.0306007 0.159647 0.0011299
0 0.691551 0.133257 0.148373 0.068726 0.00111398
0 0.644679 0.91393 0.300498 0.172141 0.0010903
0 0.372815 0.379713 0.173396 0.119091 0.00108565
0 0.668932 0.961891 0.224938 0.0762175 0.00107842
0 0.743241 0.217753 0.301549 0.200281 0.00107475
0 0.7145 0.962797 0.183562 0.0744061 0.00105635
0 0.80947 0.541792 0.137108 0.0759682 0.00105384
0 0.900231 1 0.199537 0 0.00104713
0 0.817579 0.201886 0.364842 0.403771 0.00103823
0 0.806495 0.180529 0.38701 0.361058 0.00103107
0 0.516477 0.391257 0.18307 0.156254 0.00102425
0 0.9022 0.965991 0.1956 0.0680189 0.00102364
0 0.48551 0.367547 0.210425 0.092941 0.00102165
0 0.69462 0.208355 0.61076 0.41671 0.00101542
0 0.0469115 0.378005 0.0938231 0.135665 0.00101538
0 0.158419 0.129289 0.112287 0.0619981 0.00101373
0 1 0.930177 0 0.139646 0.00101122
0 0.621997 0.961867 0.241941 0.0762665 0.00100742
0 0.0518777 0.174441 0.103755 0.246248 0.00100603
0 0.820737 0.963506 0.223103 0.0729879 0.00100105
0 0.749637 0.694821 0.217487 0.146102 0.958735
0 0.234266 0.604273 0.216598 0.150748 0.887053
0 0.396655 0.786738 0.0930684 0.0594841 0.103274
0 0.99897 0.0994447 0.00206061 0.198889 0.028051
0 0.339643 0.53185 0.0838408 0.0679131 0.0271875
0 1 0.955281 0 0.0894382 0.00735634
0 0 0.0541149 0 0.10823 0.00636189
0 1 0.0848891 0 0.169778 0.00604671
0 0 0.965135 0 0.0697293 0.00578977
0 0.999863 0.917967 0.000274523 0.164066 0.00437465
0 0.400684 0.790636 0.125309 0.0613358 0.00435772
0 1 0.110897 0 0.221795 0.00435413
0 1 0.925141 0 0.149718 0.00359142
0 0 0.965043 0 0.0699141 0.0031292
0 0.0315563 0.0958194 0.0631125 0.191639 0.00290255
0 0 0.0730146 0 0.146029 0.00273811
0 0.419191 0.523093 0.105071 0.0810906 0.00269079
0 0 0.933072 0 0.133855 0.00251712
0 1 0.0304427 0 0.0608855 0.00242613
0 0 0.954026 0 0.0919479 0.00242295
0 0 0.971307 0 0.0573862 0.00230359
0 0.498774 0.26725 0.129752 0.0625713 0.0022629
0 0 0.960494 0 0.0790126 0.00225092
0 0 0.0438449 0 0.0876898 0.00215201
0 0 0.92941 0 0.141181 0.00205269
0 0.163838 0.126178 0.105334 0.0443091 0.00199775
0 0.901022 0.999589 0.197957 0.000821304 0.00186691
0 0.679376 0.14082 0.147092 0.0482177 0.0018591
0 1 0.111101 0 0.222203 0.00184407
0 0 0.233685 0 0.133114 0.00183798
0 0.389398 0.777942 0.0896747 0.0636582 0.00177626
0 0 0.0135679 0 0.0271358 0.00177144
0 1 0.161031 0 0.225157 0.00176513
0 0.422075 0.783505 0.159811 0.0686806 0.00170967
0 1 0.463933 0 0.208494 0.00170074
0 0.431693 0.515663 0.114198 0.066649 0.00169325
0 1 0.512038 0 0.210485 0.00167507
0 0 0.207611 0 0.130963 0.00166882
0 1 0.905575 0 0.188849 0.00164346
0 1 0.294632 0 0.205475 0.00161461
0 0 0.182724 0 0.131036 0.00160579
0 0 0.261224 0 0.216045 0.00159041
0 0.0981825 0.999673 0.196365 0.000654411 0.00158491
0 1 0.56229 0 0.209993 0.001547
0 1 0.244084 0 0.209784 0.00151171
0 0.460891 0.144319 0.115215 0.0706347 0.00150707
0 1 0.41718 0 0.203321 0.00147246
0 0 0.259154 0 0.135954 0.00146259
0 1 0.687404 0 0.210434 0.00145297
0 0.505774 0.9999 0.264285 0.000201035 0.00144197
0 1 0.612192 0 0.210596 0.00143927
0 0 0.0289844 0 0.0579689 0.00140472
0 1 0.342194 0 0.20405 0.00137725
0 1 0.970881 0 0.0582374 0.00129907
0 0.0857961 0.638226 0.0932629 0.106158 0.00127972
0 0 0.212124 0 0.216494 0.00126551
0 1 0.0611231 0 0.122246 0.00126206
0 0.0448398 0.926501 0.0896797 0.146997 0.00125183
0 0.06659 0.115693 0.13318 0.207877 0.00123908
0 1 0.737769 0 0.210786 0.00123518
0 1 0.0154392 0 0.0308784 0.00123181
0 0.100771 0.614826 0.126576 0.124795 0.00122843
0 0 0.158291 0 0.134143 0.00121997
0 0 0.333718 0 0.223121 0.00115706
0 0.115175 0.89524 0.230351 0.209519 0.0011147
0 0.0738507 0.121016 0.147701 0.242032 0.00110514
0 1 0.791089 0 0.207661 0.00109793
0 0.0721233 0.171166 0.144247 0.236762 0.0010777
0 0.0278578 0.0830231 0.0557156 0.166046 0.00106406
0 0.323615 0.518649 0.117908 0.0637373 0.00106155
0 0 0.23941 0 0.22322 0.00105457
0 0.628686 0.999582 0.261494 0.0008358 0.00103879
0 0.166741 0.138735 0.106287 0.0530338 0.00102975
0 0 0.0908264 0 0.181653 0.00100361
0 0.235562 0.605903 0.216581 0.149885 0.9559
0 0.750389 0.696094 0.222118 0.149803 0.932164
0 0.880346 0.368777 0.239308 0.20223 0.0108959
0 0.843214 0.380316 0.313572 0.187156 0.0017048
0 0.263617 0.626022 0.199565 0.136944 0.00149348
0 0.317454 0.680383 0.496946 0.226634 0.00114954
0 0.747712 0.695481 0.220656 0.152571 0.965311
0 0.235383 0.605255 0.21621 0.148031 0.954582
0 0.388484 0.787868 0.0893164 0.0639259 0.0118906
0 0.489374 0.769208 0.114829 0.0878395 0.00636252
0 0.561676 0.3628 0.31973 0.244052 0.00401998
0 0.865677 0.386294 0.24164 0.216735 0.00248023
0 0.0467816 0.193021 0.0884656 0.0796834 0.00234844
0 0.927364 0.671586 0.126766 0.0917536 0.00233954
0 0.113407 0.891715 0.225104 0.21657 0.00225314
0 0.850065 0.161587 0.28642 0.242314 0.00203586
0 0.869063 0.603834 0.23457 0.23534 0.00199761
0 0.665126 0.888863 0.308575 0.222274 0.00176939
0 0.820893 0.582429 0.275091 0.191915 0.00137729
0 1 0.898386 0 0.203227 0.00126462
0 0.751502 0.122643 0.127268 0.0911257 0.00118701
0 0.878392 0.14545 0.229125 0.215674 0.00113599
0 0.415607 0.696086 0.293659 0.239604 0.00112285
0 0.355791 0.535603 0.100744 0.070317 0.00111809
0 0.43263 0.883672 0.287317 0.227225 0.00111751
0 0.814493 0.416084 0.330804 0.26108 0.00107898
0 0.528298 0.388978 0.335226 0.241971 0.00107731
0 0.609025 0.424861 0.124665 0.0889388 0.00102325
0 0.204701 0.107931 0.189014 0.0848737 0.00100807
0 0.747297 0.694814 0.21962 0.150494 0.975862
0 0.234288 0.605389 0.218346 0.150084 0.940707
0 0.340888 0.532519 0.075787 0.0626783 0.264977
0 0.393743 0.784863 0.0805784 0.0587391 0.112045
0 0.0478669 0.380262 0.0920204 0.0858544 0.0191911
0 0.0513221 0.595243 0.0995091 0.0858515 0.009819
0 0.345232 0.524193 0.0804079 0.0439371 0.00590389
0 0.868108 0.0422701 0.0987087 0.0646996 0.00449984
0 0.464905 0.790624 0.069643 0.0437862 0.00431091
0 0.0455954 0.399492 0.0890161 0.0611861 0.00424837
0 0.928653 0.663452 0.123107 0.0750326 0.00372083
0 0.935144 0.647884 0.105228 0.0741486 0.00365392
0 0.646243 0.39873 0.112787 0.0865983 0.00245358
0 0.393596 0.572901 0.105008 0.0847528 0.00236611
0 0.958974 0.0486152 0.0782001 0.0908146 0.00235911
0 0.63475 0.417858 0.115005 0.084693 0.00210452
0 0.654822 0.784046 0.109219 0.0944281 0.00175433
0 0.819032 0.701988 0.0792099 0.120999 0.00150859
0 0.409491 0.555815 0.0765042 0.0773544 0.00144631
0 0.951288 0.6421 0.079686 0.0774361 0.00144194
0 0.465201 0 0.204588 0 0.00143167
0 0.429943 0.538653 0.0828072 0.0849695 0.00142504
0 0.645915 0.374453 0.114899 0.110343 0.00137063
0 0.415755 0.785805 0.131264 0.060692 0.00131002
0 0.385983 0.583581 0.110082 0.0781968 0.00130005
0 0.811439 0.70351 0.0936657 0.149584 0.00127511
0 0.511382 0 0.184572 0 0.00116298
0 0.37623 0.560544 0.137928 0.108567 0.00107822
0 0.429941 0 0.195937 0 0.00106564
0 0.127206 0 0.186168 0 0.00105748
0 0.800228 0 0.201227 0 0.00104196
0 0.302804 0.608253 0.0807629 0.134596 0.00102031
0 0.474001 0.781327 0.0778495 0.0617378 0.00101861
0 0.992087 0 0.0158265 0 0.00100362
0 0.235545 0.606544 0.215964 0.149197 0.956553
0 0.747548 0.69362 0.21694 0.148625 0.951605
0 0.341544 0.532771 0.0734165 0.0641611 0.114254
0 0.393124 0.785818 0.0816401 0.0631258 0.0268744
0 0.965248 0.0481936 0.0695038 0.0903817 0.00782129
0 0.0438729 0.844177 0.0850177 0.0494423 0.00548787
0 0.391487 0.795609 0.0878296 0.0430927 0.00459067
0 0.0458897 0.832998 0.0886249 0.0594107 0.0037336
0 0.359029 0.528755 0.105744 0.0573165 0.00314855
0 0.0499749 0.821605 0.0999499 0.0775742 0.00254715
0 0.873111 0.0439291 0.0776879 0.0696419 0.00253091
0 0.0390198 0.196181 0.0738782 0.070695 0.00149026
0 0.427773 0.980158 0.064781 0.0293819 0.0014793
0 0.189767 0.12632 0.159352 0.0397465 0.00144276
0 0.0353813 0.206313 0.0656609 0.0560276 0.00143695
0 0.13747 0.781945 0.0596727 0.0468583 0.00143677
0 0.553875 0.694431 0.0786349 0.0580644 0.00132377
0 0.927962 0.674639 0.117646 0.0762802 0.00120568
0 0.592538 0.0433157 0.0933893 0.0678056 0.00118518
0 0.419676 0.969907 0.0767853 0.0534763 0.00112699
0 0.555473 0.174428 0.542583 0.24443 0.00112574
0 0.597441 0.0443224 0.0689561 0.062431 0.00107072
0 0.644992 0.408615 0.103003 0.0752233 0.00103846
0 0.747987 0.695742 0.220206 0.150104 0.979715
0 0.233861 0.606241 0.215779 0.152993 0.967953
0 0 0.038707 0 0.0774141 0.00363025
0 1 0.0804609 0 0.160922 0.00282697
0 0.00764689 0.0445521 0.0152938 0.0891043 0.00240031
0 0.0111627 0.0227086 0.0223254 0.0454172 0.00109929
0 1 0.0752731 0 0.150546 0.00101497
0 0.746914 0.695254 0.217241 0.146626 0.941851
0 0.231346 0.605836 0.215899 0.15155 0.892796
0 0.166104 0.119787 0.110562 0.0561187 0.0458393
0 0.385905 0.786938 0.0900533 0.0620153 0.0414614
0 0.385298 0.80805 0.0987805 0.0487007 0.0214146
0 0.384537 0.800924 0.0948173 0.0408714 0.0164142
0 0.460005 0.130808 0.111056 0.0601476 0.015779
0 0.442016 0.130758 0.0897486 0.0610801 0.0112636
0 0.160012 0.128631 0.0969227 0.0401991 0.00898971
0 0.357051 0.819763 0.0430215 0.0697832 0.00509468
0 0.366861 0.815854 0.0638166 0.0585039 0.00359455
0 0.173793 0.106818 0.127199 0.0841926 0.00254376
0 0.380716 0.81531 0.0864328 0.0652094 0.00242251
0 0.341355 0.533904 0.0755129 0.070944 0.00237133
0 0.193984 0.102917 0.158495 0.0917381 0.00192224
0 0.531299 0.34276 0.11941 0.075888 0.00185996
0 0.490057 0.775008 0.110115 0.0729759 0.00131204
0 0.469959 0.78575 0.0797802 0.0533612 0.00117387
0 0.454643 0.112066 0.113654 0.0910674 0.00104037
0 0.748686 0.695743 0.22107 0.152772 0.959432
0 0.23339 0.606552 0.218032 0.152902 0.940793
0 0.873481 0.362869 0.253038 0.205281 0.0420307
0 0.73118 0.481575 0.270375 0.186403 0.0264241
0 0.119239 0.908922 0.237717 0.176543 0.0158364
0 1 0.92945 0 0.1411 0.0036594
0 0.681938 0.898236 0.286827 0.200441 0.00337818
0 0.439756 0.887557 0.288291 0.214145 0.00334295
0 0.651909 0.915278 0.263654 0.168884 0.00286751
0 0.527444 0.363316 0.126124 0.103748 0.00251998
0 0.734566 0.890696 0.274574 0.210678 0.00235618
0 0.719117 0.528091 0.244865 0.219022 0.00222837
0 0.137354 0.0714701 0.274709 0.101191 0.00216762
0 0.717516 0.0882488 0.251759 0.134803 0.00179951
0 0.847148 0.795213 0.305705 0.180849 0.00166239
0 0.430877 0.261538 0.307555 0.162982 0.0016526
0 0.874447 0.77644 0.251107 0.198129 0.00143213
0 0.870665 0.534066 0.239416 0.169988 0.00134801
0 0.529052 0.342116 0.127925 0.148405 0.0012534
0 0.850903 0.192438 0.29448 0.170593 0.00122181
0 0.178584 0.05879 0.172909 0.0782881 0.00116411
0 0.0530186 0.593734 0.101857 0.0973469 0.00107002
0 0.00237359 0.912356 0.00474717 0.175289 0.00101655
0 0.749251 0.697806 0.21939 0.155293 0.933728
0 0.23315 0.606116 0.21696 0.153591 0.905895
0 0.0493143 0.184004 0.0986285 0.0992322 0.129738
0 0.0504892 0.829852 0.100978 0.0800514 0.077418
0 0.637701 0.412849 0.105129 0.0895758 0.0555476
0 0.339436 0.534023 0.0829464 0.0668989 0.0257824
0 0.435686 0.528185 0.107564 0.0754972 0.0165669
0 0.391314 0.78592 0.0875543 0.0645985 0.0156042
0 0.0483202 0.420884 0.0966405 0.0873354 0.0133282
0 0.911577 0.303932 0.158477 0.100741 0.0116845
0 0.487451 0.771761 0.118783 0.0833893 0.0110398
0 0.0429891 0.200481 0.0859782 0.0820385 0.010502
0 0.920084 0.671282 0.119649 0.0781324 0.00831723
0 0.41352 0.523668 0.131931 0.0812544 0.00808671
0 0.156184 0.758546 0.11389 0.0854584 0.0075436
0 0.393632 0.770037 0.0934202 0.0957174 0.00695219
0 0.0513645 0.604641 0.102729 0.085873 0.00593691
0 0.640089 0.810355 0.0896493 0.0751535 0.00546744
0 0.358852 0.77447 0.143089 0.0901401 0.00499144
0 0.938731 0.709957 0.115925 0.108525 0.0049645
0 0.318741 0.523405 0.125982 0.084648 0.00450891
0 0.141436 0.766693 0.0840994 0.0794388 0.00386104
0 0.473271 0.756599 0.147907 0.106865 0.00372266
0 0.0470625 0.395626 0.0941249 0.104355 0.00372264
0 0.372227 0.787146 0.104614 0.0736595 0.00343203
0 0.0509936 0.812785 0.101987 0.101748 0.00329445
0 0.259117 0.107593 0.145888 0.0995738 0.00297717
0 0.0492297 0.436619 0.0984595 0.0795462 0.00285559
0 0.475663 0.778844 0.122148 0.0685322 0.00284875
0 0.244352 0.113617 0.118557 0.0785125 0.00253916
0 0.40184 0.779482 0.112938 0.0728836 0.00243639
0 0.942473 0.790877 0.100384 0.0895952 0.0021367
0 0.650501 0.799144 0.112301 0.0890083 0.00211383
0 0.0483886 0.170729 0.0967772 0.139559 0.00199065
0 0.413437 0.76327 0.221349 0.106318 0.00195834
0 0.938542 0.0564558 0.122915 0.100517 0.00190539
0 0.621947 0.4229 0.0731833 0.0803057 0.00189894
0 0.947581 0.721275 0.0986355 0.0868735 0.00171495
0 1 0.969038 0 0.0619236 0.00149016
0 0.437685 0.783356 0.146179 0.0628309 0.0013746
0 0.922983 0.657541 0.134638 0.102051 0.00135461
0 0.640608 0.385779 0.122438 0.0992096 0.00134169
0 0.155337 0.108484 0.131626 0.081692 0.00128453
0 0.942121 0.625829 0.0956521 0.108104 0.00120207
0 0.912931 0.797288 0.158487 0.102486 0.0011961
0 0.781289 0.346232 0.175083 0.102759 0.00119429
0 0.909694 0.406997 0.17213 0.115045 0.00114939
0 0.382181 0.797676 0.0948362 0.0504595 0.00112247
0 0.162545 0.120269 0.12382 0.0589718 0.00109562
0 0.422435 0.769403 0.148786 0.0906137 0.00105794
0 0.908767 0.680071 0.0990244 0.0661097 0.00105557
0 0.23285 0.606441 0.217925 0.152217 0.941456
0 0.749432 0.697486 0.221685 0.148873 0.930238
0 0.400854 0.785345 0.103288 0.064542 0.04359
0 0.341947 0.533807 0.0847149 0.0667904 0.0432357
0 0.395592 0.770201 0.115397 0.0940426 0.0103453
0 0.0632896 0.829419 0.0636645 0.0630533 0.00858752
0 0.32688 0.524762 0.121179 0.0729281 0.00518999
0 0.468318 0.141714 0.0956021 0.0541472 0.00490864
0 0.474847 0.758986 0.140826 0.106734 0.00432229
0 0.0405402 0.207296 0.0668597 0.0579334 0.00386045
0 0.486686 0.770435 0.119366 0.0895497 0.00377346
0 0.255714 0.104656 0.139613 0.0943408 0.00337052
0 0.42657 0.780385 0.151818 0.0704845 0.0032862
0 0.598779 0.0476009 0.0932452 0.0555257 0.00315966
0 0.0556951 0.19637 0.0709353 0.0820659 0.00305387
0 0.0466715 0.19803 0.0814777 0.0698324 0.00298292
0 0.913939 0.285223 0.161264 0.0917099 0.00291128
0 0.562734 0.107679 0.120274 0.0847838 0.00288204
0 0.0472393 0.188377 0.0894631 0.0971321 0.00255766
0 0.465746 0.78555 0.115503 0.0577936 0.00241777
0 0.888594 0.0455392 0.10155 0.0677038 0.00220871
0 0.544159 0.108107 0.0916165 0.0817231 0.00184935
0 0.78871 0.590706 0.192803 0.103699 0.00181708
0 0.719528 0.489356 0.241586 0.207505 0.00180619
0 0.413048 0.524032 0.101671 0.0871937 0.00178375
0 0.447295 0.767572 0.173099 0.0939968 0.00154077
0 0.398131 0.795491 0.11232 0.056329 0.00145544
0 0.432301 0.794943 0.152427 0.0429039 0.00115176
0 0.0664217 0.18905 0.0618409 0.0759759 0.00113905
0 0.579999 0.103348 0.14466 0.0987203 0.00108019
0 0.457511 0.798423 0.10513 0.0360981 0.00103714
0 0.416106 0.540534 0.103525 0.0737761 0.00101795
0 0.750083 0.693897 0.220969 0.149396 0.96186
0 0.23556 0.604147 0.216985 0.144604 0.931186
0 0.395346 0.787377 0.0836662 0.0606792 0.00742459
0 0.258132 0.103298 0.135517 0.0920566 0.00456234
0 0.242933 0.109588 0.111859 0.0787045 0.00121882
0 0.749462 0.696368 0.219308 0.149467 0.957343
0 0.236013 0.604819 0.216968 0.150264 0.956706
0 0.532356 0.363891 0.137333 0.10399 0.00407042
0 0.748159 0.697085 0.219025 0.152693 0.941039
0 0.2332 0.605607 0.216784 0.152441 0.928008
0 0.846028 0.372158 0.307944 0.216184 0.00824658
0 0.647733 0.0854272 0.326571 0.129568 0.0079251
0 0.140682 0.897404 0.276047 0.20378 0.00760663
0 0.843683 0.56406 0.312634 0.221298 0.0050055
0 0.310745 0.103753 0.264311 0.168876 0.00475454
0 0.609998 0.094679 0.259083 0.113539 0.00379477
0 0.850583 0.186195 0.298835 0.232048 0.00319759
0 0.877766 0.168683 0.24139 0.217307 0.00277544
0 0.298381 0.100604 0.246687 0.121247 0.00207774
0 0.835667 0.408024 0.328667 0.258488 0.00160585
0 0.856904 0.924109 0.286192 0.151781 0.00139563
0 0.00626681 0.0744603 0.0125336 0.148921 0.00135273
0 0.572021 0.358145 0.258496 0.12989 0.00124428
0 0.328983 0.117233 0.319521 0.210146 0.00117403
0 0.628663 0.90431 0.303793 0.19138 0.00115293
0 0.56853 0.108555 0.175376 0.0998114 0.001059
0 0.896247 0.747189 0.19486 0.216906 0.00102217
0 0.748533 0.695357 0.221798 0.147254 0.958665
0 0.234733 0.605065 0.215363 0.151614 0.92209
0 0.889756 0.0632217 0.109858 0.0941195 0.00299582
0 0.412753 0.802757 0.132114 0.0450008 0.00185569
0 0.152627 0.145545 0.132041 0.0449288 0.0016129
0 0.416379 0.786496 0.134558 0.0671489 0.00115887
0 0.473018 0.138305 0.11105 0.0570097 0.00103766
0 0.745457 0.695711 0.216566 0.150173 0.94676
0 0.234875 0.605682 0.212641 0.153714 0.92663
0 0.915668 1 0.168665 0 0.00279426
0 1 0.896133 0 0.207734 0.00201016
0 0.298504 1 0.249641 0 0.00195723
0 0.887961 1 0.224077 0 0.0018551
0 0.597156 1 0.246557 0 0.00171539
0 1 0.928194 0 0.143611 0.00166042
0 0.530908 1 0.250141 0 0.00149777
0 0.21433 1 0.246477 0 0.00137586
0 0.796117 1 0.249894 0 0.00135805
0 0.0774364 1 0.154873 0 0.00121561
0 0.84772 1 0.255058 0 0.00109609
0 0.749129 0.695755 0.218657 0.152939 0.953829
0 0.236645 0.605454 0.216875 0.153784 0.920272
0 0.357155 0.38228 0.125821 0.101357 0.00191309
0 0.846902 0.381989 0.306195 0.190752 0.00181931
0 0.746571 0.694647 0.217201 0.152721 0.94837
0 0.234853 0.603865 0.21641 0.157653 0.918698
0 0.860299 0.357125 0.277516 0.206737 0.0218579
0 0.924641 0.641083 0.150718 0.182451 0.0102088
0 0.186909 0.324875 0.177266 0.0825684 0.00329486
0 0.368011 0.383184 0.131135 0.0896864 0.00142624
0 0.821492 0.426167 0.357017 0.275377 0.00102396
0 0.749169 0.696646 0.215099 0.1501 0.967049
0 0.233941 0.604999 0.217368 0.15245 0.943841
0 0.449088 0.251819 0.284232 0.168083 0.00153585
0 0.887512 0.33736 0.191003 0.171043 0.00132876
0 0.7481 0.695405 0.21771 0.14735 0.943811
0 0.233733 0.604182 0.216987 0.154312 0.898225
0 0.746426 0.69516 0.215922 0.149625 0.923972
0 0.234818 0.605344 0.215438 0.149489 0.912403
0 0.79008 0.50746 0.392298 0.273927 0.00639131
0 0.872825 0.0472818 0.115807 0.0752927 0.00344276
0 0.853135 0.0463825 0.129262 0.0720616 0.00242978
0 0.226717 0.663406 0.180172 0.0369931 0.00131201
0 0.863278 0.121001 0.168655 0.0858761 0.00126055
0 0.747759 0.695444 0.22429 0.149804 0.901162
0 0.234757 0.605274 0.216102 0.151822 0.857956
0 0.775155 0.332408 0.137179 0.0835814 0.00295132
0 0.048498 0.186936 0.0879824 0.0920437 0.00293387
0 0.882368 0.044608 0.0926227 0.0722346 0.00231229
0 0.416352 0.785353 0.12021 0.0655714 0.00122068
0 0.39763 0.365387 0.174904 0.0979526 0.00102261
0 0.74805 0.694924 0.220215 0.151435 0.951155
0 0.232697 0.605531 0.214768 0.153516 0.948642
0 0.746952 0.694974 0.219076 0.152062 0.943457
0 0.2353 0.604063 0.216351 0.153886 0.937597
0 0.455473 0.132347 0.0903026 0.0725796 0.0150478
0 0.045881 0.194336 0.0861036 0.0907954 0.0119237
0 0.894116 0.272979 0.125127 0.0365201 0.00791169
0 0.0437451 0.19931 0.0760807 0.067252 0.00710266
0 0.433795 0.764419 0.177265 0.110163 0.0033691
0 0.369975 0.793167 0.103958 0.0793497 0.00331243
0 0.757936 0.587982 0.162179 0.10327 0.0028147
0 0.662245 0.698285 0.0466228 0.121138 0.00277656
0 0.304374 0.221778 0.110768 0.053794 0.00261634
0 0.143345 0.145164 0.0997319 0.0675222 0.00242286
0 0.886069 0.241442 0.0819138 0.0750299 0.00226679
0 0.368599 0.15661 0.163179 0.120641 0.00216039
0 0.494284 0.274795 0.158663 0.0951913 0.00206503
0 0.227821 0.0492717 0.167078 0.0985435 0.00184639
0 0.344032 0.534213 0.0784874 0.069422 0.00171471
0 0.702175 0.131863 0.168664 0.0787071 0.00159517
0 0.575235 0.0463737 0.150294 0.0927473 0.00157592
0 0.874061 0.26831 0.0954112 0.0567077 0.00156979
0 0.353262 0.577444 0.203113 0.151323 0.00155727
0 0.642842 0.393462 0.124459 0.119838 0.00154442
0 0.406969 0.145704 0.19579 0.101498 0.00154016
0 0.323543 0.384528 0.187309 0.114171 0.00145018
0 0.0385432 0.210146 0.0697889 0.064132 0.0014486
0 0.453481 0.941586 0.152742 0.10967 0.00140077
0 0.244758 0.0413819 0.131462 0.0827637 0.00133166
0 0.484804 0.746296 0.123952 0.0969738 0.00129115
0 0.219455 0.0780698 0.190815 0.1405 0.00127605
0 0.143663 0.605065 0.0296228 0.109035 0.0012364
0 0.381452 0.547953 0.120798 0.0848093 0.00110468
0 0.790422 0.0862276 0.132693 0.108067 0.00102327
0 0.747711 0.696531 0.220081 0.150887 0.970977
0 0.233128 0.60502 0.215994 0.153078 0.955707
0 0.441533 0.759898 0.202367 0.109278 0.0714427
0 0.342757 0.53155 0.0801425 0.0640881 0.0601852
0 0.0497081 0.590712 0.0902951 0.100278 0.0415621
0 0.0488679 0.38927 0.0877483 0.101076 0.0122045
0 0.203505 0.0475956 0.206609 0.0829579 0.0111775
0 0.397137 0.785152 0.107197 0.0604879 0.00806198
0 0.767281 0.764026 0.150023 0.0179774 0.00536544
0 0.0467506 0.41474 0.0865168 0.0851546 0.00387286
0 0.375392 0.529349 0.153318 0.0773418 0.00358375
0 0.413262 0.782279 0.129395 0.0652992 0.00297442
0 0.106937 0.924968 0.211545 0.142282 0.00238664
0 0.198614 0.049667 0.149876 0.0839443 0.00204202
0 0.0358159 0.423413 0.0643225 0.0672435 0.00191392
0 0.0381165 0.193903 0.0664085 0.079226 0.00184738
0 0.154786 0.0721269 0.279862 0.131716 0.0015997
0 0.042065 0.183673 0.0798552 0.092494 0.00132754
0 0.666941 0.698739 0.0513747 0.134767 0.00126324
0 0.607081 0.406808 0.171543 0.106616 0.00121334
0 0.922876 0.661825 0.130471 0.0859867 0.00111358
0 0.483413 0.26381 0.18774 0.112993 0.00109339
0 0.0462237 0.609613 0.0843095 0.0720413 0.00107351
0 0.322557 0.808709 0.157414 0.100901 0.00100882
0 0.379377 0.786296 0.0821455 0.0611507 0.00100328
0 0.747039 0.696795 0.217245 0.150307 0.942373
0 0.234001 0.605252 0.216353 0.156262 0.919959
0 0.434929 0.759099 0.221349 0.113287 0.00296785
0 0.8165 0.0736711 0.287283 0.134865 0.00174757
0 0.0477113 0.183687 0.0954226 0.110097 0.00152456
0 0.746877 0.695879 0.220973 0.151454 0.95159
0 0.232703 0.604669 0.216495 0.151931 0.927488
0 0.906698 0.085002 0.159278 0.139835 0.00196933
0 0.235068 0.605097 0.215422 0.156109 0.924356
0 0.747647 0.694516 0.21667 0.153464 0.913817
0 0.23546 0.605536 0.217568 0.152349 0.953335
0 0.748539 0.69668 0.217642 0.149546 0.94913
0 0.895568 0.08849 0.128716 0.142155 0.0116074
0 0.880857 0.0471091 0.0961674 0.0735423 0.00372377
0 0.580194 0.101755 0.168366 0.133177 0.00268368
0 0.0484024 0.18571 0.094352 0.0932193 0.00256853
0 0.0512402 0.822663 0.102167 0.0929695 0.0011423
0 0.745125 0.533882 0.283032 0.209719 0.00114046
0 0.889299 0.066286 0.115865 0.0979384 0.00100378
0 0.747759 0.695361 0.218248 0.148512 0.948648
0 0.233623 0.604704 0.216102 0.1528 0.945177
0 0.382029 0.908089 0.333982 0.18014 0.0204762
0 0.257134 0.853061 0.321195 0.244442 0.00670479
0 0.128131 0.906017 0.256262 0.183683 0.00564985
0 0.424536 0.296891 0.330414 0.231171 0.00507606
0 0.147493 0.881543 0.294985 0.233694 0.00350547
0 0.322285 0.137463 0.342238 0.220552 0.00309553
0 0.889159 0.908021 0.221682 0.183958 0.0023846
0 0.786925 0.510477 0.392333 0.271946 0.00237781
0 0.272873 0.815384 0.352491 0.212752 0.00180556
0 0.2187 0.872177 0.412891 0.255646 0.00141027
0 0.698706 0.0931615 0.262772 0.150104 0.00118725
0 0.748341 0.534674 0.30322 0.247201 0.0010396
0 0.234161 0.604308 0.215083 0.154189 0.929889
0 0.746958 0.693873 0.220268 0.153382 0.915802
0 0.00518605 0.111569 0.0103721 0.223137 0.00115783
0 0.748602 0.694331 0.217571 0.144932 0.93436
0 0.233427 0.602879 0.216368 0.150211 0.932163
0 0.413263 0.801658 0.133332 0.0842054 0.00344287
0 0.460344 0.133211 0.0840189 0.0707922 0.00253259
0 0.40643 0.782334 0.112533 0.0660597 0.00247794
0 0.190789 0.125327 0.165938 0.0487766 0.00234204
0 0.395272 0.561296 0.100957 0.0785869 0.00126166
0 0.341877 0.518857 0.0814929 0.0445642 0.00104602
0 0.234272 0.604892 0.217235 0.154948 0.933289
0 0.746386 0.69489 0.220271 0.151212 0.926491
0 0.233258 0.605106 0.219094 0.15417 0.935377
0 0.745904 0.695813 0.215985 0.150956 0.930217
0 0.745993 0.695504 0.217417 0.148397 0.930437
0 0.234301 0.605292 0.217175 0.151607 0.919049
0 0.484117 0.75088 0.118971 0.079962 0.00884996
0 0.342342 0.53246 0.0772818 0.0633799 0.00828026
0 0.347711 0.167031 0.13128 0.0917464 0.00577117
0 0.744356 0.59088 0.117892 0.0876793 0.00538749
0 0.385434 0.767582 0.078236 0.0995431 0.00524792
0 0.897189 0.284716 0.134258 0.0638822 0.00190958
0 0.366829 0.781713 0.117373 0.0999894 0.00182716
0 0.0421556 0.188209 0.0843112 0.095441 0.00153367
0 0.39061 0.778073 0.0901154 0.07519 0.00127469
0 0.342682 0.518407 0.0793114 0.0332838 0.00111874
0 0.36927 0.549368 0.136557 0.0997618 0.00101523
0 0.748236 0.694137 0.220862 0.150257 0.934948
0 0.233828 0.605611 0.215976 0.154856 0.932522
0 0.880429 0.356041 0.239143 0.208002 0.0252404
0 0.746939 0.694394 0.218369 0.147629 0.952401
0 0.235384 0.605075 0.213136 0.157968 0.939096
0 0.435219 0.762456 0.217989 0.109969 0.00338608
0 0.807786 0.911907 0.107185 0.0701229 0.00229422
0 0.373447 0.558363 0.161979 0.0993998 0.00229407
0 0.457979 0.132187 0.061117 0.0728255 0.00227049
0 0.487253 0.753184 0.118178 0.0891451 0.00164235
0 0.49252 0.925008 0.0913723 0.0761478 0.0012408
0 0.813719 0.703557 0.0872092 0.120822 0.00109385
0 0.597294 0.0409457 0.0951816 0.0695107 0.00105109
0 0.74737 0.696945 0.219321 0.151221 0.938883
0 0.233504 0.604648 0.215707 0.15262 0.934163
0 0.871936 0.358043 0.247374 0.208682 0.00161844
0 0.747099 0.695214 0.218278 0.151287 0.932407
0 0.234837 0.604424 0.218244 0.15138 0.920127
0 0.122268 0.906384 0.244535 0.187231 0.00738817
0 0.233599 0.60595 0.217021 0.152468 0.935765
0 0.747958 0.696585 0.222319 0.149633 0.921881
0 0.115402 0.922097 0.230804 0.155532 0.00198544
0 0.872002 0.361358 0.255996 0.199905 0.00179107
0 0.897747 0.34868 0.204505 0.18914 0.00140808
0 0.234404 0.604652 0.21415 0.153673 0.941013
0 0.747076 0.696239 0.219309 0.150967 0.925372
0 0.341364 0.53146 0.0710301 0.0635845 0.0231459
0 0.253813 0.0972986 0.135571 0.105245 0.0180516
0 0.576915 0.0984908 0.144133 0.0960543 0.0125467
0 0.526932 0.362748 0.128822 0.113249 0.00481928
0 0.779813 0.588806 0.175822 0.104034 0.00432398
0 0.419884 0.80127 0.160413 0.0569418 0.00343783
0 0.286541 0.0949595 0.197533 0.110895 0.00199583
0 0.346035 0.155907 0.131876 0.0586341 0.00183147
0 0.331087 0.575349 0.0937094 0.147361 0.0016753
0 0.423568 0.80213 0.162152 0.0315781 0.00144991
0 0.420373 0.786765 0.149241 0.0628548 0.0012401
0 0.393404 0.785268 0.104535 0.0608097 0.00108721
0 0.485975 0.923547 0.0743744 0.0757217 0.00107873
0 0.474344 0.133861 0.106419 0.0731896 0.00105612
0 0.425945 0.802689 0.182872 0.0423075 0.00101472
0 0.233614 0.604573 0.217667 0.154494 0.962633
0 0.74869 0.696132 0.219495 0.149764 0.937839
0 0.0467984 0.191332 0.0935967 0.0777532 0.0115779
0 0.0470751 0.442745 0.0941501 0.0602073 0.00885451
0 0.343589 0.530818 0.078438 0.0622379 0.00648
0 0.560154 0.104141 0.121575 0.078946 0.00585021
0 0.343546 0.516828 0.0831202 0.0326976 0.00516004
0 0.780576 0.587798 0.196099 0.107708 0.00480931
0 0.0501643 0.818362 0.100329 0.0856394 0.00352674
0 0.161633 0.149596 0.147775 0.0510883 0.0033201
0 0.346837 0.169578 0.132031 0.0890856 0.00330358
0 0.598782 0.0411384 0.106723 0.0712677 0.00318403
0 0.183487 0.117876 0.131695 0.0613116 0.00290868
0 0.874977 0.0450062 0.0874574 0.069537 0.00280708
0 0.440369 0.340633 0.0849262 0.0629352 0.00237657
0 0.741334 0.587537 0.111271 0.078455 0.00202216
0 0.0451857 0.211315 0.0903715 0.0701092 0.00191752
0 0.509856 0.359842 0.167011 0.10962 0.00172501
0 0.342983 0.512807 0.0840002 0.0230047 0.00167008
0 0.411006 0.787994 0.131813 0.0656248 0.00163323
0 0.176169 0.133502 0.151821 0.0311633 0.00134999
0 0.05571 0.83201 0.10305 0.0618759 0.00134352
0 0.0668433 0.188293 0.0542929 0.0767097 0.0012505
0 0.36357 0.265597 0.162359 0.0946291 0.00123419
0 0.549913 0.12972 0.146186 0.0318878 0.0011483
0 0.346374 0.53694 0.0979463 0.0774627 0.00111811
0 0.177916 0.137651 0.180057 0.0249684 0.00109775
0 0.798957 0.914489 0.111982 0.0680065 0.00105855
0 0.235083 0.60508 0.217647 0.150262 0.965276
0 0.749257 0.69502 0.218507 0.149966 0.946726
0 0.342948 0.517893 0.083847 0.0313685 0.00166446
0 0.347549 0.171294 0.131183 0.0953269 0.00155608
0 0.342424 0.532855 0.078587 0.0646015 0.00117544
0 0.783029 0.588127 0.194556 0.106798 0.00110143
0 0.748203 0.695183 0.221166 0.148489 0.9497
0 0.234963 0.603564 0.219536 0.150836 0.938521
0 0.87467 0.356302 0.25066 0.216918 0.00297668
0 0.114124 0.915206 0.222593 0.159566 0.00245101
0 0.440271 0.27106 0.302906 0.162627 0.00139916
0 0.233779 0.605335 0.217918 0.151581 0.959199
0 0.746959 0.696297 0.218915 0.148731 0.953802
0 0.298208 0.605179 0.094117 0.13855 0.00100721
0 0.236004 0.605673 0.220266 0.150063 0.945183
0 0.748613 0.696253 0.21958 0.148837 0.942279
0 0.0506494 0.824887 0.0978063 0.0848057 0.00234858
0 0.446571 0.941858 0.163026 0.110547 0.00137778
0 0.801269 0.912497 0.110739 0.0710062 0.00102221
0 0.233515 0.604967 0.216932 0.151212 0.947243
0 0.747039 0.695942 0.219672 0.149871 0.925906
0 0.746905 0.695216 0.21944 0.152771 0.943742
0 0.234261 0.60429 0.215837 0.155194 0.942152
0 0.235855 0.442662 0.285711 0.207073 0.00305764
0 0.584249 0.942033 0.270294 0.113486 0.0016703
0 0.439243 0.750613 0.213883 0.0999361 0.00102151
0 0.747292 0.694181 0.223003 0.150447 0.943542
0 0.233014 0.604355 0.218179 0.15607 0.933352
0 0.871179 0.363561 0.257642 0.203256 0.00475814
0 0.733252 0.475199 0.278364 0.160293 0.00317999
0 0.878618 0.117288 0.207222 0.100238 0.00218644
0 0.4164 0.785963 0.132232 0.060718 0.00143297
0 0.748343 0.694754 0.217878 0.147963 0.937255
0 0.233281 0.60459 0.219602 0.151741 0.928513
0 0.743179 0.475408 0.298635 0.176111 0.00127953
0 0.749183 0.695226 0.220894 0.148935 0.930842
0 0.235162 0.604675 0.217995 0.15422 0.919919
0 0.748769 0.695152 0.220726 0.151532 0.956102
0 0.234613 0.604756 0.218439 0.154692 0.940275
0 0.869612 0.364591 0.260777 0.21003 0.157787
0 0.747925 0.695731 0.217322 0.151232 0.931707
0 0.234067 0.603973 0.21847 0.154908 0.908593
0 0.865233 0.363202 0.269534 0.21559 0.0248413
0 0.327568 0.386826 0.168465 0.105919 0.00224939
0 0.747719 0.695615 0.218518 0.150419 0.954475
0 0.234274 0.604799 0.217964 0.153725 0.930601
0 0.869259 0.367076 0.261483 0.200979 0.195195
0 0.436732 0.757136 0.221254 0.118149 0.00143075
0 0.324589 0.385747 0.178936 0.107334 0.00142103
0 0.879289 0.391612 0.241422 0.148716 0.00124672
0 0.7471 0.695577 0.21863 0.148678 0.939662
0 0.234723 0.605461 0.214639 0.154356 0.926841
0 0.877048 0.363934 0.245905 0.192101 0.00182592
0 0.749134 0.695146 0.221989 0.148278 0.939322
0 0.235197 0.604561 0.215258 0.152445 0.933625
0 0.749945 0.694645 0.219505 0.149585 0.944952
0 0.235237 0.604671 0.216091 0.152009 0.942457
0 0.748404 0.696523 0.219569 0.152239 0.952579
0 0.234739 0.60587 0.21564 0.152028 0.945977
0 0.747845 0.696637 0.219685 0.150448 0.945153
0 0.233623 0.606174 0.217387 0.154048 0.942649
0 0.0450392 0.17972 0.0900785 0.119163 0.00162004
0 0.74803 0.695618 0.219787 0.150027 0.9433
0 0.234171 0.605621 0.21774 0.152243 0.935212
0 0.866735 0.374089 0.26653 0.201763 0.00150213
0 0.748172 0.694987 0.219861 0.149149 0.944658
0 0.234976 0.605005 0.217156 0.153432 0.926998
0 0.748722 0.695523 0.219305 0.151032 0.942842
0 0.233174 0.604866 0.219161 0.156029 0.924581
0 0.74829 0.6962 0.221036 0.150916 0.957403
0 0.234096 0.604924 0.217743 0.156202 0.948119
0 0.747409 0.694851 0.219928 0.15006 0.94912
0 0.234088 0.605388 0.217993 0.155504 0.936566
0 0.748171 0.696004 0.218823 0.150247 0.951228
0 0.233888 0.605425 0.218441 0.153016 0.938235
0 0.747303 0.696406 0.220941 0.148915 0.949031
0 0.232883 0.604874 0.220257 0.153488 0.943497
0 0.865668 0.373054 0.268664 0.188241 0.0034275
0 0.747757 0.695684 0.217734 0.149403 0.935471
0 0.234112 0.605406 0.215001 0.155596 0.926692
0 0.748554 0.69423 0.219809 0.149617 0.941592
0 0.235096 0.605223 0.217641 0.154466 0.931935
0 0.748333 0.695539 0.221457 0.150241 0.945265
0 0.233275 0.605285 0.218345 0.153549 0.941609
0 0.458806 0.135214 0.0689495 0.0687551 0.00113827
0 0.74937 0.69566 0.219399 0.150599 0.942
0 0.234575 0.604995 0.21697 0.155705 0.933143
0 0.461012 0.132258 0.0688571 0.0737347 0.00339849
0 0.326156 0.391222 0.178525 0.0942195 0.00236978
0 0.747643 0.695423 0.223516 0.149871 0.942778
0 0.233595 0.605193 0.220103 0.155217 0.942419
0 0.323768 0.390121 0.181294 0.0991031 0.001298
0 0.747806 0.696066 0.219884 0.150173 0.956192
0 0.234135 0.604584 0.217979 0.155802 0.952357
0 0.748111 0.695509 0.219769 0.149443 0.955132
0 0.233326 0.604808 0.218388 0.155513 0.943701
0 0.35409 0.169732 0.141296 0.105076 0.00140057
0 0.74776 0.695601 0.220168 0.148545 0.953111
0 0.232685 0.604572 0.219773 0.153413 0.93981
0 0.748115 0.695485 0.221496 0.149804 0.952348
0 0.2338 0.604695 0.217122 0.154217 0.941589
0 0.748648 0.695332 0.221391 0.149198 0.942385
0 0.233755 0.604505 0.217256 0.155018 0.92863
0 0.74896 0.695935 0.223718 0.149778 0.945792
0 0.233328 0.604998 0.218159 0.153752 0.93476
0 0.454729 0.131979 0.066372 0.0724864 0.00120743
0 0.748321 0.69613 0.224092 0.150675 0.958333
0 0.23383 0.604917 0.217135 0.155254 0.951189
0 0.74792 0.696186 0.223474 0.148448 0.958606
0 0.23328 0.604812 0.21813 0.15502 0.952895
0 0 0.117977 0 0.235955 0.00132257
0 0.747854 0.695401 0.220064 0.150531 0.951679
0 0.233909 0.605151 0.217208 0.154994 0.943621
0 0.748053 0.695918 0.221009 0.149251 0.954412
0 0.234049 0.604816 0.217884 0.153987 0.944591
0 0.748128 0.695839 0.220827 0.149275 0.951356
0 0.233942 0.60485 0.218096 0.154245 0.947253
0 0.748094 0.695796 0.218797 0.149961 0.951387
0 0.233875 0.604927 0.217174 0.15411 0.951354
0 0.253805 0.365366 0.323051 0.157748 0.00129897
0 0.312125 0.366063 0.214645 0.151184 0.00120659
0 0.748066 0.695547 0.219931 0.150181 0.953859
0 0.233743 0.60476 0.217946 0.155226 0.948024
0 0.256937 0.364916 0.317418 0.159254 0.00211748
0 0.308468 0.365347 0.220845 0.154109 0.00187254
0 0.748131 0.695434 0.219612 0.15017 0.954074
0 0.233704 0.604712 0.217687 0.155144 0.948065
0 0.257411 0.36422 0.31719 0.161354 0.00186328
0 0.303616 0.364414 0.231053 0.156707 0.00138901
0 0.748184 0.694985 0.21986 0.14915 0.944665
0 0.234972 0.605006 0.217169 0.153433 0.927057
