0 0.627488 0.216049 0.180234 0.138987 0.0283945
0 0 0.801039 0 0.397921 0.0158616
0 0.626289 0.295624 0.192161 0.312714 0.0149027
0 0 0.897227 0 0.205546 0.0147349
0 0.59224 0.21941 0.259736 0.155248 0.0139487
0 1 0.0789359 0 0.157872 0.0137383
0 0.0462864 0.565981 0.0925727 0.868038 0.0137224
0 0.0251574 0.680827 0.0503148 0.638345 0.0136091
0 0 0.115741 0 0.231483 0.013608
0 0.543588 0.156391 0.464911 0.248538 0.0135889
0 0.999358 0.12384 0.00128384 0.24768 0.0135403
0 0.0417002 0.424725 0.0834004 0.84945 0.0134745
0 1 0.913706 0 0.172589 0.0134262
0 0.00448675 0.175577 0.0089735 0.351154 0.0133522
0 0.446382 0.587647 0.892765 0.824705 0.0133335
0 0.761529 0.158068 0.475051 0.292114 0.0132887
0 1 0.0217459 0 0.0434918 0.0132258
0 0.382538 0.505797 0.765075 0.981869 0.0131939
0 0.998001 0.174173 0.00399761 0.348347 0.0131625
0 0.0146561 0.256094 0.0293123 0.512189 0.0131585
0 1 0.784367 0 0.431266 0.0130788
0 0.134544 0.788001 0.269088 0.423999 0.0130772
0 0.114457 0.105986 0.228914 0.198158 0.0130714
0 0.902313 0.118253 0.195374 0.228279 0.0129943
0 0.994515 0.381134 0.0109698 0.762267 0.0129919
0 0.0712052 0.657458 0.14241 0.685084 0.0129703
0 0 0.0583437 0 0.116687 0.0129265
0 0.126796 0.266957 0.253592 0.512392 0.012926
0 0.992541 0.307103 0.0149183 0.614205 0.0129194
0 0.47988 0.141862 0.612134 0.263814 0.012919
0 0.350458 0.837945 0.700916 0.324111 0.0129176
0 0.341816 0.407783 0.683632 0.810786 0.0128761
0 0.50634 0.0947815 0.566108 0.171196 0.0128467
0 0.453327 0.975474 0.869105 0.0490524 0.0128447
0 0.461833 0.686902 0.923666 0.617703 0.0128354
0 0.99184 0.452196 0.0163204 0.904393 0.0128258
0 0.265458 0.358292 0.530916 0.710206 0.0128211
0 0.460301 0.789616 0.920602 0.420768 0.0128026
0 0.3465 0.455421 0.693001 0.910842 0.0128005
0 0.977916 0.572707 0.0441674 0.854587 0.0127848
0 0.959359 0.381603 0.0812823 0.763206 0.0127816
0 0.973142 0.463399 0.0537165 0.926798 0.0127651
0 0.01289 0.363028 0.02578 0.726056 0.0127643
0 0.910455 0.456884 0.179091 0.913768 0.0127618
0 0.862583 0.125719 0.274833 0.240605 0.0127574
0 0.992419 0.686359 0.0151622 0.627281 0.0127463
0 0.574982 0.549254 0.477318 0.809635 0.0127124
0 0.522613 0.977694 0.743524 0.0446116 0.0126984
0 0.382542 0.121294 0.765083 0.228154 0.0126675
0 0.931859 0.122093 0.136283 0.239629 0.0126357
0 0.75923 0.219671 0.481541 0.431695 0.0126343
0 0.293279 0.693101 0.586558 0.613799 0.0126296
0 0.50045 0.0719406 0.556974 0.143881 0.0126207
0 0.498239 0.969777 0.996479 0.0604468 0.0126137
0 0.988685 0.627049 0.0226292 0.745902 0.0126045
0 0.598078 0.132825 0.796339 0.25487 0.0125901
0 0.938797 0.125561 0.122405 0.251122 0.0125835
0 0.928074 0.524319 0.143852 0.951362 0.0125809
0 0.881535 0.552968 0.236929 0.894065 0.0125798
0 0.940486 0.14053 0.119027 0.281059 0.0125706
0 0.465272 0.236179 0.479531 0.434862 0.0125643
0 0.121581 0.342516 0.243161 0.685031 0.0125549
0 0.829967 0.0664167 0.340066 0.132833 0.0125477
0 0.121512 0.158412 0.243024 0.304181 0.0125382
0 0.390243 0.641979 0.780486 0.716042 0.0125377
0 0.45682 0.846733 0.91364 0.306533 0.0125364
0 0.463168 0.910522 0.926335 0.178955 0.0125164
0 0.525558 0.925286 0.902241 0.149429 0.0125082
0 0.376866 0.229699 0.753732 0.452386 0.0124824
0 0.484982 0.899238 0.920366 0.201523 0.0124581
0 0.196569 0.397038 0.393138 0.790499 0.0124563
0 0.520265 0.10263 0.723675 0.205261 0.0124521
0 0.452626 0.952884 0.905253 0.0942329 0.0124516
0 0.122981 0.0967672 0.245962 0.193534 0.0124455
0 0.95059 0.0853824 0.0988195 0.170765 0.0124373
0 0.122929 0.056078 0.245858 0.112156 0.0124279
0 0.184095 0.0702939 0.36819 0.140588 0.0124273
0 0.445514 0.407128 0.553905 0.544577 0.0124158
0 0.375709 0.0750734 0.751419 0.150147 0.012398
0 0.596275 0.0845024 0.807451 0.169005 0.0123927
0 0.137985 0.338833 0.275969 0.674137 0.0123882
0 0.92993 0.633096 0.14014 0.733807 0.012349
0 0.718579 0.899921 0.562842 0.200159 0.0123488
0 0.841503 0.295089 0.316995 0.579284 0.0123131
0 0.415125 0.335401 0.83025 0.651638 0.0122938
0 0.926169 0.311918 0.147661 0.623835 0.0122892
0 0.696374 0.978033 0.607253 0.0439344 0.0122875
0 0.825197 0.902347 0.349607 0.195307 0.0122791
0 0.466166 0.531869 0.664968 0.86649 0.0122478
0 0.455543 0.6058 0.911087 0.490407 0.0122431
0 0.710765 0.0629434 0.578469 0.125887 0.0122341
0 0.700729 0.913254 0.598541 0.173493 0.0122262
0 0.832488 0.878157 0.335023 0.243686 0.0121884
0 0.878037 0.893649 0.243926 0.212702 0.0121849
0 0.5 0.614216 1 0.694798 0.0121673
0 0.787635 0.456593 0.424731 0.888721 0.0121357
0 0.865547 0.791973 0.268906 0.416053 0.0121222
0 0.755928 0.335489 0.488144 0.649739 0.0121218
0 0.448914 0.428114 0.802749 0.691444 0.0121099
0 0.632375 0.490336 0.735251 0.848945 0.0121059
0 0.838155 0.33319 0.32369 0.666381 0.0120858
0 0.696795 0.773218 0.60641 0.404761 0.0120718
0 0.815619 0.483158 0.368762 0.8785 0.01204
0 0.772679 0.862561 0.454642 0.274879 0.0120328
0 0.721324 0.474213 0.557352 0.917261 0.012024
0 0.851423 0.724648 0.297154 0.550704 0.0120113
0 0.536516 0.54578 0.926968 0.908441 0.0119745
0 0.547263 0.747217 0.905473 0.472521 0.0119148
0 0.75837 0.565772 0.48326 0.836214 0.0119028
0 0.5 0.737918 1 0.524165 0.0119026
0 1 0.0431675 0 0.0863351 0.00335526
0 1 0.0630704 0 0.126141 0.00335463
0 0.688066 0.97801 0.397032 0.043981 0.00331922
0 0.0981142 0.0626636 0.190018 0.0946272 0.00328405
0 0.744726 0.978065 0.276948 0.0438698 0.00328135
0 0.943334 0.111795 0.113019 0.170012 0.00327465
0 0.666328 0.978057 0.441108 0.0438866 0.00326574
0 0 0.0742294 0 0.148459 0.00326537
0 0.670478 0.1127 0.222952 0.142168 0.0032557
0 0 0.923562 0 0.152876 0.00325292
0 1 0.944587 0 0.110827 0.00324887
0 0 0.87514 0 0.24972 0.00324864
0 0.622626 0.106024 0.319806 0.129944 0.00324578
0 0.831041 0.139224 0.150862 0.0708129 0.00324124
0 0.0949633 0.0981831 0.172557 0.156755 0.00323351
0 0.628826 0.187877 0.180109 0.126985 0.00322605
0 0.717711 0.549717 0.142744 0.0986666 0.00322257
0 0.597021 0.926471 0.148599 0.0662483 0.00321224
0 0.633517 0.92829 0.07943 0.0596918 0.00320795
0 1 0.061718 0 0.123436 0.00320787
0 0.0688787 0.48054 0.137757 0.21087 0.00320627
0 0.076421 0.952255 0.152194 0.0915112 0.00320309
0 0.506178 0.0950653 0.549151 0.110737 0.00319852
0 0.0734122 0.510541 0.146824 0.325343 0.00319594
0 0.135801 0.956472 0.267182 0.0870558 0.00319369
0 0.405155 0.0716185 0.3313 0.0554968 0.00319359
0 0 0.0683713 0 0.136743 0.00319342
0 0.0556551 0.60521 0.11131 0.319255 0.00319106
0 0.963254 0.825044 0.0734921 0.349912 0.00318898
0 0.591865 0.976791 0.586309 0.0464174 0.00318768
0 0.454681 0.0531821 0.516898 0.0970186 0.00318678
0 0.0476056 0.45383 0.0952111 0.35295 0.00318657
0 0.0551184 0.72954 0.110237 0.299397 0.00318603
0 0.0554611 0.676392 0.110922 0.29945 0.00318339
0 0.57119 0.905296 0.238913 0.105898 0.00318307
0 0 0.961592 0 0.0768155 0.00318273
0 0.925809 0.0836909 0.147251 0.155816 0.0031818
0 0.0920787 0.372232 0.184157 0.33726 0.00318141
0 0.868072 0.102069 0.24742 0.165355 0.00318025
0 0.953193 0.789111 0.0936136 0.421779 0.00317505
0 0.824255 0.718022 0.170896 0.197011 0.00317474
0 0.0517464 0.445117 0.103493 0.479621 0.00317357
0 0 0.764963 0 0.292587 0.0031731
0 0.840749 0.0986527 0.146517 0.145866 0.00317274
0 0.0554519 0.857583 0.109796 0.271463 0.00317211
0 0.0609926 0.632061 0.121985 0.200225 0.00317117
0 0.0653776 0.565056 0.130755 0.425916 0.00317114
0 1 0.0451859 0 0.0903719 0.00317077
0 0 0.837139 0 0.325721 0.00316991
0 0.428549 0.940542 0.487506 0.118916 0.00316981
0 0.728357 0.979288 0.320457 0.0414248 0.00316946
0 0.58945 0.927827 0.197505 0.0768522 0.00316935
0 0.953995 0.650938 0.0920106 0.430065 0.00316733
0 0.648949 0.906658 0.141288 0.102994 0.00316709
0 0.064075 0.382013 0.12815 0.474329 0.00316658
0 1 0.96197 0 0.0760607 0.00316653
0 0 0.558369 0 0.257274 0.00316522
0 0.393339 0.957062 0.512466 0.0858768 0.00316339
0 0.973802 0.852565 0.0523965 0.281491 0.00316331
0 0 0.334568 0 0.252679 0.00316273
0 0.686367 0.906082 0.191815 0.103593 0.00316243
0 0.0553767 0.801705 0.110753 0.347478 0.00316215
0 0 0.630905 0 0.264405 0.00316206
0 0 0.389859 0 0.24023 0.00316178
0 0 0.506758 0 0.257204 0.00316165
0 0.957586 0.583349 0.0848286 0.448186 0.00316111
0 0 0.438796 0 0.235956 0.00316057
0 0.0688721 0.41836 0.137744 0.331382 0.00316045
0 0.718466 0.843472 0.377118 0.108973 0.00315919
0 0 0.680189 0 0.270265 0.00315836
0 0.801683 0.842735 0.212608 0.112323 0.00315742
0 0.157459 0.950715 0.314918 0.0985696 0.00315735
0 0.82688 0.672262 0.167838 0.148547 0.00315354
0 0 0.280932 0 0.252624 0.00315346
0 0.955218 0.515084 0.0895639 0.399925 0.00315339
0 0.711019 0.899968 0.388359 0.118187 0.00315198
0 1 0.0579339 0 0.115868 0.00315168
0 0.494528 0.902992 0.338577 0.114671 0.00315098
0 0.258591 0.948097 0.517182 0.103807 0.00315065
0 0.953376 0.450416 0.0932477 0.303069 0.00315046
0 0.611908 0.23791 0.219033 0.123725 0.00314988
0 0.505049 0.941087 0.32516 0.117826 0.00314963
0 0 0.225581 0 0.262107 0.00314907
0 0.770285 0.71963 0.273731 0.227412 0.00314809
0 0.453825 0.168859 0.237567 0.158625 0.00314803
0 0.356595 0.926155 0.175829 0.141636 0.00314734
0 1 0.878853 0 0.242293 0.00314646
0 0.424927 1 0.495575 0 0.00314599
0 0.833974 0.246448 0.168446 0.109149 0.0031458
0 0 0.175459 0 0.260103 0.00314506
0 0.295001 0.962746 0.487078 0.0745081 0.00314476
0 0.744945 0.550165 0.164825 0.097443 0.00314399
0 0.829872 0.0732218 0.31032 0.133822 0.00314353
0 0.176785 0.998469 0.35357 0.00306282 0.00314309
0 0.800503 0.781587 0.221427 0.224093 0.00314294
0 0.508145 0.862572 0.449162 0.193141 0.00314271
0 0 0.067214 0 0.134428 0.00314244
0 0.785027 0.943598 0.364477 0.112804 0.00314162
0 0.0808638 0.230095 0.161728 0.257502 0.00314099
0 0.32111 0.91719 0.243648 0.149895 0.00314011
0 0.822925 0.233398 0.177039 0.101391 0.00313967
0 0.965469 0.825317 0.0690619 0.349366 0.00313966
0 0 0.0617333 0 0.123467 0.00313898
0 0.47235 0.838757 0.455213 0.250995 0.00313891
0 0.196483 0.985279 0.392965 0.0294422 0.00313831
0 0.60561 0.876588 0.372153 0.160575 0.00313813
0 0.29097 0.00346133 0.324261 0.00692267 0.00313796
0 0.818651 0.9368 0.362697 0.1264 0.00313702
0 0.178105 0.856068 0.142765 0.104015 0.00313653
0 0.244456 0.484214 0.352849 0.167644 0.00313634
0 0 0.12718 0 0.250123 0.00313594
0 0.781645 0.82537 0.25444 0.133787 0.00313556
0 0.318035 1 0.636069 0 0.00313542
0 0.641158 0.926246 0.112447 0.0806911 0.00313534
0 0.0869984 0.271591 0.173997 0.317372 0.00313396
0 0.702919 0.878695 0.409271 0.0758396 0.00313349
0 0.561293 0.93937 0.645307 0.12126 0.00313342
0 0.161394 0.488561 0.196985 0.316735 0.00313306
0 0.372716 0.00216968 0.326254 0.00433936 0.00313255
0 0.738978 0.988687 0.403593 0.0226254 0.00313236
0 0.952384 0.719348 0.0952324 0.40446 0.00313218
0 0.452844 0.18621 0.182664 0.144344 0.00313201
0 0.965879 0.412901 0.0682426 0.361515 0.00313132
0 0.588661 0.4532 0.397445 0.0875221 0.00313044
0 0.952481 0.418821 0.0950376 0.389118 0.00313011
0 0.439588 0.938184 0.456838 0.101361 0.00313008
0 0.401431 0.833156 0.458818 0.295625 0.00312917
0 0.206031 0.921023 0.412062 0.157954 0.00312878
0 0.57895 0.5525 0.12397 0.105299 0.00312846
0 0.71763 0.814005 0.379828 0.1622 0.00312842
0 0.947959 0.119781 0.0995469 0.228096 0.00312793
0 0.152756 0.400547 0.161653 0.140184 0.00312701
0 0.517706 0.928251 0.313124 0.0875456 0.00312686
0 0.364345 0.625155 0.287872 0.172345 0.00312647
0 0.934693 0.484033 0.130614 0.187892 0.00312586
0 0.441409 0.263261 0.209878 0.102895 0.00312537
0 0.178223 0.87797 0.138302 0.086541 0.00312514
0 0.274453 0.917044 0.528563 0.158594 0.00312513
0 0.242375 0.00282311 0.330467 0.00564622 0.00312507
0 0.147838 0.446172 0.144587 0.207135 0.00312478
0 0.491455 0.0695501 0.554602 0.0764652 0.00312434
0 0.200408 1 0.400816 0 0.00312412
0 0.353716 0.968754 0.47336 0.0624929 0.00312373
0 0.456618 0.209784 0.225171 0.181447 0.00312368
0 0.319209 0.91091 0.325926 0.153419 0.00312354
0 0.319338 0.0614875 0.170531 0.0532665 0.00312343
0 0.728158 0.78082 0.364149 0.224853 0.00312315
0 0.65769 0.550198 0.210824 0.104655 0.00312289
0 0.239614 0.502578 0.424806 0.204863 0.00312191
0 0.800153 0.692863 0.209908 0.183037 0.00312185
0 0.933133 0.441907 0.133734 0.237966 0.00312128
0 0.208686 0.946666 0.417373 0.106668 0.00312108
0 0.749582 0.626424 0.32602 0.149986 0.00312002
0 0.298209 0.658953 0.415325 0.279721 0.00311978
0 0.433559 0.00263463 0.385784 0.00526926 0.00311969
0 0.936677 0.360039 0.126647 0.40408 0.00311875
0 0.182591 0.923783 0.160955 0.149809 0.00311853
0 0.453882 0.00618956 0.448568 0.0123791 0.00311821
0 0.357037 0.656783 0.472553 0.231003 0.00311797
0 0.109181 0.781916 0.218362 0.268165 0.00311756
0 0.0661289 0.283718 0.132258 0.445367 0.00311743
0 0.875238 0.362016 0.249524 0.360474 0.00311672
0 0.657712 0.973444 0.429349 0.0531117 0.00311632
0 0.573509 0.276484 0.276577 0.223707 0.00311617
0 0.774358 0.999834 0.451284 0.000331497 0.0031159
0 0.53484 0.349226 0.175562 0.103222 0.00311535
0 0.585442 0.314812 0.216207 0.12553 0.00311528
0 0.456666 0.559707 0.343197 0.138243 0.00311525
0 0.910448 0.403927 0.179105 0.349342 0.00311524
0 0.953083 0.789544 0.0938347 0.324482 0.00311524
0 0.968764 0.351855 0.0624719 0.375029 0.00311459
0 1 0.843261 0 0.313477 0.00311425
0 1 0.760597 0 0.375056 0.00311402
0 0.672076 0.0844449 0.228272 0.0836418 0.0031138
0 0.337222 0.999396 0.674443 0.00120802 0.00311346
0 0.53206 0.446262 0.473225 0.116683 0.00311333
0 0.931268 0.584737 0.137464 0.409961 0.00311274
0 0 0.0576498 0 0.1153 0.00311264
0 0.695458 0.0109218 0.398691 0.0218437 0.00311231
0 0.677662 0.452106 0.244108 0.0881802 0.00311229
0 0.142173 0.74071 0.284345 0.290449 0.00311225
0 0.496394 0.280891 0.393863 0.22534 0.00311179
0 0.432153 0.300462 0.223898 0.13374 0.0031115
0 0.954988 0.469269 0.0900242 0.359449 0.00311137
0 0.319887 0.249291 0.426389 0.275565 0.00311099
0 0.242224 0.443388 0.365772 0.264304 0.00311095
0 1 0.683846 0 0.318616 0.00311069
0 0.195403 0.807039 0.172492 0.21197 0.00311021
0 0.334861 0.7013 0.438573 0.247925 0.00310983
0 1 0.817073 0 0.365855 0.00310981
0 0.5 0.26345 1 0.526899 0.0193452
0 0.320938 0.468722 0.641876 0.867798 0.0191127
0 0.341814 0.202212 0.683628 0.404425 0.0190393
0 0.596786 0.529095 0.806428 0.653772 0.0190035
0 0.450501 0.163349 0.901002 0.326698 0.0187407
0 0.341752 0.272267 0.683504 0.544535 0.0187403
0 0.628394 0.700039 0.743213 0.599921 0.0186157
0 0.342081 0.624295 0.684162 0.75141 0.0183862
0 0.477478 0.682563 0.954957 0.634875 0.0180927
0 0.5 0.326461 1 0.652922 0.0178796
0 0.482338 0.622191 0.964675 0.755618 0.0178261
0 0.302357 0.228113 0.604714 0.456227 0.017688
0 0.621797 0.185467 0.756406 0.370933 0.0176441
0 0.352305 0.700293 0.70461 0.599414 0.0175301
0 0.321703 0.372497 0.643407 0.744995 0.0171106
0 0.453508 0.519249 0.907017 0.812187 0.0168036
0 0.589557 0.355092 0.820887 0.710184 0.0167766
0 0.591828 0.303258 0.816344 0.606515 0.0167746
0 0.5 0.468769 1 0.827282 0.0165615
0 0.433134 0.226547 0.866268 0.453093 0.016417
0 0.467506 0.349813 0.935012 0.699627 0.0161917
0 0.37168 0.552097 0.74336 0.89098 0.0161579
0 0.5 0.659661 1 0.680678 0.0161522
0 0.494651 0.40325 0.989301 0.806501 0.0160752
0 0.579484 0.176629 0.841032 0.353258 0.0158832
0 0.533647 0.618553 0.932706 0.762894 0.0158614
0 0.480252 0.732131 0.960504 0.535738 0.0157724
0 0.399202 0.161047 0.798405 0.322095 0.01555
0 0.564981 0.153125 0.750906 0.306251 0.0153145
0 0.5 0.748954 1 0.502092 0.0151741
0 0.431434 0.141871 0.862868 0.283741 0.0148955
0 0.270068 0.1903 0.540137 0.380601 0.0148797
0 0.640177 0.827754 0.719646 0.344492 0.0148277
0 0.526798 0.214151 0.946404 0.428302 0.0148211
0 0.63653 0.535187 0.72694 0.79774 0.0148188
0 0.381179 0.761477 0.762359 0.477046 0.0146978
0 0.5 0.791589 1 0.416823 0.0144927
0 0.0599822 0.393088 0.119964 0.786176 0.0141919
0 0.112884 0.36988 0.225768 0.73976 0.0141315
0 0.496952 0.820323 0.993903 0.359355 0.0139616
0 0.167518 0.498598 0.335037 0.879972 0.013959
0 0.31752 0.663474 0.63504 0.673052 0.0138668
0 0.697084 0.13887 0.605832 0.277739 0.0136631
0 0.236827 0.325051 0.473653 0.650102 0.0136606
0 0.352657 0.134765 0.705314 0.269531 0.0135608
0 0.671717 0.149611 0.656566 0.299222 0.0134064
0 0.00566611 0.751204 0.0113322 0.497592 0.0133704
0 0.00369476 0.906575 0.00738952 0.186849 0.0131849
0 0 0.0889803 0 0.177961 0.0131459
0 0.5 0.732623 1 0.534753 0.0131132
0 0.929267 0.102523 0.141467 0.205046 0.0130435
0 0.0997491 0.659351 0.199498 0.681299 0.0129674
0 0.0283578 0.833474 0.0567156 0.333052 0.0128367
0 0.037003 0.183372 0.074006 0.366743 0.0128353
0 0.295592 0.169059 0.591185 0.338117 0.0127778
0 0.705509 0.232417 0.588981 0.464835 0.0127484
0 0.999564 0.0875832 0.000872868 0.175166 0.0127474
0 0.337748 0.809918 0.675496 0.380164 0.0127295
0 0.0654995 0.705145 0.130999 0.589709 0.0126362
0 0.931738 0.165831 0.136523 0.331661 0.0125727
0 1 0.0176901 0 0.0353802 0.012491
0 1 0.0133495 0 0.0266991 0.0124416
0 0.00253876 0.142003 0.00507752 0.284007 0.0124139
0 0.0851554 0.691798 0.170311 0.616404 0.0124132
0 0.719513 0.463585 0.560975 0.568598 0.012292
0 0.641355 0.751052 0.717291 0.497896 0.0122363
0 0.697387 0.353958 0.605226 0.562132 0.0122294
0 0.294908 0.143728 0.589815 0.287457 0.0121035
0 0.550505 0.780576 0.898989 0.438848 0.0120805
0 0.3167 0.772458 0.6334 0.455085 0.0120797
0 0.203857 0.719279 0.407715 0.561442 0.0120725
0 0.778329 0.615684 0.443342 0.431233 0.0119633
0 0.656025 0.902476 0.68795 0.195048 0.0119449
0 0.785617 0.712982 0.428767 0.50469 0.0117983
0 0.5 0.879121 1 0.241757 0.0117964
0 0.451955 0.868482 0.903911 0.263035 0.0117102
0 0.490941 0.872631 0.981883 0.254737 0.0115415
0 0.998654 0.914436 0.00269158 0.171129 0.0114247
0 0.317405 0.906922 0.634809 0.186156 0.011155
0 0.761901 0.803889 0.476197 0.392221 0.0109976
0 0.868073 0.843547 0.263855 0.312906 0.0106341
0 0.776028 0.892353 0.447944 0.215293 0.0101537
0 0.000267915 0.058582 0.00053583 0.117164 0.00633872
0 0.293955 0.541521 0.531025 0.188578 0.00404503
0 0.474536 0.363097 0.629598 0.193053 0.0040217
0 0.260348 0.429021 0.394142 0.151097 0.00397435
0 0.639315 0.641564 0.469281 0.161475 0.00396993
0 0 0.0344786 0 0.0689572 0.00394017
0 0.349348 0.0614596 0.554342 0.122919 0.00390044
0 0.635648 0.197556 0.175002 0.106626 0.00389416
0 0.304709 0.573077 0.511498 0.17319 0.0038733
0 0.458834 0.397055 0.637857 0.20759 0.0038571
0 0.625486 0.691266 0.499455 0.129816 0.00382931
0 0.307883 0.38869 0.519041 0.160898 0.00380531
0 0.82565 0.915673 0.348701 0.168654 0.00379379
0 0.80333 0.142015 0.39334 0.176207 0.00378287
0 0.433861 0.710887 0.457122 0.155817 0.00376505
0 0.52755 0.576404 0.429923 0.156512 0.00376266
0 0.6448 0.565258 0.534384 0.213136 0.00376137
0 0.802162 0.0722959 0.395677 0.144592 0.00375343
0 0.71202 0.653556 0.435101 0.137248 0.0037461
0 0.499042 0.596884 0.488846 0.175582 0.0037424
0 0.497995 0.504468 0.529909 0.189167 0.00374153
0 0.491643 0.679076 0.486496 0.160368 0.00373799
0 0.560798 0.551161 0.488824 0.168687 0.00373307
0 0.493385 0.632162 0.494189 0.155853 0.0036814
0 0.320318 0.623412 0.481905 0.171255 0.0036663
0 0.652558 0.612259 0.510225 0.190776 0.00365557
0 0.477009 0.447933 0.577662 0.211629 0.00365294
0 0.291395 0.705068 0.481011 0.168348 0.00364696
0 0.563749 0.629455 0.482323 0.173535 0.00364202
0 0.335027 0.0836552 0.548098 0.16731 0.00364096
0 0.279716 0.507244 0.48847 0.154629 0.00363776
0 0.846979 0.187207 0.306042 0.182801 0.00363292
0 0.512881 0.823645 0.444294 0.19333 0.00361536
0 0.609133 0.807677 0.466644 0.198994 0.00361095
0 0.290195 0.757407 0.474352 0.182411 0.00359987
0 0.628098 0.373328 0.557696 0.160207 0.00359344
0 0.27386 0.597347 0.378578 0.167664 0.00358066
0 0.687123 0.796444 0.493008 0.168243 0.00357972
0 0.254289 0.415419 0.486606 0.147958 0.00357891
0 0.273035 0.653113 0.36995 0.151729 0.00357813
0 0.280083 0.341023 0.453508 0.178477 0.00357749
0 0.349373 0.496857 0.563158 0.187882 0.00357688
0 0.727953 0.0767923 0.307574 0.0786101 0.00357471
0 0.275304 0.605838 0.498784 0.167133 0.003573
0 0.773938 0.46482 0.452125 0.204383 0.00356755
0 0.506038 0.711302 0.454476 0.147496 0.00356508
0 0.241764 0.549689 0.364908 0.215911 0.00356247
0 0.798744 0.903988 0.402513 0.191225 0.00356222
0 0.413057 0.6611 0.509109 0.159198 0.00356065
0 0.00187126 0.826463 0.00374252 0.196184 0.00355517
0 0.249806 0.626008 0.344938 0.171748 0.00355191
0 0.253783 0.279322 0.507566 0.194296 0.00355176
0 0.440337 0.541766 0.53287 0.155214 0.00355126
0 0.633971 0.226616 0.128329 0.122727 0.00354506
0 0.993898 0.0381634 0.0122034 0.0763269 0.00353977
0 0.351475 0.459128 0.566333 0.207393 0.00353613
0 0.762905 0.926285 0.449781 0.147429 0.00353291
0 0.308343 0.161 0.597966 0.200648 0.00353222
0 0.676209 0.757106 0.514432 0.189273 0.00353101
0 0.592603 0.391856 0.578524 0.205509 0.0035302
0 0.590135 0.745468 0.509713 0.173057 0.00352805
0 0.747114 0.0928531 0.306054 0.116551 0.00351884
0 0.538825 0.383378 0.613952 0.146213 0.00351346
0 0.000116984 0.321506 0.000233968 0.197584 0.00351298
0 0.000200087 0.373903 0.000400174 0.195348 0.003511
0 0.598816 0.657978 0.474678 0.165563 0.00350854
0 0.617754 0.71491 0.514824 0.135686 0.00350834
0 0.70648 0.371281 0.460816 0.214469 0.00350434
0 0.285048 0.675919 0.493769 0.164538 0.00349643
0 0.00011618 0.423551 0.00023236 0.1931 0.00348748
0 0.773349 0.503229 0.453302 0.155104 0.00348499
0 4.38895e-06 0.272397 8.77791e-06 0.193867 0.00347832
0 0.889621 0.142989 0.220759 0.23445 0.00347791
0 0.901604 0.22453 0.196793 0.163633 0.00347062
0 0.00178458 0.751263 0.00356916 0.197613 0.00346686
0 0.645392 0.186107 0.149407 0.0839336 0.00346393
0 0.257927 0.72868 0.320277 0.180464 0.00346136
0 0.68179 0.0749722 0.260313 0.072596 0.0034536
0 7.00182e-05 0.472627 0.000140036 0.194951 0.00345213
0 0.912769 0.324563 0.174461 0.167068 0.00345023
0 0.258463 0.78489 0.317956 0.120614 0.0034466
0 0.242373 0.494774 0.375943 0.149426 0.00343867
0 0.500476 0.330738 0.592834 0.219062 0.00342541
0 0.00152723 0.699125 0.00305446 0.199476 0.00342534
0 0.810707 0.0940754 0.378585 0.178422 0.00342145
0 0.290849 0.122938 0.558052 0.20138 0.00342114
0 0.27225 0.409023 0.399899 0.100328 0.0034208
0 0.369672 0.524809 0.516489 0.191973 0.00341887
0 0.303698 0.203068 0.589223 0.227344 0.00341495
0 0.000222729 0.523173 0.000445458 0.195571 0.00341487
0 0.275199 0.687114 0.366133 0.16727 0.00341319
0 0.362794 0.398444 0.611827 0.241832 0.00341075
0 0.706021 0.537596 0.549244 0.194198 0.0034051
0 0.782494 0.535628 0.435011 0.194724 0.00340394
0 0.409717 0.425361 0.599252 0.243022 0.0034029
0 0.329618 0.922612 0.385057 0.154777 0.0033983
0 0.440244 0.0696032 0.484058 0.109928 0.00339787
0 0.57328 0.357825 0.638682 0.166224 0.00339715
0 0 0.222507 0 0.193873 0.00339449
0 0.667632 0.927192 0.489187 0.145616 0.00339348
0 0.422841 0.499212 0.575141 0.220866 0.00339299
0 0.991852 0.0561321 0.0162965 0.112264 0.00339269
0 0.000539095 0.573548 0.00107819 0.198157 0.00339111
0 0.670291 0.670058 0.47125 0.140874 0.00338962
0 0.213488 0.435977 0.370084 0.221349 0.00338956
0 0.00090063 0.648804 0.00180126 0.197047 0.00338602
0 0.872806 0.348728 0.254388 0.168337 0.0033848
0 0.737956 0.724154 0.417828 0.184507 0.00338455
0 0.521917 0.902002 0.422426 0.105941 0.00338453
0 0.253563 0.242024 0.507125 0.184573 0.00338336
0 0 0.167436 0 0.198398 0.0033823
0 0.903425 0.264511 0.193149 0.132148 0.00337786
0 0 0.118804 0 0.187058 0.0033745
0 0.788743 0.394084 0.422514 0.177061 0.00336811
0 0.773892 0.0949368 0.338595 0.189874 0.00336693
0 0.602381 0.0771357 0.319812 0.0832653 0.00336343
0 0.300306 0.859282 0.44785 0.218586 0.00336195
0 0.848212 0.899861 0.303576 0.18821 0.00336123
0 0.870762 0.150352 0.258476 0.191932 0.00335665
0 0.447152 0.843035 0.503878 0.187519 0.00335582
0 0.888282 0.0689716 0.223435 0.137943 0.00335552
0 0.750837 0.407471 0.498327 0.261207 0.0033538
0 0.630983 0.212628 0.152176 0.117785 0.00335202
0 0.75626 0.661168 0.351208 0.165159 0.00335076
0 0.61788 0.269712 0.236538 0.281204 0.00335056
0 0.851397 0.082092 0.297206 0.164184 0.00333714
0 0.285387 0.464105 0.485479 0.176544 0.00333536
0 0.3504 0.650392 0.498935 0.165067 0.00333155
0 0.775579 0.0688237 0.448842 0.137647 0.00333079
0 0.314794 0.894034 0.412014 0.129754 0.00332378
0 0.809659 0.636803 0.345155 0.161572 0.00331467
0 0.69086 0.178946 0.238128 0.0754075 0.003314
0 0.466328 0.890235 0.467444 0.135457 0.00331386
0 0.399442 0.592386 0.526568 0.18476 0.00331354
0 0.965879 0.884376 0.0682422 0.231248 0.00331288
0 0.621138 0.493234 0.573826 0.194734 0.00331154
0 0.158293 0.927387 0.311223 0.142459 0.00331101
0 0.824697 0.874512 0.350606 0.162837 0.0033105
0 0.860153 0.120241 0.279694 0.178263 0.00330968
0 0.459372 0.795118 0.476702 0.167642 0.00330785
0 0.203297 0.263897 0.385595 0.200494 0.003303
0 0.296631 0.797527 0.460709 0.16942 0.00330156
0 0.914892 0.292178 0.170216 0.174818 0.00329467
0 0.921425 0.262078 0.15715 0.172172 0.00329373
0 0.725502 0.631568 0.472084 0.201804 0.00329153
0 0.295574 0.760467 0.391756 0.147051 0.0032908
0 0.454689 0.0604214 0.639478 0.120843 0.00328278
0 0.824368 0.0959015 0.351264 0.191803 0.00328239
0 0.37186 0.908705 0.361917 0.18259 0.00327805
0 0.566344 0.309057 0.536389 0.243439 0.00327676
0 0.24454 0.301522 0.455199 0.168034 0.00327261
0 0.756182 0.395225 0.438356 0.182981 0.00327186
0 0.310673 0.356221 0.621346 0.183269 0.00327128
0 0.628877 0.526636 0.558466 0.160795 0.00327126
0 0.25906 0.906893 0.406892 0.177393 0.00327019
0 0.879961 0.635381 0.240078 0.197444 0.0032679
0 0.897925 0.125531 0.204149 0.209268 0.00326698
0 0.254305 0.808589 0.342634 0.193884 0.00326619
0 0.632318 0.243215 0.18342 0.191029 0.00326266
0 0.798649 0.752797 0.400438 0.193054 0.00325948
0 0.532662 0.0865911 0.389883 0.113572 0.00325733
0 0.796809 0.566733 0.406381 0.204378 0.00325696
0 0.843661 0.836606 0.312677 0.232221 0.00325415
0 0.861329 0.194793 0.277342 0.229045 0.0032527
0 0.806943 0.207637 0.380994 0.185626 0.0032488
0 0.333046 0.726709 0.457386 0.185588 0.00324643
0 0.764907 0.232482 0.311765 0.0895336 0.00324245
0 0.149758 0.890051 0.299516 0.216208 0.00323969
0 0.553569 0.768474 0.503713 0.170286 0.00323879
0 0.152781 0.549013 0.305562 0.228191 0.00323702
0 0.807856 0.105517 0.34926 0.211034 0.00323298
0 0.624132 0.326431 0.180207 0.350794 0.00323119
0 0.530695 0.411165 0.600865 0.186272 0.00322837
0 0.91148 0.680089 0.17704 0.20643 0.00322739
0 0.421841 0.754342 0.475852 0.158302 0.00322625
0 0.774723 0.883597 0.450553 0.141388 0.00322574
0 0.499039 0.927296 0.422351 0.145408 0.00322561
0 0.648287 0.230456 0.14213 0.103889 0.00322348
0 0.749161 0.347213 0.457261 0.183357 0.00322063
0 0.660482 0.403908 0.502993 0.166754 0.00321924
0 0.255051 0.0660689 0.510103 0.132138 0.00321696
0 0.788615 0.426373 0.42277 0.221733 0.00321655
0 0.644416 0.269888 0.363298 0.240379 0.00321303
0 0.824453 0.130045 0.351094 0.155351 0.00320859
0 0.157942 0.271814 0.315884 0.236824 0.0032058
0 0.288119 0.304101 0.576239 0.194776 0.00320137
0 0.715371 0.824664 0.439083 0.178401 0.00320062
0 0.887477 0.190033 0.225046 0.206029 0.00320006
0 0.336675 0.77636 0.447602 0.178863 0.00319872
0 0.150928 0.358253 0.301855 0.304323 0.0031986
0 0.152945 0.459785 0.30589 0.274842 0.0031976
0 0.504079 0.748823 0.471113 0.16617 0.00319742
0 0.144824 0.475191 0.289648 0.31309 0.0031967
0 0.830365 0.779144 0.339271 0.205658 0.00319575
0 0.127996 0.639543 0.255992 0.243535 0.00319528
0 0.786646 0.586718 0.426708 0.19595 0.00319511
0 0.770871 0.250959 0.312738 0.113046 0.00319457
0 0.930518 0.230643 0.138965 0.186825 0.00319361
0 0.391329 0.283856 0.670994 0.238868 0.0031929
0 0.154639 0.507836 0.309279 0.222093 0.00319066
0 0.797329 0.7257 0.405342 0.216373 0.00318707
0 0.854525 0.586991 0.290949 0.195393 0.00318674
0 0.336152 0.0491521 0.623273 0.0983042 0.00318658
0 0.70921 0.0762453 0.293226 0.121689 0.00318592
0 0.577993 0.925969 0.388126 0.148063 0.00318499
0 0.929003 0.922465 0.141994 0.15507 0.00318026
0 0.887371 0.730204 0.225257 0.208126 0.00318018
0 0.16118 0.0865878 0.322361 0.13787 0.00318014
0 0.669143 0.24229 0.212798 0.128051 0.00317626
0 0.821234 0.14929 0.357532 0.0865762 0.00317496
0 0.160658 0.113953 0.321317 0.18944 0.00317362
0 0.660408 0.0711374 0.38816 0.142275 0.00317092
0 0.116514 0.888246 0.233027 0.223507 0.00317059
0 0.68578 0.702262 0.490231 0.160078 0.00317045
0 0.821531 0.368695 0.356937 0.173844 0.00316946
0 0.817068 0.65643 0.365864 0.179976 0.00316309
0 0.158487 0.171686 0.316973 0.162893 0.00316262
0 0.554694 0.13713 0.344 0.27426 0.00316171
0 0.180903 0.213874 0.361806 0.263466 0.0171125
0 0.823105 0.59034 0.353789 0.819321 0.0164726
0 0.203979 0.261518 0.329149 0.269839 0.0162591
0 0.265135 0.227965 0.306781 0.225359 0.0155929
0 0.840291 0.412036 0.319417 0.315821 0.0152564
0 0.179007 0.163822 0.351776 0.275274 0.0151017
0 0.845533 0.311337 0.308934 0.316452 0.0149567
0 0.26709 0.295698 0.300896 0.23509 0.0148602
0 0.357501 0.56662 0.465873 0.340909 0.0148436
0 0.851222 0.259709 0.297556 0.327324 0.0148035
0 0.3604 0.41067 0.334243 0.290955 0.0144103
0 0.734469 0.337615 0.304941 0.249834 0.0140048
0 0.865439 0.367465 0.269123 0.379502 0.013996
0 0.913413 0.139579 0.173175 0.279158 0.0138852
0 0.353688 0.331676 0.330543 0.216745 0.0137617
0 0.824933 0.418051 0.350135 0.694544 0.0137415
0 0.256865 0.186147 0.30904 0.233971 0.0136885
0 0.647865 0.367545 0.309735 0.267391 0.0136567
0 0.515549 0.124424 0.331087 0.248848 0.0135128
0 0.422691 0.184269 0.349652 0.272348 0.0134421
0 0.821742 0.329204 0.356516 0.539246 0.0134072
0 0.567091 0.331883 0.293877 0.254805 0.0133821
0 0.339097 0.159284 0.336913 0.215035 0.0133558
0 0.384205 0.483937 0.349026 0.279335 0.0133191
0 0.794961 0.112526 0.333192 0.225053 0.0131719
0 0.107924 0.863416 0.215848 0.193452 0.0131308
0 0.480234 0.417508 0.361275 0.294766 0.0131159
0 0.657371 0.0979901 0.308824 0.19598 0.0131088
0 0.891149 0.258522 0.217703 0.344307 0.0130938
0 0.212402 0.615789 0.389721 0.350447 0.0129961
0 0.502606 0.147032 0.3506 0.272939 0.0129739
0 0.024261 0.296879 0.048522 0.171141 0.0129691
0 0.809607 0.795268 0.380787 0.409464 0.0129672
0 0.349348 0.285395 0.329431 0.195571 0.0129667
0 0.738644 0.26822 0.296315 0.271913 0.0129279
0 0.883288 0.903619 0.233425 0.192761 0.0128864
0 0.570923 0.279553 0.281098 0.286258 0.0128574
0 0.84821 0.160938 0.30358 0.318898 0.0128518
0 0.654287 0.281728 0.246706 0.278027 0.0128427
0 0.345259 0.11995 0.33148 0.226619 0.0128315
0 0.556082 0.414329 0.35504 0.290185 0.0128271
0 0.193032 0.0684766 0.260671 0.136953 0.0127966
0 0.503704 0.324326 0.314267 0.242036 0.0127688
0 0.507928 0.266671 0.312647 0.282014 0.0127501
0 0.854494 0.485737 0.291011 0.453077 0.0126484
0 0.409386 0.69355 0.818772 0.568098 0.0126378
0 0.422794 0.244787 0.328813 0.259217 0.012621
0 0.770951 0.653389 0.458098 0.693221 0.0125959
0 0.341525 0.21274 0.3371 0.198665 0.0125788
0 0.0596256 0.634805 0.119251 0.141234 0.012502
0 0.789203 0.421335 0.335159 0.293328 0.0124956
0 0.64406 0.414509 0.33644 0.289143 0.0124809
0 0.0499664 0.546424 0.0999328 0.152726 0.0124581
0 0.381291 0.651805 0.565384 0.331212 0.0124556
0 0.428347 0.596656 0.364212 0.314434 0.0124203
0 0.776332 0.483099 0.440469 0.294636 0.0124177
0 0.505637 0.216674 0.329436 0.290259 0.0123784
0 0.898931 0.199865 0.202137 0.330604 0.0123737
0 0.527349 0.089921 0.290209 0.179842 0.012354
0 0.040838 0.18906 0.0816759 0.262168 0.0122865
0 0.437668 0.121393 0.335702 0.242787 0.0122864
0 0.568423 0.144573 0.313339 0.270262 0.0122731
0 0.0592468 0.756385 0.118494 0.176829 0.0122594
0 0.446123 0.536616 0.325763 0.233409 0.0122554
0 0.0613958 0.278126 0.122792 0.229362 0.0122459
0 0.249053 0.129398 0.31556 0.217798 0.0122449
0 0.293276 0.0981699 0.327694 0.19634 0.0122425
0 0.72559 0.0979107 0.325271 0.195821 0.0122176
0 0.124274 0.877698 0.248548 0.233552 0.0122136
0 0.248912 0.492261 0.303052 0.276521 0.0122049
0 0.0580211 0.37515 0.116042 0.113321 0.0121889
0 0.25845 0.401098 0.303174 0.225597 0.0121837
0 0.426554 0.347551 0.321366 0.247515 0.0121829
0 0.579945 0.119887 0.312099 0.239775 0.0121582
0 0.794698 0.165498 0.336612 0.306402 0.0121144
0 0.720776 0.421008 0.332929 0.28706 0.0121111
0 0.534407 0.0445401 0.244173 0.0890802 0.0120761
0 0.44845 0.54904 0.514562 0.167066 0.0120624
0 0.0574591 0.636275 0.114918 0.128584 0.0120302
0 0.944587 0.0922366 0.110827 0.184473 0.0120295
0 0.0532912 0.587288 0.106582 0.116904 0.0120138
0 0.813446 0.509125 0.373107 0.354957 0.0120045
0 0.0577447 0.420587 0.115489 0.105549 0.0119503
0 0.981756 0.103614 0.0364881 0.207228 0.01195
0 0.67449 0.059846 0.24496 0.119692 0.011926
0 0.866386 0.0915766 0.267229 0.183153 0.011921
0 0.19526 0.105675 0.285903 0.21135 0.0119065
0 0.576832 0.222931 0.27426 0.296694 0.0119042
0 0.0848938 0.111515 0.169788 0.22303 0.0118762
0 0.0489146 0.506193 0.0978291 0.163666 0.0118515
0 0.0604618 0.685005 0.120924 0.171689 0.011846
0 0.5 0.639991 1 0.490094 0.0118418
0 0.804362 0.0853768 0.254381 0.170754 0.0118326
0 0.792073 0.370937 0.329985 0.286103 0.0117898
0 0.870719 0.860845 0.258563 0.27831 0.0117139
0 0.85355 0.870232 0.291188 0.259535 0.0117005
0 0.0579603 0.50442 0.115921 0.196553 0.0116984
0 0.600977 0.0455657 0.243898 0.0911314 0.0116891
0 0.0594321 0.628629 0.118864 0.209762 0.0116455
0 0.647738 0.148996 0.30112 0.267075 0.0116288
0 0.952401 0.108876 0.0951986 0.217753 0.011624
0 0.828414 0.279542 0.343172 0.348705 0.0116054
0 0.134942 0.136474 0.269884 0.272948 0.0115936
0 0.298734 0.325581 0.313884 0.198473 0.0115429
0 0.657867 0.222593 0.248901 0.310391 0.011541
0 0.46568 0.0399114 0.245925 0.0798228 0.0115275
0 0.131713 0.0851826 0.263426 0.170365 0.0115175
0 0.135555 0.112171 0.271109 0.224341 0.0115151
0 0.90862 0.0933448 0.18276 0.18669 0.0114999
0 0.937774 0.176495 0.124453 0.275172 0.0114726
0 0.0301943 0.252588 0.0603886 0.212174 0.0114622
0 0.723236 0.153184 0.323733 0.285056 0.0114481
0 0.821988 0.410753 0.356024 0.570155 0.011444
0 0.385143 0.920069 0.23051 0.159862 0.0114264
0 0.0589939 0.798895 0.117988 0.233961 0.0114243
0 0.311987 0.47473 0.321397 0.262568 0.0113893
0 0.740519 0.0710617 0.2475 0.142123 0.0113628
0 0.0458836 0.425422 0.0917671 0.095088 0.0113499
0 0.813726 0.717424 0.372549 0.565152 0.0113114
0 0.259357 0.917404 0.244833 0.1576 0.0112737
0 0.43488 0.921204 0.263555 0.157593 0.0112736
0 0.256965 0.0511362 0.273952 0.102272 0.0112725
0 0.806121 0.261495 0.326183 0.303253 0.0112419
0 0.571812 0.574057 0.856376 0.400472 0.0112192
0 0.295648 0.408082 0.319258 0.278713 0.0112191
0 0.0848098 0.90094 0.16962 0.19812 0.0112089
0 0.0624377 0.236051 0.124875 0.243128 0.0112038
0 0.351158 0.607335 0.702316 0.376325 0.0111868
0 0.455925 0.981086 0.284442 0.0378273 0.011182
0 0.511842 0.700095 0.516992 0.491809 0.0111793
0 0.0421928 0.111057 0.0843856 0.222114 0.0111443
0 0.0454104 0.884377 0.0908207 0.231245 0.011141
0 0.0255428 0.329859 0.0510857 0.118965 0.0111314
0 0.519666 0.496061 0.419722 0.296032 0.0111025
0 0.853604 0.111671 0.292792 0.223341 0.0110918
0 0.324494 0.0398872 0.255673 0.0797744 0.0110574
0 0.405153 0.980497 0.315582 0.0390059 0.0110471
0 0.130505 0.977401 0.261009 0.0451979 0.0110405
0 0.435847 0.457604 0.323307 0.299202 0.0110283
0 0.132247 0.736866 0.264494 0.526267 0.0110053
0 0.670389 0.713205 0.659223 0.499532 0.0110049
0 0.038309 0.367886 0.0766181 0.0876155 0.0109846
0 0.734513 0.20808 0.29954 0.300397 0.010974
0 0.751477 0.602377 0.497046 0.508617 0.0109581
0 0.0583771 0.575034 0.116754 0.242173 0.0109531
0 0.837443 0.749749 0.325115 0.500503 0.0109347
0 0.593339 0.0891021 0.282062 0.178204 0.0109189
0 0.600855 0.496178 0.383405 0.302163 0.0109039
0 0.395844 0.0434188 0.249759 0.0868376 0.0109023
0 0.470053 0.515716 0.365268 0.331997 0.0108746
0 0.0656796 0.797259 0.131359 0.183136 0.0108703
0 0.851305 0.942968 0.297391 0.114063 0.0108539
0 0.31523 0.915972 0.218489 0.168056 0.0108019
0 0.456987 0.0892355 0.294466 0.178471 0.0107815
0 0.44215 0.720284 0.701514 0.559432 0.0107653
0 0.919768 0.222687 0.160464 0.259087 0.0107511
0 0.0732065 0.84552 0.146413 0.237337 0.0106861
0 0.261973 0.978366 0.290879 0.0432674 0.0106382
0 0.866663 0.912365 0.257634 0.17527 0.0106312
0 0.861249 0.831134 0.26595 0.325849 0.0106278
0 0.895738 0.11383 0.208524 0.22766 0.0106063
0 0.201059 0.316416 0.330051 0.275476 0.010582
0 0.0519898 0.857707 0.10398 0.243478 0.0105786
0 0.99319 0.912315 0.0136192 0.17537 0.0105768
0 0.564819 0.931057 0.464695 0.137885 0.0105745
0 0.00931264 0.238259 0.0186253 0.216324 0.0105567
0 0.152831 0.663894 0.215467 0.370058 0.0105428
0 0.872715 0.164506 0.25457 0.329013 0.0104372
0 0.0706988 0.195666 0.141398 0.259027 0.0104261
0 0.0944626 0.971841 0.188925 0.0563171 0.0104245
0 0.549572 0.976589 0.372893 0.0468217 0.010403
0 0.0186115 0.112701 0.0372229 0.225401 0.0103972
0 0.240051 0.65838 0.480103 0.379756 0.0103881
0 0.495077 0.535661 0.562431 0.20951 0.0103865
0 0.199371 0.978565 0.295709 0.0428699 0.0103439
0 0.663667 0.622764 0.672666 0.59227 0.0103402
0 0.962597 0.132967 0.0748051 0.265934 0.0103098
0 0.143642 0.181342 0.287284 0.291834 0.0102606
0 0.795119 0.91974 0.369666 0.160521 0.0102262
0 0.249948 0.437384 0.299745 0.243812 0.0101641
0 0.325702 0.978097 0.297412 0.0438058 0.0101622
0 0.094261 0.76024 0.188522 0.178 0.0101566
0 0.253889 0.0879715 0.295843 0.175943 0.0101529
0 0.108375 0.66496 0.216749 0.274613 0.0101426
0 0.166876 0.887545 0.215749 0.224909 0.0100834
0 0.186876 0.914448 0.220131 0.159615 0.0100776
0 0.0951012 0.806387 0.190202 0.171309 0.00989507
0 0.410384 0.844124 0.572787 0.303396 0.00988744
0 0.20118 0.416373 0.249869 0.219309 0.00988702
0 0.14589 0.868039 0.242766 0.183794 0.00988302
0 0.385085 0.0891134 0.292247 0.178227 0.00987893
0 0.46215 0.535672 0.924299 0.26273 0.00986304
0 0.122668 0.911494 0.245336 0.172511 0.00985041
0 0.411318 0.562732 0.388254 0.216119 0.00984091
0 0.0594793 0.956431 0.118959 0.0871378 0.00982542
0 0.749448 0.630736 0.501104 0.738527 0.00977823
0 0.813864 0.553103 0.372272 0.577258 0.0097479
0 0.043981 0.916051 0.0879621 0.167899 0.00972809
0 0.653566 0.52364 0.669781 0.280924 0.00970239
0 0.476384 0.76745 0.952768 0.420323 0.00969677
0 0.505244 0.540728 0.989512 0.324489 0.00965262
0 0.36656 0.5684 0.485197 0.114575 0.00960583
0 0.702167 0.921891 0.173722 0.156219 0.00957376
0 0.950207 0.915857 0.099586 0.168287 0.00956867
0 0.480503 0.930018 0.441694 0.139965 0.00956687
0 0.888854 0.943801 0.222291 0.112397 0.00954611
0 0.147706 0.225341 0.295412 0.274306 0.00946949
0 0.705401 0.922643 0.25793 0.154713 0.00942266
0 0.811037 0.914469 0.226639 0.171062 0.00936405
0 0.0160866 0.14117 0.0321731 0.28234 0.00919704
0 0 0.117431 0 0.234862 0.00918548
0 0.654075 0.925134 0.409568 0.149733 0.00913442
0 0.126417 0.406208 0.228014 0.150861 0.00911185
0 0.00754251 0.606542 0.015085 0.201914 0.00909225
0 0.0102034 0.653915 0.0204067 0.23631 0.00906039
0 0.361587 0.764666 0.717183 0.470667 0.00902082
0 0 0.151085 0 0.30217 0.0089084
0 0.0121933 0.698623 0.0243867 0.278841 0.0089025
0 0.184674 0.463107 0.248342 0.258351 0.00887409
0 0.135821 0.308794 0.271642 0.27353 0.00882537
0 0.712424 0.554196 0.575151 0.388609 0.00880311
0 0.343591 0.548731 0.687182 0.181753 0.00879762
0 0.179318 0.536319 0.229946 0.295335 0.00879626
0 0.461279 0.904083 0.281653 0.191833 0.0087892
0 0.421695 0.834613 0.383266 0.329559 0.00868926
0 0.00653326 0.551929 0.0130665 0.210131 0.0086828
0 0.18292 0.73883 0.365839 0.371927 0.00862483
0 0.0972905 0.673814 0.194581 0.174719 0.00857343
0 0.00493947 0.338035 0.00987893 0.122887 0.00854527
0 0.223878 0.352576 0.262631 0.22314 0.00853583
0 0.498844 0.863337 0.796485 0.273326 0.00852452
0 0.010856 0.750881 0.0217121 0.281785 0.00849784
0 0.123723 0.482083 0.247445 0.245632 0.00835229
0 0.154642 0.702071 0.309284 0.287779 0.00835135
0 0.242124 0.902383 0.251487 0.195233 0.00832841
0 0.746549 0.763339 0.506902 0.357767 0.00820141
0 0.119366 0.634648 0.238732 0.240413 0.00818856
0 0.5 0.714384 1 0.571233 0.00817654
0 0.423093 0.826983 0.846185 0.337929 0.00814218
0 0.0151506 0.940999 0.0303012 0.118003 0.0080964
0 0.0378245 0.94034 0.0756491 0.11932 0.00806148
0 0.00693062 0.501586 0.0138612 0.201009 0.00799926
0 0.00864499 0.814241 0.01729 0.276098 0.00792559
0 0 0.950061 0 0.0998785 0.00784104
0 0.531187 0.918009 0.354021 0.163982 0.00780632
0 0.385387 0.680781 0.770775 0.374539 0.00780366
0 0.0137344 0.904914 0.0274688 0.190172 0.00777866
0 0.126197 0.375672 0.252394 0.175347 0.00773365
0 0 0.245607 0 0.284719 0.0076438
0 0.214006 0.873229 0.261751 0.186663 0.00756797
0 0 0.087556 0 0.175112 0.00752517
0 0.00527752 0.437223 0.010555 0.14374 0.00747089
0 0.778022 0.82651 0.389223 0.339767 0.00741571
0 0.309516 0.602218 0.619033 0.16284 0.00737197
0 0.0061306 0.859848 0.0122612 0.25392 0.00730098
0 0.13638 0.799949 0.27276 0.167942 0.00715273
0 0 0.920406 0 0.159187 0.00693001
0 0.00385316 0.364287 0.00770631 0.0989825 0.00689788
0 0.125179 0.548239 0.250358 0.28104 0.00672557
0 0 0.292834 0 0.260505 0.00671649
0 0.270977 0.873792 0.541953 0.252415 0.00642583
0 0 0.899728 0 0.191233 0.00608596
0 0.214581 0.888498 0.384955 0.214957 0.00602826
0 0 0.340021 0 0.179515 0.00579509
0 0.170257 0.44204 0.102447 0.0296367 0.0053917
0 0 0.179524 0 0.25537 0.00538884
0 0.629497 0.195263 0.180525 0.105896 0.00531756
0 0.630151 0.797311 0.691312 0.3877 0.00527486
0 0 0.87776 0 0.24448 0.00519115
0 0 0.797563 0 0.284137 0.00507252
0 0 0.476777 0 0.248845 0.00501504
0 0 0.745419 0 0.2892 0.00495726
0 0 0.531385 0 0.257433 0.0049427
0 0.0672773 0.951576 0.134555 0.0673721 0.00489787
0 0.0308995 0.121061 0.061799 0.0755253 0.00471039
0 0 0.42208 0 0.237839 0.00465694
0 0.0328551 0.0944426 0.0657101 0.0776145 0.00450886
0 0 0.582846 0 0.260989 0.00450461
0 0 0.86621 0 0.199621 0.00450354
0 0.0770602 0.912199 0.15412 0.157781 0.00448568
0 0 0.820685 0 0.224586 0.00448173
0 0 0.62409 0 0.232836 0.00447354
0 0.181002 0.438659 0.0839324 0.0210628 0.0044702
0 0.0924086 0.878402 0.184817 0.0644993 0.00441968
0 0 0.273665 0 0.200641 0.00432099
0 0.083685 0.914324 0.16737 0.0824902 0.00431753
0 0.0290544 0.144931 0.0581088 0.0745244 0.00430045
0 0 0.314165 0 0.11958 0.00426549
0 0 0.679874 0 0.248371 0.00424751
0 0.043464 0.0415855 0.086928 0.0293532 0.00424406
0 0.248839 0.169334 0.248545 0.119249 0.00419358
0 0.00902804 0.297342 0.0180561 0.0569276 0.00418531
0 0.572568 0.208684 0.236705 0.125358 0.00417552
0 0.0319669 0.0746837 0.0639338 0.0759125 0.00414438
0 0 0.40459 0 0.199053 0.00414028
0 0.0522248 0.0400869 0.10445 0.0403063 0.00412401
0 0.104153 0.044088 0.202298 0.0317289 0.004095
0 0.292202 0.0914585 0.236832 0.0429775 0.00405646
0 0.359602 0.800791 0.0882392 0.0315601 0.00401985
0 0.941292 0.139371 0.117417 0.278742 0.00392158
0 0.629409 0.213572 0.183261 0.144415 0.633221
0 0 0.0980803 0 0.196161 0.113896
0 0 0.0985375 0 0.197075 0.0936916
0 0.628392 0.258572 0.184761 0.236538 0.0812823
0 0 0.0998397 0 0.199679 0.0669305
0 0 0.112461 0 0.224921 0.0641992
0 1 0.0963463 0 0.192693 0.0544877
0 0 0.0960866 0 0.192173 0.0369601
0 0.000432447 0.0863838 0.000864894 0.172768 0.0305972
0 0.00488158 0.0735406 0.00976316 0.147081 0.028735
0 1 0.111703 0 0.223407 0.0282791
0 0.123855 0.0984531 0.133264 0.196906 0.0247191
0 0 0.0754952 0 0.15099 0.0207602
0 0.705406 0.0800294 0.271401 0.160059 0.0178522
0 0 0.921122 0 0.157757 0.0177943
0 0.359101 0.197324 0.166685 0.240044 0.0176506
0 0.0295914 0.071837 0.0591828 0.143674 0.0174013
0 0.347096 0.0731293 0.264402 0.146259 0.0168041
0 0.128984 0.0699365 0.132011 0.139873 0.0166607
0 0.246719 0.0817859 0.225848 0.163572 0.0166237
0 0.158959 0.0688956 0.139331 0.137791 0.0161217
0 0.970866 0.107107 0.0582688 0.214215 0.0161043
0 0.00150429 0.13499 0.00300857 0.269981 0.015725
0 0.661662 0.207051 0.122685 0.128396 0.0154345
0 0.398283 0.199125 0.192754 0.244063 0.0154123
0 0.148708 0.107786 0.157038 0.215572 0.0151247
0 0.0595779 0.106162 0.119156 0.212325 0.0142644
0 0.0968255 0.08345 0.156217 0.1669 0.0142643
0 1 0.0958706 0 0.191741 0.0141132
0 0.633063 0.0818458 0.286897 0.163692 0.0136835
0 0.0651144 0.0840752 0.130229 0.16815 0.0136426
0 0.172802 0.681105 0.345604 0.238685 0.0136292
0 0.905781 0.110585 0.184325 0.22117 0.0136223
0 0.98451 0.107896 0.0309805 0.215792 0.0134331
0 0.945795 0.794328 0.10841 0.288631 0.0132954
0 0.959705 0.0824117 0.0805895 0.164823 0.0132075
0 0.252479 0.0642801 0.172928 0.12856 0.0130739
0 0.32374 0.727748 0.334525 0.202381 0.0129787
0 0.22212 0.0650627 0.173641 0.130125 0.0128477
0 1 0.0716334 0 0.143267 0.0127526
0 0.186872 0.0672902 0.166621 0.13458 0.0126843
0 0.894813 0.895243 0.153457 0.207204 0.0124914
0 0.912188 0.0824794 0.175624 0.164959 0.0124683
0 0.84291 0.311464 0.176208 0.238724 0.0124447
0 0.831493 0.761271 0.337015 0.261772 0.0123806
0 0.167105 0.716697 0.33421 0.234848 0.0123149
0 0.324717 0.677708 0.44147 0.282689 0.0121632
0 0.0431463 0.117582 0.0862927 0.235165 0.0121505
0 0.370457 0.0607033 0.199635 0.121407 0.0120503
0 0.945706 0.107688 0.108588 0.215375 0.0119321
0 0.327401 0.200179 0.148827 0.22927 0.0119126
0 0.0619771 0.0695403 0.123954 0.139081 0.0118554
0 0 0.075271 0 0.150542 0.0117833
0 0.254197 0.727763 0.335979 0.197432 0.0117121
0 0.878676 0.312511 0.174568 0.241269 0.0117042
0 0.0989195 0.0698157 0.132755 0.139631 0.0116939
0 0.402928 0.734242 0.356197 0.193664 0.0116908
0 0.0853009 0.107564 0.170602 0.215128 0.0116213
0 0 0.0759328 0 0.151866 0.0115266
0 0.469912 0.734803 0.367803 0.212854 0.0115208
0 0.161716 0.69628 0.323432 0.326713 0.0113973
0 0.188323 0.722653 0.346832 0.201291 0.0113961
0 0 0.0744099 0 0.14882 0.0112787
0 0.925361 0.10944 0.149278 0.21888 0.0112163
0 0.000525132 0.921151 0.00105026 0.157698 0.01112
0 0.77057 0.792794 0.414548 0.264131 0.011005
0 0.179451 0.130759 0.165982 0.255351 0.0108874
0 0.943246 0.859038 0.113509 0.281923 0.0108812
0 0.534691 0.737503 0.338415 0.236906 0.0108687
0 0 0.916343 0 0.167315 0.0108106
0 0.57898 0.405386 0.180527 0.250539 0.0107294
0 0 0.0746738 0 0.149348 0.0106939
0 1 0.454109 0 0.263065 0.0106635
0 0.660015 0.232688 0.125235 0.182696 0.0106181
0 0 0.150712 0 0.301424 0.0105924
0 0.989887 0.0723988 0.0202261 0.144798 0.0105329
0 0.308321 0.080551 0.284703 0.161102 0.0104547
0 0.762777 0.261338 0.151717 0.25727 0.0104159
0 0.357369 0.762427 0.407837 0.212817 0.0103596
0 0.825253 0.84734 0.349494 0.305321 0.0103182
0 0.437776 0.190363 0.210035 0.238816 0.0102727
0 0.777355 0.734433 0.389907 0.270007 0.0102724
0 0.547212 0.419088 0.160432 0.239182 0.0101626
0 1 0.0754902 0 0.15098 0.0101554
0 0.920006 0.755133 0.159988 0.274393 0.0101182
0 0.542434 0.768249 0.393068 0.221238 0.0100254
0 0.940608 0.722405 0.118784 0.361282 0.0100237
0 0.389971 0.0998407 0.383805 0.199681 0.00995446
0 0.972044 0.795394 0.0559129 0.409213 0.00993637
0 0.285636 0.0619985 0.196461 0.123997 0.00992363
0 0.0435864 0.0948436 0.0871727 0.189687 0.00991784
0 0.955099 0.66693 0.0898028 0.358968 0.00991535
0 0.554648 0.0783783 0.278118 0.156757 0.00990666
0 0.722894 0.0658904 0.196761 0.131781 0.00989787
0 0.288775 0.100426 0.453972 0.200852 0.00974613
0 0.430338 0.771679 0.386959 0.193162 0.00973039
0 0.860526 0.106575 0.182704 0.213151 0.00972148
0 0.466293 0.0997505 0.36522 0.199501 0.0096821
0 1 0.0660774 0 0.132155 0.0096354
0 0.0625069 0.907583 0.125014 0.184834 0.00961956
0 1 0.303218 0 0.298439 0.00958965
0 0.413052 0.227654 0.230247 0.262902 0.00958807
0 0.0468002 0.882551 0.0936005 0.234898 0.00953502
0 0.104291 0.131664 0.171289 0.263327 0.00950181
0 1 0.0873656 0 0.174731 0.00944802
0 0.546853 0.100443 0.36494 0.200886 0.00944564
0 0.965436 0.919343 0.0691289 0.161313 0.0094411
0 0.485251 0.0736537 0.282676 0.147307 0.00941383
0 0.218888 0.108746 0.1773 0.217493 0.00933438
0 0.664738 0.0978557 0.373371 0.195711 0.00928103
0 0.810019 0.723378 0.379962 0.375585 0.00921253
0 0.881726 0.611038 0.236548 0.335976 0.00911343
0 0.0615824 0.875068 0.123165 0.249865 0.00906103
0 0.941848 0.0696904 0.116304 0.139381 0.00905961
0 0.187746 0.8167 0.375492 0.3666 0.00905469
0 0.765288 0.0756376 0.282277 0.151275 0.00897164
0 0.364285 0.228518 0.1934 0.257178 0.00896835
0 1 0.128875 0 0.257751 0.00895141
0 0.793592 0.866988 0.412816 0.266025 0.00888973
0 0.372084 0.152481 0.5475 0.304962 0.00888926
0 0.70503 0.77063 0.384451 0.239142 0.00887594
0 0.628902 0.745285 0.352503 0.259663 0.0088759
0 0.813794 0.325086 0.191383 0.238511 0.00885373
0 0.707061 0.905254 0.585879 0.189491 0.00880893
0 0.913024 0.0690761 0.173951 0.138152 0.008803
0 0.635043 0.175445 0.509385 0.350889 0.00875147
0 0.243396 0.636954 0.486792 0.434037 0.00872891
0 0.496887 0.373657 0.509994 0.332025 0.00872864
0 0.407915 0.684407 0.451609 0.310455 0.00872726
0 0.794077 0.237818 0.21505 0.255545 0.00872234
0 0.701868 0.737387 0.342143 0.270735 0.00872089
0 0 0.857349 0 0.250039 0.00871671
0 0 0.885529 0 0.22193 0.0087127
0 0.221373 0.775838 0.428925 0.280973 0.00870846
0 0.421048 0.063176 0.286389 0.126352 0.00870164
0 0.988643 0.0978205 0.022714 0.195641 0.00870048
0 0.991891 0.60309 0.0162188 0.400065 0.00868453
0 0.288873 0.763655 0.400694 0.243581 0.00862181
0 0.870761 0.678814 0.258479 0.373841 0.00860512
0 0.478212 0.706405 0.432383 0.365638 0.00857629
0 0.619318 0.715644 0.428355 0.383523 0.00854874
0 0.046306 0.231522 0.092612 0.265654 0.0085465
0 0.143066 0.152533 0.172437 0.285772 0.00851605
0 0.418689 0.37654 0.440501 0.347498 0.00848666
0 0.737255 0.0972309 0.342133 0.194462 0.00845138
0 0.820019 0.821004 0.359961 0.293412 0.0084477
0 0.392553 0.150099 0.445212 0.290957 0.00843245
0 0.927299 0.102438 0.145401 0.204875 0.00842647
0 0.617165 0.912784 0.493959 0.174432 0.00842638
0 0.0594342 0.792059 0.118868 0.415882 0.00842104
0 0.866924 0.0808924 0.266152 0.161785 0.00832077
0 0.208267 0.10069 0.416535 0.20138 0.00831108
0 0.553387 0.72571 0.409643 0.405469 0.0082217
0 0.008421 0.110287 0.016842 0.220574 0.00821752
0 0.5954 0.171646 0.36569 0.343292 0.00819701
0 0.460769 0.306373 0.434333 0.368576 0.00819362
0 0 0.947638 0 0.104724 0.00817957
0 0.811849 0.884353 0.376303 0.231294 0.008167
0 0.502099 0.43915 0.146031 0.202223 0.00810532
0 0.492228 0.630895 0.468575 0.403064 0.00810331
0 0.0486992 0.709352 0.0973984 0.450656 0.00806145
0 0.80579 0.905989 0.38842 0.188021 0.00806005
0 1 0.427076 0 0.370678 0.00804487
0 0.109558 0.262593 0.173812 0.278314 0.00802811
0 0.775438 0.368744 0.449124 0.370351 0.0080264
0 0.820612 0.0988971 0.333358 0.197794 0.00800438
0 0.124924 0.775888 0.249848 0.374274 0.00796981
0 0.338141 0.654427 0.49697 0.460037 0.00796112
0 0.762601 0.316216 0.196847 0.248551 0.00795859
0 1 0.234874 0 0.373973 0.00793466
0 0.722807 0.372791 0.215947 0.247771 0.00791205
0 0.0403718 0.407051 0.0807437 0.412788 0.00791047
0 0.504642 0.168006 0.430198 0.336012 0.00790911
0 1 0.0729631 0 0.145926 0.00788576
0 0.759957 0.89369 0.480087 0.21262 0.00788209
0 0.706899 0.509468 0.393327 0.222257 0.0078729
0 0.296252 0.208648 0.152648 0.224796 0.00786256
0 0.23221 0.498682 0.420669 0.332479 0.00783956
0 0.849697 0.400428 0.300606 0.338036 0.00782919
0 0.276794 0.584088 0.423646 0.411684 0.00781887
0 0.637148 0.514687 0.414508 0.230627 0.00780792
0 0.00167958 0.18123 0.00335917 0.284412 0.00780328
0 0.00808338 0.11564 0.0161668 0.23128 0.00778974
0 0.341352 0.408196 0.451192 0.343417 0.00776759
0 0.881086 0.800926 0.237827 0.272927 0.00775767
0 0.0437428 0.154131 0.0874857 0.290984 0.00775101
0 0.604977 0.4624 0.477505 0.302657 0.00774148
0 0.034942 0.508696 0.069884 0.42383 0.00771756
0 0.123797 0.606815 0.247594 0.427724 0.00771751
0 0.685633 0.911639 0.60475 0.176723 0.00770537
0 0.683888 0.366855 0.524789 0.367336 0.00768191
0 0 0.141403 0 0.282807 0.0076737
0 0.780667 0.842966 0.416521 0.314069 0.00765841
0 0.0354592 0.0851074 0.0709184 0.170215 0.00765818
0 0.128916 0.665982 0.257831 0.454833 0.00764904
0 0.741298 0.423082 0.517404 0.368169 0.0076033
0 0 0.842429 0 0.249959 0.00758959
0 0.854421 0.332142 0.291159 0.289648 0.00758144
0 0.810565 0.241617 0.37887 0.391741 0.00757926
0 0.853805 0.100615 0.29239 0.201231 0.00757361
0 0.18692 0.0986553 0.164468 0.197311 0.0075546
0 0.213417 0.160266 0.177261 0.264354 0.00750148
0 1 0.0732972 0 0.146594 0.00749496
0 0.208139 0.624956 0.416279 0.395184 0.00748298
0 0.0440845 0.672308 0.0881691 0.296803 0.00746992
0 0.588359 0.422165 0.594083 0.327453 0.00746404
0 0 0.954835 0 0.0903296 0.0074541
0 0.0418596 0.522046 0.0837192 0.309897 0.00744743
0 0.901717 0.556719 0.196565 0.33854 0.00740812
0 0.0411043 0.601562 0.0822086 0.422177 0.00740318
0 0.712251 0.250689 0.424737 0.277407 0.00740002
0 0.791416 0.697114 0.417168 0.422642 0.00738293
0 0.84901 0.51047 0.301981 0.237211 0.00735029
0 0.422399 0.672893 0.486454 0.491125 0.00734291
0 0.810479 0.511192 0.379042 0.230505 0.00734192
0 0.24649 0.168385 0.169929 0.2466 0.00731589
0 0.714487 0.476318 0.451629 0.262036 0.00731499
0 0.478805 0.226646 0.403922 0.317292 0.00730976
0 0.746127 0.174772 0.460293 0.349544 0.00730254
0 0.513921 0.84934 0.50038 0.30132 0.00725053
0 0.110026 0.871339 0.172977 0.254856 0.00721739
0 0.0449554 0.721423 0.0899109 0.286497 0.00721642
0 0.0478159 0.910736 0.0956317 0.178527 0.00720816
0 0.0423412 0.568394 0.0846824 0.304299 0.00718889
0 0.0613115 0.207263 0.122623 0.253335 0.00717494
0 1 0.505131 0 0.409024 0.0071629
0 0.401344 0.262846 0.431928 0.349347 0.00713161
0 0.889138 0.102523 0.221724 0.205047 0.00708468
0 0 0.136027 0 0.272055 0.00704841
0 0.836171 0.608067 0.327659 0.355304 0.00700321
0 0.609299 0.394344 0.204566 0.240209 0.00697576
0 0.0474991 0.287723 0.0949981 0.271732 0.00689925
0 0.273475 0.3944 0.463191 0.322466 0.00689716
0 0.485132 0.459914 0.585674 0.336286 0.00688898
0 0.681542 0.333492 0.400782 0.410765 0.00688636
0 0.347015 0.4643 0.450027 0.259645 0.00687561
0 0.0464686 0.776744 0.0929373 0.289011 0.00686897
0 0.708997 0.842758 0.421473 0.314483 0.00685706
0 0.259873 0.133796 0.519746 0.267592 0.00685627
0 0.803508 0.575265 0.392983 0.293329 0.00680599
0 0.0471718 0.842209 0.0943436 0.251602 0.00680471
0 0.290339 0.481446 0.426515 0.295897 0.0067944
0 0.441164 0.910505 0.435562 0.17899 0.00677261
0 0.782439 0.0663432 0.202583 0.132686 0.00676534
0 0.0819938 0.264993 0.163988 0.262606 0.00675455
0 0.562819 0.875558 0.383642 0.248884 0.0067348
0 0.19078 0.52787 0.381559 0.387074 0.00673318
0 0.571188 0.525602 0.426363 0.259353 0.00670605
0 0.744425 0.244733 0.0900389 0.216791 0.00670582
0 0.782463 0.480393 0.435073 0.249766 0.00670114
0 0.541395 0.904812 0.382137 0.190376 0.00669225
0 0 0.752336 0 0.288344 0.00666312
0 0.128625 0.0509872 0.112139 0.101974 0.00665726
0 0.182014 0.577572 0.364028 0.376219 0.00665534
0 0.0413589 0.912973 0.0827177 0.174053 0.00665454
0 0.0445823 0.815511 0.0891646 0.368978 0.00665262
0 1 0.407843 0 0.256669 0.00665001
0 0.496946 0.550022 0.460679 0.326852 0.00663789
0 0.248462 0.212708 0.178684 0.234442 0.00663736
0 0.659708 0.0668852 0.199402 0.13377 0.00661547
0 0.622861 0.84499 0.448713 0.310021 0.0065908
0 0.226371 0.390829 0.452741 0.319207 0.0065899
0 0.109983 0.598351 0.177538 0.270042 0.00657194
0 0.848642 0.895377 0.193035 0.205745 0.00656529
0 0.581333 0.256598 0.272357 0.23071 0.00656513
0 0.177504 0.180453 0.172841 0.288226 0.00655062
0 0.291116 0.130839 0.512871 0.261678 0.00653933
0 0.350262 0.319805 0.441287 0.394569 0.00652574
0 0.613869 0.329237 0.386082 0.404904 0.00650834
0 0.491262 0.870267 0.371255 0.259466 0.00650798
0 0.418951 0.472987 0.442136 0.280234 0.00649579
0 0.422234 0.582008 0.456242 0.398367 0.00648486
0 0.579244 0.580135 0.410518 0.296858 0.00648373
0 0.0610785 0.0971774 0.122157 0.194355 0.00647503
0 0 0.138503 0 0.277007 0.00647208
0 0.506206 0.0633537 0.204937 0.126707 0.00646101
0 0.294398 0.134801 0.187308 0.248827 0.00645431
0 0.222137 0.442155 0.444275 0.317843 0.00645084
0 0.962467 0.891164 0.0750664 0.217672 0.00644731
0 0.686879 0.291793 0.473868 0.347885 0.00643187
0 0.291636 0.911057 0.481679 0.177886 0.00642861
0 0.891226 0.46106 0.217548 0.352039 0.00642073
0 0.0634976 0.302634 0.126995 0.445247 0.00640897
0 0.454302 0.356884 0.55102 0.441891 0.00640846
0 0.32144 0.245227 0.50239 0.32145 0.00638001
0 0.214503 0.162189 0.429006 0.324379 0.00635483
0 0.1175 0.904833 0.177925 0.190334 0.00635351
0 0.436928 0.0600901 0.206741 0.12018 0.0063461
0 0.197801 0.899923 0.395601 0.200154 0.00630788
0 0.150907 0.873069 0.16818 0.253862 0.00629406
0 0.253781 0.109297 0.184618 0.218594 0.00628763
0 0.763358 0.543202 0.397001 0.227029 0.00628639
0 0.642134 0.0976554 0.203989 0.195311 0.00628145
0 0.805796 0.3523 0.388409 0.330172 0.00628131
0 0 0.806616 0 0.281725 0.006278
0 0.127376 0.511014 0.254752 0.437908 0.00626835
0 0.860484 0.0677521 0.206291 0.135504 0.00626393
0 0.743438 0.714565 0.452824 0.372979 0.00625978
0 0.72352 0.876308 0.366403 0.247385 0.00624983
0 0.820009 0.0665429 0.198927 0.133086 0.00624826
0 0.627968 0.210797 0.182583 0.132432 0.948199
0 0.820429 0.143047 0.145627 0.0825191 0.0350528
0 0.513247 0.380919 0.129377 0.0749956 0.0162552
0 0.952619 0.732855 0.0947629 0.259585 0.0117755
0 0.945333 0.679727 0.109335 0.258543 0.0114964
0 0.956993 0.792814 0.0860142 0.287519 0.0108834
0 0.300066 0.692456 0.404977 0.263756 0.0102362
0 0.942569 0.852493 0.114861 0.295014 0.010056
0 0.936477 0.627405 0.127045 0.260819 0.0100438
0 0.13476 0.749699 0.269521 0.287608 0.0098727
0 0.31959 0.746273 0.415562 0.26965 0.00984414
0 0.230294 0.441903 0.460588 0.263799 0.00957595
0 0.146739 0.379125 0.293478 0.271917 0.00940155
0 0.394075 0.749804 0.428617 0.268696 0.00936973
0 0.728951 0.0865396 0.420264 0.173079 0.00936121
0 0.285706 0.33902 0.412512 0.254005 0.00931569
0 0.257343 0.514724 0.512678 0.255727 0.00922431
0 0.381543 0.696485 0.424553 0.274002 0.00921187
0 0.930193 0.578225 0.139614 0.25833 0.00918144
0 0.518163 0.0741801 0.404899 0.14836 0.00915063
0 0.837119 0.850946 0.325761 0.298108 0.00911248
0 0.559757 0.45768 0.391002 0.24485 0.00910231
0 0.867851 0.896977 0.264298 0.206045 0.00904903
0 0.664602 0.492547 0.468423 0.275747 0.00902944
0 0.38965 0.0676005 0.420116 0.135201 0.00900163
0 0.834376 0.886743 0.331248 0.226514 0.00896418
0 0.852223 0.69583 0.295555 0.301098 0.00895113
0 0.476761 0.4625 0.366086 0.247571 0.00894868
0 0.450828 0.0693075 0.4092 0.138615 0.00894142
0 0.373866 0.398362 0.389381 0.168436 0.00894028
0 0.232383 0.361366 0.435787 0.226268 0.00893477
0 0.640452 0.443683 0.41274 0.244043 0.00892051
0 0.255058 0.080995 0.439625 0.16199 0.00886379
0 0.657969 0.0877673 0.412105 0.175535 0.00883977
0 0.4305 0.409537 0.353863 0.155979 0.00880707
0 0.137067 0.87423 0.274134 0.251539 0.00878111
0 0.716734 0.253552 0.417952 0.273622 0.00874214
0 0.36344 0.348013 0.372384 0.225116 0.00871896
0 0.25051 0.229789 0.501021 0.288425 0.00869541
0 0.874101 0.750807 0.251799 0.316524 0.00868622
0 0.796903 0.0834196 0.406194 0.166839 0.00866443
0 0.586486 0.0824776 0.414229 0.164955 0.00866001
0 0.241663 0.292972 0.483325 0.320681 0.0086228
0 0.303556 0.377547 0.409065 0.197859 0.00859627
0 0.197362 0.710544 0.394725 0.297941 0.00859329
0 0.83743 0.644944 0.32514 0.307484 0.00856105
0 0.739114 0.325876 0.423292 0.241676 0.00853134
0 0.150134 0.297703 0.300269 0.324895 0.00845875
0 0.571468 0.353196 0.381571 0.191278 0.00842572
0 0.0099161 0.088929 0.0198322 0.177858 0.00839783
0 0.953099 0.897861 0.0938022 0.204278 0.00837408
0 0.723658 0.427387 0.425458 0.236414 0.00834841
0 0.252953 0.177591 0.505907 0.294083 0.00833914
0 0.420909 0.349719 0.346285 0.197565 0.00831899
0 0.965967 0.46763 0.0680663 0.21281 0.00828529
0 0.631061 0.392643 0.366622 0.212164 0.00827372
0 0.650856 0.343295 0.402955 0.204789 0.00826694
0 0.834656 0.272872 0.330688 0.212008 0.00821218
0 0.164372 0.0855855 0.328744 0.171171 0.00820402
0 0.564207 0.20409 0.291128 0.149075 0.00819485
0 0.297604 0.445438 0.436893 0.246612 0.00819405
0 0.800936 0.091589 0.398128 0.183178 0.00819028
0 0.846377 0.246435 0.307246 0.279281 0.00815963
0 0.800252 0.818065 0.399496 0.346626 0.00815898
0 0.877271 0.808263 0.245459 0.34237 0.00814582
0 0.317793 0.487383 0.476421 0.26478 0.0081064
0 0.802238 0.74412 0.395524 0.298427 0.00810356
0 0.140001 0.647567 0.280002 0.30218 0.00810338
0 0.468916 0.880733 0.427154 0.238534 0.00809666
0 0.499018 0.350073 0.362239 0.185883 0.00809596
0 0.256661 0.133385 0.513322 0.266769 0.00806583
0 0.183676 0.187531 0.367353 0.308526 0.00805725
0 0.969031 0.516952 0.0619372 0.222588 0.00804295
0 0.562797 0.404698 0.367727 0.182816 0.00804109
0 0.519551 0.102424 0.407857 0.204848 0.00801322
0 0.487481 0.411495 0.340568 0.161064 0.00799092
0 0.711345 0.387043 0.370964 0.24003 0.00796237
0 0.219516 0.485383 0.439033 0.290925 0.00796114
0 0.472084 0.135971 0.418122 0.271942 0.00794618
0 0.797126 0.192636 0.405748 0.232262 0.00792533
0 0.836413 0.0819756 0.327174 0.163951 0.00792078
0 0.10383 0.851295 0.20766 0.29741 0.00791199
0 0.0981671 0.791067 0.196334 0.277901 0.00790522
0 0.79496 0.14178 0.141561 0.0796428 0.00789954
0 0.541031 0.879312 0.419012 0.241375 0.00789083
0 0.971521 0.913177 0.0569583 0.173646 0.00788323
0 0.772001 0.547806 0.455999 0.291889 0.00781088
0 0.963465 0.420652 0.07307 0.20052 0.00779696
0 0.148794 0.110749 0.297588 0.221499 0.00779381
0 0.648083 0.539947 0.532557 0.299271 0.0077763
0 0.138784 0.580596 0.277567 0.276435 0.00777613
0 0.867719 0.0813234 0.264563 0.162647 0.00776971
0 0.20487 0.334085 0.40974 0.281539 0.00772825
0 0.786633 0.425703 0.426734 0.24969 0.00770052
0 0.984747 0.569575 0.0305066 0.234494 0.00766502
0 0.327956 0.794694 0.435659 0.283136 0.00766377
0 0.400032 0.133176 0.435546 0.266353 0.00765958
0 0.185798 0.523002 0.371595 0.268525 0.00764123
0 0.962799 0.383464 0.0744025 0.186776 0.00763859
0 0.316908 0.129117 0.545339 0.258235 0.00763801
0 0.00558985 0.245185 0.0111797 0.261915 0.00761466
0 0.974058 0.228358 0.0518841 0.233848 0.0076101
0 0.149443 0.448984 0.298886 0.311738 0.00760746
0 0.787709 0.916778 0.335149 0.166443 0.00759603
0 0.449697 0.104373 0.414336 0.208747 0.007564
0 0.824233 0.327384 0.351534 0.294229 0.00755437
0 0.339503 0.30315 0.410998 0.286523 0.00755431
0 0.497527 0.692698 0.387706 0.273696 0.00755311
0 0.00708603 0.1965 0.0141721 0.270927 0.00753344
0 0.256725 0.786876 0.45741 0.280671 0.00751904
0 0.149319 0.231658 0.298637 0.286733 0.00751233
0 0.479687 0.742593 0.419188 0.259351 0.00749314
0 0.351129 0.189926 0.436709 0.274248 0.00749017
0 0.980842 0.166019 0.0383154 0.214296 0.0074868
0 0.96524 0.295167 0.0695207 0.250736 0.00747956
0 0.981527 0.112404 0.0369456 0.204161 0.00747014
0 0.651443 0.285618 0.388785 0.302207 0.00739876
0 0.550196 0.136696 0.369196 0.273391 0.00738395
0 0.794451 0.962569 0.300115 0.0748625 0.00738185
0 0.846103 0.194547 0.307795 0.285646 0.00736484
0 0.0991247 0.698286 0.198249 0.293333 0.00735523
0 0.39912 0.799186 0.432974 0.281695 0.00735501
0 0.470649 0.528978 0.489982 0.287756 0.0073514
0 1 0.627942 0 0.252654 0.00734912
0 0.10393 0.103469 0.20786 0.206938 0.00734865
0 0.127802 0.0812689 0.255604 0.162538 0.0073473
0 0.00456287 0.296631 0.00912574 0.26003 0.00733454
0 0.394472 0.877023 0.415024 0.245954 0.00731743
0 0.0946268 0.583533 0.189254 0.270831 0.0073164
0 0.526563 0.282706 0.383166 0.305827 0.00731269
0 0.9634 0.34536 0.073201 0.21431 0.00731013
0 0.097023 0.64541 0.194046 0.283515 0.00730328
0 0.716365 0.595275 0.513121 0.292592 0.00727765
0 0.250109 0.843883 0.496058 0.30732 0.00727287
0 0.00396343 0.347942 0.00792686 0.255265 0.00724438
0 0.821578 0.386321 0.356844 0.278919 0.00722055
0 0.188297 0.900166 0.376594 0.199668 0.00720412
0 0.981168 0.96776 0.0376635 0.0644804 0.00719948
0 0.515659 0.161867 0.370737 0.223744 0.00719892
0 0.468433 0.633113 0.501299 0.379097 0.00718967
0 0.343555 0.618203 0.622933 0.371918 0.00718601
0 0.626901 0.128855 0.365186 0.25771 0.00717638
0 0.429342 0.160781 0.370174 0.23416 0.00715637
0 0.845262 0.138839 0.309477 0.277677 0.00715625
0 0.808322 0.481821 0.383356 0.291675 0.0071543
0 0.291909 0.64938 0.508174 0.30843 0.0071482
0 0.329407 0.247787 0.460334 0.295997 0.00714425
0 0.0983807 0.380971 0.196761 0.259475 0.00713437
0 0.605244 0.302523 0.296389 0.34694 0.0071305
0 0.794456 0.308418 0.411088 0.255424 0.0070868
0 0.150597 0.504444 0.301194 0.323821 0.00708071
0 0.00993282 0.141543 0.0198656 0.275948 0.00707115
0 1 0.686692 0 0.272795 0.0070625
0 0.00268709 0.761028 0.00537418 0.257414 0.00705837
0 0.00360074 0.400024 0.00720148 0.253673 0.00705456
0 0.780943 0.703484 0.438115 0.305987 0.00704657
0 0.103035 0.92999 0.20607 0.14002 0.00703834
0 0.839113 0.438605 0.321774 0.281518 0.00703472
0 0.215497 0.089607 0.430994 0.179214 0.00702656
0 0.09943 0.498609 0.19886 0.294613 0.00700355
0 0.0998698 0.430258 0.19974 0.263946 0.00700084
0 0.855669 0.391094 0.288661 0.282768 0.00699024
0 0.777343 0.589186 0.445315 0.282432 0.00694748
0 0.179306 0.57053 0.358612 0.26922 0.00694454
0 0.31607 0.906227 0.374901 0.187546 0.00693821
0 0.701449 0.103724 0.407872 0.207448 0.00692703
0 0.0023203 0.807859 0.00464059 0.259467 0.00687689
0 0.973088 0.0438219 0.053824 0.0876439 0.00687227
0 0.177249 0.102807 0.354497 0.205615 0.00685757
0 0.802724 0.599892 0.394552 0.315734 0.00684684
0 0.933686 0.965307 0.132627 0.0693863 0.00683767
0 0.32171 0.101308 0.469101 0.202617 0.00683497
0 0.102265 0.172073 0.204531 0.258244 0.00681909
0 0.00373465 0.452187 0.00746931 0.254881 0.00681459
0 0.424427 0.295357 0.359819 0.278803 0.00681305
0 0.61765 0.202733 0.320274 0.143571 0.00680863
0 0.00483615 0.603983 0.0096723 0.25592 0.00680605
0 0.172686 0.780625 0.345373 0.272522 0.00680275
0 0.348929 0.673949 0.568313 0.381649 0.00679525
0 0.00382833 0.709474 0.00765666 0.256901 0.00679177
0 1 0.736678 0 0.275939 0.00678711
0 1 0.083565 0 0.16713 0.00678576
0 0.899351 0.0891368 0.201299 0.178274 0.00678557
0 0.00430668 0.655909 0.00861336 0.257592 0.00678412
0 0.0689363 0.113852 0.137873 0.227703 0.00677494
0 0.00503396 0.553384 0.0100679 0.256575 0.00676633
0 0.793209 0.385576 0.413582 0.26165 0.00675793
0 0.257687 0.577422 0.499251 0.296584 0.00675723
0 0.00421714 0.502712 0.00843427 0.255479 0.00675619
0 0 0.0695286 0 0.139057 0.00675258
0 0.980367 0.0902649 0.0392658 0.18053 0.00674442
0 0.497541 0.329918 0.421952 0.383336 0.0067431
0 0.772527 0.639727 0.454946 0.311495 0.00673517
0 0.849652 0.920871 0.300695 0.158259 0.00672382
0 0.0996169 0.287142 0.199234 0.287861 0.00671713
0 0.794862 0.27114 0.410276 0.191013 0.00669507
0 0.772825 0.848003 0.45435 0.303993 0.00667875
0 0.0398861 0.238788 0.0797722 0.287465 0.00667513
0 0.563737 0.654433 0.430109 0.329865 0.00667118
0 0.603453 0.607423 0.492105 0.317638 0.00666066
0 0.467048 0.846033 0.468838 0.307128 0.00665529
0 0.847293 0.303562 0.305413 0.275658 0.00661059
0 0.674351 0.641976 0.487277 0.315776 0.00658492
0 0.100931 0.225004 0.201861 0.267984 0.00658067
0 0.265701 0.871232 0.439306 0.257535 0.0065468
0 0.55369 0.742302 0.413918 0.27547 0.00651812
0 0.798148 0.1288 0.403705 0.254399 0.00650097
0 0.0381301 0.291064 0.0762603 0.287308 0.00649022
0 0.0371013 0.343346 0.0742026 0.288222 0.00648041
0 0.446697 0.962107 0.327689 0.0757862 0.00646705
0 0.832731 0.090658 0.334538 0.181316 0.00644799
0 0.876158 0.964264 0.247684 0.0714722 0.00643938
0 0.0935335 0.0891217 0.187067 0.178243 0.00642511
0 0.376176 0.961731 0.313372 0.0765373 0.0064139
0 0.0966398 0.900358 0.19328 0.199284 0.00639936
0 0.0366245 0.396147 0.0732489 0.288515 0.00639209
0 0.531801 0.908186 0.356701 0.183628 0.00637134
0 0.62484 0.695011 0.43408 0.302264 0.00636026
0 0.190338 0.949062 0.341893 0.101876 0.00634774
0 0.0369987 0.448808 0.0739974 0.293109 0.006341
0 0.156554 0.944276 0.313108 0.111448 0.00633627
0 0.721398 0.961437 0.323862 0.0771257 0.00632618
0 0.683789 0.742687 0.453478 0.29504 0.00627306
0 0.324858 0.959509 0.336703 0.0809822 0.00625362
0 0.699867 0.193544 0.395413 0.181804 0.00624558
0 0.541645 0.95932 0.337387 0.0813602 0.00621481
0 0.443721 0.910902 0.363196 0.178195 0.00618654
0 0.627091 0.192126 0.157816 0.0979843 0.00617467
0 0.366147 0.455291 0.407394 0.239536 0.00616766
0 0.892453 0.118848 0.215094 0.237696 0.00613836
0 0.0057222 0.938106 0.0114444 0.123788 0.00607769
0 0.853572 0.962546 0.292855 0.0749079 0.0060768
0 0.206 0.624116 0.412 0.258018 0.0060687
0 0.041394 0.927009 0.0827881 0.145981 0.00606803
0 0.715776 0.143784 0.406277 0.245831 0.00606672
0 0.177745 0.847988 0.355489 0.304025 0.00605781
0 0.936307 0.387716 0.127385 0.223159 0.0060513
0 0.0352748 0.700489 0.0705495 0.289424 0.00602199
0 0.0386316 0.549463 0.0772632 0.294607 0.00600987
0 0.737562 0.877419 0.41908 0.245161 0.00600104
0 0.548621 0.793915 0.432531 0.28931 0.00593231
0 0.0585229 0.749974 0.117046 0.29117 0.00589624
0 0.00207479 0.0793176 0.00414957 0.158635 0.00588423
0 0.250825 0.956818 0.335033 0.0863649 0.00587692
0 0.177285 0.631174 0.354569 0.283065 0.00585148
0 0.906899 0.194463 0.186202 0.289768 0.0058157
0 0.0364091 0.650114 0.0728183 0.290987 0.00580571
0 0.725482 0.702139 0.479851 0.305962 0.00578935
0 0.657184 0.906798 0.365448 0.186404 0.00573755
0 0.034333 0.901102 0.068666 0.197796 0.00570618
0 0.00563318 0.0770522 0.0112664 0.154104 0.00569897
0 0.887275 0.540545 0.22545 0.283398 0.00569564
0 0.617277 0.847584 0.443187 0.303284 0.00567664
0 0.714559 0.913718 0.355947 0.172564 0.00562765
0 0.893128 0.344865 0.213744 0.289977 0.00558753
0 0.0452501 0.078315 0.0905002 0.15663 0.00558022
0 0.67721 0.799317 0.463824 0.309598 0.0055336
0 0.839847 0.14042 0.17667 0.0932783 0.00553358
0 0.901102 0.485224 0.197795 0.279414 0.00552621
0 0.607919 0.958247 0.338299 0.083506 0.00549253
0 1 0.0773207 0 0.154641 0.00545932
0 0.00443927 0.887298 0.00887855 0.225405 0.00536794
0 0.555874 0.337032 0.339174 0.407985 0.00535987
0 0.93908 0.0579137 0.121839 0.115827 0.00531008
0 1 0.0799849 0 0.15997 0.00529647
0 0.798989 0.140797 0.1011 0.0786612 0.00528188
0 0.0332383 0.853215 0.0664765 0.293569 0.0051102
0 0.372613 0.91117 0.334979 0.17766 0.00505383
0 0.250867 0.902075 0.377926 0.195851 0.00494724
0 0.864938 0.244105 0.177854 0.1155 0.00492472
0 0.375653 0.417252 0.159107 0.100465 0.00483005
0 0.129181 0.937999 0.258362 0.124003 0.00478952
0 0.10223 0.080892 0.173894 0.161784 0.00447702
0 0 0.0941428 0 0.188286 0.00446151
0 0.936993 0.0966447 0.126014 0.193289 0.00443532
0 0.791118 0.16694 0.153148 0.102004 0.00442602
0 0.628764 0.113995 0.175711 0.0797059 0.0044168
0 0 0.0675296 0 0.135059 0.00440293
0 0.353723 0.420228 0.116028 0.0968224 0.00431347
0 0.0586088 0.876833 0.117218 0.246334 0.00424534
0 0.0404993 0.0957443 0.0809986 0.191489 0.00406891
0 0.048214 0.495681 0.0964281 0.223441 0.0039138
0 1 0.0376886 0 0.0753772 0.00388407
0 0 0.943451 0 0.113099 0.00386505
0 0.998204 0.0513632 0.00359215 0.102726 0.00385027
0 0.929072 0.0598123 0.141856 0.119625 0.00383275
0 0.961704 0.054982 0.0765928 0.109964 0.00378369
0 0.615931 0.915485 0.188503 0.139143 0.00376008
0 0.0417591 0.117636 0.0835181 0.235272 0.00374243
0 0.0473295 0.539169 0.0946589 0.222663 0.00373547
0 1 0.42814 0 0.224408 0.00366487
0 1 0.109385 0 0.218771 0.00364089
0 0.225385 0.356801 0.108078 0.0410169 0.00360907
0 0.0443773 0.435895 0.0887546 0.207778 0.00360196
0 1 0.0629257 0 0.125851 0.00355395
0 0.880564 0.238934 0.130106 0.107485 0.00354282
0 0.0441647 0.406809 0.0883294 0.211082 0.00347338
0 0.0568275 0.0949176 0.113655 0.189835 0.00346619
0 0.0749634 0.0807151 0.149927 0.16143 0.0034259
0 0.600938 0.207521 0.129388 0.114019 0.00341875
0 0.628663 0.212038 0.184287 0.140402 0.955112
0 0.582776 0.901288 0.204968 0.115665 0.0504473
0 1 0.640211 0 0.285051 0.0121014
0 1 0.464534 0 0.281979 0.01173
0 1 0.690195 0 0.286435 0.0116533
0 1 0.414814 0 0.282511 0.0109279
0 1 0.76549 0 0.288992 0.0108677
0 1 0.590276 0 0.284376 0.0107673
0 1 0.514277 0 0.281794 0.0105293
0 1 0.364403 0 0.281927 0.0101882
0 1 0.816859 0 0.293097 0.0101536
0 1 0.313814 0 0.280755 0.00976094
0 1 0.859508 0 0.280984 0.00931382
0 0.975899 0.560121 0.048202 0.312604 0.00840004
0 1 0.240373 0 0.28367 0.00832944
0 0.557491 0.840574 0.348324 0.205602 0.00821237
0 0.957752 0.445864 0.0844963 0.196133 0.00803944
0 0.537598 0.949522 0.276141 0.100955 0.007949
0 0.957284 0.500652 0.0854324 0.228198 0.00793806
0 1 0.909773 0 0.180453 0.00790724
0 0.987068 0.632868 0.0258637 0.427115 0.0077523
0 0.615914 0.912813 0.135532 0.0923103 0.00765708
0 0.95823 0.397887 0.0835395 0.191778 0.0075725
0 1 0.190617 0 0.283335 0.00750317
0 0.946051 0.44808 0.107897 0.248393 0.00750075
0 0.865109 0.764508 0.269782 0.354959 0.00742433
0 0.625983 0.829347 0.348647 0.186263 0.00736419
0 0.947113 0.396166 0.105775 0.238317 0.00732931
0 0.958715 0.348345 0.0825691 0.190491 0.00732277
0 0.865637 0.455401 0.268725 0.236924 0.00729509
0 0.212193 0.739962 0.424385 0.410103 0.00727246
0 0.957693 0.151422 0.0846134 0.173242 0.00723601
0 0.942256 0.146201 0.115488 0.242496 0.00721651
0 0.959854 0.297324 0.0802921 0.191479 0.00718594
0 0.957916 0.202268 0.084168 0.189654 0.00718156
0 0.950025 0.346418 0.0999503 0.242454 0.00717669
0 0.959781 0.249608 0.0804384 0.190022 0.00717574
0 0.375247 0.820889 0.358624 0.207245 0.0071598
0 0.955547 0.200729 0.0889055 0.248569 0.00711955
0 0.686209 0.825318 0.362693 0.214642 0.00711387
0 0.375536 0.770904 0.345823 0.195731 0.00709031
0 0.873611 0.507389 0.252778 0.24826 0.00708626
0 0.860194 0.840453 0.279613 0.319093 0.00707753
0 0.433625 0.769553 0.34475 0.185874 0.00705353
0 0.710039 0.961602 0.317815 0.0767965 0.00699467
0 0.623814 0.872109 0.320253 0.186113 0.006977
0 0.50069 0.769645 0.349079 0.177569 0.00690031
0 1 0.553179 0 0.282537 0.00687496
0 0.38205 0.878281 0.350426 0.205968 0.00680673
0 0.0541085 0.0961879 0.108217 0.192376 0.00676452
0 0.941586 0.10978 0.116827 0.21956 0.00674812
0 0.577355 0.271672 0.278877 0.260562 0.00674122
0 0.684 0.877991 0.356574 0.217278 0.00670677
0 1 0.499911 0 0.22401 0.00670077
0 0.435837 0.833368 0.361996 0.211467 0.0067006
0 0.624806 0.9428 0.312334 0.1144 0.00670055
0 0.643692 0.958369 0.305806 0.0832628 0.00668937
0 1 0.615399 0 0.365461 0.00668171
0 0.872108 0.403172 0.255784 0.217825 0.006648
0 0.219744 0.454424 0.303606 0.200174 0.00663685
0 0.228408 0.502081 0.327567 0.178836 0.00663652
0 0.614488 0.19897 0.274216 0.183642 0.00663505
0 0.569419 0.867765 0.290879 0.180566 0.00662329
0 0.185185 0.507362 0.320328 0.210059 0.00661494
0 0.887396 0.1592 0.225208 0.234028 0.00658452
0 0.216744 0.636727 0.433488 0.423253 0.00657177
0 0.142077 0.411281 0.284153 0.20645 0.00657072
0 0.126013 0.285655 0.252026 0.571309 0.00652071
0 0.882074 0.112323 0.235851 0.224646 0.0064709
0 0.437359 0.140398 0.427785 0.280795 0.00646338
0 1 0.927978 0 0.144044 0.00642896
0 0.180268 0.410284 0.292483 0.186779 0.00642694
0 0.236012 0.0806993 0.349229 0.161399 0.00641227
0 0.516893 0.138692 0.413168 0.277384 0.00639507
0 0.50439 0.512479 0.350734 0.202097 0.0063883
0 0.142237 0.456749 0.284474 0.235192 0.00638413
0 0.897851 0.207031 0.204298 0.242538 0.00637658
0 0.328456 0.76993 0.359254 0.222415 0.00636732
0 0.715191 0.541739 0.388399 0.228319 0.00635935
0 0.647939 0.511186 0.340543 0.209665 0.00634675
0 0.215353 0.363 0.30369 0.195455 0.00634452
0 0.822501 0.462191 0.342987 0.229788 0.00632674
0 0.773354 0.966813 0.304678 0.0663734 0.00632626
0 0.652042 0.546981 0.391304 0.233742 0.00632518
0 0.575332 0.512173 0.346289 0.208013 0.00632175
0 0.215419 0.790018 0.430838 0.419963 0.00631413
0 0.531695 0.208087 0.234918 0.171582 0.0063139
0 0.17548 0.086204 0.344698 0.172408 0.00629045
0 0.299012 0.0817108 0.370453 0.163422 0.00628995
0 0.0904366 0.19692 0.180873 0.393839 0.00628626
0 0.870328 0.665494 0.259343 0.34216 0.00628216
0 0.976291 0.691702 0.0474183 0.509634 0.00627719
0 0.714438 0.508431 0.331372 0.212603 0.00626498
0 0.00716362 0.0933201 0.0143272 0.18664 0.00625979
0 0.879276 0.355601 0.241449 0.224669 0.00625326
0 0.435796 0.512509 0.347543 0.196908 0.0062453
0 0.778935 0.506766 0.340003 0.213728 0.00624229
0 0.369486 0.510301 0.35418 0.19519 0.00620242
0 0.368504 0.964401 0.30606 0.0711977 0.0061949
0 0.957455 0.0768762 0.0850904 0.153752 0.0061902
0 0.234199 0.581676 0.355699 0.22871 0.00616809
0 0.445574 0.958579 0.293179 0.082842 0.006168
0 0.309382 0.964791 0.307307 0.0704174 0.00612619
0 0.222227 0.966519 0.277361 0.0669626 0.00612088
0 0.888415 0.307482 0.22317 0.243049 0.0061184
0 0.151683 0.520383 0.303365 0.248127 0.00609178
0 0.649929 0.0897304 0.384766 0.179461 0.00608881
0 0.503932 0.559708 0.384682 0.256363 0.00608265
0 0.106249 0.0883349 0.212498 0.17667 0.00607973
0 0.151802 0.966183 0.299839 0.0676338 0.0060748
0 0.32975 0.884915 0.372313 0.230169 0.00606109
0 0.145324 0.0902757 0.290647 0.180551 0.00605841
0 0.829333 0.505793 0.341333 0.230849 0.00605587
0 0.296456 0.571195 0.395456 0.233225 0.00605323
0 0.98184 0.794735 0.0363197 0.41053 0.00603918
0 0.292227 0.505777 0.367748 0.18433 0.00603344
0 0.36608 0.563165 0.382892 0.245609 0.00603243
0 0.888936 0.257053 0.222128 0.240593 0.00602112
0 0.891221 0.0791897 0.217558 0.158379 0.00601999
0 0.279282 0.456038 0.345617 0.198898 0.0060179
0 0.587378 0.0931485 0.418396 0.186297 0.00601525
0 0.197387 0.296893 0.394774 0.320504 0.00600676
0 0.580981 0.555351 0.387706 0.252118 0.00598782
0 0.0595829 0.181673 0.119166 0.363345 0.00596928
0 0.761219 0.466552 0.337002 0.214884 0.00595072
0 0.567767 0.765251 0.340031 0.175958 0.00594862
0 0.361114 0.725565 0.367146 0.231437 0.00594604
0 0.267872 0.368676 0.322916 0.187313 0.00594057
0 0.621739 0.46494 0.33407 0.205429 0.00593932
0 0.128676 0.33822 0.257353 0.256875 0.00593864
0 0.1335 0.360673 0.267 0.220391 0.00593454
0 0.127802 0.317627 0.255604 0.217573 0.0059344
0 0.317392 0.938075 0.342073 0.123849 0.00593133
0 0.43342 0.560266 0.380105 0.251252 0.00592427
0 0.548158 0.463542 0.328259 0.206833 0.00592151
0 0.513546 0.881483 0.342007 0.177046 0.00591645
0 0.463757 0.0945481 0.430094 0.189096 0.00591334
0 0.378289 0.0883849 0.39329 0.17677 0.00590316
0 0.112686 0.292116 0.225372 0.243183 0.00588267
0 0.464245 0.869467 0.325649 0.187397 0.00588054
0 0.0850686 0.757779 0.170137 0.281876 0.00586731
0 0.352095 0.458918 0.335139 0.206666 0.00585043
0 0.690544 0.466697 0.333473 0.209717 0.00582601
0 0.210544 0.388909 0.421087 0.416444 0.00581159
0 0.174912 0.581896 0.349825 0.248452 0.00579823
0 0.151332 0.439496 0.302664 0.2805 0.00579358
0 0.72199 0.0861159 0.364848 0.172232 0.00579143
0 0.214938 0.527926 0.429877 0.516781 0.00579118
0 0.537042 0.105578 0.443093 0.211156 0.00578778
0 0.878661 0.880071 0.242678 0.239858 0.00578511
0 0.873527 0.562399 0.252946 0.295624 0.00578317
0 1 0.922194 0 0.155612 0.00576656
0 0.157174 0.318245 0.314348 0.197363 0.00575585
0 0.412247 0.462592 0.324665 0.208327 0.00575166
0 0.664481 0.619093 0.407293 0.305802 0.00573946
0 0.212326 0.318948 0.308743 0.181049 0.00571787
0 0.797779 0.0824552 0.352788 0.16491 0.00571483
0 0.952652 0.838833 0.0946952 0.322334 0.00570296
0 1 0.143005 0 0.28601 0.00570043
0 0.987396 0.0959545 0.0252076 0.191909 0.00567988
0 0.14157 0.384666 0.28314 0.249728 0.00567339
0 0.267058 0.321945 0.325356 0.17891 0.0056602
0 0.478713 0.464019 0.326087 0.206821 0.00565455
0 0.425975 0.723097 0.362072 0.227925 0.00563564
0 0.301668 0.628293 0.389937 0.297092 0.00563209
0 0.779249 0.543354 0.384484 0.221441 0.00561509
0 0.0830073 0.701506 0.166015 0.252662 0.00559704
0 0.0773075 0.940272 0.154615 0.119455 0.00558529
0 0.355758 0.166501 0.371617 0.252197 0.00557873
0 0.121908 0.258201 0.243816 0.202153 0.00557336
0 0.175683 0.220899 0.351365 0.277524 0.00556042
0 0.852138 0.0766632 0.295724 0.153326 0.00555595
0 0.141371 0.574579 0.282742 0.240454 0.00555534
0 0.0926362 0.246739 0.185272 0.212948 0.00555327
0 0.30852 0.724301 0.389046 0.255641 0.005552
0 0.845201 0.0861055 0.309597 0.172211 0.00553632
0 0.824108 0.772664 0.351785 0.290947 0.00553206
0 1 0.971802 0 0.0563957 0.00552971
0 0.530739 0.939277 0.311369 0.121447 0.00552857
0 0.922341 0.77659 0.155319 0.44682 0.00550053
0 0.268636 0.270629 0.328363 0.192775 0.00549847
0 0.82705 0.40697 0.334958 0.200989 0.005475
0 0.37004 0.626134 0.384758 0.302471 0.00547326
0 0.171054 0.775287 0.342108 0.263641 0.00547252
0 0.643856 0.0950158 0.359374 0.190032 0.00546789
0 0.924142 0.970072 0.151716 0.0598561 0.00546597
0 0.0821749 0.874012 0.16435 0.251976 0.00544767
0 0.630772 0.929242 0.0928779 0.0645256 0.00541678
0 0.0236194 0.111348 0.0472388 0.222695 0.00541647
0 0.0884887 0.799509 0.176977 0.245778 0.0054135
0 0.833827 0.118169 0.332346 0.236339 0.00540714
0 0.211817 0.262904 0.311877 0.183747 0.00540143
0 0.36296 0.102168 0.401948 0.204337 0.00539543
0 0.079819 0.651388 0.159638 0.228255 0.00538686
0 0.0844709 0.211441 0.168942 0.209155 0.00538295
0 0.27311 0.412465 0.335124 0.185604 0.00537429
0 0.0886004 0.106932 0.177201 0.199954 0.00536798
0 0.120168 0.96642 0.240337 0.067161 0.00536499
0 0.949544 0.747275 0.100911 0.505449 0.00536411
0 0.835365 0.969392 0.310926 0.061215 0.00535888
0 0.350949 0.129928 0.393763 0.259856 0.00535197
0 0.171477 0.0951715 0.342953 0.190343 0.00534574
0 0.240969 0.87835 0.343223 0.2433 0.00534478
0 0.21224 0.21801 0.313715 0.201361 0.00533582
0 0.256604 0.77037 0.371589 0.254442 0.00532634
0 0.594256 0.621335 0.402095 0.318896 0.00531667
0 0.230491 0.0921864 0.347933 0.184373 0.00530788
0 0.692973 0.761888 0.351582 0.207854 0.00530484
0 0.092152 0.60579 0.184304 0.244775 0.00530422
0 0.0739214 0.912206 0.147843 0.175587 0.0053013
0 0.158406 0.169152 0.316812 0.222951 0.00529344
0 0.27093 0.220226 0.340795 0.209877 0.00528547
0 0.119258 0.214692 0.238516 0.217545 0.0052817
0 0.0920674 0.868523 0.184135 0.262954 0.00528121
0 0.45747 0.2499 0.376982 0.246761 0.00528002
0 0.823548 0.630316 0.352905 0.328686 0.0052789
0 0.34366 0.371525 0.327096 0.183198 0.00527215
0 0.879366 0.97028 0.241269 0.05944 0.00525476
0 0.13088 0.551735 0.261761 0.292538 0.00525395
0 0.491104 0.726163 0.366211 0.22813 0.00525355
0 0.353581 0.21336 0.365972 0.213707 0.00525026
0 0.821851 0.860975 0.356297 0.278051 0.00522303
0 0.154998 0.215066 0.309997 0.215471 0.00521521
0 0.470185 0.163529 0.338175 0.245359 0.00520107
0 0.12232 0.165486 0.244639 0.22319 0.00519718
0 0.839123 0.168415 0.321754 0.245421 0.00518854
0 0.774695 0.943915 0.325549 0.11217 0.00517804
0 0.158767 0.878708 0.317535 0.242584 0.00517482
0 0.993019 0.0693528 0.0139612 0.138706 0.00517063
0 0.345417 0.415494 0.323167 0.183131 0.00516852
0 0.635027 0.76457 0.340878 0.179355 0.00516501
0 0.37924 0.93724 0.318138 0.12552 0.005143
0 0.561204 0.724627 0.362789 0.242461 0.00513538
0 1 0.0981133 0 0.196227 0.00513288
0 0.789163 0.0914063 0.354902 0.182813 0.00513194
0 0 0.912306 0 0.175388 0.00512912
0 0.156505 0.257137 0.31301 0.19535 0.00509699
0 0.259015 0.817769 0.358134 0.242005 0.00509629
0 0.236248 0.729079 0.39225 0.279126 0.0050928
0 0.127573 0.164508 0.255146 0.285765 0.00509086
0 0.82129 0.559295 0.35742 0.262816 0.00507862
0 0.216525 0.171483 0.324584 0.217545 0.00507114
0 0.51016 0.62452 0.397282 0.312243 0.00505371
0 0.0730912 0.9703 0.146182 0.0594009 0.00504221
0 0.141639 0.0956946 0.283278 0.191389 0.00502958
0 0.28726 0.0952505 0.375851 0.190501 0.00502865
0 0.675739 0.134375 0.335469 0.231503 0.00502755
0 0.406585 0.417851 0.312434 0.174928 0.00501061
0 0.446101 0.667687 0.393122 0.272817 0.00500576
0 0.683461 0.90132 0.346888 0.197359 0.00499919
0 0.701628 0.941792 0.330331 0.116416 0.00499153
0 0.981842 0.857122 0.0363168 0.285756 0.0049907
0 0.23262 0.631126 0.364037 0.292444 0.0049557
0 0.171965 0.820877 0.34393 0.239367 0.00494676
0 0.0841744 0.263132 0.168349 0.526265 0.004938
0 0.458687 0.937555 0.320049 0.124891 0.00493588
0 0.127016 0.11195 0.254031 0.216154 0.00492705
0 0.160983 0.116318 0.321966 0.225826 0.00492491
0 0.705922 0.718706 0.387497 0.273235 0.00492245
0 0.782116 0.871031 0.407347 0.257937 0.00492092
0 0.274824 0.172083 0.352358 0.228736 0.00491936
0 0.755481 0.176443 0.360456 0.22553 0.00491116
0 0.153616 0.504177 0.307232 0.321867 0.00490884
0 0.779714 0.820571 0.415558 0.259466 0.00489945
0 0.619156 0.900898 0.311692 0.198203 0.00487476
0 0.0333286 0.97153 0.0666573 0.0569403 0.00486587
0 0.656184 0.273584 0.332415 0.264968 0.00486381
0 0.0903921 0.114791 0.180784 0.229581 0.00485012
0 0.840824 0.214776 0.318352 0.237303 0.00483698
0 0.085707 0.156779 0.171414 0.211299 0.00483628
0 0.637901 0.722722 0.374436 0.248616 0.00483582
0 1 0.856234 0 0.287531 0.00482338
0 0.661717 0.20777 0.315858 0.168058 0.00480279
0 0.981003 0.925097 0.0379938 0.149807 0.00477902
0 0.824112 0.678221 0.351776 0.323972 0.00475583
0 0.759319 0.126862 0.361901 0.237857 0.00473454
0 0.124286 0.911513 0.248572 0.176974 0.00471245
0 0.159739 0.406432 0.319479 0.704145 0.00471239
0 0.829268 0.361135 0.333608 0.214064 0.00469548
0 0.152134 0.9393 0.304268 0.121401 0.00469198
0 0.70983 0.093223 0.351869 0.186446 0.00468845
0 0.775304 0.901997 0.359161 0.196007 0.00467263
0 0.166375 0.733171 0.33275 0.278723 0.00466555
0 0.780609 0.764269 0.39459 0.24945 0.0046634
0 0.00448014 0.960051 0.00896027 0.0798971 0.00466168
0 0.763965 0.409874 0.331544 0.182773 0.00466007
0 0.833496 0.26866 0.333007 0.241115 0.00462901
0 0.347633 0.266262 0.355421 0.210944 0.00462652
0 0.829431 0.895424 0.341138 0.209152 0.00461608
0 0.217391 0.120606 0.332946 0.22439 0.00459604
0 0.906412 0.934682 0.187177 0.130635 0.00458642
0 0.112825 0.880713 0.22565 0.238575 0.00455246
0 0.830296 0.318288 0.333688 0.237485 0.00455039
0 0.242144 0.672974 0.399925 0.265629 0.00453951
0 0.692353 0.412561 0.327351 0.177832 0.00453633
0 0.273357 0.12457 0.360888 0.237761 0.00453202
0 0.225914 0.905864 0.296853 0.188272 0.00451311
0 0.04483 0.929837 0.08966 0.140326 0.00450928
0 0.128155 0.936331 0.25631 0.127338 0.00450813
0 0.558118 0.33377 0.334817 0.391311 0.00448025
0 0.630884 0.212773 0.177219 0.136542 0.98712
0 0.0542482 0.735931 0.108496 0.181328 0.0259942
0 0.99905 0.0791107 0.00189905 0.158221 0.0240029
0 0.0557443 0.696853 0.111489 0.110564 0.0124248
0 0.121779 0.106418 0.243558 0.181077 0.00992369
0 1 0.0336898 0 0.0673796 0.00981066
0 0.0567855 0.77326 0.113571 0.231781 0.00843665
0 0.573161 0.880534 0.212973 0.153469 0.00686408
0 0.598639 0.347231 0.40345 0.33029 0.00641506
0 0.710744 0.576869 0.578512 0.415396 0.00637901
0 0.7075 0.346231 0.429375 0.315043 0.00637351
0 0.819368 0.337259 0.316874 0.291303 0.00620397
0 0.579666 0.291308 0.33111 0.329714 0.00615074
0 0.72715 0.283395 0.424585 0.27261 0.006147
0 0.824781 0.231544 0.316082 0.189325 0.00607104
0 0.559837 0.905755 0.179397 0.101004 0.00605871
0 0.574627 0.221677 0.288109 0.17649 0.00600037
0 0.775727 0.583743 0.448547 0.329791 0.0059123
0 0.541149 0.578702 0.79554 0.444514 0.00588508
0 0.640283 0.179507 0.220489 0.216616 0.00587742
0 0.851141 0.943758 0.297718 0.112485 0.00580632
0 0.220786 0.538939 0.282339 0.202174 0.00580269
0 0.804906 0.393876 0.330049 0.291322 0.00572976
0 0.70528 0.207107 0.365598 0.162981 0.00571218
0 0.683973 0.399167 0.411901 0.274579 0.00563553
0 0.305779 0.524644 0.34986 0.257228 0.00559879
0 0.382446 0.800703 0.764893 0.398593 0.00556018
0 0.146386 0.0832672 0.292773 0.166534 0.00554013
0 0.379782 0.570069 0.540111 0.31919 0.0054905
0 0.584458 0.396536 0.370363 0.246849 0.00539889
0 0.448623 0.310331 0.317181 0.234054 0.00535578
0 0.821419 0.294847 0.292934 0.234646 0.00530812
0 0.538347 0.338795 0.401836 0.293132 0.00526216
0 0.851891 0.119895 0.292087 0.18368 0.00522763
0 0.536722 0.154536 0.336022 0.212466 0.00519465
0 0.683032 0.621989 0.633935 0.462374 0.00514349
0 0.00806473 0.0847037 0.0161295 0.169407 0.0051395
0 0.831868 0.175229 0.330054 0.16956 0.00512152
0 0.222774 0.224486 0.302986 0.193043 0.00511981
0 0.748568 0.522771 0.459179 0.327481 0.00511765
0 0.881985 0.160133 0.23603 0.175764 0.00509353
0 0.242809 0.118302 0.333177 0.173665 0.00509164
0 0.534257 0.714493 0.931487 0.541822 0.00508565
0 0.186127 0.550819 0.247544 0.187528 0.00508293
0 0.229743 0.191157 0.341716 0.218812 0.00505939
0 0.166093 0.118472 0.33143 0.206403 0.00500355
0 0.864442 0.589718 0.271116 0.3418 0.00498066
0 0.886713 0.937441 0.226574 0.125119 0.00496651
0 0.848011 0.789185 0.303978 0.42163 0.00495711
0 0.678182 0.080672 0.308646 0.161344 0.00494743
0 0.864602 0.080044 0.269428 0.160088 0.00494193
0 0.81755 0.922278 0.330434 0.155444 0.00493727
0 0.0571376 0.0988869 0.114275 0.197774 0.00493596
0 0.995039 0.971701 0.00992235 0.0565988 0.00490307
0 0.620071 0.0809472 0.319219 0.161894 0.00487568
0 0.436861 0.237656 0.310564 0.160859 0.00487117
0 0.220259 0.260384 0.293573 0.159807 0.00485027
0 0.324138 0.256874 0.26775 0.158783 0.00484026
0 0.315093 0.32288 0.277378 0.18645 0.00482541
0 0.434257 0.35995 0.353013 0.278914 0.00482003
0 0.386445 0.317558 0.265912 0.198914 0.00481485
0 0.395944 0.529795 0.399111 0.344326 0.00480954
0 0.172759 0.0860069 0.340769 0.172014 0.00480899
0 0.688933 0.178777 0.314464 0.191661 0.00479745
0 0.831398 0.587937 0.337203 0.247717 0.004785
0 0.728018 0.818657 0.543965 0.362686 0.00477599
0 1 0.884354 0 0.231291 0.00477284
0 0.794167 0.492972 0.353758 0.252386 0.00476227
0 0.848032 0.426034 0.292705 0.189663 0.00476127
0 0.553547 0.531671 0.528001 0.37682 0.00473308
0 0.515911 0.400496 0.359837 0.216267 0.00472582
0 0.281736 0.0752601 0.294866 0.15052 0.00472382
0 0.302984 0.390874 0.299495 0.219009 0.00470408
0 0.170162 0.258846 0.328512 0.190271 0.00470201
0 0.688706 0.521913 0.540037 0.395965 0.00465761
0 0.942764 0.902384 0.114472 0.195232 0.00465517
0 0.326144 0.218895 0.256425 0.185822 0.00465075
0 0.536664 0.793933 0.926671 0.412134 0.00465
0 0.912825 0.154823 0.17435 0.174082 0.00461403
0 0.876275 0.536638 0.247449 0.227016 0.00460872
0 0.436221 0.410544 0.332504 0.199516 0.00460308
0 0.306568 0.191603 0.282536 0.212833 0.0045933
0 0.663379 0.47988 0.458869 0.288215 0.00459
0 0.957257 0.221893 0.085486 0.388742 0.00458058
0 0.306135 0.12079 0.284312 0.163191 0.00457428
0 0.764929 0.0813136 0.309561 0.162627 0.00456212
0 0.374182 0.724473 0.748365 0.533399 0.00452506
0 0.881348 0.0686322 0.237304 0.137264 0.00451334
0 0.844212 0.496966 0.297362 0.209913 0.00450496
0 0.6018 0.749726 0.7964 0.500549 0.00447507
0 0.46329 0.210684 0.25699 0.16485 0.00446225
0 0.556212 0.0843319 0.321248 0.168664 0.0044606
0 0.947204 0.158442 0.105593 0.190126 0.00445886
0 0.0977082 0.298954 0.195416 0.597909 0.0044483
0 0.6175 0.956059 0.360849 0.0878827 0.00443303
0 0.952663 0.217916 0.0946735 0.293638 0.00441218
0 0.578294 0.477149 0.424688 0.259627 0.00438813
0 0.945864 0.259865 0.108272 0.440417 0.00437441
0 0.806523 0.736968 0.386955 0.526064 0.00436844
0 0.588352 0.158709 0.302498 0.221626 0.00435952
0 0.170837 0.188658 0.337065 0.275178 0.0043434
0 0.812363 0.967278 0.315338 0.0654449 0.00434075
0 0.964699 0.159968 0.0706021 0.293495 0.00433421
0 0.885493 0.230406 0.229015 0.201281 0.00433147
0 0.370543 0.382323 0.295416 0.254296 0.00431992
0 0.938844 0.268293 0.122313 0.336671 0.00431431
0 0.991759 0.787776 0.0164811 0.296698 0.00429533
0 0.922051 0.307454 0.155897 0.440878 0.00428182
0 0.474476 0.0788289 0.304528 0.157658 0.00427826
0 0.746451 0.702942 0.507099 0.588026 0.0042763
0 0.960322 0.142335 0.0793567 0.213833 0.00427198
0 0.915812 0.475509 0.104138 0.0956037 0.00426533
0 0.335704 0.0757447 0.279141 0.151489 0.00423626
0 0.884547 0.968978 0.230907 0.0620442 0.00419404
0 0.40035 0.0761982 0.289396 0.152396 0.00419107
0 0.211109 0.333628 0.317736 0.183743 0.00417175
0 0.868691 0.519698 0.262618 0.500933 0.00416725
0 0.45909 0.74839 0.91818 0.50322 0.00416644
0 0.603086 0.663502 0.793829 0.533399 0.00415478
0 0.429918 0.134958 0.323848 0.192999 0.00414861
0 0.380023 0.416076 0.287204 0.190384 0.00414487
0 0.740229 0.749954 0.519541 0.500092 0.00412705
0 0.341172 0.732575 0.682344 0.511116 0.00412698
0 0.503447 0.472119 0.413331 0.205676 0.00412268
0 0.685514 0.961438 0.356446 0.0771243 0.00411317
0 0.946969 0.161663 0.106063 0.182172 0.00410572
0 0.371731 0.191203 0.262979 0.210864 0.00408418
0 0.355939 0.949463 0.463465 0.101074 0.00408324
0 0.161985 0.348107 0.32397 0.218558 0.00408115
0 0.170319 0.383857 0.322783 0.239091 0.00408069
0 0.908509 0.316675 0.182983 0.315394 0.00408
0 0.064492 0.971939 0.128984 0.0561213 0.00405857
0 0.226497 0.388904 0.309468 0.212377 0.00405544
0 0.456635 0.669223 0.913271 0.524388 0.00404089
0 0.706026 0.129315 0.341096 0.193447 0.00403295
0 0.866051 0.548299 0.195014 0.118445 0.00400417
0 0.460792 0.0828267 0.309776 0.165653 0.00400109
0 0.367613 0.123435 0.274374 0.171039 0.00400091
0 0.185288 0.482371 0.26657 0.16031 0.00399732
0 0.641075 0.792031 0.717851 0.415938 0.00398704
0 0.763203 0.91549 0.308717 0.169019 0.00397795
0 0.33094 0.78742 0.66188 0.42516 0.00397023
0 0.384079 0.2516 0.269539 0.155265 0.00396758
0 0.538472 0.622531 0.923056 0.499552 0.00396508
0 0.539288 0.952699 0.368482 0.094603 0.003953
0 0.821511 0.635134 0.356978 0.60976 0.00394948
0 0.901433 0.115612 0.197134 0.189072 0.003943
0 0.971786 0.101125 0.056428 0.20225 0.00394082
0 0.871622 0.283889 0.256756 0.208983 0.00393875
0 0.0222192 0.953128 0.0444383 0.0937439 0.00393533
0 0.228621 0.470461 0.303631 0.1705 0.0039265
0 0.0604958 0.14451 0.120992 0.28902 0.00392042
0 0.913543 0.970364 0.172914 0.0592728 0.00391912
0 0.837315 0.325827 0.279955 0.210806 0.00390584
0 0.89668 0.366974 0.206641 0.329636 0.00390174
0 0.0714064 0.951604 0.142813 0.0967918 0.00389902
0 0.435411 0.463374 0.379228 0.187359 0.00387627
0 0.0895764 0.975215 0.179153 0.04957 0.0038623
0 0.748758 0.736596 0.502484 0.526807 0.00382417
0 0.878488 0.421501 0.243023 0.174259 0.00382181
0 0.160648 0.536101 0.321297 0.226651 0.00382104
0 0.444777 0.185378 0.290781 0.208975 0.00379954
0 0.281303 0.958261 0.469631 0.0834788 0.00375788
0 0.635843 0.150368 0.280528 0.216714 0.00373623
0 0.878788 0.412155 0.242424 0.466469 0.00372419
0 0.703302 0.913381 0.306907 0.173237 0.0037092
0 0.921125 0.0648964 0.157751 0.129793 0.00369651
0 0.124643 0.973421 0.249286 0.0531582 0.00368443
0 0.134566 0.0824135 0.267165 0.130137 0.00368163
0 0.0800137 0.916496 0.160027 0.167009 0.003669
0 0.844428 0.362586 0.285631 0.178202 0.00366556
0 0.939049 0.84498 0.121902 0.31004 0.00364407
0 0.842313 0.593588 0.315375 0.483316 0.00362627
0 0.934676 0.365927 0.130648 0.413472 0.00361207
0 0.277183 0.67172 0.554366 0.451839 0.00361047
0 0.326157 0.636147 0.560771 0.347935 0.00358851
0 0.790241 0.657281 0.419517 0.527145 0.00356875
0 0.87834 0.481207 0.24332 0.198775 0.00356295
0 0.233792 0.424315 0.309985 0.183092 0.00354469
0 0.748289 0.96637 0.334856 0.06726 0.00354409
0 0.0307218 0.131706 0.0614436 0.263412 0.00353469
0 0.634518 0.907323 0.286762 0.185355 0.00353382
0 0.853593 0.537109 0.1163 0.0964907 0.00351045
0 0.108795 0.107646 0.217589 0.215292 0.00350281
0 0.166766 0.589113 0.333531 0.1766 0.00350243
0 0.0433286 0.819592 0.0866573 0.360816 0.00350177
0 0.18589 0.967882 0.360508 0.0642361 0.00344033
0 0.565084 0.906416 0.280527 0.187169 0.00340505
0 0.871688 0.321062 0.256624 0.186817 0.00337274
0 0.878019 0.366055 0.243962 0.167695 0.00336876
0 0.973499 0.0649035 0.0530014 0.129807 0.00330346
0 0.723337 0.912862 0.227397 0.0886585 0.0032963
0 0.902735 0.478899 0.194531 0.446516 0.00325514
0 0.505266 0.901868 0.35793 0.196265 0.00325507
0 0.991205 0.857312 0.0175891 0.285375 0.00324175
0 0.077808 0.212897 0.155616 0.425793 0.00323978
0 0 0.0115415 0 0.023083 0.00323738
0 0.180136 0.429931 0.308625 0.186692 0.00321402
0 0.105737 0.646661 0.211475 0.704541 0.00321275
0 0.367314 0.456425 0.352973 0.18194 0.00319368
0 0.313046 0.870114 0.581954 0.259772 0.00316823
0 0.835035 0.284919 0.257708 0.178598 0.00316534
0 0.431289 0.885466 0.49579 0.229068 0.00316526
0 0.242857 0.819207 0.485713 0.361586 0.00312522
0 0.16954 0.470178 0.339079 0.256022 0.00312101
0 0.164455 0.843335 0.328911 0.31333 0.00308858
0 0.211639 0.513419 0.423277 0.447298 0.00306688
0 0.228593 0.851548 0.457187 0.296905 0.00306264
0 0.994783 0.590977 0.0104341 0.273818 0.00305074
0 0.0669552 0.798267 0.13391 0.175458 0.00304302
0 0.106217 0.495965 0.212434 0.705653 0.0030374
0 0.602467 0.247947 0.294807 0.234844 0.00302826
0 0.195571 0.898015 0.375903 0.203971 0.00298601
0 0.139871 0.106311 0.279741 0.212622 0.00296353
0 0.401937 0.446057 0.168639 0.104535 0.00296136
0 0.689853 0.233333 0.358058 0.302695 0.00296003
0 0.995025 0.636758 0.00995096 0.282343 0.00294223
0 0.480741 0.449434 0.180632 0.0886868 0.00293938
0 0.192037 0.397812 0.384073 0.326403 0.00292149
0 0.148372 0.839104 0.296744 0.321791 0.00290295
0 0.238685 0.112762 0.200091 0.123488 0.00290115
0 0.428853 0.446184 0.17176 0.0977411 0.00286493
0 0.0392295 0.171642 0.078459 0.343284 0.00282537
0 0.204318 0.103364 0.178317 0.112405 0.00278779
0 0.537032 0.454219 0.163028 0.0773775 0.00278279
0 0.158833 0.749228 0.317667 0.501543 0.00276443
0 0.301672 0.460324 0.34287 0.178679 0.00275408
0 0.206727 0.592353 0.302107 0.209588 0.00267955
0 0.83382 0.531157 0.133564 0.090906 0.00265327
0 0.214676 0.723362 0.429351 0.553276 0.00262204
0 0.870922 0.275244 0.180629 0.149036 0.00261498
0 0.99109 0.713629 0.0178199 0.300047 0.00260057
0 0.814176 0.210773 0.209001 0.183187 0.00258689
0 0.529229 0.920539 0.121811 0.0729202 0.00257012
0 0.457299 0.8212 0.914598 0.357601 0.00256216
0 0.239507 0.137758 0.218036 0.164205 0.00253596
0 0.0628995 0.827067 0.125799 0.232059 0.00252078
0 0.205904 0.34034 0.411808 0.417891 0.00250312
0 0.0722155 0.716655 0.144431 0.15078 0.00248589
0 0.113917 0.924106 0.227834 0.151788 0.00247194
0 0.600743 0.525008 0.145957 0.085701 0.00246673
0 0.66716 0.0942877 0.21338 0.135054 0.00244873
0 0.559712 0.449518 0.185132 0.0878727 0.00244671
0 0.558899 0.393655 0.223335 0.168619 0.00243882
0 0.719703 0.923179 0.196178 0.0708771 0.00243362
0 0.233428 0.604097 0.254258 0.103838 0.00242451
0 0.186869 0.205187 0.373738 0.410374 0.00241841
0 0.0680692 0.135707 0.136138 0.249352 0.00241379
0 0.128164 0.143784 0.256328 0.20268 0.0024106
0 0.0493763 0.877452 0.0987525 0.245097 0.00240905
0 0.219117 0.616354 0.438234 0.422118 0.00240673
0 0.839821 0.537884 0.168407 0.0952066 0.00238337
0 0.157829 0.399241 0.315658 0.700278 0.00237997
0 0.776971 0.962074 0.313047 0.0758529 0.00237694
0 0.213189 0.585347 0.426378 0.607189 0.0023459
0 0.654322 0.514038 0.208559 0.133102 0.00233437
0 0.210939 0.293634 0.421879 0.549678 0.00232304
0 0.18196 0.249957 0.36392 0.403146 0.00231964
0 0.1635 0.144428 0.326999 0.288856 0.00231647
0 0.996506 0.00425111 0.00698833 0.00850222 0.00230131
0 0.570312 0.359472 0.23907 0.144542 0.00229189
0 0.529286 0.411516 0.217784 0.162736 0.00229095
0 0.306738 0.397495 0.102411 0.0742757 0.0022887
0 0.0224281 0.910497 0.0448563 0.179007 0.00228414
0 0.4682 0.415019 0.276298 0.156944 0.0022817
0 0.207414 0.130832 0.207755 0.159635 0.00228078
0 0.369491 0.238942 0.1807 0.127476 0.00225752
0 0.36554 0.436081 0.20283 0.132461 0.00225255
0 0.824061 0.242746 0.279201 0.254622 0.00224949
0 0.142877 0.251548 0.247094 0.162505 0.00223676
0 0.0739963 0.117532 0.147993 0.221182 0.00222546
0 0.376216 0.334203 0.212103 0.0910601 0.00221911
0 0.226588 0.42587 0.453176 0.513378 0.00221625
0 0.434241 0.430707 0.25775 0.123819 0.00221166
0 0.164799 0.166447 0.329598 0.332893 0.00219102
0 0.0554896 0.719495 0.110979 0.259172 0.00216734
0 0.0561998 0.790604 0.1124 0.418793 0.00214961
0 0.208963 0.171744 0.261827 0.179745 0.00213393
0 0.706427 0.515427 0.165954 0.153507 0.00212082
0 0.417733 0.216427 0.254171 0.175849 0.00211944
0 0.41246 0.759856 0.339381 0.126813 0.00209237
0 0.0576465 0.680364 0.112784 0.0919372 0.00209223
0 0.850085 0.56766 0.240949 0.15808 0.00209
0 0.20988 0.831567 0.41976 0.336867 0.00208931
0 0.862226 0.490337 0.209782 0.177155 0.00208729
0 0.435205 0.145061 0.36179 0.261565 0.0020829
0 0.050999 0.809244 0.101998 0.309047 0.00207462
0 0.867834 0.0842892 0.199932 0.168578 0.00205916
0 0.276675 0.204504 0.161917 0.134818 0.00204763
0 0.659876 0.46325 0.173714 0.0761318 0.00204449
0 0 0.91418 0 0.171639 0.00203605
0 0.740756 0.88001 0.232425 0.153848 0.00203165
0 0.332764 0.0943551 0.216524 0.174489 0.00202489
0 0.928036 0.478931 0.143927 0.120527 0.00201513
0 0.0695316 0.185663 0.139063 0.307673 0.00201405
0 0.134659 0.216574 0.269317 0.230041 0.00201152
0 0.982379 0.909092 0.0352429 0.181816 0.00200093
0 0.151982 0.488655 0.14859 0.109563 0.0019923
0 0.0819147 0.622509 0.147515 0.11689 0.00199107
0 0.386356 0.224946 0.219132 0.160393 0.00198286
0 0.625211 0.210161 0.183798 0.13601 0.956754
0 0.760566 0.942203 0.287498 0.115593 0.0253488
0 0.385431 0.931615 0.330544 0.13677 0.0131518
0 0.722738 0.913971 0.345114 0.172058 0.0123053
0 0.995821 0.117353 0.00835722 0.234705 0.0100914
0 0.728563 0.977553 0.298359 0.0448942 0.00659289
0 0.91875 0.922371 0.161478 0.155257 0.00631637
0 0.350273 0.97971 0.296562 0.0405806 0.00618474
0 0.887536 0.512522 0.214289 0.297107 0.00586695
0 0.123614 0.489008 0.247227 0.643106 0.00568007
0 0.125914 0.340072 0.251827 0.644239 0.00534556
0 0.123676 0.643348 0.247353 0.639792 0.00531827
0 0.793533 0.152009 0.412933 0.304018 0.00478537
0 0.520288 0.143703 0.616836 0.287405 0.00477621
0 0.60909 0.245612 0.220289 0.227994 0.00477133
0 0.942024 0.143808 0.108003 0.225519 0.00473789
0 0.830851 0.931153 0.263441 0.137693 0.00471049
0 0.367005 0.922321 0.253884 0.155359 0.00468781
0 0.593952 0.364045 0.494688 0.391877 0.00464773
0 0.971784 0.803163 0.056433 0.350737 0.00451377
0 1 0.0185021 0 0.0370042 0.00450769
0 0.416804 0.300183 0.651024 0.483989 0.00447173
0 0.679919 0.346309 0.541517 0.452155 0.00447094
0 0.126306 0.924296 0.240921 0.151407 0.00444964
0 0.294606 0.981277 0.331829 0.0374453 0.00440834
0 0.895088 0.269897 0.130263 0.109066 0.00440555
0 0.996647 0.900296 0.00670599 0.199407 0.00438924
0 0.589366 0.301835 0.308766 0.38412 0.00438888
0 0.455775 0.25424 0.527884 0.40754 0.00438831
0 0.8476 0.0941513 0.3048 0.188303 0.00433429
0 0.890025 0.138491 0.219949 0.276982 0.00431322
0 0.92411 0.0806556 0.15178 0.161311 0.00429179
0 0.111871 0.761038 0.223742 0.477925 0.0042696
0 0.469523 0.161262 0.706204 0.322524 0.00426795
0 0.819844 0.972563 0.299633 0.0548737 0.00423483
0 0.68098 0.387564 0.638039 0.509459 0.00422861
0 0.034472 0.974915 0.0689441 0.0501703 0.00420665
0 0.778497 0.917725 0.320723 0.164551 0.00418019
0 0.601529 0.980953 0.328466 0.0380938 0.00417953
0 0.993123 0.971001 0.013754 0.0579987 0.00413915
0 0.978021 0.068243 0.0439574 0.136486 0.0041162
0 0.818889 0.175842 0.362223 0.351684 0.00408981
0 0.723483 0.921293 0.261311 0.157413 0.00408968
0 0.914555 0.752194 0.170889 0.443572 0.00402705
0 0.604924 0.16225 0.422371 0.228219 0.00402249
0 0.801988 0.0968759 0.396024 0.193752 0.00400337
0 0.562316 0.391634 0.641129 0.443199 0.0039924
0 0.73996 0.302673 0.470005 0.416365 0.00395404
0 0.316703 0.939609 0.284874 0.120782 0.00393948
0 0.997913 0.817831 0.00417454 0.300498 0.00391691
0 0.990054 0.714165 0.0198922 0.372125 0.00390905
0 0.769849 0.132332 0.460301 0.264665 0.0039039
0 0.0624769 0.117072 0.124954 0.234144 0.0039007
0 0.0343705 0.891686 0.0687409 0.216627 0.00389063
0 0.392344 0.255353 0.784688 0.510706 0.0038877
0 0.870578 0.548552 0.248666 0.337111 0.00388305
0 0.98731 0.610962 0.0253791 0.361904 0.00381913
0 0.681964 0.174085 0.285342 0.221568 0.00380755
0 0.662933 0.446185 0.674134 0.547665 0.00377893
0 0.150177 0.980103 0.287784 0.0397943 0.00375817
0 0.434651 0.927135 0.254258 0.14573 0.0037463
0 0.893593 0.655713 0.212814 0.440774 0.0037404
0 0.407056 0.20471 0.785881 0.40942 0.00371631
0 0.105534 0.979789 0.211069 0.0404215 0.00371539
0 0.122385 0.979691 0.244771 0.0406184 0.00370316
0 0.387353 0.503421 0.774705 0.516875 0.00369066
0 0.988603 0.510848 0.0227943 0.352321 0.00368188
0 0.574164 0.24468 0.312485 0.219283 0.00368141
0 0.927392 0.195828 0.145217 0.372598 0.00367964
0 0.714462 0.607107 0.571075 0.534103 0.00367675
0 0.059148 0.850961 0.118296 0.298079 0.00367648
0 0.942972 0.105343 0.114056 0.210686 0.0036656
0 0.804355 0.294539 0.391291 0.414565 0.00366512
0 0.781267 0.213695 0.437467 0.338485 0.00366008
0 0.991258 0.154407 0.0174849 0.308814 0.00365759
0 0.0976285 0.240192 0.195257 0.480384 0.00365354
0 0.988515 0.411564 0.0229694 0.343938 0.00365279
0 0.869224 0.598411 0.261552 0.452667 0.00364935
0 0.987769 0.312199 0.0244629 0.343368 0.00362626
0 0.639645 0.119626 0.478886 0.239253 0.00360403
0 0.627327 0.336722 0.270657 0.375475 0.00359927
0 0.995247 0.215703 0.00950678 0.342675 0.00358549
0 0.671591 0.266086 0.306724 0.285277 0.0035653
0 0.383045 0.385274 0.76609 0.5065 0.00355733
0 0.751278 0.503472 0.497444 0.468082 0.00354938
0 0.0542562 0.564121 0.108512 0.622602 0.00352746
0 0.0546739 0.413655 0.109348 0.623194 0.00352697
0 0.915308 0.452323 0.169385 0.397862 0.0035248
0 0.558962 0.235593 0.312865 0.342965 0.00351521
0 0.757546 0.394939 0.484908 0.452295 0.00349242
0 0.900364 0.550389 0.199271 0.410008 0.00348597
0 0.0555458 0.699482 0.111092 0.601036 0.0034832
0 0.880478 0.971126 0.239044 0.0577479 0.00345788
0 0.171554 0.702599 0.343109 0.594802 0.00345637
0 0.863476 0.218336 0.273049 0.345622 0.00345065
0 0.083068 0.19676 0.166136 0.393521 0.00345019
0 0.701689 0.0901371 0.401578 0.180274 0.00344933
0 0.777856 0.163961 0.444288 0.327921 0.00344789
0 0.935948 0.25746 0.128104 0.39942 0.00344587
0 0.676193 0.205659 0.284334 0.158555 0.00341099
0 0.212918 0.206386 0.425835 0.412773 0.00337672
0 0.700832 0.741796 0.598335 0.516407 0.00337517
0 0.610337 0.15934 0.264171 0.242448 0.00337479
0 0.785465 0.34613 0.42907 0.435222 0.00336734
0 0.848095 0.300079 0.30381 0.384365 0.00334907
0 0.731516 0.828522 0.536968 0.342956 0.00334814
0 0.923447 0.356911 0.153107 0.393758 0.00332204
0 0.363194 0.451634 0.726387 0.567507 0.00330612
0 0.547892 0.923907 0.192446 0.152186 0.00328792
0 0.820457 0.56163 0.359086 0.401296 0.00328785
0 0.0447153 0.799302 0.0894307 0.401396 0.00327946
0 0.541179 0.136912 0.568756 0.273824 0.00327935
0 0.484741 0.100444 0.49015 0.200888 0.00326712
0 0.628254 0.923929 0.232326 0.152143 0.0032559
0 0.168017 0.930677 0.242682 0.138647 0.00325127
0 0.282864 0.677821 0.565728 0.541381 0.00324902
0 0.254789 0.696673 0.509578 0.532593 0.00324299
0 0.340822 0.109386 0.555638 0.218772 0.00323243
0 0.629312 0.0887011 0.418166 0.177402 0.00321731
0 0.361264 0.563306 0.722527 0.5929 0.00321178
0 0.88466 0.389607 0.23068 0.4039 0.00320778
0 0.797654 0.869849 0.404693 0.260301 0.00320252
0 0.894062 0.290529 0.211876 0.401198 0.00319905
0 0.83728 0.458576 0.32544 0.382593 0.00319716
0 0.253239 0.592707 0.506479 0.522223 0.00318746
0 0.753148 0.669308 0.493703 0.511028 0.00317807
0 0.190685 0.172591 0.38137 0.345182 0.00315185
0 0.555026 0.0940112 0.45666 0.188022 0.00313243
0 0.280464 0.57869 0.560927 0.540048 0.00312421
0 0.921952 0.933716 0.156097 0.132567 0.0031115
0 0.373627 0.30087 0.747255 0.574641 0.00308497
0 0.00748432 0.0838677 0.0149686 0.167735 0.00307174
0 0.248285 0.113824 0.49657 0.227647 0.00305247
0 0.21915 0.91384 0.355486 0.172319 0.00303701
0 0.840399 0.836306 0.250278 0.224036 0.00303318
0 0.572645 0.797901 0.854711 0.404198 0.00302815
0 0.251403 0.496179 0.502806 0.533485 0.00302792
0 0.43854 0.661453 0.877081 0.59663 0.00301268
0 0.966184 0.874669 0.0676322 0.250663 0.00300025
0 0.233096 0.292603 0.466192 0.530978 0.00296219
0 0.903732 0.907883 0.192536 0.184233 0.00295712
0 0.86953 0.614428 0.246924 0.325962 0.00295602
0 0.156502 0.116181 0.313004 0.232363 0.00293819
0 0.355256 0.235557 0.710512 0.471113 0.00290494
0 0.674265 0.801253 0.65147 0.397494 0.002894
0 0.409343 0.978859 0.294423 0.0422812 0.00288491
0 0.032687 0.141156 0.065374 0.282313 0.00288234
0 0.502387 0.452289 0.573161 0.425499 0.00287969
0 0.257605 0.931007 0.31526 0.137986 0.00287948
0 0.494466 0.98058 0.305423 0.0388399 0.00287312
0 0 0.975961 0 0.0480787 0.00287067
0 0.401531 0.767872 0.803061 0.464256 0.00286924
0 0.862767 0.911718 0.250056 0.176563 0.00286846
0 0.431937 0.915297 0.330347 0.169407 0.00285851
0 0.885892 0.86803 0.228216 0.26394 0.00284516
0 0.515083 0.92492 0.355414 0.15016 0.00284223
0 0.246826 0.3968 0.493652 0.541618 0.00281597
0 0.847834 0.672275 0.290155 0.348248 0.00280095
0 0.249252 0.784932 0.498504 0.430137 0.00278855
0 0.589482 0.604328 0.821036 0.579469 0.00276287
0 0 0.917827 0 0.164346 0.00275326
0 0.239595 0.274733 0.47919 0.547535 0.00275251
0 0.548541 0.516217 0.697215 0.481022 0.00274768
0 0.845233 0.704969 0.309534 0.516211 0.00274677
0 0.912319 0.131656 0.164323 0.256592 0.0027388
0 0.266654 0.376202 0.533308 0.559628 0.00273544
0 0.65854 0.552115 0.682921 0.582189 0.00271535
0 0.35433 0.181949 0.708661 0.363898 0.00270896
0 0.456223 0.556351 0.912445 0.562813 0.00263475
0 0.277141 0.770048 0.554283 0.459905 0.00261479
0 0.273343 0.479321 0.546686 0.553117 0.00258315
0 0.664108 0.8997 0.412778 0.2006 0.00257491
0 0.367403 0.712553 0.734806 0.569206 0.00256243
0 0.218931 0.153367 0.323272 0.19862 0.00254232
0 0.604072 0.860007 0.315119 0.213253 0.00252889
0 0.3847 0.450356 0.288317 0.247717 0.00249345
0 0.221148 0.208119 0.442297 0.416238 0.00248555
0 0.868592 0.463084 0.247755 0.307049 0.00246247
0 0.892292 0.912938 0.186785 0.174124 0.00246146
0 0.0175084 0.868474 0.0350168 0.263053 0.00244504
0 0.87291 0.115199 0.241177 0.230398 0.00240869
0 0.655684 0.658293 0.688633 0.584807 0.00240367
0 0.16977 0.907049 0.339539 0.185901 0.00239804
0 0.81468 0.792282 0.370641 0.415437 0.00234979
0 0.99521 0.567648 0.00958042 0.296823 0.0023464
0 0.624708 0.749098 0.750583 0.501803 0.00233221
0 0.838356 0.418427 0.323288 0.404505 0.00232002
0 0.830344 0.957383 0.188617 0.0852337 0.00227008
0 0.519735 0.708361 0.960529 0.569506 0.0022439
0 0.211295 0.43083 0.422589 0.355209 0.0022109
0 0.137252 0.908654 0.274504 0.182691 0.00217509
0 0.219756 0.80305 0.439511 0.393901 0.00215518
0 0.199988 0.521109 0.399975 0.395576 0.00214189
0 1 0.040179 0 0.080358 0.00213161
0 0.362333 0.4835 0.200119 0.162121 0.00210614
0 0.389581 0.905463 0.355877 0.189074 0.00206799
0 0.819744 0.143489 0.204653 0.141048 0.00202175
0 0.99589 0.664501 0.00821901 0.288537 0.00201558
0 0.053379 0.608767 0.106758 0.0816975 0.00200236
0 0.369501 0.942638 0.293924 0.114723 0.00197379
0 0.275974 0.181754 0.551947 0.363508 0.00196891
0 0.454159 0.383037 0.5425 0.250081 0.00196425
0 0.858953 0.308834 0.282094 0.38291 0.0019551
0 0.151016 0.862269 0.281919 0.201149 0.00194531
0 0.383915 0.300483 0.462022 0.322892 0.0019376
0 0.10299 0.151661 0.205981 0.303323 0.00192094
0 0.184145 0.189915 0.368291 0.376355 0.00191378
0 0.9962 0.765074 0.00760065 0.279692 0.00190701
0 0.758889 0.31985 0.404884 0.24896 0.00189574
0 0.407314 0.675081 0.726359 0.382476 0.00189458
0 0.697673 0.848862 0.444313 0.24834 0.00189363
0 0.188256 0.765947 0.376511 0.353908 0.00189183
0 0.868817 0.472832 0.262367 0.376917 0.00189068
0 0.00473525 0.00414261 0.00947049 0.00828521 0.00188639
0 0.643033 0.560418 0.624993 0.382464 0.00187965
0 0.394555 0.344795 0.534373 0.344857 0.00187183
0 0.134487 0 0.268973 0 0.00187149
0 0.487508 0.953767 0.311441 0.0924654 0.00187063
0 0.996108 0.715422 0.00778349 0.283018 0.00186181
0 0.158327 0.270378 0.316655 0.323861 0.00185692
0 0.0565525 0.609945 0.113105 0.242956 0.00185469
0 0.200246 0.148312 0.400492 0.296625 0.00185417
0 0.144509 0.45426 0.289018 0.333129 0.00184874
0 0.352673 0.100179 0.256554 0.200357 0.00183509
0 0 0.930928 0 0.138144 0.00182979
0 0.461355 0.308264 0.608948 0.378637 0.00182965
0 0.884698 0.2942 0.230604 0.287407 0.00180946
0 0.448096 0.239725 0.457165 0.320374 0.00180635
0 0.764564 0.575465 0.470871 0.319298 0.00179098
0 0.838482 0.211983 0.252246 0.220629 0.0017896
0 0.365665 0.118998 0.38562 0.237996 0.00178762
0 0.851548 0.752636 0.279121 0.349825 0.00178216
0 0.424516 0.951995 0.301428 0.0960092 0.00177089
0 0.430758 0.85201 0.411126 0.243117 0.00177049
0 0.189773 0.344296 0.379547 0.359972 0.00176947
0 1 0.141395 0 0.221752 0.00175609
0 0.424852 0.89375 0.398401 0.212501 0.00175308
0 0.792907 0.366164 0.39885 0.20666 0.00175206
0 0 0.00194554 0 0.00389109 0.00173637
0 0.439642 0.12826 0.495768 0.25652 0.00173597
0 0.835155 0.109085 0.308801 0.21817 0.00173379
0 0.238399 0.44248 0.444573 0.255515 0.00172256
0 0.247077 0.137446 0.494153 0.25471 0.00172138
0 0.743245 0.618022 0.51351 0.303355 0.00172035
0 0.867896 0.812209 0.246687 0.328868 0.00170713
0 0.271354 0.33642 0.542708 0.360442 0.00170457
0 1 0.219412 0 0.209792 0.0017037
0 0.182515 0.16931 0.36503 0.255779 0.00170147
0 0.825082 0.164629 0.244761 0.159507 0.00169392
0 0.882027 0.139731 0.235946 0.279461 0.00168952
0 0.637634 0.424271 0.596911 0.355408 0.00168785
0 0.318959 0.436826 0.380816 0.265372 0.00168326
0 0.595372 0.472824 0.522614 0.260361 0.00168287
0 0.0758573 0.582687 0.151715 0.145406 0.00168249
0 1 0.269469 0 0.209291 0.00167965
0 0.74653 0.383684 0.483426 0.249226 0.00166487
0 1 0.319374 0 0.208112 0.00166405
0 0.593493 0.392195 0.159845 0.158426 0.00166043
0 0.156213 0.11321 0.312425 0.225249 0.00165317
0 0.66805 0.401553 0.473945 0.240983 0.00165283
0 0.0513835 0.707076 0.102767 0.128238 0.00165132
0 1 0.0881358 0 0.176272 0.00165077
0 0.785575 0.964231 0.255188 0.0715371 0.00164794
0 0.142853 0.853882 0.285705 0.292237 0.00164687
0 1 0.36931 0 0.208186 0.00164149
0 0.251444 0.177289 0.380439 0.341161 0.00161937
0 0.429582 0.714956 0.649074 0.297366 0.00161632
0 0.25608 0.504898 0.336406 0.216269 0.00161112
0 0.215006 0.524579 0.430012 0.267293 0.00160753
0 1 0.418035 0 0.206701 0.00160517
0 0.807401 0.787761 0.316232 0.244965 0.00160449
0 0.391763 0.797529 0.578661 0.263827 0.00160303
0 0.219907 0.654151 0.245283 0.163729 0.00160243
0 0.940845 0.167115 0.118309 0.256024 0.00159768
0 0.37166 0.277056 0.41928 0.248733 0.00159673
0 0.179379 0.319652 0.358758 0.30044 0.00159195
0 0.133675 0.151157 0.267349 0.302313 0.0015902
0 0.661189 0.0793548 0.218579 0.148237 0.0015834
0 0.169636 0.141443 0.339271 0.217244 0.00158222
0 0.82076 0.317268 0.309741 0.226621 0.00158199
0 0.19577 0.216973 0.391541 0.300713 0.00157966
0 0.280403 0.277763 0.560807 0.309513 0.00157581
0 0.854555 0.888359 0.219237 0.223282 0.00157563
0 0.654824 0.636501 0.609556 0.289926 0.00156951
0 0.577345 0.355839 0.196303 0.0976123 0.00156763
0 0.179193 0.300845 0.358386 0.292691 0.00156493
0 0.617741 0.892949 0.330097 0.187575 0.00156188
0 0.872807 0.858679 0.236896 0.282642 0.00156026
0 0.74754 0.109349 0.504919 0.218697 0.00155584
0 0.323876 0.373739 0.400182 0.306371 0.00155395
0 0.247525 0.655351 0.49505 0.197815 0.0015519
0 0.109956 0.126371 0.219911 0.252743 0.00154865
0 0.599365 0.890645 0.281647 0.153654 0.00154715
0 0.760319 0.497112 0.398763 0.204094 0.00154131
0 0.867856 0.310877 0.179752 0.254606 0.00154067
0 0.830063 0.32375 0.263844 0.312188 0.00153895
0 0.544093 0.510836 0.430044 0.277861 0.00153602
0 0.822767 0.614752 0.354465 0.335414 0.00153009
0 1 0.465737 0 0.203997 0.00152947
0 0.694813 0.341633 0.547752 0.270388 0.0015279
0 0.629106 0.208902 0.177117 0.131191 0.96841
0 0.998945 0.0752671 0.00210985 0.150534 0.245045
0 0.999008 0.0420521 0.00198489 0.0841042 0.141634
0 0.999158 0.115968 0.00168326 0.231936 0.0267071
0 0.903475 0.00301252 0.19305 0.00602504 0.0122639
0 0.573321 0.913037 0.205247 0.0878815 0.00773774
0 0.999405 0.889123 0.00119078 0.221754 0.00590429
0 1 0.791748 0 0.353781 0.005015
0 1 0.698514 0 0.350663 0.004951
0 1 0.59747 0 0.344997 0.00485668
0 1 0.497523 0 0.350157 0.00481513
0 0.85947 0.869111 0.214138 0.181476 0.00470676
0 1 0.397171 0 0.337557 0.00468052
0 1 0.301729 0 0.337104 0.0040712
0 0.799264 0.506415 0.314941 0.286125 0.00405042
0 1 0.192496 0 0.339708 0.00398305
0 0.00674962 0.0691233 0.0134992 0.138247 0.00395367
0 0.454383 0.386175 0.524685 0.415575 0.00384889
0 0.871909 0.0329324 0.256182 0.0658649 0.00380998
0 0.216408 0.465404 0.295018 0.206163 0.00376531
0 0.742535 0.51522 0.37098 0.191295 0.00375041
0 0.814141 0.514591 0.290117 0.215811 0.00370066
0 0.569478 0.165348 0.274273 0.206603 0.00353616
0 0.996175 0.970936 0.00765053 0.0581272 0.00350797
0 0.816319 0.410139 0.269223 0.177249 0.0034588
0 0.58712 0.493138 0.517912 0.269535 0.0034001
0 0.846655 0.936987 0.223566 0.126027 0.00339205
0 0.716957 0.557648 0.550878 0.379182 0.00338941
0 0.729152 0.798027 0.541696 0.403947 0.00337177
0 0.799516 0.930044 0.257585 0.139913 0.00336667
0 0.335936 0.333572 0.671872 0.506625 0.00334337
0 0.447584 0.1811 0.348326 0.238725 0.00331381
0 0.657116 0.646044 0.685768 0.514874 0.00330898
0 0.383406 0.287589 0.339362 0.206097 0.00330415
0 0.540532 0.368586 0.329376 0.244091 0.00329978
0 0.662727 0.503512 0.535874 0.389055 0.00329291
0 0.664407 0.396369 0.266148 0.225791 0.0032903
0 0.564275 0.305084 0.266898 0.187825 0.0032792
0 0.787484 0.93369 0.344516 0.132619 0.00327761
0 0.00941851 0.97143 0.018837 0.0571392 0.00327657
0 0.474757 0.216291 0.266457 0.178512 0.00327609
0 0.592009 0.400647 0.320086 0.292655 0.00326913
0 0.729395 0.39979 0.23727 0.186054 0.0032506
0 0.479629 0.282182 0.272035 0.183328 0.00321936
0 0.617491 0.364566 0.296847 0.185329 0.00321598
0 0.124741 0.954022 0.249482 0.0919565 0.00321439
0 0.679526 0.935185 0.23716 0.12963 0.00321364
0 0.562596 0.933126 0.207761 0.133748 0.00321135
0 0.802958 0.565841 0.327761 0.185437 0.0031972
0 0.332165 0.300724 0.504666 0.389032 0.00318452
0 0.416279 0.160535 0.456901 0.239117 0.00318383
0 0.524668 0.0716718 0.300031 0.143344 0.00316026
0 0.464082 0.308319 0.334466 0.277316 0.00315319
0 0.770367 0.37349 0.332148 0.225793 0.00315093
0 0.521899 0.468839 0.600799 0.362429 0.00314954
0 0.166106 0.690364 0.332213 0.609176 0.00311868
0 0.673613 0.165617 0.218623 0.213602 0.00310832
0 0.657477 0.510581 0.447107 0.199423 0.00310011
0 0.167412 0.442744 0.334824 0.60133 0.00309514
0 0.858289 0.721694 0.220026 0.176387 0.00308908
0 0.617144 0.50518 0.691646 0.463303 0.00308852
0 0.117243 0.907647 0.234485 0.184705 0.00307771
0 0.197021 0.438792 0.286157 0.270586 0.00307672
0 0.331127 0.788002 0.630845 0.423995 0.00307436
0 0.199601 0.40662 0.399201 0.349615 0.00306172
0 0.146317 0.171105 0.292634 0.209739 0.00305548
0 0.43324 0.077177 0.345134 0.154354 0.00303878
0 0.308733 0.933595 0.272256 0.132811 0.00302143
0 0.99955 0.462607 0.000899383 0.323276 0.00301581
0 0.135949 0.103852 0.271898 0.164884 0.00300506
0 0.302947 0.89206 0.377489 0.215879 0.00299932
0 0.682765 0.774272 0.634469 0.451457 0.00299348
0 0.15924 0.954445 0.246569 0.0911102 0.00299229
0 0.381733 0.226723 0.313854 0.188953 0.00298186
0 0.38107 0.939015 0.211985 0.12197 0.00297183
0 0.311309 0.948792 0.239198 0.102417 0.00296311
0 0.45701 0.100453 0.33868 0.200906 0.00296273
0 0.63397 0.165241 0.230211 0.205237 0.00295965
0 0.354343 0.934019 0.243103 0.131961 0.00295697
0 0.603845 0.296583 0.242068 0.182561 0.00295271
0 0.610168 0.259455 0.214621 0.239251 0.00294391
0 0 0.00868863 0 0.0173773 0.00293853
0 0.834069 0.375221 0.253203 0.190126 0.00293335
0 0.215829 0.816224 0.418719 0.338193 0.00293328
0 0.762786 0.606329 0.437397 0.334877 0.00293292
0 0.309651 0.147448 0.571014 0.294896 0.00292706
0 0.614332 0.205057 0.215147 0.155462 0.00291466
0 0.151528 0.894035 0.303055 0.21193 0.00291008
0 0.509463 0.93554 0.229085 0.12892 0.00290943
0 0.785864 0.713922 0.428272 0.339819 0.00290186
0 0.603754 0.929062 0.285683 0.141876 0.00289588
0 0.998913 0.266241 0.00217351 0.328753 0.0028952
0 0.739777 0.653846 0.520447 0.386899 0.00288348
0 0.600219 0.0702964 0.285885 0.140593 0.00287933
0 0.149369 0.189621 0.298737 0.327936 0.00287757
0 0.346439 0.193229 0.446716 0.249156 0.00287411
0 0.15301 0.773862 0.30602 0.302485 0.0028676
0 0.641681 0.800694 0.716639 0.398611 0.00286756
0 0.393903 0.92947 0.255838 0.141059 0.00286583
0 0.506998 0.924388 0.279246 0.151225 0.00286462
0 0.571684 0.27021 0.249834 0.208599 0.00285305
0 0.141584 0.603081 0.283168 0.349077 0.00285027
0 0.675229 0.933906 0.373447 0.132188 0.00284878
0 0.571309 0.208267 0.247314 0.161472 0.00283421
0 0.804028 0.843967 0.389633 0.310101 0.00282608
0 0.119233 0.662017 0.238465 0.320827 0.00280614
0 0.124163 0.0705653 0.248326 0.141131 0.0027985
0 0.414849 0.77389 0.816157 0.45222 0.00278113
0 0.374774 0.8989 0.395454 0.202201 0.00277839
0 0.105045 0.962206 0.210089 0.0755877 0.00276605
0 0.0117202 0.889635 0.0234403 0.22073 0.00275776
0 0.420416 0.473506 0.673181 0.386898 0.00275516
0 0.329666 0.126964 0.490719 0.253928 0.002746
0 0.129369 0.922102 0.258739 0.155797 0.00273628
0 0.0409168 0.100226 0.0818335 0.200451 0.00273604
0 0.995893 0.138454 0.00821494 0.259772 0.00273106
0 0.350627 0.0880683 0.383636 0.176137 0.00272955
0 0.978743 0.362153 0.0425133 0.27447 0.0027261
0 0.271928 0.266885 0.432712 0.265109 0.0027136
0 0.133442 0.714134 0.266885 0.311509 0.00271274
0 0.168508 0.93032 0.272205 0.13936 0.00271059
0 0.908402 0.420031 0.183196 0.23715 0.00270371
0 0.178696 0.347212 0.357393 0.453799 0.00268697
0 0.151946 0.348075 0.303891 0.566876 0.00267644
0 0.909711 0.374927 0.180579 0.20681 0.00267319
0 0.193598 0.711584 0.387196 0.421279 0.00266957
0 0.436821 0.888896 0.469021 0.222209 0.00265728
0 0.138583 0.821903 0.277167 0.243004 0.00264464
0 0.808784 0.111376 0.249872 0.164941 0.00262412
0 0.0804734 0.159182 0.160947 0.318363 0.00261796
0 0.836663 0.966331 0.245584 0.0673378 0.00261611
0 0.960875 0.651955 0.07825 0.31074 0.00259795
0 0.679552 0.0705021 0.262378 0.141004 0.00258346
0 0.83303 0.878418 0.306848 0.243163 0.00258179
0 0.197067 0.547857 0.394135 0.418332 0.00257263
0 0.285459 0.0942238 0.406809 0.188448 0.00256347
0 0.904765 0.473375 0.190471 0.253825 0.00255055
0 0.238038 0.656457 0.476075 0.510971 0.00255036
0 0.610994 0.340066 0.125436 0.0779547 0.0025406
0 0.33796 0.707245 0.67592 0.516792 0.00253939
0 0.587883 0.660286 0.824234 0.587021 0.00253796
0 0.926049 0.906624 0.147902 0.186753 0.00253049
0 0.967271 0.603585 0.065458 0.292451 0.0025285
0 0.512795 0.504172 0.804281 0.514312 0.00252796
0 0.220176 0.344271 0.440351 0.535836 0.00252516
0 0.165017 0.419076 0.330034 0.317414 0.0025197
0 0.287121 0.222862 0.381125 0.232721 0.00251621
0 0.152287 0.775797 0.304575 0.448406 0.00251061
0 0.521651 0.708325 0.956698 0.583351 0.00249515
0 0.903091 0.3311 0.193819 0.188343 0.00249257
0 0.197686 0.0926452 0.375832 0.18529 0.00249105
0 0.885566 0.0122799 0.228868 0.0245598 0.00248757
0 0.951251 0.937358 0.0974981 0.125283 0.00248432
0 0.816911 0.326289 0.277559 0.217855 0.00248307
0 0.853588 0.0604203 0.292825 0.120841 0.00248025
0 0.949467 0.178515 0.101065 0.201448 0.0024739
0 0.535278 0.762675 0.924088 0.474651 0.00246499
0 0.515778 0.884287 0.569218 0.231427 0.00246484
0 0.960779 0.106314 0.0784424 0.184532 0.00245691
0 0.870268 0.265277 0.183373 0.13017 0.00245655
0 0.196399 0.500387 0.286382 0.201357 0.00244126
0 0.143837 0.450913 0.287674 0.268357 0.00243127
0 0.0329101 0.84642 0.0658202 0.30716 0.00242268
0 0.143698 0.556557 0.287395 0.618254 0.00241062
0 0.251097 0.399381 0.502194 0.381957 0.0024091
0 0.437917 0.66171 0.875834 0.58959 0.00240891
0 0.608048 0.547698 0.783904 0.529648 0.0024089
0 0.972054 0.504501 0.0558928 0.297802 0.0023924
0 0.617392 0.83425 0.700993 0.331499 0.00238458
0 0.913931 0.971162 0.172139 0.057676 0.00238177
0 0.769203 0.329168 0.336797 0.234928 0.00238089
0 0.95999 0.793721 0.0800201 0.321496 0.00237461
0 0.0484087 0.318711 0.0968174 0.570004 0.00236233
0 0.151461 0.26595 0.302922 0.393082 0.00235923
0 0.238425 0.308596 0.476851 0.441282 0.00235915
0 0.706445 0.178751 0.302571 0.215435 0.00234697
0 0.204964 0.248854 0.409929 0.374141 0.00233859
0 0.81519 0.627027 0.314111 0.220381 0.00232912
0 0.803955 0.686172 0.358482 0.272128 0.00232824
0 0.350453 0.606692 0.700906 0.569807 0.00232562
0 0.982435 0.264365 0.03513 0.255786 0.00231863
0 0.0511033 0.421564 0.102207 0.594874 0.00231847
0 0.863318 0.00287693 0.273365 0.00575387 0.00231211
0 0.596552 0.969561 0.25831 0.060878 0.00230942
0 0.929132 0.232783 0.141736 0.201157 0.00230342
0 0.997285 0.00984986 0.00542963 0.0196997 0.00230224
0 0.0515583 0.623307 0.103117 0.598513 0.00229603
0 0.834817 0.196632 0.25437 0.192355 0.0022957
0 0.115597 0.204278 0.231193 0.36032 0.00228958
0 0.0338539 0.195242 0.0677079 0.390485 0.00228908
0 0.254417 0.516832 0.380971 0.337278 0.00226981
0 0.967 0.976403 0.0660004 0.0471948 0.00226818
0 0.738164 0.0701017 0.257504 0.140203 0.00226719
0 0.105875 0.823372 0.211751 0.353255 0.00226248
0 0.94367 0.741134 0.112659 0.331064 0.00226011
0 0.837454 0.227565 0.241678 0.199374 0.00225991
0 0.040748 0.772841 0.0814959 0.454318 0.00225627
0 0.857937 0.0998605 0.23096 0.165225 0.00225305
0 0.412145 0.561064 0.82429 0.540776 0.002226
0 0.956761 0.0745271 0.086478 0.149054 0.00222526
0 0.092127 0.811928 0.184254 0.376144 0.00221916
0 0.262528 0.562189 0.525057 0.481855 0.00221741
0 0 0.911817 0 0.176367 0.00221019
0 0.998066 0.318271 0.00386858 0.293352 0.00220695
0 0.15469 0.551947 0.30938 0.319993 0.00220667
0 0.11106 0.133365 0.222119 0.228436 0.00220334
0 0.76125 0.809565 0.4775 0.358368 0.00219931
0 0.946631 0.00371838 0.106737 0.00743676 0.00219787
0 0.0330641 0.96943 0.0661281 0.0611395 0.00219531
0 0.189479 0.488256 0.229425 0.159408 0.00219274
0 0.519779 0.612381 0.94876 0.562585 0.00218318
0 0.915462 0.517204 0.169076 0.245365 0.00217144
0 0.206948 0.516 0.413897 0.399421 0.00216525
0 0.700898 0.253795 0.312182 0.199795 0.00216348
0 0.817713 0.73127 0.334076 0.244686 0.002145
0 0.171136 0.765717 0.342273 0.401675 0.00214397
0 0.896367 0.0722882 0.207266 0.144576 0.00214226
0 0.061762 0.156294 0.123524 0.312588 0.00213338
0 0.998926 0.793484 0.00214739 0.293037 0.00213295
0 0.330632 0.437475 0.323839 0.135955 0.00211164
0 0.024429 0.106989 0.048858 0.208333 0.00210499
0 0.824292 0.255801 0.260149 0.172048 0.00209819
0 0.866602 0.517548 0.198554 0.188635 0.00209436
0 0.912788 0.275806 0.174424 0.174805 0.00208811
0 0.145412 0.0939919 0.290824 0.187984 0.0020825
0 0.99881 0.693273 0.00237958 0.293053 0.00208174
0 0.197139 0.671184 0.394277 0.402983 0.00207931
0 0.998585 0.593287 0.00283019 0.293037 0.00207254
0 0.00936481 0.0124504 0.0187296 0.0249009 0.00205207
0 0.148472 0.527238 0.296944 0.226465 0.00203936
0 0.185847 0.328014 0.371694 0.423965 0.00203905
0 0.998185 0.392897 0.00363087 0.292774 0.00203242
0 0.270388 0.466552 0.399192 0.299145 0.00202546
0 0.677302 0.970809 0.284401 0.0583815 0.00202167
0 0.912142 0.568689 0.175715 0.225195 0.00201524
0 0.198245 0.420176 0.396491 0.402924 0.00200173
0 0.817065 0.0721042 0.268316 0.144208 0.00199734
0 0.638603 0.310986 0.214969 0.185321 0.00196085
0 0.781467 0.967274 0.275135 0.0654512 0.00194957
0 0.765989 0.2302 0.189852 0.123761 0.00193788
0 0.835221 0.0448611 0.329558 0.0897223 0.00191254
0 0.0877894 0.870168 0.175579 0.259664 0.00190552
0 0.214941 0.153486 0.426075 0.306972 0.00190245
0 0.811588 0.781409 0.338721 0.238053 0.00189164
0 0.0793847 0.462226 0.117242 0.154152 0.00186981
0 0.558521 0.967123 0.246583 0.0657548 0.00186059
0 0.998277 0.218478 0.00344658 0.294096 0.0018419
0 0.295923 0.962625 0.24778 0.0747494 0.00181925
0 0.336456 0.963 0.226638 0.0739994 0.00181524
0 0.161186 0.962743 0.235149 0.0745145 0.00181492
0 0.0882675 0.244166 0.176535 0.488332 0.00180435
0 0.914181 0.86681 0.171637 0.26638 0.00179327
0 0.0981411 0.0894375 0.196282 0.178875 0.00179132
0 0.501499 0.966802 0.261163 0.0663956 0.00178184
0 0.998576 0.518349 0.00284791 0.292898 0.00176693
0 0.705137 0.0316477 0.321667 0.0632953 0.00176532
0 0.903714 0.657582 0.192572 0.304003 0.00175637
0 0.698701 0.00280568 0.287426 0.00561137 0.00174473
0 0.386985 0.965074 0.228946 0.0698515 0.00174055
0 0.0298666 0.924827 0.0597333 0.150345 0.00171802
0 0.218852 0.131559 0.437705 0.263118 0.00171557
0 0 0.0229851 0 0.0459703 0.00170287
0 0.00370469 0.112956 0.00740937 0.225911 0.00168915
0 0.291965 0.428913 0.410531 0.251955 0.00167776
0 0.83019 0.635516 0.28436 0.157343 0.00167211
0 0.915135 0.611036 0.16973 0.243891 0.001659
0 0.845428 0.758467 0.250275 0.183957 0.00162967
0 0.0719012 0.521818 0.143802 0.246197 0.00161848
0 0.714139 0.698556 0.23389 0.116598 0.00160406
0 0.925252 0.131803 0.146511 0.181038 0.00159841
0 0.897042 0.802578 0.205917 0.307647 0.00159292
0 0.630806 0.344583 0.169257 0.0889273 0.00158764
0 0.890028 0.919023 0.219945 0.161954 0.00158762
0 0.798558 0.159557 0.16106 0.0912364 0.00158584
0 0.791066 0.00356908 0.291837 0.00713817 0.00156895
0 0 0.0235139 0 0.0470279 0.00155322
0 0.578855 0.87137 0.223511 0.174259 0.00154729
0 0.510633 0.425795 0.197768 0.122762 0.00154693
0 0.223992 0.8328 0.251576 0.186354 0.00154356
0 0.852804 0.684546 0.230684 0.163639 0.0015425
0 0.0688031 0.940674 0.137606 0.118653 0.00153723
0 0.553388 0.805354 0.224486 0.169686 0.00152637
0 0.701048 0.416475 0.21413 0.153134 0.00152502
0 0.43002 0.792902 0.277809 0.199084 0.0015125
0 0.893675 0.91373 0.210199 0.147355 0.00149105
0 0.863139 0.0832176 0.273722 0.166435 0.0014789
0 0.3968 0.231312 0.21461 0.134635 0.00147444
0 0.17948 0.8218 0.175824 0.175673 0.00146553
0 0.684469 0.883835 0.241374 0.145646 0.00145866
0 0.429958 0.433092 0.180269 0.123887 0.00144932
0 1 0.0309193 0 0.0618386 0.00143649
0 0.160019 0.269456 0.320038 0.166615 0.00142817
0 0.894679 0.616185 0.176549 0.13732 0.00142268
0 0.123099 0.719868 0.246198 0.178906 0.0014168
0 0.741211 0.914559 0.190922 0.0833952 0.00141665
0 0.817016 0.0193918 0.363658 0.0387836 0.00141603
0 0.87784 0.084935 0.179537 0.16987 0.00140917
0 0.956095 0.896809 0.0878095 0.206382 0.00140575
0 0.832137 0.708859 0.278674 0.203925 0.00140476
0 0.325935 0.358198 0.469935 0.258076 0.0014034
0 0.62877 0.210765 0.181384 0.133339 0.981031
0 0.538803 0.908829 0.134705 0.0936958 0.0546476
0 0.557953 0.905448 0.176946 0.102085 0.0153252
0 0.807048 0.139907 0.155498 0.103398 0.0109679
0 0 0.913986 0 0.172029 0.00896961
0 1 0.932052 0 0.135895 0.00836888
0 0.587954 0.902557 0.244335 0.106885 0.00704672
0 0.890643 0.25823 0.141902 0.134913 0.00702792
0 0.737699 0.434356 0.118516 0.0762016 0.00612203
0 1 0.911694 0 0.176613 0.00608165
0 0.833206 0.132921 0.165102 0.116978 0.00584426
0 0.856785 0.115185 0.2115 0.156216 0.00546154
0 0.613312 0.962702 0.217992 0.0745966 0.00394896
0 0.688364 0.96428 0.241514 0.0714401 0.00392284
0 0.554306 0.959062 0.231447 0.0818768 0.00387153
0 0.154602 0.748943 0.309204 0.502114 0.00351357
0 0.764967 0.964482 0.254689 0.0710359 0.00350907
0 0.603059 0.355675 0.119484 0.0995461 0.00350711
0 1 0.403013 0 0.243484 0.00344628
0 0.190261 0.756068 0.380522 0.387648 0.00343357
0 0.161233 0.462515 0.322465 0.618596 0.00341038
0 0.422663 0.960569 0.21397 0.0788622 0.00339596
0 1 0.450625 0 0.256834 0.00335123
0 0.159159 0.661466 0.318317 0.621701 0.00333402
0 0.197337 0.554653 0.394674 0.379679 0.0032393
0 1 0.354089 0 0.222951 0.0032386
0 0.198141 0.456357 0.396282 0.384322 0.00322699
0 0.137305 0.361112 0.274609 0.576107 0.00314661
0 0.200063 0.657752 0.400127 0.380683 0.00313557
0 0.366565 0.912992 0.150948 0.122738 0.00310316
0 1 0.297737 0 0.229969 0.00309302
0 1 0.500908 0 0.258014 0.00305758
0 0.352234 0.960816 0.240792 0.0783682 0.00303711
0 0.0430562 0.744817 0.0861123 0.510366 0.00300049
0 1 0.248603 0 0.204947 0.00299869
0 0.158905 0.350145 0.31781 0.35204 0.00298996
0 0.124336 0.298937 0.248673 0.30054 0.00297034
0 1 0.547109 0 0.267299 0.00292846
0 0 0.202336 0 0.149972 0.00291622
0 1 0.597829 0 0.245692 0.00288542
0 0 0.23863 0 0.213744 0.00286357
0 1 0.64735 0 0.22941 0.00283205
0 0.045789 0.661921 0.0915779 0.547864 0.002822
0 0.839013 0.964605 0.259426 0.0707895 0.0027983
0 0.0471523 0.561773 0.0943046 0.551902 0.0027939
0 0.0252342 0.286577 0.0504685 0.357477 0.00278601
0 0.0897426 0.261567 0.179485 0.376572 0.00277281
0 0.10767 0.246442 0.215341 0.214975 0.00275958
0 1 0.198956 0 0.194661 0.00274917
0 1 0.697749 0 0.22343 0.00274469
0 0.0467281 0.459976 0.0934562 0.541444 0.00274171
0 0.190612 0.242198 0.237932 0.174785 0.00273916
0 1 0.795636 0 0.21494 0.00272175
0 0.0383859 0.349082 0.0767719 0.458853 0.00270692
0 0.0270706 0.829866 0.0541412 0.340268 0.00269304
0 1 0.74607 0 0.222688 0.00268867
0 0 0.927989 0 0.144023 0.00267199
0 0.690342 0.937974 0.244397 0.124053 0.00266924
0 0 0.971963 0 0.0560744 0.00266651
0 0 0.056893 0 0.113786 0.00264794
0 0.0758928 0.203684 0.151786 0.261854 0.00262065
0 0.175839 0.799084 0.155455 0.11538 0.00261021
0 0.889651 0.928259 0.142559 0.11516 0.00260079
0 0.522821 0.937024 0.236832 0.125951 0.00259912
0 1 0.865019 0 0.23272 0.00259008
0 0.0134486 0.909596 0.0268973 0.180808 0.0025636
0 0.489074 0.0519877 0.144665 0.0995102 0.00255779
0 0 0.160282 0 0.144014 0.0025005
0 0.0804181 0.935169 0.160836 0.129661 0.00249806
0 0.141075 0.851217 0.282149 0.297567 0.00249651
0 0 0.952775 0 0.0944502 0.00246366
0 1 0.151374 0 0.184073 0.00246131
0 0.995012 0.972418 0.00997656 0.0551641 0.00245657
0 0.309029 0.962437 0.267213 0.0751259 0.00245606
0 0.637365 0.0591378 0.1475 0.103989 0.002426
0 0.989314 0.636502 0.0213728 0.140641 0.00241479
0 0.610064 0.938485 0.222851 0.12303 0.00241158
0 0.767748 0.938509 0.253918 0.122982 0.00238381
0 0.435394 0.936476 0.219522 0.127048 0.00236608
0 0.617114 0.265675 0.208145 0.257981 0.00236395
0 0.596572 0.162887 0.253555 0.234902 0.00236027
0 1 0.893468 0 0.213063 0.00233845
0 0.104896 0.205246 0.209791 0.201214 0.00232454
0 0.0308201 0.862987 0.0616403 0.274027 0.00232396
0 1 0.101225 0 0.188298 0.00231949
0 0.21187 0.796909 0.232404 0.124276 0.00229715
0 0.636304 0.149013 0.200873 0.225927 0.00227714
0 1 0.901376 0 0.197247 0.00222677
0 0.0613305 0.0768665 0.122661 0.153733 0.00220948
0 1 0.0647638 0 0.129528 0.00220938
0 0.923699 0.660292 0.152601 0.144993 0.00218202
0 0.0720852 0.972595 0.14417 0.0548094 0.00217993
0 0.0657625 0.159728 0.131525 0.198737 0.00217028
0 0.0568021 0.109282 0.113604 0.18344 0.00216805
0 0.963314 0.460155 0.0733729 0.204647 0.00216489
0 0.607606 0.302638 0.24148 0.207468 0.00214314
0 0.963266 0.410731 0.0734685 0.197509 0.00213951
0 0.362164 0.935169 0.252385 0.129663 0.0021218
0 0.157542 0.87133 0.116274 0.0626797 0.00211433
0 0.845099 0.942226 0.266435 0.115548 0.00211185
0 0.215964 0.964242 0.281592 0.0715153 0.00208919
0 1 0.0740077 0 0.148015 0.0020697
0 0.959245 0.509124 0.0815098 0.208625 0.00206171
0 0.00185391 0.973225 0.00370782 0.0535492 0.00206167
0 0.947165 0.609092 0.10567 0.199114 0.00204618
0 0.709384 0.124474 0.192358 0.195019 0.00204584
0 0 0.892069 0 0.215863 0.00204169
0 0.963057 0.360675 0.0738854 0.189677 0.00204074
0 0 0.112533 0 0.145244 0.00203583
0 0.944938 0.659657 0.110124 0.195291 0.00203127
0 0.950322 0.559926 0.0993553 0.206055 0.00202813
0 0.644864 0.321691 0.208852 0.187651 0.00202611
0 0.0904477 0.908449 0.180895 0.183102 0.00201969
0 0.30048 0.0382922 0.126687 0.0696726 0.00201564
0 0.96455 0.078604 0.0709008 0.157208 0.00201416
0 0.173728 0.49684 0.192453 0.149284 0.00200933
0 0.0564241 0.0660148 0.112848 0.13203 0.00199778
0 0.777216 0.257579 0.23221 0.203993 0.00198993
0 0.647259 0.364738 0.24902 0.183393 0.00198959
0 0.478123 0.118543 0.235045 0.190945 0.00198874
0 0.547109 0.890257 0.165158 0.133455 0.00198667
0 0.916865 0.518307 0.16627 0.182302 0.00198248
0 0.667103 0.0619819 0.24354 0.123964 0.00196735
0 0.559273 0.130693 0.242854 0.205749 0.00196617
0 1 0.242411 0 0.192103 0.00196614
0 0.573797 0.208367 0.237465 0.164593 0.00196562
0 0.705411 0.367796 0.238154 0.176772 0.00196326
0 0.945411 0.709813 0.109178 0.19352 0.00195566
0 1 0.889592 0 0.220815 0.00195303
0 0.969707 0.28033 0.0605869 0.123917 0.00194931
0 1 0.159902 0 0.170585 0.00193973
0 0.914708 0.967111 0.170583 0.0657784 0.00193849
0 0.944932 0.75977 0.110136 0.197105 0.0019314
0 0.740414 0.0670115 0.244822 0.134023 0.00193123
0 0.913623 0.568443 0.172754 0.182088 0.00192403
0 0.915417 0.420062 0.169165 0.171028 0.001917
0 0.00885203 0.0648421 0.0177041 0.129684 0.0019154
0 0.939663 0.0675222 0.120674 0.135044 0.00191188
0 0.119542 0.124837 0.196396 0.15344 0.00191168
0 0.136156 0.964279 0.272311 0.0714411 0.00190433
0 0.96957 0.0669386 0.0608605 0.133877 0.00190228
0 0.915491 0.470127 0.169018 0.177909 0.00189889
0 0.999967 0.108736 6.61542e-05 0.175917 0.00189803
0 0.604834 0.0580317 0.240537 0.116063 0.00189638
0 0.105722 0.168718 0.211444 0.175687 0.00189133
0 0.883249 0.259544 0.198455 0.174357 0.00188676
0 0.538951 0.919366 0.243763 0.161267 0.00188384
0 0.805452 0.320925 0.241664 0.194142 0.00188078
0 0.94788 0.809708 0.10424 0.188036 0.00188027
0 0.945066 0.167379 0.109868 0.186562 0.00186889
0 0.80043 0.366339 0.243764 0.184288 0.00186431
0 0.952294 0.113367 0.0954113 0.186363 0.00185765
0 0.955386 0.967665 0.0892271 0.0646708 0.00185592
0 0.898375 0.271161 0.129858 0.101215 0.00185311
0 0.691115 0.921283 0.293733 0.157434 0.0018521
0 0.628268 0.919275 0.267753 0.161449 0.00185109
0 0.789011 0.207986 0.274706 0.177953 0.00184956
0 0.877895 0.313602 0.208311 0.200266 0.00184909
0 0.0495194 0.588991 0.0990389 0.140498 0.0018479
0 0.573492 0.260141 0.243193 0.227558 0.00184782
0 0.121458 0.935651 0.242917 0.128698 0.00184781
0 0.911757 0.0697689 0.176486 0.139538 0.00184052
0 0.373762 0.91525 0.269759 0.1695 0.00183897
0 0.827183 0.107747 0.206047 0.175649 0.0018222
0 1 0.0652341 0 0.130468 0.00182031
0 0.563385 0.307323 0.261589 0.198472 0.00181489
0 0.967041 0.307394 0.0659172 0.128027 0.00181482
0 0.321184 0.91757 0.266433 0.164859 0.00181427
0 0.951897 0.867065 0.0962051 0.194307 0.00180396
0 0 0.0700093 0 0.140019 0.00179801
0 0.101896 0.111599 0.203792 0.176789 0.00179749
0 0.463553 0.917534 0.257343 0.164933 0.00179733
0 0.986492 0.661278 0.0270151 0.149064 0.00179479
0 0.160505 0.838522 0.121122 0.134288 0.00179015
0 0.404676 0.0589465 0.246852 0.117893 0.00178667
0 0.102974 0.0792349 0.205948 0.15847 0.00178202
0 0.536606 0.0561953 0.237583 0.112391 0.00178057
0 0.475817 0.0569179 0.239948 0.113836 0.00177963
0 0.956045 0.313227 0.0879099 0.18429 0.00177541
0 0.915504 0.616972 0.168993 0.180362 0.00177307
0 0.919644 0.367321 0.160712 0.172291 0.00177276
0 0.795871 0.412825 0.214423 0.179616 0.00177265
0 0.946274 0.214339 0.107452 0.184055 0.00177231
0 0.908289 0.718061 0.183421 0.188936 0.00177041
0 0.355178 0.369864 0.267756 0.189203 0.0017701
0 0.902429 0.817499 0.195142 0.189186 0.00176766
0 0.469272 0.214644 0.263918 0.173766 0.00176564
0 0.903376 0.868798 0.193249 0.191023 0.00176342
0 0.917914 0.322619 0.164172 0.17708 0.00175825
0 0.903966 0.767251 0.192068 0.191303 0.00175781
0 0.881275 0.0703793 0.236064 0.140759 0.00175615
0 0.908707 0.669695 0.182587 0.185088 0.00174573
0 0.831799 0.916894 0.281127 0.166211 0.0017404
0 0.866774 0.210956 0.208042 0.192315 0.00173744
0 0.340625 0.326188 0.278346 0.17474 0.00173727
0 0.733048 0.413076 0.220722 0.175532 0.00173436
0 0.952737 0.261837 0.0945264 0.177273 0.00173427
0 0.290611 0.28094 0.163416 0.0936079 0.00173384
0 0.514158 0.458416 0.177112 0.073327 0.00173219
0 0.523342 0.413649 0.25639 0.184268 0.0017283
0 0.544684 0.367271 0.276765 0.186696 0.001727
0 0.388898 0.113382 0.215393 0.194845 0.00172692
0 0.115927 0.965333 0.231854 0.0693338 0.00172409
0 0.87032 0.913615 0.259361 0.17277 0.00172268
0 1 0.200636 0 0.177038 0.00171776
0 0.989644 0.609859 0.0207118 0.137745 0.00171684
0 0.872175 0.473899 0.245237 0.180962 0.00171218
0 0.90502 0.182976 0.18996 0.176237 0.00170941
0 0.157365 0.675597 0.132151 0.130279 0.00170924
0 0.282876 0.469988 0.289423 0.185634 0.00170601
0 0.815111 0.0699992 0.246196 0.139998 0.00170316
0 0.465623 0.161385 0.25191 0.185851 0.00170145
0 0.361072 0.418236 0.283586 0.183849 0.00169705
0 0.920584 0.218702 0.158832 0.176303 0.00169624
0 1 0.2936 0 0.190343 0.00169523
0 0.268458 0.364229 0.23341 0.187396 0.00169477
0 0.350996 0.215404 0.242304 0.17549 0.00169457
0 0.371821 0.472595 0.298495 0.186829 0.00169447
0 0.603777 0.412325 0.243279 0.182233 0.00169347
0 0.666636 0.412992 0.236057 0.182945 0.00169053
0 0.27073 0.421434 0.291611 0.185011 0.00169014
0 0.871768 0.418404 0.222812 0.176313 0.00168902
0 0.286233 0.51663 0.281439 0.181796 0.00168153
0 0.880397 0.518214 0.239207 0.186154 0.00167527
0 0.209766 0.568415 0.281162 0.188834 0.00166967
0 0.859387 0.36094 0.222864 0.18314 0.00166429
0 0.334047 0.059765 0.222554 0.11953 0.00166215
0 0.443247 0.867847 0.283862 0.17495 0.00166186
0 0.945497 0.639546 0.0975964 0.124996 0.00165866
0 0.232524 0.915188 0.273424 0.169625 0.00165419
0 0.164294 0.913692 0.267375 0.172616 0.00165187
0 0.630045 0.868292 0.278999 0.170886 0.00165119
0 0.0977181 0.0638953 0.195436 0.127791 0.00165055
0 0.441344 0.414694 0.271832 0.185769 0.00165015
0 0.757958 0.918203 0.287063 0.163594 0.00164985
0 0.486993 0.0726645 0.222449 0.145329 0.00164966
0 0.254562 0.21295 0.218884 0.173884 0.00164538
0 0.866148 0.768085 0.267704 0.190314 0.00164535
0 0.35428 0.264089 0.224918 0.174184 0.00164209
0 0.868986 0.870292 0.262029 0.190599 0.001637
0 0.280718 0.56949 0.280958 0.182518 0.00163613
0 0.245002 0.331592 0.256337 0.170848 0.00163263
0 0.567807 0.516997 0.26431 0.189255 0.00162963
0 0.375394 0.163177 0.238574 0.17904 0.00162772
0 0.926146 0.26485 0.147708 0.164143 0.00162628
0 0.520895 0.867833 0.266842 0.171544 0.00162299
0 0.976531 0.929336 0.0469377 0.141328 0.00162231
0 0.437054 0.371915 0.293753 0.194389 0.00161698
0 0.25668 0.20458 0.14109 0.119279 0.00161667
0 0.780588 0.665544 0.30326 0.190005 0.00161656
0 0.286925 0.617763 0.295601 0.186057 0.00161473
0 0.237275 0.934967 0.26286 0.130066 0.00161124
0 0.450627 0.474499 0.289861 0.189054 0.00161028
0 0.468046 0.265853 0.265826 0.1867 0.00160962
0 0.453466 0.318527 0.285693 0.184272 0.00160297
0 0.700969 0.666157 0.303258 0.184083 0.0016005
0 0.372847 0.517272 0.278852 0.189769 0.00159989
0 0.655831 0.515228 0.257782 0.184619 0.00159962
0 0.215493 0.616485 0.294446 0.186228 0.00159926
0 0.0995092 0.797552 0.199018 0.404897 0.00159614
0 0.265631 0.257896 0.186511 0.169268 0.0015941
0 0.289963 0.872384 0.284535 0.179319 0.00159202
0 0.307922 0.161361 0.229804 0.176236 0.00158942
0 0.78442 0.482211 0.254863 0.189857 0.00158917
0 0.932369 0.0783429 0.135262 0.156686 0.00158211
0 0.224501 0.513987 0.265089 0.177725 0.00158066
0 0.519397 0.475336 0.278792 0.1845 0.00157895
0 0.662153 0.475 0.271121 0.188183 0.00157599
0 0.210421 0.0616874 0.23402 0.123375 0.0015732
0 0.226798 0.465805 0.262114 0.184782 0.00157085
0 0.217798 0.666131 0.301645 0.182097 0.00156912
0 0.124629 0.914858 0.249258 0.170284 0.00156745
0 0.783066 0.613952 0.276656 0.189874 0.0015628
0 0.358843 0.869138 0.285886 0.179224 0.00156168
0 0.866348 0.818901 0.267303 0.195141 0.001559
0 0.875511 0.567295 0.248977 0.182846 0.00155474
0 0.56834 0.563699 0.26151 0.184641 0.00155438
0 0.127953 0.0461326 0.117071 0.0857884 0.00155228
0 0.688429 0.720498 0.306269 0.186883 0.00155196
0 0.584148 0.473728 0.277806 0.186152 0.00155084
0 0.00661911 0.220036 0.0132382 0.259577 0.00155036
0 0.732156 0.478675 0.260147 0.190113 0.00154965
0 0.412611 0.0786724 0.239293 0.157345 0.00154923
0 0.509203 0.51777 0.263938 0.192673 0.00154909
0 0.705999 0.615033 0.286911 0.186019 0.00154654
0 0.699175 0.869194 0.289126 0.172118 0.00154381
0 0.446503 0.517704 0.269958 0.195338 0.00154145
0 0.863181 0.67076 0.273638 0.188332 0.00154093
0 0.284604 0.082964 0.231592 0.165928 0.00153874
0 0.325044 0.109641 0.212333 0.193281 0.00153521
0 0.693327 0.766863 0.296395 0.180269 0.00153503
0 0.767245 0.765239 0.29992 0.184936 0.00153022
0 0.835369 0.515206 0.239965 0.184067 0.0015275
0 0.361896 0.61776 0.290982 0.184292 0.00152729
0 0.609529 0.721109 0.297935 0.187004 0.00152591
0 0.310514 0.0480166 0.145407 0.0912145 0.00152412
0 0.126456 0.46762 0.252913 0.184191 0.0015209
0 0.141073 0.243831 0.244448 0.171707 0.00151948
0 0.286673 0.665109 0.299056 0.184154 0.00151895
0 0.219715 0.873025 0.269346 0.187437 0.00151879
0 0.623131 0.208864 0.177474 0.129489 0.936273
0 0.0543004 0.604602 0.108601 0.0883848 0.00896108
0 0.700621 0.206367 0.0305417 0.134888 0.00742099
0 0.721219 0.0010419 0.109987 0.00208379 0.00372981
0 0.523557 0.910318 0.113767 0.108707 0.00353573
0 1 0.945761 0 0.108478 0.00339419
0 0.566369 0.214123 0.0550645 0.0954386 0.00331639
0 0.586434 0.223778 0.0958496 0.0977945 0.00331271
0 0.514271 0.307528 0.123556 0.0755285 0.00320846
0 0.626176 0.914075 0.105055 0.104875 0.00314679
0 0.161203 0.78771 0.117464 0.0870871 0.0030954
0 0.99908 0.0159236 0.00183998 0.0318471 0.00305655
0 0.577843 0.214773 0.0799054 0.0909115 0.00302084
0 0 0.900885 0 0.19823 0.00273351
0 0.903425 0.269452 0.118759 0.0896644 0.00272881
0 1 0.949321 0 0.101358 0.00259221
0 0.49942 0.909143 0.124268 0.103895 0.0025718
0 0.087055 0 0.135796 0 0.0025126
0 0.2943 0.371 0.117867 0.0827152 0.00244831
0 1 0.967566 0 0.0648689 0.00244349
0 0.0116333 0.980862 0.0232666 0.0382751 0.00242317
0 0 0.0178582 0 0.0357163 0.00239474
0 0.998221 0.0328213 0.00355737 0.0656426 0.00232187
0 0 0.92421 0 0.151579 0.0022632
0 1 0.947642 0 0.104717 0.0022514
0 0.0568978 0.996348 0.113796 0.00730381 0.00224068
0 0.927805 0.14754 0.0776225 0.0696663 0.00212363
0 0.962768 0.996796 0.0744633 0.00640793 0.00211035
0 1 0.965711 0 0.0685774 0.00210333
0 0.985407 0.988842 0.0291861 0.0223159 0.00209407
0 0.598839 0.964547 0.280186 0.0709058 0.00205485
0 0.637998 0.951027 0.0650047 0.0185383 0.00204873
0 0.081638 0.967758 0.163276 0.0644833 0.00201813
0 0.533278 0.911338 0.158911 0.105258 0.00201279
0 0.741551 0.437023 0.0935469 0.0656279 0.00200586
0 0.47355 0.964463 0.299033 0.0710745 0.00200474
0 0 0.0631157 0 0.126231 0.00199556
0 0.125823 0.965846 0.251646 0.0683075 0.00197468
0 0.260315 0.96451 0.29265 0.0709804 0.00197464
0 0.402549 0.964473 0.293461 0.0710537 0.00197415
0 0.187183 0.96461 0.288601 0.07078 0.00197243
0 0.538418 0.964327 0.288204 0.0713465 0.00195607
0 0.330451 0.964483 0.29325 0.0710342 0.00195577
0 1 0.956764 0 0.0864711 0.00195065
0 1 0.099913 0 0.189583 0.00194566
0 0 0.0661582 0 0.132316 0.00193549
0 1 0.0664955 0 0.132991 0.00192629
0 0.747902 0.965291 0.294727 0.0694183 0.00192567
0 1 0.203498 0 0.190329 0.00191501
0 0.586724 0.913208 0.193821 0.102089 0.00191439
0 1 0.153163 0 0.18903 0.00191213
0 1 0.253738 0 0.18909 0.00190273
0 0.99699 0.969848 0.0060199 0.0603034 0.00189553
0 1 0.303479 0 0.188799 0.00189392
0 0.900373 0.96806 0.199253 0.0638792 0.00189274
0 1 0.803948 0 0.187071 0.00188574
0 0.672474 0.965178 0.288341 0.0696434 0.00188367
0 1 0.403271 0 0.189891 0.00187886
0 1 0.35353 0 0.188648 0.00187718
0 1 0.503761 0 0.189664 0.00187107
0 1 0.453721 0 0.189662 0.0018698
0 0.0440514 0.991434 0.0881027 0.0171312 0.00186669
0 1 0.753171 0 0.190701 0.00186212
0 1 0.553637 0 0.188819 0.00186048
0 0.629842 0.265356 0.24264 0.217221 0.00185932
0 1 0.703301 0 0.189329 0.0018576
0 0.812558 0.965788 0.293395 0.068425 0.00185415
0 1 0.60339 0 0.188686 0.00185323
0 1 0.653307 0 0.189012 0.00184685
0 0.862326 0.966679 0.275348 0.0666418 0.00183515
0 0.68702 0.202886 0.059028 0.132104 0.00182039
0 0.636383 0.941215 0.0727938 0.0417528 0.00179162
0 0.055482 0.586867 0.110964 0.121337 0.00176363
0 0.938904 0.967865 0.122193 0.0642704 0.00175664
0 0.666384 0.31748 0.235853 0.195642 0.00175363
0 0.604484 0.158829 0.247881 0.204013 0.00174176
0 0 0.968442 0 0.0631164 0.00174099
0 0.164077 0.764363 0.122676 0.13413 0.00174041
0 0 0.971887 0 0.0562267 0.00172856
0 0.0357553 0.971766 0.0715106 0.0564688 0.00172819
0 0.0535945 0.480808 0.107189 0.105045 0.00172462
0 0.915577 0.152486 0.101103 0.0878976 0.00172202
0 0.588644 0.934689 0.241384 0.130621 0.00172096
0 1 0.858305 0 0.191844 0.00171722
0 0.199181 0.933184 0.253627 0.133632 0.0017127
0 0.648193 0.161446 0.235379 0.204249 0.00171119
0 0.128524 0.932946 0.247201 0.134108 0.00170306
0 0.956694 0.263462 0.0170649 0.0730865 0.00170247
0 1 0.92438 0 0.15124 0.00169947
0 0.532029 0.933654 0.246319 0.132692 0.0016993
0 0.750054 0.933713 0.253975 0.132574 0.00169787
0 0.264851 0.933541 0.257785 0.132917 0.00169271
0 0.469405 0.932967 0.255572 0.134066 0.00168991
0 0.69464 0.998843 0.120339 0.00231438 0.0016813
0 0.663789 0.935476 0.248433 0.129049 0.00167846
0 0.657186 0.213731 0.117548 0.112933 0.00167817
0 0.71847 0.011139 0.122152 0.0222779 0.00167707
0 0.402567 0.932815 0.254097 0.134369 0.00167573
0 0.817757 0.932185 0.256789 0.135629 0.00166989
0 0.0647888 0.912355 0.129578 0.17529 0.00166711
0 0.69593 0.00274454 0.107494 0.00548909 0.00166602
0 0.0432773 0.106437 0.0865547 0.177357 0.00166562
0 0.641534 0.262417 0.117173 0.0259019 0.00166429
0 0.0490141 0.067777 0.0980282 0.135554 0.00166199
0 0.799099 0.148891 0.108711 0.0956217 0.0016592
0 0 0.109779 0 0.158219 0.0016499
0 0 0.465092 0 0.1589 0.0016414
0 0.64769 0.123428 0.275682 0.18326 0.00164053
0 0.639042 0.21009 0.217046 0.164896 0.00164009
0 0.0842691 0.932075 0.168538 0.13585 0.00163679
0 0 0.41476 0 0.158886 0.00163623
0 0.623248 0.999575 0.102525 0.000849342 0.00163161
0 0.332812 0.933062 0.255015 0.133875 0.00162721
0 0 0.313886 0 0.158076 0.00162577
0 0 0.967367 0 0.0652658 0.00161802
0 0.769682 0.317201 0.292978 0.192395 0.00161802
0 0 0.515305 0 0.158526 0.00161715
0 0 0.364391 0 0.158527 0.0016139
0 0.0383635 0.262842 0.076727 0.187192 0.0016123
0 0 0.814849 0 0.154804 0.00161041
0 0.575745 0.259366 0.262708 0.239441 0.00160794
0 0.0416917 0.662649 0.0833833 0.187445 0.00160617
0 0.0362354 0.211576 0.0724708 0.187168 0.00160474
0 0.0353089 0.763093 0.0706179 0.186814 0.00160023
0 0 0.263886 0 0.157108 0.00159784
0 0 0.714554 0 0.157425 0.00159469
0 0 0.764631 0 0.157978 0.00159359
0 0.864052 0.932459 0.229498 0.135082 0.00159208
0 0 0.565136 0 0.157553 0.00158738
0 0.0381628 0.312047 0.0763256 0.188997 0.00158575
0 0.0372247 0.161971 0.0744495 0.181054 0.00158551
0 0.0392915 0.814377 0.0785829 0.18205 0.00158446
0 0.0818327 0.0360029 0.14385 0.0720058 0.00158302
0 0.70241 0.118876 0.293634 0.186142 0.00158121
0 0.10747 0.912415 0.214941 0.17517 0.00158096
0 0.0390878 0.41286 0.0781756 0.189825 0.00158089
0 0.0396672 0.930991 0.0793344 0.138019 0.001577
0 0 0.66478 0 0.156997 0.00157529
0 0.737542 0.43024 0.117183 0.0830034 0.00157528
0 0 0.911422 0 0.177157 0.00157435
0 0 0.61493 0 0.156804 0.00157362
0 0.705602 0.365866 0.293362 0.19247 0.00157239
0 0.21845 0.911391 0.294229 0.177217 0.00157046
0 0.0386924 0.361403 0.0773847 0.188294 0.00157045
0 0 0.212056 0 0.156923 0.00156242
0 0.549169 0.210399 0.268971 0.180441 0.00156049
0 0.038265 0.874506 0.07653 0.197186 0.00156008
0 0.0436464 0.612495 0.0872928 0.184446 0.00155539
0 0.599597 0.0678699 0.268903 0.13574 0.00155497
0 0.280176 0.911121 0.291208 0.177758 0.00155381
0 0 0.161167 0 0.158198 0.00155187
0 0.717231 0.269234 0.265748 0.198445 0.00154938
0 0.635317 0.364843 0.290861 0.194681 0.00154696
0 1 0.0748317 0 0.149663 0.00154534
0 0.0398804 0.513858 0.0797609 0.188425 0.00154444
0 0.657992 0.999479 0.107807 0.00104303 0.00154417
0 0.734627 0.0700988 0.263786 0.140198 0.00154279
0 0.802056 0.069948 0.266125 0.139896 0.00154132
0 0.147652 0.912247 0.295305 0.175507 0.00154044
0 1 0.15973 0 0.184326 0.00153973
0 0.999299 0.260253 0.00140263 0.186072 0.00153953
0 0.742662 0.166056 0.314189 0.195742 0.00153937
0 0.0394268 0.56183 0.0788537 0.184863 0.00153739
0 0 0.874961 0 0.168335 0.00153688
0 0.85015 0.314217 0.292837 0.193166 0.00153524
0 0.0376166 0.461885 0.0752332 0.187418 0.00153412
0 0 0.94833 0 0.10334 0.0015326
0 0.0380486 0.711572 0.0760972 0.186807 0.00153001
0 1 0.510358 0 0.185188 0.00152963
0 1 0.409817 0 0.185155 0.00152777
0 0.489991 0.906736 0.29446 0.172084 0.00152641
0 0.999615 0.210222 0.000769174 0.186376 0.00152526
0 1 0.309927 0 0.185156 0.00152498
0 1 0.359836 0 0.185655 0.0015229
0 0.48231 0 0.0917803 0 0.00152222
0 0.288506 0.353546 0.150356 0.110287 0.00152184
0 1 0.560158 0 0.184494 0.00152131
0 1 0.460093 0 0.185459 0.00152115
0 0.585109 0.359729 0.29768 0.198858 0.00151713
0 0.0513346 0.753851 0.102669 0.110643 0.00151481
0 0.99985 0.760061 0.000299794 0.185557 0.00151165
0 0.607249 0.310811 0.243229 0.214434 0.00150749
0 0.668945 0.0690769 0.267739 0.138154 0.00150662
0 0.42236 0.909328 0.296264 0.176104 0.00150654
0 1 0.71017 0 0.18359 0.00150451
0 1 0.610057 0 0.184069 0.00150346
0 0.351621 0.911094 0.289939 0.177813 0.00150076
0 0.869398 0.068927 0.261203 0.137854 0.00149805
0 0.785731 0.364002 0.302889 0.196712 0.00149751
0 1 0.660156 0 0.183897 0.00149694
0 0.849841 0.263383 0.282526 0.1953 0.00149549
0 1 0.81037 0 0.17982 0.00149232
0 0.52799 0.118315 0.294153 0.187917 0.00148977
0 0.620356 0.910687 0.16451 0.102084 0.00148787
0 0.831561 0.9107 0.29247 0.1786 0.00148447
0 0.530037 0.0670968 0.264615 0.134194 0.00148422
0 0.521507 0.363684 0.300386 0.193071 0.00148231
0 0.554559 0.905478 0.283335 0.168696 0.00147855
0 0.99853 0.967197 0.00294032 0.0656059 0.00147722
0 0.783231 0.412205 0.296449 0.194945 0.00147618
0 0.451614 0.116121 0.29317 0.186886 0.00147419
0 0.374953 0.114619 0.289731 0.187939 0.00147153
0 0.612038 0.905379 0.28174 0.170003 0.00146658
0 0.534343 0.309446 0.293882 0.201708 0.00146636
0 0.641764 0.41207 0.285508 0.190494 0.00146459
0 0.574685 0.4115 0.282648 0.190176 0.00146269
0 0.433886 0.463484 0.303742 0.190786 0.00146262
0 0.0678579 0.882647 0.135716 0.123669 0.00146096
0 0.844078 0.412066 0.296256 0.195478 0.00146043
0 0.848496 0.214602 0.287907 0.188459 0.00146009
0 0.588998 0 0.088822 0 0.00145337
0 0.78602 0.113765 0.291482 0.185797 0.0014531
0 0.730164 0.214426 0.297939 0.176696 0.00145193
0 0.496925 0.463971 0.301815 0.188472 0.00145115
0 0.440359 0.213518 0.311944 0.191412 0.00144923
0 0.552649 0 0.0892733 0 0.00144855
0 0.766473 0.91037 0.297019 0.177766 0.00144569
0 0.881421 0.215759 0.237157 0.191973 0.00144527
0 0.774592 0.463435 0.306839 0.190446 0.00144482
0 0.905268 0.068694 0.189465 0.137388 0.00144472
0 0.446935 0.262729 0.311661 0.194459 0.00144439
0 0.77361 0.761897 0.291195 0.186807 0.00144419
0 0.840671 0.512342 0.301281 0.196193 0.00144387
0 0.838404 0.762525 0.28673 0.184502 0.00144264
0 0.979193 0.0683364 0.0416142 0.136673 0.00144161
0 0 0.900586 0 0.198829 0.00144122
0 0.710516 0.413024 0.287134 0.190098 0.00144109
0 0.526473 0.158402 0.295864 0.199547 0.00143929
0 0.923954 0.933485 0.152091 0.13303 0.001439
0 0.846313 0.166872 0.298885 0.188795 0.00143829
0 0.731274 0.998122 0.118344 0.00375576 0.00143812
0 0.368435 0.462442 0.303201 0.191243 0.00143758
0 0.216801 0.6645 0.295307 0.191038 0.00143598
0 0.365878 0.413661 0.300659 0.190609 0.00143503
0 0.227443 0.461959 0.300883 0.192956 0.00143278
0 0.445914 0.365685 0.298492 0.190691 0.00143171
0 0.874234 0.414531 0.251531 0.194876 0.00143084
0 0.226995 0.563546 0.30192 0.19808 0.00143045
0 0.074881 0.998004 0.126792 0.00399275 0.00142972
0 0.847298 0.362115 0.294299 0.196671 0.0014281
0 0.505457 0.411459 0.280243 0.191044 0.00142611
0 0.516862 0 0.0907668 0 0.00142604
0 0.841132 0.562775 0.299278 0.197209 0.00142421
0 0.44978 0.315549 0.307366 0.193723 0.00142298
0 1 0.90291 0 0.19418 0.00142292
0 0.564184 0.46401 0.300795 0.186999 0.00142277
0 0.942727 0.996407 0.114547 0.00718613 0.00142047
0 0.703766 0.464486 0.302785 0.188303 0.00142044
0 0.438026 0.412372 0.286462 0.190482 0.00142037
0 0.973938 0.927781 0.0521243 0.144438 0.00141956
0 0.86145 0.111595 0.275065 0.183808 0.00141932
0 0.3066 0.114171 0.289717 0.188743 0.00141859
0 0.152571 0.462504 0.302104 0.194165 0.00141727
0 0.895546 0.111571 0.208908 0.185738 0.00141695
0 0.875085 0.513168 0.24983 0.19585 0.00141503
0 0.684916 0.908655 0.286055 0.172128 0.00141459
0 0.839003 0.713496 0.290387 0.184922 0.00141337
0 0.840658 0.462151 0.299901 0.190783 0.00141301
0 0.297084 0.861725 0.282197 0.182247 0.00141269
0 0.297124 0.461505 0.302171 0.192663 0.0014102
0 0.776626 0.51221 0.303495 0.197565 0.00140922
0 0.462976 0.0667569 0.262633 0.133514 0.00140883
0 0.635153 0.761979 0.289287 0.182934 0.00140837
0 0.297236 0.612133 0.297055 0.194915 0.00140787
0 0.774704 0.563133 0.30825 0.199396 0.00140777
0 0.364248 0.315309 0.312912 0.191342 0.00140692
0 0.0886959 0.065615 0.177392 0.13123 0.00140594
0 0.438409 0.161881 0.297794 0.193494 0.00140564
0 0.916586 0.563484 0.166828 0.193927 0.00140546
0 0.876531 0.563164 0.246937 0.196204 0.00140496
0 0.469981 0.0780923 0.270027 0.156185 0.00140493
0 0.632491 0.714719 0.299046 0.1878 0.0014035
0 0.956041 0.905476 0.0879179 0.189048 0.00140137
0 0.880813 0.265439 0.238373 0.1919 0.00140107
0 0.877087 0.763698 0.245826 0.187745 0.00140066
0 0.39615 0.0781207 0.272098 0.156241 0.00139789
0 0.392764 0.0665103 0.262507 0.133021 0.00139776
0 0.292728 0.414771 0.307427 0.192383 0.00139708
0 0.703279 0.76271 0.287883 0.182583 0.00139684
0 0.364479 0.612629 0.304262 0.199207 0.00139645
0 0.368196 0.364717 0.307429 0.190062 0.00139636
0 0.634744 0.464492 0.300873 0.187454 0.0013959
0 0.941824 0.0683945 0.116352 0.136789 0.00139575
0 0.216835 0.714602 0.290597 0.188404 0.0013952
0 0.568173 0.761858 0.288088 0.182009 0.00139475
0 0.912848 0.910598 0.174304 0.178804 0.00139422
0 0.121589 0.0648094 0.243177 0.129619 0.0013941
0 0.286148 0.715615 0.295827 0.188603 0.00139359
0 0.771946 0.713984 0.291214 0.186491 0.00139282
0 0.566813 0.714749 0.301652 0.18956 0.00139245
0 0.0797727 0.414987 0.159545 0.191433 0.00139177
0 0.0841877 0.816201 0.168375 0.185479 0.00139175
0 0.497807 0.512101 0.304722 0.19713 0.00138977
0 0.499011 0.561677 0.310776 0.203118 0.0013894
0 0.704283 0.512208 0.299574 0.196343 0.00138926
0 0.115278 0.463022 0.230555 0.191763 0.00138919
0 0.496037 0.715217 0.300774 0.189918 0.00138869
0 0.163539 0.111705 0.285339 0.186806 0.00138856
0 0.29519 0.563325 0.302569 0.200867 0.00138644
0 0.875508 0.462613 0.248985 0.192989 0.00138595
0 0.62868 0.209801 0.182553 0.135198 0.889951
0 0.720478 0.28741 0.323555 0.2745 0.00260718
0 0.760696 0.216583 0.478608 0.41254 0.00230012
0 0.119017 0.566271 0.238033 0.327179 0.00224355
0 0.11064 0.617872 0.221279 0.308955 0.00223865
0 0.126702 0.51562 0.253404 0.346269 0.00220404
0 0.61422 0.176564 0.603246 0.353127 0.00215634
0 0.136606 0.463138 0.273213 0.370097 0.00215595
0 0.101338 0.669274 0.202676 0.297204 0.00215225
0 0.637167 0.289108 0.249104 0.241233 0.00210827
0 0.0962898 0.691462 0.19258 0.479053 0.00209317
0 0.11157 0.542134 0.22314 0.518057 0.00207014
0 0.162983 0.408467 0.325965 0.414779 0.00202309
0 0.0728166 0.839943 0.145633 0.320114 0.00200742
0 0.0951567 0.719753 0.190313 0.295492 0.00200075
0 0.602023 0.196292 0.795955 0.392584 0.00197616
0 0.0920786 0.77117 0.184157 0.292293 0.00195846
0 0.0859347 0.780532 0.171869 0.430984 0.00193118
0 0.347269 0.253683 0.694537 0.507367 0.00192445
0 0.818709 0.295521 0.300145 0.2539 0.00191063
0 0.741758 0.305675 0.280067 0.220902 0.00187878
0 0.728982 0.1809 0.448646 0.3618 0.00187636
0 0.156683 0.353115 0.313366 0.326799 0.00187126
0 0.096269 0.826707 0.192538 0.260007 0.00184128
0 0.515859 0.273963 0.51265 0.414796 0.00181542
0 0.505024 0.224993 0.881213 0.449987 0.00181011
0 0.688556 0.0842788 0.256392 0.142028 0.00179405
0 0.123445 0.446726 0.246889 0.544843 0.00179067
0 0.424874 0.256171 0.849748 0.512343 0.00173858
0 0.246946 0.961329 0.194086 0.0773422 0.00172964
0 0.138974 0.430564 0.277948 0.201855 0.00172127
0 0.750341 0.214306 0.499318 0.428612 0.00172043
0 0.610059 0.929091 0.212026 0.141819 0.00171292
0 0.839861 0.307913 0.309084 0.341492 0.00170674
0 0.971064 0.614272 0.0578729 0.186138 0.0016804
0 0.967024 0.565572 0.0659526 0.184551 0.00168032
0 0.930341 0.615779 0.139318 0.174332 0.00167938
0 0.323394 0.961899 0.204131 0.0762028 0.00167341
0 0.220478 0.304051 0.440957 0.452001 0.00167086
0 0.840868 0.426611 0.289408 0.263951 0.00166503
0 0.0992159 0.889079 0.198432 0.221841 0.0016638
0 0.825024 0.355332 0.280752 0.162034 0.00165946
0 0.0886925 0.936666 0.177385 0.126667 0.00165887
0 0.401957 0.962835 0.219239 0.0743303 0.00165381
0 0.465444 0.963593 0.214963 0.0728138 0.00164917
0 0.674021 0.132434 0.651958 0.264869 0.00164358
0 0.881357 0.0842946 0.237287 0.137826 0.00164099
0 0.974721 0.664471 0.0505581 0.183847 0.00163665
0 0.924824 0.567025 0.150353 0.168052 0.00162134
0 0.749525 0.930945 0.227117 0.138111 0.00161218
0 0.674916 0.930035 0.21481 0.139931 0.00161104
0 0.360689 0.370489 0.289694 0.191481 0.0016022
0 0.09006 0.917678 0.18012 0.164645 0.00160065
0 1 0.810053 0 0.17992 0.00159928
0 0.126341 0.0998984 0.252681 0.199797 0.00159545
0 1 0.758117 0 0.189506 0.00159096
0 1 0.708185 0 0.188355 0.00159088
0 0.962624 0.519067 0.0747528 0.185438 0.00158886
0 0.569173 0.286844 0.313667 0.248262 0.00158112
0 0.601148 0.280626 0.310568 0.312734 0.0015811
0 0.977563 0.714915 0.044874 0.181272 0.0015791
0 0.551472 0.928818 0.210875 0.142364 0.00157901
0 0.377605 0.119714 0.579715 0.20411 0.0015738
0 0.353265 0.304579 0.397109 0.303351 0.00157348
0 1 0.566479 0 0.176678 0.00156993
0 0.540571 0.964175 0.222847 0.0716497 0.00156823
0 1 0.658696 0 0.187891 0.00156661
0 0.30306 0.121876 0.55524 0.243752 0.00156559
0 0.131546 0.477375 0.263092 0.182918 0.00156404
0 0.766262 0.37244 0.255444 0.144624 0.00156261
0 1 0.615675 0 0.175275 0.00156199
0 0.933129 0.665701 0.133742 0.176201 0.00155754
0 0.269461 0.328888 0.318281 0.236229 0.00155341
0 1 0.665209 0 0.172701 0.00155135
0 0.869546 0.140077 0.260907 0.280154 0.00154139
0 0.598014 0.135371 0.74863 0.270742 0.00154045
0 1 0.609652 0 0.189068 0.00153982
0 0.737871 0.13316 0.524257 0.26632 0.00153926
0 1 0.715089 0 0.171747 0.00153843
0 0.534683 0.365202 0.363185 0.221639 0.00153351
0 0.434261 0.456133 0.114955 0.0685488 0.00153199
0 0 0.766262 0 0.182839 0.00152936
0 0.753624 0.171617 0.492752 0.343234 0.00152703
0 0.979519 0.764809 0.0409619 0.180342 0.00152606
0 0.856039 0.293127 0.287922 0.511619 0.00152558
0 1 0.518669 0 0.179323 0.00152416
0 0.230108 0.113865 0.460217 0.22773 0.00152089
0 0.949867 0.468823 0.100265 0.216171 0.00151856
0 0.481398 0.929612 0.206378 0.140777 0.00151573
0 0.198276 0.961872 0.22795 0.0762562 0.0015156
0 1 0.560686 0 0.190167 0.00150904
0 0.172117 0.108487 0.344234 0.216975 0.00150663
0 0.647357 0.208126 0.224336 0.174532 0.00150175
0 1 0.764993 0 0.172821 0.00149855
0 0 0.716839 0 0.18912 0.00149622
0 0.130824 0.525712 0.261647 0.177133 0.00149501
0 0.919692 0.520169 0.160616 0.166612 0.00149447
0 0.416629 0.932539 0.208621 0.134921 0.00149275
0 0 0.616959 0 0.193564 0.00148944
0 0 0.568344 0 0.200628 0.00148901
0 0 0.665536 0 0.189078 0.00148417
0 0.445693 0.244382 0.69545 0.488763 0.00147801
0 0 0.51983 0 0.210274 0.00147665
0 1 0.512274 0 0.192113 0.00147524
0 0.463674 0.128261 0.684068 0.256522 0.00147276
0 0.817967 0.931712 0.219891 0.136576 0.00146992
0 0.399106 0.429321 0.133987 0.108307 0.00146742
0 0.439011 0.36648 0.337483 0.215719 0.00146672
0 0.936068 0.716704 0.127864 0.175528 0.00146005
0 0.908369 0.470267 0.183262 0.205521 0.00145807
0 0.091355 0.0953532 0.18271 0.190706 0.00145401
0 0.130333 0.574076 0.260666 0.175822 0.00145381
0 0.138422 0.357649 0.276845 0.565975 0.00145284
0 0 0.470889 0 0.218571 0.00145163
0 0.896775 0.666145 0.206449 0.174786 0.00145006
0 0 0.81673 0 0.166163 0.00144951
0 1 0.464271 0 0.199484 0.00144701
0 1 0.885125 0 0.186399 0.00144144
0 0.988184 0.883333 0.0236312 0.181719 0.00143979
0 0.882042 0.336601 0.235915 0.434252 0.00143855
0 0.128415 0.622742 0.25683 0.171933 0.001434
0 0.602726 0.965073 0.224879 0.0698547 0.00143314
0 1 0.415797 0 0.217384 0.0014322
0 1 0.471137 0 0.196499 0.00143051
0 0.918502 0.398923 0.162997 0.317081 0.00143017
0 0 0.957789 0 0.0844219 0.00142896
0 0.901907 0.320151 0.168554 0.199729 0.00142871
0 0.89675 0.616889 0.206501 0.169408 0.00142814
0 0 0.0683258 0 0.136652 0.00142718
0 0.332541 0.243668 0.665082 0.484194 0.00142702
0 0.985997 0.816165 0.0280056 0.165719 0.00142241
0 0.684216 0.371704 0.268162 0.173458 0.00142062
0 0.040284 0.882706 0.0805679 0.234588 0.00141218
0 0.614242 0.365522 0.297921 0.201195 0.00141039
0 0 0.420545 0 0.217185 0.00140844
0 0.939959 0.767156 0.120081 0.170736 0.00140557
0 0.0496737 0.752249 0.0924087 0.198253 0.00140303
0 0.835195 0.109481 0.329611 0.218962 0.0014015
0 0.822397 0.247285 0.355206 0.488146 0.00139734
0 0.187249 0.372197 0.277926 0.217363 0.001395
0 0.87479 0.477467 0.250421 0.192826 0.00139419
0 0 0.971275 0 0.0574492 0.00138333
0 0.839112 0.360735 0.321776 0.283098 0.00138086
0 0.205278 0.326792 0.410556 0.310315 0.00137987
0 0.127289 0.673001 0.254578 0.170057 0.00137827
0 0.862174 0.663321 0.257048 0.174533 0.00137788
0 1 0.364669 0 0.248228 0.00137643
0 0.882253 0.403354 0.235494 0.306517 0.00137396
0 0.947959 0.81788 0.104083 0.161176 0.00136962
0 0.300544 0.374243 0.252147 0.181553 0.00136679
0 0.672586 0.966199 0.225147 0.067602 0.0013615
0 0.935454 0.168191 0.0563876 0.115122 0.00135781
0 0 0.369058 0 0.206363 0.00135022
0 1 0.925732 0 0.148536 0.00135018
0 1 0.0723249 0 0.14465 0.00134888
0 0.911817 0.0894001 0.176366 0.1788 0.00134618
0 0 0.972199 0 0.0556015 0.00134515
0 0.899843 0.71839 0.200315 0.177131 0.00134456
0 0.198753 0.156731 0.397506 0.313462 0.00134274
0 0.127613 0.723479 0.255226 0.17014 0.00133884
0 0.862436 0.237936 0.275129 0.475871 0.00133878
0 0.413312 0.425058 0.239538 0.158903 0.0013373
0 0.343793 0.938239 0.20876 0.123522 0.00133626
0 0.745077 0.966096 0.239611 0.0678074 0.00133386
0 0.845949 0.965048 0.19948 0.0699039 0.00133251
0 0.863903 0.717414 0.256008 0.179269 0.00132938
0 0.428643 0.124612 0.389999 0.204653 0.00132851
0 0.876004 0.932983 0.203949 0.134034 0.00132765
0 0.132928 0.963807 0.247115 0.072385 0.00132363
0 1 0.312674 0 0.2869 0.00132218
0 0.344406 0.424156 0.244869 0.160882 0.00131847
0 0.988473 0.0765153 0.0230534 0.153031 0.00131582
0 0.516515 0.272335 0.441128 0.291229 0.00131414
0 0.955548 0.876812 0.0889039 0.168697 0.00130618
0 0.802209 0.965681 0.227085 0.0686375 0.00129935
0 0.763314 0.431647 0.249084 0.162894 0.00129854
0 0.835878 0.186462 0.328244 0.372925 0.00129821
0 0.0566898 0.0922034 0.11338 0.184407 0.00129652
0 0.284282 0.473588 0.24239 0.168816 0.00129604
0 0.984894 0.417634 0.0302123 0.250418 0.00129029
0 0 0.161231 0 0.179241 0.00128892
0 0.13027 0.774249 0.258241 0.168547 0.00128721
0 0.393177 0.199005 0.786354 0.398011 0.00127626
0 0.821804 0.436858 0.263726 0.16551 0.00127591
0 0.894398 0.917925 0.211204 0.164151 0.00127156
0 0.272586 0.94064 0.203652 0.118719 0.0012669
0 0.998126 0.260466 0.00374743 0.332762 0.0012667
0 0.888914 0.165682 0.222172 0.331365 0.0012666
0 0.804765 0.661454 0.247011 0.172668 0.00126656
0 0 0.318449 0 0.194789 0.00126181
0 0.86064 0.345633 0.27872 0.392032 0.00125977
0 0.271788 0.422161 0.242051 0.164463 0.00125523
0 0.204112 0.472138 0.24398 0.167146 0.00125274
0 0.819004 0.477971 0.238233 0.182637 0.00124998
0 0.146817 0.937197 0.229108 0.125606 0.00124888
0 0.494887 0.910714 0.220567 0.178573 0.00124747
0 0 0.217866 0 0.197534 0.00124674
0 0.831303 0.918139 0.216504 0.163723 0.00124031
0 0 0.104615 0 0.152561 0.00123753
0 0.776468 0.247422 0.447063 0.494845 0.00123665
0 0.200846 0.426056 0.253353 0.167518 0.00123388
0 0.488165 0.171332 0.852401 0.342665 0.00123384
0 0.562663 0.911232 0.218604 0.177535 0.00122896
0 0.214327 0.938573 0.216849 0.122855 0.00122891
0 0.891385 0.567369 0.217229 0.161466 0.00122879
0 0.290696 0.518174 0.235399 0.166583 0.00122505
0 0.800416 0.717738 0.248491 0.17534 0.00122466
0 0.608133 0.718641 0.249369 0.175716 0.00122394
0 0.908194 0.768593 0.183612 0.168162 0.00122209
0 0.617959 0.66241 0.238704 0.169065 0.00122051
0 0.617692 0.429368 0.257987 0.168492 0.0012198
0 0.0158844 0.918951 0.0317688 0.162098 0.00121961
0 0.140222 0.825588 0.257199 0.166517 0.00121523
0 0.853696 0.613725 0.231041 0.170169 0.00121415
0 0.291459 0.567922 0.236381 0.170656 0.00121304
0 0.543702 0.428638 0.260695 0.167586 0.00121293
0 0 0.269723 0 0.191978 0.00121112
0 0.474058 0.426436 0.248113 0.162942 0.00120924
0 0.973185 0.206713 0.0536303 0.374938 0.0012081
0 0.427335 0.911541 0.221711 0.176917 0.00120736
0 0.94492 0.356407 0.110161 0.348698 0.00120617
0 0.996836 0.901544 0.00632797 0.196911 0.0012059
0 0 0.0803924 0 0.160785 0.00120371
0 0.360968 0.487123 0.239669 0.170146 0.00120044
0 0.687198 0.43024 0.255116 0.166561 0.00119782
0 0.207593 0.520021 0.24198 0.165571 0.00119628
0 0.919151 0.874858 0.161698 0.168427 0.00119564
0 0.207147 0.568207 0.245125 0.168691 0.00119517
0 0.0691345 0.971821 0.138269 0.0563583 0.00119175
0 0.913169 0.819447 0.173663 0.164594 0.00118879
0 0.148494 0.882526 0.250748 0.176436 0.00118666
0 0.156862 0.276207 0.313724 0.552414 0.00118541
0 0 0.885762 0 0.186756 0.00118486
0 0.625734 0.913947 0.211008 0.172105 0.00118038
0 0.899195 0.965809 0.179262 0.0683829 0.00117934
0 1 0.952575 0 0.0948509 0.00117837
0 0.200252 0.616387 0.246734 0.166435 0.00117474
0 0.878356 0.768299 0.237607 0.166135 0.00116808
0 0.888359 0.519205 0.223282 0.160248 0.00116585
0 0.972413 0.108761 0.0551747 0.217522 0.0011658
0 0.740876 0.717437 0.240832 0.173385 0.00116269
0 0.942394 0.286183 0.0661605 0.125811 0.00116254
0 0.282176 0.612642 0.239699 0.170286 0.00116161
0 0.758741 0.480105 0.235945 0.180626 0.00116117
0 0.899383 0.271004 0.12488 0.125184 0.00115665
0 0.229114 0.220499 0.458228 0.440998 0.00115617
0 0.358069 0.911774 0.223997 0.176452 0.00115437
0 0.548128 0.661814 0.240098 0.170341 0.0011509
0 0.287272 0.912268 0.219787 0.175463 0.00114999
0 0.345574 0.661641 0.24268 0.169611 0.00114514
0 0.74738 0.224452 0.129579 0.104998 0.00114473
0 0.923327 0.917056 0.153346 0.165888 0.00114337
0 0.479904 0.66016 0.235761 0.171912 0.00114069
0 0.271939 0.664837 0.248681 0.16536 0.00113972
0 0.197066 0.667263 0.250649 0.165108 0.00113848
0 0.763333 0.918821 0.214881 0.162358 0.00113632
0 0.0926689 0.149889 0.185338 0.299779 0.00113594
0 0 0.927461 0 0.145078 0.00113418
0 0.36272 0.569791 0.224802 0.168278 0.00113076
0 0.266578 0.717893 0.251206 0.167454 0.0011295
0 0.250552 0.374361 0.244243 0.191738 0.00112941
0 0.68055 0.717192 0.243943 0.174035 0.00112924
0 1 0.977225 0 0.0455503 0.00112817
0 0.92063 0.935517 0.158741 0.128966 0.00112747
0 0.334104 0.718909 0.251372 0.172351 0.00112601
0 0.862503 0.108331 0.204617 0.171807 0.00112551
0 0.220712 0.91606 0.224105 0.167881 0.00112479
0 0.99535 0.973352 0.00930018 0.0532955 0.00112458
0 0.751188 0.307165 0.410606 0.198026 0.00112385
0 0.402574 0.721499 0.249166 0.174361 0.00112365
0 0.748566 0.661303 0.237952 0.169387 0.00112329
0 0.694126 0.916133 0.211006 0.167734 0.00112311
0 0.467713 0.722736 0.251705 0.174759 0.00112116
0 0.412862 0.660364 0.238495 0.170994 0.00111788
0 0.691061 0.76877 0.232844 0.160892 0.00111786
0 0.15121 0.919995 0.232818 0.160011 0.00111722
0 0.616351 0.484602 0.23494 0.177933 0.00111711
0 0.753712 0.768147 0.230473 0.162203 0.00111455
0 0.692268 0.199343 0.615465 0.398686 0.00111255
0 0.198821 0.718162 0.248903 0.167444 0.00111253
0 0.536839 0.720845 0.254374 0.176984 0.00111156
0 0.439031 0.395758 0.301661 0.197046 0.00111009
0 0.688294 0.662151 0.237211 0.168125 0.00110679
0 0.880349 0.515279 0.217892 0.231516 0.00110389
0 0.976437 0.9719 0.0471269 0.0562006 0.0011019
0 0.817257 0.76823 0.232009 0.16311 0.00110161
0 0.964658 0.934999 0.070683 0.130003 0.00109972
0 0.219718 0.877732 0.233867 0.175872 0.00109805
0 0.621741 0.768758 0.230311 0.160923 0.00109794
0 0.954888 0.998371 0.0902239 0.0032588 0.00109565
0 0.689948 0.480599 0.238706 0.17895 0.00109545
0 0.356391 0.60935 0.231471 0.1745 0.00109506
0 0.807527 0.611061 0.222548 0.171482 0.0010894
0 0.288558 0.876068 0.229985 0.180268 0.0010824
0 0.359151 0.875605 0.232719 0.181616 0.00108148
0 0.961332 0.915006 0.0773361 0.169988 0.00108055
0 0.618658 0.613115 0.222438 0.169319 0.00107706
0 0.877497 0.0612294 0.245007 0.122459 0.00107242
0 0.896623 0.544649 0.17885 0.213459 0.00106613
0 0.931566 0.932996 0.115461 0.134008 0.00106443
0 0.627684 0.21187 0.175281 0.137409 0.96866
0 0.891866 0.27303 0.139083 0.109239 0.0261726
0 0.702129 0.210196 0.0282958 0.137865 0.00264034
0 0.563717 0.905128 0.230917 0.117156 0.00263348
0 0.731312 0.215289 0.402803 0.309974 0.00250989
0 0.0751464 0.224678 0.129444 0.0990172 0.00248169
0 0.027302 0.967901 0.054604 0.0641986 0.00227408
0 0.200321 0.393529 0.305553 0.263633 0.00213774
0 0.2108 0.445196 0.300939 0.24669 0.00203885
0 0.237138 0.159975 0.233581 0.187753 0.00203276
0 0.229781 0.253252 0.24506 0.219316 0.00188658
0 0.244331 0.115874 0.25618 0.231748 0.00187874
0 0.516041 0.282747 0.419953 0.324347 0.00186191
0 0.22808 0.206879 0.247385 0.198774 0.0018268
0 0.53409 0.461318 0.918591 0.593594 0.0018055
0 0.602871 0.171498 0.544436 0.342996 0.00180347
0 0.686326 0.270469 0.311559 0.343853 0.00180299
0 0.487222 0.928116 0.214478 0.143767 0.00180289
0 0.978259 0.081267 0.0434828 0.162534 0.00180003
0 0.483771 0.479441 0.612022 0.425482 0.00179508
0 0.285563 0.0910938 0.298647 0.182188 0.00176908
0 0.411241 0.485554 0.520631 0.363932 0.00175056
0 0.388753 0.113968 0.512709 0.227936 0.0017002
0 0.0592685 0.26818 0.118537 0.279937 0.00169709
0 0.613655 0.274938 0.289732 0.309742 0.00165895
0 0.775775 0.216753 0.448449 0.433505 0.001657
0 0.0219546 0.417861 0.0439093 0.277235 0.00163467
0 0.422987 0.159023 0.680859 0.318046 0.0016268
0 0.0215145 0.620396 0.0430289 0.263753 0.00162184
0 0.682851 0.493598 0.130527 0.0808479 0.00161932
0 0.021524 0.670586 0.043048 0.264283 0.00161234
0 0.0395601 0.316943 0.0791203 0.280754 0.00161017
0 0.275835 0.367503 0.444305 0.441959 0.00160717
0 0.0214874 0.519432 0.0429749 0.269445 0.00160545
0 0.0212467 0.468851 0.0424934 0.271201 0.00160197
0 0.021432 0.569188 0.0428641 0.265639 0.00159783
0 0.0214168 0.720181 0.0428336 0.26386 0.00159689
0 0.609968 0.194583 0.780064 0.389165 0.00159237
0 0.024889 0.367355 0.0497779 0.280343 0.00159207
0 0.222924 0.310367 0.298291 0.30871 0.00159126
0 0.180588 0.352398 0.25941 0.247049 0.00159106
0 0.0623358 0.221814 0.124672 0.279271 0.00158484
0 0.0214656 0.770357 0.0429313 0.265265 0.00157944
0 0.0241546 0.920574 0.0483092 0.158852 0.00157627
0 0.746657 0.219099 0.506686 0.438198 0.00157344
0 0.990435 0.955885 0.0191306 0.0882294 0.00157192
0 0.0649326 0.123235 0.129865 0.233914 0.00156646
0 0.849344 0.0921077 0.301313 0.184215 0.00156041
0 0.0545244 0.172319 0.109049 0.273063 0.00154698
0 0.0220545 0.819653 0.044109 0.265462 0.00154624
0 0.690844 0.166752 0.394168 0.333505 0.00154556
0 0.41516 0.932994 0.219541 0.134012 0.00154133
0 0.302585 0.500264 0.361716 0.262639 0.00153834
0 0.2311 0.513599 0.275732 0.182294 0.00153596
0 0.606442 0.211691 0.267506 0.180616 0.001523
0 0.590723 0.930325 0.182279 0.13935 0.00151749
0 0.550565 0.92799 0.214499 0.14402 0.0015073
0 0.169604 0.46367 0.252677 0.169617 0.00149881
0 0.0229906 0.869895 0.0459811 0.260209 0.00149739
0 0.75992 0.388013 0.480161 0.410089 0.0014863
0 0.595042 0.324346 0.632948 0.466646 0.00147269
0 0 0.468926 0 0.339293 0.0014641
0 0.0920533 0.0773334 0.184107 0.154667 0.00146074
0 0.657033 0.414081 0.685933 0.5989 0.00145992
0 0.369761 0.189998 0.55718 0.379997 0.00144253
0 0.167235 0.411242 0.271532 0.169529 0.00144007
0 0.004653 0.9535 0.00930599 0.0929996 0.00143591
0 0.760258 0.941012 0.219089 0.117975 0.00143497
0 0.977276 0.891212 0.045448 0.217575 0.00143149
0 0.00124503 0.852021 0.00249005 0.295958 0.00142037
0 0.350862 0.444024 0.586445 0.424427 0.00141906
0 0 0.367588 0 0.342797 0.00141853
0 0.33041 0.218403 0.501583 0.422719 0.00141835
0 0 0.569661 0 0.335512 0.00141681
0 0.253802 0.0747391 0.239784 0.149478 0.00141577
0 0.716975 0.915966 0.190885 0.0866125 0.00141506
0 0.895284 0.197835 0.209432 0.371142 0.00141115
0 0.121661 0.965975 0.216698 0.0680492 0.00140862
0 0.312275 0.965372 0.212707 0.0692553 0.00140447
0 0.47211 0.967805 0.241231 0.0643904 0.00139563
0 0.403835 0.967607 0.24156 0.064786 0.00139356
0 0.140996 0.939245 0.225586 0.121511 0.00139073
0 0.368874 0.271353 0.610743 0.485854 0.00139031
0 0.663484 0.765482 0.26243 0.168417 0.00138952
0 0.427701 0.316646 0.763198 0.533814 0.00138889
0 0.943646 0.969375 0.112708 0.061249 0.00138797
0 0.529895 0.134891 0.746779 0.269782 0.00138172
0 0.772915 0.121608 0.45417 0.243216 0.00137733
0 0.790108 0.251705 0.419784 0.39974 0.00137549
0 0.00105081 0.266855 0.00210161 0.345812 0.00137315
0 0.650961 0.937069 0.171824 0.125861 0.00137299
0 0.000149471 0.671253 0.000298941 0.332272 0.00137133
0 0.00610297 0.980742 0.0122059 0.0385166 0.00136775
0 0.20988 0.792668 0.226938 0.128255 0.00136482
0 0.43962 0.272122 0.639393 0.41917 0.00136345
0 0.00107488 0.77068 0.00214977 0.332936 0.00136118
0 0.637083 0.136695 0.725834 0.273391 0.00135919
0 0.0234902 0.895893 0.0469805 0.208214 0.00135554
0 0.916203 0.96573 0.167595 0.0685392 0.00135489
0 0.542289 0.212308 0.797951 0.424616 0.00134905
0 0.24627 0.96342 0.198953 0.07316 0.00133902
0 0.801348 0.152331 0.397304 0.304662 0.00132438
0 0.746776 0.767073 0.267747 0.170488 0.00132044
0 0.970447 0.813258 0.0591062 0.336321 0.00131984
0 0.70752 0.528195 0.143 0.090581 0.00131828
0 0.237073 0.12714 0.233919 0.174758 0.00131627
0 0.943805 0.362789 0.11239 0.344669 0.00131281
0 0.886122 0.96487 0.215713 0.0702598 0.00131194
0 0.324981 0.941061 0.213309 0.117878 0.00131031
0 0.873181 0.448511 0.253638 0.300936 0.00131019
0 0.527493 0.904632 0.163917 0.114812 0.00130825
0 0.775324 0.304593 0.449351 0.436674 0.0013082
0 0.597704 0.765671 0.246835 0.161267 0.0013082
0 0 0.0664278 0 0.132856 0.0012938
0 0.941198 0.412096 0.117604 0.358223 0.00129208
0 0.968268 0.714044 0.063464 0.330686 0.00127866
0 0 0.142568 0 0.285135 0.00127712
0 0.835143 0.923773 0.2296 0.152454 0.00127613
0 0.818161 0.716175 0.255251 0.165718 0.00127426
0 0.612072 0.477533 0.688744 0.474459 0.00127207
0 0.749387 0.165652 0.501225 0.331305 0.00127122
0 0.938198 0.266632 0.123605 0.308821 0.00127115
0 0.729782 0.352691 0.540436 0.528558 0.00127033
0 0.735389 0.713576 0.260848 0.171119 0.00126908
0 0.657474 0.835235 0.251857 0.18133 0.00126735
0 0.976306 0.605771 0.0473887 0.272964 0.00126021
0 0.193442 0.962449 0.218346 0.0751022 0.0012598
0 0.950736 0.509528 0.098527 0.350859 0.0012549
0 0.735908 0.0904663 0.528185 0.180933 0.00124675
0 0.828451 0.260674 0.343098 0.345634 0.00124396
0 0.183997 0.51686 0.256326 0.165046 0.00124361
0 0.0127126 0.166887 0.0254253 0.280611 0.00124071
0 0.979225 0.864851 0.041551 0.24987 0.00124034
0 0.894443 0.920765 0.211115 0.15847 0.00123732
0 0.978347 0.657593 0.0433061 0.24539 0.0012344
0 0.886225 0.716725 0.227549 0.163143 0.00123027
0 0.599043 0.967504 0.22841 0.0649925 0.00122655
0 0.540205 0.967215 0.235135 0.0655691 0.00122564
0 0.955314 0.559332 0.0893712 0.349259 0.00121985
0 0.0117413 0.212507 0.0234826 0.306204 0.00121928
0 0.963508 0.930812 0.0729844 0.138375 0.00121823
0 0.940924 0.317545 0.118153 0.294659 0.0012169
0 0.997466 0.077609 0.0050671 0.155218 0.00121603
0 0.978845 0.707027 0.0423109 0.241215 0.00121519
0 0.609401 0.576478 0.304971 0.171697 0.00121445
0 0.6589 0.712091 0.257692 0.170664 0.00121292
0 0.446712 0.239145 0.744015 0.478291 0.0012128
0 0.925431 0.617217 0.149139 0.15898 0.00121136
0 0.145773 0.267395 0.254874 0.20485 0.00120636
0 0.0189473 0.0770905 0.0378946 0.154181 0.00120612
0 0.0120808 0.109686 0.0241616 0.195092 0.00120488
0 0.601267 0.834927 0.240493 0.183614 0.00120233
0 0.833746 0.939214 0.221629 0.121572 0.00119422
0 0.825915 0.768959 0.257253 0.16494 0.00119414
0 0.428232 0.923426 0.226438 0.153148 0.00119311
0 0.962348 0.610585 0.0753045 0.34194 0.00119304
0 0.885899 0.665856 0.228202 0.160475 0.00119259
0 0.958436 0.171744 0.083128 0.343489 0.00118729
0 0.689586 0.580122 0.290005 0.168416 0.00118725
0 0.595442 0.712629 0.250929 0.167346 0.00118694
0 0.152114 0.223984 0.248568 0.186795 0.00118671
0 0.978905 0.755955 0.0421892 0.243668 0.00118586
0 0.259816 0.569897 0.256834 0.163933 0.00118491
0 0.764624 0.926984 0.224153 0.146033 0.00118402
0 0.0114669 0.311397 0.0229338 0.308835 0.00117975
0 0.00351151 0.898653 0.00702303 0.202694 0.00117866
0 0.818995 0.30992 0.36201 0.345229 0.00117824
0 0.944259 0.312797 0.111483 0.360307 0.00117611
0 0.885991 0.299716 0.150726 0.162549 0.00117419
0 0.826471 0.965855 0.228358 0.0682892 0.00116997
0 0.26192 0.944174 0.199148 0.111652 0.00116567
0 0.978904 0.8036 0.0421929 0.236329 0.00116377
0 0.895844 0.936982 0.208311 0.126035 0.00116284
0 0.538928 0.57651 0.294177 0.169763 0.00115793
0 0.75536 0.968251 0.23831 0.063498 0.00115261
0 0.92512 0.667686 0.14976 0.159259 0.00115259
0 0.348616 0.91921 0.225727 0.161072 0.00115042
0 0.888351 0.768252 0.223298 0.160989 0.00115028
0 0.823589 0.664337 0.243046 0.159739 0.00114988
0 0.185578 0.305492 0.266462 0.191068 0.00114952
0 0.32369 0.575183 0.268425 0.166136 0.00114831
0 0.92806 0.918358 0.143879 0.163284 0.00114428
0 0.401897 0.579086 0.272358 0.163723 0.00114177
0 0.605081 0.363384 0.789838 0.587772 0.00114146
0 0.675164 0.926239 0.206261 0.143781 0.00113124
0 0.132789 0.318449 0.265578 0.185633 0.00112994
0 0.953115 0.261271 0.0937694 0.347584 0.00112222
0 0.923484 0.570823 0.153032 0.161916 0.0011138
0 0.467987 0.578554 0.285744 0.169033 0.0011136
0 0.926153 0.717025 0.147694 0.161295 0.00111257
0 0.748217 0.832952 0.256664 0.169965 0.0011103
0 0.214156 0.914845 0.226702 0.163186 0.00110915
0 0.281178 0.915625 0.217993 0.159002 0.00110584
0 0.105059 0.471109 0.210118 0.158825 0.00110269
0 0.207993 0.938841 0.216286 0.122318 0.00110018
0 0.926434 0.767703 0.147132 0.159455 0.00109929
0 0.455011 0.149003 0.251781 0.196341 0.00108541
0 0.968094 0.973788 0.0638118 0.0524239 0.0010831
0 0.110082 0.523234 0.220165 0.15954 0.00108159
0 0.54483 0.766606 0.242247 0.157525 0.00107783
0 0.131747 0.0698686 0.238974 0.139737 0.00107779
0 0.752067 0.662624 0.248029 0.162856 0.00107398
0 0.488108 0.248248 0.534722 0.320905 0.00107306
0 0.927748 0.870645 0.144504 0.162941 0.00107288
0 0.539982 0.714321 0.248204 0.163911 0.0010701
0 0.60981 0.664764 0.245546 0.161845 0.00106841
0 0.618181 0.927699 0.206835 0.13357 0.00106562
0 0.926903 0.819006 0.146194 0.161443 0.00106303
0 0.225293 0.194175 0.2057 0.124778 0.00106211
0 0.683101 0.663048 0.250364 0.163245 0.00106093
0 0.88885 0.822079 0.2223 0.163328 0.00105827
0 0.553705 0.829084 0.237606 0.173639 0.00105644
0 0.196942 0.567348 0.253369 0.164333 0.00105633
0 0.137589 0.923133 0.247118 0.153733 0.00105438
0 0.201391 0.0677148 0.243104 0.13543 0.00105174
0 0.887658 0.615284 0.224684 0.163783 0.00104911
0 0.753196 0.581742 0.266567 0.164767 0.00104682
0 0.275437 0.616706 0.241233 0.161035 0.00104553
0 0.440582 0.973578 0.232353 0.052844 0.00104177
0 0.112851 0.420926 0.225702 0.160188 0.00103663
0 0.545801 0.665161 0.239253 0.162098 0.00103428
0 0.492956 0.822914 0.241864 0.163935 0.00103402
0 0.439619 0.190027 0.244359 0.166781 0.00103295
0 0.916364 0.532623 0.167271 0.166338 0.00103115
0 0.286157 0.293285 0.158961 0.0683449 0.00103042
0 0.562149 0.87105 0.230294 0.16899 0.00103025
0 0.111046 0.572415 0.222092 0.159757 0.00102961
0 0.13106 0.875271 0.26212 0.163159 0.00102938
0 0.482909 0.76709 0.242954 0.158048 0.00102679
0 0.42843 0.872634 0.236224 0.161809 0.00102619
0 0.414337 0.766865 0.242824 0.158651 0.00102569
0 0.678719 0.875957 0.229308 0.161199 0.00102376
0 0.421668 0.818504 0.242381 0.160631 0.0010225
0 0.928257 0.935404 0.143485 0.129192 0.00102092
0 0.963997 0.910429 0.0720055 0.179142 0.00102047
0 0.968544 0.313164 0.0629124 0.343333 0.00101873
0 0.669685 0.9691 0.226172 0.0618008 0.00101789
0 0.347478 0.871451 0.23835 0.166542 0.00101707
0 0.113265 0.622133 0.22653 0.157364 0.00101672
0 0.272815 0.716494 0.245395 0.162199 0.00101581
0 0.244132 0.290275 0.227309 0.0758375 0.00101577
0 0.826832 0.827901 0.251479 0.166656 0.00101401
0 0.115153 0.672771 0.230307 0.158969 0.00101095
0 0.965291 0.411853 0.0694181 0.340205 0.00101027
0 0.00810331 0.946407 0.0162066 0.107186 0.00101016
0 0.0929823 0.762493 0.185965 0.238298 0.00100906
0 0.117546 0.722117 0.235092 0.158643 0.00100853
0 0.719267 0.472612 0.561466 0.439976 0.00100845
0 0.410962 0.715974 0.247817 0.163312 0.0010076
0 0.338306 0.716391 0.249028 0.163835 0.00100755
0 0.198018 0.913531 0.202045 0.131859 0.00100727
0 0.346525 0.665186 0.241584 0.162934 0.00100634
0 0.620414 0.873693 0.229817 0.165141 0.00100437
0 0.276833 0.665493 0.243525 0.161716 0.00100333
0 0.204663 0.615895 0.246358 0.16134 0.00100305
0 0.120902 0.771891 0.241804 0.157095 0.00100095
0 0.629258 0.213316 0.181128 0.132375 0.970026
0 0.996768 0.115956 0.00646461 0.231911 0.463974
0 0.850281 0.320034 0.299438 0.259167 0.239791
0 0.996328 0.887013 0.00734325 0.225974 0.206653
0 0.0145289 0.112512 0.0290578 0.225025 0.152025
0 0.148983 0.110139 0.276821 0.213649 0.0783298
0 0.996241 0.165763 0.00751769 0.282121 0.0482935
0 0.0450285 0.887232 0.0900569 0.225535 0.0359663
0 0.996249 0.315903 0.00750247 0.281638 0.0302143
0 0.996131 0.216097 0.00773821 0.282008 0.0295343
0 0.99615 0.266098 0.00770014 0.28176 0.0294208
0 0.996249 0.365873 0.00750116 0.281727 0.0292025
0 0.996158 0.415748 0.00768413 0.281906 0.0269477
0 0.875663 0.126403 0.248674 0.252806 0.0254193
0 0.0346132 0.141281 0.0692263 0.270443 0.0243017
0 0.995962 0.566146 0.00807528 0.281923 0.0237739
0 0.0430942 0.464582 0.0861884 0.275796 0.023771
0 0.996042 0.465959 0.00791593 0.282017 0.0236369
0 0.995944 0.516119 0.00811229 0.282076 0.0220193
0 0.995953 0.61619 0.00809352 0.282251 0.0215967
0 0.995958 0.79114 0.00808368 0.282082 0.0208399
0 0.996011 0.690993 0.00797736 0.282373 0.0202619
0 0.995828 0.842285 0.0083441 0.283873 0.0198812
0 0.680292 0.0821529 0.265627 0.151106 0.0196449
0 0.995952 0.74121 0.00809602 0.282037 0.0195288
0 0.0405442 0.41528 0.0810884 0.277058 0.0160137
0 0.0459825 0.51477 0.091965 0.277408 0.0138445
0 0.0391979 0.365082 0.0783958 0.276034 0.0123215
0 0.0391295 0.314536 0.078259 0.274067 0.00664596
0 0.0485442 0.564396 0.0970884 0.276972 0.00621921
0 0.399352 0.986204 0.210189 0.0275927 0.00525361
0 0.0367889 0.189265 0.0735779 0.274193 0.00465251
0 0.0482016 0.840039 0.0964033 0.277037 0.00384913
0 0.998316 0.0724716 0.00336757 0.144943 0.00371837
0 0.0494795 0.764389 0.098959 0.275988 0.0034191
0 0.99155 0.869614 0.0169003 0.260771 0.00306892
0 0.0511441 0.714429 0.102288 0.275406 0.00271314
0 0.417588 0.960265 0.226113 0.0786003 0.00254036
0 0.983053 0.307341 0.0338938 0.354802 0.0025282
0 0.991138 0.811535 0.0177238 0.364505 0.00248502
0 0.988981 0.704459 0.0220383 0.351917 0.00247043
0 0.94875 0.926017 0.102499 0.145079 0.0023811
0 0.981537 0.609067 0.0369267 0.359502 0.0023512
0 0.97767 0.408057 0.0446596 0.356311 0.00232477
0 0.975158 0.510732 0.0496831 0.362767 0.00228505
0 1 0.953108 0 0.0937831 0.00227912
0 0.755833 0.972949 0.278688 0.0522614 0.00224562
0 0.981916 0.209041 0.0361688 0.372654 0.00224494
0 0.052437 0.61399 0.104874 0.276354 0.00217806
0 0.405185 0.98194 0.234702 0.0346031 0.00217219
0 0.0553131 0.758354 0.0881701 0.25565 0.00209845
0 0.684016 0.973674 0.11482 0.0509754 0.00208228
0 0.864698 0.177926 0.270604 0.355853 0.00206426
0 0.956074 0.140283 0.087852 0.280566 0.00204699
0 1 0.903008 0 0.193985 0.00203461
0 0.856271 0.945043 0.287459 0.108947 0.00194663
0 0.89667 0.139489 0.206661 0.278979 0.00191311
0 0.84284 0.254556 0.31432 0.405128 0.00188311
0 0.833725 0.551364 0.33255 0.448701 0.00187392
0 0.992969 0.451724 0.0140625 0.344377 0.00184906
0 1 0.9763 0 0.0473995 0.00183016
0 0.992778 0.552068 0.0144447 0.345102 0.00182114
0 0.993641 0.255065 0.0127189 0.340995 0.0017969
0 0.0508288 0.40749 0.101658 0.380354 0.00178593
0 0.773789 0.599365 0.452422 0.555484 0.00178083
0 0.985132 0.137823 0.0297358 0.275646 0.00177839
0 0.0266185 0.911665 0.053237 0.176671 0.00174506
0 0.0630768 0.159168 0.126154 0.318336 0.00172105
0 0.0375704 0.239198 0.0751408 0.273843 0.00171332
0 0.0524871 0.664111 0.104974 0.275541 0.00169531
0 0.740247 0.589872 0.425705 0.341943 0.00167728
0 0.950662 0.898189 0.0986764 0.203622 0.00166598
0 0.0498922 0.954545 0.0997843 0.0909092 0.00166274
0 0.856915 0.460054 0.286171 0.399611 0.00165775
0 0.865696 0.18345 0.268609 0.269655 0.00163484
0 0.471404 0.533411 0.482906 0.366047 0.00162606
0 0.870953 0.253034 0.258094 0.338734 0.00161511
0 0.0526132 0.0743773 0.105226 0.148755 0.00161481
0 0.561498 0.537908 0.66983 0.471006 0.00160908
0 0.765593 0.589533 0.468814 0.486596 0.00159869
0 0.825548 0.628785 0.348904 0.388125 0.00159576
0 0.877459 0.295744 0.245083 0.270309 0.00158629
0 0.924294 0.19906 0.151412 0.364075 0.00158428
0 0.788796 0.657964 0.349327 0.228722 0.00157535
0 0.0687722 0.835569 0.137544 0.328862 0.00155589
0 0.888296 0.0827748 0.223408 0.16136 0.00155316
0 0.0727097 0.317114 0.145419 0.388206 0.00154732
0 0.296815 0.507756 0.307334 0.208413 0.00154029
0 0.867249 0.402649 0.265501 0.357082 0.00153448
0 0.641065 0.548285 0.717871 0.533702 0.0015338
0 0.0557101 0.537447 0.11142 0.347718 0.00152156
0 0.822921 0.433104 0.354158 0.444782 0.0015204
0 0.900525 0.511143 0.198951 0.360984 0.00151801
0 0.832408 0.310946 0.335185 0.322732 0.00151177
0 0.851158 0.485601 0.297683 0.26606 0.00150461
0 0.305308 0.445733 0.391851 0.308921 0.00149763
0 0.759428 0.967577 0.240068 0.0648458 0.00148533
0 0.0787951 0.221625 0.15759 0.406361 0.00148475
0 0.690392 0.967638 0.234298 0.0647249 0.00148182
0 0.949839 0.106202 0.100322 0.212404 0.0014745
0 0.369701 0.558653 0.325223 0.217406 0.00146875
0 0.404844 0.493117 0.496305 0.377106 0.00144963
0 0.959303 0.629452 0.0803462 0.210362 0.00144035
0 0.623082 0.967099 0.233515 0.0658014 0.00144016
0 0.483087 0.965569 0.231517 0.0688614 0.00142282
0 0 0.0676415 0 0.135283 0.00141869
0 0.0407818 0.0975063 0.0815636 0.195013 0.00141818
0 0.675665 0.600964 0.374008 0.279652 0.00141743
0 0.555365 0.966555 0.231306 0.0668898 0.00141452
0 0.935377 0.0822583 0.129247 0.164517 0.00139596
0 0.247649 0.466506 0.304555 0.195747 0.00138901
0 0.83149 0.967141 0.244015 0.0657187 0.00138506
0 0.904782 0.399356 0.190435 0.321237 0.00138197
0 0.8501 0.709958 0.2998 0.212087 0.0013794
0 0.0641783 0.816183 0.128357 0.367633 0.00137613
0 0.558934 0.514963 0.83745 0.584337 0.00137374
0 0.0167267 0.0730844 0.0334534 0.146169 0.00137076
0 0.801804 0.715942 0.27914 0.167177 0.00136897
0 0.915483 0.337596 0.169033 0.28584 0.00136884
0 0.607552 0.609029 0.355647 0.244733 0.00136677
0 0.828885 0.630064 0.34223 0.449132 0.00135437
0 0.166813 0.161255 0.312756 0.258598 0.00135075
0 0.997229 0.0927277 0.00554173 0.185455 0.00134045
0 0.254361 0.400621 0.458229 0.324847 0.00133803
0 0.934301 0.611861 0.131398 0.349795 0.00132178
0 0.53447 0.613956 0.333089 0.214327 0.00131988
0 0.44165 0.467594 0.691693 0.503603 0.0013182
0 0.0726685 0.716092 0.145337 0.369135 0.00131487
0 0.629885 0.199041 0.685665 0.398083 0.00131376
0 0.0967911 0.76511 0.193582 0.280598 0.00130769
0 0.431325 0.369868 0.830073 0.584438 0.00130649
0 0.736041 0.669434 0.292866 0.166133 0.00130568
0 0.0565622 0.716289 0.0900067 0.240578 0.00130549
0 0.384587 0.320449 0.769174 0.58014 0.00130183
0 0.361443 0.406671 0.598598 0.442708 0.00129713
0 0.0958733 0.715981 0.191747 0.26946 0.00129285
0 0.828961 0.10295 0.342078 0.2059 0.0012858
0 0.0753362 0.77063 0.150672 0.402935 0.00128466
0 0.0886782 0.6673 0.177356 0.253213 0.0012839
0 0.415007 0.964016 0.235361 0.0719677 0.0012808
0 0.5529 0.972965 0.191495 0.0525303 0.00128003
0 0.885234 0.965615 0.229531 0.0687696 0.00127852
0 0.0699324 0.598947 0.139865 0.364151 0.00127213
0 0.0961873 0.819194 0.192375 0.280086 0.00126583
0 0.323422 0.567166 0.27947 0.168479 0.00126125
0 0.786285 0.479473 0.42743 0.506654 0.00126031
0 0.912579 0.965076 0.174842 0.0698475 0.00125754
0 0.0394176 0.97874 0.0788351 0.0425192 0.00125569
0 0.0460282 0.970755 0.0920563 0.0584893 0.00125162
0 0.990931 0.961496 0.0181373 0.0770087 0.00124993
0 0.870926 0.767226 0.258149 0.167605 0.00124837
0 0.72143 0.206614 0.557139 0.413228 0.00124259
0 0 0.892342 0 0.215316 0.0012394
0 0.814583 0.969734 0.312866 0.0590351 0.00123202
0 0.853477 0.281458 0.292891 0.19321 0.00123174
0 0.290693 0.315685 0.581387 0.576373 0.00123164
0 0.397921 0.946046 0.245146 0.106939 0.0012251
0 0.897295 0.642386 0.205411 0.362474 0.00121413
0 0.078814 0.613225 0.157628 0.235016 0.00120728
0 0.560758 0.90334 0.213983 0.111075 0.00120727
0 0.264176 0.518992 0.269824 0.16701 0.00120669
0 0.121468 0.349422 0.242935 0.402018 0.00120645
0 0.0689251 0.560184 0.13785 0.233026 0.00120526
0 0.740248 0.236469 0.519505 0.472939 0.00120503
0 0.723781 0.356091 0.494383 0.211423 0.00120446
0 0.463527 0.616724 0.299883 0.183963 0.00120385
0 0.109773 0.0888832 0.219546 0.177766 0.00119502
0 0.764005 0.94048 0.235971 0.11904 0.00118851
0 0.380206 0.987381 0.1808 0.0228327 0.00118745
0 0.0782957 0.663313 0.156591 0.388526 0.00118476
0 0.852338 0.222068 0.295323 0.262036 0.00118292
0 0.961096 0.768502 0.0725121 0.257209 0.00118216
0 0 0.211338 0 0.172448 0.00118201
0 0.586684 0.205976 0.376517 0.257267 0.00117981
0 0.981037 0.976168 0.037925 0.0476646 0.00117391
0 0.759227 0.217768 0.168233 0.118648 0.00117145
0 0.348866 0.963395 0.228935 0.0732109 0.00117123
0 0.413604 0.173953 0.310887 0.226312 0.00117104
0 0.641508 0.909806 0.173357 0.0977745 0.00115769
0 0.959149 0.719941 0.0729786 0.255667 0.00115464
0 0.496365 0.219709 0.606558 0.392336 0.00115423
0 0.0887777 0.871469 0.177555 0.257063 0.00115224
0 0.96443 0.663316 0.0711405 0.315002 0.00114715
0 0.807828 0.148371 0.384345 0.296742 0.00114078
0 0.881062 0.818033 0.237875 0.163872 0.00113499
0 0.626913 0.937298 0.231517 0.125405 0.00113317
0 0.896128 0.92865 0.207743 0.137901 0.00113269
0 0 0.148108 0 0.178498 0.00113159
0 0.958481 0.837434 0.0818538 0.237796 0.00113144
0 1 0.731263 0 0.252761 0.00112466
0 0.820381 0.765936 0.26278 0.159772 0.00112367
0 0.837693 0.944361 0.24008 0.111277 0.00111955
0 0.693226 0.795875 0.167912 0.087363 0.00111939
0 0.0566985 0.606928 0.0927741 0.143402 0.00111645
0 1 0.681335 0 0.252544 0.00111421
0 0.329307 0.271309 0.658613 0.541506 0.0011134
0 1 0.781268 0 0.252665 0.00110946
0 0 0.931299 0 0.137402 0.00110766
0 0.178746 0.106723 0.357493 0.213447 0.00110216
0 0.0715301 0.412433 0.14306 0.304487 0.0011019
0 0.653611 0.215073 0.331859 0.287488 0.00110024
0 0.0692489 0.466584 0.138498 0.252613 0.00109718
0 0.425274 0.218941 0.291035 0.254277 0.00109618
0 1 0.831713 0 0.253516 0.00109412
0 0.402234 0.617387 0.274047 0.165486 0.00109387
0 0.500018 0.273356 0.475347 0.381806 0.00109281
0 0 0.274457 0 0.1886 0.0010883
0 0.875869 0.706725 0.248261 0.254693 0.00108686
0 0.068437 0.511949 0.136874 0.231079 0.00108373
0 0.693629 0.936906 0.233549 0.126189 0.00108198
0 0.0982635 0.93678 0.196527 0.126441 0.00107992
0 0 0.831109 0 0.204396 0.00107714
0 1 0.631466 0 0.252337 0.00107451
0 0.843337 0.439933 0.313327 0.277364 0.00107365
0 0.268473 0.434814 0.407339 0.190452 0.00107351
0 0.490473 0.940889 0.227494 0.118222 0.0010705
0 0.229443 0.321861 0.458885 0.472516 0.00106471
0 0.98563 0.822901 0.0287403 0.23029 0.00106314
0 0.796222 0.973391 0.148173 0.0532177 0.00105994
0 1 0.530967 0 0.252355 0.00105985
0 0.893987 0.95286 0.212025 0.0942799 0.00105852
0 1 0.48121 0 0.251955 0.00105539
0 0.129844 0.226749 0.259689 0.423556 0.00105364
0 1 0.581368 0 0.25223 0.00105223
0 0 0.329157 0 0.203351 0.0010434
0 0.68415 0.670404 0.274497 0.16039 0.00104089
0 0.201492 0.778866 0.256238 0.17276 0.00103731
0 0.150742 0.47927 0.265045 0.185843 0.00103562
0 0.684637 0.51736 0.630726 0.595661 0.00103557
0 0.703336 0.214255 0.0279919 0.157582 0.00103512
0 0.560128 0.937719 0.228061 0.124562 0.00103418
0 0.274348 0.569256 0.26037 0.16093 0.00103292
0 0.221672 0.924744 0.236027 0.150513 0.00103217
0 0.887294 0.872633 0.225413 0.171414 0.00103065
0 0.101923 0.971114 0.203845 0.057773 0.00103025
0 0.978633 0.71887 0.0427335 0.267902 0.00102953
0 0.189313 0.57566 0.245211 0.159383 0.00102776
0 0.20403 0.675859 0.255429 0.162569 0.00102741
0 0.2891 0.948281 0.225139 0.103438 0.00102017
0 0.81466 0.233294 0.370679 0.466588 0.00101976
0 0.841422 0.920019 0.236209 0.152545 0.00101747
0 0.281431 0.963137 0.225853 0.0737267 0.00101747
0 0.292328 0.920516 0.233209 0.154431 0.00101695
0 0.908523 0.770474 0.182954 0.170483 0.00101482
0 0.421745 0.943745 0.228391 0.112509 0.00100373
0 0.0813853 0.898923 0.162771 0.202154 0.00100325
0 0.692478 0.129468 0.615044 0.258937 0.00100175
0 0.203657 0.726052 0.255762 0.169758 0.00100121
0 0.95666 0.169937 0.0866803 0.205411 0.00100097
0 0.205052 0.887569 0.260282 0.185907 0.00100053
0 0.626498 0.211023 0.176457 0.132891 0.958286
0 0.565034 0.903363 0.182903 0.111706 0.0548362
0 0.994367 0.0995759 0.0112664 0.199152 0.00332547
0 0.00493734 0.0890724 0.00987468 0.178145 0.00331693
0 0.277018 0.829443 0.123468 0.0826185 0.00296273
0 0.664195 0.908532 0.133451 0.0951755 0.00278862
0 0.416192 0.582107 0.152709 0.0950969 0.00252751
0 0.435012 0.452953 0.101063 0.0685118 0.00226399
0 0.638745 0.903387 0.13264 0.10593 0.00185746
0 1 0.968806 0 0.0623887 0.00170923
0 0.0529397 0.565029 0.105879 0.18429 0.00168571
0 0.855217 0.782219 0.23638 0.217661 0.00153213
0 0.678689 0.8393 0.137435 0.0956308 0.00147962
0 0.0281695 0.889908 0.0563391 0.220183 0.00141057
0 0.861538 0.742774 0.217218 0.143628 0.0013766
0 0.443277 0.457787 0.13854 0.0691263 0.00137551
0 0.172308 0.636805 0.150245 0.0777071 0.00130989
0 0.0532932 0.595728 0.106586 0.116619 0.00130292
0 0.0871411 0.97047 0.174282 0.0590595 0.00125922
0 1 0.979533 0 0.040933 0.00124185
0 0.643674 0.235791 0.150138 0.0779675 0.00123722
0 0.688588 0.282377 0.275887 0.254523 0.00121003
0 0.612671 0.96458 0.228793 0.0708409 0.00119167
0 0.390743 0.908682 0.18473 0.120991 0.0011864
0 0.989994 0.696066 0.0200119 0.153853 0.0011674
0 0.531952 0.207492 0.341236 0.239451 0.00116347
0 0.0337026 0.977005 0.0674053 0.0459898 0.00115625
0 0.0864219 0.883791 0.172844 0.232418 0.00112436
0 0.555547 0.966421 0.231675 0.0671581 0.00112141
0 0.0715516 0.11551 0.143103 0.179527 0.00112115
0 0.989536 0.747138 0.0209273 0.152513 0.00111859
0 0.784722 0.880783 0.106602 0.0597424 0.00111144
0 0.511279 0.168548 0.474583 0.337095 0.00109948
0 0.991192 0.64022 0.0176151 0.149678 0.00108806
0 1 0.818052 0 0.194939 0.00108801
0 0.977305 0.0741592 0.0453901 0.148318 0.00108499
0 0.486724 0.967184 0.237304 0.0656321 0.00108404
0 0.139972 0.112997 0.22865 0.193468 0.00108089
0 0.116411 0.169045 0.232821 0.243541 0.00108036
0 0.594781 0.193146 0.809914 0.386292 0.00107931
0 0.0626789 0.422939 0.125358 0.229908 0.00107293
0 0.988807 0.912132 0.0223868 0.175737 0.00106883
0 0.672426 0.964998 0.21608 0.0700048 0.00106508
0 0.0610879 0.468536 0.122176 0.24377 0.00106357
0 0.412611 0.451974 0.118713 0.0671283 0.00105923
0 0.704956 0.214306 0.317739 0.21261 0.00105896
0 0.990126 0.794036 0.0197478 0.146917 0.00105658
0 0.0625195 0.556218 0.125039 0.222664 0.00105189
0 0.136618 0.219888 0.273235 0.244212 0.00104935
0 0.627035 0.276821 0.239486 0.219138 0.00104039
0 0.0790907 0.319375 0.158181 0.284479 0.0010403
0 0.992841 0.876809 0.0143179 0.246381 0.00104021
0 0.576165 0.112169 0.514998 0.224338 0.00103886
0 0.862366 0.0860582 0.275268 0.172116 0.00103171
0 0.991684 0.838299 0.0166315 0.13616 0.00102744
0 0.414759 0.458609 0.154026 0.0673342 0.00102175
0 0.546867 0.149315 0.618126 0.298629 0.00101977
0 0.172717 0.167202 0.284016 0.208416 0.00101845
0 0.0998816 0.258145 0.199763 0.311108 0.00101797
0 0.992233 0.975372 0.0155336 0.0492556 0.00101166
0 0.087713 0.817002 0.175426 0.31055 0.00100863
0 1 0.0775168 0 0.155034 0.00100697
0 0.50818 0.289322 0.414417 0.374961 0.00100106
0 0.0668748 0.678896 0.13375 0.223604 0.00100064
0 0.59761 0.902527 0.181825 0.108948 0.0010003
0 0.629128 0.209793 0.178639 0.134731 0.923521
0 0.781345 0.821704 0.1094 0.0650394 0.0185841
0 0.430008 0.45359 0.126923 0.0680354 0.0149515
0 0.74865 0.435564 0.109567 0.0668451 0.00812804
0 0.0584949 0.613518 0.103152 0.0747442 0.00802644
0 0.997455 0.901647 0.00509099 0.196707 0.00624988
0 0.00558632 0.0967783 0.0111726 0.193557 0.00606567
0 0.17873 0.578267 0.112122 0.0720844 0.00412727
0 0.0635671 0.912674 0.127134 0.174652 0.00313188
0 0.395623 0.58003 0.127293 0.0852343 0.0029799
0 0.99821 0.0945312 0.00357915 0.189062 0.00282157
0 0.17958 0.591802 0.111722 0.0528826 0.00278212
0 1 0.973114 0 0.0537729 0.00236342
0 0.778074 0.810597 0.117547 0.0840095 0.00231503
0 0.0890242 0.886677 0.178048 0.226646 0.00222327
0 0.67752 0.141913 0.0974428 0.0266365 0.00204892
0 0.409017 0.591093 0.136173 0.0934816 0.00164709
0 0.451474 0.457308 0.122428 0.0608939 0.00163811
0 0.0035307 0.0351667 0.00706139 0.0703333 0.00155149
0 0.00201007 0.0558053 0.00402015 0.111611 0.00145184
0 0.0567849 0.587134 0.110469 0.129798 0.00142315
0 0.329203 0.0341829 0.132162 0.0683659 0.00137575
0 1 0.930157 0 0.139687 0.00134247
0 0.272017 0.824592 0.114361 0.0655781 0.00126938
0 0.547417 0.90132 0.170498 0.112638 0.00122342
0 0.731295 0.28687 0.369459 0.179434 0.00119506
0 0.643035 0.239052 0.153218 0.0761153 0.00118485
0 0.592998 0.894872 0.287914 0.124661 0.0011712
0 0 0.0163069 0 0.0326138 0.00116297
0 0.284226 0.570491 0.109463 0.0700729 0.00115002
0 0.529418 0.965738 0.218941 0.068523 0.00108262
0 0.0646826 0.603964 0.119574 0.0874618 0.00107804
0 0.816037 0.965547 0.242874 0.0689058 0.00105991
0 0.595166 0.965749 0.224108 0.0685028 0.00105964
0 0.0757711 0.969494 0.151542 0.0610128 0.00105734
0 0 0.726757 0 0.364765 0.00104624
0 0.988774 0.977514 0.0224517 0.0449711 0.00104458
0 0.678962 0.966137 0.227327 0.0677256 0.00103709
0 0.755056 0.965238 0.238653 0.0695236 0.00103654
0 0 0.677446 0 0.396491 0.00103566
0 0.446761 0.965145 0.210705 0.0697105 0.00102922
0 0.879159 0.965737 0.187608 0.0685251 0.0010249
0 0.730264 0.226241 0.163547 0.113456 0.00100475
0 0.134069 0.095329 0.268138 0.12629 0.0010037
0 0.629521 0.210323 0.178945 0.133459 0.944498
0 0.782062 0.823554 0.107143 0.059693 0.0125254
0 0.998407 0.0981705 0.00318512 0.196341 0.011801
0 0 0.0556054 0 0.111211 0.00938755
0 0 0.964494 0 0.0710119 0.00799331
0 1 0.960729 0 0.0785412 0.0057898
0 0.655821 0.916954 0.104494 0.0788717 0.00465793
0 0.994316 0.92309 0.0113674 0.15382 0.0045915
0 0 0.506627 0 0.127112 0.00438324
0 0 0.469119 0 0.127076 0.00438175
0 0 0.531634 0 0.127143 0.00437874
0 0 0.444116 0 0.127089 0.00437783
0 0 0.556623 0 0.127111 0.00437075
0 0 0.419118 0 0.127083 0.00436813
0 0 0.58163 0 0.127118 0.00436177
0 0 0.63176 0 0.127483 0.004355
0 0 0.606637 0 0.127138 0.00435157
0 0 0.381629 0 0.127181 0.00431553
0 0 0.965155 0 0.0696896 0.00423415
0 0 0.356709 0 0.127669 0.00414315
0 0 0.656747 0 0.127654 0.00412204
0 0 0.33175 0 0.127923 0.00402307
0 0 0.93626 0 0.12748 0.0039676
0 0 0.732504 0 0.129986 0.00387033
0 0 0.69444 0 0.128298 0.00383211
0 0 0.306902 0 0.128694 0.00382566
0 0 0.28195 0 0.128707 0.00361161
0 0.908553 0.99879 0.182893 0.00241928 0.00339042
0 0 0.75759 0 0.130916 0.00333749
0 0 0.257445 0 0.130917 0.00293013
0 0 0.971361 0 0.0572783 0.00289344
0 0.452875 0.456284 0.156641 0.0628221 0.0028515
0 1 0.964298 0 0.0714042 0.00267251
0 0 0.783202 0 0.133245 0.00265642
0 0 0.808445 0 0.133827 0.00258311
0 0 0.834428 0 0.136783 0.0025261
0 0 0.232448 0 0.131068 0.00244732
0 0 0.960496 0 0.0790084 0.00241639
0 0.90372 1 0.19256 0 0.00239424
0 0 0.0511824 0 0.102365 0.00232976
0 0 0.267051 0 0.222364 0.00230599
0 1 0.0335702 0 0.0671404 0.00229125
0 0.82487 0.82467 0.19317 0.0594744 0.0022899
0 0.43114 0.454151 0.106113 0.0656735 0.00228337
0 1 0.0873288 0 0.174658 0.00220032
0 0 0.207981 0 0.133098 0.00215361
0 0 0.859783 0 0.138478 0.00214161
0 0.698362 0.911486 0.19049 0.0916168 0.00208505
0 0 0.182891 0 0.132921 0.00207103
0 0 0.0868027 0 0.173605 0.00200865
0 0 0.316779 0 0.222576 0.00196795
0 0 0.923421 0 0.153157 0.00195605
0 0 0.216657 0 0.223288 0.00193427
0 1 0.115303 0 0.230607 0.00188927
0 0.810131 0.155119 0.184207 0.0830762 0.00188376
0 0 0.266708 0 0.212606 0.00180965
0 0.684187 0.222517 0.153289 0.122328 0.00176472
0 0 0.366252 0 0.223391 0.00176438
0 0 0.41632 0 0.223124 0.00168172
0 0 0.950734 0 0.0985321 0.00167226
0 0 0.616108 0 0.22331 0.00165145
0 0 0.158924 0 0.137466 0.00162452
0 0 0.566146 0 0.2235 0.00161888
0 0 0.885648 0 0.141588 0.00161351
0 0 0.666103 0 0.223504 0.00160682
0 0 0.491189 0 0.223416 0.00159492
0 0 0.21558 0 0.214494 0.00158013
0 0 0.740853 0 0.223635 0.00157907
0 0.922899 0.91181 0.154201 0.17638 0.00155376
0 0 0.910705 0 0.141614 0.00153637
0 0 0.790958 0 0.224214 0.00149899
0 0 0.390933 0 0.213021 0.00148134
0 0 0.6404 0 0.213708 0.0014508
0 0 0.590452 0 0.213965 0.00144457
0 0 0.341411 0 0.21234 0.00143957
0 0 0.690419 0 0.21426 0.00142295
0 0 0.440628 0 0.213539 0.0014221
0 0 0.540368 0 0.214055 0.00140301
0 0 0.932167 0 0.135666 0.0014014
0 1 0.979694 0 0.0406122 0.00137581
0 0 0.839882 0 0.225036 0.00136415
0 0 0.0289674 0 0.0579348 0.00135896
0 0.772572 0.827372 0.0930699 0.0498833 0.00135685
0 1 0.914725 0 0.17055 0.00131304
0 1 0.0168738 0 0.0337476 0.00130557
0 0 0.0930081 0 0.186016 0.00130547
0 0.99599 0.952084 0.00802015 0.0958323 0.00130308
0 0 0.765381 0 0.213331 0.00129768
0 0 0.165707 0 0.214136 0.00129718
0 0.706302 0.270006 0.544955 0.240624 0.00128604
0 0.704276 0.211906 0.114398 0.131042 0.00127232
0 0 0.0173978 0 0.0347957 0.00125505
0 0 0.889109 0 0.21684 0.00122757
0 0.0205326 0.943315 0.0410651 0.113369 0.00121743
0 0.240859 0.92449 0.285183 0.15102 0.00120952
0 0.984462 0.979511 0.0310763 0.0409788 0.00120573
0 0.0785256 0.494464 0.157051 0.288286 0.00118095
0 0 0.977986 0 0.0440289 0.00117116
0 0.881899 0.998608 0.236203 0.00278473 0.00115616
0 1 0.832314 0 0.203206 0.00113989
0 0.0785252 0.393708 0.15705 0.286804 0.00113831
0 0 0.167358 0 0.221013 0.00113713
0 0 0.089797 0 0.179594 0.00112949
0 0.929587 1 0.140825 0 0.00112815
0 0.0785327 0.597462 0.157065 0.294256 0.00112452
0 0.232435 0.99904 0.258573 0.0019206 0.00112092
0 0.0912461 1 0.182492 0 0.00110858
0 0 0.9619 0 0.0761992 0.00110017
0 0.0785155 0.337454 0.157031 0.274256 0.00109073
0 0.229634 1 0.237694 0 0.00108624
0 1 0.931676 0 0.136648 0.00108588
0 0 0.944178 0 0.111644 0.00107658
0 0.0742099 0.0781433 0.14842 0.156287 0.00107588
0 0.0600542 0.0902648 0.120108 0.18053 0.00106062
0 0 0.931875 0 0.13625 0.00104708
0 0.0448691 0.0553212 0.0897383 0.110642 0.00103349
0 0.0784906 0.277029 0.156981 0.253248 0.0010333
0 0.0785477 0.656083 0.157095 0.31151 0.00102912
0 0.997931 0.0380185 0.00413845 0.0760369 0.00101991
0 0.394189 0.970548 0.138203 0.0589041 0.00100729
0 0.629485 0.21188 0.180228 0.133149 0.941639
0 1 0.0904623 0 0.180925 0.00156696
0 0.591297 0.893964 0.248246 0.126513 0.00143806
0 0.796524 0.468915 0.360646 0.273704 0.00117801
0 0.0587434 0.241167 0.117487 0.259043 0.00100969
0 0.629357 0.210067 0.180246 0.133692 0.96378
0 0.564494 0.909071 0.224863 0.104868 0.011189
0 0.655869 0.913223 0.114043 0.0964096 0.0073953
0 0.839422 0.788918 0.262682 0.174687 0.00495329
0 0.867878 0.928532 0.202936 0.124557 0.0023202
0 0.568669 0.886839 0.2374 0.150803 0.00210987
0 0.660768 0.9159 0.181365 0.0895596 0.00193789
0 0.688218 0.226535 0.126303 0.12533 0.00189665
0 0.213569 0.941467 0.126371 0.0949036 0.00181544
0 0.126423 0.900601 0.252846 0.186322 0.00165602
0 0.70083 0.278275 0.503108 0.230306 0.00158041
0 0.85204 0.912447 0.235336 0.155763 0.00148707
0 0.00241269 0.897979 0.00482539 0.204043 0.00114053
0 0.122811 0.503743 0.245622 0.166419 0.00107775
0 0.629226 0.208584 0.177754 0.131639 0.93643
0 0.699697 0.223586 0.0974779 0.106256 0.00201513
0 0.688021 0.21846 0.0591999 0.107209 0.0013434
0 0.0748031 0.096602 0.149606 0.185167 0.0012569
0 1 0.921444 0 0.157113 0.0011806
0 0.627599 0.209995 0.18385 0.135313 0.929846
0 0.631675 0.186791 0.168579 0.0870241 0.00144588
0 0.683478 0.232168 0.179939 0.127208 0.00134157
0 0.625939 0.21044 0.180664 0.132566 0.977037
0 0.00124873 0.0492142 0.00249745 0.0984284 0.00384025
0 1 0.0809609 0 0.161922 0.00382069
0 0.620727 0.905369 0.11643 0.103453 0.00358391
0 0.152395 0.462626 0.126685 0.0847108 0.00299102
0 0 0.0439209 0 0.0878417 0.00158123
0 0.62743 0.91608 0.104011 0.0778431 0.00113972
0 1 0.923024 0 0.153951 0.00102166
0 0.627021 0.211186 0.180364 0.132666 0.929483
0 0.639269 0.922488 0.0733421 0.067705 0.0297361
0 0.634404 0.943095 0.0701388 0.0307938 0.00627297
0 0.650526 0.229535 0.132881 0.0936461 0.00317821
0 0.638244 0.948067 0.0600927 0.0251068 0.00177886
0 0.704637 0.224005 0.110093 0.124568 0.00154901
0 0.632111 0.933278 0.0770445 0.0480526 0.00146416
0 0.626455 0.210555 0.185463 0.132117 0.932643
0 1 0.928088 0 0.143823 0.00147256
0 0.123133 0.0598459 0.246267 0.101716 0.00141938
0 0.627107 0.212625 0.18253 0.133545 0.922949
0 1 0.962639 0 0.0747227 0.00132923
0 0.940789 0.174348 0.0965256 0.127843 0.00117428
0 0.628325 0.210598 0.179542 0.134722 0.940483
0 0.778761 0.824359 0.110779 0.0506201 0.033694
0 0.703556 0.210182 0.0254752 0.129018 0.0123153
0 0.265018 0.824754 0.109595 0.0669407 0.00355239
0 0.14534 0.921227 0.0952985 0.074559 0.0033105
0 0.656334 0.916407 0.114633 0.0784399 0.00288289
0 0.654257 0.942708 0.10276 0.0339304 0.00281192
0 0.513809 0.916002 0.13838 0.090744 0.00248819
0 0.530451 0.909966 0.17003 0.109471 0.00214758
0 0.873264 0.535607 0.131984 0.0851891 0.00204684
0 0.888337 0.920175 0.143512 0.117827 0.00129486
0 0.640937 0.947297 0.0895965 0.0380947 0.00125114
0 0.355362 0.560328 0.100489 0.0655684 0.00117251
0 0.558943 0.907952 0.203467 0.115737 0.00117034
0 0.83288 0.523291 0.139512 0.0697369 0.00116707
0 0.482348 0.453038 0.0940653 0.0607277 0.00112627
0 0.861507 0.527619 0.118909 0.0718967 0.0010079
0 0.629187 0.211128 0.18192 0.131992 0.928985
0 0.665294 0.909751 0.132939 0.0910917 0.00172521
0 0.721939 0.231138 0.173876 0.115174 0.00111461
0 0.548035 0.911825 0.158023 0.0948162 0.00107875
0 0.628768 0.210821 0.179219 0.133946 0.96219
0 0.704691 0.231069 0.173163 0.122798 0.00180479
0 0.554891 0.905376 0.182763 0.107409 0.00129459
0 0.627331 0.210028 0.180579 0.13395 0.930822
0 0.560153 0.908264 0.222365 0.110325 0.00339042
0 0.587338 0.898466 0.270835 0.124104 0.00323046
0 0.719508 0.230432 0.147646 0.13147 0.00186955
0 0.0101057 0.074802 0.0202114 0.149604 0.00143359
0 0.626918 0.210995 0.179244 0.134047 0.928671
0 0.628622 0.210701 0.182316 0.134894 0.921188
0 0.0549548 0.598625 0.106562 0.101386 0.00529076
0 0.841923 1 0.2195 0 0.00492571
0 0.397438 1 0.214522 0 0.00444259
0 0.790927 1 0.227308 0 0.00419354
0 0.175369 0.936644 0.149341 0.0788845 0.00388932
0 0.585408 1 0.214633 0 0.00337399
0 0.292047 1 0.215774 0 0.00314799
0 0.0976643 1 0.195329 0 0.00313472
0 0.704609 1 0.220526 0 0.00307805
0 0.89198 1 0.21604 0 0.00294435
0 0.652931 1 0.224305 0 0.00283524
0 0.445439 1 0.227668 0 0.00283395
0 0.499443 1 0.212843 0 0.00281003
0 0.345597 1 0.206826 0 0.00279556
0 0.918479 1 0.163042 0 0.00195261
0 0.246004 1 0.198222 0 0.0018436
0 0.155037 1 0.210779 0 0.00175508
0 0.592139 0.520353 0.110498 0.0696348 0.00157797
0 0.209095 1 0.206099 0 0.00132031
0 1 0.900513 0 0.198974 0.00123295
0 0.579244 0.495431 0.134699 0.115114 0.00119327
0 0.62908 0.210428 0.181267 0.136484 0.928335
0 0.278269 0.822394 0.139704 0.0681301 0.00446478
0 0.717755 0.228657 0.0905848 0.115143 0.00125761
0 0.629659 0.210586 0.180698 0.134069 0.90913
0 0.862961 0.916026 0.214072 0.0888958 0.00658795
0 0.567922 0.903705 0.242296 0.108427 0.00326475
0 0.320514 0.821174 0.216132 0.0712223 0.00198843
0 0.648891 0.229567 0.139758 0.0922565 0.00188051
0 0.719131 0.231567 0.105774 0.109058 0.00114012
0 0.626763 0.211458 0.179546 0.133249 0.946709
0 0.142519 0.918497 0.274559 0.158186 0.00881698
0 0.144599 0.947958 0.280826 0.0971302 0.00757611
0 0.130675 0.888834 0.26105 0.123568 0.00180018
0 0.856638 0.937649 0.232667 0.122989 0.00147846
0 0.627276 0.211938 0.176107 0.133563 0.917674
0 0.152348 0.911749 0.300992 0.176501 0.00157385
0 0.626653 0.210621 0.178321 0.133002 0.916097
0 0.629436 0.210429 0.179229 0.137374 0.888961
0 0.658744 0.4976 0.101419 0.0564535 0.00262189
0 0.866033 0.256243 0.198722 0.139785 0.00260935
0 0.634916 0.496419 0.113203 0.0568529 0.00182862
0 0.674448 0.495868 0.103259 0.0614807 0.0015991
0 0.683676 0.504588 0.0971684 0.047744 0.00158683
0 0.949529 0.0919478 0.050472 0.0923222 0.00128411
0 0.091426 0.0395632 0.182852 0.0791264 0.00120358
0 0.910109 0.270493 0.111301 0.11392 0.00119015
0 0.816007 0.293232 0.301601 0.221412 0.00116988
0 0.628456 0.211121 0.178574 0.138254 0.934482
0 0.629199 0.210178 0.182307 0.136158 0.937614
0 0.552232 0.902104 0.208011 0.112382 0.0109553
0 0.641093 0.909536 0.100086 0.0935429 0.00446533
0 0.636906 0.938768 0.0786834 0.0366303 0.00177885
0 0.912369 0.951437 0.102614 0.0866217 0.00101021
0 0.62838 0.210747 0.179321 0.133608 0.939701
0 0.626855 0.210978 0.178934 0.133659 0.922432
0 0.554725 0.905217 0.207834 0.115252 0.00168885
0 0.406451 0.593415 0.141757 0.0876615 0.00115416
0 0.627709 0.210629 0.179461 0.134373 0.94081
0 0.628824 0.210725 0.176554 0.137051 0.914854
0 0.629309 0.210589 0.17889 0.134866 0.946407
0 0.0497347 0.954648 0.0941839 0.0855082 0.00273099
0 0 0.036337 0 0.072674 0.00155147
0 1 0.0464635 0 0.092927 0.0014737
0 0.388102 0.546057 0.161586 0.0974292 0.0012705
0 0.134839 0.107416 0.265354 0.174645 0.00106697
0 0.628303 0.20989 0.182924 0.132256 0.926187
0 0.627757 0.21068 0.181558 0.134974 0.911879
0 0.651449 0.0510221 0.142933 0.093277 0.0240667
0 0.62317 0.673742 0.103066 0.0871143 0.0102603
0 0.697559 0.846986 0.11712 0.0827881 0.00684959
0 0.895788 0.257895 0.134906 0.107306 0.00267337
0 0.0540128 0.608775 0.105959 0.0900768 0.00144074
0 0.21544 0.937196 0.105888 0.0847605 0.00110753
0 0.303278 0.9374 0.245315 0.106786 0.00103151
0 0.6275 0.210499 0.180979 0.132984 0.938016
0 0.906951 0.263597 0.116361 0.0985504 0.00167329
0 0.878839 0.24739 0.168745 0.115846 0.00137693
0 0.724249 0.242063 0.118545 0.0782205 0.00103574
0 0.628048 0.210536 0.179522 0.134954 0.928434
0 0.881784 0.934423 0.150303 0.0964231 0.00221603
0 0.870144 0.915445 0.186797 0.129622 0.00126232
0 0.711168 0.229459 0.1252 0.100486 0.00123352
0 0.628343 0.211002 0.17995 0.135535 0.937258
0 0.689193 0.224667 0.141641 0.109053 0.0010762
0 0.627372 0.210872 0.179356 0.133458 0.943086
0 0.639476 0.911587 0.101247 0.0879711 0.00280525
0 0.607222 0.906818 0.154982 0.0999237 0.00199168
0 0.628122 0.21026 0.181177 0.137351 0.937655
0 0.627091 0.210296 0.179813 0.136371 0.946329
0 0.62874 0.21088 0.181718 0.134266 0.927938
0 0.628148 0.210356 0.179084 0.134275 0.931943
0 0.629188 0.21064 0.179589 0.135506 0.947991
0 0.894291 0.25932 0.140126 0.120369 0.00326875
0 0.628454 0.210868 0.180815 0.135601 0.938615
0 0.628079 0.210951 0.181785 0.135637 0.924655
0 0.697041 0.230744 0.123907 0.0983653 0.001337
0 0.0572819 0.60916 0.09957 0.0781368 0.00105689
0 0.629496 0.211888 0.178775 0.135142 0.945406
0 0.0595476 0.608833 0.0961396 0.0798552 0.00162033
0 0.627963 0.211329 0.184829 0.134461 0.932644
0 0.893962 0.262491 0.142178 0.0906994 0.00112573
0 0.713384 0.230905 0.112101 0.0997519 0.00103152
0 0.628981 0.211301 0.181482 0.136119 0.948873
0 0.695705 0.227247 0.130723 0.105498 0.0011483
0 0.628769 0.211683 0.17981 0.136394 0.92863
0 0.630004 0.211418 0.180495 0.134117 0.953452
0 0.627495 0.210803 0.185502 0.136111 0.968074
0 0.556153 0.904783 0.216971 0.113357 0.00134688
0 0.628567 0.210611 0.182753 0.134908 0.95407
0 0.893133 0.263726 0.138544 0.0949708 0.0554601
0 0.628839 0.211092 0.178274 0.133864 0.938378
0 0.628606 0.211535 0.181819 0.136589 0.929362
0 0.628272 0.21066 0.180799 0.135552 0.949792
0 0.578191 0.890162 0.271491 0.151219 0.0013771
0 0.725238 0.436096 0.148188 0.0694854 0.00115046
0 0.628439 0.21136 0.180621 0.135849 0.915953
0 0.570849 0.898844 0.252791 0.138137 0.00448067
0 0.718701 0.94193 0.225627 0.104767 0.00164648
0 0.0937538 0.0953871 0.182061 0.157731 0.00122342
0 0.62892 0.211782 0.180737 0.136492 0.942988
0 0.897474 0.920261 0.138421 0.132716 0.0025653
0 0.586918 0.907206 0.258232 0.123989 0.00137196
0 0.627403 0.212189 0.181041 0.13484 0.937831
0 0.894177 0.263659 0.135011 0.0934581 0.0113609
0 0.706558 0.22913 0.131187 0.116033 0.00138763
0 0.628464 0.211949 0.182481 0.135415 0.935264
0 0.699 0.232051 0.155092 0.113525 0.00241627
0 0.630281 0.211617 0.179017 0.13517 0.948497
0 0.698644 0.235332 0.207945 0.126165 0.00209638
0 0.628186 0.210956 0.180669 0.135484 0.952745
0 0.721692 0.236706 0.198585 0.121446 0.00261955
0 0.62719 0.211847 0.181033 0.135385 0.954005
0 0.718679 0.228052 0.160993 0.116861 0.00247
0 0.627888 0.211645 0.181567 0.135614 0.951622
0 0.701229 0.228143 0.164477 0.121328 0.00155773
0 0.629098 0.211423 0.180603 0.134294 0.949418
0 0.688134 0.231373 0.171036 0.12441 0.00144326
0 0.628458 0.210813 0.179775 0.136293 0.943356
0 0.725206 0.435487 0.137154 0.0673325 0.00158735
0 0.628609 0.211518 0.181026 0.135835 0.955227
0 0.693408 0.233775 0.131672 0.10942 0.00146808
0 0.628266 0.211578 0.18036 0.136722 0.942149
0 0.704919 0.232676 0.112005 0.0988728 0.00127534
0 0.628526 0.212177 0.179698 0.135446 0.944822
0 0.709537 0.228394 0.119372 0.108509 0.0023481
0 0.628307 0.211675 0.181514 0.134362 0.948518
0 0.704489 0.226953 0.108689 0.106837 0.00164909
0 0.628125 0.211693 0.180471 0.134892 0.935221
0 0.703559 0.228173 0.11541 0.111915 0.00150745
0 0.628483 0.211198 0.181076 0.136906 0.94737
0 0.691976 0.2405 0.199922 0.124596 0.00156468
0 0.628312 0.211693 0.182189 0.137475 0.94791
0 0.69453 0.233745 0.155326 0.113625 0.00172999
0 0.629054 0.211935 0.180986 0.13711 0.941698
0 0.69208 0.228641 0.127729 0.11099 0.00143394
0 0.628356 0.211434 0.181903 0.136511 0.942089
0 0.695855 0.229942 0.141902 0.110576 0.00158922
0 0.628922 0.211239 0.178496 0.134591 0.955315
0 0.702575 0.230188 0.141063 0.108118 0.00154327
0 0.628781 0.21104 0.180224 0.134985 0.950175
0 0.685817 0.231435 0.157963 0.114036 0.00148992
0 0.893355 0.254713 0.135484 0.113985 0.00104331
0 0.62797 0.211579 0.181333 0.134981 0.949015
0 0.68689 0.236537 0.190419 0.117778 0.00122396
0 0.629063 0.211622 0.180142 0.135684 0.952596
0 0.68802 0.24093 0.215686 0.122169 0.00117472
0 0.628536 0.211565 0.179565 0.136368 0.939821
0 0.69267 0.245296 0.230623 0.124465 0.00108468
0 0.628483 0.211783 0.180641 0.136113 0.939085
0 0.694675 0.23517 0.190197 0.110995 0.00110303
0 0.629008 0.211385 0.180666 0.137659 0.953123
0 0.692775 0.231243 0.179397 0.112386 0.00138454
0 0.628944 0.211716 0.181345 0.135626 0.953313
0 0.699316 0.236569 0.211265 0.121309 0.00138245
0 0.629119 0.21147 0.180453 0.135719 0.947588
0 0.212719 0.950571 0.118798 0.0896641 0.00264388
0 0.628945 0.211519 0.180522 0.13475 0.94617
0 0.628715 0.211787 0.181058 0.134526 0.945584
0 0.628466 0.211936 0.181133 0.134588 0.94642
0 0.62852 0.21179 0.183187 0.136755 0.947964
0 0.6849 0.244789 0.221911 0.127287 0.00100586
0 0.628691 0.211666 0.18285 0.136516 0.949505
0 0.629102 0.211427 0.180613 0.1343 0.949469
0 0.688112 0.231443 0.171283 0.124474 0.00143981
