0 0.72137 0.828772 0.211297 0.148306 0.0327412
0 0.644312 0.221702 0.189168 0.109107 0.015317
0 0 0.908801 0 0.182397 0.0150579
0 0.744951 0.823381 0.246449 0.192898 0.0147017
0 0.666824 0.822498 0.311818 0.154893 0.0146057
0 1 0.0935385 0 0.187077 0.014226
0 0.711422 0.878318 0.229256 0.243365 0.0142038
0 0.00426363 0.810158 0.00852726 0.379684 0.014059
0 0 0.11394 0 0.227881 0.0139586
0 0.758666 0.837682 0.288155 0.147054 0.0139438
0 0.798911 0.856511 0.361999 0.238544 0.0139268
0 0.671956 0.877354 0.311062 0.245293 0.0137996
0 0.646914 0.19443 0.197779 0.164339 0.0137099
0 0.997432 0.166121 0.00513642 0.332242 0.0136961
0 1 0.912939 0 0.174121 0.0135871
0 0.0027807 0.169134 0.0055614 0.338268 0.0135859
0 0.0602352 0.471449 0.12047 0.942899 0.0135516
0 0.0129466 0.302049 0.0258933 0.604098 0.0134029
0 1 0.0260337 0 0.0520674 0.0133733
0 0.701411 0.806496 0.255953 0.190102 0.0133214
0 0.711085 0.190121 0.329512 0.169436 0.0133161
0 0 0.0614667 0 0.122933 0.0132836
0 0.0295129 0.398011 0.0590259 0.796023 0.0132693
0 0.995599 0.311866 0.00880222 0.623732 0.0132582
0 1 0.823403 0 0.353193 0.0132566
0 0.600565 0.460506 0.5266 0.658228 0.0132162
0 0 0.034293 0 0.068586 0.0131948
0 0.671033 0.406706 0.510154 0.588724 0.0131716
0 0.686159 0.221963 0.268741 0.109539 0.0131537
0 0.550383 0.815143 0.129683 0.161914 0.0131498
0 0.979282 0.460453 0.0414355 0.920906 0.0131444
0 0.0493705 0.574708 0.098741 0.850584 0.0131436
0 0.0354748 0.697724 0.0709496 0.604552 0.0130372
0 0.171405 0.0512786 0.161439 0.0909816 0.0130236
0 0.801518 0.874846 0.396964 0.250308 0.0129564
0 0.154407 0.050713 0.094253 0.0924247 0.0129488
0 0.756412 0.14155 0.431977 0.270863 0.012947
0 0.481675 0.479024 0.857315 0.295601 0.0129368
0 0.990763 0.568329 0.0184742 0.863343 0.0129352
0 0.471159 0.645104 0.846943 0.61578 0.0129341
0 0.791543 0.800858 0.416915 0.211111 0.0129202
0 0.0711738 0.882482 0.142348 0.235035 0.0129162
0 0.999525 0.739365 0.000949991 0.52127 0.0129151
0 0.557421 0.0628303 0.436532 0.0836333 0.0128978
0 0.678442 0.156673 0.540246 0.268748 0.0128891
0 0.965779 0.380084 0.0684417 0.760169 0.0128847
0 0.849651 0.452348 0.300698 0.904695 0.0128611
0 0.615966 0.131694 0.689542 0.243603 0.0127803
0 0.478286 0.0584606 0.330355 0.083197 0.0127611
0 0.858961 0.0699622 0.212085 0.130344 0.0127589
0 0.424473 0.0527017 0.211265 0.0816692 0.0127539
0 0.990591 0.635545 0.018818 0.728911 0.0127485
0 0.465202 0.480319 0.87743 0.835263 0.0127233
0 0.111525 0.121948 0.223049 0.243895 0.0127232
0 0.150959 0.0430431 0.109433 0.0860861 0.0127213
0 0.482761 0.0406132 0.350684 0.0812265 0.0127036
0 0.127607 0.0495645 0.162771 0.0922096 0.0126983
0 0.651897 0.0807185 0.626315 0.152155 0.0126977
0 0.469803 0.375972 0.867191 0.489879 0.0126927
0 0.435767 0.534833 0.824433 0.547027 0.0126836
0 0.621923 0.872071 0.446074 0.255858 0.0126634
0 0.0924862 0.817195 0.184972 0.365611 0.0126449
0 0.560071 0.0483982 0.456235 0.0967963 0.0126437
0 0.409299 0.0151385 0.186719 0.030277 0.0126409
0 0.596681 0.0847539 0.370437 0.117839 0.0126409
0 0.173419 0.045963 0.19708 0.0919259 0.0126362
0 0.374271 0.220612 0.340252 0.223662 0.012634
0 0.438171 0.247645 0.296368 0.251237 0.0125942
0 0.116769 0.206864 0.233539 0.413727 0.0125823
0 0.9235 0.487265 0.153001 0.97453 0.0125811
0 0.266878 0.434482 0.533756 0.868963 0.0125781
0 0.241835 0.126776 0.373208 0.230165 0.0125696
0 0.105398 0.748485 0.210796 0.50303 0.0125629
0 0.564075 0.575985 0.871849 0.772175 0.0125555
0 0.154205 0.126194 0.183115 0.22276 0.0125516
0 0.446759 0.9936 0.411788 0.0127996 0.0125355
0 0.10807 0.0555616 0.21614 0.111123 0.0125313
0 0.950416 0.575091 0.0991684 0.849819 0.0125282
0 0.770318 0.0247169 0.459364 0.0494337 0.0125281
0 0.209886 0.0546994 0.224255 0.0955843 0.0125277
0 0.101193 0.914861 0.202386 0.170278 0.012519
0 0.565186 0.71599 0.650551 0.374707 0.0125134
0 0.385964 0.486714 0.771928 0.92089 0.012498
0 0.125504 0.0316549 0.167282 0.0633097 0.0124949
0 0.395218 0.993468 0.336793 0.013063 0.0124894
0 0.910651 0.906858 0.178698 0.186283 0.0124889
0 0.408133 0.136864 0.641753 0.235306 0.012483
0 0.90177 0.0981784 0.196459 0.196357 0.0124719
0 0.310797 0.226659 0.621595 0.420548 0.0124712
0 0.475779 0.900073 0.503849 0.199854 0.0124674
0 0.816745 0.799676 0.36651 0.302786 0.0124597
0 0.145048 0.374599 0.290096 0.749199 0.012457
0 0.956095 0.0311903 0.0878105 0.0623805 0.0124567
0 0.429893 0.393947 0.346572 0.543032 0.0124562
0 0.197824 0.993486 0.30411 0.0130275 0.0124554
0 0.124605 0.991761 0.249209 0.0164778 0.0124377
0 0.830132 0.851231 0.339737 0.266627 0.0124287
0 0.374654 0.35413 0.406381 0.470287 0.0124274
0 0.626185 0.0609091 0.652085 0.121818 0.0124269
0 0.533075 0.992643 0.462405 0.0147139 0.0124268
0 0.69488 0.113894 0.55989 0.218125 0.0124228
0 0.678625 0.0502862 0.642751 0.100572 0.0124206
0 0.532091 0.862164 0.188583 0.183651 0.0124158
0 0.275071 0.994033 0.368013 0.011935 0.0124092
0 0.273133 0.649143 0.546267 0.701715 0.0124088
0 0.342811 0.993491 0.34506 0.0130184 0.0124072
0 0.109497 0.891339 0.218994 0.210364 0.012396
0 0.394395 0.93136 0.399359 0.137279 0.0123879
0 0.125189 0.229423 0.250378 0.442329 0.012372
0 0.494004 0.20897 0.561318 0.209623 0.0123693
0 0.229843 0.0421945 0.286161 0.084389 0.0123693
0 0.308968 0.231075 0.452814 0.260507 0.0123686
0 0.150121 0.687723 0.300241 0.624554 0.0123629
0 0.41565 0.885781 0.458138 0.185465 0.0123596
0 0.348596 0.935898 0.381788 0.128205 0.0123539
0 0.116172 0.978824 0.232343 0.0423514 0.012353
0 0.704056 0.423739 0.591887 0.800152 0.0123516
0 0.281574 0.930921 0.430196 0.138158 0.0123513
0 0.525102 0.755372 0.61788 0.292291 0.0123498
0 0.188376 0.922887 0.362688 0.154227 0.0123445
0 0.520162 0.127073 0.479382 0.204236 0.0123421
0 0.400123 0.636565 0.800246 0.726871 0.0123395
0 0.316242 0.783471 0.628543 0.350881 0.0123222
0 0.408774 0.824946 0.427667 0.164919 0.0123112
0 0.354973 0.895952 0.342735 0.181607 0.0123048
0 0.325391 0.686496 0.650782 0.555915 0.0123022
0 0.335889 0.417677 0.547122 0.656185 0.0122906
0 0.152581 0.802287 0.305162 0.375399 0.0122864
0 0.637119 0.665452 0.725762 0.487088 0.0122775
0 0.422557 0.610859 0.845114 0.697879 0.0122754
0 0.129672 0.141953 0.259344 0.262264 0.0122746
0 0.269921 0.897238 0.409249 0.192089 0.0122739
0 0.811458 0.15722 0.360405 0.304166 0.0122738
0 0.16973 0.739079 0.33946 0.484711 0.0122716
0 0.293813 0.139132 0.51911 0.253781 0.0122606
0 0.288087 0.295076 0.576174 0.584621 0.0122591
0 0.306796 0.111606 0.493396 0.181583 0.0122411
0 0.299708 0.830327 0.516115 0.267503 0.0122311
0 0.858796 0.835883 0.282408 0.328233 0.0122254
0 0.795231 0.917772 0.364747 0.164455 0.0122225
0 0.201525 0.899336 0.392547 0.193565 0.0122197
0 0.440212 0.662086 0.74575 0.478099 0.0122183
0 0.580645 0.483724 0.838709 0.939954 0.0122165
0 0.259844 0.795387 0.519687 0.346388 0.0122029
0 0.206487 0.84918 0.412974 0.264065 0.0121947
0 0.527367 0.62907 0.945266 0.741861 0.012188
0 0.149664 0.901672 0.299328 0.193106 0.012183
0 0.891148 0.272415 0.217703 0.544831 0.0121754
0 0.386381 0.839053 0.596345 0.201961 0.0121622
0 0.316949 0.382854 0.633897 0.765707 0.0121479
0 0.784912 0.302866 0.430176 0.588651 0.0121456
0 0.5 0.510878 1 0.676169 0.0121355
0 0.350808 0.782858 0.564422 0.228755 0.0121318
0 0.509017 0.496782 0.880731 0.411018 0.0121194
0 0.488048 0.772884 0.87503 0.302015 0.0121178
0 0.809922 0.727101 0.380156 0.456155 0.0121094
0 0.800296 0.237982 0.399407 0.470114 0.0120902
0 0.831755 0.785309 0.33649 0.429382 0.0120798
0 0.76237 0.396837 0.47526 0.786573 0.0120349
0 0.821235 0.675936 0.357529 0.648128 0.0120035
0 0.672104 0.619969 0.655792 0.760061 0.0119408
0 0.564807 0.851123 0.118542 0.0837282 0.00471763
0 0.149581 0.0669201 0.123328 0.0506798 0.00371072
0 0.148778 0.0571217 0.128162 0.0696523 0.00346241
0 1 0.0600787 0 0.120157 0.00337837
0 0.558524 0.0698346 0.140851 0.0603921 0.00328938
0 0 0.928196 0 0.143609 0.00328744
0 0 0.07267 0 0.14534 0.00328308
0 0 0.0690537 0 0.138107 0.00326614
0 0.403247 0.0539523 0.187671 0.0422682 0.00325831
0 1 0.0672759 0 0.134552 0.00325643
0 0.139797 0.0958577 0.155687 0.107227 0.00325554
0 0 0.881428 0 0.237144 0.00324739
0 1 0.94083 0 0.11834 0.00323555
0 0.127138 0.103383 0.173876 0.136888 0.00321747
0 0.562021 0.866353 0.134916 0.115084 0.00321286
0 0.894232 0.0599008 0.15101 0.106636 0.00321021
0 0.9777 0.913966 0.0386663 0.172067 0.0032095
0 0.0375229 0.835346 0.0750458 0.310608 0.00320236
0 0 0.965208 0 0.0695837 0.00320039
0 0.974427 0.895363 0.0367363 0.209275 0.0031971
0 0.103597 0.0707882 0.19004 0.103446 0.00319487
0 1 0.0631375 0 0.126275 0.00319115
0 0.000256259 0.0496797 0.000512518 0.0993594 0.00318739
0 0.550481 0.85719 0.156669 0.0908154 0.00318197
0 0.588063 0.853024 0.154481 0.0934566 0.00317846
0 0.223 0.164924 0.146331 0.0236951 0.00317835
0 1 0.889958 0 0.220084 0.00317832
0 0.419984 0.157827 0.254119 0.0840617 0.00317732
0 0.399696 0.0597926 0.192011 0.0767852 0.0031766
0 0 0.0711648 0 0.14233 0.00317627
0 0.981548 0.899549 0.0369039 0.200901 0.00317186
0 0.46078 0.162662 0.177743 0.0967619 0.00317151
0 0.404359 0.0429864 0.209698 0.0755322 0.00317129
0 0.223083 0.962551 0.384344 0.0748985 0.00317037
0 0 0.844741 0 0.289931 0.0031698
0 0.321643 1 0.369191 0 0.00316453
0 0.595178 0.83091 0.186663 0.122409 0.00316366
0 0 0.0597279 0 0.119456 0.00316363
0 0 0.773715 0 0.23716 0.00316252
0 0.939763 0.619241 0.120474 0.359835 0.00316166
0 1 0.95974 0 0.0805201 0.00316143
0 0 0.954075 0 0.0918501 0.00316128
0 0.226875 0.177632 0.161462 0.0540594 0.00316032
0 0.635324 0.237656 0.17569 0.121449 0.00315929
0 0 0.511585 0 0.243183 0.00315852
0 0.0945046 0.493514 0.0931822 0.254974 0.00315841
0 0.551308 1 0.430065 0 0.00315823
0 0.154715 0.187539 0.278859 0.0949756 0.00315765
0 0.356006 0.00471134 0.309646 0.00942267 0.00315764
0 0 0.0603072 0 0.120614 0.00315742
0 0.0382323 0.896272 0.0764647 0.189505 0.00315678
0 0 0.717391 0 0.233502 0.00315629
0 0 0.460187 0 0.243073 0.00315619
0 0.167292 0.406603 0.179287 0.10981 0.00315603
0 0 0.563169 0 0.242208 0.00315574
0 0.0478788 0.440157 0.0957576 0.353896 0.00315536
0 0.0723563 0.818278 0.103133 0.360823 0.00315459
0 0.328945 0.15522 0.424179 0.0812351 0.00315424
0 0 0.614018 0 0.238594 0.00315382
0 0.826936 0.805836 0.15718 0.111641 0.00315354
0 0.971099 0.808298 0.0578019 0.383404 0.0031534
0 0 0.361327 0 0.239662 0.00315274
0 0 0.66474 0 0.239972 0.00315239
0 0.133377 0.135342 0.156711 0.0990246 0.00315096
0 0 0.414637 0 0.232402 0.00315029
0 0.723654 0.0632298 0.492083 0.116088 0.00315
0 0.835274 0.776861 0.140054 0.053874 0.00314974
0 0.485685 1 0.498508 0 0.00314894
0 0.146656 1 0.293311 0 0.00314887
0 0.508593 0.00464184 0.376286 0.00928369 0.00314886
0 0.0520722 0.712084 0.104144 0.460877 0.00314869
0 0.1662 0.511094 0.184314 0.0984951 0.00314865
0 0.442894 0.1456 0.185264 0.0667065 0.00314807
0 0.907843 0.680881 0.184315 0.354664 0.00314734
0 0.52257 0.0861491 0.330112 0.100337 0.0031471
0 0.326281 0.976941 0.447698 0.0461174 0.00314698
0 0.464949 0.0688067 0.326506 0.0616465 0.00314587
0 0.0660489 0.427543 0.132098 0.455546 0.00314581
0 0.619939 0.0882247 0.272834 0.1012 0.00314567
0 0.315135 0.976432 0.333037 0.04471 0.0031443
0 0 0.305986 0 0.250498 0.00314427
0 0.965744 0.0784513 0.0674317 0.145253 0.00314365
0 0.0953817 0.499459 0.133731 0.241149 0.00314334
0 0.305803 0.00164099 0.351442 0.00328197 0.00314329
0 0.906953 0.588297 0.186093 0.413936 0.00314327
0 0.144386 0.00171583 0.269565 0.00343165 0.00314309
0 0.682606 1 0.415084 0 0.00314205
0 0.744019 0.800785 0.326824 0.102952 0.00314136
0 0.957083 0.0912166 0.0771808 0.171331 0.00314088
0 0.267684 0.970527 0.257151 0.0589468 0.00314082
0 0.0474188 0.786668 0.0948375 0.426664 0.00314036
0 0.677605 0.00319406 0.312405 0.00638812 0.00313973
0 0.0675903 0.221685 0.135181 0.190855 0.00313956
0 0.235249 1 0.397118 0 0.00313859
0 0.0989931 0.730962 0.161553 0.424266 0.00313854
0 0.0401603 0.454053 0.0803205 0.27501 0.00313812
0 0 0.251009 0 0.253878 0.00313803
0 0.0810891 0.248386 0.162178 0.189717 0.00313793
0 0.937881 0.630412 0.124238 0.365128 0.00313773
0 0.124816 0.292531 0.134454 0.136335 0.00313763
0 0.486684 0.895785 0.459826 0.174841 0.00313736
0 0.40526 1 0.399232 0 0.0031369
0 1 0.0407239 0 0.0814477 0.00313655
0 0.133559 0.303981 0.123071 0.0777055 0.00313625
0 0.599845 0.00411176 0.298126 0.00822352 0.00313589
0 0.758013 1 0.294722 0 0.00313539
0 0.692791 0.694407 0.422727 0.0686919 0.00313533
0 0.609706 0.221857 0.145849 0.103068 0.00313421
0 0.0549603 0.624128 0.109921 0.447799 0.00313402
0 1 0.0747182 0 0.149436 0.00313399
0 0 0.12322 0 0.24644 0.00313396
0 0.982774 0.827373 0.0344522 0.345253 0.00313389
0 0.712171 0.268393 0.342406 0.175859 0.00313376
0 0.469312 0.768394 0.710976 0.134858 0.00313346
0 0.301162 0.913163 0.381628 0.154393 0.00313344
0 0.649886 0.462637 0.494027 0.190748 0.00313291
0 0.933312 0.788846 0.133375 0.422308 0.00313273
0 0.124133 0.846565 0.113843 0.177446 0.00313254
0 0 0.677417 0 0.252628 0.00313223
0 0.0976449 0.460459 0.108182 0.314657 0.00313207
0 0.0896418 0.282827 0.179284 0.303929 0.00313207
0 0 0.602842 0 0.252602 0.00313192
0 0.124401 0.1741 0.142322 0.150257 0.00313176
0 0.848236 1 0.303528 0 0.00313172
0 0.990348 0.0792529 0.0193034 0.145076 0.00313161
0 0.88339 1 0.23322 0 0.00313159
0 0.181612 0.96566 0.322467 0.0686796 0.00313133
0 1 0.834079 0 0.331842 0.00313125
0 0.652469 0.681735 0.500667 0.110487 0.00313074
0 0 0.172416 0 0.253376 0.00313053
0 0.473573 0.183046 0.157714 0.139842 0.0031305
0 0 0.0768087 0 0.153617 0.0031303
0 0.882313 0.771087 0.235373 0.44652 0.00313024
0 1 0.605246 0 0.273732 0.00312988
0 0.399858 0.00347362 0.265984 0.00694725 0.00312921
0 0.123236 1 0.246472 0 0.00312797
0 0.986637 0.622197 0.0267264 0.33985 0.00312775
0 0.0608151 0.221878 0.12163 0.306337 0.0031274
0 0.891072 0.989745 0.217856 0.0205103 0.00312734
0 0.651945 0.188104 0.696109 0.376207 0.0220247
0 0.341556 0.673177 0.683112 0.653646 0.0188493
0 0.481772 0.17663 0.963544 0.353259 0.0188335
0 0.607841 0.572661 0.784318 0.808935 0.0187716
0 0.300341 0.20237 0.600681 0.404739 0.0186429
0 0.300745 0.35016 0.60149 0.700321 0.0185406
0 0.38707 0.478069 0.774139 0.57426 0.0181815
0 0.5 0.388745 1 0.777489 0.0179337
0 0.609751 0.300371 0.780497 0.600742 0.0176275
0 0.5 0.656388 1 0.687224 0.0174887
0 0.5 0.576724 1 0.787608 0.0171317
0 0.430922 0.651755 0.861845 0.69649 0.0171219
0 0.413037 0.413992 0.826074 0.747359 0.0170239
0 0.474642 0.610438 0.949266 0.779124 0.0169929
0 0.507121 0.292333 0.985757 0.584666 0.0169772
0 0.59054 0.214058 0.818919 0.428116 0.0169118
0 0.297182 0.587974 0.594363 0.824052 0.0168151
0 0.599166 0.418359 0.801669 0.813067 0.0167876
0 0.513458 0.677938 0.973084 0.644124 0.016746
0 0.421819 0.177162 0.843638 0.354323 0.0167285
0 0.272527 0.476551 0.545053 0.826639 0.0166051
0 0.645698 0.616812 0.708605 0.766376 0.0162751
0 0.640129 0.358093 0.719743 0.716187 0.0161239
0 0.273932 0.19646 0.547864 0.392921 0.016023
0 0.390574 0.236221 0.781149 0.472442 0.0159305
0 0.606403 0.664697 0.787195 0.670607 0.0156843
0 0.510991 0.19682 0.978018 0.393639 0.0156128
0 0.635017 0.492961 0.729966 0.786045 0.0155774
0 0.450234 0.501101 0.900468 0.665097 0.0155249
0 0.719762 0.234753 0.560477 0.469506 0.0154565
0 0.328896 0.722722 0.657792 0.554556 0.0153511
0 0.310994 0.560724 0.621988 0.689893 0.0152089
0 0.326788 0.797879 0.653576 0.404242 0.0149076
0 0.574761 0.704858 0.850477 0.590285 0.014864
0 0.42116 0.774257 0.84232 0.451486 0.0147851
0 0.5 0.335266 1 0.670532 0.0146083
0 0.5 0.159439 1 0.318878 0.0145834
0 0.411965 0.695587 0.823931 0.608826 0.0144642
0 0.504927 0.42651 0.958856 0.59345 0.0144611
0 0.16691 0.195108 0.333819 0.390216 0.0144069
0 0.556203 0.150982 0.887594 0.301964 0.0143605
0 0.227321 0.318857 0.454641 0.637715 0.0142176
0 0.5 0.236455 1 0.472909 0.0142036
0 0.133091 0.559802 0.266182 0.858206 0.0141346
0 0.0813217 0.614718 0.162643 0.770565 0.0137562
0 0.044553 0.182368 0.0891059 0.364736 0.0137377
0 0.00806319 0.751038 0.0161264 0.497924 0.0137197
0 0.00738821 0.914426 0.0147764 0.171147 0.0136014
0 0.634826 0.745722 0.730347 0.508556 0.0135609
0 0.66601 0.119129 0.667981 0.238258 0.0135445
0 0.00206385 0.0716177 0.0041277 0.143235 0.0132351
0 0.447145 0.819604 0.89429 0.360793 0.013222
0 0.07674 0.659785 0.15348 0.68043 0.0132206
0 0.0293146 0.845098 0.0586292 0.309804 0.0131455
0 0.422029 0.873521 0.844057 0.252958 0.0130055
0 0.5 0.745784 1 0.508432 0.0130048
0 0.19833 0.677813 0.396661 0.644373 0.0129932
0 0.332252 0.850674 0.664504 0.298652 0.0129866
0 0.998917 0.0860034 0.0021657 0.172007 0.0127866
0 0.00551312 0.129686 0.0110262 0.259371 0.0126018
0 0.0666816 0.697046 0.133363 0.605908 0.0125963
0 0.388996 0.863491 0.777992 0.273018 0.0125927
0 0.751623 0.756352 0.496754 0.487295 0.0125632
0 0.475122 0.810589 0.950243 0.378822 0.0124612
0 0.462688 0.920865 0.925376 0.15827 0.0124278
0 0.294351 0.715703 0.588702 0.568593 0.0124132
0 0.772299 0.293626 0.455402 0.561386 0.0124125
0 0.332424 0.820338 0.664848 0.359323 0.012372
0 0.758344 0.645056 0.483312 0.468387 0.0122748
0 0.766482 0.425376 0.467037 0.52549 0.0122527
0 0.309953 0.154086 0.619905 0.308171 0.0122409
0 0.349548 0.775651 0.699095 0.448698 0.012197
0 0.620177 0.779084 0.759645 0.441831 0.0120403
0 1 0.0155242 0 0.0310484 0.0120245
0 1 0.0127586 0 0.0255172 0.0120242
0 0.64179 0.785279 0.71642 0.429442 0.0119559
0 0.866283 0.125672 0.267434 0.251345 0.0119097
0 0.754248 0.54957 0.491504 0.523483 0.0119005
0 1 0.919843 0 0.160314 0.0115935
0 0.304864 0.910861 0.609729 0.178278 0.0114903
0 0.5 0.848347 1 0.303307 0.0114324
0 0.67482 0.729683 0.65036 0.540634 0.0110779
0 0.545816 0.810243 0.908367 0.379514 0.011074
0 0.963556 0.902928 0.0728873 0.194145 0.0109979
0 0.817654 0.841373 0.364692 0.317254 0.0109886
0 0.695809 0.875379 0.608382 0.249242 0.0107953
0 0 0.0445964 0 0.0891927 0.00532216
0 0.929236 0.811869 0.141527 0.0687798 0.00416764
0 0.292265 0.67693 0.567783 0.177071 0.00415763
0 0.930191 0.836055 0.139618 0.076614 0.00409479
0 0.930599 0.7928 0.138803 0.059342 0.00403518
0 0.565749 0.0715651 0.156832 0.0696918 0.00395898
0 0.931133 0.867589 0.137735 0.0787086 0.00395803
0 0.00248913 0.87048 0.00497826 0.25904 0.00395414
0 0.93042 0.888502 0.13916 0.0829842 0.00392154
0 0.303872 0.635378 0.590907 0.181005 0.00387531
0 0.932253 0.770966 0.135494 0.0582135 0.00386763
0 0.00105041 0.808855 0.00210081 0.228925 0.0038426
0 0.77904 0.833063 0.297391 0.150775 0.00384192
0 0.740862 0.843086 0.22489 0.15496 0.00381821
0 0.867779 0.92234 0.264442 0.121139 0.00381754
0 0.7318 0.81901 0.199102 0.149743 0.00380133
0 0.881739 0.911644 0.236522 0.0752453 0.00379205
0 0.75124 0.427143 0.300716 0.183076 0.00378239
0 0.924101 0.906343 0.151798 0.121782 0.00377598
0 0.884995 0.899102 0.23001 0.0490316 0.00375311
0 0.301818 0.706068 0.54556 0.155927 0.00371977
0 0.941699 0.741987 0.116602 0.204515 0.00367981
0 0.272557 0.615071 0.502789 0.172697 0.00367617
0 0.887428 0.851815 0.225143 0.0411491 0.00367432
0 0.918016 0.736451 0.163968 0.0975635 0.00366067
0 0.686452 0.185909 0.267053 0.176671 0.0036401
0 0.400998 0.575985 0.623168 0.204449 0.00362079
0 0.713816 0.570168 0.572368 0.184829 0.00362052
0 0.907864 0.877379 0.184272 0.0420719 0.0036095
0 0.939711 0.769775 0.120578 0.142688 0.00360066
0 0.511882 0.528931 0.583695 0.189202 0.00359012
0 0.873105 0.827301 0.25379 0.0393581 0.00358103
0 0.896159 0.926409 0.207683 0.147182 0.00357783
0 0.699106 0.517787 0.542054 0.165925 0.00357447
0 0.747611 0.625328 0.504779 0.219465 0.00357389
0 0.396512 0.615009 0.616989 0.176709 0.00356974
0 0.948414 0.850734 0.103172 0.174121 0.00356519
0 0.948265 0.82155 0.10347 0.160687 0.00355615
0 0.334218 0.796987 0.60173 0.224662 0.00355456
0 0.801672 0.672673 0.396655 0.167518 0.0035472
0 0.000381848 0.750073 0.000763696 0.202819 0.00354551
0 0.810655 0.714708 0.378691 0.143857 0.00353676
0 0.779688 0.630257 0.440623 0.255185 0.00352867
0 0.440642 0.41463 0.372362 0.134834 0.00352603
0 0.39559 0.649399 0.609099 0.15939 0.00352298
0 0.223947 0.436247 0.309815 0.144928 0.00351044
0 0.258806 0.768061 0.476016 0.141337 0.00350829
0 0.750806 0.0546484 0.451919 0.103706 0.00350507
0 0.942918 0.688484 0.114164 0.19046 0.00350458
0 0.676824 0.226079 0.248397 0.105246 0.00349663
0 0.491342 0.405672 0.407188 0.115392 0.00349605
0 0.868537 0.805778 0.262926 0.0352631 0.00348227
0 0.760112 0.813209 0.246264 0.129791 0.00347177
0 0.946374 0.923567 0.107252 0.152866 0.0034676
0 0.3297 0.898914 0.624763 0.202171 0.00346759
0 0.795743 0.0606015 0.408513 0.121203 0.00346323
0 0.71515 0.411017 0.378152 0.14139 0.00345769
0 0.30791 0.756149 0.584782 0.221014 0.00343773
0 0.636867 0.183805 0.314517 0.18383 0.00343386
0 0.614475 0.397567 0.590747 0.15946 0.00343035
0 0.271366 0.923774 0.497036 0.152453 0.00342754
0 0.245355 0.942052 0.473087 0.115897 0.00342482
0 0.286341 0.797293 0.49526 0.180673 0.00342379
0 0.265129 0.753493 0.414235 0.183866 0.00341668
0 0.000350747 0.700047 0.000701493 0.203631 0.00341633
0 0.587829 0.409843 0.415278 0.137207 0.00341097
0 0.507655 0.408394 0.439929 0.170599 0.00340815
0 0 0.027558 0 0.055116 0.00340359
0 0.725686 0.881946 0.246463 0.236107 0.00340069
0 0.753077 0.550813 0.493845 0.269569 0.00339993
0 0.455391 0.0730198 0.438202 0.0679006 0.00339572
0 0.447367 0.159727 0.614646 0.256815 0.00339497
0 0.669052 0.59709 0.63482 0.155163 0.00338936
0 0.0025512 0.551987 0.0051024 0.205515 0.00338838
0 0.378754 0.145252 0.496637 0.228224 0.00338315
0 0.222996 0.468532 0.313026 0.204971 0.00337846
0 0.433839 0.927085 0.561491 0.145831 0.0033732
0 0.31207 0.952097 0.516144 0.0958059 0.00337043
0 0.00506741 0.501761 0.0101348 0.206792 0.00336952
0 0.000405756 0.651139 0.000811511 0.204417 0.00336912
0 0.000947936 0.602097 0.00189587 0.202731 0.00336909
0 0.817881 0.674978 0.364238 0.227235 0.00336707
0 0.259801 0.0519259 0.519603 0.103852 0.00336291
0 0.725555 0.635183 0.548891 0.157557 0.00335892
0 0.832898 0.936238 0.334204 0.127523 0.00335834
0 0.00143432 0.299282 0.00286864 0.208957 0.00335693
0 0.423226 0.96369 0.502978 0.0726204 0.00335528
0 0.926586 0.660271 0.146828 0.198853 0.00334803
0 0.683952 0.066024 0.442521 0.0785088 0.00333593
0 0.0019119 0.351396 0.00382379 0.202383 0.00333078
0 0 0.098906 0 0.182539 0.00333009
0 0.000820579 0.249456 0.00164116 0.206477 0.0033246
0 0.00626625 0.451448 0.0125325 0.207271 0.00332185
0 0 0.162795 0 0.217491 0.00331567
0 0.115403 0.0868721 0.230096 0.121463 0.00331467
0 0.0044805 0.402484 0.008961 0.204371 0.00331415
0 0.346555 0.965905 0.519288 0.0681899 0.00331376
0 0.921486 0.769511 0.157029 0.173072 0.00330833
0 0.747713 0.682688 0.504574 0.197582 0.00330803
0 0.700692 0.157207 0.318491 0.219493 0.00330759
0 0.584418 0.67454 0.618728 0.258468 0.00330567
0 1 0.0233338 0 0.0466677 0.00330396
0 0.745907 0.148516 0.455313 0.203669 0.00329457
0 0.410493 0.539294 0.599043 0.225195 0.0032904
0 0.445312 0.139758 0.362497 0.21983 0.00328391
0 0.497948 0.919478 0.586905 0.161044 0.00327865
0 0.43301 0.117179 0.670031 0.177055 0.00327758
0 1 0.0220863 0 0.0441726 0.00327662
0 0.670369 0.63829 0.619758 0.201004 0.00327577
0 0.230825 0.962583 0.441084 0.0740934 0.00326621
0 0.382469 0.497585 0.491116 0.218269 0.00326602
0 0.771498 0.406504 0.255474 0.109884 0.00325729
0 0.648262 0.495173 0.533458 0.170371 0.00325725
0 0.908143 0.616148 0.183714 0.189139 0.00325407
0 0.314221 0.0593346 0.542502 0.0908704 0.00325313
0 0.642089 0.0746546 0.318581 0.0674082 0.00324806
0 0.231267 0.813528 0.462534 0.198841 0.00324399
0 0.259405 0.908884 0.518809 0.152266 0.00324274
0 0.941517 0.719237 0.116967 0.172657 0.00323786
0 0.879993 0.754661 0.240013 0.133693 0.00323455
0 0.277373 0.55441 0.469913 0.222844 0.00323349
0 0.606238 0.887951 0.542072 0.224098 0.00323328
0 0.785167 0.791914 0.294408 0.156558 0.00323311
0 0.775478 0.701414 0.424009 0.210786 0.00323155
0 0.993305 0.0401479 0.0133909 0.0802958 0.00322901
0 0.372891 0.42719 0.364526 0.149979 0.00322621
0 0.270858 0.425136 0.426604 0.15946 0.00322531
0 0.607207 0.330466 0.622765 0.264088 0.00321862
0 0.733741 0.398819 0.335343 0.104302 0.00321244
0 0.224986 0.505624 0.318734 0.153385 0.00321183
0 0.734314 0.543605 0.531372 0.186478 0.00321152
0 0.745493 0.877606 0.229715 0.175353 0.00320835
0 0.15265 0.0754217 0.287773 0.0637769 0.00320813
0 0.708363 0.24748 0.469376 0.180845 0.00320643
0 0.265897 0.707019 0.409991 0.17525 0.00319969
0 0.697483 0.0858343 0.476633 0.170596 0.0031987
0 0.795841 0.801 0.359163 0.116694 0.00319462
0 0.93824 0.908227 0.123519 0.0886967 0.00319078
0 0.805858 0.640884 0.388285 0.189435 0.00318872
0 0.516352 0.716502 0.642406 0.30128 0.00318809
0 0.436196 0.497238 0.533738 0.181306 0.00318688
0 0.330645 0.15064 0.396262 0.191284 0.0031851
0 0.316083 0.841518 0.571561 0.226208 0.00318202
0 0.930352 0.889893 0.139297 0.220215 0.0031717
0 0.287208 0.731649 0.488009 0.16628 0.00317154
0 0.155814 0.212536 0.311628 0.203105 0.00316953
0 0.408435 0.893897 0.625041 0.212206 0.0031695
0 0.363042 0.109161 0.638414 0.218322 0.0031684
0 0.764544 0.492691 0.470911 0.248085 0.00316709
0 0.267673 0.0534249 0.535345 0.10685 0.00316485
0 0.0915582 3.26648e-05 0.183116 6.53297e-05 0.00316181
0 0.586614 0.634005 0.496594 0.188555 0.00316063
0 0.267721 0.0968484 0.535441 0.193697 0.00315799
0 0.729888 0.615871 0.540224 0.166309 0.00315565
0 0.500442 0.403677 0.602912 0.139278 0.00315488
0 0.760356 0.255399 0.47881 0.21999 0.00315155
0 0.352936 0.897316 0.5589 0.150105 0.0031509
0 0.417411 0.0704844 0.565475 0.0910168 0.0031474
0 1 0.00970906 0 0.0194181 0.00314362
0 0.508761 0.0646675 0.57436 0.129335 0.00314324
0 0.232456 0.113861 0.464912 0.169104 0.00314281
0 0.665892 0.877966 0.321301 0.147108 0.00314049
0 0.910803 0.469478 0.178395 0.186838 0.00313638
0 0.147482 0.091589 0.294964 0.151196 0.00313636
0 0.222984 0.0738316 0.445968 0.147663 0.00313073
0 0.808437 0.587337 0.383126 0.201894 0.00313031
0 0.727158 0.895313 0.340174 0.201236 0.00312906
0 0.214221 0.401336 0.2964 0.149674 0.00312845
0 0.520148 0.160607 0.636685 0.21477 0.00312712
0 0.795949 0.0752118 0.408102 0.150424 0.00312612
0 0.150674 0.162832 0.301347 0.116664 0.00312519
0 0.656342 0.0504721 0.553385 0.100944 0.00312194
0 0.350787 0.726295 0.554751 0.193933 0.00312155
0 0.873448 0.388315 0.253104 0.192855 0.00312062
0 0.540787 0.493852 0.520878 0.21302 0.00312018
0 0.832071 0.708419 0.335859 0.220907 0.00311979
0 0.905406 0.418967 0.189188 0.193748 0.00311889
0 0.73761 0.39024 0.442774 0.0886257 0.00311742
0 0.146428 0.914207 0.292855 0.171587 0.00311606
0 0.0622389 0.000222537 0.124478 0.000445074 0.0031159
0 0.67088 0.702679 0.566655 0.23053 0.00311312
0 0.21833 0.929856 0.43666 0.113279 0.00311294
0 0.62002 0.885674 0.268154 0.174875 0.00310948
0 0.836145 0.359957 0.32771 0.208582 0.00310908
0 0.208663 0.651216 0.322956 0.173815 0.00310893
0 0.203661 0.950963 0.383755 0.0912205 0.00310709
0 0.902061 0.565362 0.195879 0.195653 0.00310395
0 0.116907 0.530298 0.233814 0.317449 0.00310233
0 0.877402 0.495705 0.245195 0.191062 0.00310189
0 0.265744 0.633014 0.388117 0.150138 0.00310175
0 0.554754 0.0784827 0.336169 0.083044 0.00309951
0 0.454042 0.203051 0.575426 0.15172 0.00309799
0 0.677315 0.0576348 0.552704 0.11527 0.00309668
0 0.512971 0.890295 0.662742 0.191107 0.0030965
0 0.635098 0.27837 0.566742 0.161206 0.00309544
0 0.294666 0.128359 0.580743 0.221494 0.00309538
0 0.640677 0.401094 0.372473 0.178928 0.0030932
0 0.227164 0.0546288 0.454327 0.109258 0.00309091
0 0.56111 0.911152 0.63575 0.177696 0.00308824
0 0.822172 0.518756 0.355656 0.195071 0.00308693
0 0.940984 0.892262 0.118032 0.0657459 0.00308576
0 0.00495258 0.958951 0.00990516 0.0820984 0.00308472
0 0.799915 0.762521 0.355934 0.128866 0.00308341
0 0.570404 0.572033 0.619889 0.248213 0.00308293
0 0.263756 0.41736 0.527513 0.142985 0.00308288
0 0.262731 0.500609 0.455142 0.198149 0.00308038
0 0.385598 0.67873 0.567624 0.193421 0.00307807
0 0.142599 0.212479 0.285199 0.188549 0.0030759
0 0.167611 0.44015 0.198482 0.139072 0.00307417
0 0.978096 0.353576 0.0438072 0.198895 0.00307269
0 0.836774 0.746211 0.326452 0.150373 0.00307033
0 0.157727 0.0726806 0.315454 0.145361 0.00306899
0 0.153046 0.804321 0.283587 0.215554 0.00306871
0 0.26265 0.46118 0.378173 0.170671 0.00306851
0 0.978248 0.0934121 0.0435045 0.186824 0.0262732
0 0.5 0.199457 1 0.398915 0.0201452
0 0.548568 0.140867 0.902864 0.281733 0.0187159
0 0.84024 0.432419 0.31952 0.840031 0.0149987
0 0.862143 0.629449 0.275713 0.421814 0.0149164
0 0.827556 0.507845 0.344887 0.728531 0.0139878
0 0.744213 0.299841 0.511573 0.599681 0.0137699
0 0.908048 0.106093 0.183904 0.212186 0.0136234
0 0.913128 0.169362 0.173744 0.338725 0.0134593
0 0.779369 0.576385 0.241769 0.236366 0.013448
0 0.708339 0.10959 0.583323 0.21918 0.0133707
0 0.871291 0.706206 0.257419 0.322277 0.0133634
0 0.632411 0.180161 0.735177 0.360323 0.0133124
0 0.288121 0.199016 0.270669 0.173706 0.013284
0 0.743693 0.389484 0.512613 0.68477 0.0132408
0 0.273504 0.144581 0.28892 0.218961 0.0130979
0 0.573364 0.268817 0.853273 0.537633 0.0130921
0 0.842638 0.650936 0.275133 0.291537 0.0130246
0 0.689655 0.904595 0.281704 0.190809 0.0129991
0 1 0.0898908 0 0.179782 0.0128813
0 0.91028 0.699559 0.17944 0.344241 0.0128596
0 0.0437112 0.800695 0.0874225 0.358824 0.0128583
0 0.508194 0.842579 0.269756 0.233335 0.0128464
0 0.878412 0.800708 0.243177 0.299159 0.0127177
0 0.2169 0.755706 0.312643 0.298145 0.012698
0 0.725492 0.926582 0.229548 0.146835 0.0125963
0 0.841182 0.596677 0.291924 0.337356 0.0123333
0 0.181061 0.236702 0.295299 0.248009 0.0123279
0 0.580833 0.812523 0.259454 0.25048 0.0123271
0 0.924657 0.782378 0.150686 0.34642 0.0122952
0 0.0453066 0.863693 0.0906133 0.272614 0.0122952
0 0.908438 0.828364 0.183125 0.319205 0.0122936
0 0.0405291 0.387128 0.0810581 0.325075 0.0122929
0 0.765445 0.907981 0.2642 0.184038 0.0122794
0 0.0574807 0.250358 0.114961 0.415744 0.0122734
0 0.0433537 0.103529 0.0867074 0.207058 0.0122649
0 0.649608 0.811848 0.259641 0.263178 0.0122621
0 0.322765 0.161193 0.328447 0.261945 0.0122308
0 0.783084 0.647246 0.251877 0.263501 0.0122303
0 0.956424 0.822564 0.0871529 0.303766 0.0121862
0 0.0794668 0.135022 0.158934 0.270043 0.0121749
0 0.0976829 0.23069 0.195366 0.232296 0.012173
0 0.650835 0.886328 0.257554 0.227343 0.0121586
0 0.782594 0.252743 0.434812 0.505486 0.0121239
0 0.722674 0.963362 0.287711 0.0732761 0.0120952
0 0.853733 0.137261 0.292534 0.274522 0.0120949
0 0.6513 0.96427 0.297972 0.0714603 0.0120924
0 0.0432819 0.330864 0.0865638 0.329194 0.0120558
0 0.783205 0.540653 0.43359 0.622273 0.0120526
0 0.0124955 0.506222 0.024991 0.351404 0.0120151
0 0.1455 0.209141 0.26545 0.194888 0.0120045
0 0.0470584 0.738696 0.0941168 0.339299 0.0120007
0 0.0480923 0.673517 0.0961846 0.340475 0.0119924
0 0.727776 0.561004 0.236623 0.206871 0.0119741
0 0.110855 0.803659 0.22171 0.283449 0.0119681
0 0.644872 0.753017 0.28179 0.286786 0.0119564
0 0.890428 0.954823 0.219144 0.0903545 0.0119554
0 0.53151 0.190905 0.726324 0.38181 0.011938
0 0.147552 0.0865533 0.295104 0.173107 0.0119093
0 0.429977 0.838683 0.314704 0.25128 0.0118931
0 0.0471747 0.488857 0.0943495 0.287045 0.0118931
0 0.061636 0.175585 0.123272 0.351171 0.0118865
0 0.986091 0.897951 0.0278176 0.202303 0.0118791
0 0.840245 0.758932 0.295876 0.305665 0.0118683
0 0.224081 0.899844 0.328807 0.200313 0.0118553
0 0.0848157 0.488039 0.169631 0.227444 0.0118549
0 0.0959169 0.141945 0.191834 0.283107 0.011835
0 0.209173 0.205122 0.248351 0.186009 0.0117896
0 0.793909 0.962253 0.287882 0.0754934 0.0117891
0 0.109661 0.707193 0.219321 0.369346 0.0117705
0 0.576126 0.962042 0.288955 0.0759163 0.0117492
0 0.135821 0.15004 0.271642 0.275812 0.0117478
0 0.0807048 0.791148 0.16141 0.30582 0.0117359
0 0.717547 0.178487 0.564906 0.356974 0.0117286
0 0.795465 0.930579 0.237321 0.138842 0.011718
0 0.503628 0.877901 0.27697 0.244197 0.0116804
0 0.1047 0.0866004 0.209399 0.173201 0.011677
0 0.428459 0.898192 0.312624 0.203616 0.0116686
0 0.952865 0.864012 0.0942696 0.271976 0.0116657
0 0.507266 0.953576 0.300882 0.0928471 0.0116279
0 0.0522656 0.544744 0.104531 0.252532 0.0116147
0 0.437436 0.949922 0.313186 0.100155 0.0116093
0 0.857133 0.958377 0.285733 0.0832458 0.0116046
0 0.243229 0.233942 0.486457 0.249509 0.011603
0 0.219871 0.831002 0.322949 0.259433 0.0116013
0 0.146379 0.577342 0.270394 0.212592 0.0116001
0 0.416775 0.179798 0.459033 0.359597 0.0115953
0 0.87445 0.902246 0.251099 0.195508 0.0115812
0 0.828678 0.818388 0.298957 0.295433 0.0115809
0 0.290219 0.898055 0.319363 0.203889 0.0115579
0 0.939182 0.912875 0.121635 0.17425 0.0115536
0 0.0656703 0.229023 0.131341 0.241576 0.0115531
0 0.357359 0.898379 0.318465 0.203242 0.0115436
0 0.659915 0.56364 0.232689 0.210051 0.0115388
0 0.676604 0.139516 0.646791 0.279032 0.0115173
0 0.0504333 0.600746 0.100867 0.289863 0.0115136
0 0.985268 0.945167 0.0294631 0.109666 0.0115008
0 0.0379327 0.904124 0.0758653 0.191751 0.0114992
0 0.907049 0.917629 0.185903 0.164742 0.0114739
0 0.209128 0.670351 0.314275 0.368753 0.0114664
0 0.959405 0.937199 0.0811891 0.125602 0.0114644
0 0.0677735 0.387275 0.135547 0.299042 0.0114236
0 0.100726 0.587076 0.201452 0.244065 0.0114218
0 0.659213 0.925296 0.251138 0.149408 0.0114218
0 0.358946 0.644381 0.300872 0.337646 0.0114158
0 0.274954 0.150845 0.304827 0.301691 0.0114097
0 0.376181 0.952622 0.315556 0.0947569 0.011406
0 0.826831 0.905961 0.271267 0.188078 0.0113825
0 0.776873 0.756463 0.285422 0.283129 0.0113435
0 0.208022 0.140521 0.279393 0.260662 0.0113424
0 0.956656 0.688768 0.0866889 0.255085 0.011323
0 0.102971 0.477731 0.205942 0.21965 0.0113126
0 0.388682 0.138488 0.425619 0.276976 0.011301
0 0.199894 0.117198 0.344506 0.234397 0.0112791
0 0.104713 0.391294 0.209427 0.278681 0.011266
0 0.573742 0.751056 0.282218 0.28117 0.0112622
0 0.706276 0.811354 0.269757 0.273605 0.0112592
0 0.369638 0.570015 0.243093 0.198183 0.0112474
0 0.991606 0.82426 0.0167876 0.262873 0.011245
0 0.642733 0.692842 0.294685 0.311787 0.011222
0 0.78513 0.697411 0.261089 0.313384 0.0112147
0 0.645965 0.643381 0.280464 0.283582 0.0112023
0 0.0755275 0.177702 0.151055 0.267119 0.0111812
0 0.0618435 0.318362 0.123687 0.269106 0.0111634
0 0.0246655 0.580891 0.049331 0.349187 0.0111559
0 0.243957 0.965796 0.31497 0.0684078 0.0111385
0 0.0902909 0.562665 0.180582 0.224123 0.0111352
0 0.7152 0.753923 0.280044 0.284126 0.0111279
0 0.0358306 0.88624 0.0716613 0.227521 0.0111226
0 0.8623 0.922481 0.242397 0.155039 0.0111192
0 0.142568 0.658218 0.285136 0.335306 0.0111175
0 0.146491 0.521114 0.2561 0.194356 0.0111001
0 0.336178 0.692873 0.363277 0.358914 0.0110978
0 0.721018 0.642808 0.267505 0.281314 0.0110936
0 0.314219 0.956708 0.312451 0.0865833 0.0110783
0 0.153595 0.756235 0.307189 0.286967 0.0110687
0 0.238142 0.514639 0.258171 0.179375 0.0110632
0 0.114414 0.881372 0.228828 0.237256 0.0110556
0 0.437671 0.561696 0.24696 0.193776 0.0109938
0 0.57048 0.899579 0.273073 0.200842 0.0109791
0 0.156631 0.906595 0.291802 0.18681 0.0109744
0 0.940572 0.647641 0.118855 0.238895 0.010949
0 0.102614 0.307007 0.205228 0.230608 0.010945
0 0.232667 0.567412 0.266522 0.21669 0.0109215
0 0.0985004 0.118139 0.197001 0.236278 0.0109171
0 0.508824 0.924047 0.271595 0.151906 0.0108922
0 0.571068 0.689735 0.308764 0.312992 0.01088
0 0.681722 0.374198 0.636555 0.748395 0.0108564
0 0.177501 0.963082 0.286952 0.0738358 0.0108548
0 0.348772 0.837276 0.329009 0.260048 0.0108548
0 0.580212 0.92938 0.260913 0.138491 0.0108253
0 0.330271 0.796576 0.366222 0.280207 0.0107842
0 0 0.0894327 0 0.178865 0.010783
0 0.765192 0.445484 0.469616 0.803541 0.0107798
0 0.5 0.186177 1 0.372354 0.0107789
0 0.0832079 0.948908 0.166416 0.102184 0.0107718
0 0.125274 0.963189 0.250547 0.073623 0.0107515
0 0.440239 0.920854 0.286018 0.158293 0.0107245
0 0.0653167 0.118943 0.130633 0.237886 0.0107214
0 0.0601205 0.923139 0.120241 0.153722 0.010697
0 0.146588 0.696606 0.293176 0.339364 0.0106802
0 0.103928 0.530305 0.207857 0.195366 0.0106773
0 0.781414 0.534594 0.437172 0.437586 0.0106658
0 0.993119 0.745255 0.0137613 0.255981 0.0106614
0 0.742223 0.536931 0.313964 0.253147 0.0106607
0 0.300183 0.579985 0.22614 0.230587 0.0105738
0 0.138419 0.277496 0.276837 0.219371 0.010542
0 0.577949 0.634349 0.283614 0.28469 0.0105293
0 0.909504 0.893963 0.180993 0.212074 0.0105283
0 0.187547 0.291186 0.375095 0.216972 0.0105222
0 0.722687 0.694396 0.270667 0.312954 0.0105178
0 0.433432 0.632144 0.279983 0.309155 0.0105035
0 0.282527 0.83621 0.324296 0.267093 0.0104898
0 0.0903307 0.613291 0.180661 0.284967 0.010485
0 0.407164 0.690119 0.349272 0.337452 0.0104848
0 0.105753 0.656291 0.211505 0.348727 0.0104393
0 0.145316 0.245892 0.290632 0.22907 0.0104178
0 0.133828 0.331668 0.267656 0.277894 0.0104167
0 0.283676 0.751078 0.317076 0.31245 0.0103874
0 0.288676 0.671269 0.282026 0.389609 0.0103743
0 0.761651 0.81388 0.298903 0.275856 0.0103654
0 0.669465 0.0927818 0.661069 0.185564 0.01031
0 0.998737 0.632092 0.00252612 0.222357 0.010292
0 0.489665 0.745212 0.308656 0.286069 0.0102898
0 0.511096 0.632269 0.274359 0.298434 0.0102852
0 0.992508 0.677343 0.0149836 0.218487 0.0102658
0 0.160445 0.87888 0.294234 0.24224 0.0102615
0 0.491371 0.687301 0.315288 0.319569 0.0102377
0 0.523611 0.560356 0.234714 0.220218 0.0102351
0 0.157987 0.829458 0.297868 0.249523 0.0101909
0 0.50186 0.188737 0.99628 0.300461 0.0100764
0 0.382913 0.535583 0.511778 0.184359 0.0100394
0 0.759912 0.85466 0.27811 0.221156 0.00994915
0 0.111886 0.909977 0.223772 0.180047 0.00994104
0 0.5 0.467747 1 0.62092 0.00988328
0 0.236964 0.92201 0.296083 0.15598 0.00981717
0 0.0159005 0.15064 0.031801 0.301281 0.00975884
0 0.084288 0.876356 0.168576 0.247287 0.00973924
0 0.191718 0.453978 0.383437 0.181921 0.00973467
0 0.921996 0.601314 0.156008 0.413568 0.00972503
0 0.327608 0.19008 0.434922 0.187545 0.00971606
0 0.0758566 0.921063 0.151713 0.157874 0.00971281
0 0 0.937359 0 0.125282 0.00965985
0 0.00794717 0.732751 0.0158943 0.254309 0.00964544
0 0.0120433 0.791331 0.0240867 0.276446 0.00964152
0 0.237921 0.263101 0.366178 0.203319 0.00963792
0 0.501559 0.228351 0.996883 0.310994 0.00962484
0 0.000508645 0.674887 0.00101729 0.254302 0.00957399
0 0.591541 0.565277 0.23659 0.226761 0.00945209
0 0 0.615482 0 0.232216 0.00943981
0 0.365479 0.191047 0.730959 0.231265 0.00943969
0 0.5 0.209795 1 0.230567 0.00936996
0 0.540429 0.121268 0.907129 0.242537 0.00934895
0 0.5 0.128847 1 0.257694 0.00934788
0 0.5 0.244362 1 0.488724 0.00932127
0 0.5 0.133772 1 0.267543 0.00929916
0 0.0380318 0.142301 0.0760636 0.284603 0.00921348
0 0.0118801 0.847113 0.0237603 0.305775 0.0091296
0 0.1674 0.925543 0.265492 0.148914 0.0091291
0 0.532306 0.305906 0.935388 0.464123 0.00910763
0 0.698457 0.531444 0.26997 0.196466 0.00906246
0 0.3362 0.264404 0.344425 0.204248 0.00904275
0 0.0186965 0.208321 0.037393 0.334016 0.00900249
0 0.00459751 0.12808 0.00919502 0.25616 0.00893698
0 0 0.559885 0 0.223105 0.00878833
0 0.5 0.252564 1 0.244501 0.00877872
0 0.668927 0.439322 0.662145 0.603022 0.00877398
0 0.226597 0.273428 0.453194 0.20857 0.00872479
0 0.485781 0.544293 0.432067 0.182682 0.0086936
0 0.286652 0.257235 0.573305 0.197569 0.00866842
0 0.00351111 0.350531 0.00702222 0.285252 0.00863736
0 0.343526 0.534536 0.265174 0.130166 0.00854801
0 0.42749 0.245991 0.85498 0.198888 0.00849707
0 0.607965 0.536008 0.320352 0.20701 0.00844225
0 0.61497 0.486466 0.770059 0.454052 0.00839894
0 0 0.379069 0 0.248529 0.0082528
0 0 0.423828 0 0.23742 0.00823967
0 0 0.517228 0 0.236664 0.00822573
0 0.5 0.148785 1 0.287638 0.00814289
0 0.466795 0.249662 0.359444 0.196939 0.00812588
0 0 0.472704 0 0.246814 0.00802385
0 0.372352 0.268668 0.744705 0.205884 0.00792043
0 0.324247 0.534658 0.457674 0.153392 0.00787161
0 0.238912 0.365953 0.477825 0.195885 0.00783258
0 0.245405 0.478699 0.49081 0.294238 0.00780439
0 0 0.913847 0 0.172305 0.00774448
0 0.216967 0.505401 0.372573 0.172338 0.0073855
0 0.283623 0.526304 0.230217 0.137627 0.00735621
0 0.5 0.356886 1 0.480238 0.00725302
0 0.53505 0.387883 0.929899 0.487195 0.00697499
0 0.43474 0.309767 0.869481 0.32418 0.00653382
0 0.722262 0.860509 0.187954 0.10252 0.00604444
0 0.949527 0.108175 0.100947 0.21635 0.00513366
0 0.16032 0.0730252 0.107225 0.0467229 0.00444151
0 0.333449 0.567243 0.0739588 0.0298718 0.00442522
0 0.329957 0.736567 0.0749634 0.0157379 0.00440097
0 0.703047 0.84861 0.173894 0.12376 0.00431383
0 0.0636674 0.832753 0.127335 0.290863 0.0042773
0 0.855316 0.541357 0.104318 0.0339369 0.00426023
0 0.575396 0.851031 0.121935 0.0912115 0.00419953
0 0.752017 0.668498 0.095605 0.0303425 0.00419789
0 0.425313 0.587249 0.0459931 0.0148668 0.00418464
0 0.843341 0.68497 0.0590039 0.0197538 0.00418403
0 0.747031 0.686263 0.0852587 0.0229913 0.00417907
0 0.599945 0.609581 0.0574662 0.0220757 0.00416273
0 0.496524 0.609917 0.0822441 0.0199674 0.00412561
0 0.393955 0.607923 0.0533488 0.0180724 0.00408902
0 0.853528 0.635592 0.121159 0.0292034 0.00406976
0 0.719436 0.872904 0.161888 0.0809761 0.00405508
0 0.533632 0.609412 0.0604336 0.0176641 0.00405503
0 0.640993 0.615703 0.0678353 0.0350981 0.00404939
0 0.858992 0.626521 0.150256 0.051865 0.00397069
0 0.874214 0.683052 0.0559014 0.0161919 0.00394072
0 0.564568 0.610046 0.0584122 0.0196999 0.00391513
0 0.646221 0.84883 0.071408 0.092976 0.00391051
0 0.435781 0.737707 0.109402 0.0195227 0.00389483
0 0.0635673 0.0826372 0.127135 0.165274 0.00389358
0 0.619856 0.849609 0.113029 0.0987823 0.0038851
0 0.306955 0.736699 0.105398 0.0151427 0.00387462
0 0.982321 0.453553 0.0353576 0.324685 0.00386579
0 0.0373318 0.0432793 0.0746636 0.0865585 0.00383275
0 0.704265 0.639646 0.0636528 0.0216887 0.00382608
0 0.398312 0.587957 0.059951 0.0189209 0.00380264
0 0.0448607 0.262138 0.0897215 0.269489 0.00379527
0 0.505013 0.52384 0.2101 0.0774517 0.00378438
0 0.358574 0.737563 0.0617935 0.0175901 0.00375505
0 0.0446574 0.215052 0.0893149 0.274978 0.00373898
0 0.866582 0.633877 0.107714 0.0361818 0.00371049
0 0.424593 0.740021 0.122518 0.0232714 0.0037061
0 0.351013 0.567311 0.0802754 0.0264097 0.00370357
0 0.731577 0.66303 0.119987 0.0254227 0.00370285
0 0.0571394 0.0301721 0.114279 0.0603442 0.00366428
0 0.508005 0.556583 0.100022 0.0287642 0.00365146
0 0.677715 0.0564719 0.363805 0.112944 0.00363883
0 0.564994 0.738709 0.0583295 0.020207 0.00362845
0 0.784526 0.836679 0.0833238 0.0729284 0.00361814
0 0.577756 0.078537 0.172182 0.0605927 0.0036052
0 0.210729 0.052747 0.195809 0.0955735 0.00360115
0 0.131611 0.824865 0.263222 0.289196 0.00359354
0 0.746273 0.712574 0.102516 0.0313636 0.00358381
0 0.971536 0.0913111 0.056928 0.182622 0.278536
0 0 0.117514 0 0.235029 0.272534
0 0.939271 0.0997465 0.121457 0.199493 0.253655
0 0 0.102709 0 0.205418 0.1891
0 0 0.115363 0 0.230725 0.163556
0 0.923093 0.0966778 0.153814 0.193356 0.161038
0 0.35515 0.0952261 0.154869 0.190452 0.160998
0 0.11305 0.0970835 0.16327 0.194167 0.160595
0 0.954143 0.103304 0.0917145 0.206607 0.154286
0 0 0.101937 0 0.203873 0.150033
0 0.151407 0.0960408 0.157599 0.192082 0.149977
0 0.899486 0.100317 0.175711 0.200635 0.148375
0 0.00431927 0.114366 0.00863853 0.228731 0.144633
0 0.803539 0.0894607 0.149449 0.178921 0.139954
0 0 0.0982116 0 0.196423 0.136988
0 0.00625278 0.0942668 0.0125056 0.188534 0.133498
0 0.321069 0.0943479 0.157816 0.188696 0.127134
0 0.831101 0.0971365 0.163373 0.194273 0.125129
0 0.0292262 0.0921624 0.0584523 0.184325 0.121784
0 0.385165 0.0970017 0.171858 0.194003 0.121184
0 0.0633473 0.0940757 0.126695 0.188151 0.11399
0 0.18892 0.0936912 0.135062 0.187382 0.113495
0 0.221988 0.0928224 0.138849 0.185645 0.112121
0 0.867024 0.100746 0.17774 0.201493 0.109671
0 0.777971 0.0796506 0.134862 0.159301 0.101818
0 0.252488 0.0938937 0.151696 0.187787 0.100419
0 0 0.0970826 0 0.194165 0.0987259
0 0.282618 0.0949504 0.163318 0.189901 0.0964797
0 0.0786053 0.0966957 0.157211 0.193391 0.0917325
0 1 0.110259 0 0.220518 0.0856431
0 0 0.0993623 0 0.198725 0.0851681
0 1 0.0943975 0 0.188795 0.0779016
0 0.975442 0.0876662 0.0491157 0.175332 0.0767787
0 0.762124 0.0885682 0.176536 0.177136 0.0751197
0 0.423615 0.0973506 0.177363 0.194701 0.0729154
0 0.988798 0.0926037 0.0224033 0.185207 0.0718233
0 0.486168 0.094078 0.0999753 0.188156 0.0701452
0 0.688716 0.0697933 0.107864 0.139587 0.0643045
0 0.715253 0.0711125 0.120025 0.142225 0.0642954
0 0.581999 0.0663018 0.120682 0.132604 0.0597766
0 0.520121 0.066502 0.107689 0.133004 0.0586257
0 0.170007 0.113094 0.176615 0.226188 0.0582767
0 0.728108 0.810311 0.213184 0.232799 0.0557384
0 0.736374 0.076798 0.183436 0.153596 0.0551892
0 0.615636 0.0703329 0.123043 0.140666 0.0546041
0 0.20743 0.112397 0.178538 0.224793 0.0544719
0 0.648003 0.0707161 0.134585 0.141432 0.051143
0 0.416159 0.613104 0.18421 0.270382 0.0497545
0 0.548459 0.0624253 0.123534 0.124851 0.0488641
0 0.0429009 0.109988 0.0858017 0.219977 0.0454657
0 0.356594 0.0906449 0.220822 0.18129 0.041825
0 0.854747 0.0841987 0.129985 0.168397 0.0394445
0 0.918532 0.114299 0.162936 0.228598 0.0393623
0 0.727291 0.849165 0.210463 0.218504 0.0370479
0 0.279684 0.080426 0.104936 0.160852 0.0348922
0 0.481551 0.613433 0.17904 0.268247 0.0345629
0 0.109621 0.129455 0.206613 0.25891 0.0341461
0 0.825111 0.0820858 0.118499 0.164172 0.0316795
0 0.00962139 0.080996 0.0192428 0.161992 0.0305314
0 0.101845 0.192804 0.184587 0.326071 0.0303029
0 0.792623 0.103492 0.207795 0.206984 0.0300472
0 0.594617 0.0626123 0.0898288 0.125225 0.0297326
0 0.441094 0.62923 0.200822 0.313034 0.0297034
0 0.00968936 0.111331 0.0193787 0.222662 0.0296726
0 0.000321766 0.906732 0.000643533 0.186536 0.0296093
0 0.324432 0.123684 0.221116 0.247368 0.0288816
0 0.281516 0.128134 0.21718 0.256268 0.0282361
0 0.955812 0.661094 0.0883763 0.277446 0.0281285
0 0.514919 0.613992 0.175372 0.26649 0.0277167
0 0.0428665 0.215777 0.085733 0.302735 0.0274747
0 0.243597 0.0789118 0.11055 0.157824 0.0273398
0 0.382424 0.615743 0.176378 0.270033 0.0271244
0 0.496432 0.0761835 0.0829247 0.152367 0.026285
0 1 0.912166 0 0.175668 0.0254152
0 0.0440225 0.796909 0.0880451 0.310495 0.0246468
0 0.244049 0.128258 0.199332 0.256516 0.0244983
0 0.538537 0.599598 0.146598 0.238631 0.0241396
0 0.881577 0.878802 0.199913 0.242397 0.024058
0 0.938876 0.679257 0.122248 0.291938 0.0233481
0 0.0609223 0.858777 0.121845 0.282446 0.0229073
0 0.0803068 0.191005 0.160614 0.318454 0.0224058
0 0.165374 0.0815848 0.144681 0.16317 0.0223684
0 0.0621121 0.189759 0.124224 0.304336 0.0222479
0 0.0462669 0.846955 0.0925337 0.306089 0.0221766
0 0.115725 0.252805 0.222959 0.314986 0.0218546
0 0.129726 0.0841102 0.139315 0.16822 0.0218354
0 0.204944 0.0791756 0.122833 0.158351 0.0216642
0 0.0424064 0.268533 0.0848128 0.294734 0.0209918
0 0.905944 0.881066 0.188113 0.237868 0.0209899
0 0.148345 0.215887 0.226124 0.328908 0.0207712
0 0.0623986 0.886305 0.124797 0.227391 0.0205846
0 0.0634116 0.64422 0.126823 0.290312 0.0205537
0 0 0.156213 0 0.312426 0.0200863
0 0.0482476 0.87772 0.0964952 0.244561 0.020057
0 0.918546 0.672142 0.162908 0.306193 0.0199854
0 0.220289 0.21561 0.229019 0.323741 0.0199092
0 0.0451151 0.722202 0.0902302 0.310179 0.0197025
0 0.0429208 0.378707 0.0858416 0.286746 0.0193922
0 0.0441039 0.647787 0.0882078 0.284638 0.0193826
0 0.04615 0.422959 0.0923 0.296097 0.0191487
0 0.88003 0.840568 0.168139 0.242944 0.0187113
0 0 0.903683 0 0.192633 0.0187046
0 0.398452 0.643274 0.258914 0.336075 0.018698
0 0.702043 0.067094 0.0792163 0.134188 0.0185621
0 0.0723369 0.126981 0.144674 0.253962 0.0185145
0 0.4525 0.0868709 0.132509 0.173742 0.0184177
0 0 0.369625 0 0.329225 0.0182927
0 0.563383 0.0630275 0.0856571 0.126055 0.0182598
0 0.720647 0.879494 0.215698 0.241011 0.0182591
0 0 0.746059 0 0.317586 0.0181776
0 0.0548532 0.139703 0.109706 0.279407 0.0181619
0 0.036538 0.189371 0.073076 0.303962 0.0181571
0 0.398318 0.273936 0.259224 0.210196 0.0180098
0 0.0650304 0.4367 0.10884 0.285765 0.0178357
0 0.0328526 0.294629 0.0657053 0.299703 0.017786
0 0.616452 0.611936 0.184987 0.283751 0.0177628
0 0.0597939 0.421138 0.119588 0.304543 0.0177348
0 0.463864 0.885768 0.177679 0.228463 0.0176779
0 0.0629699 0.793842 0.12594 0.325647 0.0176743
0 0.584775 0.613963 0.183908 0.271571 0.0175597
0 0.0357942 0.240443 0.0715884 0.300239 0.0174819
0 0.00499025 0.883668 0.0099805 0.232663 0.017418
0 0.754774 0.0736813 0.131047 0.147363 0.017368
0 0.973018 0.669055 0.0539635 0.260233 0.017316
0 0.649698 0.606697 0.190154 0.301565 0.0171584
0 0.529451 0.0616807 0.0810154 0.123361 0.0169103
0 0.235219 0.15487 0.185372 0.30974 0.0168891
0 0.0345473 0.67172 0.0690947 0.29221 0.016888
0 0 0.419508 0 0.330083 0.0167136
0 0.959148 0.817776 0.0817036 0.254307 0.0166858
0 0.085141 0.154475 0.170282 0.30895 0.0164319
0 0.423823 0.856514 0.197535 0.286973 0.0164248
0 0.0674775 0.694268 0.134955 0.330866 0.0163086
0 0.181488 0.195228 0.210757 0.327453 0.0161724
0 0.68207 0.59985 0.197981 0.318059 0.0161679
0 0.753873 0.820491 0.151057 0.255701 0.0161162
0 0.992643 0.0780805 0.0147145 0.156161 0.0160383
0 0.0855531 0.605236 0.171106 0.295841 0.0160002
0 1 0.858152 0 0.283696 0.0159976
0 0.03212 0.34742 0.06424 0.288522 0.0159681
0 0.716009 0.597459 0.199692 0.323912 0.0159571
0 0.835906 0.0757443 0.0944288 0.151489 0.0158704
0 0.0358999 0.747964 0.0717998 0.295466 0.015842
0 0 0.21974 0 0.333372 0.0157132
0 0.908353 0.840477 0.183294 0.248383 0.0156921
0 0.0473867 0.211838 0.0947733 0.332402 0.0156914
0 0.0312529 0.395629 0.0625059 0.297504 0.0156346
0 0 0.826756 0 0.295118 0.0155707
0 0.353198 0.644545 0.239298 0.333435 0.0155071
0 0.0302681 0.622726 0.0605363 0.295603 0.0153657
0 0.0272925 0.0717479 0.054585 0.143496 0.0153636
0 0.0661579 0.238404 0.132316 0.307399 0.0152814
0 0 0.269657 0 0.328268 0.0152105
0 0.867115 0.0764816 0.104611 0.152963 0.015077
0 0 0.779285 0 0.294732 0.0150635
0 0.461121 0.0690324 0.0928929 0.138065 0.0150127
0 1 0.885019 0 0.229961 0.014825
0 0.11358 0.583322 0.190031 0.274689 0.0147499
0 0.0437294 0.147335 0.0874588 0.294671 0.014675
0 0.0135486 0.729971 0.0270971 0.282085 0.0146481
0 0.0052855 0.469584 0.010571 0.311528 0.0146219
0 0.0432046 0.494107 0.0864092 0.297251 0.0145143
0 0.466424 0.714328 0.259315 0.335788 0.0144836
0 0.0425539 0.330395 0.0851079 0.281391 0.0144793
0 0.975403 0.634703 0.0491941 0.280777 0.0144467
0 0.00766141 0.596918 0.0153228 0.301305 0.0143918
0 0.665401 0.067833 0.0916985 0.135666 0.0143267
0 0.432976 0.410799 0.865952 0.382849 0.0141863
0 0.955739 0.758641 0.0885212 0.278257 0.0141432
0 0.261449 0.226283 0.226648 0.288083 0.0140384
0 0.801173 0.0746317 0.0933948 0.149263 0.0140316
0 0.0057939 0.547636 0.0115878 0.303749 0.0140091
0 0.0466449 0.916317 0.0932898 0.167366 0.0139772
0 0.795574 0.619622 0.193738 0.330454 0.0139679
0 0 0.819677 0 0.297309 0.0138602
0 0.439253 0.600045 0.138888 0.248796 0.01386
0 0.0080477 0.416103 0.0160954 0.312422 0.0137853
0 0.0306026 0.442471 0.0612052 0.299993 0.0137463
0 0.690108 0.467412 0.619784 0.356112 0.0136235
0 0.968261 0.619749 0.0634787 0.260055 0.0136083
0 0.0639251 0.295873 0.12785 0.319009 0.0135633
0 0.010868 0.65125 0.021736 0.292684 0.0135394
0 0.0263845 0.155158 0.052769 0.310317 0.0135223
0 0.752581 0.596686 0.20182 0.323133 0.0134877
0 0.528396 0.888248 0.203307 0.223504 0.0134295
0 0.728737 0.0687541 0.0918645 0.137508 0.0134238
0 0.0292166 0.312507 0.0584332 0.325994 0.0133834
0 0.0692142 0.930798 0.138428 0.138404 0.0133553
0 0.493924 0.878084 0.192273 0.243832 0.0131566
0 0.304702 0.243427 0.232608 0.256989 0.0129381
0 0.976199 0.0796384 0.0476019 0.159277 0.01291
0 1 0.0894422 0 0.178884 0.0128998
0 0.0608045 0.492984 0.121609 0.304639 0.0128805
0 0.013237 0.823494 0.0264741 0.294341 0.0127571
0 0.0351059 0.88675 0.0702119 0.226501 0.0126953
0 0.448716 0.767381 0.213319 0.333352 0.0126696
0 0.624584 0.0678523 0.0958936 0.135705 0.0126361
0 0.00963127 0.364284 0.0192625 0.323723 0.0125142
0 0.001778 0.735401 0.003556 0.278188 0.0125113
0 0.0418039 0.580052 0.0836077 0.280732 0.0124683
0 0.00458173 0.799345 0.00916346 0.30547 0.0124408
0 0.845189 0.875758 0.15397 0.248483 0.0124264
0 1 0.834704 0 0.280343 0.0124052
0 0.262791 0.196501 0.525581 0.355591 0.0123896
0 0.311281 0.0747578 0.109764 0.149516 0.0122981
0 0.530484 0.737931 0.214108 0.324151 0.0122813
0 0.385547 0.0754133 0.0991162 0.150827 0.0122297
0 0.0756603 0.860844 0.151321 0.278311 0.0122094
0 0.0805485 0.662627 0.161097 0.317389 0.0121244
0 0.441034 0.440415 0.882068 0.50916 0.01211
0 0.0282607 0.57116 0.0565215 0.294985 0.0120722
0 0.982083 0.839185 0.0358347 0.262402 0.0119368
0 0.316945 0.714004 0.249727 0.342386 0.0119242
0 0.923257 0.869696 0.153485 0.260608 0.0118738
0 0.34991 0.0754203 0.108609 0.150841 0.0118028
0 0.939005 0.747471 0.121989 0.304986 0.0117461
0 0.888156 0.0778846 0.139753 0.155769 0.0117046
0 0.84935 0.215819 0.3013 0.431637 0.0116922
0 0.26879 0.742706 0.203295 0.337555 0.0116837
0 0.417184 0.71441 0.295422 0.340169 0.0116661
0 0.867768 0.781201 0.17481 0.285126 0.0116476
0 0.384182 0.791539 0.19761 0.323667 0.0116239
0 0 0.337304 0 0.323766 0.0115886
0 0.792429 0.772675 0.196966 0.328533 0.0115841
0 0.418448 0.0739478 0.10381 0.147896 0.0115217
0 1 0.794854 0 0.26969 0.011507
0 0.129572 0.168255 0.190962 0.328833 0.0114627
0 0.523002 0.432038 0.935114 0.454779 0.0114042
0 0.0285355 0.493821 0.0570709 0.299374 0.0113678
0 0.722351 0.496761 0.555297 0.562025 0.0113531
0 0.0322269 0.122362 0.0644538 0.244723 0.0112497
0 0.813742 0.393359 0.372516 0.786719 0.0112273
0 0.351607 0.470409 0.703214 0.418247 0.0111914
0 0.138172 0.873085 0.181729 0.25383 0.011182
0 0.781914 0.557905 0.436172 0.336376 0.0111233
0 0.805059 0.690823 0.210113 0.331992 0.0110989
0 0.00565309 0.904281 0.0113062 0.191438 0.0110937
0 1 0.0751716 0 0.150343 0.011021
0 0.173941 0.87411 0.183634 0.251781 0.0110188
0 0.495733 0.0582775 0.160993 0.116555 0.0110146
0 0.0947668 0.0756529 0.135962 0.151306 0.0110013
0 0.942491 0.565597 0.115019 0.359516 0.010966
0 0.296362 0.526897 0.592724 0.417405 0.0109028
0 0.942079 0.619703 0.115842 0.262042 0.0108954
0 0.598049 0.433997 0.803902 0.370399 0.010776
0 0.796603 0.81705 0.165713 0.249974 0.0107727
0 0.547353 0.629479 0.188847 0.307343 0.0107409
0 0.276533 0.169331 0.19355 0.332453 0.0106783
0 0.480779 0.641597 0.212547 0.334189 0.0106577
0 0.869505 0.425062 0.26099 0.680276 0.0106209
0 0.00366926 0.686713 0.00733852 0.278339 0.010613
0 1 0.9272 0 0.145601 0.0106057
0 0.931579 0.338974 0.136841 0.533882 0.0105806
0 0.955348 0.080019 0.089305 0.160038 0.0105566
0 0.820454 0.605596 0.186384 0.291724 0.0105446
0 0.0625559 0.584651 0.125112 0.276478 0.0105437
0 0.897417 0.715416 0.205167 0.317569 0.0105098
0 0.353461 0.620821 0.183663 0.268364 0.0104729
0 0 0.714977 0 0.272914 0.0103992
0 0.0453716 0.0717025 0.0907432 0.143405 0.010353
0 0 0.671225 0 0.32466 0.0103445
0 0.993611 0.885998 0.0127787 0.228004 0.0103411
0 0.953421 0.867692 0.0931583 0.264616 0.0103277
0 0.105194 0.880794 0.181497 0.238413 0.0102843
0 0.0765376 0.768556 0.153075 0.321913 0.0102756
0 0.856181 0.269913 0.287638 0.274195 0.0101917
0 0.922371 0.746733 0.155258 0.310049 0.0101723
0 0.897247 0.127403 0.205505 0.254806 0.010133
0 0.347076 0.789435 0.200227 0.311474 0.0100273
0 0.401694 0.443223 0.803388 0.536349 0.0100094
0 0.0120933 0.311884 0.0241866 0.316573 0.00999038
0 0.940134 0.241148 0.119732 0.312051 0.00997337
0 0.0110745 0.18738 0.0221489 0.341545 0.00996391
0 0.767694 0.712823 0.22471 0.321718 0.00993842
0 0.884656 0.119635 0.230687 0.23927 0.00993526
0 0.0733839 0.0737053 0.112271 0.147411 0.00987189
0 0.272981 0.645062 0.218624 0.330049 0.00985761
0 0.706283 0.462127 0.587435 0.733051 0.0098368
0 0.830184 0.291504 0.339632 0.438488 0.00983507
0 0 0.904527 0 0.190946 0.0098091
0 1 0.929071 0 0.141858 0.00978622
0 0.239249 0.785927 0.191871 0.304357 0.00976021
0 0.138178 0.897346 0.183324 0.205307 0.00971536
0 0.00536481 0.574726 0.0107296 0.302125 0.00969087
0 0.217084 0.574043 0.434168 0.342558 0.00968118
0 0.964146 0.116006 0.0717088 0.232013 0.00967664
0 0.891262 0.665682 0.201534 0.31988 0.00962904
0 0.252923 0.450402 0.505847 0.447012 0.00961947
0 0.650373 0.0685961 0.196045 0.137192 0.00961417
0 0.855916 0.626131 0.189644 0.315041 0.00961051
0 0.552152 0.134346 0.804067 0.268692 0.0096065
0 0.844542 0.834054 0.153594 0.244225 0.00959527
0 0.00398416 0.499054 0.00796831 0.312602 0.00954056
0 0 0.897515 0 0.20497 0.00952917
0 0.975789 0.876806 0.0484217 0.246389 0.00950415
0 0.326796 0.550929 0.441651 0.329799 0.00944202
0 0.88971 0.898572 0.22058 0.202856 0.00942832
0 0.15262 0.499198 0.305241 0.42723 0.0094092
0 0.566577 0.888803 0.186475 0.222395 0.00940175
0 1 0.76723 0 0.25925 0.00937319
0 0.72376 0.836072 0.207561 0.150198 0.947938
0 0.577149 0.851524 0.136377 0.0845615 0.0621997
0 0.559766 0.0768568 0.146748 0.0597272 0.0330253
0 0.622834 0.219923 0.142593 0.101646 0.0177433
0 0.00224779 0.0513272 0.00449559 0.102654 0.0120605
0 0.032105 0.811433 0.06421 0.301037 0.0102199
0 0.0576439 0.909642 0.115288 0.180716 0.00998702
0 0.199843 0.91621 0.319833 0.167579 0.00991354
0 0.883045 0.254282 0.233909 0.269952 0.00975531
0 0.185107 0.892828 0.370214 0.214345 0.00966855
0 0.876166 0.552603 0.247667 0.277562 0.0096531
0 0.103374 0.305417 0.206748 0.294226 0.00962925
0 0.075008 0.849437 0.150016 0.301127 0.0096072
0 0.19292 0.84733 0.385841 0.271308 0.00948272
0 0.0359449 0.716243 0.0718897 0.298253 0.00944986
0 0.0953505 0.372092 0.190701 0.289831 0.00944328
0 0.873695 0.504801 0.252611 0.273962 0.00942443
0 0.891124 0.301432 0.217753 0.271916 0.00932793
0 0.0566155 0.767744 0.113231 0.282371 0.00929636
0 0.108848 0.25619 0.217697 0.315419 0.00929542
0 0.203358 0.293987 0.406715 0.306483 0.00922207
0 0.128847 0.412216 0.257694 0.272796 0.00920842
0 0.888627 0.34992 0.222746 0.277761 0.00920331
0 0.0368296 0.215089 0.0736592 0.353679 0.00914177
0 0.799071 0.249261 0.401859 0.283451 0.00906722
0 0.876783 0.451625 0.246435 0.276012 0.00904295
0 0.170811 0.358344 0.341622 0.256925 0.00899094
0 0.865373 0.20654 0.269255 0.284571 0.00898018
0 0.853804 0.303704 0.292393 0.278311 0.00896558
0 0.0661198 0.148798 0.13224 0.297595 0.00888937
0 0.0272864 0.570654 0.0545728 0.307654 0.00888386
0 0.0641434 0.961252 0.128287 0.0774957 0.00884704
0 0.74658 0.307151 0.485882 0.27577 0.00878614
0 0.0853367 0.416314 0.170673 0.296561 0.00878389
0 0.18323 0.219991 0.36646 0.295514 0.00876737
0 0.306069 0.220331 0.480467 0.260209 0.00875757
0 0.880991 0.402557 0.238019 0.28206 0.00872548
0 0.019286 0.422809 0.038572 0.319168 0.00867418
0 0.841593 0.557914 0.316815 0.268097 0.00866113
0 0.24659 0.745176 0.385772 0.271239 0.00865849
0 0.223352 0.351795 0.352638 0.257937 0.00864255
0 0.239422 0.66193 0.365984 0.243389 0.00863452
0 0.831437 0.158746 0.337127 0.317491 0.00861619
0 0.244143 0.586454 0.354405 0.238591 0.00861029
0 0.501121 0.255075 0.398425 0.269296 0.00860459
0 0.381311 0.223668 0.449155 0.247399 0.00860373
0 0.0309759 0.315633 0.0619518 0.31749 0.00856744
0 0.283391 0.549509 0.323665 0.225618 0.0085669
0 0.92953 0.34525 0.14094 0.235823 0.00855455
0 0.816266 0.562568 0.362328 0.259894 0.00855136
0 0.100136 0.517957 0.200272 0.26169 0.00854946
0 0.0790528 0.47982 0.158106 0.275779 0.00853839
0 0.22275 0.557248 0.324109 0.23933 0.00853249
0 0.188141 0.752288 0.376282 0.259426 0.00851198
0 0.113092 0.571763 0.226183 0.25847 0.0085106
0 0.292944 0.262468 0.465348 0.269829 0.00850705
0 0.063511 0.522227 0.127022 0.282164 0.0085049
0 0.177841 0.114546 0.355683 0.229092 0.00847856
0 0.13387 0.135819 0.267739 0.271638 0.00843582
0 0.251494 0.849656 0.384887 0.248358 0.00841962
0 0.28791 0.11819 0.415628 0.236381 0.00841302
0 0.857256 0.513939 0.285488 0.245349 0.00841211
0 0.928937 0.397361 0.142126 0.241385 0.00840697
0 0.71588 0.258319 0.39319 0.254377 0.0083928
0 0.284092 0.415004 0.344299 0.26018 0.00838706
0 0.372369 0.0708221 0.398187 0.141644 0.00838591
0 0.689477 0.468032 0.35011 0.23194 0.00837117
0 0.860797 0.351975 0.278407 0.278087 0.00834852
0 0.933489 0.299627 0.133022 0.237089 0.00833599
0 0.927321 0.589807 0.145358 0.258219 0.00832482
0 0.16517 0.414936 0.330339 0.26727 0.00831099
0 0.897988 0.0922624 0.204023 0.184525 0.00829972
0 0.706602 0.918363 0.35779 0.163275 0.00829389
0 0.353234 0.351751 0.410864 0.284636 0.00827684
0 0.303318 0.0738152 0.403488 0.14763 0.00827539
0 0.0686526 0.620886 0.137305 0.300814 0.00827012
0 0.301093 0.587198 0.36449 0.228135 0.00826685
0 0.0855767 0.892364 0.171153 0.215272 0.00826586
0 0.118536 0.510627 0.237073 0.240946 0.00825626
0 0.171379 0.263023 0.342759 0.332622 0.00824192
0 0.363519 0.123889 0.407812 0.222221 0.00822466
0 0.419635 0.605801 0.398509 0.25574 0.00820589
0 0.485245 0.602789 0.363976 0.265611 0.00819896
0 0.441099 0.927516 0.332074 0.144967 0.00817842
0 0.93576 0.250217 0.128479 0.225232 0.00817453
0 0.0750108 0.0847501 0.150022 0.1695 0.00817412
0 0.0142295 0.905027 0.0284589 0.189946 0.00817383
0 0.570337 0.144852 0.38904 0.216431 0.00815444
0 0.445654 0.136891 0.430161 0.209589 0.00815181
0 0.860892 0.650945 0.278216 0.273854 0.00812978
0 0.409243 0.892943 0.344258 0.214115 0.00812494
0 0.284881 0.350062 0.368638 0.272891 0.00812456
0 0.166092 0.510095 0.294314 0.225034 0.008118
0 0.708616 0.196121 0.385553 0.286479 0.00811651
0 0.116268 0.915602 0.232536 0.168796 0.00811634
0 0.502772 0.304846 0.391324 0.249015 0.00810003
0 0.167748 0.6065 0.320994 0.25083 0.00809383
0 0.559035 0.597185 0.358151 0.275224 0.00809207
0 0.859023 0.453463 0.281955 0.266243 0.00807813
0 0.069855 0.67228 0.13971 0.285143 0.00807386
0 0.233861 0.213372 0.440469 0.271587 0.00807264
0 0.620285 0.47083 0.344814 0.216554 0.00806574
0 0.51229 0.930053 0.335825 0.139895 0.00805411
0 0.925742 0.144327 0.148516 0.288654 0.00803535
0 0.770145 0.608593 0.348527 0.246949 0.00803351
0 0.864997 0.698378 0.270007 0.275623 0.00801847
0 0.0224642 0.850239 0.0449284 0.299522 0.00801291
0 0.558131 0.658291 0.352171 0.264185 0.00801023
0 0.862882 0.403798 0.274237 0.278061 0.00799088
0 0.897814 0.699001 0.204372 0.270525 0.00798689
0 0.432312 0.399478 0.381011 0.256914 0.00798212
0 0.483081 0.703268 0.330808 0.260721 0.00797092
0 0.936552 0.205178 0.126896 0.237854 0.00797083
0 0.931577 0.452196 0.136846 0.238198 0.00796232
0 0.637587 0.606074 0.361169 0.260367 0.00796161
0 0.548126 0.554175 0.335384 0.244732 0.00795363
0 0.497539 0.469775 0.347764 0.22437 0.00795309
0 0.307622 0.858704 0.375012 0.217927 0.00794981
0 0.243376 0.896191 0.380692 0.207617 0.00794662
0 0.823818 0.454525 0.352365 0.258825 0.00794549
0 0.829157 0.523317 0.341685 0.216005 0.00794046
0 0.363407 0.757127 0.353319 0.238319 0.00793703
0 0.388826 0.278616 0.434953 0.284453 0.00793683
0 0.704277 0.614723 0.346726 0.23969 0.00793432
0 0.755594 0.132491 0.458006 0.264981 0.00792459
0 0.756428 0.354017 0.408365 0.279148 0.00791602
0 0.812865 0.352612 0.374269 0.281062 0.00790814
0 0.219604 0.466069 0.325186 0.22315 0.00790616
0 0.353768 0.657864 0.374507 0.262448 0.00790549
0 0.143021 0.76154 0.286041 0.27756 0.00790133
0 0.899472 0.759352 0.201055 0.256979 0.00790077
0 0.896027 0.645511 0.207947 0.278457 0.0078974
0 0.122466 0.891038 0.244931 0.217925 0.00789602
0 0.941285 0.910801 0.117429 0.178398 0.00789418
0 0.775751 0.701591 0.360249 0.261362 0.00787589
0 0.489218 0.655817 0.352305 0.26839 0.00787026
0 0.082209 0.967037 0.164418 0.0659266 0.00786475
0 0.57315 0.313636 0.394548 0.240399 0.00786464
0 0.361009 0.407576 0.374755 0.252621 0.00784293
0 0.360536 0.865464 0.350005 0.202842 0.00783663
0 0.685956 0.357819 0.377882 0.276878 0.00783156
0 0.793559 0.917403 0.358937 0.165193 0.00782274
0 0.882842 0.914225 0.234316 0.171549 0.00781438
0 0.187555 0.0745284 0.37511 0.149057 0.00781421
0 0.17122 0.710638 0.34244 0.263524 0.00780936
0 0.35198 0.46861 0.344223 0.240267 0.00779622
0 0.973542 0.538957 0.0529163 0.220515 0.00778761
0 0.703575 0.699256 0.342088 0.256247 0.0077859
0 0.235344 0.0776386 0.422271 0.155277 0.00778201
0 0.423015 0.65454 0.388452 0.27207 0.00778167
0 0.865915 0.769413 0.268171 0.246718 0.00776166
0 0.762849 0.459027 0.355363 0.254247 0.00775663
0 0.867818 0.817979 0.264364 0.256456 0.00775619
0 0.289612 0.701776 0.355573 0.264921 0.00775292
0 0.178366 0.652848 0.356733 0.232169 0.00774579
0 0.420352 0.865557 0.343027 0.209249 0.00774477
0 0.624401 0.522167 0.340104 0.212567 0.0077443
0 0.139049 0.967867 0.278099 0.0642655 0.00774274
0 0.160964 0.474626 0.321929 0.215604 0.00773895
0 0.291224 0.823989 0.377507 0.251183 0.00773253
0 0.139224 0.0559555 0.278448 0.111911 0.00773047
0 0.644087 0.700031 0.353916 0.245125 0.00772792
0 0.649781 0.0746009 0.380294 0.149202 0.00772515
0 0.627489 0.383973 0.355823 0.279393 0.00772088
0 0.632242 0.141919 0.351528 0.222102 0.00772074
0 0.424941 0.471283 0.359198 0.237055 0.00771654
0 0.823778 0.655887 0.334539 0.262837 0.00769756
0 0.912031 0.962173 0.175938 0.0756546 0.0076971
0 0.753765 0.560165 0.35503 0.251406 0.00768509
0 0.987707 0.90908 0.0245853 0.18184 0.00768069
0 0.365084 0.554242 0.35166 0.205816 0.00767993
0 0.021119 0.765351 0.042238 0.299604 0.00767389
0 0.269362 0.916705 0.318522 0.16659 0.0076536
0 0.696494 0.658682 0.336683 0.250471 0.00765167
0 0.557678 0.700503 0.33347 0.257715 0.00765021
0 0.686928 0.133088 0.398068 0.242846 0.00764798
0 0.719403 0.0742496 0.410559 0.148499 0.00762706
0 0.364196 0.595571 0.378677 0.246192 0.00761558
0 0.22368 0.41703 0.334768 0.261245 0.00760963
0 0.13964 0.245971 0.27928 0.392048 0.00760385
0 0.553632 0.47109 0.336282 0.214007 0.00760342
0 0.41698 0.811316 0.339253 0.204736 0.00760128
0 0.971659 0.585079 0.0566811 0.240298 0.00759276
0 0.0174182 0.263319 0.0348364 0.305169 0.00758789
0 0.762436 0.658268 0.341196 0.251217 0.00758759
0 0.142168 0.811166 0.284335 0.273386 0.00758643
0 0.981581 0.96104 0.0368373 0.0779209 0.00758051
0 0.948754 0.956165 0.102492 0.0876701 0.00757926
0 0.485718 0.167229 0.403661 0.254949 0.00757901
0 0.90049 0.80809 0.199019 0.26209 0.00757644
0 0.770842 0.393557 0.369505 0.279449 0.00757063
0 0.816526 0.782959 0.343312 0.244147 0.00756756
0 0.442832 0.0696752 0.41207 0.13935 0.00756413
0 0.871385 0.966998 0.25723 0.0660038 0.00752076
0 0.975415 0.286906 0.0491693 0.212023 0.00751864
0 0.364621 0.920196 0.318563 0.159607 0.00750955
0 0.0298082 0.166027 0.0596164 0.332053 0.00750911
0 0.973255 0.239316 0.0534892 0.1921 0.00750799
0 0.4183 0.70408 0.363651 0.262255 0.00748556
0 0.976193 0.636507 0.0476145 0.219945 0.00747818
0 0.68843 0.553486 0.358665 0.244945 0.00745587
0 0.661983 0.97071 0.400633 0.058581 0.00745027
0 0.200729 0.966831 0.390175 0.0663374 0.00744225
0 0.0183073 0.101507 0.0366146 0.203013 0.00743543
0 0.977807 0.498591 0.044387 0.215959 0.0074252
0 0.58449 0.926988 0.314061 0.146023 0.00742058
0 0.825976 0.400028 0.348047 0.275533 0.00741945
0 0 0.0310243 0 0.0620487 0.00741108
0 0.104522 0.811632 0.209044 0.280377 0.00740921
0 0.352569 0.823954 0.3485 0.237212 0.0074044
0 0.976651 0.334607 0.0466979 0.211298 0.00738284
0 0.867151 0.0673563 0.265698 0.134713 0.00737871
0 0.931272 0.507246 0.137455 0.246263 0.00737523
0 0.815206 0.870266 0.333863 0.250663 0.00736807
0 0.348215 0.891199 0.335682 0.217602 0.00735906
0 0.43286 0.559333 0.370013 0.202921 0.00734828
0 0 0.0858191 0 0.171638 0.00734094
0 0.633391 0.65783 0.359736 0.256615 0.00733526
0 0.0659319 0.0606803 0.131864 0.121361 0.007333
0 0.981705 0.442432 0.0365904 0.203135 0.00731289
0 0.424659 0.771506 0.34741 0.222587 0.00730283
0 0.868693 0.870526 0.262615 0.251717 0.00729962
0 0.629634 0.181456 0.365018 0.264817 0.00728435
0 0.271166 0.464835 0.323784 0.233974 0.00727948
0 0.788413 0.968852 0.380157 0.0622965 0.00726166
0 0.900772 0.864886 0.198457 0.264217 0.0072601
0 0.0128905 0.363413 0.0257809 0.2894 0.00725548
0 0.495503 0.523237 0.338835 0.22232 0.00725321
0 0.144175 0.302326 0.28835 0.316526 0.00725292
0 0.979266 0.385664 0.0414676 0.205732 0.00724528
0 0.982558 0.200645 0.0348834 0.200636 0.00722345
0 0.0312531 0.948756 0.0625061 0.102488 0.00721225
0 0.790666 0.0815427 0.418667 0.163085 0.00720349
0 0.764911 0.524772 0.342874 0.209 0.00718714
0 0.832609 0.967658 0.334782 0.0646833 0.00718331
0 0.494129 0.356162 0.380219 0.284076 0.00718062
0 0.122943 0.627155 0.245886 0.277421 0.0071736
0 0.560233 0.357497 0.371338 0.27796 0.00713161
0 0.51856 0.0740273 0.400696 0.148055 0.00710134
0 0.976131 0.690158 0.0477378 0.203479 0.00709656
0 0.425866 0.518293 0.354135 0.22938 0.00709009
0 0.581757 0.0778936 0.387346 0.155787 0.00705627
0 0.0109433 0.516278 0.0218865 0.28306 0.00705163
0 0.578285 0.263576 0.41289 0.254245 0.00703534
0 0.98162 0.139609 0.0367597 0.254794 0.0070133
0 0.0227752 0.668703 0.0455504 0.293161 0.00695997
0 0.974016 0.0702659 0.0519681 0.140532 0.00694162
0 0.572179 0.970798 0.363659 0.0584036 0.00693996
0 0.582791 0.804562 0.342793 0.201876 0.00693456
0 0.0191402 0.617731 0.0382804 0.297149 0.00693214
0 0.357463 0.519234 0.339853 0.229471 0.00691547
0 0.0101885 0.46632 0.0203769 0.284908 0.00690716
0 0.97801 0.742098 0.0439791 0.20437 0.00688472
0 0.128139 0.572607 0.256278 0.207817 0.0068639
0 0.716873 0.723487 0.151287 0.0740823 0.00685506
0 0.411694 0.163208 0.419202 0.25704 0.0068545
0 0.484648 0.893233 0.346232 0.213534 0.00680456
0 0.107968 0.057756 0.215935 0.115512 0.00677545
0 0.446784 0.969901 0.386315 0.0601976 0.00674631
0 0.97776 0.842382 0.0444809 0.220796 0.00674379
0 0.439721 0.211267 0.406923 0.254742 0.00674081
0 0.978911 0.79113 0.0421784 0.210319 0.00673438
0 0.181533 0.0566868 0.363065 0.113374 0.00672505
0 0.117501 0.0793404 0.235002 0.158681 0.0066815
0 0.481487 0.78301 0.321269 0.22124 0.00667277
0 0.143676 0.368498 0.287353 0.2747 0.0066682
0 0.156668 0.854248 0.313335 0.289885 0.00666339
0 0.161791 0.566141 0.323583 0.221073 0.00665085
0 0.826939 0.0877537 0.346121 0.175507 0.00661903
0 0.829639 0.0649784 0.340721 0.129957 0.00660134
0 0.903009 0.0651041 0.193983 0.130208 0.00651116
0 0.138993 0.650325 0.277985 0.254457 0.0064958
0 0.126591 0.710708 0.253183 0.261631 0.0064392
0 0.637643 0.78745 0.363076 0.240442 0.00643284
0 0.567501 0.86551 0.122012 0.111067 0.00641487
0 0.269632 0.966843 0.376316 0.0663139 0.00641439
0 0.488562 0.850586 0.339516 0.198118 0.00641156
0 0.785729 0.0617818 0.397526 0.123564 0.00640101
0 0.678861 0.861813 0.320363 0.275642 0.00640017
0 0.771119 0.888451 0.374048 0.223097 0.00639384
0 0.243884 0.0573241 0.379936 0.114648 0.00638958
0 0.0909313 0.710386 0.181863 0.270987 0.00637658
0 0.0216889 0.940601 0.0433778 0.118798 0.00637654
0 0.376654 0.969982 0.371696 0.0600368 0.00634036
0 0.220068 0.408113 0.11896 0.0857345 0.00632296
0 0.145197 0.0753034 0.290393 0.150607 0.00632284
0 0.369471 0.0557951 0.37406 0.11159 0.00615302
0 0.000991616 0.575603 0.00198323 0.262729 0.00603428
0 0 0.0250949 0 0.0501898 0.00585551
0 0.0466615 0.0395452 0.093323 0.0790905 0.00566284
0 0.296962 0.496503 0.140732 0.109449 0.0055986
0 0.576872 0.0559028 0.36588 0.111806 0.00557793
0 0.0297633 0.0673433 0.0595266 0.134687 0.00554426
0 0.599109 0.0772577 0.180866 0.0608167 0.00547312
0 0.00160286 0.734001 0.00320573 0.282822 0.00544527
0 0.000622848 0.950571 0.0012457 0.0988588 0.00539192
0 0.462118 0.52267 0.137701 0.0853437 0.00520285
0 0.000920962 0.828616 0.00184192 0.296474 0.00519041
0 0 0.0336081 0 0.0672163 0.00509658
0 0.801147 0.674843 0.14646 0.0863087 0.00502506
0 0.721483 0.836513 0.205823 0.149975 0.914086
0 0.587864 0.852301 0.152819 0.0836506 0.0138281
0 0.664172 0.293089 0.197121 0.148402 0.0105078
0 0.367239 0.934711 0.297877 0.130579 0.00821672
0 1 0.961609 0 0.0767827 0.00802948
0 0.48116 0.906477 0.322504 0.187045 0.00787854
0 0.227184 0.612404 0.454368 0.523729 0.00787294
0 0.844125 0.278043 0.311751 0.460741 0.00758385
0 0.84309 0.376305 0.313821 0.447477 0.00755647
0 0.201362 0.754134 0.402724 0.491732 0.00745486
0 0.429002 0.935979 0.258828 0.128043 0.00741333
0 0.779388 0.935554 0.288561 0.128893 0.00733646
0 0.229415 0.706464 0.45883 0.549861 0.00725404
0 0.00570476 0.910751 0.0114095 0.178499 0.0072114
0 0.0928829 0.362837 0.185766 0.461749 0.0072103
0 0.195512 0.648317 0.391025 0.703366 0.00712227
0 1 0.943977 0 0.112045 0.00709669
0 0.995362 0.157342 0.00927655 0.314683 0.00707706
0 0.863563 0.548454 0.272873 0.189569 0.00706514
0 0.872032 0.662813 0.255936 0.188113 0.00706295
0 0.167425 0.067259 0.0901524 0.0550928 0.00704213
0 0.186029 0.966204 0.337074 0.0675914 0.00702172
0 1 0.115563 0 0.231127 0.00702075
0 0.867409 0.603602 0.265182 0.191038 0.00698626
0 0.737984 0.912573 0.306623 0.174855 0.00695378
0 0.833943 0.606765 0.320499 0.186451 0.00693402
0 0.854138 0.185461 0.291724 0.370921 0.00692898
0 0.866602 0.114828 0.266796 0.229656 0.00690448
0 0.158703 0.47661 0.317405 0.626279 0.00690101
0 0.256018 0.898517 0.331018 0.202967 0.00689214
0 0.363236 0.968392 0.32474 0.0632154 0.00684542
0 0.521214 0.933205 0.25467 0.13359 0.0068287
0 0.103172 0.252496 0.206344 0.303575 0.00681976
0 0.697683 0.923248 0.247466 0.153504 0.00680813
0 0.0690251 0.274746 0.13805 0.382974 0.00680807
0 0.00766554 0.0794324 0.0153311 0.158865 0.0067943
0 0.84525 0.940446 0.294005 0.119108 0.00678573
0 0.938527 0.552794 0.122946 0.191731 0.00676988
0 0.875327 0.9675 0.249346 0.065001 0.00675287
0 0.273829 0.930587 0.281732 0.138826 0.00672788
0 0.89783 0.547701 0.204341 0.209253 0.00670361
0 0.880106 0.758519 0.239787 0.198164 0.00670335
0 0.397712 0.905732 0.297762 0.188536 0.00668403
0 0.882033 0.70321 0.235935 0.213585 0.00668256
0 0.119552 0.971958 0.239104 0.0560833 0.00664089
0 0.878319 0.908277 0.243362 0.183446 0.0066282
0 0.312037 0.966402 0.319636 0.0671965 0.00661124
0 0.78007 0.968472 0.331246 0.0630556 0.0066077
0 0.424345 0.968818 0.315651 0.0623651 0.00659776
0 0.21205 0.489469 0.4241 0.450355 0.00658966
0 0.352314 0.898233 0.318646 0.203533 0.00658642
0 0.201599 0.93001 0.288184 0.139981 0.00658419
0 0.988065 0.968145 0.0238705 0.0637096 0.00657165
0 0.898682 0.482091 0.202637 0.290769 0.00653549
0 0.820245 0.911096 0.324336 0.177807 0.0065138
0 0.779564 0.671619 0.34395 0.189603 0.00649177
0 0.943306 0.904248 0.113388 0.191505 0.00648326
0 0.679661 0.607001 0.294375 0.175515 0.00647923
0 0.588076 0.969717 0.34065 0.0605659 0.00647125
0 0.943157 0.60095 0.113685 0.17966 0.00645918
0 0.902627 0.600588 0.194746 0.209376 0.00645651
0 0.858935 0.502195 0.282131 0.19348 0.00645265
0 0.85757 0.447592 0.284861 0.268707 0.00645182
0 0.838117 0.967625 0.310573 0.0647495 0.00645097
0 0.837991 0.668744 0.311554 0.187642 0.00644354
0 0.280816 0.85835 0.301204 0.183269 0.00639592
0 0.0482031 0.213384 0.0964061 0.345819 0.00635922
0 0.477553 0.815813 0.306473 0.184394 0.00635742
0 0.946637 0.649041 0.106727 0.174054 0.00635465
0 0.839107 0.107298 0.321787 0.214597 0.00633784
0 0.661312 0.801448 0.317589 0.212735 0.00633489
0 0.954984 0.696367 0.0900321 0.178807 0.00633037
0 0.813657 0.770396 0.343239 0.202109 0.00631608
0 0.710782 0.97031 0.323792 0.0593802 0.0063111
0 0.477675 0.601392 0.31115 0.183104 0.00630634
0 0.0316239 0.937556 0.0632477 0.124888 0.00630287
0 0.267569 0.964212 0.319255 0.0715767 0.00629753
0 0.511404 0.96923 0.337023 0.061539 0.00628873
0 0.549734 0.602934 0.316045 0.179848 0.00628514
0 0.881203 0.814198 0.237595 0.209191 0.00626894
0 0.172892 0.102951 0.345784 0.205902 0.0062665
0 0.0428079 0.774339 0.0856158 0.451322 0.00626249
0 1 0.184206 0 0.368412 0.00626016
0 0.311849 0.812348 0.294941 0.203422 0.00625374
0 0.768828 0.709736 0.338517 0.224245 0.00624651
0 0.875945 0.098967 0.248111 0.197934 0.00623807
0 0.474272 0.664306 0.305029 0.173353 0.00623789
0 0.767819 0.609017 0.33503 0.180681 0.00623009
0 0.908537 0.653998 0.182925 0.204123 0.00621409
0 0.221714 0.793561 0.443429 0.412877 0.00620548
0 0.132173 0.101889 0.264345 0.203777 0.00620223
0 0.995608 0.927653 0.00878459 0.144694 0.00617836
0 0.827615 0.708897 0.309209 0.2228 0.00617263
0 1 0.0838915 0 0.167783 0.00615528
0 0.621072 0.604678 0.314845 0.176414 0.00615114
0 0.65742 0.971078 0.336444 0.0578447 0.00614982
0 1 0.522902 0 0.253496 0.00613565
0 0.96403 0.744945 0.0719403 0.181257 0.00611613
0 0.396273 0.770139 0.290076 0.178151 0.0061121
0 0.900034 0.937027 0.199931 0.125945 0.00610908
0 0.874845 0.878133 0.25031 0.223456 0.00609499
0 0.0301323 0.373523 0.0602647 0.511779 0.00609143
0 0.351897 0.654688 0.318994 0.162154 0.00608864
0 0.410456 0.658527 0.316067 0.168222 0.00608209
0 0.687062 0.708021 0.311523 0.221433 0.00608158
0 0.686175 0.832011 0.279079 0.167099 0.00607926
0 0.555843 0.667694 0.327406 0.177926 0.00607912
0 0.394627 0.870054 0.294621 0.182759 0.00607292
0 0.159957 0.351563 0.319914 0.361188 0.0060557
0 0.556009 0.515178 0.3319 0.184521 0.00604355
0 0.199272 0.798107 0.398545 0.403787 0.00603546
0 0.691974 0.668817 0.313179 0.180065 0.00602643
0 0.99933 0.480323 0.00134093 0.288332 0.00601206
0 0.988679 0.549873 0.0226422 0.198659 0.00599173
0 0.194247 0.905016 0.352196 0.189967 0.00598215
0 0.651638 0.894266 0.293926 0.211468 0.00598052
0 0.30607 0.704499 0.285771 0.201106 0.00597565
0 0.989663 0.792528 0.0206741 0.177664 0.00597127
0 0.352657 0.572815 0.318054 0.170405 0.0059683
0 0.400293 0.101214 0.423075 0.202428 0.00596066
0 0.620789 0.515646 0.327979 0.181537 0.00596007
0 0.394843 0.821099 0.291754 0.180536 0.0059591
0 0.79918 0.103118 0.401641 0.206236 0.00594465
0 0.415469 0.566957 0.330841 0.16544 0.00593861
0 0.410486 0.599813 0.317554 0.191586 0.00593725
0 0.28099 0.104707 0.431951 0.209415 0.00592399
0 1 0.419312 0 0.450143 0.00592283
0 0.988647 0.842871 0.0227063 0.179792 0.00589521
0 0.979693 0.103087 0.0406142 0.206174 0.00587822
0 0.635231 0.666278 0.333283 0.174175 0.00587652
0 0.485198 0.564777 0.321667 0.166479 0.00587382
0 0.0783829 0.203709 0.156766 0.259096 0.00584224
0 1 0.102101 0 0.204203 0.00583958
0 0.925089 0.697361 0.149821 0.213376 0.00583467
0 0.346833 0.865682 0.315673 0.181898 0.00582224
0 0.627062 0.464466 0.356859 0.195938 0.0058145
0 0.677626 0.516895 0.312794 0.1778 0.00581091
0 0.938634 0.746966 0.122732 0.209637 0.00580823
0 0.310987 0.753201 0.296359 0.182713 0.00579937
0 0.123999 0.29819 0.247997 0.334835 0.00579914
0 0.0263587 0.298479 0.0527173 0.394209 0.00579905
0 0.00560856 0.172637 0.0112171 0.277975 0.0057868
0 0.0306973 0.973608 0.0613946 0.0527831 0.00578484
0 0.662985 0.0875799 0.403317 0.17516 0.00577672
0 0.302034 0.604412 0.279388 0.205202 0.00577417
0 0.935561 0.229909 0.128877 0.459819 0.00577037
0 0.746131 0.094142 0.44527 0.188284 0.00576172
0 0.560036 0.466668 0.35383 0.206057 0.00575027
0 0.0792473 0.0859643 0.158495 0.171929 0.00574592
0 0.485766 0.520999 0.332709 0.181109 0.00573341
0 0.552466 0.712017 0.313568 0.22877 0.0057224
0 0.827224 0.550999 0.319944 0.185288 0.00571833
0 0.231657 0.858571 0.311184 0.216195 0.00571303
0 0.258714 0.66137 0.324532 0.187499 0.00570734
0 0.261955 0.750938 0.321444 0.193355 0.00564215
0 0.58643 0.0878112 0.371066 0.175622 0.00563156
0 0.0366081 0.16293 0.0732162 0.313603 0.00561104
0 0.517359 0.0890794 0.374554 0.178159 0.00560754
0 1 0.343733 0 0.304588 0.00560259
0 0.683444 0.904997 0.275258 0.190006 0.00558453
0 0.935183 0.391502 0.129634 0.593817 0.00558051
0 0.466291 0.711658 0.30801 0.21531 0.00553944
0 0.630077 0.923237 0.232407 0.153526 0.00552977
0 0.944841 0.861138 0.110319 0.235726 0.00551188
0 0.224226 0.757854 0.336663 0.250284 0.00550715
0 0.400925 0.707775 0.302575 0.202303 0.00550103
0 0.95937 0.793811 0.0812607 0.214248 0.00549327
0 1 0.243235 0 0.304726 0.00549022
0 0.14252 0.896433 0.28504 0.207133 0.00547744
0 0.0121959 0.124999 0.0243918 0.249997 0.00547674
0 0.180029 0.802054 0.360058 0.316084 0.00547589
0 0.247768 0.608065 0.309761 0.210757 0.00545622
0 0.414333 0.526668 0.340689 0.177733 0.00544601
0 0 0.0921824 0 0.184365 0.00544111
0 0.908415 0.302001 0.183169 0.604001 0.00544037
0 0.407951 0.46814 0.367156 0.231834 0.00538889
0 0.248104 0.573921 0.323014 0.185818 0.00537299
0 0.174317 0.659123 0.348634 0.339825 0.00537009
0 0.67637 0.559135 0.297739 0.173571 0.00536783
0 0.352431 0.524084 0.324554 0.186043 0.00535984
0 0.587067 0.0927428 0.341103 0.185486 0.00535297
0 0.553163 0.565093 0.316888 0.169974 0.0053482
0 1 0.394014 0 0.568763 0.00534642
0 0.140718 0.125903 0.281436 0.251806 0.00532551
0 0.219916 0.811102 0.333151 0.242792 0.00531955
0 0.620744 0.563081 0.31668 0.168621 0.00531614
0 1 0.484688 0 0.28413 0.00531381
0 1 0.67859 0 0.181781 0.00529881
0 0.690145 0.460947 0.359433 0.20128 0.00529193
0 0.230247 0.515366 0.329448 0.218074 0.00528394
0 0.237497 0.321729 0.405317 0.263983 0.00527555
0 1 0.390946 0 0.298926 0.00525729
0 0.82403 0.513064 0.331707 0.170756 0.00523547
0 0.48023 0.469656 0.355499 0.215624 0.00522955
0 1 0.566679 0 0.234746 0.00522136
0 0.756117 0.552967 0.329366 0.183384 0.00521932
0 0.0783846 0.974032 0.156769 0.0519367 0.00521155
0 0.125258 0.265111 0.250516 0.325414 0.00517227
0 0.310298 0.417687 0.413888 0.328892 0.00516633
0 0.185855 0.126758 0.371709 0.253516 0.00514976
0 0.520241 0.092611 0.351977 0.185222 0.0051492
0 0.979703 0.248414 0.0405947 0.496828 0.00509811
0 0.299038 0.517319 0.304356 0.198405 0.00509268
0 1 0.16963 0 0.306788 0.00507171
0 0.191535 0.322677 0.38307 0.290071 0.0050676
0 0.0398273 0.89542 0.0796547 0.20916 0.00506045
0 0.172734 0.853353 0.345469 0.293295 0.00505355
0 0.654768 0.095785 0.39676 0.19157 0.00501259
0 1 0.917215 0 0.165571 0.00500897
0 0.349233 0.120502 0.472972 0.241004 0.00500589
0 0.456917 0.0991338 0.380729 0.198268 0.00499707
0 0.115164 0.202335 0.230328 0.295733 0.00497925
0 0.293319 0.468225 0.342092 0.227488 0.00495486
0 0.935646 0.962521 0.128708 0.0749588 0.0049511
0 0.0478415 0.485612 0.0956829 0.702667 0.00495109
0 0.223416 0.710693 0.323415 0.262953 0.0049476
0 1 0.735458 0 0.163937 0.00493812
0 0.425095 0.415622 0.415328 0.305291 0.00493654
0 0.22864 0.47082 0.353563 0.226009 0.00492587
0 0.756118 0.517007 0.337721 0.17081 0.00491155
0 0.619824 0.317551 0.349706 0.233052 0.0049015
0 0.19911 0.708267 0.39822 0.418984 0.00487905
0 0.783244 0.122052 0.433512 0.244104 0.00487252
0 0.152415 0.567285 0.304829 0.305473 0.00485128
0 0.421565 0.32562 0.397017 0.250613 0.00482892
0 0.624873 0.388756 0.395283 0.331256 0.00481401
0 0.234612 0.421486 0.40311 0.314191 0.00479915
0 0.182568 0.802466 0.365135 0.371028 0.00479014
0 1 0.615941 0 0.218345 0.00478768
0 0.495383 0.322441 0.394828 0.24933 0.00478131
0 0.426002 0.139152 0.39931 0.261169 0.00477721
0 0.948416 0.0853637 0.103168 0.170727 0.00474138
0 0.172508 0.522188 0.345016 0.249967 0.0047283
0 0.143677 0.516357 0.287354 0.300534 0.00470504
0 0.368649 0.14417 0.440816 0.28834 0.00468968
0 0.745745 0.106764 0.493699 0.213528 0.00465068
0 0.0873777 0.934462 0.174755 0.131077 0.00464622
0 1 0.136354 0 0.272708 0.00462231
0 1 0.786032 0 0.161213 0.00461594
0 0.771169 0.377581 0.425744 0.340473 0.00461492
0 0.768874 0.313695 0.411099 0.272726 0.00458815
0 0.163377 0.572085 0.326755 0.375178 0.00458164
0 0.16429 0.316334 0.328579 0.328468 0.00457564
0 0.56542 0.315208 0.377436 0.250727 0.00456273
0 0.499106 0.378203 0.3947 0.302129 0.00455231
0 0.816547 0.376998 0.366907 0.332931 0.00455187
0 0.178232 0.475651 0.356463 0.25272 0.00454859
0 0.191136 0.262449 0.382271 0.305741 0.00454633
0 0.308875 0.250726 0.417674 0.285653 0.00454545
0 0.700732 0.317702 0.361913 0.232912 0.00452684
0 0.806806 0.825475 0.351588 0.204136 0.00452504
0 1 0.439552 0 0.296925 0.00452128
0 0.577838 0.0792761 0.166848 0.0625433 0.00452006
0 0.00660461 0.970343 0.0132092 0.0593143 0.00451507
0 0.822919 0.456816 0.354163 0.217367 0.00449059
0 0.148196 0.515187 0.296392 0.353549 0.00448233
0 0.820223 0.414108 0.359554 0.296225 0.00446684
0 0.0760386 0.155598 0.152077 0.257612 0.00445428
0 0.438401 0.254314 0.425076 0.278273 0.0044358
0 0.73367 0.866302 0.286125 0.185205 0.00443547
0 0.0924214 0.891447 0.184843 0.217105 0.00442349
0 0.487751 0.138193 0.37798 0.242625 0.00441173
0 0.808786 0.879555 0.351637 0.211422 0.00440426
0 0.924777 0.320627 0.150447 0.621264 0.00440178
0 0.196818 0.616262 0.326192 0.259677 0.00437054
0 0.760302 0.459675 0.367071 0.202635 0.00435727
0 0.817613 0.214915 0.364775 0.355136 0.00432588
0 0.705684 0.386961 0.403537 0.332297 0.00432145
0 1 0.836256 0 0.160451 0.00429759
0 0.18519 0.427626 0.370381 0.316569 0.00428099
0 0.0534017 0.630904 0.106803 0.718249 0.00427991
0 0.563887 0.415264 0.376514 0.303763 0.00427077
0 0.740735 0.822059 0.299839 0.195917 0.00426626
0 0.153388 0.840886 0.306776 0.318229 0.0042448
0 0.154684 0.419557 0.309367 0.332279 0.00422141
0 0.511585 0.261589 0.405997 0.263938 0.00417127
0 0.126413 0.931299 0.252825 0.137401 0.00416918
0 0.631632 0.224937 0.421459 0.312868 0.00415472
0 0.189392 0.575285 0.352755 0.226836 0.00415105
0 0.12301 0.143906 0.24602 0.287812 0.00414536
0 0.627402 0.268624 0.35006 0.225198 0.00414377
0 0.0905553 0.432332 0.181111 0.61401 0.00413064
0 0.819303 0.313149 0.361394 0.287804 0.00412913
0 0.477244 0.870092 0.323803 0.189735 0.00412095
0 0.361946 0.382598 0.387804 0.34456 0.00411899
0 0.321092 0.208545 0.479927 0.359281 0.00411147
0 1 0.887679 0 0.160047 0.00410697
0 0.816035 0.141929 0.36793 0.283858 0.00408773
0 0.168665 0.147636 0.337329 0.295272 0.00408404
0 0.504019 0.191702 0.382662 0.331802 0.00407785
0 0.140571 0.365667 0.281142 0.35722 0.00404448
0 0.00253061 0.947798 0.00506122 0.104403 0.00401844
0 0.777569 0.255405 0.409631 0.278707 0.00394092
0 0.451243 0.215034 0.477342 0.344363 0.00390765
0 0.161921 0.209085 0.323842 0.319111 0.00389714
0 0.254795 0.152698 0.483667 0.305396 0.00382223
0 0.204762 0.1676 0.409524 0.320238 0.003803
0 0.627294 0.138232 0.383066 0.254165 0.00373445
0 0.777215 0.21963 0.44557 0.357067 0.00371621
0 0.54905 0.142725 0.375266 0.244754 0.00370521
0 0.72444 0.838868 0.208996 0.148783 0.971858
0 0.568296 0.851115 0.11224 0.0797344 0.884245
0 0.841839 0.622884 0.125778 0.0649506 0.0237289
0 0.849615 0.574432 0.133113 0.103289 0.0144176
0 1 0.944469 0 0.111063 0.0139297
0 0.158333 0.0671435 0.105033 0.0561494 0.0138364
0 0.00238111 0.0729439 0.00476222 0.145888 0.0121366
0 1 0.967822 0 0.0643567 0.01201
0 0.587825 0.0767376 0.1991 0.0711301 0.0109127
0 0.994466 0.913152 0.0110674 0.173696 0.0093092
0 0.0469114 0.1779 0.0938227 0.0953444 0.00782056
0 0.23865 0.289822 0.330147 0.18209 0.00734666
0 0.842687 0.558001 0.131611 0.0770083 0.0072056
0 1 0.630446 0 0.101264 0.00703403
0 0.692854 0.923293 0.247221 0.153415 0.00688552
0 1 0.660323 0 0.111113 0.00663929
0 0.629303 0.48996 0.741394 0.506514 0.006548
0 0.0868172 0.117443 0.173634 0.205142 0.00644609
0 0.51302 0.930316 0.253824 0.139368 0.00639945
0 0.150895 0.0623551 0.12973 0.0657973 0.00638754
0 0.44378 0.930025 0.254924 0.139951 0.00636571
0 0.4473 0.571287 0.354969 0.216994 0.00636293
0 0.407898 0.51619 0.557077 0.341326 0.00634464
0 0.493638 0.500316 0.760899 0.407657 0.00629117
0 0.535915 0.565563 0.370554 0.251905 0.00624496
0 0.00383689 0.0357942 0.00767379 0.0715885 0.00618904
0 0.148898 0.302223 0.274833 0.16485 0.00613897
0 0.669676 0.873665 0.316051 0.252669 0.00611871
0 0.0999598 0.476536 0.19992 0.158469 0.00611593
0 0.106268 0.536089 0.212536 0.166327 0.00611322
0 0.772393 0.933326 0.281181 0.133348 0.00609645
0 0.321727 0.81224 0.179927 0.0915539 0.00603182
0 0.604269 0.564461 0.476628 0.281647 0.00590564
0 0.0494629 0.279572 0.0989258 0.35278 0.00588039
0 0.315238 0.964927 0.343539 0.0701452 0.00587242
0 0.356204 0.114909 0.318443 0.134723 0.00585213
0 0.0967421 0.412332 0.193484 0.179897 0.00583679
0 0.11147 0.590144 0.22294 0.156055 0.0058279
0 0.232171 0.965658 0.339407 0.0686842 0.00575989
0 0.49416 0.651356 0.350385 0.207272 0.00575195
0 0.772135 0.536854 0.455731 0.280168 0.00572405
0 0.736334 0.914653 0.297055 0.170695 0.00568987
0 0.37719 0.580049 0.296074 0.198892 0.00565635
0 0.74491 0.143788 0.510179 0.287577 0.00563868
0 0.566867 0.652679 0.3421 0.216373 0.00559587
0 0.0728092 0.218011 0.145618 0.183418 0.00557746
0 0.452334 0.515749 0.108945 0.0810915 0.00557174
0 0.977931 0.873047 0.0441371 0.253906 0.00556667
0 0.865111 0.0837428 0.269779 0.167486 0.00553922
0 0.639839 0.650631 0.348701 0.216732 0.0055391
0 0.834129 0.227444 0.331742 0.217333 0.00553431
0 0.386535 0.930057 0.279725 0.139885 0.00551286
0 0.374938 0.966321 0.311118 0.0673587 0.00550905
0 0.32058 0.908964 0.317276 0.182073 0.00550502
0 0.69129 0.802547 0.286938 0.23394 0.00549731
0 0.104669 0.075548 0.209338 0.151096 0.00549154
0 0.506591 0.607825 0.33421 0.183943 0.00548467
0 0.984176 0.74124 0.0316488 0.244011 0.00547355
0 0.988377 0.790083 0.0232458 0.235706 0.00546732
0 0.824583 0.783193 0.350834 0.235052 0.00545584
0 0.571888 0.612064 0.334624 0.188211 0.00544539
0 0.0782841 0.163446 0.156568 0.17364 0.00543279
0 0.262059 0.53409 0.375588 0.217027 0.00539408
0 0.740756 0.822161 0.273197 0.195085 0.00538876
0 0.105455 0.306457 0.210909 0.160248 0.0053791
0 0.830821 0.915404 0.318308 0.169193 0.00533293
0 0.61756 0.924909 0.238603 0.150182 0.00531702
0 0.134679 0.361142 0.269357 0.201663 0.00531681
0 0.985107 0.68546 0.029787 0.228409 0.0053091
0 0.365012 0.612251 0.301259 0.173859 0.00530795
0 0.820865 0.137964 0.35827 0.226093 0.00530372
0 0.506334 0.423949 0.126664 0.114719 0.00530032
0 0.113464 0.238984 0.226927 0.200626 0.00528503
0 0.99466 0.107341 0.0106809 0.214681 0.00525944
0 0.84703 0.93914 0.287202 0.121719 0.00525794
0 0.82319 0.8713 0.35362 0.186578 0.00525652
0 0.953023 0.901123 0.0939535 0.197755 0.00524668
0 0.322799 0.644565 0.286037 0.208677 0.00524661
0 0.329466 0.288472 0.450216 0.245888 0.00523177
0 0.442726 0.809867 0.267438 0.171372 0.00523127
0 0.825073 0.823045 0.349853 0.191212 0.00522295
0 0.168128 0.934395 0.261386 0.131211 0.00518955
0 0.401986 0.206517 0.705416 0.413035 0.00518682
0 0.110365 0.627939 0.22073 0.18192 0.00518404
0 0.04363 0.113388 0.0872601 0.226776 0.00517386
0 1 0.689934 0 0.118394 0.00516712
0 0.425074 0.608787 0.338995 0.178154 0.00516217
0 0.0880464 0.479912 0.176093 0.218407 0.00515915
0 0.162266 0.537286 0.278287 0.170271 0.0051505
0 0.339414 0.804697 0.303459 0.18185 0.00513457
0 0.975977 0.0751937 0.0480468 0.150387 0.00506414
0 0.328107 0.704762 0.296837 0.208126 0.00505645
0 0.645417 0.615637 0.348554 0.187861 0.00505317
0 0.82006 0.0942313 0.35988 0.188463 0.0050513
0 0.727586 0.587635 0.427331 0.215676 0.0050403
0 0.347288 0.874786 0.307499 0.195773 0.00502177
0 0.718369 0.648934 0.336098 0.213761 0.00501961
0 0.131813 0.0681853 0.156414 0.0505874 0.00501652
0 0.60363 0.097675 0.303069 0.19535 0.00501286
0 0.728507 0.617858 0.333084 0.187355 0.00501169
0 0.145052 0.424502 0.290103 0.239758 0.00500641
0 0.753759 0.791914 0.312119 0.245081 0.00500142
0 0.0618571 0.354212 0.123714 0.435578 0.00499662
0 0.488645 0.438929 0.125194 0.088151 0.00498074
0 0.397436 0.316808 0.540018 0.342186 0.00497145
0 0.412647 0.647487 0.340406 0.206443 0.00497139
0 0.539186 0.413352 0.921627 0.559039 0.00496717
0 0.943944 0.0892916 0.112113 0.178583 0.00494961
0 0.945744 0.644395 0.108512 0.235172 0.00494938
0 0.8856 0.909646 0.2288 0.180707 0.00493959
0 0.620356 0.886471 0.341419 0.227057 0.00493693
0 0.663693 0.107187 0.376617 0.214374 0.00493361
0 0.0493555 0.156146 0.098711 0.203663 0.00492745
0 0.0987525 0.324013 0.197505 0.187766 0.00492462
0 0.510207 0.0950136 0.364543 0.190027 0.00490009
0 0.243846 0.931219 0.294862 0.137561 0.00489645
0 0.157259 0.477873 0.314518 0.196354 0.00488532
0 0.432469 0.870224 0.323837 0.17458 0.0048802
0 0.876572 0.778216 0.246857 0.251521 0.00487698
0 0.157322 0.968357 0.288582 0.0632858 0.00486617
0 0.706634 0.829752 0.256654 0.174081 0.00485899
0 0.410034 0.775612 0.311543 0.189916 0.00485626
0 0.782703 0.25801 0.434593 0.252531 0.0048454
0 0.791804 0.618965 0.312821 0.188573 0.00483916
0 0.988751 0.968153 0.0224972 0.0636938 0.0048372
0 0.431938 0.10474 0.495994 0.209479 0.00479269
0 0.712428 0.202292 0.575144 0.333303 0.00478625
0 0.876767 0.890514 0.246465 0.218972 0.00477041
0 0.780043 0.108802 0.439914 0.217603 0.00476849
0 0.229535 0.0980447 0.323667 0.196089 0.00476789
0 0.378807 0.439737 0.730404 0.40804 0.00474678
0 0.883133 0.82413 0.233734 0.214464 0.00473823
0 0.69538 0.381187 0.60924 0.486623 0.00472742
0 0.196547 0.250907 0.384158 0.225397 0.00472418
0 0.495866 0.851539 0.321084 0.152063 0.00471959
0 0.03332 0.150888 0.06664 0.290439 0.0047189
0 0.718229 0.351037 0.563542 0.395093 0.00471884
0 0.870195 0.969086 0.259611 0.0618272 0.00471883
0 1 0.71657 0 0.123655 0.00471825
0 0.342034 0.760901 0.300038 0.183442 0.00471559
0 0.00356071 0.210701 0.00712141 0.0753127 0.00469902
0 0.955321 0.686692 0.0893586 0.236026 0.00468906
0 0.320871 0.584693 0.279067 0.189297 0.00468903
0 0.129706 0.0683146 0.248908 0.136629 0.00468628
0 0.391366 0.576024 0.174901 0.0680094 0.00468058
0 0.956359 0.613763 0.0872829 0.27134 0.00467961
0 0.893531 0.937545 0.212939 0.124909 0.00467946
0 0.893401 0.1392 0.213199 0.252787 0.00467885
0 0.297161 0.796234 0.179444 0.079586 0.00466696
0 0.110367 0.67663 0.220734 0.183056 0.00466428
0 0.832853 0.968709 0.316675 0.0625816 0.00466004
0 0.6178 0.630611 0.142002 0.0724016 0.00464794
0 0.00879521 0.964423 0.0175904 0.0711536 0.00464413
0 0.381352 0.642416 0.156135 0.0685862 0.00462911
0 0.841799 0.537509 0.316402 0.205346 0.0046101
0 0.121463 0.124216 0.242927 0.247785 0.00460512
0 0.393909 0.259576 0.511912 0.29756 0.00458814
0 0.86585 0.254805 0.268301 0.230384 0.00458519
0 0.0407215 0.216115 0.081443 0.330472 0.00458358
0 0.868253 0.574299 0.263494 0.214201 0.00457647
0 0.473208 0.218464 0.250918 0.160108 0.00457062
0 0.893133 0.481813 0.213734 0.415585 0.00456148
0 0.095017 0.352989 0.190034 0.204787 0.00454683
0 0.0585247 0.0673067 0.117049 0.134613 0.00454605
0 0.495133 0.907014 0.280718 0.185973 0.00454595
0 0.0496626 0.190706 0.0993252 0.0870396 0.00454511
0 0.09529 0.406739 0.19058 0.208162 0.00453357
0 0.685543 0.898804 0.28062 0.202393 0.00452583
0 0.877445 0.69288 0.24511 0.213112 0.00452127
0 0.948863 0.756948 0.102274 0.27182 0.00452062
0 0.86884 0.528339 0.26232 0.25062 0.00448012
0 0.836876 0.694822 0.326247 0.219387 0.00446534
0 0.325253 0.113785 0.445199 0.22757 0.00446375
0 1 0.76805 0 0.129852 0.00446
0 0.844134 0.64652 0.311732 0.209086 0.0044551
0 0.130965 0.0910901 0.261931 0.18218 0.00445368
0 0.915272 0.965167 0.169456 0.0696656 0.00442618
0 0.0810995 0.283065 0.162199 0.228158 0.0044246
0 0.000857863 0.23722 0.00171573 0.0752439 0.00441965
0 0.267109 0.367022 0.511692 0.364499 0.0044049
0 0.702902 0.970751 0.334174 0.0584978 0.00439907
0 0.898553 0.551858 0.202894 0.287041 0.00439878
0 0.456917 0.449095 0.913834 0.544099 0.00438578
0 0.881046 0.465508 0.237907 0.344716 0.0043828
0 0.708271 0.696264 0.337686 0.229968 0.00437531
0 0.0993187 0.611713 0.198637 0.659654 0.00436015
0 1 0.793998 0 0.135203 0.00435472
0 0.0923523 0.530941 0.184705 0.233421 0.00432925
0 0.841278 0.588758 0.299122 0.188501 0.00432721
0 0.00719397 0.898409 0.0143879 0.203182 0.00432677
0 0.246514 0.910744 0.308862 0.178512 0.00431676
0 1 0.823959 0 0.157584 0.00430902
0 0.111219 0.771543 0.222437 0.182849 0.00430857
0 0.0980476 0.325008 0.196095 0.231165 0.00430724
0 0.867776 0.618124 0.264448 0.195399 0.00428931
0 0.877266 0.647096 0.245467 0.211047 0.0042654
0 0.110955 0.728848 0.22191 0.185049 0.00426083
0 0.407555 0.70688 0.334542 0.201836 0.00426031
0 0.794834 0.122994 0.410331 0.245987 0.00424498
0 0.870178 0.41155 0.259643 0.428742 0.00423778
0 0.2589 0.866414 0.310831 0.198346 0.00421952
0 0.873625 0.444736 0.252749 0.545259 0.00420837
0 1 0.743273 0 0.129202 0.00420835
0 0.651213 0.700906 0.33331 0.220634 0.00420627
0 0.273709 0.758583 0.295632 0.181168 0.00419884
0 0.781706 0.695962 0.360972 0.235261 0.00419531
0 0.56924 0.969246 0.334348 0.0615088 0.00418539
0 0.0532218 0.205516 0.106444 0.208367 0.0041695
0 0 0.0943875 0 0.188775 0.00416834
0 0.810099 0.399953 0.379803 0.317848 0.00416801
0 0.295718 0.718408 0.191258 0.0681219 0.0041523
0 0.577838 0.706395 0.33254 0.225784 0.00413866
0 0.305837 0.234729 0.542981 0.317755 0.00411481
0 0.49537 0.706701 0.341398 0.214963 0.00410989
0 0.174597 0.914354 0.272388 0.171291 0.00410009
0 0.646196 0.206781 0.707607 0.413562 0.00409435
0 0.641915 0.63136 0.147197 0.0703968 0.0040931
0 1 0.871155 0 0.168667 0.00408992
0 0.12413 0.180226 0.248261 0.179163 0.00406974
0 0.737599 0.448152 0.524803 0.418424 0.00406911
0 0.0783859 0.918853 0.156772 0.162295 0.00405927
0 0.25452 0.801734 0.309519 0.207788 0.00405156
0 0.926444 0.559041 0.147111 0.341732 0.00404202
0 0.116666 0.936694 0.233331 0.126613 0.00403906
0 0.973392 0.550469 0.053215 0.30744 0.00403568
0 0.109076 0.879566 0.218153 0.190657 0.00402074
0 0.491479 0.968574 0.311015 0.0628513 0.00401612
0 0.108582 0.82345 0.217164 0.1943 0.00400407
0 0.980451 0.140773 0.039098 0.281545 0.00397486
0 0.162038 0.668898 0.251774 0.169091 0.0039637
0 0.282329 0.655094 0.250932 0.192538 0.00396243
0 0.904519 0.607419 0.190962 0.246488 0.00396023
0 0.0704831 0.263515 0.140966 0.0601758 0.00393385
0 0.02508 0.408418 0.0501599 0.446555 0.00392887
0 1 0.600801 0 0.11477 0.00392574
0 0.877653 0.215143 0.244694 0.246679 0.00392396
0 0.643724 0.970736 0.341896 0.0585276 0.0039023
0 0.133707 0.471116 0.267415 0.359477 0.00389107
0 0.165168 0.589841 0.258458 0.154575 0.00388573
0 0.382611 0.563656 0.1627 0.0618368 0.00388404
0 0.272484 0.618111 0.249222 0.176995 0.0038752
0 0.160193 0.62107 0.245027 0.174047 0.00385824
0 0.605274 0.357016 0.789453 0.521177 0.00384547
0 0.112781 0.920067 0.225563 0.159867 0.0038392
0 0.0941765 0.362096 0.188353 0.247024 0.00383092
0 0.105003 0.442329 0.210006 0.399365 0.00382507
0 0.318242 0.661436 0.2396 0.0877204 0.00382335
0 0.288309 0.763154 0.171877 0.0635494 0.00379965
0 0.033022 0.469254 0.0660441 0.49622 0.0037936
0 0.827288 0.437605 0.345424 0.484947 0.00377684
0 0.00133332 0.190546 0.00266664 0.23603 0.0037687
0 0.68052 0.170047 0.63896 0.340094 0.00376442
0 0.012317 0.254634 0.0246341 0.276464 0.00374482
0 0.82016 0.285119 0.324989 0.206902 0.00373131
0 0.0213246 0.334864 0.0426491 0.357679 0.00372513
0 0.0404791 0.512745 0.0809582 0.575577 0.0037098
0 0.286792 0.733149 0.179288 0.0795504 0.00370037
0 0 0.141423 0 0.22042 0.00368338
0 0.75646 0.34324 0.474353 0.284446 0.00368135
0 0.0286309 0.876466 0.0572618 0.247068 0.00368046
0 0.919223 0.470347 0.161554 0.441458 0.00368029
0 0.173092 0.722152 0.261343 0.171651 0.00367492
0 0.193997 0.527358 0.387994 0.392134 0.00366907
0 0.11997 0.972945 0.239939 0.0541097 0.00366708
0 0.30855 0.822018 0.187527 0.0739931 0.00366058
0 0.868987 0.477225 0.262027 0.240081 0.00364151
0 0.837552 0.368079 0.324895 0.56278 0.00363742
0 0.500596 0.789829 0.29882 0.209232 0.00363727
0 0.0778693 0.938159 0.155739 0.123681 0.00361981
0 0.678376 0.282241 0.643247 0.372417 0.00361175
0 0.283024 0.180884 0.566047 0.361769 0.0036059
0 0.00122698 0.0711712 0.00245395 0.095921 0.00359702
0 0.00201505 0.252361 0.0040301 0.0684491 0.00359425
0 0.0819104 0.270599 0.163821 0.0542103 0.00357539
0 0.0915607 0.370303 0.183121 0.27773 0.00355219
0 0.879509 0.28245 0.240983 0.226591 0.00355202
0 0.805147 0.415498 0.389706 0.356684 0.00352309
0 0.0447573 0.159687 0.0895147 0.123365 0.00352263
0 0.35183 0.816821 0.145365 0.0807652 0.00352035
0 0.383647 0.625205 0.160765 0.0702513 0.00350687
0 0.875248 0.352766 0.249505 0.315564 0.00350513
0 0.258879 0.590091 0.268249 0.170131 0.00350412
0 0.35734 0.559854 0.115956 0.0840751 0.00350392
0 0.537201 0.29967 0.202528 0.141664 0.00350187
0 0.11652 0.578144 0.233041 0.262218 0.00349885
0 0.967003 0.501305 0.0659945 0.373724 0.00349262
0 0.554541 0.125561 0.48067 0.251121 0.00344302
0 0.88067 0.233299 0.21151 0.210581 0.00344267
0 0.0722113 0.415995 0.144423 0.480084 0.00342737
0 0.267987 0.133336 0.440306 0.266672 0.00338336
0 0.804026 0.347401 0.391949 0.478175 0.00337859
0 0.423499 0.378565 0.844492 0.470524 0.00336963
0 0.511236 0.169495 0.721722 0.338989 0.003364
0 0.0599055 0.25595 0.119811 0.0660781 0.00335812
0 0.181882 0.872231 0.270619 0.184507 0.00334935
0 0.181929 0.766411 0.263365 0.169189 0.00332244
0 0.067736 0.268519 0.135472 0.249199 0.00331452
0 0.0860777 0.39066 0.172155 0.179449 0.00331053
0 0.106676 0.6964 0.213351 0.6072 0.00329955
0 0.0541409 0.230515 0.108282 0.0912395 0.0032882
0 0.720849 0.837503 0.209391 0.150574 0.961765
0 0.564911 0.85107 0.113099 0.0802364 0.0839762
0 0.433765 0.908164 0.368454 0.183673 0.0143519
0 0.997825 0.909607 0.0043506 0.180787 0.0129684
0 0.12521 0.49295 0.25042 0.642543 0.00543644
0 0.123241 0.342822 0.246482 0.63637 0.0053759
0 0.587045 0.729565 0.808668 0.427435 0.00510047
0 0.168518 0.976837 0.2936 0.0463263 0.00505455
0 0.1285 0.642157 0.257 0.646685 0.00503784
0 0.706702 0.925108 0.242216 0.149784 0.00482442
0 0.685447 0.885579 0.278042 0.228842 0.00476245
0 0.766717 0.931455 0.247783 0.13709 0.00440377
0 0.583253 0.890144 0.36524 0.219713 0.00437838
0 0.997921 0.114576 0.00415776 0.229152 0.00436731
0 0.0368393 0.976129 0.0736786 0.0477423 0.00432366
0 0.705103 0.975609 0.279242 0.048782 0.00427292
0 0.841473 0.935727 0.277858 0.128545 0.00426743
0 0.0555494 0.854851 0.111099 0.290299 0.00426619
0 0.748742 0.79536 0.280885 0.270572 0.00426553
0 0.55696 0.932202 0.246336 0.135596 0.00426427
0 0.48192 0.977637 0.295529 0.044725 0.00426088
0 0.0850334 0.977008 0.170067 0.0459833 0.00425526
0 0.376632 0.978512 0.305581 0.0429768 0.00421792
0 0.776958 0.974246 0.295608 0.0515074 0.00421214
0 0.504405 0.846759 0.575082 0.306483 0.00420097
0 0.105344 0.273318 0.210687 0.546636 0.00417978
0 0.327576 0.979441 0.344097 0.041119 0.00413343
0 0.806161 0.408551 0.387679 0.566691 0.00413282
0 0.8229 0.554583 0.354201 0.554694 0.0041258
0 0.17475 0.927615 0.281648 0.144771 0.00409864
0 0.660165 0.976397 0.306061 0.0472069 0.00409709
0 0.83283 0.974191 0.288203 0.0516178 0.00409663
0 0.228827 0.978511 0.315936 0.0429785 0.00404646
0 0.121074 0.931006 0.242148 0.137987 0.00404268
0 0.816626 0.231978 0.366749 0.463957 0.00401744
0 0.113069 0.757399 0.226139 0.485202 0.00401659
0 0.979946 0.464236 0.0401075 0.383412 0.00398859
0 0.932503 0.977024 0.134994 0.045952 0.0039877
0 0.964935 0.084592 0.0701302 0.169184 0.00396105
0 0.850899 0.612959 0.298202 0.465897 0.00395643
0 0.9662 0.369127 0.0676004 0.408249 0.00394178
0 0.592037 0.976967 0.322905 0.0460667 0.00393703
0 0.814181 0.310348 0.371637 0.560079 0.00393372
0 0.443751 0.248422 0.412501 0.225011 0.00391378
0 0.656923 0.854799 0.171228 0.0990234 0.00387787
0 1 0.922869 0 0.154263 0.00386511
0 0.812502 0.827397 0.374997 0.345207 0.00386297
0 0.522467 0.775043 0.770879 0.449913 0.00385635
0 0.537527 0.775477 0.619964 0.384692 0.00382553
0 0.12232 0.977231 0.24464 0.0455385 0.00381177
0 0.0542724 0.111736 0.108545 0.223471 0.00380521
0 0.993085 0.972413 0.0138297 0.0551743 0.00377461
0 0.846863 0.459385 0.306273 0.472762 0.0037635
0 0.236542 0.211179 0.473084 0.422357 0.00375012
0 0.976847 0.265188 0.0463067 0.395114 0.0037478
0 0.872959 0.975821 0.254082 0.0483576 0.00371048
0 0.0316197 0.892955 0.0632393 0.214089 0.00369309
0 0.997249 0.164109 0.00550185 0.315569 0.00367275
0 0.978184 0.615406 0.0436313 0.396464 0.00366745
0 0.986129 0.809908 0.0277426 0.380184 0.00364581
0 0.706136 0.71534 0.587727 0.514858 0.00364161
0 0.777276 0.744322 0.445449 0.511357 0.0036375
0 0.573212 0.850426 0.151424 0.0869963 0.00363683
0 0.991194 0.21579 0.0176118 0.3702 0.00363596
0 0.372163 0.90709 0.276589 0.18582 0.00361198
0 0.983173 0.709004 0.033655 0.37846 0.00359922
0 0.978021 0.876458 0.0439582 0.247085 0.00359304
0 0.945906 0.181746 0.108187 0.363493 0.00355838
0 0.0525904 0.566128 0.105181 0.629919 0.00353519
0 0.0527332 0.414911 0.105466 0.626922 0.00353458
0 0.0531028 0.699568 0.106206 0.600865 0.00351844
0 0.430435 0.92792 0.266671 0.144161 0.00350832
0 0.856665 0.714044 0.286671 0.436319 0.00343355
0 0.413744 0.795003 0.809718 0.409993 0.00342166
0 0.24667 0.29216 0.493341 0.52725 0.00341499
0 0.744539 0.913647 0.283781 0.172706 0.00341166
0 0.827646 0.886591 0.32548 0.226818 0.00338785
0 0.858131 0.103908 0.283737 0.207815 0.00337719
0 0.295062 0.631739 0.590124 0.558236 0.00336849
0 0.22136 0.179384 0.44272 0.358768 0.00336264
0 0.289355 0.530536 0.57871 0.555957 0.00332476
0 0.964494 0.118748 0.0710112 0.237495 0.00332252
0 0.996751 0.075921 0.00649761 0.151842 0.00332182
0 0.259264 0.599097 0.518528 0.546234 0.00331396
0 0.881952 0.791939 0.236096 0.416121 0.00326658
0 0.256268 0.499893 0.512537 0.538341 0.00324429
0 0.293326 0.726067 0.586652 0.547865 0.00322054
0 0.260538 0.698656 0.521075 0.543568 0.00321363
0 0.408829 0.895989 0.36236 0.208021 0.00321137
0 0.881901 0.935612 0.236198 0.128776 0.00317733
0 0.400389 0.843644 0.439211 0.312712 0.00315958
0 0.173766 0.702376 0.347533 0.595249 0.00315856
0 0.799871 0.667329 0.400258 0.455715 0.00313033
0 0.865904 0.153617 0.268192 0.307235 0.00312905
0 0.0376561 0.200874 0.0753122 0.401747 0.00311259
0 0.362257 0.129121 0.384579 0.162923 0.00310572
0 0.251119 0.397745 0.502238 0.536389 0.00310038
0 0.229911 0.917783 0.298312 0.164433 0.00308514
0 0.0435878 0.797831 0.0871757 0.404337 0.00307883
0 0.474306 0.9216 0.342311 0.1568 0.00307264
0 0.280764 0.430546 0.561528 0.544984 0.00305852
0 0.765515 0.492442 0.46897 0.567395 0.0030536
0 0.748799 0.857813 0.278057 0.165099 0.00304156
0 0.292543 0.773504 0.585086 0.452992 0.00302691
0 0.0835291 0.925389 0.167058 0.149222 0.00301672
0 0.681869 0.771808 0.29537 0.280091 0.00297531
0 0.260653 0.761103 0.521306 0.477793 0.00296633
0 0.464234 0.420513 0.928468 0.55935 0.00293251
0 0.622178 0.215421 0.755645 0.430842 0.00291908
0 0 0.975996 0 0.048008 0.00291437
0 0.912562 0.850214 0.174876 0.299573 0.00289064
0 0.00152991 0.0805166 0.00305981 0.161033 0.00288868
0 0.264879 0.277187 0.529759 0.531465 0.00287709
0 0 0.915394 0 0.169211 0.00286134
0 0.691194 0.365728 0.617611 0.543643 0.00283511
0 0.755846 0.615828 0.488308 0.456126 0.00282881
0 0.86524 0.860817 0.26952 0.278366 0.00278759
0 0.995396 0.645981 0.00920894 0.287279 0.00277796
0 0.229844 0.128619 0.459689 0.257237 0.00277168
0 0.881883 0.889813 0.236234 0.220374 0.00277032
0 0.433902 0.615598 0.867804 0.562694 0.00276929
0 0.807046 0.118727 0.385908 0.237453 0.00275906
0 0.595017 0.717514 0.809966 0.539174 0.0027325
0 0.874189 0.621951 0.225086 0.193778 0.00273151
0 0.556855 0.124252 0.626176 0.248504 0.00272975
0 0.791269 0.169121 0.417462 0.338241 0.00272119
0 0.322113 0.828348 0.63631 0.343304 0.00270811
0 0.735186 0.853894 0.17768 0.112429 0.00268543
0 0.996915 0.440501 0.00616915 0.27565 0.00267535
0 0.550096 0.369932 0.899807 0.540909 0.0026737
0 0.562081 0.238938 0.875839 0.477876 0.00264139
0 0.0258314 0.11857 0.0516628 0.237141 0.00263518
0 0.693285 0.123219 0.613431 0.246437 0.00262374
0 0.418594 0.123388 0.594316 0.246777 0.00262099
0 0.719578 0.80267 0.23823 0.221271 0.0026115
0 0.359461 0.373133 0.718921 0.549184 0.00260881
0 0.370013 0.469492 0.740026 0.576943 0.00259852
0 0.29557 0.122961 0.59114 0.245922 0.00257583
0 0.376343 0.666457 0.752685 0.56848 0.00257084
0 0.428371 0.71985 0.856742 0.535865 0.00255163
0 0.696096 0.238294 0.607809 0.476589 0.00252231
0 0.439827 0.515598 0.879654 0.583494 0.00246129
0 0.130056 0.117805 0.260112 0.235609 0.00245307
0 0.619219 0.41468 0.761563 0.546793 0.00244119
0 0.453765 0.886743 0.38801 0.226513 0.00239263
0 0.383531 0.787002 0.767062 0.425997 0.00239262
0 0.623297 0.510937 0.753406 0.535989 0.00238543
0 0.524768 0.814806 0.209644 0.156404 0.00237171
0 0.557968 0.189599 0.884064 0.379199 0.00237037
0 0.374412 0.742275 0.748824 0.515449 0.00236985
0 0.713233 0.555437 0.573534 0.505428 0.00235895
0 0.399157 0.233173 0.798313 0.466346 0.00235299
0 1 0.909208 0 0.181584 0.00233475
0 0.0956429 0.90912 0.191286 0.181761 0.00232077
0 0.844716 0.689508 0.310568 0.330848 0.00227272
0 0.24415 0.161161 0.488301 0.322322 0.00226802
0 0.0118147 0.876723 0.0236294 0.246554 0.00225772
0 1 0.871198 0 0.240344 0.00224604
0 0.206644 0.132326 0.413289 0.264651 0.00222349
0 0.194029 0.612176 0.388059 0.367898 0.00221999
0 0.451696 0.238754 0.301958 0.186714 0.0022198
0 0.289949 0.825337 0.579898 0.349327 0.00221594
0 0.548799 0.469855 0.902403 0.563898 0.0022017
0 0.450717 0.325225 0.901434 0.515892 0.00219209
0 0.620411 0.316606 0.759178 0.527512 0.00217638
0 1 0.822871 0 0.230888 0.00217159
0 0.30885 0.216882 0.6177 0.433763 0.00214875
0 0.350275 0.163173 0.495542 0.264677 0.0021408
0 0.75452 0.633142 0.450876 0.255532 0.00213484
0 0.205945 0.538813 0.41189 0.398805 0.00213183
0 0.711999 0.157759 0.576002 0.315517 0.00212702
0 0.48377 0.741525 0.447126 0.249984 0.0021174
0 0.858312 0.745076 0.283376 0.347871 0.00210712
0 0.996549 0.369357 0.00690144 0.285895 0.00209337
0 0.873423 0.737849 0.253154 0.388486 0.00208465
0 1 0.773715 0 0.222556 0.00207034
0 0.878573 0.81461 0.242853 0.349629 0.00205818
0 0.85987 0.865283 0.280261 0.269434 0.00204992
0 0.246149 0.810358 0.492298 0.379283 0.00203346
0 0.521441 0.564008 0.938459 0.550922 0.0020288
0 0.214276 0.191164 0.428551 0.29517 0.00202875
0 0.0426945 0.925249 0.085389 0.149501 0.00201859
0 0.443139 0.156175 0.831248 0.312351 0.0019728
0 0.205952 0.336147 0.411904 0.326168 0.00197101
0 0.20665 0.713429 0.4133 0.378577 0.0019633
0 0.302991 0.915537 0.344718 0.168927 0.00195279
0 0.888648 0.899501 0.222704 0.200997 0.00194817
0 0.996241 0.318946 0.00751785 0.285382 0.00194792
0 0.613752 0.61754 0.772495 0.476213 0.00193622
0 0.996207 0.268093 0.00758625 0.287216 0.00193482
0 0.708411 0.728345 0.563417 0.392167 0.00193428
0 0.167633 0.467496 0.335267 0.333229 0.00192747
0 0.156337 0.295163 0.312674 0.345081 0.0019197
0 0.360212 0.157217 0.720424 0.314434 0.00191377
0 0.663158 0.61369 0.268539 0.209468 0.00190696
0 0.866586 0.633172 0.266828 0.210575 0.00187535
0 0.696709 0.826217 0.26846 0.187788 0.00187041
0 0.191958 0.799005 0.383915 0.357244 0.00186965
0 0.570412 0.5858 0.257884 0.198868 0.00185243
0 0.99368 0.84634 0.0126394 0.307234 0.00184677
0 0 0.929636 0 0.140728 0.0018465
0 0.4147 0.349077 0.65578 0.35583 0.00184571
0 0.867205 0.685076 0.265589 0.366735 0.00184259
0 0.993992 0.718648 0.0120166 0.299167 0.00183459
0 0.531291 0.52776 0.195174 0.101142 0.00182365
0 0.101582 0.154321 0.203163 0.308642 0.00181563
0 1 0.00358012 0 0.00716023 0.00181465
0 0.996641 0.5701 0.00671716 0.281827 0.00181421
0 0.158694 0.408089 0.317388 0.367539 0.00178437
0 1 0.723419 0 0.214429 0.00178343
0 0.597964 0.675882 0.468287 0.26814 0.00177614
0 0.00859994 0.112143 0.0171999 0.224287 0.00177168
0 0.861018 0.913409 0.277965 0.173182 0.00176528
0 0.99646 0.515047 0.00707929 0.282251 0.001764
0 0.127928 0.632901 0.255856 0.388247 0.00175739
0 0.879832 0.667579 0.240336 0.299688 0.00175555
0 0.892259 0.675321 0.215482 0.255256 0.00175405
0 0.306594 0.32773 0.505974 0.318375 0.00174705
0 0.558111 0.376843 0.666 0.252492 0.00173833
0 0.841852 0.345966 0.316297 0.393383 0.00173153
0 1 0.94583 0 0.108339 0.00172798
0 0.490119 0.82336 0.276875 0.145516 0.00172388
0 0.00360974 0.0045439 0.00721948 0.00908781 0.00171935
0 0.730364 0.403132 0.539271 0.398408 0.00171675
0 0.661669 0.396763 0.570911 0.35373 0.00170567
0 0.874521 0.122543 0.250959 0.226623 0.0016996
0 0.862926 0.142195 0.274147 0.284389 0.00168396
0 0.196026 0.470854 0.392052 0.250119 0.00168108
0 0.758548 0.357065 0.482904 0.347091 0.0016768
0 0 0.960988 0 0.0780249 0.00167512
0 0.530095 0.665772 0.89587 0.52694 0.00166578
0 0.12499 0 0.24998 0 0.00166281
0 0.446282 0.78776 0.423028 0.298132 0.00164977
0 0.794621 0.699434 0.410758 0.309564 0.0016326
0 0.780138 0.628828 0.355096 0.211048 0.00163032
0 0.865 0.271915 0.27 0.374479 0.00162609
0 0.188726 0.249277 0.377451 0.301549 0.00162115
0 0.12901 0.915226 0.25802 0.169549 0.0016145
0 0.422979 0.642319 0.228842 0.156242 0.00161421
0 0.139957 0.753278 0.279913 0.380629 0.00160663
0 0 0.00235825 0 0.0047165 0.00160483
0 0.0231255 0.0101827 0.0462511 0.0203653 0.00159286
0 0.133103 0.822482 0.266206 0.355036 0.00158646
0 0.109925 0.462673 0.21985 0.376155 0.00158301
0 0.872807 0.651972 0.245886 0.213153 0.00158112
0 0.67965 0.843342 0.156913 0.121886 0.0015802
0 0.231896 0.383953 0.463792 0.333273 0.00157116
0 0.87078 0.81604 0.258439 0.367919 0.00156878
0 0.61387 0.602465 0.309431 0.195703 0.00156299
0 0.870892 0.323688 0.258215 0.339691 0.00155547
0 0.877823 0.874723 0.244355 0.250554 0.00153737
0 0.666132 0.38054 0.480759 0.204737 0.00152887
0 0.197115 0.856809 0.39423 0.286382 0.00152145
0 0.885064 0.712835 0.229871 0.315878 0.00150844
0 0.738442 0.659024 0.523116 0.315318 0.00149838
0 0.165039 0.0838518 0.330078 0.167704 0.00149542
0 0.254397 0.328545 0.508794 0.29521 0.00149237
0 0.81438 0.914928 0.366865 0.170145 0.0014876
0 1 0.670882 0 0.205066 0.00148699
0 0.917105 0.463657 0.16579 0.299722 0.00148063
0 0.235317 0.497609 0.470633 0.271127 0.00147343
0 0.546204 0.906868 0.538481 0.186265 0.00146308
0 0.501651 0.211525 0.30229 0.132548 0.00146075
0 0.571599 0.285604 0.623959 0.266758 0.00145121
0 0.417644 0.111793 0.382769 0.134497 0.00144206
0 0.376633 0.62138 0.123457 0.0639202 0.00144052
0 0.658929 0.687273 0.300944 0.186191 0.00142706
0 0.393051 0.619576 0.186636 0.136482 0.00142051
0 0.762296 0.340105 0.357053 0.164423 0.00141795
0 0.367499 0.110259 0.300116 0.117519 0.0014032
0 0.152195 0.90665 0.30439 0.186701 0.00140068
0 0.822066 0.146147 0.342371 0.258563 0.00139834
0 0.560876 0.740134 0.434465 0.27072 0.00139601
0 1 0.938102 0 0.123796 0.00139412
0 0.492924 0 0.258663 0 0.00138369
0 1 0.612026 0 0.181059 0.00138195
0 0.873696 0.191791 0.252608 0.347432 0.00137936
0 0.182336 0 0.259389 0 0.00137399
0 0.0313664 0.262553 0.0627329 0.273866 0.00136722
0 0.114894 0.258302 0.229788 0.354459 0.00136439
0 0.558436 0.174071 0.690694 0.286196 0.00136417
0 0.359287 0.616312 0.115457 0.0677128 0.00136127
0 1 0.583865 0 0.170759 0.00135626
0 0.396654 0.466058 0.663297 0.241016 0.00135439
0 0.698948 0.658831 0.389682 0.259794 0.00134938
0 0.7763 0.752289 0.353697 0.257134 0.00133962
0 0.58461 0.327071 0.493246 0.207509 0.00133659
0 0.629863 0.147748 0.67279 0.295496 0.00133447
0 0.730959 0.363373 0.478405 0.254425 0.001332
0 0.542808 0.696984 0.568123 0.271337 0.00133175
0 0.201884 0.807951 0.403768 0.213481 0.00132824
0 0.0542902 0.693991 0.10858 0.374095 0.00132756
0 0.9189 0.507303 0.1622 0.308783 0.00132731
0 0.521038 0.378322 0.65063 0.345552 0.00132121
0 0.361782 0.612022 0.149004 0.121918 0.0013197
0 0.324228 0.159427 0.374715 0.225916 0.00131723
0 0.41794 0.596335 0.217573 0.114392 0.00131451
0 0.111409 0.338805 0.222817 0.373202 0.00131445
0 0.136624 0.464447 0.273248 0.168647 0.00131386
0 0.8539 0.265052 0.266435 0.209741 0.0013095
0 0.723053 0.836796 0.210788 0.156164 0.883495
0 0.57493 0.851074 0.126028 0.0850601 0.0329469
0 0.999285 0.0993408 0.00143091 0.198682 0.0143118
0 0.997282 0.895483 0.0054366 0.209034 0.00595563
0 0.522338 0.715931 0.70088 0.408718 0.00504201
0 1 0.14241 0 0.284821 0.00503595
0 0.786134 0.969038 0.291216 0.061924 0.00473297
0 0.671865 0.970488 0.322578 0.0590244 0.00466375
0 0.00228435 0.0703608 0.00456871 0.140722 0.00462472
0 0.632411 0.690301 0.735177 0.547484 0.00461888
0 1 0.197218 0 0.36436 0.00457964
0 0.565475 0.975063 0.34601 0.0498747 0.0043974
0 0.717596 0.687247 0.564808 0.489672 0.00427698
0 0.592654 0.7911 0.255768 0.217324 0.00427586
0 0.832531 0.971396 0.271221 0.0572084 0.0042712
0 0.152893 0.0954383 0.281122 0.163208 0.00423504
0 0.958972 0.164622 0.0820552 0.329244 0.00422129
0 0.835679 0.253381 0.328643 0.455593 0.00413189
0 0.872252 0.209468 0.255497 0.418937 0.0041289
0 0.593935 0.889279 0.353475 0.221442 0.00412854
0 0.984324 0.403083 0.0313513 0.377928 0.00412237
0 0.634989 0.759792 0.47415 0.304786 0.00408771
0 0.987759 0.251285 0.0244823 0.387148 0.00405389
0 0.448832 0.840033 0.575677 0.319933 0.00400578
0 0.976266 0.555998 0.0474685 0.395365 0.00397326
0 0.839215 0.493029 0.32157 0.480951 0.00392791
0 0.901825 0.974658 0.196349 0.0506849 0.00387561
0 0.856572 0.637844 0.286857 0.447532 0.00383492
0 0.806833 0.402907 0.386334 0.486354 0.00380106
0 0.983413 0.652193 0.0331731 0.398039 0.00379263
0 0.10795 0.928195 0.2159 0.14361 0.00378077
0 0.158834 0.1803 0.317667 0.285269 0.00374813
0 0.475029 0.78961 0.485205 0.330373 0.00373261
0 1 0.796524 0 0.364323 0.00373009
0 0.994514 0.971076 0.0109728 0.0578472 0.00368725
0 0.896143 0.689964 0.207714 0.405496 0.00367545
0 0.484365 0.976952 0.381361 0.0460956 0.00366829
0 0.398993 0.790359 0.797986 0.419283 0.00366505
0 0.606825 0.875252 0.302128 0.157164 0.00364062
0 0.154224 0.0731411 0.279476 0.146282 0.00357485
0 0.792918 0.635106 0.414164 0.509608 0.00354606
0 0.987598 0.0767245 0.024805 0.153449 0.00350873
0 0.131136 0.20649 0.262272 0.362404 0.0034956
0 0.505938 0.868192 0.407243 0.263615 0.00346944
0 0.81852 0.774131 0.36296 0.263863 0.00345563
0 0.116562 0.0949309 0.233123 0.171835 0.00341658
0 0.999012 0.869969 0.00197654 0.260061 0.00341376
0 0.871622 0.749652 0.256756 0.33124 0.00338235
0 0.434326 0.742079 0.867289 0.515841 0.00336499
0 0.931298 0.739617 0.137404 0.356483 0.00335718
0 0.119878 0.159135 0.239756 0.236048 0.00334814
0 0.26258 0.0946376 0.257326 0.163322 0.00334482
0 0.962117 0.976881 0.0757658 0.0462383 0.00334227
0 0.674775 0.906735 0.285351 0.186529 0.00329212
0 0.998195 0.513406 0.00361002 0.319891 0.00328453
0 0.99817 0.416059 0.00366027 0.321258 0.00328395
0 0.00313658 0.112455 0.00627315 0.224909 0.00325997
0 0.00531289 0.971267 0.0106258 0.0574667 0.00324617
0 0.406572 0.976577 0.426812 0.0468467 0.00324
0 0.323069 0.0891183 0.258024 0.168095 0.00321979
0 0.854004 0.151113 0.291992 0.302225 0.00320686
0 0.997825 0.316092 0.00435007 0.331181 0.00319184
0 0.967419 0.808883 0.065162 0.289126 0.0031802
0 0.14526 0.795537 0.290519 0.347894 0.00317974
0 0.261125 0.575561 0.522251 0.513639 0.00312443
0 0.806642 0.542088 0.386716 0.485322 0.00310645
0 0.928895 0.112357 0.142209 0.224715 0.00307611
0 0.105854 0.970737 0.211707 0.0585263 0.00306531
0 0.773469 0.255894 0.453062 0.511788 0.00305741
0 0.749125 0.812755 0.261797 0.199874 0.00304547
0 0.698466 0.925419 0.249547 0.149163 0.00303366
0 0.771817 0.93083 0.245016 0.138339 0.00302636
0 0.998209 0.168004 0.00358292 0.293257 0.00301567
0 0.16245 0.254803 0.324901 0.419134 0.00299985
0 0.837863 0.939288 0.256679 0.121423 0.00299889
0 0.135958 0.790006 0.271915 0.241853 0.00299157
0 0.142441 0.974604 0.284883 0.050792 0.00298851
0 0.179598 0.709265 0.359196 0.374212 0.00298653
0 0.700667 0.803391 0.270512 0.214717 0.00296833
0 0.136289 0.708104 0.272577 0.283113 0.0029577
0 0.997783 0.615773 0.00443452 0.334734 0.00294459
0 0.823553 0.100987 0.352894 0.201974 0.00294126
0 0.919579 0.0807612 0.160841 0.161522 0.00292394
0 0.771189 0.7956 0.349448 0.239344 0.00291592
0 0.120481 0.767724 0.240962 0.464553 0.00291053
0 0.811453 0.192956 0.377094 0.385911 0.00289618
0 0.779313 0.112404 0.441374 0.224808 0.00289147
0 0.193808 0.226852 0.387616 0.453703 0.00287977
0 0.00609513 0.911373 0.0121903 0.177255 0.00287798
0 0.340606 0.973031 0.463629 0.0539377 0.00287574
0 0.780321 0.142474 0.439357 0.284949 0.00287179
0 0.167906 0.649997 0.335813 0.388512 0.0028579
0 0.116979 0.0697808 0.233959 0.139562 0.00284666
0 0.150359 0.85429 0.300718 0.291419 0.00284466
0 0.254671 0.662298 0.509342 0.478487 0.00284385
0 0.997749 0.714091 0.004502 0.334186 0.00282457
0 0.0619273 0.843917 0.123855 0.312165 0.00281895
0 0.818825 0.817383 0.314163 0.175545 0.00281239
0 0.248564 0.973927 0.421832 0.0521457 0.00281087
0 0.767395 0.442032 0.465211 0.578688 0.00276914
0 0.0957955 0.914639 0.191591 0.170723 0.00275744
0 0.0794247 0.797393 0.158849 0.405214 0.00275347
0 0.198571 0.791411 0.397143 0.417178 0.0027394
0 0.135481 0.717577 0.270962 0.465972 0.00273432
0 0.317801 0.419334 0.635602 0.576415 0.00271153
0 0.197402 0.318475 0.394804 0.468698 0.00271137
0 0.755073 0.17877 0.489855 0.357539 0.00269345
0 0.12008 0.905733 0.24016 0.188534 0.0026917
0 0.896954 0.82557 0.206092 0.205105 0.00267355
0 0.266977 0.479339 0.533953 0.526817 0.0026669
0 0.903908 0.900616 0.192184 0.198767 0.00266464
0 0.946 0.940313 0.108001 0.119375 0.00266442
0 0.827279 0.906174 0.286016 0.187651 0.00260465
0 0.561171 0.658125 0.877658 0.562137 0.00260173
0 0.387214 0.0850924 0.326223 0.170185 0.00258975
0 0.698614 0.11044 0.543462 0.22088 0.00258814
0 0.745726 0.912493 0.275608 0.175015 0.00256993
0 0.555402 0.103755 0.478324 0.207509 0.00256315
0 0.0418951 0.622508 0.0837903 0.525963 0.00255907
0 0.485672 0.0969866 0.415351 0.193973 0.00255462
0 0.10303 0.26726 0.20606 0.384178 0.00255406
0 0.0451546 0.520765 0.0903092 0.543412 0.00255307
0 0.141262 0.924655 0.282524 0.15069 0.00254965
0 0.201752 0.208538 0.403505 0.233726 0.00254603
0 0.673369 0.615198 0.653262 0.518323 0.00254081
0 0.0442372 0.417577 0.0884744 0.533055 0.00253704
0 0.0364543 0.31422 0.0729085 0.47113 0.00252551
0 0.267046 0.265363 0.534091 0.530725 0.00250316
0 0.998072 0.243746 0.00385561 0.295193 0.00249841
0 0.997449 0.846258 0.00510117 0.30103 0.00248113
0 0.0365561 0.724989 0.0731123 0.508506 0.00247819
0 0.13082 0.318259 0.26164 0.394478 0.00245809
0 0.0226293 0.848221 0.0452586 0.303558 0.00245216
0 0.632335 0.241761 0.735331 0.483522 0.00245166
0 0.029647 0.256566 0.059294 0.417003 0.00244099
0 0.997373 0.769953 0.00525323 0.299081 0.00243632
0 0.0470003 0.15127 0.0940006 0.302539 0.00242214
0 0.0189785 0.815798 0.0379571 0.368404 0.00242197
0 0.139032 0.623638 0.278064 0.478152 0.00240981
0 0.0789615 0.212671 0.157923 0.347118 0.00240883
0 0.819032 0.883225 0.310569 0.194057 0.00240232
0 0.0181304 0.883488 0.0362608 0.233025 0.00237686
0 0.351974 0.837857 0.703947 0.324285 0.00234125
0 0.663684 0.155866 0.672631 0.311732 0.00233336
0 0.377203 0.706622 0.754406 0.539612 0.00232246
0 0.0806077 0.0960127 0.161215 0.192025 0.00231975
0 0.0194397 0.184483 0.0388795 0.29211 0.0023028
0 0.166169 0.375344 0.332339 0.42403 0.00229112
0 0.515181 0.134005 0.60152 0.26801 0.00227899
0 0.592018 0.148339 0.757694 0.296679 0.00227415
0 0.114714 0.542648 0.229428 0.576388 0.00226768
0 0.24384 0.859014 0.486596 0.281972 0.0022615
0 0.420246 0.517404 0.840493 0.541367 0.00225796
0 0.456856 0.410414 0.913712 0.545714 0.00224892
0 0.347122 0.6089 0.694244 0.538129 0.00224672
0 0.031986 0.901312 0.0639719 0.197376 0.0022416
0 0.00196287 0.0289202 0.00392573 0.0578405 0.00223969
0 0.0774125 0.160348 0.154825 0.270462 0.00222208
0 0.253876 0.203333 0.391619 0.189554 0.00220157
0 0.56763 0.360785 0.86474 0.533611 0.00219947
0 0.311325 0.0779222 0.256208 0.155844 0.00219546
0 0.582559 0.218597 0.834882 0.437194 0.00219405
0 0.303801 0.780449 0.607602 0.439102 0.00215983
0 0.00844431 0.114164 0.0168886 0.17101 0.00214258
0 0.0973798 0.34317 0.19476 0.532723 0.00214097
0 0.535947 0.241329 0.904446 0.482658 0.00213742
0 0.297084 0.709732 0.594167 0.48638 0.00213492
0 0.188605 0.476683 0.37721 0.440607 0.00213293
0 0.569533 0.459466 0.860934 0.538773 0.00210174
0 0.386407 0.368315 0.772813 0.553861 0.00210025
0 0.404747 0.145239 0.418245 0.290478 0.00209308
0 1 0.0344198 0 0.0688395 0.00208591
0 0 0.00851903 0 0.0170381 0.00206503
0 0.0852348 0.0695732 0.17047 0.139146 0.00206407
0 0.700265 0.36131 0.599471 0.562386 0.00199324
0 0.25019 0.0735647 0.276042 0.147129 0.00196301
0 0.573614 0.559548 0.852773 0.530924 0.00194332
0 0.44715 0.609071 0.888461 0.537407 0.00192968
0 0.0325861 0.972328 0.0651722 0.0553431 0.00192306
0 0.451439 0.31341 0.902879 0.536772 0.0019058
0 0.637953 0.310122 0.724094 0.54236 0.00189243
0 0.632309 0.407085 0.735382 0.547012 0.00188794
0 0.25619 0.784358 0.512379 0.399398 0.00187596
0 0.355457 0.232479 0.710915 0.464959 0.00185984
0 0.841701 0.890308 0.245199 0.110063 0.00184233
0 0.621641 0.873052 0.235115 0.109192 0.00181857
0 0.105354 0.0506643 0.210708 0.101329 0.00179745
0 0.871052 0.621879 0.221417 0.198101 0.00178905
0 0.644766 0.511699 0.710469 0.511569 0.00177628
0 0.166315 0.00105958 0.287598 0.00211915 0.00177041
0 0.272196 0.110249 0.212343 0.14066 0.00176099
0 0.320299 0.218662 0.347989 0.247195 0.00172705
0 0.447074 0.21537 0.536916 0.343101 0.00169521
0 0.137353 0.706311 0.274706 0.171373 0.00162927
0 0.0589854 0.994454 0.117971 0.0110914 0.00162015
0 0.35641 0.100486 0.311683 0.168661 0.00161311
0 0.239643 0.10455 0.148213 0.156753 0.00161127
0 0.533546 0.223162 0.309448 0.186341 0.00158199
0 0.413589 0.00181453 0.287118 0.00362906 0.00157117
0 0.884495 0.488959 0.214288 0.212722 0.00157025
0 0.721044 0.105092 0.210358 0.121981 0.00152076
0 0.877314 0.063726 0.245372 0.126024 0.00151604
0 0.383545 0.696348 0.393355 0.248385 0.00146306
0 0.43926 0.0997989 0.272991 0.180758 0.00146087
0 0.840769 0.496427 0.293433 0.194162 0.00144537
0 0.805293 0.419906 0.321078 0.290739 0.00143653
0 0.898944 0.776635 0.153134 0.17639 0.00141737
0 0.332128 0.789783 0.314386 0.1987 0.0014142
0 0.97275 0.896472 0.0545008 0.207055 0.00140626
0 0.00632955 0.00965719 0.0126591 0.0193144 0.00139709
0 0.83436 0.0639716 0.29348 0.120688 0.00138715
0 0.10888 0.117733 0.216648 0.22527 0.00138685
0 0.824397 0.615196 0.305834 0.215703 0.00137564
0 0.559221 0.72984 0.549173 0.214756 0.00137205
0 0.675468 0.839795 0.14502 0.124473 0.00136225
0 0.0419624 0.959574 0.0839247 0.0808527 0.00136065
0 0.862346 0.00174757 0.275308 0.00349514 0.00135418
0 0.649409 0.850282 0.185362 0.103022 0.00134807
0 0.00398794 0.0468218 0.00797587 0.0936435 0.00132999
0 0.816803 0.354127 0.311303 0.202315 0.00132164
0 0.868807 0.889023 0.213278 0.160401 0.00131666
0 0.573646 0.807113 0.20705 0.165239 0.00131594
0 0.818436 0.0966278 0.317369 0.185534 0.00129605
0 0.007885 0.148933 0.01577 0.198705 0.00129572
0 0.000331287 0.218327 0.000662573 0.263629 0.00128299
0 0.68613 0.482661 0.304947 0.16894 0.00127945
0 0.000305965 0.692831 0.00061193 0.267051 0.00127808
0 0 0.959997 0 0.0800067 0.00127206
0 0.689541 0.189144 0.231034 0.203927 0.00126849
0 0.138717 0.638492 0.270303 0.18524 0.00126832
0 0.00021188 0.292577 0.00042376 0.2639 0.00126638
0 0.711095 0.563784 0.392827 0.216372 0.00126354
0 0.763374 0.550054 0.330484 0.233665 0.0012616
0 0.375195 0.629819 0.219536 0.216898 0.0012615
0 0.454344 0.730403 0.547475 0.304581 0.00126101
0 0.184968 0.706128 0.232852 0.173034 0.0012578
0 0.448298 0.635584 0.287968 0.215952 0.00125446
0 0.733631 0.340432 0.300874 0.171344 0.0012519
0 0.863432 0.648095 0.212827 0.162384 0.00124539
0 0.533455 0.711184 0.622007 0.30265 0.00124516
0 0.0120296 0.700931 0.0240592 0.20854 0.00124368
0 0.0106231 0.653375 0.0212462 0.192362 0.00124106
0 0 0.0228815 0 0.0457631 0.00123826
0 0.00024123 0.617237 0.000482461 0.265311 0.00123607
0 0.899229 0.81084 0.141546 0.112378 0.00123188
0 0.699826 0.102147 0.170693 0.0940504 0.00122707
0 0.620682 0.580507 0.289707 0.184887 0.00122699
0 0.836644 0.0412263 0.326712 0.0824527 0.00122532
0 0.858969 0.42634 0.249462 0.282557 0.00122346
0 0.473334 0.489276 0.30327 0.169919 0.00122125
0 0.856003 0.870451 0.287993 0.259099 0.00122038
0 0.000336187 0.742599 0.000672373 0.267979 0.00121959
0 1 0.0268885 0 0.053777 0.00121853
0 0.865407 0.308472 0.269055 0.215017 0.00121564
0 0.0117978 0.724523 0.0235957 0.215679 0.00121195
0 0.105998 0.467129 0.205096 0.22169 0.00120743
0 0.587027 0.0668923 0.213167 0.109535 0.00120688
0 0.147303 0.0358595 0.294606 0.0717191 0.0012061
0 0.00977092 0.130486 0.0195418 0.189745 0.00120141
0 0.581243 0.717031 0.390893 0.151792 0.00120126
0 0.000175591 0.567625 0.000351182 0.265761 0.00120093
0 0.39666 0.81524 0.203064 0.0865589 0.00119946
0 0.187773 0.851033 0.240446 0.152097 0.00119757
0 0.0130385 0.283602 0.0260769 0.178169 0.00119442
0 0.113955 0.279426 0.22791 0.153875 0.001193
0 0.00843148 0.628271 0.016863 0.197324 0.00119111
0 0.342005 0.717303 0.263534 0.193705 0.00118955
0 0.605079 0.607491 0.202847 0.123477 0.00118188
0 0.0119509 0.410412 0.0239017 0.189159 0.00118015
0 0.751073 0.613504 0.437495 0.260912 0.00117988
0 0.377947 0.771831 0.274467 0.173685 0.00117714
0 0.243446 0.121629 0.177314 0.115393 0.00117234
0 0.716072 0.599427 0.315763 0.174334 0.00117103
0 0.404533 0.482308 0.262229 0.175409 0.0011693
0 0.810251 0.519312 0.267968 0.1914 0.00116739
0 0.531184 0.421595 0.456071 0.257479 0.00116206
0 0.899306 0.802755 0.201388 0.140911 0.00116111
0 0.209916 0.661154 0.286571 0.172043 0.00115991
0 0.257186 0.645508 0.316997 0.227228 0.00115574
0 0.0128462 0.360305 0.0256924 0.194406 0.00115406
0 0.839591 0.875244 0.200303 0.123909 0.00115384
0 0.0120753 0.53497 0.0241505 0.200091 0.00115311
0 0.000365857 0.167736 0.000731715 0.266343 0.00115233
0 0.524427 0.608147 0.347021 0.13599 0.00115017
0 0.596831 0.355335 0.339293 0.163381 0.00114719
0 0.669057 0.223686 0.224996 0.140171 0.00114458
0 0.719013 0.429823 0.336936 0.252268 0.00114379
0 0.14828 0.420984 0.238482 0.14043 0.0011417
0 0.706322 0.716003 0.203897 0.120737 0.00114163
0 0.627507 0.727073 0.301211 0.140983 0.00114145
0 0.653385 0.377101 0.226981 0.164848 0.00114045
0 0.765027 0.323771 0.331652 0.192365 0.00114034
0 0.869857 0.289249 0.260286 0.315196 0.00113239
0 0.860043 0.66712 0.279913 0.331117 0.00113204
0 0.208236 0.492752 0.272256 0.157865 0.00112952
0 0.196062 0.0547544 0.323988 0.109509 0.00112882
0 0.0145852 0.914466 0.0291704 0.171068 0.00112868
0 0.761549 0.102377 0.286016 0.159457 0.0011266
0 0.238575 0.000813286 0.260678 0.00162657 0.00112378
0 0.0148617 0.328531 0.0297234 0.180266 0.00112282
0 0.72288 0.83647 0.207567 0.153011 0.975052
0 0.567032 0.851029 0.11472 0.086713 0.228981
0 0.108284 0.866736 0.216569 0.178184 0.0321746
0 0.845449 0.588546 0.126216 0.132637 0.0152452
0 0.00514338 0.913018 0.0102868 0.173964 0.00695221
0 1 0.896288 0 0.207424 0.00664407
0 0.0823336 0.884855 0.164667 0.140357 0.00608986
0 0.105591 0.772729 0.211181 0.190816 0.00440861
0 0.0780014 0.133929 0.156003 0.267858 0.00379501
0 0.104986 0.833119 0.209973 0.15535 0.00379024
0 0.0740405 0.0810094 0.148081 0.162019 0.00371155
0 0.803488 0.967413 0.28825 0.0651737 0.00360383
0 0.991024 0.80603 0.0179522 0.301593 0.00354002
0 0.731841 0.968571 0.291865 0.0628582 0.00347031
0 0.981923 0.753795 0.0361536 0.335984 0.00346852
0 0.9789 0.657206 0.0422003 0.313126 0.00343635
0 0.991805 0.880381 0.0163893 0.239238 0.00339493
0 0.858199 0.968056 0.27224 0.0638885 0.00330985
0 0.10119 0.71368 0.20238 0.355647 0.00329952
0 0.67187 0.96878 0.315295 0.0624409 0.00324736
0 0.606073 0.967732 0.316852 0.0645355 0.00323733
0 0.844317 0.624855 0.129114 0.196418 0.00317403
0 0.0818795 0.177151 0.163759 0.354302 0.00310313
0 0.116371 0.610052 0.232742 0.590639 0.00308847
0 0.488434 0.966208 0.30393 0.0675846 0.00305706
0 0.540782 0.968199 0.305115 0.0636018 0.00305296
0 0.0935671 0.768979 0.187134 0.347359 0.00297792
0 0.110632 0.508027 0.221264 0.576839 0.00293941
0 0.425693 0.966463 0.287741 0.0670744 0.00293054
0 0.0908183 0.827832 0.181637 0.263079 0.00291974
0 1 0.55574 0 0.286175 0.00290103
0 0.124048 0.728642 0.248096 0.542717 0.00289479
0 0.125594 0.660537 0.251187 0.361112 0.00288791
0 1 0.203655 0 0.204746 0.00288654
0 1 0.50645 0 0.26635 0.00282686
0 0.88043 0.560227 0.23914 0.320327 0.0027999
0 1 0.255307 0 0.223471 0.00279348
0 0.999728 0.604777 0.000544449 0.304427 0.0027837
0 0.918452 0.968748 0.163095 0.0625037 0.00273173
0 1 0.455895 0 0.251612 0.00271104
0 0.707645 0.453421 0.58471 0.416222 0.00270045
0 1 0.151483 0 0.183276 0.00268967
0 0.0449186 0.794727 0.0898372 0.410547 0.00268696
0 0.358167 0.965648 0.276785 0.0687047 0.0026856
0 0.654515 0.86847 0.326068 0.26306 0.00264741
0 0.0905244 0.765103 0.181049 0.288647 0.00264651
0 1 0.305396 0 0.244395 0.0026313
0 1 0.406181 0 0.248457 0.00262799
0 0.955377 0.903064 0.0892463 0.193873 0.00260171
0 0.925361 0.606386 0.149278 0.281664 0.00259279
0 1 0.356546 0 0.25098 0.00259176
0 0.330876 0.404341 0.644348 0.386711 0.00258083
0 0.111816 0.0918288 0.223632 0.183658 0.00258027
0 0.282963 0.496276 0.565926 0.40117 0.0025765
0 0.147221 0.608629 0.294442 0.36309 0.00256885
0 0.682813 0.921825 0.264214 0.15635 0.00256364
0 0.970693 0.208015 0.0586144 0.208257 0.00256105
0 0.959172 0.256244 0.081655 0.2522 0.00256086
0 0.993666 0.974817 0.0126677 0.0503654 0.0025439
0 0.914341 0.12289 0.171317 0.24578 0.00253546
0 0.997037 0.705404 0.00592699 0.334818 0.00252415
0 0.392825 0.498552 0.612449 0.441647 0.00252336
0 0.0904995 0.714917 0.180999 0.306108 0.00251902
0 0.049646 0.717142 0.099292 0.565715 0.0025116
0 0.950442 0.884487 0.0991169 0.228244 0.0025021
0 0 0.974449 0 0.0511024 0.00248979
0 0.0981286 0.908028 0.196257 0.183944 0.00248145
0 0.942906 0.707632 0.114188 0.241317 0.00247551
0 0.93806 0.661499 0.12388 0.22978 0.00247466
0 0 0.911751 0 0.176498 0.00246387
0 0.939806 0.755821 0.120388 0.249415 0.0024629
0 0.0985531 0.929652 0.197106 0.140697 0.00246013
0 0.0468903 0.561791 0.0937806 0.540317 0.00244538
0 0.0827919 0.215142 0.165584 0.426979 0.00244505
0 0.0432414 0.456935 0.0864829 0.515026 0.00242881
0 0.228962 0.454167 0.457925 0.381839 0.00242217
0 0.564733 0.92771 0.245229 0.144579 0.00241987
0 0.569429 0.0655018 0.173675 0.111469 0.00240891
0 0 0.948915 0 0.102169 0.00240681
0 0.0281799 0.293892 0.0563597 0.397781 0.00240239
0 0.0188131 0.239555 0.0376262 0.31652 0.00240051
0 0.115044 0.146012 0.230089 0.292023 0.00239249
0 0.921062 0.0774537 0.157875 0.154907 0.00238761
0 0.294731 0.965273 0.259058 0.069455 0.00238432
0 0.713577 0.353794 0.572845 0.386742 0.00236321
0 0.0965907 0.405743 0.193181 0.547673 0.00235247
0 0.945291 0.805882 0.109418 0.222711 0.00235224
0 0.886303 0.177027 0.227394 0.293184 0.00235019
0 0.0834178 0.819269 0.166836 0.361461 0.00234866
0 0.952538 0.971277 0.0949239 0.0574455 0.00234723
0 0.260143 0.148711 0.488779 0.297422 0.00233313
0 0.235252 0.545417 0.470504 0.364945 0.0023129
0 0.936858 0.93765 0.126284 0.124701 0.00230994
0 0.953857 0.302051 0.0922857 0.284641 0.00230351
0 0.803907 0.491602 0.392185 0.33943 0.00230245
0 0.257353 0.405871 0.514706 0.387648 0.00228504
0 0.894631 0.673245 0.210738 0.173187 0.00227908
0 0.185731 0.405275 0.371462 0.386543 0.00227591
0 0.55924 0.904598 0.298238 0.190803 0.00226763
0 0.553573 0.499513 0.582441 0.42629 0.00226255
0 0.0916867 0.65869 0.183373 0.324077 0.0022585
0 0 0.870827 0 0.258346 0.00224782
0 0 0.19793 0 0.212562 0.00223516
0 0.550266 0.0741681 0.274673 0.148336 0.0022335
0 0.126714 0.324219 0.253428 0.436028 0.00222895
0 0.812149 0.569441 0.270541 0.188103 0.00222387
0 0.857146 0.55889 0.285707 0.237551 0.00221634
0 0.110247 0.815227 0.220494 0.0844419 0.00220721
0 0.981565 0.926707 0.0368702 0.146585 0.00220388
0 0.607605 0.0728456 0.267438 0.145691 0.00218878
0 0.156286 0.7992 0.312572 0.4016 0.00218735
0 0 0.0694236 0 0.138847 0.00218652
0 0.772766 0.935968 0.242703 0.128065 0.00218634
0 1 0.92183 0 0.156341 0.00217892
0 0.151271 0.505864 0.302542 0.371072 0.00217882
0 0.865553 0.938881 0.247241 0.122238 0.00216825
0 0.411216 0.570492 0.340799 0.224624 0.00215968
0 1 0.100522 0 0.175608 0.00215523
0 0.220855 0.355585 0.441711 0.384481 0.00215332
0 0 0.0605532 0 0.121106 0.00215089
0 0.690557 0.18235 0.450382 0.324513 0.00214891
0 0.122901 0.262465 0.245801 0.389822 0.00214317
0 0.900948 0.767715 0.198104 0.191968 0.00213532
0 0.345152 0.559733 0.378697 0.272073 0.00213293
0 0.786436 0.455586 0.427128 0.374169 0.00213205
0 0 0.108989 0 0.140586 0.00213112
0 0.155102 0.834884 0.310204 0.203183 0.00212387
0 0.953306 0.353539 0.0933888 0.293681 0.00212237
0 0.750717 0.354993 0.498566 0.375813 0.00212163
0 0.962479 0.457381 0.0750417 0.268587 0.00211489
0 0.987233 0.158068 0.0255332 0.173952 0.00211272
0 0.147538 0.446172 0.295076 0.497917 0.00210948
0 0.0960261 0.608361 0.192052 0.334258 0.00210799
0 0.839604 0.675878 0.137951 0.10226 0.00210666
0 0.266568 0.540093 0.467904 0.348184 0.00210265
0 0.0832636 0.971509 0.166527 0.0569828 0.00207144
0 0.259699 0.0874697 0.310171 0.174939 0.00207065
0 0.901995 0.815509 0.19601 0.18503 0.00206963
0 0.184921 0.941438 0.197021 0.117125 0.00206097
0 0.197759 0.691984 0.395518 0.50047 0.00205973
0 0.653058 0.0732481 0.266907 0.146496 0.00205803
0 0.154055 0.454751 0.308111 0.381022 0.00205305
0 0.74523 0.920412 0.271831 0.159175 0.00205115
0 0.877528 0.512628 0.244944 0.32834 0.00205067
0 0.787918 0.148431 0.424163 0.296863 0.00204409
0 0 0.153572 0 0.150638 0.00204367
0 0.908476 0.562869 0.183047 0.277631 0.00204267
0 0.875404 0.265786 0.249192 0.329384 0.00202595
0 0.960531 0.405342 0.0789387 0.280877 0.00202348
0 0.463312 0.0847322 0.3209 0.169464 0.0020117
0 0.609543 0.352687 0.616596 0.380405 0.00200782
0 0.849986 0.892182 0.164182 0.104009 0.00200465
0 0.740511 0.857753 0.269087 0.169181 0.00199501
0 0.00831611 0.973411 0.0166322 0.0531775 0.00199486
0 0.900072 0.719831 0.199856 0.181391 0.0019918
0 0.178123 0.537626 0.356247 0.4766 0.00199132
0 0.328446 0.0924382 0.333319 0.184876 0.00198872
0 0.906288 0.873905 0.187425 0.192726 0.00198848
0 0.616894 0.572338 0.298174 0.20593 0.00198408
0 0.186767 0.106589 0.333356 0.213177 0.00197781
0 0.443613 0.931379 0.242824 0.137242 0.00197407
0 0.287987 0.355019 0.575973 0.383315 0.00197305
0 0.677889 0.490945 0.457776 0.350072 0.00197218
0 0.124413 0.209308 0.248826 0.378176 0.00196325
0 0.855951 0.66332 0.232587 0.19156 0.00195906
0 0.704053 0.827448 0.252696 0.191457 0.00195657
0 0.886688 0.606626 0.226625 0.295229 0.00195636
0 0.98265 0.0750725 0.0347003 0.150145 0.00195141
0 0.561742 0.869896 0.31091 0.180704 0.00194948
0 0.104632 0.0685351 0.209265 0.13707 0.00192968
0 0.1243 0.963953 0.208856 0.0720943 0.0019292
0 0.662351 0.817439 0.330881 0.208919 0.00192441
0 0.821158 0.620599 0.242839 0.188358 0.00192421
0 0.714363 0.570346 0.311399 0.190737 0.00192253
0 0.739487 0.811303 0.266381 0.187662 0.0019204
0 1 0.0648452 0 0.12969 0.00191814
0 0.868979 0.616971 0.259205 0.231936 0.00191789
0 0.862771 0.462439 0.274458 0.36261 0.00191488
0 0.864087 0.146872 0.271827 0.293745 0.00191319
0 0.177151 0.148136 0.354302 0.296273 0.00190986
0 0.170231 0.769012 0.340461 0.218759 0.0019094
0 0.391914 0.0916435 0.338386 0.183287 0.00190489
0 0.151338 0.356845 0.302676 0.392955 0.00189871
0 0.855817 0.876403 0.11376 0.119367 0.00189444
0 0.553441 0.570148 0.322708 0.220648 0.00187877
0 0.166261 0.874465 0.251011 0.163827 0.00187754
0 0.910704 0.910639 0.178591 0.178722 0.00187613
0 0.892188 0.467256 0.215624 0.309215 0.00187454
0 0.708123 0.784038 0.261808 0.231114 0.00187346
0 0.8668 0.849128 0.131334 0.132738 0.00186874
0 0.380139 0.779659 0.240863 0.154183 0.00186589
0 0.173263 0.660044 0.346526 0.272281 0.0018655
0 0.366863 0.932976 0.234788 0.134048 0.00186462
0 0.886101 0.411742 0.227797 0.324595 0.00184673
0 0.308108 0.91955 0.260702 0.1609 0.00184475
0 0.844472 0.867191 0.311055 0.181657 0.00184354
0 0.868911 0.0874352 0.262179 0.17487 0.00184347
0 0.108454 0.869658 0.216908 0.260685 0.00184139
0 0.179907 0.604931 0.359814 0.315069 0.00182977
0 0.60538 0.189336 0.431594 0.304961 0.00182515
0 0.912069 0.511325 0.175863 0.29206 0.00182293
0 0.472451 0.353781 0.622617 0.37947 0.00181528
0 0.305869 0.93467 0.227768 0.13066 0.00180979
0 0.172291 0.714145 0.344582 0.24203 0.0017987
0 0.204892 0.965931 0.23841 0.0681383 0.00179119
0 0.448308 0.913795 0.288207 0.172411 0.00178533
0 0.720797 0.0764415 0.273566 0.152883 0.00178371
0 1 0.0702401 0 0.14048 0.00178303
0 0.115945 0.554976 0.23189 0.34823 0.00177477
0 0.18379 0.305069 0.367581 0.382894 0.00176811
0 0.382541 0.174178 0.541546 0.348357 0.00175686
0 0.252836 0.116642 0.356408 0.233284 0.00175574
0 0.72173 0.663898 0.289927 0.190503 0.00175371
0 0.308466 0.121102 0.394767 0.242204 0.00174953
0 0.853725 0.91503 0.29255 0.16994 0.00174943
0 0.550509 0.802471 0.246083 0.185154 0.00173888
0 0.0825559 0.275062 0.165112 0.48371 0.00173614
0 0.277964 0.624134 0.312687 0.202418 0.00172948
0 0.662482 0.799979 0.254562 0.196171 0.00172718
0 0.845591 0.815857 0.308817 0.177954 0.00171489
0 0.878331 0.358673 0.243338 0.336956 0.00171446
0 0.681176 0.30721 0.609849 0.376533 0.0017039
0 0.453606 0.120064 0.361229 0.240128 0.00169894
0 0.661554 0.220868 0.529369 0.355272 0.00169628
0 0.161844 0.476841 0.323688 0.257206 0.00169575
0 0.74201 0.207096 0.51598 0.383447 0.00169484
0 0.141538 0.103126 0.283076 0.206252 0.00169406
0 0.365292 0.918478 0.271638 0.163045 0.00169255
0 0.178474 0.922531 0.233905 0.154937 0.00166839
0 0.483515 0.147711 0.425977 0.295421 0.00166654
0 0.887777 0.117073 0.224447 0.234145 0.00165749
0 0.800232 0.715921 0.281962 0.189545 0.00165312
0 0.738927 0.615288 0.27148 0.180871 0.00164959
0 0.817214 0.0817372 0.291831 0.163474 0.00164907
0 0.831073 0.10895 0.312047 0.2179 0.00163715
0 0.702499 0.141816 0.374785 0.283631 0.00163474
0 0.671012 0.854016 0.130272 0.103341 0.00162176
0 0.7123 0.719738 0.312191 0.17725 0.00161986
0 0.533911 0.186035 0.47417 0.322009 0.00161333
0 0.547709 0.775061 0.30131 0.201056 0.00160457
0 0.459131 0.869237 0.284695 0.183204 0.00160424
0 0.423596 0.475479 0.276825 0.151676 0.00160251
0 0.865882 0.769757 0.268237 0.187927 0.00158294
0 0.629775 0.719496 0.305881 0.180749 0.00158106
0 0.120055 0.580914 0.24011 0.229127 0.00158086
0 0.628168 0.666224 0.27622 0.188141 0.00157768
0 0.600357 0.479547 0.310457 0.17265 0.00157384
0 0.576149 0.142355 0.304374 0.284709 0.00156402
0 0.504643 0.615184 0.256411 0.186438 0.00156156
0 0.415344 0.768352 0.288295 0.186148 0.00155243
0 0.54914 0.719974 0.301976 0.184584 0.00155033
0 0.283528 0.768444 0.29617 0.189524 0.00153744
0 0.488261 0.770817 0.296593 0.189642 0.00153301
0 0.670309 0.85084 0.298543 0.18289 0.00152896
0 0.640388 0.613754 0.255765 0.181105 0.00152717
0 0.219871 0.174201 0.439742 0.348402 0.00151505
0 0.422258 0.812868 0.280672 0.178312 0.00151226
0 0.492942 0.666085 0.27691 0.18401 0.0015056
0 0.286631 0.821237 0.291043 0.187884 0.00150303
0 0.423956 0.666661 0.278961 0.183991 0.00150201
0 0.415386 0.720252 0.291467 0.191333 0.00150131
0 0.286983 0.668754 0.288743 0.187885 0.00149881
0 0.555219 0.665954 0.276817 0.185583 0.00149826
0 0.568541 0.614302 0.255007 0.18271 0.00149599
0 0.548178 0.403742 0.633991 0.373671 0.00149505
0 0.0219679 0.0687217 0.0439358 0.137443 0.00149499
0 0.283025 0.718768 0.298263 0.191219 0.00149269
0 0.369881 0.885865 0.109502 0.0723576 0.00147911
0 0.429165 0.617129 0.256283 0.189734 0.00146987
0 0.35774 0.620206 0.280098 0.189767 0.00146983
0 0.354383 0.767783 0.292138 0.187062 0.00146807
0 0.350109 0.719129 0.292108 0.191047 0.00146471
0 0.482143 0.719761 0.29621 0.189998 0.00146207
0 0.357362 0.666341 0.280252 0.184711 0.00145703
0 0.762532 0.775556 0.291351 0.215583 0.00144969
0 0.309365 0.868591 0.264599 0.171909 0.00144167
0 0.881074 0.0898966 0.237852 0.17214 0.00143673
0 0.769893 0.258453 0.460215 0.37487 0.0014362
0 0.333416 0.305192 0.622385 0.384213 0.00142543
0 0.378701 0.868213 0.265077 0.17719 0.00142023
0 0.119739 0.786106 0.239478 0.146933 0.00141925
0 0.155086 0.174107 0.310171 0.348215 0.00141226
0 0 0.899894 0 0.200213 0.00140402
0 0.786703 0.116532 0.318501 0.144113 0.00140007
0 0 0.923774 0 0.152452 0.00139957
0 0.582207 0.493585 0.235361 0.131957 0.00139576
0 0.253007 0.305333 0.506013 0.383033 0.00138759
0 0.362124 0.818142 0.283725 0.181911 0.00138286
0 0.133172 0.522155 0.266345 0.233124 0.00135743
0 0.300324 0.479346 0.342335 0.175918 0.0013485
0 0.0943179 0.908034 0.188636 0.183932 0.0013428
0 0.711211 0.100317 0.169694 0.113086 0.00133816
0 0.869997 0.115853 0.260006 0.186421 0.00130924
0 0.764827 0.481114 0.283534 0.165053 0.0013084
0 0.378822 0.798801 0.216711 0.11235 0.00130691
0 1 0.790826 0 0.290339 0.00130466
0 0.974626 0.940761 0.0507486 0.118477 0.00130089
0 0.814975 0.17396 0.37005 0.347919 0.00129737
0 1 0.690863 0 0.288342 0.00128885
0 0.597688 0.873628 0.200454 0.119899 0.00128872
0 0.723651 0.834844 0.207637 0.155662 0.937439
0 0.000828299 0.0704708 0.0016566 0.140942 0.0109903
0 1 0.946441 0 0.107117 0.00964328
0 1 0.950034 0 0.0999317 0.00686597
0 1 0.968434 0 0.0631319 0.00636944
0 0.744555 0.855896 0.14898 0.0999802 0.00583255
0 0.728173 0.863814 0.152237 0.0966185 0.00578713
0 0.00199505 0.89946 0.00399011 0.20108 0.00577773
0 0.765894 0.854166 0.116559 0.0971066 0.00546301
0 0.675196 0.864695 0.100464 0.0839134 0.00504471
0 1 0.948285 0 0.10343 0.00371974
0 1 0.957941 0 0.0841187 0.00331189
0 0.0709222 0 0.107965 0 0.0031483
0 0.565993 0.841793 0.106054 0.111457 0.00269273
0 0.698659 0.863963 0.13839 0.0968231 0.00264185
0 0 0.0162706 0 0.0325411 0.00262287
0 0.0539408 0.996327 0.107882 0.00734568 0.00255688
0 0.815741 0.828827 0.0230458 0.116512 0.00246877
0 0.818375 0.966515 0.304642 0.0669706 0.00238606
0 0.735659 0.966062 0.289447 0.0678768 0.00231005
0 1 0.940999 0 0.118003 0.00230417
0 0.553481 0 0.0930728 0 0.00228916
0 1 0.962406 0 0.0751873 0.00226585
0 0.870418 0.967217 0.259164 0.065566 0.00225936
0 0.615297 0.96558 0.31167 0.0688396 0.00211611
0 0.535525 0.966185 0.28872 0.0676298 0.00210695
0 0.461344 0.965219 0.282503 0.069561 0.00207701
0 0.673915 0.965882 0.301891 0.0682365 0.00207442
0 0.916557 0.967429 0.166886 0.0651417 0.00207282
0 0.396849 0.96481 0.285292 0.0703795 0.00204317
0 0.131929 0.966116 0.263858 0.0677686 0.00204223
0 0.336512 0.964757 0.294715 0.0704853 0.002028
0 0 0.968602 0 0.0627964 0.00201425
0 0.270452 0.965002 0.29913 0.0699961 0.00200509
0 0.0924582 0 0.105381 0 0.0019978
0 0.0877239 0.969407 0.175448 0.0611864 0.00198662
0 1 0.754351 0 0.191814 0.00198615
0 0.197458 0.965527 0.297437 0.0689465 0.00198317
0 1 0.805182 0 0.187502 0.00198244
0 0.586453 0 0.0914622 0 0.00198154
0 1 0.70439 0 0.189505 0.00196475
0 1 0.60415 0 0.189945 0.0019591
0 1 0.654342 0 0.189315 0.00195114
0 1 0.554049 0 0.189517 0.00195084
0 1 0.0994529 0 0.186488 0.00192955
0 0.521697 0 0.0923095 0 0.00192771
0 1 0.503848 0 0.188798 0.0019268
0 1 0.203056 0 0.187695 0.00192186
0 1 0.453409 0 0.187784 0.00191262
0 0.0444556 0.992562 0.0889113 0.0148752 0.00190313
0 1 0.253782 0 0.185572 0.00189967
0 0.994714 0.971777 0.0105718 0.0564466 0.00189122
0 1 0.403196 0 0.186949 0.00188495
0 1 0.30333 0 0.185896 0.00188286
0 1 0.353097 0 0.186523 0.00188089
0 1 0.066341 0 0.132682 0.00186848
0 0.747725 0.859413 0.273051 0.178847 0.00186667
0 1 0.152688 0 0.185173 0.00186585
0 0.691489 0.906296 0.259684 0.187409 0.00185685
0 0.664293 0.887513 0.296055 0.224973 0.00184031
0 0.941749 0.967972 0.116502 0.0640551 0.00184019
0 1 0.860118 0 0.195233 0.00183117
0 0.0314934 0.974396 0.0629868 0.0512083 0.00182828
0 0.67019 0.921482 0.248463 0.157035 0.00182155
0 0.702514 0.830258 0.246577 0.208366 0.00180676
0 0.997464 0.92476 0.00507223 0.15048 0.00180304
0 0.62286 0 0.0920371 0 0.00179648
0 0.559228 0.928671 0.261041 0.142658 0.0017863
0 0.754772 0.918518 0.266044 0.162963 0.0017353
0 0 0.972429 0 0.0551416 0.00173316
0 0.831719 0.63285 0.143143 0.091283 0.00171303
0 0.479711 0.930671 0.25544 0.138658 0.00170849
0 0.410613 0.93179 0.257122 0.13642 0.00169856
0 0 0.975398 0 0.0492048 0.00169544
0 0 0.661601 0 0.159655 0.00169319
0 0.724631 0.785546 0.274509 0.214324 0.0016872
0 0.657471 0 0.092298 0 0.0016836
0 0 0.611946 0 0.159097 0.00168258
0 0.0206913 0.815206 0.0413826 0.180979 0.00167495
0 0.485817 0 0.0900826 0 0.00167384
0 0.682436 0.818122 0.130206 0.108676 0.00167117
0 0 0.883054 0 0.188995 0.00167114
0 1 0.975908 0 0.048185 0.0016704
0 0 0.712119 0 0.160235 0.00166564
0 0 0.20892 0 0.162304 0.00166171
0 0 0.10187 0 0.17405 0.00165939
0 0.0202923 0.212265 0.0405846 0.190877 0.00165652
0 0 0.812535 0 0.155548 0.00165523
0 0.0229649 0.412501 0.0459297 0.188959 0.00165263
0 0.0219078 0.512166 0.0438156 0.184909 0.00164928
0 0 0.56221 0 0.158157 0.00164856
0 0.0206935 0.562212 0.0413871 0.184342 0.00164724
0 0.0226073 0.462241 0.0452147 0.187069 0.00164666
0 1 0.902288 0 0.195424 0.00164529
0 0 0.26136 0 0.159888 0.00163927
0 0.751942 0.809928 0.269379 0.184622 0.00163837
0 0.347219 0.932566 0.264955 0.134868 0.00163681
0 0 0.311299 0 0.160023 0.00163072
0 0.0296385 0.931887 0.059277 0.136226 0.00162717
0 0 0.761871 0 0.160895 0.00162176
0 0.0181271 0.157865 0.0362542 0.183537 0.00162125
0 0 0.512416 0 0.157861 0.00161759
0 0.0160908 0.763371 0.0321815 0.193944 0.00161703
0 0.0227022 0.362363 0.0454043 0.189467 0.00161679
0 0.0187171 0.611975 0.0374341 0.185517 0.00161608
0 0.0175551 0.6615 0.0351101 0.186899 0.00161176
0 0.0175746 0.712196 0.0351493 0.18964 0.00161026
0 0.0217271 0.312017 0.0434542 0.189657 0.00160997
0 0 0.155812 0 0.167834 0.00160697
0 0.173406 0 0.093268 0 0.0016052
0 0.0217827 0.263909 0.0435655 0.187559 0.00160289
0 0 0.46244 0 0.158285 0.00160107
0 0 0.361817 0 0.159216 0.00160048
0 0.279766 0.933239 0.268292 0.133523 0.00160032
0 1 0.260269 0 0.178439 0.00159651
0 0 0.412342 0 0.158769 0.00159575
0 1 0.20966 0 0.179526 0.0015905
0 0.984031 0.0768511 0.031938 0.153702 0.00158842
0 0.999605 0.76106 0.000789774 0.187442 0.00158614
0 0.206445 0.933671 0.264801 0.132657 0.00158568
0 1 0.309874 0 0.178878 0.00158093
0 0.581251 0.908671 0.312199 0.182658 0.00157465
0 0 0.941223 0 0.117554 0.00157385
0 1 0.710824 0 0.183796 0.00157007
0 0.498688 0.996104 0.121855 0.00779161 0.00156991
0 0.785955 0.932703 0.242561 0.134594 0.00156601
0 1 0.660833 0 0.183205 0.00156161
0 0.963861 0.971529 0.072278 0.0569411 0.00155971
0 1 0.610897 0 0.183943 0.00155807
0 1 0.510417 0 0.182694 0.00155763
0 0.0378828 0.910973 0.0757656 0.178054 0.001556
0 1 0.56062 0 0.183649 0.00155487
0 0.881553 0.934574 0.236894 0.130852 0.0015504
0 0.957866 0.162264 0.0842685 0.19203 0.0015438
0 0.463441 0.995728 0.1228 0.00854321 0.00154156
0 0.687894 0.873154 0.108027 0.0776363 0.00153933
0 0.132609 0.933259 0.257215 0.133481 0.00153524
0 0.573249 0.995453 0.12461 0.00909452 0.00153087
0 0.691694 0 0.0922944 0 0.0015264
0 0.856788 0.865433 0.286424 0.187016 0.00152478
0 0.807963 0.823495 0.0402949 0.138473 0.00152172
0 0.964614 0.996017 0.0707726 0.00796595 0.00152148
0 0.14209 0 0.097953 0 0.00152133
0 0.921054 0.111269 0.157891 0.187429 0.00151858
0 0.536068 0.996003 0.123221 0.00799313 0.0015166
0 0.900744 0.0673883 0.198512 0.134777 0.00151266
0 0.935332 0.0672562 0.129335 0.134512 0.00151165
0 0.496318 0.910301 0.300387 0.179397 0.00150978
0 0.60636 0.995075 0.122902 0.00985088 0.00150608
0 0.971441 0.109887 0.0571173 0.190515 0.0015048
0 0.447494 0 0.0902005 0 0.00150149
0 0.0370238 0.0720249 0.0740477 0.14405 0.00149705
0 0.938278 0.0773737 0.123445 0.154747 0.00149667
0 0.946048 0.996799 0.107905 0.00640259 0.0014963
0 0.882791 0.110523 0.234418 0.188914 0.00149436
0 0.89975 0.0778555 0.200499 0.155711 0.00149333
0 0.637543 0.995372 0.117951 0.00925684 0.00148704
0 0.95435 0.212578 0.0912996 0.194384 0.00148673
0 0.421749 0.911428 0.299186 0.177145 0.00148562
0 0.0203583 0.095575 0.0407166 0.19115 0.00147749
0 0.865407 0.911781 0.269186 0.176438 0.00147665
0 0.911508 0.16391 0.176984 0.188246 0.0014764
0 0.953812 0.262841 0.092377 0.194741 0.00147313
0 0.939741 0.933582 0.120519 0.132837 0.00147181
0 0.414234 0 0.0945716 0 0.00147028
0 0.173777 0.109194 0.282969 0.185145 0.00146708
0 0.909466 0.214334 0.181068 0.188944 0.00146313
0 0.963977 0.905 0.0720456 0.19 0.00145965
0 0.0924181 0.933249 0.184836 0.133502 0.00145944
0 0.865835 0.0670155 0.261841 0.134031 0.00145765
0 0.909401 0.263999 0.181199 0.189651 0.00145377
0 0.843484 0.110639 0.291689 0.186351 0.00145364
0 0.218139 0.563028 0.286783 0.184251 0.00145343
0 0.181302 0.0688374 0.259008 0.137675 0.00145017
0 0.352585 0.91137 0.301758 0.177259 0.00144918
0 0.287487 0.563465 0.284108 0.182631 0.0014478
0 0.145282 0.714029 0.288987 0.187862 0.00144693
0 0.285665 0.664271 0.286043 0.183421 0.0014464
0 0.837622 0.513988 0.291643 0.185693 0.00144397
0 0.432897 0.994948 0.127742 0.0101043 0.00144366
0 0.283985 0.911432 0.303686 0.177135 0.00144338
0 0.655584 0.110408 0.281364 0.183841 0.0014429
0 0.211695 0.911517 0.301428 0.176967 0.00144091
0 0.71787 0.110804 0.283635 0.183469 0.0014407
0 0.590942 0.110095 0.283518 0.184543 0.00143872
0 0.875309 0.16355 0.249381 0.189148 0.00143762
0 0.954096 0.312732 0.0918085 0.195085 0.00143733
0 0.21541 0.714611 0.288152 0.18535 0.00143615
0 0.876688 0.464267 0.246624 0.187936 0.001436
0 0.865466 0.0775568 0.269068 0.155114 0.00143515
0 0.523171 0.109439 0.286564 0.185115 0.00143464
0 0.354135 0.614975 0.282345 0.181592 0.00143397
0 0.764012 0.998354 0.107124 0.00329113 0.00143256
0 0.216075 0.141642 0.121845 0.0832134 0.00143252
0 0.697744 0.564884 0.296087 0.187639 0.0014325
0 0.911588 0.464861 0.176825 0.186692 0.00143216
0 0.354684 0.563966 0.284053 0.183433 0.00143162
0 0.101867 0.912288 0.203735 0.175423 0.00143124
0 0.217939 0.664455 0.28849 0.182633 0.0014301
0 0.42194 0.665747 0.289471 0.186033 0.00142983
0 0.401843 0.994938 0.131889 0.0101244 0.00142971
0 0.353755 0.664897 0.286742 0.184958 0.00142971
0 0.954302 0.363053 0.0913959 0.195455 0.00142952
0 0.448511 0.109208 0.289836 0.185353 0.00142894
0 0.784744 0.775257 0.299953 0.205093 0.0014289
0 0.354762 0.514565 0.288739 0.184447 0.0014279
0 0.771409 0.716921 0.301112 0.182972 0.00142742
0 0.282807 0.71526 0.288159 0.183818 0.00142715
0 0.42228 0.716012 0.295392 0.187119 0.00142621
0 0.082609 0.0693634 0.165218 0.138727 0.00142593
0 0.694863 0.463902 0.294158 0.186343 0.00142587
0 0.878366 0.513933 0.243269 0.187636 0.00142553
0 0.422572 0.765077 0.294256 0.183593 0.00142545
0 0.873693 0.263436 0.252614 0.191205 0.00142476
0 0.457127 0.0683744 0.25676 0.136749 0.00142395
0 0.492106 0.765625 0.301 0.185004 0.00142307
0 0.954026 0.413369 0.0919479 0.19638 0.00142278
0 0.143586 0.91134 0.287172 0.177319 0.00142196
0 0.835058 0.464091 0.296304 0.187684 0.00142177
0 0.146584 0.56279 0.291136 0.186283 0.00142117
0 0.873569 0.214232 0.252861 0.190532 0.00142086
0 0.145748 0.664526 0.288526 0.18383 0.00142003
0 0.287696 0.614281 0.280525 0.180929 0.00141958
0 0.546485 0.823986 0.136552 0.123765 0.00141865
0 0.917058 0.909638 0.165885 0.180725 0.00141799
0 0.597084 0.861472 0.293809 0.180389 0.00141768
0 0.353404 0.715793 0.29164 0.185081 0.00141721
0 0.696374 0.513979 0.287803 0.184086 0.00141663
0 0.630336 0.564309 0.293607 0.187317 0.00141661
0 0.208431 0 0.0932129 0 0.00141612
0 0.828114 0.163471 0.291657 0.186993 0.00141603
0 0.696567 0.261025 0.289322 0.189245 0.00141522
0 0.909487 0.313979 0.181026 0.190196 0.00141521
0 0.294645 0.996867 0.124255 0.00626698 0.00141205
0 0.284198 0.764508 0.287086 0.183744 0.00141188
0 0.353998 0.463858 0.294428 0.189408 0.00141168
0 0.725413 0 0.0912042 0 0.00141125
0 0.953933 0.463394 0.0921341 0.195296 0.00141047
0 0.527995 0.0684478 0.258717 0.136896 0.0014103
0 0.216534 0.463651 0.295524 0.18872 0.00141024
0 0.8265 0.263461 0.296265 0.189054 0.00141017
0 0.218693 0.613701 0.283891 0.182926 0.00140998
0 0.117225 0.0692579 0.23445 0.138516 0.00140988
0 0.83947 0.665407 0.290244 0.18414 0.0014094
0 0.636613 0.716287 0.304921 0.182303 0.00140932
0 0.217687 0.514282 0.287808 0.184272 0.0014089
0 0.286113 0.514608 0.286311 0.183147 0.00140886
0 0.829584 0.364206 0.305414 0.193572 0.00140734
0 0.215625 0.763871 0.287655 0.18593 0.00140612
0 0.91117 0.414912 0.177661 0.190343 0.00140561
0 0.381759 0 0.0949526 0 0.0014053
0 0.837034 0.565425 0.295125 0.187794 0.00140518
0 0.330885 0.996544 0.127998 0.00691137 0.00140506
0 0.873317 0.364462 0.253367 0.192377 0.00140418
0 0.825238 0.214266 0.297043 0.188151 0.00140255
0 0.766181 0.463985 0.297285 0.188493 0.00140218
0 0.909984 0.364533 0.180032 0.190047 0.00140181
0 0.354973 0.764842 0.290427 0.182997 0.00140174
0 0.779927 0.110527 0.285243 0.184425 0.00140128
0 0.564853 0.564413 0.294221 0.186166 0.00140125
0 0.423077 0.615428 0.286293 0.183788 0.00140055
0 0.241651 0.108798 0.280035 0.183894 0.00139975
0 0.828195 0.313844 0.303312 0.19084 0.00139951
0 0.14526 0.763653 0.289464 0.188296 0.00139932
0 0.423371 0.814283 0.299045 0.184743 0.00139904
0 0.145482 0.613085 0.28789 0.185833 0.00139899
0 0.561294 0.716074 0.305187 0.185256 0.00139883
0 0.582115 0.0784245 0.106168 0.0868603 0.00139873
0 0.37751 0.108894 0.287151 0.184607 0.00139795
0 0.365494 0.995829 0.128477 0.00834122 0.00139773
0 0.878814 0.66513 0.242372 0.186091 0.0013977
0 0.307335 0.1089 0.28204 0.18324 0.00139672
0 0.425749 0.564788 0.286701 0.184292 0.00139659
0 0.873158 0.313817 0.253684 0.191907 0.0013964
0 0.0755313 0.997222 0.126972 0.00555687 0.00139511
0 0.769369 0.514226 0.292654 0.184814 0.00139498
0 0.77016 0.565283 0.298816 0.188281 0.00139483
0 0.212361 0.212436 0.295608 0.188976 0.00139393
0 0.284338 0.4642 0.291738 0.187591 0.00139363
0 0.610108 0.722429 0.18185 0.0969197 0.00139357
0 0.149541 0.81358 0.291676 0.184799 0.00139269
0 0.218102 0.813659 0.292207 0.183698 0.00139253
0 0.49048 0.715854 0.299485 0.18765 0.00139232
0 0.629041 0.513615 0.285863 0.185165 0.00139114
0 0.387315 0.0680363 0.254586 0.136073 0.00139106
0 0.118824 0.109269 0.237648 0.18374 0.00138923
0 0.426967 0.514292 0.293401 0.185881 0.00138905
0 0.694177 0.413107 0.297426 0.191607 0.00138879
0 0.356905 0.81432 0.295532 0.182812 0.00138597
0 0.704571 0.163389 0.28864 0.18646 0.00138566
0 0.706473 0.716746 0.302191 0.180373 0.00138548
0 0.703512 0.665611 0.297155 0.185671 0.00138531
0 0.426672 0.463406 0.297876 0.18855 0.00138417
0 0.875435 0.414759 0.249131 0.19195 0.00138395
0 0.867015 0.768256 0.265969 0.190137 0.00138385
0 0.628099 0.463447 0.292204 0.186079 0.00138357
0 0.0268048 0.00955804 0.0536097 0.0191161 0.00138334
0 0.911133 0.765757 0.177734 0.191891 0.00138208
0 0.49391 0.463353 0.296511 0.186314 0.00138194
0 0.832637 0.414066 0.300865 0.192583 0.00138173
0 0.724617 0.834846 0.208196 0.15525 0.9364
0 0.224659 0.13682 0.100398 0.0737424 0.00371896
0 0.0625938 0.601828 0.125188 0.308908 0.0021982
0 0.122746 0.318277 0.245493 0.299307 0.00218858
0 0.0665198 0.499546 0.13304 0.329528 0.00216562
0 0.110608 0.371127 0.221216 0.260583 0.0020899
0 0.150103 0.260324 0.300205 0.364811 0.0020801
0 0.0589865 0.700363 0.117973 0.307945 0.00203449
0 0.0753025 0.395733 0.150605 0.380036 0.00201964
0 0.438652 0.965487 0.260151 0.0690256 0.0019787
0 0.564741 0.84977 0.114988 0.0847532 0.00196085
0 0.105474 0.42278 0.210948 0.237491 0.00195594
0 0.510068 0.96553 0.26262 0.0689392 0.001955
0 0.365474 0.965997 0.259356 0.0680052 0.00195224
0 0.660536 0.966009 0.276985 0.0679813 0.00194378
0 0.290616 0.966786 0.254007 0.0664286 0.00192794
0 0.0527263 0.748914 0.105453 0.293501 0.00192076
0 0.586795 0.966392 0.267953 0.0672169 0.00191634
0 0.102193 0.472542 0.204385 0.224908 0.0018919
0 0.14267 0.0773007 0.256553 0.154601 0.00188033
0 0.100491 0.522647 0.200982 0.217296 0.0018669
0 0.149613 0.174646 0.299227 0.218586 0.00185901
0 0.783513 0.967002 0.275 0.0659954 0.00184104
0 0.0991793 0.571874 0.198359 0.213324 0.00183317
0 0.0982886 0.621375 0.196577 0.213017 0.00183263
0 0.220537 0.967316 0.257092 0.0653687 0.00182607
0 0.0916411 0.0716896 0.183282 0.143379 0.001807
0 0.0980495 0.671377 0.196099 0.213493 0.00180397
0 0.850093 0.966948 0.28023 0.0661038 0.00179203
0 0.146489 0.221418 0.292979 0.221083 0.00179166
0 0.167726 0.205826 0.335452 0.411652 0.00178936
0 0.717919 0.966457 0.280679 0.0670864 0.00178171
0 0.141207 0.117407 0.282413 0.191224 0.00177231
0 1 0.413884 0 0.176937 0.00176248
0 1 0.363679 0 0.173901 0.00174893
0 0.0979433 0.721941 0.195887 0.214264 0.00173809
0 1 0.464631 0 0.179648 0.0017351
0 1 0.508796 0 0.205661 0.00172926
0 0.0540829 0.809929 0.108166 0.239642 0.00172894
0 1 0.314993 0 0.168695 0.00171287
0 1 0.559942 0 0.203722 0.00171241
0 1 0.610604 0 0.197422 0.00167608
0 0 0.514259 0 0.162765 0.00166427
0 0 0.464488 0 0.164641 0.00166364
0 0 0.56375 0 0.161367 0.00166337
0 0.148046 0.968093 0.252292 0.063815 0.00166106
0 0.096356 0.774039 0.192712 0.209517 0.00166032
0 0 0.613306 0 0.160298 0.00165402
0 0 0.663278 0 0.160289 0.00165129
0 0.887711 0.96804 0.224578 0.0639191 0.00164277
0 0 0.714866 0 0.16205 0.0016406
0 1 0.660604 0 0.193297 0.00163826
0 0.0974809 0.297657 0.194962 0.458144 0.00163521
0 1 0.258877 0 0.187312 0.00163048
0 0 0.414224 0 0.164288 0.00162978
0 1 0.268663 0 0.164792 0.00162689
0 0.979146 0.218373 0.041707 0.181451 0.00161819
0 1 0.567016 0 0.180282 0.00160858
0 0.983706 0.270033 0.0325875 0.171723 0.0016069
0 0.986238 0.365838 0.0275245 0.174717 0.00160343
0 0 0.765204 0 0.160766 0.00160072
0 0.986194 0.317735 0.0276121 0.171984 0.00159883
0 1 0.71063 0 0.191176 0.00159662
0 0.0393623 0.889711 0.0787246 0.220577 0.00158639
0 1 0.760955 0 0.192149 0.00157603
0 0.98451 0.414724 0.0309793 0.177153 0.00157457
0 0.979098 0.163379 0.0418037 0.181042 0.00157289
0 0.931215 0.162323 0.13757 0.17601 0.00157049
0 0 0.363202 0 0.16201 0.00156149
0 1 0.813206 0 0.183043 0.00155569
0 1 0.616792 0 0.176587 0.00155474
0 0 0.968884 0 0.062232 0.00154534
0 0.931891 0.215828 0.136219 0.177694 0.00154181
0 0.982331 0.46427 0.0353386 0.179377 0.00153966
0 0.980514 0.514713 0.0389712 0.180209 0.001538
0 0.97924 0.565016 0.0415202 0.181384 0.00153374
0 0.978943 0.614578 0.0421145 0.180386 0.001533
0 0.978516 0.764407 0.042968 0.180731 0.0015245
0 1 0.209816 0 0.191662 0.00151948
0 1 0.666154 0 0.174223 0.00151842
0 0.979133 0.664157 0.0417337 0.179272 0.00151758
0 0.142346 0.278946 0.283426 0.18309 0.00151664
0 0.979299 0.714136 0.0414013 0.179274 0.00150562
0 0.895372 0.214766 0.209255 0.174272 0.00150547
0 1 0.0675189 0 0.135038 0.00150346
0 0.938129 0.269868 0.123742 0.165661 0.00148686
0 0.215449 0.0750042 0.236724 0.150008 0.00148577
0 0.544554 0.48046 0.0775281 0.0769712 0.0014783
0 0.725581 0.926798 0.232006 0.146405 0.00147702
0 0.0980647 0.826419 0.196129 0.190889 0.00147611
0 1 0.715998 0 0.173779 0.00146965
0 0.218726 0.113966 0.233052 0.162684 0.00145195
0 0 0.815682 0 0.152753 0.00145078
0 0.0569207 0.935952 0.113841 0.128097 0.00144915
0 0.984171 0.815859 0.0316573 0.170819 0.00144888
0 0.956004 0.0727017 0.0879922 0.145403 0.00144438
0 0 0.926157 0 0.147686 0.00144196
0 0 0.312953 0 0.161227 0.00144184
0 0.990757 0.108623 0.0184855 0.173579 0.00144093
0 0.895903 0.162904 0.208195 0.171741 0.00143997
0 0.938023 0.666058 0.123955 0.167816 0.00143982
0 0.0637575 0.0917094 0.127515 0.183419 0.0014351
0 1 0.21974 0 0.169154 0.00143081
0 0.938955 0.616224 0.12209 0.167764 0.00143074
0 1 0.766293 0 0.176143 0.0014278
0 0.0854138 0.152033 0.170828 0.304067 0.0014273
0 0.937025 0.766868 0.125951 0.169409 0.00142513
0 0.949674 0.108777 0.100652 0.170848 0.00142438
0 0.0992486 0.970424 0.198497 0.0591511 0.00142157
0 0 0.0692455 0 0.138491 0.00142139
0 0.937716 0.71645 0.124568 0.168318 0.00142006
0 0.939896 0.566688 0.120208 0.167463 0.00141929
0 0.900622 0.267896 0.198755 0.165086 0.00141913
0 0.941734 0.51603 0.116532 0.165626 0.0014188
0 0.989235 0.880191 0.0215291 0.180861 0.0014187
0 0.72199 0.896462 0.183023 0.0322109 0.00141478
0 0.570041 0.846649 0.128634 0.109267 0.00141458
0 0.115624 0.133543 0.231248 0.267086 0.00141338
0 0.943372 0.319898 0.113257 0.163061 0.00141018
0 0.945694 0.368687 0.108611 0.164125 0.00140843
0 1 0.817864 0 0.165702 0.00140333
0 0.943387 0.465755 0.113226 0.165508 0.00138858
0 0.0519841 0.0743181 0.103968 0.148636 0.00138742
0 0.0369819 0.973766 0.0739637 0.0524676 0.00138706
0 0.990625 0.0734483 0.0187496 0.146897 0.00138346
0 0.719541 0.909139 0.209907 0.181722 0.0013834
0 1 0.885154 0 0.17921 0.00138238
0 0.941095 0.816895 0.11781 0.164562 0.00138127
0 0.147151 0.237218 0.294301 0.474436 0.00138013
0 0.945235 0.416518 0.10953 0.165359 0.00137986
0 0.0730535 0.917751 0.146107 0.164499 0.00137941
0 0.220357 0.176601 0.241475 0.173737 0.00137865
0 0 0.967074 0 0.0658512 0.00137498
0 0.95003 0.872705 0.0999406 0.169566 0.00137315
0 0.736163 0.78681 0.227789 0.217035 0.0013713
0 0 0.105593 0 0.146511 0.0013706
0 0.788249 0.921663 0.207264 0.156673 0.00135829
0 0 0.157221 0 0.15648 0.00135103
0 0.141405 0.325992 0.26203 0.176845 0.00134658
0 0.867839 0.214744 0.24584 0.168763 0.00134303
0 0.217771 0.219289 0.238965 0.184713 0.00133314
0 1 0.157848 0 0.181874 0.00132582
0 0 0.21231 0 0.16759 0.00132471
0 0.99106 0.909167 0.0178804 0.181667 0.00132037
0 0.950612 0.968578 0.0987767 0.0628449 0.00131964
0 0 0.264235 0 0.16278 0.00131884
0 0.00186261 0.901941 0.00372522 0.196119 0.00130676
0 0.61649 0.932236 0.233914 0.135528 0.00130301
0 0.906936 0.318848 0.186127 0.161804 0.00129532
0 0.0940622 0.883822 0.188124 0.190772 0.00129498
0 0.87512 0.266025 0.234391 0.164003 0.00129436
0 0.920266 0.0728274 0.159467 0.145655 0.0012849
0 0.8668 0.163685 0.253074 0.1678 0.0012818
0 0.98129 0.968418 0.0374203 0.063163 0.00127704
0 0.321995 0.933021 0.222624 0.133957 0.00127656
0 0.389503 0.934212 0.227202 0.131577 0.00127459
0 0.537347 0.934598 0.232463 0.130804 0.0012743
0 0.912284 0.109719 0.175432 0.169594 0.00127383
0 0.266129 0.917166 0.243965 0.165667 0.00126963
0 0.335699 0.917488 0.241001 0.165025 0.00126304
0 0.813514 0.850551 0.0512227 0.122437 0.00126169
0 0 0.881277 0 0.176507 0.00125158
0 0.4002 0.917618 0.242894 0.164765 0.00124952
0 0.255024 0.932356 0.226852 0.135287 0.00124704
0 0.194038 0.917005 0.248218 0.16599 0.001246
0 0.462308 0.934978 0.230827 0.130043 0.0012448
0 0.895777 0.867243 0.208445 0.166405 0.00123688
0 1 0.108747 0 0.160282 0.00123529
0 0.0411151 0.996398 0.0822302 0.00720386 0.00123465
0 0.47416 0.916945 0.245058 0.16611 0.00123438
0 0.122319 0.917888 0.244638 0.164225 0.00123359
0 0.910014 0.368908 0.179973 0.165491 0.00123219
0 0 0.972554 0 0.0548925 0.00122876
0 1 0.165329 0 0.165778 0.00122861
0 1 0.104084 0 0.173501 0.00122514
0 0.911896 0.416965 0.176208 0.164938 0.00122348
0 0.13754 0.372281 0.255395 0.171884 0.00122332
0 0.0665421 0.99863 0.133084 0.00273962 0.00121124
0 0 0.126299 0 0.252597 0.00121048
0 0.879757 0.316304 0.225536 0.161094 0.00121003
0 0.630925 0.909898 0.241791 0.180204 0.00120985
0 0.91338 0.466063 0.173239 0.164094 0.00120846
0 0.186164 0.932132 0.227097 0.135735 0.00120574
0 0.119003 0.933304 0.221279 0.133392 0.00120108
0 0.553708 0.914447 0.240635 0.171106 0.00119866
0 0.913919 0.516213 0.172162 0.164096 0.00119628
0 0.219551 0.270112 0.237458 0.16533 0.00119502
0 0.616465 0.717795 0.251246 0.164222 0.00119049
0 0.912549 0.616163 0.174901 0.166566 0.00118368
0 0.912465 0.566775 0.17507 0.166283 0.00117941
0 0.813322 0.216379 0.239868 0.164986 0.00117735
0 0.910638 0.666743 0.178725 0.167427 0.0011773
0 0.88137 0.110627 0.23726 0.168528 0.00117073
0 1 0.979328 0 0.0413448 0.00116754
0 0.627925 0.773445 0.251321 0.17551 0.00116678
0 0.70523 0.782306 0.23755 0.187695 0.00116677
0 0.964132 0.93505 0.0717359 0.129899 0.00116612
0 0.691841 0.719523 0.241429 0.159786 0.00116368
0 0.0313242 0.33258 0.0626483 0.379904 0.00116127
0 0.259354 0.765175 0.255637 0.167879 0.00115984
0 0.333005 0.71512 0.25068 0.166538 0.00115941
0 0.887975 0.0731126 0.22405 0.146225 0.00115908
0 0.129908 0.469785 0.256158 0.166877 0.00115869
0 0.808278 0.164828 0.246927 0.165461 0.00115582
0 0.901201 0.770402 0.197598 0.171391 0.00115469
0 0.132561 0.420763 0.255825 0.168313 0.00115402
0 0.332044 0.765661 0.254446 0.167938 0.00115307
0 0.542076 0.716134 0.252213 0.166879 0.00115224
0 0.821313 0.266071 0.229055 0.163092 0.00115026
0 0.471066 0.766411 0.252998 0.167565 0.00114755
0 0.764354 0.860653 0.233823 0.162598 0.0011437
0 0.749931 0.665836 0.245724 0.16655 0.00114365
0 0.127527 0.668452 0.255054 0.166115 0.00114358
0 0.483929 0.073806 0.238194 0.147612 0.00114268
0 0.556192 0.0737963 0.237064 0.147593 0.00114221
0 0.265156 0.816214 0.251802 0.165148 0.00114213
0 0.472365 0.715677 0.250756 0.167119 0.00114185
0 0.547692 0.768297 0.256003 0.168345 0.00114171
0 0.404337 0.715597 0.249879 0.166326 0.00114067
0 0.680233 0.665736 0.248911 0.165866 0.00114047
0 0.760537 0.8116 0.237134 0.176728 0.0011403
0 0.260726 0.714784 0.25298 0.166575 0.00113935
0 0.127827 0.618513 0.255654 0.166738 0.00113929
0 0.824673 0.315639 0.223907 0.159732 0.00113752
0 0.128901 0.568725 0.254839 0.166338 0.00113748
0 0.129099 0.519614 0.256359 0.166609 0.00113547
0 0.402359 0.766046 0.252392 0.166823 0.0011336
0 0.610716 0.665651 0.246475 0.165316 0.0011331
0 0.903463 0.917444 0.193074 0.165111 0.00113157
0 0.0493542 0.233626 0.0987085 0.453299 0.00113
0 0.218623 0.320407 0.234294 0.164591 0.00112961
0 0.336335 0.664664 0.245016 0.167573 0.00112847
0 0.683431 0.265691 0.240935 0.165646 0.00112819
0 0.909551 0.718554 0.180897 0.167708 0.00112683
0 0.482355 0.416497 0.233834 0.164353 0.0011252
0 0.542189 0.665237 0.242514 0.165996 0.00112161
0 0.480234 0.112449 0.235655 0.164227 0.0011212
0 0.554817 0.11271 0.23807 0.165471 0.00112089
0 0.272847 0.866567 0.246838 0.167052 0.00111988
0 0.819934 0.111727 0.239129 0.166993 0.0011198
0 0.746403 0.615693 0.248686 0.167681 0.00111898
0 0.767901 0.879846 0.109213 0.0747568 0.00111805
0 0.805184 0.777109 0.235519 0.201242 0.00111792
0 0.881705 0.56598 0.23659 0.167585 0.00111763
0 0.748098 0.565454 0.246763 0.167472 0.00111708
0 0.127381 0.718697 0.254762 0.167158 0.00111699
0 0.401839 0.0685585 0.242609 0.137117 0.00111693
0 0.82732 0.0735696 0.236375 0.147139 0.00111657
0 0.33668 0.816471 0.250678 0.165899 0.00111545
0 0.639045 0.935516 0.315575 0.128967 0.00111509
0 0.881951 0.416061 0.232596 0.166349 0.00111473
0 0.749205 0.216202 0.241749 0.165723 0.0011147
0 0.475128 0.816307 0.248689 0.167616 0.00111424
0 0.67942 0.0674883 0.24002 0.134977 0.00111392
0 0.687213 0.315138 0.230499 0.163011 0.00111381
0 0.878908 0.367358 0.22729 0.167286 0.0011137
0 0.755824 0.26597 0.233415 0.164738 0.00111333
0 0.483648 0.866743 0.245398 0.167376 0.0011127
0 0.557095 0.816119 0.244482 0.16572 0.00111163
0 0.27297 0.0678842 0.234344 0.135768 0.00111058
0 0.881591 0.615569 0.236819 0.166858 0.0011096
0 0.269183 0.515737 0.245911 0.166696 0.00110904
0 0.563937 0.867764 0.242209 0.166358 0.00110897
0 0.468889 0.169866 0.236999 0.163878 0.00110769
0 0.746924 0.165056 0.242859 0.165463 0.00110736
0 0.747528 0.0671525 0.243378 0.134305 0.00110712
0 0.623325 0.112641 0.235917 0.166434 0.0011067
0 0.680762 0.216 0.247637 0.166406 0.00110649
0 0.486041 0.466682 0.234693 0.165747 0.00110634
0 0.631965 0.813844 0.231391 0.174747 0.00110595
0 0.611064 0.0673498 0.238691 0.1347 0.00110543
0 0.264622 0.664413 0.25023 0.167371 0.00110427
0 0.543344 0.370359 0.227601 0.164209 0.00110364
0 0.811652 0.720718 0.236965 0.164309 0.00110346
0 0.892252 0.815553 0.215496 0.166043 0.00110336
0 0.883127 0.515824 0.233746 0.16561 0.00110322
0 0.127146 0.769185 0.254292 0.16785 0.00110313
0 0.19039 0.76584 0.253572 0.167149 0.00110306
0 0.759535 0.315123 0.227682 0.16157 0.00110219
0 0.268425 0.614783 0.246259 0.166063 0.00110179
0 0.0215423 0.428231 0.0430847 0.334983 0.00110145
0 0.475075 0.665155 0.242284 0.166752 0.00110133
0 0.213199 0.366408 0.237171 0.169567 0.00110079
0 0.74898 0.516149 0.243242 0.165128 0.00110065
0 0.613065 0.165085 0.246263 0.167045 0.00110017
0 0.682479 0.164824 0.24343 0.166418 0.0010994
0 0.20146 0.867589 0.250618 0.168842 0.00109935
0 0.675855 0.615491 0.248387 0.168501 0.0010993
0 0.879478 0.666627 0.241044 0.167995 0.00109929
0 0.403904 0.816216 0.249269 0.166757 0.00109906
0 0.817788 0.665848 0.242667 0.167101 0.00109895
0 0.819391 0.565357 0.243587 0.167441 0.0010989
0 0.270572 0.564317 0.243146 0.166562 0.00109824
0 0.410373 0.415734 0.234429 0.165583 0.00109723
0 0.82069 0.515823 0.240758 0.164698 0.00109693
0 0.340827 0.615104 0.239687 0.165135 0.00109654
0 0.406256 0.66487 0.243386 0.167769 0.00109639
0 0.750182 0.720125 0.23641 0.161208 0.00109492
0 0.882966 0.46529 0.231997 0.166381 0.00109398
0 0.195271 0.816421 0.252031 0.165532 0.00109378
0 0.719661 0.837744 0.203473 0.148235 0.959445
0 0.551288 0.831878 0.173003 0.129659 0.00238978
0 0.226241 0.138829 0.136425 0.0716517 0.00217102
0 0.409845 0.615559 0.421378 0.331103 0.00213961
0 0.26976 0.697783 0.315372 0.25378 0.00207759
0 0.655519 0.744104 0.688963 0.504149 0.00206868
0 0.0267324 0.970077 0.0534649 0.0598468 0.00206601
0 0.619537 0.566904 0.433276 0.316783 0.0020313
0 0.696193 0.571539 0.474675 0.35345 0.00202525
0 0.543105 0.558871 0.391623 0.269639 0.00200208
0 0.797081 0.574652 0.405839 0.325667 0.00199674
0 0.795187 0.784262 0.409627 0.406835 0.00197929
0 0.189701 0.932901 0.230678 0.134198 0.00193242
0 0.370971 0.661342 0.466744 0.375109 0.00192368
0 0.269638 0.654012 0.278121 0.204742 0.00190401
0 0.845847 0.619603 0.308307 0.381521 0.00188975
0 0.274323 0.748024 0.332738 0.278328 0.00185696
0 0.98296 0.913581 0.0340792 0.172838 0.00180434
0 0.272043 0.876727 0.357571 0.246546 0.0017979
0 0.941239 0.566287 0.117522 0.344986 0.00178534
0 0.534356 0.623 0.619685 0.426171 0.00177245
0 0.806961 0.663051 0.386078 0.454538 0.00176524
0 0.290818 0.845778 0.381516 0.308443 0.00171331
0 0.716045 0.857458 0.358038 0.285083 0.00170818
0 0.0217146 0.921708 0.0434293 0.156584 0.00170798
0 0.28284 0.79649 0.3575 0.293632 0.00169276
0 0.702684 0.781337 0.286601 0.318043 0.0016913
0 0.330036 0.60433 0.291694 0.2193 0.00167608
0 0.600496 0.770454 0.799008 0.459092 0.0016754
0 0.472987 0.55549 0.343718 0.218448 0.00167467
0 0.560937 0.848075 0.121339 0.0892616 0.00163614
0 0.849389 0.56826 0.301221 0.248927 0.00162024
0 0.0199089 0.220262 0.0398177 0.263742 0.00161961
0 0.619783 0.8089 0.486195 0.3822 0.00161326
0 0.192826 0.913018 0.262599 0.173964 0.00161151
0 0.494769 0.598497 0.184904 0.12156 0.00159831
0 0.630762 0.831523 0.598434 0.336955 0.00159236
0 0.222276 0.761345 0.262426 0.170299 0.00159136
0 0.431693 0.720413 0.657748 0.47019 0.00158535
0 0.0203046 0.269958 0.0406093 0.259181 0.00157711
0 0.815006 0.767426 0.369988 0.465148 0.00156948
0 0.933341 0.569233 0.133317 0.257383 0.00156802
0 0.216619 0.809607 0.25914 0.169854 0.00156371
0 0.0194347 0.171185 0.0388694 0.258891 0.00156162
0 0.968261 0.524103 0.0634779 0.312103 0.0015595
0 0.0200962 0.119217 0.0401924 0.238434 0.0015474
0 1 0.939537 0 0.120926 0.00154001
0 0.0208206 0.320684 0.0416411 0.252815 0.00152467
0 0.0199592 0.772638 0.0399183 0.250666 0.00152356
0 0.980839 0.209894 0.0383217 0.24736 0.00151974
0 0.0214058 0.370996 0.0428115 0.244868 0.00151008
0 0.0199866 0.821117 0.0399731 0.2534 0.00150963
0 0.230789 0.71234 0.259712 0.168342 0.00150833
0 0.211664 0.862832 0.262363 0.174277 0.00150584
0 0.0200593 0.72368 0.0401186 0.245425 0.00150566
0 0.979722 0.259388 0.040556 0.252798 0.00149537
0 0.0898518 0.939597 0.179704 0.120805 0.00148995
0 0.0220124 0.422141 0.0440249 0.236137 0.0014838
0 0.0204851 0.674325 0.0409702 0.235826 0.00147861
0 0.702755 0.507652 0.319292 0.179057 0.00146755
0 0.978727 0.358115 0.0425453 0.256793 0.00146453
0 0.632374 0.626311 0.731883 0.469112 0.00145936
0 0.0203626 0.87345 0.0407253 0.253101 0.00145927
0 0.979323 0.310202 0.0413547 0.256941 0.00145885
0 0.7694 0.50853 0.326525 0.176528 0.00145881
0 0.0211979 0.624099 0.0423959 0.22894 0.00145652
0 0.0222465 0.473196 0.0444929 0.23037 0.00145153
0 0.293511 0.609025 0.262054 0.172588 0.00145025
0 0.978289 0.407715 0.043421 0.255617 0.00144797
0 0.0219803 0.574262 0.0439606 0.225904 0.0014439
0 0.56228 0.803175 0.87544 0.393649 0.00144378
0 0.444568 0.787216 0.726966 0.425569 0.00144325
0 0.984451 0.157209 0.0310985 0.233995 0.00144187
0 0.81619 0.810464 0.367619 0.379073 0.00143956
0 0.0817323 0.976034 0.163465 0.0479317 0.00143588
0 0.0222902 0.523731 0.0445804 0.227026 0.00143517
0 0.976983 0.467846 0.0460345 0.279343 0.00143149
0 0.00168144 0.320043 0.00336289 0.32551 0.00143135
0 0.00363634 0.955478 0.00727269 0.0890436 0.00142837
0 0.771083 0.916498 0.255127 0.167005 0.00142309
0 0.846044 0.510825 0.307911 0.168934 0.00140543
0 0.809896 0.845563 0.064531 0.129216 0.00140505
0 0.00177125 0.421315 0.00354251 0.314719 0.001405
0 0.00204959 0.854979 0.00409919 0.290042 0.00137995
0 0.751156 0.746408 0.497689 0.507185 0.0013745
0 0.857361 0.969213 0.281027 0.0615744 0.00137027
0 0.00245218 0.221166 0.00490435 0.329108 0.00136908
0 0.00206533 0.522773 0.00413066 0.307148 0.00136833
0 0.99172 0.103825 0.0165595 0.204175 0.001367
0 0.244345 0.662056 0.250473 0.166467 0.00136607
0 0.753281 0.853412 0.303534 0.258236 0.0013626
0 0.767101 0.663713 0.465799 0.528665 0.00135379
0 0.8752 0.855766 0.249601 0.288467 0.0013444
0 0.81492 0.971972 0.284136 0.0560564 0.00134338
0 0.738596 0.973126 0.309674 0.053748 0.00132936
0 0.723457 0.623275 0.553086 0.494482 0.00132314
0 0.416642 0.556111 0.299061 0.18302 0.00132278
0 0.507548 0.67564 0.749544 0.487502 0.00131151
0 0.00230567 0.62514 0.00461134 0.308272 0.00131132
0 0.00205747 0.773906 0.00411494 0.321467 0.00130546
0 0.640556 0.508107 0.301756 0.174942 0.00130458
0 0.240756 0.912073 0.25643 0.175853 0.0013006
0 0.585222 0.110688 0.484367 0.221376 0.00129406
0 0.00183099 0.0704975 0.00366198 0.140995 0.00129006
0 0.65428 0.968896 0.379519 0.0622085 0.00127244
0 0.992794 0.076851 0.0144125 0.153702 0.00126822
0 0.137566 0.974561 0.261334 0.0508774 0.00126196
0 0.99658 0.900048 0.00683988 0.199904 0.00125457
0 0.578429 0.508776 0.282241 0.170607 0.00125195
0 0.928767 0.0755609 0.142466 0.151122 0.00125156
0 0.00395497 0.99138 0.00790994 0.0172407 0.0012414
0 0.907295 0.974505 0.185411 0.0509902 0.00123485
0 0.0438053 0.0800277 0.0876106 0.160055 0.00122784
0 0.683585 0.0663656 0.248918 0.132731 0.00121958
0 0.57274 0.822443 0.56258 0.32777 0.00121436
0 0.25623 0.973283 0.310204 0.0534346 0.00120918
0 0.818196 0.0663309 0.248127 0.132662 0.0012082
0 0.190467 0.975251 0.277305 0.0494987 0.00120396
0 0.614323 0.0663509 0.249631 0.132702 0.00119709
0 0.75061 0.066468 0.248315 0.132936 0.00119693
0 0.908242 0.915358 0.183516 0.169284 0.00119686
0 0.57025 0.949919 0.491702 0.100161 0.00119681
0 0.509455 0.917652 0.582614 0.164696 0.00119549
0 0.342251 0.957101 0.397408 0.085799 0.00119268
0 0.366736 0.559582 0.265555 0.16937 0.00119143
0 0.881837 0.0659295 0.236327 0.131859 0.00118939
0 0.322162 0.561681 0.245747 0.163878 0.00118868
0 0.00283693 0.138376 0.00567387 0.276752 0.0011823
0 0.881017 0.464395 0.237966 0.158188 0.00118084
0 0.545074 0.0667181 0.249795 0.133436 0.00117936
0 0.929045 0.118041 0.141911 0.159921 0.00117343
0 0.645039 0.781653 0.517408 0.373811 0.00117182
0 0.831485 0.93467 0.254185 0.130659 0.00116712
0 0.928191 0.16731 0.143619 0.160629 0.00116441
0 0.887137 0.923853 0.222672 0.152293 0.00116378
0 0.447063 0.833115 0.733888 0.333769 0.00116128
0 0.406603 0.0674738 0.249035 0.134948 0.00115525
0 0.518192 0.510178 0.26799 0.166126 0.0011546
0 0.338884 0.0672994 0.249673 0.134599 0.0011502
0 0.928987 0.217539 0.142026 0.16015 0.00114964
0 0.474776 0.0672167 0.249785 0.134433 0.00114581
0 0.269671 0.0671104 0.25006 0.134221 0.00114488
0 0.945389 0.971733 0.109223 0.0565336 0.00114332
0 0.00803285 0.905489 0.0160657 0.189022 0.00114094
0 0.812201 0.464067 0.257565 0.157763 0.00113698
0 0.459198 0.511824 0.255028 0.16249 0.00113244
0 0.970889 0.36051 0.0582228 0.337411 0.00113109
0 0.199451 0.0666135 0.245368 0.133227 0.00112221
0 0.938222 0.881982 0.123556 0.236035 0.00112184
0 0.743416 0.463436 0.256808 0.159177 0.00112137
0 0.929041 0.266779 0.141917 0.161602 0.00111741
0 0.928425 0.317378 0.143149 0.160616 0.00111482
0 0.916105 0.712674 0.167789 0.367448 0.00111422
0 0.974002 0.209772 0.0519954 0.328043 0.00110046
0 0.962884 0.469167 0.074231 0.349941 0.00109529
0 0.676006 0.463526 0.252087 0.158994 0.00109441
0 0.851899 0.874854 0.296203 0.250292 0.00109048
0 0.00528238 0.950205 0.0105648 0.0995901 0.00109046
0 0.913362 0.51033 0.173276 0.159978 0.00108718
0 0.927353 0.41593 0.145294 0.161265 0.0010852
0 0.928268 0.366489 0.143464 0.162935 0.00108369
0 0.122561 0.0689617 0.245121 0.137923 0.00107917
0 0.926257 0.464637 0.147486 0.157066 0.0010675
0 0.924711 0.81254 0.150578 0.367099 0.0010666
0 0.956672 0.506192 0.0866569 0.182944 0.00106646
0 0.889303 0.26536 0.221394 0.162061 0.00106289
0 0.398591 0.513481 0.245395 0.161948 0.00105641
0 0.888487 0.215835 0.223027 0.161126 0.00105176
0 0.607997 0.46373 0.246555 0.159327 0.00104935
0 0.886954 0.165862 0.226092 0.163186 0.00104693
0 0.88901 0.315699 0.221979 0.161536 0.00104578
0 0.933713 0.612859 0.132574 0.360437 0.0010438
0 0.888402 0.117295 0.223195 0.160774 0.00104287
0 0.666225 0.67082 0.66755 0.539211 0.00104215
0 0.230329 0.0976897 0.460659 0.195379 0.00103946
0 0.960792 0.0686664 0.0784161 0.137333 0.00103895
0 0.885485 0.415341 0.229029 0.162678 0.00103879
0 0.214802 0.114715 0.236872 0.155531 0.001036
0 0.555374 0.117006 0.242869 0.157981 0.00103398
0 0.21582 0.168968 0.243829 0.16213 0.00103297
0 0.837241 0.907909 0.325518 0.184182 0.00103251
0 0.268013 0.563531 0.238148 0.162457 0.00102667
0 0.757413 0.316051 0.247105 0.161418 0.0010209
0 0.336486 0.51444 0.240122 0.161497 0.00102004
0 0.205561 0.315862 0.247006 0.161917 0.00101935
0 0.483325 0.115192 0.236176 0.156631 0.00101903
0 0.624455 0.117653 0.244319 0.160275 0.00101651
0 0.756317 0.366359 0.248643 0.160979 0.00101645
0 0.537913 0.784312 0.31373 0.226985 0.00101633
0 0.887645 0.365579 0.224711 0.163238 0.00101633
0 0.276266 0.315751 0.246408 0.160588 0.00101516
0 0.694494 0.11788 0.241421 0.160109 0.00101501
0 0.757667 0.2663 0.245302 0.161123 0.00101491
0 0.412159 0.315736 0.244923 0.159814 0.00101439
0 0.619903 0.165952 0.248262 0.16261 0.0010142
0 0.549912 0.167003 0.246241 0.16214 0.0010142
0 0.480397 0.366019 0.246374 0.162129 0.00101278
0 0.588514 0.0852116 0.128101 0.064222 0.00101278
0 0.48092 0.316132 0.247242 0.159827 0.00101259
0 0.1027 0.921769 0.2054 0.156463 0.00101146
0 0.34394 0.365396 0.24563 0.161868 0.0010111
0 0.347327 0.111983 0.228755 0.15488 0.00101036
0 0.344827 0.315519 0.244898 0.16021 0.00100966
0 0.541295 0.46408 0.246104 0.160567 0.00100919
0 0.411786 0.365657 0.244928 0.162108 0.00100902
0 0.757684 0.166071 0.243198 0.162022 0.00100871
0 0.275471 0.36562 0.247671 0.161356 0.00100774
0 0.822162 0.415763 0.246288 0.16074 0.00100691
0 0 0.00369107 0 0.00738214 0.00100676
0 0.204319 0.365763 0.248019 0.161716 0.00100617
0 0.828951 0.316292 0.246279 0.160482 0.00100615
0 0.757198 0.216074 0.242367 0.160952 0.00100577
0 0.82732 0.117538 0.239685 0.159534 0.00100559
0 0.476299 0.168854 0.241668 0.161354 0.0010053
0 0.47518 0.464927 0.245547 0.161356 0.00100511
0 0.828746 0.266305 0.245889 0.16118 0.00100386
0 0.279886 0.112377 0.230479 0.155713 0.00100297
0 0.342969 0.415876 0.246652 0.161014 0.00100294
0 0.549801 0.265833 0.248266 0.16106 0.0010029
0 0.752641 0.415473 0.244991 0.161286 0.00100202
0 0.690631 0.165748 0.245473 0.162788 0.00100142
0 0.480787 0.265635 0.245576 0.1602 0.00100098
0 0.107338 0.090555 0.214676 0.18111 0.00100012
0 0.721318 0.838343 0.213927 0.153348 0.963267
0 0.996767 0.115678 0.00646631 0.231355 0.434188
0 0.00528048 0.112449 0.010561 0.224898 0.330192
0 0.997054 0.887039 0.00589173 0.225923 0.276802
0 0.42929 0.229761 0.271354 0.228114 0.202584
0 0.578394 0.867954 0.144309 0.121909 0.139092
0 0.996291 0.165581 0.00741867 0.281406 0.0474829
0 0.996202 0.76568 0.0075969 0.281209 0.0314432
0 0.996118 0.641307 0.0077633 0.28144 0.0304696
0 0.86286 0.246482 0.27428 0.229303 0.030404
0 0.996295 0.215795 0.00740946 0.28145 0.0293339
0 0.996026 0.691365 0.00794772 0.281942 0.0290922
0 0.996287 0.340834 0.00742577 0.281087 0.0278555
0 0.996286 0.265822 0.00742787 0.281302 0.0275186
0 0.996185 0.591047 0.00763097 0.280918 0.0273941
0 0.996274 0.390842 0.00745102 0.281513 0.0264147
0 0.99622 0.816019 0.00755902 0.282682 0.0247748
0 0.996247 0.440907 0.00750601 0.281716 0.0240652
0 0.996212 0.540848 0.00757625 0.281351 0.0237017
0 0.996228 0.490852 0.00754389 0.281534 0.022955
0 0.863667 0.114661 0.272667 0.223197 0.0212462
0 0.00681653 0.888052 0.0136331 0.223897 0.0145465
0 0.871725 0.89502 0.256551 0.208673 0.0130541
0 0.048883 0.535856 0.0645559 0.234041 0.0108184
0 0.0486459 0.464394 0.0639632 0.279897 0.00956743
0 0.889977 0.096074 0.220046 0.1889 0.00744649
0 0.00768356 0.162767 0.0153671 0.272618 0.00687052
0 0.299307 0.234695 0.310399 0.232254 0.00668144
0 0.0471419 0.464042 0.0942838 0.276489 0.00587306
0 0.0506334 0.810192 0.0672361 0.243764 0.00467167
0 0.0502652 0.642306 0.0660403 0.256754 0.00460723
0 0.0485322 0.514004 0.0970643 0.276504 0.00442067
0 0.0498233 0.420472 0.0662673 0.261432 0.0033914
0 0.0466984 0.413691 0.0933969 0.275251 0.00329387
0 1 0.95334 0 0.0933204 0.00295626
0 0.126265 0.200189 0.214368 0.175074 0.00293333
0 0.994437 0.870038 0.011126 0.259925 0.00287139
0 0.764467 0.980035 0.179385 0.0399304 0.0027912
0 0.0498998 0.588792 0.0653525 0.268454 0.00279077
0 0.947291 0.928794 0.105418 0.142412 0.00276531
0 0.048376 0.563878 0.096752 0.275036 0.00275211
0 0.734868 0.979931 0.167524 0.0392488 0.00245036
0 0.0506691 0.851685 0.0679803 0.236397 0.00236694
0 0.998584 0.0725219 0.00283129 0.145044 0.00234283
0 0.85303 0.171187 0.293941 0.270971 0.00229508
0 0.0454175 0.835888 0.0908351 0.328224 0.00224516
0 0.895108 0.0661074 0.209784 0.125902 0.00223795
0 0.98347 0.208233 0.03306 0.372157 0.00223472
0 0.979353 0.309622 0.0412945 0.359395 0.00221736
0 0.991085 0.752876 0.0178304 0.34734 0.00217288
0 0.978207 0.409475 0.0435857 0.359344 0.00212413
0 0.865349 0.309915 0.269302 0.389795 0.00210992
0 0.050214 0.710144 0.0662954 0.255734 0.00210724
0 0.82928 0.693827 0.34144 0.466465 0.00210715
0 0.834746 0.392904 0.330508 0.471619 0.00209545
0 1 0.903369 0 0.193263 0.00209172
0 0.968804 0.14237 0.0623924 0.284739 0.00208794
0 0.981491 0.661012 0.0370176 0.363399 0.0020817
0 0.978633 0.510559 0.0427341 0.361484 0.00207544
0 0.995368 0.806495 0.00926379 0.357819 0.00203527
0 0.837233 0.488367 0.325535 0.481592 0.00202279
0 0.218373 0.976772 0.135938 0.0320488 0.00200626
0 0.83193 0.592324 0.336139 0.483201 0.00197313
0 1 0.975926 0 0.0481475 0.00194057
0 0.0215565 0.613408 0.043113 0.273232 0.00193666
0 0.86877 0.201486 0.26246 0.386901 0.00193111
0 0.0561735 0.218639 0.112347 0.396069 0.0019252
0 0.0115575 0.688284 0.0231149 0.272752 0.0019185
0 0.993706 0.601692 0.0125874 0.343734 0.00190027
0 0.0424199 0.16023 0.0848399 0.320459 0.00187351
0 0.0182577 0.36311 0.0365154 0.273176 0.00186786
0 0.993739 0.45173 0.0125214 0.344318 0.00186709
0 0.010595 0.788251 0.02119 0.272698 0.00186703
0 0.798631 0.980062 0.177008 0.0398767 0.00185477
0 0.00810432 0.288064 0.0162086 0.271873 0.0018512
0 0.863001 0.73516 0.273997 0.411779 0.00184724
0 0.941614 0.134463 0.116772 0.268926 0.00184564
0 0.0106831 0.738255 0.0213662 0.272693 0.0018392
0 0.945346 0.504551 0.109308 0.254405 0.00182959
0 0.565651 0.856573 0.12064 0.0964558 0.00181835
0 0.994049 0.25513 0.0119013 0.341012 0.00180361
0 0.00970128 0.838954 0.0194026 0.273602 0.00179577
0 0.0657232 0.275144 0.131446 0.389465 0.00177021
0 0.00757069 0.213256 0.0151414 0.272398 0.00176346
0 0.169975 0.904357 0.301031 0.175356 0.00173905
0 0.171109 0.971465 0.316716 0.0494267 0.00173806
0 0.401228 0.871552 0.223717 0.135303 0.0017331
0 0.162272 0.976565 0.159687 0.0320509 0.00172866
0 0.048358 0.753395 0.0967161 0.370028 0.00172847
0 0.576667 0.836425 0.195588 0.175723 0.00171265
0 0.935394 0.199601 0.129213 0.354886 0.00170112
0 0.911469 0.517986 0.177062 0.364151 0.00167087
0 0.863411 0.0894738 0.273178 0.178948 0.00164787
0 0.701646 0.796061 0.276722 0.231303 0.00163067
0 0.913735 0.414401 0.17253 0.35667 0.00162753
0 0.0469563 0.49989 0.0939127 0.370884 0.00162303
0 0.955458 0.0780333 0.0890845 0.156067 0.00162006
0 0.920853 0.306596 0.158295 0.338036 0.00161147
0 0.946398 0.553991 0.107204 0.245176 0.00160115
0 0.905019 0.618897 0.189963 0.372399 0.00159065
0 0.887162 0.960574 0.225676 0.0788514 0.00156581
0 0.581329 0.282117 0.6846 0.490419 0.0015451
0 0.802185 0.290412 0.39563 0.460126 0.00152229
0 0.0509729 0.653266 0.101946 0.371215 0.00150554
0 0.0615602 0.363581 0.12312 0.383906 0.00149565
0 0.00900132 0.967527 0.0180026 0.0649462 0.00149391
0 0.993981 0.136855 0.0120381 0.27371 0.0014915
0 0.929761 0.712825 0.140478 0.353052 0.00147239
0 0.364381 0.237101 0.364227 0.22819 0.00146026
0 0.689275 0.382369 0.448392 0.346979 0.0014582
0 0.315515 0.344533 0.63103 0.534196 0.00145372
0 0.696798 0.649971 0.34296 0.243025 0.00145335
0 0 0.068574 0 0.137148 0.00144332
0 0.283258 0.204053 0.268549 0.177366 0.00143862
0 0.754302 0.941419 0.253912 0.112359 0.00143071
0 0.0480035 0.0759956 0.0960069 0.151991 0.00142343
0 0.999075 0.0925049 0.00185052 0.18501 0.00142024
0 0.698626 0.604511 0.312756 0.208958 0.00141865
0 0.623951 0.928291 0.256859 0.143418 0.00140816
0 0.946603 0.434767 0.106793 0.270127 0.00140171
0 0.695937 0.358781 0.608126 0.538137 0.00139734
0 0.746307 0.382672 0.507385 0.427297 0.00139396
0 0.770313 0.404568 0.459375 0.580796 0.00138549
0 0.698472 0.703555 0.352987 0.257106 0.00137863
0 0.781521 0.289542 0.171878 0.114808 0.00137578
0 0.770085 0.705489 0.45983 0.562891 0.00137401
0 0.841788 0.799298 0.316424 0.299019 0.00135634
0 0.122541 0.976106 0.175099 0.032328 0.00135256
0 0.0438612 0.712706 0.0877225 0.339152 0.00135163
0 0.781592 0.552939 0.436816 0.357242 0.00135032
0 0.282968 0.804283 0.382772 0.216046 0.00134216
0 0.65342 0.714069 0.285124 0.170753 0.00133845
0 0.624471 0.818882 0.263267 0.190633 0.00133838
0 0.715208 0.45876 0.343411 0.226473 0.00133783
0 0.771087 0.6105 0.457827 0.414519 0.00133642
0 0.628965 0.870544 0.261565 0.161935 0.00133347
0 0.787471 0.730517 0.425058 0.427792 0.00133316
0 0.0400859 0.974341 0.0801717 0.0513178 0.00133221
0 0.705774 0.559189 0.30221 0.186091 0.00132676
0 0.259373 0.378531 0.518745 0.389876 0.001324
0 0.938288 0.825665 0.123423 0.256309 0.00132339
0 0.772409 0.108499 0.43535 0.216998 0.00131534
0 0.134257 0.110827 0.234061 0.221654 0.00131258
0 0.380818 0.337887 0.570528 0.459106 0.00131043
0 0.699108 0.103512 0.394301 0.207024 0.00130955
0 0.614873 0.776542 0.276129 0.173702 0.00130906
0 0.7868 0.497319 0.4264 0.335235 0.00130659
0 0.948542 0.605152 0.102916 0.23292 0.00130279
0 0.843176 0.963877 0.260453 0.072246 0.00130231
0 0.70816 0.510747 0.294405 0.181511 0.00130177
0 0.166143 0.957749 0.294004 0.0753773 0.00130012
0 0.0148407 0.97242 0.0296815 0.0551593 0.00129619
0 0.0434619 0.612114 0.0869238 0.343606 0.00129279
0 0.754424 0.966528 0.261754 0.0669439 0.00128276
0 0.346828 0.800352 0.36506 0.21244 0.0012824
0 0.278571 0.829379 0.541591 0.341243 0.00127602
0 0.0150189 0.0744911 0.0300377 0.148982 0.00126598
0 0.687383 0.967932 0.256466 0.0641359 0.00126463
0 0.963362 0.754073 0.0732769 0.321209 0.00126392
0 0.835006 0.132106 0.329987 0.264211 0.00126331
0 0 0.89547 0 0.209059 0.00125814
0 0.0910323 0.183417 0.182065 0.366834 0.00125716
0 0.697891 0.927898 0.246388 0.144204 0.00124852
0 0.746787 0.929758 0.227358 0.140484 0.00124704
0 0.214305 0.362035 0.42861 0.441651 0.0012339
0 0.165232 0.82989 0.330464 0.340219 0.00123372
0 0.619048 0.970183 0.266284 0.0596348 0.00123148
0 0.991988 0.962034 0.0160249 0.0759327 0.00123109
0 0.120352 0.22386 0.240704 0.403187 0.00123039
0 0.211056 0.810877 0.364837 0.227192 0.00122926
0 0.110583 0.325859 0.221166 0.397582 0.00121958
0 0 0.208546 0 0.172494 0.00121811
0 0.777343 0.449556 0.445314 0.417939 0.00121757
0 0.416392 0.802798 0.368747 0.219629 0.00121646
0 0.545856 0.914132 0.310609 0.171735 0.00121525
0 0.618472 0.399873 0.396898 0.279697 0.00121344
0 0.653283 0.660789 0.281991 0.171042 0.00120856
0 0.103194 0.402077 0.206389 0.368347 0.00120799
0 0.62678 0.0955256 0.379901 0.191051 0.00120522
0 0.070638 0.476674 0.141276 0.272472 0.00120013
0 0.665557 0.468135 0.29269 0.176555 0.00119934
0 0.664003 0.260668 0.24833 0.171347 0.00119326
0 0.937247 0.771428 0.125505 0.267248 0.001191
0 0.759117 0.66768 0.481767 0.455326 0.00119025
0 0.979587 0.975517 0.0408262 0.0489659 0.00118514
0 0.795451 0.173241 0.409098 0.346482 0.0011827
0 0.948753 0.743498 0.102493 0.259886 0.00118135
0 0.843935 0.951902 0.247468 0.0961968 0.00118016
0 0.665752 0.154589 0.658189 0.309177 0.00117776
0 0 0.146821 0 0.185787 0.00117214
0 0.665953 0.612665 0.270515 0.166592 0.00117176
0 0.245013 0.763881 0.292253 0.160167 0.00116615
0 0.47257 0.410835 0.345731 0.228455 0.00116525
0 0.0577263 0.884676 0.0824732 0.189302 0.00116345
0 0.542537 0.408399 0.365229 0.247177 0.00116326
0 0.543756 0.969372 0.306329 0.0612562 0.00116315
0 0 0.826516 0 0.17347 0.00116203
0 0.0903084 0.967559 0.180617 0.064883 0.00116032
0 0.936385 0.909457 0.12723 0.181086 0.00114838
0 0.950326 0.363006 0.0993489 0.247849 0.00114539
0 0.62738 0.271989 0.745241 0.543978 0.00114165
0 0.78854 0.499759 0.42292 0.564472 0.00114136
0 0.912948 0.94162 0.174104 0.116759 0.00114085
0 0.341692 0.410767 0.400927 0.265715 0.00113352
0 0 0.266977 0 0.177606 0.00113345
0 0 0.320335 0 0.18162 0.00112917
0 0.95196 0.651985 0.0960806 0.227757 0.00112687
0 0.479474 0.107531 0.488064 0.215063 0.00112325
0 0.329361 0.75982 0.279487 0.159678 0.00112252
0 0.532072 0.811925 0.319685 0.200031 0.00111712
0 0.607845 0.714694 0.264833 0.159079 0.00111475
0 0.163253 0.950498 0.326507 0.0990032 0.00111279
0 0.5516 0.0986594 0.422814 0.197319 0.00111124
0 0.411093 0.414541 0.341452 0.224119 0.00111027
0 0.0238622 0.969865 0.0477245 0.0602704 0.00110996
0 0.728228 0.905213 0.231524 0.189574 0.00110812
0 0.867949 0.290048 0.264102 0.265047 0.00110808
0 0 0.927917 0 0.144166 0.00110693
0 0.53332 0.766113 0.284936 0.165602 0.00110313
0 0.182326 0.266383 0.319922 0.234913 0.00108962
0 0.12302 0.895739 0.211021 0.173276 0.00108917
0 1 0.857473 0 0.253401 0.00108818
0 0.866165 0.618196 0.26767 0.203197 0.00108384
0 0.0996352 0.0851158 0.19927 0.170232 0.00108277
0 0.783 0.806613 0.307516 0.231954 0.00107982
0 0.231995 0.944252 0.437229 0.111497 0.00107147
0 0.532114 0.160827 0.739428 0.321654 0.00107142
0 1 0.506829 0 0.250899 0.00107126
0 0 0.371557 0 0.184317 0.0010708
0 0.869885 0.95304 0.26023 0.0939192 0.00106946
0 0.923054 0.96501 0.153891 0.0699809 0.00106713
0 0.4861 0.228244 0.158063 0.221857 0.00106544
0 1 0.456433 0 0.251019 0.00106536
0 0.805441 0.204875 0.389117 0.409751 0.00106448
0 0.783445 0.554693 0.277026 0.0974871 0.00106333
0 0.89318 0.14183 0.21364 0.257236 0.001063
0 0.263961 0.480651 0.303999 0.171777 0.00106037
0 0.384808 0.825628 0.769616 0.348743 0.00105708
0 0.315218 0.928918 0.543566 0.142165 0.00105633
0 0.44264 0.960402 0.415523 0.0791956 0.00105032
0 0.0682757 0.531569 0.136551 0.233797 0.00104782
0 1 0.557335 0 0.250204 0.00104774
0 0.849187 0.562602 0.292761 0.135712 0.00104564
0 0.430293 0.864857 0.583666 0.270285 0.00104426
0 0.92081 0.816233 0.158381 0.217132 0.00104275
0 1 0.33117 0 0.251164 0.00104128
0 1 0.405936 0 0.251238 0.00103921
0 0.394497 0.828039 0.625169 0.343921 0.00103843
0 1 0.806071 0 0.251794 0.00103771
0 0.323647 0.0551346 0.243489 0.106098 0.00103764
0 0 0.422527 0 0.190886 0.00103387
0 0.609264 0.470501 0.270466 0.16394 0.00103288
0 1 0.281369 0 0.251459 0.00102542
0 0.451714 0.760998 0.288452 0.165224 0.0010244
0 0 0.778332 0 0.184115 0.00102384
0 0.263536 0.718422 0.262186 0.156758 0.00102139
0 0 0.473612 0 0.197994 0.00101961
0 0.281827 0.11842 0.47586 0.236839 0.00101696
0 0 0.524351 0 0.205111 0.0010148
0 0.967075 0.977725 0.0658504 0.0445494 0.00101356
0 0.542906 0.470795 0.265154 0.160179 0.00101243
0 1 0.231394 0 0.251575 0.00100503
0 1 0.606943 0 0.250366 0.00100091
0 0.725287 0.835879 0.206841 0.15426 0.944655
0 0.568965 0.849005 0.114238 0.0766827 0.166604
0 0.00421184 0.113168 0.00842369 0.226335 0.00942335
0 0.984506 0.115095 0.0309888 0.230189 0.00607752
0 0.677227 0.287687 0.254008 0.238187 0.0035954
0 0.392613 0.118321 0.302682 0.175812 0.00355745
0 0.369217 0.471048 0.366491 0.252027 0.0032597
0 0.833886 0.489498 0.332227 0.26196 0.00302243
0 0.66047 0.509123 0.419649 0.289466 0.00282725
0 0.451791 0.260087 0.335661 0.240323 0.00281851
0 0.460828 0.251496 0.256392 0.219514 0.00272646
0 0.589628 0.7626 0.820745 0.4748 0.00169267
0 0.565901 0.808328 0.198403 0.177877 0.00168879
0 0.752822 0.696524 0.284462 0.182801 0.0016169
0 0.542311 0.783139 0.190363 0.224364 0.00143541
0 0.648186 0.745829 0.703628 0.508341 0.00137729
0 1 0.982048 0 0.0359032 0.00131312
0 0.537655 0.817056 0.718449 0.365887 0.00127227
0 1 0.969959 0 0.0600815 0.00125768
0 0.954765 0.896934 0.0904694 0.206133 0.00121482
0 0.629009 0.842821 0.469228 0.314358 0.00120906
0 0.786565 0.756201 0.426869 0.487597 0.00118703
0 0.962789 0.796317 0.0744228 0.369737 0.00118178
0 0.990025 0.894771 0.0199509 0.210457 0.00117588
0 0.819194 0.131927 0.348528 0.213872 0.00114931
0 0.909594 0.749383 0.180813 0.421477 0.00114364
0 0 0.229819 0 0.2481 0.00112657
0 0.661765 0.139036 0.297376 0.219352 0.00112359
0 0.987663 0.947592 0.024674 0.104816 0.00111542
0 0 0.291003 0 0.221629 0.00110386
0 0.853582 0.818267 0.292837 0.363467 0.00110244
0 0.638099 0.466954 0.511287 0.39871 0.00109837
0 0.562777 0.879889 0.475642 0.240223 0.00109198
0 0.794641 0.774733 0.410719 0.450534 0.00108042
0 0.33881 0.113038 0.382004 0.17505 0.00107662
0 0.706483 0.52595 0.499978 0.382183 0.00107564
0 0.68003 0.922243 0.294555 0.155515 0.00107404
0 0.747699 0.747956 0.504602 0.504088 0.00107106
0 0.734007 0.763383 0.371323 0.375078 0.00105595
0 0.996103 0.0827232 0.00779408 0.165446 0.00105252
0 0.191072 0.267564 0.382143 0.531053 0.00104733
0 0 0.34579 0 0.207035 0.00104644
0 0.146504 0.367075 0.293009 0.437491 0.00104644
0 0 0.978708 0 0.042583 0.0010453
0 0.570876 0.26664 0.234032 0.236773 0.00104415
0 0.738636 0.928595 0.247938 0.142811 0.00104316
0 0.987547 0.654668 0.0249069 0.348807 0.00103957
0 0.656638 0.76471 0.600777 0.40591 0.0010363
0 0.730679 0.887336 0.171903 0.049844 0.00103413
0 0 0.156375 0 0.27037 0.00103343
0 0.97947 0.60704 0.0410604 0.393906 0.00102989
0 0.50033 0.464812 0.597137 0.420119 0.00102635
0 0.666386 0.242396 0.230199 0.155516 0.00102399
0 0.72619 0.880039 0.26088 0.239923 0.0010195
0 0.985102 0.162153 0.0297969 0.324306 0.0010183
0 0.667868 0.408045 0.652644 0.4586 0.00101738
0 0.982667 0.260798 0.0346656 0.370976 0.00101516
0 0.4415 0.52389 0.558721 0.404392 0.00101434
0 0.897845 0.966651 0.20431 0.0666971 0.0010133
0 0.523176 0.409478 0.676684 0.46198 0.00100921
0 0.649258 0.21235 0.631077 0.424701 0.00100584
0 0.991457 0.701277 0.0170864 0.31378 0.00100421
0 0.30424 0.273061 0.608479 0.546121 0.00100057
0 0.72409 0.835712 0.21041 0.154118 0.844294
0 0.569634 0.849308 0.108916 0.0779091 0.0625408
0 0.218492 0.152296 0.126624 0.0851547 0.00578115
0 0.00334807 0.0886882 0.00669614 0.177376 0.00570002
0 0.996219 0.0986885 0.00756178 0.197377 0.00428133
0 0.998121 0.911094 0.0037584 0.177812 0.00423882
0 0.00224252 0.902977 0.00448503 0.194045 0.00379887
0 0.728593 0.801794 0.166116 0.0836731 0.00292142
0 0.00289447 0.0543194 0.00578893 0.108639 0.00289345
0 0.998542 0.0647082 0.00291614 0.129416 0.00272403
0 1 0.973592 0 0.0528167 0.00246281
0 0.548883 0.838519 0.167644 0.107329 0.00228143
0 1 0.929212 0 0.141575 0.00213312
0 0.880656 0.270054 0.238687 0.192999 0.00198323
0 0.24565 1 0.215996 0 0.00183686
0 0.298709 1 0.21656 0 0.00155476
0 1 0.957121 0 0.0857573 0.00147367
0 1 0.793752 0 0.234855 0.00135344
0 0.850722 0.55333 0.115215 0.0623273 0.00132849
0 0.349242 1 0.21761 0 0.00126237
0 0.998129 0.836391 0.0037413 0.207517 0.00121399
0 0.699687 0.196704 0.600625 0.393408 0.00119197
0 0.990067 0.733609 0.0198651 0.227256 0.00118549
0 0.991239 0.976691 0.017521 0.0466179 0.00118077
0 0.193495 1 0.222255 0 0.00117065
0 0.972894 0.676937 0.054212 0.248877 0.00116659
0 0.996729 0.796599 0.00654286 0.310078 0.00112625
0 0.186047 0.592745 0.119354 0.0754334 0.00111338
0 0.0491369 0.995714 0.0982737 0.0085722 0.0011126
0 0.998502 0.0350334 0.00299572 0.0700669 0.00111149
0 1 0.596948 0 0.232762 0.00110919
0 1 0.873132 0 0.247355 0.00109803
0 0.0699701 0.997143 0.13994 0.00571308 0.0010953
0 0.898024 1 0.203953 0 0.0010752
0 0.322361 0.272243 0.323692 0.197953 0.00107082
0 0.00435625 0.0161696 0.00871251 0.0323392 0.00106595
0 0.895888 0.967311 0.208225 0.0653778 0.00105697
0 0.0938406 0.500911 0.187681 0.265727 0.00105144
0 0.0884235 0.998218 0.176847 0.00356493 0.00104826
0 0.790636 0.968191 0.262936 0.0636172 0.00104589
0 0.951092 0.608147 0.0978162 0.299706 0.00104496
0 0.866376 0.967471 0.267247 0.065057 0.00104403
0 0.714752 0.968668 0.267613 0.062665 0.00103807
0 0.0942271 0.556198 0.188454 0.27595 0.00103204
0 0.84965 0.903701 0.270755 0.15094 0.00103069
0 0.993972 0.749014 0.0120563 0.304917 0.00103017
0 0.994968 0.849836 0.010065 0.300327 0.00102821
0 0.991781 0.701381 0.0164385 0.303772 0.00102763
0 0.0629655 0.347853 0.125931 0.260452 0.0010231
0 0.987451 0.651624 0.025097 0.298805 0.00101912
0 0.0371859 0.0764595 0.0743718 0.152919 0.00101851
0 1 0.717827 0 0.23504 0.00100717
0 0.652993 0.968497 0.260478 0.0630058 0.00100381
0 0.0927464 1 0.185493 0 0.00100124
0 0.0908128 0.361219 0.181626 0.246743 0.00100002
0 0.721687 0.834485 0.207546 0.152277 0.925295
0 0.566317 0.851099 0.112592 0.0836195 0.0251731
0 0.996389 0.101002 0.00722162 0.202003 0.0119041
0 0.996415 0.913784 0.00717032 0.172431 0.00959838
0 1 0.965634 0 0.0687325 0.00949249
0 0 0.965364 0 0.0692723 0.00801919
0 1 0.938141 0 0.123718 0.00790982
0 0 0.0531288 0 0.106258 0.00598646
0 0 0.76901 0 0.124244 0.00484806
0 0 0.681128 0 0.124244 0.00453081
0 0 0.743836 0 0.124281 0.0044067
0 0 0.936289 0 0.127423 0.00433479
0 0 0.706088 0 0.124006 0.00417773
0 0 0.793837 0 0.124367 0.00413327
0 0 0.656484 0 0.125891 0.00404824
0 0 0.965883 0 0.0682339 0.00393873
0 1 0.0940421 0 0.188084 0.00360386
0 0 0.366037 0 0.223388 0.00356083
0 0.0339427 0.0970012 0.0678854 0.194002 0.00342511
0 0 0.631657 0 0.127158 0.00340423
0 0 0.343904 0 0.124752 0.00336389
0 0 0.532059 0 0.12873 0.00335836
0 1 0.964937 0 0.0701265 0.00335809
0 0 0.819109 0 0.125135 0.00334867
0 0 0.557016 0 0.128714 0.00330851
0 0 0.606931 0 0.128164 0.00330664
0 0 0.293814 0 0.124127 0.00330402
0 0 0.844583 0 0.126672 0.00328849
0 0 0.318805 0 0.124383 0.00326826
0 0 0.507004 0 0.128575 0.00326737
0 0 0.581954 0 0.128528 0.00322993
0 0 0.481897 0 0.128069 0.00318991
0 0 0.39405 0 0.125894 0.00317353
0 0 0.268854 0 0.124277 0.0031442
0 0 0.368892 0 0.125353 0.00312575
0 0 0.456838 0 0.127671 0.00312386
0 0 0.431644 0 0.126814 0.00308047
0 1 0.911662 0 0.176675 0.0027858
0 0 0.316066 0 0.223146 0.00273632
0 0 0.0734888 0 0.146978 0.00268384
0 1 0.0372575 0 0.0745149 0.00267364
0 0 0.923456 0 0.153087 0.00264624
0 0 0.244123 0 0.125592 0.00257325
0 0.0447007 0.935481 0.0894015 0.129039 0.0025632
0 0 0.416093 0 0.223197 0.00252419
0 0 0.219416 0 0.126699 0.00248291
0 1 0.0336203 0 0.0672405 0.00245795
0 0 0.870161 0 0.129107 0.00245274
0 0.0640757 0.995971 0.128151 0.00805836 0.0024131
0 0 0.972903 0 0.0541938 0.0024016
0 0 0.895264 0 0.12979 0.00225288
0 0 0.194767 0 0.128682 0.00210947
0 0 0.839007 0 0.225459 0.00210135
0 0 0.920665 0 0.131396 0.00203453
0 0 0.265436 0 0.223974 0.00202888
0 0 0.391541 0 0.21041 0.00202608
0 0 0.790996 0 0.222352 0.00200366
0 0 0.170058 0 0.12986 0.00200119
0 1 0.825808 0 0.202431 0.00196382
0 0 0.962928 0 0.0741449 0.00195254
0 0 0.889007 0 0.221985 0.001812
0 0 0.31537 0 0.212034 0.00180659
0 0 0.93966 0 0.120681 0.00175788
0 0 0.0393667 0 0.0787335 0.00175287
0 0 0.466226 0 0.222866 0.00172183
0 0.998807 0.0381988 0.00238524 0.0763975 0.00171853
0 0 0.740951 0 0.222989 0.00169107
0 0 0.950875 0 0.0982492 0.00167896
0 0.90792 0.998804 0.18416 0.00239153 0.00163355
0 0.077315 0.260661 0.15463 0.219091 0.00162996
0 0 0.441438 0 0.211018 0.00162143
0 0.996597 0.955523 0.00680595 0.0889545 0.00160878
0 1 0.154664 0 0.228398 0.00157961
0 0 0.691257 0 0.222181 0.00157906
0 0.0770581 0.210437 0.154116 0.217522 0.00156847
0 0 0.912674 0 0.174652 0.00154109
0 0.00374456 0.942091 0.00748912 0.115817 0.00152931
0 0.0774436 0.311906 0.154887 0.222346 0.00149037
0 0 0.0134916 0 0.0269832 0.00146641
0 0 0.516541 0 0.222177 0.00144736
0 0 0.21521 0 0.223758 0.00144032
0 0 0.641287 0 0.222719 0.00142772
0 1 0.877484 0 0.201456 0.00142346
0 0 0.591331 0 0.222314 0.00139438
0 0 0.491693 0 0.210886 0.0013911
0 1 0.216094 0 0.209528 0.00138179
0 0.0622862 0.122419 0.124572 0.244837 0.00131866
0 0.00862781 0.0733999 0.0172556 0.1468 0.00130948
0 0.0763206 0.159697 0.152641 0.213392 0.00130555
0 0 0.213785 0 0.21533 0.00130026
0 0 0.264443 0 0.214299 0.00129799
0 0.0775205 0.365567 0.155041 0.230143 0.00128802
0 0.0565974 0.0819172 0.113195 0.163834 0.0012822
0 0 0.145725 0 0.13395 0.00127633
0 1 0.780938 0 0.198906 0.001269
0 1 0.0177535 0 0.0355071 0.00126576
0 0 0.160916 0 0.221472 0.00126524
0 0 0.54162 0 0.210894 0.00125871
0 1 0.633177 0 0.206456 0.00125076
0 0 0.864049 0 0.213577 0.00124987
0 0.0733925 0.112757 0.146785 0.205137 0.00124052
0 1 0.981866 0 0.0362684 0.00124023
0 0.983226 0.977646 0.0335488 0.0447088 0.0012367
0 0.077685 0.754189 0.15537 0.407811 0.00123636
0 1 0.731144 0 0.200997 0.00123357
0 1 0.265688 0 0.21151 0.0011976
0 1 0.682917 0 0.204635 0.00118844
0 0 0.0288993 0 0.0577986 0.00118488
0 0 0.716269 0 0.211677 0.00114357
0 0.724642 0.804397 0.168442 0.0874607 0.00112983
0 0 0.61595 0 0.212971 0.00111099
0 0.077568 0.422768 0.155136 0.244835 0.001087
0 0 0.0912811 0 0.182562 0.00108583
0 0 0.666044 0 0.211996 0.00107867
0 0 0.952022 0 0.0959555 0.00105858
0 0.0769312 0.928401 0.153862 0.143197 0.00104993
0 0 0.954099 0 0.0918028 0.00104678
0 0.789253 0.864892 0.12842 0.102767 0.00104023
0 0 0.76518 0 0.212477 0.00103012
0 0 0.1215 0 0.137657 0.00101013
0 0.787125 0.889802 0.363458 0.138437 0.00101008
0 1 0.910317 0 0.179366 0.0010063
0 0.72327 0.834981 0.20751 0.151791 0.957517
0 0.830517 0.855573 0.214779 0.16751 0.00184817
0 0.819939 0.871939 0.330708 0.152163 0.00129371
0 0.724417 0.83732 0.208307 0.150336 0.948229
0 0.575646 0.853182 0.127666 0.0827869 0.0500926
0 0.72348 0.873461 0.163642 0.0793106 0.00233864
0 1 0.886898 0 0.226204 0.00179672
0 0.121666 0.233116 0.243332 0.23762 0.00175911
0 1 0.924347 0 0.151307 0.00149236
0 0.768855 0.883793 0.329806 0.151556 0.00141276
0 0.78997 0.860551 0.098285 0.123063 0.00139831
0 0.00277266 0.896974 0.00554532 0.206053 0.00121655
0 0.25625 0.562452 0.280947 0.226208 0.00117482
0 0.597808 0.872352 0.212365 0.120089 0.00111771
0 0.840252 0.229245 0.29049 0.249557 0.00108961
0 0.722598 0.834326 0.208872 0.152446 0.928577
0 0.572727 0.848822 0.102576 0.0765419 0.0103081
0 0.802538 0.835603 0.0506431 0.142632 0.00125557
0 0.80975 0.894579 0.315493 0.156704 0.0011586
0 1 0.922548 0 0.154904 0.00115407
0 0.654676 0 0.182986 0 0.00105008
0 0.620267 0 0.184808 0 0.00104298
0 0.757649 0 0.179528 0 0.00103992
0 0.585761 0 0.182621 0 0.00101964
0 0.500251 0 0.181779 0 0.00101151
0 0.725197 0.835832 0.208777 0.151709 0.947529
0 0.570847 0.848853 0.102051 0.0762541 0.0701899
0 0.209199 0.137254 0.191722 0.067873 0.00374182
0 0.243474 0.13718 0.170541 0.0664975 0.0026914
0 0.246045 0.159955 0.087038 0.0204854 0.00212191
0 0.248737 0.139278 0.102285 0.0663624 0.00171866
0 0.239005 0.159602 0.100966 0.0259052 0.00106089
0 0.72434 0.835849 0.207871 0.154293 0.970488
0 0.000458413 0.0681631 0.000916826 0.136326 0.00597127
0 1 0.0846861 0 0.169372 0.004264
0 0.570617 0.851887 0.11871 0.0843269 0.00333432
0 0 0.0514315 0 0.102863 0.00106138
0 0.720235 0.837345 0.208432 0.149661 0.866068
0 0.568128 0.852133 0.119763 0.0858858 0.00666192
0 0.722327 0.836604 0.209594 0.154219 0.939411
0 1 0.929036 0 0.141928 0.00300585
0 0.568944 0.848749 0.109916 0.07551 0.0021942
0 0.00204141 0.0694379 0.00408283 0.138876 0.00163067
0 0.999124 0.0752414 0.00175226 0.150483 0.0012103
0 0.112928 0.192558 0.219101 0.161032 0.00104633
0 0.721315 0.837442 0.209356 0.151968 0.913106
0 0.565867 0.849815 0.110208 0.0746641 0.0837281
0 0.450787 0.525304 0.150915 0.101164 0.00428308
0 0.929999 0.530064 0.0888156 0.0820728 0.0030657
0 0.0934648 0.737451 0.109655 0.069026 0.0012952
0 1 0.966926 0 0.0661474 0.00128371
0 0.721253 0.836534 0.209256 0.153442 0.928712
0 0.566527 0.852229 0.111164 0.0803396 0.0220212
0 0.808872 0.834089 0.0352962 0.134301 0.00570345
0 0.135768 0.317766 0.0877829 0.0566601 0.00222334
0 0.722899 0.836719 0.21022 0.147811 0.928952
0 0.572189 0.851327 0.117444 0.0824215 0.00338516
0 0.722415 0.836774 0.210348 0.150032 0.977629
0 0.566451 0.830039 0.142834 0.117173 0.00415808
0 0.822464 0.857884 0.197881 0.132861 0.00109542
0 0.721804 0.836465 0.20877 0.152916 0.945001
0 0.571343 0.853641 0.124162 0.0883236 0.028161
0 0.880634 0.19657 0.238733 0.175127 0.00166982
0 0.16104 0.212687 0.199939 0.200886 0.00155857
0 0.584121 0.881759 0.160339 0.144138 0.00148412
0 0.269918 0.140959 0.223227 0.0655034 0.00140528
0 0.200751 0.871956 0.282636 0.177272 0.00114834
0 0.722806 0.836304 0.209256 0.152474 0.927861
0 0.839174 0.853978 0.178002 0.131499 0.00126662
0 0.722767 0.8376 0.205362 0.153837 0.911804
0 0.669351 1 0.244529 0 0.00461015
0 0.719341 1 0.242258 0 0.00410029
0 0.617235 1 0.245363 0 0.00302496
0 0.919951 1 0.160098 0 0.00289032
0 0.188317 1 0.247285 0 0.00249687
0 0.770593 1 0.240123 0 0.00248347
0 0.532109 1 0.246099 0 0.00243196
0 1 0.895204 0 0.209592 0.0023801
0 0.239284 1 0.245517 0 0.00208173
0 1 0.925268 0 0.149463 0.00175811
0 0.479598 1 0.245899 0 0.00164464
0 0.883954 1 0.232093 0 0.00141981
0 0.54342 0.832763 0.161296 0.120426 0.00136882
0 0.840916 1 0.241841 0 0.0013145
0 0.290637 1 0.246211 0 0.00124226
0 0.342255 1 0.244289 0 0.00115396
0 0.393325 1 0.245596 0 0.00112731
0 0.135802 1 0.250517 0 0.00107599
0 0.723714 0.837042 0.211408 0.154664 0.913029
0 0.558143 0.829483 0.164286 0.129278 0.00212137
0 0.722875 0.835763 0.209458 0.153427 0.902134
0 0.563801 0.838753 0.144841 0.11343 0.00215111
0 0.455004 0.253178 0.239107 0.214056 0.00195448
0 0.722739 0.836304 0.209196 0.149832 0.921522
0 1 0.0652142 0 0.130428 0.00173643
0 0.720809 0.836781 0.207484 0.146314 0.820254
0 0.722306 0.834737 0.205323 0.149579 0.912664
0 0.579255 0.879829 0.140651 0.141279 0.00104585
0 0.72341 0.835989 0.209619 0.152366 0.897703
0 0.72055 0.835372 0.209588 0.152765 0.945631
0 0.721847 0.835915 0.207541 0.148408 0.923545
0 0.567816 0.848987 0.119557 0.0843138 0.177925
0 0.203034 0.161007 0.101756 0.0282913 0.00166774
0 0.147975 0.196679 0.127529 0.0992419 0.00158866
0 0.641235 0.833638 0.0464801 0.117959 0.0013097
0 0.579383 0.818135 0.0897372 0.0202969 0.00117821
0 0.15439 0.0687396 0.111711 0.0657069 0.00114974
0 0.804836 0.83877 0.0449715 0.124387 0.00107125
0 0.720562 0.836648 0.205854 0.15253 0.941515
0 0.564791 0.851927 0.111139 0.0849405 0.250433
0 0.599401 0.885974 0.212671 0.111504 0.0010174
0 0.722377 0.834768 0.205217 0.152106 0.935416
0 0.561932 0.842697 0.12695 0.0985489 0.00468584
0 0.721989 0.834332 0.207962 0.151973 0.926683
0 0.462808 0.242381 0.244228 0.190866 0.00166764
0 0.571548 0.858249 0.132139 0.110154 0.00105933
0 0.723035 0.835311 0.206259 0.15315 0.925538
0 0.724183 0.836717 0.21155 0.15061 0.93866
0 1 0.05869 0 0.11738 0.00114986
0 0 0.0494051 0 0.0988102 0.00107035
0 0.723195 0.838645 0.208824 0.151591 0.905694
0 0.530128 0.829312 0.31754 0.255073 0.00354281
0 0.563682 0.848172 0.233987 0.217598 0.00278828
0 0.583103 0.864752 0.194025 0.179165 0.00268373
0 0.180427 0.831802 0.360854 0.24701 0.00263228
0 0.999474 0.0619099 0.00105207 0.12382 0.00128221
0 0.723163 0.835767 0.208436 0.151242 0.917471
0 0.149605 0.160449 0.161041 0.106161 0.00267862
0 0.248094 0.896723 0.210673 0.11604 0.00124022
0 0.266609 0.143957 0.161831 0.0728215 0.00113853
0 0.722568 0.837609 0.209314 0.151594 0.923476
0 0.566666 0.832498 0.157775 0.117849 0.00103628
0 0.721851 0.837355 0.206255 0.151868 0.913286
0 0.722345 0.836409 0.210984 0.153698 0.923699
0 0.723026 0.836018 0.209259 0.150062 0.916959
0 0.572382 0.850273 0.11745 0.0800423 0.158416
0 0.146601 0.0713816 0.116395 0.069775 0.00148102
0 0.589132 0.878089 0.168431 0.11784 0.00114963
0 0.721747 0.835894 0.208787 0.150717 0.940452
0 0.723548 0.83595 0.206059 0.153008 0.944777
0 0.722399 0.836224 0.208949 0.152037 0.93228
0 0.722191 0.836239 0.212355 0.151186 0.94364
0 0.721465 0.837078 0.209201 0.153055 0.933971
0 1 0.919206 0 0.161587 0.00433561
0 1 0.919254 0 0.161492 0.00105326
0 0.723522 0.837095 0.206078 0.153249 0.94413
0 0.568681 0.859584 0.117728 0.0959915 0.011747
0 0.722238 0.837331 0.205674 0.151303 0.920301
0 0.211262 0.169571 0.107733 0.0362074 0.0143182
0 0.57028 0.850814 0.110758 0.0807373 0.00982348
0 0.217438 0.166031 0.131316 0.0345604 0.00243715
0 0.21442 0.145712 0.113129 0.0697591 0.00186564
0 0.210035 0.155999 0.107091 0.0498685 0.0010484
0 0.724648 0.836807 0.207167 0.15092 0.954427
0 0.570185 0.849904 0.112842 0.0792789 0.00187109
0 0.722383 0.836997 0.204405 0.152413 0.941175
0 0.20086 0.230631 0.21904 0.155038 0.0027134
0 0.697542 0.252696 0.246548 0.182956 0.00134513
0 0.187071 0.216195 0.201069 0.121133 0.00129365
0 0.722147 0.836577 0.208329 0.154092 0.947359
0 0.721914 0.836688 0.207332 0.151892 0.942745
0 0.571745 0.84973 0.112095 0.0792202 0.00192337
0 0.720569 0.836311 0.207059 0.153067 0.939887
0 0.570986 0.855096 0.123136 0.0908081 0.00232231
0 0.721829 0.834619 0.206234 0.152271 0.940955
0 0.670716 0.192982 0.218214 0.163937 0.0213659
0 0.778627 0.691557 0.268264 0.170278 0.00350612
0 0.670685 0.226437 0.206876 0.10791 0.00152362
0 0.722508 0.835996 0.206935 0.152342 0.94825
0 0.690689 0.228045 0.241221 0.140545 0.227955
0 0.405783 0.221297 0.153562 0.10279 0.00116163
0 0.17656 0.228385 0.19292 0.110321 0.00106922
0 0.722834 0.837548 0.20939 0.152291 0.930855
0 0.72331 0.836879 0.210403 0.154187 0.916022
0 0.574396 0.872763 0.130977 0.127437 0.00104772
0 0.721537 0.836939 0.209507 0.151582 0.942212
0 0.723249 0.836789 0.208708 0.153349 0.911893
0 0.57699 0.852583 0.137413 0.127437 0.00143561
0 0.723124 0.836815 0.20954 0.152736 0.938956
0 0.636014 0.217802 0.140683 0.109505 0.00863095
0 0.572612 0.829007 0.13693 0.126747 0.00142168
0 0.555463 0.0753118 0.160678 0.0764843 0.00130396
0 0.723801 0.835958 0.207274 0.153682 0.939834
0 0.723867 0.836913 0.207404 0.15178 0.937014
0 0.722832 0.837239 0.206859 0.151522 0.930576
0 0.72211 0.838357 0.206639 0.152164 0.947269
0 0.711809 0.248645 0.288639 0.175675 0.00175263
0 0.722792 0.838375 0.20999 0.15125 0.936446
0 0.697029 0.232785 0.279093 0.141886 0.00148697
0 0.722816 0.837111 0.209182 0.15157 0.940387
0 0.631442 0.218895 0.149998 0.110732 0.00147296
0 0.724031 0.837142 0.208762 0.152153 0.935353
0 0.691805 0.259116 0.251256 0.197667 0.00236298
0 0.723452 0.836675 0.207865 0.152923 0.927993
0 0.697414 0.232497 0.258121 0.143708 0.00322929
0 0.722441 0.836984 0.206816 0.154598 0.945295
0 0.723642 0.837651 0.209272 0.151873 0.937569
0 0.682471 0.231971 0.230538 0.138506 0.0073519
0 0.790311 0.867515 0.131592 0.118225 0.00122637
0 0.72306 0.837149 0.206877 0.149947 0.939842
0 0.685739 0.23168 0.224444 0.138993 0.00792252
0 0.813171 0.864136 0.140465 0.148047 0.0011419
0 0.572103 0.863431 0.126307 0.110065 0.00100438
0 0.722724 0.836628 0.208646 0.151574 0.940814
0 0.682351 0.231017 0.230057 0.138896 0.00658097
0 0.800568 0.855921 0.156111 0.136517 0.00107147
0 0.723067 0.837063 0.207835 0.155572 0.942145
0 0.722086 0.836806 0.207069 0.153254 0.941899
0 0.722024 0.837321 0.21079 0.15192 0.95416
0 0.723577 0.837774 0.209342 0.153407 0.94514
0 0.723026 0.837335 0.21141 0.152233 0.937277
0 0.723665 0.836997 0.208083 0.152107 0.952096
0 0.723162 0.837381 0.209746 0.152659 0.948284
0 0.72296 0.837743 0.209998 0.151108 0.95025
0 0.72348 0.837885 0.208544 0.151639 0.951807
0 0.723393 0.838095 0.208798 0.152055 0.938025
0 0.723033 0.83781 0.20966 0.152586 0.93772
0 0.723641 0.837724 0.209751 0.152842 0.954844
0 0.723409 0.837703 0.209727 0.151553 0.959693
0 0.723837 0.83809 0.208213 0.151798 0.95647
0 0.724002 0.83795 0.208151 0.151573 0.947721
0 0.723892 0.837681 0.208479 0.15242 0.950259
0 0.721969 0.83778 0.206348 0.151356 0.950826
0 0.722628 0.837579 0.20801 0.151705 0.953304
0 0.722757 0.837513 0.207811 0.151501 0.953602
0 0.724029 0.837136 0.208762 0.152166 0.935378
0 0.691841 0.259154 0.25145 0.197713 0.00246641
