0 0.486462 0.755898 0.1742 0.128401 0.0211111
0 0.230455 0.687429 0.182881 0.116761 0.0203513
0 0.228401 0.65978 0.185253 0.169104 0.0143402
0 1 0.909704 0 0.180592 0.014077
0 0.488695 0.827969 0.181981 0.280665 0.0140442
0 1 0.0973064 0 0.194613 0.0139786
0 0.224844 0.729941 0.207143 0.428777 0.0138953
0 0.999353 0.768401 0.00129342 0.463197 0.0136839
0 0.982252 0.580092 0.0354957 0.839817 0.013479
0 0 0.127173 0 0.254346 0.0134566
0 0.37339 0.726894 0.422177 0.127544 0.0134365
0 0.99705 0.164073 0.00590006 0.328147 0.0134341
0 0 0.90991 0 0.180181 0.0133891
0 1 0.0249748 0 0.0499496 0.0133635
0 0.432305 0.744967 0.295441 0.160188 0.0133586
0 0.0565547 0.427162 0.113109 0.854324 0.0133292
0 0.95696 0.510896 0.0860808 0.974102 0.0133253
0 0.364677 0.803087 0.422725 0.2581 0.0133253
0 0.177161 0.669141 0.294996 0.206161 0.0133108
0 0.480775 0.718842 0.187496 0.191542 0.013211
0 0.849268 0.561543 0.301464 0.876914 0.0131929
0 0.981853 0.430142 0.036294 0.860283 0.0131192
0 0.00667449 0.816578 0.013349 0.366845 0.0131059
0 0.993135 0.671688 0.0137309 0.656624 0.0130846
0 0.0130775 0.270656 0.026155 0.541312 0.0130649
0 0.992591 0.338782 0.0148185 0.677564 0.0130519
0 0 0.0817835 0 0.163567 0.0130191
0 0.566599 0.715494 0.44944 0.1972 0.0130125
0 0.995195 0.585272 0.00960943 0.829455 0.0129971
0 0.00312452 0.180599 0.00624905 0.361198 0.0129839
0 0.0201299 0.379297 0.0402598 0.758595 0.0129758
0 0.99383 0.461775 0.0123391 0.923551 0.0129598
0 0.0542503 0.570472 0.108501 0.859056 0.012923
0 0.0218805 0.766437 0.0437611 0.467127 0.0128918
0 0 0.0349814 0 0.0699629 0.0128397
0 0.876758 0.416576 0.246485 0.833151 0.0128123
0 0.178116 0.110271 0.356232 0.20547 0.0127977
0 0.0450723 0.711596 0.0901445 0.576807 0.0127703
0 0.190076 0.784543 0.290577 0.315102 0.0127376
0 0.22441 0.624306 0.203054 0.241039 0.0127179
0 0.940452 0.398637 0.119097 0.797273 0.0127056
0 0.608226 0.769489 0.445211 0.291153 0.0126952
0 0.105958 0.873228 0.211915 0.253545 0.0126609
0 0.465079 0.846885 0.245212 0.306231 0.0126592
0 0.150708 0.644064 0.301416 0.711872 0.0126578
0 0.369759 0.693902 0.486728 0.13409 0.0126556
0 0.318 0.813481 0.508789 0.357296 0.0126506
0 0.126941 0.104936 0.253882 0.196822 0.0126374
0 0.3076 0.114832 0.613151 0.212594 0.0126363
0 0.518573 0.110993 0.838198 0.208954 0.0126273
0 0.0968089 0.907623 0.193618 0.180202 0.0126069
0 0.894376 0.0619648 0.203762 0.111605 0.0126015
0 0.370871 0.591186 0.683179 0.308251 0.0125976
0 0.768258 0.807261 0.463484 0.385477 0.0125153
0 0.13448 0.435189 0.26896 0.870379 0.0124996
0 0.144704 0.206348 0.288642 0.39619 0.0124905
0 0.125096 0.206796 0.250192 0.413592 0.0124798
0 0.541898 0.984474 0.726995 0.0310526 0.0124745
0 0.516529 0.156567 0.739593 0.302548 0.0124694
0 0.121594 0.11942 0.243189 0.227731 0.0124634
0 0.115452 0.841364 0.230904 0.317272 0.0124599
0 0.613211 0.987072 0.646712 0.025856 0.0124366
0 0.383694 0.673448 0.550434 0.275526 0.0124275
0 0.85895 0.020285 0.282101 0.0405699 0.0124072
0 0.733316 0.913772 0.533367 0.172456 0.0124011
0 0.375749 0.19871 0.750734 0.381263 0.0124005
0 0.118957 0.759383 0.237915 0.481234 0.0123969
0 0.124815 0.0890322 0.249629 0.178064 0.0123932
0 0.446603 0.64942 0.682236 0.203585 0.0123826
0 0.958544 0.020445 0.082912 0.0408899 0.0123794
0 0.695402 0.986821 0.609195 0.0263586 0.0123767
0 0.149595 0.926116 0.299189 0.147767 0.0123698
0 0.555683 0.839959 0.441116 0.320082 0.0123679
0 0.12705 0.901528 0.2541 0.196943 0.012362
0 0.854546 0.76742 0.290908 0.46516 0.0123604
0 0.019353 0.630275 0.038706 0.739451 0.0123529
0 0.141099 0.563045 0.282197 0.873909 0.0123517
0 0.669946 0.726491 0.62976 0.288127 0.0123488
0 0.794077 0.879257 0.411845 0.241486 0.0123481
0 0.891231 0.101375 0.217538 0.20275 0.0123472
0 0.167221 0.305612 0.334441 0.605671 0.0123455
0 0.430298 0.979863 0.699086 0.0402746 0.0123256
0 0.196481 0.968472 0.392962 0.0630569 0.0123246
0 0.528259 0.08853 0.943482 0.17706 0.0123163
0 0.231224 0.548873 0.390969 0.473754 0.0123136
0 0.193323 0.535638 0.332291 0.395847 0.0123035
0 0.387116 0.301773 0.774233 0.592253 0.0123006
0 0.680062 0.794086 0.471738 0.322634 0.0123004
0 0.249691 0.448152 0.444776 0.310393 0.0122997
0 0.588064 0.0486735 0.823873 0.097347 0.0122983
0 0.427163 0.527046 0.754228 0.510741 0.0122971
0 0.611012 0.735943 0.388726 0.244012 0.0122855
0 0.181705 0.475148 0.363411 0.433863 0.012283
0 0.26983 0.0900386 0.53966 0.180077 0.0122822
0 0.194015 0.0631489 0.38803 0.126298 0.0122799
0 0.447026 0.837932 0.428748 0.324135 0.0122767
0 0.529277 0.195855 0.854056 0.382525 0.0122752
0 0.290197 0.974497 0.580394 0.0510058 0.0122674
0 0.746275 0.911803 0.507449 0.176394 0.012267
0 0.508034 0.572052 0.738709 0.542038 0.0122649
0 0.139968 0.0376423 0.279937 0.0752846 0.0122594
0 0.890107 0.110688 0.218902 0.203739 0.0122566
0 0.236388 0.864056 0.344757 0.2335 0.012244
0 0.526045 0.403266 0.859302 0.426972 0.0122414
0 0.157454 0.375724 0.314909 0.740357 0.0122413
0 0.432641 0.425549 0.760249 0.34104 0.0122319
0 0.162413 0.770192 0.324826 0.428946 0.0122252
0 0.123963 0.87949 0.247925 0.186915 0.0122231
0 0.876315 0.123671 0.24737 0.247343 0.0122154
0 0.874566 0.883793 0.250867 0.232414 0.0122082
0 0.857967 0.233832 0.284065 0.467664 0.0122052
0 0.361497 0.0965131 0.702067 0.193026 0.0122029
0 0.855586 0.126763 0.288828 0.231213 0.012201
0 0.409882 0.329697 0.819764 0.430975 0.0121902
0 0.241839 0.89999 0.483678 0.200019 0.0121873
0 0.832356 0.89662 0.335288 0.20676 0.0121856
0 0.862992 0.672179 0.274016 0.655642 0.0121771
0 0.470525 0.649982 0.674414 0.33662 0.0121765
0 0.672024 0.62651 0.655952 0.370998 0.012165
0 0.151741 0.763071 0.303482 0.43571 0.0121644
0 0.553723 0.281492 0.764475 0.550312 0.0121613
0 0.731737 0.56363 0.536527 0.43553 0.0121557
0 0.711899 0.772395 0.576203 0.362862 0.0121497
0 0.852816 0.833614 0.294367 0.325182 0.0121489
0 0.165026 0.535867 0.330052 0.422904 0.0121401
0 0.224336 0.338919 0.448672 0.642378 0.0121374
0 0.663771 0.556483 0.672457 0.4112 0.0121259
0 0.745968 0.813489 0.508065 0.309765 0.0121246
0 0.691509 0.842113 0.468389 0.315773 0.0121239
0 0.765456 0.853848 0.451383 0.292304 0.0121225
0 0.670262 0.141286 0.659476 0.262104 0.012118
0 0.168757 0.475879 0.337513 0.71434 0.0121121
0 0.375849 0.838802 0.544267 0.322396 0.0121105
0 0.802034 0.870426 0.395931 0.258162 0.0121082
0 0.399303 0.842035 0.368364 0.31593 0.0120932
0 0.622163 0.659666 0.698484 0.406001 0.0120907
0 0.646687 0.8923 0.626431 0.215399 0.012087
0 0.577797 0.845659 0.764686 0.308683 0.0120865
0 0.66804 0.471678 0.663919 0.392775 0.0120668
0 0.471995 0.316465 0.900951 0.632929 0.0120644
0 0.557243 0.505233 0.673539 0.445551 0.0120641
0 0.742707 0.630112 0.514585 0.402434 0.0120581
0 0.712411 0.193819 0.575178 0.361444 0.0120559
0 0.64209 0.395937 0.715819 0.38384 0.0120515
0 0.788987 0.820027 0.422026 0.297025 0.0120213
0 0.815945 0.721929 0.36811 0.543044 0.0120113
0 0.842423 0.225623 0.315153 0.430797 0.0119889
0 0.726491 0.275021 0.547017 0.524023 0.0119785
0 0.811612 0.550483 0.376776 0.604788 0.0119744
0 0.77291 0.38189 0.45418 0.687549 0.0119537
0 0.76063 0.714622 0.47874 0.38612 0.0119426
0 0.604805 0.32744 0.79039 0.514861 0.0119244
0 0.697366 0.309691 0.605267 0.538902 0.0118975
0 0.820352 0.303567 0.359295 0.606957 0.0118716
0 1 0.0457666 0 0.0915332 0.00336005
0 1 0.064645 0 0.12929 0.00333377
0 1 0.0646422 0 0.129284 0.00328337
0 0 0.075627 0 0.151254 0.00325742
0 0.191767 0.450412 0.150531 0.0947163 0.00324142
0 0 0.947266 0 0.105468 0.00324084
0 0 0.0759665 0 0.151933 0.00323332
0 0.0940887 0.0600276 0.1831 0.0983229 0.00321994
0 0 0.0506042 0 0.101208 0.00321593
0 0 0.890335 0 0.219329 0.00321103
0 0.675267 0.675133 0.188569 0.103324 0.00320863
0 1 0.06177 0 0.12354 0.00320754
0 0.559381 0.678949 0.401127 0.112746 0.00320572
0 0 0.971751 0 0.0564986 0.00320088
0 0.248605 0.281958 0.221157 0.0454806 0.00318948
0 1 0.928983 0 0.142034 0.00318415
0 1 0.0451716 0 0.0903432 0.00317684
0 0 0.966773 0 0.066454 0.00317401
0 0.678619 0.274389 0.206541 0.0438116 0.0031721
0 0.566448 0.163247 0.438653 0.0815885 0.00316933
0 0.205353 0.28934 0.170858 0.0678629 0.0031651
0 0.853817 0.0549812 0.262848 0.0940482 0.00316447
0 0.0856445 0.0777533 0.164078 0.128866 0.00316385
0 0.774185 1 0.45163 0 0.00315829
0 0 0.857144 0 0.262874 0.00315719
0 0.678977 0.269821 0.204131 0.0287644 0.00315715
0 0 0.812966 0 0.22448 0.0031529
0 0.163529 0.861796 0.124782 0.109618 0.00315235
0 0.907955 0.0533237 0.178395 0.0882142 0.00315135
0 1 0.959435 0 0.0811309 0.00315043
0 0.392047 0.174665 0.387325 0.0636411 0.0031499
0 0 0.330482 0 0.240514 0.00314984
0 0 0.0887373 0 0.158019 0.00314964
0 0 0.17577 0 0.252656 0.00314816
0 0.0818186 0.867215 0.163637 0.250253 0.00314783
0 0 0.0628218 0 0.125644 0.00314762
0 0.225936 0.68288 0.311168 0.116779 0.00314625
0 0.295161 0.276705 0.261517 0.0400938 0.00314623
0 0 0.279288 0 0.243755 0.00314566
0 0 0.5376 0 0.240311 0.00314512
0 0 0.43143 0 0.245428 0.00314496
0 0 0.751216 0 0.225575 0.00314472
0 0.099527 0.685685 0.197708 0.14683 0.00314469
0 0 0.227668 0 0.246739 0.00314447
0 0 0.381886 0 0.240985 0.00314409
0 0 0.483562 0 0.245557 0.00314403
0 0.26096 0.563949 0.198552 0.100482 0.00314292
0 0.645798 1 0.708404 0 0.00314277
0 0.12054 0.891845 0.0448652 0.0416615 0.00314259
0 0.236506 0.566156 0.209296 0.20767 0.00314232
0 0 0.59086 0 0.233901 0.0031422
0 0 0.0751654 0 0.150331 0.00314183
0 0.16488 0.618218 0.326274 0.207448 0.00314112
0 0.150359 0.0606045 0.202522 0.100282 0.00314079
0 0 0.126281 0 0.247196 0.00314001
0 0 0.643349 0 0.230511 0.00313885
0 0.311675 0.068391 0.196218 0.118772 0.00313841
0 0.807451 0.936411 0.385098 0.127178 0.00313793
0 0.0984176 0.60849 0.194986 0.267359 0.00313769
0 0 0.693471 0 0.237889 0.00313758
0 1 0.867175 0 0.26565 0.00313739
0 0.243635 0.627036 0.176453 0.199195 0.0031361
0 0 0.983234 0 0.0335319 0.00313593
0 0.127147 0.845332 0.103217 0.139363 0.0031359
0 0.134401 0.655586 0.268203 0.173772 0.00313555
0 0.448308 1 0.655937 0 0.00313418
0 0.691323 0.441414 0.392147 0.10838 0.00313354
0 0.791968 0.0644569 0.291425 0.113781 0.00313331
0 0.314716 0.0739169 0.120471 0.106417 0.00313267
0 0.0771643 0.64442 0.154329 0.323332 0.00313122
0 0.85129 0.943419 0.297421 0.113162 0.00312968
0 0.302543 1 0.605085 0 0.00312962
0 0 0.0532955 0 0.106591 0.00312798
0 0.241576 0.289674 0.245382 0.0625881 0.00312772
0 4.56123e-06 0.0735312 9.12246e-06 0.147062 0.00312466
0 0.24195 0.627881 0.295473 0.188452 0.00312455
0 0.161486 0.839912 0.135324 0.142624 0.0031244
0 1 0.371297 0 0.265332 0.00312398
0 0.992904 0.438216 0.0141928 0.320962 0.00312372
0 0.256568 0.067591 0.258873 0.11869 0.00312322
0 0.907265 0.350332 0.18547 0.255469 0.00312282
0 0.23994 0.623941 0.417333 0.212321 0.0031221
0 0.642483 0.263028 0.141895 0.0307189 0.00312178
0 0.175867 1 0.351735 0 0.00312167
0 0.312458 0.178709 0.253027 0.0531775 0.00311993
0 0.583008 0.275372 0.423699 0.0904417 0.00311986
0 0.161496 0.897772 0.124482 0.0396355 0.00311936
0 0.156241 0.999418 0.312481 0.00116434 0.00311935
0 1 0.420465 0 0.267514 0.00311912
0 1 0.321007 0 0.26156 0.00311884
0 0.0435791 0.832934 0.0871583 0.334131 0.00311863
0 0.0670282 0.427311 0.134056 0.304118 0.00311822
0 0.683371 0.922809 0.405917 0.154382 0.00311813
0 0.749344 0.0680349 0.271081 0.120756 0.00311717
0 0.7379 0.390004 0.270259 0.23521 0.00311682
0 1 0.950749 0 0.0985016 0.00311676
0 0 0.703717 0 0.258394 0.00311673
0 0.0750988 0.586708 0.150198 0.358426 0.00311602
0 0 0.60214 0 0.250988 0.00311586
0 0.591275 0.920018 0.378307 0.159965 0.00311585
0 0.0912286 0.812589 0.173754 0.20175 0.00311546
0 0 0.550387 0 0.257683 0.00311529
0 0.510321 0.00240071 0.333863 0.00480143 0.00311526
0 0.251206 0.553994 0.389796 0.310508 0.00311518
0 0.674285 0.0688436 0.275355 0.12336 0.00311486
0 0 0.786011 0 0.238175 0.00311472
0 0.752467 0.926003 0.436588 0.147993 0.0031144
0 0.0685047 0.826633 0.137009 0.337527 0.00311406
0 0.399051 0.644948 0.506633 0.112195 0.00311397
0 0.0588734 0.863722 0.117747 0.260749 0.0031137
0 0.492022 0.924675 0.368245 0.150649 0.0031136
0 0.25503 0.332713 0.338584 0.192737 0.00311357
0 0.991214 0.372717 0.017571 0.327915 0.00311357
0 0.429507 0.381762 0.336707 0.240312 0.00311347
0 0.426061 0.925491 0.358712 0.149018 0.00311339
0 0.659709 0.116994 0.394692 0.181517 0.00311337
0 1 0.245705 0 0.253395 0.0031133
0 0 0.653084 0 0.255278 0.0031128
0 0 0.496459 0 0.264289 0.00311276
0 0.420949 0.624804 0.483933 0.0560408 0.00311257
0 0.999781 0.567411 0.000438403 0.27096 0.00311253
0 0.578592 0.00253995 0.343436 0.0050799 0.00311189
0 0.912566 0.924499 0.172515 0.144311 0.00311181
0 0.444755 0.00216808 0.325819 0.00433617 0.00311177
0 0.999911 0.467716 0.000178249 0.268224 0.00311138
0 0.249521 0.102939 0.194286 0.166306 0.00311138
0 0.475755 0.17187 0.436038 0.0732273 0.00311118
0 0.843412 0.364738 0.31135 0.259386 0.00311095
0 0.663906 0.111523 0.244554 0.182004 0.00311079
0 0.999688 0.618213 0.000623346 0.269459 0.00311061
0 1 0.190593 0 0.266624 0.0031102
0 0.993975 0.823513 0.0120508 0.352974 0.00311014
0 0.884876 0.909644 0.230248 0.175693 0.00311007
0 0.0792781 0.717887 0.158556 0.387125 0.00311
0 0 0.443873 0 0.265372 0.00310999
0 0.814473 0.448865 0.145893 0.0917382 0.00310864
0 0.732324 0.614292 0.309232 0.0299355 0.00310857
0 0.125711 0.829046 0.145339 0.165662 0.00310856
0 0.992217 0.540862 0.0155659 0.325328 0.00310853
0 0.999884 0.516313 0.000231671 0.272583 0.00310751
0 0.336674 0.925296 0.34632 0.149408 0.00310735
0 0.101453 0.716897 0.201257 0.201999 0.0031072
0 0.638627 0.680677 0.261108 0.121475 0.00310719
0 0.328011 0.760276 0.158145 0.244656 0.00310715
0 1 0.0375705 0 0.075141 0.00310688
0 0.848334 0.0593275 0.15262 0.100709 0.00310676
0 0.640215 0.188301 0.719571 0.376602 0.0205455
0 0.628008 0.497678 0.743984 0.566216 0.0198031
0 0.280439 0.203818 0.560878 0.407637 0.0193192
0 0.501945 0.357211 0.996111 0.714422 0.0191858
0 0.438929 0.356274 0.877859 0.712549 0.0189562
0 0.495174 0.483278 0.990348 0.818736 0.0188773
0 0.290483 0.342599 0.580965 0.685198 0.0187981
0 0.633789 0.59897 0.732423 0.567349 0.0184157
0 0.638382 0.712498 0.723236 0.575004 0.0182204
0 0.469604 0.204007 0.939208 0.408014 0.0181645
0 0.492955 0.29659 0.985911 0.593181 0.0180322
0 0.610608 0.403986 0.778785 0.607021 0.0178435
0 0.411574 0.251489 0.823148 0.502977 0.017763
0 0.454161 0.595088 0.908322 0.809824 0.0177342
0 0.5 0.37739 1 0.75478 0.0175133
0 0.5 0.649738 1 0.700523 0.0174321
0 0.309777 0.616101 0.619554 0.767799 0.017336
0 0.341574 0.187089 0.683148 0.374179 0.0171507
0 0.607133 0.301931 0.785734 0.603862 0.0170194
0 0.368066 0.480554 0.736133 0.847922 0.0167723
0 0.538303 0.209901 0.923394 0.419803 0.0166788
0 0.454723 0.169043 0.909447 0.338087 0.0163986
0 0.5 0.549714 1 0.62727 0.0157526
0 0.334371 0.658047 0.668741 0.683905 0.0156739
0 0.247725 0.704889 0.495449 0.590222 0.0156185
0 0.226855 0.441195 0.45371 0.837967 0.0155322
0 0.205188 0.654337 0.410376 0.691326 0.0151785
0 0.230813 0.179609 0.461627 0.359219 0.0150218
0 0.5 0.241921 1 0.483843 0.0146917
0 0.450742 0.135715 0.901484 0.271431 0.0143946
0 0.639939 0.823732 0.720122 0.352536 0.0142828
0 0.213862 0.263661 0.427724 0.527322 0.0139779
0 0.5 0.757158 1 0.485685 0.0136936
0 0.634658 0.347199 0.730684 0.529012 0.0135464
0 0.403551 0.723305 0.807102 0.553389 0.0135297
0 0.351314 0.13003 0.702628 0.26006 0.0135137
0 0.301265 0.750503 0.60253 0.498995 0.0133985
0 0.5 0.691616 1 0.616767 0.0132601
0 0.558794 0.139032 0.882412 0.278064 0.0132177
0 0.199875 0.458198 0.399751 0.654277 0.0132046
0 0.185872 0.572247 0.371745 0.632318 0.0131194
0 0.5 0.134917 1 0.269835 0.0130791
0 0.201531 0.762926 0.403063 0.474149 0.0130747
0 0.181256 0.671615 0.362511 0.65677 0.0130365
0 0.29486 0.122692 0.58972 0.245383 0.0129603
0 0.986213 0.10787 0.027574 0.21574 0.0129557
0 0.512403 0.783718 0.975195 0.432565 0.0129501
0 0.649012 0.616596 0.701976 0.403991 0.012828
0 1 0.0856179 0 0.171236 0.0128236
0 0.5 0.689573 1 0.620855 0.012815
0 0.532237 0.180164 0.935527 0.360327 0.0128015
0 0.283064 0.799105 0.566127 0.401791 0.0127979
0 0.00421951 0.125039 0.00843903 0.250078 0.012775
0 0.357652 0.865294 0.715303 0.269413 0.0127516
0 0.0684458 0.164346 0.136892 0.328693 0.0127408
0 0.187431 0.802611 0.374862 0.394779 0.0126573
0 0.00129153 0.054053 0.00258307 0.108106 0.0126329
0 1 0.0396961 0 0.0793923 0.0124797
0 0.0143776 0.180924 0.0287552 0.361848 0.0124082
0 0.646871 0.889696 0.706257 0.220609 0.0123215
0 0.107747 0.812413 0.215493 0.375175 0.0123182
0 0.637213 0.10933 0.725575 0.21866 0.0121734
0 1 0.016935 0 0.03387 0.0121732
0 1 0.0131806 0 0.0263612 0.0121619
0 0.0263529 0.908363 0.0527059 0.183275 0.0121119
0 0.477883 0.788238 0.955767 0.423524 0.0119561
0 0.267603 0.143979 0.535205 0.287958 0.0119096
0 0.49601 0.857926 0.99202 0.284147 0.0118243
0 0.852473 0.2223 0.295054 0.286567 0.0118091
0 0.553409 0.779681 0.893183 0.440638 0.0117615
0 0.851906 0.270008 0.296188 0.232992 0.0117414
0 0.90195 0.1698 0.1961 0.329177 0.0117146
0 0.395613 0.691407 0.791225 0.617187 0.0117132
0 0.86119 0.368616 0.27762 0.25945 0.0117099
0 0.900448 0.317558 0.199103 0.237645 0.0116858
0 0.998975 0.91474 0.00204999 0.17052 0.0116471
0 0.270782 0.860665 0.541564 0.278671 0.0116187
0 0.141551 0.902084 0.283103 0.195833 0.011571
0 0.847887 0.420699 0.304225 0.2609 0.01155
0 0.801428 0.478638 0.397144 0.276072 0.0114944
0 0.5 0.832807 1 0.334387 0.0114434
0 0.76887 0.748221 0.462259 0.438309 0.0114412
0 0.838455 0.568393 0.323089 0.243348 0.0113298
0 0.223554 0.871435 0.447107 0.257129 0.0112151
0 0.839903 0.626548 0.320195 0.268583 0.0112007
0 0.838568 0.834898 0.322865 0.330204 0.0108113
0 0.573617 0.850735 0.852767 0.298531 0.01072
0 0.493241 0.754356 0.178902 0.122279 0.00483091
0 0 0.0372035 0 0.074407 0.0046892
0 0.626721 0.465811 0.570966 0.198601 0.00396044
0 0.244486 0.552866 0.386643 0.225458 0.00390791
0 0.237562 0.510714 0.393218 0.254042 0.0037708
0 0.849587 0.780898 0.300827 0.212585 0.0037041
0 0.248838 0.493174 0.497675 0.212817 0.0036586
0 0.850633 0.667381 0.298734 0.174498 0.0036406
0 0.0142941 0.933702 0.0285883 0.132597 0.00363415
0 0.829972 0.711972 0.340056 0.144274 0.0036096
0 0.296722 0.431409 0.593443 0.192515 0.00360507
0 0.433283 0.128824 0.545591 0.14825 0.00358562
0 0.229346 0.67123 0.169312 0.0866401 0.00358507
0 0.279156 0.433991 0.448301 0.168122 0.00353792
0 0.25214 0.474248 0.492956 0.162631 0.00350843
0 0.380723 0.149661 0.586677 0.10827 0.00348398
0 0.276406 0.442297 0.371172 0.134094 0.00346927
0 0.235667 0.91705 0.471334 0.1659 0.00345956
0 0.155472 0.0787996 0.310943 0.156196 0.0034555
0 0.528811 0.92951 0.583583 0.14098 0.00344452
0 0.359146 0.929011 0.507136 0.141977 0.00344398
0 0.834302 0.638404 0.331396 0.162375 0.00343501
0 0.00130194 0.891587 0.00260387 0.216826 0.00343368
0 0.52897 0.218345 0.544609 0.171704 0.00343267
0 0.547693 0.175341 0.499361 0.125628 0.00343219
0 0.158127 0.487201 0.316254 0.167494 0.00343145
0 0.467868 0.176258 0.458504 0.117757 0.00342949
0 0.172293 0.4831 0.344587 0.170116 0.00342014
0 0.280072 0.192225 0.478689 0.19418 0.00341115
0 0.425703 0.413039 0.617294 0.168326 0.00340357
0 0.998349 0.0564388 0.00330115 0.112878 0.00339862
0 0.155063 0.88238 0.310126 0.225169 0.00339678
0 0.542082 0.409318 0.59041 0.195786 0.00339535
0 0.166105 0.82407 0.33221 0.218193 0.00338619
0 0.667111 0.930326 0.481819 0.139347 0.00338398
0 0.858598 0.750583 0.282804 0.153099 0.00337873
0 0.711021 0.904469 0.463623 0.191063 0.00337706
0 0.176568 0.526676 0.353135 0.162951 0.00337494
0 0.155593 0.471227 0.311185 0.190941 0.00337136
0 0.502792 0.738352 0.161241 0.0909092 0.00335276
0 0.00429856 0.999869 0.00859713 0.000262451 0.00335199
0 0.542962 0.109507 0.520259 0.193785 0.00334679
0 0.13116 0.822989 0.26232 0.163868 0.00334555
0 0.118041 0.59882 0.236083 0.227048 0.00334246
0 0.73646 0.472222 0.363726 0.166358 0.00333859
0 0.998399 0.0249453 0.00320192 0.0498907 0.00333545
0 0.701031 0.444153 0.497343 0.163079 0.00333477
0 0.262105 0.129296 0.52421 0.217246 0.00333467
0 0.239935 0.892626 0.479871 0.157317 0.00332926
0 0.503035 0.787685 0.20244 0.201768 0.00332681
0 0.146506 0.855068 0.293011 0.200946 0.00332087
0 0.843166 0.897955 0.313669 0.20409 0.00331451
0 0.308674 0.910138 0.552295 0.179725 0.00331211
0 0.121678 0.449001 0.243355 0.195683 0.00331203
0 0.767782 0.170123 0.464436 0.17864 0.00330801
0 0.418395 0.916679 0.633195 0.166642 0.00330232
0 0.851602 0.816992 0.296796 0.181127 0.00330195
0 0.191044 0.217967 0.382087 0.134187 0.00330136
0 0.119502 0.650998 0.239003 0.216809 0.00329832
0 0.117193 0.706536 0.234387 0.207413 0.00329332
0 0.120176 0.553058 0.240352 0.226584 0.00329305
0 0.326776 0.474727 0.644369 0.196699 0.00329219
0 0.168391 0.938426 0.336782 0.123148 0.00329006
0 0.248855 0.829101 0.497709 0.200842 0.00328202
0 0.311134 0.211165 0.418545 0.144858 0.003281
0 0.169781 0.399524 0.339562 0.217347 0.00327939
0 0.268662 0.378108 0.470763 0.189763 0.00327009
0 0.753586 0.504363 0.344421 0.204656 0.00326426
0 0.807694 0.608043 0.384612 0.192242 0.00326336
0 0.635579 0.901744 0.442226 0.196511 0.00326168
0 0.257285 0.327279 0.453325 0.152077 0.00325915
0 1 0.936264 0 0.127472 0.00325533
0 0.00776286 0.835465 0.0155257 0.188031 0.0032507
0 0.78556 0.565098 0.428881 0.18673 0.00324989
0 0.223149 0.932289 0.420502 0.135423 0.0032464
0 0.7613 0.914087 0.4774 0.171827 0.0032463
0 0.610621 0.918848 0.555814 0.162305 0.00324012
0 0.883212 0.0691718 0.233576 0.138344 0.00323976
0 0.852754 0.861588 0.294493 0.218903 0.00323915
0 0.668593 0.669522 0.388276 0.199843 0.00323769
0 1 0.999639 0 0.000721169 0.00323698
0 0.587869 0.200002 0.490554 0.156207 0.00323683
0 0.179398 0.554969 0.358797 0.162203 0.00323605
0 0.439438 0.191364 0.525333 0.181223 0.00323001
0 0.724668 0.299249 0.495959 0.192397 0.00322962
0 0.231918 0.6878 0.157149 0.104964 0.00322817
0 0.420976 0.447481 0.6247 0.160884 0.00322792
0 0.312343 0.244832 0.429019 0.208515 0.0032223
0 0.691607 0.731558 0.531956 0.176601 0.00322106
0 0.364804 0.179674 0.387972 0.214957 0.00321758
0 0 0.0229047 0 0.0458094 0.00321521
0 0.161296 0.510691 0.322592 0.158183 0.00321189
0 0.157616 0.922802 0.315231 0.154396 0.0032069
0 0.223956 0.716704 0.209093 0.314342 0.00320671
0 0.481578 0.0633984 0.433036 0.126797 0.00320639
0 0.238955 0.0894073 0.477909 0.165082 0.00320531
0 0.58271 0.0642426 0.427739 0.128485 0.00320256
0 0.270749 0.40609 0.541497 0.18953 0.00320255
0 0.175016 0.058254 0.350032 0.103629 0.00320151
0 0.819152 0.253894 0.361696 0.189698 0.00319931
0 0.10327 0.599563 0.20654 0.182661 0.00319477
0 0 0.0894479 0 0.178896 0.00319305
0 0.202364 0.453646 0.169161 0.180907 0.00319177
0 0.614751 0.61213 0.486878 0.205677 0.00318532
0 0.00437469 0.362013 0.00874937 0.186482 0.00318322
0 0.497706 0.197042 0.54131 0.131713 0.00318315
0 0.0215208 0.81122 0.0430416 0.189685 0.00318143
0 0.386724 0.653581 0.385199 0.142682 0.00318016
0 0.562063 0.243992 0.478356 0.19133 0.00317841
0 0.103181 0.650078 0.206363 0.173782 0.00317826
0 0.257259 0.655663 0.24585 0.147957 0.00317794
0 0.709886 0.154989 0.580227 0.182276 0.00317443
0 0.839991 0.68288 0.320018 0.171558 0.0031743
0 0.113246 0.501078 0.226491 0.215573 0.0031715
0 0.243138 0.206304 0.486276 0.167815 0.00316971
0 0.124103 0.750748 0.248206 0.199247 0.00316933
0 0.531032 0.483172 0.630273 0.190365 0.00316887
0 0.725227 0.518551 0.495704 0.211542 0.00316734
0 0.10754 0.479918 0.215081 0.147247 0.00316719
0 0.840913 0.556308 0.318174 0.170396 0.003167
0 0.230476 0.22759 0.384282 0.111139 0.00316486
0 0.252801 0.0676477 0.411745 0.135295 0.00316472
0 0.278968 0.884657 0.557935 0.174634 0.00316397
0 0.286449 0.502314 0.572898 0.266215 0.00316373
0 0.365943 0.227377 0.390295 0.181087 0.00316298
0 0.103631 0.551208 0.207262 0.177959 0.00316197
0 0.152495 0.435517 0.30499 0.222817 0.00316183
0 0.401653 0.0667702 0.384468 0.13354 0.00315969
0 0 0.322777 0 0.184862 0.00315712
0 0.365976 0.628277 0.371931 0.187142 0.0031558
0 0.739261 0.210828 0.382464 0.159459 0.00315355
0 0.834038 0.517238 0.331925 0.216248 0.00315324
0 0.154051 0.404597 0.308103 0.227482 0.00315068
0 0.00752624 0.974898 0.0150525 0.0502045 0.00314926
0 0.131396 0.875485 0.262791 0.201108 0.00314256
0 0.381696 0.896639 0.553531 0.173336 0.00314119
0 0.260994 0.593758 0.400168 0.196932 0.00314108
0 0.839915 0.786827 0.32017 0.179023 0.00314101
0 0.539022 0.449062 0.587402 0.190282 0.00314086
0 0.107578 0.8026 0.215156 0.150431 0.00314
0 0.189982 0.768899 0.379965 0.220749 0.00313857
0 0.67355 0.423177 0.598349 0.170238 0.00313551
0 0.539332 0.895421 0.512241 0.150759 0.00313495
0 0.785967 0.226568 0.428067 0.183329 0.00313242
0 0.265203 0.34413 0.530407 0.160833 0.00313234
0 0.0367792 0.785599 0.0735584 0.186074 0.00313185
0 0 0.4616 0 0.182315 0.00312926
0 0.396383 0.115919 0.398783 0.200031 0.003129
0 0.638523 0.378186 0.555945 0.190996 0.00312557
0 0.107308 0.748661 0.214615 0.16736 0.00312282
0 0.234396 0.705208 0.158147 0.21669 0.00312047
0 0.713959 0.117332 0.572083 0.203794 0.00312024
0 0.413415 0.834578 0.326522 0.213655 0.0031199
0 0.478483 0.819484 0.239974 0.262902 0.00311858
0 0 0.248857 0 0.193952 0.00311766
0 0.2134 0.648761 0.244607 0.218124 0.00311685
0 0.414197 0.660925 0.480949 0.24775 0.00311132
0 0.826977 0.167076 0.346045 0.180319 0.00311107
0 0.107416 0.69993 0.214832 0.168845 0.00311072
0 0.299589 0.551358 0.5634 0.237591 0.00311054
0 0.406007 0.665086 0.414595 0.200698 0.00311047
0 0.874478 0.0655153 0.251044 0.131031 0.00311029
0 0.743221 0.0675655 0.513557 0.135131 0.00310925
0 0.14731 0.734552 0.29462 0.237989 0.00310729
0 0.405489 0.17792 0.374816 0.162427 0.00310685
0 0.791186 0.0543191 0.417629 0.108638 0.00310448
0 0.717932 0.875134 0.456065 0.150987 0.00310385
0 0.649969 0.506419 0.533301 0.20224 0.0031034
0 0.00113562 0.513044 0.00227125 0.188086 0.00310236
0 0.238686 0.490578 0.388441 0.136005 0.0031001
0 0 0.398495 0 0.19 0.0030988
0 0.869439 0.899969 0.261121 0.200061 0.0030979
0 0.163925 0.742078 0.32785 0.233543 0.0030972
0 0.12713 0.397943 0.25426 0.202051 0.00309697
0 0.196192 0.365239 0.392385 0.199781 0.00309689
0 0.573199 0.57959 0.624034 0.182577 0.00309483
0 0.709699 0.346765 0.431103 0.168659 0.00309408
0 0.178675 0.401664 0.263614 0.186645 0.00309325
0 0.19712 0.578042 0.394239 0.229439 0.00309282
0 0.761915 0.193241 0.476171 0.173162 0.00308975
0 0.436912 0.831633 0.241633 0.304177 0.00308909
0 0.182876 0.598976 0.365752 0.206433 0.00308788
0 0.377879 0.874408 0.493844 0.16334 0.00308747
0 0.619961 0.346245 0.429538 0.164432 0.00308688
0 0.598293 0.634409 0.386988 0.220543 0.00308332
0 0.661443 0.176075 0.476181 0.171708 0.00308297
0 0.193159 0.242321 0.386317 0.191068 0.00308295
0 0.0379743 0.73385 0.0759485 0.185151 0.00308218
0 0.789433 0.11026 0.421133 0.181426 0.00307829
0 0.318238 0.591331 0.454261 0.237397 0.00307604
0 0.447653 0.861039 0.420954 0.180951 0.00307504
0 0.0153053 0.538821 0.0306106 0.191621 0.00307502
0 0.438499 0.378338 0.593707 0.18784 0.00307419
0 0.15851 0.456237 0.31702 0.139599 0.00307378
0 0.256161 0.296157 0.457633 0.184314 0.00307361
0 0.427101 0.0944579 0.56841 0.172191 0.00307271
0 0.702183 0.0641964 0.390472 0.128393 0.00306926
0 0.395441 0.603546 0.463004 0.186293 0.00306855
0 0.161086 0.117998 0.322172 0.186965 0.00306678
0 0.230997 0.0620116 0.461993 0.124023 0.00306642
0 0.715409 0.665136 0.569183 0.211619 0.00306605
0 0.4767 0.841112 0.351471 0.205124 0.00306414
0 0.356534 0.341958 0.546224 0.162026 0.00306392
0 0.718248 0.433355 0.350062 0.101721 0.00306278
0 0.790649 0.423291 0.418702 0.204411 0.00306263
0 0.825247 0.930168 0.349507 0.139665 0.00306222
0 0.151756 0.683389 0.303512 0.263215 0.00306177
0 0.805801 0.0670362 0.388397 0.134072 0.00306118
0 0.176374 0.776882 0.352748 0.217956 0.00305876
0 0.606203 0.158266 0.545462 0.126245 0.00305795
0 0.173106 0.35287 0.346213 0.158955 0.00305792
0 0.00489274 0.28224 0.00978548 0.204333 0.00305714
0 0.325125 0.853864 0.515296 0.201879 0.00305575
0 0.228708 0.677063 0.172748 0.138298 0.0647815
0 0.485921 0.7531 0.185029 0.129598 0.0578399
0 0.994231 0.0946882 0.0115384 0.189376 0.0318968
0 0.836273 0.498158 0.327454 0.804247 0.0249191
0 0.842167 0.3507 0.315665 0.701399 0.0211804
0 0.844574 0.623329 0.310851 0.753343 0.0203873
0 0.849367 0.689208 0.301265 0.621584 0.0179745
0 0.990276 0.16136 0.0194488 0.32272 0.0159926
0 0.907048 0.280361 0.185904 0.560723 0.0151856
0 0.776925 0.640767 0.44615 0.718466 0.0150008
0 0.795007 0.400078 0.409986 0.800156 0.0148298
0 0.771562 0.35013 0.456876 0.70026 0.0145215
0 0.978941 0.191737 0.0421177 0.383474 0.0144504
0 0.138079 0.352084 0.276157 0.704168 0.014342
0 0.776973 0.54517 0.446054 0.810345 0.014109
0 0.756642 0.0974846 0.486715 0.194969 0.0138292
0 0.437954 0.104298 0.70246 0.208597 0.0137537
0 0.624365 0.0905515 0.707722 0.181103 0.0137012
0 0.422937 0.178352 0.450916 0.356704 0.0135568
0 0.417804 0.117301 0.835607 0.234601 0.0134594
0 0.317236 0.141911 0.634472 0.283822 0.0134365
0 0.402458 0.128694 0.547872 0.257387 0.0132562
0 0.960689 0.101445 0.078623 0.20289 0.0132195
0 0.109625 0.302085 0.219249 0.60417 0.0130555
0 0.858788 0.258575 0.282424 0.51715 0.0130142
0 0.317011 0.17887 0.48038 0.35774 0.0129155
0 0.4884 0.105184 0.181078 0.210367 0.0128522
0 0.530953 0.1215 0.22872 0.242999 0.012755
0 0.110699 0.444965 0.221398 0.814679 0.0127069
0 0.740487 0.60662 0.519025 0.78676 0.0126601
0 0.0696671 0.26894 0.139334 0.537881 0.0126453
0 0.564717 0.127266 0.870566 0.254532 0.0125507
0 0.584632 0.0807997 0.19294 0.161599 0.0125311
0 0.402386 0.651771 0.281021 0.143529 0.0125305
0 0.148424 0.8516 0.296849 0.2968 0.0124945
0 0.330183 0.151022 0.325541 0.302044 0.0124906
0 0.390256 0.598574 0.289595 0.187525 0.0124671
0 0.477631 0.654876 0.270348 0.144642 0.0124061
0 0.886757 0.0943318 0.226486 0.188664 0.0123799
0 0.125911 0.227419 0.251822 0.454837 0.0123726
0 0.678081 0.700434 0.308901 0.201187 0.0123573
0 0.13349 0.694618 0.266981 0.610763 0.0123489
0 0.515693 0.0867825 0.28627 0.173565 0.0123399
0 0.127065 0.163478 0.254131 0.326956 0.0122769
0 0.112984 0.602146 0.225969 0.277936 0.0122537
0 0.616166 0.69165 0.271673 0.185359 0.0122454
0 0.34138 0.368176 0.682759 0.736352 0.0122239
0 0.270439 0.29877 0.540878 0.597539 0.0122024
0 0.744268 0.677824 0.511465 0.644353 0.0122022
0 0.666412 0.118284 0.667177 0.236569 0.0122015
0 0.542333 0.697685 0.266657 0.19954 0.0122004
0 0.389023 0.325772 0.778046 0.651543 0.0121577
0 0.204204 0.571955 0.254045 0.222855 0.0121416
0 0.536925 0.650303 0.287027 0.175679 0.0120977
0 0.479057 0.556068 0.299182 0.301607 0.0120712
0 0.198513 0.654378 0.397027 0.691245 0.0120623
0 0.213183 0.599214 0.426367 0.538605 0.0120563
0 0.175612 0.171351 0.351223 0.342702 0.0120199
0 0.322757 0.647614 0.283629 0.154229 0.0120123
0 0.162767 0.652843 0.325535 0.444386 0.0120009
0 0.583501 0.0755651 0.291635 0.15113 0.0119793
0 0.408285 0.247223 0.81657 0.494446 0.0119699
0 0.0222111 0.19171 0.0444221 0.383419 0.0119319
0 0.0100574 0.836315 0.0201147 0.32737 0.0119136
0 0.0891134 0.733517 0.178227 0.301312 0.0119131
0 0.783765 0.706367 0.43247 0.428109 0.0118986
0 0.0373555 0.788041 0.074711 0.423917 0.0118934
0 0.243692 0.587183 0.319241 0.154012 0.011844
0 0.0521376 0.40696 0.104275 0.789364 0.011832
0 0.442285 0.845423 0.266042 0.309154 0.0118102
0 0.782737 0.78549 0.434526 0.394088 0.0118091
0 0.218341 0.604226 0.436683 0.791549 0.0118089
0 0.212245 0.148625 0.424491 0.297249 0.0117945
0 0.603745 0.724507 0.31111 0.240475 0.0117922
0 0.111092 0.708115 0.222184 0.358115 0.0117838
0 0.0795632 0.785685 0.159126 0.31772 0.0117665
0 0.195246 0.510052 0.390492 0.413025 0.0117602
0 0.116865 0.883511 0.23373 0.232978 0.0117348
0 0.0151814 0.0991115 0.0303628 0.198223 0.0117259
0 0.75314 0.379783 0.493719 0.744713 0.0117162
0 0.201744 0.505908 0.273403 0.243779 0.0116982
0 0.223017 0.202778 0.446035 0.405557 0.0116813
0 0.274841 0.541326 0.437738 0.304952 0.0116662
0 0.095498 0.840504 0.190996 0.264745 0.0116212
0 0.241157 0.924627 0.350502 0.150745 0.0116087
0 0.243208 0.418026 0.486416 0.712469 0.0116009
0 0.293742 0.46153 0.587484 0.400698 0.0115882
0 0.21351 0.844285 0.247003 0.287115 0.0115801
0 0.34935 0.552936 0.364399 0.329886 0.0115743
0 0.0696501 0.824426 0.1393 0.284752 0.011561
0 0.293096 0.503845 0.230261 0.245263 0.0115516
0 0.776814 0.631248 0.446372 0.460259 0.011551
0 0.681813 0.627576 0.325261 0.266739 0.0115399
0 0.867382 0.724296 0.265237 0.551408 0.0115282
0 0.314959 0.595245 0.312772 0.162041 0.0115268
0 0.149731 0.577367 0.277927 0.250943 0.0115189
0 0.613001 0.627186 0.317877 0.228982 0.0115092
0 0.564732 0.542536 0.367681 0.334181 0.0114955
0 0.465741 0.0922031 0.931481 0.184406 0.0114932
0 0.125578 0.846103 0.251155 0.300822 0.011477
0 0.0965552 0.884043 0.19311 0.231913 0.0114718
0 0.0514022 0.550972 0.102804 0.802455 0.0114634
0 0.435215 0.903802 0.471742 0.192396 0.0114475
0 0.136806 0.927165 0.258826 0.145671 0.0114461
0 0.451052 0.84437 0.442291 0.31126 0.0114389
0 0.118107 0.924127 0.236213 0.151747 0.0114363
0 0.751324 0.520544 0.497351 0.761539 0.0114254
0 0.663262 0.734261 0.34468 0.262713 0.0114252
0 0.553735 0.0772032 0.43517 0.154406 0.0114127
0 0.634234 0.77574 0.34662 0.197469 0.0114102
0 0.128588 0.130763 0.257175 0.261525 0.011401
0 0.00188639 0.907874 0.00377278 0.184251 0.0113841
0 0.361234 0.915649 0.463382 0.168701 0.0113783
0 0.140723 0.538056 0.281446 0.299824 0.0113696
0 0.274547 0.140691 0.2403 0.281381 0.0113686
0 0.0408558 0.113549 0.0817115 0.227098 0.011361
0 0.81074 0.898304 0.37852 0.203393 0.0113581
0 0.0691722 0.137604 0.138344 0.275208 0.0113571
0 0.252704 0.460782 0.505408 0.766011 0.0113531
0 0.115207 0.923999 0.230413 0.152001 0.0113222
0 0.997419 0.913605 0.00516134 0.172789 0.011309
0 0.146583 0.518664 0.293166 0.237635 0.0112873
0 0.0544298 0.913062 0.10886 0.173876 0.0112401
0 0.874017 0.910591 0.251966 0.178817 0.0112006
0 0.49346 0.206178 0.98692 0.412356 0.0111968
0 0.365377 0.854105 0.503122 0.291789 0.0111794
0 0.826202 0.905053 0.347597 0.189894 0.0111787
0 0.0961852 0.652687 0.19237 0.694625 0.0111782
0 0.64483 0.813458 0.39544 0.262404 0.0111632
0 0.11798 0.927303 0.235961 0.145395 0.0111539
0 0.131291 0.93137 0.239492 0.13726 0.0111432
0 0.0398483 0.35109 0.0796966 0.702181 0.0111308
0 0.488823 0.704036 0.224776 0.230683 0.0111305
0 0.509574 0.863322 0.381094 0.273356 0.0111298
0 0.924977 0.739517 0.150045 0.520966 0.0110918
0 0.588189 0.908176 0.50395 0.183649 0.0110851
0 0.461896 0.0765102 0.505169 0.15302 0.0110731
0 0.691043 0.540558 0.338059 0.323025 0.0110717
0 0.772655 0.738533 0.454691 0.522933 0.0110697
0 0.0431837 0.104726 0.0863673 0.209452 0.0110589
0 0.0790994 0.120569 0.158199 0.241138 0.0110585
0 0.059487 0.87513 0.118974 0.24974 0.0110583
0 0.781256 0.762196 0.437488 0.475609 0.0110436
0 0.209958 0.885747 0.276448 0.228507 0.0110199
0 0.0995405 0.631442 0.199081 0.737117 0.011002
0 0.888209 0.15083 0.223583 0.30166 0.0109767
0 0.819813 0.863386 0.360374 0.273229 0.0109685
0 0.769696 0.808746 0.460609 0.382507 0.0109676
0 0.0483182 0.623048 0.0966365 0.753904 0.0109115
0 0.0979366 0.633317 0.195873 0.218662 0.0108633
0 0.537305 0.759221 0.279902 0.207727 0.0108453
0 0.204732 0.913491 0.309912 0.173017 0.0108235
0 0.187163 0.666305 0.221853 0.161932 0.0108166
0 0.51708 0.537404 0.240226 0.291602 0.0108067
0 0.703408 0.774833 0.336678 0.186342 0.0107978
0 0.0456828 0.147065 0.0913657 0.29413 0.0107864
0 0.237553 0.228911 0.475105 0.457821 0.0107644
0 0.732056 0.912185 0.535889 0.17563 0.0107233
0 0.471705 0.112776 0.94341 0.225552 0.0107179
0 0.523889 0.899507 0.373486 0.200986 0.0106997
0 0.528816 0.454172 0.599485 0.188407 0.010566
0 0.775791 0.841236 0.448418 0.317529 0.0105618
0 0.615017 0.839712 0.420903 0.320575 0.0105573
0 0.545561 0.834631 0.282402 0.314615 0.010544
0 0.146943 0.142345 0.275461 0.28469 0.0105354
0 0.260405 0.651835 0.284703 0.169943 0.0104994
0 0.571205 0.598492 0.279215 0.411672 0.0104967
0 0.338597 0.126714 0.677194 0.253428 0.0104948
0 0.118384 0.64691 0.236768 0.182399 0.0104894
0 0.713193 0.590564 0.365117 0.43084 0.0104383
0 0.501533 0.839697 0.231999 0.320605 0.0104355
0 0.406143 0.47213 0.248757 0.169703 0.0104249
0 0.442156 0.871987 0.364999 0.256026 0.0104143
0 0.245089 0.411596 0.490177 0.200977 0.0104105
0 0.74851 0.674128 0.50298 0.651745 0.0104065
0 0.715838 0.842527 0.520112 0.314945 0.0103927
0 0.891491 0.806356 0.217018 0.387289 0.0103923
0 0.384524 0.332315 0.769049 0.363464 0.010106
0 0.545671 0.794238 0.274972 0.22155 0.0101056
0 0.345339 0.403193 0.690679 0.441759 0.0100733
0 0.0993556 0.697414 0.198711 0.198123 0.0100623
0 0.308186 0.823927 0.28146 0.305943 0.0100614
0 0.36 0.469005 0.184312 0.208638 0.0100273
0 0.434738 0.454084 0.468245 0.178552 0.0100122
0 0.394712 0.0778001 0.747589 0.1556 0.0099179
0 0.216222 0.810558 0.217512 0.378884 0.00988449
0 0.369849 0.438003 0.334911 0.14573 0.00984967
0 0.5 0.271692 1 0.543383 0.00982597
0 0.688499 0.553264 0.623002 0.424363 0.00977541
0 0.364038 0.705547 0.205231 0.241774 0.00976257
0 0.109023 0.783162 0.218046 0.282281 0.0097552
0 0.737482 0.448929 0.525036 0.799767 0.00969928
0 0.151531 0.683929 0.21917 0.160816 0.00962461
0 0.209677 0.761226 0.223751 0.322972 0.00956483
0 0.828023 0.737444 0.343954 0.525111 0.00951173
0 0.541296 0.327005 0.744283 0.43776 0.00928643
0 0.495926 0.818806 0.188323 0.253792 0.00924606
0 0.519607 0.446717 0.895615 0.351094 0.0091458
0 0.5 0.138215 1 0.27643 0.00913502
0 0.457619 0.765453 0.233621 0.14825 0.00907911
0 0.506703 0.176386 0.986594 0.352771 0.00907354
0 0.260838 0.435806 0.521677 0.122956 0.00905828
0 0.252777 0.744403 0.3091 0.210567 0.00904435
0 0.584172 0.469922 0.155661 0.163389 0.00891732
0 0.554874 0.252024 0.890252 0.504048 0.00888878
0 0.473118 0.845431 0.211775 0.309139 0.00888061
0 0.495306 0.777236 0.197853 0.180788 0.00886147
0 0.502799 0.362999 0.994402 0.706876 0.00873659
0 0.715899 0.468667 0.318656 0.158498 0.00871744
0 0.659202 0.468524 0.245967 0.160384 0.00860618
0 0.137129 0.797191 0.274257 0.354085 0.00852622
0 0.502375 0.340059 0.895813 0.551125 0.00829886
0 0.102914 0.736056 0.205827 0.259319 0.00815501
0 0.267307 0.708042 0.275559 0.194216 0.00811043
0 0.487329 0.338223 0.974658 0.67425 0.00788711
0 0.974104 0.79822 0.0517927 0.40356 0.0076864
0 0.985395 0.875181 0.02921 0.249637 0.00684042
0 0.150281 0.735347 0.22719 0.268751 0.00605421
0 0.983088 0.581659 0.0338242 0.335046 0.00570216
0 0.00098776 0.0335494 0.00197552 0.0670988 0.0054228
0 0.997576 0.388796 0.00484711 0.3363 0.00539947
0 0.880402 0.111344 0.239196 0.216752 0.00535476
0 0.986422 0.359279 0.0271561 0.332725 0.00529104
0 0.983221 0.481863 0.0335587 0.331554 0.00524004
0 0.418404 0.44272 0.242505 0.0900648 0.00498883
0 0.982609 0.705695 0.0347827 0.335687 0.00493986
0 0.746114 0.0737143 0.287947 0.141083 0.00492612
0 0.000179791 0.0640094 0.000359582 0.128019 0.00480212
0 0.688759 0.0722322 0.292575 0.139173 0.00473781
0 0.98168 0.122555 0.03664 0.245111 0.00465124
0 0.189222 0.462112 0.150677 0.0697127 0.00457716
0 0.16682 0.897994 0.113254 0.041555 0.00447828
0 0.983868 0.281559 0.0322644 0.343523 0.00434694
0 0.770443 0.47296 0.237344 0.145388 0.004219
0 0.0522972 0.0507601 0.104594 0.0886781 0.0042026
0 0.617534 0.071246 0.287297 0.136811 0.00410123
0 0.857414 0.0838912 0.285172 0.159927 0.00401702
0 0.808026 0.0750367 0.259292 0.143579 0.00393138
0 0.618472 0.466297 0.177051 0.136713 0.00390556
0 0.99512 0.728239 0.00975985 0.321248 0.00387815
0 0.158742 0.904301 0.12202 0.0518787 0.00384929
0 0.11962 0.945577 0.22333 0.098938 0.00384748
0 1 0.432837 0 0.312417 0.00380359
0 0.981635 0.22689 0.0367303 0.337927 0.00379577
0 0.798814 0.756353 0.135158 0.0893505 0.0037116
0 0 0.00380265 0 0.0076053 0.00368709
0 0.20386 0.689883 0.207012 0.164149 0.00364455
0 0.78702 0.449596 0.200945 0.101063 0.00361879
0 0 0.0451414 0 0.0902828 0.003605
0 0.462789 0.642446 0.171034 0.0976805 0.00356828
0 0 0.037442 0 0.0748841 0.00354652
0 0.63668 0.716908 0.11944 0.0464463 0.00353608
0 0.843475 0.448218 0.0955678 0.087711 0.0035325
0 0.523575 0.645557 0.179735 0.102239 0.00353112
0 0.870424 0.90705 0.259153 0.185451 0.00348909
0 0.597431 0.440262 0.133625 0.0891237 0.00345963
0 0.545832 0.0705765 0.284966 0.134982 0.00343431
0 0.996518 0.534164 0.00696378 0.333579 0.00340804
0 0.797357 0.508358 0.168148 0.0729239 0.00339607
0 0.996203 0.610734 0.00759304 0.333209 0.00338113
0 0.997441 0.313897 0.0051179 0.339111 0.00337685
0 0 0 0 0 0.00335574
0 0.907764 0.0949115 0.184472 0.185376 0.00334083
0 0.152101 0.912547 0.12927 0.0764242 0.00333462
0 0.994367 0.0369787 0.011267 0.0739575 0.00331906
0 0.491754 0.645718 0.185992 0.103499 0.00331296
0 0.00501734 0.153974 0.0100347 0.274445 0.00328131
0 0.200496 0.451792 0.172748 0.0882137 0.00327507
0 0.136245 0.934641 0.179094 0.113561 0.00327412
0 0.256589 0.541612 0.132229 0.0351939 0.00326263
0 0.686544 0.572928 0.163944 0.0711291 0.00323441
0 0.877969 0.290588 0.244062 0.271995 0.00323099
0 0.442466 0.579959 0.143874 0.0839531 0.00321965
0 0.766222 0.654298 0.194182 0.0987803 0.00321633
0 0.075496 0.052918 0.150992 0.093184 0.00320543
0 0.109903 0.0580711 0.215991 0.100592 0.00320421
0 0.0580803 0.0397479 0.116161 0.0692225 0.00319216
0 0 0.0567463 0 0.113493 0.0031831
0 0.932804 0.863147 0.134392 0.273707 0.00315577
0 1 0.0295884 0 0.0591768 0.00314235
0 1 0.683902 0 0.306331 0.00313854
0 0.00126545 0.729839 0.00253091 0.230167 0.00313478
0 0.427474 0.618005 0.154461 0.0487428 0.00313465
0 0.00150343 0.780562 0.00300685 0.237695 0.00313031
0 0.0845967 0.755197 0.169193 0.0820044 0.00312545
0 0.873661 0.201421 0.252678 0.402842 0.00312484
0 0 0 0 0 0.0031087
0 0.870092 0.470156 0.259816 0.426842 0.00308715
0 0.0563494 0.0641576 0.112699 0.118737 0.00308091
0 0.00296801 0.220667 0.00593601 0.276031 0.00306618
0 0.460641 0.647735 0.2569 0.0973018 0.00305892
0 0.469527 0.572822 0.162752 0.0720123 0.00305413
0 0.927432 0.93686 0.145136 0.120773 0.00304517
0 0.85957 0.124199 0.28086 0.248399 0.00304148
0 0.997616 0.0616234 0.00476731 0.123247 0.00304025
0 0 0.91965 0 0.1607 0.00303686
0 0.324097 0.208514 0.298041 0.1706 0.003028
0 0.843351 0.918312 0.313297 0.163375 0.00301841
0 0.76062 0.95293 0.3031 0.0941393 0.003001
0 0.364053 0.44623 0.213828 0.0857405 0.00299662
0 0.485943 0.793524 0.180887 0.20949 0.321653
0 0 0.0955925 0 0.191185 0.145339
0 0 0.0989905 0 0.197981 0.0873227
0 0 0.0978125 0 0.195625 0.0870482
0 0.231319 0.694744 0.176337 0.143906 0.0836812
0 1 0.0913403 0 0.182681 0.0537167
0 0.110872 0.095936 0.174588 0.191872 0.0451928
0 0 0.0952299 0 0.19046 0.0413024
0 0.0806515 0.0939178 0.161303 0.187836 0.0403746
0 0.0617033 0.0925754 0.123407 0.185151 0.0387066
0 0.146321 0.0985182 0.178513 0.197036 0.0365612
0 0.481012 0.835836 0.185488 0.294528 0.0310778
0 0.984578 0.0863246 0.0308447 0.172649 0.0297234
0 0.183412 0.100693 0.184577 0.201385 0.0293667
0 0.988221 0.0894372 0.023558 0.178874 0.0285165
0 0.12654 0.83524 0.208276 0.261229 0.0255736
0 0.217594 0.101619 0.186254 0.203237 0.0245478
0 0.992282 0.103584 0.0154351 0.207167 0.0235009
0 0.00216213 0.118727 0.00432426 0.237454 0.0226638
0 0.325263 0.0942456 0.180324 0.188491 0.0220641
0 0.00603774 0.0825512 0.0120755 0.165102 0.0215851
0 0.0931866 0.816149 0.186373 0.255662 0.0213584
0 0.290653 0.0986825 0.186083 0.197365 0.0210406
0 0.00359174 0.0714752 0.00718348 0.14295 0.021004
0 0.356481 0.0901892 0.174372 0.180378 0.0206048
0 0.252691 0.100954 0.188166 0.201909 0.0196659
0 0.971128 0.0848613 0.0577437 0.169723 0.0196078
0 0.298854 0.844929 0.205234 0.246181 0.019197
0 0.935332 0.103683 0.129337 0.207367 0.0188141
0 0.470547 0.0779424 0.189842 0.155885 0.0179736
0 0.325694 0.864313 0.200529 0.265979 0.0179078
0 0.259649 0.863175 0.188261 0.267296 0.0177922
0 0.431738 0.0847483 0.184298 0.169497 0.0176844
0 0.643101 0.210602 0.12517 0.122852 0.0166118
0 0.103121 0.864536 0.206243 0.270927 0.0162685
0 0.393065 0.0918076 0.175449 0.183615 0.0161157
0 0.957414 0.0895556 0.0851723 0.179111 0.0158734
0 0.385377 0.884576 0.165306 0.230848 0.0155554
0 0.651046 0.0758858 0.217104 0.151772 0.0152307
0 0.992151 0.0732796 0.0156985 0.146559 0.0148749
0 0.350146 0.890156 0.197092 0.219688 0.0148014
0 0.903115 0.110205 0.190624 0.22041 0.0145682
0 0.505328 0.0744701 0.194019 0.14894 0.014137
0 0.717551 0.0751293 0.203593 0.150259 0.013803
0 0.148378 0.122419 0.178014 0.244839 0.0137667
0 0.492622 0.893119 0.181037 0.213761 0.013598
0 0.0459668 0.0823085 0.0919335 0.164617 0.013535
0 0.0430236 0.107255 0.0860472 0.21451 0.0130853
0 0.995474 0.0724147 0.00905105 0.144829 0.0129488
0 0.0284591 0.0708076 0.0569182 0.141615 0.012781
0 0.847244 0.108691 0.18302 0.217382 0.0125576
0 0.58346 0.0757272 0.217929 0.151454 0.012512
0 0.756577 0.0793817 0.190632 0.158763 0.0124719
0 0.985974 0.0736267 0.0280515 0.147253 0.0124654
0 0.216078 0.862604 0.182988 0.267666 0.0121675
0 0.655581 0.823472 0.199751 0.24609 0.0119868
0 0.0669389 0.894415 0.110044 0.21117 0.0119043
0 0.416666 0.197255 0.403038 0.322082 0.0117959
0 0.480407 0.25491 0.19383 0.216308 0.0117178
0 0.0679178 0.792571 0.135836 0.246193 0.0115275
0 0.53085 0.894724 0.180392 0.210551 0.0114899
0 0.544271 0.340988 0.283475 0.192296 0.0114433
0 0.329317 0.242693 0.30714 0.238048 0.0114209
0 0.111472 0.122816 0.184526 0.245631 0.0113814
0 0.587263 0.262723 0.348076 0.243509 0.0113129
0 0 0.07451 0 0.14902 0.0112428
0 0.780771 0.158333 0.421722 0.316666 0.0112367
0 0.597348 0.370902 0.294752 0.201636 0.0111939
0 0.134754 0.87675 0.229465 0.2465 0.0111418
0 0.79594 0.0951526 0.183763 0.190305 0.0110789
0 0.580307 0.320717 0.317493 0.198396 0.0110679
0 0.405859 0.258326 0.309926 0.245409 0.0110665
0 0.837162 0.221399 0.325675 0.269901 0.011051
0 0.0359259 0.46507 0.0718517 0.428884 0.0110348
0 0.342775 0.346518 0.279014 0.165117 0.0110208
0 0.802935 0.283893 0.336521 0.330735 0.0109949
0 1 0.069634 0 0.139268 0.010942
0 0 0.0733582 0 0.146716 0.0108958
0 0.839529 0.272438 0.320942 0.305683 0.0108451
0 0.837208 0.444568 0.325584 0.247755 0.0108396
0 0.524131 0.294913 0.342132 0.24925 0.0108094
0 0.0328942 0.389216 0.0657885 0.358959 0.0107648
0 0.237856 0.0720271 0.133336 0.144054 0.0107447
0 0.870204 0.101899 0.195075 0.203798 0.0107289
0 0.424345 0.339879 0.269361 0.178782 0.0107175
0 0.270229 0.0707104 0.130683 0.141421 0.0107081
0 0.498535 0.336094 0.267361 0.187348 0.0106728
0 0.339987 0.0705474 0.130941 0.141095 0.010659
0 0.15584 0.857721 0.210584 0.280483 0.0106575
0 0.566894 0.151918 0.358973 0.234349 0.010655
0 0.0436108 0.246574 0.0872216 0.248983 0.0106121
0 0.115881 0.793144 0.181991 0.246561 0.0105938
0 0.31246 0.282857 0.335563 0.279655 0.0105807
0 0.965948 0.0734786 0.0681038 0.146957 0.0105678
0 0.318339 0.423401 0.338499 0.293164 0.0105097
0 0.371359 0.0712978 0.13537 0.142596 0.0104042
0 0.275809 0.351932 0.304622 0.169518 0.0103626
0 0 0.07271 0 0.14542 0.0103314
0 0.430866 0.886445 0.169516 0.22711 0.0103277
0 0.147246 0.174568 0.16695 0.236357 0.010305
0 0.304468 0.0703289 0.132213 0.140658 0.0102951
0 0.649307 0.257064 0.350857 0.250901 0.0102013
0 0.801599 0.231725 0.356317 0.248378 0.0101338
0 0.0430686 0.292315 0.0861372 0.247116 0.0100692
0 0 0.0732874 0 0.146575 0.0100533
0 0.351591 0.19932 0.375134 0.311873 0.00997141
0 0.780853 0.659448 0.438293 0.318025 0.00989899
0 0.687923 0.144219 0.353995 0.283321 0.00989893
0 0.202549 0.0737493 0.141906 0.147499 0.00988272
0 0.439085 0.24873 0.154844 0.211336 0.00982552
0 0.838488 0.335266 0.323023 0.30579 0.00981496
0 0.043442 0.197512 0.086884 0.24208 0.00978571
0 0.230406 0.906687 0.263433 0.186626 0.00973616
0 0.808789 0.392343 0.368722 0.261128 0.00971217
0 0.816282 0.527661 0.367436 0.348314 0.00968667
0 0.0664776 0.844749 0.132955 0.254609 0.00967184
0 0.741495 0.418134 0.353273 0.245989 0.00966618
0 0.639368 0.149088 0.340998 0.244481 0.00966031
0 0.816497 0.717217 0.367006 0.338155 0.00963945
0 0.18192 0.835118 0.187981 0.250895 0.00963079
0 0.991422 0.456788 0.0171552 0.415258 0.00961267
0 0.726866 0.373172 0.347252 0.242035 0.00959836
0 0.404368 0.072304 0.138801 0.144608 0.00958599
0 0.408212 0.387303 0.33982 0.238212 0.009562
0 0.626495 0.846622 0.194285 0.255751 0.00952196
0 0.917137 0.854575 0.165726 0.290851 0.00947294
0 0.582138 0.484904 0.317139 0.2617 0.00946874
0 0.222976 0.237882 0.445951 0.333423 0.0094603
0 0.208614 0.248447 0.417229 0.417574 0.00944354
0 0.416769 0.439087 0.393037 0.311472 0.00941051
0 0.489912 0.445419 0.384923 0.32029 0.00939354
0 0.99602 0.364141 0.00795925 0.390907 0.00938655
0 0.459227 0.892357 0.183766 0.215285 0.00938213
0 0.568243 0.442474 0.371202 0.30837 0.00937552
0 0.224692 0.288522 0.399158 0.272927 0.00936787
0 0.182896 0.359669 0.345612 0.311372 0.00934112
0 0.499291 0.493895 0.330539 0.288749 0.00931578
0 0.180112 0.173851 0.172753 0.240097 0.00930661
0 0.736768 0.570076 0.526463 0.334709 0.00929944
0 0.732581 0.529197 0.394378 0.343133 0.00928924
0 0.982052 0.626666 0.0358963 0.400458 0.0092426
0 0.786484 0.603267 0.427032 0.298229 0.00922806
0 0.70272 0.244089 0.331577 0.241085 0.00922006
0 0.408291 0.845655 0.228405 0.268592 0.00921802
0 0.0408444 0.279731 0.0816889 0.365304 0.00918357
0 0.681588 0.292343 0.304131 0.324886 0.00916616
0 0.17143 0.0749765 0.135332 0.149953 0.00915317
0 0.4894 0.371483 0.342407 0.224084 0.00915262
0 0.465665 0.287422 0.372198 0.270871 0.00912785
0 0 0.921296 0 0.157407 0.00911738
0 0.317774 0.524574 0.360805 0.349505 0.0090947
0 0.43939 0.0734274 0.14273 0.146855 0.00904739
0 0.0681617 0.746244 0.136323 0.246931 0.00904173
0 0.0325923 0.0927855 0.0651847 0.185571 0.00899586
0 0.572075 0.159409 0.648885 0.318817 0.00897929
0 0.927094 0.0729436 0.122472 0.145887 0.00895747
0 0.416809 0.151193 0.726229 0.302386 0.00894055
0 0.236707 0.181894 0.473415 0.350376 0.00891619
0 0.685161 0.419229 0.357057 0.274602 0.00891458
0 0.970054 0.807989 0.0598929 0.384022 0.00890148
0 0.551505 0.561038 0.348708 0.316135 0.00889586
0 0.31389 0.581926 0.359999 0.334484 0.00887244
0 0.989934 0.411114 0.0201327 0.26769 0.00886016
0 0.784923 0.0726809 0.133418 0.145362 0.00884529
0 0.0641282 0.0726815 0.128256 0.145363 0.00878404
0 0.996861 0.277112 0.00627835 0.416571 0.00876927
0 0.873595 0.423757 0.252811 0.280196 0.00872569
0 0.473396 0.567046 0.358475 0.314989 0.00870835
0 0.64035 0.481763 0.347922 0.247488 0.00869246
0 0.977351 0.463764 0.0452973 0.271042 0.00868895
0 0.995039 0.157434 0.00992169 0.314868 0.00868106
0 0.319936 0.30386 0.454797 0.367163 0.00867498
0 0.876557 0.384941 0.246887 0.296469 0.00867326
0 0.244855 0.293559 0.489711 0.363144 0.00866349
0 0.228819 0.349099 0.323191 0.215432 0.00864233
0 0.407588 0.567083 0.364271 0.304043 0.00863332
0 0.421249 0.501868 0.350651 0.306248 0.00862473
0 0.711305 0.0732492 0.147037 0.146498 0.00861183
0 0.141339 0.399289 0.282677 0.400213 0.00860826
0 0.970908 0.7256 0.0581849 0.441455 0.00859413
0 0.557337 0.388488 0.327082 0.250616 0.00859073
0 0.747342 0.0730925 0.142509 0.146185 0.00858247
0 0.652177 0.389038 0.347346 0.223441 0.00858228
0 0.537442 0.0740775 0.160918 0.148155 0.00855922
0 0.949013 0.159725 0.101973 0.276825 0.00855802
0 0.0434954 0.550685 0.0869908 0.428287 0.00855497
0 0.167921 0.595392 0.335843 0.401678 0.008548
0 0.674784 0.0734405 0.15412 0.146881 0.00853966
0 0.148288 0.827032 0.296577 0.345935 0.00853116
0 0.819159 0.0725753 0.132631 0.145151 0.00852893
0 0.836894 0.78047 0.326211 0.311325 0.00852505
0 0.389051 0.289743 0.538834 0.302001 0.00851863
0 0.00365172 0.0982531 0.00730345 0.196506 0.0085124
0 0.876804 0.326288 0.246392 0.314407 0.00850069
0 0.132678 0.0751817 0.140607 0.150363 0.00848843
0 0.853185 0.0725713 0.136933 0.145143 0.00847493
0 0.99887 0.364415 0.00225961 0.277304 0.00847276
0 0.311629 0.905844 0.255455 0.188312 0.0084691
0 0.893756 0.267866 0.212488 0.325066 0.00844823
0 0.352754 0.850298 0.178613 0.244296 0.00844553
0 0.208255 0.882304 0.344084 0.235392 0.00844163
0 1 0.316616 0 0.263724 0.00843982
0 0.415634 0.640108 0.369679 0.260712 0.00842278
0 0.872934 0.484832 0.254131 0.287275 0.00842081
0 0.218708 0.140532 0.177311 0.242739 0.00841327
0 0.255966 0.831027 0.150804 0.236046 0.00841244
0 0.940485 0.51467 0.11903 0.315091 0.00840767
0 0.244807 0.851672 0.489613 0.296656 0.00839952
0 0.296068 0.635162 0.464048 0.324617 0.00837858
0 0.837085 0.0834363 0.20471 0.166873 0.00834309
0 0.637602 0.0735533 0.159085 0.147107 0.00834259
0 0.882927 0.0725933 0.143334 0.145187 0.00832429
0 0.972208 0.919941 0.0555831 0.160118 0.00832318
0 0.0428469 0.137274 0.0856937 0.260902 0.00828602
0 0.473615 0.63397 0.345015 0.246318 0.00826074
0 0.0522729 0.379265 0.104546 0.343809 0.00818976
0 0.0428583 0.338125 0.0857166 0.253982 0.00817089
0 0.234481 0.638645 0.385072 0.384301 0.00814669
0 0.830591 0.165209 0.338819 0.330418 0.00814554
0 0.998887 0.259988 0.00222536 0.276113 0.00808551
0 0.446819 0.896469 0.274877 0.207063 0.00808042
0 0.52472 0.851 0.506222 0.298001 0.00807078
0 0.989242 0.205316 0.0215161 0.273236 0.00806575
0 0.250471 0.83229 0.433868 0.325126 0.00802377
0 0.100133 0.0742189 0.135068 0.148438 0.00802048
0 0.183486 0.637863 0.366971 0.38925 0.00800822
0 0.12239 0.905999 0.244781 0.188002 0.00800582
0 0.682615 0.508225 0.377056 0.302267 0.00800525
0 0.250734 0.581092 0.343206 0.343572 0.0080006
0 0.384359 0.895668 0.201887 0.208664 0.00798703
0 0.540863 0.629913 0.338419 0.261292 0.0079443
0 0.939156 0.774819 0.121688 0.342546 0.00794402
0 0.0647931 0.318225 0.129586 0.246347 0.00794205
0 0.935827 0.122823 0.128346 0.245646 0.00793795
0 0.839235 0.849133 0.32153 0.301734 0.00793009
0 0.232151 0.536679 0.408577 0.373163 0.00791441
0 0.26312 0.117526 0.206625 0.234922 0.00789188
0 0.0441111 0.641837 0.0882221 0.395329 0.00788174
0 0.574473 0.889004 0.20245 0.221992 0.0078794
0 0.0443277 0.773889 0.0886555 0.370453 0.00786598
0 0.827813 0.102482 0.119763 0.204964 0.00786559
0 0.512321 0.895422 0.282868 0.209155 0.00786509
0 0.167212 0.905839 0.278338 0.188321 0.00786398
0 0.192225 0.535775 0.384451 0.373432 0.00784363
0 0.192206 0.830133 0.384413 0.339734 0.00784215
0 0.193707 0.293203 0.387415 0.285994 0.00783435
0 0.874079 0.173853 0.251841 0.347707 0.00783297
0 0.102534 0.895574 0.174852 0.208852 0.00777768
0 0.677149 0.571545 0.403851 0.346228 0.00777052
0 0.91758 0.213716 0.164839 0.289305 0.00773082
0 0.173468 0.754486 0.335584 0.326559 0.00772294
0 0.645061 0.80272 0.153017 0.239826 0.00767694
0 0.557038 0.811637 0.280222 0.249071 0.00765996
0 0.61788 0.298088 0.310647 0.32453 0.00763903
0 0.177363 0.446146 0.354726 0.381893 0.00763414
0 0 0.127174 0 0.254347 0.00761899
0 0.769535 0.844838 0.42196 0.310324 0.00760429
0 0.586524 0.896299 0.28061 0.207402 0.00760197
0 0.111984 0.397596 0.168593 0.239672 0.0075841
0 0.441385 0.71396 0.384642 0.400638 0.0075716
0 0.18123 0.292607 0.36246 0.403273 0.00756211
0 0.657587 0.810913 0.318639 0.263796 0.00754273
0 0.695236 0.666611 0.307972 0.310732 0.00750817
0 0 0.926317 0 0.147367 0.00749211
0 0.519467 0.69937 0.325642 0.37022 0.00748607
0 0.251786 0.44614 0.370916 0.339968 0.00746972
0 0.142369 0.88679 0.284739 0.226421 0.00745151
0 0.937067 0.697078 0.125866 0.395589 0.00744696
0 0.589331 0.730548 0.41732 0.377081 0.00740645
0 0.871168 0.757944 0.257665 0.315794 0.00740579
0 0.430577 0.815743 0.299247 0.254521 0.00739031
0 0.894453 0.0995082 0.211093 0.199016 0.0073525
0 0.310139 0.878303 0.327047 0.243395 0.00734227
0 0.112121 0.32134 0.173484 0.247933 0.00734007
0 0.286084 0.151054 0.572168 0.302109 0.00733794
0 0.140078 0.644338 0.280157 0.399251 0.0073207
0 0.0995556 0.911512 0.199111 0.176977 0.00730106
0 0.467444 0.094612 0.390864 0.189224 0.00729159
0 0.937522 0.850761 0.124955 0.298478 0.00729077
0 0.758316 0.727661 0.390871 0.351738 0.00728949
0 0.0463396 0.213411 0.0926792 0.426822 0.00728883
0 0.804957 0.742897 0.174511 0.243098 0.00728307
0 0.911882 0.0834408 0.176236 0.166882 0.00725783
0 0.0444573 0.843433 0.0889147 0.313134 0.00723475
0 0.796784 0.902175 0.273429 0.195651 0.00722336
0 0.0922059 0.767515 0.180618 0.257558 0.00721072
0 0.0835733 0.12231 0.167147 0.244621 0.00719396
0 0.741312 0.0915474 0.374416 0.183095 0.00718578
0 0.174434 0.781996 0.348869 0.34352 0.00717711
0 0.292321 0.728927 0.5244 0.391213 0.00716729
0 0.222532 0.275938 0.445064 0.346242 0.00716268
0 0.352839 0.83749 0.488794 0.325021 0.00716208
0 0.623446 0.624806 0.346592 0.288094 0.00715683
0 0.865109 0.662844 0.269781 0.327789 0.00715514
0 0.0557257 0.294979 0.111451 0.387923 0.00715148
0 0.0690181 0.673557 0.138036 0.24269 0.00715041
0 0.680755 0.736709 0.351419 0.378719 0.00714742
0 0.295341 0.908732 0.380965 0.182537 0.00713505
0 0.155155 0.397373 0.170928 0.235735 0.00713308
0 0.600621 0.0904466 0.384712 0.180893 0.00710931
0 0.482659 0.751896 0.179414 0.128788 0.938238
0 0.228582 0.677756 0.173372 0.127064 0.922962
0 0.366537 0.271526 0.378539 0.256001 0.0111507
0 0.865214 0.503664 0.269572 0.247066 0.0107598
0 0.957551 0.33464 0.0848979 0.2253 0.0107346
0 0.826349 0.34827 0.347301 0.268681 0.0103444
0 0.205377 0.200577 0.331524 0.188399 0.0103332
0 0.826609 0.454057 0.346782 0.262894 0.0103266
0 0.0925842 0.254602 0.185168 0.266543 0.0103063
0 0.0942242 0.204957 0.188448 0.281645 0.0102996
0 0.127619 0.30247 0.255237 0.275453 0.0102965
0 0.092801 0.301295 0.185602 0.267495 0.0102852
0 0.827237 0.300287 0.345526 0.272639 0.0102722
0 0.831009 0.246849 0.337983 0.265738 0.0102547
0 0.139303 0.197087 0.278606 0.272175 0.0102214
0 0.0965255 0.356782 0.193051 0.278539 0.010215
0 0.130307 0.354519 0.260614 0.281745 0.0101781
0 0.101548 0.146614 0.203096 0.284953 0.0101609
0 0.837659 0.191907 0.324682 0.260189 0.0101536
0 0.954842 0.261053 0.0903165 0.251936 0.0101034
0 0.827978 0.39908 0.344043 0.268438 0.0100982
0 0.859442 0.556822 0.281115 0.27332 0.0100253
0 0.866187 0.448678 0.267625 0.238507 0.00998921
0 0.0920649 0.403678 0.18413 0.280835 0.00994403
0 0.857679 0.606001 0.284641 0.276116 0.00993275
0 0.893022 0.654675 0.213957 0.27046 0.00989047
0 0.89634 0.604572 0.207319 0.27065 0.00981991
0 0.801866 0.191864 0.396267 0.238834 0.00976416
0 0.0585172 0.119734 0.117034 0.239468 0.00969339
0 0.921984 0.498513 0.156032 0.257545 0.00968942
0 0.126249 0.136082 0.252497 0.272164 0.00966315
0 0.897237 0.704332 0.205525 0.26429 0.00966226
0 0.854285 0.654702 0.291429 0.278689 0.00965199
0 0.864465 0.251205 0.27107 0.273138 0.00958677
0 0.823551 0.503343 0.352898 0.268668 0.00958014
0 0.912956 0.55459 0.174087 0.266674 0.00955891
0 0.970032 0.375294 0.0599355 0.246934 0.00948701
0 0.868445 0.200316 0.263109 0.276537 0.00946573
0 0.394055 0.311784 0.388808 0.271347 0.00944632
0 0.148468 0.256014 0.296935 0.284542 0.00944484
0 0.141864 0.149141 0.283728 0.298283 0.00937849
0 0.84741 0.132081 0.305181 0.263714 0.00935643
0 0.864072 0.399235 0.271855 0.249534 0.00934536
0 0.249096 0.365466 0.39476 0.224219 0.0093379
0 0.156814 0.355959 0.313628 0.272096 0.00930571
0 0.893618 0.75344 0.212763 0.268301 0.00929077
0 0.934667 0.141292 0.130666 0.282584 0.00928558
0 0.988349 0.912276 0.0233026 0.175447 0.0092425
0 0.195995 0.139188 0.391989 0.278376 0.00923731
0 0.733003 0.299744 0.436804 0.287069 0.00922844
0 0.955589 0.205712 0.088822 0.28606 0.00922184
0 0.854533 0.70564 0.290934 0.281463 0.00921928
0 0.187022 0.361372 0.374044 0.243222 0.00920725
0 0.538759 0.305702 0.421036 0.299076 0.00917823
0 0.467141 0.309569 0.401 0.286152 0.0091736
0 0.151747 0.194101 0.303494 0.216022 0.00917294
0 0.124241 0.402151 0.248483 0.282792 0.00914267
0 0.783215 0.772888 0.433571 0.246871 0.00913476
0 0.294841 0.281148 0.386407 0.263311 0.00911791
0 0.988558 0.433414 0.0228849 0.274975 0.00909433
0 0.853387 0.801826 0.293226 0.277396 0.00908928
0 0.849785 0.758102 0.300431 0.279226 0.00906918
0 0.954985 0.43571 0.0900294 0.248192 0.00901486
0 0.872472 0.138428 0.255057 0.276856 0.00897066
0 0.660496 0.222593 0.399247 0.185217 0.00896907
0 0.815477 0.132987 0.369046 0.250973 0.00896011
0 0.297412 0.205805 0.362355 0.170183 0.00895366
0 0.892985 0.0799279 0.21403 0.159856 0.00895153
0 0.861372 0.306382 0.277256 0.277531 0.00893222
0 0.0867188 0.452833 0.173438 0.291155 0.00892151
0 0.938077 0.30643 0.123845 0.264926 0.00889518
0 0.947421 0.60343 0.105158 0.280432 0.00887528
0 0.814496 0.557347 0.371009 0.287441 0.00886993
0 0.71668 0.356151 0.441173 0.289353 0.00884977
0 0.220207 0.313969 0.358385 0.26338 0.00884758
0 0.432453 0.264399 0.36238 0.254704 0.00874542
0 0.934489 0.0915649 0.131022 0.18313 0.00871728
0 0.189175 0.159275 0.37835 0.31855 0.00864
0 0.190792 0.82047 0.381584 0.243487 0.00862345
0 0.980241 0.495661 0.0395182 0.293615 0.00860155
0 0.731212 0.207402 0.409959 0.193968 0.00854911
0 0.277366 0.139002 0.554732 0.278003 0.00854198
0 0.946568 0.701464 0.106864 0.241443 0.00853532
0 0.0462412 0.710329 0.0924824 0.30773 0.00851484
0 0.966718 0.551582 0.0665632 0.28411 0.00848855
0 0.167861 0.309987 0.335721 0.265293 0.00845623
0 0.041999 0.505485 0.083998 0.304917 0.00844559
0 0.896288 0.801685 0.207425 0.271408 0.00843553
0 0.0475078 0.762423 0.0950157 0.315259 0.00840963
0 0.3671 0.207704 0.346267 0.169123 0.0083973
0 0.453852 0.463649 0.412599 0.274966 0.00839121
0 0.726826 0.503944 0.41512 0.277896 0.0083884
0 0.0448275 0.609007 0.089655 0.297909 0.00838104
0 0.943316 0.742983 0.113369 0.235998 0.00837592
0 0.785898 0.700834 0.428204 0.292679 0.00837367
0 0.343847 0.675023 0.368395 0.297496 0.00836143
0 0.862775 0.0775825 0.27445 0.155165 0.00835206
0 0.45171 0.84016 0.382443 0.31968 0.00834026
0 0.881833 0.958965 0.236333 0.0820704 0.00833344
0 0.3887 0.145551 0.629263 0.291103 0.00832533
0 0.292402 0.511759 0.35233 0.23719 0.0083212
0 0.592484 0.353697 0.412814 0.276641 0.00828805
0 0.714192 0.460848 0.428632 0.285595 0.00827377
0 0.648956 0.27788 0.400224 0.286543 0.00825414
0 0.0513764 0.0685211 0.102753 0.137042 0.00823948
0 0.79075 0.652005 0.418501 0.29038 0.00821521
0 0.735758 0.96315 0.386458 0.0736992 0.00819665
0 0.927385 0.951163 0.145231 0.0976739 0.00818759
0 0.374883 0.509857 0.378095 0.240068 0.00815078
0 0.666607 0.962347 0.387993 0.0753051 0.00812426
0 0.443597 0.506479 0.378599 0.250799 0.008107
0 0.00379876 0.323208 0.00759752 0.266547 0.00810098
0 0.948881 0.907756 0.102237 0.184487 0.00808368
0 0.00433317 0.373351 0.00866634 0.261582 0.00806424
0 0.655708 0.0779184 0.390464 0.155837 0.008014
0 0 0.0852329 0 0.170466 0.00801248
0 0.795311 0.600438 0.409377 0.277816 0.00800848
0 0.38 0.454937 0.40468 0.283845 0.00798463
0 0.0290194 0.134729 0.0580388 0.269457 0.00797605
0 0.0511211 0.850859 0.102242 0.298282 0.00796389
0 0.321517 0.364076 0.403398 0.229598 0.00795798
0 0.888522 0.907958 0.222955 0.184084 0.00795629
0 0.648944 0.397272 0.42142 0.275579 0.00795218
0 0.00451491 0.426922 0.00902982 0.273633 0.00794383
0 0.999282 0.696417 0.0014357 0.242913 0.00792624
0 0.739264 0.0753486 0.354834 0.150697 0.00791634
0 0.227226 0.5096 0.349073 0.24266 0.00789836
0 0.0788924 0.561422 0.157785 0.276873 0.00787729
0 0.652723 0.505414 0.423787 0.267354 0.00786942
0 0.5873 0.789326 0.41885 0.202755 0.00786136
0 0.737968 0.787133 0.396468 0.2206 0.00785922
0 0.176686 0.403692 0.353372 0.270852 0.00785174
0 0.301556 0.452529 0.374519 0.281372 0.00784635
0 0.659344 0.596788 0.403013 0.24981 0.0078449
0 0.506565 0.511037 0.369217 0.247617 0.00784485
0 0.996489 0.130099 0.00702193 0.260198 0.00783342
0 0.470203 0.172533 0.876605 0.345067 0.00782136
0 0.505579 0.275971 0.386294 0.273837 0.00782092
0 0.178983 0.860748 0.357966 0.278504 0.00780706
0 0.235207 0.453392 0.36461 0.280197 0.00779939
0 0.989418 0.737867 0.0211632 0.224785 0.00779075
0 0.361355 0.618092 0.374172 0.195589 0.00776049
0 0.541728 0.840926 0.440735 0.318147 0.00774823
0 0.387525 0.358651 0.402885 0.253079 0.00774398
0 1 0.556739 0 0.310661 0.00773446
0 0.153658 0.810189 0.307317 0.248622 0.00773254
0 0.507687 0.556659 0.381284 0.293678 0.00772179
0 0.574541 0.602618 0.37041 0.229693 0.00771769
0 0.806354 0.96323 0.387291 0.0735398 0.00771395
0 0.996415 0.609436 0.00716907 0.312342 0.00770812
0 0.234494 0.40363 0.370113 0.265515 0.00767576
0 0.114919 0.503589 0.229838 0.292199 0.00767351
0 0.00651772 0.231718 0.0130354 0.296268 0.0076655
0 0.13696 0.863187 0.273919 0.273626 0.00766235
0 0.840581 0.963795 0.318838 0.0724108 0.00765467
0 0.112416 0.0880032 0.224831 0.176006 0.00764998
0 0.523017 0.390971 0.392686 0.255104 0.00764845
0 0.594225 0.962411 0.381102 0.075178 0.00764771
0 0.578479 0.509033 0.394012 0.255281 0.0076311
0 0.317222 0.164858 0.634443 0.329715 0.00762093
0 0.10854 0.912996 0.21708 0.174007 0.00761373
0 0.428027 0.212567 0.324379 0.164217 0.00760618
0 0.177944 0.452289 0.355888 0.28347 0.0076059
0 0.841047 0.853157 0.317907 0.293685 0.00758914
0 0.980772 0.79623 0.0384566 0.253905 0.00758093
0 0.561824 0.146593 0.504817 0.293186 0.00757445
0 0.284442 0.566767 0.350993 0.256265 0.0075686
0 0.43693 0.613565 0.356107 0.197653 0.007535
0 0.43114 0.89704 0.380023 0.20592 0.00753474
0 0.56306 0.0837127 0.508246 0.167425 0.0075303
0 0.447807 0.392275 0.390456 0.260944 0.00752601
0 0.143684 0.916503 0.287368 0.166994 0.00751951
0 0.30992 0.911779 0.34369 0.176443 0.00751549
0 0.071868 0.659649 0.143736 0.276769 0.00750667
0 0.0994864 0.864819 0.198973 0.270362 0.00749996
0 0.509368 0.894887 0.399189 0.210225 0.00749677
0 0.986817 0.953676 0.0263663 0.0926488 0.00749476
0 0.303963 0.401415 0.376893 0.265667 0.007493
0 0.111311 0.958289 0.222622 0.0834225 0.007489
0 0.246287 0.9608 0.374329 0.0784009 0.00748029
0 0.561279 0.660462 0.370338 0.292319 0.00747853
0 0.0729526 0.806198 0.145905 0.269981 0.00746877
0 0.385178 0.911404 0.340892 0.177193 0.00745119
0 0.316716 0.962992 0.375183 0.074017 0.00744447
0 0.0308888 0.802375 0.0617776 0.304057 0.00740996
0 0.502425 0.608234 0.35938 0.212161 0.00739789
0 0.386612 0.963549 0.376232 0.0729027 0.00738434
0 0.245812 0.912901 0.349088 0.174198 0.00736951
0 0.593432 0.160329 0.380385 0.226318 0.00736786
0 0.525991 0.962857 0.380656 0.0742859 0.00736472
0 0.173528 0.505652 0.347056 0.256846 0.00736254
0 0.979983 0.857177 0.0400349 0.244785 0.00734986
0 0.100503 0.569136 0.201006 0.255574 0.00734531
0 0.732674 0.596978 0.417191 0.2669 0.00733981
0 0.995572 0.299344 0.00885574 0.192038 0.00733959
0 0.147495 0.503003 0.294991 0.276291 0.00733076
0 0.658473 0.907356 0.366536 0.185288 0.00732675
0 0.657368 0.557391 0.437016 0.296299 0.0073242
0 0.455858 0.963507 0.377081 0.0729869 0.00730004
0 0.00493957 0.524676 0.00987915 0.301925 0.00729701
0 0.981822 0.0707272 0.0363566 0.141454 0.0072935
0 0.43948 0.558847 0.375058 0.286246 0.00725655
0 0.102236 0.810326 0.204471 0.25146 0.00725174
0 0.181837 0.957859 0.363674 0.0842823 0.0072482
0 0.1406 0.638627 0.281201 0.209373 0.00723952
0 0.649784 0.652998 0.410328 0.286153 0.00722151
0 0.993787 0.263139 0.0124269 0.221975 0.00722025
0 0.329163 0.121702 0.658327 0.243403 0.00721484
0 0.583027 0.556358 0.405555 0.296213 0.00719739
0 0.0106243 0.179857 0.0212486 0.304417 0.00719395
0 0.483669 0.712809 0.177143 0.141052 0.00717637
0 0.578224 0.436085 0.122679 0.0857985 0.0071751
0 0.00853553 0.67694 0.0170711 0.317242 0.00717033
0 0.178928 0.916076 0.357855 0.167848 0.0071602
0 0.834247 0.906812 0.331505 0.186375 0.00715972
0 0.166547 0.574792 0.333093 0.23287 0.00713408
0 0.146502 0.956661 0.293003 0.0866785 0.00711208
0 0.598447 0.102239 0.446297 0.204477 0.00708796
0 0.0246886 0.46087 0.0493772 0.300752 0.00707869
0 0.816931 0.0736569 0.349079 0.147314 0.00707285
0 0.359746 0.563269 0.379646 0.271467 0.00707097
0 0.133564 0.574423 0.267129 0.236788 0.00705911
0 0.303645 0.860181 0.382333 0.279639 0.00703725
0 0.733966 0.136909 0.370367 0.238225 0.00703151
0 0 0.051201 0 0.102402 0.00702321
0 0.0261925 0.265823 0.052385 0.296408 0.00701799
0 0.0714994 0.891498 0.142999 0.217005 0.00701267
0 0.483837 0.0940078 0.610909 0.188016 0.00698924
0 0.560071 0.707718 0.370786 0.236413 0.0069797
0 0.777346 0.840889 0.445307 0.318223 0.00697393
0 0.376809 0.705349 0.366343 0.221332 0.00693733
0 0.000157814 0.948682 0.000315627 0.102637 0.00690703
0 0.0767335 0.957304 0.153467 0.0853926 0.00688008
0 0.466757 0.741123 0.142942 0.108769 0.00686502
0 0.670894 0.839231 0.438708 0.321537 0.00685173
0 0.0272382 0.557352 0.0544764 0.312572 0.0068392
0 0.490469 0.67136 0.340062 0.296988 0.00683067
0 0.246095 0.121907 0.49219 0.243815 0.00680069
0 0.88839 0.856443 0.223221 0.287114 0.00679109
0 0.592695 0.908 0.353547 0.184001 0.0067438
0 0.644805 0.709575 0.416718 0.278625 0.00671992
0 0.0081641 0.77396 0.0163282 0.315384 0.00671152
0 0.222025 0.572923 0.345728 0.241734 0.0067088
0 0.518444 0.216678 0.359047 0.163851 0.00669691
0 0.513793 0.117916 0.648261 0.235833 0.006685
0 0.725758 0.907375 0.375935 0.18525 0.00664353
0 0.403252 0.114681 0.645092 0.229363 0.00663462
0 0.794961 0.907177 0.382258 0.185645 0.00656925
0 0.219535 0.624904 0.336576 0.236211 0.00650421
0 0.865834 0.886589 0.268331 0.226823 0.00642282
0 0.48033 0.782686 0.319199 0.183709 0.00640419
0 0.392829 0.164609 0.785657 0.329218 0.00640247
0 0.660509 0.151024 0.357932 0.229097 0.00633626
0 0.645591 0.123638 0.385127 0.247276 0.00632192
0 1 0.104647 0 0.209293 0.00630632
0 0.0995161 0.71657 0.199032 0.272771 0.00629772
0 1 0.346277 0 0.236777 0.00626387
0 0.0217386 0.905169 0.0434773 0.189662 0.0061732
0 0.282002 0.622013 0.348348 0.21347 0.00615082
0 0.908248 0.891839 0.183504 0.216322 0.00608377
0 0.71827 0.110967 0.373848 0.221934 0.00595383
0 0.642938 0.813649 0.395556 0.267425 0.0058389
0 0.417924 0.77547 0.309774 0.170604 0.00579022
0 0 0.032844 0 0.065688 0.0057744
0 1 0.0900646 0 0.180129 0.00571681
0 0.422801 0.672617 0.324611 0.301979 0.00568552
0 0.645147 0.753579 0.148955 0.115754 0.00568536
0 0.196884 0.783817 0.385726 0.348762 0.00564698
0 0.0938673 0.614458 0.187735 0.256862 0.00554457
0 0.48383 0.707509 0.317136 0.220536 0.00550767
0 1 0.348379 0 0.24021 0.00550184
0 0.476093 0.637787 0.14082 0.114157 0.00545544
0 0.00699658 0.85829 0.0139932 0.28342 0.00541667
0 0.222525 0.668443 0.340435 0.206151 0.0052971
0 0.127615 0.619761 0.255231 0.246043 0.0052868
0 0.398503 0.836294 0.348197 0.286692 0.00521104
0 0.163084 0.76909 0.326167 0.303619 0.0051931
0 0.0110266 0.111066 0.0220532 0.222132 0.00518498
0 0.176673 0.677842 0.353346 0.253702 0.00492946
0 0.500751 0.743395 0.142808 0.107446 0.00490723
0 0.610942 0.179066 0.137502 0.0619909 0.00489078
0 0.275454 0.792949 0.37713 0.249704 0.00478836
0 1 0.374625 0 0.279215 0.0045818
0 0 0.944745 0 0.11051 0.00455673
0 1 0.684025 0 0.266106 0.00455639
0 0.903121 0.0780121 0.105593 0.156024 0.0045108
0 0.948949 0.0746561 0.102102 0.149312 0.00448537
0 1 0.375904 0 0.289119 0.00439374
0 1 0.646034 0 0.294273 0.00431614
0 0.272333 0.699105 0.331219 0.246629 0.00430602
0 0.293123 0.440363 0.106113 0.0760505 0.00430574
0 0.937559 0.0766998 0.124882 0.1534 0.00429858
0 0.211498 0.674224 0.134444 0.110261 0.00423415
0 1 0.596083 0 0.295531 0.00414094
0 1 0.445525 0 0.295194 0.00409357
0 0.466489 0.174086 0.255619 0.0695485 0.00407332
0 1 0.520902 0 0.295425 0.00405691
0 0.16034 0.697418 0.320679 0.244891 0.00391465
0 0.288223 0.443006 0.0758942 0.0689893 0.00383142
0 1 0.0823373 0 0.164675 0.00380658
0 0.485894 0.752476 0.185699 0.130649 0.883273
0 0.229421 0.682492 0.167448 0.12347 0.70325
0 1 0.885186 0 0.229629 0.0105423
0 1 0.909278 0 0.181445 0.00979172
0 0.451152 0.833693 0.247302 0.282044 0.00880127
0 0.11428 0.434021 0.22856 0.501492 0.00877509
0 0.0718421 0.475439 0.143684 0.417644 0.00870748
0 0.212114 0.634018 0.299686 0.222668 0.00859905
0 1 0.593429 0 0.303993 0.00821647
0 0.156172 0.364282 0.312345 0.379158 0.00816429
0 1 0.5188 0 0.304723 0.00807382
0 1 0.668939 0 0.305575 0.00804402
0 0.124248 0.392811 0.248496 0.306723 0.00801566
0 1 0.103208 0 0.206416 0.00795655
0 1 0.443555 0 0.304191 0.00793174
0 1 0.718989 0 0.306079 0.00787287
0 0.775547 0.936067 0.34615 0.127867 0.00787027
0 1 0.845068 0 0.309863 0.00776288
0 1 0.343499 0 0.304332 0.00760902
0 0.344767 0.804129 0.362515 0.257375 0.00760476
0 1 0.293787 0 0.305469 0.00757136
0 0.115592 0.917358 0.231185 0.165284 0.0075114
0 0.149914 0.914632 0.299829 0.170737 0.00745119
0 1 0.244148 0 0.305528 0.00741314
0 1 0.793664 0 0.305801 0.00736399
0 0.411383 0.867856 0.398448 0.264287 0.00734158
0 0.843644 0.850078 0.312712 0.299844 0.0073
0 0.418425 0.824515 0.395055 0.287446 0.00727843
0 0.283169 0.869234 0.398808 0.261533 0.00719383
0 1 0.194652 0 0.306173 0.00714426
0 0.155146 0.371249 0.310292 0.627032 0.00713861
0 0.0419459 0.911616 0.0838918 0.176768 0.00713261
0 0.0439064 0.56351 0.0878128 0.325814 0.00709837
0 0.332381 0.83695 0.466436 0.308448 0.00709567
0 0.776832 0.962686 0.331472 0.0746283 0.00708251
0 0.701557 0.93787 0.328067 0.12426 0.00706483
0 0.0957177 0.44891 0.191435 0.280319 0.00696047
0 0.206866 0.900669 0.350964 0.198663 0.00695936
0 0.138832 0.462742 0.277663 0.245694 0.00691561
0 0.0243342 0.86537 0.0486685 0.269259 0.0069049
0 0.0311274 0.770149 0.0622548 0.301554 0.00689607
0 0.112368 0.404423 0.224737 0.225931 0.00689352
0 0.109942 0.521945 0.219883 0.217682 0.00687785
0 0.22261 0.457312 0.33121 0.216653 0.00686843
0 0.144955 0.354019 0.289909 0.195509 0.00683212
0 0.863066 0.120563 0.273869 0.241126 0.00683161
0 0.57045 0.57883 0.320846 0.217439 0.00683138
0 0.832334 0.278518 0.335332 0.557037 0.00682131
0 0.640515 0.944235 0.324439 0.11153 0.00679252
0 0.490747 0.507337 0.314688 0.204006 0.00678593
0 0.228114 0.519072 0.329322 0.200633 0.00677329
0 0.0845117 0.510132 0.169023 0.246954 0.0067641
0 0.501101 0.837836 0.322782 0.290518 0.00674592
0 1 0.112736 0 0.225471 0.00673875
0 0.821946 0.7597 0.338008 0.219372 0.00670946
0 0.350707 0.617478 0.358898 0.185137 0.00670915
0 1 0.92576 0 0.14848 0.00668562
0 0.164619 0.463011 0.329237 0.233689 0.00667136
0 1 0.152535 0 0.30507 0.00666925
0 0.294664 0.514834 0.327064 0.207121 0.00665427
0 0.161248 0.87022 0.322497 0.239806 0.00664927
0 0.0342826 0.718033 0.0685652 0.303853 0.00664879
0 0.454565 0.761168 0.245306 0.151101 0.00664179
0 0.0446136 0.879852 0.0892273 0.213754 0.00663302
0 0.634557 0.571098 0.317644 0.20448 0.00661162
0 0.178761 0.353918 0.357521 0.178929 0.00659311
0 0.170921 0.522425 0.334798 0.19794 0.00659273
0 0.68052 0.239244 0.63896 0.478488 0.0065766
0 0.157613 0.946337 0.315227 0.107327 0.0065757
0 0.289278 0.451853 0.3307 0.20045 0.00656018
0 0.704422 0.55935 0.320165 0.190634 0.00655684
0 0.558404 0.505816 0.313104 0.192439 0.00652783
0 0.0812117 0.877502 0.162423 0.205282 0.00652008
0 0.770593 0.904725 0.355143 0.19055 0.00651496
0 0.0805532 0.914662 0.161106 0.170675 0.00649704
0 0.51144 0.578701 0.317535 0.220801 0.00649572
0 0.822349 0.803442 0.34058 0.215405 0.00648739
0 0.354251 0.410299 0.326092 0.169829 0.00648549
0 0.118547 0.876258 0.237094 0.219259 0.0064611
0 0.820152 0.652326 0.325015 0.206444 0.00645582
0 0.218511 0.952241 0.322553 0.0955172 0.0064522
0 0.122567 0.349875 0.245135 0.217442 0.0064199
0 0.361731 0.95409 0.341198 0.0918198 0.00640807
0 0.819201 0.604849 0.326384 0.191948 0.00640284
0 0.0897878 0.933214 0.179576 0.133572 0.00639691
0 0.711014 0.610248 0.326625 0.20279 0.00639108
0 0.821906 0.705204 0.332468 0.209412 0.00638816
0 0.284425 0.95469 0.330502 0.0906197 0.00638307
0 0.41611 0.410439 0.318706 0.16695 0.0063708
0 0.818329 0.865828 0.33827 0.22929 0.00636646
0 0.23564 0.856242 0.406583 0.279138 0.0063237
0 0.190896 0.15295 0.381793 0.298177 0.00632012
0 0.864756 0.891561 0.270488 0.216879 0.0063199
0 0.227757 0.413005 0.339782 0.174363 0.00631451
0 0.126895 0.938575 0.25379 0.12285 0.00631308
0 0.361887 0.509689 0.319887 0.205251 0.00630956
0 0.144138 0.524451 0.288277 0.201701 0.00630507
0 0.691779 0.965156 0.31575 0.069688 0.00629925
0 0.635493 0.615631 0.311942 0.210422 0.00629809
0 0.607812 0.212707 0.784377 0.425414 0.00625757
0 0.423858 0.508716 0.312106 0.203664 0.00624869
0 0.444274 0.149924 0.790722 0.299849 0.00623121
0 0.769109 0.553138 0.323096 0.185708 0.00622292
0 0.0135267 0.0991435 0.0270534 0.198287 0.00621377
0 0.0529905 0.130722 0.105981 0.261445 0.00621327
0 0.291549 0.411303 0.335502 0.171369 0.0062064
0 0.355693 0.453022 0.322606 0.186822 0.00619598
0 0.0993188 0.711568 0.198638 0.200187 0.00619305
0 0.285431 0.56519 0.32423 0.221651 0.00617566
0 0.0392952 0.965441 0.0785903 0.069118 0.00616192
0 0.168729 0.413446 0.337459 0.181969 0.00615463
0 1 0.149168 0 0.298335 0.00614909
0 0.191602 0.110657 0.383204 0.221314 0.00614073
0 0.381323 0.134543 0.762645 0.269085 0.00613239
0 0.138344 0.410361 0.276689 0.200404 0.00612898
0 0.425961 0.711046 0.320179 0.239568 0.00611555
0 0.416443 0.457687 0.309659 0.174302 0.00610483
0 0.0652022 0.558564 0.130404 0.244729 0.00605535
0 0.819397 0.508402 0.32219 0.181354 0.0060514
0 0.836941 0.165895 0.326118 0.33179 0.00604271
0 0.231031 0.356833 0.356423 0.16622 0.0060013
0 0.189159 0.814776 0.364746 0.285681 0.00599755
0 1 0.0819161 0 0.163832 0.005987
0 0.182923 0.157201 0.365846 0.314401 0.00598546
0 0.266453 0.626342 0.316847 0.203629 0.00597655
0 0.176535 0.159526 0.353069 0.319051 0.00596134
0 0.839965 0.376729 0.32007 0.514918 0.00595894
0 0.482362 0.461739 0.313225 0.167064 0.00594605
0 0.451421 0.612581 0.313593 0.193625 0.00593859
0 0.136588 0.0878635 0.273177 0.175727 0.00593614
0 0.162581 0.115751 0.325162 0.231503 0.00592774
0 0.440636 0.951873 0.332334 0.0962534 0.0059238
0 0.442778 0.573231 0.318563 0.216904 0.00592175
0 0.624076 0.463955 0.330632 0.166429 0.00591018
0 0.570856 0.617221 0.316824 0.212144 0.00590919
0 0.625054 0.505911 0.31378 0.18077 0.00590626
0 0.48164 0.412255 0.32406 0.164574 0.00590589
0 0.998203 0.184091 0.00359438 0.368182 0.00590578
0 0.0873875 0.101887 0.174775 0.203774 0.00590191
0 0.577567 0.947689 0.323224 0.104622 0.00589859
0 0.126372 0.560899 0.252743 0.22557 0.00589354
0 0.0055185 0.963971 0.011037 0.0720578 0.00588689
0 0.517133 0.614368 0.313176 0.208126 0.00588669
0 0.364656 0.569427 0.325029 0.218598 0.00588572
0 0.698595 0.504696 0.327683 0.179203 0.00587635
0 0.700447 0.459448 0.352321 0.177734 0.00587201
0 0.0479734 0.81493 0.0959469 0.206857 0.00586793
0 0.0588109 0.615325 0.117622 0.230416 0.0058607
0 0.552264 0.464405 0.318143 0.163392 0.00586037
0 0.097792 0.814644 0.195584 0.215513 0.00585519
0 0.83396 0.78625 0.33208 0.397234 0.00585514
0 0.482213 0.892957 0.366052 0.214086 0.00584357
0 0.149347 0.808461 0.298694 0.244396 0.00581525
0 0.0898701 0.561992 0.17974 0.233073 0.0057796
0 0.442545 0.163404 0.613582 0.326808 0.00577116
0 0.0490753 0.718045 0.0981505 0.228013 0.00576743
0 0.21932 0.56256 0.308819 0.223023 0.00575983
0 0.531292 0.808056 0.33494 0.241556 0.0057567
0 0.347744 0.361734 0.333612 0.162482 0.00575431
0 0.369002 0.76758 0.257857 0.186955 0.00575131
0 0.198342 0.298988 0.396683 0.521332 0.00574485
0 0.628541 0.966414 0.321033 0.0671714 0.00573234
0 0.548802 0.658244 0.330662 0.188132 0.00572141
0 0.880202 0.96681 0.239595 0.0663805 0.00572056
0 0.561044 0.85061 0.347697 0.230356 0.00570516
0 0.842231 0.962543 0.309454 0.0749149 0.00569832
0 0.16417 0.559733 0.310571 0.221594 0.00567468
0 0.191315 0.689216 0.26792 0.139423 0.00566663
0 0.699696 0.905759 0.339652 0.188482 0.00564867
0 0.30168 0.143536 0.603361 0.287073 0.00562589
0 0.0864618 0.658361 0.172924 0.191667 0.00561732
0 0.342646 0.715198 0.351517 0.223935 0.00561488
0 0.673542 0.17284 0.652915 0.345681 0.0055984
0 0.177231 0.653691 0.245507 0.189892 0.00558247
0 0.155498 0.243733 0.310995 0.3099 0.00557062
0 0.173108 0.130402 0.346216 0.260804 0.00556373
0 0.214106 0.255453 0.337473 0.197825 0.00554128
0 0.620093 0.651531 0.319245 0.208426 0.00553441
0 0.772946 0.117746 0.454107 0.235492 0.00553117
0 0.710627 0.645817 0.314913 0.217118 0.00552342
0 0.513088 0.949993 0.322069 0.100013 0.00552103
0 0.706391 0.857473 0.339577 0.205582 0.00551554
0 0.922571 0.970379 0.154859 0.0592418 0.00551165
0 0.0364953 0.652528 0.0729906 0.341268 0.00550993
0 0.474811 0.743883 0.281229 0.1906 0.00550687
0 0.28642 0.360725 0.342093 0.159489 0.00550551
0 0.899301 0.789621 0.201399 0.420758 0.00550193
0 0.832816 0.935803 0.321936 0.128394 0.00548762
0 1 0.970106 0 0.0597879 0.00548154
0 0.0501384 0.666489 0.100277 0.228079 0.00547367
0 0.249782 0.125609 0.499563 0.251218 0.00545279
0 0.00665256 0.925937 0.0133051 0.148126 0.00539202
0 0.627073 0.908456 0.337066 0.183088 0.00537692
0 0.205175 0.799561 0.262213 0.400877 0.00537572
0 0.820837 0.459516 0.331782 0.190835 0.00536632
0 0.700021 0.268049 0.599958 0.442431 0.00532767
0 0.124586 0.235534 0.249172 0.471067 0.00532011
0 0.0924094 0.408066 0.184819 0.626892 0.0052864
0 0.287195 0.159987 0.395042 0.278161 0.00526783
0 0.549054 0.411339 0.331563 0.167551 0.00526477
0 0.25742 0.672017 0.284859 0.158349 0.00525311
0 0.222595 0.653445 0.225521 0.188083 0.00525079
0 0.415606 0.360037 0.338121 0.172033 0.00524082
0 0.7128 0.710111 0.327618 0.227016 0.00520049
0 0.10363 0.774795 0.207261 0.266627 0.0051904
0 0.850621 0.748108 0.298759 0.503785 0.00517837
0 0.468019 0.130624 0.730985 0.261249 0.0051484
0 0.977592 0.772947 0.044815 0.454106 0.00513463
0 0.751857 0.245001 0.496285 0.490001 0.0051274
0 0.611766 0.730862 0.321554 0.211162 0.00512207
0 0.0682374 0.20172 0.136475 0.40344 0.00511442
0 0.964781 0.234303 0.0704377 0.468607 0.00510081
0 0.140838 0.263207 0.281675 0.253006 0.00509739
0 0.969868 0.0836722 0.0602647 0.167344 0.00505554
0 0.710312 0.800965 0.329026 0.211144 0.0050522
0 0.0128236 0.558712 0.0256472 0.284236 0.00504214
0 0.763649 0.45856 0.340655 0.187719 0.00504213
0 0.641245 0.211523 0.71751 0.400455 0.00499067
0 0.715732 0.761972 0.327113 0.212774 0.00498002
0 0.012349 0.656598 0.0246979 0.273782 0.00497381
0 0.628421 0.807511 0.327593 0.209015 0.00493339
0 0.161968 0.686975 0.323937 0.183051 0.00493302
0 0.0931053 0.964774 0.186211 0.0704521 0.0049081
0 0.561079 0.966763 0.321112 0.0664733 0.00490232
0 0.42221 0.967275 0.325913 0.0654497 0.0049018
0 0.552882 0.905531 0.345905 0.188938 0.00490159
0 0.129064 0.965799 0.258128 0.0684019 0.00489689
0 0.909018 0.311228 0.181965 0.622455 0.00489069
0 0.64653 0.148261 0.706939 0.296522 0.00488267
0 0.965623 0.916988 0.0687549 0.166024 0.00487338
0 0.623481 0.406974 0.353593 0.180358 0.00486884
0 0.633755 0.862711 0.336818 0.20442 0.00485656
0 0.421406 0.843852 0.311926 0.312296 0.00485292
0 0.0555914 0.341938 0.111183 0.683877 0.0048467
0 0.747616 0.339524 0.504767 0.320383 0.00479349
0 0.56585 0.165896 0.8683 0.331793 0.00477221
0 0.642144 0.353406 0.423587 0.265141 0.00476581
0 0.130805 0.292361 0.261611 0.25813 0.00474804
0 0.884153 0.678111 0.231694 0.643777 0.00474731
0 0.00802981 0.796322 0.0160596 0.25138 0.0047377
0 0.49254 0.967236 0.323261 0.0655287 0.00473366
0 0.948497 0.250032 0.103006 0.500063 0.00471924
0 0.837097 0.689082 0.325807 0.405865 0.00470827
0 0.179453 0.308116 0.320065 0.253578 0.00470733
0 0.893561 0.421695 0.212878 0.72451 0.00466629
0 0.765182 0.296739 0.469637 0.450187 0.00466059
0 0.996408 0.818798 0.00718325 0.362403 0.00465517
0 0.0467558 0.435149 0.0935116 0.533826 0.00462802
0 0.153377 0.303888 0.306754 0.607775 0.00461181
0 0.707924 0.398185 0.388837 0.203133 0.00459682
0 0.0255491 0.480815 0.0510982 0.375656 0.00456771
0 0.65113 0.26683 0.610462 0.362315 0.00456699
0 0.13494 0.303864 0.26988 0.249564 0.00445549
0 0.143302 0.192981 0.286604 0.267225 0.00442686
0 0.870905 0.571254 0.258189 0.7223 0.00442248
0 0.889604 0.933084 0.220793 0.133833 0.00438365
0 0.822069 0.403752 0.355863 0.216884 0.00437363
0 0.618491 0.77295 0.32403 0.203947 0.00436619
0 1 0.916651 0 0.166699 0.00436345
0 0.228701 0.31444 0.313368 0.24088 0.00435412
0 0.527919 0.768209 0.32751 0.190311 0.00435004
0 0.34105 0.31543 0.314034 0.198146 0.00431199
0 0.478728 0.217625 0.519293 0.286223 0.0042978
0 0.835897 0.58549 0.328206 0.40005 0.00428218
0 0.489113 0.692663 0.318461 0.24224 0.0042744
0 0.837848 0.486018 0.324304 0.411903 0.00427075
0 0.420706 0.309843 0.349588 0.211782 0.00421443
0 0.342023 0.222528 0.343896 0.189926 0.00416429
0 0.481755 0.360122 0.345014 0.186745 0.00415221
0 0.812666 0.35365 0.374668 0.333416 0.00414701
0 0.263418 0.268159 0.312247 0.208722 0.00411801
0 1 0.830362 0 0.339275 0.00411022
0 0.820174 0.331019 0.359652 0.631503 0.00410582
0 0.171488 0.771729 0.301693 0.342932 0.00410263
0 0.970597 0.970345 0.0588069 0.0593105 0.0040959
0 0.825336 0.718998 0.349328 0.562004 0.00408307
0 0.244726 0.215578 0.295105 0.169499 0.00405597
0 0.54857 0.359026 0.357637 0.219083 0.00401583
0 0.786523 0.43324 0.426954 0.669581 0.003983
0 0.583423 0.312131 0.44508 0.279822 0.00396239
0 0.276213 0.319246 0.305211 0.210419 0.00393705
0 0.820117 0.525413 0.359766 0.752345 0.00387587
0 0.786391 0.636177 0.427219 0.685188 0.00385882
0 0.513142 0.267551 0.448492 0.306615 0.00385604
0 0.0919465 0.270478 0.183893 0.540956 0.00381593
0 0.206058 0.209101 0.277025 0.188272 0.00373286
0 0.495266 0.307248 0.380856 0.237416 0.00369076
0 0.323019 0.27574 0.320782 0.219698 0.00355847
0 0.292874 0.229541 0.186669 0.120476 0.00352574
0 0.259149 0.23282 0.222409 0.114109 0.00342309
0 0.141217 0.635031 0.282435 0.217665 0.00331348
0 1 0.879968 0 0.240064 0.00330295
0 0.261264 0.724568 0.303157 0.204209 0.0032616
0 0 0.962745 0 0.0745096 0.0031703
0 1 0.945592 0 0.108817 0.00311846
0 1 0.0751197 0 0.150239 0.00290123
0 0 0.00313824 0 0.00627648 0.00288269
0 0 0.912169 0 0.175662 0.00284372
0 0.487076 0.734033 0.185801 0.198174 0.00265788
0 0.0702725 0.952097 0.140545 0.0958055 0.00246055
0 0.485872 0.754806 0.179512 0.130769 0.982
0 0.228011 0.684793 0.171591 0.113807 0.97692
0 0.186549 0.129929 0.128125 0.121443 0.0142004
0 0.187048 0.223555 0.281424 0.135818 0.0109023
0 0.812721 0.249412 0.138136 0.100533 0.00938121
0 0.4902 0.36441 0.156675 0.128568 0.00763361
0 0.407025 0.356285 0.282051 0.147284 0.0073026
0 0.998617 0.0933702 0.00276509 0.18674 0.00711312
0 0.713889 0.80354 0.280118 0.188005 0.00710526
0 0.208906 0.237223 0.261294 0.108622 0.0065028
0 0.594874 0.464203 0.417332 0.334918 0.00641916
0 0.676724 0.465025 0.481691 0.345013 0.00640313
0 0.695927 0.848378 0.287042 0.20899 0.00627101
0 0.499186 0.477044 0.340328 0.235546 0.00614713
0 0.220811 0.639271 0.249201 0.210269 0.00611832
0 0.40948 0.812131 0.306626 0.232246 0.00602958
0 0.60135 0.591725 0.286712 0.153624 0.0060171
0 0.264937 0.629079 0.28756 0.200688 0.00598023
0 0.397716 0.705318 0.307669 0.181115 0.00581877
0 0.438562 0.246021 0.274033 0.0921062 0.00581327
0 0.258126 0.142848 0.516251 0.285697 0.00579641
0 0.534175 0.595374 0.287289 0.148139 0.00579198
0 0.476745 0.610949 0.27572 0.175062 0.00573877
0 0.418224 0.399402 0.295101 0.226548 0.00573262
0 0.304908 0.842367 0.321297 0.207669 0.00569959
0 0.395831 0.612578 0.298789 0.174127 0.00567902
0 0.86042 0.298352 0.27916 0.236047 0.00567651
0 0.769745 0.104183 0.460511 0.208366 0.00564056
0 0.868662 0.425949 0.262677 0.183014 0.00563657
0 0.584547 0.536583 0.300982 0.212445 0.00563395
0 0.868766 0.496323 0.262467 0.152143 0.00558655
0 0.110218 0.516482 0.220435 0.195201 0.00557811
0 0.678591 0.392055 0.498335 0.394026 0.00555724
0 0.863181 0.0865844 0.273639 0.173169 0.00553858
0 0.113939 0.557763 0.227877 0.165876 0.00550513
0 0.453973 0.719914 0.270259 0.200809 0.00549018
0 0.864583 0.376377 0.270833 0.197519 0.00543496
0 0.495014 0.40037 0.312613 0.222822 0.0053674
0 0.510995 0.537151 0.303805 0.204764 0.00536463
0 0.608875 0.85081 0.341259 0.219717 0.00534279
0 0.582566 0.763192 0.329671 0.174119 0.00531582
0 0.860116 0.961543 0.279769 0.076914 0.0052863
0 0.15274 0.811998 0.305481 0.314429 0.00528354
0 0.139346 0.876515 0.278692 0.246969 0.00526765
0 0.989935 0.971505 0.0201307 0.0569902 0.0052433
0 0.873891 0.232605 0.252219 0.237999 0.00514912
0 0.870094 0.546995 0.259812 0.172153 0.00513308
0 0.744429 0.499224 0.445583 0.24128 0.00507239
0 0.186184 0.186329 0.309701 0.207667 0.00506523
0 0.14868 0.142318 0.291015 0.238018 0.005054
0 0.821593 0.76663 0.32402 0.181237 0.00504745
0 0.244845 0.829674 0.344463 0.231198 0.00504671
0 0.158974 0.303492 0.293235 0.174821 0.00502528
0 0.32173 0.315709 0.32472 0.189483 0.00500519
0 0.118614 0.942638 0.237228 0.114724 0.00498882
0 0.505866 0.754477 0.238767 0.144071 0.00498289
0 0.68618 0.361473 0.627641 0.440986 0.00497329
0 0.371467 0.322807 0.231181 0.21081 0.00495009
0 0.650788 0.721098 0.289971 0.189809 0.00493768
0 0.108273 0.475411 0.216546 0.292644 0.00490511
0 0.863957 0.118686 0.272086 0.209809 0.00489104
0 0.651947 0.892449 0.335118 0.212685 0.00489059
0 0.224309 0.201165 0.245243 0.179694 0.00488468
0 0.127539 0.0908666 0.255077 0.181733 0.00488462
0 0.597371 0.396033 0.385285 0.311 0.0048765
0 0.8632 0.340609 0.2736 0.219075 0.00487358
0 0.997935 0.925245 0.00413044 0.14951 0.00487129
0 0.13537 0.361296 0.270739 0.27877 0.00484603
0 0.396659 0.174448 0.793317 0.348895 0.00478246
0 0.122728 0.415429 0.245457 0.196691 0.00474144
0 0.511707 0.726138 0.232352 0.218198 0.00472097
0 0.861427 0.722606 0.277146 0.225242 0.00471016
0 0.330776 0.134577 0.661552 0.269153 0.00468641
0 0.66413 0.582564 0.278668 0.170886 0.00468065
0 0.275088 0.241564 0.22587 0.0997708 0.00467529
0 0.0159112 0.889465 0.0318225 0.221071 0.00467066
0 0.516349 0.36687 0.337144 0.209706 0.00465399
0 0.0851435 0.355432 0.170287 0.132803 0.00463678
0 0.452899 0.75854 0.24765 0.149919 0.00463641
0 0.448239 0.864174 0.317169 0.258328 0.00462949
0 0.54215 0.943878 0.259831 0.112244 0.00461384
0 0.695292 0.115033 0.609416 0.230067 0.00460708
0 0.62059 0.921718 0.293939 0.156565 0.00460295
0 0.353623 0.156851 0.494045 0.291584 0.0045972
0 0.718892 0.883232 0.297281 0.227142 0.00458092
0 0.78809 0.825264 0.358957 0.199145 0.00457619
0 0.932436 0.0754132 0.135127 0.150826 0.0045742
0 0.606445 0.941625 0.271764 0.11675 0.0045542
0 0.660073 0.541908 0.308973 0.199895 0.00454531
0 0.843539 0.905575 0.28655 0.188851 0.00453091
0 0.14737 0.951596 0.29474 0.0968079 0.00451198
0 0.211496 0.117859 0.163702 0.135382 0.00450936
0 0.0976373 0.965051 0.195275 0.0698988 0.00450226
0 0.143934 0.272773 0.287867 0.311859 0.00449789
0 0.268446 0.950659 0.271492 0.0986816 0.00449724
0 0.32644 0.947142 0.268962 0.105715 0.00448884
0 0.548263 0.878863 0.315684 0.23921 0.00448361
0 0.429437 0.476508 0.305086 0.18626 0.00447556
0 0.206719 0.307777 0.293853 0.174373 0.00445133
0 0.139013 0.347767 0.278026 0.17683 0.00443475
0 0.29023 0.88778 0.315895 0.219773 0.00441778
0 0.844599 0.820411 0.309658 0.204539 0.00440977
0 0.542557 0.930538 0.291782 0.138924 0.00440976
0 0.81512 0.880422 0.33826 0.227192 0.00439277
0 0.146241 0.308067 0.292481 0.216543 0.00436999
0 0.354252 0.398402 0.226684 0.210633 0.00436936
0 0.628838 0.259242 0.742325 0.518485 0.0043668
0 0.863028 0.661561 0.273944 0.187617 0.00431996
0 0.394734 0.872772 0.310601 0.250364 0.00429569
0 0.0151194 0.0916177 0.0302388 0.183235 0.00429311
0 0.0391045 0.97101 0.078209 0.0579803 0.00429021
0 0.1311 0.342566 0.262199 0.13395 0.00428929
0 0.847011 0.764769 0.305977 0.470462 0.00424392
0 0.37337 0.9469 0.26889 0.1062 0.00421062
0 0.00512605 0.962042 0.0102521 0.0759163 0.00417963
0 0.277433 0.317303 0.185983 0.202971 0.00417723
0 0.123207 0.964063 0.246413 0.0718739 0.00417091
0 0.202066 0.116615 0.404132 0.233229 0.0041691
0 0.455307 0.946555 0.27022 0.106891 0.00416473
0 0.240752 0.410581 0.239974 0.181606 0.00415959
0 0.109056 0.100191 0.218111 0.200382 0.00414853
0 0.45196 0.360537 0.240477 0.13453 0.00414137
0 0.162309 0.637148 0.276015 0.210822 0.00413872
0 0.569023 0.71143 0.321096 0.184858 0.00412941
0 0.117354 0.417023 0.234708 0.264872 0.00412499
0 0.853214 0.602208 0.271415 0.201493 0.00412144
0 0.650967 0.1656 0.698066 0.331199 0.00410964
0 0.156017 0.55616 0.312033 0.451687 0.00410942
0 0.629054 0.67123 0.29934 0.142496 0.0041063
0 0.914847 0.0793165 0.170305 0.158633 0.0041027
0 0.32628 0.917694 0.27373 0.164613 0.00410009
0 0.716206 0.609306 0.295083 0.173095 0.0040933
0 0.0341079 0.956113 0.0682158 0.0877745 0.00408936
0 0.310218 0.354209 0.199676 0.155033 0.00404821
0 0.792571 0.240233 0.127345 0.0833865 0.00404639
0 0.751114 0.568959 0.260076 0.180349 0.0040409
0 0.86157 0.947513 0.27686 0.104974 0.00403539
0 0.917736 0.964137 0.164528 0.0717255 0.00403014
0 0.126461 0.60021 0.252923 0.319555 0.00401275
0 0.789788 0.269444 0.420424 0.397807 0.00399038
0 0.894607 0.480777 0.210786 0.205324 0.00397714
0 0.55722 0.121355 0.726998 0.242709 0.00397335
0 0.297108 0.778129 0.252136 0.206868 0.00395567
0 0.231398 0.567444 0.279054 0.162955 0.0039513
0 0.443809 0.538293 0.291636 0.197849 0.00394098
0 0.809104 0.138029 0.381791 0.276058 0.00393404
0 0.890758 0.890375 0.218484 0.21925 0.00391802
0 0.150749 0.564387 0.301498 0.162156 0.00391088
0 0.719665 0.962798 0.30802 0.074405 0.00390586
0 0.115991 0.533538 0.231981 0.709026 0.00389649
0 0.441956 0.930644 0.311451 0.138712 0.00388201
0 0.934409 0.926585 0.131182 0.14683 0.0038759
0 0.639805 0.613693 0.292292 0.175179 0.00386058
0 0.658689 0.94174 0.281188 0.11652 0.00385963
0 0.424618 0.122077 0.74235 0.244154 0.00385897
0 0.149705 0.91269 0.299411 0.17462 0.00385362
0 0.565668 0.678937 0.326616 0.13928 0.00383143
0 0.887189 0.117602 0.225623 0.176954 0.00382037
0 0.348972 0.371056 0.186033 0.159878 0.00381592
0 0.711519 0.724292 0.311681 0.199994 0.00378374
0 0.0271664 0.11889 0.0543328 0.237781 0.00378237
0 0.41639 0.315319 0.356189 0.231306 0.00377806
0 0.179129 0.708223 0.358258 0.488278 0.00377783
0 0.894834 0.532118 0.210332 0.211005 0.00377575
0 0.99011 0.8893 0.0197799 0.2214 0.0037756
0 0.818112 0.332373 0.363775 0.296639 0.00376496
0 0.481888 0.219722 0.846852 0.439444 0.00376351
0 0.31266 0.963114 0.290813 0.0737721 0.00375734
0 0.112946 0.668513 0.225891 0.662975 0.00374574
0 0.560958 0.325952 0.658513 0.312722 0.00373319
0 0.122481 0.139998 0.244962 0.279996 0.00372435
0 0.239659 0.963138 0.302489 0.073724 0.00372149
0 0.545822 0.184816 0.908357 0.369632 0.00371737
0 0.0334196 0.176937 0.0668392 0.353875 0.00370683
0 0.914845 0.1319 0.17031 0.2638 0.00370517
0 0.0547437 0.14169 0.109487 0.283381 0.0036995
0 0.140523 0.813568 0.281046 0.372864 0.00369605
0 0.875141 0.836021 0.249719 0.2864 0.00369405
0 0.151082 0.232127 0.275481 0.120003 0.00368794
0 0.219292 0.10721 0.438585 0.21442 0.00368483
0 0.256877 0.66259 0.271904 0.159928 0.0036824
0 0.865182 0.500512 0.269637 0.476184 0.00367375
0 0.88224 0.77851 0.23552 0.29675 0.00366275
0 0.80886 0.596236 0.38228 0.502128 0.00365697
0 0.439008 0.963538 0.30298 0.0729233 0.0036516
0 0.763549 0.21057 0.472902 0.42114 0.00364989
0 0.369657 0.924126 0.281065 0.151748 0.00364943
0 0.882191 0.880885 0.235618 0.227239 0.00364088
0 0.81585 0.491735 0.368299 0.500893 0.00362286
0 0.513251 0.963253 0.298853 0.0734933 0.00362272
0 0.0771863 0.405488 0.154373 0.189281 0.00362246
0 0.839644 0.936637 0.299376 0.126726 0.00362015
0 0.704136 0.662482 0.303656 0.157716 0.00361516
0 0.155959 0.742892 0.311918 0.394269 0.00360947
0 0.143819 0.104141 0.287639 0.208282 0.00360573
0 0.148484 0.10046 0.296969 0.200921 0.00358511
0 0.893524 0.424686 0.212952 0.207779 0.00358211
0 0.126755 0.629153 0.253511 0.227819 0.00357986
0 0.00333825 0.0565535 0.00667649 0.113107 0.00357602
0 0.857086 0.347819 0.285827 0.511437 0.003572
0 0.106498 0.320977 0.212996 0.641954 0.003553
0 0.838519 0.669688 0.322963 0.530259 0.00353028
0 0.7145 0.943392 0.296772 0.113216 0.0035284
0 0.869675 0.175254 0.260651 0.350509 0.00351438
0 0.137794 0.181724 0.275587 0.274799 0.00350352
0 0.914231 0.903072 0.171538 0.159956 0.00348592
0 0.176718 0.777819 0.353435 0.444363 0.00348108
0 0.802785 0.704386 0.39443 0.518665 0.00347406
0 0.80654 0.393319 0.38692 0.514334 0.0034725
0 0.388023 0.349695 0.23011 0.116581 0.00346188
0 0.12906 0.104941 0.25812 0.146368 0.00345141
0 0.0553957 0.772967 0.110791 0.454066 0.0034511
0 0.368553 0.963718 0.291377 0.0725647 0.00344158
0 0.0375118 0.826605 0.0750237 0.34679 0.00341414
0 0.498716 0.708965 0.302023 0.189036 0.00339884
0 0.643323 0.963337 0.299403 0.0733252 0.00336663
0 0.298481 0.573888 0.292527 0.172705 0.00336135
0 0.884532 0.609448 0.230936 0.239098 0.00334431
0 0.849478 0.255677 0.301044 0.511354 0.00334328
0 0.878659 0.683488 0.242682 0.300647 0.00334296
0 0.0459048 0.243135 0.0918095 0.486271 0.0033396
0 0.580865 0.963091 0.298219 0.0738175 0.0033132
0 0.931713 0.849855 0.136574 0.30029 0.00329961
0 1 0.0744036 0 0.148807 0.00329838
0 0.379886 0.53329 0.28003 0.197167 0.00327733
0 0.057897 0.922493 0.115794 0.155015 0.00327214
0 0.390582 0.240958 0.234912 0.105399 0.0032645
0 0.602236 0.208908 0.795529 0.417817 0.00326318
0 0.173915 0.371778 0.34783 0.497639 0.00322154
0 0.139669 0.068104 0.279338 0.0831931 0.00322144
0 0.153024 0.750002 0.306047 0.499996 0.00321183
0 0.921979 0.169701 0.156043 0.175617 0.00320959
0 0 0.00605088 0 0.0121018 0.00319025
0 0.136867 0.853184 0.273734 0.293631 0.0031741
0 0.053603 0.872355 0.107206 0.255291 0.00317215
0 0.0726561 0.191818 0.145312 0.383636 0.00316041
0 0.0665775 0.439557 0.133155 0.207359 0.00313818
0 0.141257 0.480667 0.281737 0.178169 0.00313655
0 0.836634 0.315442 0.326732 0.603032 0.00312472
0 0.206598 0.800345 0.245136 0.312536 0.00309818
0 0.256231 0.702657 0.283914 0.145903 0.00309163
0 0.888457 0.911892 0.223087 0.150617 0.00305888
0 0.8911 0.168882 0.217799 0.203035 0.00304438
0 0.108908 0.216773 0.217816 0.433546 0.00303472
0 0.432654 0.451657 0.112557 0.0629076 0.00303303
0 0.302027 0.529196 0.278756 0.193437 0.00301698
0 0.152012 0.258715 0.304024 0.457093 0.00300619
0 0.183589 0.476281 0.367177 0.499884 0.00300397
0 0.906625 0.818287 0.186751 0.363426 0.00295901
0 0.328184 0.241769 0.167886 0.0993544 0.002955
0 1 0.0536959 0 0.107392 0.0029358
0 0.961717 0.178583 0.0765655 0.357166 0.00291081
0 0.224578 0.526572 0.277468 0.1911 0.00288871
0 0.714314 0.351115 0.27776 0.146392 0.00286022
0 0.53302 0.355451 0.194772 0.144612 0.00285347
0 0.667177 0.643176 0.214682 0.151056 0.00283559
0 0.134902 0.266722 0.269803 0.1581 0.00283068
0 0.99223 0.116673 0.0155407 0.233346 0.00279239
0 0.221315 0.480451 0.298012 0.175893 0.00272859
0 0.537226 0.839546 0.358036 0.279244 0.00270883
0 0.108541 0.356168 0.217083 0.113331 0.00268314
0 0.193888 0.686672 0.273674 0.11794 0.00265522
0 0.12863 0.442089 0.257259 0.112696 0.00264319
0 0.310934 0.476588 0.295226 0.174652 0.00262708
0 0.670514 0.665031 0.201421 0.109256 0.00257646
0 0.473297 0.833122 0.300961 0.270965 0.00256048
0 0.761646 0.350388 0.234378 0.145202 0.00255601
0 0.155165 0.399151 0.310329 0.68844 0.00252015
0 0.618164 0.344131 0.280711 0.146557 0.00251042
0 0.233451 0.593314 0.157519 0.0913311 0.00249927
0 0.598028 0.456795 0.192541 0.0677525 0.00248611
0 0.56807 0.809527 0.37724 0.289711 0.00248092
0 0.150774 0.0808826 0.273782 0.0965358 0.00244665
0 0.982893 0.129254 0.0342143 0.258508 0.00243286
0 0.820739 0.77637 0.272292 0.142699 0.00241429
0 0.270012 0.770427 0.331728 0.270743 0.00238512
0 0.575949 0.35052 0.267428 0.154595 0.00235762
0 0.168777 0.671643 0.337554 0.15592 0.002335
0 0.40517 0.697244 0.296248 0.252424 0.0023311
0 0.272104 0.712743 0.287685 0.286268 0.00229982
0 0.197647 0.442602 0.144723 0.0804193 0.00228815
0 0.580459 0.805284 0.317775 0.237786 0.00228442
0 0.662229 0.349654 0.265386 0.142056 0.00225928
0 0.685146 0.578732 0.171228 0.0717634 0.00224264
0 0.784638 0.239606 0.20175 0.0844186 0.00223703
0 0.082467 0.325335 0.164934 0.165108 0.00219665
0 0.0645446 0.438019 0.129089 0.102372 0.00218604
0 0.109483 0.104866 0.218966 0.189268 0.00217505
0 0.90324 0.56233 0.193519 0.144739 0.00214789
0 0.903668 0.717905 0.190368 0.15928 0.00214009
0 0.231415 0.099076 0.202371 0.115122 0.0021068
0 0.457706 0.45183 0.130045 0.0672613 0.00210093
0 0 0.91328 0 0.17344 0.00208556
0 0.850435 0.447414 0.14772 0.0834332 0.0020716
0 0.365718 0.452341 0.150029 0.0630726 0.00204094
0 0.834787 0.257196 0.127176 0.113116 0.00202672
0 0.90325 0.663271 0.193499 0.130615 0.00202364
0 0.769442 0.777906 0.203679 0.148263 0.00200694
0 0.168917 0.0615601 0.305228 0.0988655 0.00200436
0 0.19534 0.817866 0.348334 0.204325 0.00200319
0 0.228767 0.683249 0.172686 0.120044 0.918178
0 0.482629 0.756682 0.184406 0.137721 0.910112
0 0.997361 0.899338 0.00527843 0.201324 0.00715901
0 0.915657 0.902692 0.16329 0.18806 0.00671598
0 0.126098 0.399322 0.252195 0.648083 0.00613377
0 0.134633 0.555479 0.269266 0.657665 0.00540422
0 0.230544 0.810756 0.461087 0.378489 0.00538631
0 0.553669 0.784284 0.370784 0.273061 0.00528522
0 0.11157 0.280068 0.22314 0.560135 0.00527526
0 0.394143 0.793434 0.342961 0.249252 0.00512217
0 0.208217 0.698071 0.24541 0.102055 0.00495614
0 0.457929 0.768395 0.240853 0.160529 0.00477366
0 0.441959 0.686763 0.447331 0.261827 0.00454694
0 0.148125 0.679226 0.296251 0.641548 0.00450256
0 0.203299 0.793526 0.406598 0.412947 0.00449468
0 0.265392 0.664555 0.293295 0.174104 0.00424281
0 0.994965 0.971133 0.0100704 0.0577337 0.00419806
0 0.388675 0.836174 0.472092 0.327652 0.00419152
0 0.272543 0.72931 0.29997 0.178255 0.00417514
0 0.0349632 0.977613 0.0699265 0.0447745 0.00416788
0 0.338066 0.559744 0.676131 0.511461 0.00411207
0 0.0728774 0.979689 0.145755 0.0406214 0.00403847
0 0.996795 0.810011 0.00640961 0.327923 0.00402085
0 0.230644 0.632263 0.20926 0.222893 0.00399851
0 0.997946 0.114497 0.00410891 0.228994 0.00398689
0 0.985616 0.712335 0.0287684 0.388987 0.00397762
0 0.97378 0.462404 0.052439 0.393526 0.00394354
0 0.964161 0.0850047 0.0716786 0.170009 0.00394003
0 0.470766 0.825284 0.288841 0.305333 0.00389795
0 0.973185 0.562947 0.053631 0.399436 0.00389473
0 0.974946 0.362029 0.0501082 0.389775 0.00389411
0 0.961702 0.797004 0.0765961 0.367402 0.00387433
0 0.83349 0.869995 0.333019 0.26001 0.00387432
0 0.578574 0.809806 0.438261 0.380388 0.00386872
0 0.221818 0.810507 0.231961 0.378985 0.00386244
0 0.186329 0.58203 0.34751 0.330769 0.00385183
0 0.147309 0.747435 0.294617 0.50513 0.00385116
0 0.854431 0.594644 0.291138 0.493627 0.00384511
0 0.638921 0.979232 0.318356 0.0415356 0.00383532
0 0.837676 0.498651 0.324649 0.514716 0.00382622
0 0.0672047 0.116459 0.134409 0.232919 0.00382157
0 0.0350136 0.879471 0.0700273 0.241058 0.00380932
0 0.534504 0.610245 0.867623 0.530333 0.00379886
0 0.730613 0.978524 0.339298 0.0429527 0.00379692
0 0.762618 0.827579 0.474763 0.344841 0.00378545
0 0.741812 0.759492 0.516376 0.467824 0.00377199
0 0.985166 0.261897 0.0296681 0.377168 0.0037681
0 0.827859 0.350181 0.344282 0.503626 0.00375062
0 0.857503 0.931241 0.273231 0.137518 0.00374023
0 0.839853 0.21407 0.320293 0.428139 0.0037283
0 0.350463 0.580622 0.62063 0.383896 0.00370959
0 0.904263 0.211219 0.191474 0.422439 0.00370569
0 0.956982 0.176276 0.0860352 0.352553 0.00370155
0 0.997424 0.166151 0.00515268 0.299416 0.00370075
0 0.0851387 0.200567 0.170277 0.401134 0.00366391
0 0.419491 0.758448 0.229806 0.1713 0.00365445
0 0.891805 0.701057 0.216389 0.4541 0.00363943
0 0.185231 0.579222 0.370462 0.40077 0.00363554
0 0.763925 0.890096 0.39021 0.219809 0.00363017
0 0.292865 0.822715 0.58573 0.35457 0.00361617
0 0.859447 0.405278 0.281106 0.465896 0.00360918
0 0.801815 0.710569 0.39637 0.439945 0.00360753
0 0.223481 0.210222 0.446961 0.420444 0.00359589
0 0.878136 0.250743 0.243727 0.460492 0.00358991
0 0.843537 0.97289 0.292441 0.0542194 0.00356084
0 0.0555966 0.627849 0.111193 0.652702 0.00354358
0 0.0544266 0.317629 0.108853 0.630153 0.00353676
0 0.72624 0.606787 0.547521 0.497848 0.00352052
0 0.859763 0.103091 0.280474 0.206183 0.003516
0 0.505812 0.980205 0.302917 0.0395899 0.00351118
0 0.0570498 0.723839 0.1141 0.552322 0.00350756
0 0.210512 0.176284 0.421024 0.352569 0.00350691
0 0.432028 0.56225 0.864056 0.546267 0.00350165
0 0.913547 0.749655 0.172905 0.432613 0.00350151
0 0.566056 0.979506 0.301166 0.0409882 0.00348828
0 0.854983 0.870694 0.290035 0.258613 0.00347012
0 0.993336 0.0766388 0.0133278 0.153278 0.0034492
0 0.95621 0.864853 0.0875794 0.270295 0.00344292
0 0.459623 0.723835 0.244417 0.2189 0.00343543
0 0.584203 0.710465 0.413322 0.351402 0.00339826
0 0.841437 0.905318 0.303365 0.189365 0.00339524
0 0.33134 0.861186 0.527093 0.277628 0.00337858
0 0.881155 0.971548 0.23769 0.0569044 0.00337573
0 0.0548237 0.471945 0.109647 0.634173 0.00336627
0 0.224435 0.980206 0.301151 0.0395875 0.00333586
0 0.703214 0.457741 0.593572 0.537621 0.00333477
0 0.437759 0.980357 0.305615 0.039287 0.00331738
0 0.0724613 0.932624 0.144923 0.134751 0.00330704
0 0.90225 0.93695 0.1955 0.126101 0.00330522
0 0.228351 0.765099 0.456703 0.469802 0.003294
0 0.668574 0.7 0.662851 0.536838 0.00329199
0 0.296319 0.98014 0.2985 0.0397202 0.00329008
0 0.111519 0.980306 0.223038 0.039387 0.00328852
0 0.188085 0.792298 0.37617 0.415404 0.00325328
0 0.967453 0.113757 0.0650943 0.227514 0.00323992
0 0.835406 0.823281 0.329187 0.341823 0.00323913
0 0.0751324 0.160614 0.150265 0.321229 0.0032319
0 0.702215 0.365973 0.595571 0.503545 0.00320877
0 0.599765 0.897962 0.339832 0.204075 0.00319132
0 0.365769 0.980153 0.299793 0.0396933 0.00318836
0 0.777258 0.250264 0.445484 0.50007 0.00317495
0 0.150196 0.979892 0.280112 0.0402163 0.00317441
0 0.667912 0.894477 0.36674 0.211046 0.00317034
0 0.91141 0.864495 0.168798 0.241008 0.0031647
0 0.00885089 0.880737 0.0177018 0.238527 0.00316334
0 0.515955 0.825702 0.558608 0.348595 0.003127
0 0.902507 0.146756 0.194986 0.293513 0.00311239
0 0.884951 0.899657 0.230097 0.200687 0.0031059
0 0.26397 0.877759 0.485328 0.244483 0.00308842
0 0.273065 0.563176 0.546131 0.512968 0.00307662
0 0.809211 0.114289 0.381578 0.228579 0.00305976
0 0.0152493 0.0891187 0.0304987 0.178237 0.00305097
0 0.111653 0.934043 0.223307 0.131913 0.00304665
0 0.905396 0.177964 0.179052 0.213608 0.00304547
0 0.901412 0.127111 0.187292 0.203607 0.00302516
0 0.818697 0.161437 0.362606 0.322874 0.00302029
0 0.636016 0.828217 0.660841 0.343567 0.00301103
0 0.232418 0.302236 0.464836 0.515484 0.00297942
0 0.0346048 0.14816 0.0692096 0.296319 0.00297929
0 0.897846 0.324612 0.194018 0.209033 0.00296312
0 0.236455 0.463568 0.472909 0.527261 0.00296129
0 0.16615 0.935355 0.254125 0.12929 0.00294696
0 0.171528 0.894588 0.343055 0.210824 0.00292365
0 0 0.976129 0 0.0477423 0.00291147
0 0.891957 0.359613 0.20488 0.229133 0.00289675
0 0.189287 0.610833 0.257823 0.274682 0.00288828
0 0.0455804 0.809551 0.0911609 0.380897 0.0028861
0 0.236598 0.240328 0.473195 0.480655 0.0028795
0 0.255445 0.930399 0.27808 0.139201 0.00287302
0 0.997026 0.443239 0.00594889 0.288333 0.00284106
0 0.543961 0.914554 0.326898 0.170892 0.00283368
0 0.600285 0.560873 0.799431 0.545081 0.00281803
0 0.327386 0.922419 0.276773 0.155161 0.00281182
0 0.881638 0.890622 0.233612 0.207097 0.00279415
0 0.251906 0.43812 0.503812 0.535043 0.00279001
0 0.528445 0.520426 0.943109 0.553982 0.00277447
0 0.949724 0.97258 0.100552 0.0548405 0.00277352
0 0.245746 0.331114 0.491492 0.523416 0.00277143
0 1 0.00749509 0 0.0149902 0.00275223
0 0.34713 0.318195 0.694259 0.537159 0.00274473
0 0.997169 0.617699 0.00566196 0.286789 0.00273832
0 0.469427 0.91657 0.313748 0.16686 0.00273636
0 0.267954 0.125109 0.535908 0.250218 0.00273564
0 0.883701 0.397387 0.220608 0.255513 0.00272356
0 0.0326096 0.0255696 0.0652192 0.0511393 0.00272294
0 0.912195 0.810855 0.167468 0.232213 0.00271842
0 0.121744 0.905742 0.243489 0.188515 0.00271534
0 0.225474 0.571682 0.450949 0.530651 0.00271527
0 0.997082 0.518057 0.00583522 0.288298 0.00271485
0 0.997117 0.692419 0.00576566 0.286205 0.00270605
0 0.391155 0.922949 0.289994 0.154102 0.00270129
0 0.997064 0.368731 0.00587276 0.288595 0.0026959
0 0.171601 0.121733 0.343202 0.243466 0.0026889
0 0.667443 0.609903 0.665113 0.536363 0.00268462
0 0.487799 0.123624 0.681254 0.247249 0.00267942
0 0.326312 0.150197 0.533267 0.300394 0.00265297
0 0.71568 0.120303 0.56864 0.240607 0.00264287
0 0.230691 0.674876 0.461382 0.551564 0.00263839
0 0.627613 0.121952 0.678784 0.243904 0.00263634
0 0.348522 0.124075 0.675827 0.24815 0.00263497
0 0.316398 0.475563 0.632797 0.553051 0.00262936
0 0.166429 0.701783 0.332857 0.437256 0.00262149
0 0.997092 0.293286 0.00581501 0.287886 0.00261521
0 0.917469 0.756701 0.157437 0.201808 0.00258058
0 0.499153 0.738291 0.2276 0.194784 0.00257202
0 0.655747 0.417337 0.688506 0.531411 0.00256841
0 0.631658 0.261458 0.736684 0.516114 0.00255852
0 0.905245 0.278058 0.179646 0.203721 0.00255641
0 0.906271 0.232915 0.177591 0.211755 0.00255534
0 0.997045 0.218167 0.00590978 0.288205 0.00253173
0 0.675713 0.76995 0.648575 0.4601 0.00252794
0 0.0945105 0.889381 0.189021 0.221237 0.0025212
0 0.703401 0.176623 0.593197 0.353246 0.00251484
0 0.694242 0.229382 0.611515 0.458765 0.00249832
0 0.662835 0.514929 0.67433 0.53188 0.00248822
0 0.908523 0.6051 0.173716 0.232236 0.00244747
0 0.232785 0.182064 0.46557 0.364128 0.00244551
0 0.110658 0.8462 0.221317 0.3076 0.002426
0 0.592097 0.463365 0.815806 0.549277 0.00239072
0 0.169376 0.703405 0.324616 0.0941887 0.0023875
0 0.433671 0.470357 0.867342 0.558189 0.00237421
0 0.175587 0.77316 0.351173 0.453679 0.00236572
0 0.00868436 0.0131839 0.0173687 0.0263679 0.00235417
0 0.918524 0.630858 0.154931 0.198841 0.00234693
0 0.914908 0.706702 0.161859 0.219889 0.00234592
0 0.34239 0.240236 0.68478 0.480471 0.00233519
0 0.234045 0.150118 0.46809 0.300117 0.00232417
0 0.595796 0.367625 0.808409 0.518086 0.00230302
0 0.633112 0.210262 0.733775 0.420525 0.00229957
0 0.55823 0.776856 0.296202 0.209089 0.00227706
0 0.447987 0.236682 0.895974 0.473364 0.00227001
0 0.916241 0.0993267 0.159985 0.138348 0.00222267
0 0.518305 0.41946 0.93732 0.534338 0.00221441
0 0.417992 0.367052 0.835985 0.531233 0.0021677
0 0.551397 0.660202 0.530008 0.364875 0.00214543
0 0.0676783 0.858574 0.135357 0.282853 0.00214211
0 0.700944 0.349589 0.510359 0.266747 0.00213052
0 0.456136 0.145828 0.544379 0.291655 0.00211435
0 0.819765 0.730392 0.36047 0.288433 0.00209423
0 0.340875 0.18714 0.68175 0.374281 0.00207372
0 0.911879 0.91434 0.176243 0.17132 0.00207002
0 0.902421 0.456679 0.184238 0.244944 0.00203835
0 0.816238 0.114822 0.367524 0.219686 0.00202549
0 0.451362 0.187762 0.902724 0.375524 0.00201384
0 0.133874 0.626847 0.267749 0.40349 0.00200617
0 0.273639 0.78557 0.547279 0.290285 0.0019788
0 0 0.925812 0 0.148375 0.00195089
0 0.894707 0.868266 0.210587 0.263469 0.00194745
0 0.137899 0.705537 0.275798 0.412063 0.00193653
0 0.854118 0.839146 0.291517 0.286524 0.00193431
0 0.6387 0.157771 0.7226 0.315542 0.00193111
0 0.881015 0.827315 0.234755 0.236735 0.00192694
0 0.773954 0.832639 0.452091 0.31486 0.00192494
0 0.507967 0.316203 0.902433 0.508372 0.00192107
0 0.836957 0.214181 0.326024 0.287889 0.00192015
0 0 0.0045419 0 0.00908381 0.00190075
0 0.876154 0.163137 0.243665 0.230816 0.00189555
0 0.127258 0.805649 0.254516 0.388703 0.00189346
0 0.895231 0.832968 0.209539 0.288908 0.00188088
0 0.143051 0.812959 0.286101 0.374082 0.00186275
0 0.767045 0.364181 0.46591 0.286875 0.00186196
0 0.885153 0 0.229693 0 0.00186015
0 0.916922 0.526612 0.158835 0.21353 0.00184729
0 0.284394 0.740238 0.357614 0.294402 0.00183906
0 0.768899 0.790277 0.420212 0.283687 0.00183435
0 0.149559 0.506959 0.299117 0.239982 0.00183185
0 0.503374 0.118025 0.490458 0.236051 0.00181305
0 0.887606 0.355757 0.224788 0.296922 0.00180989
0 0.748524 0.511374 0.502951 0.289259 0.00180729
0 0.87948 0.298952 0.236946 0.217118 0.00180123
0 0.146707 0.483112 0.293414 0.402832 0.00179053
0 0.124093 0.702228 0.248186 0.291659 0.001789
0 0.293141 0.524213 0.586282 0.335559 0.00178078
0 0.130301 0 0.260602 0 0.00177968
0 0.0953775 0.616705 0.190755 0.333438 0.00177441
0 0.885079 0.180886 0.229842 0.31928 0.00177238
0 0.0828936 0.817745 0.165787 0.329703 0.00177026
0 0.775513 0.878679 0.448974 0.242642 0.001763
0 0.879878 0.722991 0.236687 0.222516 0.00176245
0 0.545214 0.902675 0.421796 0.19465 0.0017507
0 0.89158 0.117464 0.21684 0.234928 0.00174583
0 0.251626 0.842518 0.503253 0.314963 0.00174329
0 0.092171 0.740469 0.184342 0.329386 0.0017381
0 0.362863 0.900752 0.461898 0.198495 0.00172607
0 0.886593 0.256632 0.226814 0.307673 0.00171719
0 0.905022 0.501205 0.187269 0.208708 0.00171691
0 0.896858 0.606107 0.206285 0.289153 0.00170682
0 0.0493204 0.908991 0.0986408 0.182018 0.00170556
0 0.799075 0.761536 0.40185 0.29668 0.00169914
0 0.106904 0.541406 0.213807 0.330661 0.00169543
0 0.453813 0.870278 0.621328 0.259445 0.00168927
0 0.0685861 0.924381 0.137172 0.151237 0.00168694
0 0.889922 0.409236 0.220157 0.303169 0.00168596
0 0.161506 0.486073 0.323012 0.286366 0.00168481
0 0.194787 0.402325 0.389575 0.35151 0.00168437
0 0.89765 0.78057 0.2047 0.267697 0.00168169
0 0.398793 0.12224 0.541836 0.244479 0.00167242
0 0.127456 0.4212 0.254912 0.345412 0.00166961
0 0.791461 0.42073 0.417077 0.288914 0.00166744
0 0.853391 0.137615 0.292262 0.265206 0.00166681
0 0.512588 0.310567 0.475443 0.267628 0.00166008
0 0.883189 0.771952 0.230713 0.224536 0.00165696
0 0.426176 0.348224 0.44062 0.234942 0.00165656
0 0.857176 0.286752 0.284426 0.271363 0.00165502
0 0.153432 0.567834 0.286054 0.224622 0.00165222
0 0.468614 0.506068 0.549236 0.288002 0.0016419
0 0.87476 0.61619 0.246808 0.234492 0.00164096
0 0.563472 0.346534 0.507201 0.300812 0.00162211
0 0.729927 0.146503 0.540145 0.293007 0.00161885
0 0.899759 0.705773 0.200482 0.273194 0.00161485
0 0.900092 0.557617 0.199816 0.265838 0.0016148
0 0.754952 0.595436 0.490096 0.326122 0.00161439
0 0.397701 0.494478 0.27707 0.135919 0.00160903
0 0.787972 0.587953 0.424055 0.27826 0.0016089
0 0.178405 0.854814 0.356811 0.290371 0.00160426
0 0.667971 0.831784 0.519252 0.299759 0.00159721
0 0.581189 0.577226 0.480796 0.292033 0.00159597
0 0.899686 0.655463 0.200628 0.270207 0.00159533
0 0.414781 0.348145 0.357503 0.187581 0.00158868
0 0.0912596 0.63151 0.182519 0.233151 0.00158716
0 0.238702 0.234208 0.477404 0.323197 0.00158124
0 0.280383 0.420462 0.560765 0.34206 0.00158123
0 0.115841 0.181314 0.231682 0.323781 0.00157995
0 0.653746 0.0915717 0.456662 0.183143 0.00157569
0 0.846927 0.601419 0.305739 0.273204 0.00157563
0 0.0976893 0.668087 0.195379 0.255486 0.00157408
0 0.755441 0.652029 0.489119 0.325541 0.00157379
0 0.0909547 0.143257 0.181909 0.286514 0.00157182
0 0.274377 0.789127 0.356449 0.210771 0.0015644
0 0.169076 0.767423 0.338151 0.285186 0.00156407
0 0.852308 0.333924 0.294179 0.28026 0.00156322
0 0.420799 0.847169 0.679333 0.305662 0.00155975
0 0.26574 0.482164 0.53148 0.236192 0.00155308
0 0.278754 0.268566 0.557509 0.323555 0.00154947
0 0.635617 0.901418 0.467353 0.197165 0.00154726
0 0.856494 0.787744 0.286166 0.278545 0.00154625
0 1 0.973496 0 0.0530088 0.00154387
0 0.258676 0 0.2782 0 0.00153591
0 0.115538 0.594752 0.231076 0.292885 0.00153452
0 0.443476 0.698036 0.207987 0.113012 0.00153357
0 0.226762 0.681013 0.173798 0.128491 0.89034
0 0.483296 0.755239 0.18226 0.136624 0.888093
0 0.872779 0.00396018 0.254441 0.00792035 0.118275
0 0.793969 0.00426188 0.308118 0.00852377 0.0922928
0 0.590312 0.00393219 0.310214 0.00786438 0.0827661
0 0.657445 0.0039402 0.311027 0.0078804 0.071516
0 0.522141 0.00395874 0.311149 0.00791748 0.0684788
0 0.452056 0.00400203 0.31102 0.00800407 0.0676925
0 0.728848 0.00412813 0.312586 0.00825625 0.0675818
0 0.148522 0.00319671 0.297043 0.00639341 0.0651313
0 0.383415 0.00403652 0.311199 0.00807304 0.0605108
0 0.249246 0.00390329 0.3042 0.00780658 0.0580616
0 0.315582 0.00394247 0.309648 0.00788494 0.0559417
0 0.99898 0.0999414 0.00204002 0.199883 0.0502971
0 0.912892 0.00305532 0.174216 0.00611063 0.0130601
0 0.777886 0.0108525 0.364921 0.021705 0.0126935
0 0.606452 0.0115425 0.367368 0.023085 0.0119187
0 0.539953 0.0116195 0.367855 0.0232389 0.010462
0 0.829991 0.0100644 0.340019 0.0201289 0.0103557
0 0.711784 0.011852 0.369312 0.023704 0.0100714
0 0.436591 0.0113574 0.36681 0.0227148 0.0100092
0 0.367661 0.0117529 0.366583 0.0235058 0.00797436
0 0.30015 0.0111877 0.366047 0.0223753 0.00782147
0 0.228346 0.0112029 0.371618 0.0224059 0.00690194
0 0.99885 0.887462 0.0023007 0.225075 0.00645274
0 0.171505 0.0104859 0.343009 0.0209719 0.00632515
0 0.999052 0.0367696 0.00189616 0.0735393 0.00568755
0 0.915654 0.176889 0.168692 0.353778 0.00453199
0 0.983162 0.84438 0.0336764 0.311241 0.00443202
0 1 0.144978 0 0.289956 0.00431993
0 0.990926 0.19814 0.018148 0.381594 0.00425729
0 0.851014 0.212584 0.297971 0.425169 0.00422292
0 0.964212 0.251505 0.0715752 0.398761 0.00411828
0 0.940829 0.353341 0.118341 0.404162 0.00391528
0 0.111836 0.93977 0.223672 0.12046 0.0038835
0 0.398547 0.705427 0.41163 0.229961 0.00385934
0 0.97636 0.798394 0.0472806 0.403212 0.00383787
0 0.824489 0.308212 0.351023 0.472989 0.00380188
0 0.0186538 0.0800591 0.0373075 0.160118 0.00378899
0 0.437776 0.809309 0.303273 0.245609 0.00375844
0 0.938312 0.453524 0.123377 0.411924 0.00371661
0 0.934393 0.65251 0.131214 0.417919 0.00367351
0 0.929898 0.755108 0.140204 0.42118 0.00365262
0 0.206544 0.817154 0.368933 0.270437 0.00365008
0 0.931386 0.553518 0.137228 0.418981 0.00361809
0 0.265219 0.807185 0.378946 0.252516 0.00359055
0 0.99654 0.970993 0.00691994 0.0580134 0.00357505
0 0.0789908 0.968881 0.157982 0.0622386 0.00356853
0 0.597129 0.974537 0.338752 0.0509264 0.00353656
0 0.31232 0.974807 0.294268 0.0503858 0.00353436
0 0.668351 0.975342 0.343124 0.0493165 0.00352624
0 0.527291 0.974118 0.330384 0.0517649 0.0035143
0 0.455051 0.974395 0.322565 0.0512108 0.00349148
0 0.271218 0.837073 0.451834 0.325855 0.00348788
0 0.377698 0.974259 0.302799 0.051482 0.00346604
0 0.45774 0.716455 0.375205 0.23588 0.00342898
0 0.462012 0.788527 0.24263 0.199606 0.00342221
0 0.984162 0.0726427 0.0316758 0.145285 0.00342184
0 0.386058 0.79952 0.349634 0.244179 0.00341591
0 0.828509 0.406366 0.342983 0.481653 0.00340966
0 0.25185 0.975287 0.312328 0.0494255 0.00340528
0 0.295365 0.565252 0.457017 0.35647 0.00340134
0 0.00544005 0.971871 0.0108801 0.0562572 0.00337605
0 0.195008 0.857279 0.383032 0.285443 0.00336134
0 0.99838 0.818617 0.00324024 0.34566 0.00335797
0 0.214998 0.582102 0.29398 0.317172 0.00333795
0 0.547431 0.769706 0.303912 0.21787 0.00331109
0 0.402092 0.842901 0.446079 0.314197 0.00329616
0 0.442799 0.581363 0.753874 0.491478 0.00328548
0 0.840427 0.82182 0.319145 0.356359 0.0032729
0 0.249457 0.649786 0.222337 0.193957 0.00326139
0 0.0857986 0.936301 0.171597 0.127398 0.00325534
0 0.109804 0.969991 0.219609 0.060018 0.00323525
0 0.152903 0.973852 0.289394 0.0522965 0.00320938
0 0.474378 0.832008 0.281941 0.30375 0.00320782
0 0.744584 0.976705 0.336299 0.0465893 0.00317761
0 0.99662 0.714289 0.00676046 0.346743 0.00315493
0 0.171528 0.604334 0.312947 0.280967 0.00311323
0 0.148618 0.941419 0.274624 0.117161 0.00309582
0 0.825479 0.507927 0.349042 0.485826 0.0030887
0 0.997101 0.363315 0.00579768 0.347249 0.00307528
0 0.996144 0.614616 0.00771301 0.35155 0.00306283
0 0.0872448 0.909172 0.17449 0.181655 0.00306197
0 0.99666 0.464238 0.00667922 0.350092 0.0030458
0 0.82419 0.711275 0.35162 0.498088 0.00301142
0 0.82906 0.605035 0.34188 0.497224 0.00298816
0 0.997524 0.264141 0.00495251 0.34401 0.00296824
0 0.998448 0.168683 0.00310426 0.297303 0.00296806
0 0.11759 0.909754 0.23518 0.180491 0.0029414
0 0.162502 0.485373 0.325005 0.591517 0.00293041
0 0.148854 0.81989 0.297709 0.256806 0.00290665
0 0.456981 0.718858 0.250099 0.23526 0.00289112
0 0 0.00855585 0 0.0171117 0.0028819
0 0.0113055 0.879157 0.0226111 0.241686 0.0028711
0 0.864643 0.933121 0.270715 0.133758 0.00287097
0 0.163941 0.193216 0.327881 0.386432 0.00284984
0 0.129292 0.889995 0.258584 0.220009 0.00284689
0 0.254886 0.930079 0.280258 0.139842 0.00283848
0 0.253417 0.54838 0.506835 0.450563 0.00282146
0 0.968141 0.871954 0.063717 0.256093 0.00280907
0 0.15616 0.905213 0.301615 0.189573 0.00278192
0 0.610332 0.605101 0.779336 0.563468 0.0027746
0 0.310565 0.92089 0.27855 0.15822 0.00275989
0 0.14567 0.751398 0.291341 0.239034 0.00275362
0 0.527778 0.824615 0.589769 0.35077 0.00273271
0 0.132549 0.360584 0.265098 0.595179 0.00272946
0 0.24424 0.878351 0.389623 0.243298 0.00271911
0 0.190099 0.23244 0.380199 0.464881 0.002719
0 0.935417 0.928587 0.129165 0.142826 0.00269642
0 0.88233 0.00880321 0.235341 0.0176064 0.00269239
0 0.215609 0.63815 0.224327 0.206341 0.00268184
0 0.0516066 0.120407 0.103213 0.240814 0.00265365
0 0.548528 0.81523 0.366608 0.369541 0.00264087
0 0.173159 0.715189 0.309892 0.115028 0.00262127
0 0.752317 0.17098 0.495367 0.341961 0.0026128
0 0.0316459 0.787475 0.0632918 0.42505 0.00259904
0 0.355504 0.539522 0.711008 0.503086 0.00257394
0 0.368563 0.911395 0.303284 0.17721 0.00253535
0 0.217709 0.705743 0.222271 0.120497 0.00253161
0 0.0289523 0.864359 0.0579046 0.271282 0.00252135
0 0.194449 0.758464 0.259238 0.250934 0.00251408
0 0.0308574 0.972318 0.0617149 0.0553638 0.00251152
0 0.520378 0.509748 0.901171 0.544148 0.0025104
0 0.803922 0.191957 0.392157 0.383914 0.00250174
0 0.0433274 0.721573 0.0866547 0.556854 0.0024934
0 0.835688 0.976794 0.303103 0.0464115 0.00248123
0 0.07252 0.826291 0.14504 0.347419 0.00247944
0 0.0464962 0.623687 0.0929925 0.570209 0.00247298
0 0.908499 0.0836452 0.183002 0.16729 0.00247206
0 0.0465216 0.270136 0.0930432 0.540272 0.00246004
0 0 0.913432 0 0.173137 0.00245872
0 0.998717 0.769201 0.0025661 0.296328 0.00245646
0 0.144124 0.702111 0.288248 0.39126 0.00245155
0 0.85573 0.0872018 0.288541 0.174404 0.00245056
0 0.0369084 0.216579 0.0738168 0.433158 0.00244613
0 0.756301 0.78574 0.487397 0.42852 0.00244211
0 0.444149 0.89407 0.364323 0.21186 0.00243582
0 0.153867 0.545353 0.307734 0.369946 0.00243445
0 0.658513 0.224733 0.682974 0.449466 0.00243094
0 0.103643 0.000752191 0.207286 0.00150438 0.00241242
0 0.781511 0.254525 0.436978 0.509049 0.00240919
0 0.378909 0.756776 0.201023 0.176681 0.00240701
0 0.556497 0.731334 0.305292 0.244132 0.00239613
0 0.775493 0.343675 0.449013 0.527153 0.00238351
0 0.13039 0.806678 0.26078 0.383086 0.00238067
0 0.52623 0.878737 0.418351 0.242526 0.00236495
0 0.144155 0.666365 0.288311 0.533202 0.00235372
0 0.135774 0.63823 0.271549 0.24881 0.00235321
0 0.164292 0.394593 0.328585 0.404921 0.00233904
0 0.998689 0.519304 0.00262254 0.296447 0.0023375
0 0.0499844 0.524271 0.0999688 0.595999 0.00233344
0 0.604178 0.872647 0.465235 0.254705 0.00230438
0 0.161298 0.488895 0.322597 0.396781 0.00230126
0 0.807158 0.913918 0.385684 0.172163 0.0023003
0 0.647153 0.514024 0.705694 0.51431 0.00228474
0 0.547358 0.68093 0.489799 0.315026 0.00227662
0 0.14164 0.746535 0.28328 0.506931 0.00227517
0 0.517655 0.232907 0.866421 0.465813 0.00227316
0 0.270258 0.24508 0.540516 0.49016 0.00227036
0 0.0112953 0.0126935 0.0225905 0.025387 0.00226997
0 0.740396 0.88837 0.482726 0.22326 0.00225689
0 0.156686 0.607149 0.313372 0.395585 0.0022388
0 0.755409 0.458437 0.489183 0.520811 0.00223522
0 0.0268595 0.120875 0.0537191 0.241751 0.00223153
0 0.813965 0.152171 0.37207 0.304341 0.00222678
0 0.227671 0.76876 0.203073 0.231495 0.00222588
0 0.766695 0.541108 0.46661 0.541542 0.0022251
0 0.0831517 0.0815677 0.166303 0.163135 0.00222018
0 0.65797 0.168399 0.684061 0.336798 0.00221617
0 0.352807 0.266571 0.705614 0.4717 0.00220877
0 0.12097 0.0859838 0.24194 0.171968 0.00220076
0 0.907718 0.97492 0.184564 0.0501603 0.00218387
0 0.504739 0.723579 0.225073 0.229984 0.00218129
0 0.182631 0.300988 0.365261 0.438577 0.00216914
0 0.192879 0.36274 0.385758 0.444438 0.0021505
0 0.604523 0.0870901 0.345856 0.17418 0.00214609
0 0.678428 0.750113 0.643144 0.499774 0.00214281
0 0.0296983 0.927257 0.0593967 0.145486 0.0021421
0 0.0846273 0.880158 0.169255 0.239684 0.00214094
0 0.335858 0.174489 0.671715 0.348979 0.00213077
0 0.692055 0.255541 0.615889 0.498213 0.00212477
0 0.768655 0.640705 0.462691 0.541593 0.00211979
0 0.53542 0.0869134 0.340564 0.173827 0.00211734
0 0.108476 0.776165 0.216953 0.44767 0.00211251
0 0 0.0668922 0 0.133784 0.00211161
0 0.466985 0.0870431 0.344948 0.174086 0.00210561
0 0.677341 0.0865112 0.347971 0.173022 0.00210043
0 0.399109 0.087774 0.345522 0.175548 0.00208269
0 0.272555 0.730998 0.267811 0.196694 0.00208112
0 0.267061 0.367547 0.534122 0.424398 0.00208067
0 0.455783 0.134512 0.5241 0.269023 0.00208043
0 0.330522 0.0886421 0.348834 0.177284 0.00208016
0 0.0690599 0.936251 0.13812 0.127497 0.00207698
0 0.653788 0.410705 0.692423 0.508131 0.00207578
0 0.257205 0.138919 0.514411 0.277838 0.00207221
0 0.632522 0.798246 0.734957 0.403509 0.00206043
0 0.594137 0.134493 0.529099 0.268986 0.00206038
0 0.560671 0.169603 0.772721 0.339205 0.0020537
0 0.174327 0.516234 0.348654 0.409485 0.00203097
0 0.80573 0.131286 0.38854 0.262573 0.00202987
0 0.259879 0.0881388 0.359392 0.176278 0.0020233
0 0.745085 0.085866 0.336574 0.171732 0.00201998
0 0.119978 0.155824 0.239957 0.311649 0.00201987
0 0.144098 0.132863 0.288196 0.265725 0.0020141
0 0.190894 0.327979 0.381788 0.428355 0.00200011
0 0.679087 0.655758 0.641826 0.558909 0.00198228
0 0.958943 0.976394 0.082113 0.0472117 0.00196195
0 0.42246 0.17184 0.783343 0.343681 0.00196161
0 0.34672 0.366753 0.69344 0.483444 0.00195611
0 0.874395 0.97594 0.251209 0.0481197 0.00195556
0 0.185549 0.426583 0.371097 0.414703 0.00195202
0 0.51645 0.412247 0.877717 0.515796 0.00194648
0 0.308064 0.199197 0.616129 0.398394 0.00193077
0 0.81445 0.086853 0.333221 0.173706 0.00192334
0 0.912561 0.120906 0.174878 0.241811 0.00190117
0 0.571847 0.818278 0.730988 0.363444 0.00189911
0 0.28443 0.460334 0.568859 0.474359 0.00188554
0 0.0747658 0.192874 0.149532 0.385748 0.00188165
0 0.583126 0.000815889 0.249627 0.00163178 0.00187399
0 0.728872 0.132954 0.519052 0.265908 0.00187301
0 0.236864 0.18283 0.473729 0.365661 0.00185673
0 0.18185 0.0883548 0.351862 0.17671 0.0018534
0 0.0999857 0.119928 0.199971 0.239856 0.0018506
0 0.413295 0.462399 0.82659 0.54284 0.00184688
0 0.188653 0.501005 0.377305 0.452498 0.00184422
0 0.68729 0.762884 0.625419 0.474232 0.00180894
0 0.525583 0.308569 0.839109 0.500849 0.00180539
0 0.492161 0.74087 0.169448 0.105426 0.00180078
0 0.239201 0.000826447 0.248494 0.00165289 0.00178808
0 0.634693 0.000851461 0.249432 0.00170292 0.00178526
0 0.926803 0.890504 0.146393 0.218993 0.00177374
0 0.0984104 0.00404066 0.196821 0.00808133 0.00177239
0 0.77207 0.000860521 0.250013 0.00172104 0.00170328
0 0.290715 0.000844702 0.249081 0.0016894 0.00169137
0 0.686361 0.000855742 0.248758 0.00171148 0.00167979
0 0.933063 0.642709 0.133873 0.28769 0.00166
0 0.376866 0.000850064 0.250188 0.00170013 0.00165314
0 0.531677 0.00083243 0.250569 0.00166486 0.00164711
0 0.656112 0.815304 0.687777 0.369391 0.00164173
0 0.938222 0.692845 0.123556 0.286498 0.00164117
0 0.087437 0.682745 0.174874 0.244262 0.00163625
0 0.892445 0.00083158 0.215109 0.00166316 0.00163054
0 0.445332 0.000829113 0.251032 0.00165823 0.00162332
0 0.841246 0.00089094 0.249335 0.00178188 0.00162288
0 0.968636 0.495971 0.0627289 0.275181 0.00161928
0 0.933638 0.741926 0.132724 0.294177 0.00158693
0 0.135594 0.000838909 0.25116 0.00167782 0.00157755
0 0.00586313 0.113207 0.0117263 0.226413 0.0015711
0 0.929193 0.593928 0.141614 0.289882 0.00153406
0 0 0.0323798 0 0.0647597 0.00152719
0 0.948672 0.543132 0.102656 0.282899 0.00152706
0 0.933154 0.815759 0.133691 0.291116 0.00150609
0 0.60211 0.411456 0.214259 0.160774 0.00148923
0 0.18739 0.000846434 0.249577 0.00169287 0.00147549
0 0.83321 0.721598 0.333579 0.275609 0.00146435
0 0.155521 0.457994 0.311043 0.274479 0.00145482
0 0.723787 0.820847 0.521009 0.318124 0.00144869
0 0.797988 0.412566 0.19798 0.16707 0.00142781
0 0.086225 0.632179 0.17245 0.25508 0.00141079
0 0.639923 0.764785 0.159909 0.143376 0.00135744
0 0.977839 0.430872 0.0443215 0.244321 0.00134899
0 0.819323 0.159854 0.196008 0.0844108 0.00134387
0 0.417481 0.61575 0.23119 0.202856 0.00131517
0 0.756398 0.795524 0.487203 0.304266 0.00131016
0 0.795054 0.741875 0.409892 0.303107 0.00130025
0 0.221222 0.414568 0.323785 0.171714 0.00129585
0 0.527512 0.408762 0.219319 0.160443 0.00128889
0 0.59572 0.530797 0.446571 0.258235 0.00128489
0 0.636395 0.615739 0.32844 0.220331 0.00128161
0 0.850923 0.860999 0.298154 0.278001 0.00128055
0 0.659315 0.839764 0.487929 0.281846 0.00127067
0 0 0.917576 0 0.164848 0.00127039
0 0.458573 0.68313 0.239769 0.114053 0.00126144
0 0.697367 0.427561 0.301734 0.174966 0.0012559
0 0.121291 0.0208603 0.242582 0.0417206 0.00125509
0 0.253359 0.455518 0.353754 0.247717 0.00125313
0 0.751879 0.442069 0.29498 0.201305 0.00124741
0 0.693667 0.156846 0.391605 0.157226 0.00124729
0 0.871174 0.887338 0.257652 0.225323 0.001247
0 0.75849 0.848452 0.483021 0.285053 0.00124463
0 0.771467 0.558664 0.457066 0.304078 0.00124413
0 0.440782 0.415548 0.228347 0.145853 0.00124261
0 0.195749 0.546232 0.391497 0.275511 0.00124184
0 0.163841 0.394485 0.327682 0.24348 0.00123914
0 0.793451 0.680379 0.413098 0.274853 0.00122932
0 0 0.948288 0 0.103423 0.00122832
0 0.992595 0.222844 0.0148094 0.264269 0.00121499
0 0.311522 0.446988 0.343336 0.232516 0.00121345
0 0.803774 0.629287 0.392453 0.304547 0.00121147
0 0.262298 0.111468 0.262502 0.169364 0.00120596
0 0.492438 0.520145 0.520205 0.305331 0.00120279
0 0.823698 0.261335 0.352603 0.125736 0.00120211
0 0.65094 0.537398 0.334479 0.179592 0.00120205
0 0.517007 0.606961 0.31735 0.213919 0.00119734
0 0.234536 0.385994 0.469072 0.275271 0.00119518
0 1 0.0298434 0 0.0596868 0.00119278
0 0.606432 0.800127 0.261907 0.22978 0.00118717
0 0.263241 0.400506 0.426068 0.21368 0.00118397
0 0 0.90791 0 0.18418 0.00117994
0 0 0.88988 0 0.22024 0.00117653
0 0.484061 0.756578 0.185366 0.137186 0.942518
0 0.228183 0.684714 0.172357 0.122826 0.890952
0 0.109373 0.00162306 0.218745 0.00324612 0.319782
0 0.172369 0.0022521 0.303798 0.00450419 0.072762
0 0.249328 0.00219719 0.248013 0.00439438 0.0707606
0 0.803357 0.00226261 0.266893 0.00452523 0.0642126
0 0.857229 0.00212597 0.252528 0.00425194 0.054237
0 0.741846 0.00225339 0.256151 0.00450678 0.0384521
0 0.304929 0.00204076 0.247003 0.00408152 0.0359981
0 0.561271 0.00227961 0.253413 0.00455921 0.029968
0 0.490682 0.00220037 0.248362 0.00440074 0.027235
0 0.417889 0.00207194 0.241506 0.00414388 0.0261702
0 0.34962 0.00205877 0.251541 0.00411755 0.0257036
0 0.657512 0.00206833 0.243824 0.00413667 0.0221455
0 0.0835913 0.00038428 0.167183 0.00076856 0.0183905
0 0.894403 0.0012103 0.188422 0.00242059 0.0135825
0 0.149243 0.000602894 0.235803 0.00120579 0.00969888
0 1 0.895713 0 0.208574 0.00846623
0 0.202867 0.000649568 0.232786 0.00129914 0.0080598
0 0 0.912654 0 0.174692 0.0062103
0 0.457201 0.000679183 0.220958 0.00135837 0.00593116
0 0.615511 0.000701663 0.233612 0.00140333 0.00514766
0 0.698933 0.000867608 0.219177 0.00173522 0.00508249
0 0.180111 0.675154 0.360221 0.649691 0.00373078
0 0.916625 0.000630473 0.16675 0.00126095 0.00367753
0 0.226954 0.771692 0.453909 0.439042 0.00363568
0 0.114193 0.565735 0.228387 0.5902 0.00341562
0 0.0799332 0.115308 0.159866 0.230617 0.00336254
0 0.0813652 0.147833 0.16273 0.295667 0.00322855
0 0.23044 0.688931 0.460881 0.462284 0.00322307
0 0.180052 0.748852 0.360103 0.502296 0.00322037
0 0.713297 0.406862 0.573407 0.391938 0.00320116
0 0.884712 0.822594 0.230576 0.354811 0.00318329
0 0.90134 0.247976 0.197319 0.321941 0.00315388
0 0.90833 0.197328 0.183341 0.300993 0.00313662
0 0.165849 0.536927 0.331697 0.39969 0.00307922
0 0.181299 0.830728 0.362598 0.338545 0.00306261
0 0.196473 0.965614 0.246588 0.0687729 0.00294232
0 0.0921385 0.461966 0.184277 0.55987 0.00292389
0 0.866978 0.743482 0.266043 0.420258 0.00291376
0 0.761116 0.882052 0.477767 0.235897 0.00289508
0 0.269308 0.964269 0.253964 0.0714619 0.00288994
0 0.396768 0.963186 0.237348 0.0736278 0.00287751
0 0.0849174 0.8905 0.169835 0.219 0.00286458
0 0.334596 0.963312 0.242802 0.0733768 0.00286274
0 0.118849 0.932078 0.23303 0.135845 0.00286179
0 0.461904 0.963175 0.23789 0.0736502 0.00284575
0 0.52485 0.963334 0.236681 0.0733313 0.00283142
0 0.0387838 0.92979 0.0775676 0.140421 0.00282885
0 0.892951 0.295803 0.214099 0.344412 0.00278599
0 1 0.208328 0 0.221775 0.00276789
0 0.144964 0.616838 0.289928 0.258588 0.0027635
0 0.705177 0.826775 0.566731 0.346449 0.00275219
0 0.582197 0.964162 0.236499 0.0716761 0.00274981
0 0.0527764 0.760631 0.105553 0.478737 0.00273132
0 0.185783 0.544052 0.191745 0.198663 0.00271531
0 0.135837 0.96638 0.25205 0.0672409 0.00270809
0 1 0.155149 0 0.194117 0.0027071
0 1 0.917095 0 0.16581 0.00269304
0 0.0744539 0.829911 0.148908 0.340178 0.00267468
0 0.884322 0.342995 0.231357 0.366156 0.00266135
0 0.69607 0.933647 0.325713 0.132706 0.00265186
0 0.107181 0.968252 0.214362 0.0634956 0.00265129
0 0.153518 0.406651 0.307037 0.391278 0.00263404
0 0.255984 0.354389 0.511968 0.382272 0.00262793
0 0.714634 0.606469 0.570732 0.398091 0.00261599
0 0.402685 0.353942 0.626412 0.382738 0.00261101
0 0.994261 0.974386 0.0114775 0.051228 0.00260871
0 0.871921 0.441163 0.256158 0.387411 0.00258968
0 0.0538767 0.710868 0.107753 0.578263 0.00258079
0 0.918274 0.869858 0.163452 0.260284 0.00257559
0 0.861996 0.644273 0.276008 0.411236 0.00257445
0 0.0812682 0.189762 0.162536 0.379525 0.00255408
0 0.722853 0.873558 0.380587 0.252884 0.00254482
0 0.864715 0.542071 0.270569 0.398941 0.00251524
0 0.713972 0.508497 0.572056 0.397371 0.00251497
0 0.92359 0.0867262 0.15282 0.173452 0.00250464
0 0.747631 0.458304 0.504739 0.381825 0.00249068
0 0.563349 0.503247 0.106612 0.0914801 0.00247848
0 0.853303 0.902702 0.293394 0.194596 0.00247222
0 0.91695 0.146225 0.166099 0.278285 0.00247104
0 0.71863 0.855928 0.56274 0.288144 0.00245439
0 0.0372805 0.97332 0.0745611 0.0533598 0.00245377
0 0.221282 0.644623 0.192556 0.197582 0.00243831
0 0.102578 0.00840493 0.205156 0.0168099 0.00243241
0 0.715491 0.206214 0.569017 0.388661 0.00242787
0 0.263235 0.495911 0.52647 0.397654 0.00241307
0 0.162918 0.929512 0.198202 0.140975 0.00240245
0 0.128975 0.284155 0.257949 0.480624 0.00240239
0 0.0281037 0.293702 0.0562073 0.391494 0.00240162
0 0.609773 0.938591 0.242848 0.122818 0.00238017
0 0.63769 0.915281 0.288268 0.169438 0.00237893
0 0.175302 0.511964 0.350605 0.553148 0.00237495
0 0.353726 0.159406 0.154542 0.0924351 0.00237168
0 0.133834 0.640675 0.267669 0.233688 0.00236136
0 0.39603 0.489779 0.530685 0.380491 0.0023597
0 0.652797 0.96628 0.270869 0.0674397 0.00235305
0 0.748705 0.708542 0.502589 0.380869 0.00235121
0 0.0204431 0.244073 0.0408862 0.32505 0.00234694
0 0.612689 0.212106 0.633243 0.405544 0.00234213
0 0.747068 0.558161 0.505863 0.379864 0.00233596
0 0.723905 0.811131 0.391221 0.337115 0.00233259
0 0.618226 0.51231 0.632569 0.412925 0.00232168
0 0 0.915181 0 0.169638 0.00231186
0 0.0380807 0.399533 0.0761614 0.467193 0.00230705
0 0.223918 0.617965 0.261211 0.20387 0.00230684
0 0.680306 0.466689 0.639063 0.418877 0.00229923
0 0.122737 0.222448 0.245474 0.444258 0.00229718
0 0.559591 0.937043 0.245715 0.125914 0.00229645
0 0.228143 0.593756 0.456286 0.513591 0.00229427
0 0.102823 0.44977 0.205647 0.127498 0.00228868
0 0.494495 0.937293 0.246251 0.125414 0.0022879
0 1 0.0990186 0 0.188506 0.00228559
0 0.427467 0.937716 0.248217 0.124568 0.00228323
0 0.990061 0.842551 0.0198784 0.314898 0.00227566
0 0.145645 0.732309 0.29129 0.215223 0.00227246
0 0.758641 0.867398 0.445909 0.265203 0.00226857
0 0.905139 0.967568 0.189723 0.0648644 0.00226705
0 0 0.974581 0 0.0508381 0.00226065
0 0.206725 0.931305 0.193632 0.137389 0.00225954
0 0.501396 0.709613 0.189469 0.231668 0.00224325
0 0.96436 0.977336 0.0712807 0.0453276 0.00223625
0 0.15343 0.308309 0.30686 0.395141 0.00222741
0 0.453511 0.573008 0.266983 0.202921 0.00222149
0 0.805623 0.891418 0.388754 0.217164 0.00221942
0 0.0648191 0.000241938 0.129638 0.000483876 0.00221111
0 0.773504 0.951667 0.40288 0.0966663 0.0022072
0 0.00474552 0.200691 0.00949103 0.218335 0.00220569
0 0.33792 0.726734 0.392248 0.196866 0.0022023
0 0.515335 0.492841 0.535207 0.399435 0.00220026
0 0.871999 0.097817 0.256002 0.195634 0.00219078
0 1 0.256453 0 0.264638 0.00219066
0 0.360129 0.937099 0.240485 0.125802 0.00218936
0 0 0.0695829 0 0.139166 0.00218776
0 0.283109 0.935069 0.230324 0.129862 0.00218715
0 0.967102 0.79658 0.065796 0.40684 0.00218484
0 0.0087371 0.973133 0.0174742 0.0537341 0.00217894
0 0.129494 0.378924 0.258988 0.440098 0.00217748
0 0.123373 0.0975986 0.246747 0.195197 0.00216717
0 0.189416 0.92287 0.226169 0.154261 0.00215375
0 0.250597 0.548596 0.354203 0.279349 0.00214396
0 0 0.0601637 0 0.120327 0.00214388
0 0.708329 0.752678 0.561708 0.388578 0.00213588
0 0.275672 0.922202 0.26935 0.155596 0.00213446
0 0.610454 0.409885 0.634858 0.403278 0.00212405
0 0.259296 0.255388 0.518592 0.385797 0.00211648
0 0.638367 0.765026 0.127979 0.132755 0.00211442
0 0.881558 0.142118 0.236885 0.284236 0.00211319
0 0.332125 0.664731 0.327014 0.170978 0.00211035
0 0.93898 0.113894 0.12204 0.227789 0.00210661
0 0.501715 0.916321 0.262987 0.167357 0.00209931
0 0.373482 0.572903 0.325001 0.218547 0.00209436
0 0.541578 0.355061 0.628587 0.387348 0.00208923
0 0.7477 0.358299 0.5046 0.380367 0.00208781
0 0.695219 0.657959 0.59184 0.418184 0.00208655
0 0.573941 0.91798 0.263748 0.16404 0.00208273
0 0 0.108876 0 0.140784 0.00207382
0 0.178126 0.716754 0.309921 0.12711 0.00206635
0 0.67587 0.175451 0.624998 0.350902 0.00206392
0 0.208105 0.501533 0.41621 0.432847 0.00205654
0 0.474546 0.800421 0.214099 0.221814 0.00205333
0 0.386041 0.917626 0.271307 0.164748 0.00204771
0 0.340052 0.213276 0.637283 0.401145 0.00204035
0 0 0.153288 0 0.151571 0.00203874
0 0.122312 0.124422 0.244624 0.248845 0.00203746
0 0.891495 0.119802 0.21701 0.239604 0.00203095
0 0.453754 0.912364 0.266766 0.175271 0.00202922
0 0.751683 0.807961 0.496635 0.378776 0.00202156
0 0.229252 0.758616 0.209717 0.253069 0.00202053
0 0.144608 0.810483 0.289216 0.207351 0.00200983
0 0 0.874282 0 0.251435 0.00200219
0 0.18197 0.539249 0.36394 0.308495 0.00199955
0 0.643455 0.864157 0.322648 0.191173 0.00198595
0 0.564005 0.452142 0.143245 0.10557 0.00198493
0 0.508301 0.570687 0.248411 0.203535 0.00198391
0 0.610153 0.534154 0.475358 0.405075 0.00198198
0 0.13946 0.877083 0.264744 0.19135 0.00197795
0 0.409977 0.256158 0.63012 0.385504 0.00197566
0 0.18587 0.3552 0.371741 0.383228 0.00197443
0 1 0.0688908 0 0.137782 0.00197354
0 0.722347 0.716225 0.402655 0.314038 0.00197328
0 0.683691 0.558086 0.632619 0.414646 0.00196359
0 0.292795 0.40348 0.585589 0.381485 0.00195728
0 0.466802 0.71929 0.222029 0.236426 0.00195322
0 0.196629 0.764838 0.238737 0.273904 0.00194558
0 0.577896 0.802461 0.271228 0.212691 0.00194321
0 0.586735 0.558 0.344139 0.278448 0.00192684
0 0.185338 0.636453 0.278922 0.202835 0.00192122
0 0.119451 0.790613 0.238902 0.418775 0.00190555
0 0.587085 0.757224 0.263314 0.166352 0.00190202
0 0.542886 0.148134 0.613542 0.296269 0.00189694
0 0.537226 0.868533 0.250722 0.177953 0.00189356
0 0.225104 0.405213 0.450208 0.385238 0.00189163
0 0.146154 0.442554 0.179251 0.112396 0.00188719
0 0.989032 0.304049 0.0219362 0.319567 0.00188094
0 0.190326 0.861282 0.232327 0.171218 0.00188039
0 0.621726 0.681307 0.296331 0.197995 0.00187741
0 0.676719 0.357333 0.628698 0.392034 0.00187458
0 0.997269 0.078692 0.00546192 0.157384 0.00186946
0 0.275237 0.804379 0.296373 0.210602 0.0018558
0 0.914967 0.506532 0.170065 0.414104 0.00185333
0 0.465277 0.845504 0.252006 0.209579 0.00183303
0 0.18702 0.255762 0.37404 0.387488 0.00183271
0 0 0.946633 0 0.106733 0.00182422
0 0.327591 0.616014 0.319712 0.177859 0.00181935
0 0.945295 0.402881 0.109409 0.383352 0.00181327
0 0.434008 0.765158 0.245581 0.178754 0.00180446
0 0.0763538 0.0852415 0.152708 0.170483 0.0018016
0 0.152026 0.148502 0.304052 0.297004 0.00179746
0 0.968686 0.352999 0.0626278 0.358673 0.00179234
0 0.286481 0.148293 0.572963 0.296585 0.00178976
0 0.966619 0 0.0667627 0 0.00178544
0 0.704075 0.653689 0.433991 0.373826 0.0017823
0 0.301931 0.868147 0.285215 0.170679 0.00177191
0 0.749647 0.258355 0.500706 0.381011 0.0017715
0 0.53019 0.699197 0.218303 0.218226 0.0017633
0 0.160905 0.0996232 0.32181 0.199246 0.00176128
0 0.524479 0.757805 0.181728 0.150223 0.00173673
0 0.52343 0.620001 0.205948 0.17092 0.00172402
0 0.647613 0.59356 0.364767 0.301538 0.00172142
0 0.871242 0.211815 0.257516 0.352939 0.00172132
0 0.744396 0.0997449 0.511208 0.19949 0.00172105
0 0.212304 0.804056 0.278016 0.208458 0.00170721
0 0.415701 0.861414 0.268609 0.188796 0.00170295
0 0.403699 0.176723 0.631991 0.353447 0.00168749
0 0.478969 0.213758 0.633618 0.401465 0.00168205
0 0.473503 0.407861 0.632562 0.398014 0.00166259
0 0.677068 0.254813 0.623003 0.389956 0.00165065
0 0.404449 0.0998219 0.5147 0.199644 0.00164728
0 0.226921 0.0996786 0.453842 0.199357 0.00164636
0 0.153373 0.560484 0.127057 0.144077 0.00163663
0 0.280816 0.456976 0.238655 0.139622 0.00162113
0 0.722093 0.148772 0.555814 0.297545 0.00161997
0 0.489082 0.713295 0.177993 0.0500527 0.00160404
0 0.577528 0.618901 0.253155 0.180917 0.001604
0 0.543051 0.0998337 0.513061 0.199667 0.00159596
0 0.864774 0.310728 0.270452 0.352656 0.00157567
0 0.819761 0.86187 0.360478 0.27626 0.00156019
0 0.580307 0.817631 0.375014 0.210656 0.00155856
0 0.470841 0.618587 0.243344 0.168363 0.00154927
0 0.239879 0.468979 0.274438 0.160467 0.00152192
0 0.636656 0.469155 0.413821 0.195223 0.00151788
0 0.857267 0.907905 0.285466 0.18419 0.00151462
0 0.606759 0.476478 0.225757 0.147795 0.00151094
0 0.7156 0.627042 0.199221 0.164142 0.00150836
0 0.308428 0.44721 0.214413 0.118362 0.00150644
0 0.572136 0.469608 0.153877 0.11435 0.0014772
0 0.191499 0.428876 0.382999 0.178132 0.00146953
0 0.72662 0.575919 0.54676 0.252454 0.00146097
0 0.543449 0.256425 0.622997 0.382638 0.00145851
0 0.713393 0.510478 0.329972 0.116652 0.00145783
0 0.158364 0.851604 0.126328 0.140112 0.00143431
0 0 0.892284 0 0.215432 0.00143189
0 0.697585 0.785529 0.430572 0.164385 0.00142974
0 0.206663 0.738695 0.231481 0.15833 0.00142908
0 0.224933 0.206803 0.449865 0.384548 0.00142389
0 0.39845 0.445508 0.213303 0.123915 0.00142156
0 0.812576 0.898321 0.35322 0.203359 0.00142029
0 0.722466 0.625868 0.338317 0.186775 0.00141767
0 0.110589 0.685101 0.221179 0.156142 0.00138825
0 0.75189 0.173493 0.496219 0.346987 0.00138354
0 0.254064 0.173726 0.508128 0.347452 0.00138191
0 0.861324 0.408826 0.277353 0.357916 0.00137347
0 0.291987 0.430682 0.37865 0.169106 0.0013484
0 0.715741 0.306296 0.568518 0.387621 0.00134225
0 0 0.923598 0 0.152804 0.00134112
0 0.114619 0.503976 0.229239 0.208658 0.00133945
0 0.548718 0.442484 0.146986 0.119694 0.0013353
0 0.17684 0.835485 0.176532 0.17564 0.00133528
0 0.277 0.767734 0.353817 0.169832 0.00131729
0 0.858018 0.558904 0.283964 0.363383 0.0013165
0 0.184841 0.174153 0.369683 0.348305 0.00131569
0 0.349429 0.423329 0.414468 0.180191 0.00131494
0 0.637229 0.485223 0.258008 0.133248 0.00130664
0 0.531273 0.424209 0.272256 0.128483 0.00130505
0 0.578859 0.721744 0.280443 0.204223 0.0013049
0 0.693423 0.502972 0.221391 0.0978777 0.00130207
0 0.681368 0.796351 0.600259 0.223048 0.00130129
0 0.885273 0.888073 0.229455 0.223854 0.00130092
0 0.220537 0.306113 0.441073 0.382463 0.00128483
0 0.322565 0.163424 0.190429 0.0980264 0.00128
0 0.272666 0.505212 0.208612 0.113154 0.00126241
0 0.7871 0.870097 0.4258 0.239721 0.0012589
0 0.728252 0.619121 0.474993 0.175537 0.00125662
0 0.0251648 0.0713945 0.0503296 0.142789 0.00125394
0 0.85495 0.708027 0.2901 0.366291 0.00125
0 0.47309 0.808934 0.304641 0.160394 0.00124718
0 0.191314 0.12469 0.382627 0.24938 0.00122051
0 0.641442 0.896739 0.584053 0.206523 0.00121741
0 0.81326 0.309426 0.373479 0.37562 0.00120869
0 0.337437 0.307884 0.615828 0.375422 0.00120831
0 0.412222 0.652471 0.235305 0.1358 0.001208
0 0.206017 0.457057 0.192871 0.096397 0.00120266
0 0.810586 0.408303 0.378828 0.373627 0.00120201
0 0.553353 0.856714 0.650547 0.274069 0.00119593
0 0.448895 0.443379 0.23625 0.130474 0.0011939
0 0.861664 0.80996 0.276671 0.361709 0.00119355
0 0.226323 0.448375 0.254418 0.117262 0.00119004
0 0.685635 0.780495 0.24938 0.15578 0.00118838
0 0.576996 0.444026 0.189979 0.0960872 0.00116291
0 0.483831 0.75382 0.181321 0.130988 0.766337
0 0.22935 0.687402 0.170693 0.108217 0.478517
0 0.450667 0.76636 0.112723 0.0907663 0.04026
0 0.0669444 0.00164925 0.11638 0.0032985 0.0282283
0 0.248696 0.686492 0.130929 0.09653 0.00724802
0 0.88926 0.000869256 0.121717 0.00173851 0.00600998
0 0.860171 0.00127222 0.131838 0.00254444 0.00565903
0 0.825096 0.00135468 0.133531 0.00270935 0.005482
0 0.275803 0.00128275 0.130144 0.00256549 0.00514184
0 0.686868 0.00128352 0.129623 0.00256704 0.00510489
0 0.193688 0.689524 0.100213 0.096099 0.00509468
0 0.79193 0.0014253 0.130581 0.0028506 0.00508539
0 0.479405 0.00117186 0.128407 0.00234371 0.00506573
0 0.44768 0.00128119 0.132584 0.00256238 0.00501855
0 0.307958 0.00124976 0.129844 0.00249953 0.00490263
0 0.242633 0.00127512 0.130983 0.00255024 0.00486821
0 0.128702 0.00148619 0.147414 0.00297238 0.0047869
0 1 0.94649 0 0.107021 0.00476093
0 0.0820083 0.00090296 0.161509 0.00180592 0.00474555
0 0.557925 0.752204 0.0378992 0.0923826 0.00474285
0 0.719229 0.00133057 0.127308 0.00266114 0.00472927
0 0.414714 0.0012436 0.134218 0.00248721 0.00469334
0 0.343769 0.00121222 0.131348 0.00242444 0.00457852
0 0.658277 0.00127753 0.135559 0.00255506 0.00456013
0 0.760166 0.00141746 0.136609 0.00283492 0.0044884
0 0.379593 0.00121161 0.131591 0.00242323 0.00446459
0 0.45655 0.753663 0.128254 0.110035 0.00439463
0 0.512149 0.00110521 0.130323 0.00221041 0.0043629
0 0.916838 0.000161716 0.107835 0.000323433 0.00427878
0 0.20994 0.00121467 0.129824 0.00242934 0.00423346
0 0.62306 0.00114596 0.134915 0.00229193 0.00413609
0 0.585324 0.00106218 0.128724 0.00212436 0.00405457
0 0.551173 0.00108011 0.130055 0.00216023 0.0039949
0 0.175166 0.00129187 0.129887 0.00258374 0.00397021
0 0.433853 0.758393 0.0823763 0.0835291 0.00357061
0 0.546458 0.750966 0.0641483 0.10344 0.00336248
0 1 0.968833 0 0.0623342 0.0032355
0 0.326452 0.000739139 0.116237 0.00147828 0.00283929
0 1 0.950589 0 0.0988214 0.00281657
0 0.362053 0.000700893 0.117414 0.00140179 0.00263221
0 0.191927 0.000730264 0.115082 0.00146053 0.00262785
0 0.157072 0.000732446 0.109519 0.00146489 0.00256039
0 0.0651653 0.0101449 0.119545 0.0202898 0.00247751
0 0.43646 0.771339 0.0789031 0.0823342 0.00246819
0 0.740253 0.00101385 0.125454 0.0020277 0.00242521
0 0 0.0180638 0 0.0361277 0.00239025
0 1 0.948273 0 0.103455 0.00237833
0 0.25803 0.675841 0.111683 0.080998 0.00234683
0 0.0438959 0.000365648 0.0877917 0.000731295 0.00234556
0 0.939478 0.999559 0.121043 0.000881767 0.00230272
0 0.603012 0.000644584 0.11417 0.00128917 0.00227022
0 0.952641 0 0.0947171 0 0.00224752
0 0.200918 0.673633 0.117771 0.0933611 0.00219286
0 0.532379 0.000775841 0.109897 0.00155168 0.00217766
0 1 0.958048 0 0.083905 0.00213489
0 0.614219 0.965044 0.306663 0.0699123 0.00209033
0 0.472864 0.965191 0.302003 0.0696184 0.00208715
0 0.543052 0.96517 0.304107 0.0696609 0.00208644
0 0.403731 0.96508 0.300584 0.0698401 0.00207937
0 0.757086 0.964788 0.311976 0.0704239 0.00207206
0 0.686323 0.964927 0.31036 0.0701468 0.00206956
0 0.338194 0.964901 0.302366 0.0701989 0.00206641
0 0.729585 1 0.117603 0 0.00206236
0 0.763871 1 0.117301 0 0.00205945
0 0.273301 0.964853 0.307004 0.0702947 0.00204089
0 0 0.06259 0 0.12518 0.00203982
0 0.204298 0.965058 0.310728 0.0698847 0.00203105
0 0.797918 1 0.117418 0 0.0020303
0 0.694783 1 0.117902 0 0.00201682
0 0.82758 0.96485 0.315602 0.0702993 0.0020159
0 0.141482 0.966074 0.282964 0.0678524 0.00201147
0 0.902768 0.999746 0.126626 0.00050869 0.00198861
0 0.660309 0.999986 0.118157 2.76566e-05 0.00197759
0 0.246091 1 0.121148 0 0.00197538
0 0.832109 0.999991 0.118323 1.71661e-05 0.00196679
0 1 0.804026 0 0.187087 0.00194358
0 0.210651 1 0.122185 0 0.00194288
0 1 0.753237 0 0.189813 0.00193687
0 0.626182 0.999979 0.118737 4.1008e-05 0.0019339
0 1 0.0994258 0 0.187893 0.00192753
0 0.869422 0.965421 0.261157 0.0691575 0.00192635
0 0.0956446 0.969164 0.191289 0.0616711 0.00191776
0 0.0576415 0.99872 0.115283 0.00256052 0.00191689
0 0.281489 1 0.119812 0 0.00191629
0 0.866203 0.999888 0.120761 0.000223923 0.00191368
0 0.907738 0.966568 0.184523 0.0668647 0.00191248
0 1 0.703049 0 0.18771 0.001908
0 0.960532 0.998997 0.0789362 0.00200567 0.00190425
0 0.591792 0.999986 0.119541 2.70844e-05 0.00189486
0 1 0.066205 0 0.13241 0.00189252
0 1 0.653124 0 0.187148 0.00188122
0 0.996685 0.969823 0.00663012 0.0603531 0.00187679
0 1 0.202963 0 0.187877 0.00186771
0 1 0.602937 0 0.186722 0.00186203
0 0.556995 0.999994 0.120099 1.297e-05 0.00186072
0 0.174875 0.99988 0.125572 0.000240707 0.0018605
0 1 0.253264 0 0.186698 0.00186044
0 1 0.152669 0 0.186674 0.00185618
0 1 0.302913 0 0.186797 0.00185571
0 1 0.552856 0 0.186716 0.00185268
0 1 0.352861 0 0.186655 0.00185203
0 1 0.502942 0 0.186583 0.00185119
0 1 0.40286 0 0.186464 0.00185117
0 1 0.452883 0 0.186531 0.00185065
0 0.316208 1 0.11964 0 0.0018462
0 0.512769 0.750152 0.127657 0.105849 0.00184516
0 0.522461 0.999998 0.120357 3.62396e-06 0.00183861
0 0.00224898 0.901329 0.00449796 0.197342 0.00183589
0 0.350696 1 0.12012 0 0.00183368
0 0.41949 1 0.120504 0 0.0018291
0 0.385139 1 0.120445 0 0.00182846
0 0.488194 1 0.120765 0 0.00182802
0 0.453747 1 0.120689 0 0.00182341
0 1 0.856341 0 0.19153 0.00181744
0 1 0.964239 0 0.0715224 0.00180848
0 1 0.924223 0 0.151554 0.00178797
0 0.206752 0.727112 0.325358 0.144726 0.00178575
0 0.045716 0.105892 0.0914321 0.183769 0.00172157
0 0.0345466 0.210513 0.0690932 0.190272 0.00166789
0 0.0350948 0.260895 0.0701897 0.188826 0.00166003
0 0.330879 0.717787 0.359354 0.1747 0.00165663
0 0.0355597 0.16136 0.0711195 0.185123 0.00164921
0 0.0355783 0.361333 0.0711566 0.189191 0.00164285
0 0.139151 0.999715 0.132595 0.000569344 0.00164113
0 0 0.110382 0 0.157066 0.00163996
0 0.035155 0.310675 0.0703101 0.188367 0.00163385
0 0.938988 0.967302 0.122024 0.0653969 0.00162905
0 0.0358568 0.511643 0.0717137 0.189446 0.00162625
0 0.0355299 0.411403 0.0710599 0.189094 0.00162588
0 0 0.969914 0 0.0601717 0.00162305
0 0.0354616 0.461365 0.0709232 0.18873 0.00161492
0 0.0535411 0.0692456 0.107082 0.138491 0.001611
0 1 0.0343313 0 0.0686627 0.00160911
0 0.171961 0.682785 0.0602497 0.100251 0.00160853
0 0.262448 0.648285 0.239512 0.188756 0.00159438
0 0.998328 0.759884 0.00334341 0.186679 0.00159368
0 0 0.972268 0 0.0554634 0.00159079
0 0.0362351 0.561602 0.0724703 0.190055 0.00158992
0 0.137087 0.931426 0.274175 0.137149 0.00158859
0 0.899803 0.069878 0.200395 0.139756 0.00158697
0 0.0362033 0.611523 0.0724066 0.191533 0.0015867
0 0.0988247 0.930889 0.197649 0.138222 0.00158612
0 0.206364 0.931984 0.278243 0.136033 0.00158604
0 0.934121 0.0688659 0.131758 0.137732 0.00158563
0 0.47776 0.932679 0.279187 0.134643 0.00158189
0 0 0.925629 0 0.148741 0.00158083
0 0.0367497 0.711477 0.0734995 0.193338 0.00158008
0 0.0363728 0.762398 0.0727456 0.196084 0.00157827
0 1 0.709581 0 0.183372 0.0015779
0 0.549004 0.932617 0.282191 0.134765 0.00157504
0 0.620212 0.932343 0.284148 0.135313 0.00157377
0 0.0362911 0.661369 0.0725822 0.192297 0.00157233
0 0.275513 0.932152 0.277721 0.135696 0.00157132
0 1 0.81019 0 0.18183 0.00157039
0 0.0418994 0.874309 0.0837988 0.203915 0.00156907
0 0.761797 0.93169 0.284938 0.136621 0.00156675
0 1 0.158592 0 0.181773 0.00156406
0 0.692384 0.931978 0.286455 0.136044 0.00156241
0 0.041668 0.813385 0.083336 0.188325 0.00156001
0 0.103511 0.999705 0.130763 0.00059061 0.00155946
0 0.409189 0.932384 0.277408 0.135233 0.00155851
0 1 0.904157 0 0.191686 0.00155764
0 0.0377659 0.973714 0.0755318 0.0525724 0.0015576
0 0.974057 0.067909 0.0518864 0.135818 0.00155744
0 0.342722 0.932214 0.276838 0.135572 0.00155509
0 0.866811 0.0705068 0.266377 0.141014 0.00155298
0 1 0.659593 0 0.182788 0.00154888
0 1 0.259633 0 0.182542 0.0015453
0 0.181898 0.071218 0.276852 0.142436 0.00154514
0 0.464079 0.759778 0.235241 0.17568 0.0015426
0 1 0.209296 0 0.182977 0.00153821
0 1 0.309313 0 0.182314 0.00153614
0 1 0.60938 0 0.182128 0.00153613
0 0.828529 0.931604 0.284185 0.136792 0.00153463
0 0 0.161689 0 0.157116 0.00153381
0 1 0.559178 0 0.18216 0.00153235
0 0 0.0646822 0 0.129364 0.00153167
0 1 0.459237 0 0.181835 0.00152886
0 1 0.509335 0 0.181979 0.00152829
0 0.732093 0.0706458 0.272216 0.141292 0.00152788
0 0.0698854 0.911524 0.139771 0.176952 0.0015276
0 1 0.35918 0 0.182308 0.00152531
0 0.801189 0.0706079 0.271881 0.141216 0.00152504
0 0.250568 0.0710175 0.274384 0.142035 0.00152468
0 0.387724 0.0707792 0.2719 0.141558 0.00152456
0 1 0.409154 0 0.181701 0.00152195
0 0.662225 0.0705008 0.270443 0.141002 0.00152071
0 0.593037 0.070419 0.270077 0.140838 0.00151903
0 0.319155 0.0709383 0.273246 0.141877 0.00151788
0 0.455798 0.0705878 0.269795 0.141176 0.00151761
0 0.523745 0.0704672 0.269311 0.140934 0.00151652
0 0.0768341 0.999714 0.126796 0.000572777 0.00151105
0 0.11794 0.910684 0.23588 0.178632 0.00150684
0 0 0.312762 0 0.155896 0.00149951
0 0 0.41303 0 0.156362 0.00149652
0 0.909214 0.513673 0.181573 0.194709 0.00149579
0 0.954898 0.161821 0.0902044 0.19547 0.00149467
0 0.124569 0.0710653 0.249138 0.142131 0.0014938
0 0 0.262966 0 0.155718 0.00149233
0 0 0.463268 0 0.15612 0.0014919
0 0.909332 0.714165 0.181337 0.194547 0.00149033
0 0 0.363081 0 0.156231 0.00148839
0 0.521079 0.813313 0.229988 0.207586 0.00148837
0 0.909001 0.613463 0.181999 0.194391 0.0014854
0 0.498043 0.671027 0.303773 0.192546 0.00148537
0 0.265216 0.611832 0.312909 0.203261 0.00148464
0 0 0.212003 0 0.156347 0.00148446
0 0.449969 0.712029 0.272709 0.18516 0.00148323
0 0.343372 0.657423 0.326763 0.183979 0.00148254
0 0.908851 0.664074 0.182298 0.195657 0.00148231
0 0 0.663538 0 0.15622 0.00148199
0 0 0.56339 0 0.1561 0.00148081
0 0 0.613461 0 0.156205 0.00147961
0 0 0.513354 0 0.156121 0.00147912
0 0 0.713583 0 0.156379 0.00147819
0 0 0.814002 0 0.153365 0.00147777
0 0.908465 0.763897 0.18307 0.196388 0.00147733
0 0.199495 0.652112 0.239193 0.184163 0.00147703
0 0.950574 0.762971 0.0988517 0.202361 0.00147564
0 0.909587 0.563227 0.180826 0.195242 0.00147257
0 0.923073 0.930756 0.153854 0.138488 0.00147001
0 0.256698 0.756164 0.218239 0.238747 0.00146959
0 0.0442669 0.930355 0.0885339 0.139291 0.00146936
0 0.878189 0.931354 0.243622 0.137292 0.00146903
0 0.224756 0.513534 0.308912 0.192475 0.00146658
0 0.640072 0.512706 0.306437 0.192359 0.00146453
0 0.45051 0.798109 0.267759 0.225411 0.00146434
0 0.95193 0.712861 0.0961394 0.199418 0.00146356
0 0.909946 0.463502 0.180109 0.191882 0.00146211
0 0.503015 0.51334 0.317028 0.193347 0.0014614
0 0.909373 0.213921 0.181253 0.190896 0.00146049
0 0.952086 0.612668 0.0958289 0.199333 0.00146009
0 0 0.763633 0 0.156551 0.00146005
0 0.705797 0.513263 0.30755 0.193019 0.00145983
0 0.308763 0.804721 0.344229 0.206742 0.00145978
0 0.952155 0.662972 0.0956891 0.200158 0.00145781
0 0 0.984886 0 0.0302281 0.00145688
0 0.909348 0.263505 0.181305 0.19355 0.00145656
0 0.294602 0.513169 0.307779 0.191796 0.0014556
0 0.91043 0.413309 0.17914 0.191946 0.00145496
0 0.952437 0.562334 0.0951269 0.199626 0.00145438
0 0.911685 0.163445 0.17663 0.187847 0.00145307
0 0.952184 0.512609 0.0956319 0.199513 0.00145262
0 0.363145 0.513418 0.310588 0.191569 0.00145133
0 0.543231 0.714798 0.259465 0.193397 0.00145074
0 0.161635 0.616259 0.322441 0.204595 0.0014468
0 0.57293 0.51316 0.313018 0.192834 0.00144669
0 0.95183 0.212419 0.0963397 0.198229 0.00144493
0 0.837984 0.513138 0.310563 0.195185 0.00144412
0 0.952451 0.462524 0.0950988 0.198713 0.00144279
0 0.951794 0.262514 0.0964111 0.199468 0.00144276
0 0.433555 0.513251 0.313985 0.192551 0.00144125
0 0.952699 0.412342 0.0946021 0.198174 0.00144108
0 0.0911887 0.0698804 0.182377 0.139761 0.00143653
0 0.921326 0.110569 0.157347 0.188805 0.00143289
0 0.708233 0.464003 0.306724 0.190047 0.00143213
0 0.952432 0.812424 0.0951356 0.197758 0.00143155
0 0.972522 0.925919 0.0549555 0.148162 0.00143134
0 0.910068 0.313273 0.179864 0.193319 0.00143053
0 0.969048 0.109324 0.0619036 0.194067 0.0014302
0 0.389468 0.805135 0.328876 0.205993 0.00142776
0 0.87423 0.513179 0.25154 0.196273 0.00142713
0 0.155377 0.513463 0.310753 0.193231 0.00142612
0 0.952268 0.362417 0.0954642 0.199683 0.00142569
0 0.952427 0.312414 0.0951466 0.199139 0.00142349
0 0.836965 0.664036 0.311409 0.195661 0.001421
0 0.228317 0.464117 0.304545 0.189316 0.00142048
0 0.954985 0.865866 0.0900309 0.204502 0.0014204
0 0.909511 0.363526 0.180977 0.194117 0.00141917
0 0.297359 0.464339 0.307356 0.189832 0.00141681
0 0.874722 0.612962 0.250556 0.195432 0.00141577
0 0.142036 0.716301 0.284073 0.192625 0.00141516
0 0.874149 0.663777 0.251702 0.196753 0.00141475
0 0.366159 0.464475 0.310146 0.191084 0.0014128
0 0.836921 0.714221 0.311288 0.195275 0.0014128
0 0.228441 0.563704 0.32114 0.191135 0.00141222
0 0.909075 0.813536 0.181851 0.19353 0.00141195
0 0.874492 0.714029 0.251016 0.196033 0.00141089
0 1 0.0116873 0 0.0233746 0.00141025
0 0.15964 0.563227 0.319281 0.192927 0.00141021
0 0.77508 0.513455 0.308689 0.192845 0.00140989
0 0.643174 0.463808 0.30427 0.189929 0.00140926
0 0.228533 0.414125 0.311763 0.192756 0.00140923
0 0.539219 0.761931 0.226442 0.172955 0.00140356
0 0.122472 0.51361 0.244944 0.193891 0.00140321
0 0.29653 0.56346 0.318765 0.192172 0.00140193
0 0.836275 0.262464 0.305105 0.191989 0.00140167
0 0.874028 0.763651 0.251945 0.195802 0.00140126
0 0.158483 0.414259 0.314 0.19402 0.00140107
0 0.0448101 0.995212 0.0896202 0.00957575 0.00140027
0 0.169288 0.110585 0.30731 0.190453 0.00139901
0 0.157325 0.163092 0.312936 0.190468 0.00139843
0 0.122865 0.414271 0.245729 0.193845 0.00139786
0 0.874582 0.21365 0.250836 0.190742 0.0013973
0 0.226688 0.16315 0.310092 0.188826 0.00139711
0 0.884616 0.109654 0.230768 0.189504 0.00139582
0 0.838839 0.613234 0.310024 0.194595 0.00139544
0 0.874867 0.562875 0.250266 0.196945 0.00139484
0 0.840836 0.463084 0.309585 0.191162 0.00139428
0 0.574525 0.464035 0.309646 0.190801 0.00139393
0 0.485205 0.752126 0.188553 0.131915 0.939604
0 0.229336 0.678169 0.173679 0.128806 0.902647
0 0.220311 0.730881 0.1759 0.0256081 0.00696186
0 0.564357 0.797992 0.266076 0.194175 0.00270802
0 0.767831 0.817771 0.264947 0.167746 0.00257033
0 0.217336 0.651566 0.209719 0.187332 0.00251823
0 0.145328 0.564559 0.290657 0.33297 0.00242095
0 0.771523 0.762544 0.237524 0.167149 0.00238383
0 0.125735 0.516864 0.25147 0.313844 0.00235436
0 0.158759 0.644218 0.317518 0.415298 0.00217348
0 0.190202 0.172404 0.328074 0.242747 0.00216416
0 0.848305 0.760651 0.242046 0.182261 0.00215055
0 0.119932 0.425505 0.239863 0.299229 0.00214182
0 0.124742 0.372409 0.249484 0.294236 0.00208944
0 0.59397 0.755193 0.171651 0.157364 0.00208914
0 0.435023 0.755178 0.243944 0.160651 0.00204902
0 0.975447 0.365784 0.0491064 0.187307 0.00204586
0 0.961879 0.416082 0.0762425 0.234738 0.00202776
0 0.128713 0.315165 0.257426 0.313819 0.00199323
0 0.84663 0.812838 0.260519 0.203433 0.00197471
0 0.956443 0.46555 0.0871148 0.2726 0.00191555
0 0.258457 0.643072 0.203867 0.19383 0.00191064
0 0.981492 0.321384 0.0370167 0.171902 0.00189853
0 0.194696 0.227317 0.23164 0.17845 0.00188138
0 0.213277 0.14661 0.426555 0.293219 0.00187909
0 0.133525 0.219127 0.26705 0.248457 0.00187497
0 0.208951 0.761611 0.232465 0.210327 0.00186148
0 1 0.261267 0 0.200074 0.0018171
0 0.154742 0.168453 0.309485 0.297311 0.00179897
0 0.13526 0.264436 0.270521 0.331273 0.00179118
0 0.971258 0.572053 0.0574849 0.212458 0.00177417
0 0.971716 0.620013 0.0565684 0.191902 0.00176277
0 1 0.304728 0 0.208285 0.00176154
0 0.145239 0.211124 0.290478 0.347331 0.00175756
0 0.892832 0.757774 0.214336 0.199593 0.00175433
0 0.965707 0.518133 0.0685867 0.25025 0.00175194
0 1 0.215947 0 0.220037 0.00174987
0 0.188997 0.527432 0.236947 0.198145 0.00171256
0 0.897822 0.724482 0.204357 0.17892 0.00169847
0 0.186123 0.175573 0.372247 0.351146 0.0016942
0 0.167304 0.700645 0.334608 0.472 0.00168835
0 0.411191 0.71233 0.268124 0.196651 0.00168057
0 0.777923 0.508628 0.272008 0.21621 0.00167836
0 0.198595 0.12586 0.397189 0.251721 0.00167106
0 0.221671 0.165746 0.443342 0.331493 0.00166516
0 1 0.351913 0 0.228169 0.00166036
0 0.165286 0.483335 0.220523 0.206393 0.00166008
0 0.125626 0.327029 0.226624 0.206857 0.00165516
0 0.540709 0.705565 0.192183 0.226157 0.00164326
0 0.130497 0.882945 0.260994 0.234111 0.00163436
0 0.741781 0.851236 0.328474 0.255652 0.00163223
0 1 0.806376 0 0.229029 0.00163143
0 0.290208 0.591283 0.233033 0.184117 0.00162407
0 0 0.975459 0 0.0490816 0.00161069
0 0.295151 0.218959 0.247343 0.176891 0.00160898
0 0.284655 0.96811 0.250897 0.0637804 0.00160549
0 0.283324 0.151778 0.337057 0.282899 0.00160262
0 0.153395 0.379034 0.2219 0.196744 0.00160089
0 0.403717 0.662184 0.191352 0.175906 0.00158729
0 0.160534 0.431007 0.217168 0.204252 0.00158408
0 0.222404 0.591636 0.263657 0.202787 0.00158305
0 0.970761 0.283392 0.0584782 0.188509 0.00158014
0 1 0.401653 0 0.246464 0.00157139
0 0.964859 0.669564 0.070281 0.184208 0.00155608
0 0.810462 0.196067 0.379077 0.392133 0.00155254
0 0.705376 0.460981 0.231182 0.172981 0.0015491
0 0.507877 0.852933 0.375319 0.243756 0.0015462
0 0.392271 0.186414 0.399042 0.293168 0.0015458
0 0.227859 0.133322 0.455718 0.266644 0.00154072
0 0.162759 0.853413 0.325519 0.293175 0.00153619
0 1 0.452048 0 0.254987 0.0015338
0 0.181799 0.969695 0.218264 0.0606104 0.00153049
0 0.193512 0.554407 0.387024 0.481189 0.00152222
0 0.93215 0.323233 0.135701 0.158179 0.00152108
0 1 0.502766 0 0.252129 0.00151685
0 0.698825 0.515078 0.207835 0.180465 0.00151665
0 0.857697 0.964939 0.272432 0.0701212 0.00151623
0 0.519083 0.200704 0.681919 0.401409 0.00151436
0 0.172437 0.771137 0.344875 0.352363 0.0015086
0 0.768137 0.455555 0.271012 0.21764 0.0015077
0 0.753586 0.166111 0.492828 0.332222 0.00150726
0 0.346758 0.967012 0.262623 0.0659758 0.00150678
0 1 0.552688 0 0.245407 0.00150044
0 1 0.876126 0 0.245202 0.00149886
0 0.312811 0.620919 0.198034 0.231981 0.00149868
0 0.117956 0.970088 0.235911 0.0598246 0.00149325
0 1 0.750313 0 0.238211 0.001489
0 1 0.601919 0 0.239526 0.00148088
0 0.120374 0.282368 0.240749 0.231277 0.00147227
0 0.572581 0.461573 0.123174 0.131282 0.00147036
0 0.438448 0.764129 0.0908015 0.10054 0.00146626
0 1 0.700655 0 0.238741 0.00146589
0 0.426732 0.813258 0.305138 0.254246 0.00146572
0 0.951367 0.100466 0.0972667 0.200933 0.00146347
0 0.847187 0.13511 0.305626 0.27022 0.00146313
0 1 0.650754 0 0.236421 0.001463
0 0.940599 0.6225 0.118802 0.164653 0.00146276
0 0.690545 0.189458 0.61891 0.378916 0.00146256
0 0.483777 0.710751 0.204073 0.219127 0.00145531
0 0.916819 0.285198 0.166362 0.194881 0.00145244
0 1 0.0691461 0 0.138292 0.00145015
0 0.756549 0.194251 0.486902 0.326518 0.00144984
0 0.219246 0.722595 0.234745 0.140548 0.00144543
0 0 0.950088 0 0.099824 0.0014424
0 0.854589 0.186838 0.290822 0.373676 0.00143141
0 0.996858 0.230713 0.0062836 0.22693 0.00143121
0 0.166736 0.948376 0.223619 0.103248 0.00142692
0 0.151863 0.706888 0.303726 0.586223 0.00142636
0 0.190967 0.793497 0.381935 0.413006 0.00142512
0 0 0.0685418 0 0.137084 0.00141771
0 0.29044 0.477878 0.229737 0.174173 0.00141556
0 0.764014 0.30461 0.26467 0.193266 0.00141552
0 0.796457 0.111263 0.407087 0.222525 0.00141545
0 0.821956 0.84905 0.311639 0.26735 0.00141516
0 0.815997 0.96723 0.288056 0.0655398 0.00141478
0 0.874849 0.295596 0.250303 0.191922 0.0014122
0 0.694434 0.304593 0.288568 0.198356 0.0014119
0 0.622088 0.302136 0.320501 0.210608 0.00141151
0 1 0.0694381 0 0.138876 0.00141085
0 0.470973 0.300773 0.31142 0.205204 0.00140856
0 0.263149 0.326925 0.211963 0.16576 0.00140758
0 0.139739 0.0988802 0.279479 0.19776 0.00140726
0 0.170201 0.453807 0.340402 0.44131 0.00140596
0 0.875507 0.808457 0.248986 0.238232 0.00140446
0 0.126953 0.936262 0.253906 0.127476 0.00140278
0 0.922396 0.368056 0.155208 0.164153 0.00140264
0 0.616284 0.853218 0.476435 0.293564 0.00139888
0 0.995044 0.924568 0.00991211 0.150864 0.00139812
0 0.915811 0.202497 0.168378 0.340306 0.00139728
0 0.774712 0.723995 0.224622 0.168281 0.00139474
0 0.402114 0.651535 0.170786 0.116952 0.00139466
0 0.843003 0.940314 0.311137 0.119371 0.0013943
0 0.546291 0.301503 0.334872 0.215009 0.00139095
0 0.211963 0.288625 0.209525 0.1794 0.00139089
0 0.103213 0.101577 0.206426 0.203153 0.00138788
0 0.482045 0.838134 0.422521 0.323732 0.00138657
0 0.802877 0.215455 0.394247 0.43091 0.00138431
0 0.524965 0.216651 0.659699 0.178202 0.00138231
0 0.891433 0.0854265 0.217135 0.170853 0.00138222
0 0.835893 0.102876 0.328213 0.205753 0.00138015
0 0.804614 0.877408 0.341739 0.245184 0.00137959
0 0.264015 0.638993 0.122682 0.196061 0.00137846
0 0.230261 0.106917 0.396576 0.213834 0.00137791
0 0.935577 0.666956 0.128847 0.166862 0.00137759
0 0.397082 0.299174 0.270789 0.181208 0.00137655
0 0 0.778066 0 0.259867 0.0013749
0 1 0.162926 0 0.22226 0.00137429
0 0.826542 0.304482 0.252773 0.190218 0.00137345
0 0.153615 0.216569 0.30723 0.433137 0.0013733
0 0.330226 0.290877 0.239893 0.167465 0.00137103
0 0.955128 0.722808 0.0897432 0.184295 0.00136997
0 0.265391 0.789359 0.437835 0.296178 0.00136971
0 0.143923 0.301149 0.287846 0.442213 0.0013676
0 0.154789 0.148638 0.309577 0.297277 0.00135391
0 0.732364 0.968514 0.303289 0.0629725 0.0013528
0 0.912634 0.88431 0.174733 0.194903 0.00135251
0 0.28849 0.378544 0.23656 0.165135 0.00135203
0 0.409828 0.966794 0.311645 0.066412 0.00135193
0 0.292981 0.521607 0.227565 0.165307 0.00135182
0 0 0.826512 0 0.218707 0.00134655
0 0.844101 0.898109 0.285955 0.203782 0.00134563
0 0.81654 0.578208 0.250884 0.166404 0.00134118
0 0 0.729692 0 0.287249 0.00133889
0 0.182104 0.812395 0.364209 0.343493 0.00133821
0 0.696796 0.874887 0.423276 0.250226 0.00133668
0 0.897932 0.666296 0.204137 0.166609 0.00133593
0 0.600284 0.691065 0.176106 0.221219 0.00133512
0 0.382597 0.0931182 0.323473 0.186236 0.00133236
0 0.694647 0.154317 0.610707 0.308634 0.00132476
0 0.57152 0.1287 0.564384 0.2574 0.00131742
0 0.0936618 0.933633 0.187324 0.132734 0.00131541
0 0.951071 0.773249 0.0978589 0.179419 0.00131339
0 0.00902899 0.520831 0.018058 0.342041 0.00131339
0 0.114738 0.265323 0.229476 0.530647 0.00131115
0 0.910216 0.820324 0.179568 0.176935 0.00131024
0 0.438293 0.101668 0.387837 0.203336 0.0013098
0 0.177381 0.877696 0.354762 0.244608 0.00130975
0 0.412371 0.181381 0.559463 0.362763 0.00130963
0 0 0.677234 0 0.303222 0.00130827
0 0.453284 0.784589 0.250734 0.189713 0.00130721
0 0.848269 0.727191 0.234825 0.1664 0.00130713
0 0.289424 0.425478 0.233238 0.171333 0.00130587
0 0.00663249 0.417391 0.013265 0.29962 0.0013042
0 0.00208934 0.625541 0.00417868 0.319297 0.00130279
0 0.619779 0.468682 0.223062 0.137409 0.00130227
0 0.844084 0.498695 0.311833 0.265501 0.00130099
0 0.170762 0.0914009 0.341524 0.182802 0.00130004
0 0.336841 0.824494 0.594859 0.351012 0.00129608
0 0.899342 0.420127 0.201316 0.240811 0.00129591
0 0.603869 0.846993 0.585692 0.306014 0.00129358
0 0.496418 0.115451 0.484889 0.230902 0.00129356
0 0.229047 0.0863324 0.458094 0.172665 0.00129159
0 0.491822 0.964748 0.347611 0.0705046 0.001291
0 0.970787 0.976223 0.0584257 0.0475546 0.00128676
0 1 0.817645 0 0.188597 0.00128619
0 0.957573 0.940802 0.0848549 0.118395 0.00128338
0 0.963497 0.822897 0.0730054 0.16653 0.0012807
0 1 0.952674 0 0.0946516 0.00128007
0 0.355094 0.587958 0.217341 0.183628 0.00127925
0 0.643477 0.96656 0.327384 0.0668791 0.00127755
0 0 0.366909 0 0.245116 0.0012731
0 0.319651 0.0943779 0.323289 0.188756 0.00127286
0 0.408324 0.835776 0.443126 0.328447 0.00127262
0 0.198646 0.689567 0.106012 0.0992537 0.00126465
0 0.3884 0.618849 0.187218 0.205725 0.00126448
0 0.566739 0.964638 0.34261 0.0707237 0.0012643
0 0.824205 0.449451 0.351589 0.308385 0.00126404
0 0.965035 0.897385 0.069929 0.20523 0.0012637
0 0.924105 0.718448 0.151791 0.175635 0.00126232
0 0.960708 0.0735151 0.0785831 0.14703 0.001262
0 0.163456 0.919061 0.257 0.161879 0.001262
0 0 0.0842051 0 0.16841 0.00126161
0 0.880017 0.319368 0.225408 0.164228 0.00125879
0 0.227298 0.0824568 0.34816 0.164914 0.00125724
0 0.0625588 0.0994885 0.125118 0.198977 0.00124298
0 0.115658 0.792723 0.231316 0.414554 0.0012429
0 0.995392 0.974385 0.00921618 0.0512301 0.00124268
0 0.279173 0.837816 0.518444 0.324369 0.00124165
0 0.94057 0.580257 0.118861 0.176507 0.00123691
0 0.311974 0.131582 0.464539 0.263164 0.00123531
0 0 0.159155 0 0.1695 0.00123058
0 0.88062 0.585596 0.23876 0.158239 0.0012304
0 0.509158 0.217349 0.804203 0.434698 0.00122931
0 0.708573 0.21604 0.582854 0.43208 0.00122362
0 0.0248683 0.894673 0.0497366 0.210655 0.00121485
0 0.356635 0.322771 0.2301 0.164666 0.00121447
0 0.977744 0.170834 0.0445116 0.274685 0.00121348
0 0.0686966 0.976106 0.137393 0.0477885 0.00121343
0 0.244478 0.759005 0.164762 0.232891 0.00121209
0 0.685812 0.672924 0.196535 0.181499 0.00120782
0 0 0.315938 0 0.202065 0.00120738
0 0.122589 0.901812 0.245178 0.196375 0.0012064
0 0.688613 0.415509 0.222772 0.202788 0.00120226
0 0 0.10493 0 0.150016 0.00120193
0 0.711284 0.938783 0.361398 0.122435 0.00120117
0 0.112168 0.36276 0.224336 0.542174 0.00119755
0 0.74079 0.575455 0.236056 0.164662 0.00119394
0 0.917222 0.625928 0.165556 0.164795 0.00119373
0 0.869526 0.509318 0.260948 0.264813 0.0011931
0 0.906774 0.588222 0.186452 0.164375 0.00119167
0 0.260092 0.891777 0.379037 0.216445 0.00118854
0 0.939751 0.972569 0.120499 0.054862 0.00118385
0 0.306803 0.0763563 0.304685 0.152713 0.00118146
0 0 0.215166 0 0.183419 0.00118035
0 0.362986 0.377198 0.227417 0.162704 0.00117851
0 0.772297 0.667699 0.220534 0.163347 0.00117828
0 0 0.892157 0 0.213314 0.00117502
0 0.929036 0.911725 0.141927 0.17655 0.00117134
0 0.584983 0.195354 0.830033 0.390708 0.00115745
0 0.00818844 0.974803 0.0163769 0.0503947 0.00115695
0 0.741134 0.41084 0.211842 0.197011 0.00114646
0 0 0.26694 0 0.184692 0.00114512
0 0.478036 0.80185 0.274821 0.239364 0.00114486
0 0.423799 0.322564 0.232761 0.168829 0.00114262
0 0.0667963 0.844485 0.133593 0.31103 0.00113451
0 0.839533 0.62222 0.229879 0.164462 0.00113394
0 0.663506 0.504526 0.182581 0.192795 0.00113345
0 0.89276 0.457772 0.214481 0.312312 0.00113262
0 0.121248 0.461867 0.242496 0.567647 0.00112874
0 0.0614595 0.838111 0.122919 0.323778 0.00112738
0 0.848714 0.420143 0.302571 0.264508 0.00112266
0 0.623874 0.419561 0.230685 0.211998 0.00112109
0 0.568807 0.471057 0.223444 0.180819 0.00111868
0 0.502009 0.471641 0.230154 0.182433 0.00111735
0 0.257224 0.95841 0.264571 0.0831793 0.00111547
0 0.701068 0.383121 0.221188 0.161855 0.0011127
0 0.992272 0.114399 0.015455 0.228797 0.00111226
0 0.620041 0.90885 0.429215 0.182301 0.00110012
0 1 0.976754 0 0.0464912 0.00109962
0 0.430184 0.379617 0.226501 0.155752 0.00108941
0 0.498485 0.620085 0.217085 0.17367 0.00108837
0 0.926149 0.512115 0.147702 0.259301 0.00108579
0 0.568058 0.504014 0.217929 0.193994 0.00108552
0 1 0.107222 0 0.202207 0.00108337
0 0 0.922282 0 0.155437 0.00107828
0 0.230516 0.699742 0.190275 0.161627 0.00107581
0 0.500801 0.414198 0.232161 0.18904 0.00107486
0 0.846186 0.667725 0.229034 0.16165 0.00107318
0 0.483595 0.645666 0.116575 0.0960899 0.00107008
0 0.359216 0.469834 0.218652 0.171332 0.00106092
0 0.361596 0.415314 0.223763 0.173563 0.00105443
0 0.702704 0.321813 0.232383 0.170961 0.00105333
0 1 0.967795 0 0.0644106 0.00104827
0 0.69252 0.100965 0.406588 0.20193 0.00104496
0 0.631888 0.323406 0.235873 0.169009 0.00104445
0 0.765616 0.367917 0.213697 0.147814 0.00104109
0 0.566431 0.417362 0.226688 0.19571 0.0010397
0 0.4997 0.51163 0.223522 0.180406 0.00103965
0 0.371373 0.0743864 0.292524 0.148773 0.00103913
0 0.429082 0.411956 0.23008 0.182947 0.00103909
0 0.630646 0.387737 0.225341 0.164073 0.0010345
0 0.141438 0.18836 0.282877 0.376721 0.00103277
0 0.463743 0.821764 0.734449 0.356472 0.00102981
0 0.830346 0.451039 0.339308 0.349142 0.00102927
0 0.360348 0.516107 0.2185 0.166029 0.00102824
0 0.631005 0.765332 0.12329 0.126909 0.00102331
0 0.562812 0.618147 0.220003 0.174537 0.0010094
0 0.0763358 0.765693 0.152672 0.468614 0.00100489
0 0.492597 0.32376 0.231932 0.168377 0.00100369
0 0.231067 0.685319 0.173019 0.119549 0.932283
0 0.484313 0.755863 0.183224 0.134169 0.913465
0 0.576666 0.442178 0.143169 0.0867717 0.00304349
0 0.0271027 0.969811 0.0542053 0.0603781 0.00191864
0 0.838516 0.453767 0.11549 0.0767208 0.00188322
0 0.429032 0.658939 0.276201 0.117269 0.0018288
0 0.886312 0.962943 0.227376 0.0741132 0.00173846
0 0.617415 0.763135 0.112029 0.117589 0.00161869
0 0.0212718 0.375575 0.0425437 0.246302 0.00159949
0 0.0219317 0.325457 0.0438634 0.233315 0.00159607
0 0.502134 0.720662 0.231464 0.207566 0.00157671
0 0.81674 0.965376 0.257757 0.0692486 0.00157044
0 0.465865 0.9122 0.274662 0.175599 0.00156286
0 0.395354 0.913267 0.307297 0.173467 0.00155199
0 0.4345 0.791293 0.24317 0.220826 0.00152896
0 0.423371 0.853346 0.281487 0.210983 0.00152609
0 0.0247049 0.879564 0.0494099 0.230883 0.00152602
0 0.0225771 0.27537 0.0451543 0.225306 0.00152327
0 0.333824 0.791116 0.35422 0.2439 0.00152027
0 0.0258982 0.820341 0.0517964 0.22823 0.00151995
0 0.0212737 0.424458 0.0425473 0.255501 0.00151964
0 0 0.468688 0 0.324101 0.00151752
0 0.0811095 0.972907 0.162219 0.0541859 0.00149166
0 0.533096 0.919734 0.259016 0.160533 0.00147429
0 0.0227158 0.225534 0.0454316 0.216357 0.00146428
0 0.0218893 0.470811 0.0437785 0.257325 0.00145787
0 0.470725 0.466004 0.28583 0.176669 0.00145738
0 0.43958 0.508543 0.418482 0.249676 0.00145427
0 0.00454079 0.956012 0.00908159 0.0879767 0.00144225
0 0.541754 0.943309 0.24688 0.113382 0.00143987
0 0.383027 0.942756 0.256237 0.114488 0.00143775
0 0.0225677 0.174648 0.0451354 0.207761 0.00143607
0 0.0265594 0.768809 0.0531189 0.233441 0.00143527
0 0.0254167 0.620886 0.0508333 0.221213 0.00143441
0 0.275665 0.503967 0.372325 0.262507 0.00143378
0 0.462425 0.943143 0.25461 0.113713 0.00143369
0 0.351605 0.508187 0.427104 0.274126 0.00142667
0 0.0265036 0.116923 0.0530072 0.189648 0.00142578
0 0 0.567298 0 0.308111 0.00142378
0 0.0227253 0.518582 0.0454507 0.24376 0.00142032
0 0.984645 0.662241 0.0307097 0.211402 0.00140989
0 0.986667 0.210866 0.0266662 0.213928 0.00140844
0 0.0243499 0.922768 0.0486999 0.154463 0.0014054
0 0.217644 0.914506 0.303576 0.170988 0.0014032
0 0.984919 0.61221 0.0301629 0.20939 0.00139989
0 0.984971 0.512073 0.0300576 0.209165 0.00139764
0 0.984704 0.411955 0.0305913 0.211682 0.00139646
0 0.474772 0.835986 0.236117 0.207857 0.0013961
0 0.304738 0.91147 0.329527 0.17706 0.001396
0 0.984929 0.462388 0.0301428 0.21082 0.00139577
0 0 0.112293 0 0.224587 0.00139477
0 0.984191 0.714323 0.0316171 0.21388 0.00139353
0 0.98448 0.36207 0.0310404 0.215143 0.00139151
0 0.023916 0.571372 0.0478321 0.225799 0.00139074
0 0.0260548 0.66813 0.0521097 0.217293 0.00138638
0 0.248011 0.732922 0.256099 0.151192 0.001385
0 0.984998 0.562062 0.030003 0.208364 0.00138292
0 0.984794 0.260353 0.030412 0.218058 0.00137965
0 0.618574 0.0861484 0.598719 0.172297 0.00137933
0 0.571359 0.867045 0.230284 0.155059 0.0013793
0 0.0264962 0.724448 0.0529924 0.226286 0.0013751
0 0.984538 0.311517 0.0309234 0.214935 0.00137378
0 0.7407 0.968674 0.253983 0.0626511 0.00136998
0 0.879599 0.902598 0.240803 0.194804 0.00136394
0 0.000829012 0.220731 0.00165802 0.298278 0.00136132
0 0 0.859536 0 0.280928 0.00135622
0 0 0.324977 0 0.314217 0.00135347
0 0.36829 0.462164 0.30036 0.180412 0.00134787
0 0.610694 0.923345 0.25241 0.153309 0.00134716
0 0.465201 0.598351 0.504545 0.318757 0.00134657
0 0.0871694 0.943419 0.174339 0.113163 0.00133963
0 0.612908 0.942091 0.239481 0.115817 0.00133854
0 0.880867 0.934175 0.238266 0.131649 0.00133689
0 0.894357 0.812689 0.211285 0.181398 0.00133648
0 0.297394 0.751091 0.188933 0.245998 0.00133406
0 0.997254 0.103871 0.00549185 0.194291 0.00133355
0 0.667415 0.970768 0.257614 0.0584644 0.00133
0 0.990524 0.158408 0.0189514 0.206699 0.00132709
0 0.686404 0.513981 0.246515 0.169076 0.00132162
0 0.291158 0.629479 0.255156 0.221643 0.00131854
0 0.155274 0.556073 0.310549 0.218342 0.00131836
0 0.944659 0.968382 0.110682 0.0632371 0.00131723
0 0.208939 0.503426 0.308665 0.221229 0.0013127
0 0.222565 0.594041 0.324495 0.286932 0.00131203
0 0.599543 0.972431 0.262884 0.0551384 0.00131102
0 0.173843 0.606406 0.296111 0.247565 0.00130795
0 0.544046 0.508302 0.30902 0.21501 0.00130551
0 0.146636 0.0830762 0.293271 0.166152 0.00130374
0 0.561507 0.469361 0.246632 0.165047 0.00130281
0 0.136833 0.97154 0.250866 0.0569192 0.00129102
0 0 0.169074 0 0.28178 0.001288
0 0.0891683 0.623821 0.178337 0.172106 0.00128641
0 0.676817 0.569987 0.276483 0.182073 0.00128172
0 0.685166 0.922935 0.247931 0.154131 0.00128062
0 0 0.816312 0 0.300971 0.00127859
0 0.992626 0.970783 0.0147479 0.0584336 0.00127691
0 0.236559 0.787479 0.386956 0.275866 0.00127631
0 0.203926 0.085788 0.407852 0.171576 0.00127555
0 0.418404 0.73957 0.279638 0.168601 0.00127383
0 0.413914 0.0858124 0.599473 0.171625 0.00127251
0 0.529773 0.974097 0.270734 0.0518061 0.00127134
0 0.138851 0.92016 0.263484 0.159679 0.00126806
0 0.680362 0.870381 0.250337 0.153921 0.00126437
0 0.98437 0.764832 0.0312596 0.216758 0.00126427
0 0.307064 0.943286 0.257254 0.113428 0.00126007
0 0.211111 0.65065 0.231549 0.181927 0.00125846
0 0.612631 0.51166 0.26986 0.184594 0.00125392
0 0.0695668 0.0747691 0.139134 0.149538 0.00125139
0 0.835298 0.939287 0.241053 0.121425 0.00124873
0 0.753147 0.568291 0.256883 0.166817 0.00124841
0 0 0.667897 0 0.299708 0.00124819
0 0.372079 0.97585 0.278309 0.0482996 0.00124354
0 0.87351 0.871807 0.252981 0.225362 0.0012423
0 0.347821 0.59331 0.468064 0.319436 0.00124044
0 0.683452 0.940245 0.234638 0.11951 0.00123693
0 0.110045 0.669747 0.22009 0.147783 0.00123328
0 0 0.0685269 0 0.137054 0.00123229
0 0.53295 0.607386 0.429773 0.28278 0.00123124
0 0.450715 0.975528 0.277363 0.0489431 0.00122888
0 0.227861 0.552458 0.455722 0.299191 0.00122648
0 0.0179377 0.0738428 0.0358754 0.147686 0.00122645
0 0.759908 0.51555 0.243754 0.164246 0.00122468
0 0.162274 0.865775 0.30121 0.207819 0.00121649
0 0.329008 0.864004 0.358169 0.230813 0.00121396
0 0.299064 0.460985 0.287388 0.176703 0.00120984
0 0.298037 0.975457 0.278963 0.0490858 0.00120609
0 0.996776 0.0761991 0.00644715 0.152398 0.00120346
0 0.926924 0.566527 0.146153 0.162451 0.00120224
0 0.106791 0.818961 0.213583 0.181423 0.00120072
0 0.510195 0.558579 0.444669 0.296674 0.00119964
0 0.925771 0.61768 0.148458 0.163134 0.00119579
0 0.591004 0.566945 0.339609 0.228073 0.00119361
0 0.0902229 0.880593 0.180446 0.16549 0.00119222
0 0.216886 0.973958 0.267495 0.0520847 0.00118975
0 0.485602 0.414034 0.24993 0.16097 0.00118691
0 0.224914 0.943346 0.244576 0.113309 0.00118264
0 0.239826 0.858078 0.363888 0.248021 0.00117819
0 0.926528 0.668321 0.146944 0.16357 0.00117601
0 0.148792 0.940485 0.224413 0.11903 0.00117362
0 0.0349049 0.962087 0.0698097 0.0758268 0.00117029
0 0.766263 0.921474 0.245332 0.157052 0.00116992
0 0.919565 0.762698 0.160869 0.17023 0.00116276
0 0.609927 0.619029 0.33308 0.226688 0.00116108
0 0.517269 0.0863092 0.605714 0.172618 0.00115834
0 0.753283 0.622374 0.259769 0.170437 0.00115678
0 0.927793 0.166393 0.144414 0.160472 0.00115669
0 0.928314 0.216752 0.143373 0.161217 0.00115308
0 0.132803 0.744359 0.265607 0.158656 0.0011516
0 0.154476 0.506767 0.272472 0.187274 0.00114939
0 0.98571 0.812161 0.0285794 0.201231 0.00114928
0 0.403009 0.413602 0.253502 0.162285 0.00114525
0 0.929719 0.0745446 0.140562 0.149089 0.00114516
0 0.681867 0.624878 0.282449 0.1876 0.00114312
0 0.821662 0.620674 0.260086 0.165806 0.00114014
0 0.881941 0.618386 0.236118 0.166288 0.001136
0 0.270408 0.087609 0.540816 0.175218 0.00113301
0 0.619566 0.810491 0.19341 0.171219 0.00112997
0 0.830282 0.513156 0.236445 0.166236 0.00112837
0 0.928482 0.266789 0.143036 0.161441 0.00112623
0 0.231386 0.730899 0.167457 0.0272616 0.00112288
0 0.446274 0.55109 0.563465 0.359675 0.00112227
0 0.930169 0.113479 0.139662 0.162785 0.00112112
0 0.92667 0.71718 0.146659 0.162705 0.00112107
0 0.824369 0.565637 0.247754 0.166423 0.00112097
0 0.927604 0.516966 0.144792 0.164161 0.0011207
0 0.884403 0.565965 0.231195 0.166354 0.001118
0 0.0896176 0.57189 0.179235 0.160609 0.00111781
0 0.984558 0.891339 0.0308848 0.217321 0.00111438
0 0.759686 0.939618 0.233982 0.120763 0.00111425
0 0.00548057 0.108348 0.0109611 0.182048 0.0011113
0 0.274232 0.584255 0.350159 0.311397 0.0011086
0 0.510424 0.794312 0.194103 0.217082 0.00110108
0 0.928336 0.316264 0.143328 0.161335 0.00110068
0 0.56142 0.414377 0.232646 0.157537 0.00110054
0 0.268098 0.838438 0.536196 0.301541 0.00109843
0 0.48005 0.794234 0.20457 0.203392 0.00109827
0 0.962767 0.938313 0.0744663 0.123375 0.00109797
0 0.769846 0.871405 0.251319 0.159748 0.00109571
0 0.928389 0.415962 0.143223 0.161644 0.00109447
0 0.1828 0.463277 0.252105 0.166547 0.00109267
0 0.964312 0.761176 0.0713757 0.177441 0.00109202
0 0.927403 0.469763 0.145195 0.159194 0.00109093
0 0.955038 0.877838 0.0899236 0.203512 0.00109035
0 0.690412 0.470017 0.233463 0.153788 0.00108807
0 0.517576 0.757572 0.168318 0.148593 0.00108758
0 0.927843 0.366593 0.144314 0.16069 0.00108715
0 0.40119 0.677926 0.344667 0.18341 0.00108439
0 0.977784 0.201126 0.0444312 0.279646 0.00108158
0 0.759706 0.818803 0.241487 0.160139 0.00107375
0 0.976078 0.300682 0.0478437 0.292133 0.00107161
0 0.975867 0.453075 0.0482659 0.28086 0.00106982
0 0.223964 0.748198 0.299884 0.168656 0.00106892
0 0.000542343 0.901114 0.00108469 0.197773 0.00106795
0 0.841849 0.916535 0.247593 0.16693 0.00106686
0 0.332017 0.413737 0.250272 0.162705 0.00106434
0 0.975875 0.503388 0.0482509 0.279498 0.00106249
0 0.0834542 0.92754 0.166908 0.144921 0.00106234
0 0.975794 0.402622 0.0484126 0.284272 0.00106132
0 0.195119 0.461452 0.173874 0.0999978 0.00105957
0 0.619756 0.468818 0.241138 0.163614 0.00105653
0 0.883505 0.669557 0.23299 0.167871 0.0010562
0 0.975963 0.553489 0.048075 0.278926 0.00105403
0 0.753772 0.677624 0.249478 0.166388 0.00104839
0 0.961477 0.812844 0.0770458 0.17826 0.00104418
0 0.240835 0.461271 0.264007 0.170058 0.00104223
0 0.976939 0.798895 0.0461218 0.274847 0.0010413
0 0.97597 0.603657 0.04806 0.280508 0.00103881
0 0.886388 0.514409 0.227223 0.170435 0.00103774
0 0.825799 0.673315 0.258157 0.165949 0.00103265
0 0.495306 0.649296 0.199954 0.10271 0.00103259
0 0.95383 0.904955 0.0923405 0.19009 0.00103215
0 0.616833 0.452882 0.233847 0.109169 0.0010302
0 0.487461 0.366253 0.244444 0.159069 0.0010293
0 0.886567 0.215496 0.226866 0.162616 0.00102411
0 0.143219 0.0741127 0.240383 0.148225 0.00102333
0 0.88628 0.165018 0.22744 0.16142 0.00102268
0 0.47219 0.712431 0.221983 0.237627 0.00102042
0 0.755779 0.164736 0.247435 0.160448 0.0010194
0 0.201582 0.415456 0.239227 0.161695 0.00101795
0 0.975808 0.653809 0.0483839 0.284533 0.00101762
0 0.887007 0.265774 0.225985 0.162724 0.00101606
0 0.832718 0.467128 0.232996 0.160202 0.00101492
0 0.266984 0.414325 0.243836 0.161985 0.00101407
0 0.755647 0.266232 0.250174 0.163037 0.0010139
0 0.481716 0.265374 0.247642 0.164422 0.00101075
0 0.767705 0.0738807 0.240977 0.147761 0.00101
0 0.414085 0.365475 0.2422 0.159977 0.00100956
0 0.965825 0.0752127 0.0683499 0.150425 0.00100768
0 0.886909 0.467422 0.226183 0.163638 0.00100526
0 0.754771 0.216252 0.248934 0.161438 0.00100518
0 0.83687 0.0738996 0.241877 0.147799 0.00100406
0 0.760014 0.468634 0.244415 0.160693 0.0010037
0 0.826673 0.266544 0.250648 0.162087 0.00100365
0 0.826275 0.165323 0.249833 0.160489 0.00100317
0 0.97581 0.704872 0.0483808 0.289411 0.00100233
0 0.551086 0.265552 0.252113 0.165253 0.00100149
0 0.698623 0.0738448 0.23989 0.14769 0.00100147
0 0.561089 0.0738418 0.239463 0.147684 0.00100058
0 0.552262 0.21595 0.248986 0.161715 0.00100011
0 0.486592 0.755585 0.183399 0.132408 0.94301
0 0.231756 0.685384 0.179613 0.126435 0.874824
0 0.998199 0.114014 0.00360199 0.228028 0.411362
0 0.642781 0.292627 0.319463 0.194596 0.209259
0 0.996996 0.886905 0.00600875 0.22619 0.204842
0 0.0148693 0.11246 0.0297387 0.22492 0.185768
0 0.148718 0.114986 0.26909 0.221228 0.0705695
0 0.520947 0.622447 0.317917 0.167553 0.0634937
0 0.728385 0.826574 0.328814 0.270342 0.0539735
0 0.84981 0.12829 0.300379 0.253299 0.0461308
0 0.708853 0.79798 0.277549 0.210238 0.0396306
0 0.996377 0.165375 0.00724507 0.281755 0.0369215
0 0.0393343 0.887643 0.0786685 0.224713 0.0225888
0 0.99638 0.215598 0.00723995 0.281848 0.0219398
0 0.996375 0.665658 0.00725085 0.281539 0.0214856
0 0.996381 0.715641 0.00723838 0.281602 0.0214235
0 0.996378 0.440689 0.00724336 0.281579 0.0212639
0 0.996373 0.615693 0.00725308 0.281574 0.0212204
0 0.996383 0.765556 0.00723339 0.281593 0.0211932
0 0.996376 0.39072 0.0072473 0.281585 0.020918
0 0.996381 0.49059 0.00723733 0.281714 0.0208931
0 0.996376 0.565657 0.00724783 0.281658 0.0207589
0 0.996378 0.816005 0.00724441 0.282345 0.0207587
0 0.99638 0.265609 0.00724087 0.281638 0.0205957
0 0.996379 0.340676 0.00724231 0.281559 0.0204678
0 0.849451 0.875193 0.301097 0.249615 0.0174491
0 0.0269874 0.140691 0.0539748 0.269063 0.0162042
0 0.47005 0.623327 0.33644 0.180112 0.0116014
0 0.380823 0.2864 0.283172 0.188746 0.0101783
0 0.170356 0.264229 0.314026 0.248031 0.0059993
0 0.171832 0.606877 0.316083 0.232272 0.00467138
0 0.800041 0.841715 0.399919 0.304455 0.00359273
0 1 0.954866 0 0.0902685 0.00353505
0 0.69522 0.292563 0.329876 0.204038 0.00307673
0 0.994048 0.869362 0.0119049 0.261276 0.00296861
0 0.419969 0.557252 0.260865 0.159189 0.00292416
0 0.276526 0.837076 0.459034 0.294016 0.00266176
0 0.182685 0.839158 0.365369 0.307233 0.00264021
0 0.125607 0.635684 0.224477 0.261653 0.00262571
0 0.167482 0.160107 0.307155 0.252229 0.0025718
0 0.24642 0.283343 0.263858 0.190141 0.00254573
0 0.360547 0.835179 0.42292 0.294503 0.00245952
0 0.83731 0.813523 0.32538 0.371237 0.00244454
0 0.597456 0.63425 0.312836 0.191485 0.00240113
0 0.0384654 0.514331 0.0769307 0.273073 0.00239618
0 0.998644 0.0729718 0.00271259 0.145944 0.00235616
0 0.281081 0.837882 0.324184 0.255382 0.00229474
0 0.981563 0.70814 0.0368736 0.358622 0.00228108
0 0.988238 0.204716 0.0235236 0.363158 0.00227131
0 0.0614157 0.862812 0.122831 0.274376 0.00225195
0 0.0378769 0.56397 0.0757538 0.273456 0.0022517
0 0.844693 0.767572 0.310614 0.273617 0.00220729
0 0.856413 0.623244 0.287174 0.258122 0.00219755
0 0.979301 0.610197 0.0413988 0.362407 0.00219334
0 0.986914 0.81372 0.0261721 0.371271 0.00217236
0 0.985272 0.308011 0.0294565 0.355747 0.00216401
0 0.979587 0.509895 0.0408261 0.361762 0.00214037
0 0.982033 0.408329 0.035933 0.357158 0.0021197
0 0.813818 0.671171 0.372364 0.42367 0.00207881
0 0.0385087 0.464654 0.0770173 0.272437 0.00207706
0 0.102431 0.657916 0.179178 0.260848 0.00206257
0 0.46549 0.869775 0.353218 0.242348 0.00205954
0 0.989361 0.134513 0.021278 0.269026 0.0020401
0 0.937956 0.930903 0.124087 0.135819 0.00203351
0 0.853793 0.455427 0.292413 0.407777 0.00203262
0 0.880291 0.166457 0.239418 0.332914 0.00202184
0 0.0723062 0.837931 0.144612 0.324138 0.00200086
0 0.87279 0.609605 0.254419 0.351636 0.00198079
0 0.0308896 0.189364 0.0617793 0.272163 0.00197486
0 0.642961 0.76934 0.408959 0.32597 0.00196086
0 1 0.976309 0 0.047382 0.00195554
0 1 0.924811 0 0.150378 0.00194525
0 0.892642 0.113422 0.214716 0.221908 0.0019392
0 0.192785 0.28192 0.31208 0.192443 0.00192751
0 0.950994 0.129901 0.0980117 0.259803 0.00190286
0 0.793075 0.55908 0.413851 0.472069 0.0018788
0 0.870964 0.705931 0.258072 0.356044 0.00185972
0 0.869283 0.254776 0.261434 0.382228 0.00183223
0 0.0375194 0.613776 0.0750389 0.273735 0.00182287
0 0.871909 0.35828 0.256182 0.361792 0.00181823
0 0.99482 0.254685 0.010361 0.339819 0.00181734
0 0.0748596 0.765556 0.149719 0.389148 0.00180844
0 0.17676 0.759967 0.325651 0.259006 0.00177623
0 0.789653 0.325956 0.420695 0.482386 0.00174077
0 0.0576065 0.155722 0.115213 0.311443 0.00173643
0 0.150729 0.57004 0.273945 0.209296 0.0017254
0 0.155529 0.811002 0.311058 0.357626 0.00168272
0 0.719508 0.619848 0.272023 0.161888 0.00166847
0 0.870945 0.89927 0.25811 0.199898 0.0016446
0 0.225328 0.668891 0.445611 0.397321 0.00164306
0 0.749149 0.854905 0.471888 0.29019 0.00163412
0 1 0.0927641 0 0.185528 0.00163401
0 0.0739444 0.273761 0.147889 0.392972 0.00162872
0 0.0792744 0.6672 0.158549 0.394717 0.00161567
0 0.430432 0.536239 0.277368 0.119264 0.00159581
0 0.777746 0.504668 0.444509 0.524005 0.00159103
0 0.890277 0.958475 0.219445 0.0830494 0.0015751
0 0.954638 0.197468 0.0907248 0.334603 0.00155947
0 0.0371343 0.663663 0.0742686 0.27358 0.00155775
0 0.0818882 0.570738 0.163776 0.402834 0.00155516
0 0.0652291 0.0759439 0.130458 0.151888 0.00154835
0 0.826318 0.0980321 0.347365 0.196064 0.00154515
0 0.953274 0.0791814 0.0934526 0.158363 0.00154339
0 0.036851 0.414895 0.0737019 0.272155 0.00154231
0 0.149324 0.523027 0.269619 0.134728 0.00152861
0 0.051481 0.958755 0.102962 0.0824906 0.00152723
0 0.039059 0.814157 0.078118 0.274295 0.00152311
0 0.0839353 0.474346 0.167871 0.408699 0.00150637
0 0.487338 0.755664 0.242694 0.170032 0.00149881
0 0.170682 0.471778 0.314352 0.218914 0.00149676
0 0.0791494 0.370387 0.158299 0.401087 0.00149039
0 0.79745 0.172309 0.405099 0.344618 0.00147765
0 0.443881 0.587334 0.301803 0.22196 0.00146467
0 0.520891 0.686748 0.311581 0.31401 0.00146288
0 0.118683 0.581153 0.211778 0.212896 0.00145269
0 0.773808 0.418584 0.452385 0.509391 0.0014512
0 0.866508 0.31383 0.266984 0.251796 0.0014427
0 0.428523 0.831769 0.379173 0.291048 0.00142557
0 0.877366 0.817838 0.245269 0.335012 0.0014216
0 0.0878701 0.476649 0.150189 0.219502 0.00141965
0 0.0376845 0.763754 0.075369 0.273701 0.00140943
0 0.0370774 0.71371 0.0741548 0.273607 0.00140012
0 0.572166 0.651075 0.514869 0.39839 0.00138077
0 0.15811 0.705623 0.31622 0.376212 0.00137575
0 0 0.0677366 0 0.135473 0.00137513
0 0.467294 0.955591 0.2902 0.0888172 0.00136702
0 0.0314867 0.239614 0.0629733 0.271726 0.0013636
0 0.154726 0.873117 0.282567 0.247571 0.00136063
0 1 0.892039 0 0.215922 0.00135742
0 0.642054 0.833429 0.41245 0.294642 0.00135101
0 0.818994 0.95914 0.362011 0.0817204 0.00134668
0 0.936776 0.410504 0.126448 0.320466 0.00134529
0 0.333277 0.285107 0.31139 0.19623 0.00133552
0 0.65937 0.659917 0.649359 0.449018 0.00133308
0 0.0353447 0.977447 0.0706894 0.0451061 0.00133225
0 0.342161 0.702836 0.484938 0.399953 0.0013276
0 0.66502 0.953785 0.282003 0.0924301 0.00132642
0 0.186918 0.762764 0.365422 0.390764 0.0013243
0 0.335809 0.957477 0.291102 0.0850466 0.00131612
0 0.599109 0.954397 0.283628 0.0912052 0.00131476
0 0.93088 0.463155 0.13824 0.332801 0.0013122
0 0.40032 0.957045 0.283461 0.0859092 0.00130937
0 0.0149304 0.0745226 0.0298608 0.149045 0.0013073
0 0.534033 0.954551 0.289364 0.0908976 0.00129385
0 0.24923 0.453285 0.49846 0.267164 0.00129084
0 0.997346 0.95002 0.00530704 0.0999607 0.00128903
0 0.991894 0.962186 0.0162129 0.0756291 0.00128776
0 0.736975 0.954029 0.286751 0.0919417 0.00128196
0 0.930315 0.66048 0.13937 0.326294 0.00128011
0 0.0321743 0.289482 0.0643486 0.271703 0.00127946
0 0.943826 0.358245 0.112348 0.308875 0.00127616
0 0.391477 0.662864 0.655838 0.47423 0.00127603
0 0.635479 0.70543 0.511986 0.409605 0.00127001
0 0 0.893442 0 0.213115 0.00126769
0 0.206478 0.955252 0.393532 0.0894964 0.00126503
0 0.831179 0.956268 0.30798 0.0874636 0.00125645
0 0.932849 0.564273 0.134302 0.330809 0.00124775
0 0.27222 0.632133 0.538309 0.448346 0.00124344
0 0.192771 0.700343 0.385542 0.387249 0.00124124
0 0.88207 0.855153 0.23586 0.289694 0.00124022
0 0.944352 0.257986 0.111295 0.325797 0.00123651
0 0.851387 0.950608 0.297227 0.0987832 0.00123616
0 0.756346 0.958768 0.459478 0.0824644 0.00123315
0 0.101701 0.961275 0.203402 0.0774497 0.00122467
0 0.780704 0.236481 0.438592 0.472963 0.00122295
0 1 0.282111 0 0.248497 0.00122082
0 1 0.232016 0 0.248637 0.00121252
0 1 0.332083 0 0.248472 0.00120988
0 0.240809 0.95646 0.322687 0.0870808 0.00120714
0 1 0.382094 0 0.248448 0.00120502
0 0.4191 0.683143 0.416523 0.330665 0.00120353
0 1 0.431838 0 0.248892 0.00119907
0 1 0.55687 0 0.248953 0.00119683
0 0.257419 0.959894 0.457645 0.0802111 0.00119626
0 1 0.506835 0 0.248958 0.00119552
0 0.656617 0.13098 0.663637 0.261961 0.0011946
0 0 0.213237 0 0.159845 0.00119412
0 1 0.706746 0 0.249097 0.00119221
0 1 0.606913 0 0.248945 0.00119078
0 0.0343933 0.364651 0.0687866 0.272069 0.00118842
0 1 0.656852 0 0.248908 0.00118718
0 1 0.756779 0 0.249202 0.00118335
0 1 0.807039 0 0.24928 0.00118182
0 0.649612 0.629753 0.320309 0.185733 0.00118153
0 0.355388 0.374558 0.710776 0.54612 0.00118147
0 0.609387 0.957643 0.406685 0.0847145 0.00117207
0 1 0.85831 0 0.251604 0.00117104
0 0.981173 0.976011 0.0376538 0.0479783 0.00116725
0 0 0.323265 0 0.173965 0.0011516
0 0.567824 0.865977 0.35882 0.249774 0.00114718
0 0.122384 0.279817 0.244768 0.393469 0.00113921
0 0.184463 0.951823 0.294418 0.0963532 0.00113704
0 0 0.269881 0 0.16655 0.0011354
0 0.128363 0.0906802 0.256727 0.18136 0.00113184
0 0 0.375327 0 0.181085 0.00113145
0 0 0.828246 0 0.187809 0.0011312
0 0.620986 0.20376 0.758028 0.407521 0.00113088
0 0 0.426459 0 0.186899 0.00113005
0 0 0.930523 0 0.138954 0.00112983
0 0.25622 0.80643 0.335075 0.241514 0.00112907
0 0 0.477236 0 0.190675 0.00112722
0 0.512258 0.13167 0.661353 0.26334 0.00112408
0 0 0.527322 0 0.193299 0.00112384
0 0.768503 0.772653 0.462995 0.44501 0.00112034
0 0 0.577255 0 0.195073 0.00111839
0 0.938771 0.756396 0.122458 0.313341 0.00111835
0 0 0.151018 0 0.175152 0.00111825
0 0.0495283 0.212935 0.0990565 0.367634 0.00111768
0 0.927129 0.909042 0.145741 0.179599 0.00111162
0 0.539665 0.957327 0.404189 0.0853466 0.00110785
0 0 0.627433 0 0.197192 0.00110539
0 0.33922 0.959444 0.410173 0.0811117 0.00110419
0 0.231834 0.713222 0.366042 0.358516 0.00110226
0 0.764424 0.799374 0.403803 0.252827 0.00110159
0 0.110935 0.77061 0.221869 0.385056 0.00109977
0 0.572476 0.833075 0.407761 0.285442 0.00109227
0 0.20502 0.390221 0.410041 0.481616 0.00109209
0 0.470297 0.957011 0.416946 0.0859783 0.00108674
0 0.770749 0.122599 0.458503 0.245198 0.00108666
0 0.68243 0.957991 0.414669 0.0840174 0.00108653
0 0 0.678503 0 0.200736 0.00108492
0 1 0.181436 0 0.24982 0.00107364
0 0.404947 0.957862 0.411076 0.0842752 0.00106405
0 0 0.730544 0 0.203659 0.00106169
0 0.94693 0.401717 0.106141 0.210131 0.00106059
0 0.630247 0.458174 0.739506 0.57176 0.00106049
0 0.281773 0.120867 0.534227 0.241735 0.001056
0 0.126741 0.573805 0.253481 0.399331 0.00105113
0 0.892473 0.938979 0.215053 0.122042 0.00104622
0 0 0.77919 0 0.196463 0.00104003
0 0.469061 0.372852 0.762837 0.551196 0.00102791
0 0.157631 0.261761 0.315262 0.382661 0.00102637
0 0.169304 0.623037 0.338607 0.414012 0.00102455
0 0.521845 0.226168 0.366279 0.141743 0.00102418
0 0.4072 0.462969 0.802002 0.565967 0.00101917
0 0.179817 0.107388 0.359634 0.214776 0.00101781
0 0.264123 0.382251 0.523492 0.474271 0.00101119
0 0.947605 0.720969 0.104789 0.195391 0.00100329
0 0.483724 0.754827 0.184169 0.132303 0.901856
0 0.230752 0.680489 0.174474 0.130335 0.732543
0 0.996357 0.102228 0.00728537 0.204455 0.0141003
0 0.566136 0.437945 0.13362 0.0905276 0.0104893
0 0.642664 0.614441 0.337679 0.235543 0.00273856
0 0.00229112 0.0820327 0.00458223 0.164065 0.00261341
0 0.186923 0.447139 0.139856 0.101858 0.00244263
0 0.836316 0.892411 0.327368 0.215177 0.00194873
0 0.179535 0.296811 0.114473 0.081689 0.00161267
0 1 0.969855 0 0.0602905 0.00154425
0 0.996591 0.874085 0.00681861 0.25183 0.00152386
0 0.162052 0.91206 0.125924 0.0678932 0.00143702
0 0.668529 0.756428 0.648642 0.487144 0.00141339
0 0.12189 0.110136 0.243779 0.190005 0.0014085
0 0.971517 0.612931 0.0569667 0.198196 0.00139171
0 0.976203 0.662505 0.0475932 0.193024 0.00138677
0 0.97764 0.710827 0.0447203 0.192191 0.00137279
0 0.982409 0.358579 0.0351822 0.185061 0.00136924
0 0.972869 0.20104 0.054263 0.227072 0.0013685
0 0.974279 0.409671 0.0514428 0.199452 0.00136463
0 1 0.980582 0 0.0388357 0.00135485
0 0.0689244 0.29947 0.134169 0.0815013 0.0013515
0 0.962796 0.563421 0.074408 0.207741 0.00135015
0 0.13009 0.504683 0.260181 0.296865 0.00133214
0 0.957062 0.511289 0.0858758 0.214892 0.0013148
0 0.971785 0.75946 0.0564298 0.200475 0.00131461
0 0.983976 0.310161 0.0320473 0.181861 0.00129346
0 1 0.403556 0 0.281515 0.00127999
0 1 0.355759 0 0.273129 0.00127559
0 1 0.746064 0 0.287821 0.00127505
0 0.960793 0.461527 0.0784149 0.210828 0.0012742
0 0.980839 0.262575 0.0383217 0.19285 0.00127198
0 1 0.452502 0 0.283724 0.00126923
0 0.991337 0.951621 0.0173258 0.0967581 0.00126157
0 1 0.817187 0 0.318438 0.00126061
0 1 0.308768 0 0.262241 0.00124967
0 1 0.141304 0 0.282607 0.00124809
0 1 0.505682 0 0.27984 0.00124591
0 1 0.654431 0 0.275375 0.00124223
0 1 0.605891 0 0.274934 0.00123986
0 0.30669 0.748725 0.613381 0.50255 0.00123707
0 0.952065 0.802546 0.0958697 0.228141 0.00123449
0 1 0.556732 0 0.275794 0.00123443
0 1 0.200058 0 0.282754 0.00119916
0 0.119726 0.356729 0.239452 0.278216 0.00119889
0 1 0.258743 0 0.261517 0.00119485
0 0.0641081 0.367373 0.128216 0.272677 0.00119203
0 0.976803 0.150642 0.046393 0.22069 0.00117356
0 0.631373 0.316488 0.737254 0.591148 0.00117298
0 0.0970955 0.553419 0.194191 0.249302 0.00117177
0 0.450035 0.666127 0.867323 0.601251 0.00117098
0 0.1939 0.302225 0.145341 0.0962053 0.00117069
0 0.373637 0.70388 0.578703 0.478884 0.00115279
0 0.74264 0.167178 0.0985139 0.0677011 0.00114555
0 0.92405 0.85458 0.1519 0.281183 0.00113849
0 0.398593 0.365731 0.797185 0.571321 0.001129
0 0.820893 0.203544 0.358215 0.407088 0.00112496
0 0.501426 0.761738 0.276597 0.223063 0.0010993
0 0.407071 0.338217 0.314782 0.164975 0.0010945
0 0.117583 0.305571 0.235167 0.327113 0.00108867
0 0.0787185 0.423179 0.157437 0.207465 0.00108826
0 0.733661 0.267278 0.532679 0.534555 0.00108643
0 0.518842 0.266756 0.864728 0.533511 0.00107531
0 0.901297 0.893635 0.197407 0.21273 0.00105078
0 0.513071 0.321095 0.736014 0.543099 0.0010457
0 0.259248 0.721693 0.518496 0.556614 0.0010433
0 0.0249004 0.359658 0.0498007 0.279836 0.00104169
0 0.225549 0.646617 0.160135 0.0980524 0.00104043
0 0.839925 0.295035 0.320151 0.41704 0.00103584
0 0.579632 0.691257 0.465527 0.42161 0.00102787
0 0.150427 0.466069 0.300853 0.302929 0.00101556
0 0.824808 0.790756 0.350384 0.418489 0.00101422
0 0 0.973941 0 0.0521185 0.00101137
0 0.122161 0.256355 0.244323 0.348908 0.0010106
0 0.0291294 0.425608 0.0582589 0.208298 0.00100418
0 0.231681 0.678475 0.175457 0.133012 0.832942
0 0.486338 0.75362 0.188443 0.132789 0.802464
0 0.746704 0.167327 0.100642 0.0656256 0.00886027
0 0.749876 0.156654 0.0975127 0.044743 0.00563553
0 0.998948 0.061025 0.00210328 0.12205 0.00386011
0 0.0619338 0.915316 0.123868 0.169369 0.00380854
0 0.663181 0.666204 0.187323 0.115285 0.0027978
0 1 0.971917 0 0.0561665 0.00213662
0 0.997553 0.903091 0.00489489 0.193817 0.0020218
0 0.998452 0.0926356 0.00309612 0.185271 0.00199943
0 0.713414 0.654854 0.151277 0.101315 0.0017209
0 0.175882 0.944971 0.14874 0.110058 0.00162685
0 0.998429 0.0369714 0.00314128 0.0739429 0.00144676
0 0.0252653 0.477252 0.0505307 0.226922 0.00142818
0 0.00327876 0.0314002 0.00655752 0.0628005 0.00125709
0 0 0.0196016 0 0.0392033 0.00120613
0 0.662323 0.703777 0.171136 0.0297178 0.00113237
0 0.00375342 0.0113347 0.00750683 0.0226693 0.0010925
0 0.0700885 0.969818 0.140177 0.0603643 0.00108296
0 0.989719 0.978915 0.0205611 0.0421698 0.00107567
0 0.588114 0.77666 0.163167 0.116911 0.00107261
0 1 0.938483 0 0.123034 0.00105466
0 0.00252817 0.523395 0.00505634 0.224209 0.00104882
0 0.00304726 0.0729049 0.00609452 0.14581 0.00101126
0 0.487008 0.75312 0.180443 0.129311 0.906351
0 0.230792 0.681691 0.177127 0.124035 0.862389
0 0 0.0543839 0 0.108768 0.00823181
0 0.997866 0.100767 0.00426721 0.201534 0.00538982
0 0 0.965192 0 0.0696156 0.00528487
0 0.996562 0.94767 0.00687597 0.10466 0.00520073
0 0 0.318974 0 0.126792 0.00383188
0 0.488557 0.733064 0.16732 0.087206 0.00379383
0 0 0.343858 0 0.126317 0.00376078
0 0 0.368852 0 0.125847 0.00363534
0 0 0.393881 0 0.125849 0.00359423
0 0 0.443978 0 0.126204 0.00358197
0 0 0.581535 0 0.126499 0.00355453
0 0 0.53153 0 0.12648 0.00355448
0 0 0.556527 0 0.126481 0.00355296
0 0 0.468995 0 0.12632 0.00355043
0 0 0.418951 0 0.126074 0.0035495
0 0 0.50652 0 0.126426 0.00354401
0 0 0.606532 0 0.126509 0.00354098
0 0 0.965396 0 0.0692076 0.0035311
0 0 0.631621 0 0.126769 0.00351989
0 0 0.656615 0 0.126904 0.00338274
0 0 0.294293 0 0.128391 0.00338045
0 0 0.937331 0 0.125338 0.00326742
0 0 0.681738 0 0.127389 0.00319999
0 0 0.706829 0 0.127629 0.00312877
0 0 0.269583 0 0.129559 0.00309552
0 0 0.732466 0 0.129509 0.00308088
0 1 0.962062 0 0.075876 0.00292304
0 1 0.958429 0 0.0831421 0.00280756
0 0 0.757361 0 0.129876 0.00276371
0 0 0.972018 0 0.0559643 0.00239876
0 1 0.0943078 0 0.188616 0.00233666
0 0.996666 0.970702 0.00666793 0.058596 0.00226201
0 0.895326 0.999197 0.209349 0.00160542 0.00217833
0 0 0.782883 0 0.131944 0.00216362
0 0 0.960786 0 0.0784288 0.0021055
0 0 0.244986 0 0.131394 0.00203394
0 1 0.0368474 0 0.0736948 0.00200802
0 0 0.216574 0 0.223259 0.00194977
0 0 0.0868049 0 0.17361 0.00188077
0 0 0.0470251 0 0.0940501 0.00187561
0 0 0.808261 0 0.132969 0.00187355
0 1 0.121992 0 0.243984 0.00186976
0 0 0.220102 0 0.131993 0.00186201
0 0 0.318054 0 0.208458 0.00182536
0 0 0.183075 0 0.133597 0.00174702
0 0 0.923995 0 0.152011 0.00172698
0 0 0.641281 0 0.2227 0.0017238
0 0.0132539 0.946693 0.0265078 0.106613 0.00169307
0 0 0.591343 0 0.222692 0.00169121
0 0 0.766029 0 0.222341 0.00168193
0 0 0.691325 0 0.22313 0.00167995
0 0 0.834886 0 0.137888 0.00166707
0 1 0.0349539 0 0.0699077 0.0015964
0 0 0.266383 0 0.223209 0.0015775
0 0 0.366023 0 0.222671 0.00152892
0 0 0.540955 0 0.223311 0.00152446
0 0 0.167762 0 0.209488 0.00151277
0 0 0.158843 0 0.138098 0.00145788
0 0.9376 0.997437 0.1248 0.00512619 0.00145318
0 0 0.860438 0 0.140397 0.00144611
0 0 0.740651 0 0.21295 0.00143366
0 0 0.951582 0 0.0968367 0.00142609
0 0 0.665325 0 0.212989 0.00142164
0 0 0.789949 0 0.214002 0.00139875
0 0 0.615392 0 0.212922 0.00139435
0 0 0.441167 0 0.222774 0.00139421
0 0 0.490832 0 0.223419 0.00137518
0 0 0.978402 0 0.0431967 0.00137036
0 0 0.565389 0 0.213008 0.00134071
0 0 0.840241 0 0.224454 0.00131933
0 0 0.839519 0 0.214521 0.00131916
0 0 0.962851 0 0.0742987 0.00131727
0 0 0.0927633 0 0.185527 0.00130383
0 0.927502 1 0.144996 0 0.00128667
0 0 0.242015 0 0.210995 0.001273
0 1 0.18761 0 0.218043 0.00124885
0 0 0.0900893 0 0.180179 0.00123767
0 0 0.391048 0 0.211813 0.00117289
0 0.0735371 0.0779075 0.147074 0.155815 0.0011716
0 0.579787 0.75265 0.0855361 0.118625 0.00116797
0 0 0.0287817 0 0.0575633 0.00115611
0 0 0.515312 0 0.213243 0.00114127
0 0.104153 0.999786 0.208307 0.000428009 0.00112729
0 0.221709 0.667236 0.148239 0.0976988 0.00112575
0 0 0.889812 0 0.215667 0.00111402
0 0.0440338 0.0554666 0.0880676 0.110933 0.00110839
0 0 0.168655 0 0.217796 0.00107487
0 0.0596238 0.0895073 0.119248 0.179015 0.0010733
0 0 0.886278 0 0.143644 0.00106232
0 0.0227443 0.0604637 0.0454887 0.120927 0.00105559
0 0.990345 0.979267 0.0193093 0.0414668 0.00104011
0 0 0.0158292 0 0.0316584 0.00103858
0 0.815801 0.999688 0.261743 0.000623322 0.00103822
0 0.0785546 0.428078 0.157109 0.355782 0.00103602
0 1 0.936708 0 0.126585 0.00101601
0 0.0784503 0.213808 0.156901 0.226682 0.00101576
0 0 0.928902 0 0.142196 0.00100925
0 0.283063 0.999576 0.26046 0.000847626 0.00100278
0 0.488319 0.753395 0.182367 0.131749 0.91423
0 0.230956 0.679199 0.171369 0.131587 0.847707
0 0.486085 0.754345 0.185217 0.132836 0.95118
0 0.232349 0.680218 0.174882 0.127241 0.916284
0 0.000285823 0.897321 0.000571647 0.205358 0.00233159
0 1 0.929807 0 0.140386 0.00145136
0 0.00145534 0.115803 0.00291067 0.231606 0.00139154
0 0.249442 0.196795 0.290209 0.185587 0.00134738
0 0.268066 0.782178 0.324138 0.242315 0.00115359
0 1 0.887735 0 0.224529 0.00102917
0 0.48589 0.751717 0.176754 0.128776 0.935144
0 0.230739 0.682135 0.170669 0.115911 0.850038
0 0.0751537 0.0887366 0.150307 0.174858 0.00141245
0 0.493397 0.734657 0.159891 0.0921448 0.00141104
0 1 0.0267875 0 0.0535751 0.00123612
0 0.48381 0.753464 0.183379 0.132881 0.918035
0 0.230775 0.683227 0.174028 0.116501 0.662284
0 0.556123 0.758819 0.118688 0.140222 0.00110147
0 0.484679 0.754782 0.179202 0.133535 0.963971
0 0.230295 0.683171 0.169686 0.124243 0.931539
0 0.000817527 0.0678748 0.00163505 0.13575 0.0037896
0 1 0.0857961 0 0.171592 0.00354142
0 0 0.0503936 0 0.100787 0.00156304
0 0.232866 0.704358 0.154633 0.0853447 0.0012546
0 0.229855 0.68319 0.170976 0.121456 0.863108
0 0.485921 0.755959 0.178658 0.133192 0.848045
0 0 0.0353872 0 0.0707745 0.00127211
0 0.487068 0.753572 0.189936 0.134553 0.927569
0 0.230771 0.683948 0.171298 0.121357 0.905763
0 0.998828 0.0766604 0.00234362 0.153321 0.00134394
0 0.693704 0.638042 0.216164 0.131951 0.00105672
0 0.229504 0.686615 0.173216 0.119396 0.923998
0 0.484861 0.75604 0.185889 0.134489 0.860778
0 0.485361 0.755327 0.183309 0.13515 0.921219
0 0.230132 0.682047 0.174718 0.126978 0.918166
0 0.310506 0.422059 0.102089 0.0620028 0.00158425
0 0 0.0827264 0 0.165453 0.00139838
0 0.230762 0.683437 0.173198 0.11941 0.946585
0 0.486593 0.752608 0.183376 0.129795 0.942688
0 0.486173 0.753294 0.181557 0.129475 0.948659
0 0.230182 0.683028 0.173446 0.122576 0.934864
0 0.00354577 0.0652755 0.00709155 0.130551 0.00104821
0 0.260601 0.715024 0.211351 0.129429 0.00104481
0 0.48429 0.75429 0.182394 0.133372 0.936709
0 0.227585 0.684298 0.172269 0.120793 0.890136
0 0.0109283 0.0750663 0.0218566 0.150133 0.00164751
0 1 0.0243204 0 0.0486408 0.00161427
0 0.261511 0.703166 0.211332 0.148683 0.00141412
0 0 0.0538254 0 0.107651 0.00114995
0 0.651636 0.821507 0.256661 0.248901 0.00108816
0 0.483598 0.755758 0.18252 0.133645 0.920098
0 0.228507 0.683419 0.1744 0.117556 0.915214
0 0.306787 0.280437 0.117233 0.0369708 0.00185571
0 1 0.0211782 0 0.0423564 0.00102311
0 0.230269 0.679498 0.173128 0.128148 0.903057
0 0.485658 0.756602 0.184285 0.134422 0.899228
0 0.930677 1 0.138645 0 0.00404915
0 0.904477 1 0.191047 0 0.00365801
0 0.876035 1 0.23733 0 0.00329298
0 0.772668 1 0.237316 0 0.00295756
0 0.721067 1 0.237244 0 0.00292576
0 0.824119 1 0.236948 0 0.00289821
0 0.669455 1 0.236999 0 0.00289685
0 0.617841 1 0.23676 0 0.00283122
0 0.566226 1 0.236605 0 0.00278237
0 0.445769 1 0.236172 0 0.00275531
0 0.514639 1 0.236349 0 0.00274066
0 0.394143 1 0.236298 0 0.00271141
0 0.325388 1 0.236289 0 0.0026784
0 0.20487 1 0.236125 0 0.00263809
0 0.273773 1 0.235851 0 0.00261957
0 0.135951 1 0.23628 0 0.00261167
0 0.101406 1 0.202811 0 0.00198529
0 0.229076 0.731128 0.165172 0.0264826 0.00197135
0 0.165332 0.939074 0.131665 0.0966902 0.00117708
0 0.689243 0.651203 0.208668 0.0948102 0.00101091
0 0.485325 0.755383 0.181822 0.136546 0.953989
0 0.230567 0.678822 0.172945 0.130473 0.883144
0 0.326487 0.230375 0.205245 0.121688 0.00204626
0 0.485186 0.755122 0.185304 0.13534 0.928096
0 0.231166 0.681737 0.175325 0.125293 0.888538
0 0.367984 0.235323 0.224027 0.109659 0.00842828
0 0.309431 0.368306 0.171702 0.161285 0.00140705
0 0.487146 0.753596 0.176322 0.131394 0.931734
0 0.229798 0.683812 0.171176 0.1167 0.917349
0 1 0.0667136 0 0.133427 0.00195486
0 0.230282 0.686065 0.171332 0.116149 0.815616
0 0.485812 0.755887 0.174984 0.136813 0.374274
0 0.486173 0.814515 0.183456 0.253595 0.00305352
0 0.228595 0.684408 0.17245 0.119486 0.821978
0 0.483603 0.755828 0.176934 0.135611 0.788777
0 0.228905 0.680416 0.171636 0.126379 0.883106
0 0.487417 0.75456 0.182403 0.132309 0.880463
0 0.486923 0.752639 0.1842 0.130105 0.950574
0 0.23105 0.675636 0.168871 0.133132 0.87328
0 0.484688 0.755046 0.183575 0.134369 0.949582
0 0.230617 0.682154 0.172194 0.120383 0.891515
0 0.19522 0.266577 0.136097 0.0425643 0.00496729
0 0.190703 0.272414 0.140105 0.0291715 0.00358652
0 0.706011 0.651302 0.173812 0.102409 0.00160604
0 0.156416 0.917469 0.110818 0.088987 0.00128227
0 0.676255 0.658291 0.201453 0.127049 0.00111986
0 0.22683 0.685365 0.168792 0.116483 0.939462
0 0.484917 0.754911 0.183267 0.136486 0.938521
0 0.230485 0.731588 0.158265 0.0280529 0.00464262
0 0.484701 0.754189 0.176372 0.135182 0.927133
0 0.22964 0.685438 0.172704 0.120075 0.898301
0 0.237169 0.733318 0.15377 0.0239363 0.00660514
0 0.190245 0.23659 0.138454 0.0994118 0.00325593
0 0.486197 0.756236 0.180961 0.134915 0.915891
0 0.230167 0.679855 0.173285 0.129955 0.909688
0 0.486241 0.754425 0.181457 0.134343 0.922541
0 0.229744 0.68307 0.174584 0.123501 0.903112
0 0.229403 0.684357 0.172044 0.125675 0.943421
0 0.486554 0.756182 0.182659 0.134373 0.923451
0 1 0.0575179 0 0.115036 0.00319055
0 0 0.0477532 0 0.0955065 0.00228653
0 0.484792 0.754237 0.182716 0.129241 0.930995
0 0.229884 0.681723 0.170934 0.121448 0.784308
0 0.81633 0.86822 0.367339 0.262759 0.00181514
0 0.485538 0.754166 0.188401 0.133927 0.914186
0 0.230178 0.67922 0.171892 0.13134 0.912416
0 0.672158 0.262182 0.17449 0.139982 0.00112844
0 0.485311 0.753773 0.182455 0.130437 0.92433
0 0.230268 0.681233 0.173244 0.123475 0.899272
0 0.230429 0.681491 0.174737 0.126751 0.92312
0 0.48568 0.755068 0.183159 0.13338 0.908542
0 0.229992 0.681678 0.175275 0.124676 0.930058
0 0.484332 0.755034 0.184075 0.133367 0.917427
0 0.229206 0.683944 0.174079 0.120092 0.930667
0 0.484632 0.754351 0.18506 0.131935 0.923814
0 0.48574 0.753938 0.187161 0.132358 0.925378
0 0.23001 0.679273 0.173417 0.127041 0.919321
0 0.485299 0.754945 0.183244 0.133185 0.930882
0 0.230128 0.677816 0.173234 0.133504 0.921163
0 0.229484 0.683202 0.170955 0.120384 0.91964
0 0.485283 0.754374 0.186299 0.132243 0.914585
0 0.230247 0.682104 0.174564 0.122878 0.923253
0 0.484908 0.753728 0.18291 0.131243 0.922714
0 0.22959 0.684502 0.174885 0.122328 0.94215
0 0.484867 0.755153 0.186002 0.13461 0.940025
0 0.22918 0.68463 0.172456 0.122574 0.93611
0 0.484581 0.755569 0.181375 0.135109 0.917995
0 0.230538 0.682315 0.172595 0.122453 0.943983
0 0.486127 0.754393 0.18475 0.13228 0.920583
0 0.485407 0.756218 0.183669 0.133134 0.941319
0 0.231808 0.679319 0.174775 0.130532 0.93688
0 0.485828 0.754804 0.183798 0.132411 0.924932
0 0.231907 0.678727 0.176183 0.129351 0.923494
0 0.485324 0.755553 0.1831 0.131478 0.945456
0 0.229445 0.681511 0.173653 0.126357 0.945429
0 0.230668 0.679388 0.173531 0.128133 0.934637
0 0.4844 0.756115 0.185777 0.133811 0.928215
0 0.4838 0.755114 0.183564 0.133286 0.954014
0 0.230107 0.680077 0.174124 0.126249 0.935354
0 0.484787 0.753098 0.181719 0.13118 0.958501
0 0.230524 0.681846 0.172824 0.121954 0.939244
0 0.795593 0.45024 0.193486 0.0989151 0.00964394
0 0.484782 0.753936 0.187372 0.13269 0.948167
0 0.230111 0.680271 0.173616 0.127247 0.935496
0 0.819866 0.455903 0.140296 0.113413 0.00403054
0 0.23047 0.679847 0.174449 0.127114 0.928817
0 0.485415 0.754623 0.181885 0.132565 0.927801
0 0.230856 0.678617 0.175696 0.132148 0.927981
0 0.4857 0.754946 0.188206 0.132626 0.927253
0 0.48473 0.755705 0.185738 0.134385 0.95556
0 0.229895 0.678554 0.176152 0.129135 0.944662
0 0.485713 0.756429 0.183992 0.135147 0.933919
0 0.230764 0.680151 0.172969 0.128073 0.915866
0 0.486751 0.756963 0.180767 0.13465 0.952339
0 0.230516 0.679083 0.17341 0.132446 0.946735
0 0.48466 0.755348 0.18446 0.134063 0.94593
0 0.230224 0.681802 0.173151 0.124186 0.937649
0 0.4859 0.755519 0.184526 0.133195 0.93808
0 0.230626 0.68193 0.171337 0.123502 0.937035
0 0.484717 0.754407 0.185506 0.132304 0.943323
0 0.230457 0.680221 0.174668 0.127585 0.932474
0 0.484514 0.755986 0.18572 0.134242 0.946894
0 0.229829 0.679413 0.173689 0.129621 0.938333
0 0.484124 0.757092 0.184108 0.134922 0.933056
0 0.230173 0.681284 0.174697 0.128419 0.924544
0 0.484823 0.75724 0.185481 0.136066 0.941493
0 0.230579 0.680037 0.173325 0.128863 0.929213
0 0.486035 0.755946 0.18485 0.13573 0.93516
0 0.230401 0.678532 0.172898 0.130844 0.932967
0 0.230465 0.677152 0.172749 0.134127 0.930967
0 0.485381 0.75716 0.184292 0.13844 0.930787
0 0.344202 0.335919 0.236372 0.131435 0.00112025
0 0.230597 0.676736 0.173446 0.136202 0.951983
0 0.485005 0.757428 0.182381 0.13576 0.948076
0 0.484502 0.757596 0.184504 0.135712 0.93851
0 0.230303 0.679478 0.17481 0.132227 0.933606
0 0.485608 0.756717 0.183536 0.133971 0.938274
0 0.230901 0.679134 0.172128 0.131231 0.936264
0 0.484839 0.75645 0.184638 0.134708 0.944897
0 0.23034 0.677303 0.17467 0.134547 0.941896
0 0.484792 0.756451 0.181292 0.134398 0.931992
0 0.230672 0.67535 0.172856 0.137975 0.930885
0 0.484252 0.756074 0.184966 0.134693 0.941334
0 0.23125 0.678288 0.1752 0.131763 0.935311
0 0.483825 0.756321 0.187167 0.135586 0.948329
0 0.229922 0.679233 0.17372 0.131422 0.942229
0 0.486532 0.756688 0.183013 0.136185 0.943227
0 0.230759 0.679341 0.173236 0.132637 0.938907
0 0.484077 0.755676 0.18566 0.134069 0.940569
0 0.23079 0.678703 0.174453 0.132258 0.940044
0 0.485441 0.756286 0.18169 0.13566 0.954771
0 0.230633 0.678553 0.173155 0.132598 0.947745
0 0.231239 0.678355 0.172083 0.131004 0.949087
0 0.485238 0.756263 0.18275 0.13535 0.946005
0 0.230304 0.678555 0.171994 0.130905 0.948738
0 0.484582 0.756274 0.184414 0.134477 0.945977
0 0.229813 0.67939 0.172792 0.129925 0.947994
0 0.484928 0.75593 0.185395 0.134222 0.945581
0 0.230094 0.679547 0.17229 0.130018 0.932998
0 0.484905 0.755808 0.183797 0.13449 0.93284
0 0.485299 0.756409 0.184757 0.134478 0.931513
0 0.230436 0.679537 0.172707 0.132641 0.930154
0 0.485436 0.756914 0.18468 0.13722 0.954109
0 0.230996 0.679006 0.173426 0.134138 0.945628
0 0.485457 0.755726 0.183099 0.133895 0.960269
0 0.230572 0.678638 0.174313 0.131655 0.948083
0 0.000821038 0.113526 0.00164208 0.227053 0.00123927
0 0.485594 0.755133 0.18215 0.133004 0.952765
0 0.230248 0.678509 0.173414 0.131324 0.943142
0 0.484808 0.755167 0.18263 0.13235 0.952279
0 0.230177 0.679157 0.173175 0.129844 0.943363
0 0.484405 0.75565 0.182948 0.133296 0.955831
0 0.2301 0.678674 0.173303 0.130813 0.946274
0 0.484229 0.755566 0.182168 0.132919 0.954936
0 0.22988 0.678209 0.171858 0.131898 0.939533
0 0.484573 0.75591 0.183321 0.134384 0.959273
0 0.230237 0.677844 0.172801 0.133728 0.938302
0 0.484846 0.755906 0.183486 0.134472 0.960791
0 0.230182 0.678026 0.172648 0.133356 0.93999
0 0.48604 0.755952 0.184862 0.135754 0.935164
0 0.2304 0.678528 0.172916 0.130853 0.933007
