0 0.470676 0.818278 0.184525 0.141027 0.0281558
0 0.474779 0.871196 0.175623 0.257607 0.0157687
0 0 0.910972 0 0.178055 0.0143639
0 1 0.0750646 0 0.150129 0.0140635
0 0.529577 0.808263 0.307636 0.153189 0.0140458
0 0 0.109912 0 0.219825 0.0138784
0 0.000915659 0.821916 0.00183132 0.356167 0.0136612
0 0.00186669 0.161643 0.00373338 0.323286 0.0136563
0 1 0.91351 0 0.172979 0.0135647
0 0.999388 0.11057 0.00122333 0.22114 0.0135288
0 0.997539 0.172342 0.00492166 0.344685 0.0133189
0 0.00631343 0.314799 0.0126269 0.629598 0.0133178
0 0.592361 0.861972 0.441436 0.276057 0.0133126
0 1 0.817917 0 0.364166 0.0132334
0 1 0.0287925 0 0.0575849 0.013222
0 0.461174 0.762568 0.196745 0.250065 0.0131811
0 0.974801 0.555232 0.0503972 0.889535 0.0131046
0 0 0.0438179 0 0.0876359 0.0130704
0 0.981574 0.434176 0.0368521 0.868352 0.0130194
0 0.368793 0.850612 0.398039 0.232692 0.0130002
0 0.996528 0.37423 0.00694475 0.74846 0.0129997
0 0.995162 0.270975 0.0096765 0.54195 0.0129863
0 0.068026 0.47827 0.0908222 0.106093 0.0129566
0 0.492831 0.749497 0.576033 0.271963 0.0129335
0 0.991704 0.601673 0.0165926 0.796654 0.0129227
0 0.39177 0.812853 0.347046 0.15516 0.0128955
0 0.994596 0.484876 0.0108076 0.969751 0.0128722
0 0.998683 0.736649 0.00263488 0.526702 0.0128646
0 0.602559 0.823932 0.434356 0.205597 0.0128634
0 0.409668 0.874953 0.36848 0.250093 0.0128342
0 0.347633 0.870076 0.438405 0.259848 0.012834
0 0.871239 0.422053 0.257522 0.844106 0.0128196
0 0.0562513 0.584655 0.112503 0.830689 0.0127955
0 0.107734 0.894892 0.215468 0.210217 0.0127745
0 0.0162033 0.419984 0.0324065 0.839968 0.0127477
0 0.505353 0.0865271 0.901713 0.0958906 0.0127253
0 0.995609 0.669934 0.00878263 0.660131 0.0127007
0 0.897583 0.562972 0.204833 0.874056 0.0126992
0 0.932767 0.387219 0.134466 0.774437 0.0126903
0 0.0393136 0.736663 0.0786272 0.526674 0.012686
0 0.0972184 0.908436 0.194437 0.17533 0.0126651
0 0.0987334 0.16662 0.197467 0.333239 0.0126511
0 0.413703 0.0779675 0.710229 0.104349 0.0126494
0 0.119098 0.825176 0.238195 0.349648 0.0126453
0 0.102663 0.115872 0.205325 0.231744 0.0126208
0 0.433053 0.11675 0.707009 0.162219 0.0125825
0 0.43849 0.0935082 0.656323 0.10682 0.0125454
0 0.499409 0.11697 0.998818 0.222811 0.0125447
0 0.342091 0.0104485 0.512928 0.0208969 0.0125306
0 0.425756 0.0420586 0.676201 0.0841172 0.0125272
0 0.415335 0.484744 0.719499 0.305087 0.0125197
0 0.312798 0.349069 0.621643 0.436246 0.0125084
0 0.061233 0.483442 0.122466 0.409111 0.0125013
0 0.841067 0.896144 0.317865 0.207712 0.0124888
0 0.441004 0.0662964 0.72053 0.132593 0.0124699
0 0.419795 0.575224 0.807006 0.602162 0.0124676
0 0.142061 0.270475 0.284121 0.54095 0.0124666
0 0.407753 0.166184 0.772798 0.293232 0.0124645
0 0.634313 0.0370501 0.731374 0.0741003 0.0124644
0 0.431976 0.229239 0.739656 0.371127 0.0124565
0 0.766008 0.764671 0.224755 0.105871 0.0124506
0 0.916584 0.881068 0.166832 0.237865 0.0124408
0 0.272754 0.117684 0.534089 0.229429 0.0124304
0 0.149945 0.118538 0.29989 0.228687 0.0124287
0 0.416389 0.448452 0.715657 0.203369 0.0124187
0 0.514603 0.0710651 0.970795 0.14213 0.0124169
0 0.199728 0.00910592 0.282524 0.0182118 0.0124103
0 0.107402 0.383318 0.214805 0.687046 0.0123995
0 0.0211283 0.640527 0.0422567 0.718946 0.0123919
0 0.22305 0.897577 0.39023 0.204846 0.0123914
0 0.341659 0.671747 0.683318 0.487463 0.0123912
0 0.810594 0.911064 0.378813 0.177872 0.0123902
0 0.499329 0.137249 0.862185 0.274498 0.0123895
0 0.109456 0.594009 0.218911 0.79817 0.0123884
0 0.903486 0.91251 0.193028 0.17498 0.012384
0 0.0638901 0.349641 0.12778 0.448655 0.012372
0 0.447414 0.330099 0.894829 0.660198 0.0123719
0 0.465115 0.272444 0.930231 0.492944 0.012369
0 0.190547 0.905434 0.381094 0.189131 0.0123358
0 0.549503 0.493279 0.900993 0.573238 0.0123346
0 0.516375 0.0944194 0.917892 0.188839 0.012334
0 0.160897 0.906588 0.321793 0.186824 0.0123291
0 0.421073 0.434404 0.842145 0.344453 0.0123285
0 0.750971 0.772099 0.280214 0.121586 0.0123285
0 0.955714 0.0427996 0.0885711 0.0855992 0.0123235
0 0.124253 0.70375 0.248507 0.5925 0.0123152
0 0.942242 0.112823 0.115516 0.225647 0.0123096
0 0.192837 0.739411 0.385674 0.510506 0.0123071
0 0.245765 0.883893 0.4897 0.232214 0.0123062
0 0.153995 0.0152378 0.291652 0.0304755 0.0122952
0 0.526293 0.36596 0.915819 0.669458 0.012294
0 0.257318 0.715003 0.514636 0.500447 0.0122878
0 0.845242 0.804034 0.309516 0.347848 0.0122867
0 0.16004 0.185545 0.320081 0.356271 0.0122862
0 0.234344 0.90189 0.468689 0.19622 0.0122815
0 0.508421 0.21376 0.898216 0.427519 0.0122805
0 0.120548 0.868568 0.241096 0.255576 0.0122777
0 0.142778 0.892075 0.285556 0.214143 0.012276
0 0.425126 0.450618 0.850252 0.741335 0.0122719
0 0.802625 0.775073 0.185417 0.122716 0.0122717
0 0.145764 0.825837 0.291528 0.321119 0.0122655
0 0.878969 0.818113 0.242062 0.363774 0.0122628
0 0.447574 0.402444 0.895148 0.500752 0.0122599
0 0.573149 0.655829 0.653634 0.501426 0.0122506
0 0.795802 0.924936 0.408032 0.150127 0.0122461
0 0.202689 0.350584 0.405378 0.701168 0.0122433
0 0.212851 0.780092 0.425702 0.35756 0.0122371
0 0.436419 0.643787 0.872839 0.562936 0.0122353
0 0.179218 0.853158 0.358436 0.262141 0.0122326
0 0.381767 0.723594 0.763534 0.521559 0.012226
0 0.929133 0.283482 0.141733 0.566963 0.012225
0 0.690904 0.703011 0.587808 0.247185 0.0122249
0 0.634977 0.802508 0.508839 0.180713 0.012212
0 0.735403 0.94441 0.395881 0.11118 0.012206
0 0.6974 0.256059 0.6052 0.496769 0.0121996
0 0.331904 0.887273 0.468378 0.225455 0.0121974
0 0.632099 0.658932 0.726367 0.307846 0.0121865
0 0.311258 0.300032 0.622516 0.582653 0.0121862
0 0.675022 0.938362 0.381228 0.123277 0.0121818
0 0.67397 0.856748 0.536971 0.280366 0.012181
0 0.350664 0.193017 0.701328 0.376358 0.0121799
0 0.628113 0.129898 0.743774 0.248637 0.012177
0 0.622953 0.715142 0.637537 0.318991 0.0121623
0 0.574301 0.5859 0.851397 0.394681 0.012156
0 0.836503 0.860493 0.326993 0.267031 0.0121544
0 0.848318 0.911907 0.303364 0.176186 0.0121536
0 0.855426 0.707955 0.289149 0.346457 0.0121509
0 0.280308 0.759252 0.560616 0.24957 0.0121509
0 0.310711 0.797075 0.621421 0.26097 0.0121325
0 0.529503 0.892398 0.417547 0.215203 0.0121232
0 0.551969 0.576881 0.777519 0.579498 0.0121215
0 0.761384 0.857842 0.477232 0.273866 0.0121145
0 0.603644 0.910049 0.418656 0.179901 0.0121026
0 0.701997 0.620305 0.596007 0.320075 0.0120946
0 0.759889 0.664985 0.480221 0.294744 0.0120915
0 0.739402 0.910531 0.429809 0.178937 0.0120824
0 0.664013 0.893621 0.524168 0.212757 0.0120747
0 0.743748 0.306373 0.512504 0.605737 0.0120629
0 0.769281 0.506965 0.461438 0.621487 0.0120506
0 0.842323 0.772848 0.315353 0.454304 0.0120494
0 0.861213 0.66367 0.277575 0.67266 0.0120399
0 0.840916 0.512547 0.318167 0.903817 0.0120354
0 0.839441 0.65292 0.321118 0.392147 0.0120311
0 0.388612 0.507744 0.777224 0.409943 0.0120037
0 0.614705 0.47523 0.770591 0.687663 0.0119834
0 0.783539 0.605223 0.432921 0.42339 0.0119747
0 0.359882 0.684099 0.719764 0.406817 0.0118814
0 0.0644026 0.499785 0.0810205 0.0574317 0.00357502
0 0.701981 0.498135 0.143933 0.0551876 0.00336612
0 1 0.0466639 0 0.0933277 0.00335082
0 0.0617228 0.516396 0.100157 0.0919555 0.00333275
0 0 0.952085 0 0.0958301 0.0032967
0 0.13502 0.788274 0.12778 0.0398806 0.00328589
0 1 0.0625162 0 0.125032 0.00328024
0 0.526021 0.486089 0.493702 0.0789253 0.00326692
0 0 0.0729288 0 0.145858 0.00324175
0 0.836228 0.210516 0.194226 0.0404253 0.00322961
0 0 0.068446 0 0.136892 0.00322838
0 0 0.917806 0 0.164388 0.00322832
0 0.729387 0.180048 0.408827 0.105444 0.00321857
0 0 0.965627 0 0.0687464 0.00321135
0 0.673458 0.209086 0.509295 0.0423598 0.00320848
0 0.0913489 0.591525 0.0717262 0.178712 0.0032062
0 0.690781 0.507286 0.267372 0.0838109 0.00320433
0 0.830048 0.202096 0.206996 0.0600545 0.00320374
0 0.732682 0.496643 0.087002 0.0551533 0.00319974
0 1 0.932081 0 0.135838 0.0031981
0 0.0570271 0.501573 0.114054 0.0774467 0.00319761
0 0 0.87573 0 0.24854 0.00318854
0 0.874159 0.604914 0.125864 0.117893 0.00318775
0 0 0.966379 0 0.0672415 0.00318302
0 0.747693 0.0834493 0.318526 0.0754126 0.00317656
0 0.0632028 0.611714 0.120506 0.301449 0.00317416
0 0.475832 0.794586 0.188941 0.140027 0.00316935
0 0.0761902 0.0973104 0.151472 0.140381 0.00316898
0 0.69476 0.491151 0.167761 0.0739522 0.00316852
0 0.0708395 0.378655 0.141679 0.437341 0.00316734
0 0.19674 0.0326427 0.319117 0.0551341 0.00316685
0 1 0.0447764 0 0.0895528 0.0031658
0 0.766636 0.0743326 0.348398 0.0977713 0.00316364
0 0.795023 0.609445 0.281895 0.130491 0.00316297
0 0.0335482 0.0913697 0.0670964 0.158034 0.00316181
0 1 0.887311 0 0.225377 0.00316166
0 0.533288 0.437316 0.537492 0.178717 0.00315909
0 0.694393 0.190582 0.463017 0.0822136 0.00315903
0 0.111831 0.783122 0.0984302 0.0689932 0.00315894
0 0.200713 0.351384 0.16173 0.0907691 0.00315891
0 0.194774 0.000610107 0.326824 0.00122021 0.0031584
0 0.134433 0.780827 0.130985 0.057489 0.00315756
0 0.43887 0.221539 0.371292 0.11968 0.00315675
0 0.070235 0.89893 0.14047 0.190862 0.0031547
0 1 0.958937 0 0.0821266 0.00315447
0 0.786476 1 0.427047 0 0.00315374
0 0 0.798793 0 0.211045 0.00315293
0 0.135907 0.791798 0.134608 0.056159 0.00315272
0 0.099763 0.59436 0.105477 0.247591 0.00315253
0 0.647456 0.502144 0.252332 0.094317 0.00315164
0 0.668094 0.000654206 0.42406 0.00130841 0.00315062
0 0.44403 0.0860776 0.498219 0.0775921 0.00315051
0 0.776507 0.00088411 0.349808 0.00176822 0.0031501
0 0.317539 0.664874 0.430001 0.113511 0.00314987
0 0.81735 0.258055 0.213416 0.161329 0.00314957
0 0.263106 0.000605637 0.324668 0.00121127 0.00314937
0 0.722637 0.7615 0.180741 0.0885281 0.00314846
0 0.325945 0 0.420579 0 0.00314797
0 0.0459687 0.82 0.0919374 0.36 0.00314791
0 0.044422 0.703571 0.088844 0.442658 0.0031478
0 0.527062 0.000596139 0.428349 0.00119228 0.00314777
0 0.750403 0.149958 0.356206 0.168296 0.00314736
0 0 0.74444 0 0.197969 0.00314668
0 0.19379 0.099577 0.202609 0.0510681 0.00314646
0 0.695309 0.761111 0.134871 0.0862726 0.00314579
0 0 0.063657 0 0.127314 0.00314459
0 0.0470085 0.773067 0.0940169 0.436621 0.00314442
0 0.182487 0.720785 0.202574 0.106103 0.00314382
0 0 0.511049 0 0.192861 0.00314178
0 0.807911 0.569195 0.303463 0.231524 0.00314176
0 0.740882 0.605288 0.388363 0.122344 0.00314162
0 0.164514 0.000546244 0.329028 0.00109249 0.0031412
0 0.798868 0.0802126 0.284683 0.0796346 0.00314087
0 0.695893 0.157763 0.458034 0.147149 0.00314073
0 0.0978094 0.757069 0.136961 0.120094 0.00314044
0 0.397287 0.000382768 0.413095 0.000765535 0.00314017
0 0 0.429214 0 0.218895 0.00313973
0 0.33431 0.353045 0.563241 0.060131 0.00313938
0 0.950655 0.821864 0.0986896 0.356273 0.00313807
0 0 0.369022 0 0.238774 0.00313779
0 0.38765 0.360124 0.7753 0.141529 0.00313717
0 0.945379 0.322494 0.109242 0.363921 0.00313694
0 0.913673 0.621105 0.172653 0.328517 0.00313684
0 0.164317 0.737247 0.240904 0.151634 0.00313647
0 0 0.686202 0 0.216835 0.00313645
0 0.938301 0.351803 0.0821279 0.242619 0.00313627
0 0 0.855423 0 0.260778 0.00313578
0 0.601307 0.802288 0.131914 0.170655 0.0031356
0 0.713834 0.0415756 0.501189 0.0831512 0.00313445
0 0.261811 1 0.509604 0 0.00313442
0 0.056275 0.524939 0.11255 0.118032 0.00313404
0 0.163822 0.057775 0.327645 0.105885 0.00313346
0 1 0.836191 0 0.327617 0.0031333
0 0.137083 0.773506 0.146168 0.0766334 0.00313306
0 0.0938171 0.677684 0.174304 0.304219 0.00313287
0 0.101557 0.609184 0.0874904 0.142282 0.00313259
0 0.318285 0.359539 0.534141 0.0911116 0.00313226
0 0.172198 0.0955656 0.248806 0.0746582 0.00313224
0 0.0420896 0.736677 0.0841793 0.347688 0.00313192
0 0 0.557562 0 0.18897 0.00313125
0 0.0493483 0.666492 0.0986966 0.399621 0.00313122
0 0 0.30455 0 0.265616 0.00313073
0 0.534931 0.395212 0.541882 0.245897 0.00313037
0 0.000108231 0.0720537 0.000216462 0.144107 0.00313031
0 0 0.122985 0 0.241883 0.0031301
0 0.696136 1 0.56886 0 0.00312987
0 0.204735 0.371098 0.192124 0.133877 0.0031294
0 0.942522 0.661055 0.114957 0.375402 0.00312927
0 0.626703 0.0825588 0.487445 0.0747949 0.00312917
0 0.580386 1 0.474522 0 0.00312878
0 0.0539116 0.610865 0.107823 0.398966 0.00312841
0 0.280433 0.0941933 0.324122 0.0596781 0.00312839
0 0.0492923 0.854401 0.0980328 0.27076 0.00312796
0 0.513544 0.46375 0.516183 0.120497 0.00312737
0 0 0.622028 0 0.229467 0.00312734
0 0.0807642 0.584399 0.0989367 0.241123 0.00312659
0 0.820975 0.758961 0.198454 0.0892937 0.00312646
0 0.0789899 0.259694 0.146121 0.148259 0.00312601
0 0.183441 0.0271822 0.270115 0.0470135 0.00312573
0 0.436393 0.217355 0.466764 0.137644 0.00312572
0 0.804883 0.0804832 0.215889 0.0703519 0.0031255
0 0.278244 0.682899 0.414439 0.0813169 0.00312452
0 0.957529 0.334865 0.0849415 0.332502 0.00312439
0 0.0970616 0.629139 0.144618 0.318793 0.0031243
0 0.921008 0.748969 0.157984 0.342503 0.00312405
0 0.363472 0.700107 0.418039 0.182726 0.00312399
0 0.789572 0.141318 0.316224 0.211734 0.00312387
0 0.844126 0.310126 0.264397 0.180815 0.00312373
0 0 0.244551 0 0.265454 0.00312348
0 0.934193 0.7961 0.131614 0.38947 0.00312332
0 0.79626 0.300198 0.228394 0.116991 0.00312321
0 0.767037 0.626452 0.337979 0.160443 0.00312306
0 0.948933 0.308721 0.102134 0.470113 0.00312257
0 0.103661 0.481678 0.106337 0.133988 0.00312249
0 0.176772 0.116061 0.243736 0.104861 0.00312244
0 0.163375 0.984789 0.326751 0.0304217 0.00312241
0 0.359665 0.579397 0.388244 0.231073 0.00312238
0 0 0.76626 0 0.177946 0.00312222
0 0.913994 0.277159 0.152959 0.364153 0.00312207
0 0.636285 0.21021 0.599117 0.0606829 0.00312194
0 0.829013 0.992299 0.341973 0.0154024 0.00312171
0 0 0.169103 0 0.250307 0.00311972
0 0.934714 0.836098 0.130572 0.323708 0.00311959
0 0.994627 0.596866 0.0107467 0.366101 0.00311938
0 0.798597 0.483259 0.228889 0.10468 0.00311867
0 0 0.433169 0 0.194405 0.00311797
0 0.0406424 0.128186 0.0812849 0.256371 0.00311783
0 0.305059 0.0804066 0.415568 0.103465 0.00311774
0 0.105591 0.797464 0.183137 0.108329 0.00311769
0 0.849522 0.938417 0.277149 0.123167 0.00311743
0 0.0830265 0.926059 0.166053 0.145016 0.00311742
0 1 0.952648 0 0.0947035 0.00311732
0 0.191941 1 0.383881 0 0.00311722
0 0.295488 0.539525 0.590976 0.850475 0.0192982
0 0.444067 0.49689 0.888134 0.802719 0.0190897
0 0.5 0.337437 1 0.674874 0.0190366
0 0.548474 0.601648 0.903053 0.602857 0.0190216
0 0.316134 0.370585 0.632268 0.74117 0.0186528
0 0.490941 0.398998 0.981882 0.797996 0.0186439
0 0.314429 0.180947 0.628859 0.361895 0.0185705
0 0.563847 0.194148 0.872306 0.388297 0.0183605
0 0.396026 0.335164 0.792052 0.670328 0.0181759
0 0.543732 0.406665 0.912537 0.783854 0.0180407
0 0.382843 0.657282 0.765685 0.685436 0.0176351
0 0.5 0.200941 1 0.401881 0.0175593
0 0.633921 0.713581 0.732159 0.572839 0.0174835
0 0.5 0.549726 1 0.75787 0.0173894
0 0.421699 0.592188 0.843398 0.804007 0.0172414
0 0.637133 0.524736 0.725734 0.648469 0.0170624
0 0.615462 0.324986 0.769077 0.649972 0.0170233
0 0.339505 0.611743 0.679011 0.776514 0.0168324
0 0.291575 0.658842 0.583149 0.682317 0.0166164
0 0.5 0.457834 1 0.721298 0.0165252
0 0.5 0.708025 1 0.583949 0.0165208
0 0.361181 0.733099 0.722361 0.533802 0.0162075
0 0.5 0.636677 1 0.726647 0.0161924
0 0.296112 0.198542 0.592223 0.397084 0.0160305
0 0.426205 0.212091 0.852411 0.424182 0.0157306
0 0.5 0.260333 1 0.520667 0.0150176
0 0.5 0.276502 1 0.553004 0.0149455
0 0.5 0.141265 1 0.282531 0.0148796
0 0.477027 0.159307 0.954054 0.318613 0.0147982
0 0.544219 0.691082 0.911561 0.617837 0.0146234
0 0.330685 0.143841 0.66137 0.287682 0.0145744
0 0.246535 0.347269 0.493071 0.694539 0.0142674
0 0.00291061 0.911716 0.00582123 0.176568 0.0141562
0 0.0813803 0.197415 0.162761 0.394829 0.0140086
0 0.00515158 0.747548 0.0103032 0.504903 0.0138356
0 0.637798 0.79167 0.724405 0.41666 0.0138305
0 0.542876 0.767428 0.914248 0.465143 0.0135762
0 0.664601 0.124484 0.670798 0.248967 0.0134006
0 0.926566 0.11644 0.146868 0.232879 0.0133305
0 0.254319 0.697212 0.508638 0.605576 0.0131741
0 0.487895 0.148656 0.97579 0.297312 0.0130938
0 0.0273285 0.86031 0.054657 0.279379 0.0130752
0 0.000365161 0.0629627 0.000730322 0.125925 0.0130133
0 0.637024 0.223781 0.725952 0.447561 0.0130047
0 0.639261 0.624792 0.721478 0.692041 0.0129755
0 0.540156 0.744694 0.919688 0.510612 0.0129689
0 1 0.105194 0 0.210388 0.0128643
0 0 0.17622 0 0.352439 0.0126717
0 0.48738 0.727732 0.97476 0.544535 0.0126714
0 0.00324563 0.10097 0.00649125 0.20194 0.0124299
0 0.71728 0.327492 0.565439 0.369978 0.0124101
0 0.739095 0.261822 0.521809 0.351945 0.012308
0 1 0.0161571 0 0.0323142 0.0122419
0 0.743397 0.631631 0.513206 0.396168 0.012223
0 1 0.0128747 0 0.0257494 0.0121798
0 0.725822 0.451595 0.548355 0.428483 0.0121219
0 0.746965 0.554822 0.506071 0.441886 0.012119
0 0.999086 0.0658614 0.0018279 0.131723 0.0120902
0 0.851779 0.181994 0.296443 0.347447 0.0120405
0 0.151853 0.714821 0.303706 0.570359 0.0120384
0 0.73759 0.7286 0.524821 0.487176 0.0119354
0 0.416652 0.803746 0.833303 0.392507 0.0118762
0 0.530347 0.804931 0.938836 0.390138 0.0116337
0 0.110271 0.773546 0.220542 0.452908 0.0116035
0 0.236747 0.906439 0.473495 0.187122 0.0115695
0 0.997839 0.915696 0.00432129 0.168608 0.0115483
0 0.659769 0.895662 0.680463 0.208676 0.0115469
0 0.311381 0.82824 0.622762 0.343519 0.011514
0 0.592467 0.825922 0.815066 0.348156 0.0114873
0 0.309917 0.787302 0.619834 0.425396 0.0114382
0 0.272334 0.871043 0.544667 0.257914 0.011297
0 0.578719 0.864863 0.842561 0.270274 0.010918
0 0.721478 0.815886 0.557045 0.363775 0.010876
0 0.152646 0.910518 0.305291 0.178963 0.010831
0 0.799959 0.888875 0.400081 0.222249 0.0101747
0 0 0.0407084 0 0.0814168 0.00447086
0 0.311498 0.228789 0.513772 0.158785 0.00443665
0 0.605229 0.564309 0.531156 0.19854 0.00421054
0 0.321537 0.372785 0.429527 0.164983 0.00419229
0 0.492662 0.148095 0.549236 0.174772 0.0041578
0 0.287862 0.480141 0.479816 0.15429 0.00410593
0 0.329488 0.523702 0.481543 0.20236 0.00401616
0 0.457463 0.211185 0.559583 0.133331 0.00400166
0 0.794557 0.409316 0.410887 0.182945 0.00398896
0 0.83858 0.72318 0.322839 0.176778 0.00395211
0 0.315726 0.168797 0.496661 0.133537 0.00391561
0 0.3246 0.201977 0.48515 0.158491 0.00390356
0 0.803681 0.248121 0.392639 0.204047 0.00389902
0 0.389021 0.466353 0.488175 0.128624 0.00387752
0 0.266301 0.564973 0.413299 0.169127 0.00387513
0 0.795711 0.31334 0.408578 0.222097 0.00385956
0 0.4837 0.0656416 0.490858 0.131283 0.0038246
0 0.805823 0.684049 0.388354 0.251076 0.00381894
0 0.794761 0.182235 0.410477 0.182853 0.00379231
0 0.851235 0.785171 0.29753 0.207876 0.00378775
0 0.409339 0.151935 0.521875 0.135753 0.00376782
0 0.480782 0.817576 0.152574 0.105246 0.00376225
0 0.22986 0.400692 0.391907 0.215485 0.0037551
0 0.446273 0.400472 0.578742 0.20401 0.0037504
0 0.271906 0.359627 0.465824 0.150937 0.00374586
0 0.327785 0.400512 0.484981 0.185674 0.00373403
0 0.000543795 0.876413 0.00108759 0.245222 0.00373114
0 0.559838 0.280728 0.490409 0.16421 0.0037247
0 0.808755 0.635915 0.382491 0.236002 0.00371653
0 0.795857 0.353637 0.408287 0.19488 0.00371278
0 0.317818 0.439966 0.491501 0.134916 0.00369974
0 0.84298 0.753153 0.31404 0.168576 0.00369573
0 0.795375 0.510364 0.40925 0.175832 0.00369556
0 0.306775 0.273763 0.516469 0.178865 0.00369172
0 0.513859 0.103698 0.467022 0.174406 0.00369022
0 0.789029 0.13255 0.421942 0.190033 0.00368578
0 0.646348 0.450167 0.528391 0.165725 0.00367407
0 0.662088 0.195707 0.555234 0.201093 0.00367206
0 0.303108 0.459132 0.454609 0.0981888 0.00366928
0 0.437916 0.585289 0.600399 0.169156 0.00366436
0 0.331972 0.320838 0.461181 0.161316 0.00366188
0 0.462206 0.0815807 0.524991 0.112912 0.00365994
0 0.794529 0.457818 0.410943 0.185691 0.00365542
0 0.60169 0.136112 0.472424 0.193996 0.00364702
0 0.684983 0.135087 0.568332 0.212256 0.00364265
0 0.608737 0.345826 0.598695 0.210629 0.00363857
0 0.468368 0.470971 0.45721 0.114666 0.00363662
0 0.456277 0.244401 0.558637 0.147703 0.00363455
0 0.400722 0.370126 0.570516 0.17658 0.00362809
0 0.267137 0.25254 0.534275 0.158465 0.00362685
0 0.344036 0.349831 0.446199 0.173705 0.00362112
0 0.333993 0.573828 0.54292 0.151059 0.00361835
0 0.794873 0.546575 0.410254 0.211066 0.00359914
0 0.271164 0.521009 0.396983 0.230931 0.00359913
0 0.466872 0.122081 0.52668 0.163806 0.00359651
0 0.000580408 0.824068 0.00116082 0.184843 0.0035907
0 0.588514 0.519105 0.561476 0.168861 0.00357949
0 0.462992 0.285866 0.540317 0.148563 0.00357142
0 0.433525 0.421574 0.499258 0.182326 0.00357044
0 0.263813 0.305005 0.409871 0.17906 0.0035645
0 0.28977 0.338354 0.490635 0.122284 0.00355226
0 0.240737 0.231386 0.439266 0.208068 0.00354658
0 0.154146 0.219882 0.308293 0.140652 0.00354189
0 0.426324 0.53439 0.542471 0.141611 0.00353925
0 0.78964 0.581013 0.42072 0.191518 0.00353693
0 0.599378 0.418051 0.621222 0.209651 0.00353657
0 0.376283 0.213173 0.535661 0.121876 0.00353226
0 0.00158769 0.449795 0.00317537 0.186203 0.00352829
0 0.158255 0.0847167 0.306966 0.0911879 0.00352424
0 0.231029 0.343814 0.38655 0.0955403 0.00351964
0 0.000386728 0.400229 0.000773457 0.184714 0.00351809
0 0.500124 0.819081 0.207845 0.119253 0.00351728
0 0.766833 0.402463 0.466333 0.215856 0.0035066
0 0.599932 0.380065 0.616896 0.20657 0.00350413
0 0.000282345 0.773593 0.00056469 0.181803 0.00350141
0 0.156614 0.346724 0.313228 0.2129 0.00349616
0 0.734207 0.304802 0.531586 0.210806 0.00349428
0 0.489393 0.60629 0.574143 0.19056 0.00349168
0 0.00206514 0.500491 0.00413028 0.186681 0.00349073
0 0.444829 0.570087 0.575693 0.120729 0.00348881
0 3.15512e-05 0.623766 6.31025e-05 0.18349 0.00348783
0 0.258793 0.592026 0.517586 0.148973 0.00348683
0 0.834607 0.439153 0.330786 0.232237 0.00348519
0 0.000225059 0.349726 0.000450118 0.18471 0.0034841
0 2.05583e-05 0.67343 4.11167e-05 0.182497 0.00347773
0 0.278677 0.194083 0.511685 0.129607 0.00347756
0 0.000101725 0.723225 0.000203451 0.182558 0.00347614
0 0.288768 0.151004 0.55584 0.145512 0.00347522
0 0.000183204 0.299394 0.000366408 0.184357 0.0034737
0 0.000139905 0.574283 0.00027981 0.182845 0.00347229
0 0.68289 0.495192 0.461073 0.176011 0.00347028
0 5.46363e-05 0.249037 0.000109273 0.181271 0.00346919
0 0.243013 0.596995 0.370121 0.154357 0.00346888
0 0.230082 0.374148 0.410793 0.137305 0.00346375
0 0.632475 0.231175 0.546876 0.190355 0.00346226
0 0.823568 0.757091 0.352865 0.178513 0.00345482
0 0.177883 0.299577 0.355766 0.242218 0.00344726
0 0.297854 0.0921993 0.526571 0.0690396 0.0034463
0 0.702546 0.449125 0.295794 0.16247 0.00344333
0 0.872536 0.917212 0.254928 0.164872 0.00343954
0 0.372954 0.122298 0.521109 0.168943 0.00343682
0 0 0.197213 0 0.182221 0.00343433
0 0.660298 0.318147 0.569119 0.185375 0.00343274
0 1 0.0257704 0 0.0515408 0.00342337
0 0.212842 0.639136 0.424994 0.15137 0.00342196
0 0.366554 0.177215 0.465532 0.163883 0.00342114
0 0.785178 0.622666 0.429644 0.215763 0.00341209
0 0.490852 0.797472 0.147371 0.06947 0.00341172
0 0.51203 0.346057 0.62286 0.167014 0.00341016
0 0.181764 0.65724 0.363528 0.164145 0.00340836
0 0.17627 0.460869 0.35254 0.191223 0.00340497
0 0.373266 0.295179 0.451744 0.200253 0.00340484
0 0.771134 0.138575 0.457732 0.214285 0.00340047
0 0.525519 0.0602755 0.365496 0.120551 0.00339977
0 0 0.142574 0 0.187785 0.00339665
0 0.221063 0.363567 0.426398 0.226609 0.00335977
0 0.993926 0.0400699 0.0121478 0.0801399 0.00335911
0 0.158156 0.38888 0.316313 0.214709 0.00335612
0 0.847233 0.923957 0.305535 0.152087 0.00335225
0 0.235517 0.499643 0.381068 0.167412 0.00334873
0 0.724736 0.0701194 0.550528 0.140239 0.0033465
0 0.185965 0.401827 0.37193 0.228667 0.00334189
0 0.252357 0.220825 0.504714 0.135712 0.00334077
0 0.78731 0.0754951 0.42538 0.15099 0.00334072
0 0.183638 0.387632 0.367277 0.15492 0.0033406
0 0.546095 0.230581 0.521155 0.182502 0.003339
0 0.541929 0.321877 0.537799 0.170702 0.00333533
0 0.801565 0.798219 0.349468 0.194243 0.0033353
0 0.608273 0.206017 0.602144 0.156841 0.00333513
0 0.657096 0.096136 0.578168 0.192272 0.0033321
0 0.481394 0.473184 0.431987 0.182007 0.0033316
0 0.449147 0.495515 0.499179 0.194886 0.00332616
0 0.746143 0.351105 0.507714 0.226055 0.00332173
0 0.739133 0.631078 0.521734 0.204963 0.00331835
0 0.79276 0.106844 0.414479 0.162241 0.00331487
0 0.655984 0.536904 0.581833 0.208659 0.00331069
0 0.469789 0.175763 0.533721 0.184077 0.00330965
0 0.21768 0.665876 0.43536 0.144564 0.00330954
0 0.274955 0.631569 0.549909 0.197405 0.00330564
0 0.271694 0.354569 0.401808 0.111139 0.00330413
0 0.63647 0.0597995 0.548599 0.119599 0.00330075
0 0.110229 0.0869317 0.220459 0.105098 0.00329642
0 0.544381 0.447363 0.469692 0.15834 0.00329169
0 0.835271 0.0709144 0.329459 0.0997156 0.00328714
0 0.721162 0.515423 0.557676 0.187551 0.0032836
0 0.512806 0.574763 0.587902 0.190046 0.00328145
0 0.39561 0.0908355 0.387951 0.0622843 0.00327893
0 0.460752 0.0626115 0.566509 0.125223 0.00327274
0 0.591908 0.060661 0.32655 0.121322 0.00326908
0 0.727325 0.677236 0.54535 0.169607 0.00326898
0 1 0.02958 0 0.05916 0.00326807
0 0.161417 0.431057 0.322833 0.206805 0.0032664
0 0.603637 0.462026 0.385486 0.185769 0.00326554
0 0.541275 0.0766269 0.336915 0.0945397 0.00325863
0 0.781293 0.238468 0.437414 0.198545 0.0032553
0 0.767335 0.581198 0.46533 0.197599 0.00325485
0 0.708003 0.0691961 0.524305 0.112359 0.00325347
0 0.791393 0.52365 0.417214 0.210383 0.00325315
0 0.586563 0.421432 0.403046 0.180971 0.0032489
0 0.201401 0.79622 0.400907 0.171364 0.00324616
0 0.735122 0.121942 0.529755 0.171634 0.00324442
0 1 0.0196919 0 0.0393839 0.00324318
0 0.269155 0.0863533 0.50669 0.102207 0.00324163
0 0.159794 0.628243 0.319587 0.223586 0.00324036
0 0.599532 0.472825 0.511558 0.187262 0.00323535
0 0.465302 0.86306 0.236495 0.273881 0.00323422
0 0.28397 0.0682691 0.56794 0.136538 0.0032284
0 0.561107 0.432354 0.5877 0.165046 0.00322698
0 0.800707 0.0698009 0.398586 0.131224 0.00322671
0 0.282835 0.122135 0.565669 0.17431 0.00322392
0 0.819503 0.701338 0.360993 0.241762 0.00321991
0 0.490111 0.828336 0.125489 0.0991541 0.00321679
0 0.158623 0.26668 0.317246 0.225831 0.00321673
0 0.87186 0.833865 0.25628 0.191848 0.0032107
0 0.784821 0.662691 0.430357 0.188298 0.00321012
0 0.526299 0.68093 0.360849 0.204199 0.00320552
0 0.205862 0.59584 0.380706 0.19868 0.00320437
0 0.747386 0.177008 0.505228 0.194238 0.00320319
0 0.222826 0.759946 0.433781 0.198488 0.00319561
0 0.208978 0.720829 0.417956 0.178264 0.00318978
0 0.996893 0.999912 0.00621351 0.000176144 0.00318578
0 0.779936 0.100043 0.440127 0.200085 0.00318297
0 0.256882 0.623649 0.426271 0.183098 0.00318098
0 0.153831 0.194046 0.307662 0.152992 0.00318095
0 0.347383 0.488783 0.507811 0.201863 0.00318057
0 0.0595958 0.000598697 0.119192 0.00119739 0.00318007
0 0.157904 0.825701 0.314686 0.136897 0.00317981
0 0.166738 0.697302 0.333477 0.188742 0.00317912
0 0.778166 0.465577 0.443669 0.157121 0.0031749
0 0.449613 0.670257 0.371107 0.159095 0.00317385
0 0.3631 0.60951 0.539909 0.192795 0.00317272
0 0.648913 0.751532 0.248654 0.0605567 0.00317244
0 0.640524 0.273461 0.520687 0.152845 0.0031688
0 0.174133 0.492704 0.348265 0.105754 0.00316389
0 0 0.0230855 0 0.0461709 0.00315685
0 0.379117 0.0668034 0.434855 0.129333 0.00315416
0 0.794112 0.741822 0.411776 0.169107 0.00315296
0 0.68784 0.430828 0.372442 0.166523 0.0031513
0 0.601746 0.751532 0.313518 0.141628 0.00315091
0 0.39173 0.557234 0.566845 0.161702 0.003148
0 0.0832931 0.000958756 0.161619 0.00191751 0.00314417
0 0.190094 0.0733716 0.366225 0.146743 0.00314067
0 0.613655 0.165765 0.590057 0.17838 0.00313736
0 0.774796 0.296039 0.450409 0.245821 0.0031334
0 0.75316 0.438797 0.493681 0.18618 0.00313285
0 0.436266 0.31136 0.551344 0.158956 0.00313264
0 0.872151 0.875112 0.255697 0.199477 0.00313225
0 0.684994 0.0729931 0.512991 0.145986 0.0031312
0 0.805719 0.297187 0.388562 0.186807 0.00312324
0 0.780304 0.484138 0.439392 0.166889 0.0031213
0 0.424338 0.862717 0.268689 0.274565 0.00312101
0 0.164429 0.568467 0.328858 0.224021 0.00312099
0 0.586344 0.0806984 0.23951 0.0849758 0.00311977
0 0.00465706 0.544739 0.00931411 0.198077 0.00311945
0 0.555032 0.546385 0.567787 0.169334 0.00311917
0 0.796119 0.781636 0.407762 0.191318 0.00311675
0 0.499392 0.806857 0.197472 0.0857071 0.0031155
0 0.611308 0.105568 0.545687 0.133952 0.00310853
0 0.00310534 0.997718 0.00621067 0.00456438 0.00310766
0 0.796936 0.270495 0.406128 0.165672 0.00310653
0 0.328931 0.00382723 0.242316 0.00765446 0.00310642
0 0.636657 0.771021 0.265331 0.174957 0.00310581
0 0.177939 0.23693 0.355879 0.177262 0.00310347
0 0.833045 0.222976 0.33391 0.204806 0.0031025
0 0.469772 0.837335 0.193903 0.131716 0.00310061
0 0.559943 0.122291 0.880113 0.244583 0.0180007
0 0.467909 0.816453 0.179733 0.132299 0.0170444
0 0.12174 0.734611 0.243481 0.276703 0.0168004
0 0.816262 0.602038 0.367476 0.595779 0.0166636
0 0.530722 0.0662933 0.938555 0.132587 0.0162101
0 0.122145 0.789086 0.244289 0.299964 0.0159407
0 0.827776 0.720863 0.330405 0.303093 0.015541
0 0.828735 0.88133 0.342529 0.237341 0.0151326
0 0.541258 0.182681 0.917484 0.365362 0.0146945
0 0.969631 0.0939927 0.0607385 0.187985 0.0145414
0 0.820326 0.820323 0.359349 0.359353 0.0143955
0 0.878318 0.703011 0.243363 0.241168 0.0143876
0 0.849666 0.73706 0.300668 0.366296 0.0142658
0 0.78169 0.613597 0.286545 0.28121 0.0141094
0 0.843258 0.810967 0.313484 0.378067 0.0140289
0 0.130376 0.622575 0.260751 0.314116 0.0136653
0 0.140657 0.539584 0.218906 0.262273 0.0134581
0 0.202026 0.827733 0.317117 0.292643 0.0134458
0 0.701806 0.827556 0.331465 0.303566 0.0133409
0 0.65682 0.633958 0.268859 0.266024 0.0133311
0 0.380446 0.240172 0.760892 0.268456 0.0132635
0 0.277997 0.777012 0.322822 0.293237 0.013136
0 0.127497 0.872718 0.254993 0.254564 0.0130935
0 0.710237 0.727586 0.309773 0.275301 0.0130619
0 0.790473 0.493068 0.419053 0.714376 0.0130109
0 0.0362286 0.446276 0.0724573 0.204326 0.0129595
0 0.296986 0.729589 0.289842 0.296306 0.0129454
0 0.280929 0.836358 0.318466 0.289585 0.0129312
0 0.368467 0.732024 0.28938 0.301244 0.0128889
0 0.58721 0.635006 0.267477 0.265874 0.0128589
0 0.705486 0.777028 0.322426 0.283884 0.0128475
0 0.775772 0.821987 0.353376 0.323325 0.0128092
0 0.155044 0.890939 0.305666 0.217805 0.0126949
0 0.0453903 0.09463 0.0907807 0.18926 0.0126817
0 0.35715 0.772751 0.332246 0.265792 0.0126706
0 0.703585 0.870807 0.327729 0.258387 0.0126281
0 0.223918 0.729395 0.307335 0.289694 0.0126258
0 0.286655 0.221172 0.57331 0.442344 0.0126174
0 0.5 0.194122 1 0.388245 0.0126052
0 0.49588 0.861052 0.27404 0.277896 0.0125735
0 0.319728 0.297439 0.639457 0.295933 0.0125688
0 0.233992 0.126142 0.282174 0.252284 0.0125494
0 0.653424 0.688409 0.282377 0.268431 0.0125407
0 0.807498 0.171122 0.385005 0.342244 0.0125143
0 0.77501 0.765362 0.338632 0.277769 0.0125138
0 0.813858 0.580442 0.372283 0.754204 0.0124891
0 0.0498684 0.133225 0.0997368 0.266451 0.0124877
0 0.179999 0.102041 0.263726 0.204083 0.012444
0 0.211688 0.894214 0.305361 0.211572 0.0124405
0 0.371085 0.84424 0.334868 0.266908 0.0124143
0 0.726485 0.392797 0.547031 0.561845 0.0123995
0 0.431196 0.73343 0.290555 0.302382 0.012393
0 0.411771 0.777548 0.318603 0.274263 0.0123825
0 0.0352014 0.391066 0.0704028 0.211355 0.0123463
0 0.721284 0.621731 0.283431 0.25665 0.0123438
0 0.885444 0.901111 0.229112 0.197779 0.0122942
0 0.278416 0.893406 0.316503 0.213187 0.0122617
0 0.578007 0.692504 0.283921 0.259496 0.0122597
0 0.153234 0.827287 0.306468 0.298379 0.0122422
0 0.525032 0.633072 0.259877 0.266255 0.012242
0 0.0225783 0.162608 0.0451567 0.307451 0.0122292
0 0.0198069 0.221386 0.0396138 0.304269 0.0122026
0 0.372664 0.95125 0.319333 0.0975002 0.0121699
0 0.639085 0.728114 0.302942 0.271891 0.0121272
0 0.407219 0.863561 0.323637 0.272878 0.012119
0 0.760038 0.228955 0.479924 0.45791 0.0121084
0 1 0.0872294 0 0.174459 0.0120674
0 0.449552 0.945014 0.329188 0.109972 0.0120667
0 0.829452 0.615912 0.301467 0.322956 0.0120622
0 0.270878 0.136413 0.372293 0.272826 0.0120213
0 0.0849303 0.364045 0.169861 0.228543 0.0120202
0 0.38089 0.68846 0.266974 0.27741 0.0120112
0 0.678994 0.96244 0.332475 0.07512 0.0119884
0 0.778507 0.68177 0.304862 0.289411 0.0119005
0 0.62642 0.831421 0.324878 0.29735 0.0118924
0 0.513495 0.689135 0.281506 0.26893 0.0118695
0 0.75869 0.96065 0.361074 0.0787003 0.0118495
0 0.135455 0.582579 0.234127 0.299161 0.0117694
0 0.299861 0.958111 0.31024 0.083777 0.0117652
0 0.218891 0.235408 0.437783 0.470816 0.0117494
0 0.448738 0.910705 0.258056 0.17859 0.0117264
0 0.043776 0.650005 0.0875519 0.252617 0.0116825
0 0.379581 0.909118 0.265485 0.181763 0.0116589
0 0.223552 0.24649 0.391552 0.185586 0.011657
0 0.787511 0.556313 0.267098 0.244857 0.0116498
0 0.99209 0.92193 0.0158193 0.15614 0.0116253
0 0.439063 0.845657 0.260683 0.267192 0.0116239
0 0.317619 0.686603 0.262908 0.281627 0.011622
0 0.727461 0.493845 0.545079 0.66548 0.0116201
0 0.141679 0.474167 0.265913 0.124442 0.0116069
0 0.44503 0.686591 0.278193 0.272255 0.011565
0 0.818031 0.936138 0.363829 0.127725 0.0115587
0 0.52236 0.911427 0.258093 0.177146 0.0115518
0 0.0641519 0.120838 0.128304 0.241675 0.0115504
0 0.557113 0.841563 0.29462 0.291957 0.0115486
0 0.519264 0.94858 0.317741 0.102839 0.0115171
0 0.773964 0.286066 0.452072 0.572131 0.0114189
0 0.936995 0.723224 0.12601 0.203035 0.0114177
0 0.086549 0.54446 0.173098 0.2433 0.0114175
0 0.742712 0.902997 0.272821 0.187351 0.0114113
0 0.628719 0.781375 0.32076 0.283461 0.0113908
0 0.0855371 0.473989 0.171074 0.11832 0.0113497
0 0.557872 0.898276 0.288781 0.203448 0.0113308
0 0.332335 0.242153 0.664669 0.353064 0.0113068
0 0.182904 0.691543 0.276251 0.300585 0.0112927
0 0.0900004 0.696407 0.180001 0.236354 0.0112858
0 0.169624 0.737421 0.282926 0.294832 0.0112676
0 0.304089 0.906844 0.26752 0.186311 0.0112627
0 0.0407485 0.261103 0.081497 0.281028 0.0112591
0 0.0388178 0.316731 0.0776357 0.272465 0.0112565
0 0.984098 0.721836 0.0318036 0.198246 0.0112426
0 0.247543 0.68412 0.284833 0.288535 0.0112405
0 0.556827 0.787834 0.300638 0.296133 0.011235
0 0.247805 0.179831 0.495611 0.359662 0.0111913
0 0.371764 0.246195 0.743527 0.492391 0.0111754
0 0.187229 0.122082 0.316374 0.244164 0.0111455
0 0.18507 0.939656 0.316213 0.120688 0.011145
0 0.306206 0.341926 0.225104 0.375531 0.0111446
0 0.593596 0.958005 0.312713 0.0839902 0.0111276
0 0.237445 0.958179 0.305285 0.0836414 0.0111226
0 0.048602 0.590316 0.097204 0.268093 0.011103
0 0.247306 0.293276 0.494612 0.481037 0.0110951
0 0.0398409 0.715127 0.0796818 0.229932 0.011081
0 0.498267 0.156466 0.768166 0.312932 0.0110375
0 0.0294447 0.112016 0.0588894 0.224032 0.0110354
0 0.125622 0.0993233 0.251245 0.198647 0.0110147
0 0.137772 0.903409 0.275543 0.193182 0.0109803
0 0.359089 0.884339 0.321731 0.231322 0.0109733
0 0.45638 0.636199 0.252392 0.277196 0.0109727
0 0.66987 0.905945 0.24779 0.18628 0.0109239
0 0.0914023 0.830765 0.182805 0.295471 0.0109161
0 0.323771 0.260665 0.180992 0.183478 0.010914
0 0.0887025 0.616542 0.177405 0.275151 0.0108999
0 0.00638861 0.0995022 0.0127772 0.199004 0.0108505
0 0.0943797 0.874948 0.188759 0.250105 0.0108305
0 0.62786 0.873325 0.320752 0.25335 0.010801
0 0.952252 0.917444 0.0954968 0.165113 0.0107554
0 0.136521 0.129402 0.273041 0.258804 0.0107318
0 0.74285 0.573608 0.5143 0.608683 0.0106438
0 0.39183 0.604191 0.240652 0.211502 0.0106373
0 0.500084 0.788158 0.274929 0.295297 0.0105712
0 0.834867 0.56365 0.279205 0.283471 0.0105426
0 0.0986004 0.91068 0.197201 0.178641 0.0105333
0 0.15191 0.921928 0.30382 0.156145 0.0104582
0 0.5 0.130201 1 0.260403 0.0104295
0 0.211331 0.194609 0.422662 0.389218 0.0103891
0 0.926873 0.666806 0.146254 0.333988 0.0103831
0 0.325096 0.634468 0.250737 0.284489 0.0103749
0 0.404335 0.327575 0.808671 0.304994 0.0103572
0 0.259622 0.584081 0.24362 0.279642 0.0103313
0 0.0154671 0.342235 0.0309343 0.274463 0.010327
0 0.0677551 0.945244 0.13551 0.109512 0.0102214
0 0.0453023 0.852394 0.0906046 0.274994 0.010204
0 0.645334 0.182948 0.709331 0.365895 0.0101856
0 0.0452542 0.511719 0.0905083 0.186821 0.0101518
0 0.189809 0.634763 0.265268 0.325885 0.0101438
0 0.593365 0.909592 0.239561 0.180815 0.0100947
0 0.327229 0.591968 0.231116 0.242292 0.0100913
0 0.706967 0.371295 0.586067 0.742591 0.0100489
0 0.258772 0.632341 0.269388 0.298512 0.0100208
0 0.593932 0.565854 0.256975 0.214215 0.0100149
0 0.261945 0.311671 0.343316 0.28947 0.00998362
0 0.0541042 0.915198 0.108208 0.164977 0.00998023
0 0.836271 0.118137 0.327458 0.236273 0.00977464
0 0.531222 0.585658 0.251422 0.21746 0.00973407
0 0.821739 0.518126 0.303497 0.231824 0.00969993
0 0.11225 0.930033 0.224499 0.139933 0.00964898
0 0.418167 0.272335 0.836334 0.301896 0.00963043
0 0 0.950763 0 0.098475 0.0096025
0 0.659366 0.557747 0.254068 0.218127 0.00957661
0 0.811253 0.449469 0.377493 0.807051 0.00955479
0 0.192128 0.545911 0.22548 0.285727 0.00952124
0 0.902426 0.816576 0.195147 0.366848 0.00934767
0 0.0436791 0.940667 0.0873582 0.118666 0.00932579
0 0.506652 0.261475 0.986697 0.413529 0.00931979
0 0.5 0.217327 1 0.434654 0.00931816
0 0.726041 0.557774 0.269581 0.235428 0.00924773
0 0.0119515 0.942338 0.023903 0.115324 0.00908415
0 0.00990061 0.469512 0.0198012 0.267404 0.00907925
0 0.706705 0.439035 0.586589 0.736369 0.00906081
0 0.193276 0.496466 0.243746 0.187855 0.00900926
0 0.0123434 0.411121 0.0246869 0.240753 0.00900807
0 0.279915 0.234592 0.238736 0.119518 0.0089485
0 0.5 0.16345 1 0.31531 0.00894213
0 0.440827 0.169994 0.881653 0.339988 0.00891262
0 0.556826 0.23016 0.886348 0.46032 0.00885866
0 0.264475 0.542302 0.211481 0.285836 0.0087771
0 0.00661562 0.886975 0.0132312 0.22605 0.00876485
0 0.0102786 0.707794 0.0205572 0.268791 0.00873286
0 0.375328 0.338858 0.591891 0.293182 0.00870451
0 0.264796 0.420678 0.228149 0.244902 0.00866191
0 0.00259201 0.293313 0.00518402 0.306728 0.00864112
0 0.0107465 0.763183 0.021493 0.286225 0.00849823
0 0.781816 0.514799 0.274644 0.18399 0.00846426
0 0.0121176 0.557706 0.0242352 0.263889 0.00842426
0 0.614288 0.320026 0.771424 0.640052 0.00839765
0 0.0102671 0.653763 0.0205341 0.268727 0.00837746
0 0 0.920991 0 0.158017 0.00829314
0 0.965883 0.874296 0.0682343 0.251409 0.00828796
0 0.574708 0.283329 0.850584 0.566657 0.00821722
0 0.00974239 0.818148 0.0194848 0.299585 0.0081772
0 0.280093 0.231287 0.390935 0.108675 0.00816568
0 0.482178 0.355661 0.964356 0.369661 0.00810571
0 0.487477 0.409947 0.91539 0.25615 0.00806994
0 0 0.904513 0 0.190975 0.00803499
0 0.425954 0.143898 0.851909 0.269215 0.00801319
0 0 0.1397 0 0.278688 0.00786346
0 0.0132939 0.916422 0.0265878 0.167156 0.00770676
0 0.284236 0.214136 0.391467 0.0813826 0.00766278
0 0.277715 0.213979 0.55543 0.219044 0.00766044
0 0.508111 0.506455 0.31497 0.231056 0.00754433
0 0.580102 0.396566 0.839795 0.325857 0.00745285
0 0.709833 0.515972 0.291192 0.19977 0.00732675
0 0.5 0.21385 1 0.32189 0.00716997
0 0.00801315 0.890746 0.0160263 0.168512 0.00707492
0 0 0.444692 0 0.2617 0.00702033
0 0.585333 0.51326 0.26979 0.233492 0.00698854
0 0 0.847139 0 0.277785 0.00694215
0 0 0.18746 0 0.271704 0.0069067
0 0 0.801856 0 0.284234 0.00688933
0 0 0.49235 0 0.271171 0.00680385
0 0 0.744202 0 0.278123 0.00677112
0 0.446004 0.490505 0.308571 0.225982 0.0067539
0 0 0.392088 0 0.232039 0.00675111
0 0.64654 0.508939 0.273611 0.205396 0.00669195
0 0 0.68732 0 0.266154 0.00659434
0 0 0.543388 0 0.273615 0.00653328
0 0.322554 0.520163 0.214415 0.259233 0.00650629
0 0 0.635958 0 0.262515 0.0065016
0 0.36578 0.493493 0.291094 0.222456 0.00640614
0 0 0.760992 0 0.168258 0.00624463
0 0 0.707305 0 0.179409 0.00605216
0 0 0.241808 0 0.268605 0.00590285
0 0 0.656926 0 0.185968 0.00579372
0 0 0.609848 0 0.190319 0.00576244
0 0 0.56596 0 0.201053 0.00550095
0 0 0.413875 0 0.177908 0.00535392
0 0 0.465644 0 0.191054 0.00535023
0 0 0.518953 0 0.201803 0.00533153
0 0 0.330326 0 0.14982 0.00518746
0 0 0.287722 0 0.230978 0.0047639
0 0 0.357297 0 0.1424 0.0046521
0 0.0541611 0.498954 0.108322 0.0588779 0.00461318
0 0.631686 0.589078 0.0872279 0.0261278 0.00452945
0 0.378572 0.587331 0.119464 0.0213083 0.00420624
0 0.399111 0.812798 0.0433914 0.1251 0.00415196
0 0.370531 0.668098 0.134833 0.0352959 0.00406531
0 0.796785 0.657515 0.0730343 0.0163511 0.00405322
0 0.611274 0.598128 0.148322 0.0460382 0.00404539
0 0.212698 0.587651 0.156615 0.0265127 0.00404529
0 0.668388 0.586255 0.050145 0.0174925 0.00398338
0 0.154892 0.74793 0.172634 0.0565575 0.0039578
0 0.496642 0.667324 0.116704 0.0373973 0.0039399
0 0.205398 0.661803 0.101475 0.0238633 0.00391124
0 0.438469 0.590273 0.154443 0.0316795 0.0038928
0 0.408449 0.587481 0.130709 0.0228209 0.00388686
0 0.77171 0.657293 0.0876103 0.0164457 0.00388659
0 0.183898 0.58759 0.162052 0.0325401 0.00388417
0 0.088852 0.89886 0.177704 0.202279 0.0038458
0 0.0928253 0.87643 0.185651 0.187137 0.00382206
0 0.881545 0.65697 0.0658589 0.0229336 0.00380947
0 1 0.938974 0 0.122051 0.00379565
0 0.0584892 0.505605 0.116978 0.0669563 0.00378805
0 0.773195 0.611835 0.0605401 0.0158357 0.00378033
0 0.055904 0.499128 0.111808 0.0557969 0.00377126
0 0.892988 0.657039 0.0865855 0.0417496 0.00373548
0 0.350154 0.587325 0.128195 0.023213 0.00373129
0 0.231704 0.486931 0.124367 0.0197943 0.00372919
0 0.225513 0.515685 0.180107 0.0243917 0.00371048
0 0.10039 0.253212 0.20078 0.258882 0.00369602
0 0.229066 0.562628 0.103794 0.0259485 0.00368515
0 0.901447 0.64486 0.0835444 0.0318708 0.00367526
0 0.812216 0.586005 0.0648212 0.0172067 0.00365938
0 0.0395216 0.0964754 0.0790431 0.140253 0.00361998
0 0.0389401 0.122942 0.0778802 0.140446 0.00361786
0 0.186079 0.661916 0.139807 0.0280307 0.00359813
0 0.831374 0.657963 0.0621482 0.0172926 0.00358771
0 0.19955 0.63783 0.0904281 0.0204802 0.00358652
0 0.205492 0.487546 0.125988 0.0183459 0.00356192
0 0.927147 0 0.145705 0 0.00356072
0 0.744255 0.657133 0.0601354 0.0163899 0.00355296
0 0.924039 0.545966 0.132142 0.054278 0.00353757
0 0.581928 0.421592 0.375048 0.23183 0.0035348
0 0.0724423 0.103736 0.144885 0.207472 0.00352544
0 0.507606 0.59727 0.160998 0.0510294 0.00352496
0 0.259706 0.486259 0.119703 0.0207266 0.00352329
0 0.0380885 0.145982 0.076177 0.109397 0.0035096
0 0.475322 0.594233 0.166 0.0444918 0.00350266
0 0.842797 0.583571 0.0575453 0.0163118 0.0034954
0 0.47348 0.671445 0.139579 0.0451981 0.00349033
0 0.776652 0.58782 0.0578388 0.0180223 0.00348642
0 0.441239 0.817657 0.160587 0.152246 0.00347629
0 0.515492 0.664801 0.0993878 0.0319336 0.00347114
0 0.347994 0.667332 0.134338 0.0344004 0.00346834
0 0.256086 0.562967 0.115377 0.0254271 0.00345683
0 0.54141 0.597535 0.153574 0.0501795 0.00345383
0 0.995765 0.0744295 0.00846958 0.148859 0.00344161
0 0.0192846 0.157186 0.0385693 0.0695202 0.0034337
0 0.396729 0.564942 0.0776475 0.0227342 0.00342908
0 0.0199799 0.132974 0.0399598 0.0775787 0.00342836
0 0.46841 0.816974 0.185225 0.141887 0.390682
0 0 0.0981808 0 0.196362 0.0992018
0 0 0.10206 0 0.204119 0.0945441
0 0 0.0976302 0 0.19526 0.0888707
0 0 0.103369 0 0.206738 0.0877176
0 0.00593592 0.0960611 0.0118718 0.192122 0.0771746
0 0 0.114263 0 0.228527 0.0593606
0 1 0.0994015 0 0.198803 0.0421915
0 1 0.093148 0 0.186296 0.0419124
0 0.941922 0.919057 0.116157 0.161885 0.0406578
0 0.0301732 0.0949457 0.0603463 0.189891 0.034761
0 0.30274 0.866419 0.204793 0.267162 0.0344405
0 0.0612924 0.0953443 0.122585 0.190689 0.0305508
0 0.252118 0.881446 0.18095 0.237109 0.0297945
0 0.0943697 0.097599 0.126775 0.195198 0.0291842
0 0.957043 0.918653 0.0859141 0.162694 0.0290762
0 0.968813 0.918489 0.0623743 0.163023 0.0279421
0 0 0.894537 0 0.210926 0.0279322
0 0.0426779 0.0948182 0.0853558 0.189636 0.0275836
0 0.62652 0.889012 0.1787 0.221976 0.0273339
0 0.613324 0.833306 0.129536 0.265846 0.0261556
0 0.143376 0.0985741 0.0931029 0.197148 0.0251922
0 0.594854 0.876633 0.184348 0.246735 0.0248419
0 0.910102 0.91801 0.156894 0.163981 0.0233465
0 0.121976 0.0955263 0.128824 0.191053 0.0230216
0 0 0.129118 0 0.258236 0.0213432
0 0.971688 0.059911 0.0566233 0.119822 0.0210626
0 0.0653238 0.463609 0.130648 0.296102 0.0206865
0 0.322442 0.906732 0.182107 0.186536 0.0206859
0 0.0764827 0.0816162 0.0983702 0.163232 0.0185051
0 0.666997 0.894317 0.170125 0.211367 0.0181911
0 0.35715 0.910132 0.16585 0.179737 0.0181431
0 0.634688 0.839844 0.178597 0.257171 0.0181019
0 0.044377 0.0819259 0.088754 0.163852 0.016877
0 0.987894 0.0563945 0.0242119 0.112789 0.0166364
0 0.00851664 0.0854622 0.0170333 0.170924 0.0165939
0 0.294532 0.903595 0.193598 0.192811 0.0163054
0 0.0620242 0.105088 0.124048 0.210176 0.0162159
0 0.0453476 0.898753 0.0906951 0.202494 0.0157976
0 0.0674603 0.533482 0.134921 0.279575 0.0153608
0 0.218384 0.880219 0.189794 0.239562 0.0148974
0 0.573365 0.919807 0.182442 0.160386 0.014886
0 0 0.134875 0 0.269751 0.0147387
0 0.696283 0.895114 0.156411 0.209772 0.0147001
0 0.500877 0.926882 0.166844 0.146235 0.0144397
0 0.923114 0.0600373 0.115819 0.120075 0.0144147
0 0.36789 0.0182477 0.220559 0.0364954 0.0144016
0 0 0.618007 0 0.308375 0.0142424
0 0.0135494 0.463935 0.0270989 0.257761 0.0137557
0 0 0.496652 0 0.308421 0.0136835
0 1 0.926291 0 0.147418 0.0136663
0 0.542465 0.925474 0.15271 0.149051 0.013608
0 0.450808 0.0192632 0.264351 0.0385264 0.0136023
0 0 0.748095 0 0.302307 0.0136001
0 0 0.493871 0 0.256809 0.0131898
0 0.604129 0.910232 0.197149 0.179535 0.0131793
0 0.000202819 0.616376 0.000405638 0.257432 0.0129487
0 0.470527 0.92547 0.179573 0.149061 0.0129459
0 0.995106 0.0722228 0.00978846 0.144446 0.0128078
0 0.0084812 0.0765877 0.0169624 0.153175 0.0127928
0 0.0625535 0.893027 0.125107 0.213945 0.0127728
0 0.36429 0.38876 0.728581 0.337105 0.0125181
0 0 0.913756 0 0.172487 0.0124883
0 0.919556 0.94178 0.158185 0.11644 0.0124206
0 0 0.0778347 0 0.155669 0.0123886
0 0.266378 0.853359 0.173641 0.242967 0.0123575
0 0 0.615431 0 0.257352 0.0123088
0 0.831798 0.472773 0.336404 0.777426 0.0123029
0 0 0.905385 0 0.189229 0.0120939
0 0.807386 0.702266 0.385228 0.595468 0.0120439
0 0.0790155 0.112046 0.158031 0.224092 0.0118729
0 0 0.4098 0 0.274015 0.0117865
0 1 0.95211 0 0.09578 0.0117282
0 0.0141667 0.635903 0.0283335 0.264154 0.0116917
0 0.839105 0.630391 0.321789 0.739217 0.0116517
0 0.438586 0.471254 0.877171 0.660541 0.0116448
0 0.0656661 0.59224 0.131332 0.267564 0.0116192
0 0.27106 0.915138 0.209745 0.169723 0.011549
0 0.622921 0.0176928 0.25644 0.0353855 0.0115069
0 0.397682 0.921038 0.170843 0.157924 0.01145
0 0.357488 0.372729 0.714976 0.541798 0.0114036
0 0.436479 0.924132 0.18611 0.151735 0.0113589
0 0.171862 0.454858 0.154059 0.218108 0.0113303
0 0 0.495371 0 0.253197 0.0112987
0 0.810831 0.328073 0.378338 0.656146 0.0112295
0 0.828859 0.831679 0.342281 0.336642 0.0112278
0 0.970206 0.0585108 0.0595887 0.117022 0.011181
0 0.913178 0.155898 0.173644 0.238205 0.011167
0 0.970075 0.0638403 0.0598498 0.127681 0.0111593
0 0.0294039 0.074789 0.0588079 0.149578 0.0110757
0 0.566569 0.871684 0.165722 0.256632 0.0110572
0 0.726474 0.746779 0.547053 0.506442 0.0110449
0 0.0801506 0.0726249 0.085006 0.14525 0.0110216
0 0 0.541871 0 0.264226 0.0109316
0 0.772335 0.907242 0.16033 0.185516 0.0108168
0 1 0.91664 0 0.166719 0.0107859
0 0 0.0778743 0 0.155749 0.0107315
0 0 0.541336 0 0.263135 0.0107143
0 0.517884 0.0177373 0.24971 0.0354747 0.0106551
0 0.0776852 0.472379 0.15537 0.286992 0.0106542
0 0.982887 0.0600352 0.0342252 0.12007 0.0106506
0 1 0.0702349 0 0.14047 0.0105729
0 0.88142 0.0589566 0.175617 0.117913 0.0105595
0 0.86527 0.769681 0.26946 0.460637 0.0105259
0 0.0461799 0.409343 0.0923598 0.289204 0.0104255
0 0.814842 0.0552116 0.203078 0.110423 0.0103293
0 0.974474 0.062311 0.0510515 0.124622 0.0103043
0 0.722768 0.598529 0.182603 0.304519 0.01026
0 0 0.819791 0 0.316754 0.0102571
0 0.000801546 0.667524 0.00160309 0.260556 0.0102459
0 0 0.449343 0 0.24159 0.0102387
0 0.821442 0.214302 0.357115 0.428605 0.0102239
0 0.743108 0.907002 0.153324 0.185997 0.0102076
0 0.35791 0.263879 0.715821 0.527758 0.0101854
0 0.0613302 0.648693 0.12266 0.293464 0.01013
0 0.684487 0.193178 0.631026 0.386356 0.0101229
0 0.179154 0.877545 0.178399 0.244909 0.0101108
0 0.881475 0.154513 0.237051 0.285828 0.0100331
0 0.632598 0.778873 0.17125 0.240457 0.0100006
0 0.433864 0.358813 0.867728 0.384972 0.00995638
0 0.984741 0.156003 0.0305184 0.312006 0.00994906
0 0.743826 0.51211 0.512348 0.748659 0.00993883
0 0 0.695005 0 0.248256 0.0099157
0 0.0136666 0.511561 0.0273333 0.277294 0.00990377
0 0.168379 0.0945093 0.131582 0.189019 0.00987645
0 0.532029 0.133475 0.669566 0.266949 0.00976583
0 0.0488667 0.46249 0.0977333 0.30294 0.00973015
0 0.0306666 0.607083 0.0613331 0.269902 0.00972488
0 0 0.931932 0 0.136136 0.00965415
0 0.335262 0.852123 0.198246 0.253586 0.00964382
0 0.668943 0.847369 0.184597 0.253297 0.00963009
0 0.692045 0.0203151 0.258913 0.0406303 0.00961538
0 0 0.167645 0 0.329899 0.00959516
0 0.838686 0.105219 0.322629 0.210438 0.00957752
0 0.383744 0.25289 0.767488 0.50578 0.00950783
0 0.211939 0.06237 0.101431 0.12474 0.00947196
0 0.0446664 0.870804 0.0893329 0.258391 0.00945939
0 0.992699 0.0610555 0.0146018 0.122111 0.00941866
0 0 0.449386 0 0.242218 0.0093867
0 0.330532 0.0191778 0.155128 0.0383556 0.00937238
0 0.510348 0.821231 0.111147 0.160794 0.00928402
0 0.347438 0.878032 0.169404 0.243935 0.00927431
0 0.304772 0.23914 0.609544 0.47828 0.00923917
0 0.54961 0.801753 0.0829999 0.200785 0.00922844
0 0.109583 0.0736805 0.0963007 0.147361 0.00922546
0 0.234352 0.918832 0.199214 0.162335 0.0091611
0 0.639783 0.909952 0.201171 0.180096 0.00915862
0 0.0522005 0.632748 0.104401 0.281388 0.00911743
0 0.181561 0.0698218 0.094885 0.139644 0.00911214
0 0.243348 0.0491846 0.105467 0.0983692 0.00910605
0 0.723424 0.0459509 0.245167 0.0919019 0.00907388
0 0.0314676 0.442544 0.0629352 0.286705 0.00905785
0 0.398098 0.143081 0.538666 0.286162 0.00904945
0 0.483191 0.116384 0.966382 0.232767 0.00904063
0 0.14486 0.0735032 0.0986782 0.147006 0.00903509
0 0.373944 0.0196327 0.130171 0.0392653 0.00900476
0 0.403233 0.019535 0.136724 0.0390699 0.00900262
0 0.00844555 0.930825 0.0168911 0.138351 0.00892383
0 0.562146 0.384294 0.875708 0.463869 0.00891256
0 0.951634 0.840141 0.0967315 0.319719 0.00890009
0 0 0.1553 0 0.3106 0.0088787
0 0.92271 0.279758 0.154579 0.559515 0.00881068
0 0 0.788634 0 0.256797 0.00878766
0 0.0327335 0.91243 0.065467 0.175139 0.00878463
0 0.977556 0.885664 0.0448872 0.228671 0.00878334
0 0.923286 0.770444 0.153428 0.459112 0.00877072
0 0.0610409 0.868204 0.122082 0.263592 0.00876553
0 0.727961 0.67255 0.182748 0.290702 0.00873047
0 0.463761 0.872324 0.205758 0.255352 0.00870419
0 0.27589 0.0361784 0.1096 0.0723568 0.00864543
0 1 0.086004 0 0.172008 0.00864394
0 0.593272 0.0856831 0.813455 0.171366 0.00860477
0 0.125841 0.32413 0.251683 0.39623 0.00858738
0 0.813385 0.207706 0.373231 0.29394 0.00855858
0 0.0801602 0.892503 0.16032 0.214993 0.00854322
0 0.989999 0.237088 0.020001 0.474176 0.00854162
0 0.0608164 0.394865 0.121633 0.322225 0.0085244
0 0.218052 0.12168 0.436103 0.243361 0.00848778
0 0.964125 0.908308 0.0717494 0.183384 0.00846193
0 0.430099 0.0198272 0.150011 0.0396543 0.00845568
0 0 0.0774472 0 0.154894 0.00844177
0 0.704363 0.912924 0.18386 0.174153 0.00843114
0 0.0133767 0.68608 0.0267533 0.273191 0.00837697
0 0.404224 0.179116 0.808447 0.358232 0.00834038
0 0.8653 0.16263 0.269401 0.32526 0.00831843
0 0.996372 0.15954 0.0072557 0.31908 0.00826468
0 0.203517 0.456567 0.100644 0.221988 0.00824937
0 0 0.35702 0 0.27729 0.00824778
0 0.591092 0.105907 0.817816 0.211814 0.00824168
0 0.398387 0.328519 0.796773 0.514091 0.0082257
0 0.904721 0.0501777 0.142237 0.100355 0.00819296
0 0.425353 0.0940807 0.850705 0.188161 0.00817112
0 0.303412 0.142905 0.427477 0.285809 0.00814176
0 0.343994 0.0209646 0.118523 0.0419292 0.00808146
0 0.737445 0.021681 0.139155 0.0433619 0.00808127
0 0.383484 0.899056 0.359289 0.201889 0.00808056
0 0.759528 0.606832 0.180856 0.288122 0.00806365
0 0 0.34257 0 0.231157 0.00803031
0 0.0320546 0.109844 0.0641092 0.219688 0.00802992
0 0.00064991 0.921972 0.00129982 0.156057 0.00801946
0 0.80683 0.895728 0.168109 0.208543 0.00800344
0 0.856017 0.887272 0.215893 0.225456 0.00798154
0 0.667484 0.690356 0.665032 0.619289 0.00797843
0 0.733492 0.887502 0.169439 0.224996 0.00797398
0 0.000345899 0.71997 0.000691797 0.241809 0.00796569
0 0.296968 0.0323222 0.156919 0.0646444 0.00794455
0 0.597954 0.342514 0.804092 0.345026 0.00792836
0 0.66522 0.112287 0.598981 0.224574 0.00791769
0 0.0129696 0.565923 0.0259392 0.263029 0.00791057
0 0.762829 0.676589 0.1743 0.275261 0.00790581
0 0.924904 0.889608 0.150192 0.220784 0.00786462
0 0.12848 0.240643 0.25696 0.416717 0.00785665
0 0.139099 0.874515 0.173539 0.25097 0.0078361
0 0.158275 0.913702 0.179544 0.172596 0.00783176
0 0.19974 0.919039 0.196362 0.161922 0.00781581
0 0.531024 0.0199683 0.145756 0.0399366 0.00780293
0 0.0605924 0.817093 0.121185 0.315982 0.00777212
0 0.794009 0.607751 0.411982 0.784497 0.00774786
0 0.656245 0.161749 0.687509 0.323499 0.00773098
0 0 0.743452 0 0.237378 0.00771478
0 0.967503 0.0997481 0.0649942 0.199496 0.00765795
0 0.428979 0.91191 0.45533 0.17618 0.00765146
0 0.308974 0.0272386 0.114058 0.0544772 0.0075982
0 0.769068 0.0404688 0.135105 0.0809376 0.00752177
0 0.875403 0.0640963 0.150112 0.128193 0.00752171
0 0.240283 0.050988 0.133299 0.101976 0.00748088
0 0.0322744 0.653205 0.0645487 0.285737 0.00746609
0 0.669137 0.426671 0.661726 0.273069 0.00745499
0 0.333754 0.906993 0.651379 0.186014 0.00742381
0 0.0429227 0.121337 0.0858454 0.242674 0.00739152
0 0 0.839683 0 0.312915 0.00738917
0 0.787189 0.105997 0.425621 0.211994 0.00735633
0 0.077551 0.870833 0.155102 0.258334 0.00733287
0 0.79972 0.0583529 0.146214 0.116706 0.0073303
0 0.495541 0.0200477 0.154232 0.0400953 0.00732059
0 0.112388 0.900145 0.174006 0.199709 0.00727585
0 0 0.302811 0 0.26021 0.00726905
0 0.619391 0.111298 0.761217 0.222595 0.00726857
0 0.580695 0.784565 0.12562 0.244238 0.00725696
0 0.443663 0.864796 0.609105 0.270408 0.0071978
0 0.698803 0.492239 0.602393 0.569869 0.00719345
0 0.844608 0.0629734 0.133179 0.125947 0.00715995
0 0.595591 0.83002 0.0862089 0.262287 0.0071409
0 0.959168 0.914262 0.0816642 0.171475 0.00711377
0 0.740991 0.571192 0.163504 0.271716 0.00709887
0 0.574355 0.914463 0.435049 0.171073 0.00709176
0 0 0.491565 0 0.30787 0.00707699
0 0.0415035 0.29378 0.0830071 0.325784 0.00707215
0 0.1107 0.452416 0.177822 0.214751 0.00703724
0 0.0488362 0.671703 0.0976724 0.293822 0.007022
0 0.67178 0.0197884 0.137547 0.0395768 0.0070167
0 0.458686 0.0200446 0.159027 0.0400891 0.00700611
0 0.879777 0.874977 0.240445 0.250046 0.00698709
0 0 0.183029 0 0.283718 0.00698034
0 0.697959 0.239485 0.604081 0.375549 0.0069452
0 0 0.876908 0 0.246185 0.00693856
0 0.309083 0.896803 0.337571 0.206395 0.00693544
0 0.413432 0.856702 0.083327 0.236322 0.00693106
0 0.264419 0.0413077 0.145822 0.0826153 0.00692519
0 0.0465857 0.819978 0.0931714 0.313839 0.0069242
0 0.588343 0.902472 0.33527 0.195057 0.00691716
0 0 0.6628 0 0.301064 0.00691023
0 0.0568188 0.606245 0.113638 0.445509 0.00690445
0 0.56386 0.0198859 0.145447 0.0397719 0.0068778
0 0.0821845 0.844705 0.164369 0.310589 0.00687339
0 0.0502568 0.341867 0.100514 0.421253 0.00687133
0 0 0.567062 0 0.312512 0.00686067
0 0.888009 0.911121 0.175783 0.177759 0.00685805
0 0.049319 0.750892 0.0986381 0.428784 0.00685098
0 0.707245 0.0197906 0.137842 0.0395812 0.00684742
0 0.442215 0.105156 0.884431 0.210312 0.00683976
0 0.0160089 0.111728 0.0320177 0.223457 0.00682924
0 0.00966088 0.741631 0.0193218 0.256704 0.00682288
0 0.335188 0.861747 0.491073 0.276505 0.00682256
0 0.390694 0.499188 0.588878 0.225055 0.00681519
0 0.700956 0.418413 0.598089 0.676829 0.00681005
0 0.0421537 0.347523 0.0843074 0.322031 0.00680002
0 0.786046 0.17112 0.427908 0.342241 0.00677542
0 0.553016 0.647622 0.165905 0.253037 0.00677526
0 0.969791 0.912781 0.0604172 0.174439 0.00676614
0 0.812788 0.915973 0.180582 0.168053 0.00675109
0 0.00702066 0.820938 0.0140413 0.246648 0.00674836
0 0.710304 0.870526 0.415726 0.258948 0.00672809
0 0.803243 0.243431 0.393515 0.411154 0.00672802
0 0.390187 0.855918 0.366397 0.288164 0.00672658
0 0.8137 0.683804 0.3726 0.632393 0.00671449
0 0 0.836117 0 0.266359 0.00670195
0 0 0.928624 0 0.142753 0.00670028
0 0.77357 0.833682 0.45286 0.332635 0.00669673
0 0.335489 0.442979 0.670977 0.481012 0.00667981
0 0.694113 0.582993 0.190628 0.293544 0.00666069
0 0 0.420043 0 0.290664 0.00665298
0 0 0.398103 0 0.244042 0.00663947
0 0.765104 0.0561965 0.246206 0.112393 0.00661809
0 0.695829 0.703569 0.173392 0.260815 0.00660461
0 0 0.74114 0 0.307571 0.00657261
0 0.636498 0.0195432 0.141168 0.0390863 0.00656587
0 0.656271 0.686342 0.687458 0.420959 0.00654679
0 0.524072 0.774373 0.4721 0.403932 0.00654503
0 0.812415 0.411181 0.375171 0.564593 0.00653877
0 0.468228 0.815493 0.177975 0.136406 0.914173
0 1 0.107443 0 0.214886 0.0176548
0 0.159368 0.133151 0.318736 0.201747 0.0116484
0 0.316822 0.142553 0.413345 0.199286 0.0113725
0 0.240248 0.137724 0.378089 0.199776 0.0109273
0 0.373979 0.111233 0.396215 0.222466 0.0106023
0 0.659531 0.446669 0.416377 0.277366 0.0104142
0 0.301796 0.110088 0.40373 0.220176 0.0101876
0 0.453809 0.198543 0.416964 0.262888 0.010154
0 0.149424 0.0944494 0.298847 0.188899 0.00971836
0 0.524798 0.394734 0.475707 0.256058 0.00971097
0 0.122423 0.102606 0.244847 0.205212 0.00940776
0 0.115814 0.119494 0.231627 0.199526 0.00936761
0 0.732003 0.383901 0.425578 0.247624 0.00931076
0 0.645152 0.379997 0.382282 0.241185 0.00886428
0 0.535602 0.455722 0.408284 0.259281 0.00886113
0 0.328837 0.214286 0.423617 0.273688 0.00877454
0 0.450019 0.909224 0.394134 0.181553 0.00859419
0 1 0.102042 0 0.204084 0.00858449
0 0 0.0791934 0 0.158387 0.0085236
0 0.535518 0.193805 0.455513 0.283451 0.00845831
0 0.148987 0.756101 0.297973 0.242596 0.00845544
0 0.217847 0.659073 0.435694 0.250173 0.00842945
0 0.451326 0.455675 0.4267 0.265269 0.00841269
0 0.624273 0.154921 0.372512 0.237893 0.00837765
0 0.595274 0.874533 0.415979 0.250934 0.00837436
0 0.445663 0.39291 0.473823 0.2716 0.00834423
0 0.498719 0.342022 0.5215 0.280898 0.00832003
0 0.138923 0.152648 0.277846 0.200767 0.00829378
0 0.469002 0.244677 0.459434 0.299748 0.00822154
0 0.150638 0.706732 0.301277 0.239675 0.00820986
0 0.963919 0.733311 0.0721619 0.215081 0.00805527
0 0.193014 0.114161 0.36469 0.228322 0.0080366
0 0.245092 0.668543 0.481007 0.273587 0.00801884
0 0.979499 0.910439 0.041002 0.179121 0.00801766
0 0.164369 0.183029 0.328739 0.170736 0.00792677
0 0.661969 0.296317 0.513018 0.342691 0.00791694
0 0.965457 0.772405 0.0690863 0.1938 0.00791009
0 0.520696 0.865486 0.411102 0.269029 0.00789312
0 0.533078 0.691549 0.46912 0.319783 0.00785279
0 0.524469 0.149716 0.369876 0.220496 0.00784647
0 0.967322 0.829225 0.0653551 0.2169 0.00784178
0 0.152889 0.66358 0.305778 0.255955 0.00783612
0 0.168866 0.0858517 0.337732 0.171703 0.00783479
0 0.950998 0.512117 0.0980046 0.22213 0.00783034
0 0.951661 0.416456 0.0966776 0.22148 0.00781743
0 0.951108 0.464196 0.0977841 0.220772 0.00780856
0 0.213233 0.085804 0.406954 0.171608 0.00780854
0 0.0151091 0.090998 0.0302181 0.181996 0.00780698
0 0.952075 0.365744 0.0958507 0.213595 0.00779644
0 0.804953 0.355701 0.390093 0.322679 0.007788
0 0.95222 0.321336 0.0955602 0.201188 0.00778344
0 0.951039 0.560398 0.097921 0.225035 0.0077777
0 0.9516 0.613477 0.0967994 0.23266 0.00777307
0 0.321177 0.685751 0.457207 0.312878 0.00776641
0 0.314404 0.879481 0.430377 0.241039 0.00776209
0 0.955806 0.674239 0.0883884 0.235299 0.00774314
0 0.314284 0.903695 0.361541 0.19261 0.00768992
0 0.95301 0.283549 0.09398 0.199796 0.00767496
0 0.208379 0.718959 0.416758 0.253358 0.00765495
0 0.404239 0.0771287 0.366041 0.154257 0.00763014
0 0.457848 0.699119 0.446447 0.34116 0.00762861
0 0.533235 0.907951 0.370801 0.184097 0.00761866
0 0.440244 0.299032 0.697225 0.334777 0.00760329
0 0.657142 0.0951381 0.295546 0.190276 0.00759113
0 0.595711 0.3438 0.432202 0.268221 0.00754838
0 0.154572 0.840465 0.309143 0.319071 0.0075219
0 0.551375 0.636748 0.495672 0.308392 0.00749585
0 0.579358 0.790774 0.388421 0.194626 0.00748706
0 0.734343 0.441576 0.460555 0.283655 0.00748664
0 0.415027 0.131239 0.351027 0.231935 0.00746301
0 0.582878 0.745961 0.429311 0.252348 0.00740909
0 0.723082 0.34745 0.4723 0.294892 0.00737037
0 0.23648 0.735428 0.430571 0.264776 0.00735685
0 0.555394 0.295483 0.60104 0.338767 0.00734903
0 0.957354 0.237284 0.0852917 0.236915 0.00733904
0 0.26422 0.21787 0.430929 0.242004 0.00733859
0 0.200042 0.211313 0.400083 0.201082 0.00729162
0 0.243978 0.88527 0.406357 0.22946 0.00728601
0 0.214285 0.340279 0.42857 0.299756 0.00726256
0 0.395516 0.862988 0.378905 0.261554 0.00722666
0 0.302817 0.750186 0.424075 0.265654 0.00722339
0 0.611002 0.682515 0.470723 0.298771 0.00721824
0 0.539911 0.0741479 0.34686 0.148296 0.00721053
0 0.11404 0.601328 0.22808 0.237064 0.00719041
0 0.966161 0.17265 0.0676778 0.255794 0.00716997
0 0.0929325 0.101429 0.185865 0.202858 0.00716158
0 0.404471 0.641122 0.501216 0.322555 0.00703952
0 0.683234 0.85008 0.439156 0.295949 0.00699062
0 0.259602 0.61446 0.519203 0.263537 0.00696995
0 0.227437 0.606609 0.454874 0.244554 0.00696711
0 0.208089 0.840661 0.416177 0.30945 0.00691821
0 0.980303 0.104914 0.0393946 0.209828 0.00686664
0 0.0102199 0.228989 0.0204399 0.255026 0.00685936
0 0.107375 0.508393 0.21475 0.249187 0.00683741
0 0.604803 0.908353 0.362158 0.183294 0.00682572
0 0.676688 0.732211 0.440458 0.238723 0.00681311
0 0.917916 0.943931 0.164169 0.112138 0.0067875
0 0.204236 0.765008 0.408471 0.250276 0.00675634
0 0.97245 0.876539 0.0551007 0.198249 0.0067561
0 0.00932903 0.282416 0.0186581 0.259278 0.00674527
0 0.611965 0.487294 0.475658 0.298855 0.00674365
0 0.011562 0.177472 0.0231239 0.261754 0.00670591
0 0.377797 0.806807 0.385135 0.158107 0.00670262
0 0.330041 0.0841625 0.409821 0.168325 0.00670006
0 0.135477 0.231329 0.270954 0.227223 0.00668229
0 0.96798 0.0391719 0.0640405 0.0783438 0.00667735
0 0.176695 0.950028 0.35339 0.0999443 0.00665221
0 0.00780349 0.336219 0.015607 0.26168 0.0066497
0 0.104579 0.897311 0.209158 0.205378 0.00663923
0 0.501377 0.760025 0.399274 0.251736 0.00662174
0 0.154542 0.111863 0.309083 0.223725 0.00657722
0 0.392876 0.967213 0.409587 0.0655746 0.00657271
0 0.110142 0.554097 0.220283 0.233405 0.00657173
0 0.689095 0.683319 0.463365 0.289383 0.00653456
0 0.690204 0.626972 0.496845 0.283096 0.00652745
0 0.32023 0.967118 0.393792 0.0657635 0.00651023
0 0.103329 0.142147 0.206658 0.217357 0.00650246
0 0.389533 0.40269 0.415386 0.311138 0.00644952
0 0.281647 0.296463 0.412367 0.305151 0.00643527
0 0.678968 0.908459 0.388438 0.183081 0.00642542
0 0.0966463 0.519914 0.122279 0.114171 0.00642426
0 0.447573 0.801704 0.138373 0.107161 0.00641546
0 0.00416969 0.794511 0.00833939 0.2672 0.00641144
0 0.206568 0.960666 0.413135 0.0786684 0.00637316
0 0 0.0962315 0 0.192463 0.00635562
0 0.125656 0.519744 0.0788586 0.118133 0.00634096
0 0.105169 0.461586 0.210339 0.248742 0.00633321
0 0.0055852 0.740665 0.0111704 0.264366 0.00632661
0 0.733443 0.0963321 0.319009 0.192664 0.00632621
0 0.102989 0.205509 0.205977 0.216002 0.00629221
0 0.00636666 0.387497 0.0127333 0.261851 0.00628291
0 0.37208 0.761246 0.390906 0.246503 0.00627959
0 0.620203 0.188056 0.447268 0.295808 0.00627313
0 0.399762 0.478664 0.443952 0.263908 0.00624296
0 0.162294 0.261357 0.324588 0.27152 0.00622946
0 0.525579 0.548977 0.535758 0.321361 0.00617398
0 0.140967 0.894568 0.281933 0.210864 0.00615813
0 0.0133161 0.131012 0.0266321 0.262024 0.0061464
0 0.464542 0.967173 0.413622 0.0656536 0.00614015
0 0.103173 0.383856 0.206346 0.29727 0.00613739
0 0.610724 0.258985 0.495545 0.340043 0.00611772
0 0.146641 0.42848 0.293282 0.279873 0.0061015
0 0.846518 0.309534 0.306965 0.31762 0.00610091
0 0.143781 0.351069 0.287563 0.324693 0.0060838
0 0.14303 0.94282 0.286061 0.11436 0.00607907
0 0.766933 0.492396 0.466135 0.300666 0.00604075
0 0.897009 0.5799 0.205982 0.264622 0.00602983
0 0.866337 0.0905896 0.267325 0.181179 0.00602781
0 0.883301 0.135376 0.233398 0.270752 0.00601608
0 0.497576 0.803811 0.376404 0.160945 0.0060071
0 0.721243 0.135293 0.352352 0.270587 0.00599042
0 0.106544 0.259961 0.213089 0.249897 0.00598432
0 0.872812 0.938522 0.254375 0.122955 0.00596879
0 0.00656314 0.687574 0.0131263 0.263502 0.00592309
0 0.156883 0.570554 0.313766 0.264112 0.00590662
0 1 0.0918306 0 0.183661 0.005891
0 0.281711 0.340963 0.443094 0.302867 0.00588081
0 0.00441211 0.437674 0.00882422 0.258627 0.0058767
0 0.760197 0.770918 0.460573 0.270454 0.00587384
0 0.847825 0.586525 0.30435 0.280487 0.00587355
0 0.006247 0.633008 0.012494 0.254599 0.00585011
0 0.0818283 0.491787 0.10098 0.0711611 0.00582104
0 0.833065 0.789137 0.333871 0.296388 0.00581963
0 0.0466112 0.622359 0.0932223 0.252741 0.00579238
0 0.97064 0.0647296 0.0587198 0.129459 0.00577437
0 0.980605 0.952291 0.0387899 0.0954178 0.00577208
0 0.00314027 0.855043 0.00628053 0.285074 0.00577042
0 0.802484 0.0877397 0.395032 0.175479 0.00574636
0 0.0729944 0.76852 0.145989 0.253913 0.00573737
0 0.0885709 0.488405 0.119932 0.106933 0.00568287
0 0.00255458 0.937814 0.00510917 0.124372 0.00566786
0 0.00376853 0.48417 0.00753705 0.252188 0.00566145
0 0.0462372 0.67835 0.0924744 0.266225 0.00564182
0 0.00561383 0.582538 0.0112277 0.251994 0.00564114
0 0.074123 0.196786 0.148246 0.223211 0.00563532
0 0.0484646 0.0814301 0.0969293 0.16286 0.00563347
0 0.261037 0.533301 0.522074 0.291763 0.00562202
0 0.875384 0.234545 0.249231 0.278941 0.0056085
0 0.396394 0.346312 0.414601 0.304709 0.00559654
0 0.0456937 0.57065 0.0913873 0.24833 0.00559438
0 0.152922 0.483212 0.305845 0.291541 0.00559429
0 0.397496 0.528254 0.490875 0.275925 0.0055666
0 0.00455448 0.532936 0.00910896 0.251455 0.00556416
0 0.470599 0.794117 0.157219 0.0963275 0.00554279
0 0.0740031 0.254914 0.148006 0.242326 0.00553305
0 0.0742305 0.712216 0.148461 0.246227 0.00553172
0 0.880179 0.296558 0.239642 0.288152 0.0055264
0 0.043554 0.521703 0.0871079 0.249348 0.00551836
0 0.0024964 0.0813744 0.00499281 0.162749 0.00550361
0 0.838699 0.137657 0.322602 0.275314 0.00549749
0 0.835654 0.23793 0.328692 0.295022 0.00549314
0 0.21636 0.396597 0.432721 0.292474 0.00548786
0 0.881412 0.181755 0.237175 0.27696 0.00547533
0 0.32175 0.441804 0.455428 0.29031 0.00547048
0 0.904508 0.4914 0.190983 0.275381 0.00546731
0 0.608675 0.966507 0.415679 0.0669858 0.00546705
0 0.0408898 0.474481 0.0817796 0.253646 0.00546498
0 0.311294 0.586643 0.561839 0.301296 0.00546162
0 0.762472 0.255256 0.446453 0.334207 0.00545877
0 0.763474 0.753822 0.473053 0.313965 0.00545206
0 0.842368 0.680705 0.315263 0.280882 0.00545126
0 0.907979 0.444838 0.184041 0.281191 0.00544742
0 0.314502 0.85381 0.513357 0.23107 0.00544338
0 0.456229 0.589186 0.541378 0.309705 0.00541141
0 0.00881436 0.0807772 0.0176287 0.161554 0.00540695
0 0.0489032 0.115413 0.0978064 0.230826 0.0053914
0 0.753248 0.905666 0.399379 0.188668 0.00536777
0 0.142213 0.276556 0.284427 0.276149 0.00535497
0 0.177328 0.874544 0.354657 0.250912 0.00533771
0 0.899777 0.677776 0.200446 0.266747 0.00532251
0 0.0378228 0.0939848 0.0756457 0.18797 0.0053189
0 0.249809 0.438162 0.499619 0.292807 0.00531167
0 0.800098 0.539914 0.399805 0.305889 0.00528904
0 0.592983 0.5907 0.56378 0.30939 0.00527389
0 0.0374505 0.934656 0.074901 0.130688 0.00523018
0 0.0484059 0.160304 0.0968118 0.252429 0.00522876
0 0.906649 0.78426 0.186702 0.2624 0.00522718
0 0.746819 0.873703 0.457753 0.252595 0.00520591
0 0.811637 0.624355 0.376727 0.274208 0.00520453
0 0.736227 0.535147 0.525804 0.301889 0.00519607
0 0.762691 0.583526 0.474618 0.281673 0.00517852
0 0.91178 0.388908 0.176439 0.27687 0.00517708
0 0.923329 0.901847 0.153342 0.196306 0.00515038
0 0.253001 0.477481 0.506002 0.28073 0.00514517
0 1 0.0781564 0 0.156313 0.00513026
0 0.13265 0.492616 0.0633149 0.125396 0.00510421
0 0.839894 0.847645 0.320213 0.304711 0.00509954
0 0.854819 0.396028 0.290361 0.301583 0.00508797
0 0.83159 0.445632 0.33682 0.298147 0.00503877
0 0.915177 0.338686 0.169647 0.26648 0.00502931
0 0.903634 0.737693 0.192731 0.271051 0.00502471
0 0.699335 0.183021 0.432699 0.291538 0.00502296
0 0.926844 0.128066 0.146311 0.256133 0.0050208
0 0.906432 0.0851874 0.187137 0.170375 0.00498796
0 0.0743255 0.333284 0.148651 0.295117 0.00497716
0 0.799217 0.140896 0.401566 0.281793 0.0049508
0 0.828696 0.0953297 0.342608 0.190659 0.0049289
0 0.907053 0.845435 0.185894 0.283338 0.00487124
0 0.0690771 0.0895156 0.138154 0.179031 0.00478777
0 0.808312 0.93651 0.383375 0.126981 0.00471668
0 0.687455 0.964127 0.431913 0.0717459 0.00467953
0 0.806855 0.901364 0.38629 0.197272 0.0046671
0 0.0415295 0.84915 0.083059 0.29571 0.00466091
0 1 0.0783539 0 0.156708 0.00465812
0 0.0643278 0.495996 0.0750125 0.0602403 0.00464479
0 0.769402 0.84541 0.461196 0.30918 0.00463528
0 0.784926 0.683884 0.430148 0.294944 0.00459859
0 0.871342 0.900502 0.257316 0.198997 0.00459382
0 0.948441 0.0833176 0.103118 0.166635 0.00459056
0 0.975547 0.0748573 0.0489056 0.149715 0.00449973
0 0.0337228 0.901877 0.0674457 0.196245 0.00448392
0 0.761813 0.95304 0.429264 0.0939192 0.00446645
0 0.805176 0.172767 0.389648 0.265487 0.00446225
0 0.0715772 0.420697 0.143154 0.265372 0.00440832
0 0.823084 0.869164 0.353832 0.261672 0.00440751
0 0.100778 0.531103 0.102915 0.106183 0.00437348
0 0.839521 0.933729 0.320958 0.132542 0.00435946
0 0.922933 0.075341 0.154135 0.150682 0.00432244
0 0.0771553 0.0799169 0.154311 0.159834 0.00426357
0 0.107127 0.0751028 0.15424 0.150206 0.0041697
0 0.608672 0.542596 0.0469581 0.0550898 0.00407515
0 0.0698755 0.942202 0.139751 0.115596 0.00402843
0 0.139819 0.509409 0.0589203 0.119902 0.0040213
0 0.142772 0.0246344 0.0614107 0.0492688 0.00395652
0 0.125493 0.0256447 0.0613478 0.0512894 0.00389754
0 0.764233 0.526992 0.0725258 0.102469 0.00384495
0 0.0535201 0.959755 0.10704 0.0804899 0.00382876
0 1 0.927679 0 0.144641 0.0038113
0 0.10801 0.0274042 0.0607037 0.0548084 0.00380864
0 0.0699994 0.597662 0.0412636 0.0962006 0.00380215
0 0.159546 0.0242061 0.0590614 0.0484121 0.00374011
0 0.0702898 0.874653 0.14058 0.250695 0.00371372
0 1 0.0745559 0 0.149112 0.00368282
0 0.0715547 0.93935 0.143109 0.1213 0.00364754
0 0.0908131 0.0306781 0.05974 0.0613562 0.00361054
0 0.467257 0.719479 0.171044 0.0726788 0.00360365
0 0.936743 0.0514751 0.126514 0.10295 0.00357676
0 0.605545 0.552674 0.0543533 0.0731825 0.00356872
0 0.0614881 0.483138 0.0830931 0.0843225 0.00352092
0 0 0.938621 0 0.122757 0.00351662
0 0.142905 0.527238 0.0573373 0.116715 0.00350946
0 0.859138 0.960922 0.207521 0.0781551 0.00346576
0 0.753261 0.517008 0.0576324 0.0947886 0.00346481
0 0.133078 0.460124 0.0556862 0.108977 0.0034001
0 0.578859 0.385005 0.0746128 0.101923 0.00336052
0 0 0.111148 0 0.222296 0.00335136
0 0.792211 0.96173 0.210361 0.0765395 0.0033097
0 0.693581 0.595823 0.0724256 0.08022 0.00330637
0 0.748936 0.534776 0.0680787 0.113757 0.00330021
0 0.0539782 0.938264 0.107956 0.123471 0.00327345
0 0.867593 0.668887 0.0555256 0.0991948 0.00326065
0 0.720603 0.056932 0.147309 0.113864 0.00321559
0 0.844916 0.0890754 0.253469 0.178151 0.00321451
0 0.0738096 0.0356739 0.0572648 0.0713478 0.00320915
0 0 0.107597 0 0.215193 0.00320005
0 0.142561 0.0495283 0.11053 0.0990566 0.00317992
0 0.00724775 0.0681599 0.0144955 0.13632 0.00316245
0 0.0898416 0.938216 0.179683 0.123568 0.0031485
0 0.850937 0.700067 0.0782087 0.107667 0.00314285
0 0.469226 0.816125 0.177555 0.139282 0.937984
0 0.115011 0.441521 0.230022 0.31154 0.00835197
0 0.110272 0.723609 0.220543 0.267086 0.00802656
0 0.114935 0.773049 0.22987 0.275548 0.00773092
0 0.0934968 0.494423 0.186994 0.273899 0.00749119
0 0.849243 0.22834 0.301514 0.440791 0.00735672
0 0.174902 0.407366 0.349804 0.403893 0.00734039
0 0.105054 0.66732 0.210108 0.241578 0.00730489
0 0.570649 0.966788 0.308561 0.0664246 0.00727685
0 0.301086 0.939994 0.30358 0.120011 0.00724773
0 0.121268 0.745233 0.242535 0.18594 0.00724291
0 0.849647 0.871804 0.300706 0.252416 0.0071274
0 0.842159 0.382173 0.315682 0.4443 0.00711342
0 0.557341 0.731499 0.327959 0.210283 0.00710659
0 0.57909 0.938731 0.300251 0.122538 0.00707277
0 1 0.909818 0 0.180364 0.00707242
0 0.463254 0.935404 0.285554 0.129192 0.00706299
0 0.657672 0.654049 0.310865 0.173294 0.00705276
0 1 0.117741 0 0.235482 0.00703028
0 0.850794 0.812529 0.298411 0.244721 0.0070203
0 0.564276 0.653279 0.318099 0.174856 0.00698862
0 0.102357 0.61955 0.204713 0.234947 0.00698136
0 0.842242 0.462773 0.315515 0.34917 0.00697387
0 0.507119 0.966977 0.308755 0.0660465 0.00697178
0 0.219108 0.945895 0.322084 0.108211 0.00688327
0 0.102656 0.603215 0.205311 0.50085 0.00685408
0 1 0.163558 0 0.327116 0.00684917
0 0.522715 0.93769 0.302224 0.124621 0.00684104
0 0.406485 0.935932 0.288467 0.128137 0.00683864
0 0.115295 0.845871 0.23059 0.308258 0.00682717
0 0.777538 0.796392 0.316287 0.167219 0.00681936
0 0.846082 0.661841 0.307835 0.265446 0.00681572
0 0.727314 0.650382 0.305293 0.163577 0.00681155
0 0.209315 0.323395 0.418631 0.407442 0.00678201
0 0.778791 0.726513 0.310009 0.184858 0.00676275
0 0.869358 0.111749 0.261284 0.223497 0.00671871
0 0.213601 0.96598 0.307702 0.0680401 0.00671243
0 0.132508 0.532587 0.265016 0.576958 0.00666994
0 0.164077 0.484229 0.328155 0.639224 0.00664525
0 0.846459 0.760751 0.307082 0.252128 0.00663966
0 0.206396 0.813149 0.315801 0.176138 0.0066352
0 0.0983224 0.535897 0.196645 0.237461 0.00662771
0 0.0490558 0.08842 0.0981116 0.17684 0.00662724
0 0.0996624 0.579665 0.199325 0.230946 0.00662091
0 0.8466 0.716253 0.3068 0.257233 0.00661823
0 0.843061 0.508345 0.313878 0.287284 0.00660418
0 0.110798 0.106517 0.221595 0.213035 0.0065908
0 0.682723 0.965504 0.342686 0.0689915 0.00656912
0 0.69322 0.909212 0.307464 0.181576 0.00656802
0 0.0866879 0.902281 0.173376 0.195437 0.00655615
0 0.363103 0.968128 0.304532 0.0637444 0.00654915
0 0.486663 0.650926 0.304497 0.176761 0.00652132
0 0.283022 0.966959 0.304152 0.066081 0.00651268
0 0.443108 0.96762 0.316787 0.0647596 0.00647496
0 0.843386 0.56074 0.313229 0.262553 0.00646219
0 0.0442912 0.57589 0.0885825 0.628511 0.0064555
0 1 0.885453 0 0.229094 0.00643197
0 0.672931 0.744078 0.282673 0.209935 0.00640644
0 0.0869719 0.0887096 0.173944 0.177419 0.00639667
0 0.0734008 0.204336 0.146802 0.408672 0.00638412
0 0.423733 0.646597 0.310925 0.175232 0.00636935
0 0.562328 0.556659 0.319293 0.193555 0.00634787
0 0.838411 0.107081 0.323178 0.214163 0.00633371
0 0.674537 0.804785 0.329074 0.175058 0.00632437
0 0.0517293 0.127774 0.103459 0.255548 0.00632331
0 1 0.0849114 0 0.169823 0.00631824
0 0.152487 0.750064 0.304973 0.185781 0.00631392
0 0.131938 0.107543 0.263876 0.215087 0.00630466
0 0.357179 0.646237 0.326961 0.167175 0.00624983
0 0.820086 0.715853 0.309267 0.179687 0.00624375
0 0.176829 0.111419 0.353657 0.222839 0.00624278
0 0.150148 0.82776 0.300295 0.186016 0.00621323
0 0.41149 0.75785 0.306418 0.254633 0.00621017
0 0.280982 0.649144 0.316273 0.168522 0.00620618
0 0.41372 0.108755 0.444384 0.21751 0.00620137
0 0.2752 0.110859 0.446523 0.221717 0.00617365
0 0.549763 0.106495 0.446137 0.212991 0.00617083
0 0.79921 0.109336 0.40158 0.218671 0.00615505
0 0.785586 0.874966 0.320436 0.220541 0.00615094
0 0.123374 0.814214 0.246748 0.186876 0.00612228
0 0.845529 0.609401 0.308943 0.265313 0.00612118
0 0.876578 0.100323 0.246844 0.200646 0.00611794
0 0.858363 0.599552 0.283274 0.692208 0.00609242
0 1 0.0997072 0 0.199414 0.00606453
0 0.683374 0.105573 0.440753 0.211145 0.00605336
0 0.156427 0.701042 0.312854 0.1764 0.00604337
0 0.208216 0.705275 0.308212 0.171928 0.00600333
0 1 0.692346 0 0.299452 0.00594209
0 0.630389 0.513395 0.320426 0.186504 0.00593504
0 0.147372 0.966025 0.294744 0.0679495 0.00593422
0 0.043625 0.775221 0.08725 0.449559 0.00593421
0 0.0992831 0.721794 0.198566 0.493808 0.00592463
0 0.153943 0.603346 0.307887 0.176934 0.00591742
0 0.777696 0.649988 0.304911 0.156294 0.00591626
0 0.0434225 0.969101 0.0868449 0.061799 0.00590757
0 0.493303 0.557904 0.314791 0.205164 0.00590225
0 0.474665 0.746111 0.292957 0.242388 0.00590039
0 0.122802 0.697429 0.245603 0.182272 0.00589472
0 0.632502 0.557387 0.323571 0.1873 0.00589342
0 0.700948 0.556562 0.316621 0.182377 0.00588969
0 0.124514 0.598942 0.249028 0.184547 0.00588462
0 0.493775 0.603057 0.302518 0.186879 0.00588456
0 0.117716 0.552985 0.235432 0.187664 0.00587576
0 0.563196 0.513632 0.318362 0.182956 0.00587421
0 0.0405782 0.698482 0.0811564 0.603036 0.00587282
0 1 0.920381 0 0.159237 0.00585406
0 0.905696 0.837715 0.188607 0.324571 0.00584045
0 0.0853012 0.507183 0.170602 0.230297 0.00583804
0 0.945695 0.23049 0.10861 0.460981 0.005828
0 0.81843 0.808508 0.310634 0.184401 0.00582028
0 0.426059 0.605441 0.308963 0.184546 0.00581917
0 0.822469 0.660274 0.304449 0.161119 0.00581865
0 0.498815 0.515197 0.326672 0.178644 0.00581446
0 1 0.767006 0 0.299831 0.00581135
0 0.985296 0.103444 0.0294077 0.206889 0.00580574
0 0.121782 0.651753 0.243565 0.191098 0.00580518
0 1 0.642407 0 0.299259 0.00580288
0 0.81506 0.564293 0.303885 0.175625 0.0058022
0 0.421135 0.564694 0.317595 0.20766 0.00579011
0 0.866179 0.698071 0.267641 0.603859 0.0057888
0 0.154396 0.905909 0.308792 0.188182 0.00578679
0 0.432254 0.865405 0.277835 0.269189 0.00578577
0 0.824316 0.964795 0.289954 0.0704089 0.00578224
0 0.211484 0.605944 0.322686 0.178491 0.00577809
0 0.757223 0.556294 0.30413 0.176539 0.00576826
0 0.204448 0.762905 0.312723 0.208491 0.00576276
0 0.751138 0.964916 0.333751 0.0701677 0.0057613
0 0.110921 0.51433 0.221842 0.19144 0.00576123
0 0.12489 0.866508 0.24978 0.196461 0.00575621
0 1 0.845495 0 0.30901 0.00575474
0 0.104838 0.798048 0.209676 0.203695 0.00574294
0 0.147109 0.552593 0.294217 0.194407 0.00574171
0 0.533325 0.869257 0.344532 0.248362 0.00573348
0 0.34326 0.569949 0.307586 0.196802 0.00573278
0 0.120502 0.803108 0.241003 0.393784 0.00571431
0 0.211146 0.908351 0.346165 0.183297 0.00571075
0 0.88495 0.453605 0.2301 0.705992 0.00571043
0 0.568649 0.911121 0.309602 0.177758 0.00570814
0 0.279966 0.608071 0.318125 0.181791 0.00570257
0 0.672863 0.872214 0.315808 0.229987 0.00570249
0 0.212427 0.654313 0.317859 0.182189 0.00569546
0 0.53806 0.761094 0.338597 0.228662 0.00569247
0 1 0.776818 0 0.446365 0.00569169
0 0.110374 0.904822 0.220748 0.190357 0.00568926
0 0.052758 0.929483 0.105516 0.141034 0.00568884
0 0.565863 0.600712 0.315437 0.192293 0.00568736
0 0.855951 0.904046 0.288098 0.191907 0.00568292
0 0.353253 0.607065 0.317047 0.183422 0.00568279
0 1 0.592041 0 0.298566 0.00567719
0 0.875278 0.96781 0.249444 0.0643793 0.00566446
0 1 0.928776 0 0.142448 0.00564758
0 0.766849 0.593601 0.30324 0.19588 0.00562281
0 0.978916 0.158946 0.0421683 0.317892 0.00559709
0 0.819712 0.605115 0.304082 0.185618 0.005595
0 0.817374 0.90837 0.298435 0.18326 0.0055898
0 0.641187 0.59479 0.325605 0.202176 0.00558176
0 0.923418 0.755946 0.153163 0.488108 0.00558115
0 0.154836 0.656278 0.309672 0.19007 0.00557414
0 0.151824 0.942629 0.303649 0.114743 0.00555972
0 0.147809 0.296661 0.295618 0.593322 0.00555044
0 1 0.516253 0 0.297389 0.0055403
0 0.698046 0.511321 0.317305 0.191204 0.00552272
0 0.082796 0.468065 0.165592 0.178762 0.00552189
0 0.917463 0.969573 0.165073 0.0608541 0.00552082
0 0.828234 0.124282 0.343531 0.248564 0.00552017
0 0.148157 0.520563 0.296315 0.172509 0.00551229
0 0.907026 0.329973 0.185948 0.659947 0.00551036
0 0.149651 0.874571 0.299302 0.210017 0.00550978
0 0.116104 0.230624 0.232207 0.461248 0.00550432
0 1 0.465866 0 0.297047 0.00549998
0 0.201282 0.556357 0.306495 0.196195 0.00548709
0 0.107551 0.755486 0.215102 0.489028 0.00548587
0 0.810464 0.518675 0.303741 0.16719 0.00546977
0 1 0.415748 0 0.297337 0.00544913
0 0.426726 0.517554 0.331729 0.174008 0.0054301
0 0.388755 0.809284 0.265815 0.166859 0.00541364
0 1 0.36588 0 0.29798 0.00539385
0 1 0.971425 0 0.0571501 0.00537801
0 0.635388 0.472985 0.333821 0.172904 0.00537222
0 0.710909 0.590994 0.322652 0.203856 0.00536275
0 0.270946 0.563616 0.303246 0.197069 0.00535913
0 0.159819 0.136103 0.319638 0.272205 0.00533058
0 1 0.192901 0 0.30099 0.00532634
0 1 0.316588 0 0.299794 0.00527064
0 0.0542694 0.453373 0.108539 0.704516 0.0052443
0 0.114912 0.96503 0.229824 0.0699399 0.00524195
0 0.0854497 0.138945 0.170899 0.27789 0.00523492
0 0.275923 0.52199 0.315559 0.166391 0.00522584
0 0.205218 0.523205 0.30792 0.167294 0.0052137
0 1 0.242474 0 0.301502 0.00520086
0 0.699923 0.471957 0.335646 0.17368 0.00519515
0 0.757136 0.515192 0.309349 0.174229 0.00519065
0 0.759051 0.909268 0.302387 0.181464 0.00517497
0 0 0.887281 0 0.225438 0.00517358
0 0.347939 0.520448 0.321496 0.170638 0.00516639
0 0.570243 0.474925 0.331326 0.175936 0.00513145
0 0.417996 0.131881 0.498401 0.263761 0.00512794
0 0.501882 0.902979 0.259231 0.194043 0.00507502
0 0.202798 0.873012 0.331093 0.216656 0.00507477
0 0.876286 0.935861 0.247429 0.128277 0.00506424
0 0.471914 0.810688 0.280266 0.151799 0.00501724
0 0.953986 0.930839 0.0920274 0.138322 0.00498017
0 0.340137 0.843675 0.385856 0.235132 0.00493314
0 0.201966 0.205508 0.403931 0.395906 0.00488637
0 1 0.146828 0 0.293656 0.00487384
0 0.00179088 0.963753 0.00358176 0.0724936 0.0048576
0 0.969861 0.250313 0.0602775 0.500625 0.00484331
0 0.318076 0.893926 0.337848 0.212147 0.0048408
0 0.75475 0.129617 0.490499 0.259235 0.00482552
0 0.614511 0.126868 0.485246 0.253735 0.00482547
0 0.234528 0.135041 0.469057 0.270082 0.00480205
0 0.54461 0.806618 0.34742 0.162531 0.00475198
0 0.978148 0.863281 0.0437043 0.273439 0.00473861
0 0.383026 0.834029 0.377059 0.186798 0.00473678
0 0.112381 0.926718 0.224761 0.146565 0.00471623
0 0.810254 0.470934 0.318583 0.182337 0.00471451
0 0.129552 0.251597 0.259104 0.276612 0.00469137
0 1 0.847941 0 0.304117 0.00468217
0 0.450171 0.77726 0.249567 0.237503 0.00466957
0 0.951167 0.0862627 0.097666 0.172525 0.00456294
0 0.503393 0.476462 0.33376 0.177214 0.00449825
0 0.825889 0.260278 0.348221 0.315112 0.00446345
0 0.960969 0.969958 0.0780615 0.060085 0.00445098
0 0.758043 0.472428 0.324849 0.173727 0.00442782
0 0.0829093 0.421128 0.165819 0.221999 0.00441307
0 0.0487871 0.291556 0.0975741 0.583112 0.00440135
0 0.803569 0.52254 0.392862 0.66136 0.00437793
0 0.250709 0.212133 0.463303 0.352099 0.00437011
0 0.338927 0.14922 0.510202 0.298439 0.00434728
0 0 0.973157 0 0.0536865 0.00432313
0 0.109034 0.311141 0.218068 0.27252 0.00431385
0 0.112966 0.465598 0.225932 0.170708 0.00430957
0 0.831456 0.670792 0.337088 0.658416 0.0042979
0 0.271779 0.731147 0.312187 0.20341 0.00429549
0 0.821415 0.316851 0.35717 0.313656 0.00427409
0 0.0538378 0.864235 0.107676 0.271531 0.00427383
0 0.826848 0.420168 0.346304 0.652848 0.00426914
0 0.821903 0.163531 0.356194 0.327061 0.00426226
0 0.145939 0.201469 0.291879 0.34429 0.00426068
0 0.396243 0.170189 0.469287 0.340377 0.00425211
0 0.886648 0.318789 0.226704 0.626345 0.00423516
0 0.10704 0.510114 0.214081 0.700529 0.00418185
0 0.374835 0.218513 0.452511 0.352451 0.00410145
0 0.0923123 0.268807 0.184625 0.537615 0.00410035
0 0.464576 0.142187 0.479077 0.284373 0.00409219
0 0.223565 0.180483 0.44713 0.360966 0.00408351
0 0.129625 0.130797 0.259249 0.261594 0.00403106
0 0.644392 0.324278 0.422559 0.315975 0.00387499
0 0.181415 0.149557 0.36283 0.299115 0.00387132
0 0.320945 0.774428 0.286045 0.230382 0.00387072
0 0.781539 0.171234 0.436922 0.342469 0.00385673
0 0.322735 0.260506 0.434222 0.298318 0.00385423
0 0.67017 0.141993 0.48108 0.283987 0.00384863
0 0.520073 0.217715 0.453006 0.358245 0.00384085
0 0.155004 0.462532 0.310007 0.17384 0.00381936
0 0.823291 0.418709 0.353418 0.233749 0.00381382
0 0.739787 0.214141 0.487258 0.358658 0.00380969
0 0.205897 0.467222 0.325758 0.173714 0.00380159
0 0.719398 0.321579 0.428004 0.32219 0.00377889
0 0.73233 0.261831 0.44259 0.330737 0.00377551
0 0.601215 0.21914 0.476541 0.35621 0.00377334
0 0.112297 0.385231 0.224594 0.733792 0.00375924
0 0.168764 0.333613 0.337528 0.286184 0.00374973
0 0.23897 0.266444 0.412084 0.29478 0.0037155
0 0 0.907876 0 0.184247 0.0036951
0 0.429203 0.321045 0.394513 0.280377 0.00369159
0 0.162488 0.384984 0.324975 0.282733 0.00368948
0 0.45318 0.259838 0.411332 0.280516 0.0036726
0 0.359887 0.381403 0.384483 0.308321 0.00366889
0 0.360343 0.320089 0.392342 0.286604 0.00366879
0 0.569735 0.374922 0.38019 0.287512 0.0036605
0 0.18114 0.270137 0.36228 0.275858 0.00365964
0 0.82124 0.369144 0.357521 0.307093 0.00364884
0 0.289588 0.381186 0.384053 0.293601 0.00364589
0 0.427871 0.47943 0.338075 0.176284 0.00363925
0 0.0195644 0.921237 0.0391287 0.157525 0.00363005
0 0.346461 0.476695 0.33137 0.180333 0.00362791
0 0.496516 0.323655 0.394335 0.298435 0.00362469
0 0.0956403 0.689918 0.191281 0.620164 0.00359701
0 0.211292 0.381472 0.372021 0.287397 0.00357804
0 0.499013 0.380199 0.379687 0.296613 0.00354165
0 0.13152 0.327414 0.263041 0.277133 0.00354153
0 0.163381 0.210248 0.326762 0.330206 0.00353885
0 0.275427 0.470376 0.331305 0.177478 0.00353473
0 0.435098 0.382709 0.384354 0.306777 0.00352919
0 0.14352 0.264036 0.28704 0.26745 0.00351365
0 0.0882066 0.381317 0.176413 0.292582 0.0034904
0 0.218749 0.327346 0.394221 0.290142 0.00346732
0 0.565675 0.418752 0.350523 0.221308 0.00343782
0 0.702451 0.370254 0.386657 0.293023 0.00341645
0 0.62847 0.420482 0.344926 0.198935 0.00340527
0 0.155795 0.422589 0.31159 0.202021 0.0033577
0 0.75912 0.425821 0.340263 0.203537 0.0033422
0 0.771878 0.370608 0.395225 0.302744 0.0033369
0 0.350044 0.427558 0.354906 0.251306 0.00332768
0 0.695698 0.42624 0.34476 0.18999 0.00327549
0 0.499808 0.422218 0.359263 0.248849 0.00321764
0 0.428711 0.426484 0.363197 0.262907 0.00320515
0 0.205212 0.422605 0.334613 0.214562 0.00319739
0 0.113251 0.424084 0.226502 0.199658 0.00318601
0 0.470451 0.818173 0.182365 0.130189 0.986626
0 0.063954 0.50166 0.0753468 0.0572348 0.0660637
0 0.783428 0.625859 0.131115 0.0765894 0.0290728
0 0.0896417 0.651371 0.179283 0.0694629 0.0275677
0 0.0547951 0.500546 0.103121 0.0506308 0.0231781
0 0.0776345 0.501023 0.0855365 0.0552912 0.0212672
0 0.161986 0.240968 0.306253 0.153796 0.0154174
0 0.607699 0.591355 0.139416 0.0567293 0.014498
0 0.0690524 0.497567 0.106397 0.0645855 0.013406
0 0.871137 0.491069 0.22617 0.0967964 0.0130512
0 0.0758682 0.706049 0.151736 0.0707142 0.0129478
0 0.855479 0.289904 0.289042 0.121342 0.0127211
0 0.0846337 0.61852 0.169267 0.0782255 0.0124464
0 0.088016 0.760801 0.176032 0.0953797 0.0102829
0 0.112947 0.645189 0.157574 0.0719973 0.0101827
0 0.874435 0.624663 0.23126 0.0855448 0.0100727
0 0.0788715 0.271129 0.157743 0.166298 0.00975309
0 0.0912859 0.609872 0.182572 0.103866 0.00751643
0 0.0662718 0.322292 0.132544 0.0814786 0.00717935
0 0.0720114 0.650156 0.144023 0.0843591 0.00708962
0 0.131724 0.606511 0.175772 0.110213 0.00698887
0 0.774681 0.611224 0.146748 0.108798 0.00698386
0 0.670969 0.712504 0.371091 0.251834 0.00688373
0 0.991461 0.107397 0.0170782 0.214793 0.00685736
0 0.594095 0.507088 0.811809 0.536805 0.00684926
0 0.616885 0.57057 0.460072 0.319578 0.00683316
0 0.694086 0.563149 0.508884 0.33503 0.00680501
0 0.537788 0.583692 0.429582 0.276164 0.00677216
0 0.485494 0.766753 0.281993 0.236302 0.00676341
0 0.682733 0.766312 0.456167 0.375466 0.00673097
0 0.421747 0.498556 0.843495 0.48982 0.00670284
0 0.59076 0.747357 0.452131 0.335276 0.00657681
0 0.486515 0.803885 0.280109 0.161967 0.00654034
0 0.140306 0.588009 0.16116 0.0775313 0.00651876
0 0.768823 0.703299 0.339744 0.230952 0.00648289
0 0.610197 0.804223 0.505185 0.347413 0.00634571
0 0.125781 0.311717 0.251563 0.266393 0.00628577
0 0.738805 0.643371 0.329431 0.181808 0.00627241
0 0.139689 0.87378 0.279379 0.252439 0.00623413
0 0.186848 0.844487 0.371919 0.252268 0.00621292
0 0.725132 0.599221 0.30806 0.199696 0.0062081
0 0.0828342 0.520987 0.165668 0.407239 0.00610758
0 0.13891 0.965303 0.277819 0.0693939 0.0060931
0 0.578566 0.72107 0.38525 0.248885 0.00605228
0 0.147235 0.832411 0.29447 0.228015 0.00602863
0 0.0652484 0.709573 0.130497 0.35036 0.00599494
0 0.452996 0.596171 0.398936 0.230238 0.00598793
0 0.974147 0.0829176 0.0517056 0.165835 0.00594181
0 0.104678 0.964108 0.209356 0.0717848 0.00588099
0 0.683637 0.490845 0.632726 0.528692 0.00582243
0 0.0764421 0.62011 0.152884 0.390091 0.00578255
0 0.611468 0.938064 0.333666 0.123872 0.00577354
0 0.667721 0.645827 0.299211 0.17358 0.00576847
0 0.478543 0.868902 0.2974 0.262195 0.00576097
0 0.772288 0.76638 0.399197 0.313034 0.00574117
0 0.219775 0.575202 0.31705 0.187132 0.00572302
0 0.0146777 0.963472 0.0293554 0.073056 0.00571447
0 0.0931326 0.796328 0.186265 0.240953 0.0056837
0 0.0422046 0.966628 0.0844092 0.0667442 0.00567458
0 0.814948 0.649341 0.300767 0.18283 0.00567174
0 0.852809 0.80665 0.294383 0.192568 0.00565488
0 0.117122 0.808527 0.234244 0.224786 0.00565375
0 0.246621 0.823338 0.319428 0.202737 0.00563477
0 0.0838364 0.695573 0.167673 0.246244 0.00562227
0 0.833196 0.708858 0.295583 0.205469 0.00559952
0 0.510803 0.940926 0.310409 0.118148 0.00559932
0 0.648049 0.60749 0.304582 0.196148 0.00558565
0 0.0873607 0.737232 0.174721 0.241168 0.00558505
0 0.631766 0.586187 0.131808 0.067176 0.00556505
0 0.0833316 0.506867 0.0944205 0.0801035 0.00554891
0 0.432864 0.939648 0.282867 0.120703 0.00554816
0 0.884802 0.678221 0.215838 0.0642809 0.00554328
0 0.0866774 0.592082 0.173355 0.0760042 0.00552917
0 0.503627 0.471127 0.992747 0.575003 0.00548945
0 0.38606 0.45526 0.772121 0.534924 0.00546355
0 0.807705 0.313682 0.384591 0.457215 0.00546045
0 0.15171 0.570317 0.297827 0.185835 0.00545941
0 0.838543 0.760882 0.307815 0.228175 0.00544691
0 0.123658 0.547861 0.247315 0.197695 0.0054097
0 0.262382 0.943533 0.29358 0.112935 0.0054052
0 0.063721 0.805058 0.127442 0.338971 0.00539238
0 0.0151941 0.904387 0.0303882 0.191226 0.00538714
0 0.0810234 0.592669 0.162047 0.22903 0.00536477
0 0.719485 0.498883 0.123449 0.0633546 0.0053344
0 0.366241 0.596817 0.368611 0.199081 0.00531401
0 0.0989373 0.874491 0.197875 0.251019 0.00531198
0 0.917638 0.0910299 0.164725 0.18206 0.00530498
0 0.289908 0.585764 0.334002 0.191762 0.00530461
0 0.233937 0.775412 0.302071 0.164603 0.00529933
0 0.241886 0.51986 0.483771 0.293272 0.00529552
0 0.576016 0.967583 0.347348 0.0648336 0.00526488
0 0.575125 0.614542 0.293393 0.193944 0.00524851
0 0.831695 0.960307 0.308556 0.079386 0.00524839
0 0.675967 0.940235 0.345392 0.11953 0.0052481
0 0.0824109 0.648376 0.164822 0.23812 0.00524582
0 0.990878 0.970672 0.0182449 0.0586559 0.00524238
0 0.80267 0.598776 0.284944 0.197878 0.0052354
0 0.155932 0.893407 0.311865 0.213186 0.00522815
0 0.12055 0.595729 0.2411 0.184962 0.0052249
0 0.0758682 0.415797 0.151736 0.384602 0.00521857
0 0.16305 0.768346 0.3261 0.150583 0.00521727
0 0.854575 0.888631 0.290849 0.219876 0.00521326
0 0.674942 0.562121 0.173897 0.116586 0.00520477
0 0.383096 0.937965 0.275437 0.12407 0.00516906
0 0.125675 0.933984 0.25135 0.132031 0.00512906
0 0.129474 0.749642 0.258948 0.165435 0.00511802
0 0.18565 0.943031 0.349918 0.113938 0.00510624
0 0.118339 0.660781 0.236678 0.203645 0.00509163
0 0.0770383 0.555697 0.154077 0.240103 0.005044
0 0.996762 0.923946 0.00647655 0.152109 0.00503074
0 0.653258 0.966855 0.34806 0.0662891 0.00502627
0 0.623275 0.566645 0.13971 0.10541 0.00502626
0 0.143805 0.668056 0.28761 0.183202 0.00501338
0 0.192323 0.356311 0.384647 0.418661 0.0049797
0 0.781276 0.939452 0.351878 0.121096 0.0049687
0 0.841499 0.105065 0.317002 0.21013 0.00496522
0 0.233101 0.965044 0.303743 0.0699128 0.00494544
0 0.41308 0.568171 0.166195 0.0876614 0.00491328
0 0.202561 0.877695 0.405033 0.244611 0.00490799
0 0.33895 0.34407 0.677899 0.468811 0.00488942
0 0.212704 0.606782 0.29856 0.170591 0.00488698
0 0.754757 0.963583 0.346878 0.0728336 0.00484799
0 0.0918204 0.45881 0.183641 0.233865 0.00484581
0 0.37942 0.806435 0.240002 0.169203 0.00483981
0 0.793049 0.248872 0.413903 0.497745 0.00482551
0 0.509286 0.61797 0.296827 0.190966 0.00482379
0 0.133754 0.257613 0.267508 0.232875 0.00481645
0 0.586649 0.644117 0.285854 0.177767 0.00480755
0 0.0746269 0.447316 0.149254 0.273166 0.00480101
0 0.338928 0.565584 0.180903 0.0851578 0.00479964
0 0.325935 0.777556 0.283624 0.216508 0.00478764
0 0.773588 0.816819 0.427084 0.366361 0.00478265
0 0.311109 0.443819 0.622218 0.427993 0.00476718
0 0.837446 0.929973 0.323953 0.140054 0.00476567
0 0.120703 0.704235 0.241407 0.186071 0.00476288
0 0.976989 0.843009 0.0460222 0.313982 0.0047314
0 0.613566 0.868952 0.41804 0.262096 0.00472854
0 0.870477 0.681013 0.259047 0.53697 0.00470663
0 0.056301 0.846666 0.112602 0.306668 0.00468924
0 0.267899 0.903013 0.294853 0.193974 0.00466748
0 0.0786203 0.324322 0.157241 0.389957 0.0046667
0 0.43003 0.886607 0.261722 0.226786 0.00465886
0 0.203702 0.664887 0.303709 0.177231 0.00464535
0 0.885447 0.735537 0.229107 0.41473 0.00463485
0 0.797006 0.889958 0.357785 0.220084 0.00459787
0 0.302108 0.563634 0.151454 0.0805661 0.00459656
0 0.115853 0.247198 0.231705 0.286708 0.00459438
0 0.105305 0.735854 0.21061 0.202254 0.00458944
0 0.428751 0.758073 0.287726 0.224017 0.00458813
0 0.149822 0.705851 0.294852 0.175468 0.00457399
0 0.0886868 0.568182 0.177374 0.194167 0.00456158
0 0.0788001 0.54824 0.1576 0.188532 0.00455648
0 0.681259 0.311253 0.637482 0.486882 0.00455528
0 0.099876 0.700112 0.199752 0.210918 0.00453886
0 0.222173 0.710083 0.283625 0.171356 0.00452203
0 0.0308111 0.599773 0.0616223 0.456735 0.00451599
0 0.903894 0.909039 0.192212 0.181922 0.00451058
0 0.134986 0.367496 0.269972 0.390402 0.00451041
0 0.372918 0.270162 0.745835 0.518963 0.00447834
0 0.358802 0.617222 0.301283 0.183002 0.00447078
0 0.493146 0.968369 0.318539 0.0632622 0.00446411
0 0.097869 0.309146 0.195738 0.273489 0.00444637
0 0.323554 0.1271 0.625006 0.2542 0.00444634
0 0.432524 0.618948 0.295767 0.188663 0.00443892
0 0.302106 0.285648 0.604213 0.446585 0.00443316
0 0.934847 0.789244 0.130306 0.421512 0.00443115
0 0.814518 0.536761 0.370964 0.539652 0.00439967
0 0.787807 0.114671 0.424387 0.229342 0.00439317
0 0.949971 0.200521 0.100058 0.401042 0.004386
0 0.387586 0.846049 0.367611 0.209213 0.00438538
0 0.975443 0.154014 0.0491135 0.308029 0.00438032
0 0.890377 0.884837 0.219247 0.230327 0.00437909
0 0.709063 0.238876 0.581874 0.477752 0.00437803
0 0.80566 0.569061 0.388681 0.263073 0.00437006
0 0.417521 0.968124 0.297458 0.0637514 0.00436155
0 0.206037 0.197303 0.412073 0.394607 0.00435977
0 0.0188849 0.0892047 0.0377697 0.178409 0.00435271
0 0.283985 0.612812 0.287473 0.176162 0.00435038
0 0.0293828 0.245538 0.0587656 0.441005 0.00433851
0 0.0753098 0.512403 0.15062 0.278844 0.00433524
0 0.0479061 0.934836 0.0958121 0.130328 0.00430773
0 0.85334 0.943283 0.293319 0.113434 0.00430533
0 0.684161 0.823237 0.512735 0.353526 0.0042971
0 0.0648635 0.903558 0.129727 0.192884 0.00429141
0 0.930069 0.122874 0.139861 0.245747 0.00428918
0 0.53167 0.12871 0.684485 0.257421 0.00428552
0 0.692793 0.876869 0.393764 0.246262 0.00428057
0 0.699759 0.126517 0.600481 0.253034 0.0042786
0 0.0239573 0.387779 0.0479147 0.37272 0.00427503
0 0.568952 0.366254 0.862097 0.516355 0.00427049
0 0.0283292 0.500628 0.0566584 0.431823 0.00426805
0 0.832826 0.16096 0.334349 0.321919 0.00426105
0 0.897943 0.8126 0.204113 0.274927 0.00424524
0 0.101043 0.653154 0.202086 0.2131 0.0042349
0 0.149885 0.111061 0.29977 0.222122 0.00423272
0 0.847128 0.624343 0.305745 0.38873 0.00421978
0 0.276575 0.659669 0.300167 0.185701 0.00421245
0 0.859411 0.672372 0.281178 0.296927 0.00420969
0 0.023943 0.681635 0.0478859 0.354428 0.00419672
0 0.865945 0.726299 0.268111 0.236912 0.00415706
0 0.213327 0.124222 0.426654 0.248444 0.0041445
0 0.571545 0.236576 0.85691 0.473153 0.00412693
0 0.222887 0.609421 0.172102 0.12443 0.00405586
0 0.286301 0.966181 0.290547 0.0676381 0.00405333
0 0.359981 0.65567 0.307676 0.190374 0.00402929
0 0.436352 0.650361 0.292198 0.1886 0.00401127
0 0.483885 0.266762 0.95973 0.524894 0.00399056
0 0.118586 0.225807 0.237172 0.451614 0.00398836
0 0.303321 0.551054 0.132645 0.059951 0.00397345
0 0.457144 0.369036 0.914289 0.530587 0.00397327
0 0.153182 0.273388 0.306364 0.294195 0.00396147
0 0.347302 0.967205 0.288529 0.0655909 0.00392756
0 0.0137931 0.761526 0.0275861 0.273935 0.0039204
0 0.286031 0.729608 0.296935 0.175677 0.00391497
0 0.873179 0.77265 0.253643 0.191201 0.00390506
0 0.912795 0.632173 0.161008 0.0797394 0.00385306
0 0.376693 0.566901 0.179893 0.0870373 0.00382936
0 0.759701 0.411791 0.480598 0.56316 0.0037976
0 0.484435 0.214987 0.968869 0.429975 0.0037958
0 0.0488295 0.137536 0.0976589 0.275073 0.00379061
0 0.0284115 0.157867 0.0568231 0.315734 0.00378025
0 0.718389 0.383217 0.563222 0.439604 0.00376616
0 0.369576 0.755512 0.315709 0.215944 0.00376289
0 0.883314 0.962938 0.233371 0.0741247 0.00374208
0 0.384858 0.21711 0.769715 0.434219 0.00373522
0 0.0815373 0.48768 0.112803 0.0867535 0.00370644
0 0.617343 0.635488 0.181022 0.14586 0.00369094
0 0.465822 0.569257 0.162502 0.0918815 0.00368397
0 0.0539803 0.0993909 0.107961 0.198782 0.00368009
0 0 0.92287 0 0.15426 0.0036762
0 0.83964 0.6446 0.32072 0.639655 0.0036666
0 0.58004 0.532701 0.145684 0.0500673 0.00362427
0 0.554327 0.535704 0.161525 0.0498639 0.00360123
0 0.594811 0.56772 0.155372 0.100956 0.00357161
0 0.834163 0.32634 0.331673 0.54809 0.00352452
0 0.712182 0.147126 0.575637 0.294253 0.00348933
0 0.0596179 0.179949 0.119236 0.359897 0.00347556
0 0.571583 0.187882 0.856834 0.375764 0.00346693
0 0.508908 0.157429 0.942599 0.314859 0.00345169
0 0.165422 0.60503 0.219662 0.11608 0.00344719
0 0.277903 0.213694 0.555806 0.427389 0.00343099
0 0.923661 0.92762 0.152677 0.144759 0.00341614
0 0.911357 0.339517 0.177286 0.433636 0.00339606
0 0.975046 0.899884 0.0499086 0.200232 0.00339282
0 0.0136916 0.877787 0.0273831 0.244425 0.00338703
0 0.887014 0.207408 0.225972 0.414816 0.00338622
0 0.72449 0.174119 0.551019 0.348237 0.00338408
0 0.749105 0.604651 0.167191 0.107554 0.00336616
0 0.245845 0.205367 0.491689 0.410734 0.00336485
0 0.903573 0.738408 0.192853 0.4713 0.00335856
0 0.323495 0.885678 0.377927 0.228643 0.00335185
0 0.91239 0.612072 0.160437 0.102372 0.00333784
0 0.386555 0.158448 0.773109 0.316895 0.00329124
0 0.872343 0.515465 0.236595 0.122387 0.00328505
0 0.740131 0.46603 0.519738 0.494271 0.00328332
0 0.0975954 0.903657 0.195191 0.192687 0.00318041
0 0.29046 0.579302 0.164265 0.105275 0.00317594
0 0.0646815 0.698269 0.129363 0.060948 0.00315786
0 0.833729 0.610243 0.204348 0.113928 0.0031418
0 0.641187 0.212452 0.717626 0.424905 0.00312604
0 0.790734 0.401167 0.418532 0.462569 0.00311809
0 0.948193 0.27987 0.103614 0.430978 0.00307139
0 0.786214 0.657035 0.427571 0.524044 0.00306958
0 0.14528 0.22612 0.27751 0.119161 0.00304384
0 0.42947 0.294524 0.270224 0.143087 0.00302603
0 0.937241 0.965342 0.125518 0.0693169 0.00301977
0 0.741023 0.499977 0.111058 0.0509745 0.00301915
0 0.73745 0.570393 0.5251 0.540692 0.0030059
0 0.115286 0.875902 0.230571 0.177787 0.00297023
0 0.0018347 0.0591834 0.00366939 0.118367 0.00295738
0 0.587 0.581342 0.17332 0.0853043 0.00294854
0 0.637013 0.419847 0.725975 0.531113 0.00289302
0 0.0898109 0.864325 0.179622 0.15543 0.00289034
0 0.601654 0.617037 0.144414 0.112049 0.00286873
0 0.189282 0.143795 0.378564 0.287589 0.00286315
0 0 0.00527891 0 0.0105578 0.00283277
0 0.0875773 0.716633 0.175155 0.0995594 0.00281542
0 0.884786 0.552907 0.215303 0.135383 0.00281339
0 0.81183 0.436384 0.37634 0.640755 0.00279658
0 0.0896897 0.673068 0.179379 0.090344 0.00279443
0 0.14752 0.536572 0.201906 0.114098 0.00278125
0 0.06791 0.773316 0.13582 0.0813252 0.00276962
0 0.598691 0.647642 0.156922 0.120299 0.00276313
0 0.509093 0.572011 0.172338 0.0907864 0.00274385
0 0.0723886 0.42023 0.144777 0.178841 0.00273174
0 0.833001 0.815051 0.333999 0.245546 0.00265366
0 0.624996 0.527406 0.123128 0.0677361 0.00265131
0 0.130467 0.132795 0.260935 0.26559 0.00264304
0 0.113986 0.239501 0.227972 0.148786 0.00262181
0 0.852023 0.325603 0.295954 0.204347 0.00261818
0 0.988133 0.261298 0.0237336 0.281143 0.00261334
0 0.0715128 0.8682 0.143026 0.133799 0.00256855
0 0.85352 0.115558 0.29296 0.114883 0.00255865
0 0.188515 0.588051 0.165152 0.087586 0.00253806
0 0.209574 0.242902 0.240189 0.155732 0.00253406
0 0.70325 0.562386 0.162821 0.131777 0.00253056
0 0.796784 0.8922 0.285566 0.199403 0.00251129
0 0.991084 0.87416 0.0178322 0.251679 0.00249068
0 0.248691 0.624539 0.1475 0.10767 0.00248999
0 0.146537 0.630479 0.183649 0.101448 0.00248289
0 0.468747 0.813885 0.180341 0.134098 0.977817
0 0.992509 0.894799 0.0149816 0.210402 0.0181272
0 0.813972 0.328082 0.372056 0.229306 0.0146463
0 0.893586 0.892682 0.201289 0.214635 0.00767852
0 0.8176 0.139189 0.361912 0.20093 0.0073537
0 0.801274 0.363792 0.397453 0.276048 0.00678464
0 0.122018 0.541474 0.244036 0.641181 0.00568026
0 0.124951 0.390079 0.249902 0.645645 0.00557674
0 0.123621 0.687321 0.247242 0.625359 0.00532943
0 0.995748 0.116157 0.00850423 0.232314 0.00482221
0 0.110121 0.276042 0.220242 0.552083 0.00475016
0 0.1227 0.75935 0.245399 0.4813 0.00458236
0 0.375053 0.830947 0.398526 0.167073 0.00452014
0 0.946356 0.872385 0.107289 0.255229 0.00451669
0 0.441175 0.930885 0.257812 0.138229 0.00447105
0 0.97621 0.975744 0.0475792 0.0485111 0.00442532
0 0.49611 0.931063 0.288744 0.137873 0.00435427
0 0.973732 0.0789114 0.0525363 0.157823 0.00435144
0 0.864094 0.90979 0.271811 0.18042 0.00425587
0 0.0712535 0.979374 0.142507 0.0412527 0.00424161
0 0.0360584 0.977457 0.0721167 0.0450868 0.0042373
0 0.707139 0.304122 0.585723 0.479584 0.00423332
0 0.558132 0.651578 0.761661 0.484798 0.00420325
0 0.111251 0.979639 0.222502 0.040722 0.00418618
0 0.941419 0.311561 0.117163 0.396241 0.0041719
0 0.989663 0.317331 0.0206735 0.328532 0.00416168
0 0.416756 0.978739 0.286941 0.0425222 0.00416166
0 0.928088 0.255813 0.143823 0.424706 0.00411097
0 0.559519 0.916948 0.306099 0.166104 0.00410341
0 0.835846 0.976713 0.29769 0.046575 0.00403358
0 0.949004 0.410943 0.101993 0.385076 0.00402452
0 0.48611 0.977944 0.2946 0.0441111 0.00401609
0 0.142937 0.978792 0.285875 0.0424166 0.00401353
0 0.978312 0.173286 0.0433754 0.346573 0.00395686
0 0.352952 0.916223 0.331759 0.167555 0.00394742
0 0.989264 0.411938 0.0214722 0.329228 0.00393063
0 0.346793 0.979224 0.292095 0.0415522 0.00392022
0 0.638479 0.608674 0.723042 0.534043 0.00390979
0 0.202151 0.978825 0.310221 0.0423494 0.00389462
0 0.903705 0.344156 0.19259 0.4102 0.00389444
0 0.0322952 0.887578 0.0645905 0.224844 0.00384754
0 0.991381 0.215959 0.017239 0.335299 0.00384749
0 0.418999 0.657343 0.78012 0.499014 0.00384319
0 0.272815 0.979027 0.302129 0.0419454 0.00384207
0 0.993367 0.161256 0.013265 0.298009 0.00383191
0 0.91906 0.508811 0.161881 0.409563 0.00381464
0 0.860624 0.318655 0.276226 0.220407 0.00377995
0 0.772888 0.603539 0.454224 0.436183 0.00377231
0 0.923741 0.183849 0.152518 0.367697 0.00377022
0 0.0634019 0.117253 0.126804 0.234507 0.00376952
0 0.393692 0.70652 0.642784 0.397643 0.00375932
0 0.236182 0.214143 0.472365 0.428287 0.00374044
0 0.919491 0.609079 0.161017 0.401186 0.00373823
0 0.871114 0.217084 0.257771 0.434168 0.00372109
0 0.987654 0.815353 0.0246913 0.345001 0.00369193
0 0.550203 0.977561 0.302842 0.0448775 0.00368249
0 0.880117 0.444495 0.239766 0.432043 0.00367203
0 0.709987 0.978766 0.334636 0.0424685 0.00367069
0 0.741769 0.552647 0.516461 0.447875 0.00365741
0 0.429695 0.882854 0.271185 0.234293 0.00364915
0 0.483401 0.760511 0.27389 0.268372 0.00364775
0 0.988499 0.511608 0.0230025 0.348349 0.0036322
0 0.733676 0.354728 0.532648 0.429333 0.00361314
0 0.480763 0.867701 0.291331 0.264598 0.00360801
0 0.543993 0.71211 0.53405 0.380002 0.00360113
0 0.817328 0.59098 0.359993 0.255221 0.00359524
0 0.706277 0.60289 0.587446 0.480725 0.00359241
0 0.777507 0.227774 0.444986 0.455547 0.00358334
0 0.911175 0.709189 0.17765 0.405721 0.00358072
0 0.22875 0.908699 0.338288 0.182603 0.00357753
0 0.837929 0.708597 0.324141 0.396152 0.00356733
0 0.44503 0.766147 0.23768 0.24686 0.00355358
0 0.873656 0.97666 0.252689 0.0466805 0.00355181
0 0.98826 0.611404 0.02348 0.345053 0.00355038
0 0.84309 0.604464 0.31382 0.397038 0.00353192
0 0.0549867 0.463745 0.109973 0.624602 0.00352529
0 0.0545639 0.615632 0.109128 0.62176 0.00351663
0 0.98648 0.710413 0.0270408 0.34967 0.00351635
0 0.788868 0.66183 0.422264 0.411415 0.00350812
0 0.624363 0.978228 0.317741 0.0435436 0.0034938
0 0.486609 0.804272 0.277215 0.174698 0.0034804
0 0.58174 0.812552 0.498312 0.374896 0.00347047
0 0.821402 0.908768 0.357196 0.182464 0.0034657
0 0.870649 0.540766 0.258701 0.432798 0.00344823
0 0.220406 0.17985 0.440811 0.3597 0.00343998
0 0.922234 0.800202 0.155532 0.399595 0.00343676
0 0.880333 0.0975676 0.239334 0.195135 0.00341547
0 0.0692832 0.923102 0.138566 0.153795 0.00341427
0 0.615223 0.696202 0.612965 0.435963 0.00341342
0 0.0888033 0.842043 0.177607 0.315913 0.00340083
0 0.308894 0.659471 0.617789 0.504564 0.00339947
0 0.977781 0.100771 0.0444386 0.201542 0.00339685
0 0.873238 0.644168 0.253524 0.414245 0.00339604
0 0.819924 0.902245 0.284174 0.19551 0.00338353
0 0.0554954 0.726433 0.110991 0.547134 0.00337905
0 0.844085 0.416436 0.311831 0.374493 0.00335686
0 0.082073 0.197341 0.164146 0.394682 0.00335282
0 0.848964 0.843393 0.302072 0.313215 0.00334759
0 0.146703 0.911808 0.293406 0.176384 0.00332581
0 0.418964 0.74172 0.31158 0.288434 0.0033123
0 0.243324 0.29304 0.486647 0.521157 0.00328787
0 0.82987 0.796929 0.34026 0.406143 0.00327841
0 0.749251 0.465008 0.501498 0.445955 0.00327692
0 0.73433 0.894658 0.334316 0.210683 0.0032594
0 0.880464 0.825962 0.239072 0.348076 0.00323741
0 0.634257 0.903225 0.317379 0.19355 0.00322842
0 0.0506687 0.784739 0.101337 0.430521 0.00321314
0 0.557785 0.843942 0.396987 0.312116 0.00321046
0 0.288713 0.823496 0.57043 0.344921 0.0031926
0 0.341428 0.841477 0.467297 0.317046 0.00318334
0 0.72827 0.697103 0.54346 0.433616 0.00317822
0 0.414852 0.830515 0.307228 0.194442 0.0031778
0 0.826185 0.30239 0.34763 0.433095 0.00315504
0 0.861769 0.745551 0.276462 0.443246 0.00313206
0 0.767335 0.751624 0.465331 0.450354 0.00312891
0 0.876576 0.874942 0.235143 0.250115 0.0031204
0 0.796603 0.422524 0.406795 0.384282 0.00311771
0 0.802433 0.113323 0.395135 0.226645 0.00311305
0 0.271193 0.426919 0.542387 0.53316 0.0031046
0 0.247529 0.44412 0.495058 0.530022 0.0030898
0 0.264337 0.753223 0.528675 0.478633 0.00308308
0 0.113463 0.914125 0.226926 0.171749 0.00307906
0 0.837101 0.814239 0.325798 0.368421 0.00306167
0 0.911215 0.929326 0.177569 0.141348 0.00303233
0 0.262294 0.836977 0.524588 0.326046 0.00303114
0 0.246047 0.545355 0.492093 0.522433 0.00303017
0 0.784222 0.820461 0.431556 0.359077 0.00302454
0 0.285415 0.786916 0.570831 0.426167 0.0030152
0 0.0115583 0.0871143 0.0231166 0.174229 0.00299764
0 0.356639 0.126867 0.695749 0.253733 0.0029802
0 0.597273 0.264114 0.805454 0.498379 0.00296971
0 0.668785 0.745716 0.650914 0.45903 0.00293698
0 0 0.905918 0 0.188164 0.0029151
0 0.275974 0.126772 0.551947 0.253545 0.00290128
0 0.816866 0.157526 0.366268 0.315053 0.00289821
0 0.864578 0.233776 0.25854 0.298839 0.00289655
0 0.252793 0.703816 0.505587 0.509525 0.00289624
0 0.317673 0.374835 0.635347 0.543384 0.00288401
0 0.258071 0.24246 0.516141 0.48492 0.00288274
0 0 0.97605 0 0.0479004 0.00286078
0 0.192106 0.836553 0.384213 0.326894 0.0028573
0 0.208013 0.817559 0.416026 0.364881 0.00285525
0 0.59631 0.464118 0.80738 0.50747 0.00284647
0 0.637867 0.122547 0.671124 0.245093 0.00283872
0 0.497519 0.125147 0.691097 0.250293 0.00283597
0 0.598849 0.359437 0.802303 0.501796 0.00283498
0 0.295404 0.737668 0.569331 0.399943 0.00283438
0 0.237542 0.648655 0.475083 0.512265 0.00282873
0 0.0495858 0.855912 0.0991716 0.288177 0.00282726
0 0.268254 0.528442 0.536508 0.532836 0.00282714
0 0.264938 0.32539 0.529876 0.530489 0.00281708
0 0.0323063 0.139706 0.0646126 0.279412 0.00280968
0 0.215035 0.295773 0.43007 0.333161 0.00280801
0 0.777112 0.840619 0.445777 0.318762 0.0027851
0 0.649328 0.834126 0.496372 0.331748 0.00276793
0 0.677767 0.80107 0.644465 0.397859 0.00276433
0 0.395535 0.791723 0.347071 0.33419 0.00275913
0 0.867216 0.128836 0.265568 0.257672 0.00274845
0 0.171881 0.123337 0.343761 0.246675 0.00273267
0 0.559474 0.563245 0.881052 0.53735 0.00272601
0 0.180866 0.113081 0.361733 0.171702 0.00272299
0 0.720159 0.121172 0.559682 0.242343 0.00272002
0 0.227039 0.800919 0.454079 0.398163 0.00268093
0 0.136513 0.835301 0.273027 0.329397 0.00267598
0 0.0257964 0.844968 0.0515928 0.310064 0.00266063
0 0.591109 0.212755 0.817782 0.425511 0.00263589
0 0.20716 0.758171 0.41432 0.483658 0.00263352
0 0.879207 0.27847 0.230424 0.282843 0.0026202
0 0.850572 0.397482 0.288301 0.368135 0.00261572
0 0.656475 0.510096 0.68705 0.512613 0.0025746
0 0.457572 0.367604 0.915144 0.531596 0.00257078
0 0.824906 0.735803 0.350187 0.390984 0.00255333
0 0.18597 0.904604 0.37194 0.190792 0.00255241
0 0.224185 0.747803 0.44837 0.504395 0.00253836
0 0.850182 0.616458 0.299636 0.19519 0.00252713
0 0.243724 0.627129 0.487448 0.53345 0.00252517
0 0.850491 0.665191 0.299019 0.38231 0.00251524
0 0.42394 0.467569 0.84788 0.535821 0.00251285
0 0.591209 0.633316 0.167349 0.148183 0.00250005
0 0.377603 0.613224 0.755206 0.532798 0.00249348
0 0.866843 0.880516 0.266313 0.238969 0.0024473
0 0.314795 0.269893 0.629591 0.539786 0.00243856
0 0.870561 0.34416 0.24662 0.32492 0.00242401
0 0.856732 0.155267 0.282576 0.206987 0.00240786
0 0.514434 0.239353 0.93344 0.478706 0.00240203
0 0.738877 0.175096 0.522247 0.350191 0.00239849
0 0.896924 0.904265 0.206151 0.19147 0.0023572
0 0.389044 0.317516 0.778087 0.533421 0.00231297
0 0.03136 0.0157934 0.0627199 0.0315867 0.00228242
0 0.775944 0.561439 0.448112 0.322394 0.00222542
0 0.674187 0.41426 0.651625 0.439826 0.00221537
0 0.667547 0.234796 0.664905 0.469593 0.00218505
0 0.153111 0.131784 0.306222 0.220983 0.00215272
0 0.389086 0.240758 0.778172 0.481515 0.0021423
0 0.127028 0 0.254057 0 0.00214143
0 0.857079 0.83002 0.285842 0.339961 0.00213589
0 0.413366 0.162239 0.826732 0.324478 0.00210832
0 0.852466 0.186765 0.279519 0.34193 0.00209741
0 0.995192 0.270578 0.00961652 0.289204 0.00208697
0 0.662276 0.184109 0.675448 0.368218 0.00207956
0 0.00707429 0.00894767 0.0141486 0.0178953 0.00206984
0 0.353464 0.188875 0.706927 0.37775 0.00205736
0 0.848451 0.566021 0.303098 0.364627 0.00205245
0 0.141316 0.907381 0.282632 0.185239 0.00205243
0 1 0.00667178 0 0.0133436 0.00203835
0 0.604178 0.158032 0.791644 0.316063 0.00203613
0 0.811575 0.877472 0.376849 0.245056 0.00202546
0 0.515222 0.188935 0.950863 0.37787 0.0020239
0 0.277043 0.703564 0.554086 0.283861 0.00196503
0 0.853448 0.135183 0.285261 0.137829 0.00196173
0 0.281658 0.279713 0.563315 0.346095 0.00195023
0 0.867509 0.860862 0.264983 0.278275 0.00194728
0 0.864285 0.61485 0.264771 0.345989 0.00193473
0 0.865345 0.589681 0.26931 0.380884 0.00193336
0 0.228103 0.156775 0.456206 0.313551 0.00192614
0 0.89387 0.89003 0.212261 0.21994 0.0019072
0 0.246042 0.62473 0.458128 0.306979 0.00190633
0 0.765417 0.906291 0.43131 0.187419 0.00190473
0 0.859611 0.63626 0.280778 0.39635 0.00189729
0 1 0.916763 0 0.166475 0.00188944
0 0.809712 0.834403 0.380576 0.294734 0.00188913
0 0.104773 0.15401 0.209547 0.308021 0.0018856
0 0 0.929585 0 0.14083 0.0018736
0 0.767979 0.804533 0.464042 0.303393 0.00187076
0 0.104904 0.275913 0.209808 0.310133 0.00185648
0 0.0717079 0.908769 0.143416 0.182461 0.00185242
0 1 0.87363 0 0.224431 0.00182803
0 0.754782 0.387253 0.490436 0.318982 0.00182793
0 0.246302 0.488445 0.492604 0.344989 0.00182734
0 0.280094 0.181128 0.559806 0.300548 0.00181916
0 0.154557 0.261257 0.309114 0.196801 0.00180611
0 0.667307 0.595017 0.488071 0.268752 0.00179816
0 0 0.00368867 0 0.00737734 0.00179693
0 0.291391 0.898007 0.446217 0.203986 0.00178999
0 1 0.822571 0 0.217516 0.00178622
0 0.40008 0.897933 0.521191 0.204133 0.00176684
0 0.85923 0.538346 0.28154 0.373315 0.00176006
0 0.846107 0.124083 0.307785 0.248165 0.00174693
0 0.194352 0.631475 0.388704 0.393689 0.00173664
0 0.640897 0.904005 0.479405 0.19199 0.00172402
0 0.244264 0.749883 0.488528 0.304903 0.00171196
0 0.178268 0.237331 0.356536 0.243745 0.00171189
0 0.260495 0.921138 0.333837 0.157724 0.00170347
0 0.242089 0.381167 0.484179 0.388976 0.00168419
0 0.788674 0.920832 0.349004 0.158336 0.00168199
0 1 0.77171 0 0.212125 0.0016809
0 0.713203 0.36434 0.475297 0.275378 0.00167652
0 0.170833 0.779984 0.341665 0.302911 0.00166949
0 0.0788492 0.458301 0.157698 0.298737 0.00166745
0 0.362514 0.458305 0.620948 0.287371 0.00166684
0 0.444746 0.21202 0.514997 0.323665 0.00166461
0 0.780125 0.48586 0.439749 0.306065 0.00166179
0 0.529372 0.433298 0.629368 0.385129 0.00165676
0 0.18144 0.877227 0.362879 0.245546 0.00165448
0 0.176372 0.554366 0.352744 0.377719 0.00164047
0 0.71302 0.675318 0.571174 0.314391 0.00161896
0 0.685061 0.77777 0.585481 0.310426 0.00161455
0 1 0.720264 0 0.208178 0.0016071
0 0.272676 0.670631 0.464063 0.170035 0.00159996
0 0.861997 0.48913 0.276007 0.281189 0.0015823
0 0.777758 0.760727 0.444484 0.311569 0.00157398
0 0.138009 0.817122 0.276017 0.365756 0.00156221
0 0.449843 0.387887 0.496475 0.213558 0.00155382
0 0.755418 0.888664 0.489165 0.222671 0.00155155
0 0.0866193 0.878947 0.173239 0.242105 0.00154848
0 0.190481 0.717579 0.346252 0.210802 0.00154848
0 0 0.960825 0 0.0783491 0.00153449
0 1 0.669093 0 0.203544 0.00153421
0 0.166638 0.565271 0.333275 0.273552 0.00153183
0 0.0812023 0.128528 0.162405 0.257056 0.00153133
0 0.78303 0.233047 0.433941 0.320455 0.00152604
0 0.290568 0.876125 0.549897 0.247749 0.00151286
0 1 0.93942 0 0.121161 0.00150444
0 0.265506 0.39528 0.445962 0.190068 0.00149744
0 1 0.0661632 0 0.132326 0.00149581
0 1 0.970397 0 0.0592051 0.00149206
0 0.403164 0.889101 0.615084 0.221799 0.00148697
0 0.597266 0.401655 0.627193 0.356786 0.00148556
0 0.659426 0.869133 0.581623 0.261734 0.00148527
0 0.258266 0.807988 0.425051 0.343455 0.00148281
0 0.159176 0.725644 0.318352 0.354468 0.0014756
0 0.86807 0.466655 0.249848 0.365085 0.00147274
0 0.113574 0.404263 0.227148 0.343696 0.00147263
0 0.632976 0.356934 0.532142 0.295518 0.00147254
0 0.425951 0.456459 0.539791 0.345994 0.0014711
0 0.114715 0.120175 0.22943 0.17296 0.00146148
0 0.187591 0 0.273606 0 0.0014598
0 0.0766833 0.780519 0.153367 0.325543 0.00143847
0 0.734139 0.343967 0.338855 0.208 0.00143569
0 1 0.618056 0 0.201164 0.00142563
0 0.0903577 0.212563 0.180715 0.297648 0.0014244
0 0.415509 0.161687 0.314447 0.172369 0.00142403
0 0.524933 0.376421 0.504517 0.255069 0.00142235
0 0.636362 0.818185 0.559654 0.340368 0.00142233
0 0.409495 0.502447 0.464488 0.240777 0.00142176
0 0.286781 0.242698 0.443955 0.183646 0.00142056
0 0.550796 0.903594 0.427257 0.192812 0.00141961
0 0.372798 0.615011 0.366135 0.254247 0.001419
0 0.575442 0.883998 0.571133 0.232004 0.00141792
0 0.063754 0.831836 0.127508 0.329948 0.00141207
0 0.469475 0.815491 0.180427 0.133827 0.985874
0 0.999236 0.100438 0.00152772 0.200875 0.0414082
0 0.998498 0.887546 0.00300319 0.224907 0.00899112
0 0.0506297 0.500871 0.0987157 0.059975 0.00847939
0 0.0510314 0.462689 0.102063 0.133499 0.00728957
0 1 0.0401491 0 0.0802983 0.00523541
0 0.309564 0.965969 0.241187 0.0680622 0.00441302
0 0.401802 0.964861 0.256658 0.0702773 0.00440127
0 0.333388 0.709264 0.654092 0.368409 0.00436202
0 0.449464 0.965147 0.253407 0.0697067 0.0043237
0 0.570755 0.96811 0.256122 0.0637807 0.00432171
0 0.983524 0.0705177 0.0329524 0.141035 0.0043175
0 0.223262 0.965432 0.249281 0.0691366 0.00421581
0 0.500423 0.966864 0.252702 0.0662718 0.00418695
0 0.984264 0.553877 0.0314724 0.384489 0.00418037
0 0.96348 0.165628 0.073039 0.331257 0.00415601
0 0.975744 0.304353 0.048511 0.387575 0.00413163
0 0.980814 0.454384 0.0383718 0.385503 0.00412731
0 0.978827 0.704338 0.0423462 0.382841 0.00412358
0 0.99588 0.199304 0.00823961 0.381184 0.00409708
0 0.460807 0.869321 0.226302 0.261358 0.00409224
0 0.654246 0.967438 0.258449 0.0651247 0.00407293
0 0.00592431 0.0699275 0.0118486 0.139855 0.00398775
0 0.392102 0.746378 0.5978 0.276351 0.00397349
0 0.446247 0.653103 0.881011 0.542663 0.00395112
0 0.955611 0.754763 0.0887783 0.398126 0.00395053
0 0.406025 0.752957 0.318149 0.266743 0.0038111
0 0.619419 0.648697 0.761163 0.494265 0.00379595
0 0.845663 0.693679 0.308674 0.46247 0.00374022
0 0.976255 0.798683 0.0474892 0.402634 0.00371702
0 0.842424 0.591381 0.315152 0.476033 0.00362818
0 0.982624 0.85417 0.0347525 0.291659 0.0036219
0 0.860025 0.210723 0.279949 0.421447 0.00362185
0 0.813653 0.799293 0.372695 0.401415 0.00361808
0 0.995497 0.96971 0.00900564 0.0605804 0.0036028
0 0.26347 0.771995 0.52694 0.32408 0.00358864
0 0.127325 0.899371 0.254651 0.201258 0.00355493
0 0.878659 0.0644073 0.242683 0.128815 0.00351864
0 0.725584 0.966686 0.267699 0.0666272 0.00351668
0 0.130856 0.941767 0.261712 0.116466 0.00349716
0 0.828804 0.443495 0.342392 0.483375 0.00348665
0 0.123613 0.96336 0.247226 0.0732794 0.00346354
0 0.00654243 0.971684 0.0130849 0.056631 0.00342713
0 0.822735 0.293494 0.354531 0.492723 0.00341538
0 0.998376 0.81614 0.0032476 0.320759 0.00338586
0 0.294954 0.919825 0.349664 0.160349 0.0033669
0 0.144355 0.406531 0.28871 0.341094 0.00335081
0 0.463754 0.803279 0.219399 0.167631 0.00334448
0 0.996842 0.366077 0.0063151 0.311374 0.00332035
0 0.116019 0.450459 0.232038 0.280297 0.00331533
0 0.313976 0.827438 0.416445 0.315034 0.0033096
0 0.997299 0.516713 0.00540286 0.313925 0.00326042
0 0.611876 0.708734 0.480719 0.311977 0.00323015
0 0.843173 0.0627897 0.279468 0.125579 0.00321563
0 0.997506 0.715429 0.00498887 0.315873 0.00319512
0 0.997132 0.616459 0.00573599 0.315268 0.00319299
0 0.692721 0.787772 0.53939 0.424455 0.00318324
0 0.453698 0.902051 0.245766 0.195899 0.00317798
0 0.446363 0.764989 0.254344 0.238401 0.00316446
0 0.147176 0.0747218 0.285531 0.149444 0.00316258
0 0.552212 0.752504 0.317085 0.217006 0.00314282
0 0.119097 0.106053 0.238195 0.15447 0.00312936
0 0.995639 0.140261 0.00872291 0.280523 0.00312857
0 0.213582 0.364821 0.427164 0.434437 0.00312439
0 0.266225 0.949959 0.2251 0.100081 0.00312134
0 0.996585 0.266996 0.00682898 0.318032 0.00310842
0 0.956474 0.0731451 0.0870523 0.14629 0.0030983
0 0.717256 0.702737 0.532654 0.412504 0.00308746
0 0.405565 0.936312 0.2324 0.127375 0.00308134
0 0.683824 0.743882 0.449521 0.364721 0.00304167
0 0.571169 0.943789 0.251446 0.112421 0.00303359
0 0.20785 0.0847751 0.315276 0.16955 0.00303184
0 0.468231 0.75385 0.193132 0.113803 0.00302742
0 0.145233 0.10078 0.290465 0.185695 0.00301026
0 0.149779 0.431571 0.299559 0.542401 0.00299954
0 0.339829 0.878858 0.37458 0.242285 0.00299792
0 0.241617 0.789502 0.483234 0.420996 0.00296509
0 0.19872 0.221477 0.397441 0.442953 0.0029584
0 0.239589 0.270164 0.479178 0.488127 0.00294447
0 0.539909 0.820488 0.327384 0.194745 0.00294168
0 0.183159 0.117428 0.353974 0.204937 0.00292194
0 0.462949 0.924667 0.231488 0.150666 0.00291662
0 0.194862 0.181624 0.389725 0.363248 0.00287544
0 0.153621 0.86222 0.307242 0.27556 0.00286088
0 0.297873 0.0915543 0.333603 0.183109 0.00285952
0 0.199901 0.84659 0.395919 0.30682 0.00282165
0 0.650472 0.95451 0.259936 0.0909803 0.00281566
0 0.699518 0.113854 0.457595 0.227707 0.00281142
0 0.1053 0.446352 0.210601 0.166877 0.00278064
0 0.803623 0.0952962 0.341528 0.190592 0.00278037
0 0.537949 0.895773 0.306189 0.208454 0.00277946
0 0.852193 0.950068 0.295614 0.0998641 0.00275855
0 0.00883118 0.892391 0.0176624 0.215218 0.00275725
0 0.0373413 0.103198 0.0746825 0.206396 0.00275515
0 0.049502 0.4891 0.099004 0.0856099 0.00274639
0 0.794732 0.637009 0.410537 0.541395 0.00274454
0 0.277154 0.121092 0.41987 0.238477 0.00274348
0 0.0331508 0.0671349 0.0663016 0.13427 0.00273202
0 0.146365 0.567973 0.29273 0.539324 0.00273177
0 0.0772623 0.829056 0.154525 0.341887 0.00272508
0 0.141293 0.168404 0.282587 0.281894 0.00272192
0 0.814369 0.966495 0.277833 0.0670103 0.00272093
0 0.716194 0.0701033 0.330125 0.140207 0.0026835
0 0.569192 0.119507 0.493526 0.239014 0.0026581
0 0.733357 0.74823 0.533287 0.484474 0.00265756
0 0.299367 0.426556 0.598734 0.524397 0.00265079
0 0.142576 0.332388 0.285151 0.500652 0.00265067
0 0.949665 0.131758 0.100671 0.263517 0.0026504
0 0.431721 0.112084 0.446163 0.224168 0.00263757
0 0.502691 0.931689 0.226818 0.136622 0.00263275
0 0.34241 0.654483 0.68482 0.498658 0.00262591
0 0.244452 0.524557 0.488904 0.487098 0.00261638
0 0.143235 0.561557 0.286469 0.402983 0.0026131
0 0.113542 0.54452 0.227085 0.281223 0.0026078
0 0.944567 0.939697 0.110866 0.120605 0.0026038
0 0.815028 0.152532 0.369944 0.305064 0.00259571
0 0.771415 0.495957 0.457169 0.556243 0.00259231
0 0.0435922 0.569432 0.0871844 0.548495 0.00258902
0 0.150477 0.412893 0.300954 0.389102 0.00258447
0 0.292824 0.244594 0.585647 0.489188 0.00256473
0 0.0289259 0.795347 0.0578518 0.409307 0.00255928
0 0.361464 0.104068 0.400049 0.208136 0.00255662
0 0.0460562 0.470158 0.0921124 0.566873 0.00255414
0 0.041923 0.670135 0.083846 0.537444 0.00254897
0 0.787666 0.230561 0.424669 0.461122 0.00254093
0 0.0420546 0.316851 0.0841092 0.520072 0.00253587
0 1 0.0246899 0 0.0493797 0.00252846
0 0 0.00862462 0 0.0172492 0.00252593
0 0.254199 0.699683 0.508398 0.457925 0.00252557
0 0.0719437 0.171764 0.143887 0.343528 0.00251208
0 0.0261812 0.873884 0.0523624 0.252231 0.00250454
0 0.668968 0.609485 0.662064 0.569342 0.00250358
0 0.998028 0.444038 0.00394379 0.295579 0.0025017
0 0.635196 0.0746427 0.338199 0.149285 0.00250108
0 0.330205 0.191519 0.645676 0.383038 0.00250058
0 0.77821 0.395968 0.443581 0.551297 0.00250013
0 0.259018 0.196421 0.518036 0.343404 0.00247123
0 0.331142 0.326702 0.662284 0.56621 0.00246414
0 0.725015 0.779082 0.54997 0.441835 0.00246026
0 0.717627 0.956167 0.28412 0.0876663 0.00245577
0 0.390521 0.143446 0.563274 0.286891 0.00244242
0 0.169108 0.747626 0.338216 0.467994 0.00244011
0 0.0377079 0.752402 0.0754158 0.495195 0.0024399
0 0.76833 0.295537 0.46334 0.561945 0.00242255
0 0.494685 0.165911 0.733338 0.331821 0.00235474
0 0.115885 0.690641 0.231769 0.571739 0.00235137
0 0.871882 0.96875 0.256237 0.0625008 0.00234707
0 0.929018 0.970998 0.141965 0.0580038 0.00233864
0 0.59829 0.413286 0.803421 0.563214 0.00233216
0 0.492885 0.907888 0.232369 0.184223 0.00232636
0 0.80103 0.951622 0.315783 0.096756 0.00231893
0 0.0282021 0.19326 0.0564042 0.363323 0.00231677
0 0.657258 0.886863 0.304071 0.226275 0.00230831
0 0.780746 0.733217 0.438507 0.533565 0.00230744
0 0.599073 0.560853 0.801854 0.570887 0.00230228
0 0.0340994 0.972304 0.0681988 0.0553919 0.00230101
0 0.747991 0.702307 0.504018 0.51696 0.00228681
0 0.0979692 0.779827 0.195938 0.440346 0.0022809
0 0.709575 0.172035 0.58085 0.344071 0.00227627
0 0.998011 0.193993 0.0039787 0.295762 0.00226156
0 0.603725 0.182573 0.792551 0.365145 0.00225546
0 0.477732 0.418764 0.955463 0.57911 0.00225172
0 0.487853 0.76932 0.248152 0.23468 0.00224733
0 0.434537 0.201464 0.758509 0.402928 0.00224658
0 0.467149 0.512308 0.91439 0.5489 0.00222164
0 0.151889 0.511119 0.303777 0.373588 0.00218539
0 0.160462 0.713179 0.320923 0.421588 0.00218208
0 0.162007 0.655512 0.324015 0.383498 0.00216057
0 0.567638 0.0748545 0.333386 0.149709 0.00213124
0 0.117786 0.214794 0.235572 0.387976 0.00212896
0 0.701332 0.457904 0.597337 0.56518 0.00212659
0 0.443174 0.628355 0.29133 0.158858 0.00212581
0 0.0318494 0.929546 0.0636988 0.140907 0.00212114
0 0.200016 0.609839 0.400033 0.448398 0.00211986
0 0.693884 0.272743 0.612232 0.545485 0.00209705
0 0.0574718 0.837262 0.114944 0.325475 0.00209449
0 0.858164 0.616059 0.244452 0.191131 0.00208651
0 0.838024 0.633605 0.288769 0.149079 0.00207094
0 0.547292 0.219888 0.905416 0.439775 0.00206928
0 0.41009 0.37039 0.820181 0.584529 0.00206833
0 0.0199319 0.11522 0.0398638 0.180688 0.00206607
0 0.702466 0.358227 0.595068 0.55742 0.00204238
0 0.637384 0.219125 0.725231 0.438249 0.00203497
0 0.59299 0.313689 0.81402 0.577059 0.00203374
0 0.439691 0.244644 0.879381 0.489289 0.00201726
0 0.111451 0.0705649 0.222903 0.14113 0.00201598
0 0.080957 0.0941174 0.161914 0.184203 0.00199793
0 0.52529 0.279452 0.949421 0.558904 0.00199096
0 0.501669 0.0749412 0.336524 0.149882 0.00197722
0 0.343745 0.513828 0.68749 0.522574 0.00196205
0 0.400268 0.467954 0.800536 0.551702 0.00195357
0 0.13348 0.808538 0.266959 0.382924 0.00194634
0 0.0660087 0.948686 0.132017 0.102629 0.00193993
0 0.656844 0.64841 0.236162 0.117708 0.00188894
0 0.454746 0.648592 0.223692 0.120694 0.00186536
0 0.748833 0.83157 0.502334 0.336859 0.00182444
0 0.733999 0.643827 0.242711 0.12698 0.00180717
0 0.432531 0.0769031 0.349887 0.153806 0.00180316
0 0.838286 0.53797 0.28822 0.228499 0.00180174
0 0.082074 0.239633 0.164148 0.479266 0.00179168
0 0.318741 0.122164 0.272442 0.0928792 0.00178977
0 0.0858017 0.0697132 0.171603 0.139426 0.00178429
0 0.863237 0.142963 0.224349 0.186762 0.00177462
0 0.504094 0.882077 0.226622 0.141743 0.0017587
0 0.104918 0.881737 0.209836 0.236526 0.00170277
0 0.169783 0.335334 0.339566 0.203046 0.00166675
0 0.00919922 0.011038 0.0183984 0.0220761 0.00156945
0 0.829087 0.325541 0.308182 0.216964 0.00155206
0 0.674246 0.750459 0.24945 0.135403 0.00154742
0 0.316632 0.812662 0.230383 0.147245 0.00152532
0 0.253207 0.552209 0.297846 0.193252 0.00151526
0 0.86491 0.491611 0.235667 0.155325 0.0014908
0 0.200129 0.614477 0.271133 0.154314 0.00149033
0 0.135517 0.388933 0.271033 0.123704 0.00148628
0 0.0454069 0.357227 0.0908138 0.215106 0.00146834
0 0.765809 0.750732 0.244661 0.13409 0.00145954
0 0.156144 0.44242 0.312288 0.171033 0.00145613
0 0.718917 0.751788 0.259097 0.131931 0.00144873
0 0.0598847 0.438956 0.119769 0.1899 0.00144749
0 0.61451 0.536598 0.278735 0.172564 0.00144446
0 0.0771803 0.999469 0.154361 0.00106163 0.00144273
0 0.0461253 0.160813 0.0922507 0.200173 0.00143055
0 0.0411119 0.32686 0.0822238 0.211334 0.00142444
0 0.129313 0.62625 0.258627 0.203572 0.00140251
0 0.45696 0.499916 0.274644 0.151522 0.00137998
0 0.394346 0.889023 0.298799 0.217116 0.00137416
0 0.908391 0.00163458 0.183219 0.00326917 0.00135787
0 0.167944 0.399105 0.335888 0.165067 0.00135492
0 0 0.959047 0 0.0819063 0.00135053
0 0 0.0226802 0 0.0453603 0.00134829
0 0.555462 0.365483 0.234942 0.125611 0.00133405
0 0.4922 0.631134 0.259701 0.147337 0.00133238
0 0.0411141 0.273404 0.0822283 0.213487 0.00132998
0 0.128029 0.696462 0.256059 0.23096 0.0013294
0 0.215306 0.597112 0.26705 0.107357 0.00132272
0 0.643455 0.547234 0.282732 0.144879 0.00132019
0 0.0492465 0.395531 0.0984931 0.215183 0.00130557
0 0.300418 0.491892 0.337774 0.179624 0.0013032
0 0.894414 0.888268 0.211173 0.223465 0.00130207
0 0.36478 0.492105 0.267899 0.174842 0.0013005
0 0.190459 0.301105 0.380919 0.227746 0.0012953
0 0.536208 0.558867 0.333403 0.266642 0.00129136
0 0.852922 0.35454 0.249966 0.194967 0.0012876
0 0.708732 0.63446 0.320146 0.149752 0.001285
0 0.0551154 0.0883765 0.110231 0.167306 0.00127584
0 0.256226 0.484314 0.279172 0.153655 0.00127213
0 0.0631821 0.8972 0.126364 0.205601 0.00126901
0 0.122924 0.785197 0.245849 0.205403 0.00126881
0 0.335739 0.546389 0.330842 0.214923 0.00126657
0 0.859901 0.855568 0.280198 0.288864 0.00125077
0 0.0441243 0.206979 0.0882487 0.191866 0.00124909
0 0.222194 0.394788 0.419351 0.17365 0.00123796
0 0.143383 0.758209 0.27582 0.134627 0.00123264
0 1 0.0287466 0 0.0574933 0.00123138
0 0.944306 0.89081 0.111389 0.218381 0.00122542
0 0.0647591 0.497476 0.0674045 0.0621107 0.00122371
0 0.559296 0.51064 0.240332 0.152358 0.00122228
0 0.637187 0.751267 0.208266 0.141401 0.00121826
0 0.411517 0.523088 0.226006 0.175288 0.00121497
0 0.856402 0.751796 0.25186 0.134012 0.0011997
0 0.265905 0.6738 0.326108 0.0877754 0.00119334
0 0.847416 0.909406 0.305168 0.181188 0.00119273
0 0.26339 0.741163 0.276308 0.0654713 0.0011895
0 0.844182 0.868845 0.311636 0.19469 0.00118897
0 0.1607 0.723632 0.3214 0.206139 0.00118561
0 0.853665 0.817757 0.292669 0.364486 0.00118388
0 0.164881 0.153368 0.329762 0.187598 0.0011832
0 0.0421063 0.128946 0.0842125 0.184467 0.00118051
0 0.791517 0.439652 0.416965 0.267853 0.00117539
0 0.874891 0.0830653 0.250218 0.166131 0.0011739
0 0.716072 0.872188 0.37811 0.207848 0.00117223
0 0.640643 0.324493 0.374451 0.183033 0.00117209
0 0.719735 0.904537 0.368979 0.167855 0.00116997
0 0.87609 0.0797696 0.247819 0.159539 0.00116398
0 0.274639 0.834608 0.247792 0.16372 0.00116198
0 0.571701 0.547218 0.298849 0.227712 0.00116025
0 0.532059 0.755858 0.327667 0.140769 0.00115961
0 0.212166 0.671838 0.228864 0.0806759 0.00114724
0 0.685724 0.369658 0.160599 0.0706635 0.00114551
0 0.783434 0.510501 0.248411 0.0880358 0.00114011
0 0.160395 0.668081 0.320789 0.175623 0.00113951
0 0.2426 0.721465 0.332182 0.188928 0.00113551
0 0.568657 0.280951 0.283784 0.116407 0.0011333
0 0.13952 0.467594 0.279041 0.127281 0.0011328
0 0.143995 0.485696 0.287991 0.185077 0.00113221
0 0.800117 0.387175 0.398209 0.232565 0.00112613
0 0 0.915662 0 0.168675 0.00111412
0 0.49831 0.499936 0.24456 0.141504 0.00111366
0 0.582433 0.352182 0.27489 0.154135 0.00111185
0 0.107957 0.41575 0.215914 0.132815 0.00110837
0 0.345347 0.520921 0.274717 0.14383 0.00110698
0 0.246846 0.121644 0.166972 0.0891626 0.00110313
0 0.293559 0.853301 0.339991 0.224752 0.00110216
0 0.386648 0.29325 0.299472 0.156306 0.00109901
0 0.853937 0.43602 0.273935 0.262741 0.00109873
0 0.21111 0.269396 0.42222 0.267261 0.00109707
0 0.333987 0.29717 0.391193 0.177449 0.00109642
0 0.376954 0.369096 0.249745 0.0662906 0.00108981
0 0.199346 0.868284 0.355588 0.234087 0.00108933
0 0.643875 0.629608 0.217701 0.146274 0.00108517
0 0.470718 0.814025 0.183996 0.133474 0.987291
0 0.0536173 0.496661 0.0906922 0.0568192 0.0539171
0 1 0.896517 0 0.206965 0.0107698
0 0.0503081 0.443716 0.100616 0.16511 0.00898166
0 1 0.92416 0 0.151681 0.00708839
0 0.049826 0.487692 0.0989984 0.0787548 0.0061294
0 0.0662945 0.498374 0.0686073 0.0584115 0.00584056
0 0.155781 0.765708 0.179927 0.106722 0.0050548
0 0.126655 0.763216 0.121157 0.112419 0.00478987
0 1 0.912064 0 0.175873 0.00418737
0 0.828417 0.628123 0.229864 0.15698 0.00384803
0 0.71991 0.496508 0.121276 0.0616893 0.00357082
0 0.466095 0.963236 0.24023 0.0735287 0.00333533
0 0.111242 0.492448 0.222485 0.534515 0.00332105
0 0.528743 0.963397 0.231289 0.0732069 0.00331855
0 0.42223 0.963142 0.253492 0.0737168 0.00329673
0 0 0.91373 0 0.172539 0.00327012
0 0.350649 0.963206 0.254263 0.0735873 0.00322336
0 0.600864 0.963111 0.242931 0.0737783 0.00314205
0 0.277279 0.962999 0.248957 0.0740015 0.00311094
0 1 0.799306 0 0.221792 0.00301845
0 0.118301 0.593937 0.236603 0.539447 0.00299991
0 0.682292 0.963546 0.241397 0.0729088 0.00299261
0 0.141792 0.660842 0.283584 0.304631 0.0029708
0 0 0.675595 0 0.328086 0.00295649
0 0.120672 0.694065 0.241343 0.549973 0.00295234
0 0 0.575907 0 0.322867 0.00294383
0 0.209563 0.963275 0.254013 0.0734508 0.00292593
0 0.10776 0.769259 0.21552 0.461483 0.00291072
0 1 0.398398 0 0.236039 0.00290693
0 0 0.476293 0 0.329787 0.00290419
0 1 0.347663 0 0.231948 0.00290047
0 1 0.875515 0 0.248971 0.0028974
0 1 0.448469 0 0.236823 0.0028929
0 0.113513 0.393583 0.227026 0.542679 0.00288814
0 1 0.498329 0 0.233539 0.00287049
0 0.764017 0.963845 0.257732 0.0723101 0.00286381
0 0 0.372804 0 0.304858 0.00284409
0 1 0.74833 0 0.227675 0.00284404
0 0 0.776275 0 0.312497 0.00284346
0 1 0.548529 0 0.22947 0.00283817
0 0.122357 0.308183 0.244714 0.281095 0.00281254
0 1 0.297262 0 0.223814 0.00279721
0 1 0.699008 0 0.225461 0.0027965
0 1 0.5982 0 0.226366 0.0027951
0 0.114481 0.455641 0.228963 0.262469 0.0027901
0 1 0.648289 0 0.22419 0.00277894
0 0 0.208647 0 0.151826 0.00277748
0 0.130912 0.358319 0.261824 0.298085 0.00277587
0 0.135566 0.705631 0.271132 0.304002 0.00276964
0 0 0.317464 0 0.252363 0.00276793
0 0.836773 0.963585 0.261709 0.0728309 0.00272495
0 0 0.261514 0 0.182485 0.00271785
0 0.137545 0.607962 0.27509 0.296481 0.00270518
0 0.08655 0.822533 0.1731 0.354934 0.00267653
0 0.130805 0.758382 0.26161 0.300105 0.00267431
0 1 0.24815 0 0.204814 0.00265464
0 0 0.820976 0 0.25428 0.00265215
0 0.124105 0.406519 0.248209 0.28482 0.00265167
0 0.452145 0.936379 0.231903 0.127243 0.00260001
0 0.112183 0.261781 0.224366 0.238548 0.00258388
0 0.121333 0.559435 0.242667 0.311444 0.00258269
0 0.126961 0.816756 0.253922 0.268368 0.00257962
0 0 0.161294 0 0.145986 0.00253951
0 0 0.0572728 0 0.114546 0.0025252
0 0.144119 0.964051 0.257312 0.0718988 0.00252414
0 0.0761483 0.934229 0.152297 0.131543 0.0025218
0 0.446476 0.661742 0.181431 0.0895689 0.00248883
0 0 0.972381 0 0.0552377 0.00248039
0 1 0.197552 0 0.193229 0.00245876
0 0.444581 0.899536 0.254091 0.200929 0.00244251
0 0.51941 0.941897 0.233248 0.116207 0.00241646
0 0.0560643 0.0748176 0.112129 0.149635 0.00238806
0 0.495307 0.917226 0.234972 0.165548 0.0023487
0 0.102063 0.212294 0.204127 0.209742 0.00233951
0 0.0101858 0.921703 0.0203717 0.156594 0.00232143
0 0.831339 0.177017 0.21982 0.106107 0.00231838
0 0.394002 0.934953 0.270937 0.130094 0.00230714
0 0.0309346 0.894696 0.0618691 0.210609 0.00227591
0 0.451729 0.746302 0.280355 0.211164 0.00227059
0 1 0.149819 0 0.182675 0.00226173
0 0.994652 0.973988 0.0106969 0.0520247 0.00225461
0 0.609592 0.942418 0.262383 0.115165 0.00223502
0 0 0.889536 0 0.218395 0.00223309
0 0.602158 0.660917 0.140921 0.0888585 0.0022313
0 0.864874 0.178112 0.152832 0.100478 0.00221056
0 0.0524035 0.0669708 0.104807 0.133942 0.0021843
0 0.102585 0.303078 0.205169 0.482252 0.00218403
0 0.970151 0.0756949 0.0596974 0.15139 0.0021782
0 0.601314 0.0849971 0.208412 0.0787658 0.0021767
0 0 0.923389 0 0.153223 0.00217174
0 0 0.112525 0 0.145381 0.00215514
0 1 0.100129 0 0.184807 0.00215481
0 0 0.944101 0 0.111798 0.00215085
0 1 0.0630244 0 0.126049 0.00213713
0 0.676613 0.761942 0.139862 0.110448 0.0021342
0 0.0497664 0.109094 0.0995328 0.18647 0.00212866
0 0.108994 0.965906 0.217987 0.0681889 0.00211375
0 1 0.688484 0 0.200915 0.00210706
0 0.69976 0.941659 0.258979 0.116682 0.0021065
0 0.308985 0.942041 0.269044 0.115918 0.00208768
0 0.0938937 0.165703 0.187787 0.184887 0.00208171
0 0.0647276 0.971852 0.129455 0.0562961 0.00208042
0 1 0.639043 0 0.199579 0.00205447
0 0.0534801 0.158694 0.10696 0.20945 0.00204936
0 0.0676994 0.208369 0.135399 0.282706 0.00204337
0 0.422091 0.808891 0.254503 0.169411 0.00203411
0 0.112047 0.873459 0.224094 0.245257 0.00202384
0 0.750352 0.0719186 0.118547 0.056331 0.00201524
0 0.0898646 0.915324 0.179729 0.169353 0.00200967
0 0.0865618 0.260487 0.173124 0.38837 0.00200351
0 1 0.738436 0 0.203395 0.00200235
0 0.781414 0.939606 0.265489 0.120787 0.00200034
0 0.184942 0.0709717 0.122245 0.0563437 0.00198581
0 0.32614 0.910615 0.285816 0.17877 0.00198358
0 0.0916019 0.0752572 0.183204 0.150514 0.00196318
0 0.949758 0.460031 0.100483 0.192569 0.00196226
0 0.478302 0.868538 0.268326 0.233607 0.00196077
0 0.948641 0.509873 0.102717 0.190859 0.00195946
0 1 0.0713117 0 0.142623 0.00195652
0 0.950989 0.410245 0.0980219 0.192241 0.00194526
0 0.169214 0.915449 0.266407 0.169102 0.00194403
0 0.945548 0.759881 0.108903 0.193206 0.00194373
0 0.224663 0.940794 0.259399 0.118411 0.00194016
0 1 0.58922 0 0.198721 0.00193879
0 0.639535 0.757603 0.166617 0.12567 0.00193048
0 0.0878262 0.0665555 0.175652 0.133111 0.00192881
0 0.116351 0.936251 0.232703 0.127497 0.00192639
0 0.953332 0.111436 0.0933355 0.185051 0.00192367
0 0.0887312 0.111906 0.177462 0.178052 0.00192081
0 0.94469 0.562329 0.110621 0.194291 0.00191518
0 1 0.538979 0 0.199392 0.00191311
0 0.232179 0.915496 0.269553 0.169008 0.00190685
0 0.944869 0.711729 0.110262 0.191054 0.00190656
0 0.00688613 0.972413 0.0137723 0.0551731 0.00190363
0 0.962629 0.875592 0.0747412 0.194934 0.00189931
0 0.378694 0.731214 0.316371 0.187445 0.00187976
0 0.952123 0.16091 0.0957543 0.185297 0.00187884
0 0.945964 0.610189 0.108072 0.190029 0.00187787
0 0.953934 0.358908 0.0921321 0.189454 0.00187784
0 0.707842 0.762194 0.161628 0.107599 0.00187002
0 0.4226 0.864092 0.255567 0.240862 0.00186299
0 0.971246 0.0651501 0.0575088 0.1303 0.00186145
0 1 0.489526 0 0.199021 0.00185387
0 0.944702 0.660456 0.110596 0.189732 0.00185241
0 0.95263 0.211152 0.0947403 0.182909 0.00184891
0 0.857743 0.93742 0.258155 0.12516 0.00184278
0 0.257436 0.723026 0.302535 0.182618 0.00183876
0 0.953692 0.309332 0.0926155 0.187293 0.00183803
0 0.955181 0.259658 0.0896377 0.186114 0.00183758
0 0 0.0696668 0 0.139334 0.00183676
0 0.612403 0.915757 0.27946 0.168486 0.00183106
0 0.950399 0.81142 0.099203 0.179329 0.00182437
0 0.00599972 0.0654035 0.0119994 0.130807 0.00180506
0 0.482424 0.807842 0.245927 0.163266 0.00180213
0 0.16259 0.938706 0.251272 0.122588 0.0018019
0 0.933211 0.0657651 0.133578 0.13153 0.00179861
0 0.295388 0.815582 0.300985 0.176108 0.00179371
0 0.511955 0.199393 0.170334 0.0584584 0.00179164
0 0.930663 0.0759508 0.138673 0.151902 0.00178106
0 0.98338 0.92742 0.0332404 0.14516 0.00177243
0 0.213502 0.870522 0.255429 0.191105 0.00177208
0 0.901347 0.0655642 0.197306 0.131128 0.00177029
0 0.277183 0.317343 0.287828 0.196315 0.0017666
0 0.124106 0.915008 0.248213 0.169985 0.00175396
0 0.182902 0.0673013 0.260887 0.134603 0.00174185
0 0.405266 0.766495 0.269957 0.215063 0.00173543
0 0.316051 0.0655786 0.257186 0.131157 0.00173457
0 1 0.789419 0 0.205144 0.00173441
0 0.715703 0.915302 0.276135 0.169397 0.00173093
0 0.86635 0.064619 0.252264 0.129238 0.00172973
0 0.248707 0.0664638 0.256498 0.132928 0.00171457
0 0.123603 0.0671227 0.247206 0.134245 0.00171074
0 0.422782 0.217178 0.308891 0.181527 0.0017104
0 0.715528 0.477313 0.308105 0.122761 0.00170931
0 0.482958 0.767496 0.24304 0.21799 0.0017067
0 0.33023 0.871371 0.300799 0.195323 0.00170543
0 0.690275 0.364655 0.318424 0.196901 0.00170445
0 0.786106 0.915359 0.276806 0.169282 0.00170352
0 0.682753 0.267126 0.290989 0.184885 0.00170086
0 0.272766 0.764763 0.296813 0.187206 0.00169687
0 0.0572127 0.772474 0.114425 0.133124 0.00168249
0 0.419251 0.263559 0.300317 0.186052 0.00168118
0 1 0.441222 0 0.196853 0.00168091
0 0.911897 0.872612 0.176205 0.185926 0.00168064
0 0.913162 0.365406 0.173676 0.181811 0.00168007
0 0.692166 0.315452 0.317668 0.186304 0.00167885
0 0.910735 0.316288 0.178529 0.178565 0.00167747
0 0.910662 0.266511 0.178676 0.184571 0.00167632
0 0.188536 0.0752456 0.265034 0.150491 0.00167509
0 0.220343 0.367041 0.317546 0.18971 0.00167503
0 0.185892 0.717842 0.259552 0.184401 0.0016738
0 0.768085 0.363857 0.324424 0.199222 0.00166706
0 0.345087 0.26353 0.294302 0.185343 0.00165906
0 0.346885 0.314685 0.300128 0.188103 0.00165258
0 0.906877 0.819222 0.186246 0.175815 0.00164751
0 0.981957 0.115134 0.0360869 0.147971 0.00164469
0 0.624708 0.314669 0.313045 0.184658 0.00164448
0 0.912578 0.418318 0.174843 0.182546 0.00164326
0 0.762042 0.265558 0.303363 0.190908 0.00164262
0 0.912507 0.164537 0.174987 0.182199 0.00163819
0 0.689008 0.416821 0.317096 0.19526 0.00163592
0 0.289026 0.365612 0.312917 0.188004 0.00163574
0 0.690098 0.219236 0.3122 0.172834 0.00163222
0 0.487501 0.668766 0.314345 0.18612 0.00163077
0 0.474307 0.568873 0.320425 0.195836 0.00163063
0 0.185101 0.828846 0.255475 0.190261 0.00163049
0 0.91451 0.467492 0.17098 0.180635 0.00162998
0 0.61599 0.266471 0.285619 0.184598 0.00162876
0 0.911387 0.764791 0.177226 0.180091 0.00162636
0 0.210411 0.417693 0.317328 0.190677 0.0016253
0 0.261309 0.669808 0.303726 0.188365 0.001625
0 0.551634 0.265918 0.290315 0.18541 0.00162479
0 0.965702 0.905674 0.0685967 0.188652 0.00162301
0 0.383827 0.0648487 0.258912 0.129697 0.00161915
0 0.839615 0.364603 0.312791 0.19228 0.00161617
0 0.900378 0.0754145 0.199243 0.150829 0.00161596
0 0.619941 0.364963 0.310682 0.195159 0.00161449
0 0.911953 0.115086 0.176095 0.178954 0.00161428
0 0.342424 0.66771 0.318476 0.189477 0.00161412
0 0.476524 0.619313 0.319671 0.196776 0.00161403
0 0.187935 0.569197 0.284514 0.195717 0.00161107
0 0.476812 0.516252 0.315487 0.19381 0.00160975
0 0.548858 0.517175 0.319364 0.19185 0.00160718
0 0.558734 0.314228 0.311397 0.183815 0.00160488
0 0.76984 0.315784 0.323169 0.188365 0.00160486
0 0.166088 0.262078 0.289205 0.182192 0.00160381
0 0.76872 0.21871 0.322238 0.178754 0.00160376
0 0.454379 0.0638841 0.256385 0.127768 0.0016021
0 0.486731 0.365518 0.312956 0.191422 0.00160088
0 0.836695 0.218226 0.314668 0.180536 0.00160087
0 0.401343 0.568952 0.318036 0.19568 0.00160077
0 0.282126 0.417325 0.312065 0.189465 0.00159981
0 0.414482 0.668418 0.319755 0.186372 0.00159904
0 0.416761 0.416735 0.306952 0.18855 0.00159828
0 0.831464 0.264984 0.294807 0.193121 0.00159482
0 0.878275 0.115255 0.24345 0.177757 0.00159379
0 0.485438 0.416583 0.30618 0.188493 0.00159341
0 0.419222 0.313671 0.312169 0.185897 0.00159274
0 0.855131 0.914928 0.271169 0.170143 0.00159188
0 0.417186 0.365847 0.310208 0.191078 0.00159151
0 0.853398 0.643363 0.180935 0.12838 0.00159147
0 0.549033 0.569287 0.319852 0.192272 0.00159105
0 0.552302 0.364913 0.31137 0.193646 0.00159016
0 0.619415 0.417019 0.31201 0.191401 0.00158931
0 0.487609 0.264932 0.297414 0.185951 0.00158663
0 0.405977 0.515723 0.312751 0.194367 0.00158627
0 0.279138 0.2639 0.279376 0.180245 0.00158488
0 0.275549 0.467182 0.313228 0.193739 0.00158435
0 0.888528 0.656336 0.11244 0.105966 0.00158415
0 0.551211 0.416667 0.307698 0.189362 0.00158192
0 0.55763 0.217643 0.309525 0.17344 0.00157931
0 0.908232 0.218317 0.183536 0.177169 0.00157794
0 0.547556 0.467035 0.317568 0.191178 0.00157729
0 0.800487 0.0634587 0.25199 0.126917 0.00157652
0 0.620602 0.219159 0.308411 0.17197 0.00157606
0 0.203268 0.316424 0.29663 0.214109 0.00157604
0 0.400616 0.618726 0.317547 0.199222 0.00157498
0 0.623187 0.518028 0.319356 0.190591 0.00157452
0 0.491427 0.217183 0.312167 0.176897 0.00157446
0 0.337996 0.515873 0.311453 0.196141 0.00157336
0 0.602744 0.587536 0.13974 0.0632838 0.00157254
0 0.267258 0.516643 0.307556 0.195141 0.00156879
0 0.149555 0.756708 0.217482 0.173874 0.00156798
0 0.49102 0.313899 0.312597 0.185446 0.00156735
0 0.840648 0.160909 0.270621 0.183699 0.00156672
0 0.913444 0.516667 0.173112 0.177978 0.00156589
0 0.952317 0.970223 0.0953658 0.0595538 0.00156528
0 0.345076 0.218387 0.301295 0.18469 0.00156475
0 0.349984 0.365253 0.307448 0.190356 0.00156448
0 0.27721 0.369309 0.19384 0.0768345 0.00156418
0 0.604499 0.76214 0.295683 0.182118 0.00156388
0 0.323514 0.0726285 0.260179 0.145257 0.00156349
0 0.932992 0.935231 0.134017 0.129538 0.00155814
0 0.619309 0.568588 0.309804 0.192021 0.00155699
0 0.334109 0.618483 0.313441 0.197538 0.00155412
0 0.688688 0.518258 0.317027 0.188956 0.00155314
0 0.480338 0.467109 0.31848 0.19116 0.00155214
0 0.191998 0.51934 0.303554 0.190178 0.00155159
0 0.150814 0.313499 0.294438 0.222933 0.00155109
0 0.553269 0.61946 0.316238 0.190288 0.00155091
0 0.410867 0.46719 0.317174 0.190655 0.00154997
0 0.462301 0.0718499 0.261826 0.1437 0.00154548
0 1 0.241798 0 0.196136 0.00154531
0 0.879033 0.163527 0.241935 0.183347 0.0015452
0 0.438673 0.114394 0.288215 0.175282 0.00154485
0 0.585411 0.113911 0.277111 0.171178 0.00154336
0 0.710199 0.671316 0.290917 0.185512 0.00154314
0 0.347956 0.417359 0.306875 0.188264 0.00154313
0 0.768658 0.417716 0.325709 0.199821 0.00154191
0 0.127306 0.0760013 0.254611 0.152003 0.00154188
0 0.205628 0.465903 0.307367 0.193723 0.0015406
0 0.26107 0.569833 0.307047 0.195931 0.00154048
0 0.619517 0.46739 0.314244 0.188439 0.0015386
0 0.173298 0.11047 0.277834 0.175132 0.00153665
0 0.304179 0.113088 0.284183 0.174584 0.00153658
0 0.915015 0.966238 0.169969 0.0675249 0.00153654
0 0.261775 0.61875 0.301795 0.190946 0.00153639
0 0.84531 0.115324 0.288742 0.175249 0.00153627
0 0.687665 0.569942 0.298642 0.192505 0.0015349
0 0.468149 0.814038 0.178899 0.130246 0.904103
0 0.058578 0.498759 0.0783019 0.0534357 0.163155
0 0.721023 0.496322 0.120694 0.0651392 0.160492
0 0.066829 0.504342 0.065237 0.0414762 0.033083
0 0.547014 0.812328 0.0248333 0.120084 0.00667554
0 0.749532 0.496272 0.0594472 0.0628188 0.00660006
0 0.608979 0.530044 0.0435576 0.0609543 0.00554582
0 1 0.945913 0 0.108173 0.00546167
0 0.701644 0.497578 0.14461 0.0815619 0.00448226
0 0.751385 0.514868 0.0541798 0.024416 0.00396023
0 1 0.968277 0 0.0634451 0.00392345
0 1 0.950713 0 0.0985733 0.0032784
0 0.0587813 0.478655 0.0788835 0.0903746 0.00321181
0 0.0682413 0 0.101968 0 0.00301692
0 1 0.94761 0 0.104781 0.00264639
0 0.85535 0.49644 0.107405 0.0737108 0.002443
0 1 0.957282 0 0.0854366 0.00243336
0 0 0.0180255 0 0.0360509 0.00235781
0 0 0.900927 0 0.198147 0.00229227
0 0.733345 0.492537 0.121905 0.0854983 0.00228828
0 0.459722 0.965964 0.29077 0.0680719 0.00227863
0 0.330086 0.965386 0.297745 0.069228 0.00227726
0 0.396922 0.965378 0.29648 0.0692435 0.00227332
0 0.533008 0.965979 0.297121 0.068041 0.00224535
0 0.259824 0.965622 0.297213 0.0687555 0.00222203
0 0.0730566 0.499898 0.06044 0.0533663 0.00212498
0 0.190104 0.965787 0.300811 0.0684258 0.0021062
0 0.60495 0.965691 0.299076 0.0686178 0.00210384
0 0.105285 0.632222 0.0989829 0.0955958 0.00206552
0 1 0.202725 0 0.190603 0.0020282
0 0.132588 0.966701 0.265176 0.0665979 0.00202627
0 0.000690304 0.0871792 0.00138061 0.174358 0.00201771
0 0 0.0627845 0 0.125569 0.00201478
0 1 0.804856 0 0.186931 0.00198439
0 1 0.0978428 0 0.18642 0.00197348
0 1 0.963255 0 0.0734903 0.00197268
0 1 0.753857 0 0.190173 0.00197268
0 0.00168234 0.97774 0.00336468 0.04452 0.00197172
0 0.608964 0.517851 0.0418884 0.0775321 0.00196759
0 1 0.254083 0 0.185603 0.00196451
0 1 0.703724 0 0.188818 0.00196404
0 1 0.653584 0 0.187845 0.00196199
0 0.673929 0.965882 0.298334 0.0682369 0.00195538
0 0.418469 0.923318 0.286565 0.153365 0.00194893
0 1 0.60328 0 0.187221 0.00194346
0 1 0.303496 0 0.186368 0.00194337
0 1 0.403362 0 0.187146 0.0019409
0 1 0.553496 0 0.186933 0.00193577
0 1 0.503282 0 0.186889 0.00193546
0 1 0.151568 0 0.186182 0.00193153
0 1 0.453399 0 0.186438 0.00192898
0 1 0.353558 0 0.186176 0.00192315
0 0.0853521 0.969252 0.170704 0.0614958 0.00191952
0 0.556239 0.999259 0.11253 0.00148268 0.00188902
0 0.365931 0.926185 0.293028 0.147629 0.0018834
0 0.743789 0.966059 0.301502 0.0678814 0.00187575
0 1 0.0678418 0 0.135684 0.0018662
0 0.211517 0.999371 0.115566 0.00125885 0.00186067
0 0.420584 0.999181 0.111552 0.00163708 0.00185604
0 0.455356 0.999151 0.110334 0.00169792 0.00185146
0 0.531648 0.928792 0.258107 0.142416 0.00184958
0 0.246289 0.999352 0.115179 0.00129623 0.00184842
0 0.522701 0.999221 0.114334 0.00155754 0.00184607
0 0.0561978 0.996283 0.112396 0.00743456 0.00184265
0 0.2809 0.99929 0.114055 0.00141926 0.00184046
0 1 0.858472 0 0.193126 0.0018404
0 0.316243 0.999247 0.112673 0.00150595 0.00183854
0 0.590941 0.999308 0.111054 0.00138435 0.00183796
0 0.660154 0.999306 0.113374 0.0013876 0.00183716
0 0.996045 0.971154 0.00791042 0.0576919 0.00183576
0 0.176899 0.999198 0.117469 0.00160398 0.00183491
0 0.69427 0.999271 0.112911 0.00145817 0.00183391
0 0.386125 0.999214 0.11192 0.00157223 0.0018325
0 0.351253 0.999231 0.111975 0.00153885 0.00183242
0 0.943282 0.997855 0.113437 0.00429039 0.00183198
0 0.280294 0.929851 0.272332 0.140298 0.00182912
0 0.729025 0.999268 0.112878 0.00146475 0.00182696
0 0.697315 0.500104 0.076546 0.0632481 0.00182475
0 0.763257 0.999305 0.112741 0.00139036 0.00179823
0 0.86579 0.967005 0.26842 0.0659907 0.00178633
0 0.626074 0.999336 0.112837 0.00132732 0.00178465
0 0.819402 0.966118 0.311414 0.067764 0.00178385
0 1 0.923692 0 0.152615 0.00178324
0 0.489853 0.999183 0.112962 0.00163355 0.0017827
0 0.611177 0.928882 0.271204 0.142236 0.00176652
0 0.199138 0.929489 0.266297 0.141021 0.00176463
0 0.129256 0.929442 0.258511 0.141117 0.00173889
0 0.00389147 0.96105 0.00778293 0.0778992 0.00173374
0 0.0858507 0.929904 0.171701 0.140193 0.00172265
0 0.797895 0.999292 0.114885 0.00141582 0.00172164
0 0.906954 0.96747 0.186093 0.0650602 0.00171738
0 0 0.969148 0 0.0617037 0.00170029
0 0.140739 0.998776 0.124192 0.0024478 0.00169523
0 0.452465 0.757597 0.250912 0.202631 0.00168931
0 0.0351534 0.928604 0.0703069 0.142792 0.00168374
0 0.0444729 0.512444 0.0889457 0.18737 0.00168311
0 0 0.972051 0 0.0558987 0.00168181
0 0 0.92373 0 0.15254 0.00168037
0 0.681073 0.929825 0.269237 0.140351 0.00167401
0 0.0606813 0.910723 0.121363 0.178553 0.00166955
0 0.0337547 0.972613 0.0675093 0.0547731 0.00164605
0 0.0513332 0.0685549 0.102666 0.13711 0.00164472
0 0.961509 0.997317 0.0769823 0.00536566 0.00164137
0 0.727332 0 0.0888512 0 0.00163807
0 0.0484574 0.106359 0.0969147 0.183401 0.00163489
0 0 0.110844 0 0.158057 0.00162834
0 0.761371 0 0.0890486 0 0.0016271
0 1 0.903321 0 0.193358 0.00162321
0 0.691955 0 0.0881996 0 0.00162305
0 0.0947095 0 0.102975 0 0.00162289
0 0.0422422 0.560998 0.0844844 0.190114 0.00162203
0 0.105694 0.998227 0.129056 0.00354614 0.00161886
0 0.83347 0.999132 0.11819 0.00173702 0.00161359
0 0.50706 0.907793 0.268419 0.184415 0.00160929
0 0.75057 0.930276 0.267771 0.139448 0.00160913
0 0.487127 0.717457 0.298375 0.179311 0.00160678
0 0.0394612 0.458968 0.0789225 0.186336 0.00159296
0 0.482198 0.863899 0.276147 0.215568 0.00159249
0 0.418492 0.850586 0.29653 0.246798 0.00159245
0 0.0404858 0.410518 0.0809716 0.188025 0.00158855
0 0.0406743 0.662502 0.0813486 0.186681 0.00158746
0 0.934059 0.928305 0.131883 0.14339 0.00158689
0 0.520053 0 0.0907108 0 0.00158674
0 0.486462 0 0.0905105 0 0.00158078
0 0.110068 0.909421 0.220136 0.181158 0.00157566
0 1 0.760569 0 0.186338 0.00157306
0 0.915587 0.99803 0.137473 0.00393991 0.00156945
0 1 0.098037 0 0.196074 0.00156784
0 0.0421702 0.610988 0.0843404 0.186851 0.00156774
0 0.796425 0 0.0896684 0 0.00156547
0 1 0.660322 0 0.180758 0.00155997
0 1 0.710295 0 0.183239 0.00155959
0 0.042059 0.210916 0.0841181 0.188128 0.00155859
0 0.969302 0.161152 0.0613968 0.183613 0.00155795
0 0.824419 0.929733 0.274369 0.140533 0.00155592
0 0.298238 0.906142 0.335812 0.187716 0.00155592
0 0.88861 0.110023 0.222779 0.186481 0.00155338
0 0.417427 0 0.0908802 0 0.00154643
0 0.0411632 0.161326 0.0823263 0.183406 0.00154397
0 0.0418028 0.310623 0.0836056 0.187632 0.00154217
0 0.0425543 0.260867 0.0851087 0.188154 0.00154195
0 0.452698 0.807402 0.22605 0.172904 0.00154173
0 0.0398938 0.991403 0.0797877 0.0171942 0.0015417
0 0.0404276 0.360687 0.0808551 0.190273 0.00154113
0 0.657835 0 0.088412 0 0.00154112
0 1 0.810769 0 0.180977 0.00153671
0 0.0384581 0.761746 0.0769161 0.189179 0.00153522
0 0.390055 0.894897 0.31448 0.210205 0.00153271
0 0.0398969 0.711725 0.0797939 0.187099 0.00152802
0 0.849344 0.110301 0.286285 0.184651 0.00152641
0 0.960669 0.26351 0.0786621 0.186451 0.00152576
0 0.934143 0.968202 0.131714 0.0635952 0.00152557
0 0.963669 0.212296 0.072662 0.185749 0.00152468
0 0.0763857 0.997943 0.128769 0.00411491 0.00151958
0 0.832676 0.263398 0.287877 0.187187 0.00151829
0 0.151784 0.907328 0.303567 0.185344 0.00151773
0 0.213331 0.907503 0.325591 0.184995 0.00151748
0 0.916996 0.252584 0.166009 0.144009 0.00151654
0 0.836 0.162306 0.282031 0.180715 0.00150933
0 0.867931 0.067947 0.260383 0.135894 0.00150911
0 0.989597 0.074892 0.0208059 0.149784 0.00150531
0 0.932108 0.110046 0.135783 0.184221 0.00150382
0 0.880821 0.929021 0.238359 0.141957 0.00150029
0 0 0.16191 0 0.158634 0.00149989
0 0.451621 0 0.0902787 0 0.00149963
0 0.633805 0.162376 0.273947 0.180473 0.00149883
0 0.498799 0.809789 0.273878 0.178102 0.0014973
0 0.553489 0 0.0901064 0 0.00149617
0 0.623222 0 0.0895386 0 0.00149572
0 0.0431709 0.874125 0.0863419 0.20318 0.00149546
0 0.435341 0.898633 0.259194 0.202733 0.00149462
0 0 0.61377 0 0.157298 0.00149429
0 0 0.313123 0 0.158034 0.00149352
0 0.948215 0.0749547 0.10357 0.149909 0.00149124
0 0 0.813882 0 0.155733 0.00149023
0 0.0421735 0.811603 0.084347 0.184693 0.00149015
0 0 0.413382 0 0.158204 0.00149012
0 0 0.66393 0 0.15741 0.00148957
0 0 0.363229 0 0.158565 0.00148851
0 0 0.563713 0 0.157309 0.0014862
0 0.39264 0.753089 0.295557 0.192598 0.00148589
0 0 0.463456 0 0.157991 0.00148451
0 0 0.513402 0 0.15731 0.00148418
0 0.711707 0.562349 0.268473 0.202412 0.00148378
0 0.909002 0.0752077 0.181995 0.150415 0.00148262
0 0.412219 0.807539 0.270508 0.183908 0.00148026
0 0.612894 0.905628 0.323952 0.188745 0.00147858
0 0 0.263139 0 0.157973 0.0014782
0 0 0.713989 0 0.158212 0.00147819
0 0.58862 0 0.0897338 0 0.00147608
0 0.703915 0.162707 0.275531 0.179676 0.00147478
0 0.545161 0.716996 0.319839 0.188927 0.00147235
0 0 0.908029 0 0.183942 0.00147203
0 0.377923 0.714927 0.305567 0.184838 0.00147194
0 0.511959 0.762288 0.294604 0.207153 0.00147145
0 0.96096 0.312558 0.0780798 0.188916 0.0014699
0 0.984055 0.108201 0.0318903 0.185158 0.0014681
0 0.877307 0.264725 0.245386 0.186589 0.00146617
0 0 0.763999 0 0.158822 0.00146495
0 0.830331 0 0.0906035 0 0.00146281
0 0 0.212194 0 0.158091 0.00146222
0 0.292737 0.713838 0.299373 0.189886 0.00145963
0 0.962729 0.903396 0.0745414 0.193208 0.00145817
0 0.383758 0 0.0907392 0 0.00145803
0 0.881773 0.162801 0.236454 0.180796 0.00145705
0 0.871981 0.998686 0.126576 0.00262756 0.0014548
0 0.0766237 0.51549 0.0573454 0.0195479 0.00144657
0 0.651922 0.110207 0.269999 0.180066 0.00144657
0 0.651928 0.561946 0.289761 0.197128 0.00144613
0 0.456691 0.067605 0.260287 0.13521 0.00144485
0 0.570145 0.162068 0.28027 0.182386 0.00144468
0 0.915281 0.906659 0.169437 0.186681 0.00144426
0 0.768797 0.162658 0.282476 0.179852 0.00144416
0 0.38764 0.0676065 0.261621 0.135213 0.00144337
0 0.445552 0.110206 0.28177 0.18554 0.00144203
0 0.833835 0.214394 0.291403 0.185268 0.00144202
0 0.497448 0.56487 0.299425 0.191117 0.00143826
0 0.297919 0.759132 0.312618 0.192622 0.00143738
0 0.305669 0.808836 0.329198 0.194008 0.00143574
0 0.711921 0.518196 0.286974 0.186599 0.00143395
0 0.782705 0.110426 0.282017 0.181615 0.00143295
0 0.0897828 0.516559 0.179566 0.187827 0.00143292
0 0.517258 0.111022 0.280577 0.184142 0.00143043
0 0.7194 0.110335 0.273519 0.180597 0.00142907
0 0.225186 0.713624 0.290593 0.191788 0.00142787
0 0.919919 0.163141 0.160162 0.180174 0.00142645
0 0.876983 0.21494 0.246035 0.183652 0.00142392
0 0.528419 0.811771 0.062735 0.124906 0.00142387
0 0.421161 0.565566 0.294066 0.186636 0.00142327
0 0.575167 0.56404 0.301983 0.194779 0.00142244
0 0.317782 0.067786 0.261956 0.135572 0.00142229
0 0.427737 0.163572 0.285419 0.183893 0.00142132
0 0.110616 0.617159 0.109734 0.123435 0.00142093
0 0.525844 0.0676472 0.259214 0.135294 0.00142038
0 0.707595 0.664049 0.314848 0.192855 0.00142017
0 0.227801 0.762366 0.300936 0.192772 0.00142012
0 0.429664 0.614055 0.295123 0.183381 0.00141924
0 0.877043 0.663571 0.245914 0.188674 0.00141905
0 0.499835 0.163272 0.283538 0.183482 0.00141742
0 0.769784 0.262463 0.290898 0.187682 0.00141706
0 0.959907 0.362983 0.0801855 0.190576 0.00141371
0 0 0.968335 0 0.0633305 0.00141313
0 0.358751 0.666518 0.307216 0.187869 0.00141311
0 0.844587 0.663836 0.303294 0.191923 0.00141236
0 0.687879 0.90628 0.319871 0.18744 0.00141158
0 0.216565 0.414781 0.299653 0.190042 0.00141121
0 0.780981 0.664641 0.30785 0.194 0.00141114
0 0.498215 0.664378 0.311264 0.187912 0.00140917
0 0.61528 0.762576 0.341154 0.200529 0.00140895
0 0.587839 0.110581 0.276394 0.181936 0.00140867
0 0.825067 0.907674 0.317422 0.184653 0.00140757
0 0.502995 0.613906 0.300097 0.185412 0.00140604
0 0.913644 0.26532 0.172711 0.183542 0.00140568
0 0.958512 0.412983 0.0829758 0.192432 0.00140553
0 0.594945 0.0677235 0.257263 0.135447 0.0014045
0 0.631087 0.262169 0.292648 0.185913 0.00140329
0 0.797442 0.0678674 0.256551 0.135735 0.00140297
0 0.432526 0.66538 0.310044 0.187549 0.00140104
0 0.565924 0.663956 0.309895 0.188089 0.00140057
0 0.701253 0.26247 0.293378 0.18608 0.00140038
0 0.248025 0.0674365 0.258421 0.134873 0.00139891
0 0.870196 0.906764 0.259609 0.186472 0.00139825
0 0.881094 0.565091 0.237813 0.193576 0.00139778
0 0.377675 0.109357 0.282249 0.187126 0.00139751
0 0.165935 0.667253 0.292021 0.188594 0.00139731
0 0.636797 0.663605 0.314526 0.190928 0.00139685
0 0.877477 0.712785 0.245046 0.196045 0.00139654
0 0.562764 0.261549 0.292637 0.187564 0.00139619
0 0.561966 0.312497 0.305571 0.194995 0.00139601
0 0.149391 0.413455 0.298782 0.188622 0.0013957
0 0 0.944359 0 0.111282 0.00139551
0 0.179617 0.0671742 0.255402 0.134348 0.00139472
0 0.771641 0.563564 0.257392 0.202579 0.00139412
0 0.224189 0.667446 0.295789 0.188074 0.00139403
0 0.959513 0.463076 0.0809744 0.19065 0.001394
0 0.83445 0.311069 0.293666 0.189708 0.00139369
0 0.225613 0.81264 0.322129 0.200997 0.00139345
0 0.575885 0.515834 0.301863 0.188219 0.00139288
0 0.56612 0.362442 0.305687 0.192788 0.00139255
0 0.831908 0.565688 0.272757 0.195977 0.00139191
0 0.755569 0.908185 0.315476 0.183631 0.00139037
0 0.228207 0.613036 0.279464 0.182413 0.00139024
0 0.0876411 0.0674874 0.175282 0.134975 0.00138996
0 0.913391 0.713394 0.173218 0.192794 0.00138947
0 0.30726 0.109384 0.286922 0.188394 0.00138941
0 0 0.873193 0 0.166803 0.00138904
0 0.164166 0.762799 0.300455 0.19329 0.00138845
0 0.958339 0.563995 0.0833215 0.192689 0.00138825
0 0.123173 0.66625 0.246345 0.18826 0.00138822
0 0.883957 0.61212 0.232086 0.184266 0.00138778
0 0.915252 0.313439 0.169496 0.185631 0.00138704
0 0.356956 0.613745 0.288442 0.182948 0.00138643
0 0.63045 0.311608 0.304519 0.193269 0.0013864
0 0.234682 0.10978 0.288075 0.188905 0.00138627
0 0.879152 0.312347 0.241697 0.188314 0.00138623
0 0.912862 0.663949 0.174276 0.187686 0.00138576
0 0.288364 0.667135 0.29799 0.186889 0.00138555
0 0.849289 0.611393 0.284254 0.186585 0.00138492
0 0.844229 0.71298 0.305852 0.198412 0.00138453
0 0.958985 0.61275 0.0820297 0.190972 0.00138329
0 0.468809 0.813969 0.18112 0.136099 0.941501
0 0.0626936 0.497191 0.0774228 0.0577351 0.00783512
0 0.721082 0.492327 0.124915 0.0697294 0.00545871
0 0.7095 0.503015 0.0981111 0.0536934 0.00531048
0 0.112144 0.786028 0.224287 0.217821 0.00214095
0 0.125166 0.879872 0.250333 0.240256 0.00213972
0 0.129523 0.922798 0.259046 0.154405 0.00212944
0 0.848917 0.896214 0.286683 0.207571 0.00207282
0 0.0753211 0.760442 0.150642 0.240667 0.00206175
0 0.139762 0.970502 0.2543 0.0589952 0.00202843
0 0.125605 0.820345 0.251209 0.209801 0.00202253
0 0.0949858 0.863158 0.189972 0.273685 0.00198174
0 0.0710164 0.706406 0.142033 0.223773 0.00196099
0 0.265365 0.941154 0.192264 0.117691 0.00194813
0 0.0661026 0.658635 0.132205 0.203294 0.00194581
0 0.078457 0.808541 0.156914 0.2458 0.00194162
0 0.0830052 0.884852 0.16601 0.230297 0.001925
0 0.0943738 0.823036 0.188748 0.267494 0.00191351
0 0.270852 0.669092 0.274392 0.184003 0.00187454
0 0.856278 0.965462 0.281123 0.0690767 0.00186629
0 0.12701 0.853618 0.254021 0.292764 0.00185533
0 0.816967 0.942397 0.27039 0.115205 0.00183071
0 0.0639381 0.610154 0.127876 0.194129 0.00180221
0 0.0680302 0.249003 0.13606 0.27102 0.00178443
0 0.479099 0.932517 0.233121 0.134965 0.00178221
0 0.0709069 0.19462 0.141814 0.304842 0.0017802
0 0.104327 0.956224 0.208654 0.0875528 0.0017769
0 0.0623281 0.104831 0.124656 0.209661 0.00175692
0 0.0934593 0.0684644 0.186919 0.136929 0.00175288
0 0.27268 0.608631 0.251307 0.192263 0.0017379
0 0.0619181 0.303238 0.123836 0.239681 0.00173234
0 0.936793 0.968503 0.126413 0.062995 0.00172211
0 0.490819 0.880215 0.311038 0.164841 0.00170754
0 0.0640119 0.562015 0.128024 0.190442 0.00170688
0 0.34521 0.600764 0.349261 0.283944 0.00170291
0 0.639103 0.936646 0.238893 0.126709 0.00169969
0 0.055274 0.0700125 0.110548 0.140025 0.00168839
0 0 0.613102 0 0.149711 0.0016746
0 0.553808 0.93685 0.238799 0.126301 0.00167449
0 0.605172 0.56684 0.305587 0.198378 0.00166974
0 0 0.563605 0 0.150441 0.00166676
0 0.490479 0.561037 0.379935 0.241056 0.00166229
0 0.0584662 0.356378 0.116932 0.223063 0.00165871
0 0 0.513996 0 0.150865 0.00165502
0 0 0.662691 0 0.149071 0.00165231
0 0 0.46424 0 0.151063 0.0016483
0 0.29091 0.72526 0.258387 0.171746 0.00164809
0 0.683435 0.491724 0.179806 0.0818273 0.00164743
0 0.138297 0.774852 0.251296 0.182085 0.00163427
0 0.589676 0.617191 0.396553 0.255928 0.00162715
0 0 0.414455 0 0.150993 0.00162638
0 0.718066 0.939914 0.231213 0.120171 0.00162444
0 0.105338 0.72446 0.210675 0.191469 0.00162391
0 0.862785 0.92201 0.274093 0.15598 0.00161612
0 0.870826 0.869965 0.258347 0.210481 0.00161435
0 0 0.71264 0 0.149854 0.00160998
0 0.0580142 0.409444 0.116028 0.205958 0.00160479
0 0.93121 0.880187 0.137579 0.200218 0.00160405
0 1 0.456108 0 0.181745 0.00160264
0 1 0.506124 0 0.18146 0.00160243
0 0.0597676 0.461888 0.119535 0.192909 0.00159966
0 1 0.556119 0 0.18128 0.00159728
0 1 0.405885 0 0.181167 0.00159607
0 0 0.364425 0 0.15043 0.00159256
0 1 0.606162 0 0.180875 0.00158703
0 0.0634207 0.513828 0.126841 0.190932 0.00158557
0 1 0.355701 0 0.179844 0.00157915
0 0.105569 0.170114 0.211139 0.206957 0.00157831
0 1 0.656197 0 0.180183 0.0015728
0 0.745359 0.494803 0.0853295 0.0664685 0.00157217
0 0.106827 0.220948 0.213655 0.213336 0.00156177
0 0.395105 0.930178 0.253686 0.139644 0.00156063
0 0.791805 0.971338 0.294156 0.0573238 0.00155977
0 0 0.76282 0 0.151599 0.00155908
0 1 0.706526 0 0.180096 0.00155897
0 0.938031 0.907342 0.123937 0.185317 0.00155638
0 1 0.30598 0 0.177867 0.00155357
0 0.373683 0.643262 0.412174 0.304062 0.00155271
0 0 0.31454 0 0.149518 0.00155195
0 0.121722 0.713091 0.232741 0.18233 0.00154489
0 1 0.75697 0 0.180879 0.00154335
0 1 0.0664913 0 0.132983 0.00154171
0 0.610829 0.664426 0.387887 0.260982 0.00153714
0 0.251286 0.972152 0.220133 0.0556958 0.00153268
0 0.194859 0.673576 0.244624 0.159551 0.00152917
0 1 0.257414 0 0.17545 0.00152592
0 1 0.809354 0 0.173627 0.00152432
0 0.694051 0.580286 0.16014 0.123362 0.00152327
0 0.455683 0.899078 0.256024 0.201845 0.00152057
0 0.105341 0.273256 0.210683 0.196287 0.00151988
0 0.452343 0.607358 0.537296 0.37057 0.00151703
0 0.40466 0.735222 0.320906 0.19906 0.00151429
0 0.984187 0.88609 0.0316267 0.183559 0.00150942
0 0 0.109694 0 0.147211 0.00150137
0 0 0.214282 0 0.150271 0.00149504
0 0.344122 0.970125 0.254073 0.059749 0.00149332
0 0.102588 0.322144 0.205176 0.187362 0.00148732
0 0 0.265288 0 0.148549 0.00148551
0 1 0.207239 0 0.178395 0.0014823
0 0.183475 0.716571 0.2122 0.173687 0.00148193
0 0.409784 0.556534 0.345927 0.239918 0.00147149
0 0.871169 0.817126 0.254904 0.177884 0.00147128
0 0.102607 0.672975 0.205214 0.174569 0.00146469
0 0 0.970301 0 0.0593979 0.00146312
0 0.101324 0.114982 0.202649 0.188724 0.00146193
0 0.934711 0.818837 0.130578 0.166872 0.00145811
0 0.521812 0.8329 0.085435 0.0998825 0.00145571
0 0 0.162009 0 0.149364 0.00145536
0 0.413691 0.970172 0.263721 0.0596558 0.00145133
0 0.483492 0.970384 0.266741 0.0592314 0.00145128
0 0.0119434 0.920046 0.0238867 0.159908 0.00144478
0 0.827197 0.914112 0.278324 0.171775 0.00144256
0 0.529825 0.642953 0.624438 0.370033 0.00144015
0 0.214387 0.61296 0.210414 0.167932 0.00143284
0 0.131837 0.066941 0.248931 0.133882 0.00141792
0 0.100734 0.371989 0.201467 0.183617 0.00141549
0 0 0.813912 0 0.149003 0.00141066
0 0.521441 0.510952 0.290826 0.16882 0.00140137
0 0.985844 0.163223 0.028313 0.170927 0.0013965
0 0.887407 0.765334 0.225185 0.171428 0.00139604
0 0.984739 0.214055 0.0305214 0.170939 0.00139463
0 0 0.964979 0 0.0700422 0.00139321
0 1 0.156905 0 0.17402 0.00139248
0 0.476438 0.0912635 0.149428 0.0309709 0.00139129
0 0.622003 0.514921 0.261824 0.162971 0.00138644
0 0.309078 0.77744 0.263906 0.170284 0.00138074
0 0.420011 0.90573 0.249314 0.188539 0.00138052
0 0.986162 0.263934 0.0276765 0.168495 0.0013796
0 0.55508 0.970916 0.270301 0.0581682 0.00137891
0 0.986593 0.613263 0.0268135 0.171023 0.00137818
0 0.987821 0.36312 0.0243571 0.170079 0.00137344
0 0 0.0701172 0 0.140234 0.00137249
0 0.987596 0.313195 0.0248076 0.169093 0.00137236
0 0.695538 0.972181 0.265025 0.0556375 0.00137181
0 0.694749 0.619158 0.256499 0.187562 0.00136628
0 0.271501 0.917171 0.260481 0.165657 0.0013649
0 0.987254 0.463024 0.0254912 0.171173 0.00136469
0 0 0.971002 0 0.0579956 0.00136312
0 0.987662 0.413002 0.0246757 0.170863 0.00136091
0 0.986753 0.663649 0.0264935 0.170092 0.00135813
0 0.986808 0.513058 0.0263837 0.17126 0.00135244
0 0.46379 0.745611 0.328925 0.233366 0.00135129
0 1 0.103757 0 0.172396 0.00134839
0 0.0999804 0.616866 0.199961 0.179754 0.00134646
0 0.98691 0.71414 0.0261805 0.170125 0.00134504
0 0.507074 0.915344 0.224365 0.169312 0.00134488
0 0.986484 0.563353 0.0270319 0.171075 0.00134452
0 0.940157 0.766999 0.119686 0.167092 0.00134304
0 0.100905 0.421291 0.201809 0.17489 0.00133921
0 0.192678 0.64239 0.132593 0.0685195 0.00133631
0 1 0.88263 0 0.183364 0.00133393
0 0.868236 0.903442 0.262843 0.188867 0.00133385
0 0.698185 0.565015 0.237183 0.176337 0.00132879
0 0.356928 0.148525 0.164483 0.119244 0.00132724
0 0.621388 0.971517 0.267267 0.0569664 0.00132542
0 0.986814 0.764991 0.026371 0.17114 0.00132317
0 0.100287 0.524359 0.200574 0.171813 0.00132084
0 0.988621 0.817435 0.0227589 0.160844 0.00132029
0 0.991529 0.0733411 0.0169417 0.146682 0.00131971
0 0.100583 0.470536 0.201166 0.165969 0.00131934
0 0.100283 0.569473 0.200567 0.173174 0.00131847
0 0.496909 0.809514 0.221015 0.156183 0.00131418
0 1 0.925089 0 0.149822 0.00130952
0 0.422384 0.77527 0.263357 0.199312 0.00130054
0 0.214274 0.137009 0.428548 0.20304 0.00129824
0 0.489391 0.868994 0.246156 0.201557 0.00129204
0 0.993403 0.109386 0.0131936 0.170685 0.00128922
0 0.107941 0.909035 0.215881 0.18193 0.001288
0 1 0.263971 0 0.16008 0.00128789
0 0.94722 0.71474 0.10556 0.165286 0.00128021
0 0.735117 0.919823 0.249973 0.160355 0.00127318
0 0.43055 0.814862 0.250063 0.160705 0.00127313
0 0.959441 0.0728899 0.0811182 0.14578 0.00127304
0 0 0.926798 0 0.146404 0.00126838
0 0.144705 0.114282 0.247988 0.16705 0.00126479
0 0.904513 0.713766 0.190974 0.167716 0.00126338
0 0.287022 0.559844 0.248881 0.175426 0.00125688
0 0.333057 0.821478 0.240506 0.158905 0.00125585
0 0.951418 0.615553 0.0971636 0.163653 0.00124821
0 0.139729 0.16959 0.25905 0.16946 0.00124714
0 1 0.213834 0 0.162775 0.00124531
0 0.63932 0.918576 0.253288 0.162848 0.00123905
0 0.247456 0.134079 0.406132 0.142996 0.00123857
0 0.149817 0.668482 0.222362 0.16689 0.00123657
0 0.627134 0.873863 0.218714 0.159856 0.00123177
0 0.728635 0.759355 0.142653 0.0816133 0.00123007
0 0.954713 0.932441 0.0905733 0.135119 0.00122731
0 0.950215 0.66535 0.0995692 0.163106 0.00122546
0 0.950421 0.365654 0.0991589 0.162982 0.00122486
0 0.284764 0.154639 0.299501 0.128451 0.00122361
0 1 0.108023 0 0.162577 0.00122193
0 0.439879 0.510013 0.289406 0.171959 0.00121961
0 0.830462 0.766092 0.247883 0.163724 0.00121893
0 0.949262 0.165217 0.101476 0.163911 0.00121492
0 0.950741 0.315051 0.0985181 0.161817 0.00121405
0 0.315749 0.884429 0.272501 0.175895 0.00121349
0 0.951387 0.465566 0.0972268 0.162794 0.00121049
0 0.91502 0.665183 0.169959 0.164269 0.00121035
0 0.950712 0.415351 0.0985764 0.163297 0.00120912
0 0.949725 0.265415 0.10055 0.161475 0.00120635
0 0.343616 0.556259 0.284021 0.201735 0.00120125
0 0 0.104427 0 0.182616 0.00119535
0 0.950559 0.515561 0.0988822 0.163586 0.00119482
0 0.918458 0.614691 0.163085 0.16707 0.00119165
0 0.950434 0.565752 0.0991326 0.162933 0.00119067
0 0.880568 0.714934 0.238864 0.167176 0.00119039
0 0.958188 0.111713 0.0836239 0.164768 0.00118839
0 0.83348 0.816535 0.251399 0.161296 0.00118593
0 0.142967 0.219071 0.251346 0.16831 0.00118422
0 0.7546 0.870124 0.244287 0.161069 0.00118416
0 0.974826 0.971436 0.0503489 0.0571277 0.00118381
0 1 0.977798 0 0.0444042 0.0011814
0 0.51313 0.892894 0.567423 0.211199 0.00118081
0 0 0.878449 0 0.170647 0.00117978
0 0.995766 0.973368 0.00846879 0.0532637 0.00117285
0 1 0.952656 0 0.0946877 0.0011724
0 1 0.163047 0 0.162177 0.00117218
0 0.947868 0.216 0.104264 0.16419 0.0011664
0 0.117884 0.963947 0.235768 0.0721049 0.00116629
0 0.14545 0.26866 0.246678 0.16439 0.00116584
0 0.700613 0.518112 0.2314 0.164508 0.00116529
0 0.752567 0.81612 0.239071 0.161162 0.0011626
0 0.752559 0.76751 0.240772 0.16473 0.00116235
0 0.455303 0.768992 0.220812 0.238074 0.00115985
0 0.92494 0.0733177 0.150119 0.146635 0.00115982
0 0.692752 0.676036 0.267113 0.186028 0.0011591
0 0.826292 0.667412 0.24671 0.165372 0.00115779
0 0.883821 0.665475 0.232358 0.165399 0.00115632
0 0.623381 0.464287 0.249073 0.164258 0.00115472
0 0.827511 0.717914 0.248541 0.164231 0.0011472
0 0.472739 0.271662 0.575703 0.201152 0.0011457
0 0.00199491 0.0694123 0.00398983 0.138825 0.00113828
0 0.539382 0.462934 0.252993 0.165255 0.00113594
0 0.201509 0.0661842 0.245797 0.132368 0.00113593
0 0.886864 0.612783 0.226271 0.170055 0.00113473
0 0.175398 0.610038 0.195123 0.173926 0.00113462
0 0.143489 0.318336 0.247193 0.166158 0.00113299
0 0.615691 0.365066 0.248813 0.16647 0.0011317
0 0.918417 0.565209 0.163165 0.166534 0.00113133
0 0.917127 0.415598 0.165747 0.1653 0.00112743
0 0.836748 0.869763 0.268093 0.171449 0.00112726
0 0.922768 0.112702 0.154464 0.16529 0.0011254
0 0.227414 0.562481 0.212415 0.16953 0.00112518
0 0.496993 0.775103 0.227517 0.211784 0.0011241
0 0.918637 0.314494 0.162727 0.163948 0.00112356
0 0.14281 0.521566 0.227101 0.17229 0.00112285
0 0.617164 0.415392 0.253866 0.166834 0.00112034
0 0.916396 0.165665 0.167208 0.164474 0.0011197
0 0.882213 0.0657726 0.235574 0.131545 0.00111908
0 0.372093 0.511554 0.266185 0.169265 0.00111696
0 0.916852 0.366036 0.166297 0.165603 0.00111441
0 0.919299 0.264658 0.161403 0.163325 0.00111285
0 0.919591 0.465508 0.160818 0.164779 0.00111189
0 0.213757 0.112191 0.242033 0.166579 0.00110496
0 0.635792 0.590677 0.116858 0.0984484 0.00110452
0 0.283668 0.111283 0.237819 0.167352 0.00110442
0 1 0.900718 0 0.198565 0.00110354
0 0.917132 0.517539 0.165736 0.165962 0.0011017
0 0.539351 0.414018 0.249905 0.166266 0.00110146
0 0.614834 0.312948 0.242245 0.165284 0.00110075
0 0.540525 0.364489 0.245045 0.166627 0.00109979
0 0.754908 0.721934 0.244339 0.166635 0.00109702
0 0.207249 0.167376 0.248037 0.16893 0.00109523
0 0.283746 0.0725196 0.235017 0.145039 0.0010946
0 0.761934 0.562191 0.218766 0.173459 0.0010945
0 0.144368 0.465691 0.228385 0.160357 0.00109295
0 0.215075 0.263905 0.231147 0.161539 0.0010924
0 0.466045 0.462098 0.253548 0.166119 0.0010921
0 0.884697 0.165031 0.230606 0.165885 0.00109205
0 0.183084 0.563078 0.203154 0.172531 0.00109047
0 0.190703 0.37141 0.158487 0.126136 0.00109012
0 0.470582 0.41327 0.246832 0.16701 0.00108839
0 0.142139 0.417219 0.240645 0.164385 0.0010883
0 0.75925 0.670684 0.243846 0.168156 0.00108543
0 0.271331 0.413219 0.235195 0.168198 0.00108516
0 0.824985 0.611396 0.229183 0.173125 0.00108446
0 0.691715 0.365052 0.244932 0.165332 0.00108362
0 0.313331 0.514125 0.244712 0.167345 0.00108238
0 0.615208 0.264956 0.241834 0.165325 0.00108187
0 0.688611 0.313406 0.241232 0.165062 0.00108077
0 0.141452 0.564256 0.223508 0.173475 0.00107994
0 0.916308 0.216422 0.167385 0.166026 0.00107776
0 0.68477 0.265842 0.244573 0.165374 0.00107652
0 0.139804 0.610934 0.220851 0.177991 0.00107441
0 0.761944 0.613192 0.230879 0.174158 0.00107367
0 0.337187 0.413076 0.239889 0.169137 0.00107359
0 0.472808 0.364041 0.240359 0.167298 0.00107324
0 0.888382 0.313444 0.223236 0.164446 0.00107319
0 0.141121 0.36761 0.245153 0.166962 0.00107154
0 0.764664 0.119739 0.470673 0.193659 0.00107034
0 0.889144 0.113132 0.221712 0.164852 0.00106919
0 0.207035 0.464202 0.222002 0.163973 0.00106908
0 0.821815 0.215911 0.242977 0.167236 0.00106851
0 0.75373 0.215448 0.240324 0.167538 0.00106688
0 0.818637 0.164797 0.234117 0.166268 0.00106615
0 0.211401 0.21559 0.236367 0.16601 0.00106594
0 0.542173 0.312562 0.238387 0.164229 0.00106496
0 0.545127 0.264409 0.238383 0.16422 0.00106356
0 0.884554 0.215793 0.230891 0.167846 0.00106342
0 0.815546 0.0657854 0.237049 0.131571 0.00106274
0 0.470006 0.815724 0.179233 0.136529 0.96704
0 0.704303 0.503454 0.122092 0.0535084 0.0075125
0 0.0632224 0.498498 0.0928639 0.0585869 0.00657267
0 0.698176 0.507525 0.0833803 0.0500484 0.00341584
0 0.539125 0.515366 0.410756 0.273744 0.0022477
0 0.468264 0.516513 0.394954 0.275458 0.00223357
0 0.403221 0.519614 0.417217 0.288726 0.00216649
0 0.618271 0.515618 0.418756 0.257762 0.00214901
0 0.0267384 0.969993 0.0534767 0.0600145 0.00209156
0 0.339836 0.521396 0.443199 0.316349 0.00209139
0 0.679755 0.507535 0.14823 0.0538303 0.00199476
0 0.724605 0.500578 0.134419 0.0604761 0.00199163
0 0.682579 0.516071 0.399107 0.218497 0.00188827
0 0.190188 0.507592 0.343193 0.269656 0.0018571
0 0.168805 0.557286 0.33761 0.334492 0.00185078
0 0.913512 0.571236 0.172976 0.183604 0.00181847
0 0.894031 0.622378 0.211939 0.22887 0.00180006
0 0.438368 0.703873 0.858645 0.536701 0.00174881
0 0.692805 0.575327 0.61439 0.454139 0.00171941
0 0.0920219 0.765558 0.184044 0.187004 0.00170829
0 0.899103 0.670577 0.201794 0.236833 0.00170099
0 0.310119 0.746688 0.620237 0.454088 0.00169534
0 0.365465 0.459383 0.321285 0.172195 0.00168518
0 0.113216 0.939122 0.225141 0.121756 0.00167436
0 0.276648 0.619934 0.553296 0.463919 0.00164393
0 0.0229393 0.922891 0.0458786 0.154219 0.00163725
0 0.0984014 0.60386 0.196803 0.227585 0.00162403
0 0.42309 0.863711 0.308955 0.258958 0.0016177
0 0.852773 0.516952 0.294454 0.168414 0.00160245
0 0.0748466 0.971237 0.149693 0.0575264 0.0015936
0 0.0235903 0.773115 0.0471805 0.223927 0.00158923
0 0.923021 0.518627 0.153957 0.158567 0.00158918
0 0.763799 0.698128 0.472402 0.370535 0.00158821
0 0.441004 0.459705 0.31274 0.167221 0.00157533
0 0.546592 0.815606 0.0273957 0.143378 0.00156279
0 0.0830849 0.564071 0.16617 0.191999 0.00155659
0 0.0238939 0.720756 0.0477877 0.220567 0.00155462
0 0.29349 0.458345 0.313055 0.177324 0.00155225
0 0.341197 0.835777 0.484169 0.328446 0.00155093
0 0.808923 0.56984 0.382154 0.271807 0.00155031
0 0.817751 0.939899 0.297127 0.120203 0.0015499
0 0.795768 0.907132 0.354467 0.185736 0.00154728
0 0.0977906 0.704921 0.195581 0.226088 0.0015451
0 0.740633 0.751294 0.518735 0.377546 0.00154148
0 0.0227482 0.220763 0.0454963 0.232074 0.00153984
0 0.761617 0.516433 0.360419 0.18558 0.00152994
0 0.0229004 0.271069 0.0458008 0.235165 0.00152441
0 0.100749 0.649804 0.201497 0.252524 0.00151981
0 0.0231283 0.823712 0.0462566 0.223815 0.00151371
0 0.790224 0.823575 0.418449 0.229137 0.00151017
0 0.713045 0.647122 0.57391 0.4658 0.00149991
0 0.147034 0.863172 0.294067 0.197343 0.00149756
0 0.35766 0.709681 0.715319 0.574046 0.00148616
0 0.566426 0.575598 0.77123 0.475796 0.00147552
0 0.160287 0.804481 0.320574 0.24388 0.00147295
0 0.0248589 0.669427 0.0497178 0.217167 0.00146409
0 0.213862 0.743766 0.427724 0.359872 0.00146094
0 0.0958451 0.822916 0.19169 0.16422 0.00145668
0 0.02355 0.320972 0.0471 0.234582 0.001455
0 0.885569 0.938725 0.228861 0.122549 0.00145338
0 0.023471 0.879406 0.0469421 0.23483 0.00145245
0 0.022477 0.171074 0.044954 0.228365 0.00145163
0 0.280109 0.794213 0.560219 0.411573 0.00144693
0 0.798192 0.878263 0.368823 0.207851 0.00143613
0 0.00365435 0.961451 0.0073087 0.0770977 0.00142801
0 0.192709 0.890869 0.326806 0.218262 0.00142718
0 0.612065 0.66737 0.77587 0.588751 0.00141567
0 0.512732 0.459532 0.302666 0.164843 0.00140559
0 0.0825553 0.939682 0.165111 0.120636 0.00139554
0 0.0249781 0.372168 0.0499563 0.231163 0.00139318
0 0.313086 0.569291 0.626173 0.461754 0.00139168
0 0.129708 0.509164 0.259416 0.186072 0.00139083
0 0.0272961 0.617264 0.0545921 0.209376 0.00138865
0 0.236427 0.842373 0.42937 0.315254 0.0013726
0 0 0.466536 0 0.289982 0.0013683
0 0 0.673052 0 0.28841 0.00136521
0 0 0.621682 0 0.283029 0.00136333
0 0.980446 0.877922 0.039108 0.244156 0.00136151
0 0.84643 0.773655 0.307141 0.222882 0.00136105
0 0.112129 0.970846 0.224257 0.0583086 0.00135785
0 0.000213557 0.369183 0.000427115 0.309635 0.00135362
0 0.0306947 0.567579 0.0613895 0.210062 0.00135252
0 0.914795 0.727145 0.17041 0.193333 0.00135236
0 0.687679 0.743449 0.624641 0.483107 0.0013469
0 0.907257 0.965277 0.185487 0.0694469 0.00134471
0 0.0223442 0.901027 0.0446885 0.197946 0.00134227
0 0.026485 0.114247 0.05297 0.211956 0.00134144
0 0 0.520437 0 0.284559 0.0013396
0 0 0.772575 0 0.297477 0.00133225
0 0.964932 0.933719 0.0701354 0.132562 0.00132857
0 0.981339 0.256965 0.0373218 0.234542 0.00132708
0 0 0.570109 0 0.280187 0.00132425
0 0.98283 0.20891 0.034339 0.231081 0.0013178
0 0.923058 0.912343 0.153884 0.175315 0.00131544
0 0.429073 0.572179 0.78144 0.486048 0.00131063
0 0.981046 0.307379 0.0379074 0.234605 0.00130575
0 0.128611 0.915106 0.257222 0.169789 0.00130553
0 0.0268067 0.41758 0.0536134 0.221036 0.00130378
0 0.981354 0.802965 0.0372918 0.221877 0.00129918
0 0.000930376 0.271449 0.00186075 0.313389 0.00129216
0 0 0.860504 0 0.278992 0.00128965
0 0.877942 0.96717 0.244117 0.0656594 0.00128669
0 0.586174 0.459839 0.300012 0.16416 0.00128437
0 0.0351116 0.522755 0.0702231 0.209929 0.001281
0 0.922968 0.935691 0.154064 0.128619 0.00127617
0 0.49306 0.749585 0.273954 0.293717 0.00127155
0 0.178601 0.93661 0.245091 0.12678 0.00127131
0 0.980988 0.35839 0.038024 0.237037 0.00126796
0 0.9634 0.9047 0.0732007 0.190601 0.00126716
0 0.0306057 0.464896 0.0612114 0.202598 0.0012653
0 0.370286 0.692177 0.449616 0.155953 0.00126494
0 0.989922 0.970302 0.0201566 0.0593952 0.00126063
0 0.103425 0.877143 0.206849 0.162048 0.00125666
0 0.744613 0.460175 0.251923 0.157117 0.00125474
0 0.981147 0.408251 0.0377053 0.235756 0.00125422
0 0.994423 0.104139 0.0111538 0.195268 0.00125394
0 0.871865 0.826011 0.256269 0.180595 0.00125158
0 0.816623 0.461572 0.241713 0.156532 0.00125145
0 0.981205 0.508416 0.0375906 0.233841 0.00125119
0 0.981115 0.560141 0.0377704 0.233599 0.00125113
0 0.946242 0.968719 0.107517 0.0625627 0.0012506
0 0.43054 0.900517 0.359624 0.198965 0.00124994
0 0.718082 0.800837 0.492515 0.304591 0.00124893
0 0.682852 0.926078 0.284271 0.147845 0.00124609
0 0.981321 0.458139 0.0373589 0.23453 0.00124557
0 0.922157 0.774943 0.155687 0.169599 0.00124507
0 0.981202 0.758036 0.037596 0.23106 0.00124503
0 0.972234 0.55821 0.055531 0.315356 0.00124015
0 0 0.0695165 0 0.139033 0.00123939
0 0.987108 0.155858 0.0257841 0.219841 0.0012364
0 0.972411 0.45848 0.0551781 0.316561 0.00123546
0 0 0.124627 0 0.249254 0.00123512
0 0.584651 0.886324 0.308889 0.227353 0.00123228
0 0.882489 0.914575 0.235023 0.17085 0.00122883
0 0.488185 0.767087 0.132317 0.0388737 0.00122798
0 0.501464 0.898074 0.257991 0.203852 0.00122617
0 0.885011 0.463699 0.229977 0.157654 0.0012257
0 0.685852 0.888956 0.372145 0.222087 0.0012254
0 0.0144108 0.986082 0.0288216 0.0278362 0.00122478
0 0.972499 0.658103 0.0550013 0.311943 0.0012213
0 0.492509 0.855017 0.274256 0.226996 0.00121942
0 0.672146 0.459986 0.273981 0.161017 0.00121859
0 0.981133 0.609769 0.037734 0.23406 0.00121671
0 0.971697 0.807504 0.0566069 0.318859 0.00121578
0 0.480006 0.92152 0.270422 0.15696 0.00121283
0 0.981286 0.709941 0.0374286 0.232042 0.0012079
0 0.0676027 0.0758658 0.135205 0.151732 0.0012064
0 0.44829 0.753854 0.242279 0.261634 0.00120358
0 0.927153 0.466508 0.145695 0.157308 0.00120335
0 0.307792 0.820118 0.610879 0.359763 0.00120244
0 0.973048 0.358513 0.0539047 0.319111 0.00120119
0 0.00132907 0.171596 0.00265815 0.300662 0.0011936
0 0.99524 0.0762214 0.00951965 0.152443 0.00119357
0 0.879871 0.880143 0.240258 0.181441 0.00118811
0 0.981293 0.659661 0.0374132 0.233516 0.0011804
0 0.92599 0.821605 0.14802 0.162469 0.00117468
0 0.488537 0.0863762 0.141525 0.0327568 0.00117415
0 0.570931 0.799079 0.339032 0.219432 0.00117118
0 0.530984 0.215378 0.19673 0.0368088 0.00116704
0 0.92968 0.0743725 0.14064 0.148745 0.00116369
0 0.925346 0.874885 0.149308 0.174063 0.00115926
0 0.365105 0.884071 0.4198 0.231859 0.00115888
0 0.974318 0.207092 0.0513648 0.308021 0.00115786
0 0.270628 0.974483 0.309337 0.0510336 0.00114409
0 0.0188512 0.0753857 0.0377023 0.150771 0.0011402
0 0.3348 0.413133 0.251132 0.160785 0.00113398
0 0.927673 0.316113 0.144655 0.160024 0.00112975
0 0.698011 0.862953 0.401178 0.255925 0.00112461
0 0.407311 0.413902 0.249762 0.159215 0.00112341
0 0.92766 0.166337 0.14468 0.157914 0.0011228
0 0.926713 0.366434 0.146573 0.160185 0.00111988
0 0.927579 0.267166 0.144841 0.160333 0.00111852
0 0.926309 0.416654 0.147383 0.159707 0.00111744
0 0.479559 0.414241 0.24771 0.159347 0.00110884
0 0.350607 0.158515 0.449545 0.156743 0.00110833
0 0.259454 0.795535 0.518908 0.20807 0.00110566
0 0.00995991 0.557631 0.0199198 0.212874 0.00110526
0 0.00250562 0.900293 0.00501125 0.199415 0.00109968
0 0.634771 0.706557 0.601068 0.212117 0.00109609
0 0.92674 0.218523 0.14652 0.160713 0.0010956
0 0.969949 0.852074 0.0601019 0.295851 0.001093
0 0.929359 0.115759 0.141282 0.161588 0.00109157
0 0.182765 0.973816 0.270301 0.0523672 0.00109129
0 0.0100009 0.508906 0.0200018 0.212269 0.00109065
0 0.390468 0.618733 0.780937 0.560106 0.00108814
0 0.557468 0.862605 0.289141 0.215023 0.00108491
0 0.547798 0.414218 0.245927 0.160307 0.00108457
0 0.615918 0.414682 0.249048 0.160634 0.00108426
0 0.228947 0.457758 0.282005 0.171126 0.00108387
0 0.00862693 0.103447 0.0172539 0.195833 0.00108138
0 0.175604 0.459798 0.239206 0.159949 0.00108108
0 0.0104019 0.458979 0.0208038 0.217746 0.0010803
0 0.347458 0.970276 0.340427 0.0594479 0.00107939
0 0.599794 0.923083 0.260052 0.153835 0.00106472
0 0.465075 0.809499 0.225927 0.160938 0.00106373
0 0.0936432 0.922242 0.187286 0.155516 0.0010617
0 0.80171 0.97556 0.303029 0.0488798 0.00106031
0 0.503396 0.975458 0.295973 0.0490849 0.00105994
0 0.102646 0.463455 0.205292 0.155581 0.00105911
0 0.0881938 0.520184 0.176388 0.158929 0.00105799
0 0.885781 0.0645103 0.228438 0.129021 0.00105243
0 0.88367 0.414834 0.232659 0.161246 0.00105196
0 0.885547 0.364659 0.228906 0.162222 0.00104617
0 0.822396 0.0635018 0.237207 0.127004 0.00104139
0 0.687439 0.414704 0.247837 0.160096 0.00103932
0 0.536664 0.930054 0.242016 0.139891 0.00103785
0 0.340974 0.0653751 0.24152 0.13075 0.00103462
0 0.267372 0.906605 0.321353 0.186791 0.00103319
0 0.887112 0.314477 0.225777 0.162562 0.00103297
0 0.429913 0.973697 0.336231 0.052606 0.00103261
0 0.207196 0.165627 0.24643 0.163081 0.0010311
0 0.492854 0.0732173 0.235743 0.146435 0.00103013
0 0.685089 0.976776 0.304851 0.0464474 0.00103003
0 0.753532 0.414536 0.246903 0.159948 0.00102912
0 0.410566 0.0646671 0.241919 0.129334 0.00102815
0 0.618615 0.0636251 0.239276 0.12725 0.00102075
0 0.887218 0.265476 0.225564 0.163111 0.00101821
0 0.263934 0.412673 0.242994 0.161416 0.00101793
0 0.688181 0.314396 0.240975 0.161092 0.00101607
0 0.285508 0.0733467 0.237261 0.146693 0.00101578
0 0.819906 0.41438 0.245508 0.160052 0.00101392
0 0 0.00371063 0 0.00742126 0.00101303
0 0.129654 0.0685325 0.242548 0.137065 0.00101221
0 0.755238 0.0631849 0.236847 0.12637 0.00101116
0 0.198543 0.413371 0.23448 0.160553 0.00100972
0 0.96556 0.0753888 0.0688799 0.150778 0.0010096
0 0.618105 0.365361 0.242337 0.162488 0.00100862
0 0.27849 0.165735 0.246355 0.162812 0.0010082
0 0.620407 0.313916 0.236513 0.160717 0.0010076
0 0.550062 0.0635296 0.240391 0.127059 0.00100738
0 0.117795 0.171074 0.23559 0.1585 0.00100695
0 0.824154 0.364934 0.245754 0.161412 0.0010048
0 0.207034 0.265013 0.241079 0.160258 0.00100407
0 0.687625 0.365369 0.244547 0.16227 0.00100337
0 0.75623 0.365148 0.247541 0.162 0.00100336
0 0.208015 0.315414 0.238285 0.16049 0.00100336
0 0.889688 0.163823 0.220624 0.159295 0.00100276
0 0.206264 0.215831 0.245573 0.161851 0.00100239
0 0.758314 0.31474 0.245424 0.16146 0.00100198
0 0.214273 0.114051 0.239266 0.160868 0.00100155
0 0.283715 0.114443 0.239927 0.160739 0.00100148
0 0.411669 0.366113 0.244361 0.161886 0.00100133
0 0.758608 0.266164 0.245229 0.16136 0.00100125
0 0.699112 0.0729569 0.233056 0.145914 0.00100106
0 0.482254 0.366032 0.242918 0.162611 0.00100028
0 0.467571 0.81736 0.185547 0.133173 0.975388
0 0.998183 0.113812 0.00363349 0.227624 0.364173
0 0.997027 0.886968 0.00594679 0.226063 0.244514
0 0.0206804 0.112474 0.0413609 0.224948 0.190335
0 0.99637 0.16552 0.00725911 0.281097 0.0387463
0 0.0353719 0.140689 0.0707437 0.271061 0.0287074
0 0.154288 0.887782 0.276656 0.218215 0.0286425
0 0.996336 0.515755 0.00732789 0.280745 0.0273871
0 0.855977 0.882023 0.288046 0.234358 0.0260403
0 0.996305 0.690803 0.00739011 0.281149 0.0256704
0 0.99623 0.465883 0.00753961 0.280719 0.025141
0 0.99632 0.740632 0.00736045 0.28115 0.0250737
0 0.996271 0.640848 0.00745889 0.281141 0.0246162
0 0.996307 0.56579 0.0073867 0.281255 0.0245216
0 0.996339 0.790673 0.00732238 0.281405 0.0242146
0 0.996334 0.2158 0.00733288 0.281181 0.0240778
0 0.853479 0.259221 0.293042 0.222921 0.0238681
0 0.996304 0.841874 0.00739274 0.283193 0.0235356
0 0.996327 0.265782 0.00734535 0.280866 0.0234619
0 0.996344 0.315734 0.00731214 0.280871 0.0232304
0 0.996311 0.365799 0.00737725 0.281013 0.0228096
0 0.996232 0.416123 0.00753607 0.281212 0.0223536
0 0.0254388 0.889903 0.0508777 0.220195 0.0220779
0 0.0758298 0.483459 0.123192 0.0913204 0.0162404
0 0.0685578 0.499549 0.105212 0.0555649 0.0154304
0 0.0325467 0.61602 0.0650933 0.274118 0.0114923
0 0.232028 0.850112 0.346841 0.276149 0.0108957
0 0.00857605 0.082986 0.0171521 0.165972 0.00747212
0 0.0776796 0.464548 0.127667 0.128091 0.00723954
0 0.852734 0.305132 0.294532 0.19659 0.00658927
0 0.0333584 0.66483 0.0667168 0.276153 0.00642411
0 0.850954 0.825205 0.298091 0.264459 0.00608756
0 0.849493 0.690468 0.301014 0.259884 0.00557041
0 0.146856 0.22731 0.265596 0.173795 0.00411979
0 0.0322423 0.566479 0.0644846 0.271522 0.00355201
0 0.939809 0.93126 0.120382 0.135871 0.00294973
0 0.99448 0.870046 0.0110407 0.259908 0.00285123
0 0.258056 0.81972 0.261634 0.215561 0.00283832
0 0.033989 0.188366 0.067978 0.272932 0.00258811
0 1 0.955316 0 0.0893671 0.00246193
0 0.0348782 0.714676 0.0697564 0.275102 0.002449
0 0.879783 0.854597 0.240434 0.282893 0.00244499
0 0.817052 0.840755 0.365896 0.310965 0.00233596
0 0.982231 0.708139 0.0355387 0.359555 0.00232198
0 0.0356822 0.764392 0.0713645 0.273398 0.0022569
0 0.977593 0.312137 0.0448135 0.366824 0.0021294
0 0.729839 0.905203 0.284676 0.183102 0.00212619
0 0.989608 0.813066 0.0207837 0.369746 0.00212034
0 0.975415 0.612413 0.0491693 0.369325 0.00208799
0 0.981244 0.211669 0.0375114 0.378942 0.00203538
0 0.977414 0.411224 0.0451717 0.365601 0.00203261
0 0.975058 0.512236 0.0498841 0.366687 0.00201449
0 0.615065 0.500703 0.37738 0.257209 0.00189645
0 1 0.903707 0 0.192585 0.0018688
0 0.858497 0.653963 0.283005 0.395462 0.0018506
0 1 0.976497 0 0.0470059 0.00184721
0 0.864643 0.706276 0.270714 0.370706 0.00184126
0 0.825683 0.803383 0.348634 0.393234 0.00184073
0 0.998655 0.0725049 0.0026908 0.14501 0.00182472
0 0.052556 0.864895 0.105112 0.270211 0.00181102
0 0.987589 0.141125 0.0248215 0.28225 0.00180386
0 0.946499 0.163611 0.107002 0.327221 0.00179506
0 0.849252 0.355462 0.301495 0.419284 0.00179245
0 0.841629 0.457105 0.316743 0.446182 0.00178561
0 0.844421 0.596333 0.311158 0.448832 0.00175227
0 0.0305408 0.364658 0.0610815 0.270349 0.00170248
0 0.842607 0.249889 0.314786 0.467105 0.00169728
0 0.0353475 0.814014 0.070695 0.272756 0.00169066
0 0.904305 0.312385 0.19139 0.369771 0.00168848
0 0.0795216 0.442565 0.132572 0.176357 0.00168122
0 0.492356 0.559646 0.45093 0.295912 0.00166438
0 0.0662615 0.837885 0.132523 0.324229 0.00165739
0 0.897977 0.211397 0.204046 0.401216 0.00164489
0 0.850104 0.348202 0.299791 0.255422 0.00163335
0 0.905974 0.413143 0.188051 0.362375 0.00162699
0 0.714919 0.0876246 0.33833 0.175249 0.0016252
0 0.719798 0.454857 0.455598 0.332347 0.0016147
0 0.320741 0.512694 0.311765 0.177225 0.00160295
0 0.891413 0.517872 0.217174 0.382552 0.00158974
0 0.28981 0.569723 0.450246 0.284396 0.00157538
0 0.58852 0.565595 0.540845 0.363029 0.00157089
0 0.0449004 0.0943141 0.0898008 0.188628 0.00156634
0 0.736193 0.153689 0.527613 0.307377 0.00156172
0 0.835073 0.192556 0.329854 0.385113 0.00155583
0 0.22674 0.516271 0.369068 0.224165 0.00155354
0 0.95438 0.0770105 0.0912393 0.154021 0.0015472
0 0.855633 0.0916935 0.288734 0.183387 0.0015347
0 0.898912 0.613632 0.202175 0.376432 0.00153099
0 0.0294038 0.414062 0.0588076 0.270401 0.00151907
0 0.666326 0.169416 0.51467 0.338832 0.00151804
0 0.76721 0.140761 0.46558 0.281522 0.00151785
0 0.172273 0.851116 0.317475 0.270586 0.00150528
0 0.393508 0.237892 0.434316 0.315559 0.0015025
0 0.625968 0.10409 0.321087 0.20818 0.00149723
0 0.255776 0.56503 0.511551 0.382675 0.00149652
0 0.890986 0.958174 0.218028 0.0836519 0.00148679
0 0.331911 0.110143 0.291072 0.16785 0.00148411
0 0.659007 0.790783 0.573318 0.410915 0.00148361
0 0.897716 0.148101 0.204568 0.296201 0.00148296
0 0.89019 0.906621 0.21962 0.185656 0.00148139
0 0.457626 0.160388 0.307975 0.184105 0.00147652
0 0.372088 0.160104 0.353601 0.208395 0.00146679
0 0.420696 0.558724 0.409672 0.252242 0.00146496
0 0.209196 0.10651 0.343951 0.208539 0.00146306
0 0.515402 0.207161 0.333647 0.224196 0.00146125
0 0.578018 0.196503 0.40472 0.299748 0.00145654
0 0.822974 0.0998419 0.354051 0.199684 0.00145453
0 0.0857191 0.0664847 0.171438 0.132969 0.0014497
0 0.118627 0.371322 0.237255 0.408734 0.00144799
0 0.170573 0.100571 0.272798 0.201142 0.00143962
0 0.559892 0.504086 0.330108 0.187686 0.00143631
0 0.524316 0.159017 0.302783 0.181926 0.00143121
0 0.63921 0.405494 0.303696 0.195144 0.00142938
0 0.282164 0.162031 0.440842 0.282878 0.00142674
0 0.567044 0.152093 0.344554 0.22176 0.00142574
0 0.957645 0.104385 0.0847101 0.208771 0.00142532
0 0.741528 0.397645 0.466503 0.353622 0.00142461
0 0.449712 0.20833 0.35447 0.236097 0.00141947
0 0.924651 0.708547 0.150697 0.334349 0.00141686
0 0.318185 0.302314 0.512741 0.323962 0.00141177
0 0.0297593 0.965846 0.0595186 0.0683082 0.00141047
0 1 0.0922812 0 0.184562 0.00140286
0 0.354641 0.561753 0.399786 0.237458 0.0013967
0 0.170165 0.958436 0.34033 0.083127 0.00139662
0 0.626343 0.453824 0.308406 0.185237 0.00139079
0 0.675708 0.891176 0.30875 0.204634 0.00138166
0 0.0727312 0.22492 0.145462 0.416568 0.00137956
0 0.539174 0.25182 0.307617 0.216088 0.00137637
0 0.0220311 0.97648 0.0440622 0.0470402 0.00137433
0 0.997146 0.950171 0.00570817 0.0996582 0.00136492
0 0.749777 0.353736 0.500447 0.446655 0.00136042
0 0.344467 0.24298 0.688933 0.481766 0.00134209
0 0.169896 0.508554 0.339793 0.290498 0.00133973
0 0.431033 0.875418 0.265807 0.234433 0.0013315
0 0.597975 0.236183 0.398874 0.290353 0.00132902
0 0.737879 0.419132 0.524242 0.527722 0.0013287
0 0.267395 0.072163 0.265044 0.144326 0.00132496
0 0.0821921 0.325017 0.164384 0.416825 0.00131908
0 0.726673 0.521888 0.546654 0.425915 0.00131735
0 0.815418 0.730033 0.369163 0.447942 0.00131182
0 0.477712 0.253197 0.312406 0.223811 0.00131149
0 0.308786 0.854645 0.306199 0.264536 0.00131003
0 0.8769 0.814366 0.2462 0.340328 0.00130864
0 0.238556 0.565337 0.477112 0.479707 0.00130773
0 0.641396 0.349696 0.315907 0.25911 0.00130744
0 0.254673 0.465815 0.30219 0.169938 0.00130725
0 0.39073 0.510594 0.2873 0.16654 0.00130646
0 0.187982 0.346355 0.375964 0.412197 0.00130332
0 0.0217581 0.314602 0.0435162 0.266167 0.00130135
0 0.332682 0.959673 0.258152 0.0806532 0.00129605
0 0 0.0671079 0 0.134216 0.0012955
0 0.0768999 0.775964 0.1538 0.420586 0.00129286
0 0.0750596 0.674398 0.150119 0.412601 0.00128913
0 0.280522 0.813898 0.551611 0.366177 0.00128663
0 0.109469 0.467562 0.218938 0.386143 0.00128595
0 0.214458 0.164706 0.40419 0.329412 0.00128499
0 0.343338 0.620922 0.686676 0.452619 0.00128462
0 0 0.897366 0 0.205269 0.00128146
0 0.291555 0.287869 0.583109 0.464481 0.00128022
0 0.662504 0.748947 0.674993 0.502105 0.00127828
0 0.246743 0.356828 0.420089 0.281011 0.00127667
0 0.345689 0.463391 0.264924 0.15935 0.00126718
0 0.937884 0.754745 0.124232 0.317082 0.00126618
0 0.991841 0.96215 0.0163177 0.0757 0.00126276
0 0.480222 0.961023 0.233828 0.0779537 0.00125965
0 0.581719 0.330526 0.309898 0.186948 0.00125847
0 0.0779326 0.423539 0.155865 0.413051 0.00125686
0 0.354124 0.071108 0.247796 0.142216 0.00125614
0 0.204603 0.0615641 0.253958 0.123128 0.00125537
0 0.410386 0.109813 0.263066 0.159837 0.00125483
0 0.513124 0.507342 0.303724 0.172484 0.00125403
0 0.0798377 0.576054 0.159675 0.417115 0.0012482
0 0.549928 0.961483 0.232403 0.0770337 0.00124381
0 0.454981 0.509033 0.289305 0.168215 0.00124131
0 0.722963 0.31427 0.554073 0.511713 0.00123395
0 0.247216 0.958907 0.298812 0.0821854 0.00123
0 0.850506 0.285727 0.286279 0.129508 0.00122732
0 0.132065 0.407993 0.264131 0.31423 0.00122627
0 0.123341 0.45958 0.246683 0.284406 0.00122503
0 0.100721 0.96614 0.201441 0.0677202 0.00122474
0 0.410886 0.707581 0.821772 0.522256 0.001222
0 0.257414 0.427433 0.313002 0.168225 0.0012206
0 0.602229 0.362997 0.262541 0.18282 0.00121591
0 0.593659 0.107067 0.277289 0.170182 0.00121369
0 0.627771 0.876244 0.281115 0.231122 0.00120979
0 0.81058 0.672539 0.378841 0.471513 0.00120938
0 0 0.824367 0 0.161677 0.0012073
0 0.0782856 0.584731 0.129335 0.185446 0.00120645
0 0.0789144 0.0801272 0.13206 0.0795863 0.00120298
0 0.782786 0.0875891 0.340429 0.175178 0.00119366
0 0.682398 0.570104 0.635204 0.441659 0.00118938
0 0.101449 0.171248 0.202899 0.342495 0.00118659
0 0.412281 0.960403 0.243483 0.0791937 0.00117382
0 0.48288 0.110634 0.254303 0.159399 0.00117084
0 0.665716 0.302333 0.457425 0.348811 0.00116785
0 0 0.214743 0 0.157835 0.00116739
0 0.619417 0.960698 0.239854 0.0786037 0.00116522
0 0.135205 0.285573 0.270409 0.436676 0.00116488
0 0.028309 0.239361 0.0566179 0.270405 0.00116329
0 0.860152 0.957529 0.279695 0.0849423 0.00116106
0 0.980858 0.976118 0.0382849 0.0477642 0.00116106
0 0 0.673621 0 0.172422 0.00115964
0 0 0.725705 0 0.172747 0.00115446
0 0.548227 0.110388 0.257013 0.160871 0.00114985
0 0.190948 0.416319 0.318431 0.221442 0.00114366
0 0.136527 0.734755 0.273053 0.434001 0.00113916
0 0.662011 0.0727861 0.272041 0.145572 0.00113858
0 0.547784 0.814866 0.0264109 0.142853 0.00113681
0 1 0.878694 0 0.242612 0.00113647
0 0.118802 0.107523 0.237604 0.215046 0.00113557
0 0.610047 0.412098 0.266563 0.165425 0.00113524
0 0 0.775642 0 0.167764 0.0011282
0 0.190413 0.955918 0.291548 0.0881629 0.00112676
0 0.735898 0.959224 0.240506 0.081553 0.0011219
0 0.5368 0.336631 0.274165 0.163121 0.00112151
0 0 0.324856 0 0.171513 0.00111914
0 0.883091 0.856781 0.233819 0.286439 0.00111454
0 0.12199 0.0636194 0.24398 0.127239 0.00111292
0 0 0.6242 0 0.175131 0.00111027
0 0 0.272046 0 0.165127 0.00111023
0 0.677374 0.959635 0.247731 0.0807295 0.00110749
0 0.69717 0.21834 0.605659 0.436681 0.00110194
0 1 0.281732 0 0.249128 0.00110159
0 0.891643 0.942909 0.216714 0.114183 0.00110069
0 0.510764 0.742402 0.309482 0.352977 0.00109766
0 1 0.231865 0 0.249026 0.0010967
0 0 0.374729 0 0.172796 0.00109588
0 0.61833 0.071301 0.25037 0.142602 0.00109572
0 1 0.80654 0 0.250119 0.00109168
0 0.494975 0.621408 0.722128 0.459389 0.00109144
0 0.526974 0.693845 0.814895 0.50747 0.00109097
0 0.206276 0.324551 0.412552 0.405527 0.00108938
0 1 0.331744 0 0.249148 0.00108704
0 0.630598 0.284649 0.209027 0.118302 0.00108646
0 0.950216 0.795553 0.0995682 0.18359 0.00108616
0 0 0.424194 0 0.172363 0.00108572
0 0 0.938946 0 0.122108 0.00108063
0 0.85274 0.427462 0.29452 0.246434 0.00108056
0 0.410254 0.341365 0.299697 0.174021 0.0010805
0 0.479621 0.959915 0.220235 0.0801708 0.00107961
0 1 0.406802 0 0.249158 0.00107908
0 0.830967 0.958964 0.277056 0.082073 0.00107655
0 0 0.154067 0 0.168678 0.00107524
0 1 0.60651 0 0.249753 0.00107347
0 1 0.756433 0 0.25016 0.00106907
0 1 0.456557 0 0.249549 0.0010675
0 0 0.474619 0 0.173107 0.0010672
0 1 0.656426 0 0.249911 0.00106509
0 0.26566 0.959255 0.367224 0.0814899 0.00106372
0 0 0.57629 0 0.17878 0.00106331
0 0.842924 0.743602 0.314151 0.27758 0.00106298
0 0.546752 0.461495 0.26005 0.160199 0.00106242
0 0.194 0.459412 0.28991 0.200006 0.0010618
0 1 0.706402 0 0.250091 0.00106007
0 0.0813753 0.107517 0.162751 0.215034 0.00105916
0 0.414569 0.462341 0.257166 0.159301 0.00105887
0 0 0.52654 0 0.176775 0.00105428
0 1 0.556554 0 0.249736 0.00105215
0 0.539546 0.959265 0.208005 0.0814699 0.00104946
0 1 0.506643 0 0.249561 0.00104823
0 0.996655 0.960327 0.00669024 0.0793451 0.00104517
0 0.15075 0.172143 0.271393 0.239841 0.00104479
0 0.126103 0.514141 0.252207 0.348284 0.00103624
0 0.725412 0.830384 0.383084 0.331355 0.00103594
0 0.027757 0.464001 0.0555141 0.27013 0.00103219
0 0.44492 0.750014 0.309133 0.261752 0.00102088
0 0.482004 0.461979 0.256452 0.160096 0.00102006
0 0.474994 0.897232 0.216906 0.193502 0.00101962
0 0.951024 0.124865 0.0979516 0.236441 0.00101771
0 0.7404 0.790341 0.5192 0.419319 0.00101339
0 0.47621 0.341471 0.264764 0.156586 0.00101183
0 0.819694 0.142125 0.360613 0.28425 0.00101143
0 0.418796 0.959997 0.251393 0.0800066 0.00100985
0 0.0479875 0.817199 0.0959751 0.365601 0.00100952
0 0.352516 0.419827 0.26196 0.159065 0.00100863
0 0.351854 0.373833 0.286523 0.183063 0.00100071
0 0.469929 0.815065 0.181564 0.134557 0.969976
0 0.0553658 0.498244 0.0944891 0.0555103 0.151319
0 0.763287 0.0680212 0.145511 0.062879 0.0965035
0 0.725354 0.496703 0.11234 0.0610426 0.0103984
0 0.698187 0.497427 0.172502 0.0634865 0.00712408
0 0.996518 0.102073 0.00696405 0.204146 0.0055489
0 0.487598 0.0720264 0.119145 0.0675922 0.00356876
0 0.286214 0.880881 0.335581 0.238237 0.00193042
0 0.14241 0.794243 0.133944 0.0652058 0.00155537
0 0.00348853 0.0891093 0.00697706 0.178219 0.00149236
0 1 0.969491 0 0.0610182 0.00145337
0 0.839893 0.626702 0.320123 0.166574 0.00142038
0 0.722354 0.0690758 0.117785 0.0638026 0.0013881
0 0.980501 0.748206 0.0389978 0.346946 0.00137142
0 0.991976 0.820263 0.0160487 0.317894 0.00135924
0 0.0649549 0.491634 0.126857 0.0697578 0.00134437
0 0.0627201 0.461596 0.12544 0.12932 0.00130906
0 0.992341 0.891286 0.0153177 0.217427 0.00130019
0 0.966852 0.702843 0.066296 0.364391 0.00128457
0 0.928045 1 0.14391 0 0.001269
0 0.854036 0.905955 0.281699 0.188091 0.00126678
0 1 0.204865 0 0.27833 0.00125774
0 0.99965 0.257209 0.000699607 0.283578 0.00125054
0 0.301744 0.784581 0.567434 0.430838 0.00124921
0 0.948276 0.654314 0.103448 0.390829 0.00122364
0 0.709083 0.211273 0.391615 0.297674 0.00122349
0 0.384049 0.73664 0.768098 0.52672 0.00122099
0 0.64333 0.211006 0.382806 0.279269 0.00122016
0 0.266607 0.797437 0.292362 0.247169 0.00121145
0 0.808518 0.0672625 0.248539 0.0768194 0.00120202
0 0.99619 0.305105 0.00761929 0.305174 0.00119783
0 0.949777 0.904934 0.100447 0.190132 0.00119472
0 1 0.13686 0 0.264074 0.00118213
0 0.378149 0.888851 0.372187 0.222298 0.00117395
0 1 0.980766 0 0.0384689 0.00117144
0 0.830976 0.1555 0.317882 0.289931 0.00116867
0 0.940578 0.256867 0.118844 0.236741 0.00116432
0 0.92314 0.55813 0.153719 0.420467 0.00116419
0 0.0986468 0.220275 0.197294 0.205681 0.00116161
0 0.522837 0.712704 0.890166 0.574591 0.00116039
0 0.986723 0.355884 0.0265533 0.338411 0.00115937
0 0.97341 0.19387 0.0531809 0.205506 0.00115793
0 0.950732 0.458628 0.0985352 0.387895 0.0011554
0 0.916495 0.300734 0.16701 0.27873 0.00115456
0 0.86593 0.806848 0.26814 0.386303 0.00114973
0 0.968686 0.409035 0.0626273 0.370107 0.00114856
0 0.0730575 0.314714 0.146115 0.254132 0.00114252
0 0.0726284 0.381641 0.145257 0.253923 0.00114172
0 0.199393 0.363339 0.170207 0.11151 0.0011396
0 0.791005 0.752381 0.417989 0.495237 0.00112623
0 0.667327 0.778132 0.665347 0.443736 0.00112616
0 0.575335 0.203002 0.383367 0.278196 0.00110851
0 0.991844 0.957853 0.0163128 0.084293 0.00110693
0 0.0858817 0.261293 0.171763 0.229988 0.00110349
0 0.686114 0.367141 0.160558 0.07019 0.00109407
0 0.0294274 0.972017 0.0588549 0.0559668 0.00108877
0 0.750249 0.521739 0.499502 0.556115 0.00108044
0 0.990876 0.130478 0.0182486 0.143465 0.00107563
0 0.0577572 0.812967 0.115514 0.23957 0.00107177
0 0.774802 0.221893 0.450396 0.366177 0.00107141
0 0.0517682 0.874101 0.103536 0.251797 0.0010682
0 0.229302 0.403619 0.393274 0.331578 0.00106341
0 0.618223 0.51514 0.763554 0.594273 0.0010562
0 0.0608796 0.21608 0.121759 0.238646 0.00105616
0 0.616846 0.275886 0.706923 0.459582 0.00104879
0 0.0841598 0.41483 0.16832 0.219471 0.00104663
0 0.95861 0.078141 0.0827798 0.156282 0.00104551
0 0.882812 0.483768 0.200917 0.192939 0.00104496
0 0.994529 0.402263 0.010942 0.288748 0.00104005
0 0.875852 0.10439 0.248296 0.201788 0.00103921
0 0.139057 0.454866 0.235706 0.180427 0.00103862
0 0.127955 0.522583 0.255909 0.212629 0.00103732
0 0.0879141 0.884608 0.175828 0.230783 0.00103367
0 0.985543 0.0750517 0.0289136 0.150103 0.00103182
0 0.0593378 1 0.118676 0 0.00103083
0 0.618632 0.70973 0.762737 0.58054 0.00102766
0 0.0874013 0.823573 0.174803 0.205487 0.00102635
0 0.887798 0.331031 0.224404 0.353451 0.00102469
0 0.996273 0.653603 0.0074543 0.294675 0.00102349
0 0.356393 0.372733 0.579745 0.444268 0.00102247
0 0.0867484 0.465778 0.173497 0.162984 0.0010204
0 0.463105 0.898396 0.239168 0.203208 0.00102029
0 0.0523053 0.721184 0.104611 0.21271 0.00101778
0 0.0530721 0.764894 0.106144 0.229386 0.00101456
0 0.300388 0.303383 0.409541 0.315058 0.00101351
0 0.993948 0.499853 0.012104 0.300201 0.00101197
0 0.996168 0.74783 0.00766497 0.276517 0.0010113
0 0.0522377 0.168614 0.104475 0.211573 0.00101052
0 0.682985 0.499483 0.201097 0.0888109 0.00100987
0 0.994595 0.552626 0.0108094 0.303834 0.00100765
0 0.676862 0.761351 0.646276 0.477298 0.00100657
0 0.0978188 0.175667 0.195638 0.184971 0.00100202
0 0.471033 0.815143 0.184256 0.136604 0.926437
0 0.0601516 0.498765 0.0868742 0.0566179 0.346785
0 0.0740989 0.503427 0.117512 0.0652319 0.0716071
0 0.72523 0.497377 0.115295 0.0628122 0.0165319
0 0.721454 0.579983 0.13696 0.0717655 0.00739243
0 0.7655 0.0863688 0.142461 0.0758963 0.0069129
0 0.998346 0.0846851 0.0033085 0.16937 0.00446307
0 0.768488 0.0685139 0.140386 0.062307 0.00373611
0 0.726939 0.508421 0.132984 0.0845364 0.00319369
0 0.744482 0.495127 0.118972 0.0634228 0.00308289
0 0.20299 0.0675486 0.140286 0.0593124 0.0030591
0 0.0876154 0.513416 0.120203 0.0782957 0.00277625
0 0.756783 0.0999214 0.128011 0.0450428 0.00270349
0 0.149997 0.787273 0.121942 0.0468319 0.00253817
0 0.534334 0.510476 0.119492 0.0919077 0.00210368
0 0.00271797 0.0921881 0.00543594 0.184376 0.00204629
0 1 0.967638 0 0.0647238 0.0019911
0 0.0962959 0.535657 0.119233 0.0634419 0.00192282
0 0.0696945 0.533434 0.116311 0.0629599 0.00188672
0 0.324254 0.367339 0.136817 0.0499619 0.00176223
0 0.75208 0.0796327 0.123667 0.079942 0.00157302
0 0.998595 0.914924 0.00280998 0.170152 0.00154722
0 0.70662 0.572475 0.129945 0.0844259 0.00151225
0 0.0276009 0.921863 0.0552018 0.156274 0.00141388
0 0.139248 0.0759208 0.251464 0.0768993 0.00133044
0 0.894327 1 0.211346 0 0.00129402
0 0.083003 0.897495 0.166006 0.205009 0.001254
0 0.910201 0.918149 0.179598 0.163703 0.00123262
0 0.676245 0.187532 0.403169 0.350622 0.00116442
0 0.156424 0.801261 0.125723 0.0726437 0.00116324
0 0.952933 0.0756535 0.094133 0.151307 0.0011616
0 0.76556 0.501665 0.126495 0.0762326 0.0011612
0 0.858333 0.368183 0.180412 0.0681744 0.00113496
0 0.0626284 0.511909 0.104083 0.0792181 0.00113014
0 0.747997 0.211826 0.504006 0.423651 0.00111871
0 0.291917 0.619388 0.120343 0.0571527 0.0010853
0 0.0027384 0.040537 0.00547681 0.081074 0.0010827
0 0.989818 0.979164 0.020365 0.0416716 0.00107446
0 0.792744 0.512797 0.120431 0.0832912 0.00105682
0 0.380113 0.684475 0.445746 0.155506 0.0010487
0 0.068098 0.970752 0.136196 0.0584953 0.00104045
0 0.621972 0.209307 0.756057 0.418614 0.001036
0 0.89493 0.656995 0.106839 0.0939196 0.0010311
0 0.606367 0.221024 0.317821 0.219895 0.00102628
0 0.0504124 0.425536 0.100825 0.238166 0.00102592
0 0.41622 0.20029 0.832439 0.40058 0.00102496
0 0.639662 0.192736 0.667188 0.385472 0.00101449
0 0 0.821534 0 0.356931 0.00100862
0 0.681 0.515423 0.179936 0.0815311 0.00100168
0 0.469589 0.816946 0.182582 0.134062 0.954135
0 0.998334 0.0973494 0.00333213 0.194699 0.0163384
0 0.997057 0.948347 0.00588536 0.103305 0.00749652
0 0 0.964837 0 0.0703253 0.00549796
0 0 0.0551073 0 0.110215 0.0046462
0 1 0.962643 0 0.0747148 0.00375989
0 0 0.965407 0 0.0691868 0.00347295
0 1 0.0952606 0 0.190521 0.00324048
0 0 0.934421 0 0.131158 0.00303539
0 0 0.432028 0 0.127549 0.00293264
0 0 0.469374 0 0.126553 0.0029021
0 1 0.959211 0 0.0815786 0.00289527
0 0 0.6444 0 0.126087 0.00289339
0 0 0.506812 0 0.126164 0.00287869
0 0 0.61933 0 0.125862 0.00285684
0 0 0.5318 0 0.125996 0.00285219
0 0 0.594293 0 0.125797 0.00282751
0 0 0.569291 0 0.125822 0.00281825
0 0 0.669423 0 0.126223 0.00279815
0 0.0163429 0.0953197 0.0326857 0.190639 0.00279389
0 0.99709 0.971419 0.00581921 0.0571611 0.00276482
0 0 0.281916 0 0.12649 0.0027065
0 0 0.931983 0 0.136033 0.00269066
0 0 0.782894 0 0.130761 0.00264413
0 0 0.407318 0 0.128588 0.002585
0 0 0.257096 0 0.127141 0.00256911
0 0 0.694321 0 0.126508 0.00253886
0 0 0.757611 0 0.129504 0.00252927
0 0 0.306947 0 0.126748 0.00246177
0 0 0.332112 0 0.127512 0.0024087
0 0 0.232078 0 0.126899 0.00231029
0 0 0.0134016 0 0.0268032 0.00228663
0 1 0.0323782 0 0.0647564 0.00226217
0 0 0.357218 0 0.128568 0.00219687
0 0.0588487 0.925394 0.117697 0.149211 0.00210728
0 0 0.382244 0 0.128919 0.00204536
0 0 0.807791 0 0.131303 0.00202141
0 0 0.719404 0 0.127713 0.00200009
0 0 0.0465125 0 0.093025 0.00199461
0 0 0.207227 0 0.128161 0.00197674
0 0 0.972453 0 0.0550938 0.00195921
0 0.89446 0.999115 0.211079 0.00176945 0.00187188
0 0 0.182196 0 0.128343 0.0018506
0 0 0.961698 0 0.0766043 0.00182523
0 0 0.0734231 0 0.146846 0.00174717
0 0.508251 0.826491 0.109422 0.109979 0.00171543
0 0.0777624 0.219675 0.155525 0.234458 0.0016899
0 1 0.136982 0 0.231358 0.00162468
0 0 0.834219 0 0.135601 0.00160815
0 0.078228 0.280071 0.156456 0.256889 0.00157482
0 0.0782823 0.604358 0.156565 0.305258 0.00155146
0 0.0757361 0.164044 0.151472 0.217451 0.00153334
0 0 0.836914 0 0.218267 0.00151685
0 0 0.314463 0 0.22504 0.00151133
0 0.893927 0.90431 0.212146 0.19138 0.00147675
0 0 0.364645 0 0.225777 0.0014723
0 0 0.763194 0 0.21596 0.00144332
0 0 0.860105 0 0.138735 0.00143877
0 0.078396 0.518596 0.156792 0.334208 0.00142865
0 0 0.887472 0 0.219414 0.00141279
0 0.0783732 0.346682 0.156746 0.291012 0.00140325
0 0 0.662335 0 0.216089 0.00139742
0 0 0.61237 0 0.217036 0.00139174
0 0 0.15805 0 0.132573 0.00138393
0 0 0.910624 0 0.178751 0.00138132
0 0.0644566 0.119443 0.128913 0.200425 0.00137751
0 0 0.512488 0 0.216507 0.00137735
0 0 0.562133 0 0.217245 0.00137217
0 0 0.0293963 0 0.0587926 0.00137095
0 0 0.463762 0 0.214738 0.00136635
0 0 0.414057 0 0.225807 0.00136465
0 0 0.388596 0 0.216209 0.00135895
0 0.927881 0.998777 0.144238 0.00244656 0.00134996
0 0.0784331 0.411952 0.156866 0.321598 0.00134825
0 0 0.712634 0 0.217349 0.00134022
0 0.09557 0.999737 0.19114 0.00052681 0.00125628
0 0 0.338106 0 0.215766 0.0012525
0 0 0.264462 0 0.224738 0.00123648
0 1 0.0309964 0 0.0619928 0.00120985
0 0 0.958541 0 0.082918 0.00119728
0 0.0898228 0.902771 0.179646 0.194457 0.00116685
0 1 0.198104 0 0.210698 0.00115443
0 0 0.688897 0 0.225294 0.0011516
0 0 0.263064 0 0.216238 0.00114718
0 0.0597255 0.120775 0.119451 0.24155 0.00113841
0 0 0.739368 0 0.226299 0.00113819
0 0.0784421 0.708209 0.156884 0.31375 0.00113573
0 0 0.790156 0 0.224128 0.00112818
0 1 0.736191 0 0.210463 0.00111063
0 0 0.48871 0 0.225888 0.00110198
0 0 0.88621 0 0.142917 0.00109914
0 0.671891 0.455951 0.656218 0.546947 0.00109435
0 1 0.35521 0 0.203664 0.00107603
0 0 0.212151 0 0.218724 0.0010673
0 0.737968 0.40203 0.524064 0.537282 0.00105647
0 0.0241978 0.0864082 0.0483956 0.172816 0.0010527
0 0.460326 0.454812 0.820112 0.571325 0.00105009
0 1 0.252132 0 0.204048 0.00104905
0 0.834003 0.999463 0.25925 0.00107384 0.00103626
0 0.989793 0.979327 0.0204144 0.041345 0.00102967
0 1 0.836672 0 0.209073 0.00102913
0 0 0.133485 0 0.134438 0.00102534
0 0.589085 0.420081 0.821831 0.57424 0.00102082
0 1 0.303619 0 0.203422 0.00101691
0 0.470055 0.814843 0.18406 0.132877 0.947419
0 0.472067 0.81388 0.186175 0.134409 0.968679
0 0.0505951 0.49338 0.10119 0.0639189 0.00416092
0 0.408784 0.813592 0.0586931 0.123826 0.00412001
0 0 0.897801 0 0.204397 0.00123813
0 0.485123 0.868007 0.185443 0.161948 0.0011061
0 1 0.943151 0 0.113698 0.00109207
0 0.790794 0.69012 0.418413 0.21851 0.00105523
0 0.470766 0.813266 0.182912 0.135017 0.96496
0 0.0515611 0.50016 0.0923851 0.0559772 0.109281
0 0.749672 0.495307 0.0572518 0.0611023 0.00275053
0 0.545991 0.814074 0.0300766 0.121734 0.00244222
0 0.723145 0.499114 0.117723 0.0541615 0.00190349
0 0.0703596 0.0995496 0.140719 0.115458 0.00128272
0 1 0.0283457 0 0.0566914 0.00106311
0 0.918107 0 0.163785 0 0.00105239
0 0.470125 0.814459 0.182749 0.136024 0.943516
0 0.0567468 0.499452 0.0812037 0.057445 0.0991606
0 0.0695995 0.499799 0.0558822 0.0585299 0.00720571
0 0.815822 0.262046 0.339912 0.171849 0.00117111
0 0.465619 0.772816 0.153191 0.0521127 0.00100906
0 0.469042 0.815348 0.17861 0.135715 0.975947
0 0.0569325 0.499175 0.0826784 0.0580688 0.100112
0 1 0.0735599 0 0.14712 0.0028126
0 0.0455265 0.513132 0.0881242 0.0719524 0.00256362
0 1 0.0624509 0 0.124902 0.00242066
0 0 0.0418353 0 0.0836707 0.00222635
0 1 0.0903655 0 0.180731 0.00100528
0 0.46804 0.815352 0.184178 0.133392 0.94862
0 0.0629689 0.49798 0.0708445 0.0518402 0.579518
0 0.0529586 0.499433 0.0928227 0.056971 0.326715
0 0.750653 0.500775 0.049889 0.0512793 0.00139374
0 0.0708049 0.503279 0.0556192 0.0478157 0.00133188
0 0.470383 0.814892 0.185559 0.138251 0.955268
0 0.0557293 0.499766 0.0915582 0.058044 0.114293
0 0.0522984 0.51509 0.103885 0.0878162 0.00118806
0 0.471327 0.816552 0.187396 0.137308 0.943923
0 0.0575833 0.500138 0.0815585 0.0513575 0.587122
0 0.762378 0.492074 0.102592 0.0691519 0.00839235
0 0.742885 0.492375 0.11338 0.0695572 0.0053009
0 0.838466 0.506971 0.081151 0.0586582 0.00413204
0 0.827292 0.497166 0.0642523 0.0717436 0.00360518
0 0.847285 0.497977 0.0984821 0.0720888 0.00299906
0 0.883066 0.50083 0.120174 0.0779953 0.00134879
0 0.0695891 0.505291 0.111257 0.067771 0.00129338
0 0.0372742 0.78372 0.0745484 0.0827826 0.00126423
0 0.70927 0.493432 0.156083 0.0733761 0.00121
0 0.5486 0.81444 0.0271436 0.124972 0.00116058
0 0.150136 0.511973 0.0997142 0.0804487 0.00113668
0 0.469398 0.814851 0.182926 0.134533 0.93124
0 0.0602523 0.498689 0.0744612 0.0555047 0.737128
0 0.757198 0.493575 0.0889218 0.0667729 0.0204301
0 0.738912 0.49511 0.111295 0.063933 0.0167454
0 0.547798 0.816708 0.0260012 0.123991 0.0146507
0 0.0678643 0.505986 0.0971851 0.0692887 0.00332767
0 0.721192 0.497732 0.128906 0.0587219 0.00317295
0 0.893527 0.505556 0.0971514 0.0536934 0.00225554
0 0.57453 0.511627 0.0756245 0.0776781 0.00181846
0 0.161276 0.499361 0.0962151 0.0669598 0.00168969
0 0.602322 0.516015 0.0948064 0.0805561 0.00164312
0 0.625977 0.517411 0.0881006 0.0778091 0.0014388
0 0.876098 0.505785 0.135291 0.0490746 0.00132555
0 0.750862 0.504831 0.0848677 0.0466991 0.00107838
0 0.470712 0.814508 0.18092 0.131253 0.947098
0 0.549285 0.818192 0.0251579 0.121629 0.00355734
0 0.555504 0.820453 0.0172941 0.104122 0.00162639
0 0.47077 0.815719 0.182562 0.132535 0.969524
0 0.72557 0.493824 0.112544 0.0656231 0.00122411
0 0.468865 0.81482 0.182433 0.133517 0.947478
0 0.0615601 0.497491 0.0819967 0.0556257 0.00661842
0 0.469754 0.814197 0.18143 0.131234 0.92822
0 0.0602492 0.500041 0.0920214 0.0555992 0.0390502
0 0.731891 0.494801 0.131056 0.0671289 0.00273227
0 0.890769 0.505057 0.106042 0.0673729 0.00236858
0 0.761862 0.495614 0.106985 0.0683639 0.00111999
0 0.916855 0.508448 0.118831 0.0759264 0.00109231
0 0.469351 0.815191 0.180835 0.135699 0.959712
0 0.0603831 0.499495 0.111777 0.0584904 0.00967263
0 0.860277 1 0.237278 0 0.00413702
0 0.687054 1 0.230856 0 0.00300531
0 0.807354 1 0.233089 0 0.00300144
0 0.738534 1 0.232787 0 0.00290689
0 0.394994 0.813477 0.0299585 0.136428 0.00290163
0 0.342765 1 0.228833 0 0.00285841
0 0.256737 1 0.229807 0 0.00284662
0 0.498021 1 0.227209 0 0.00283873
0 0.205409 1 0.229333 0 0.0027314
0 0.635406 1 0.229599 0 0.00263488
0 0.896791 1 0.206417 0 0.00254608
0 0.583682 1 0.230047 0 0.00246175
0 0.154319 1 0.228417 0 0.00229025
0 0.393883 1 0.227195 0 0.00196307
0 0.0995698 1 0.19914 0 0.00184959
0 0.649579 0.246081 0.180681 0.099967 0.00180578
0 0.917275 1 0.16545 0 0.00170935
0 0.447433 1 0.223501 0 0.00167944
0 0.762217 0.494736 0.10033 0.0713007 0.00135453
0 0.469775 0.8151 0.184443 0.136566 0.95912
0 0.396049 0.816713 0.0308035 0.157814 0.00119757
0 0.469736 0.814134 0.184662 0.134672 0.952127
0 0.893254 0.51857 0.138226 0.0840235 0.00569928
0 0.779808 0.509969 0.144538 0.0868368 0.00209563
0 0.463274 0.860868 0.165491 0.0404198 0.00125424
0 0.469518 0.814766 0.182497 0.134837 0.959281
0 1 0.0648014 0 0.129603 0.0012312
0 0.469488 0.815403 0.183143 0.133517 0.942012
0 0.47025 0.814615 0.183692 0.134261 0.938423
0 0.0667296 0.497781 0.107385 0.0588531 0.0409109
0 0.469484 0.813047 0.181902 0.135676 0.916111
0 0.0566972 0.497672 0.0878854 0.060035 0.00356133
0 0.468872 0.814734 0.184233 0.136983 0.937577
0 0.470365 0.813684 0.181849 0.138691 0.950556
0 0.0604377 0.500089 0.0805806 0.0554963 0.23334
0 0.75128 0.494422 0.101975 0.0681675 0.0401087
0 0.895186 0.508223 0.0927487 0.0700806 0.0044866
0 0.109916 0.73695 0.12029 0.0646774 0.00423614
0 0.0458081 0.501502 0.0524734 0.0463803 0.00235357
0 0.732691 0.493567 0.134432 0.0712736 0.00230846
0 0.377904 0.826959 0.0210247 0.0960506 0.00163243
0 0.39362 0.816315 0.0310429 0.107079 0.00161248
0 0.514989 0.823597 0.0940449 0.111509 0.00158792
0 0.141352 0.153908 0.125077 0.0154635 0.00119241
0 0.469983 0.814952 0.184974 0.135914 0.962172
0 0.0614436 0.499285 0.0769584 0.0571207 0.321201
0 0.0724486 0.49765 0.104979 0.0564472 0.237088
0 0.0727321 0.47048 0.114543 0.110439 0.00173703
0 0.472392 0.871219 0.17251 0.023567 0.0015008
0 0.468132 0.815233 0.182725 0.135085 0.93353
0 0.0622864 0.497701 0.087857 0.059022 0.002858
0 0.0707727 0.489855 0.105641 0.0732607 0.00183089
0 0.0944719 0.25569 0.138472 0.0999656 0.0013571
0 0.0680512 0.463513 0.129059 0.126236 0.00106025
0 0.469383 0.814561 0.184859 0.134183 0.941587
0 0.470472 0.814446 0.18252 0.136674 0.918244
0 0.470067 0.813579 0.180961 0.134591 0.963521
0 0.0501006 0.499346 0.0994717 0.0674694 0.00210264
0 0.0509781 0.514182 0.100761 0.0815498 0.00128836
0 0 0.0413457 0 0.0826914 0.00128384
0 1 0.057708 0 0.115416 0.00110272
0 0.469609 0.813886 0.180392 0.132776 0.947874
0 0.0646282 0.457487 0.129256 0.136764 0.00213437
0 0.470125 0.814236 0.180845 0.135586 0.944884
0 0.749745 0.484107 0.144859 0.0900999 0.0015111
0 0.469038 0.814565 0.182181 0.134176 0.942867
0 0.470424 0.814698 0.18075 0.135382 0.947043
0 0.469379 0.815096 0.180955 0.135252 0.945319
0 0.726751 0.498378 0.133031 0.0698211 0.00236541
0 0.469971 0.814491 0.182253 0.134146 0.935091
0 0.723345 0.498535 0.123551 0.0577034 0.0793573
0 0.0533026 0.498818 0.0908263 0.0560786 0.0184026
0 0.470411 0.814065 0.184889 0.136357 0.932412
0 0.470645 0.815598 0.182614 0.136642 0.953634
0 0.469305 0.815214 0.184076 0.135884 0.934638
0 0.46865 0.814007 0.181751 0.136357 0.932566
0 0.469711 0.815023 0.184541 0.136105 0.933848
0 0.468668 0.815247 0.182299 0.134289 0.939449
0 0.0605991 0.498631 0.0800586 0.0577501 0.00122121
0 0.469371 0.814863 0.182472 0.13716 0.953276
0 0.0592152 0.499514 0.0856194 0.0564276 0.69259
0 0.0686512 0.50047 0.12018 0.058749 0.00132526
0 0.723625 0.488141 0.123759 0.0796062 0.0011492
0 0.470878 0.816052 0.184222 0.134224 0.9548
0 0.0617704 0.500871 0.0980793 0.0600983 0.331681
0 0.0649182 0.503385 0.127392 0.0662072 0.00366493
0 0.726054 0.488175 0.128199 0.0789206 0.00141381
0 0.471532 0.814751 0.184122 0.132746 0.929104
0 0.0585803 0.500776 0.0899832 0.060176 0.102859
0 0.734744 0.485239 0.139774 0.0862358 0.0262191
0 0.0702689 0.0500613 0.133114 0.0957069 0.00583569
0 0.0689026 0.508876 0.111575 0.0751864 0.00207069
0 0.0949419 0.0495758 0.189884 0.0964075 0.00163455
0 0.469718 0.814937 0.181079 0.134657 0.956221
0 0.0527885 0.499678 0.0896464 0.0584396 0.230602
0 0.72988 0.483989 0.128693 0.0882716 0.0408708
0 0.471247 0.815525 0.182901 0.133722 0.942832
0 0.0511251 0.499022 0.0926884 0.0585011 0.0368719
0 0.469476 0.814959 0.185185 0.133554 0.938128
0 0.056233 0.499147 0.081986 0.0586857 0.21667
0 0.469642 0.8148 0.185101 0.137969 0.936644
0 0.0568942 0.5007 0.0931276 0.0600592 0.00160877
0 0.217879 0.383936 0.206453 0.145982 0.00111931
0 0.470248 0.813748 0.183377 0.136756 0.94736
0 0.0580068 0.498839 0.0789686 0.0595549 0.490792
0 0.721954 0.493145 0.122857 0.0739502 0.0167369
0 0.598351 0.320558 0.150544 0.0740462 0.00167793
0 0.470725 0.813994 0.182031 0.133479 0.935975
0 0.470153 0.815129 0.182167 0.135549 0.92713
0 0.469662 0.813893 0.183554 0.136299 0.945116
0 0.469693 0.81478 0.181241 0.135573 0.919359
0 0.732692 0.490407 0.138796 0.0781603 0.0115756
0 0.767161 0.904845 0.163965 0.112912 0.00176098
0 0.820412 0.887923 0.269606 0.150364 0.0012794
0 0.469449 0.813957 0.181182 0.136401 0.943609
0 0.730565 0.488978 0.131253 0.0793556 0.0135878
0 0.470096 0.815449 0.182759 0.13366 0.941668
0 0.0571234 0.498522 0.083403 0.0588528 0.0503244
0 0.730218 0.486013 0.135729 0.0882587 0.0141203
0 0.470984 0.815252 0.182767 0.134389 0.945046
0 0.0566825 0.499387 0.0846588 0.0588807 0.552697
0 0.728171 0.491421 0.127815 0.074221 0.31473
0 0.745607 0.494661 0.11533 0.0736552 0.00932833
0 0.620954 0.514213 0.0924277 0.0833341 0.00443869
0 0.471913 0.814711 0.184652 0.135976 0.949102
0 0.0580527 0.49862 0.080725 0.0595222 0.490866
0 0.730141 0.493171 0.135441 0.073904 0.0280046
0 0.470746 0.813761 0.182604 0.134706 0.950431
0 0.0611656 0.499252 0.0839742 0.0597007 0.0019853
0 0.738067 0.486358 0.145126 0.0848566 0.00189953
0 0.469949 0.814563 0.183699 0.134526 0.938285
0 0.470046 0.814581 0.183124 0.134386 0.947252
0 0.469914 0.813931 0.181607 0.136238 0.946098
0 0.470227 0.814593 0.181769 0.136793 0.938136
0 0.0584184 0.499259 0.0775943 0.0589174 0.0304786
0 0.745971 0.494223 0.11651 0.0684832 0.00487261
0 0.0874527 0.917024 0.174905 0.105853 0.00291144
0 0.470853 0.814902 0.182748 0.135445 0.948014
0 0.0538276 0.499749 0.0886535 0.0584981 0.00583878
0 0.470916 0.81459 0.183732 0.13687 0.941147
0 0.0580932 0.499836 0.0793219 0.0589024 0.00227136
0 0.596954 0.318947 0.154838 0.0730433 0.00121785
0 0.470677 0.814835 0.182014 0.133816 0.944707
0 0.470517 0.814245 0.183672 0.134201 0.946694
0 0.469805 0.81469 0.181205 0.135686 0.937837
0 0.0543401 0.499749 0.0884448 0.0578835 0.00194497
0 0.471534 0.814177 0.184154 0.137811 0.951693
0 0.74529 0.496938 0.115381 0.0744741 0.00349158
0 0.469364 0.814134 0.184081 0.136191 0.945329
0 0.593378 0.31607 0.155059 0.0764866 0.00363342
0 0.745687 0.495788 0.126974 0.070117 0.00241001
0 0.120003 0.9244 0.111931 0.0996796 0.00107207
0 0.470799 0.814615 0.183722 0.137077 0.942433
0 0.47079 0.814257 0.185715 0.136731 0.94718
0 0.470475 0.813893 0.182371 0.134877 0.959007
0 0.470109 0.814732 0.182906 0.135318 0.951421
0 0.740727 0.491419 0.131715 0.0743773 0.00284704
0 0.470157 0.815366 0.182287 0.135297 0.953602
0 0.742606 0.4912 0.130967 0.0772131 0.00257706
0 0.47019 0.815039 0.182624 0.136477 0.957412
0 0.46967 0.814898 0.184329 0.135962 0.945779
0 0.469941 0.814711 0.185119 0.133928 0.939974
0 0.4706 0.814566 0.185026 0.13551 0.95586
0 0.469566 0.814697 0.184522 0.13593 0.955671
0 0.469754 0.815066 0.183481 0.137154 0.949632
0 0.738017 0.494355 0.119643 0.0709186 0.00138411
0 0.469989 0.815055 0.183652 0.136262 0.947094
0 0.731306 0.495444 0.11786 0.0674896 0.00592611
0 0.0570619 0.499453 0.0798624 0.0586375 0.0017036
0 0.470362 0.815153 0.184242 0.1354 0.945872
0 0.729792 0.492833 0.125516 0.0723944 0.0028681
0 0.0578864 0.499107 0.0766674 0.060216 0.00161966
0 0.470236 0.815029 0.183885 0.134873 0.945463
0 0.470106 0.815136 0.183809 0.136459 0.945885
0 0.470091 0.815107 0.183074 0.136241 0.947035
0 0.469918 0.813921 0.181623 0.136242 0.946082
0 0.0520882 0.499992 0.0933779 0.0606066 0.00100138
