0 0.653494 0.273833 0.192908 0.145817 0.0316162
0 0.221581 0.274406 0.207696 0.160744 0.0268127
0 0.645105 0.320597 0.216893 0.240026 0.0151778
0 0.523644 0.671158 0.127118 0.116314 0.0146618
0 0.325013 0.265956 0.428903 0.175217 0.0145258
0 0.611906 0.272624 0.282537 0.155733 0.0143355
0 0 0.906416 0 0.187168 0.0139484
0 0.621343 0.368973 0.28048 0.340877 0.0138894
0 0.25706 0.280033 0.280845 0.236062 0.0138395
0 0.221987 0.395472 0.227512 0.396995 0.0138144
0 0.708324 0.27365 0.304778 0.136944 0.013738
0 0 0.0969536 0 0.193907 0.0137264
0 0.6897 0.258684 0.262162 0.24932 0.0136847
0 0.186777 0.279756 0.293488 0.211248 0.0136494
0 0.174668 0.232846 0.319315 0.261 0.0135831
0 1 0.889296 0 0.221408 0.0135612
0 0.470785 0.354118 0.705549 0.366111 0.0135125
0 0.00446245 0.228604 0.00892491 0.457207 0.0135021
0 0.525887 0.640751 0.132074 0.159637 0.0134393
0 0.00946 0.817266 0.01892 0.365468 0.0134329
0 1 0.0983257 0 0.196651 0.0133586
0 0.99969 0.805789 0.000619783 0.388421 0.013319
0 0.572054 0.676014 0.217141 0.120946 0.013207
0 0.0128869 0.342848 0.0257738 0.685695 0.013174
0 0.999505 0.168662 0.000990575 0.337325 0.0131504
0 0.991524 0.580802 0.0169516 0.838397 0.0131201
0 0.651251 0.214283 0.204817 0.263004 0.0131084
0 0.12167 0.900915 0.243341 0.189925 0.0130891
0 0.166473 0.472035 0.332946 0.564278 0.013084
0 0.077514 0.656491 0.155028 0.687018 0.0130737
0 0.287716 0.29015 0.345681 0.148128 0.0130519
0 1 0.024362 0 0.048724 0.0130193
0 0.573389 0.404592 0.61145 0.0931606 0.0130158
0 0.726868 0.318866 0.546263 0.291939 0.0129935
0 0.978224 0.533134 0.0435513 0.933731 0.0129556
0 0.502076 0.681354 0.176879 0.10926 0.0129401
0 0.998515 0.353856 0.0029697 0.707712 0.0129245
0 0.463553 0.281097 0.683319 0.207292 0.0129067
0 0.218235 0.187926 0.230711 0.326185 0.0128949
0 0.527307 0.793415 0.243806 0.368319 0.012877
0 0.590042 0.459551 0.62097 0.219561 0.012875
0 0.142435 0.400324 0.284869 0.800648 0.0128745
0 0.772306 0.181504 0.455387 0.320302 0.012864
0 0.996012 0.441172 0.00797688 0.882344 0.0128579
0 0.117096 0.844014 0.234192 0.311971 0.012846
0 0.0683309 0.427639 0.136662 0.855278 0.0128443
0 1 0.923581 0 0.152838 0.0128231
0 0.0411009 0.721708 0.0822019 0.556585 0.0128036
0 0.99708 0.691994 0.00584078 0.616011 0.0127994
0 0.89731 0.905869 0.204687 0.181939 0.0127884
0 0.618022 0.638048 0.322712 0.191848 0.0127776
0 0.92658 0.538415 0.14684 0.92317 0.0127666
0 0.645162 0.399256 0.551026 0.0794615 0.0127414
0 0.916761 0.823761 0.166478 0.352478 0.0127377
0 0.536588 0.616569 0.164181 0.222807 0.0127345
0 0.374685 0.182218 0.591479 0.34701 0.0127294
0 0.989339 0.40634 0.0213211 0.812679 0.0127286
0 0.053933 0.544481 0.107866 0.911039 0.0127263
0 0.170111 0.892311 0.308204 0.210083 0.0127173
0 0.151391 0.806995 0.302781 0.371213 0.0126776
0 0.332386 0.148941 0.482766 0.276018 0.0126676
0 0.941139 0.419722 0.117723 0.839444 0.0126647
0 0.504819 0.430117 0.855525 0.51009 0.0126608
0 0.131142 0.880039 0.262284 0.239922 0.0126545
0 0.215361 0.8125 0.289763 0.333289 0.0126476
0 0.611647 0.134669 0.287543 0.24827 0.012637
0 0.10438 0.603786 0.20876 0.792428 0.0126011
0 0.00235123 0.156255 0.00470247 0.31251 0.012598
0 0.998344 0.674122 0.00331126 0.651757 0.0125959
0 0.124916 0.138244 0.249833 0.276165 0.0125851
0 0.159839 0.184758 0.319678 0.343002 0.0125703
0 0.610353 0.454093 0.672721 0.305041 0.0125524
0 0.123385 0.232199 0.24677 0.464399 0.0125479
0 0.566146 0.0717203 0.254402 0.122326 0.0125173
0 0.807872 0.784039 0.384257 0.431923 0.0125082
0 0.552561 0.860198 0.38241 0.24377 0.0124912
0 0.62154 0.17844 0.219069 0.313684 0.0124883
0 0.779762 0.91053 0.440476 0.178939 0.0124853
0 0.86693 0.844828 0.26614 0.303007 0.0124675
0 0.654866 0.795512 0.506258 0.334293 0.0124643
0 0.211685 0.875304 0.423371 0.249392 0.0124627
0 0.093588 0.0953577 0.187176 0.190715 0.012456
0 0.0134172 0.585827 0.0268345 0.828346 0.0124531
0 0.121165 0.322375 0.24233 0.64475 0.0124504
0 0.757403 0.116919 0.470299 0.214908 0.0124451
0 0.697618 0.139748 0.545186 0.26081 0.0124394
0 0.539684 0.038256 0.354307 0.0765119 0.0124356
0 0.245027 0.905075 0.490053 0.18985 0.012432
0 0.399447 0.805054 0.473871 0.353217 0.0124264
0 0.265756 0.894155 0.353976 0.21169 0.0124223
0 0.257481 0.798344 0.273896 0.308045 0.0124003
0 0.812367 0.0235943 0.375266 0.0471886 0.0123975
0 0.562359 0.88002 0.308251 0.235053 0.0123954
0 0.616449 0.0245953 0.364846 0.0491907 0.0123933
0 0.322169 0.788048 0.442336 0.308899 0.0123927
0 0.1146 0.773548 0.2292 0.452905 0.0123891
0 0.675698 0.444953 0.491127 0.215435 0.0123836
0 0.408592 0.0937356 0.575555 0.187471 0.0123825
0 0.727074 0.0325406 0.442017 0.0650811 0.0123793
0 0.787695 0.0367138 0.412833 0.0734276 0.0123703
0 0.274651 0.15797 0.549303 0.315941 0.0123602
0 0.151453 0.583488 0.302906 0.784683 0.0123591
0 0.780921 0.251293 0.438158 0.468818 0.012355
0 0.456149 0.0654969 0.534496 0.130994 0.0123509
0 0.160305 0.0674547 0.32061 0.134909 0.012349
0 0.552131 0.982494 0.676813 0.0350128 0.0123479
0 0.868785 0.768506 0.26243 0.462988 0.012347
0 0.616028 0.886986 0.270548 0.225749 0.012346
0 0.517394 0.89416 0.35929 0.211681 0.0123419
0 0.302162 0.12247 0.541713 0.24494 0.0123402
0 0.3101 0.977887 0.620201 0.0442255 0.0123359
0 0.594083 0.620131 0.564364 0.218368 0.0123347
0 0.828742 0.0191386 0.342515 0.0382771 0.012333
0 0.302009 0.433774 0.496837 0.485178 0.0123291
0 0.494665 0.849553 0.42638 0.265514 0.012327
0 0.431071 0.975944 0.692394 0.0481112 0.0123208
0 0.137684 0.519976 0.275368 0.898932 0.0122984
0 0.427742 0.115042 0.568599 0.207394 0.0122952
0 0.175105 0.435491 0.327357 0.494036 0.0122887
0 0.529217 0.176473 0.422286 0.323494 0.0122871
0 0.863282 0.890949 0.273437 0.20502 0.0122869
0 0.344088 0.688574 0.458188 0.228979 0.0122774
0 0.662291 0.694268 0.405099 0.233077 0.0122772
0 0.545035 0.512375 0.88612 0.427197 0.0122737
0 0.623512 0.498839 0.618535 0.317949 0.0122735
0 0.179196 0.513192 0.358391 0.666746 0.0122722
0 0.693462 0.954264 0.613077 0.0914711 0.0122563
0 0.301236 0.811983 0.317889 0.324025 0.0122555
0 0.972581 0.0266021 0.0548373 0.0532042 0.0122517
0 0.180909 0.673102 0.361819 0.598463 0.0122496
0 0.142906 0.0321855 0.285812 0.064371 0.0122486
0 0.689538 0.893249 0.410752 0.213501 0.0122466
0 0.203602 0.748362 0.407205 0.503276 0.0122403
0 0.168897 0.641648 0.337794 0.716704 0.0122362
0 0.691537 0.758495 0.471024 0.325957 0.0122318
0 0.359515 0.882913 0.48179 0.234174 0.0122285
0 0.860795 0.552887 0.27841 0.894226 0.0122191
0 0.323444 0.560715 0.646888 0.468305 0.0122184
0 0.849816 0.796492 0.300368 0.392156 0.0122
0 0.312586 0.646649 0.625172 0.417018 0.0121931
0 0.49353 0.623258 0.191917 0.178129 0.0121855
0 0.683378 0.629611 0.461371 0.241638 0.0121679
0 0.291254 0.731821 0.582507 0.471841 0.0121624
0 0.802427 0.424164 0.395146 0.615893 0.012161
0 0.885072 0.266089 0.229856 0.532178 0.0121487
0 0.82227 0.144531 0.35546 0.265818 0.0121448
0 0.663434 0.87343 0.303751 0.219507 0.0121427
0 0.276412 0.724481 0.552824 0.350047 0.0121419
0 0.85964 0.177197 0.280721 0.325292 0.0121364
0 0.363351 0.57235 0.726701 0.345099 0.0121361
0 0.471815 0.583958 0.404526 0.277167 0.0121229
0 0.775265 0.847812 0.449471 0.279196 0.0121224
0 0.881878 0.178786 0.236244 0.357572 0.0121164
0 0.480661 0.566371 0.826717 0.312377 0.0121141
0 0.898877 0.128282 0.202246 0.256563 0.012113
0 0.762234 0.385193 0.475531 0.350948 0.0121105
0 0.460925 0.888988 0.378556 0.218408 0.0121022
0 0.73954 0.483657 0.520921 0.261871 0.012097
0 0.791898 0.884267 0.395608 0.224242 0.0120902
0 0.852755 0.560557 0.294491 0.377132 0.0120873
0 0.806593 0.512907 0.386814 0.260421 0.0120833
0 0.351911 0.871609 0.379295 0.242345 0.0120815
0 0.696987 0.574073 0.597243 0.29193 0.0120728
0 0.857821 0.344653 0.284357 0.689306 0.012035
0 0.8094 0.572244 0.3812 0.25743 0.0120338
0 0.369056 0.609573 0.550496 0.242763 0.0120331
0 0.834542 0.808012 0.330917 0.346082 0.0120279
0 0.855321 0.628915 0.289359 0.405453 0.0120266
0 0.735682 0.724828 0.528637 0.379935 0.0120077
0 0.858933 0.26073 0.282134 0.465266 0.011994
0 0.844824 0.705866 0.310352 0.45867 0.0119904
0 0.740263 0.789794 0.519474 0.396352 0.0119902
0 0.802187 0.326498 0.395625 0.632332 0.0119638
0 0.771431 0.654825 0.457137 0.318851 0.01192
0 0.769241 0.744477 0.461518 0.438684 0.0118857
0 0.182177 0.272579 0.161255 0.167134 0.00348777
0 0.164663 0.228852 0.132222 0.0845279 0.00347685
0 0.161445 0.284511 0.0977049 0.144384 0.00329459
0 0.492082 0.649994 0.0610583 0.0463064 0.00328885
0 0.662393 0.246475 0.188463 0.14792 0.00328292
0 0 0.932786 0 0.134429 0.00327962
0 1 0.0432377 0 0.0864753 0.00326601
0 0.0731455 0.0959847 0.142713 0.146262 0.00325246
0 0.632485 0.0707856 0.152795 0.101335 0.00323888
0 0 0.889569 0 0.220862 0.00323537
0 0.487648 0.655101 0.103635 0.0649597 0.0032293
0 0.206729 0.292273 0.190123 0.130542 0.00322761
0 0.99997 0.0600739 6.03615e-05 0.120148 0.00322295
0 0.229342 0.312447 0.193106 0.0959117 0.00321914
0 0 0.0665829 0 0.133166 0.00319919
0 0 0.0655323 0 0.131065 0.00319713
0 0 0.950624 0 0.0987528 0.00319331
0 0 0.063316 0 0.126632 0.00319131
0 0 0.966847 0 0.0663067 0.0031911
0 0.537526 0.641835 0.152602 0.074443 0.00318088
0 0.112815 0.206845 0.223735 0.272948 0.00318024
0 0.0878858 0.183086 0.175772 0.294088 0.00317962
0 0 0.0474176 0 0.0948353 0.0031791
0 0.7177 0.392102 0.411962 0.0440257 0.00317695
0 0.0951559 0.0678765 0.187122 0.0998531 0.00317396
0 0.645199 0.345695 0.709601 0.204465 0.00317039
0 0.746103 0.525411 0.384609 0.113234 0.00316811
0 0.356383 0.0533688 0.14562 0.0586106 0.00316635
0 0.49115 0.638362 0.0619558 0.070158 0.00316626
0 0.0750675 0.350471 0.148608 0.256084 0.00316218
0 1 0.0439737 0 0.0879474 0.00316106
0 0.957509 0.497231 0.0849822 0.195138 0.00315892
0 0.601079 0.0724132 0.201425 0.109722 0.00315504
0 0.0730604 0.873266 0.143079 0.240272 0.00315453
0 0.061468 0.909004 0.119391 0.172778 0.00315415
0 1 0.0615495 0 0.123099 0.00315292
0 0.197607 0.0590929 0.156135 0.0788528 0.00315257
0 0.941428 0.437179 0.117143 0.376334 0.00315163
0 0 0.0508439 0 0.101688 0.00315163
0 1 0.849235 0 0.301529 0.00315157
0 0.358078 0.0595675 0.197505 0.0942867 0.0031483
0 0.0732655 0.126444 0.144347 0.208127 0.00314688
0 0.855046 0.540525 0.164005 0.0698216 0.00314647
0 0 0.435623 0 0.19293 0.00314645
0 0 0.832507 0 0.295335 0.00314645
0 0.76651 1 0.466981 0 0.00314486
0 0.764131 0.39198 0.322692 0.0521867 0.00314374
0 0.521762 0.690439 0.129203 0.108875 0.00314328
0 0 0.0484828 0 0.0969655 0.00314194
0 0 0.662734 0 0.192343 0.00314083
0 0.0734184 0.44847 0.146677 0.254703 0.00314066
0 0.0746126 0.939121 0.149225 0.118409 0.00314001
0 0.270302 0.223131 0.123128 0.199663 0.00313935
0 0 0.484159 0 0.188009 0.00313861
0 0 0.785972 0 0.245211 0.0031386
0 0.0776957 0.302177 0.155391 0.284393 0.00313837
0 0.450249 0.676409 0.267767 0.123761 0.00313819
0 0 0.377214 0 0.210024 0.00313784
0 0 0.584614 0 0.196882 0.00313765
0 0 0.710783 0 0.19613 0.00313761
0 0.761071 0.489286 0.164774 0.067911 0.00313736
0 0 0.53079 0 0.202604 0.00313696
0 0.654217 0.299858 0.20153 0.140552 0.00313675
0 0.954499 0.465292 0.0910019 0.306403 0.00313598
0 0.905936 0.424637 0.188127 0.393258 0.00313508
0 0.899308 0.081058 0.197488 0.117681 0.00313498
0 0.467653 0.00162488 0.320095 0.00324975 0.00313471
0 0.26824 0.193705 0.141818 0.140233 0.00313332
0 0.795119 0.994274 0.409762 0.0114528 0.00313264
0 0.072392 0.500999 0.143681 0.255144 0.00313233
0 0.692631 0.338038 0.488605 0.176492 0.0031323
0 0.19414 0.584722 0.100818 0.0863911 0.00313152
0 0.0753858 0.401389 0.147981 0.253128 0.0031304
0 0.075143 0.827253 0.148781 0.345493 0.00313018
0 0.0721539 0.551842 0.144038 0.234866 0.00312927
0 0.539018 0.623129 0.161502 0.102511 0.00312901
0 0.431245 0.645837 0.335104 0.105881 0.00312887
0 0.717794 1 0.564413 0 0.00312846
0 0.544816 1 0.715233 0 0.00312784
0 0 0.315875 0 0.225394 0.00312737
0 0.796362 0.0517728 0.382415 0.0997255 0.00312735
0 0.22789 0.553248 0.17696 0.151651 0.00312707
0 0.152038 0.0566213 0.266172 0.0846224 0.00312678
0 1 0.903186 0 0.193629 0.00312666
0 0.406426 1 0.731173 0 0.00312562
0 0.276918 0.0562496 0.360308 0.106559 0.00312378
0 0.699045 0.2683 0.479332 0.135953 0.00312334
0 0.336758 0.0682089 0.307627 0.108933 0.00312267
0 0.181548 0.983492 0.363096 0.0330162 0.0031226
0 0.930093 0.0847159 0.137089 0.12134 0.00312216
0 0.83048 0.00208236 0.324106 0.00416471 0.0031221
0 0.724114 0.308457 0.397658 0.226075 0.00312205
0 0.538878 0.00107641 0.322491 0.00215283 0.00312202
0 0.259086 0.561605 0.177106 0.184744 0.0031214
0 0.29407 1 0.58814 0 0.00312121
0 0.999336 0.934711 0.00132755 0.130577 0.0031206
0 0.5168 0.0617978 0.388567 0.100797 0.00312054
0 0.921873 0.841728 0.156254 0.301213 0.00312054
0 0.794713 0.5 0.275012 0.042099 0.00312054
0 0.99892 0.824715 0.00215954 0.35057 0.00312051
0 0.830907 0.97913 0.338187 0.0417396 0.0031205
0 0.723032 0.00198595 0.320594 0.0039719 0.00312043
0 0.997761 0.951537 0.0044778 0.0969259 0.00311947
0 0.807407 0.0565689 0.251906 0.0885829 0.00311921
0 0 0.259541 0 0.230793 0.00311891
0 0.0687723 0.66422 0.134115 0.229213 0.00311883
0 0.97538 0.932007 0.0492407 0.135985 0.00311863
0 0 0.203623 0 0.237717 0.00311856
0 0.164303 0.102234 0.236077 0.163421 0.00311769
0 0.225923 0.317127 0.199542 0.139395 0.00311663
0 0.294187 0.00137927 0.319189 0.00275853 0.00311641
0 0.0964092 0.28147 0.192818 0.294169 0.00311572
0 1 0.0348302 0 0.0696603 0.00311502
0 0.74536 0.415826 0.367834 0.11309 0.003115
0 0.0703042 0.702799 0.136226 0.195396 0.00311472
0 0.781371 0.919431 0.393951 0.161137 0.00311469
0 0.316351 0.919345 0.397879 0.16131 0.00311373
0 0.453569 0.912997 0.393514 0.174006 0.00311368
0 0.595123 0.00136922 0.3228 0.00273843 0.00311363
0 0.865229 0.00444406 0.269542 0.00888812 0.00311356
0 0.401261 0.000960822 0.325406 0.00192164 0.00311336
0 0.249354 0.52106 0.219175 0.129703 0.00311336
0 0.141356 0.00069921 0.282712 0.00139842 0.00311326
0 0.495421 0.613027 0.155869 0.12916 0.00311304
0 0.385137 0.917105 0.398756 0.16579 0.00311277
0 0.312812 0.279375 0.625624 0.55875 0.0202388
0 0.299776 0.668009 0.599552 0.663983 0.0197495
0 0.640397 0.515104 0.719205 0.540779 0.0182146
0 0.376154 0.169106 0.752308 0.338213 0.0181617
0 0.5 0.630785 1 0.73843 0.0181547
0 0.404067 0.301043 0.808135 0.602085 0.0179731
0 0.647493 0.209586 0.705015 0.419172 0.0177162
0 0.504564 0.683944 0.990872 0.632112 0.0175332
0 0.39829 0.477372 0.796579 0.858773 0.0175107
0 0.491546 0.205987 0.983092 0.411975 0.0174578
0 0.29819 0.56849 0.596379 0.822969 0.0174258
0 0.616592 0.614734 0.766815 0.536958 0.0172326
0 0.5 0.648844 1 0.702313 0.0170262
0 0.425164 0.688164 0.850328 0.623673 0.0167867
0 0.565208 0.328489 0.869583 0.656978 0.0166877
0 0.642088 0.413842 0.715824 0.554728 0.0166835
0 0.5 0.415288 1 0.655611 0.0166679
0 0.274781 0.198145 0.549562 0.396289 0.0163102
0 0.231682 0.345946 0.463365 0.691892 0.0163033
0 0.600298 0.450173 0.799404 0.57014 0.0162635
0 0.640508 0.304666 0.718983 0.567797 0.0162089
0 0.5 0.611247 1 0.747791 0.0159368
0 0.636014 0.650248 0.727971 0.699504 0.0159053
0 0.5 0.496034 1 0.726436 0.0157916
0 0.5 0.70751 1 0.58498 0.0157833
0 0.32959 0.720445 0.659181 0.55911 0.0156914
0 0.465913 0.378024 0.931825 0.756048 0.015546
0 0.322431 0.399711 0.644862 0.799422 0.0152669
0 0.341111 0.130975 0.682222 0.261949 0.0152189
0 0.478679 0.747899 0.957359 0.498782 0.0149186
0 0.532702 0.193675 0.934597 0.38735 0.0148043
0 0.582012 0.547096 0.835977 0.563041 0.014612
0 0.647389 0.112372 0.705222 0.224744 0.0145793
0 0.535714 0.129441 0.928571 0.258881 0.014247
0 0.212362 0.274057 0.424723 0.548115 0.0138835
0 0.48908 0.840187 0.978161 0.303875 0.0138246
0 0.193352 0.522473 0.386704 0.774891 0.0137581
0 0.304058 0.126511 0.608117 0.253023 0.0137426
0 0.5 0.166657 1 0.333314 0.0137312
0 0.221632 0.712465 0.443264 0.575069 0.0137158
0 0.083339 0.749916 0.166678 0.500169 0.0135771
0 0.676394 0.729605 0.647213 0.540791 0.0134698
0 0.5 0.299609 1 0.599217 0.0134659
0 0.00383421 0.905461 0.00766842 0.189077 0.0134598
0 0.5 0.785613 1 0.411678 0.0134443
0 0.383754 0.855864 0.767507 0.287249 0.0132829
0 1 0.0267805 0 0.0535611 0.0132298
0 0.174287 0.181034 0.348573 0.362068 0.013199
0 0.668496 0.29667 0.663009 0.446849 0.0130863
0 0.5 0.742148 1 0.503094 0.0129736
0 0.306356 0.75949 0.612711 0.48102 0.0128971
0 0.695935 0.5068 0.608131 0.440627 0.0128876
0 0.0196128 0.795034 0.0392255 0.409933 0.0128385
0 0.342222 0.774486 0.684444 0.451027 0.0127425
0 0.616451 0.239952 0.767098 0.479904 0.0127174
0 0.164703 0.738117 0.329405 0.523766 0.0126646
0 0.540226 0.353249 0.919549 0.607921 0.0125774
0 0.510001 0.876163 0.979998 0.231241 0.0125397
0 0.115362 0.140451 0.230725 0.280901 0.0124814
0 1 0.0193635 0 0.0387271 0.0124504
0 0.719466 0.599462 0.561069 0.448275 0.012421
0 0.806824 0.0918626 0.386353 0.183725 0.0123296
0 0.468792 0.896301 0.937584 0.207397 0.0122934
0 0.947566 0.858186 0.104868 0.283627 0.012237
0 0.769185 0.778994 0.461629 0.442011 0.0122108
0 1 0.904265 0 0.191469 0.0122015
0 0.358186 0.896501 0.716372 0.206998 0.0121739
0 0.03312 0.154864 0.06624 0.309729 0.0121403
0 0.324939 0.872852 0.649877 0.254296 0.0120061
0 0.909552 0.794526 0.180895 0.410947 0.0119989
0 0.5 0.224095 1 0.44819 0.0119903
0 0.27674 0.765 0.55348 0.470001 0.0119353
0 0.58183 0.659502 0.83634 0.62195 0.0119094
0 0.668806 0.792525 0.662389 0.414949 0.0113142
0 0.484029 0.887819 0.968059 0.224362 0.0112554
0 0.329942 0.860453 0.659885 0.279094 0.0112119
0 0.657709 0.807453 0.684581 0.385095 0.0111122
0 0.5 0.412714 1 0.825427 0.010984
0 0.611723 0.876939 0.776554 0.246121 0.0109654
0 0.579133 0.901602 0.841734 0.189937 0.0108819
0 0.553892 0.900073 0.892216 0.199853 0.0105698
0 0.510188 0.89563 0.979625 0.208739 0.0105118
0 0.276554 0.885268 0.553109 0.229465 0.010333
0 0 0.0465127 0 0.0930255 0.00633026
0 0 0.0746717 0 0.149343 0.00453528
0 0.573561 0.432523 0.628877 0.154119 0.00412814
0 0.481432 0.109547 0.400612 0.190244 0.00406769
0 0.998688 0.0716647 0.00262384 0.143329 0.00401027
0 0.78891 0.558397 0.42218 0.17641 0.0038273
0 0.750487 0.532924 0.499025 0.172414 0.00379154
0 0.126669 0.48619 0.253337 0.202998 0.00377986
0 0.670899 0.264171 0.165456 0.108049 0.00376891
0 0.405655 0.430996 0.566215 0.188968 0.00376028
0 0.368632 0.0786507 0.49152 0.157301 0.00373085
0 0.511456 0.446551 0.64381 0.152846 0.0037308
0 0.241479 0.0776618 0.482958 0.155324 0.00370597
0 0.126913 0.543703 0.253826 0.184738 0.00370559
0 0.240653 0.271858 0.185791 0.0990901 0.00369777
0 0.713294 0.544403 0.492149 0.157859 0.00367324
0 0.263862 0.0639479 0.527724 0.127896 0.00367139
0 0.715167 0.434238 0.569665 0.190811 0.00363526
0 0.405297 0.440683 0.422234 0.18188 0.00361983
0 0.45805 0.0920578 0.455156 0.184116 0.00360259
0 0.486143 0.448557 0.5824 0.231237 0.00359215
0 0.236645 0.257689 0.175934 0.0853251 0.00355018
0 1 0.0347428 0 0.0694855 0.00353804
0 0.108457 0.520128 0.216913 0.171053 0.00352756
0 0.78817 0.576682 0.361638 0.195901 0.00352409
0 0.509706 0.570259 0.385862 0.121284 0.00351311
0 0.510877 0.544039 0.4581 0.1244 0.00350731
0 0.215603 0.0860509 0.413852 0.172102 0.00350635
0 0.523932 0.516963 0.580637 0.178416 0.00350567
0 0.349393 0.443699 0.596828 0.231102 0.00348888
0 0.72663 0.588151 0.383269 0.178485 0.0034834
0 0.177012 0.56944 0.354025 0.215784 0.00346547
0 0.609312 0.434622 0.661178 0.234739 0.00344957
0 0.155936 0.0919894 0.311873 0.183979 0.00344594
0 0.230557 0.538538 0.461114 0.217934 0.00344574
0 0.107135 0.312887 0.214271 0.185777 0.00344066
0 0.165588 0.441786 0.331176 0.204604 0.00343195
0 0.538183 0.566402 0.367045 0.171449 0.00342129
0 0.127066 0.603855 0.254132 0.191708 0.0034152
0 0.408365 0.574541 0.388313 0.182472 0.00340757
0 0.845355 0.9497 0.309289 0.0935154 0.00340149
0 0 0.0285691 0 0.0571382 0.0033998
0 0.23379 0.285341 0.210025 0.108507 0.00339435
0 0.176231 0.0899072 0.352462 0.179814 0.00339107
0 0.107976 0.268644 0.215952 0.173354 0.00336043
0 0.290905 0.0696451 0.581811 0.13929 0.0033451
0 0.547422 0.408605 0.642495 0.205378 0.00333881
0 0.108149 0.199689 0.216299 0.169565 0.00333747
0 0.399585 0.46971 0.485553 0.203501 0.00333051
0 0.423754 0.0928046 0.424506 0.17745 0.0033252
0 0.564713 0.467916 0.647918 0.191298 0.00332013
0 0.78648 0.525721 0.402217 0.158507 0.00329162
0 0.656137 0.347762 0.240711 0.297085 0.00328867
0 0.109073 0.172541 0.218146 0.18029 0.00328813
0 0.450375 0.371811 0.657961 0.212149 0.00328262
0 0.198295 0.123896 0.396591 0.227527 0.00327564
0 0.825734 0.0829501 0.348531 0.1659 0.00327427
0 0.0499721 0.548446 0.0999442 0.187104 0.00327173
0 0.299716 0.441136 0.503812 0.184026 0.00326221
0 0.444214 0.573248 0.448879 0.114968 0.00326212
0 0.86295 0.900851 0.2741 0.190699 0.00326043
0 0.257171 0.0874056 0.435866 0.16404 0.00324909
0 0.156265 0.631506 0.31253 0.200822 0.00324616
0 0.890665 0.952983 0.218671 0.0888554 0.00323951
0 0.112647 0.570417 0.225295 0.16497 0.00323804
0 0.136244 0.359331 0.272487 0.188989 0.00323522
0 0.311813 0.475273 0.623627 0.223527 0.00323353
0 0.00514411 0.963873 0.0102882 0.0722542 0.0032309
0 0.380785 0.370221 0.486093 0.234184 0.00322988
0 0.225418 0.283573 0.243597 0.135626 0.00322955
0 0.659707 0.294338 0.238338 0.169591 0.00322699
0 0.984142 0.5682 0.0317167 0.247769 0.0032255
0 0.053918 0.497384 0.107836 0.188734 0.00322173
0 0.345369 0.12166 0.487027 0.170594 0.00321944
0 0.875601 0.0679363 0.248798 0.135873 0.00321755
0 0.164094 0.532976 0.328189 0.240844 0.00321718
0 0.64152 0.414095 0.657256 0.146045 0.00321567
0 0.963828 0.273902 0.072344 0.220435 0.0032114
0 0.597207 0.577913 0.590387 0.161396 0.00321123
0 0.547106 0.640477 0.217873 0.301218 0.00321051
0 0.574909 0.545561 0.635588 0.166955 0.00320948
0 0.124289 0.68154 0.248578 0.195893 0.00320907
0 0.00149001 0.83972 0.00298003 0.189156 0.00320334
0 0.496829 0.19114 0.386243 0.195252 0.00319719
0 0.240569 0.301735 0.185479 0.104133 0.00319654
0 0.975542 0.41665 0.0489157 0.244943 0.00319521
0 0.14027 0.70252 0.280539 0.167264 0.0031951
0 0.705504 0.477749 0.588992 0.202127 0.00319417
0 0.928912 0.0780456 0.142176 0.156091 0.0031904
0 0.617871 0.327779 0.355264 0.21403 0.0031898
0 0.975411 0.516406 0.0491782 0.245422 0.0031872
0 0.204334 0.057966 0.408669 0.115932 0.00318504
0 0.970794 0.467249 0.0584124 0.246279 0.00318451
0 0.713992 0.376795 0.572017 0.205493 0.00318301
0 0.148607 0.22298 0.297214 0.188852 0.00318103
0 0.414214 0.545202 0.381347 0.165012 0.00317961
0 0.968963 0.365446 0.0620737 0.248687 0.00317891
0 0.730658 0.128417 0.476561 0.172808 0.00317767
0 0.147035 0.949981 0.281778 0.093005 0.00317746
0 0.266091 0.134018 0.250467 0.129473 0.00317358
0 0.812272 0.424913 0.375456 0.194572 0.0031725
0 0.490696 0.487556 0.573019 0.199047 0.0031721
0 0.522905 0.589812 0.345409 0.152348 0.00317156
0 0.154533 0.717065 0.309066 0.191962 0.00317064
0 0.84593 0.487427 0.30814 0.14249 0.0031666
0 1 0.746051 0 0.158665 0.00316652
0 0.300955 0.0863302 0.570295 0.17266 0.0031631
0 0.172431 0.147217 0.344861 0.294435 0.00316286
0 0.714313 0.777862 0.389009 0.20842 0.00316077
0 0.960071 0.318933 0.079858 0.241078 0.00316072
0 0.999389 0.626605 0.00122178 0.210146 0.00315858
0 0.865571 0.055947 0.268858 0.111894 0.00315854
0 0.0524772 0.440969 0.104954 0.189019 0.00315793
0 0.365179 0.0617019 0.671293 0.123404 0.00315629
0 0.949466 0.246978 0.101068 0.241644 0.00315542
0 0.593668 0.811739 0.436148 0.197136 0.00315365
0 0.0243892 0.591378 0.0487783 0.192013 0.00315272
0 0.608933 0.781822 0.400333 0.185879 0.00315194
0 0.751781 0.415247 0.496437 0.200822 0.00315162
0 0.670914 0.794398 0.414622 0.219035 0.00315086
0 0.857859 0.145684 0.284282 0.222168 0.00315029
0 0.537275 0.653521 0.367459 0.240378 0.00315027
0 0.119904 0.119618 0.239809 0.206816 0.00314851
0 0.155417 0.660477 0.310835 0.198071 0.00314716
0 0.760286 0.0860863 0.479428 0.172173 0.003147
0 0.98777 0.231537 0.024461 0.207405 0.00314642
0 0.966138 0.197167 0.0677248 0.240091 0.00314418
0 0.148053 0.0840334 0.296106 0.168067 0.00314228
0 0.852298 0.871035 0.295404 0.233992 0.00314143
0 0.420445 0.502659 0.588078 0.189377 0.00314052
0 0.706588 0.104765 0.513329 0.176447 0.00313952
0 0.80147 0.04076 0.397061 0.0815199 0.00313874
0 0.122924 0.415213 0.245848 0.174909 0.00313609
0 0.999243 0.695703 0.00151443 0.191134 0.00313259
0 0.393772 0.616166 0.414662 0.180356 0.00313202
0 0.441232 0.215898 0.45227 0.185775 0.00313188
0 0.735859 0.134862 0.376219 0.15188 0.00313051
0 0.222581 0.0975393 0.337391 0.195079 0.00313011
0 0.667805 0.762619 0.492576 0.205401 0.00312731
0 0.288248 0.184901 0.338253 0.23294 0.00312506
0 0.36857 0.162062 0.485896 0.253062 0.0031248
0 0.233916 0.240116 0.17328 0.112324 0.00312256
0 0.775054 0.390361 0.449891 0.184505 0.0031217
0 0.131201 0.945343 0.262402 0.106759 0.00311919
0 0.912703 0.427344 0.174595 0.216661 0.00311815
0 0.890275 0.202331 0.21945 0.222801 0.00311737
0 0.00140956 0.798844 0.00281912 0.20117 0.00311473
0 0.936578 0.349279 0.126845 0.225365 0.00311466
0 0.910653 0.0989778 0.178695 0.197956 0.0031102
0 1 0.935169 0 0.129662 0.0031095
0 0.900392 0.474774 0.199216 0.22289 0.00310794
0 0.739207 0.953991 0.398549 0.0845518 0.00310601
0 0.774977 0.0787183 0.450047 0.157437 0.00310478
0 0.453837 0.137416 0.402503 0.200263 0.00310461
0 0.624722 0.590387 0.434505 0.231135 0.00310394
0 0.240101 0.26464 0.214636 0.125148 0.0031038
0 0.645321 0.73682 0.291158 0.397195 0.00310207
0 0.281737 0.218884 0.244394 0.113752 0.00310176
0 0.877105 0.184933 0.245791 0.221362 0.0031012
0 0.966387 0.147407 0.0672268 0.232931 0.00309762
0 0.268595 0.199776 0.258955 0.242979 0.00309639
0 0.051219 0.392625 0.102438 0.178357 0.00309539
0 0.275932 0.948435 0.414576 0.0990147 0.00309534
0 1 0.786116 0 0.172381 0.00309509
0 0.511545 0.661788 0.577391 0.19798 0.00309497
0 0.794023 0.949357 0.411954 0.097821 0.00309456
0 0 0.944278 0 0.111445 0.00309289
0 0.921439 0.526485 0.157122 0.219313 0.00309212
0 0.00364224 0.680705 0.00728447 0.208473 0.00309147
0 0.902513 0.932463 0.194973 0.135074 0.00308979
0 0.947776 0.579562 0.104447 0.226443 0.00308978
0 0 0.990027 0 0.019945 0.00308927
0 0.724207 0.0732822 0.49632 0.146564 0.00308784
0 0.00218881 0.75301 0.00437762 0.211322 0.00308559
0 0.996248 0.448039 0.00750342 0.221125 0.0030843
0 0.792731 0.612203 0.367341 0.141627 0.00308417
0 0.745503 0.00989169 0.465209 0.0197834 0.00308208
0 0.016462 0.560413 0.0329239 0.202314 0.00308149
0 0.41752 0.507206 0.385965 0.186836 0.00307792
0 0.802449 0.206636 0.395102 0.223587 0.00307439
0 0.70145 0.124449 0.5971 0.204828 0.00307289
0 0.689366 0.351941 0.356902 0.20862 0.00307192
0 0.889066 0.11109 0.221868 0.203415 0.00307056
0 0.348151 0.948702 0.413763 0.0986839 0.00307009
0 0.00556403 0.632667 0.0111281 0.207666 0.00307
0 0.865983 0.0295245 0.268035 0.059049 0.00306881
0 0.599066 0.374686 0.552738 0.214884 0.00306846
0 0.66369 0.949309 0.421708 0.097707 0.00306727
0 0.798626 0.490851 0.402749 0.158278 0.00306621
0 0.752175 0.0613288 0.495651 0.122658 0.00306582
0 0.52563 0.257439 0.500157 0.189967 0.00306411
0 0.370543 0.577323 0.374829 0.146788 0.00306398
0 0.540725 0.72368 0.46442 0.207509 0.00306374
0 0.7435 0.810995 0.399141 0.23615 0.00306107
0 1 0.237006 0 0.149433 0.00305891
0 0.633315 0.00367658 0.443738 0.00735316 0.00305743
0 0.898464 0.0944671 0.203072 0.175059 0.00305565
0 0.344994 0.422412 0.41996 0.185907 0.00305455
0 0.494873 0.613813 0.422112 0.183585 0.00305397
0 0.565437 0.756347 0.402457 0.158353 0.00305394
0 0.735001 0.148628 0.327004 0.229946 0.00305382
0 0.810793 0.546138 0.378415 0.156682 0.0030534
0 0.626772 0.00985794 0.459835 0.0197159 0.00305331
0 0.487438 0.750071 0.497857 0.172057 0.00305284
0 0.00580992 0.707424 0.0116198 0.19195 0.00305164
0 0.453552 0.714775 0.57832 0.204208 0.00305068
0 0.809158 0.536045 0.381683 0.208958 0.00304927
0 0.89177 0.203917 0.21646 0.17681 0.00304829
0 0.196342 0.276627 0.296251 0.22394 0.00304583
0 0.0510897 0.341594 0.102179 0.183113 0.00304528
0 0.15852 0.0672969 0.31704 0.134594 0.00304508
0 0.605231 0.665156 0.565055 0.224055 0.00304494
0 1 0.8358 0 0.171037 0.00304364
0 0.950253 0.637851 0.099494 0.205155 0.00304316
0 0.323191 0.513963 0.497848 0.239673 0.00304313
0 0.81146 0.518754 0.37708 0.124949 0.00304189
0 0.806763 0.479387 0.386474 0.221814 0.00304172
0 0.476457 0.719256 0.952913 0.463193 0.0163668
0 0.42558 0.659698 0.85116 0.35463 0.0159002
0 0.861859 0.187525 0.276281 0.161772 0.0157164
0 0.879674 0.208292 0.240652 0.264091 0.0150606
0 0.880603 0.131485 0.238794 0.262971 0.0146964
0 0.903377 0.311131 0.193246 0.328653 0.0145382
0 0.525092 0.198873 0.264851 0.198424 0.0144567
0 0.886229 0.308745 0.227542 0.242841 0.0144559
0 0.794893 0.723913 0.410215 0.30366 0.0144523
0 0.63608 0.703925 0.72784 0.284239 0.0140255
0 0.898699 0.166552 0.202602 0.333104 0.0140154
0 0.102992 0.872116 0.205983 0.23942 0.0139078
0 0.462283 0.210075 0.260503 0.222879 0.0138943
0 0.433516 0.69583 0.867033 0.608339 0.0136998
0 0.884826 0.368226 0.230349 0.219919 0.0136385
0 0.860486 0.100995 0.279028 0.16203 0.0135993
0 0.858512 0.131784 0.281533 0.142525 0.0135508
0 0.529431 0.384892 0.249739 0.132775 0.013436
0 0.907899 0.40452 0.184201 0.313761 0.0134241
0 0.887815 0.419729 0.22437 0.272283 0.013287
0 0.775768 0.73616 0.448465 0.219139 0.0132384
0 0.593747 0.188634 0.268201 0.164903 0.0132355
0 0.868077 0.274014 0.263846 0.196667 0.0131766
0 0.460006 0.378582 0.242107 0.152194 0.0131667
0 0.673868 0.727485 0.652265 0.4388 0.0130915
0 0.883529 0.478108 0.232942 0.257529 0.0130142
0 0.672309 0.386026 0.22541 0.14451 0.013013
0 0.590787 0.156807 0.270996 0.192469 0.0129653
0 0.603401 0.383674 0.243406 0.126006 0.0129287
0 0.836796 0.716314 0.326408 0.390667 0.0127874
0 0.240468 0.348655 0.243128 0.19592 0.0127522
0 0.908141 0.113919 0.183718 0.227839 0.0126758
0 0.867814 0.346809 0.264372 0.150621 0.0126536
0 0.51955 0.278246 0.261419 0.241583 0.0125833
0 0.664329 0.13688 0.275201 0.152571 0.0125752
0 0.659257 0.184725 0.260113 0.137477 0.0125444
0 0.162246 0.332922 0.276686 0.19319 0.0125331
0 0.5 0.704193 1 0.308496 0.0124935
0 0.588272 0.277475 0.281692 0.253519 0.0124598
0 0.647638 0.279064 0.259308 0.238508 0.0124429
0 0.430576 0.727676 0.861153 0.280308 0.01241
0 0.703505 0.745035 0.59299 0.222572 0.0123831
0 0.163774 0.14189 0.295838 0.192373 0.0123201
0 0.612481 0.460606 0.250635 0.144936 0.0123065
0 0.0717537 0.858323 0.143507 0.230904 0.0122908
0 0.516876 0.327843 0.261277 0.218376 0.012225
0 0.464355 0.102623 0.277574 0.185919 0.0122123
0 0.171856 0.0816727 0.276066 0.163345 0.0122026
0 0.250154 0.0797596 0.277062 0.159519 0.0121819
0 0.647696 0.314104 0.233187 0.249791 0.0121811
0 0.948789 0.100383 0.102423 0.200766 0.012161
0 0.671434 0.102777 0.274341 0.17144 0.0121235
0 0.906815 0.498441 0.18637 0.304691 0.0121079
0 0.11813 0.909837 0.23626 0.180326 0.0121017
0 0.744328 0.357925 0.248072 0.148464 0.0120827
0 0.457489 0.264109 0.254851 0.191123 0.0120177
0 0.945135 0.461538 0.109729 0.216685 0.0120103
0 0.163025 0.203607 0.284365 0.229247 0.0119908
0 0.157692 0.380994 0.29839 0.193308 0.0119906
0 0.916574 0.743581 0.166851 0.329285 0.0119607
0 0.156829 0.432016 0.313658 0.199367 0.0119505
0 0.158578 0.243492 0.285193 0.229956 0.0119374
0 0.593355 0.0947706 0.253551 0.189541 0.0118903
0 0.524045 0.102606 0.291369 0.179607 0.0118857
0 0.725787 0.281414 0.276325 0.221544 0.0118586
0 0.456509 0.35366 0.24485 0.14509 0.0118495
0 0.738481 0.0970474 0.261355 0.161272 0.0118386
0 0.659032 0.361221 0.22333 0.170796 0.0118346
0 0.114774 0.2378 0.229548 0.222054 0.0118278
0 0.799619 0.180955 0.260084 0.15685 0.0118258
0 0.991346 0.108064 0.0173081 0.216129 0.0118239
0 0.455928 0.30451 0.249551 0.184395 0.0117814
0 0.0870141 0.137389 0.174028 0.217472 0.0116947
0 0.2482 0.43038 0.281795 0.15233 0.0116363
0 0.648771 0.568797 0.360337 0.272467 0.0116101
0 0.113796 0.29529 0.227592 0.237831 0.0115909
0 0.117055 0.395236 0.234109 0.229575 0.0115881
0 0.222631 0.329259 0.28232 0.269443 0.0115837
0 0.815902 0.0887218 0.253442 0.177444 0.0115751
0 0.468627 0.452888 0.250674 0.133013 0.0115449
0 0.227283 0.483418 0.352757 0.198168 0.0115068
0 0.728123 0.183199 0.268998 0.141985 0.0114976
0 0.208271 0.560432 0.416543 0.321978 0.0114778
0 0.241731 0.651405 0.483463 0.444867 0.0114765
0 0.777273 0.717052 0.445453 0.565896 0.011456
0 0.229906 0.251108 0.285401 0.220679 0.0114465
0 0.334448 0.378684 0.236287 0.156804 0.0114308
0 0.0863419 0.226771 0.172684 0.212718 0.0114232
0 0.799677 0.9147 0.3708 0.170599 0.0113706
0 0.135379 0.921379 0.250549 0.157241 0.0113665
0 0.939674 0.507796 0.120652 0.226239 0.0113659
0 0.621517 0.910666 0.62576 0.178668 0.0113657
0 0.948119 0.376284 0.103762 0.274826 0.0112998
0 0.0730294 0.813878 0.146059 0.18427 0.0112963
0 0.480532 0.508759 0.270186 0.219063 0.0112852
0 0.0706407 0.908931 0.141281 0.182137 0.0112773
0 0.526813 0.0855378 0.25325 0.171076 0.0112737
0 0.0610073 0.115952 0.122015 0.231903 0.0112648
0 0.0852182 0.092279 0.170436 0.184558 0.011263
0 0.0904682 0.798462 0.180936 0.171951 0.0111794
0 0.733411 0.125973 0.263529 0.128814 0.0111699
0 0.595021 0.363428 0.254111 0.141363 0.0111662
0 0.180713 0.730786 0.361425 0.516317 0.0111534
0 0.565555 0.711513 0.86889 0.399159 0.0111469
0 0.550211 0.510829 0.282683 0.222887 0.0111282
0 0.844569 0.275679 0.310863 0.415178 0.0111158
0 0.437783 0.68149 0.675059 0.411066 0.0110951
0 0.116544 0.193138 0.233087 0.22201 0.0110824
0 0.543027 0.462249 0.260684 0.159541 0.0110648
0 0.321536 0.0841052 0.274511 0.164578 0.0110348
0 0.321403 0.0749063 0.262734 0.149813 0.0110332
0 0.588793 0.562384 0.342209 0.260673 0.0110283
0 0.0281011 0.140707 0.0562023 0.281415 0.0110214
0 0.9055 0.0984116 0.188999 0.196823 0.0110175
0 0.114712 0.343011 0.229423 0.236468 0.0110033
0 0.82102 0.211282 0.357961 0.422563 0.011002
0 0.250635 0.153779 0.274507 0.186342 0.0109594
0 0.0911867 0.836706 0.182373 0.191333 0.0109546
0 0.0891525 0.399188 0.178305 0.249787 0.0109232
0 0.791964 0.624181 0.416071 0.407525 0.0109223
0 0.683377 0.463207 0.245002 0.142222 0.0109185
0 0.0616495 0.335642 0.123299 0.243365 0.010897
0 0.999192 0.651637 0.00161683 0.194209 0.010897
0 0.963996 0.41657 0.0720072 0.218818 0.0108928
0 0.597288 0.074673 0.233644 0.149346 0.0108831
0 0.246198 0.212147 0.268377 0.229133 0.0108598
0 0.114434 0.0901822 0.228868 0.180364 0.0108424
0 0.863674 0.113033 0.272653 0.226067 0.0108401
0 0.910041 0.586293 0.179918 0.278309 0.0108366
0 0.752488 0.0667719 0.241708 0.133544 0.0108311
0 1 0.678158 0 0.186994 0.0108138
0 0.799059 0.0963181 0.26582 0.156458 0.0108084
0 0.40094 0.0963413 0.260574 0.180737 0.0107976
0 0.988697 0.67766 0.0226051 0.193809 0.0107641
0 0.612869 0.507329 0.281499 0.214567 0.0107633
0 0.0306541 0.46516 0.0613081 0.330989 0.0107464
0 0.403942 0.448521 0.24194 0.138193 0.0107343
0 0.0630409 0.0916388 0.126082 0.183278 0.0107278
0 0.154438 0.720612 0.308876 0.395209 0.0106937
0 0.870078 0.938303 0.259845 0.123393 0.0106933
0 0.0358666 0.864371 0.0717332 0.22027 0.0106876
0 0.849663 0.557514 0.300673 0.34109 0.0106686
0 0.0274267 0.820683 0.0548535 0.192181 0.0106577
0 0.683755 0.516936 0.270346 0.229023 0.0106292
0 0.0649867 0.398914 0.129973 0.277294 0.0106019
0 0.477169 0.57523 0.321052 0.281136 0.0105957
0 0.101512 0.493453 0.203024 0.287213 0.0105854
0 0.824279 0.160753 0.351441 0.321506 0.0105806
0 0.809125 0.265992 0.254897 0.214954 0.0105793
0 0.160369 0.484193 0.320737 0.233575 0.0105652
0 0.916107 0.660208 0.167785 0.222961 0.0105525
0 0.40397 0.376927 0.230381 0.16387 0.0105373
0 0.119619 0.142774 0.239238 0.212578 0.0105369
0 0.815947 0.469965 0.263448 0.174426 0.0105309
0 0.0309367 0.0960329 0.0618734 0.192066 0.0105292
0 0.982965 0.574717 0.03407 0.198697 0.010525
0 0.683286 0.0677927 0.230007 0.135585 0.0105126
0 0.334032 0.713673 0.668064 0.269175 0.0105001
0 0.466683 0.0838415 0.252698 0.167683 0.0104774
0 0.0854128 0.273083 0.170826 0.196135 0.0104734
0 0.0562801 0.276514 0.11256 0.216009 0.0104722
0 0.161393 0.561094 0.322785 0.321936 0.010457
0 0.404049 0.219491 0.249749 0.241867 0.0104511
0 0.464906 0.76342 0.929813 0.227975 0.0104497
0 0.0549085 0.18226 0.109817 0.226655 0.0104315
0 0.0312461 0.315041 0.0624922 0.3012 0.0104173
0 0.0535721 0.226837 0.107144 0.214776 0.0103859
0 0.870319 0.388026 0.259361 0.198984 0.0103851
0 0.122321 0.448085 0.244643 0.260738 0.0103657
0 0.0456993 0.899807 0.0913986 0.200387 0.0103594
0 0.400885 0.0792949 0.241581 0.15859 0.0103536
0 0.0849595 0.329407 0.169919 0.20975 0.0103427
0 0.865719 0.473788 0.268563 0.187215 0.010341
0 0.80553 0.795777 0.38894 0.207976 0.010329
0 0.894585 0.907751 0.21083 0.184498 0.0103273
0 0.125674 0.852389 0.251348 0.213864 0.0103264
0 0.404322 0.912091 0.808644 0.175818 0.0103164
0 0.795133 0.126415 0.26517 0.127679 0.0103155
0 0.0907541 0.755277 0.181508 0.286545 0.0102882
0 0.408892 0.345475 0.234747 0.173956 0.0102869
0 0.131936 0.93353 0.263871 0.13294 0.0102831
0 0.0728193 0.506686 0.145639 0.322716 0.0102446
0 0.165108 0.635351 0.330215 0.398895 0.0102332
0 0.0670376 0.454153 0.134075 0.301391 0.0101814
0 0.0737982 0.562104 0.147596 0.334356 0.010133
0 0.817425 0.375105 0.244699 0.182092 0.0101149
0 0.0514923 0.900942 0.102985 0.115767 0.0101112
0 0.751588 0.466205 0.259198 0.146897 0.0101037
0 0.801218 0.559319 0.397565 0.316428 0.0101031
0 0.0240394 0.567672 0.0480788 0.336997 0.0100655
0 0.0287364 0.216157 0.0574728 0.30271 0.0100598
0 0.816115 0.346161 0.250375 0.158294 0.0100366
0 0.107633 0.712242 0.215266 0.416804 0.00998222
0 0.333668 0.437208 0.253656 0.129792 0.00995766
0 0.869899 0.923866 0.260201 0.152268 0.0099489
0 0.321853 0.221505 0.259975 0.246792 0.00994847
0 0.0731778 0.934366 0.146356 0.131269 0.00994235
0 0.870537 0.78338 0.258926 0.200547 0.00993513
0 0.32659 0.49209 0.302058 0.193459 0.00993337
0 0.425265 0.638801 0.448152 0.370374 0.00992547
0 0.505585 0.623283 0.678077 0.356654 0.00991842
0 0.404224 0.498199 0.27132 0.199826 0.00990652
0 0.864023 0.520581 0.271954 0.261106 0.00988261
0 0.890768 0.929682 0.218464 0.140635 0.00988031
0 0.0576187 0.92851 0.115237 0.14298 0.00987701
0 0.0774423 0.949779 0.154885 0.100442 0.00985468
0 0 0.0985091 0 0.197018 0.00984856
0 0.0251085 0.924566 0.0502169 0.150868 0.00983056
0 0.91492 0.808721 0.170161 0.382559 0.00982765
0 0.404563 0.171543 0.24947 0.210299 0.0098265
0 0.894917 0.782836 0.210166 0.230942 0.00981953
0 0.238834 0.802015 0.477667 0.256059 0.00980626
0 0.0717956 0.617 0.143591 0.333219 0.00975007
0 0.190286 0.0850438 0.244803 0.170088 0.00972425
0 0 0.0946993 0 0.189399 0.00969244
0 0.662204 0.905736 0.264745 0.161428 0.0096857
0 0.860716 0.689428 0.278569 0.197952 0.00967192
0 0.180821 0.832536 0.361641 0.210038 0.00967073
0 0.357838 0.567914 0.410302 0.28449 0.00964926
0 0 0.483075 0 0.327973 0.00964298
0 0.861214 0.943712 0.277571 0.112577 0.00962911
0 0 0.182408 0 0.309074 0.00961666
0 0.125595 0.809813 0.251189 0.115778 0.00957991
0 0.00753626 0.902581 0.0150725 0.194837 0.00956768
0 0.323824 0.767574 0.647648 0.246553 0.00956468
0 0.815058 0.30581 0.248739 0.219046 0.00947481
0 0.405858 0.257331 0.253216 0.193521 0.00945984
0 0 0.381362 0 0.316867 0.00942514
0 0.929535 0.924578 0.14093 0.150845 0.0094114
0 0.0529206 0.681112 0.105841 0.322355 0.00941014
0 0.812328 0.52997 0.276751 0.26073 0.00940513
0 0 0.282665 0 0.310166 0.00940313
0 0.299356 0.639007 0.598713 0.396571 0.00940094
0 0.1182 0.0998372 0.2364 0.199674 0.0093972
0 0.37633 0.722551 0.752659 0.498195 0.00938334
0 0.761136 0.56959 0.390846 0.281629 0.00937122
0 0 0.535748 0 0.329382 0.00937052
0 0.741818 0.631206 0.516364 0.372405 0.00935905
0 0.409096 0.317812 0.25143 0.233007 0.00935201
0 0.852357 0.944703 0.295287 0.110593 0.00932377
0 0.245209 0.947074 0.323734 0.105852 0.0093144
0 0.673137 0.80054 0.608904 0.224329 0.00930604
0 0.032969 0.771657 0.065938 0.211262 0.00930307
0 0.27903 0.566044 0.438717 0.315151 0.00929421
0 0.314652 0.947235 0.327953 0.105531 0.0092453
0 0.173623 0.931354 0.273639 0.137293 0.00919576
0 0.0615359 0.950786 0.123072 0.0984289 0.00914798
0 0.164025 0.946762 0.32805 0.106476 0.00914678
0 0.0179562 0.625099 0.0359124 0.327458 0.00913466
0 0.331264 0.166695 0.253676 0.203911 0.00910452
0 0.990514 0.925515 0.0189724 0.14897 0.00905273
0 0.743819 0.527186 0.288364 0.243749 0.00905128
0 0.128133 0.488308 0.256265 0.265486 0.0090423
0 0.0805282 0.755106 0.161056 0.223347 0.00896674
0 0.0889156 0.680038 0.177831 0.359486 0.00896299
0 0.316677 0.919105 0.633354 0.16179 0.00889318
0 0.827391 0.763273 0.345218 0.174998 0.00887494
0 0.816324 0.906781 0.260012 0.162321 0.00881012
0 0.00334279 0.877939 0.00668557 0.244121 0.00879218
0 0.224933 0.92704 0.321866 0.145919 0.00879154
0 0.0412226 0.950958 0.0824451 0.0980833 0.00876153
0 0.00848685 0.921488 0.0169737 0.157024 0.00871676
0 0.123239 0.619494 0.246478 0.345392 0.008688
0 0 0.641787 0 0.291816 0.00866893
0 0.681186 0.64123 0.582787 0.384414 0.00863431
0 0.311825 0.328627 0.28752 0.256079 0.00860822
0 0.86044 0.843223 0.279119 0.313555 0.00852284
0 0.295306 0.93372 0.489371 0.132559 0.00845114
0 0.132182 0.759476 0.264364 0.157265 0.00842111
0 0.313642 0.261486 0.27819 0.20624 0.00842028
0 0.89141 0.881791 0.21718 0.173067 0.00834249
0 0.00227738 0.90068 0.00455477 0.19864 0.00819636
0 0.0118455 0.700611 0.023691 0.283543 0.00819603
0 0.814503 0.874429 0.279512 0.192567 0.00814193
0 0 0.717367 0 0.229315 0.00812544
0 0.013106 0.951746 0.0262119 0.0965072 0.00809156
0 0.635231 0.875833 0.427617 0.244047 0.00803324
0 0.203966 0.785814 0.407933 0.124924 0.00797092
0 0 0.488434 0 0.267532 0.00773115
0 0 0.439174 0 0.273329 0.00772213
0 0 0.141249 0 0.276585 0.00771804
0 0 0.391313 0 0.271885 0.00766785
0 0 0.343437 0 0.263875 0.00765343
0 0 0.240293 0 0.271547 0.00761534
0 0 0.292268 0 0.269771 0.00759501
0 0 0.752376 0 0.263212 0.00757907
0 0.00108555 0.81114 0.00217109 0.264472 0.00757053
0 0.810275 0.851003 0.379451 0.150673 0.00749334
0 0 0.538705 0 0.265199 0.00743966
0 0.293852 0.925374 0.37566 0.149252 0.00740929
0 0 0.870784 0 0.237238 0.00736758
0 0.245316 0.930899 0.291375 0.138202 0.00735616
0 0 0.189293 0 0.267733 0.00734856
0 0.400441 0.806169 0.800883 0.205067 0.00733547
0 0 0.902432 0 0.195136 0.00716033
0 0 0.820048 0 0.231493 0.00709503
0 0.00122738 0.845111 0.00245476 0.287227 0.00709029
0 0 0.771321 0 0.240222 0.00702979
0 0 0.923609 0 0.152782 0.00699618
0 0.869693 0.862006 0.260614 0.170271 0.00698891
0 0.666407 0.275358 0.181017 0.151226 0.238536
0 0.945224 0.0999613 0.109553 0.199923 0.211434
0 0.927342 0.100131 0.145316 0.200262 0.189471
0 0.967073 0.0998615 0.0658532 0.199723 0.188059
0 0.804073 0.0970286 0.170153 0.194057 0.174999
0 0 0.117018 0 0.234035 0.174477
0 0.243506 0.0921879 0.168252 0.184376 0.165811
0 0.840551 0.0969346 0.178305 0.193869 0.160741
0 0.873611 0.0978682 0.180616 0.195736 0.154206
0 0.000741988 0.0939072 0.00148398 0.187814 0.152277
0 0.768398 0.0978304 0.177661 0.195661 0.151821
0 1 0.0994899 0 0.19898 0.148856
0 0.207981 0.0936704 0.178678 0.187341 0.142166
0 0.420662 0.0970488 0.17553 0.194098 0.141223
0 0.27767 0.0917797 0.171434 0.183559 0.135773
0 0 0.101669 0 0.203337 0.130291
0 0 0.100827 0 0.201654 0.129773
0 0.451305 0.0984565 0.180185 0.196913 0.128536
0 0.520612 0.0998973 0.178191 0.199795 0.12711
0 0.484741 0.0992683 0.172766 0.198537 0.126079
0 0.387327 0.0948892 0.157366 0.189778 0.125169
0 0.555855 0.0998725 0.177432 0.199745 0.124782
0 0.663962 0.0989006 0.174213 0.197801 0.124278
0 0.628241 0.0993666 0.179583 0.198733 0.122043
0 0.350282 0.093222 0.159291 0.186444 0.121146
0 0.979383 0.11407 0.0412338 0.228139 0.11936
0 0.702255 0.0987134 0.177228 0.197427 0.116021
0 0.591065 0.0997991 0.18141 0.199598 0.115536
0 0.736928 0.0984704 0.182338 0.196941 0.113549
0 0.99763 0.0990938 0.00474013 0.198188 0.109344
0 0 0.114681 0 0.229363 0.108057
0 0 0.0969319 0 0.193864 0.107736
0 0.313949 0.0921962 0.18227 0.184392 0.104577
0 0.170191 0.0963013 0.18314 0.192603 0.104065
0 0.0262048 0.0926475 0.0524096 0.185295 0.100461
0 0 0.113652 0 0.227304 0.100175
0 0.132519 0.0980857 0.181292 0.196171 0.0943258
0 0.0965593 0.0979783 0.180371 0.195957 0.093161
0 0.0573746 0.0943717 0.114749 0.188743 0.0899768
0 0.908401 0.11366 0.183199 0.22732 0.0886161
0 0.0743886 0.0960627 0.148777 0.192125 0.0804869
0 0.937111 0.123867 0.125779 0.247734 0.0728543
0 0.664302 0.478104 0.203335 0.293229 0.0657121
0 0.107554 0.44262 0.204361 0.320723 0.0648275
0 0.955613 0.124681 0.088774 0.249362 0.0579526
0 0 0.0983201 0 0.19664 0.0572952
0 0.799768 0.121141 0.203077 0.242283 0.0551882
0 0.500044 0.442928 0.231634 0.313252 0.0550535
0 0.229148 0.263711 0.210289 0.2507 0.054894
0 0.0858516 0.443772 0.171703 0.318485 0.0546555
0 0.839986 0.121971 0.208269 0.243943 0.0518058
0 0.145129 0.466751 0.227502 0.327424 0.0487577
0 0.454154 0.497897 0.23005 0.318089 0.0476459
0 0.456505 0.44462 0.214591 0.308507 0.046298
0 0.204147 0.480049 0.192082 0.284131 0.0461073
0 0.0627784 0.447151 0.125557 0.30682 0.0441944
0 0.280415 0.484139 0.200403 0.276177 0.0440265
0 0.27362 0.280341 0.154741 0.253996 0.0439359
0 0.732795 0.246103 0.0523765 0.216794 0.0435349
0 0.879038 0.122344 0.218865 0.244687 0.0431523
0 0.372828 0.125854 0.212524 0.251707 0.04156
0 0.413733 0.124994 0.205763 0.249987 0.0414735
0 0.244257 0.482994 0.193489 0.276054 0.0407969
0 0.395523 0.292901 0.203895 0.307149 0.0394047
0 0.71909 0.26339 0.0768819 0.179388 0.0390424
0 0.628309 0.486383 0.227749 0.317373 0.0384021
0 0.459062 0.28205 0.205179 0.261359 0.037671
0 0.499914 0.496136 0.251205 0.322879 0.0372349
0 0.183304 0.263921 0.166053 0.252359 0.0368515
0 0.708465 0.478725 0.216177 0.292866 0.0359186
0 0.373428 0.343148 0.246631 0.318799 0.0357903
0 0.314694 0.462727 0.202844 0.263461 0.0354711
0 0 0.908394 0 0.183212 0.0343898
0 0.00603782 0.0821283 0.0120756 0.164257 0.0337437
0 0.153409 0.128632 0.246166 0.257264 0.0331259
0 0.0599568 0.681511 0.119914 0.269762 0.0330453
0 0.358388 0.291815 0.194575 0.310505 0.0327503
0 0.430202 0.324697 0.222423 0.308748 0.0323365
0 1 0.0869889 0 0.173978 0.0321877
0 0.420382 0.476162 0.21496 0.292233 0.0317432
0 0.346211 0.199078 0.191192 0.301473 0.0313208
0 0.0600804 0.624982 0.120161 0.283822 0.0310209
0 0.334628 0.124966 0.201556 0.249931 0.0309606
0 0.599764 0.509312 0.258707 0.339924 0.0303735
0 1 0.0793969 0 0.158794 0.0302412
0 0.043217 0.313075 0.0864341 0.263023 0.0302152
0 0.316816 0.26061 0.199082 0.268198 0.0300267
0 0.058954 0.566773 0.117908 0.29717 0.0300158
0 0.342342 0.500479 0.216103 0.316032 0.0296121
0 0 0.143274 0 0.286547 0.0294049
0 0.095123 0.487348 0.190246 0.319333 0.0293581
0 0.098972 0.24784 0.177159 0.298842 0.0288655
0 0.167431 0.456498 0.184279 0.266003 0.028497
0 0.0402193 0.49702 0.0804386 0.288458 0.028398
0 0.379727 0.477902 0.202838 0.291444 0.0282421
0 0.0589817 0.514072 0.117963 0.308208 0.0281316
0 0.265371 0.667393 0.185414 0.291943 0.027786
0 0.991159 0.12537 0.0176811 0.25074 0.0264357
0 0.0424467 0.357563 0.0848933 0.278266 0.0264192
0 0.0422884 0.437085 0.0845767 0.272377 0.0262491
0 0.234604 0.673585 0.182309 0.276021 0.0261351
0 0.0718512 0.304899 0.143702 0.289925 0.0259334
0 0.0768692 0.399341 0.153738 0.302035 0.0258904
0 0.0811159 0.124674 0.162232 0.249347 0.0258266
0 0.348128 0.450582 0.208296 0.293417 0.0249845
0 1 0.138693 0 0.277386 0.0248604
0 0.199141 0.123054 0.199673 0.246109 0.0246772
0 0.562594 0.491416 0.236094 0.324348 0.0246473
0 0.42 0.25083 0.175759 0.252652 0.0242915
0 0.940683 0.379267 0.118635 0.285408 0.0241953
0 0.939227 0.496312 0.121546 0.310473 0.024178
0 0.0290112 0.109977 0.0580224 0.219955 0.0241394
0 0.0393381 0.545178 0.0786762 0.295576 0.0241249
0 0.656863 0.579897 0.208932 0.31018 0.0239125
0 0.660345 0.86114 0.186957 0.26625 0.0238353
0 0.697706 0.862381 0.190108 0.265615 0.0236873
0 0.380966 0.248738 0.186487 0.258354 0.0235689
0 0.409169 0.51637 0.282345 0.332217 0.0234854
0 0.795665 0.511182 0.190382 0.274678 0.0234562
0 0.12575 0.416215 0.180696 0.270922 0.023054
0 0.758759 0.501642 0.199325 0.291547 0.0229955
0 0.303615 0.666054 0.184176 0.302926 0.0228062
0 0 0.929955 0 0.140089 0.0228059
0 0.732216 0.862399 0.184957 0.26595 0.0227503
0 0.625424 0.859949 0.187515 0.267633 0.0226067
0 0.76691 0.872183 0.189063 0.255635 0.0225064
0 0.780883 0.169223 0.208879 0.316932 0.0224251
0 0.911771 0.363101 0.176458 0.241859 0.0224229
0 0.937926 0.249053 0.124148 0.2962 0.0223353
0 0.801043 0.872831 0.183646 0.254337 0.0223079
0 0.735073 0.17174 0.18837 0.304866 0.0223001
0 0.918042 0.52018 0.163916 0.308884 0.0222533
0 0.92661 0.383166 0.146781 0.26338 0.0221964
0 0.92528 0.256482 0.149441 0.264947 0.0220637
0 0.0651863 0.372539 0.130373 0.302814 0.0219137
0 0.837942 0.866914 0.178994 0.263654 0.0218145
0 0.791167 0.605536 0.199392 0.285406 0.0217263
0 0.59039 0.85917 0.187869 0.267834 0.0216913
0 0.719705 0.513315 0.269981 0.334163 0.0214951
0 0.600642 0.45782 0.228705 0.302419 0.0214816
0 0.652299 0.308451 0.172936 0.21302 0.0214491
0 0.554281 0.859035 0.186963 0.268343 0.0214314
0 0.0711699 0.592408 0.14234 0.304154 0.0214243
0 0.159908 0.250362 0.126083 0.263212 0.0213288
0 0.872015 0.615337 0.191277 0.301627 0.0210916
0 0.55829 0.445761 0.214275 0.322457 0.0210526
0 0.92051 0.152591 0.15898 0.305181 0.0207588
0 0.492384 0.197081 0.215706 0.319318 0.0207519
0 0.518832 0.859672 0.18611 0.268825 0.0207077
0 0.91181 0.287322 0.17638 0.24963 0.0206742
0 0.741039 0.134158 0.21378 0.268316 0.0206719
0 0.824957 0.151677 0.23724 0.303354 0.0203884
0 0.0598459 0.734713 0.119692 0.265463 0.0203867
0 0.866056 0.660662 0.206448 0.322572 0.0203551
0 0 0.169047 0 0.336247 0.0202471
0 0.0401399 0.634885 0.0802798 0.265997 0.0200713
0 0.338235 0.666605 0.186168 0.309643 0.0198456
0 0.485403 0.862256 0.187256 0.266072 0.0197328
0 0.0394956 0.60712 0.0789913 0.269389 0.0196165
0 0.822223 0.316651 0.178932 0.254999 0.0193591
0 0.828937 0.610671 0.194896 0.283999 0.0192585
0 0.198648 0.677525 0.183747 0.278091 0.0192266
0 0.113661 0.267187 0.225212 0.306691 0.0192058
0 0.58434 0.133655 0.24305 0.267309 0.0190653
0 0.297528 0.513493 0.271507 0.335909 0.0188935
0 0.0721914 0.699269 0.144383 0.290167 0.0188513
0 0.888589 0.322245 0.168294 0.255126 0.0188246
0 0.453307 0.202175 0.192974 0.302249 0.0187973
0 0 0.219185 0 0.334941 0.0187536
0 0.0718943 0.239063 0.143789 0.288088 0.01835
0 0.265717 0.285091 0.122196 0.182321 0.0182622
0 0.490541 0.133506 0.221462 0.267011 0.0181915
0 0.939567 0.304978 0.120867 0.299917 0.0181302
0 0.25181 0.497188 0.243547 0.32205 0.0180657
0 0.0945516 0.66813 0.182525 0.309299 0.0180582
0 0.138173 0.510061 0.268777 0.336973 0.0179391
0 0.883246 0.364471 0.184377 0.236288 0.0179291
0 0.0778962 0.194965 0.155792 0.327195 0.0178802
0 0.0619034 0.920826 0.123807 0.158349 0.0178244
0 0.449977 0.865694 0.185641 0.260522 0.0177068
0 0.690345 0.598243 0.209492 0.289189 0.0176941
0 0 0.0850874 0 0.170175 0.0176778
0 0.692698 0.142663 0.197255 0.285327 0.0176098
0 0.277847 0.894345 0.173301 0.211311 0.0175597
0 0.581429 0.567443 0.221779 0.331549 0.0174363
0 0.476021 0.643361 0.193884 0.305914 0.0173661
0 0 0.921768 0 0.156464 0.0173154
0 0.841375 0.238847 0.19107 0.26975 0.0173144
0 0.901484 0.485162 0.192113 0.274737 0.0172918
0 0.932706 0.168062 0.134588 0.32854 0.0172252
0 0.416162 0.879741 0.182586 0.240518 0.0172163
0 0.0318133 0.372063 0.0636266 0.241053 0.0171861
0 0.87633 0.86842 0.186037 0.26316 0.0171495
0 0.926876 0.314633 0.146247 0.278865 0.017131
0 0 0.918026 0 0.163947 0.0170573
0 0.0402211 0.690796 0.0804421 0.256781 0.0170333
0 0.372833 0.667958 0.194051 0.311778 0.0168001
0 0.0401613 0.0814768 0.0803225 0.162954 0.0167702
0 0.0899032 0.272605 0.179806 0.312626 0.0167015
0 1 0.0758669 0 0.151734 0.01662
0 0 0.585598 0 0.256472 0.0165797
0 0.0408937 0.254423 0.0817873 0.240766 0.0164853
0 0.909077 0.23664 0.181845 0.272244 0.0164601
0 0.211528 0.442343 0.179618 0.241545 0.0163442
0 0.349853 0.894409 0.174483 0.211183 0.016198
0 0.0262913 0.139178 0.0525827 0.278357 0.0161774
0 0.906418 0.888884 0.187164 0.222233 0.0161533
0 0.920297 0.451945 0.159406 0.306262 0.0161242
0 0.0753184 0.537283 0.150637 0.318861 0.0160461
0 0.0245527 0.0739114 0.0491054 0.147823 0.0160349
0 0.058586 0.790732 0.117172 0.251609 0.0160324
0 0.38296 0.881588 0.182739 0.236825 0.0160247
0 0.479059 0.705028 0.181686 0.282175 0.0159942
0 0.315821 0.894721 0.173789 0.210558 0.0158354
0 0.171283 0.880067 0.184244 0.239865 0.0157701
0 0.926302 0.891964 0.147397 0.216072 0.0157579
0 0.450855 0.135213 0.205582 0.270425 0.0156878
0 0.140852 0.900149 0.173887 0.199703 0.0156268
0 0.53121 0.415426 0.24781 0.34084 0.0155812
0 0.289252 0.217581 0.161615 0.269953 0.0155069
0 0.0987705 0.891273 0.181145 0.217453 0.0154325
0 1 0.487154 0 0.25112 0.0154052
0 0 0.2133 0 0.334146 0.0153793
0 0.839268 0.493865 0.180381 0.258966 0.0153444
0 0.920946 0.195898 0.158107 0.322573 0.0152475
0 0.757368 0.606559 0.204303 0.303974 0.0152304
0 0.241802 0.893417 0.181567 0.213166 0.0151246
0 0.882436 0.263605 0.176461 0.230203 0.0151196
0 0.436762 0.567306 0.212964 0.324316 0.0150312
0 0.522664 0.788175 0.189954 0.28154 0.0150188
0 0.883592 0.151621 0.232815 0.303242 0.01494
0 0.616097 0.60587 0.203994 0.298439 0.0148532
0 0 0.682431 0 0.274849 0.0148007
0 0.45766 0.347632 0.212062 0.286616 0.0147723
0 0.969052 0.916929 0.0618967 0.166142 0.0147453
0 0 0.539426 0 0.260927 0.0146924
0 0.133885 0.87986 0.181058 0.24028 0.0146687
0 0 0.640362 0 0.261787 0.0146011
0 0.0960804 0.591357 0.185038 0.3256 0.0145656
0 0.0664523 0.169975 0.132905 0.31347 0.0144806
0 0.846181 0.283119 0.172734 0.237943 0.0144385
0 0.741438 0.447104 0.196131 0.269491 0.0144241
0 0 0.166475 0 0.33295 0.0143881
0 0.955264 0.15333 0.0894712 0.306659 0.0143572
0 0.962487 0.378038 0.0750266 0.293113 0.0143558
0 0.0589312 0.89591 0.117862 0.208179 0.014313
0 0 0.849636 0 0.28377 0.0143097
0 0.525254 0.165345 0.216607 0.330691 0.0142862
0 0.484867 0.791509 0.182768 0.273533 0.0142095
0 0.896243 0.568948 0.207513 0.310949 0.0141844
0 0.204136 0.535758 0.225126 0.307117 0.0140833
0 0.162921 0.671519 0.184302 0.299438 0.0140409
0 0.444475 0.670108 0.188752 0.310138 0.0140344
0 0.172367 0.491118 0.221709 0.335252 0.0139483
0 0.0753267 0.906457 0.150653 0.187085 0.0138671
0 1 0.172136 0 0.315326 0.0138471
0 1 0.364458 0 0.251699 0.013831
0 0.960286 0.470651 0.0794284 0.310075 0.013804
0 0.446447 0.725252 0.1847 0.293732 0.0137926
0 0.7096 0.207999 0.175789 0.302829 0.0137034
0 0.307446 0.31588 0.189949 0.310006 0.0136853
0 0.912457 0.414362 0.175086 0.264597 0.0136807
0 0.488167 0.254689 0.192518 0.282906 0.0136607
0 0.335965 0.567528 0.221242 0.330847 0.0136407
0 0.506779 0.54027 0.279218 0.338415 0.0136066
0 0.243558 0.449072 0.171252 0.236286 0.0136019
0 0.871638 0.491595 0.189842 0.261191 0.013588
0 0.82185 0.364847 0.203858 0.249913 0.013552
0 0.095238 0.785228 0.178902 0.272766 0.0135185
0 0.559599 0.734499 0.198908 0.286989 0.0134884
0 0.838706 0.889262 0.189243 0.221477 0.0134145
0 0.939907 0.570049 0.120186 0.310844 0.0134001
0 0.915296 0.585581 0.169408 0.278662 0.0133752
0 0.0400235 0.173174 0.080047 0.301008 0.0133321
0 0.77976 0.229842 0.167523 0.281959 0.0133288
0 0.79707 0.338698 0.185558 0.278888 0.0132873
0 0 0.264424 0 0.33229 0.0132265
0 0.388681 0.903004 0.175879 0.193991 0.0131891
0 0 0.269991 0 0.333444 0.0131337
0 0.62577 0.565875 0.235904 0.333684 0.0131186
0 0.320616 0.149742 0.210094 0.299483 0.0131163
0 0.957247 0.246343 0.0855058 0.310599 0.0130215
0 0 0.555256 0 0.259843 0.013006
0 0.20581 0.891668 0.183449 0.216664 0.0129144
0 0.44888 0.792247 0.184225 0.271324 0.0128939
0 0 0.922101 0 0.155799 0.0128908
0 0.812189 0.230197 0.186673 0.282317 0.0128871
0 0.658991 0.131215 0.20631 0.262429 0.0128771
0 0.421427 0.90132 0.180209 0.19736 0.0128006
0 1 0.439602 0 0.253455 0.0127521
0 0.977103 0.918935 0.0457947 0.162131 0.0127436
0 0.707671 0.564275 0.267655 0.342836 0.0127344
0 0.833252 0.778421 0.333497 0.354032 0.0127232
0 0.902406 0.616655 0.195189 0.312151 0.0126633
0 0.0723782 0.758822 0.144756 0.272022 0.0126398
0 0.377481 0.168986 0.200944 0.315891 0.012633
0 0.454574 0.899865 0.183666 0.20027 0.0126144
0 0.0301544 0.227357 0.0603088 0.235674 0.0126015
0 0.108297 0.537401 0.209851 0.329353 0.0125981
0 0.301168 0.614357 0.214895 0.343208 0.0125868
0 0.655648 0.270845 0.190794 0.130827 0.544133
0 0.210007 0.288379 0.192987 0.142451 0.0712183
0 1 0.0946692 0 0.189338 0.0600005
0 1 0.115618 0 0.231237 0.0278166
0 0.477944 0.63913 0.0796995 0.106695 0.0248981
0 0 0.0607727 0 0.121545 0.0241813
0 1 0.070995 0 0.14199 0.0240466
0 0.0301013 0.0710792 0.0602025 0.142158 0.0227159
0 0.671838 0.484942 0.113666 0.117523 0.0225659
0 0.65184 0.485758 0.0918653 0.115941 0.022219
0 0.492972 0.641128 0.0771654 0.102884 0.0222091
0 0.898382 0.738173 0.203236 0.269771 0.0215146
0 0.436722 0.482867 0.0915773 0.11782 0.0205741
0 0.668535 0.64775 0.110253 0.120645 0.0198263
0 0 0.0559073 0 0.111815 0.0196977
0 0.83197 0.482102 0.11457 0.121163 0.0196609
0 0.703836 0.644081 0.100452 0.126971 0.0191314
0 0.512545 0.472518 0.0929644 0.114401 0.0180446
0 1 0.106197 0 0.212393 0.017889
0 0.629484 0.633727 0.0702591 0.125042 0.0171836
0 0.454999 0.644417 0.0778078 0.13295 0.0171094
0 0.687988 0.63666 0.0992034 0.119193 0.0170404
0 0.682754 0.869091 0.362698 0.238293 0.0169969
0 0.791257 0.590145 0.0658714 0.113507 0.0169044
0 0.962691 0.0661207 0.0746184 0.132241 0.0165708
0 0.421238 0.469333 0.0939063 0.114536 0.0163373
0 0.453302 0.473832 0.0913886 0.115973 0.0160899
0 0.373627 0.850401 0.373293 0.277636 0.0158932
0 0.635146 0.485925 0.0879351 0.116877 0.0158838
0 0.912179 0.526666 0.0567169 0.111781 0.0158048
0 0.509316 0.864033 0.372026 0.247898 0.0156041
0 0.805205 0.591151 0.0660589 0.111672 0.0152868
0 0.516352 0.642098 0.0695828 0.103656 0.0150234
0 0 0.0659296 0 0.131859 0.0149712
0 0.396494 0.468182 0.0958352 0.114819 0.0149506
0 0.730168 0.642781 0.0722132 0.133313 0.0149097
0 1 0.0745008 0 0.149002 0.0148605
0 0.61372 0.867384 0.363762 0.241411 0.0148481
0 1 0.0686535 0 0.137307 0.0148263
0 0.892744 0.528514 0.0764928 0.120879 0.0147266
0 0.371938 0.46894 0.105893 0.115332 0.0147253
0 0.682169 0.52199 0.0689086 0.132351 0.0146839
0 0.663932 0.49378 0.0859468 0.125706 0.0145516
0 0.209218 0.575509 0.0635641 0.122219 0.014397
0 0.663419 0.520749 0.0738895 0.139374 0.0143821
0 0.235259 0.745693 0.38269 0.294398 0.0141607
0 0.858655 0.749916 0.28269 0.318974 0.0141559
0 0.80575 0.516908 0.0642335 0.12251 0.0141468
0 0.75887 0.862732 0.384374 0.252446 0.0136941
0 0.790389 0.520979 0.068949 0.131399 0.0135913
0 0.597183 0.633458 0.0730018 0.121694 0.0133667
0 0.862893 0.474439 0.0951195 0.137112 0.0130897
0 0.61655 0.634029 0.065022 0.1246 0.0130293
0 0.932684 0.0685022 0.134632 0.137004 0.0130257
0 0.147787 0.746606 0.295575 0.3241 0.0129386
0 0.808246 0.486179 0.0824571 0.11245 0.0128593
0 0.927258 0.524492 0.0693667 0.117738 0.0127145
0 0.645825 0.613667 0.0751236 0.143747 0.0122422
0 0.612089 0.679108 0.0646835 0.138953 0.0121299
0 0.442438 0.850322 0.388192 0.275796 0.0119477
0 0.20855 0.599456 0.0629276 0.132492 0.0117658
0 0.185382 0.602506 0.062406 0.122845 0.0116927
0 0.278317 0.89962 0.272226 0.197233 0.0116727
0 0.0699711 0.0768219 0.139942 0.153644 0.0116291
0 0.577412 0.632336 0.0729145 0.12539 0.0116066
0 0.699864 0.4846 0.0810035 0.119061 0.011564
0 0.88485 0.463135 0.090397 0.135409 0.0115153
0 0.593931 0.683849 0.0648223 0.125757 0.0114763
0 0.83669 0.527936 0.0739681 0.120777 0.0113567
0 0.820177 0.525429 0.0686767 0.125153 0.0113335
0 0.859877 0.518453 0.0655431 0.118765 0.0112868
0 0.84618 0.470533 0.107939 0.118369 0.0111877
0 0.614007 0.485547 0.0773691 0.115438 0.0111396
0 0.571606 0.528549 0.0783985 0.126697 0.0111219
0 0.206339 0.621242 0.0661451 0.142276 0.0111142
0 0.302925 0.488367 0.0882723 0.0986637 0.0110666
0 0.281786 0.485487 0.0637673 0.1064 0.0109994
0 0.220421 0.574468 0.0503826 0.121009 0.0109987
0 0.168504 0.743477 0.337008 0.276746 0.0109475
0 0.693167 0.473208 0.119284 0.119283 0.010937
0 0.548173 0.645647 0.0890418 0.126297 0.0109363
0 0.873139 0.526489 0.0722026 0.119784 0.0108343
0 0.553825 0.474173 0.13504 0.115623 0.0108296
0 0.701063 0.523204 0.0653224 0.135146 0.0108051
0 0.0397845 0.0820729 0.079569 0.164146 0.0107669
0 0.114249 0.0842152 0.228498 0.16843 0.0106964
0 0.617872 0.612593 0.0633758 0.110172 0.0106962
0 0.764383 0.590717 0.0827745 0.110679 0.0106733
0 0.463199 0.484821 0.0992884 0.116158 0.0105928
0 0.591581 0.660693 0.0662299 0.119942 0.0105731
0 0 0.921112 0 0.157776 0.0105628
0 0.805478 0.571982 0.056649 0.132833 0.0105587
0 0.698782 0.655073 0.0752491 0.146498 0.0104709
0 0.823943 0.592918 0.061856 0.110724 0.010453
0 0.944139 0.905288 0.111721 0.189424 0.0104274
0 0.667377 0.583653 0.0580041 0.131625 0.0104245
0 0.591191 0.485772 0.0868044 0.112656 0.0104088
0 0.305345 0.53525 0.0707688 0.111969 0.010406
0 0 0.931681 0 0.136639 0.0104057
0 0.307013 0.551553 0.0671704 0.0959452 0.0103948
0 0.718806 0.471431 0.122769 0.118824 0.0103597
0 0.818824 0.495613 0.0914897 0.119781 0.010359
0 1 0.0355174 0 0.0710348 0.0103043
0 0.790762 0.485858 0.0735437 0.111992 0.0102996
0 0.770054 0.521516 0.0751379 0.132261 0.0102971
0 0.222483 0.550837 0.054006 0.11117 0.0102664
0 0.851314 0.600921 0.081453 0.117107 0.0102565
0 0 0.92536 0 0.14928 0.0102077
0 0.504869 0.484893 0.0981992 0.1155 0.0101315
0 0.57472 0.484776 0.0981514 0.113134 0.0101289
0 0.237347 0.906524 0.26224 0.186952 0.0101093
0 0.531343 0.646646 0.088923 0.125389 0.0100619
0 0.770151 0.496609 0.0958114 0.113797 0.0100273
0 0.646527 0.521199 0.0776952 0.137196 0.0100258
0 0.295676 0.749623 0.367111 0.270219 0.00999274
0 0.435268 0.526364 0.0831269 0.121406 0.00997426
0 0.642174 0.590839 0.0695736 0.108125 0.00996962
0 0.700558 0.594638 0.0712263 0.106571 0.00994673
0 0.529812 0.484134 0.123379 0.115169 0.00987815
0 0.651775 0.654456 0.0994264 0.150909 0.0098617
0 0.752227 0.643054 0.0691037 0.134102 0.00985521
0 0.186218 0.275369 0.137244 0.115351 0.0098175
0 0.843029 0.742964 0.313942 0.268921 0.00979863
0 0.295719 0.478469 0.0687521 0.0990006 0.00979848
0 0.680024 0.5886 0.0610866 0.121752 0.00971483
0 0.420527 0.484627 0.0717998 0.138165 0.00968646
0 0.456587 0.513163 0.064732 0.128328 0.00968594
0 0.472682 0.510778 0.0741805 0.129648 0.00963139
0 1 0.0349469 0 0.0698939 0.00962407
0 0.64456 0.646464 0.0868131 0.121508 0.00962318
0 0.186436 0.570469 0.0663162 0.130557 0.00960629
0 0.811808 0.470637 0.0911344 0.119175 0.0095265
0 0.714768 0.510256 0.0667196 0.133967 0.00949476
0 0.839293 0.593435 0.0679166 0.109908 0.00948807
0 1 0.0356376 0 0.0712751 0.00942833
0 0.947049 0.865783 0.105903 0.268435 0.00941781
0 0.72076 0.48403 0.0970661 0.118365 0.0093967
0 0.294099 0.30235 0.0766018 0.109114 0.00936543
0 0.790843 0.570512 0.0606504 0.13578 0.00931065
0 0.485388 0.528961 0.0726904 0.117056 0.00926966
0 0.177777 0.0728277 0.284614 0.145655 0.00925252
0 0.123564 0.724897 0.247129 0.257557 0.00909355
0 0.263544 0.304969 0.1322 0.110071 0.00906003
0 0.356215 0.486846 0.0957771 0.11212 0.00901488
0 0.210455 0.554572 0.066745 0.108018 0.00901439
0 0.820175 0.852194 0.35965 0.29388 0.0089801
0 0.511174 0.636556 0.0540014 0.0939643 0.00896926
0 0.577898 0.0689951 0.258429 0.13799 0.0089357
0 0.505826 0.716585 0.0564477 0.160938 0.00891222
0 0.257281 0.61721 0.0621684 0.148336 0.00888778
0 0.556945 0.530578 0.0757776 0.120433 0.00876866
0 0.876477 0.600821 0.0602532 0.121804 0.00876581
0 0.82178 0.574248 0.0569963 0.127606 0.00868705
0 0.485081 0.485382 0.0878963 0.115701 0.00863913
0 0.912394 0.462402 0.0595525 0.146278 0.00863629
0 0.135699 0.377997 0.0717504 0.134755 0.00862337
0 0.170358 0.602937 0.0573591 0.127263 0.00861407
0 0.964906 0.729566 0.0701888 0.280696 0.0085926
0 0.769918 0.642907 0.0686604 0.135664 0.0085887
0 0.474616 0.623061 0.0633222 0.127042 0.00858372
0 0.686853 0.278635 0.130821 0.115247 0.00856109
0 0.575546 0.511232 0.0678808 0.139776 0.0085378
0 0.787771 0.627404 0.0625032 0.150632 0.00852275
0 0.221227 0.619252 0.0625445 0.142631 0.00851449
0 0.274249 0.61835 0.0610217 0.148836 0.00844857
0 0.220332 0.592673 0.0546883 0.104888 0.00836847
0 0.892525 0.599586 0.0720789 0.119457 0.00836565
0 0.681942 0.654758 0.072011 0.147932 0.00835346
0 0.490989 0.671581 0.0658347 0.122442 0.00835145
0 0.419425 0.518637 0.0642241 0.122852 0.00834948
0 0.691783 0.61632 0.0887436 0.137402 0.00834454
0 0.478681 0.661652 0.0651564 0.12859 0.00826529
0 0.290501 0.16133 0.0810552 0.0813181 0.00822609
0 0.433817 0.912828 0.42991 0.174345 0.00822063
0 1 0.077173 0 0.154346 0.00812469
0 0.324082 0.870596 0.321044 0.243657 0.00811762
0 0.489111 0.611668 0.0711775 0.114523 0.00809301
0 0.945191 0.530308 0.0694523 0.133031 0.00805862
0 0.648313 0.0650658 0.262098 0.130132 0.00802202
0 0.240819 0.616798 0.0635109 0.146196 0.00801882
0 0.630948 0.675615 0.0628848 0.146116 0.0080177
0 0.558709 0.698182 0.0648754 0.160486 0.00799334
0 0.834547 0.494357 0.0954558 0.122782 0.00793538
0 0.602147 0.611203 0.0780315 0.108632 0.00792983
0 0.592938 0.529534 0.0691488 0.122013 0.0079147
0 0.611767 0.510128 0.0639402 0.136715 0.00790264
0 0.579343 0.914325 0.439318 0.17135 0.00789924
0 0.718702 0.914075 0.442657 0.17185 0.0078986
0 0.927518 0.473639 0.0654933 0.141536 0.00788832
0 0.262604 0.921537 0.445669 0.156925 0.00787326
0 0.608568 0.571256 0.0587651 0.129309 0.00787261
0 0.362995 0.917177 0.407776 0.165645 0.00784238
0 0.625025 0.525392 0.078509 0.126689 0.00781998
0 0.323597 0.529955 0.072774 0.126807 0.00780826
0 0.506045 0.0725216 0.256834 0.145043 0.00780474
0 0.255806 0.447142 0.0887315 0.113462 0.00780138
0 0.59288 0.568565 0.0545369 0.131624 0.00779897
0 0.887099 0.725982 0.225802 0.250587 0.00779731
0 0.257523 0.472616 0.0677446 0.137943 0.00777403
0 0.914283 0.0800739 0.171434 0.160148 0.00777049
0 0.220509 0.264966 0.15484 0.106552 0.00774624
0 0.911987 0.744812 0.176026 0.305973 0.00774538
0 0.343487 0.497891 0.0782883 0.1232 0.00772157
0 0.294488 0.618317 0.0576556 0.152315 0.00771877
0 0.536473 0.534849 0.0715967 0.105677 0.00768619
0 0.522154 0.688478 0.0631256 0.142364 0.00767777
0 0.677642 0.568635 0.0534557 0.139348 0.00759849
0 0.280115 0.460717 0.0606187 0.135612 0.00759493
0 0.885435 0.0723238 0.22913 0.144648 0.00756513
0 0.852634 0.489482 0.089188 0.134248 0.00755266
0 0.579407 0.661444 0.0678742 0.113759 0.00751428
0 0.438672 0.640021 0.0668218 0.117822 0.00746669
0 0.609424 0.530909 0.0697365 0.11919 0.00746206
0 0.38102 0.510571 0.0599325 0.138579 0.00746201
0 0.361286 0.509414 0.0651843 0.139641 0.0074435
0 0.631313 0.260829 0.148213 0.112261 0.0074336
0 0.238711 0.447644 0.0853664 0.115416 0.00742804
0 0.521478 0.714114 0.0537487 0.152419 0.00742
0 0.193246 0.914077 0.386492 0.171845 0.00740602
0 0.731688 0.50781 0.0671691 0.140076 0.00740496
0 0.748575 0.467619 0.134008 0.120411 0.0073944
0 0.708959 0.60344 0.0809761 0.104586 0.0073932
0 0.439181 0.0677811 0.250353 0.135562 0.00731742
0 0.375806 0.535075 0.0746992 0.116194 0.00729745
0 0 0.189756 0 0.25462 0.00727736
0 0.667713 0.615278 0.062068 0.139266 0.00727177
0 0.361101 0.537617 0.0702089 0.112096 0.00725462
0 0.805412 0.764073 0.389176 0.278958 0.00724494
0 0.309024 0.509603 0.0598415 0.138007 0.00720437
0 0.749066 0.60012 0.0801792 0.112525 0.00719621
0 0.346906 0.589968 0.059336 0.0996895 0.00717291
0 0.0991467 0.756511 0.198293 0.290241 0.00716368
0 0.290319 0.437825 0.0870617 0.109464 0.00715229
0 0.323742 0.480976 0.0811939 0.0981344 0.00714069
0 0.491712 0.473067 0.0757054 0.114499 0.00713601
0 0.329412 0.507599 0.0532373 0.14441 0.00712876
0 0.596228 0.510147 0.0634666 0.138656 0.00708038
0 0.309433 0.567275 0.0584148 0.125833 0.00705389
0 0.698706 0.568199 0.0599845 0.13991 0.00704621
0 0.807954 0.904832 0.384092 0.190336 0.00701913
0 0.541053 0.714639 0.0566876 0.151466 0.00700699
0 0.273777 0.539326 0.104398 0.104416 0.00698706
0 0.750435 0.522099 0.0700829 0.137649 0.00698594
0 0.379412 0.488989 0.0744642 0.135802 0.00698076
0 1 0.0345539 0 0.0691078 0.00697902
0 0.579562 0.110657 0.0619904 0.122007 0.00694701
0 0.499141 0.662823 0.0828052 0.136135 0.00693255
0 0.422549 0.25742 0.731766 0.216971 0.00692847
0 0.905766 0.595838 0.0784502 0.129363 0.0068993
0 0.308687 0.437712 0.0803679 0.110764 0.00689537
0 0.504846 0.511877 0.0740832 0.127251 0.00689531
0 0.344922 0.478353 0.0830368 0.102438 0.00686071
0 0.486167 0.719204 0.0561653 0.167792 0.0068581
0 0.210309 0.447044 0.10439 0.115802 0.00681395
0 0.91015 0.892944 0.1797 0.214113 0.00679188
0 0.684447 0.500812 0.0691783 0.140122 0.00679155
0 0.640963 0.214475 0.164299 0.145066 0.00676701
0 0.153184 0.584733 0.0548276 0.148908 0.00675349
0 0.345826 0.507652 0.0593858 0.14373 0.00674312
0 0.806093 0.641742 0.0620085 0.147137 0.0067399
0 0.538936 0.692095 0.0669332 0.148 0.00673278
0 0.329019 0.585765 0.0608787 0.108972 0.00669383
0 1 0.0672475 0 0.134495 0.00667726
0 0.561598 0.495373 0.0768811 0.121391 0.00663007
0 0.66675 0.498051 0.0665627 0.144176 0.00662732
0 0.293418 0.541598 0.0775219 0.0995642 0.00661791
0 0.525981 0.333442 0.707079 0.293614 0.00659629
0 0.417623 0.17526 0.0904064 0.118578 0.00657219
0 0.474029 0.58647 0.0689282 0.0965975 0.00655179
0 0.258895 0.49002 0.0604513 0.129743 0.00653791
0 0.269075 0.438966 0.0970958 0.108616 0.00653164
0 0.540853 0.514756 0.0610249 0.127712 0.00653027
0 0.766535 0.0286038 0.066648 0.0572076 0.00652569
0 0.168049 0.906212 0.336098 0.187576 0.00652072
0 0.0253126 0.74501 0.0506253 0.304422 0.00651966
0 0.941822 0.706792 0.116356 0.245742 0.00650591
0 0 0.034254 0 0.068508 0.0064964
0 0.784264 0.0287537 0.0664442 0.0575073 0.00649586
0 0.728019 0.601188 0.0796683 0.109485 0.0064855
0 0.398084 0.514235 0.0630718 0.130501 0.00646929
0 0.806416 0.550178 0.053681 0.14659 0.00646383
0 0.826173 0.068047 0.266519 0.136094 0.00644779
0 0.579257 0.56849 0.0608521 0.131421 0.00642538
0 0.295622 0.583791 0.0592215 0.150158 0.00640809
0 0.345782 0.533457 0.0590054 0.120662 0.00640232
0 0.576956 0.702809 0.0605598 0.17382 0.00639938
0 0.730754 0.0284764 0.0671317 0.0569528 0.00639761
0 0.875772 0.863573 0.248456 0.272853 0.00639541
0 0.124669 0.891277 0.249338 0.217446 0.00639341
0 0.985262 0.718743 0.0294769 0.249314 0.00639162
0 0.750657 0.483609 0.117306 0.118841 0.00639122
0 0.6829 0.113956 0.0683809 0.112122 0.0063887
0 0.748791 0.0285158 0.0678807 0.0570317 0.00637747
0 0.927465 0.395098 0.0783788 0.130115 0.00637365
0 1 0.0340247 0 0.0680494 0.00637115
0 0.454379 0.671727 0.0673173 0.149281 0.00636419
0 0.801996 0.028924 0.0655547 0.057848 0.00634816
0 0.51987 0.532648 0.0797273 0.115545 0.00632501
0 0.135658 0.400139 0.0672779 0.150926 0.00629711
0 0 0.0910224 0 0.182045 0.00629466
0 0.656014 0.269816 0.188954 0.135992 0.958403
0 0.226859 0.288446 0.206229 0.146709 0.836981
0 1 0.619446 0 0.295302 0.0169503
0 1 0.567773 0 0.29147 0.0155861
0 1 0.517279 0 0.290578 0.0149674
0 1 0.695311 0 0.299313 0.0148027
0 1 0.466975 0 0.289989 0.0147456
0 1 0.341667 0 0.288782 0.0147311
0 1 0.291662 0 0.288422 0.0144413
0 1 0.74389 0 0.298256 0.0131641
0 1 0.241552 0 0.287279 0.0128212
0 1 0.885584 0 0.228832 0.012102
0 1 0.909581 0 0.180839 0.0114631
0 0.0052966 0.0578581 0.0105932 0.115716 0.0108925
0 1 0.793343 0 0.302051 0.0105886
0 1 0.192413 0 0.289468 0.0102713
0 1 0.8455 0 0.309 0.00977386
0 0.992738 0.0661281 0.0145246 0.132256 0.00873322
0 0.0544983 0.510131 0.108997 0.319327 0.00820637
0 0.0389654 0.460933 0.0779307 0.305994 0.00785452
0 0.214963 0.720125 0.350973 0.205497 0.00762293
0 0.573636 0.678302 0.387073 0.202069 0.00751845
0 0.213041 0.687162 0.320704 0.20566 0.00743608
0 0.488479 0.626116 0.324572 0.214444 0.00740732
0 0.654538 0.678524 0.388916 0.198827 0.00739752
0 0.0774921 0.576678 0.154984 0.374391 0.00738575
0 0.867339 0.504445 0.265323 0.198596 0.00738362
0 0.165758 0.594254 0.331515 0.198988 0.007336
0 0.172513 0.235543 0.302299 0.247376 0.00730601
0 0.30737 0.675717 0.36642 0.1874 0.00729196
0 0.91363 0.498187 0.17274 0.216797 0.00722103
0 0.555273 0.622599 0.327477 0.206803 0.00721374
0 0.376656 0.725434 0.380429 0.194659 0.00719586
0 0.884159 0.150919 0.231682 0.204289 0.00718606
0 0.662236 0.73056 0.378608 0.203714 0.00718304
0 0.140602 0.588367 0.281204 0.201119 0.00717764
0 0.292461 0.640155 0.352804 0.201938 0.0071775
0 0.711228 0.646371 0.35976 0.199162 0.00717105
0 1 0.926124 0 0.147751 0.00715701
0 0.921453 0.348576 0.157094 0.217795 0.00714207
0 0.865962 0.552095 0.268076 0.18616 0.0071416
0 0.368433 0.669749 0.36728 0.187903 0.0071382
0 0.152657 0.638143 0.305314 0.199451 0.00713757
0 0.924007 0.298144 0.151987 0.216196 0.00711527
0 0.924637 0.19846 0.150726 0.224487 0.00710637
0 0.636286 0.616475 0.349265 0.196511 0.00710592
0 0.0811097 0.116279 0.162219 0.232558 0.00710397
0 0.925485 0.250723 0.14903 0.218448 0.00710082
0 0.59142 0.783271 0.404622 0.194396 0.00709504
0 0.588189 0.732451 0.393761 0.205646 0.00707653
0 0.927783 0.139679 0.144434 0.225119 0.00707163
0 0.914657 0.448207 0.170687 0.212604 0.00705472
0 0.355628 0.622319 0.348252 0.204883 0.00704678
0 0.52045 0.372583 0.683313 0.36029 0.00702798
0 0.875399 0.109454 0.249202 0.218908 0.00702205
0 0.023087 0.220187 0.046174 0.298987 0.00701827
0 0.919504 0.398887 0.160991 0.214265 0.00700875
0 0.0307453 0.365179 0.0614906 0.306983 0.00700792
0 0.187111 0.636725 0.358692 0.193683 0.0069958
0 0.0584749 0.452741 0.11695 0.196525 0.00698105
0 0.862625 0.599222 0.27475 0.201684 0.00693695
0 0.92723 0.10929 0.14554 0.218581 0.0069142
0 0.77242 0.605805 0.347196 0.184936 0.00691079
0 0.0206476 0.158699 0.0412952 0.289337 0.0069078
0 0.772459 0.877749 0.340055 0.228342 0.0069064
0 1 0.911205 0 0.17759 0.0068819
0 1 0.647777 0 0.235497 0.00688088
0 0.918105 0.544936 0.16379 0.207055 0.00687295
0 0.176707 0.371874 0.281978 0.323459 0.00686672
0 0.214671 0.601128 0.334737 0.194022 0.00685657
0 0.519264 0.783731 0.408378 0.199509 0.00683058
0 0.0723002 0.489368 0.1446 0.209106 0.00682796
0 0.648099 0.646122 0.359024 0.198122 0.00682407
0 0.952997 0.249706 0.0940057 0.182836 0.00682365
0 1 0.145789 0 0.291577 0.00681382
0 0.34981 0.460299 0.403229 0.230645 0.00680823
0 0.660155 0.785975 0.391727 0.186928 0.00680299
0 0.0552594 0.212151 0.110519 0.226911 0.00677855
0 0.875368 0.20339 0.249263 0.202097 0.00677797
0 0.953194 0.297554 0.0936126 0.183972 0.00675813
0 0.120813 0.156516 0.241626 0.195409 0.00675651
0 0.953253 0.348165 0.0934945 0.184226 0.00675165
0 0.951485 0.200944 0.0970308 0.186076 0.00675011
0 0.130051 0.554557 0.260102 0.185963 0.00674238
0 0.953913 0.397906 0.0921741 0.183091 0.00672971
0 0.954065 0.447179 0.0918691 0.181781 0.00672785
0 0.957729 0.54514 0.0845414 0.179109 0.00670174
0 0.954764 0.497507 0.0904722 0.182245 0.00670045
0 0.775176 0.649378 0.369528 0.211783 0.00669656
0 0.440902 0.450107 0.46746 0.266164 0.00668767
0 0.114435 0.580421 0.228869 0.207706 0.00668524
0 0.587123 0.44773 0.485052 0.2902 0.00668314
0 0.872256 0.357921 0.255488 0.196658 0.00668259
0 0.869157 0.454546 0.261686 0.188291 0.00666134
0 0.507909 0.732013 0.379218 0.206623 0.00665071
0 0.102908 0.545572 0.205816 0.200343 0.0066484
0 0.704365 0.610202 0.343235 0.185814 0.00664129
0 0.436819 0.72828 0.371538 0.203488 0.00663619
0 0.0909838 0.523847 0.181968 0.222722 0.00663586
0 0.918256 0.752726 0.163489 0.494548 0.0066323
0 0.664742 0.394125 0.670516 0.423025 0.00663091
0 0.0433 0.115151 0.0865999 0.230302 0.00660523
0 0.490496 0.673681 0.349155 0.202093 0.00660047
0 0.876205 0.261929 0.247591 0.198512 0.00658942
0 0.157236 0.561028 0.314471 0.182553 0.0065837
0 0.327592 0.233643 0.343826 0.229215 0.00658046
0 0.20658 0.15662 0.276028 0.186451 0.0065783
0 0.526992 0.864805 0.393319 0.251575 0.00657533
0 0.430178 0.668037 0.362334 0.192928 0.00656779
0 0.0873211 0.506069 0.174642 0.191672 0.00655861
0 0.12695 0.603096 0.253899 0.225346 0.00655837
0 0.83769 0.117193 0.324621 0.220361 0.00655655
0 0.668265 0.865108 0.38748 0.249287 0.00655215
0 0.875276 0.306105 0.249448 0.191792 0.00654827
0 0.270871 0.463932 0.370214 0.203793 0.00653907
0 0.960663 0.679485 0.0786739 0.294656 0.00653754
0 0.319012 0.779849 0.393515 0.209385 0.00653588
0 0.873558 0.40783 0.252885 0.19394 0.00653282
0 0.0533524 0.404452 0.106705 0.209222 0.00653124
0 0.153375 0.684864 0.30675 0.22011 0.00653088
0 0.0541296 0.158002 0.108259 0.220593 0.00653064
0 0.995308 0.593551 0.00938486 0.192562 0.0064939
0 0.651835 0.459504 0.458841 0.249693 0.00649144
0 0.599567 0.864348 0.386746 0.25038 0.00649093
0 0.915167 0.596966 0.169665 0.229403 0.006473
0 0.0822657 0.459635 0.164531 0.174215 0.00646265
0 0.412855 0.57906 0.332346 0.197023 0.00645943
0 0.453088 0.865916 0.393541 0.24992 0.00643082
0 0.953844 0.146773 0.0923121 0.172688 0.00641256
0 0.444564 0.783512 0.400896 0.200914 0.00639427
0 0.272487 0.570474 0.332582 0.188847 0.00639183
0 0.952346 0.747162 0.0953073 0.440655 0.00638642
0 0.10731 0.559701 0.214621 0.224316 0.00638038
0 0.0799281 0.160861 0.159856 0.203281 0.00637132
0 0.425563 0.627 0.346422 0.214646 0.0063585
0 0.0486831 0.067702 0.0973662 0.135404 0.00633025
0 0.401249 0.381639 0.528231 0.325615 0.00632772
0 0.952384 0.0747418 0.0952324 0.149484 0.00632293
0 0.821871 0.716828 0.356258 0.291824 0.00632251
0 0.83528 0.560611 0.329439 0.174133 0.00632076
0 0.203362 0.565597 0.332051 0.186398 0.00631596
0 0.43714 0.285348 0.380807 0.187893 0.00630153
0 0.82883 0.605126 0.342339 0.193071 0.00629491
0 0.263854 0.875757 0.341084 0.242583 0.00629173
0 0.0669017 0.621713 0.133803 0.507049 0.00628543
0 0.713197 0.795341 0.371726 0.179412 0.006279
0 0.843957 0.768086 0.312086 0.463827 0.00627414
0 0.119715 0.457467 0.239431 0.169223 0.00625206
0 0.484504 0.578865 0.32635 0.194847 0.00620737
0 0.554662 0.574429 0.328534 0.185786 0.00619801
0 0.84749 0.158473 0.30502 0.19773 0.00619574
0 0.121922 0.12497 0.243845 0.215963 0.00619041
0 0.0549594 0.306131 0.109919 0.220331 0.00618744
0 0.0925447 0.655429 0.185089 0.436485 0.00616597
0 0.774524 0.566114 0.337896 0.170869 0.00616211
0 0.087871 0.0643885 0.175742 0.128777 0.00615348
0 0.560819 0.527117 0.356649 0.170628 0.00614742
0 0.118761 0.516347 0.237522 0.179744 0.00614093
0 0.128146 0.628289 0.256293 0.213329 0.0061013
0 0.332836 0.136229 0.320444 0.209815 0.00607961
0 0.200477 0.782549 0.400954 0.259648 0.00607461
0 0.203526 0.527601 0.339324 0.171813 0.00607121
0 0.244867 0.394188 0.34122 0.325735 0.0060598
0 0.384431 0.867349 0.381837 0.248282 0.00605796
0 0.0981999 0.354547 0.1964 0.228666 0.00605612
0 0.998055 0.705173 0.00389008 0.319644 0.00605408
0 0.0958593 0.295434 0.191719 0.17235 0.00605213
0 0.162681 0.132352 0.325361 0.212924 0.00604015
0 0.875292 0.719416 0.249416 0.37084 0.0060157
0 0.343169 0.536672 0.345134 0.171072 0.00600506
0 0.155497 0.646285 0.310995 0.209948 0.00600353
0 0.0546539 0.357544 0.109308 0.221909 0.00599943
0 0.635895 0.527412 0.366415 0.174165 0.0059849
0 0.0562647 0.260994 0.112529 0.226534 0.00597909
0 0.77117 0.755029 0.366061 0.223857 0.00597894
0 0.26752 0.137447 0.307915 0.209726 0.00597642
0 0.415855 0.534867 0.351035 0.164217 0.00597441
0 0.08776 0.394959 0.17552 0.215561 0.00596186
0 0.27101 0.531882 0.340997 0.171625 0.00595883
0 0.777608 0.0655444 0.346353 0.131089 0.00592842
0 0.487944 0.529018 0.352509 0.166794 0.00592819
0 0.153719 0.524011 0.307438 0.174 0.00591941
0 0.619024 0.381824 0.412783 0.484128 0.00591275
0 0.872747 0.662873 0.254505 0.285381 0.00591082
0 0.996483 0.972359 0.00703346 0.0552814 0.00590924
0 0.767528 0.13151 0.333268 0.20355 0.00590141
0 0.415318 0.162187 0.314961 0.187293 0.00589505
0 0.836838 0.51351 0.326323 0.186209 0.00588954
0 0.286607 0.0626071 0.343294 0.125214 0.00588662
0 0.355025 0.0640828 0.341983 0.128166 0.00587001
0 0.700849 0.569469 0.332884 0.174275 0.00586097
0 0.343923 0.575412 0.334474 0.192737 0.00585265
0 0.773048 0.700694 0.375398 0.237526 0.005845
0 0.858391 0.819257 0.283218 0.361487 0.00584496
0 0.631931 0.571955 0.33963 0.178361 0.0058305
0 1 0.102266 0 0.204531 0.00583025
0 0.0277037 0.304587 0.0554074 0.334572 0.00581705
0 0.839599 0.215486 0.314847 0.197551 0.00581066
0 0.742107 0.393695 0.480589 0.307907 0.00580528
0 0.889907 0.0738677 0.220186 0.147735 0.00579933
0 0.822632 0.662255 0.354736 0.250679 0.00579572
0 0.846244 0.0657834 0.307511 0.131567 0.00578661
0 0.706027 0.0636689 0.337333 0.127338 0.00577314
0 0.9847 0.0987359 0.0306002 0.197472 0.00577028
0 0.647016 0.172252 0.292826 0.244127 0.00575774
0 0.579195 0.124099 0.343924 0.187723 0.00575701
0 0 0.0697741 0 0.139548 0.00574867
0 0.821828 0.76895 0.356344 0.273471 0.00573569
0 0.432467 0.263089 0.320154 0.181395 0.00573202
0 0.689015 0.966865 0.331096 0.0662709 0.0057297
0 0.852179 0.806605 0.295642 0.38679 0.00572284
0 0.500381 0.126235 0.350155 0.19787 0.00572081
0 0.18534 0.829052 0.370679 0.341896 0.00566124
0 0.0803275 0.233678 0.160655 0.232233 0.00565956
0 0.824662 0.816742 0.350677 0.220409 0.00564432
0 0.00946967 0.411521 0.0189393 0.300044 0.00563658
0 0.69789 0.163906 0.310955 0.220879 0.00559966
0 0.700205 0.374153 0.333638 0.351265 0.00559815
0 0.199832 0.463766 0.357948 0.182498 0.00559474
0 0.770901 0.809559 0.359788 0.180709 0.00559291
0 0.144632 0.751596 0.289263 0.496808 0.00558825
0 0.643092 0.128049 0.328364 0.190066 0.00557996
0 0.126011 0.0622419 0.252023 0.124484 0.00556238
0 0.61159 0.96639 0.319906 0.0672198 0.00556224
0 0.141226 0.39173 0.282452 0.29961 0.00555906
0 0.424169 0.0651415 0.342634 0.130283 0.00554727
0 0.16059 0.0607853 0.321179 0.121571 0.0055331
0 0.197781 0.873343 0.395562 0.253314 0.00552911
0 0.217376 0.0613362 0.34251 0.122672 0.00544494
0 0.00434503 0.25611 0.00869007 0.270085 0.00543601
0 0.839542 0.273979 0.297867 0.197236 0.00542332
0 0.169038 0.707277 0.338075 0.224856 0.00540725
0 0.179118 0.687456 0.358235 0.193455 0.00538873
0 0.59481 0.1735 0.301202 0.247334 0.00537482
0 0.701829 0.523639 0.349306 0.17862 0.00535505
0 0.19715 0.90725 0.330077 0.182997 0.00533465
0 0.606861 0.269037 0.274274 0.172372 0.00532228
0 0.334788 0.277442 0.359253 0.20419 0.00531353
0 0.158982 0.46293 0.317965 0.174691 0.00531061
0 0.0249124 0.603523 0.0498249 0.451836 0.00527234
0 0.542367 0.965931 0.318239 0.0681383 0.00527015
0 0.764639 0.965268 0.326777 0.0694649 0.00525194
0 0.833976 0.369249 0.306606 0.194187 0.00524518
0 0.838956 0.312052 0.297845 0.180379 0.00521702
0 0.758528 0.30394 0.370238 0.185924 0.00519326
0 0.92891 0.821717 0.14218 0.356566 0.00519278
0 0.949365 0.968185 0.101269 0.0636294 0.00518804
0 0.172316 0.755765 0.344633 0.286411 0.00517787
0 0.0886368 0.263185 0.177274 0.199345 0.00517054
0 0.64314 0.0614252 0.336282 0.12285 0.00515682
0 0.872476 0.881005 0.255049 0.237991 0.00513458
0 0.499678 0.0644104 0.347234 0.128821 0.00512217
0 0.470153 0.966115 0.321201 0.0677706 0.00511884
0 0.158269 0.898414 0.316538 0.203171 0.00511823
0 0.252145 0.299275 0.146897 0.124951 0.00511505
0 0.110654 0.736985 0.221308 0.502627 0.00509628
0 0.252418 0.274399 0.296875 0.195319 0.0050901
0 0.769277 0.37801 0.350038 0.235813 0.00507987
0 0.839257 0.417426 0.311103 0.1875 0.00502742
0 0.0148569 0.876768 0.0297138 0.246464 0.00499571
0 0.709623 0.466284 0.398671 0.214309 0.00498739
0 0.756356 0.221591 0.355966 0.191633 0.0049601
0 0.180064 0.270726 0.295191 0.181255 0.00494143
0 0.885188 0.969957 0.229624 0.0600852 0.00493298
0 0.642494 0.0932122 0.344091 0.186424 0.00492452
0 0.423189 0.23253 0.31529 0.213132 0.00490716
0 0.500435 0.0895567 0.355489 0.179113 0.00490525
0 0.400167 0.966126 0.317059 0.0677477 0.00490321
0 0.25433 0.232733 0.300622 0.249395 0.0049014
0 0 0.116256 0 0.232513 0.00488893
0 0.571603 0.0626573 0.340435 0.125315 0.00488176
0 0.140227 0.665635 0.280454 0.217073 0.00487737
0 0.171997 0.415573 0.343993 0.414828 0.00487036
0 0.116051 0.965992 0.232102 0.0680166 0.00486268
0 0.571326 0.0959847 0.347314 0.191969 0.00481108
0 0.000601021 0.911279 0.00120204 0.177442 0.00480765
0 0.501097 0.161954 0.319854 0.197242 0.0047772
0 0.770714 0.518131 0.337019 0.179073 0.00475599
0 0.331058 0.966278 0.313792 0.0674443 0.00472293
0 0.776029 0.0814675 0.345708 0.162935 0.00470859
0 0.00495173 0.035745 0.00990346 0.07149 0.00468376
0 0.081183 0.693027 0.162366 0.572483 0.0046739
0 0.837203 0.460774 0.322411 0.17425 0.0046598
0 0.267661 0.906083 0.303763 0.183182 0.00464756
0 0.00644114 0.95407 0.0128823 0.0918591 0.00461958
0 0.681437 0.283922 0.26957 0.198046 0.00460825
0 0.177961 0.964603 0.295565 0.0707941 0.00458529
0 0.684386 0.389613 0.316797 0.483458 0.00454232
0 0.757999 0.269907 0.36717 0.185407 0.0045384
0 0.0308572 0.97078 0.0617145 0.05844 0.00453566
0 0.703198 0.0888152 0.333103 0.17763 0.00453079
0 0.804334 0.967638 0.310579 0.064724 0.00447611
0 0.386862 0.0587073 0.310622 0.117415 0.00446833
0 0.116321 0.949243 0.232642 0.101513 0.00445605
0 0.556865 0.659343 0.199557 0.131974 0.00441961
0 0.135316 0.955297 0.270632 0.0894054 0.0044134
0 0.254793 0.96501 0.302124 0.0699795 0.0044096
0 0.0772356 0.968171 0.154471 0.0636569 0.00439775
0 0.752484 0.911098 0.347795 0.177804 0.00439306
0 0.240409 0.941661 0.352436 0.113467 0.0043105
0 0.655737 0.271825 0.188775 0.133303 0.99164
0 0.222905 0.288058 0.204872 0.147608 0.552429
0 0.57567 0.65929 0.1497 0.112889 0.070735
0 0.560431 0.664963 0.126302 0.0983419 0.0432794
0 0.998132 0.080754 0.00373702 0.161508 0.0315531
0 0.563279 0.642033 0.189358 0.149943 0.0296325
0 0.92291 0.911444 0.154181 0.165501 0.0111013
0 0.904412 0.927758 0.191176 0.136623 0.00865192
0 0.998161 0.0339742 0.00367747 0.0679483 0.00840359
0 0.0018626 0.0934393 0.0037252 0.186879 0.00798478
0 0.153064 0.831155 0.306127 0.329662 0.00695604
0 0.49129 0.65085 0.0677051 0.0474348 0.00689883
0 0.641916 0.82511 0.376913 0.180872 0.00678553
0 0.568477 0.82858 0.373915 0.178137 0.00656167
0 0.765196 0.821808 0.396613 0.220097 0.00653915
0 0.499482 0.832423 0.38448 0.183545 0.00646387
0 0.211367 0.833543 0.422734 0.320508 0.00629098
0 0.993129 0.118508 0.0137427 0.237016 0.00616625
0 0.20158 0.717528 0.357879 0.165403 0.00615901
0 0.41908 0.83941 0.392808 0.207481 0.00613501
0 0.836242 0.960771 0.307014 0.0784575 0.00611887
0 0.244429 0.963311 0.326345 0.0733788 0.0060964
0 0.163935 0.379526 0.322934 0.363233 0.00609314
0 0.834662 0.769949 0.330143 0.201233 0.00607591
0 0.241346 0.850295 0.482693 0.282435 0.00598118
0 0.667265 0.412751 0.325033 0.288898 0.00589737
0 0.124982 0.782608 0.249964 0.293579 0.00584072
0 0.845478 0.0931405 0.309043 0.186281 0.00584059
0 0.166818 0.264358 0.322423 0.210784 0.00583742
0 0.135171 0.964541 0.270343 0.0709173 0.0058259
0 0.76114 0.962511 0.332594 0.0749775 0.00579698
0 0.033432 0.969333 0.066864 0.0613338 0.00579
0 0.141007 0.09121 0.282014 0.18242 0.00578892
0 0.373276 0.904423 0.411273 0.191154 0.00576457
0 0.147935 0.875545 0.29587 0.248911 0.00576154
0 0.124111 0.845779 0.248221 0.308443 0.00575945
0 0.441959 0.912492 0.412973 0.175016 0.00575448
0 0.310304 0.865675 0.385268 0.254445 0.00571773
0 0.763548 0.914615 0.433369 0.17077 0.00570248
0 0.99922 0.906542 0.00155902 0.186917 0.00569938
0 0.560253 0.604937 0.281272 0.222444 0.00565753
0 0.045928 0.0903345 0.091856 0.180669 0.00565018
0 0.703425 0.0990208 0.383256 0.198042 0.00557307
0 0.626791 0.0998082 0.369967 0.199616 0.00556265
0 0.349861 0.720169 0.363689 0.190938 0.00555395
0 0.517211 0.755867 0.295391 0.223941 0.00553691
0 0.80405 0.0981463 0.352492 0.196293 0.00553474
0 0.180277 0.0936942 0.35975 0.187388 0.0055288
0 0.181578 0.852767 0.363157 0.294465 0.00551365
0 0.146572 0.71564 0.293143 0.166996 0.00550307
0 0.278146 0.716965 0.349726 0.174806 0.00549811
0 0.437872 0.8704 0.367675 0.246868 0.00549142
0 0.320855 0.963482 0.318805 0.073036 0.00548194
0 0.00733352 0.962793 0.014667 0.0744139 0.00548116
0 0.108606 0.965357 0.217212 0.0692863 0.00546375
0 0.849581 0.120919 0.300837 0.241837 0.00541397
0 0.818091 0.836357 0.36063 0.279792 0.0054004
0 0.000652456 0.750042 0.00130491 0.141281 0.0053987
0 0.459666 0.584675 0.485923 0.268144 0.00539791
0 0.582865 0.756682 0.267431 0.212471 0.00539095
0 0.667858 0.915854 0.435107 0.168293 0.00538426
0 0.350534 0.083903 0.335435 0.167806 0.00537127
0 0.151959 0.75794 0.303918 0.214249 0.0053682
0 0.920599 0.845551 0.158802 0.308897 0.00536491
0 0.0851761 0.712305 0.170352 0.204326 0.00535819
0 0.423305 0.0894961 0.34805 0.178992 0.00534375
0 0.517118 0.914879 0.426479 0.170242 0.00534333
0 0.497465 0.094971 0.35044 0.189942 0.00533612
0 0.309271 0.89003 0.423692 0.21994 0.00533572
0 0.50162 0.600734 0.364951 0.232454 0.00532177
0 0.114206 0.709682 0.228413 0.173581 0.00532117
0 0.445483 0.750244 0.336458 0.205408 0.00531919
0 0.276784 0.0808479 0.337332 0.161696 0.0053172
0 0.518161 0.87166 0.374672 0.244785 0.00528963
0 0.563684 0.0983455 0.35073 0.196691 0.00526318
0 0.892203 0.967566 0.215595 0.064868 0.00525743
0 0.136096 0.54344 0.272191 0.30505 0.00524207
0 0.5931 0.87158 0.367665 0.245566 0.00523073
0 0.180848 0.189982 0.361697 0.376003 0.00521621
0 0.568071 0.6199 0.220678 0.197136 0.0052067
0 0.123863 0.627062 0.247726 0.247135 0.00519712
0 0.675035 0.364286 0.274726 0.444682 0.00515814
0 0.742336 0.178148 0.515327 0.356297 0.00513438
0 0.3819 0.578239 0.404403 0.284164 0.00512102
0 0.116105 0.665817 0.23221 0.191486 0.00511617
0 0.366708 0.662118 0.355629 0.177039 0.0051137
0 0.475368 0.322205 0.503245 0.359979 0.00511217
0 0.591078 0.545277 0.335415 0.254094 0.00510182
0 0.390692 0.963549 0.314333 0.072901 0.00509933
0 0.150077 0.123765 0.300154 0.24753 0.00509271
0 0.672227 0.962834 0.319916 0.074332 0.00507572
0 0.589365 0.407859 0.414695 0.358782 0.00504872
0 0.539437 0.184794 0.599295 0.369587 0.0050199
0 0.183311 0.130528 0.361435 0.261056 0.00501626
0 0.850598 0.67657 0.298803 0.379356 0.00501437
0 0.149697 0.67105 0.299394 0.203364 0.00500868
0 0.779503 0.86923 0.386506 0.2501 0.0049962
0 0.328449 0.405773 0.48713 0.406358 0.00498661
0 0.343521 0.753156 0.355797 0.184797 0.00497343
0 0.389673 0.313266 0.481151 0.35254 0.00497326
0 0.532012 0.639557 0.244033 0.189462 0.00496973
0 0.821449 0.473783 0.323168 0.215345 0.00496187
0 0.752523 0.637941 0.24193 0.075954 0.00494912
0 0.590368 0.915135 0.428992 0.169729 0.0049435
0 0.0623538 0.129376 0.124708 0.258752 0.00494112
0 0.240335 0.880365 0.45049 0.23927 0.00493753
0 0.0934391 0.67136 0.186878 0.193735 0.0049312
0 0.273737 0.749593 0.356721 0.176913 0.00492647
0 0.410669 0.510863 0.422782 0.34855 0.00492215
0 0.458986 0.963507 0.309787 0.0729852 0.00490952
0 0.451363 0.72496 0.386529 0.225193 0.00490804
0 0.64829 0.538919 0.342013 0.222387 0.00490159
0 0.383282 0.248381 0.495215 0.344606 0.00489998
0 0.134832 0.667814 0.269664 0.357489 0.00488688
0 0.973133 0.976043 0.0537344 0.0479143 0.00487954
0 0.145327 0.496547 0.290655 0.303392 0.0048756
0 0.529859 0.963416 0.310684 0.073168 0.00486999
0 0.59893 0.963308 0.311787 0.0733847 0.00486891
0 0.285987 0.672914 0.349864 0.197971 0.00486089
0 0.659515 0.756877 0.295769 0.197023 0.00485219
0 0.667619 0.870389 0.379998 0.245325 0.00485085
0 0.302623 0.562504 0.383723 0.245346 0.00485046
0 0.820616 0.43191 0.358768 0.283151 0.00484405
0 0.780853 0.310599 0.438295 0.356091 0.00484317
0 0.780921 0.241513 0.438158 0.367714 0.00481669
0 0.152226 0.483686 0.304451 0.389814 0.00477517
0 0.801972 0.369742 0.396056 0.334669 0.00476466
0 0.10985 0.773196 0.2197 0.335431 0.00476267
0 0.815529 0.175056 0.368941 0.350112 0.00476116
0 0.261294 0.259524 0.357284 0.220013 0.00475895
0 0.393114 0.20378 0.55343 0.407559 0.00475731
0 0.853995 0.734067 0.292009 0.329283 0.00474358
0 0.47207 0.214514 0.592878 0.429028 0.00472207
0 0.834682 0.811329 0.330636 0.377343 0.00471753
0 0.691534 0.144875 0.494003 0.289749 0.00470677
0 0.785162 0.760695 0.313136 0.192075 0.00470472
0 0.000729272 0.700166 0.00145854 0.116053 0.00466957
0 0.000389806 0.723844 0.000779613 0.115219 0.00465654
0 0.668658 0.479357 0.327607 0.21682 0.00465217
0 0.717663 0.533158 0.337869 0.215386 0.00465196
0 0.547124 0.736007 0.268765 0.21351 0.00465188
0 0.0462274 0.855738 0.0924548 0.288524 0.00464967
0 0.00196251 0.901205 0.00392503 0.19759 0.00463879
0 0.358318 0.495108 0.324994 0.254711 0.00463555
0 0.619336 0.600286 0.317315 0.219065 0.00463369
0 0.478755 0.399818 0.511558 0.405075 0.00462612
0 0.610891 0.482553 0.338653 0.248717 0.00462272
0 0.150649 0.533998 0.301298 0.393757 0.004622
0 0.749433 0.477169 0.332966 0.225773 0.0046144
0 0.206905 0.67273 0.362456 0.209886 0.004608
0 0.80744 0.697466 0.356108 0.182152 0.00459654
0 0.185162 0.393164 0.294763 0.278856 0.00457429
0 0.7735 0.142542 0.445205 0.285084 0.00457368
0 0.188513 0.425262 0.33123 0.360243 0.00457149
0 0.150716 0.523644 0.2953 0.212509 0.00456304
0 0.539151 0.542076 0.408453 0.309654 0.00456195
0 0.0290829 0.741888 0.0581658 0.515621 0.00456002
0 0.143771 0.783293 0.287542 0.265698 0.00454252
0 0.474166 0.246836 0.509773 0.376904 0.0045197
0 0.743271 0.661723 0.237173 0.114621 0.00450081
0 0.284626 0.61957 0.373355 0.280616 0.00449198
0 0.271854 0.110897 0.374065 0.221794 0.00444128
0 0.831686 0.907636 0.331487 0.184729 0.0044259
0 0.259235 0.146552 0.39693 0.288408 0.00441759
0 0.408134 0.450751 0.478376 0.412151 0.00439491
0 0.407991 0.137084 0.439154 0.274168 0.00437643
0 0.32047 0.155285 0.416629 0.310569 0.00437534
0 0.124717 0.153978 0.249433 0.307956 0.00435897
0 0.853072 0.856035 0.293856 0.28793 0.00432584
0 0.133705 0.616254 0.26741 0.287239 0.00431313
0 0.619997 0.219157 0.28471 0.251349 0.00429242
0 0.729731 0.364544 0.369629 0.374808 0.00428723
0 0.895724 0.925715 0.208553 0.148571 0.00428267
0 0.666906 0.179497 0.255699 0.322252 0.0042642
0 0.804262 0.521961 0.322995 0.196341 0.00426387
0 0.555695 0.141979 0.459982 0.283959 0.00424793
0 0.207948 0.631823 0.390247 0.240396 0.00424383
0 0.151222 0.57063 0.302443 0.205053 0.00421458
0 0.0138576 0.775828 0.0277151 0.448345 0.00420089
0 0.503006 0.6337 0.100329 0.0763815 0.00416279
0 0.0186019 0.115268 0.0372038 0.230535 0.0041253
0 0.0974996 0.29523 0.194999 0.59046 0.00412134
0 0.0474958 0.665362 0.0949915 0.584736 0.00410945
0 0.229738 0.514007 0.352306 0.198488 0.00409773
0 0.829847 0.699246 0.340306 0.466814 0.00409162
0 0.105519 0.121215 0.211038 0.24243 0.00409037
0 0.0111092 0.828268 0.0222184 0.343464 0.00409019
0 0.0809951 0.0847586 0.16199 0.169517 0.00407801
0 0.534863 0.47974 0.439635 0.326884 0.00407357
0 0.173947 0.874317 0.347894 0.251367 0.00406122
0 0.842992 0.614022 0.314017 0.449883 0.0040476
0 0.27551 0.291304 0.388177 0.198002 0.00402585
0 0.709783 0.237868 0.312364 0.205913 0.00401769
0 0.617981 0.719726 0.309828 0.18724 0.00400608
0 0.32947 0.535002 0.217655 0.1218 0.00399126
0 0 0.0616047 0 0.123209 0.0039884
0 0.699063 0.293594 0.299981 0.235455 0.00397704
0 0.919417 0.111068 0.161167 0.222137 0.00396625
0 0.0797274 0.124778 0.159455 0.233602 0.00395978
0 0.844875 0.86778 0.305647 0.26444 0.00391856
0 0.282173 0.302445 0.320538 0.294249 0.00390434
0 0.922607 0.080619 0.154786 0.161238 0.00389465
0 0.155573 0.35199 0.311146 0.40393 0.00388425
0 0.21739 0.569887 0.401319 0.200603 0.00388214
0 0.306072 0.919221 0.303542 0.161559 0.00386768
0 0.111861 0.38942 0.223722 0.709709 0.00386143
0 0.23297 0.918844 0.323288 0.162313 0.00383701
0 0.994163 0.837162 0.0116748 0.325676 0.0038289
0 0.372526 0.920249 0.291062 0.159501 0.00381997
0 0.0718603 0.822091 0.143721 0.355818 0.0038135
0 0.823525 0.334541 0.352949 0.368135 0.00381189
0 0.810876 0.27459 0.378248 0.391988 0.00381072
0 0.867199 0.0980357 0.265602 0.196071 0.00380513
0 0.694582 0.591059 0.34608 0.217702 0.0037979
0 0 0.0129015 0 0.0258029 0.00379031
0 0.120608 0.720268 0.201984 0.0688724 0.00378003
0 0.66201 0.240204 0.217717 0.201103 0.0037792
0 0.158554 0.250178 0.317108 0.453553 0.00377667
0 0.189371 0.623935 0.378741 0.442977 0.00374026
0 0.8308 0.920507 0.320319 0.158986 0.00372835
0 0.723346 0.582641 0.185333 0.0558204 0.00370103
0 0.160438 0.582654 0.320875 0.672561 0.0036998
0 0.429885 0.676156 0.15833 0.109101 0.00369878
0 0.0425803 0.924387 0.0851607 0.151227 0.00367193
0 0.758732 0.67761 0.269738 0.115665 0.00366806
0 0.438887 0.921786 0.28142 0.156428 0.00366691
0 0.0294714 0.172149 0.0589428 0.344297 0.00364851
0 0.160674 0.919362 0.314099 0.161275 0.0036484
0 0.839907 0.661318 0.319507 0.186762 0.00364758
0 0.351206 0.517299 0.256993 0.155394 0.00362631
0 0.617542 0.359504 0.370843 0.439289 0.00361312
0 0.412407 0.909848 0.182947 0.137799 0.00360688
0 0.595423 0.266848 0.40751 0.171039 0.00359916
0 0.581751 0.924061 0.288084 0.151878 0.00354703
0 0.158536 0.197709 0.317071 0.395419 0.00354594
0 0.51117 0.9237 0.282043 0.152601 0.00353899
0 0.042457 0.245015 0.084914 0.490029 0.00353838
0 0.998724 0.138538 0.00255162 0.277076 0.00350801
0 0.65237 0.923022 0.302623 0.153957 0.00350298
0 0.620977 0.655246 0.285991 0.159987 0.00348957
0 0.873149 0.886187 0.253703 0.227625 0.00348442
0 0.781988 0.583438 0.341895 0.213606 0.00346715
0 0.123303 0.501011 0.246607 0.226039 0.00346521
0 0.738974 0.921113 0.328516 0.157775 0.00341859
0 0.701483 0.624361 0.325974 0.196836 0.0033533
0 0.160222 0.211547 0.320444 0.423095 0.00335
0 0.0704265 0.203025 0.140853 0.406051 0.00332436
0 0.126021 0.121365 0.252041 0.242729 0.00332317
0 0.127306 0.925561 0.254612 0.148877 0.00331911
0 0.380511 0.685105 0.23481 0.122862 0.00331475
0 0.44894 0.910839 0.194217 0.135643 0.00328814
0 0.834342 0.229584 0.331317 0.459167 0.00328505
0 0.884541 0.14414 0.230917 0.288279 0.00326828
0 0.848691 0.594687 0.302618 0.455474 0.00326027
0 0.12983 0.677002 0.238195 0.0993802 0.00324535
0 0.849486 0.37749 0.301029 0.564727 0.00323167
0 0.715448 0.70282 0.351784 0.171053 0.00322486
0 0.796672 0.621152 0.330381 0.207496 0.0032221
0 0.297851 0.325056 0.416676 0.302431 0.00322046
0 0.714684 0.658361 0.317755 0.171979 0.00321702
0 0.730308 0.309593 0.433477 0.329588 0.00318733
0 0.204089 0.302973 0.408178 0.565074 0.00318258
0 0.35748 0.145979 0.245747 0.207971 0.00313942
0 0.120528 0.572207 0.241056 0.115914 0.00311351
0 0.827338 0.36153 0.345325 0.495395 0.00310732
0 0.199843 0.512845 0.399687 0.522924 0.00308081
0 0.241604 0.312319 0.170023 0.0967572 0.00307159
0 0.8205 0.232437 0.359 0.29404 0.00306651
0 0.834444 0.586671 0.331112 0.230021 0.00306611
0 0.829368 0.568658 0.341265 0.543843 0.00303756
0 0.229876 0.128334 0.201841 0.231655 0.00300549
0 0.861224 0.0762835 0.277551 0.152567 0.00300091
0 0.0551817 0.524945 0.110363 0.67045 0.0029979
0 0.00203611 0.676469 0.00407223 0.0822773 0.00299152
0 0.858204 0.444296 0.283591 0.442438 0.00296383
0 0.000370876 0.939289 0.000741752 0.121421 0.0029609
0 0.832391 0.343164 0.335217 0.442784 0.00295926
0 0.844532 0.464193 0.310937 0.48318 0.00295914
0 0.309213 0.15685 0.268303 0.181667 0.00293232
0 0.846796 0.477273 0.306407 0.571438 0.00291981
0 0.205958 0.400892 0.411916 0.513534 0.00290705
0 0.895557 0.190366 0.208885 0.380731 0.00289193
0 0.853524 0.281152 0.292953 0.542782 0.00286613
0 0.600008 0.110187 0.326802 0.220373 0.00284772
0 0.994378 0.180509 0.0112434 0.361018 0.00284245
0 0.298483 0.545141 0.15603 0.114823 0.00279321
0 0.1593 0.724173 0.217853 0.0789535 0.00274873
0 0.891801 0.504199 0.216398 0.151736 0.00271129
0 0.201965 0.73024 0.226995 0.101019 0.00265152
0 0.243913 0.698389 0.227858 0.148466 0.00264459
0 0.321217 0.685407 0.231629 0.127974 0.00262324
0 0.924323 0.837687 0.149968 0.203814 0.00261691
0 0.928892 0.677901 0.142216 0.41013 0.00259596
0 0.273324 0.555047 0.172245 0.109041 0.00258118
0 0.953318 0.220999 0.0933649 0.399838 0.00256418
0 0 0.918666 0 0.162668 0.00254063
0 0.200454 0.763302 0.225578 0.120748 0.00252442
0 0.721202 0.699103 0.228273 0.191121 0.00251196
0 0.640024 0.260095 0.251633 0.175945 0.00251154
0 0.236635 0.727768 0.228513 0.113844 0.00247642
0 0.654188 0.269699 0.18988 0.134921 0.934602
0 0.22252 0.2882 0.204959 0.145602 0.878989
0 0.998317 0.896269 0.00336596 0.207461 0.0277522
0 1 0.106846 0 0.213692 0.024413
0 1 0.0412752 0 0.0825504 0.0234811
0 0.842518 0.0957835 0.314963 0.191567 0.0222234
0 0.881035 0.0357362 0.237929 0.0714725 0.0199233
0 0.865506 0.0443723 0.268989 0.0887445 0.0185044
0 1 0.0621032 0 0.124206 0.0156187
0 0.778854 0.029826 0.311795 0.059652 0.0140437
0 0.320268 0.0262646 0.311033 0.0525292 0.0117258
0 1 0.0824303 0 0.164861 0.0111642
0 0.533009 0.0281083 0.313718 0.0562166 0.0104412
0 0.603061 0.02906 0.312547 0.0581199 0.0102561
0 0.710532 0.0322888 0.31363 0.0645775 0.0101218
0 0.461134 0.0266213 0.310456 0.0532427 0.0100124
0 0.390054 0.0251356 0.31231 0.0502713 0.0100072
0 0.93527 0.0291849 0.12946 0.0583697 0.00958907
0 0.000460644 0.117712 0.000921287 0.235423 0.00919949
0 0.910532 0.0208847 0.178936 0.0417694 0.00890708
0 0.251214 0.0285601 0.3134 0.0571201 0.00859206
0 0.178302 0.0278221 0.317993 0.0556442 0.00815604
0 0.71483 0.0943442 0.423506 0.188688 0.00775124
0 0.988259 0.86151 0.023482 0.276981 0.0076175
0 0.99443 0.135777 0.0111402 0.271553 0.00708161
0 0.292331 0.0953731 0.421266 0.190746 0.00676541
0 0.987625 0.079746 0.0247509 0.159492 0.00646526
0 0.806604 0.0949293 0.386792 0.189859 0.0064132
0 0.184453 0.908438 0.368906 0.183124 0.00534658
0 0.840299 0.0974796 0.319402 0.194959 0.00534398
0 0.886905 0.176456 0.226189 0.352911 0.00530297
0 0.641969 0.097011 0.423738 0.194022 0.00527868
0 0.952296 0.826202 0.0954082 0.347596 0.00517963
0 0.167116 0.256096 0.334231 0.239154 0.00508224
0 0.129017 0.35279 0.258034 0.668822 0.00505843
0 0.124899 0.914993 0.249797 0.170015 0.00498069
0 0.056422 0.113212 0.112844 0.226425 0.00475303
0 0.133752 0.495831 0.267504 0.680457 0.0047187
0 0.000879738 0.903671 0.00175948 0.192657 0.00470782
0 0.859237 0.604545 0.281526 0.44675 0.00470305
0 0.11447 0.125068 0.22894 0.250136 0.00459923
0 0.856736 0.211503 0.286529 0.423005 0.00458101
0 0.175983 0.331445 0.351965 0.355516 0.00456057
0 0.398171 0.0937974 0.4223 0.187595 0.00455459
0 0.631592 0.271324 0.268586 0.143886 0.00455178
0 0.026996 0.0870518 0.053992 0.174104 0.00455097
0 0.133673 0.636598 0.267345 0.682056 0.00454908
0 0.855712 0.450971 0.288576 0.448738 0.00451483
0 0.850597 0.301877 0.298806 0.457962 0.00447077
0 0.880887 0.773129 0.237401 0.323124 0.00446564
0 0.986578 0.97544 0.026845 0.0491205 0.0044137
0 0.886809 0.502019 0.224292 0.307484 0.00439875
0 0.941376 0.708627 0.117248 0.407605 0.00438641
0 0.876168 0.547049 0.246897 0.32134 0.00435026
0 0.0163966 0.973348 0.0327932 0.0533047 0.00433114
0 0.541391 0.0952595 0.416358 0.190519 0.0043211
0 0.807711 0.964896 0.299415 0.0702086 0.00430672
0 0.154602 0.704745 0.309204 0.432635 0.00429438
0 0.964912 0.762765 0.0701763 0.401933 0.00427313
0 0.996031 0.817424 0.00793875 0.337427 0.00425991
0 0.13936 0.0926792 0.278721 0.185358 0.00423923
0 0.865469 0.738771 0.269063 0.285399 0.00422793
0 0.901301 0.655593 0.197398 0.411801 0.00421859
0 0.860935 0.141489 0.278131 0.282979 0.00420896
0 0.996083 0.710896 0.0078346 0.343088 0.00420355
0 0.154214 0.792009 0.308427 0.415982 0.00418156
0 0.983548 0.806919 0.0329037 0.386162 0.0041704
0 0.173431 0.66274 0.346862 0.386302 0.00414626
0 0.791538 0.108927 0.391215 0.217853 0.00412009
0 0.863443 0.884483 0.273113 0.221259 0.0041014
0 0.820836 0.869197 0.344683 0.261605 0.00406283
0 0.868218 0.825082 0.263564 0.321862 0.0040251
0 0.744453 0.182682 0.448198 0.365365 0.00402234
0 0.992296 0.610208 0.0154073 0.365076 0.00400293
0 0.939372 0.208036 0.121256 0.415951 0.00399337
0 0.864271 0.701552 0.271458 0.445321 0.00398648
0 0.601709 0.176396 0.526957 0.352791 0.00397219
0 0.300636 0.344618 0.543122 0.470999 0.0039669
0 0.215979 0.0976524 0.431958 0.195305 0.00394281
0 0.103049 0.206604 0.206097 0.413209 0.00393048
0 0.552306 0.291193 0.445497 0.105886 0.00389831
0 0.890581 0.362312 0.218838 0.418632 0.00389819
0 0.153343 0.725632 0.306686 0.548735 0.00388849
0 0.224252 0.183565 0.448504 0.36713 0.00387943
0 0.0504116 0.700289 0.100823 0.599421 0.00387626
0 0.122105 0.979387 0.24421 0.0412254 0.00386721
0 0.918894 0.0929696 0.162213 0.185939 0.00386202
0 0.0943159 0.979973 0.188632 0.0400534 0.00383774
0 0.898819 0.257882 0.202363 0.425855 0.00383214
0 0.195505 0.275658 0.276242 0.195838 0.00383182
0 0.0513426 0.573411 0.102685 0.644447 0.00380638
0 0.850214 0.196979 0.299573 0.353317 0.00380108
0 0.14734 0.121515 0.294681 0.24303 0.00379892
0 0.181886 0.759732 0.363772 0.415249 0.00379447
0 0.99153 0.507755 0.01694 0.361731 0.00379268
0 0.687693 0.969444 0.339113 0.0611126 0.00378883
0 0.849825 0.565735 0.300351 0.400511 0.00378571
0 0.992317 0.357702 0.0153658 0.360429 0.0037735
0 0.68171 0.26486 0.298861 0.2192 0.00376384
0 0.889751 0.512466 0.220499 0.417492 0.00376168
0 0.750738 0.177557 0.498525 0.355115 0.00374296
0 0.0513398 0.426398 0.10268 0.646939 0.00372663
0 0.238399 0.396387 0.476799 0.517633 0.00371976
0 0.920118 0.794343 0.159763 0.411315 0.00368947
0 0.883651 0.697995 0.232166 0.319489 0.003689
0 0.993193 0.257488 0.0136135 0.36067 0.00368895
0 0.143685 0.768272 0.28737 0.463456 0.0036777
0 0.0569945 0.124713 0.113989 0.249427 0.00367544
0 0.831836 0.935166 0.318132 0.129669 0.00366495
0 0.206938 0.977651 0.331276 0.044698 0.00364436
0 0.594908 0.405715 0.799902 0.544037 0.00364323
0 0.0153713 0.864299 0.0307425 0.271403 0.00363827
0 0.766195 0.826523 0.467611 0.346954 0.00362586
0 0.764537 0.649804 0.470925 0.458639 0.0036156
0 0.181181 0.813944 0.362361 0.372111 0.00360199
0 0.61115 0.173271 0.342431 0.340431 0.00359498
0 0.0307731 0.788556 0.0615463 0.422887 0.00358288
0 0.794231 0.61252 0.411539 0.410815 0.00358053
0 0.299972 0.974539 0.326637 0.0509226 0.003561
0 0.336929 0.40362 0.673859 0.554933 0.0035383
0 0.90479 0.0750791 0.19042 0.150158 0.00351812
0 0.320186 0.194937 0.640373 0.389875 0.00351467
0 0.742784 0.797969 0.514432 0.404062 0.0035106
0 0.841516 0.0844668 0.314352 0.168934 0.00351006
0 0.190496 0.118419 0.380992 0.236838 0.00350757
0 0.950531 0.0494776 0.0989376 0.0989552 0.00350535
0 0.994356 0.117346 0.0112871 0.234691 0.00347658
0 0.0161735 0.0560942 0.032347 0.112188 0.0034726
0 0.260911 0.658365 0.521823 0.397372 0.00347087
0 0.824278 0.142533 0.351444 0.285066 0.0034669
0 0.85413 0.349928 0.291741 0.340526 0.00345853
0 0.823822 0.357717 0.352356 0.456144 0.00345838
0 0.812808 0.563863 0.374383 0.387069 0.00341158
0 0.220209 0.715248 0.440418 0.385272 0.00340612
0 0.3781 0.664632 0.534485 0.408297 0.00339784
0 0.711373 0.359333 0.504306 0.476117 0.00339131
0 0.772912 0.131416 0.454176 0.262832 0.00337991
0 0.658205 0.242033 0.226865 0.192881 0.00336259
0 0.756185 0.277622 0.48763 0.427345 0.00335756
0 0.0491674 0.296764 0.0983348 0.593528 0.0033542
0 0.787345 0.215127 0.42531 0.430254 0.00334915
0 0.448571 0.18471 0.637508 0.36942 0.00333642
0 0.866401 0.157118 0.267198 0.314236 0.00333082
0 0.1588 0.605295 0.3176 0.426315 0.0033184
0 0.591927 0.968476 0.326793 0.0630489 0.00329271
0 0.550761 0.377625 0.486062 0.487786 0.00329094
0 0.597634 0.136299 0.470364 0.272598 0.00328933
0 0.0191736 0.850769 0.0383471 0.298462 0.0032718
0 0.122882 0.849357 0.245764 0.301285 0.00326279
0 0.0500096 0.825107 0.100019 0.349786 0.00326118
0 0.281519 0.220173 0.459339 0.393714 0.00324896
0 0.805967 0.50504 0.388066 0.389858 0.00321477
0 0.547758 0.118096 0.42029 0.236193 0.00320694
0 0.156793 0.155271 0.313586 0.310543 0.00320447
0 0.380752 0.970751 0.320391 0.0584972 0.00319588
0 0.23988 0.799593 0.47976 0.400814 0.00319154
0 0.0993807 0.0445621 0.198761 0.0891242 0.00318924
0 0.455824 0.969958 0.328975 0.0600838 0.00318243
0 0 0.977081 0 0.0458377 0.00317983
0 0.884246 0.0978848 0.231509 0.19577 0.00317665
0 0.252038 0.907137 0.376471 0.185725 0.00317171
0 0.213663 0.384725 0.427326 0.528771 0.00317121
0 0.123503 0.897506 0.247006 0.204988 0.00317072
0 0.198882 0.309488 0.397764 0.421113 0.00316793
0 0.0368104 0.190097 0.0736207 0.380194 0.00316653
0 0.262494 0.273793 0.413201 0.326426 0.00316222
0 0.923112 0.976232 0.153777 0.0475356 0.00315498
0 0.0186185 0.0854619 0.0372371 0.170924 0.003146
0 0.127113 0.0830499 0.254225 0.1661 0.00314296
0 0.195443 0.61628 0.390886 0.372535 0.00312777
0 0.302405 0.607199 0.581451 0.397636 0.0031231
0 0.26149 0.120209 0.418213 0.240417 0.00312181
0 0.639549 0.175231 0.243797 0.334507 0.00310495
0 0.455371 0.712124 0.605568 0.441622 0.00308985
0 0.75955 0.400598 0.480899 0.469701 0.00308184
0 0.670254 0.798563 0.659492 0.402875 0.00308056
0 0.220055 0.921281 0.341154 0.157438 0.00307296
0 0.531315 0.970369 0.325246 0.0592614 0.00306119
0 0.618869 0.703286 0.695775 0.474192 0.00305878
0 0.808368 0.764641 0.383265 0.298669 0.00304943
0 0.258685 0.139414 0.517371 0.278827 0.00304722
0 0.763644 0.754493 0.472712 0.448294 0.00304695
0 0.169792 0.854918 0.339584 0.290163 0.00304653
0 0.692757 0.11333 0.414032 0.22666 0.00303867
0 0.510994 0.141755 0.540268 0.28351 0.00303362
0 0.177006 0.516085 0.354013 0.297829 0.00303172
0 0.30276 0.927564 0.359606 0.144872 0.00301937
0 0.172581 0.163244 0.345161 0.297306 0.0030189
0 0.736946 0.341441 0.526107 0.476921 0.00300928
0 0.830389 0.739668 0.339223 0.28952 0.00300908
0 0.192731 0.410964 0.385461 0.491247 0.00300263
0 0.699049 0.754036 0.601902 0.441171 0.00300153
0 0.37605 0.931125 0.361263 0.137749 0.00299827
0 0.59612 0.378225 0.355606 0.463341 0.00299305
0 0.0782029 0.819548 0.156406 0.360904 0.00298304
0 1 0.176509 0 0.29167 0.00296911
0 0.189006 0.240749 0.378011 0.481498 0.00296041
0 0.394853 0.28494 0.674167 0.497662 0.00295543
0 0.0305976 0.920947 0.0611952 0.158107 0.00294812
0 0.643077 0.449016 0.713845 0.552811 0.00294691
0 0.849989 0.272131 0.300022 0.346735 0.00293677
0 0.179778 0.172442 0.359556 0.344883 0.00292596
0 0.59675 0.921634 0.39638 0.156731 0.00291204
0 0.682211 0.943244 0.420676 0.113511 0.00290459
0 0.876927 0.454177 0.245879 0.319969 0.00290267
0 0.138814 0.0485464 0.277629 0.0970927 0.00289919
0 0.408926 0.778201 0.754859 0.443597 0.00289765
0 0.745299 0.494823 0.509401 0.424125 0.00288697
0 0.449056 0.929577 0.386969 0.140847 0.00286327
0 1 0.143181 0 0.248096 0.00285111
0 0.37357 0.150265 0.609307 0.30053 0.00280348
0 0.400981 0.272117 0.786325 0.360353 0.00280073
0 0.176349 0.558725 0.352698 0.397754 0.00279844
0 0.424859 0.356805 0.764628 0.563278 0.00279777
0 0.612367 0.806819 0.72517 0.386361 0.00279557
0 0.529225 0.931348 0.399802 0.137304 0.00279534
0 0.188598 0.699507 0.377196 0.515683 0.00278809
0 0.302079 0.70889 0.599251 0.432197 0.00278721
0 0.70349 0.558182 0.593019 0.454369 0.00277941
0 0.297541 0.812188 0.595082 0.375625 0.00277721
0 0.343975 0.128854 0.427218 0.256841 0.00275425
0 0.194036 0.194362 0.388071 0.388724 0.00274939
0 0.177385 0.190707 0.35477 0.381415 0.00270681
0 0.686933 0.648397 0.626135 0.498118 0.00270136
0 0.146669 0.095976 0.293339 0.191952 0.0026992
0 0.588115 0.222759 0.369763 0.355664 0.00269867
0 0.808581 0.837477 0.382839 0.296409 0.00269315
0 0.66874 0.839985 0.593268 0.32003 0.00268914
0 0.491595 0.800629 0.764459 0.398743 0.00265655
0 0.460443 0.608516 0.596071 0.40669 0.00262605
0 0.325748 0.125708 0.44706 0.251415 0.00261709
0 0.619994 0.607624 0.695467 0.463096 0.00261632
0 1 0.105397 0 0.210793 0.00260067
0 0.915936 0.881226 0.168128 0.237548 0.00258548
0 0.869323 0.117359 0.261353 0.234718 0.00258464
0 0.539469 0.662506 0.612064 0.430509 0.00258143
0 0.166842 0.553617 0.333684 0.432185 0.00257537
0 0.254172 0.844088 0.508343 0.311824 0.00257178
0 0.962092 0.91691 0.0758159 0.166179 0.00256567
0 0.359477 0.496698 0.718954 0.558304 0.00255248
0 1 0.351215 0 0.291211 0.00251444
0 1 0.196758 0 0.240535 0.00250114
0 0.404106 0.836163 0.628792 0.327674 0.002498
0 0.863732 0.596105 0.272535 0.328831 0.0024894
0 0.705899 0.288766 0.348316 0.319176 0.00248918
0 0.408053 0.5495 0.690113 0.479488 0.00248744
0 0.176719 0.272008 0.353438 0.346975 0.00243418
0 0.216468 0.369663 0.432937 0.552054 0.00243187
0 1 0.245939 0 0.241797 0.00241648
0 1 0.471498 0 0.239913 0.00240782
0 0.215216 0.46896 0.430431 0.551212 0.0024042
0 1 0.421655 0 0.23966 0.00239794
0 1 0.346912 0 0.239338 0.00239762
0 0.203401 0.611506 0.406801 0.521409 0.00239668
0 1 0.595064 0 0.237285 0.00239055
0 1 0.521401 0 0.239794 0.00238604
0 0.0850501 0.0852411 0.1701 0.170482 0.00238124
0 1 0.296569 0 0.240197 0.00237841
0 0 0.0134219 0 0.0268439 0.00234481
0 0.845867 0.54041 0.308266 0.287265 0.0023441
0 0.564101 0.833457 0.696257 0.333086 0.00233297
0 0.843624 0.392707 0.312751 0.318991 0.00233205
0 0.181643 0.503489 0.363285 0.45214 0.0023236
0 1 0.426074 0 0.29177 0.00232128
0 0.560041 0.553435 0.722236 0.482818 0.00231799
0 1 0.64288 0 0.23823 0.00231611
0 0.279799 0.336704 0.40259 0.305339 0.00231543
0 0.626467 0.135519 0.294563 0.183415 0.0022854
0 0.551286 0.754487 0.707182 0.464946 0.00227267
0 0.586618 0.154423 0.341984 0.228826 0.0022678
0 0.193873 0.501403 0.387747 0.434961 0.00226087
0 0.739009 0.322379 0.469745 0.33504 0.00225741
0 0.841905 0.797242 0.31619 0.405517 0.0022553
0 0.475151 0.453443 0.866897 0.584422 0.00224222
0 0.0382552 0.686276 0.0765103 0.379007 0.00223103
0 0.0831523 0.0233512 0.166305 0.0467024 0.00223063
0 0.763023 0.0719364 0.377162 0.143873 0.00219941
0 0.806663 0.908936 0.357051 0.182127 0.00219465
0 0.330337 0.907489 0.352756 0.185022 0.00216853
0 0.973536 0.0596123 0.0529272 0.119225 0.00215541
0 0.871151 0.647289 0.257697 0.32221 0.00214947
0 0.0564452 0.736522 0.11289 0.387227 0.00209481
0 0.0133357 0.637721 0.0266715 0.356326 0.00208444
0 0.275682 0.127136 0.416981 0.254272 0.00207995
0 0.0573 0.0378926 0.1146 0.0757853 0.00207212
0 0.00465212 0.836124 0.00930424 0.267817 0.00203549
0 0.869103 0.848355 0.261794 0.303291 0.00200711
0 0.198546 0.129618 0.390671 0.238983 0.00200082
0 0.619143 0.907689 0.333598 0.181277 0.00198968
0 0.729861 0.908367 0.344623 0.182166 0.00198326
0 0.549702 0.90779 0.334042 0.181675 0.00197713
0 1 0.550726 0 0.291493 0.00197078
0 0.406437 0.907924 0.34056 0.183727 0.00197077
0 0.479172 0.907869 0.333664 0.182234 0.00196056
0 0.885504 0.908295 0.228992 0.183409 0.00195352
0 0.23722 0.310591 0.171911 0.0954069 0.00192617
0 0.501461 0.564734 0.463879 0.321611 0.00191834
0 0 0.926317 0 0.147367 0.00191555
0 0.829041 0.354541 0.341917 0.299442 0.00187995
0 0.0282214 0.789957 0.0564428 0.378455 0.00187052
0 0.657783 0.270451 0.192361 0.137645 0.965735
0 0.224707 0.288313 0.20508 0.148743 0.670599
0 0.00137292 0.0735787 0.00274584 0.147157 0.294174
0 0.997044 0.0738727 0.00591192 0.147745 0.0476916
0 0.00174664 0.0382358 0.00349329 0.0764716 0.0361412
0 0.997116 0.0434231 0.00576829 0.0868462 0.0333159
0 1 0.115043 0 0.230086 0.0181754
0 1 0.027146 0 0.054292 0.0145742
0 0.0015579 0.113221 0.00311579 0.226441 0.0104458
0 0.993853 0.887894 0.0122943 0.224212 0.00623971
0 0.991431 0.0919408 0.0171381 0.183882 0.00515192
0 0.886689 0.817729 0.226622 0.364542 0.00465494
0 0.171249 0.270124 0.336184 0.197596 0.00436313
0 0.939483 0.445282 0.121035 0.388851 0.00416019
0 0.832714 0.419841 0.334572 0.35472 0.00413528
0 0.617733 0.173632 0.73935 0.347263 0.00412149
0 0.84204 0.38025 0.31592 0.27901 0.00412109
0 0.00139279 0.0239496 0.00278559 0.0478992 0.00408405
0 0.967019 0.345795 0.065961 0.372839 0.0040224
0 0.792424 0.416078 0.3964 0.327736 0.00400833
0 0.899432 0.544426 0.201136 0.400492 0.0040006
0 0.845211 0.326264 0.309577 0.263861 0.00395179
0 0.490871 0.190663 0.762846 0.381325 0.00393279
0 0.833901 0.268551 0.332197 0.334336 0.00383392
0 0.438026 0.405007 0.380556 0.334012 0.0038301
0 0.633361 0.411667 0.295557 0.239866 0.0038195
0 0 0.0106867 0 0.0213733 0.00380699
0 0.545177 0.422372 0.342093 0.271632 0.00380177
0 0.313369 0.39235 0.487393 0.415363 0.00379827
0 0.210183 0.255938 0.25541 0.222153 0.00376086
0 0.754528 0.200522 0.490945 0.401045 0.00369733
0 0.98624 0.165277 0.0275194 0.330554 0.00369604
0 0.363058 0.189143 0.726116 0.378286 0.00367429
0 0.212834 0.388226 0.425668 0.485706 0.00366838
0 0.387191 0.252994 0.422371 0.218783 0.00366687
0 0.518394 0.212134 0.380231 0.26907 0.00366129
0 0.875904 0.395409 0.248193 0.404552 0.00366035
0 0.284866 0.269374 0.326055 0.200601 0.00365512
0 0.70034 0.438343 0.328863 0.258586 0.00364872
0 0.777498 0.365752 0.339813 0.242144 0.00364869
0 0.801172 0.209814 0.397657 0.419628 0.00364528
0 0.610758 0.44292 0.44888 0.448922 0.00358958
0 0.85832 0.643206 0.28336 0.422438 0.00358285
0 0.996706 0.969713 0.00658883 0.0605744 0.00356197
0 0.969955 0.242105 0.0600905 0.382368 0.00354705
0 0.806558 0.448012 0.386884 0.440471 0.00352448
0 0.473319 0.446893 0.495628 0.413152 0.00351704
0 0.394998 0.437116 0.532306 0.438113 0.0034929
0 0.00596999 0.971351 0.01194 0.0572981 0.00348779
0 0.623752 0.204046 0.284522 0.270154 0.00348289
0 0.130349 0.975877 0.260697 0.0482468 0.0034604
0 0.692166 0.221608 0.266704 0.234364 0.00345021
0 0.837356 0.180495 0.325289 0.360989 0.00343308
0 0.909117 0.300928 0.181767 0.366253 0.00341657
0 0.771965 0.27213 0.389389 0.211968 0.00341363
0 0.892449 0.234812 0.215102 0.416532 0.00339783
0 0.997062 0.015469 0.00587689 0.030938 0.00336263
0 0.560427 0.194699 0.879146 0.389399 0.00334105
0 0.130805 0.912536 0.26161 0.174927 0.00333943
0 0.99905 0.303606 0.00190031 0.340676 0.0032927
0 0.0467585 0.803458 0.0935169 0.393084 0.00324971
0 0.998014 0.199814 0.00397214 0.347125 0.00324829
0 0.8416 0.74784 0.316801 0.445201 0.00324218
0 0.998995 0.404378 0.00201052 0.350784 0.00323357
0 0.77402 0.49219 0.451961 0.504262 0.00318772
0 0.89662 0.147392 0.206759 0.294783 0.00317868
0 0.772083 0.191872 0.455835 0.346642 0.00316447
0 0.615405 0.354921 0.259913 0.221852 0.00316302
0 0.631126 0.31289 0.214768 0.217629 0.0031346
0 0.410154 0.190094 0.820309 0.380187 0.0031053
0 0.650845 0.216883 0.209703 0.24974 0.00309632
0 0.156188 0.871206 0.312376 0.257588 0.00309061
0 0.849041 0.949147 0.301917 0.101706 0.00306955
0 0.998468 0.820093 0.00306469 0.307061 0.00306899
0 0.98922 0.753502 0.0215593 0.370772 0.0030623
0 0.288351 0.421066 0.576703 0.483012 0.00306027
0 0.0715526 0.758911 0.143105 0.428826 0.00305947
0 0.756321 0.322706 0.347141 0.207343 0.00303471
0 0.849794 0.970549 0.290286 0.0589018 0.00302502
0 0.998059 0.554045 0.00388254 0.35448 0.00302414
0 0.672321 0.187212 0.655357 0.374424 0.00300592
0 0.719491 0.179292 0.561017 0.358583 0.0030024
0 0.171715 0.597168 0.34343 0.426342 0.00300161
0 0.73418 0.438469 0.53164 0.471174 0.0029813
0 0.99421 0.65353 0.0115793 0.364784 0.00297773
0 0.9418 0.974968 0.1164 0.0500636 0.0029578
0 0.799322 0.102997 0.401357 0.205994 0.0029576
0 0.399751 0.264924 0.32931 0.198825 0.00294613
0 0.0163256 0.867707 0.0326512 0.264586 0.0029388
0 0.902604 0.00552043 0.194792 0.0110409 0.0029355
0 0.170663 0.330716 0.341327 0.339392 0.00292599
0 0.0192699 0.799375 0.0385397 0.40125 0.00291831
0 0.149357 0.160969 0.298714 0.321938 0.0029159
0 0.998116 0.153168 0.0037672 0.306335 0.0029101
0 0.888873 0.0135672 0.222253 0.0271344 0.00289061
0 0.559193 0.379097 0.311104 0.258187 0.00288015
0 0.131778 0.00508548 0.263555 0.010171 0.00285111
0 0.141612 0.108504 0.283224 0.217008 0.00283707
0 0.2375 0.976506 0.324614 0.0469872 0.00283547
0 0.80457 0.954862 0.29542 0.0902761 0.0028347
0 0.00580343 0.885279 0.0116069 0.229442 0.00282679
0 0.641686 0.287614 0.251475 0.172725 0.00281704
0 0.751861 0.969456 0.28334 0.0610878 0.0027997
0 0.740213 0.595157 0.519574 0.540013 0.0027978
0 0.0605593 0.178936 0.121119 0.307635 0.00279641
0 0.151319 0.244622 0.302639 0.24801 0.00279036
0 0.214569 0.699627 0.429139 0.478821 0.00278267
0 0.691321 0.358856 0.265826 0.185948 0.00277844
0 0.46119 0.975657 0.302 0.0486853 0.0027733
0 0.168156 0.808665 0.336313 0.370977 0.00277303
0 0.685702 0.972133 0.292601 0.0557344 0.00277289
0 0.0269367 0.67181 0.0538734 0.4934 0.00276961
0 0.649221 0.270555 0.203361 0.18488 0.0027636
0 0.944273 0.0869481 0.111454 0.173896 0.0027539
0 0.651219 0.337896 0.226591 0.193152 0.00275313
0 0.310819 0.976684 0.293266 0.0466311 0.00274585
0 0.536304 0.974982 0.298898 0.0500355 0.00274504
0 0.191422 0.371532 0.277875 0.332572 0.00274449
0 0.0149621 0.314701 0.0299241 0.35842 0.00274171
0 0.612022 0.973745 0.297641 0.052511 0.00274087
0 0.262264 0.388692 0.322536 0.273139 0.0027326
0 0.0158159 0.415346 0.0316319 0.369035 0.00271483
0 0.380289 0.976081 0.297179 0.0478382 0.00271401
0 0.14931 0.397508 0.29862 0.369072 0.00269976
0 0.422873 0.487347 0.743116 0.520721 0.00269631
0 0.625785 0.250884 0.235879 0.17697 0.0026963
0 0.00908048 0.190848 0.018161 0.293785 0.002692
0 0.0210016 0.571953 0.0420032 0.454017 0.00268635
0 0.14173 0.302203 0.28346 0.211256 0.00268039
0 0.55566 0.2602 0.271724 0.178056 0.00267771
0 0.99845 0.365135 0.00309999 0.316292 0.00267168
0 0.148163 0.54114 0.296326 0.382733 0.00267011
0 0.442375 0.305444 0.328201 0.183199 0.00266871
0 0.0134782 0.260355 0.0269563 0.348446 0.00266752
0 0.0152618 0.169605 0.0305236 0.33921 0.00264914
0 0.998445 0.466749 0.0031105 0.321334 0.00264524
0 0.19227 0.180844 0.384541 0.361689 0.00262581
0 0.195929 0.755641 0.391858 0.426712 0.00261751
0 0.572088 0.321363 0.268054 0.20935 0.00261592
0 0.75283 0.144969 0.49434 0.289939 0.00261541
0 0.152842 0.135975 0.305683 0.27195 0.00261239
0 0.182992 0.473109 0.365984 0.461522 0.00260184
0 0.0324905 0.975461 0.064981 0.0490783 0.00259586
0 0.99848 0.716327 0.00304071 0.313696 0.00259023
0 0.775921 0.682041 0.448157 0.538419 0.00258521
0 0.998421 0.615534 0.00315739 0.319074 0.00258322
0 0.960576 0.921112 0.0788485 0.157776 0.00255461
0 0.732141 0.787611 0.535717 0.424777 0.00254949
0 0.576156 0.490636 0.751007 0.521723 0.00254399
0 0.0891853 0.654645 0.178371 0.425551 0.00253997
0 0.693354 0.254702 0.261277 0.158529 0.00252791
0 0.950035 0.119006 0.0999292 0.238011 0.00250656
0 0.689295 0.49038 0.621409 0.538208 0.00248971
0 0.613884 0.954186 0.288118 0.0916283 0.00247892
0 0.734494 0.112839 0.531012 0.225678 0.00247094
0 0.0415827 0.122954 0.0831655 0.245908 0.0024703
0 0.173162 0.104517 0.346324 0.209034 0.00246758
0 0.0753592 0.228854 0.150718 0.311755 0.00245654
0 0.0612535 0.420714 0.122507 0.346096 0.00244466
0 0.0157613 0.846961 0.0315226 0.306078 0.00243544
0 0.0327757 0.922634 0.0655515 0.154732 0.0024205
0 0.0731275 0.327343 0.146255 0.32603 0.00241528
0 0.85291 0.060224 0.29418 0.120448 0.00239745
0 0.769921 0.824823 0.460157 0.350353 0.00238893
0 0.520541 0.73909 0.921313 0.521821 0.00238875
0 0.706948 0.738538 0.586103 0.522923 0.00238185
0 0.539783 0.952318 0.290983 0.095365 0.00237254
0 0.0790444 0.556877 0.158089 0.409913 0.00235435
0 0.25525 0.945832 0.292423 0.108335 0.00234739
0 0.298975 0.178855 0.59795 0.35771 0.00233956
0 0.786614 0.277142 0.186368 0.152767 0.0023233
0 0.298845 0.7079 0.59769 0.575537 0.00231108
0 0.4666 0.949733 0.296279 0.100534 0.00230673
0 0.633496 0.651633 0.733007 0.564429 0.002271
0 0.443214 0.545356 0.871201 0.55396 0.00225547
0 0.323828 0.949552 0.27064 0.100895 0.002249
0 0.0693596 0.502656 0.138719 0.401585 0.00223899
0 0.111952 0.0822846 0.223904 0.164569 0.00222807
0 0.388016 0.9493 0.289886 0.1014 0.00222707
0 0.483912 0.122679 0.77562 0.245357 0.00221107
0 0.0555607 0.2464 0.111121 0.417118 0.00220944
0 0.653544 0.12189 0.692912 0.24378 0.00219707
0 0 0.0689588 0 0.137918 0.00219607
0 0.365317 0.300315 0.157742 0.137821 0.00218746
0 0.0397344 0.0734358 0.0794687 0.146872 0.00214899
0 0.243344 0.610597 0.486687 0.525032 0.00212739
0 0.512654 0.652082 0.931406 0.562231 0.00212694
0 0.420526 0.705129 0.841052 0.567457 0.00212349
0 0.0574719 0.713811 0.114944 0.392183 0.00211799
0 0.199815 0.546672 0.399631 0.494143 0.00210554
0 0.35913 0.120673 0.71826 0.241346 0.00208968
0 0.0475878 0.832515 0.0951757 0.334739 0.00207734
0 0.633766 0.764827 0.732467 0.470346 0.00207378
0 0.602925 0.550377 0.79415 0.558454 0.00206147
0 0.871627 0.0380236 0.256745 0.0760472 0.00205587
0 0.411318 0.603628 0.822636 0.566063 0.0020424
0 0.694388 0.315779 0.260939 0.173763 0.00202749
0 0.654899 0.173253 0.18903 0.120285 0.00200434
0 0.34505 0.655918 0.690099 0.552267 0.00200386
0 0.133036 0.530772 0.266071 0.256846 0.00198689
0 0.337884 0.743744 0.675769 0.512513 0.00198074
0 0.247532 0.108109 0.495064 0.216218 0.00196646
0 0.29924 0.546677 0.59848 0.514343 0.00193993
0 0.902423 0.0196866 0.195154 0.0393733 0.00192771
0 0.24295 0.777627 0.4859 0.444745 0.00192575
0 0.0916047 0.946714 0.183209 0.106571 0.00192233
0 0.0896363 0.733156 0.179273 0.533687 0.0019153
0 1 0.862095 0 0.27581 0.00189562
0 0.632887 0.885762 0.559508 0.228477 0.00189551
0 0.457559 0.802618 0.862036 0.394763 0.00188954
0 0.570866 0.797584 0.858268 0.404832 0.00186851
0 0.412535 0.8822 0.501008 0.235601 0.00183325
0 0.489986 0.874344 0.554007 0.251312 0.00182119
0 0.142987 0.935305 0.285975 0.129389 0.00181231
0 0.324454 0.896383 0.449599 0.207235 0.00180274
0 0.0631504 0.31141 0.126301 0.433707 0.00179627
0 1 0.0321142 0 0.0642284 0.00178155
0 0.729912 0.865337 0.540177 0.269327 0.00177861
0 0.966411 0.00507715 0.0671786 0.0101543 0.00176353
0 0.0516262 0.888125 0.103252 0.22375 0.00176307
0 0.252162 0.912904 0.433221 0.174192 0.00175315
0 0.999642 0.519352 0.000715984 0.296911 0.00174744
0 0.0674354 0.413056 0.134871 0.436912 0.0017458
0 0.999973 0.269202 5.36247e-05 0.296359 0.00173901
0 0.346562 0.811959 0.693123 0.376082 0.00171504
0 0.269338 0.0930263 0.358317 0.186053 0.00171319
0 0.282404 0.827951 0.564808 0.344099 0.00171212
0 0.222901 0.226487 0.232949 0.139343 0.00167945
0 0.214509 0.1449 0.429018 0.2898 0.00167204
0 0.154688 0.109546 0.309376 0.219092 0.00161096
0 0.673815 0.363079 0.167972 0.129655 0.00158823
0 0.817876 0.715172 0.364248 0.260724 0.00154528
0 0 0.951331 0 0.097337 0.00152947
0 0.239185 0.332204 0.18556 0.0960431 0.00151724
0 0.854075 0.135517 0.291849 0.225465 0.00150401
0 0.0932563 0.291248 0.182867 0.212822 0.00149923
0 0.859888 0.862506 0.280224 0.274988 0.00149846
0 0.825022 0.556441 0.332573 0.209351 0.00148698
0 0.148416 0.347186 0.296833 0.224213 0.00148224
0 0.103146 0.999376 0.206291 0.00124836 0.00148197
0 0.180752 0.0046346 0.329994 0.00926921 0.00145448
0 0.266238 0.167772 0.251125 0.159572 0.00144352
0 0.367504 0.583515 0.439927 0.235065 0.00144068
0 0.397856 0.0852068 0.283278 0.170414 0.00142884
0 0.129077 0.153508 0.258155 0.286467 0.00142384
0 0.153204 0.387502 0.306408 0.185409 0.0014225
0 0.0114632 0.0120904 0.0229263 0.0241809 0.0014203
0 0.166179 0.0173057 0.332359 0.0346113 0.00141059
0 0.28673 0.382131 0.29085 0.179895 0.00140911
0 0.831381 0.349891 0.29856 0.206086 0.00139759
0 0.832503 0.884619 0.334994 0.230762 0.00139156
0 0.871339 0.303084 0.257321 0.226931 0.00139063
0 0.254539 0.0868396 0.267488 0.169967 0.00136983
0 0.453463 0.249371 0.312492 0.200544 0.00135232
0 0.858912 0.795556 0.282177 0.354946 0.00134703
0 0.871578 0.212941 0.256845 0.234625 0.0013377
0 0.096918 0.00547544 0.193836 0.0109509 0.00132517
0 0.518119 0.0907864 0.320201 0.181573 0.00132197
0 0.861044 0.724882 0.277912 0.34939 0.00131028
0 0.303023 0.551523 0.174066 0.144026 0.00130608
0 0.435847 0.112605 0.275149 0.177804 0.00130236
0 1 0.761773 0 0.277368 0.00129887
0 0.550227 0.942688 0.340484 0.114624 0.00129595
0 0.587588 0.684632 0.187012 0.115739 0.00129552
0 0.836915 0.100964 0.32617 0.201927 0.00129518
0 0.645595 0.370712 0.227248 0.122538 0.00129457
0 1 0.661212 0 0.277606 0.00128443
0 0.881919 0.887332 0.236161 0.225337 0.0012838
0 0.604448 0.419619 0.216254 0.0808943 0.00127927
0 0.86781 0.510901 0.264381 0.218511 0.00127531
0 0.328928 0.173855 0.194525 0.136887 0.00127355
0 0.572601 0.098303 0.286087 0.196606 0.00127235
0 0.621292 0.942967 0.340582 0.114066 0.00126712
0 0.100062 0.335657 0.20007 0.247007 0.00125717
0 0.808903 0.265621 0.169014 0.144735 0.00125163
0 0 0.920054 0 0.159891 0.00124024
0 0.3576 0.125681 0.229837 0.0894167 0.00123278
0 0.635745 0.559833 0.361348 0.172381 0.00122724
0 0.680878 0.0803124 0.328406 0.160625 0.00122537
0 0.257526 0.565102 0.309216 0.151867 0.00122324
0 0.746812 0.523709 0.215468 0.159585 0.0012173
0 0 0.912172 0 0.175657 0.00121303
0 0.905477 0.507073 0.189047 0.226461 0.00120719
0 0.865639 0.147618 0.268722 0.295235 0.00120548
0 0.215643 0.492944 0.414611 0.272148 0.00120382
0 0.438432 0.0971911 0.20824 0.184371 0.00119343
0 0.502788 0.694681 0.344721 0.171182 0.0011894
0 0.816921 0.831222 0.366158 0.283775 0.00118927
0 0.248639 0.417867 0.224376 0.129482 0.00118852
0 0.832346 0.489612 0.314432 0.197952 0.00118726
0 0.249112 0.55315 0.232908 0.141656 0.00118552
0 0.572231 0.621072 0.191783 0.202329 0.00117758
0 0.407547 0.94056 0.342506 0.118879 0.00117711
0 0.861569 0.177468 0.276861 0.218617 0.00117565
0 0.738104 0.542987 0.186049 0.122519 0.00117343
0 0.411176 0.642522 0.35819 0.210065 0.00117107
0 0.6553 0.29723 0.193035 0.101814 0.00116662
0 0.390808 0.577332 0.324459 0.195634 0.00116453
0 0.67234 0.109171 0.264338 0.218341 0.00116404
0 0.692814 0.941856 0.34241 0.116289 0.00116218
0 0.657457 0.270625 0.193375 0.136622 0.977047
0 0.226192 0.285693 0.20612 0.153225 0.931605
0 0.429807 0.142924 0.120853 0.0572497 0.033011
0 0.294453 0.183219 0.11191 0.117091 0.028292
0 0.00778509 0.91197 0.0155702 0.176061 0.00822825
0 0.348852 0.18271 0.22239 0.127047 0.00613868
0 0.429803 0.125884 0.124548 0.0932847 0.00552467
0 0.3143 0.182399 0.156483 0.12242 0.00425732
0 0.859738 0.590996 0.280525 0.271865 0.00383799
0 0.996341 0.313145 0.00731856 0.255907 0.00372418
0 0.993076 0.362981 0.0138473 0.273882 0.0037035
0 0.992509 0.414035 0.0149827 0.274541 0.00369356
0 1 0.895562 0 0.208877 0.00368366
0 0.995125 0.466586 0.00974973 0.256573 0.00363969
0 0.143571 0.535878 0.287143 0.268155 0.00363329
0 0.999806 0.265604 0.000387634 0.232461 0.0035964
0 0.294967 0.414925 0.139024 0.0978093 0.00358782
0 0.574276 0.575394 0.339728 0.207413 0.00358054
0 0.655527 0.57527 0.365709 0.214008 0.00355843
0 0.994087 0.519584 0.0118269 0.234474 0.00353028
0 0.157226 0.339376 0.314452 0.633087 0.00351444
0 0.148283 0.476014 0.296567 0.275934 0.00350934
0 0.0908864 0.182531 0.181773 0.365061 0.00348493
0 0.120795 0.246204 0.24159 0.492407 0.00341823
0 0.331202 0.564624 0.330681 0.180087 0.00341097
0 0.0865865 0.73652 0.173173 0.526961 0.00337613
0 0.499268 0.569973 0.328011 0.193806 0.00337269
0 0.0732431 0.137238 0.146486 0.274476 0.00331994
0 0.233582 0.574642 0.38708 0.244706 0.00327546
0 0.787453 0.571861 0.394817 0.235768 0.00326637
0 0.259656 0.512369 0.28552 0.198241 0.00321874
0 0.135942 0.540763 0.271884 0.643123 0.00318551
0 0.414652 0.56659 0.340367 0.181271 0.00317543
0 1 0.213102 0 0.212294 0.00312337
0 0.0709486 0.101323 0.141897 0.202647 0.003105
0 0.719604 0.570728 0.39045 0.223923 0.00308651
0 0.102098 0.674284 0.204197 0.605566 0.00300337
0 0.147006 0.856568 0.294013 0.286863 0.00299405
0 0.193811 0.479243 0.311949 0.200743 0.00297086
0 0.800869 0.522402 0.275229 0.180817 0.00296281
0 0.884006 0.527212 0.231987 0.180016 0.00295293
0 1 0.810911 0 0.237332 0.00290973
0 0.126466 0.108384 0.244761 0.208021 0.00290944
0 1 0.55799 0 0.252563 0.00286934
0 0.148079 0.87632 0.296158 0.247361 0.00286337
0 0.848698 0.528102 0.28181 0.185269 0.00285496
0 0.980891 0.571595 0.0382189 0.231284 0.00283439
0 0.156655 0.480425 0.31331 0.237745 0.00283394
0 0.156681 0.530117 0.313362 0.325037 0.0028339
0 0.139147 0.304254 0.278294 0.223025 0.00280673
0 0.199586 0.260946 0.259175 0.207577 0.00278549
0 1 0.607164 0 0.241718 0.00277245
0 0.216557 0.32227 0.433114 0.402939 0.00274097
0 1 0.91711 0 0.165781 0.00273934
0 0.735611 0.520365 0.273533 0.175653 0.00268594
0 0.0371856 0.796657 0.0743711 0.406685 0.00268363
0 0.154849 0.211048 0.309698 0.380617 0.00266922
0 0.145483 0.350721 0.290966 0.287291 0.002623
0 0.108449 0.110854 0.216897 0.221709 0.00262057
0 0.951872 0.515262 0.0962566 0.195608 0.00261946
0 0 0.901519 0 0.196962 0.00261769
0 0.641459 0.0698961 0.132937 0.103783 0.002611
0 1 0.755247 0 0.266868 0.00257489
0 0.120029 0.126696 0.240058 0.253393 0.0025702
0 0.225388 0.475155 0.450775 0.404309 0.00256248
0 0.147932 0.401657 0.295864 0.274986 0.0025597
0 0.926653 0.87083 0.146694 0.25834 0.00255681
0 0.660614 0.520686 0.278275 0.170285 0.00253577
0 0.218283 0.0763724 0.233064 0.152745 0.00253475
0 0.930839 0.578863 0.138321 0.233713 0.00252682
0 1 0.15466 0 0.203997 0.00249307
0 0.62288 0.288904 0.272232 0.192245 0.00248072
0 0.0466222 0.367245 0.0932443 0.574502 0.00246468
0 0.135144 0.253335 0.270289 0.233667 0.00244436
0 0.626321 0.250703 0.232032 0.176131 0.0024441
0 0.495823 0.46089 0.153497 0.10513 0.00244119
0 1 0.707444 0 0.263021 0.00242555
0 0.00648061 0.858802 0.0129612 0.282396 0.0024197
0 0.955599 0.462374 0.0888028 0.203125 0.00241956
0 0.955695 0.264483 0.0886096 0.204722 0.00241765
0 0.200753 0.355505 0.265446 0.2623 0.0024086
0 1 0.656711 0 0.247125 0.00240693
0 0.955585 0.311652 0.0888295 0.207423 0.0023988
0 0.957284 0.212762 0.0854317 0.203392 0.00239376
0 0.0474944 0.47589 0.0949889 0.602139 0.00239052
0 0.0453382 0.579221 0.0906763 0.588161 0.00239013
0 0.952626 0.412191 0.0947487 0.213424 0.00238282
0 0.191531 0.161965 0.188378 0.195887 0.00238027
0 0.953485 0.360912 0.0930298 0.214427 0.00237856
0 0.551196 0.635873 0.494549 0.314795 0.00237681
0 0.108781 0.0831575 0.217562 0.166315 0.00231106
0 0.113881 0.917813 0.217484 0.164374 0.00230601
0 0.919021 0.812682 0.161958 0.341913 0.00229518
0 0.957254 0.162204 0.0854913 0.191284 0.00228178
0 0.342755 0.511967 0.224548 0.185308 0.00227736
0 0.168752 0.114101 0.180296 0.228202 0.0022654
0 0.511224 0.519602 0.256399 0.169047 0.00225874
0 0.276731 0.402854 0.150571 0.12103 0.00225505
0 0.431382 0.515486 0.252727 0.176841 0.00225209
0 0.998418 0.974164 0.0031644 0.0516713 0.00224362
0 0 0.0630874 0 0.126175 0.00223506
0 0.574547 0.521165 0.264066 0.16741 0.00223286
0 0.0289682 0.176052 0.0579364 0.352104 0.00223224
0 0.0675858 0.0789421 0.135172 0.157884 0.00222579
0 0.117451 0.847314 0.234903 0.305372 0.00222221
0 0.955696 0.886936 0.0886077 0.226129 0.00221941
0 0.970443 0.109294 0.0591134 0.190474 0.00221767
0 0 0.975114 0 0.0497713 0.0022086
0 0.677291 0.857698 0.645419 0.284604 0.00220076
0 0.115239 0.0829643 0.230479 0.165929 0.00218731
0 0.661311 0.240873 0.208267 0.186978 0.00216989
0 0.125494 0.150885 0.250989 0.284997 0.00215505
0 0.839361 0.904578 0.321279 0.190844 0.00215345
0 0.910455 0.969773 0.17909 0.0604531 0.00214956
0 0.319281 0.421926 0.2019 0.0863262 0.00213415
0 0.00576339 0.12324 0.0115268 0.214381 0.00213334
0 0.200196 0.399614 0.269982 0.247309 0.00213255
0 0.409809 0.635209 0.492011 0.30187 0.00212105
0 0.326577 0.197495 0.114284 0.080956 0.0021183
0 1 0.105939 0 0.172365 0.00211528
0 0.661537 0.182309 0.196687 0.209521 0.00208758
0 0.751783 0.633608 0.496433 0.329602 0.00208719
0 0.910616 0.16668 0.178768 0.172779 0.0020839
0 1 0.0658265 0 0.131653 0.00207603
0 0.910172 0.270445 0.179656 0.177969 0.00207295
0 0.0719426 0.88054 0.143885 0.23892 0.0020629
0 0.163532 0.558425 0.327065 0.352734 0.0020629
0 0.912119 0.217353 0.175762 0.176815 0.00205679
0 0.851932 0.463915 0.240589 0.168545 0.00205338
0 0.630356 0.321574 0.219854 0.200578 0.00204769
0 0.827707 0.635444 0.344586 0.326656 0.00204449
0 0.646674 0.353165 0.221719 0.24179 0.00203293
0 0.0223991 0.967335 0.0447983 0.0653294 0.00202718
0 0.952848 0.621936 0.0943035 0.254281 0.00202604
0 0.872854 0.871001 0.254292 0.257998 0.00201243
0 0.794521 0.466457 0.243796 0.168854 0.00200988
0 0.692313 0.311019 0.258735 0.17624 0.0020058
0 0.912927 0.75554 0.174146 0.338843 0.00199836
0 0.913793 0.31696 0.172414 0.174543 0.0019901
0 0.623656 0.217339 0.245361 0.225049 0.00198792
0 0.142002 0.699861 0.284004 0.457372 0.00198375
0 0.150941 0.805949 0.301882 0.388103 0.00197395
0 0.898223 0.639881 0.203554 0.300155 0.0019738
0 0.164239 0.583274 0.328479 0.323843 0.00196602
0 0.703889 0.879818 0.592222 0.240364 0.00196242
0 0.15596 0.611545 0.311921 0.370765 0.00195607
0 0.912541 0.366907 0.174918 0.175482 0.00194939
0 0.892949 0.465741 0.214102 0.1671 0.00194919
0 0.15162 0.630038 0.303241 0.4003 0.00194772
0 0 0.0973713 0 0.135868 0.00194073
0 0.607562 0.878355 0.666061 0.24329 0.00192581
0 1 0.071281 0 0.142562 0.00192481
0 0.466233 0.878347 0.664176 0.243305 0.00191459
0 0.723786 0.465547 0.245018 0.171371 0.00191024
0 0.324731 0.161964 0.208735 0.168643 0.00189781
0 0.324884 0.0710017 0.253167 0.142003 0.00188907
0 0.689817 0.255317 0.254867 0.161269 0.00188448
0 0.260728 0.37515 0.270373 0.171205 0.00188183
0 0.92365 0.108513 0.152701 0.190273 0.00187959
0 0.427093 0.477435 0.269221 0.173222 0.00187671
0 0.641905 0.407413 0.295033 0.190594 0.00187505
0 0.909921 0.420176 0.180157 0.17269 0.00186056
0 0.328845 0.878369 0.657691 0.243263 0.00185422
0 0.971684 0.976076 0.0566317 0.0478473 0.00184942
0 0.687857 0.217428 0.261256 0.214567 0.00184642
0 0.253155 0.85734 0.50631 0.285321 0.00184104
0 0.559989 0.357936 0.272346 0.201471 0.00184088
0 0.941916 0.072878 0.116168 0.145756 0.00183749
0 0.326632 0.488235 0.278532 0.181277 0.00183534
0 0.984925 0.0743475 0.0301508 0.148695 0.00183514
0 0.324969 0.857571 0.645099 0.284859 0.00183305
0 0.796944 0.292858 0.122086 0.14174 0.00183086
0 0.68199 0.0722217 0.21407 0.103926 0.00182989
0 0.913252 0.467385 0.173497 0.167871 0.0018297
0 0.398676 0.104486 0.235242 0.175987 0.00182432
0 0 0.946564 0 0.106871 0.0018183
0 0.256227 0.632528 0.512454 0.321085 0.00180929
0 0.406956 0.369265 0.279965 0.178022 0.00180449
0 0.205391 0.0834499 0.17034 0.1669 0.00180337
0 0.557642 0.256976 0.252651 0.169998 0.00180326
0 0.551585 0.0693859 0.259822 0.138772 0.00180123
0 0.259524 0.255921 0.262377 0.196617 0.00179813
0 0.37561 0.263168 0.254004 0.17615 0.00179783
0 0.570727 0.316704 0.260668 0.19572 0.0017925
0 0.740714 0.420695 0.277374 0.168837 0.00178875
0 0.365247 0.221428 0.243707 0.193039 0.00178002
0 0.407391 0.313855 0.302234 0.168699 0.00177569
0 0.466837 0.0703961 0.245747 0.140792 0.00176497
0 0.258865 0.298833 0.268225 0.159446 0.00176418
0 0.516746 0.467468 0.251453 0.168531 0.00176381
0 0.695737 0.370203 0.256329 0.190145 0.00175816
0 0.444222 0.103538 0.223772 0.173527 0.00175733
0 0.928811 0.667177 0.142378 0.295048 0.00175553
0 0.319601 0.111737 0.2509 0.182001 0.00175431
0 0.635113 0.111436 0.237005 0.180644 0.00175393
0 0.813961 0.457521 0.218521 0.119286 0.00175387
0 0.304572 0.419162 0.237921 0.176916 0.00175233
0 0.745719 0.881638 0.508561 0.236723 0.00175218
0 0.537139 0.857631 0.644224 0.284738 0.00173999
0 0.383347 0.161863 0.232747 0.173756 0.00173891
0 0.628617 0.0668586 0.243429 0.133717 0.00173196
0 0.663029 0.462782 0.250015 0.172161 0.00172609
0 0.880683 0.419784 0.238633 0.175608 0.00171274
0 0.397168 0.0698075 0.245115 0.139615 0.00168543
0 0.65564 0.370813 0.127451 0.110988 0.00168525
0 0.647555 0.665404 0.585748 0.366807 0.0016735
0 0.516856 0.177709 0.263775 0.175886 0.00166158
0 0.258723 0.87833 0.517447 0.243339 0.00166143
0 0.107154 0.328155 0.207318 0.163876 0.00165787
0 0.30214 0.406759 0.258106 0.124238 0.00165559
0 0.558507 0.10787 0.252251 0.174236 0.00165559
0 0.679794 0.0670851 0.245337 0.13417 0.00164338
0 0.59628 0.461764 0.249021 0.171742 0.00164302
0 0.28791 0.238133 0.258185 0.210787 0.00163911
0 0.118088 0.895084 0.236177 0.209831 0.00163606
0 0.544149 0.416136 0.279135 0.175493 0.00163472
0 0.878206 0.271622 0.243589 0.183532 0.00162907
0 0.884836 0.367506 0.230329 0.180694 0.00162827
0 0.917514 0.0724919 0.164972 0.144984 0.00162328
0 0.884703 0.316508 0.230595 0.17946 0.00161901
0 0.441305 0.417869 0.262397 0.171877 0.00161803
0 0.516894 0.218374 0.250063 0.200759 0.00160448
0 0.026133 0.0749013 0.0522659 0.149803 0.00160265
0 0.882704 0.217365 0.234592 0.178939 0.00159966
0 0.709143 0.175894 0.251688 0.190442 0.00159087
0 0.885806 0.166154 0.228388 0.177557 0.00158779
0 0 0.922769 0 0.154461 0.00158682
0 0.11544 0.101782 0.230879 0.203564 0.00157914
0 0.833318 0.368873 0.271037 0.183807 0.00157786
0 0.736573 0.0663955 0.229016 0.132791 0.00157505
0 0.873736 0.812852 0.252527 0.355936 0.00157459
0 0.788324 0.0686631 0.261855 0.137326 0.00157455
0 0.153476 0.707406 0.306953 0.38605 0.00156793
0 0.822941 0.863807 0.354118 0.272386 0.00155845
0 0.0420449 0.117052 0.0840898 0.234105 0.00155534
0 0.763049 0.897527 0.473901 0.204946 0.00155206
0 0.882218 0.0693579 0.235565 0.138716 0.00154717
0 0.839179 0.419197 0.271318 0.175642 0.00153864
0 0.196141 0.405643 0.233855 0.144636 0.00152994
0 0.694445 0.110491 0.233817 0.184738 0.00152972
0 0.425428 0.159656 0.133852 0.0910738 0.00151493
0 0.761886 0.114048 0.207548 0.172315 0.00151315
0 0.878028 0.108874 0.221659 0.177457 0.00150263
0 0.716673 0.806118 0.566655 0.385436 0.00146362
0 0.894542 0.892816 0.210915 0.214368 0.00145562
0 0.788368 0.318261 0.294548 0.173218 0.00144607
0 0.847102 0.167975 0.255199 0.176606 0.00142464
0 0.301471 0.196195 0.118995 0.0835024 0.00142013
0 0.80278 0.215397 0.307797 0.177882 0.00141576
0 0.0214311 0.886444 0.0428621 0.227111 0.00141183
0 0.34596 0.351859 0.212641 0.213913 0.00140848
0 0.794963 0.265037 0.331857 0.170753 0.00138841
0 0.533826 0.174333 0.385556 0.199126 0.00138558
0 0.783475 0.315318 0.195485 0.180181 0.00138046
0 0.363102 0.884957 0.726205 0.230086 0.0013804
0 0.565967 0.384085 0.241713 0.0944134 0.0013752
0 0.614083 0.754624 0.635445 0.383446 0.00137357
0 0.563068 0.884174 0.749342 0.231653 0.0013697
0 0.182517 0.830467 0.365035 0.339066 0.00133909
0 0.880037 0.716805 0.239925 0.342173 0.00133548
0 0.723546 0.708948 0.552908 0.375926 0.00132962
0 0.294973 0.88431 0.589945 0.23138 0.0013254
0 0.757037 0.833461 0.485925 0.333079 0.00132032
0 0.412539 0.112168 0.160418 0.119234 0.00131425
0 0.254029 0.331412 0.144524 0.112778 0.00130835
0 0.700365 0.888478 0.59927 0.223044 0.00130087
0 0.807336 0.269099 0.135184 0.141226 0.00128849
0 0.304637 0.665945 0.57251 0.365501 0.00125415
0 0.814561 0.353338 0.16404 0.139794 0.0012441
0 0.0574044 0.0954865 0.114809 0.171626 0.00123525
0 0.475074 0.755111 0.633982 0.380445 0.00123291
0 0.747735 0.561283 0.137888 0.0893938 0.00119928
0 0.654177 0.389634 0.11975 0.0777294 0.00119349
0 0.911995 0.9186 0.176009 0.161427 0.00118202
0 0.54249 0.464452 0.185033 0.110076 0.00117843
0 0.555582 0.712414 0.617446 0.367554 0.00117599
0 0.254205 0.805447 0.508409 0.38742 0.00117568
0 0.807383 0.43773 0.252459 0.16159 0.00117487
0 0.375769 0.307748 0.119082 0.120727 0.00116866
0 0.333881 0.755738 0.63697 0.382059 0.00116624
0 0.709827 0.456887 0.152394 0.108573 0.0011645
0 0.520312 0.454087 0.202875 0.13012 0.00116096
0 0.951632 0.604426 0.096736 0.141595 0.00116025
0 0.0992444 0.940697 0.189274 0.118606 0.00115989
0 0.028569 0.979202 0.057138 0.0415964 0.00115791
0 0.674117 0.459245 0.15988 0.110902 0.00115755
0 0.282521 0.187137 0.0892504 0.0989952 0.0011572
0 0.759032 0.756309 0.481937 0.37979 0.00114996
0 0.950708 0.922636 0.0985847 0.154728 0.00114415
0 0.899521 0 0.0986909 0 0.00114044
0 0.592738 0.150845 0.418185 0.163433 0.0011283
0 0.776631 0.527918 0.184855 0.163738 0.00112319
0 0.217519 0.620182 0.435037 0.354591 0.00111655
0 0.211621 0.882473 0.423241 0.235055 0.00111467
0 0.175298 0.402646 0.350596 0.182761 0.00111062
0 0.838427 0.7122 0.323145 0.365855 0.00110718
0 0.871617 0.923102 0.227215 0.153797 0.00110658
0 0.332013 0.537605 0.214697 0.171638 0.00110642
0 0.289269 0.830952 0.578538 0.338096 0.00109918
0 0.846585 0.333585 0.26625 0.170493 0.00109917
0 0.655846 0.270799 0.186607 0.135051 0.950521
0 0.224549 0.288682 0.201225 0.144183 0.761638
0 0.280327 0.173103 0.0778844 0.0904431 0.0191319
0 0.278236 0.187424 0.0837328 0.0942724 0.00984443
0 0.287349 0.182293 0.0612218 0.0920186 0.00776598
0 1 0.945051 0 0.109898 0.00693062
0 1 0.96728 0 0.0654397 0.00553947
0 0.162646 0.302366 0.0809183 0.0941146 0.0049902
0 1 0.949355 0 0.101289 0.00432288
0 0.288018 0.158956 0.073004 0.0707454 0.00428356
0 0.634742 0.289444 0.141031 0.0970153 0.00370621
0 0 0.0696684 0 0.139337 0.0032556
0 0.496932 0.597315 0.101595 0.0743843 0.00318538
0 1 0.946564 0 0.106872 0.00315863
0 1 0.95609 0 0.0878191 0.00314546
0 0.488476 0.653924 0.064498 0.0426762 0.00304311
0 0.0038025 0.900082 0.00760501 0.199836 0.00301904
0 0.506137 0.607557 0.0912106 0.0813251 0.002887
0 0.193051 0.161681 0.103773 0.129451 0.002725
0 0 0.017654 0 0.035308 0.00254601
0 0.515468 0.712139 0.0504541 0.0357061 0.0024809
0 0.412351 0.966081 0.302668 0.0678371 0.0023085
0 0.482062 0.96612 0.301972 0.0677592 0.0023067
0 0.552218 0.966149 0.302107 0.0677027 0.00230599
0 0.342177 0.966034 0.303543 0.0679321 0.00229562
0 0.622748 0.966176 0.303337 0.0676484 0.00229208
0 0.694451 0.96616 0.305522 0.06768 0.00226555
0 0.194824 0.966164 0.301104 0.0676716 0.00225541
0 0.270754 0.966045 0.304564 0.0679102 0.00225528
0 0.0679899 0.0158433 0.120156 0.0316865 0.00223486
0 0.0656208 0.000230594 0.111152 0.000461188 0.00222328
0 0.18354 0.312805 0.109756 0.0864037 0.00221467
0 0.943798 0.999771 0.112403 0.000458908 0.00221073
0 0.76566 0.966151 0.307276 0.0676981 0.0022077
0 0.129064 0.966591 0.258128 0.0668175 0.00219486
0 0.499218 0.616724 0.104546 0.103589 0.00213814
0 0.0573057 0.999147 0.114611 0.00170593 0.00212785
0 0.172153 0.325841 0.0817893 0.0598562 0.00212434
0 0.837481 0.966269 0.311049 0.0674617 0.00207777
0 0 0.0631704 0 0.126341 0.00203885
0 0.909456 0.999992 0.13716 1.60217e-05 0.00202415
0 0.196577 0.181459 0.102817 0.0918417 0.00201655
0 0.502424 0.635093 0.0987875 0.0726748 0.00200734
0 1 0.9619 0 0.0762008 0.00198043
0 1 0.202582 0 0.190262 0.00195458
0 0.521119 0.608723 0.0570141 0.0790924 0.00195183
0 0 0.969109 0 0.061782 0.00194767
0 1 0.0993688 0 0.187978 0.00193563
0 0.179097 0.251597 0.103875 0.0723547 0.0019325
0 1 0.253667 0 0.186782 0.00191972
0 0.637249 0.323222 0.220903 0.153308 0.0019105
0 1 0.75328 0 0.188191 0.00190653
0 1 0.453548 0 0.187564 0.00190288
0 1 0.403501 0 0.187353 0.00190287
0 1 0.35331 0 0.187281 0.00190248
0 1 0.30335 0 0.186984 0.00190215
0 1 0.503516 0 0.187492 0.00189906
0 1 0.553392 0 0.187214 0.00189833
0 1 0.603241 0 0.186932 0.00189323
0 1 0.0667078 0 0.133416 0.00189272
0 1 0.653307 0 0.186447 0.00189164
0 1 0.70311 0 0.186591 0.00188975
0 1 0.152471 0 0.187112 0.00188812
0 1 0.804725 0 0.183102 0.001886
0 0.0792558 0.969979 0.158512 0.060042 0.0018614
0 0.15446 0.515152 0.12711 0.107338 0.00184533
0 0.879335 0.966917 0.24133 0.066166 0.00184289
0 0.691794 0.326805 0.263443 0.166864 0.00183392
0 0.0259107 0.814042 0.0518213 0.178152 0.00180865
0 0.463747 0.598963 0.16227 0.104979 0.00180688
0 0.64871 0.246857 0.192064 0.181517 0.00179636
0 0.649601 0.212831 0.229592 0.221276 0.00179403
0 0.606908 0.34133 0.304165 0.167893 0.00176894
0 0.0192394 0.76107 0.0384788 0.19038 0.00176353
0 0.023708 0.974299 0.047416 0.0514028 0.00175528
0 0.866967 0.99993 0.141956 0.000139236 0.00175174
0 0.0403134 0.995119 0.0806267 0.00976257 0.00175085
0 0.0216505 0.710923 0.043301 0.185834 0.00174115
0 0.966068 0.999047 0.0678638 0.00190668 0.00172955
0 1 0.971732 0 0.0565355 0.00171808
0 0.0678948 0.999619 0.131325 0.000761414 0.00171321
0 0.0218164 0.660933 0.0436329 0.184645 0.00170844
0 0.655102 0.358009 0.198755 0.22496 0.00169752
0 0.245618 0.236931 0.287779 0.20847 0.00169657
0 0.515062 0.727254 0.0444234 0.0146451 0.00169058
0 0.0217644 0.612002 0.0435288 0.185509 0.0016899
0 1 0.859763 0 0.191283 0.00168438
0 0.216669 0.367339 0.230361 0.208117 0.00168436
0 0.022188 0.213326 0.044376 0.190461 0.00167752
0 0.022703 0.463127 0.0454061 0.187534 0.0016773
0 0.0321881 0.107584 0.0643763 0.180174 0.00167665
0 0.0224144 0.413027 0.0448287 0.188518 0.00167501
0 0.0220304 0.31288 0.0440608 0.18837 0.00167416
0 0.0223643 0.363093 0.0447287 0.188265 0.00167343
0 0.0224495 0.562988 0.044899 0.18561 0.00167293
0 1 0.760122 0 0.182787 0.00166622
0 0.0225731 0.51308 0.0451461 0.186439 0.00166581
0 0.0226844 0.263856 0.0453688 0.187099 0.00166525
0 0 0.110928 0 0.157273 0.00165939
0 0.0430911 0.0692831 0.0861822 0.138566 0.00165637
0 1 0.922124 0 0.155751 0.00165262
0 0.023654 0.162928 0.047308 0.18298 0.00164763
0 1 0.709607 0 0.180543 0.00164711
0 1 0.811186 0 0.1739 0.00164521
0 0 0.813038 0 0.151883 0.00164118
0 0.557647 0.664217 0.12288 0.121917 0.00164111
0 0.260723 0.304998 0.127661 0.101871 0.00164041
0 0.694726 0.259195 0.258085 0.165509 0.00163011
0 0 0.879508 0 0.179795 0.00162893
0 0.827592 0.999845 0.143406 0.000310707 0.00161512
0 0 0.972312 0 0.0553759 0.00161065
0 1 0.659901 0 0.179733 0.00161014
0 1 0.260833 0 0.178117 0.00160087
0 0.285691 0.309887 0.299608 0.167503 0.00159826
0 1 0.209899 0 0.180581 0.00159788
0 1 0.610032 0 0.180206 0.00159648
0 0.293976 0.167381 0.0566264 0.075991 0.00159096
0 0.487244 0.661228 0.0578538 0.0233545 0.00158898
0 1 0.310468 0 0.178786 0.0015876
0 1 0.159381 0 0.179213 0.00158632
0 0 0.712649 0 0.155084 0.00158393
0 1 0.410484 0 0.17971 0.00157902
0 1 0.360311 0 0.179071 0.00157901
0 1 0.510452 0 0.180445 0.00157756
0 1 0.56027 0 0.180394 0.00157691
0 0.701939 0.404583 0.315309 0.192671 0.00157624
0 0 0.761919 0 0.155744 0.00157592
0 1 0.460613 0 0.180287 0.00157383
0 0 0.662493 0 0.155093 0.00157032
0 0.196401 0.935451 0.281525 0.129098 0.00156801
0 0.19206 0.280488 0.269667 0.190425 0.00156638
0 0.790741 0.999827 0.143585 0.00034523 0.00156414
0 0.269522 0.93567 0.285813 0.12866 0.00156305
0 0.128516 0.934496 0.257032 0.131009 0.00156144
0 0.98974 0.0771464 0.0205197 0.154293 0.00156016
0 0 0.161873 0 0.157951 0.00155237
0 0.550962 0.935726 0.283059 0.128547 0.0015523
0 0 0.313397 0 0.155785 0.00155126
0 0.480882 0.93573 0.283175 0.128541 0.00155055
0 0.295998 0.373628 0.284827 0.183553 0.00155054
0 0.621201 0.935731 0.283781 0.128538 0.00154854
0 0.340653 0.935661 0.28481 0.128678 0.00154785
0 0.411085 0.935699 0.283917 0.128603 0.00154784
0 0 0.563409 0 0.155725 0.0015473
0 0 0.263739 0 0.155253 0.001547
0 0.712011 0.366702 0.255618 0.200713 0.00154602
0 0.754265 0.999826 0.143734 0.0003479 0.00154527
0 0 0.513357 0 0.155744 0.00154517
0 0 0.463389 0 0.155803 0.00154298
0 0.955717 0.763157 0.0885662 0.199953 0.0015426
0 0 0.212635 0 0.156187 0.00154247
0 0 0.613151 0 0.156036 0.00154185
0 0.69241 0.935618 0.284972 0.128764 0.00154071
0 0.0361534 0.910061 0.0723068 0.179879 0.00154067
0 0.702241 0.214789 0.287408 0.198731 0.0015405
0 0 0.363315 0 0.155715 0.00153776
0 0 0.413348 0 0.155766 0.00153731
0 0.904606 0.0682149 0.190788 0.13643 0.00153523
0 0.762663 0.935499 0.285592 0.129003 0.00153373
0 0.961805 0.162724 0.0763904 0.193678 0.00153365
0 0.718107 0.999816 0.144306 0.000368118 0.00152968
0 0.282393 0.259735 0.277158 0.188372 0.00152177
0 0.965634 0.869709 0.0687325 0.202258 0.00152166
0 0.869525 0.068149 0.26095 0.136298 0.00151952
0 0.959201 0.812899 0.0815974 0.191707 0.00151837
0 0.0223534 0.931096 0.0447068 0.137808 0.00151682
0 0.248817 0.411329 0.254203 0.229783 0.00151652
0 0.957361 0.712403 0.0852776 0.197369 0.00151376
0 0.695683 0.171616 0.304193 0.178236 0.00150791
0 0.939698 0.0678426 0.120603 0.135685 0.00150601
0 0.766841 0.413011 0.321476 0.185507 0.0015051
0 0.540835 0.354884 0.304631 0.210009 0.00150396
0 0.958181 0.612838 0.0836378 0.195588 0.00150365
0 0.607191 0.215769 0.279198 0.203023 0.00150346
0 0.957505 0.662626 0.0849909 0.195786 0.00150155
0 0.833004 0.935267 0.286154 0.129465 0.00150055
0 0.656991 0.407863 0.29442 0.0968606 0.00149993
0 0.190191 0.999777 0.147077 0.000446129 0.00149981
0 0.224778 0.99983 0.146497 0.000340462 0.00149919
0 0.833683 0.365539 0.301452 0.194571 0.00149903
0 0.219243 0.251887 0.218675 0.199231 0.00149876
0 0.958835 0.263223 0.0823305 0.193732 0.00149739
0 0.179638 0.240015 0.0938963 0.0450494 0.00149538
0 0.422572 0.366266 0.307665 0.193522 0.0014919
0 0.975323 0.110516 0.0493539 0.192789 0.00149083
0 0.70436 0.464595 0.310638 0.196726 0.0014906
0 0.682207 0.999804 0.145353 0.000391006 0.00148894
0 0.959417 0.313155 0.0811654 0.194315 0.00148879
0 0.635146 0.409495 0.201188 0.0905003 0.00148844
0 0.959149 0.212624 0.0817014 0.195138 0.00148176
0 0.95894 0.563094 0.0821207 0.194894 0.00148173
0 0.960209 0.363047 0.0795818 0.193581 0.00147933
0 0.0859004 0.933515 0.171801 0.132969 0.0014783
0 0.0780273 0.466217 0.156055 0.192355 0.00147751
0 0.911175 0.764833 0.17765 0.193027 0.00147437
0 0.648907 0.316166 0.142333 0.0426483 0.00147351
0 0.0890018 0.315371 0.178004 0.191746 0.00147031
0 0.0799288 0.218042 0.159858 0.193477 0.0014697
0 0.959681 0.513133 0.0806389 0.194483 0.0014686
0 0.637157 0.464856 0.310999 0.19622 0.00146672
0 0.671613 0.0897421 0.254935 0.110062 0.00146646
0 0.175099 0.358098 0.283902 0.256189 0.00146609
0 0.259771 0.999847 0.146988 0.000305748 0.00146464
0 0.959961 0.413215 0.0800777 0.19438 0.00146354
0 0.425718 0.314237 0.322352 0.183675 0.00146089
0 0.808069 0.0681221 0.278172 0.136244 0.00146043
0 0.455703 0.0673995 0.275185 0.134799 0.00145995
0 0.0840761 0.0676378 0.168152 0.135276 0.00145991
0 0.0754272 0.515994 0.150854 0.190805 0.00145931
0 0.959389 0.46344 0.0812212 0.194977 0.001459
0 0.0801508 0.111809 0.160302 0.186055 0.00145857
0 0.912032 0.814571 0.175937 0.188776 0.00145784
0 0.552542 0.321033 0.294122 0.191656 0.00145586
0 0.91272 0.714108 0.17456 0.191546 0.00145502
0 0.118432 0.0670091 0.236864 0.134018 0.0014545
0 0.199722 0.409509 0.280793 0.242362 0.00145426
0 0.913111 0.664251 0.173778 0.189083 0.00145373
0 0.913912 0.867829 0.172175 0.193413 0.00145085
0 0.875376 0.764093 0.249248 0.193342 0.00145076
0 0.538135 0.256637 0.27221 0.180336 0.00145075
0 0.813026 0.318758 0.310489 0.185803 0.00144781
0 0.193842 0.521969 0.112209 0.100198 0.00144715
0 0.086513 0.364203 0.173026 0.194913 0.00144704
0 0.876875 0.663655 0.246251 0.190264 0.001446
0 0.31065 0.226564 0.305028 0.192944 0.00144548
0 0.876665 0.713582 0.24667 0.192595 0.00144503
0 0.099898 0.913098 0.199796 0.173804 0.00144453
0 0.0748711 0.565682 0.149742 0.189083 0.00144418
0 0.0829307 0.264743 0.165861 0.189986 0.00144288
0 0.132571 0.359404 0.265142 0.204421 0.00144259
0 0.876786 0.6138 0.246428 0.190883 0.00144197
0 0.131072 0.311474 0.262143 0.180905 0.00143955
0 0.646663 0.999798 0.146686 0.000404644 0.00143832
0 0.386009 0.0673884 0.275383 0.134777 0.00143717
0 0.842376 0.414599 0.315249 0.192827 0.00143598
0 0.903126 0.0776855 0.193749 0.155371 0.00143563
0 0.497942 0.466409 0.31073 0.194057 0.0014356
0 0.52582 0.0671941 0.276129 0.134388 0.0014352
0 0.877271 0.564583 0.245457 0.188778 0.00143451
0 0.141057 0.912131 0.282113 0.175739 0.00143347
0 0.772124 0.465416 0.31289 0.195597 0.00143249
0 0.875489 0.81401 0.249021 0.192043 0.00143234
0 0.174297 0.0661826 0.271693 0.132365 0.00143229
0 0.0759117 0.66449 0.151823 0.188971 0.00143219
0 0.913442 0.61439 0.173116 0.189047 0.00143203
0 0.0763895 0.165894 0.152779 0.184615 0.00143197
0 0.358908 0.467961 0.318168 0.192566 0.00143167
0 0.082706 0.415477 0.165412 0.193654 0.00143137
0 0.160074 0.11238 0.300119 0.187546 0.00143086
0 0.738062 0.0680143 0.278707 0.136029 0.00143079
0 0.570887 0.465337 0.311665 0.194986 0.00143054
0 0.0764024 0.714259 0.152805 0.190534 0.00142902
0 0.286988 0.466809 0.322357 0.193585 0.00142846
0 0.0746397 0.615173 0.149279 0.18851 0.00142746
0 0 0.940405 0 0.11919 0.00142743
0 0.866957 0.0777272 0.266085 0.155454 0.00142613
0 0.29498 0.999851 0.14744 0.000297737 0.00142611
0 0.644073 0.402286 0.323117 0.19489 0.00142551
0 0.184271 0.234303 0.29768 0.200368 0.0014242
0 0.837581 0.7632 0.31281 0.194593 0.00142327
0 0.740727 0.0779368 0.29397 0.155874 0.00142306
0 0.836683 0.713168 0.305689 0.193262 0.00142295
0 0.0747008 0.765137 0.149402 0.19374 0.00142288
0 0.837746 0.613481 0.302413 0.189892 0.00142204
0 0.425188 0.467117 0.314406 0.19499 0.00142151
0 0.501255 0.215869 0.309482 0.193415 0.0014208
0 0.83791 0.663221 0.30429 0.189445 0.00142002
0 0.408163 0.220171 0.309193 0.188548 0.00141854
0 0.840345 0.46521 0.312353 0.196422 0.00141818
0 0.431993 0.414998 0.311916 0.193026 0.00141679
0 0.116716 0.112663 0.233433 0.188604 0.00141624
0 0.666821 0.0676318 0.278503 0.135264 0.00141512
0 0.529335 0.413528 0.32076 0.186427 0.00141456
0 0.811147 0.077629 0.292573 0.155258 0.00141437
0 0.413699 0.262797 0.299065 0.185817 0.00141416
0 0.149176 0.515201 0.298352 0.194566 0.00141327
0 0.596276 0.0672395 0.277384 0.134479 0.00141177
0 0.339101 0.41644 0.294675 0.195967 0.00141157
0 0.76884 0.713283 0.306022 0.192903 0.00141089
0 0.428916 0.66242 0.301146 0.190971 0.00141077
0 0.878615 0.365774 0.24277 0.190268 0.00140912
0 0.176706 0.0792549 0.292108 0.15851 0.0014089
0 0.154781 0.999632 0.152783 0.000736618 0.00140883
0 0.315627 0.0669988 0.274037 0.133998 0.00140882
0 0.913717 0.564552 0.172566 0.188269 0.00140863
0 0.877086 0.316011 0.245828 0.189842 0.00140672
0 0.878737 0.515047 0.242526 0.189522 0.00140645
0 0.877264 0.465861 0.245473 0.192687 0.00140619
0 0.158423 0.464219 0.316846 0.194959 0.00140509
0 0.120573 0.46544 0.241147 0.192921 0.00140134
0 0.200623 0.91218 0.312964 0.17564 0.0013991
0 0.837585 0.813144 0.313985 0.194347 0.00139864
0 0.884541 0.11308 0.230918 0.188197 0.00139823
0 0.667987 0.0784004 0.297054 0.156801 0.00139811
0 0.128522 0.409399 0.257043 0.202673 0.00139787
0 0.924369 0.112453 0.151262 0.188211 0.00139725
0 0.876684 0.865942 0.246632 0.192344 0.00139716
0 0.768179 0.61401 0.301544 0.187673 0.00139659
0 0.112737 0.515403 0.225475 0.192982 0.00139647
0 0.886074 0.935032 0.227853 0.129936 0.00139628
0 0.658457 0.269616 0.197183 0.137751 0.94504
0 0.228583 0.288389 0.207376 0.148653 0.541728
0 0.168013 0.661561 0.31875 0.218935 0.00304823
0 0.295222 0.183137 0.108541 0.112897 0.00278645
0 0.0900011 0.447549 0.180002 0.437958 0.00257232
0 0.266384 0.729218 0.300093 0.258369 0.00255197
0 0.384107 0.709892 0.231851 0.192893 0.00244786
0 0.108913 0.527557 0.217825 0.293615 0.00242791
0 0.110173 0.684142 0.220345 0.292554 0.00240488
0 0.295973 0.653663 0.253372 0.176946 0.00234738
0 0.214899 0.740648 0.380489 0.301895 0.00234564
0 0.0830238 0.346175 0.166048 0.400037 0.00234419
0 0.322736 0.779912 0.311832 0.281737 0.00231358
0 0.109497 0.473629 0.218993 0.278108 0.0022575
0 0.508513 0.759411 0.230158 0.194178 0.00225455
0 0.113196 0.322792 0.226392 0.250193 0.00214981
0 0.11164 0.421499 0.223279 0.267484 0.0021497
0 0.287018 0.318056 0.077453 0.0926047 0.00212542
0 0.172813 0.735805 0.345626 0.321542 0.00211356
0 0.112843 0.366952 0.225686 0.26232 0.00210805
0 0.114776 0.269625 0.229552 0.254055 0.00209458
0 0.103438 0.632161 0.206876 0.268011 0.00207946
0 0.0863841 0.243315 0.172768 0.396297 0.0020767
0 0.183548 0.810592 0.367095 0.36227 0.00203295
0 0.107597 0.577058 0.215195 0.203478 0.00195533
0 0.0919315 0.0691407 0.183863 0.138281 0.00193803
0 0.114746 0.222899 0.229493 0.259376 0.00192392
0 0.0992128 0.614358 0.198426 0.206439 0.00191841
0 0.697738 0.300273 0.106005 0.0880099 0.00190721
0 0.373645 0.656755 0.193476 0.172283 0.00190627
0 0.20842 0.769546 0.416839 0.354735 0.00187911
0 0.247202 0.780371 0.33393 0.32068 0.00186937
0 0.885469 0.708752 0.229061 0.176801 0.00183155
0 0.848863 0.76629 0.274938 0.217054 0.00180641
0 0.0720983 0.156874 0.144197 0.313749 0.00180126
0 0.456441 0.834715 0.300554 0.254078 0.00179632
0 0.624497 0.753291 0.240538 0.180935 0.00178054
0 0.840058 0.832478 0.299235 0.237959 0.00178043
0 0.765903 0.749826 0.25602 0.188911 0.00176017
0 0.238093 0.396722 0.476185 0.177612 0.0017563
0 0.264274 0.324132 0.188688 0.105428 0.00174937
0 0.0601924 0.111285 0.120385 0.222571 0.00174243
0 0.236937 0.810904 0.473874 0.352563 0.00173917
0 0.597811 0.830394 0.316447 0.233564 0.00171411
0 0.697874 0.750918 0.246761 0.184397 0.00171339
0 0.0509661 0.0714976 0.101932 0.142995 0.00170073
0 0.844232 0.877707 0.289694 0.244585 0.00168102
0 0.108079 0.171366 0.216158 0.227876 0.00167639
0 0.249447 0.612999 0.251337 0.17052 0.00167472
0 0.123101 0.683812 0.246203 0.319303 0.00167443
0 0.319895 0.82349 0.337713 0.310448 0.00167116
0 0.925157 0.770302 0.149686 0.175745 0.00166581
0 0.938246 0.715102 0.123507 0.170645 0.00164842
0 0.653902 0.835748 0.356044 0.260537 0.00163485
0 0.54584 0.711862 0.219784 0.171072 0.00163305
0 0 0.90608 0 0.18784 0.00162907
0 0.992525 0.89964 0.0149497 0.191975 0.00162204
0 0.246019 0.969495 0.25361 0.0610094 0.00160699
0 0.697615 0.347539 0.582598 0.204651 0.00159091
0 0.466009 0.662858 0.21634 0.167462 0.00158669
0 0.850026 0.712166 0.236883 0.161532 0.00157995
0 0 0.944814 0 0.110372 0.00157221
0 0.00510117 0.974497 0.0102023 0.0510063 0.00154454
0 1 0.067067 0 0.134134 0.0015341
0 0.120181 0.61389 0.240363 0.353897 0.00153369
0 0.836414 0.934679 0.275359 0.130643 0.00153138
0 0.558887 0.858926 0.350107 0.282149 0.00152084
0 0.209524 0.838784 0.419047 0.322431 0.00151517
0 0.119771 0.522454 0.239543 0.174609 0.00151289
0 0.0922706 0.554274 0.184541 0.442843 0.00150311
0 1 0.810722 0 0.169807 0.0015029
0 0.931638 0.823623 0.136724 0.171803 0.00150107
0 0.780001 0.835207 0.39337 0.286425 0.00149921
0 0.151987 0.765479 0.303974 0.363955 0.00149686
0 0 0.361083 0 0.156569 0.00148926
0 1 0.757813 0 0.175429 0.00147771
0 0.950083 0.891573 0.099833 0.186931 0.00147734
0 0.802318 0.951216 0.301024 0.0975677 0.00147426
0 0 0.411021 0 0.162741 0.00147112
0 0.126915 0.0658024 0.253829 0.131605 0.00147067
0 1 0.893639 0 0.200834 0.00146988
0 1 0.707502 0 0.173228 0.0014677
0 0.320281 0.970322 0.244865 0.0593567 0.0014656
0 0.983719 0.214865 0.0325627 0.17585 0.00146487
0 0.771111 0.887375 0.379768 0.22525 0.0014646
0 0 0.311977 0 0.153518 0.00145923
0 1 0.509408 0 0.175428 0.00145644
0 1 0.559322 0 0.175146 0.00145587
0 1 0.608895 0 0.174073 0.00145586
0 1 0.657903 0 0.173296 0.00145557
0 1 0.459347 0 0.175538 0.00145522
0 0 0.109597 0 0.144136 0.00145268
0 0.985751 0.265188 0.0284976 0.173729 0.00144928
0 0.728483 0.179395 0.249882 0.177645 0.00144889
0 0.985078 0.163904 0.0298431 0.17574 0.00144885
0 1 0.409272 0 0.174909 0.00144558
0 0.170482 0.97042 0.266477 0.0591594 0.00144377
0 0.0184753 0.845867 0.0369507 0.308266 0.00143987
0 0.988291 0.364304 0.0234181 0.174261 0.00143967
0 0.987788 0.31468 0.024423 0.173628 0.0014392
0 0.0995114 0.118622 0.199023 0.200993 0.00143863
0 0.147891 0.832543 0.295783 0.334915 0.0014351
0 0.988006 0.414115 0.0239883 0.174777 0.00142904
0 0 0.460923 0 0.173192 0.00142389
0 1 0.359025 0 0.174408 0.00142338
0 0.987574 0.464155 0.0248529 0.17475 0.00142014
0 0 0.0700661 0 0.140132 0.00141668
0 0.945466 0.366519 0.109067 0.165057 0.0014165
0 0.945695 0.416183 0.108611 0.165785 0.00141548
0 0.68951 0.0334723 0.386155 0.0669446 0.00141536
0 0 0.877538 0 0.244924 0.00141497
0 0 0.159785 0 0.150177 0.00141462
0 0.676653 0.879223 0.36568 0.241555 0.00141431
0 0.143319 0.235187 0.280684 0.187321 0.00141317
0 0.85233 0.913098 0.268181 0.173804 0.0014088
0 0.130315 0.568194 0.19961 0.180509 0.00140829
0 0.987655 0.514161 0.02469 0.174432 0.00140615
0 0.145288 0.324075 0.244637 0.156078 0.00140502
0 0.944791 0.316561 0.110419 0.16477 0.00140256
0 0.94619 0.466185 0.107621 0.165103 0.00140033
0 0 0.213172 0 0.155375 0.00139395
0 0.618868 0.147697 0.241589 0.135985 0.00139298
0 1 0.309355 0 0.172704 0.00139192
0 0.129445 0.47226 0.25889 0.171301 0.00138965
0 0.610951 0.880057 0.359358 0.239886 0.00138958
0 0.952491 0.664122 0.0950184 0.165224 0.00138669
0 0.942989 0.266681 0.114022 0.165035 0.00138247
0 0.64624 0.383102 0.590142 0.214251 0.00138189
0 0.682321 0.252619 0.222722 0.168749 0.0013798
0 0 0.263978 0 0.153315 0.0013794
0 0.138381 0.417815 0.258925 0.178465 0.00137744
0 0.375298 0.945277 0.245984 0.109446 0.00137726
0 0.883291 0.938712 0.201357 0.122577 0.00137622
0 0.135858 0.170588 0.271715 0.167105 0.00137464
0 0.997024 0.110348 0.0059518 0.174856 0.00137325
0 0.990228 0.665403 0.0195436 0.167118 0.00137299
0 0 0.975543 0 0.0489149 0.0013694
0 0 0.511022 0 0.190631 0.0013649
0 0.988566 0.564712 0.0228685 0.172959 0.00136285
0 0.989087 0.615964 0.0218253 0.170176 0.00135927
0 0.948844 0.515806 0.102311 0.165277 0.00135825
0 0.395491 0.971966 0.26531 0.0560685 0.00135755
0 1 0.260423 0 0.171177 0.00135724
0 0.144627 0.663229 0.289253 0.369028 0.00135554
0 0.133603 0.116967 0.262047 0.170153 0.00135427
0 0.998006 0.0748577 0.00398844 0.149715 0.00135146
0 0.46152 0.941296 0.263046 0.117408 0.00135082
0 1 0.209967 0 0.174919 0.00134408
0 0.627601 0.716097 0.219291 0.158274 0.00134331
0 1 0.920953 0 0.158094 0.00134188
0 0.77538 0.713987 0.232896 0.157575 0.00134152
0 1 0.314212 0 0.161969 0.00134092
0 0.621273 0.940579 0.28593 0.118841 0.00133968
0 0.141556 0.270591 0.252157 0.180653 0.00133765
0 0.987204 0.716876 0.0255929 0.165862 0.00133585
0 0.897012 0.662515 0.205976 0.169527 0.00133521
0 0.943343 0.165777 0.113314 0.166436 0.00133512
0 0.65528 0.212939 0.202747 0.240219 0.00133405
0 0.0203795 0.74582 0.0407589 0.432823 0.00133381
0 1 0.265165 0 0.161497 0.00133357
0 0.941779 0.216679 0.116442 0.166279 0.00133215
0 0.14273 0.363644 0.257399 0.18582 0.00133025
0 0.536695 0.892515 0.342768 0.214969 0.00132898
0 0.264653 0.570141 0.242866 0.162575 0.00132696
0 0 0.559456 0 0.222296 0.00132648
0 0.548582 0.939569 0.278821 0.120862 0.00132641
0 0.696563 0.949269 0.293952 0.101462 0.0013246
0 0.702104 0.716454 0.225276 0.154633 0.00132191
0 0.983979 0.768633 0.0320426 0.164079 0.00132179
0 0.636287 0.259632 0.216686 0.166165 0.00132137
0 0.00514659 0.602254 0.0102932 0.272475 0.00131984
0 0.953793 0.617739 0.092414 0.162863 0.00131942
0 0.237525 0.035865 0.303184 0.07173 0.00131555
0 0.169159 0.517846 0.233763 0.168477 0.00131477
0 0.0128259 0.642973 0.0256517 0.331366 0.00131162
0 1 0.214734 0 0.16504 0.00131129
0 0 0.107416 0 0.191348 0.00130498
0 0.992236 0.820169 0.0155284 0.154113 0.00130301
0 0.336102 0.616826 0.221736 0.163164 0.0013019
0 0.293169 0.947756 0.24214 0.104487 0.00130135
0 0.034019 0.974546 0.0680381 0.0509085 0.00130055
0 0.0451159 0.861731 0.0902317 0.276537 0.00129706
0 0.560325 0.665474 0.223813 0.164881 0.00129575
0 0.952922 0.566197 0.0941551 0.164077 0.00129537
0 0.146183 0.713895 0.292366 0.378026 0.00129498
0 1 0.159348 0 0.172318 0.00129276
0 0.811434 0.968246 0.284541 0.0635071 0.0012923
0 0.963909 0.0738532 0.0721826 0.147706 0.00128412
0 0.573283 0.263726 0.243942 0.160663 0.00128248
0 0.267437 0.844127 0.403649 0.311747 0.00127734
0 1 0.108828 0 0.164939 0.00127464
0 0.441534 0.899548 0.313793 0.200905 0.00127168
0 0.00682511 0.330625 0.0136502 0.321591 0.00127105
0 1 0.105815 0 0.170751 0.00127043
0 0.104279 0.859069 0.208558 0.281862 0.0012653
0 0.479201 0.972707 0.286923 0.0545864 0.00126389
0 0.957461 0.11214 0.085078 0.167611 0.00126149
0 0.00346799 0.279557 0.00693598 0.322947 0.00126058
0 0.701939 0.219361 0.255954 0.206099 0.00125711
0 0.554211 0.168688 0.260991 0.164697 0.00125626
0 0.694378 0.320435 0.251726 0.16502 0.00125468
0 0.877625 0.367019 0.24475 0.168334 0.00125019
0 1 0.163751 0 0.165241 0.00124872
0 0.563952 0.218583 0.260313 0.176276 0.00124747
0 0.636797 0.175174 0.24217 0.16179 0.00124667
0 0.820646 0.104684 0.358708 0.209368 0.00124295
0 0.573972 0.326419 0.244225 0.174887 0.00124218
0 0.972245 0.938409 0.0555094 0.123183 0.00123959
0 0.724288 0.97027 0.288766 0.0594601 0.00123686
0 0.493269 0.653621 0.0712732 0.045088 0.001233
0 0.0176659 0.381555 0.0353318 0.344711 0.00123139
0 0 0.224982 0 0.320697 0.00123095
0 1 0.0667352 0 0.13347 0.00122984
0 0.259736 0.256727 0.226448 0.206159 0.00122982
0 0.276271 0.0244627 0.316903 0.0489254 0.00122634
0 0.407611 0.619519 0.214265 0.161932 0.00122378
0 0.809185 0.414819 0.265609 0.159439 0.00121918
0 0.120621 0.970361 0.241242 0.059278 0.00121622
0 0.640096 0.971404 0.292562 0.057192 0.00121602
0 0.963837 0.913717 0.0723268 0.172566 0.00121563
0 0.564032 0.972398 0.294697 0.0552049 0.00121455
0 0.466311 0.367503 0.248435 0.165077 0.00121389
0 0.727632 0.365967 0.234415 0.171668 0.00121246
0 0.323239 0.374121 0.234264 0.156313 0.00121054
0 0.610679 0.0410396 0.367978 0.0820792 0.00120644
0 0.911171 0.367192 0.177658 0.167001 0.00120607
0 0.910826 0.316999 0.178348 0.166166 0.00119847
0 1 0.952522 0 0.0949566 0.001198
0 0.567805 0.356974 0.251606 0.184039 0.00119798
0 0.921856 0.618837 0.156287 0.164029 0.00119643
0 0.347849 0.894665 0.304822 0.21067 0.00119088
0 0.998865 0.974171 0.00227083 0.0516583 0.00119088
0 0.911991 0.41697 0.176018 0.166568 0.00118369
0 0.127476 0.810332 0.254952 0.379335 0.0011828
0 0.220121 0.249782 0.251491 0.199392 0.0011817
0 0.980535 0.975767 0.0389299 0.0484659 0.00117755
0 0.469741 0.417533 0.259618 0.166186 0.00117741
0 0.12892 0.309015 0.257839 0.222021 0.0011766
0 0.210334 0.940855 0.275287 0.118291 0.00117211
0 0.878542 0.416604 0.242917 0.166588 0.00116862
0 0.913186 0.467312 0.173629 0.165791 0.00116854
0 0.883166 0.168673 0.233667 0.166819 0.00116667
0 0.0318359 0.433897 0.0636719 0.374121 0.00116536
0 0.849084 0.665179 0.232214 0.164673 0.00116372
0 0.866515 0.21869 0.258966 0.169312 0.00115713
0 0.835394 0.693349 0.329212 0.287937 0.0011561
0 0.0473366 0.907534 0.0946732 0.184933 0.00115601
0 0.895331 0.619104 0.209339 0.163645 0.00115312
0 0.843127 0.619484 0.240713 0.16568 0.00114924
0 0.195668 0.064262 0.249717 0.128524 0.00114838
0 0.260899 0.872683 0.328439 0.254635 0.00114795
0 0.277578 0.168854 0.232802 0.157082 0.00114605
0 0.123677 0.0374679 0.247354 0.0749357 0.00114601
0 0.737875 0.407768 0.259926 0.163984 0.00114573
0 0.459097 0.454563 0.605587 0.16456 0.00114082
0 0.559566 0.415577 0.258803 0.164979 0.00114018
0 0.551399 0.114581 0.251118 0.168039 0.00113965
0 0.0126864 0.885379 0.0253727 0.229241 0.00113837
0 0.91243 0.166661 0.175139 0.167289 0.00113821
0 0.821855 0.466415 0.255019 0.166765 0.00113806
0 0.840488 0.0749688 0.248703 0.149938 0.00113524
0 0.929431 0.0742111 0.141139 0.148422 0.00113278
0 0.558865 0.0744283 0.248305 0.148857 0.00113273
0 0.170031 0.901097 0.31373 0.197805 0.00113091
0 0.76928 0.0749341 0.246987 0.149868 0.0011304
0 0.295582 0.309485 0.236585 0.150151 0.00112975
0 0.378698 0.420238 0.247543 0.162785 0.00112915
0 0.893806 0.0747285 0.212388 0.149457 0.00112855
0 0.699619 0.0747431 0.246543 0.149486 0.00112809
0 0.207546 0.0745535 0.246585 0.149107 0.00112761
0 0.206099 0.11476 0.246161 0.168227 0.0011268
0 0.463638 0.220931 0.253791 0.169344 0.00112654
0 0.629464 0.665955 0.222313 0.164486 0.00112653
0 0.910404 0.266613 0.179193 0.166681 0.00112609
0 0.917008 0.516856 0.165985 0.165933 0.00112603
0 0.481611 0.619438 0.227536 0.165209 0.00112592
0 0.923458 0.113168 0.153083 0.168219 0.00112446
0 0.48701 0.0744657 0.247129 0.148931 0.00112418
0 0.214661 0.3589 0.226172 0.19226 0.00112366
0 0.754252 0.465818 0.254107 0.166859 0.00112298
0 0 0.168037 0 0.259114 0.00112179
0 0.26112 0.51925 0.249589 0.162031 0.00112113
0 0.541919 0.467207 0.257694 0.165917 0.00111742
0 0.474217 0.114892 0.247242 0.169903 0.00111709
0 0.857696 0.319243 0.237639 0.161693 0.00111244
0 0.776159 0.666992 0.232732 0.162769 0.00111125
0 0.629781 0.0745766 0.248231 0.149153 0.00111061
0 0.910334 0.217456 0.179332 0.167952 0.00110835
0 0.879749 0.466757 0.240502 0.16813 0.00110818
0 0.685566 0.339993 0.358012 0.138442 0.00110765
0 0.695371 0.115677 0.242491 0.164924 0.00110764
0 0.150828 0.0471543 0.301657 0.0943086 0.00110607
0 0.460262 0.266063 0.245463 0.166661 0.0011053
0 0.780322 0.0301747 0.439356 0.0603494 0.00110418
0 0.468812 0.467274 0.256195 0.166164 0.00110339
0 0 0.0708071 0 0.141614 0.00110241
0 0.652026 0.0713636 0.377542 0.0924075 0.00110125
0 0.212211 0.169728 0.245157 0.156623 0.00110061
0 0.404143 0.115363 0.239895 0.170838 0.00109885
0 0.469814 0.167119 0.251058 0.164971 0.00109856
0 0.655602 0.271255 0.187954 0.135733 0.96595
0 0.224578 0.288422 0.202742 0.143545 0.955589
0 0.547658 0.681632 0.195356 0.0984491 0.0276763
0 0.284962 0.305548 0.0822102 0.110341 0.00364853
0 0.547142 0.667426 0.207822 0.133503 0.00299675
0 0.708217 0.283862 0.0844977 0.111019 0.00238698
0 0.207422 0.789029 0.347361 0.288751 0.00193939
0 0.20878 0.459553 0.417559 0.286199 0.0019131
0 0.216254 0.114549 0.432509 0.229097 0.00190025
0 0.0128267 0.624308 0.0256533 0.291505 0.00187518
0 0.0854388 0.715217 0.170878 0.186548 0.00186035
0 0.343417 0.76863 0.314063 0.210218 0.00176913
0 0.283183 0.835485 0.359762 0.29194 0.00176235
0 0.197374 0.707233 0.274069 0.190421 0.00174482
0 0.187762 0.142011 0.375525 0.216924 0.00172415
0 0.297261 0.550753 0.335195 0.255468 0.00170385
0 0.0148298 0.53043 0.0296596 0.255866 0.00170031
0 0.0142764 0.724916 0.0285528 0.292612 0.00168493
0 0.488023 0.464343 0.495013 0.332953 0.0016229
0 0.698497 0.297125 0.104433 0.0945479 0.00162214
0 0.576753 0.682331 0.161759 0.0921843 0.00161348
0 0.51635 0.590608 0.650256 0.471318 0.00161184
0 0.473271 0.825093 0.279618 0.221885 0.00160225
0 0.515626 0.963339 0.197078 0.0733219 0.00159582
0 0.443246 0.963572 0.198141 0.0728556 0.00159247
0 0.271722 0.964181 0.211253 0.0716376 0.00158656
0 0.584395 0.963259 0.192486 0.0734818 0.00158641
0 0.216219 0.51543 0.275389 0.184972 0.00158529
0 0.658455 0.963205 0.196173 0.0735891 0.00158212
0 0.573825 0.464168 0.535854 0.356001 0.00157286
0 0.361514 0.963799 0.198637 0.0724027 0.00156495
0 0.408924 0.462734 0.433391 0.302903 0.0015603
0 0.560528 0.601531 0.845736 0.553038 0.00155777
0 0.725326 0.963177 0.197402 0.0736452 0.00155384
0 0.234739 0.569761 0.263891 0.169562 0.00155298
0 0.165085 0.173157 0.33017 0.194333 0.00155168
0 0.439127 0.869324 0.288709 0.245298 0.00154817
0 0.788535 0.963544 0.190438 0.0729126 0.00154606
0 0.853569 0.963106 0.208568 0.0737875 0.0015436
0 0.267628 0.708697 0.255288 0.175378 0.00153962
0 0.455175 0.0758996 0.354748 0.151799 0.00153775
0 0.283048 0.500859 0.3574 0.267593 0.00153422
0 0.0176354 0.478805 0.0352709 0.239964 0.00153033
0 0.173349 0.964605 0.229558 0.0707902 0.00151656
0 0.185706 0.509692 0.371412 0.207117 0.00151121
0 0.980397 0.715233 0.0392059 0.273582 0.00150368
0 0.8265 0.411707 0.347001 0.194061 0.00149643
0 0.232891 0.229789 0.465781 0.285192 0.0014954
0 0.980185 0.663989 0.03963 0.275682 0.00149467
0 0.528352 0.0742613 0.338157 0.148523 0.00149393
0 0.561612 0.664334 0.310499 0.215111 0.00148707
0 0.129088 0.784967 0.258176 0.279422 0.00148695
0 0.389116 0.0998713 0.422399 0.199743 0.00148117
0 0.975841 0.171321 0.0483175 0.342641 0.00148001
0 0.551527 0.871207 0.252479 0.199899 0.00146486
0 0.702468 0.588438 0.595065 0.404675 0.00145877
0 0.379932 0.596057 0.362473 0.290192 0.00145873
0 0.859436 0.365484 0.281114 0.166002 0.00145715
0 0.88321 0.467101 0.23358 0.228216 0.00144452
0 0.660121 0.466479 0.585236 0.382659 0.00144417
0 0.0204612 0.426767 0.0409225 0.2302 0.00144116
0 0.544501 0.0895461 0.328487 0.179092 0.00143635
0 0.980182 0.61216 0.0396357 0.27845 0.00143594
0 0.826117 0.554209 0.347766 0.299658 0.0014262
0 0.696446 0.539392 0.607109 0.470662 0.00142613
0 0.976662 0.360639 0.0466753 0.318239 0.00142524
0 0.611637 0.0898 0.327639 0.1796 0.00142448
0 0.306711 0.162091 0.505041 0.281097 0.00141766
0 0.888111 0.812082 0.223778 0.192773 0.0014148
0 0.0283903 0.10613 0.0567805 0.212261 0.00140271
0 0.85043 0.867584 0.261129 0.192697 0.00140132
0 0.756184 0.40456 0.379992 0.193271 0.00139999
0 0.898026 0.418104 0.203949 0.178539 0.0013944
0 0.898688 0.96494 0.192574 0.0701199 0.00138502
0 0.383029 0.124468 0.381844 0.22016 0.00137964
0 0.480348 0.669222 0.309999 0.193367 0.00137748
0 0.977475 0.460983 0.0450505 0.313693 0.00137635
0 0.67643 0.0928805 0.341583 0.185761 0.00137496
0 0.972023 0.412336 0.0559535 0.359275 0.0013706
0 0.895051 0.0748874 0.209897 0.149775 0.0013673
0 1 0.0791528 0 0.158306 0.00136704
0 0.295373 0.622617 0.263135 0.182162 0.00136282
0 0.365343 0.189738 0.23613 0.138938 0.00136185
0 0.891898 0.517977 0.216203 0.232294 0.00136098
0 0.68025 0.188348 0.242186 0.174626 0.00136061
0 0.626272 0.869199 0.243169 0.187547 0.00135185
0 0.973078 0.262595 0.0538446 0.361646 0.001351
0 0.739311 0.0993531 0.377232 0.198706 0.0013457
0 0.224565 0.465521 0.289624 0.185422 0.00134486
0 0.767017 0.498754 0.465966 0.384787 0.00134262
0 0.0012013 0.669518 0.0024026 0.350466 0.00133809
0 0.776697 0.868196 0.244277 0.184588 0.00132963
0 0.395667 0.719601 0.253902 0.164643 0.00132928
0 0.980617 0.764251 0.0387661 0.272768 0.00132805
0 0.798572 0.459683 0.402857 0.320361 0.00132758
0 0.974846 0.512931 0.0503083 0.357327 0.00132429
0 0.704776 0.869091 0.242803 0.183884 0.00131986
0 0 0.0705644 0 0.141129 0.00131584
0 0.0224246 0.373676 0.0448493 0.226393 0.00131411
0 0.964043 0.907881 0.0719145 0.184239 0.00131129
0 0.915315 0.369394 0.16937 0.162529 0.00130895
0 0.302527 0.112112 0.528058 0.224223 0.00130101
0 0.978157 0.209933 0.0436853 0.328565 0.00129966
0 0.0301274 0.158747 0.0602548 0.234722 0.00129834
0 0.299469 0.0824782 0.422152 0.164956 0.00129368
0 0.223972 0.413283 0.447943 0.257924 0.00129348
0 0 0.577375 0 0.331753 0.00129313
0 0.724799 0.115799 0.346671 0.2171 0.00128574
0 0.0302391 0.221037 0.0604782 0.24571 0.00128398
0 0.28104 0.457406 0.323348 0.213055 0.00128352
0 0.526337 0.407868 0.318291 0.167395 0.00128169
0 0.694062 0.915652 0.208472 0.168695 0.00127571
0 0.982734 0.144193 0.034533 0.288385 0.00127117
0 0.790666 0.124674 0.418667 0.249349 0.00127065
0 0.71451 0.363609 0.244458 0.170754 0.00126898
0 0.0245119 0.327924 0.0490239 0.220321 0.00126753
0 0.527422 0.523448 0.77231 0.490589 0.00126606
0 0.0276636 0.273748 0.0553272 0.23021 0.001265
0 0.225645 0.198109 0.45129 0.370133 0.00126447
0 0.0721359 0.671937 0.144272 0.17238 0.00126374
0 0.745706 0.163645 0.335381 0.23568 0.00126342
0 0.83827 0.321871 0.252806 0.153182 0.00126243
0 0.383351 0.671184 0.270739 0.167136 0.00126204
0 0.958616 0.875105 0.0827683 0.200028 0.00126111
0 0.611193 0.914889 0.187983 0.170222 0.00125011
0 0.766182 0.914291 0.213433 0.171418 0.00124881
0 0.493816 0.760375 0.241138 0.180388 0.00124807
0 0.633121 0.182271 0.252172 0.158676 0.00124682
0 0.970213 0.935447 0.059573 0.129107 0.00124323
0 0.00179938 0.323568 0.00359875 0.30388 0.00123887
0 0.55438 0.175643 0.264309 0.162655 0.00123818
0 0.95856 0.0717988 0.0828801 0.143598 0.00123746
0 0.680104 0.247319 0.218152 0.179352 0.0012374
0 0.974454 0.614152 0.0510917 0.355143 0.00123678
0 0.796428 0.109642 0.407143 0.219284 0.00123662
0 0.685351 0.388101 0.352205 0.20318 0.0012359
0 0.625665 0.665453 0.324512 0.220055 0.00123416
0 0.289604 0.135858 0.561841 0.271716 0.00123096
0 0.821052 0.150165 0.357895 0.290705 0.00122979
0 0.657599 0.211139 0.199169 0.238717 0.00122934
0 0.697468 0.219263 0.25669 0.208807 0.00122909
0 0.981117 0.812787 0.0377668 0.264783 0.00122905
0 0.00147913 0.424962 0.00295827 0.307632 0.00122833
0 0.995994 0.970258 0.00801137 0.0594837 0.00122766
0 0.213193 0.824526 0.426385 0.339291 0.00122745
0 0.423421 0.51025 0.613314 0.41716 0.00122673
0 0.916267 0.761101 0.167466 0.170906 0.00122417
0 0.810404 0.621527 0.379193 0.243161 0.00121928
0 0.466847 0.127723 0.307844 0.181141 0.00121826
0 0.274667 0.178825 0.160547 0.111808 0.00121611
0 0.538292 0.126237 0.288095 0.171905 0.00121047
0 0.917066 0.322914 0.165867 0.159635 0.00121045
0 0.667195 0.122536 0.302429 0.184736 0.00120951
0 0.14745 0.825084 0.2949 0.326439 0.0012087
0 0.245471 0.334593 0.208539 0.133884 0.00120799
0 0.0235423 0.971086 0.0470847 0.0578287 0.00120765
0 0.605275 0.525236 0.789451 0.525226 0.00120645
0 0.876376 0.862774 0.247249 0.220905 0.00120549
0 0.254107 0.621057 0.243971 0.162272 0.00120532
0 0.819462 0.218528 0.319038 0.201649 0.00120406
0 0.270471 0.411691 0.25787 0.202209 0.00120325
0 0.76295 0.284889 0.14434 0.129424 0.0011977
0 0.433881 0.41143 0.317486 0.170683 0.00119384
0 0.165651 0.667864 0.209021 0.153048 0.00119377
0 0.536242 0.913243 0.186767 0.173514 0.00119177
0 0.962003 0.811667 0.0759931 0.187498 0.00118848
0 0.949191 0.971707 0.101617 0.0565869 0.0011883
0 0.83584 0.0815466 0.328321 0.163093 0.00118758
0 0.982518 0.876361 0.0349647 0.247277 0.0011861
0 0.607007 0.124908 0.288497 0.172379 0.00117801
0 0.407448 0.177479 0.309501 0.186635 0.00117718
0 0.251353 0.666866 0.231885 0.152419 0.00117581
0 0.835868 0.911524 0.221737 0.176952 0.00117493
0 0.0146213 0.824055 0.0292426 0.321961 0.00117386
0 0.561478 0.811132 0.239826 0.18501 0.00117362
0 0.341966 0.4554 0.376175 0.255675 0.00117255
0 0.292122 0.247986 0.377919 0.228852 0.00117174
0 0.889948 0.222575 0.220105 0.209329 0.0011715
0 0.196299 0.253418 0.273819 0.226579 0.00116927
0 0.30465 0.176743 0.6093 0.353486 0.00116918
0 0.973413 0.811817 0.053175 0.355385 0.00116903
0 0.633629 0.221328 0.237186 0.195327 0.00116607
0 0.196111 0.0977933 0.392221 0.195587 0.00116493
0 0.00367069 0.203991 0.00734138 0.243493 0.00115341
0 0.694389 0.323682 0.25112 0.142828 0.00115277
0 0.909131 0.27648 0.181738 0.167704 0.00115276
0 0.00379395 0.255719 0.0075879 0.250004 0.00115153
0 0.809425 0.135685 0.38115 0.27137 0.00115109
0 0.966232 0.757874 0.0675359 0.182217 0.00114684
0 0.30761 0.668374 0.240506 0.157403 0.00114658
0 0.564398 0.222439 0.257239 0.170347 0.00114585
0 0.171016 0.522579 0.245642 0.164466 0.00114191
0 0.572787 0.266056 0.242318 0.156236 0.00114183
0 0.663256 0.930425 0.166425 0.139149 0.00114178
0 0.338125 0.182559 0.200287 0.117267 0.00113741
0 0.774415 0.125341 0.451171 0.206048 0.00113188
0 0.583701 0.930591 0.154701 0.138818 0.00112567
0 0.7518 0.46371 0.4964 0.384164 0.00112543
0 0.596881 0.15102 0.31491 0.140676 0.00112416
0 0.00383856 0.760033 0.00767712 0.344509 0.001122
0 0.443754 0.906488 0.196293 0.187024 0.00112117
0 0.00318518 0.845132 0.00637036 0.309735 0.00111572
0 0.918197 0.577881 0.163605 0.185065 0.0011137
0 0.704435 0.815987 0.237208 0.167586 0.00111333
0 0.123733 0.21609 0.247467 0.285366 0.00111163
0 0.959183 0.416331 0.0816338 0.184021 0.00111001
0 0.0021101 0.897723 0.0042202 0.204555 0.00110505
0 0.887502 0.912084 0.217833 0.175832 0.00110476
0 0.121138 0.340681 0.242275 0.14907 0.00110474
0 0.95768 0.468949 0.0846408 0.197378 0.00110301
0 0.629299 0.811904 0.233366 0.174545 0.00109997
0 0.353525 0.413906 0.304048 0.168435 0.00109984
0 0.893061 0.0991008 0.213877 0.198202 0.00109954
0 0.568055 0.67348 0.1332 0.0735035 0.0010982
0 0.00678797 0.953156 0.0135759 0.0936887 0.00109778
0 0.0946873 0.969727 0.189375 0.0605455 0.00109341
0 0.0868209 0.11608 0.173642 0.23216 0.00109189
0 0.10684 0.426949 0.213681 0.168667 0.00109102
0 0.733436 0.930412 0.174435 0.139176 0.00109081
0 0.468662 0.365825 0.250338 0.160239 0.00109037
0 0.512483 0.931585 0.158483 0.136831 0.00109016
0 0.172859 0.61942 0.228338 0.161452 0.00108975
0 0.566184 0.354824 0.251334 0.18101 0.00108736
0 0.174087 0.568896 0.23945 0.165745 0.00108734
0 0.658314 0.349447 0.188429 0.197166 0.00108705
0 0.141835 0.86216 0.283669 0.275681 0.00108701
0 0.835585 0.268375 0.276858 0.158999 0.00108315
0 0.113963 0.272172 0.227927 0.198819 0.00108048
0 0.863549 0.155268 0.272901 0.283333 0.00108017
0 0.0752106 0.622255 0.150421 0.180829 0.00108006
0 0.767401 0.095876 0.465197 0.191752 0.00107968
0 0.0918229 0.48445 0.183646 0.159556 0.00107775
0 0.961785 0.366392 0.0764298 0.177957 0.00107597
0 0.840292 0.148075 0.319417 0.175668 0.00107436
0 0.188274 0.106658 0.376549 0.213315 0.00107023
0 0.777175 0.817465 0.241593 0.165635 0.0010702
0 0.341506 0.370315 0.227877 0.156598 0.00106867
0 0.229974 0.406201 0.270025 0.228403 0.00106736
0 0.932396 0.668744 0.135208 0.160198 0.00106668
0 0.635868 0.258736 0.21704 0.167603 0.0010662
0 0.854825 0.815194 0.256342 0.171086 0.00106519
0 0.228429 0.0825828 0.409963 0.165166 0.00106282
0 0.0840658 0.531828 0.168132 0.167127 0.00106099
0 0.931747 0.713539 0.136506 0.161262 0.00106072
0 0.928494 0.625995 0.143013 0.161329 0.00105787
0 0.962009 0.319797 0.075983 0.177455 0.0010565
0 0.181838 0.473383 0.262084 0.164659 0.0010559
0 0.770397 0.768838 0.239644 0.159857 0.00105561
0 0.236222 0.363116 0.187998 0.195269 0.00105246
0 0.755403 0.24963 0.489194 0.255303 0.00104987
0 0.430792 0.934403 0.16372 0.131193 0.00104852
0 0.107859 0.0940783 0.215718 0.188157 0.00104852
0 0.602024 0.387888 0.305756 0.194487 0.00104628
0 0.181779 0.841443 0.363558 0.317114 0.00104523
0 0.959425 0.274122 0.0811501 0.186841 0.00104446
0 0.90174 0.934525 0.175227 0.13095 0.00104434
0 0.00330211 0.964716 0.00660423 0.0705685 0.00104132
0 0.479932 0.176766 0.270992 0.166932 0.00103956
0 0.573127 0.327363 0.243153 0.16954 0.00103904
0 0.307714 0.880803 0.309651 0.238393 0.00103848
0 0.818344 0.520156 0.363313 0.184654 0.00103693
0 0.00181569 0.125485 0.00363139 0.25097 0.00103429
0 0.878465 0.629926 0.243071 0.175122 0.00103177
0 0.204728 0.35539 0.245632 0.219189 0.00103113
0 0.897233 0.715955 0.205534 0.159998 0.00103043
0 0.792577 0.932428 0.170252 0.135144 0.00102862
0 0.970247 0.707857 0.0595064 0.175691 0.00102714
0 0.83671 0.677024 0.273897 0.163213 0.0010251
0 0.856479 0.92984 0.194131 0.14032 0.00102467
0 0.170135 0.168754 0.300333 0.150582 0.00101948
0 0.0804891 0.575648 0.160978 0.176919 0.0010169
0 0 0.00277044 0 0.00554087 0.00101608
0 0.892164 0.671593 0.215671 0.16093 0.00101523
0 0.852421 0.765773 0.255005 0.15822 0.00101082
0 0.859826 0.127046 0.280349 0.254091 0.00100678
0 0.651181 0.312698 0.191497 0.189369 0.00100467
0 0.103095 0.0811247 0.20619 0.162249 0.00100331
0 0.511602 0.115401 0.658983 0.197999 0.00100235
0 0.845138 0.718695 0.255846 0.160116 0.00100135
0 0.657459 0.272038 0.188236 0.137355 0.966067
0 0.223638 0.287331 0.209215 0.149592 0.870134
0 0.999771 0.113528 0.000458101 0.227056 0.447408
0 0.0365347 0.12452 0.0730695 0.249041 0.270849
0 0.866633 0.124075 0.266735 0.244476 0.1994
0 0.00749957 0.101248 0.0149991 0.202496 0.170601
0 0.443904 0.264788 0.251041 0.192483 0.12062
0 0.998822 0.887671 0.00235652 0.224657 0.0736761
0 0.999203 0.163294 0.00159486 0.276449 0.023935
0 0.0373776 0.887576 0.0747553 0.224848 0.023193
0 0.0435507 0.162659 0.0871013 0.275569 0.0225832
0 0.559749 0.671423 0.235019 0.0724154 0.0222699
0 0.872292 0.254333 0.255417 0.230772 0.0111806
0 0.857698 0.87879 0.284604 0.241971 0.011089
0 0.330319 0.19946 0.118785 0.0780777 0.00920193
0 0.549891 0.692006 0.268126 0.124104 0.00827914
0 0.997601 0.21762 0.00479847 0.281905 0.00782117
0 0.997647 0.467702 0.00470685 0.281684 0.00736034
0 0.99762 0.417722 0.00476101 0.281566 0.00725954
0 0.997616 0.642747 0.00476829 0.281812 0.00725137
0 0.997628 0.517673 0.00474377 0.2818 0.00723415
0 0.99758 0.267661 0.00484077 0.281683 0.00722044
0 0.997525 0.592799 0.00495072 0.281733 0.00718415
0 0.997635 0.367734 0.00472948 0.281603 0.00702101
0 0.997632 0.317683 0.00473609 0.281698 0.0069905
0 0.99774 0.692576 0.0045193 0.282091 0.00693504
0 0.997784 0.742404 0.00443226 0.282101 0.00662941
0 0.9978 0.792548 0.00440006 0.282109 0.006551
0 0.997742 0.843679 0.00451525 0.283633 0.00643192
0 0.705907 0.114727 0.318872 0.219098 0.00636394
0 0.0449248 0.212943 0.0898496 0.276372 0.00591558
0 0.54681 0.743391 0.300408 0.221356 0.00568599
0 0.64504 0.11554 0.34011 0.214598 0.00508101
0 0.561537 0.79166 0.309762 0.207362 0.00483986
0 0.999455 0.070244 0.00109028 0.140488 0.00479832
0 0.0462919 0.262911 0.0925839 0.276328 0.004718
0 0.043119 0.463084 0.086238 0.276819 0.00400167
0 0.867691 0.17655 0.264619 0.258739 0.00357053
0 0.0427649 0.413008 0.0855297 0.276784 0.00340625
0 0.958444 0.954797 0.0831128 0.0883144 0.00318593
0 0.742909 0.692223 0.270937 0.178088 0.00316167
0 0.0767607 0.128612 0.144951 0.233714 0.00309871
0 0.561678 0.660753 0.226093 0.113857 0.00308555
0 0.995752 0.867478 0.00849669 0.265043 0.00297593
0 0.73924 0.664506 0.260538 0.122273 0.00292342
0 0.0409407 0.663355 0.0818814 0.276093 0.00291026
0 0.0434215 0.512876 0.0868431 0.276521 0.00290833
0 0.126411 0.354635 0.250515 0.242896 0.00275743
0 1 0.889514 0 0.220971 0.00274157
0 0.502384 0.655795 0.0942744 0.0515971 0.00271381
0 0.0456413 0.312454 0.0912826 0.276131 0.0025392
0 1 0.955054 0 0.0898912 0.0024221
0 0.0406375 0.713261 0.081275 0.276077 0.00242199
0 0.0435756 0.362561 0.0871512 0.276384 0.00239472
0 0.996481 0.30166 0.00703844 0.342618 0.00238368
0 0.0414096 0.613169 0.0828193 0.27637 0.00230841
0 0.170407 0.746455 0.328598 0.255578 0.00229772
0 0.996602 0.40323 0.00679659 0.347058 0.00226855
0 0.996723 0.703376 0.00655474 0.349601 0.00223784
0 1 0.911856 0 0.176287 0.00223036
0 0.996951 0.810676 0.00609893 0.35533 0.00222248
0 0.574303 0.669518 0.17397 0.0678307 0.00220379
0 1 0.128384 0 0.256768 0.00214514
0 0.996559 0.604874 0.00688121 0.351457 0.00214094
0 0.996563 0.504502 0.00687353 0.351053 0.00213964
0 0.860593 0.286644 0.272661 0.302698 0.00211794
0 0.0396582 0.83946 0.0793165 0.276817 0.00211689
0 0.042499 0.562822 0.0849981 0.276402 0.00209966
0 0.995959 0.197109 0.00808103 0.349536 0.00209925
0 0.846614 0.362716 0.301772 0.364355 0.00205881
0 0.856019 0.163471 0.285331 0.326943 0.00200677
0 0.175746 0.262747 0.351491 0.2423 0.0019937
0 0.827409 0.769954 0.345181 0.270719 0.00198159
0 0.282158 0.305554 0.0909866 0.10738 0.00196935
0 0.0398252 0.788394 0.0796504 0.275522 0.00193199
0 0.590078 0.826422 0.34625 0.26219 0.00186746
0 0.830031 0.840328 0.337387 0.319345 0.00184748
0 1 0.903718 0 0.192564 0.00182542
0 1 0.976763 0 0.0464736 0.00180914
0 0.89496 0.627439 0.210079 0.238252 0.00179821
0 0.827342 0.42031 0.345315 0.394979 0.00177171
0 0.657582 0.173727 0.378984 0.329677 0.00176021
0 0.991573 0.155577 0.0168546 0.311153 0.00175509
0 0.967131 0.65997 0.0657385 0.35956 0.00174945
0 0.968108 0.760187 0.0637848 0.360127 0.00168275
0 0.776917 0.186215 0.434753 0.309463 0.00167672
0 0.880468 0.655702 0.239065 0.385868 0.00167341
0 0.961971 0.560144 0.076059 0.360871 0.00165301
0 0.970363 0.460623 0.0592731 0.353376 0.00162773
0 0.872575 0.554468 0.254851 0.393007 0.00162264
0 0.761194 0.319841 0.397579 0.12547 0.00162244
0 0.0443537 0.948888 0.0887075 0.102224 0.00161763
0 0.877414 0.754691 0.245171 0.395311 0.00160864
0 0.8416 0.141785 0.316799 0.283569 0.00160665
0 0.810695 0.474893 0.37861 0.425623 0.00159571
0 0.0705798 0.837454 0.14116 0.325091 0.00158133
0 0.833048 0.40823 0.333904 0.27108 0.0015784
0 0.980175 0.360852 0.0396502 0.339643 0.00157335
0 0.0717574 0.17876 0.143515 0.35752 0.00155693
0 0.31783 0.251673 0.605093 0.243648 0.0015445
0 0.998056 0.0809118 0.00388766 0.161824 0.00154079
0 0.882122 0.459871 0.235757 0.371449 0.00152044
0 0.887104 0.683656 0.225791 0.239045 0.0015078
0 0.56363 0.187071 0.534127 0.374142 0.00150181
0 0.790443 0.567876 0.419114 0.461381 0.0014764
0 0.205131 0.232176 0.380898 0.276422 0.0014711
0 0.901778 0.364869 0.196443 0.333977 0.00146802
0 0.696572 0.219827 0.269636 0.233741 0.00145723
0 0.450314 0.951015 0.320594 0.0979692 0.00145401
0 0.728584 0.173821 0.538498 0.347642 0.00145109
0 0.168775 0.862917 0.326774 0.260752 0.00144722
0 0.983474 0.255731 0.0330514 0.333167 0.00142871
0 0.0778907 0.423757 0.155781 0.407119 0.00142433
0 0.0701268 0.0946363 0.140254 0.189273 0.00141921
0 0.853404 0.527609 0.293192 0.254966 0.00141495
0 0.312611 0.956568 0.292067 0.0868647 0.00141306
0 0.0764179 0.228029 0.152836 0.417005 0.00141206
0 0.79588 0.667564 0.40824 0.437662 0.00141043
0 0.593075 0.945939 0.344351 0.108122 0.00141004
0 0.523338 0.946966 0.339691 0.106068 0.001403
0 0.444851 0.208765 0.507281 0.329605 0.00139741
0 0.956306 0.13126 0.0873877 0.262521 0.00139362
0 0.232251 0.956414 0.310423 0.0871717 0.00139039
0 0.377154 0.954981 0.291138 0.0900389 0.00139022
0 0.896773 0.846946 0.206454 0.306107 0.00138504
0 0.0774143 0.525963 0.154829 0.415988 0.00138383
0 0.882953 0.963669 0.234094 0.0726616 0.00136792
0 0.0774252 0.325982 0.15485 0.411272 0.00136103
0 0.0341184 0.97835 0.0682367 0.0432999 0.00135832
0 0.950185 0.0863876 0.0996299 0.172775 0.00135331
0 0.663635 0.944709 0.338905 0.110582 0.00134147
0 0.436685 0.241033 0.286947 0.242083 0.00133323
0 0.82851 0.0969764 0.342981 0.193953 0.00132832
0 1 0.169819 0 0.277833 0.00132018
0 0.0715245 0.962924 0.143049 0.0741512 0.00131694
0 0.408166 0.411043 0.768919 0.545771 0.0013114
0 0.0773916 0.166793 0.151494 0.231682 0.00130599
0 0.615531 0.37741 0.367926 0.38717 0.00129369
0 0.975847 0.854017 0.0483067 0.291967 0.00129291
0 0.644529 0.35068 0.320037 0.177021 0.00129211
0 0.176015 0.295668 0.352029 0.341952 0.0012909
0 0.0776241 0.777256 0.155248 0.421083 0.00128733
0 0.078738 0.628753 0.157476 0.424537 0.00128722
0 0.564794 0.3856 0.474231 0.439113 0.00128711
0 0.739242 0.949257 0.333431 0.101485 0.00128164
0 0.995009 0.100663 0.0099812 0.201326 0.00128141
0 0.304545 0.245468 0.327806 0.242031 0.00127842
0 0.874637 0.902658 0.250725 0.192667 0.00127569
0 0.625499 0.198587 0.684833 0.397173 0.00127485
0 0.761723 0.365926 0.431376 0.347546 0.00127068
0 0.898736 0.30722 0.202528 0.318428 0.00126746
0 0.996502 0.947558 0.00699506 0.104884 0.00125886
0 0.989052 0.961433 0.0218964 0.0771339 0.00125226
0 0.466356 0.379547 0.469291 0.453953 0.00125164
0 0 0.893521 0 0.20286 0.00124336
0 0.292426 0.197622 0.584853 0.395243 0.00123629
0 0.81191 0.802038 0.376179 0.395925 0.00122672
0 0 0.068078 0 0.136156 0.00122582
0 0.78216 0.14754 0.435679 0.295081 0.00121576
0 0.197509 0.246928 0.395019 0.397262 0.00121546
0 0.131202 0.960849 0.262404 0.0783013 0.00120702
0 0.645225 0.367639 0.249614 0.330404 0.00120089
0 0.832143 0.951132 0.321394 0.0977356 0.00119001
0 0.331253 0.743819 0.317212 0.24844 0.00118855
0 0.628574 0.256234 0.261148 0.183321 0.00118407
0 0.944013 0.871012 0.111975 0.257975 0.00118069
0 0 0.210052 0 0.167097 0.0011697
0 0.920089 0.159862 0.159821 0.319724 0.00116152
0 0.132016 0.189688 0.264032 0.379377 0.00115954
0 0 0.823265 0 0.162682 0.00115906
0 0.85051 0.58724 0.298981 0.250891 0.00115785
0 0.173792 0.955264 0.289589 0.0894716 0.00115243
0 0.826011 0.703109 0.347977 0.252963 0.0011487
0 0 0.150104 0 0.172179 0.0011204
0 0.32844 0.834841 0.656881 0.330319 0.0011179
0 0.960575 0.936466 0.0788507 0.127068 0.00111057
0 0.242444 0.956544 0.4749 0.0869125 0.00110785
0 0.305124 0.211935 0.610248 0.328612 0.00110624
0 0.273737 0.174071 0.278763 0.129547 0.00109906
0 0.344774 0.403238 0.689548 0.573651 0.00109893
0 0.331841 0.33102 0.419445 0.31772 0.00109731
0 0.0214587 0.0792502 0.0429174 0.1585 0.00109703
0 0.997585 0.969046 0.0048308 0.0619087 0.00109623
0 0.188207 0.356355 0.376415 0.416646 0.00109366
0 0.754752 0.727505 0.272839 0.245301 0.00109244
0 0 0.269728 0 0.176597 0.00109056
0 0.647339 0.32299 0.217691 0.134816 0.00108954
0 0.152808 0.115059 0.305616 0.230119 0.00108694
0 0 0.939204 0 0.121592 0.00108269
0 0.582736 0.779961 0.248832 0.175914 0.00108021
0 0.982392 0.980013 0.0352155 0.0399744 0.00107977
0 0.860977 0.442078 0.278045 0.26772 0.0010764
0 0.833347 0.46698 0.333307 0.239617 0.00107563
0 0.189827 0.384676 0.379654 0.457841 0.00107004
0 0.229937 0.203124 0.459875 0.406247 0.00106998
0 1 0.878625 0 0.24275 0.00106934
0 0 0.775122 0 0.169676 0.00106867
0 0 0.727526 0 0.179713 0.00106864
0 0.32123 0.951861 0.467131 0.0962782 0.00106551
0 0.264816 0.328766 0.148633 0.106775 0.00106504
0 0 0.324434 0 0.187584 0.00105989
0 0 0.677621 0 0.186222 0.0010582
0 0.291432 0.422273 0.444495 0.245087 0.00105201
0 0 0.628752 0 0.194399 0.00104758
0 0.786065 0.856113 0.42787 0.287774 0.00104681
0 1 0.78151 0 0.250909 0.00104295
0 0.849791 0.945779 0.294699 0.108442 0.00104023
0 1 0.731494 0 0.251256 0.00103945
0 0.476514 0.266935 0.180691 0.177196 0.00103844
0 0 0.579129 0 0.202163 0.0010358
0 0.822378 0.535761 0.355244 0.222752 0.00102974
0 1 0.832028 0 0.251674 0.00102875
0 0.598336 0.723347 0.648959 0.465008 0.00102659
0 0.444868 0.49314 0.508963 0.157679 0.00102595
0 0.402475 0.928005 0.530669 0.143989 0.00102525
0 0.948359 0.975699 0.103282 0.0486024 0.00102302
0 0.151573 0.854504 0.303145 0.290992 0.00102266
0 0.559358 0.828474 0.847122 0.343053 0.00102109
0 1 0.68163 0 0.250996 0.00102056
0 0.503957 0.120955 0.600697 0.24191 0.00101851
0 0.769985 0.114169 0.46003 0.228338 0.001017
0 0 0.527978 0 0.204967 0.00101411
0 0.136684 0.630329 0.273368 0.41816 0.00101283
0 0.369297 0.122352 0.626376 0.244704 0.00101277
0 0.814289 0.221135 0.353489 0.231602 0.00101034
0 0.0861317 0.883767 0.172263 0.232465 0.00100662
0 0.741959 0.864909 0.342272 0.249428 0.00100639
0 0.654731 0.2706 0.189644 0.135692 0.968332
0 0.22493 0.282972 0.210435 0.161459 0.459474
0 0.517523 0.608267 0.319236 0.231817 0.0144919
0 0.998079 0.109354 0.00384144 0.218708 0.00864704
0 0.00321007 0.104876 0.00642014 0.209752 0.00590463
0 0.120912 0.912804 0.236476 0.174392 0.00313664
0 0.344128 0.55078 0.380837 0.219879 0.00199497
0 0.271768 0.314818 0.106825 0.087924 0.00188274
0 0.215118 0.202825 0.210296 0.199484 0.00187113
0 0.99613 0.871366 0.00773934 0.257269 0.001753
0 0.998169 0.810969 0.00366103 0.354085 0.00154219
0 0.258752 0.326236 0.141746 0.0987879 0.00146009
0 0.997255 0.894661 0.00548939 0.210678 0.0014377
0 1 0.981029 0 0.0379412 0.00139782
0 0.998393 0.748462 0.00321479 0.32528 0.0013893
0 0.220885 0.173903 0.202543 0.159617 0.00138432
0 1 0.969934 0 0.0601324 0.00133443
0 0.960321 0.0752333 0.0793578 0.150467 0.00131552
0 0.989322 0.0793055 0.0213553 0.158611 0.00129569
0 0.453946 0.232026 0.336535 0.251502 0.00127019
0 0.328084 0.407075 0.656168 0.651668 0.0012338
0 0.998954 0.653339 0.00209244 0.328596 0.00122995
0 0.990265 0.170847 0.0194698 0.277214 0.00122654
0 0.998388 0.138205 0.00322368 0.27641 0.00120427
0 0.567263 0.599116 0.256692 0.243805 0.00120392
0 0.856752 0.12604 0.286496 0.186112 0.0012039
0 0.846113 0.157695 0.307775 0.255171 0.00120079
0 0.437019 0.554617 0.284176 0.233134 0.00119929
0 0.518126 0.383323 0.614094 0.506698 0.00118831
0 0.563975 0.256014 0.872051 0.512028 0.00118599
0 0.504812 0.318173 0.798154 0.543025 0.00118405
0 0.891009 0.0772533 0.217982 0.154507 0.00118145
0 0.983945 0.295924 0.0321102 0.246732 0.00117773
0 0.984556 0.348801 0.0308889 0.238993 0.00117225
0 0.946743 0.137668 0.106514 0.275336 0.00117194
0 0.985073 0.239428 0.0298544 0.26192 0.00116787
0 0.87566 0.175135 0.24868 0.35027 0.00116166
0 0.428186 0.105635 0.428443 0.21127 0.00116072
0 0.829425 0.807275 0.34115 0.385449 0.00115613
0 0.189539 0.0989585 0.379077 0.173842 0.00115055
0 0.959219 0.637913 0.0815614 0.294485 0.00114896
0 0.981776 0.442881 0.036447 0.25238 0.00114805
0 1 0.294285 0 0.30748 0.00114793
0 0.983797 0.398447 0.0324066 0.241854 0.00114785
0 0.0324704 0.679025 0.0649408 0.219183 0.00114557
0 0.982314 0.805668 0.0353716 0.238382 0.00114468
0 0.680911 0.155716 0.222772 0.167631 0.00114443
0 0.972484 0.543939 0.0550327 0.267696 0.00113532
0 0.4598 0.364952 0.647784 0.284027 0.00113482
0 1 0.548019 0 0.3154 0.0011345
0 1 0.392987 0 0.305956 0.00113424
0 0.36424 0.0905785 0.368525 0.181157 0.00112451
0 0.48421 0.257267 0.655841 0.463239 0.00112183
0 0.977872 0.49326 0.044256 0.259522 0.00111874
0 0.858807 0.743368 0.282386 0.41965 0.00111863
0 0.82485 0.503354 0.3503 0.272159 0.0011178
0 0.583391 0.355551 0.407663 0.187564 0.00111646
0 0.785815 0.239905 0.42837 0.457075 0.00111401
0 0.866878 0.916041 0.266244 0.167918 0.00111161
0 0.701952 0.146012 0.596096 0.292023 0.0011064
0 0.977928 0.756645 0.0441434 0.246453 0.00110432
0 0.672371 0.226635 0.298582 0.228309 0.00110268
0 0.870642 0.23992 0.258715 0.41944 0.00109343
0 0.794169 0.133414 0.411662 0.266828 0.00109004
0 0.190466 0.523658 0.380931 0.363582 0.00108822
0 0.966673 0.691518 0.0666539 0.283788 0.00108643
0 0.994557 0.131191 0.010885 0.212791 0.00108496
0 0.858114 0.390511 0.283771 0.431097 0.00108064
0 0.498851 0.127597 0.513668 0.255194 0.00108031
0 0.823397 0.582037 0.353206 0.495095 0.00108012
0 0.639107 0.231403 0.721785 0.462806 0.00107757
0 0.65736 0.688826 0.622652 0.455155 0.00107701
0 0.576355 0.141401 0.582651 0.282802 0.00107337
0 0.602225 0.136436 0.380023 0.222257 0.00106717
0 0.0307722 1 0.0615445 0 0.00106605
0 0.757989 0.242138 0.484022 0.484276 0.00105655
0 0.840237 0.487769 0.319527 0.468613 0.00105352
0 0.542619 0.725086 0.842688 0.549828 0.00104781
0 0.840328 0.0976199 0.319344 0.19524 0.00104224
0 0.894918 0.829706 0.210165 0.340588 0.00104133
0 0 0.478712 0 0.180856 0.00103911
0 0.841205 0.0810696 0.317591 0.162139 0.00103601
0 0.591627 0.384878 0.406107 0.384346 0.00103566
0 0.714296 0.717318 0.571409 0.544061 0.00103494
0 0.692254 0.319613 0.268699 0.195406 0.0010331
0 0.210043 0.42043 0.420087 0.547559 0.0010294
0 0.339017 0.513177 0.678034 0.586774 0.00102729
0 0.97744 0.898167 0.0451194 0.203665 0.00102467
0 0.997633 0.706053 0.00473406 0.308029 0.00101645
0 0 0.428465 0 0.206178 0.00101636
0 0.763254 0.215483 0.473492 0.430967 0.00101331
0 0.848042 0.678294 0.303916 0.452631 0.00100979
0 0.421217 0.181372 0.723042 0.362744 0.0010079
0 0.79749 0.178016 0.405019 0.356033 0.00100708
0 0.851293 0.120624 0.297414 0.241248 0.00100209
0 0.657848 0.26927 0.191212 0.137051 0.948208
0 0.225294 0.28486 0.204594 0.152533 0.414565
0 0.545459 0.657251 0.191319 0.129434 0.0330858
0 0.573948 0.653684 0.12196 0.0994599 0.0199791
0 0.49922 0.646585 0.115929 0.0611082 0.0149644
0 0.507937 0.655987 0.105473 0.0520929 0.012858
0 0.47836 0.640457 0.123718 0.0678561 0.0106598
0 1 0.0998696 0 0.199739 0.00826761
0 0.511154 0.674646 0.122233 0.0893648 0.00809891
0 0.535865 0.667066 0.152176 0.110282 0.00632016
0 0.279743 0.318048 0.0892884 0.081645 0.00568226
0 0.193367 0.217457 0.144217 0.0921787 0.00561951
0 0.189675 0.204543 0.125894 0.0689723 0.00432136
0 0.841667 0.895118 0.316667 0.209763 0.003717
0 0.552366 0.50252 0.134694 0.0756807 0.00350709
0 0.423413 0.137687 0.124173 0.0525537 0.00345547
0 0.572341 0.673163 0.157268 0.0737589 0.00319525
0 0.522807 0.662246 0.14186 0.071836 0.00305415
0 0.580773 0.635059 0.132961 0.0692178 0.00264173
0 1 0.967237 0 0.0655252 0.00230648
0 0.48967 0.654004 0.107219 0.0519279 0.00212996
0 0.518091 0.687379 0.152888 0.0765224 0.00178656
0 0.0914094 1 0.182819 0 0.00177229
0 0.124532 0.244084 0.0515783 0.0670922 0.00173314
0 0.157502 0.897599 0.313726 0.204802 0.00161995
0 1 0.181151 0 0.255441 0.00159749
0 0.489926 0.629713 0.130451 0.0799877 0.00152591
0 1 0.231069 0 0.255271 0.0014793
0 0.254271 0.300302 0.153769 0.1052 0.00140172
0 1 0.145391 0 0.236901 0.00133856
0 0.102135 0.776589 0.20427 0.216169 0.00131451
0 0.522638 0.642576 0.147459 0.0775797 0.0013125
0 1 0.92944 0 0.141121 0.00131021
0 0.541302 0.694774 0.123009 0.0517004 0.0012834
0 0.999432 0.912502 0.00113555 0.174995 0.00125529
0 0.660156 0.210798 0.196903 0.0184808 0.00115183
0 0.870313 0.313958 0.252043 0.120085 0.00112035
0 0.0997 0.721959 0.1994 0.199679 0.00110883
0 0.651 0.655246 0.10831 0.0832377 0.00110187
0 1 0.269383 0 0.236342 0.00109985
0 0.0749649 0.620476 0.14993 0.240119 0.00107405
0 0.0408243 0.563166 0.0816486 0.247026 0.00106829
0 0.106878 0.325999 0.213756 0.184393 0.00106063
0 0.618837 0.662744 0.106353 0.0694431 0.00105228
0 0.0982061 0.667975 0.196412 0.248661 0.00104505
0 0.00254381 0.08202 0.00508761 0.16404 0.00103846
0 0.206213 0.663455 0.26069 0.212796 0.00103609
0 0.0356438 0.734209 0.0712876 0.197789 0.00101698
0 0.0246236 0.790189 0.0492473 0.252242 0.00101568
0 0.895163 0.478429 0.201396 0.111472 0.00101488
0 0.224965 0.716011 0.301908 0.237884 0.00101414
0 0.997946 0.978492 0.00410728 0.0430166 0.00101245
0 0.0950675 0.85759 0.190135 0.28482 0.00100896
0 0.541233 0.704561 0.118746 0.0391193 0.00100712
0 0.06253 0.524743 0.12506 0.2082 0.00100463
0 1 0.319318 0 0.234247 0.00100395
0 0.393758 0.134317 0.131685 0.062957 0.00100252
0 0.655764 0.2715 0.189737 0.133955 0.941556
0 0.223773 0.285252 0.20519 0.150735 0.55207
0 0.570708 0.652375 0.136443 0.0945721 0.0962505
0 1 0.0984706 0 0.196941 0.0357057
0 0.283647 0.311812 0.0827041 0.0917028 0.0240119
0 0.499769 0.644698 0.0818499 0.0550271 0.00880727
0 0.999781 0.945376 0.000438699 0.109248 0.00753556
0 0.484848 0.644738 0.0692803 0.0531225 0.00585906
0 0 0.0521647 0 0.104329 0.00526932
0 0.184583 0.213107 0.136277 0.0785169 0.00478763
0 0.494846 0.652176 0.0757197 0.0425773 0.00456828
0 0 0.964881 0 0.0702383 0.00442891
0 0.0282423 0.092979 0.0564846 0.185958 0.00388408
0 0 0.732299 0 0.12885 0.0036926
0 0 0.706704 0 0.127476 0.00367405
0 0 0.68167 0 0.12695 0.00364723
0 1 0.0870415 0 0.174083 0.00331809
0 1 0.958364 0 0.0832716 0.00311909
0 0 0.757272 0 0.129568 0.00305619
0 0 0.656829 0 0.128146 0.00296119
0 0 0.96517 0 0.0696596 0.00291577
0 0 0.95305 0 0.0939003 0.00273768
0 1 0.114259 0 0.228517 0.00268485
0 1 0.0322491 0 0.0644983 0.00259828
0 0 0.631685 0 0.12808 0.00259613
0 0 0.616945 0 0.222046 0.00256605
0 0.931189 0.99884 0.137621 0.00232048 0.0025422
0 0.183152 0.203175 0.110069 0.0573372 0.00252562
0 0 0.667317 0 0.220815 0.00247505
0 0 0.607324 0 0.130196 0.00233853
0 0 0.971471 0 0.0570571 0.0023278
0 0.897974 0.999386 0.204053 0.00122871 0.00229838
0 0 0.0721972 0 0.144394 0.00225563
0 0 0.782926 0 0.132155 0.00224093
0 0 0.582451 0 0.130812 0.00216788
0 0.278972 0.294073 0.092024 0.120759 0.00211175
0 0 0.808072 0 0.132443 0.00209654
0 0.00113291 0.0197899 0.00226581 0.0395798 0.00209149
0 0 0.557861 0 0.132034 0.00204135
0 0 0.0447287 0 0.0894573 0.00200742
0 0 0.833949 0 0.135183 0.00197615
0 0 0.532845 0 0.132082 0.0019522
0 0 0.960461 0 0.0790787 0.00194404
0 0 0.508012 0 0.132568 0.00189893
0 0 0.445447 0 0.132183 0.00188601
0 0 0.420394 0 0.131984 0.00188405
0 0 0.395409 0 0.131962 0.00186984
0 0 0.470503 0 0.132457 0.0018673
0 0 0.370394 0 0.13191 0.00184846
0 0 0.345367 0 0.131756 0.00181012
0 0 0.641834 0 0.210863 0.001808
0 0 0.924492 0 0.151016 0.00179878
0 0 0.320279 0 0.131349 0.00175607
0 0.502838 0.631644 0.0960983 0.0776201 0.00173345
0 0 0.716988 0 0.220471 0.00170771
0 0.59268 0.654575 0.17954 0.106086 0.00166985
0 0 0.295128 0 0.130616 0.00163188
0 0 0.859199 0 0.136596 0.00162798
0 0 0.590429 0 0.213419 0.00156659
0 0 0.976982 0 0.0460355 0.00149139
0 0 0.269901 0 0.130242 0.00147923
0 0 0.692248 0 0.209965 0.00145969
0 1 0.0164655 0 0.032931 0.00144821
0 0 0.566248 0 0.223983 0.00144578
0 0 0.766097 0 0.222894 0.00139024
0 1 0.207188 0 0.205606 0.00134889
0 0.694671 0.351394 0.532906 0.2364 0.00134802
0 0.254907 0.320455 0.151042 0.102512 0.00133484
0 1 0.259408 0 0.20579 0.00132827
0 0 0.961363 0 0.0772736 0.00131954
0 0 0.74174 0 0.209681 0.00128781
0 0 0.245177 0 0.130855 0.0012732
0 0.0118569 0.946201 0.0237137 0.107598 0.00126823
0 0 0.36257 0 0.216211 0.00125058
0 0 0.0287109 0 0.0574218 0.00125014
0 0 0.312702 0 0.215834 0.0012464
0 0 0.412681 0 0.216042 0.00124306
0 0 0.462825 0 0.216422 0.00120996
0 0 0.513608 0 0.216177 0.00119345
0 0 0.884956 0 0.139479 0.00117489
0 0 0.790191 0 0.213788 0.00117069
0 0 0.914126 0 0.171747 0.00116821
0 0 0.261603 0 0.217983 0.0011676
0 0.869457 0.999591 0.261087 0.000817108 0.0011676
0 0 0.84003 0 0.224849 0.00115027
0 0 0.220392 0 0.131893 0.00114569
0 0 0.910125 0 0.139726 0.00111578
0 0.073754 0.510916 0.147508 0.220098 0.00110654
0 0.900156 1 0.199687 0 0.00110424
0 1 0.309787 0 0.204706 0.00110261
0 0 0.210533 0 0.220531 0.00109324
0 0.997521 0.979369 0.00495799 0.0412627 0.00109156
0 0.109785 0.850851 0.21957 0.298298 0.00108526
0 0.0738606 0.559502 0.147721 0.217731 0.00108115
0 1 0.979602 0 0.0407967 0.00107912
0 0 0.932386 0 0.135228 0.00104955
0 0.921164 1 0.157672 0 0.00104857
0 1 0.936767 0 0.126467 0.00104676
0 0 0.937285 0 0.12543 0.00104195
0 0.146234 0 0.15514 0 0.00103128
0 1 0.359197 0 0.205541 0.00101691
0 0.679738 0.298003 0.148522 0.0905967 0.00101268
0 0.658741 0.270024 0.191885 0.136039 0.928778
0 0.226715 0.288793 0.206962 0.147697 0.719141
0 1 0.0877683 0 0.175537 0.00101938
0 0.658851 0.270357 0.192799 0.135552 0.973074
0 0.225444 0.290365 0.205473 0.147771 0.815193
0 0.545621 0.651335 0.196666 0.160184 0.0103175
0 0.636054 0.293879 0.144294 0.0874059 0.00230273
0 0.49101 0.65192 0.308571 0.17034 0.00192058
0 0.521513 0.674948 0.129392 0.0938961 0.00185131
0 1 0.899721 0 0.200557 0.00137289
0 0.248209 0.321563 0.164933 0.10167 0.00124099
0 1 0.940262 0 0.119475 0.00123633
0 0.281511 0.307264 0.0861633 0.107902 0.00120291
0 0.214504 0.318248 0.166018 0.0918143 0.00114025
0 0.657369 0.270503 0.188495 0.134083 0.971116
0 0.223775 0.288859 0.206889 0.14553 0.875404
0 0.188308 0.205965 0.11011 0.0619022 0.0163584
0 0.4976 0.652891 0.0790827 0.0411194 0.0106425
0 0.56699 0.662209 0.113737 0.0913416 0.00594278
0 0.288447 0.178738 0.0591948 0.110879 0.00406902
0 0.28119 0.172341 0.0774023 0.0951444 0.00391427
0 0.492072 0.665848 0.0752864 0.0664476 0.00266561
0 0.507509 0.675672 0.104979 0.0918081 0.00192397
0 0.192813 0.220483 0.12973 0.100726 0.00153804
0 0.120068 0.236823 0.0418575 0.0781994 0.00126458
0 0.283428 0.180654 0.0985027 0.10857 0.00125553
0 0.191372 0.227697 0.0975702 0.0271656 0.00120261
0 0.549946 0.649961 0.180244 0.13416 0.00119079
0 0.306547 0.337097 0.257522 0.166677 0.0010253
0 0.655717 0.270516 0.191681 0.133364 0.933591
0 0.225022 0.287271 0.200222 0.147389 0.864136
0 0.492216 0.651992 0.0596613 0.037427 0.0319721
0 0.496778 0.640847 0.0695132 0.0618965 0.00549479
0 0.655932 0.272599 0.187326 0.131196 0.969624
0 0.225118 0.290116 0.201105 0.14602 0.964705
0 0.564288 0.654611 0.15541 0.119323 0.00877007
0 0.526359 0.654056 0.127392 0.125469 0.00491738
0 0.50062 0.64299 0.0744145 0.0637997 0.00352683
0 0.000468231 0.0700265 0.000936462 0.140053 0.00306077
0 0.503262 0.648705 0.0828065 0.114131 0.00235818
0 0.497906 0.672552 0.0719803 0.0815786 0.00235438
0 0.498836 0.656198 0.0713822 0.0506762 0.00223436
0 0.481567 0.627909 0.113165 0.0908674 0.00188512
0 1 0.0863855 0 0.172771 0.00148443
0 0.498712 0.630611 0.0871375 0.0812937 0.00129505
0 0.999064 0.106471 0.00187255 0.212941 0.00128141
0 0.610214 0.65216 0.192908 0.112215 0.00112737
0 0.65616 0.270835 0.185798 0.132771 0.934663
0 0.222986 0.289267 0.201698 0.14233 0.829032
0 0.490462 0.653205 0.0611508 0.0403437 0.11902
0 0.501844 0.639142 0.0782522 0.0702034 0.0149845
0 0.549665 0.661927 0.159277 0.124028 0.00670936
0 0.547222 0.672372 0.12772 0.105424 0.00481911
0 0.4822 0.631231 0.0873103 0.0825155 0.00236731
0 0.528298 0.716058 0.0830166 0.0249594 0.00192879
0 0.491936 0.660982 0.0637177 0.0593712 0.00149039
0 0.540088 0.706853 0.101937 0.0409681 0.00136538
0 0.495225 0.679738 0.0551525 0.0860308 0.00119462
0 0.658887 0.272627 0.19479 0.137737 0.960659
0 0.226296 0.289696 0.207263 0.147372 0.889709
0 0.571397 0.656331 0.13546 0.118532 0.109447
0 0.55606 0.665419 0.171879 0.120131 0.0061345
0 0.00292517 0.0691027 0.00585033 0.138205 0.0014592
0 0.5054 0.648646 0.239999 0.135642 0.00144175
0 0.65697 0.272833 0.193073 0.138732 0.955729
0 0.22553 0.290339 0.206829 0.146209 0.912472
0 0.570133 0.664215 0.138047 0.119953 0.602526
0 0.494489 0.65432 0.0774419 0.0411533 0.0570334
0 0.538176 0.669534 0.161609 0.116905 0.0423888
0 0.550321 0.677089 0.127851 0.0931016 0.0304942
0 0.492964 0.644963 0.0817479 0.0574049 0.0127498
0 0.50101 0.666274 0.0964504 0.0638905 0.0124354
0 0.542727 0.697921 0.110914 0.0544199 0.00682938
0 0.516952 0.680826 0.147186 0.0893692 0.00602276
0 0.526124 0.695627 0.128998 0.0657064 0.00454672
0 0.52283 0.70745 0.103672 0.0480413 0.00430298
0 0.534364 0.707611 0.0972347 0.0380789 0.00332791
0 0.49136 0.627646 0.0912892 0.0924864 0.00173843
0 0.455617 0.692239 0.153713 0.0866877 0.00157491
0 0.483627 0.692791 0.152253 0.0831953 0.00132978
0 0.190339 0.186615 0.109501 0.0753408 0.00121541
0 0.432504 0.687385 0.139755 0.0955838 0.00109649
0 0.588206 0.663557 0.11591 0.0796095 0.00102392
0 0.655889 0.270962 0.191882 0.135703 0.942663
0 0.225724 0.2885 0.207069 0.150091 0.825935
0 0.493858 0.653564 0.0751261 0.0421948 0.225271
0 0.560744 0.676359 0.135859 0.0818654 0.0305108
0 0.543564 0.6837 0.109722 0.0802502 0.0123542
0 0.546182 0.698904 0.116995 0.0550888 0.00628359
0 0.497209 0.632391 0.0905713 0.0817618 0.00617638
0 0.518459 0.663309 0.133807 0.0701345 0.00559891
0 0.500945 0.668676 0.0995808 0.0692099 0.00486499
0 0.571318 0.66289 0.154382 0.120248 0.00436616
0 0.522953 0.683216 0.112394 0.0841668 0.00407426
0 0.542463 0.709819 0.112035 0.0409925 0.00396461
0 0.514502 0.638498 0.130533 0.0762745 0.00372485
0 0.31008 0.29151 0.0273894 0.123054 0.00327683
0 0.533388 0.691617 0.110091 0.070268 0.00321832
0 0.528571 0.709315 0.0990338 0.0485029 0.00211695
0 0.564168 0.649401 0.180938 0.140907 0.00209558
0 0.579776 0.667622 0.112224 0.0704893 0.00197507
0 0.512342 0.627615 0.11709 0.0768953 0.00147941
0 0.563609 0.647963 0.125508 0.100657 0.00131071
0 0.502835 0.616527 0.109014 0.0944859 0.00124334
0 0.507463 0.645872 0.102014 0.0978735 0.00107505
0 0.656347 0.269857 0.189822 0.131217 0.958425
0 0.225316 0.282231 0.207482 0.155336 0.417606
0 0.554897 0.677102 0.115608 0.0905171 0.0271493
0 0.276 0.312347 0.102673 0.0904066 0.00291586
0 0.558423 0.654071 0.126885 0.130535 0.00149403
0 0.656109 0.270516 0.192019 0.134717 0.963439
0 0.22591 0.289226 0.202573 0.145831 0.939161
0 0.581814 0.65596 0.162961 0.132769 0.0676817
0 0.585569 0.691038 0.180904 0.06821 0.00184012
0 0.259658 0.301654 0.134536 0.111042 0.0011397
0 0.233545 0.336792 0.245802 0.114366 0.0010076
0 0.656187 0.272317 0.192357 0.139066 0.938096
0 0.226235 0.290733 0.206041 0.14806 0.888435
0 0.249469 0.293952 0.157209 0.129656 0.00325105
0 0.579026 0.648596 0.201776 0.15427 0.00159975
0 0.655131 0.27093 0.192655 0.134119 0.9342
0 0.224517 0.288967 0.210381 0.144473 0.884875
0 0.571898 0.662083 0.123301 0.0823296 0.00160559
0 0.495112 0.652272 0.0869274 0.0556749 0.00115405
0 0.654816 0.273326 0.187542 0.135436 0.940307
0 0.218774 0.288388 0.213446 0.147989 0.681143
0 0.548307 0.643743 0.222362 0.143332 0.00519623
0 0.91635 1 0.1673 0 0.00274973
0 0.88914 1 0.221721 0 0.00257497
0 0.179679 1 0.251277 0 0.00221103
0 0.851575 1 0.251699 0 0.00214599
0 0.232695 1 0.25233 0 0.00208447
0 0.126186 1 0.250478 0 0.00206851
0 0.320923 1 0.252906 0 0.00202287
0 0.762063 1 0.25135 0 0.00201954
0 0.391669 1 0.253245 0 0.0020052
0 0.621076 1 0.253019 0 0.00198044
0 0.691541 1 0.252391 0 0.0019738
0 0.479908 1 0.253445 0 0.00197036
0 0.550513 1 0.253325 0 0.00196551
0 0.0819829 1 0.163966 0 0.00185962
0 1 0.898548 0 0.202903 0.00118522
0 0.657504 0.272017 0.192345 0.137038 0.929561
0 0.225939 0.288352 0.207263 0.147308 0.858225
0 0.655442 0.269596 0.189489 0.138308 0.931297
0 0.22414 0.288452 0.202964 0.146367 0.893759
0 0.572065 0.638781 0.238469 0.16174 0.00449936
0 0.651084 0.309948 0.177612 0.0577694 0.00142865
0 0.582977 0.788326 0.228243 0.183041 0.00131157
0 0.65636 0.271405 0.191627 0.135332 0.956228
0 0.225805 0.289401 0.204563 0.146205 0.89866
0 1 0.0645339 0 0.129068 0.0012013
0 0.657821 0.271464 0.18887 0.134462 0.928563
0 0.225257 0.285879 0.20177 0.14864 0.550044
0 0.65587 0.270787 0.187959 0.136413 0.909705
0 0.223509 0.290596 0.201619 0.140911 0.842086
0 0.656951 0.270115 0.188235 0.136682 0.893405
0 0.226349 0.288874 0.207201 0.14394 0.235647
0 0.555871 0.678657 0.160676 0.0867497 0.00158796
0 0.658831 0.270137 0.191813 0.1365 0.95263
0 0.223925 0.288407 0.201791 0.146057 0.727892
0 0.655531 0.270144 0.190094 0.138586 0.942558
0 0.222991 0.288814 0.202088 0.143307 0.855475
0 0.564768 0.674481 0.152127 0.0865557 0.157016
0 0.499054 0.632562 0.0881132 0.0773594 0.0804337
0 0.492698 0.650379 0.0660026 0.0457939 0.0597132
0 0.520761 0.669601 0.120927 0.107902 0.034935
0 0.550043 0.685646 0.123696 0.0785883 0.0344313
0 0.540501 0.694909 0.103125 0.0614214 0.00802026
0 0.264479 0.310407 0.123268 0.0940008 0.00505058
0 0.533375 0.711788 0.0939606 0.0293093 0.00450131
0 0.544055 0.700549 0.103295 0.0443213 0.00403865
0 0.575535 0.670349 0.101535 0.0713591 0.00271523
0 0.550763 0.705089 0.118802 0.0298647 0.00252273
0 0.575279 0.651693 0.108794 0.0360634 0.00154831
0 0.657175 0.271717 0.189932 0.134422 0.961295
0 0.225148 0.289317 0.203684 0.142209 0.935529
0 0.566202 0.67474 0.143793 0.0855999 0.0922398
0 0.494864 0.649338 0.0712961 0.0443211 0.0844693
0 0.49766 0.624947 0.0885285 0.0908995 0.0403822
0 0.550973 0.685479 0.116014 0.0692789 0.0215685
0 0.188102 0.214056 0.115446 0.0690485 0.013463
0 0.554646 0.648749 0.179176 0.129595 0.00712568
0 0.537957 0.71466 0.108582 0.0229828 0.00391927
0 0.524454 0.662926 0.137282 0.117211 0.00292687
0 0.543125 0.700801 0.111563 0.0465184 0.00191264
0 0.514663 0.690145 0.135261 0.0779596 0.00181685
0 0.182564 0.235496 0.110775 0.0320515 0.0011785
0 0.547152 0.706603 0.115073 0.0307434 0.00110169
0 0.655436 0.272046 0.190343 0.132673 0.936768
0 0.224233 0.289095 0.202922 0.14201 0.911697
0 0.563934 0.672679 0.150272 0.0921235 0.132484
0 0.546796 0.666126 0.159826 0.114695 0.00707233
0 0.497453 0.626728 0.096227 0.0898703 0.00385301
0 0.493645 0.64746 0.0756975 0.0520151 0.00273921
0 0.542737 0.686628 0.115171 0.0745924 0.00149372
0 0.657029 0.269786 0.191364 0.134714 0.937741
0 0.225891 0.288334 0.203932 0.141968 0.931244
0 0.192416 0.180599 0.112435 0.111199 0.00399604
0 0.542023 0.666512 0.175364 0.119923 0.00116948
0 0.656418 0.270323 0.192517 0.137664 0.916783
0 0.225783 0.288818 0.20089 0.14829 0.904808
0 0.563614 0.662038 0.13291 0.126458 0.0130396
0 0.553315 0.682186 0.125721 0.093959 0.00101788
0 0.657023 0.269552 0.191044 0.135894 0.950634
0 0.224604 0.289177 0.203162 0.143703 0.910823
0 0.567595 0.668876 0.157096 0.114724 0.00504955
0 0.556128 0.684286 0.125571 0.0853096 0.00218486
0 0.234447 0.305303 0.184074 0.108053 0.00161084
0 0 0.0445104 0 0.0890208 0.00108159
0 0.547153 0.634855 0.161134 0.12628 0.00103353
0 0.6563 0.270878 0.189631 0.137101 0.955805
0 0.226885 0.289963 0.204496 0.139608 0.806156
0 0.815882 0.868063 0.368236 0.26066 0.00323063
0 0 0.0611187 0 0.122237 0.00216418
0 0 0.0914658 0 0.182932 0.00107776
0 0.656222 0.269869 0.189479 0.134361 0.924889
0 0.226259 0.288398 0.20675 0.142542 0.836364
0 0.596729 0.653972 0.16478 0.10207 0.00238662
0 0.496574 0.630833 0.0968924 0.0877331 0.00207851
0 0.268922 0.17817 0.106329 0.101423 0.00189015
0 0.00112443 0.112553 0.00224885 0.225106 0.00178697
0 0.249525 0.180958 0.170446 0.105939 0.00166244
0 0.288636 0.489973 0.107568 0.0859192 0.00131285
0 0.655978 0.270539 0.188812 0.135895 0.934018
0 0.225241 0.290647 0.207341 0.142979 0.836201
0 0.559987 0.658964 0.230324 0.134472 0.00123717
0 0.656402 0.271661 0.189824 0.135795 0.929342
0 0.224295 0.289571 0.203953 0.145084 0.919795
0 0.578335 0.658412 0.17671 0.143894 0.00160019
0 1 0.925087 0 0.149827 0.00137969
0 1 0.945844 0 0.108313 0.00104916
0 0.655092 0.271743 0.18862 0.135386 0.934779
0 0.223443 0.289969 0.201266 0.143487 0.933871
0 0.654028 0.270469 0.189651 0.135069 0.930433
0 0.225861 0.290214 0.204846 0.138646 0.922968
0 0.574755 0.673087 0.146852 0.0808785 0.138017
0 0.557557 0.656884 0.184278 0.110191 0.0461921
0 0.550422 0.671979 0.165321 0.100276 0.0154571
0 0.545068 0.643012 0.173999 0.116682 0.0148735
0 0.569524 0.708859 0.141252 0.0257504 0.00784006
0 0.199004 0.19624 0.107986 0.0893911 0.00610253
0 0.492973 0.649747 0.0754187 0.0464765 0.00553197
0 0.494071 0.646789 0.0785027 0.0800945 0.00520136
0 0.566282 0.633884 0.168579 0.124766 0.00450439
0 0.5491 0.680151 0.126012 0.0903595 0.0042923
0 0.218724 0.193163 0.144801 0.0965205 0.00359505
0 0.535167 0.698107 0.100608 0.0560738 0.00356745
0 0.236858 0.18629 0.171813 0.104637 0.0035293
0 0.492246 0.629602 0.0818787 0.0835435 0.00310449
0 0.18574 0.208486 0.114597 0.0821072 0.00301853
0 0.259572 0.182639 0.118127 0.092732 0.00220832
0 0.226397 0.288024 0.207807 0.145103 0.938901
0 0.657959 0.271287 0.194533 0.137058 0.93657
0 0.559442 0.654215 0.189989 0.134639 0.00881133
0 0.262012 0.182642 0.118099 0.0921198 0.00280691
0 0.656695 0.270252 0.190396 0.136295 0.948271
0 0.225508 0.288605 0.200305 0.146064 0.946667
0 0.578494 0.67793 0.174622 0.110431 0.0098885
0 0.225042 0.289474 0.206661 0.143223 0.935023
0 0.656394 0.270672 0.190628 0.134273 0.929889
0 0.554325 0.67866 0.184946 0.102399 0.00816113
0 0.223677 0.289396 0.20397 0.143574 0.930762
0 0.653965 0.270589 0.186758 0.133894 0.928322
0 0.571042 0.662597 0.192311 0.124395 0.00153989
0 0.22625 0.289391 0.20623 0.145523 0.937048
0 0.656566 0.271519 0.195024 0.137525 0.924543
0 0.655602 0.272429 0.192322 0.136772 0.93898
0 0.223701 0.290669 0.201013 0.144513 0.899577
0 0.56669 0.680171 0.139912 0.0894062 0.142321
0 0.57226 0.695029 0.160812 0.0636954 0.0520685
0 0.571579 0.664332 0.14149 0.10703 0.00532089
0 0.574129 0.709039 0.166024 0.0362209 0.005137
0 0.493591 0.649922 0.0790758 0.0552988 0.00139741
0 0.549713 0.684491 0.120756 0.0811463 0.00122997
0 0.657268 0.27193 0.191375 0.1346 0.948572
0 0.225624 0.290064 0.204459 0.143723 0.920705
0 0.57847 0.677063 0.174216 0.0894356 0.560414
0 0.563585 0.663957 0.207193 0.118466 0.159033
0 0.590169 0.66604 0.152435 0.0683054 0.0345218
0 0.504878 0.637982 0.103178 0.0763094 0.0195053
0 0.50714 0.661367 0.106233 0.0662966 0.00771359
0 0.561132 0.64134 0.215634 0.113205 0.00381673
0 0.493934 0.65157 0.0834349 0.0522467 0.00352482
0 0.233379 0.178794 0.177748 0.118413 0.00221631
0 0.5043 0.624922 0.114707 0.0941711 0.0018356
0 0.522378 0.674515 0.123472 0.0894132 0.0017524
0 0.656914 0.271901 0.191616 0.134574 0.947705
0 0.226468 0.289763 0.202308 0.143995 0.936227
0 0.583468 0.676775 0.177592 0.0930066 0.132529
0 0.580224 0.658194 0.186421 0.116173 0.00586097
0 0.65722 0.271946 0.19336 0.1356 0.946851
0 0.226289 0.290178 0.203716 0.141501 0.935748
0 0.655999 0.271517 0.192095 0.136659 0.953612
0 0.223487 0.289707 0.203569 0.143023 0.942693
0 0.656078 0.271072 0.193497 0.135267 0.943083
0 0.224656 0.288895 0.205668 0.142324 0.918511
0 0.562817 0.653855 0.205742 0.142539 0.0142989
0 0.494718 0.638608 0.077648 0.0724747 0.00356522
0 0.493819 0.651234 0.0735639 0.052308 0.00172656
0 0.65713 0.271803 0.193463 0.137612 0.942161
0 0.22398 0.290138 0.206921 0.146695 0.902137
0 0.581261 0.657715 0.181491 0.139024 0.0185137
0 0.65864 0.270661 0.196931 0.137459 0.945085
0 0.22308 0.288583 0.202832 0.144597 0.943816
0 0.575649 0.676469 0.178164 0.106722 0.0941111
0 0.201695 0.182661 0.118162 0.10833 0.00649953
0 0.55857 0.648577 0.205315 0.156063 0.00220196
0 0.656739 0.270987 0.192627 0.13684 0.932265
0 0.22515 0.28902 0.205277 0.145315 0.928338
0 0.580288 0.675986 0.173194 0.0910486 0.150127
0 0.57653 0.660827 0.184516 0.124855 0.0731068
0 0.293537 0.12428 0.0902966 0.0720187 0.00372722
0 0.284051 0.13963 0.100469 0.0495239 0.00295366
0 0.274842 0.138735 0.112242 0.0598733 0.00283898
0 0.215698 0.184564 0.150531 0.106475 0.00208324
0 0.194184 0.182194 0.106689 0.0901927 0.00112447
0 0.656363 0.271015 0.190317 0.13552 0.940219
0 0.224569 0.290239 0.202749 0.143034 0.922388
0 0.572935 0.660678 0.198351 0.142617 0.00955097
0 0.199015 0.183044 0.112973 0.0946766 0.00375019
0 0.233273 0.189375 0.182047 0.102205 0.00124181
0 0.657997 0.2715 0.193815 0.136004 0.944315
0 0.226091 0.289139 0.206539 0.144922 0.929201
0 0.564046 0.656002 0.21298 0.156808 0.00243633
0 0.657024 0.270741 0.191857 0.13876 0.961621
0 0.224086 0.289266 0.206959 0.144943 0.945706
0 0.213801 0.162765 0.145153 0.14561 0.00611483
0 0.656626 0.27069 0.188578 0.136749 0.931533
0 0.223494 0.289575 0.201889 0.144959 0.920055
0 0.562157 0.65085 0.2085 0.153705 0.0266104
0 0.196969 0.164991 0.110943 0.144121 0.00947312
0 0.223976 0.165649 0.164382 0.144119 0.0030988
0 0.485549 0.626074 0.107421 0.0997057 0.0021059
0 0.464937 0.626823 0.132435 0.0991924 0.00180546
0 0.551418 0.675961 0.210852 0.119849 0.00134975
0 0.656497 0.270725 0.191298 0.136311 0.950573
0 0.223563 0.289803 0.202256 0.145222 0.943368
0 0.552468 0.652892 0.189253 0.14659 0.0147357
0 0.200077 0.164104 0.117208 0.145281 0.00496793
0 0.492151 0.625668 0.0935806 0.0993656 0.0031762
0 0.565177 0.674553 0.180963 0.110612 0.00205955
0 0.471869 0.62618 0.116399 0.098469 0.00193827
0 0.655804 0.271527 0.192625 0.135857 0.942179
0 0.224213 0.289856 0.200347 0.143813 0.92197
0 0.570634 0.655309 0.189854 0.137553 0.0047244
0 0.193591 0.16823 0.11103 0.128279 0.00217827
0 0.303797 0.12117 0.103626 0.0736575 0.00133366
0 0.578447 0.653894 0.143108 0.12605 0.00129617
0 0.227621 0.180768 0.0381326 0.0883669 0.00106577
0 0.657671 0.271283 0.191761 0.135084 0.940609
0 0.225787 0.290039 0.206986 0.141724 0.913669
0 0.576657 0.664278 0.192444 0.136018 0.0739334
0 0.225078 0.181322 0.044975 0.0878308 0.0146314
0 0.207672 0.182391 0.0797824 0.0886692 0.00655748
0 0.496123 0.626146 0.101268 0.0919272 0.00494674
0 0.475406 0.625558 0.125206 0.0908373 0.00155035
0 0.194246 0.181764 0.10957 0.0931859 0.00151336
0 0.232729 0.182104 0.0396405 0.092238 0.00148086
0 0.656302 0.271444 0.191883 0.135538 0.944812
0 0.226291 0.28935 0.204202 0.143513 0.898498
0 0.195598 0.179015 0.107746 0.112745 0.00157593
0 0.56495 0.669732 0.228262 0.142509 0.00134787
0 0.656447 0.2722 0.193523 0.137016 0.952677
0 0.22437 0.289217 0.203564 0.146825 0.940425
0 0.567219 0.665227 0.226475 0.148989 0.0488679
0 0.655663 0.271736 0.192905 0.135112 0.945529
0 0.223218 0.289666 0.201896 0.145016 0.934003
0 0.56735 0.664127 0.230037 0.149483 0.0183909
0 0.656424 0.27149 0.18986 0.133736 0.950961
0 0.224072 0.289298 0.202999 0.144135 0.928187
0 0.211331 0.162933 0.138074 0.149728 0.00183896
0 0.656888 0.270207 0.191616 0.135067 0.952347
0 0.22481 0.289193 0.204816 0.143935 0.920831
0 0.577088 0.690936 0.196365 0.125727 0.219682
0 0.231453 0.162259 0.18241 0.154011 0.00132753
0 0.656683 0.271246 0.191924 0.13694 0.952566
0 0.225395 0.288832 0.203961 0.146432 0.924978
0 0.5755 0.679162 0.200079 0.116388 0.101744
0 0.569912 0.656249 0.214704 0.155397 0.0259256
0 0.576324 0.727141 0.209482 0.117211 0.00239415
0 0.221142 0.161341 0.1566 0.146739 0.00211967
0 0.656808 0.272072 0.192848 0.138527 0.961934
0 0.224793 0.289942 0.202991 0.145059 0.938896
0 0.575031 0.675931 0.194207 0.10748 0.00811568
0 0.566591 0.658528 0.177312 0.133548 0.00223155
0 0.550898 0.642085 0.178639 0.130067 0.0019121
0 0.656278 0.271909 0.193403 0.136195 0.949424
0 0.224743 0.289934 0.203336 0.144361 0.922723
0 0.578426 0.675505 0.186416 0.110808 0.0257988
0 0.560371 0.661024 0.19538 0.137196 0.00299314
0 0.8716 0.577882 0.13524 0.105903 0.00125726
0 0.657255 0.271248 0.192044 0.134919 0.950948
0 0.224869 0.289923 0.203971 0.143319 0.939199
0 0.579421 0.685485 0.198653 0.106037 0.321069
0 0.575304 0.666725 0.188145 0.134034 0.00765434
0 0.559067 0.648739 0.194863 0.13692 0.00219839
0 0.200317 0.17671 0.112655 0.117959 0.00124946
0 0.656536 0.27164 0.193134 0.135401 0.953659
0 0.224242 0.28903 0.204714 0.145341 0.945181
0 0.571147 0.67872 0.221412 0.112089 0.00637191
0 0.196323 0.161641 0.107595 0.137827 0.00574049
0 0.536925 0.614784 0.166107 0.102323 0.00150345
0 0.655839 0.271896 0.190835 0.137491 0.941377
0 0.223803 0.28979 0.201641 0.144055 0.940166
0 0.191039 0.160896 0.111028 0.132556 0.00164855
0 0.563633 0.684085 0.250973 0.119987 0.00133134
0 0.656894 0.270803 0.193128 0.13617 0.947441
0 0.224726 0.28952 0.204579 0.143725 0.941714
0 0.556349 0.685006 0.249153 0.150009 0.0219015
0 0.195515 0.161049 0.105716 0.141956 0.00196887
0 0.656626 0.271154 0.194141 0.135407 0.951488
0 0.223196 0.289479 0.205598 0.143943 0.939593
0 0.547194 0.683434 0.263151 0.160019 0.016831
0 0.196736 0.165648 0.109222 0.144352 0.00265891
0 0.656671 0.272398 0.192525 0.136989 0.949895
0 0.224182 0.290733 0.201871 0.145118 0.926536
0 0.556829 0.672609 0.240868 0.126247 0.00929414
0 0.203425 0.17135 0.120369 0.133477 0.00166562
0 0.563457 0.645921 0.226275 0.158349 0.00121316
0 0.656547 0.271581 0.194213 0.136619 0.951665
0 0.223788 0.289929 0.205979 0.144532 0.934427
0 0.561126 0.675882 0.236936 0.115076 0.0112031
0 0.20156 0.16572 0.11976 0.143872 0.00119252
0 0.656013 0.271186 0.192357 0.136185 0.960442
0 0.225552 0.289933 0.202918 0.143239 0.94506
0 0.569813 0.677751 0.225671 0.107881 0.0462194
0 0.199059 0.163806 0.115344 0.140069 0.00600299
0 0.565407 0.651597 0.22125 0.134383 0.00196852
0 0.569784 0.7404 0.233483 0.111203 0.00128249
0 0.65695 0.271399 0.191714 0.136056 0.959895
0 0.224612 0.290255 0.205722 0.142601 0.939086
0 0.577902 0.676622 0.213409 0.114018 0.1718
0 0.231674 0.161949 0.176962 0.147278 0.0482992
0 0.571546 0.645507 0.225792 0.167769 0.00760187
0 0.630942 0.680195 0.275066 0.110545 0.00121729
0 0.656352 0.271342 0.192453 0.134753 0.956468
0 0.224044 0.290256 0.205171 0.142118 0.940044
0 0.585297 0.677616 0.192365 0.115261 0.297251
0 0.571507 0.646246 0.227552 0.176917 0.00861593
0 0.22187 0.162376 0.158869 0.146164 0.00455328
0 0.578281 0.696411 0.215671 0.115726 0.00113743
0 0.656388 0.271461 0.193698 0.135714 0.956295
0 0.224513 0.289928 0.203988 0.143009 0.940766
0 0.569477 0.684734 0.221145 0.119197 0.179703
0 0.568353 0.648152 0.227729 0.172655 0.00227697
0 0.201252 0.164664 0.118049 0.143714 0.00190986
0 0.65652 0.271315 0.191987 0.135455 0.938929
0 0.223498 0.289703 0.203136 0.143554 0.924057
0 0.571826 0.680929 0.213443 0.124115 0.0137169
0 0.657343 0.271079 0.193984 0.135165 0.93756
0 0.223716 0.289866 0.202326 0.144118 0.932356
0 0.561903 0.675268 0.232198 0.122182 0.00219329
0 0.656803 0.271407 0.192923 0.135497 0.956833
0 0.224447 0.289622 0.202479 0.144868 0.951399
0 0.564721 0.676291 0.229083 0.110928 0.00416156
0 0.656154 0.271069 0.192182 0.135857 0.958932
0 0.223786 0.289681 0.202305 0.14385 0.949397
0 0.195158 0.163318 0.105027 0.141403 0.00455006
0 0.561434 0.677507 0.236477 0.105901 0.00413753
0 0.553253 0.627051 0.204154 0.182408 0.0012276
0 0.656142 0.271325 0.190791 0.136226 0.952603
0 0.224528 0.289609 0.203615 0.1442 0.939642
0 0.196044 0.16245 0.104418 0.147154 0.0217044
0 0.555894 0.683329 0.251994 0.124733 0.00848526
0 0.56687 0.632386 0.234058 0.19827 0.00178921
0 0.553819 0.708287 0.249996 0.133347 0.00118457
0 0.656402 0.271432 0.192172 0.135978 0.950696
0 0.224716 0.289733 0.204013 0.143582 0.941425
0 0.194932 0.165488 0.104074 0.143353 0.0129238
0 0.566131 0.679946 0.218079 0.102594 0.00680438
0 0.56353 0.655139 0.224683 0.149432 0.00365572
0 0.656308 0.271585 0.192612 0.135864 0.95204
0 0.224035 0.289699 0.203571 0.144158 0.943513
0 0.194625 0.164288 0.104987 0.144432 0.0269264
0 0.563371 0.671562 0.233795 0.123721 0.0153444
0 0.563536 0.632152 0.232285 0.19437 0.00730609
0 0.656194 0.271699 0.19197 0.135395 0.952343
0 0.223904 0.289822 0.202947 0.143894 0.947438
0 0.195454 0.16411 0.10589 0.143076 0.0694788
0 0.562832 0.67486 0.236872 0.119761 0.0105605
0 0.562726 0.628847 0.233983 0.195498 0.00637885
0 0.564203 0.710452 0.241683 0.163532 0.00137771
0 0.656641 0.271637 0.192906 0.135852 0.952208
0 0.224159 0.289744 0.203454 0.144508 0.94761
0 0.197097 0.163366 0.109857 0.145003 0.0504919
0 0.56304 0.674809 0.237517 0.123072 0.0154965
0 0.56553 0.630667 0.242728 0.202471 0.00450732
0 0.565313 0.719519 0.241755 0.168429 0.00176554
0 0.656563 0.271639 0.192649 0.135448 0.952285
0 0.224337 0.289667 0.202977 0.144321 0.947453
0 0.197965 0.162806 0.111599 0.145945 0.0442028
0 0.562501 0.676289 0.237184 0.123757 0.0195768
0 0.563821 0.63595 0.241177 0.193793 0.00370541
0 0.564593 0.71921 0.242242 0.162554 0.00227403
0 0.656888 0.270207 0.191632 0.135079 0.95235
0 0.224812 0.289189 0.20481 0.143942 0.920763
0 0.57702 0.69093 0.196541 0.125831 0.217898
0 0.231376 0.162248 0.182228 0.154042 0.001345
