0 0.194989 0.2008 0.181499 0.13602 0.0256203
0 0.731322 0.163916 0.172953 0.139731 0.0238176
0 0.476597 0.174543 0.161699 0.111768 0.0173371
0 0.557823 0.156519 0.326302 0.143509 0.0146128
0 0.187181 0.303931 0.226813 0.36486 0.0145891
0 0.733836 0.236245 0.170685 0.296488 0.0144371
0 0.377551 0.217899 0.368563 0.19578 0.0142925
0 0.172322 0.239735 0.234295 0.242524 0.0141219
0 0.474941 0.141703 0.161967 0.181769 0.0140212
0 0.816923 0.117221 0.348896 0.226191 0.0138962
0 0.214216 0.13567 0.240375 0.251323 0.0138223
0 0 0.907158 0 0.185683 0.0138059
0 0.156734 0.326987 0.271416 0.410759 0.0135652
0 0.475553 0.258363 0.165972 0.288619 0.0135627
0 0 0.105112 0 0.210225 0.0135547
0 1 0.0959952 0 0.19199 0.013539
0 0.405454 0.173716 0.310926 0.116899 0.0134927
0 0.0119796 0.818917 0.0239592 0.362166 0.0133568
0 0.740163 0.117579 0.206262 0.229095 0.0133338
0 1 0.913355 0 0.17329 0.0132808
0 0.00536923 0.263798 0.0107385 0.527596 0.0132537
0 0.316267 0.132298 0.4612 0.251924 0.0132191
0 1 0.0284201 0 0.0568401 0.0131813
0 0.98471 0.578107 0.0305793 0.843787 0.0131695
0 0.172205 0.191198 0.228415 0.155283 0.0131392
0 0.998898 0.16237 0.00220478 0.324739 0.013137
0 0.456613 0.283377 0.219961 0.342948 0.0131066
0 0.00215353 0.149666 0.00430705 0.299331 0.0130991
0 0.981122 0.473144 0.0377563 0.946288 0.013053
0 0.999602 0.810781 0.00079614 0.378439 0.0130307
0 0.421425 0.361527 0.668404 0.515758 0.0130228
0 0.998507 0.357383 0.0029863 0.714766 0.0130121
0 0.030553 0.389613 0.061106 0.779227 0.0130087
0 0.485448 0.11841 0.192195 0.230186 0.0130047
0 0.60506 0.12455 0.439656 0.210682 0.0129553
0 0.116445 0.308323 0.23289 0.616646 0.0128886
0 0.0828235 0.893415 0.165647 0.210598 0.0128627
0 0.911179 0.585552 0.177641 0.828895 0.0128369
0 0.878588 0.438475 0.242825 0.876951 0.0128287
0 0.0543754 0.778206 0.108751 0.443588 0.0128178
0 0.174066 0.499232 0.33942 0.755706 0.0128147
0 0.697219 0.152413 0.253931 0.157783 0.0128053
0 0.964752 0.603619 0.0704965 0.792762 0.0127929
0 0.0838215 0.887882 0.167643 0.224237 0.0127746
0 0.517151 0.990546 0.85338 0.0189075 0.0127696
0 0.998522 0.241838 0.00295571 0.483676 0.0127611
0 0.0705552 0.463506 0.14111 0.926282 0.0127603
0 0.999852 0.713465 0.000296054 0.57307 0.0127563
0 0.114173 0.177648 0.228347 0.355296 0.0127117
0 0.594485 0.118652 0.583869 0.22875 0.0127109
0 0.620006 0.271747 0.413968 0.354837 0.012706
0 0.376645 0.539675 0.753291 0.877045 0.012673
0 0.0658527 0.618513 0.131705 0.762973 0.0126725
0 0.0970932 0.811558 0.194186 0.376885 0.0126717
0 0.717046 0.342566 0.437197 0.513783 0.0126452
0 0.149672 0.381209 0.299344 0.762419 0.0126407
0 0.808869 0.282696 0.382262 0.544599 0.0126281
0 0.945306 0.381406 0.109389 0.762813 0.0126091
0 0.487238 0.987788 0.863656 0.0244238 0.0126034
0 0.158901 0.873781 0.317802 0.252439 0.0125926
0 0.502969 0.971816 0.897121 0.0563672 0.0125898
0 0.12401 0.794539 0.248021 0.403022 0.0125812
0 0.453568 0.614566 0.907135 0.770868 0.0125569
0 0.458843 0.860699 0.917686 0.278603 0.0125424
0 0.193312 0.535922 0.386624 0.856528 0.0125164
0 0.334884 0.287023 0.478704 0.354263 0.0125045
0 0.348642 0.718988 0.697283 0.55472 0.0124988
0 0.13636 0.556787 0.272719 0.872207 0.0124986
0 0.4866 0.96135 0.9732 0.077299 0.0124956
0 0.4853 0.885417 0.9706 0.229166 0.0124925
0 0.69502 0.11326 0.46182 0.226521 0.0124924
0 0.353548 0.87195 0.707096 0.2561 0.012489
0 0.30553 0.131047 0.611061 0.262095 0.0124855
0 0.146578 0.451976 0.293156 0.674553 0.012485
0 0.687735 0.111019 0.62453 0.222039 0.0124834
0 0.390167 0.114167 0.503089 0.228333 0.0124649
0 0.474402 0.856619 0.852175 0.21411 0.0124513
0 0.775031 0.0906275 0.449937 0.181255 0.012449
0 0.116681 0.713782 0.233363 0.572435 0.0124444
0 0.206677 0.131222 0.376354 0.262444 0.0124393
0 0.510903 0.113215 0.707578 0.22643 0.0124391
0 0.86601 0.114919 0.267981 0.229839 0.0124261
0 0.472325 0.68892 0.944651 0.584254 0.0124187
0 0.381869 0.661097 0.763739 0.677806 0.0124161
0 0.0771614 0.117962 0.154323 0.235924 0.0124074
0 0.016945 0.48827 0.0338899 0.917679 0.0123929
0 0.621206 0.987289 0.740844 0.0254225 0.0123921
0 0.487575 0.32385 0.633644 0.406399 0.01239
0 0.906289 0.0776466 0.187422 0.155293 0.0123851
0 0.514965 0.965473 0.952422 0.0690536 0.0123642
0 0.734114 0.898069 0.531772 0.203863 0.01235
0 0.475022 0.779613 0.950045 0.434351 0.0123327
0 0.263179 0.536903 0.526358 0.834532 0.0123234
0 0.021915 0.717433 0.04383 0.565134 0.0123121
0 0.515181 0.707355 0.900985 0.585291 0.0123109
0 0.5 0.935002 1 0.129996 0.0122761
0 0.436363 0.58126 0.872725 0.635439 0.0122722
0 0.507928 0.710771 0.897938 0.455441 0.012248
0 0.474313 0.495542 0.886353 0.615022 0.0122295
0 0.505579 0.776895 0.863416 0.320373 0.0122246
0 0.517492 0.890712 0.869318 0.218575 0.0122205
0 0.814012 0.854546 0.371977 0.290908 0.0121955
0 0.571171 0.304533 0.558259 0.426701 0.012194
0 0.521282 0.563077 0.893936 0.803846 0.0121848
0 0.475013 0.38497 0.889856 0.58618 0.0121697
0 0.597147 0.901867 0.805705 0.196267 0.0121639
0 0.841277 0.741727 0.317447 0.516546 0.0121633
0 0.794265 0.871164 0.41147 0.201407 0.0121476
0 0.856229 0.536847 0.287541 0.925404 0.0121392
0 0.631245 0.628287 0.737509 0.348909 0.0121205
0 0.848616 0.419014 0.302768 0.781727 0.0121028
0 0.758533 0.449887 0.482935 0.694181 0.0121023
0 0.829172 0.256328 0.341655 0.512656 0.0120923
0 0.791102 0.811384 0.417795 0.312284 0.0120877
0 0.670091 0.393091 0.607223 0.626874 0.0120822
0 0.52381 0.640279 0.95238 0.394243 0.0120692
0 0.552923 0.349372 0.682089 0.540388 0.0120658
0 0.679737 0.494731 0.640526 0.748933 0.0120523
0 0.705951 0.5436 0.588098 0.403279 0.0120479
0 0.529694 0.732761 0.940612 0.338847 0.0120423
0 0.569386 0.525966 0.861228 0.503283 0.0120373
0 0.828575 0.641899 0.342851 0.382937 0.0120309
0 0.841853 0.57141 0.316294 0.455441 0.0120102
0 0.819464 0.386902 0.361073 0.677548 0.0119748
0 0.809518 0.712361 0.380965 0.389548 0.0119036
0 1 0.0432577 0 0.0865154 0.00329138
0 0 0.938673 0 0.122654 0.00326442
0 1 0.0632037 0 0.126407 0.00325311
0 0.35972 0.957479 0.50407 0.0850414 0.00322928
0 0.430678 0.960506 0.38383 0.0789881 0.00322749
0 0.0831792 0.188109 0.0654233 0.147959 0.00322062
0 0 0.891265 0 0.217471 0.00322036
0 0.102625 0.191797 0.102219 0.146254 0.00321531
0 0.832232 0.0757771 0.211602 0.140481 0.00321124
0 0.0708567 0.574333 0.132871 0.180316 0.00321121
0 0.219495 0.963014 0.38018 0.0739714 0.00320516
0 0.0600739 0.841851 0.117058 0.301915 0.00320493
0 0.585684 0.948765 0.502793 0.102469 0.00320466
0 0.0828603 0.553849 0.165721 0.19975 0.00320415
0 0.883554 0.868599 0.0970081 0.0784622 0.00320287
0 0.490866 0.955693 0.406673 0.0886148 0.00320261
0 0.0484181 0.0989451 0.0968361 0.185893 0.00319898
0 0.744512 1 0.506983 0 0.00319392
0 0.17066 0.883791 0.119468 0.0708748 0.00319085
0 0.373769 1 0.600702 0 0.00318653
0 0.168082 0.569807 0.131264 0.0965482 0.00318629
0 0 0.96863 0 0.0627397 0.00318527
0 0.72614 0.940057 0.514567 0.119885 0.00318516
0 0.530234 1 0.588576 0 0.00317705
0 0.275115 0.963455 0.297348 0.0730896 0.00317561
0 0 0.0448864 0 0.0897728 0.0031692
0 0.784615 0.93 0.429399 0.140001 0.00316871
0 0.0802969 0.516601 0.160594 0.359918 0.00316867
0 0.456676 0.179566 0.211587 0.0950499 0.00316805
0 0 0.0604443 0 0.120889 0.0031664
0 0.058796 0.664629 0.117592 0.274473 0.00316479
0 0.339238 0.0762864 0.171986 0.141131 0.00316374
0 0.0604747 0.594889 0.11388 0.206466 0.00316332
0 0.0569651 0.903494 0.110774 0.179006 0.00316323
0 0 0.0634456 0 0.126891 0.00316294
0 0.267876 1 0.535752 0 0.00316241
0 1 0.043818 0 0.0876361 0.00316222
0 0.908196 0.0625663 0.178784 0.113187 0.00316172
0 0.871503 0.862413 0.114368 0.0951187 0.00316086
0 0.194991 0.889029 0.17418 0.0707493 0.00316014
0 0.070148 0.15169 0.0397877 0.0774827 0.00315952
0 0 0.854976 0 0.284515 0.00315923
0 0 0.0479386 0 0.0958772 0.00315492
0 0.0821124 0.934143 0.164225 0.128185 0.00315461
0 0.32377 0.0783121 0.122273 0.14309 0.00315412
0 0 0.0436404 0 0.0872808 0.00315341
0 0.937652 0.513206 0.124697 0.217313 0.00315333
0 0.935691 0.667688 0.128618 0.208702 0.00315223
0 0.815143 0.0607782 0.259837 0.109514 0.00314981
0 0.863339 0.676013 0.127042 0.0473036 0.00314947
0 0.0631119 0.22777 0.126224 0.251584 0.00314827
0 0 0.560471 0 0.201571 0.00314817
0 0.084697 0.400994 0.169394 0.352369 0.00314739
0 0.197773 0.868107 0.184528 0.110012 0.00314733
0 0 0.458788 0 0.196228 0.00314694
0 0 0.509532 0 0.200749 0.00314641
0 0 0.78415 0 0.233025 0.00314553
0 0.999696 0.93429 0.000607266 0.13142 0.00314471
0 0.747135 0.677772 0.340545 0.0402008 0.00314458
0 0 0.610964 0 0.1963 0.00314429
0 0 0.407132 0 0.200843 0.00314423
0 0 0.353173 0 0.199287 0.00314393
0 0 0.70353 0 0.222039 0.00314211
0 0.599058 0.0570682 0.214231 0.102219 0.00314134
0 0.71812 0.0519841 0.180236 0.0922732 0.00314128
0 0.633087 0.0606739 0.271473 0.110693 0.00314121
0 0.843458 0.852348 0.187665 0.113611 0.00314091
0 0.844411 0.67905 0.162369 0.0494833 0.00314087
0 0.567077 0.0600121 0.192108 0.107958 0.00314001
0 0 0.654236 0 0.213931 0.0031397
0 0.480655 0.157385 0.175031 0.132881 0.00313953
0 0.0580865 0.551819 0.116173 0.2097 0.00313817
0 0.998911 0.959451 0.00217728 0.0810988 0.00313815
0 0.619007 0.87227 0.426151 0.0802551 0.00313702
0 0.776815 0.0493013 0.250654 0.086616 0.00313681
0 0.48396 0.963519 0.199767 0.0640041 0.00313676
0 0.181406 0.614967 0.155729 0.175747 0.00313569
0 0.163767 0.997889 0.327534 0.00422287 0.00313535
0 0.183382 0.703956 0.146935 0.149593 0.00313465
0 0.205712 1 0.411424 0 0.00313402
0 0.157704 0.596197 0.112606 0.14192 0.0031339
0 0.891007 0.88816 0.217883 0.216923 0.00313365
0 0.211259 0.0830166 0.340771 0.155576 0.00313362
0 0.264967 0.250036 0.190827 0.289122 0.00313348
0 0.848989 0.76721 0.15445 0.0221689 0.00313303
0 0.437664 0.208443 0.252028 0.159315 0.00313244
0 0.43889 0.960075 0.262357 0.0760721 0.00313226
0 0.0995087 0.601285 0.199017 0.172204 0.00313075
0 0 0.289559 0 0.234283 0.00313044
0 0.0880368 0.597757 0.165186 0.144412 0.00312806
0 0.765013 0.85003 0.214809 0.143314 0.00312747
0 0.430852 0.525276 0.438608 0.056883 0.00312668
0 0.385559 0.181932 0.113087 0.125693 0.00312643
0 0.939354 0.620244 0.121292 0.252363 0.00312615
0 0.825857 0.904558 0.348286 0.189684 0.00312606
0 0.155551 0.0850338 0.203524 0.159079 0.00312563
0 0.062233 0.5219 0.124466 0.329419 0.00312511
0 0.633269 0.852854 0.441664 0.148146 0.00312492
0 0.766845 0.637511 0.356394 0.148436 0.00312467
0 0.946768 0.697805 0.106463 0.179559 0.00312462
0 0 0.205084 0 0.236821 0.00312425
0 0.396973 0.961597 0.403968 0.0706387 0.00312411
0 0.360035 0.528327 0.51564 0.0624582 0.0031236
0 0.374327 0.0765085 0.250213 0.143334 0.0031225
0 0.0674566 0.0964615 0.0519498 0.164251 0.0031221
0 0.939909 0.485375 0.119099 0.158245 0.00312207
0 1 0.89556 0 0.208879 0.0031218
0 0.99968 0.847114 0.000639595 0.305771 0.00312163
0 0.522578 0.0795351 0.259169 0.150104 0.00312137
0 0.809271 0.84793 0.254557 0.135122 0.00312069
0 0.673207 0.544361 0.463758 0.101548 0.00312046
0 0.340086 0.225614 0.210773 0.218774 0.00311982
0 0.0619066 0.768826 0.123813 0.408977 0.00311971
0 0.645428 0.672056 0.5604 0.0598239 0.00311908
0 0.133231 0.956692 0.252507 0.0866158 0.00311889
0 0.100009 0.196286 0.172681 0.154058 0.00311874
0 0.719139 0.881582 0.220621 0.0540646 0.00311821
0 0.22155 0.886646 0.225235 0.0780712 0.00311796
0 0.914236 0.853902 0.162125 0.106276 0.00311779
0 0.941702 0.566275 0.116596 0.245711 0.00311726
0 0.760221 0.45046 0.262905 0.165013 0.00311705
0 0.684662 0.506555 0.443173 0.180631 0.00311638
0 0.608006 0.91841 0.347234 0.16318 0.00311611
0 0.917263 0.882905 0.16414 0.160002 0.00311588
0 0 0.765917 0 0.222179 0.00311548
0 0.998867 0.895367 0.00226581 0.209266 0.00311546
0 0.165678 0.902503 0.134504 0.119868 0.00311512
0 1 0.847512 0 0.304976 0.00311506
0 0 0.150644 0 0.240737 0.00311473
0 0.900716 0.449224 0.19654 0.157755 0.00311468
0 1 0.864103 0 0.271795 0.00311451
0 0.0590594 0.18147 0.118119 0.294006 0.00311436
0 0.814152 0.451761 0.216325 0.159437 0.0031133
0 0 0.543842 0 0.222497 0.00311285
0 0 0.0595748 0 0.11915 0.00311284
0 0 0.0507094 0 0.101419 0.00311278
0 0.314345 0.248521 0.122179 0.282807 0.00311232
0 0.0736507 0.300188 0.146179 0.238026 0.00311186
0 0.108116 0.950201 0.208506 0.0963678 0.00311175
0 0.67249 0.826351 0.488595 0.118926 0.00311127
0 0 0.715632 0 0.222869 0.00311112
0 1 0.742579 0 0.28478 0.00311107
0 0 0.495818 0 0.213171 0.00311079
0 0.914258 0.411041 0.171146 0.222211 0.00311024
0 1 0.684836 0 0.273113 0.00310983
0 0.212544 0.943607 0.350505 0.11261 0.0031096
0 0 0.446379 0 0.208038 0.0031094
0 0.890116 0.958971 0.219769 0.0820589 0.00310936
0 0.160973 0.445752 0.140019 0.122449 0.00310935
0 1 0.96352 0 0.0729594 0.00310911
0 0.724892 0.817277 0.432972 0.116895 0.00310868
0 0.406604 0.874051 0.521441 0.106887 0.00310852
0 0.0639159 0.142759 0.127832 0.281158 0.00310846
0 0.713566 0.602339 0.386708 0.102661 0.00310817
0 0 0.597175 0 0.208277 0.00310816
0 0.379795 0.950658 0.312224 0.0960215 0.00310797
0 0.530614 0.199635 0.278467 0.162871 0.00310793
0 0.906533 0.231863 0.186934 0.187145 0.00310786
0 0.378191 0.778889 0.319962 0.0745293 0.00310782
0 0.88002 0.194782 0.239961 0.225936 0.0031077
0 0.787915 0.883875 0.104359 0.0466499 0.00310764
0 1 0.0579241 0 0.115848 0.00310734
0 0.69719 0.626731 0.469004 0.166626 0.00310729
0 0.265444 0.881112 0.454316 0.0963718 0.00310706
0 0.694373 0.213097 0.256568 0.175161 0.0031069
0 0 0.109675 0 0.21935 0.00310668
0 0.931337 0.711422 0.137326 0.212381 0.00310638
0 0.0970662 0.706269 0.193344 0.342161 0.00310612
0 1 0.80964 0 0.38072 0.00310609
0 0.731617 0.184598 0.181507 0.118739 0.00310602
0 0.479626 0.792083 0.744325 0.170682 0.0031058
0 0.58296 0.860071 0.507725 0.114449 0.003105
0 0 0.0175363 0 0.0350725 0.00310499
0 1 0.635412 0 0.271061 0.00310487
0 0.372368 0.757121 0.305998 0.0843418 0.00310437
0 0.337091 0.673511 0.674182 0.652977 0.0190605
0 0.269028 0.229466 0.538056 0.458932 0.0190215
0 0.467327 0.693322 0.934655 0.613356 0.0186367
0 0.359177 0.706121 0.718355 0.587758 0.0181216
0 0.591532 0.353352 0.816936 0.553772 0.0181061
0 0.309063 0.549545 0.618126 0.618668 0.0180517
0 0.485714 0.601867 0.971428 0.640542 0.0173198
0 0.5 0.551257 1 0.770084 0.0171402
0 0.5 0.386836 1 0.773673 0.0171104
0 0.36272 0.533793 0.725439 0.590354 0.017062
0 0.650848 0.409647 0.698304 0.47979 0.0170313
0 0.224693 0.319784 0.449385 0.639569 0.0168917
0 0.493291 0.746282 0.986581 0.507436 0.0168689
0 0.273627 0.463282 0.547255 0.777024 0.0167916
0 0.493394 0.822132 0.986787 0.355736 0.0161985
0 0.382196 0.668845 0.764392 0.662309 0.0160575
0 0.407309 0.753783 0.814618 0.492434 0.0159125
0 0.605471 0.176119 0.789058 0.352239 0.0155837
0 0.650124 0.296245 0.699752 0.419862 0.0155509
0 0.671929 0.500415 0.656143 0.462443 0.0155108
0 0.204179 0.521577 0.408358 0.735546 0.0154992
0 0.351123 0.792324 0.702246 0.415353 0.015445
0 0.233884 0.386458 0.467767 0.772915 0.0153353
0 0.214556 0.176801 0.429111 0.353602 0.015323
0 0.5 0.703154 1 0.593691 0.0152767
0 0.608557 0.133632 0.782886 0.267265 0.0150188
0 0.532739 0.458203 0.934522 0.580022 0.0149431
0 0.85297 0.121829 0.294059 0.243659 0.0147634
0 0.5 0.638462 1 0.723076 0.014759
0 0.33179 0.30255 0.66358 0.6051 0.0147564
0 0.621229 0.324973 0.757543 0.649946 0.0147234
0 0.704929 0.237869 0.590142 0.475737 0.0145689
0 0.723813 0.618253 0.552375 0.763494 0.0145684
0 0.5 0.457318 1 0.814875 0.0142895
0 0.836376 0.706297 0.327248 0.587407 0.0141593
0 0.00640074 0.785716 0.0128015 0.428567 0.0141083
0 0.456665 0.274088 0.913331 0.548177 0.0140954
0 0.800101 0.670904 0.399798 0.658191 0.0140785
0 0.386215 0.196849 0.77243 0.393699 0.013953
0 0.809931 0.621744 0.380139 0.574234 0.0139093
0 0.655038 0.198564 0.689924 0.397128 0.0138625
0 0.5 0.869667 1 0.260667 0.0137993
0 0.600984 0.192554 0.798032 0.385107 0.0137626
0 0.223145 0.715139 0.44629 0.569722 0.0136514
0 0.00532004 0.910098 0.0106401 0.179803 0.0134997
0 0.294795 0.358586 0.58959 0.717171 0.0134701
0 0.316037 0.860428 0.632073 0.279144 0.0134081
0 0.193895 0.148658 0.387789 0.297315 0.0134003
0 0.801515 0.741656 0.396969 0.516689 0.0133529
0 0.209674 0.672765 0.419349 0.649298 0.0133438
0 1 0.0181156 0 0.0362311 0.0133297
0 0.5 0.902116 1 0.195767 0.0132985
0 0.728829 0.55951 0.542341 0.51683 0.0132432
0 0.267318 0.139086 0.534636 0.278172 0.0132428
0 0.581913 0.263967 0.836173 0.527934 0.0131473
0 0.404914 0.51328 0.809829 0.789497 0.0130603
0 0.334808 0.198966 0.669617 0.397932 0.0130229
0 0.730071 0.207925 0.539858 0.41585 0.0130134
0 0.71034 0.719046 0.57932 0.561908 0.012952
0 0.5 0.619408 1 0.60186 0.0129337
0 0.98453 0.110068 0.0309403 0.220136 0.0129191
0 0.753473 0.198311 0.378024 0.396623 0.0128687
0 0.537571 0.245841 0.924858 0.491682 0.0128324
0 0.199001 0.349404 0.398003 0.698809 0.0128251
0 0.698453 0.124683 0.603094 0.249367 0.0127809
0 0.191476 0.304222 0.382952 0.608445 0.0127246
0 0.189158 0.758512 0.378316 0.482976 0.0126877
0 0.216027 0.727532 0.432055 0.544936 0.0126692
0 0.759533 0.54718 0.480934 0.462039 0.0126669
0 0.711571 0.289114 0.576858 0.279772 0.0125443
0 0.5 0.77771 1 0.44458 0.0125139
0 0.5 0.778416 1 0.443169 0.0124883
0 0.594356 0.748428 0.811287 0.503144 0.0124864
0 0.482231 0.211426 0.68354 0.422852 0.0123723
0 0.789058 0.195907 0.421884 0.391814 0.0123382
0 0.606014 0.216101 0.774675 0.432202 0.0122453
0 0.795205 0.782075 0.40959 0.435849 0.0122131
0 0.731137 0.364484 0.537726 0.388586 0.0121981
0 0.139076 0.746915 0.278152 0.506169 0.0121738
0 0.310956 0.884765 0.621913 0.23047 0.0121601
0 0.536625 0.83929 0.92675 0.32142 0.0121483
0 0.616247 0.786585 0.767505 0.426829 0.0120968
0 1 0.882729 0 0.234543 0.01202
0 0.104692 0.160954 0.209384 0.321907 0.0120114
0 0.0279485 0.174756 0.0558971 0.349513 0.0119826
0 0.5 0.338839 1 0.677677 0.0119364
0 0.123219 0.204769 0.246438 0.409538 0.0118956
0 0.761509 0.471266 0.476982 0.4098 0.0118231
0 0.366463 0.410739 0.732926 0.821477 0.011343
0 0.908081 0.794826 0.183838 0.410348 0.0112725
0 0.262609 0.91214 0.525217 0.17572 0.0109341
0 0.513192 0.90961 0.973616 0.180779 0.0103711
0 0.202329 0.199334 0.174897 0.126609 0.00494622
0 0.39209 0.694473 0.559912 0.174026 0.00440462
0 1 0.0251779 0 0.0503558 0.00427449
0 0.271376 0.475623 0.542751 0.171573 0.00423705
0 0 0.0647817 0 0.129563 0.00420095
0 0.265181 0.781198 0.530362 0.17483 0.00408516
0 0.73644 0.164849 0.179416 0.134978 0.00398954
0 0.601816 0.554576 0.561645 0.213013 0.00387771
0 0.00752285 0.0910015 0.0150457 0.182003 0.00383839
0 0.450427 0.585845 0.58648 0.177831 0.00382223
0 0.134986 0.274224 0.269973 0.17642 0.00379415
0 0.280442 0.609352 0.426287 0.21482 0.00379095
0 0.465768 0.784501 0.551176 0.188006 0.00378712
0 0.272126 0.815717 0.446574 0.166437 0.00376143
0 0.469929 0.626701 0.556216 0.181932 0.00376134
0 0.123312 0.207976 0.246625 0.185956 0.00374865
0 0.448927 0.669482 0.529601 0.186453 0.00374736
0 0.356292 0.714624 0.567208 0.132623 0.00372752
0 0.430899 0.718247 0.566074 0.21325 0.00372293
0 0.476231 0.152934 0.148792 0.121694 0.00369024
0 0.58554 0.599807 0.527701 0.15803 0.00368882
0 0.231834 0.801785 0.463669 0.149651 0.00368519
0 0.231002 0.389729 0.462003 0.149939 0.003682
0 0.482049 0.135417 0.159982 0.167651 0.00366859
0 0.106269 0.24775 0.212538 0.174667 0.00365115
0 0.254094 0.451677 0.508188 0.188458 0.003648
0 0.322033 0.738394 0.490613 0.16309 0.00364403
0 0.281504 0.750993 0.507354 0.2058 0.00361976
0 0.396819 0.746835 0.556848 0.186477 0.00360937
0 0.738007 0.139827 0.182677 0.121492 0.00359135
0 0.676886 0.492831 0.619003 0.159681 0.00358343
0 0.285201 0.447551 0.570402 0.164129 0.00357797
0 0.815596 0.906473 0.368808 0.187054 0.00357267
0 0.519125 0.577978 0.515074 0.206872 0.00356675
0 0.328324 0.877611 0.440699 0.0971621 0.00356569
0 0.261067 0.513395 0.478117 0.191273 0.0035642
0 0.41914 0.608475 0.573828 0.156888 0.00356178
0 0.221549 0.0829864 0.36905 0.165973 0.00356123
0 0.162425 0.49935 0.324849 0.176109 0.00354621
0 0.113294 0.338321 0.226588 0.152787 0.00354425
0 0.62282 0.625591 0.524661 0.188911 0.00353973
0 0.287747 0.478454 0.497061 0.252819 0.00353856
0 0.767257 0.510285 0.465486 0.214178 0.00353604
0 0.27826 0.670618 0.429181 0.132634 0.00352887
0 0.34679 0.586959 0.590737 0.175655 0.00352701
0 0.113716 0.296849 0.227432 0.162687 0.00352647
0 0.109022 0.39338 0.218045 0.154527 0.00352538
0 0.537645 0.250193 0.485926 0.192055 0.00351539
0 0.477452 0.704271 0.584098 0.146116 0.00351035
0 0.161716 0.425632 0.323433 0.233214 0.00351017
0 0.360333 0.770593 0.559115 0.167347 0.00349874
0 0.745954 0.557022 0.473503 0.225577 0.00349502
0 0.36833 0.908443 0.406336 0.180749 0.00349493
0 0.395478 0.648371 0.566315 0.216805 0.00349327
0 0.468966 0.265178 0.449189 0.230225 0.0034893
0 0.139308 0.319473 0.278615 0.170927 0.003485
0 0.615589 0.897524 0.389318 0.204952 0.00347935
0 0.162491 0.473003 0.324982 0.167799 0.0034788
0 0.163212 0.643687 0.326423 0.275879 0.00347853
0 0.276247 0.576178 0.451893 0.162145 0.00347393
0 0.286768 0.695921 0.413534 0.14258 0.00346492
0 0.708411 0.540199 0.548769 0.174749 0.00346332
0 0.542186 0.672309 0.539555 0.18953 0.00346017
0 0.110867 0.366002 0.221734 0.156842 0.00345933
0 0.999123 0.0355446 0.00175352 0.0710891 0.00345912
0 0.110026 0.115248 0.220051 0.230495 0.00345524
0 1 0.927884 0 0.144232 0.0034368
0 0.531126 0.799435 0.459725 0.179543 0.00343543
0 0.498926 0.164337 0.189579 0.129987 0.00342546
0 0.339001 0.550482 0.60462 0.103701 0.00342461
0 0.110246 0.154039 0.220493 0.193689 0.00342079
0 0.300838 0.911353 0.379839 0.177295 0.00341581
0 0.478277 0.752772 0.590672 0.171374 0.0034115
0 0.508558 0.561872 0.466119 0.114682 0.00340945
0 0 0.0384464 0 0.0768929 0.00340422
0 0.981681 0.0486876 0.0366383 0.0973751 0.00339545
0 1 0.0468757 0 0.0937513 0.00339368
0 0.341451 0.874158 0.276113 0.116364 0.00339241
0 0.757687 0.912375 0.484627 0.17525 0.0033762
0 0 0.0883234 0 0.176647 0.00337601
0 0.974006 0.0192904 0.0519888 0.0385808 0.0033728
0 0.441035 0.564428 0.489975 0.12649 0.00336958
0 0.488634 0.907592 0.405257 0.184817 0.00336898
0 0.558469 0.772013 0.570374 0.198587 0.00336873
0 0.520204 0.636043 0.597684 0.221067 0.00336808
0 0.157982 0.657694 0.315964 0.253754 0.0033659
0 0.20097 0.551074 0.359729 0.182254 0.00336451
0 0.286585 0.72183 0.419182 0.150061 0.00336319
0 0.297154 0.599648 0.469229 0.150599 0.003356
0 0.191327 0.518061 0.382655 0.198848 0.00333859
0 0.791788 0.883673 0.416424 0.232653 0.00333126
0 0.789822 0.47343 0.420356 0.164756 0.00332901
0 0.325343 0.474135 0.644333 0.219373 0.00332639
0 0.636098 0.799284 0.551776 0.165547 0.0033258
0 0.351956 0.622379 0.496508 0.142528 0.00332301
0 0.565381 0.449053 0.642752 0.228018 0.00332241
0 0.982649 0.11769 0.034702 0.209194 0.00332127
0 0.61754 0.240773 0.406397 0.225661 0.0033197
0 0.670164 0.420604 0.641325 0.248918 0.00331427
0 0.328092 0.431819 0.637546 0.19668 0.0033086
0 0.00513748 0.942591 0.010275 0.114818 0.00330701
0 0.988618 0.0974246 0.0227636 0.120463 0.00330697
0 0.645331 0.215515 0.495103 0.234793 0.00330434
0 0.981983 0.0685751 0.0360333 0.13715 0.00330253
0 0.26851 0.528826 0.3872 0.157072 0.00330207
0 0.497268 0.879879 0.368989 0.183788 0.00330127
0 0.696982 0.898886 0.446373 0.202228 0.00329954
0 0.306155 0.860934 0.520987 0.107026 0.00329824
0 0.686133 0.82856 0.518987 0.188565 0.00329763
0 0.242642 0.323544 0.485285 0.22371 0.00329423
0 0.553825 0.878109 0.385077 0.094873 0.00329404
0 0.170419 0.692425 0.340839 0.200794 0.00329349
0 0.516243 0.136094 0.238107 0.203697 0.00329304
0 0.722711 0.149203 0.227663 0.167577 0.003293
0 0.145849 0.0995105 0.291697 0.17121 0.00329259
0 0.469307 0.315302 0.417553 0.232648 0.00329202
0 0.223783 0.366936 0.447565 0.201567 0.00329065
0 0.237796 0.853284 0.367558 0.182923 0.00328929
0 0.138375 0.51704 0.27675 0.238893 0.00328476
0 0.429535 0.916563 0.471449 0.166874 0.00328375
0 0.131366 0.374825 0.262733 0.207108 0.00328274
0 0.311548 0.535048 0.601432 0.147093 0.0032812
0 0.225652 0.923835 0.383781 0.152331 0.00327922
0 0.870339 0.902113 0.259323 0.185912 0.00327507
0 0.202304 0.0946577 0.357561 0.164435 0.00327297
0 0.695258 0.599216 0.500426 0.157663 0.00327292
0 0.36507 0.0876792 0.459212 0.175358 0.00327197
0 0.490718 0.874774 0.38205 0.109776 0.00327004
0 0.268414 0.90453 0.378922 0.140935 0.0032661
0 0.931225 0.0652977 0.13755 0.130595 0.00326412
0 0.458879 0.836225 0.453283 0.16229 0.00326277
0 0.110116 0.42861 0.220232 0.14667 0.00326163
0 0.384081 0.640887 0.430937 0.168261 0.00325693
0 0.323441 0.894079 0.382708 0.139948 0.00325601
0 0.254304 0.722177 0.415456 0.211151 0.00325556
0 0.253448 0.422117 0.506896 0.152819 0.00325445
0 0.722707 0.626935 0.526576 0.184555 0.00324487
0 0.400463 0.213538 0.378999 0.260876 0.00324437
0 0.656129 0.762764 0.576065 0.197928 0.00324241
0 0.0997848 0.172828 0.19957 0.174322 0.0032299
0 0.191374 0.21523 0.232276 0.24867 0.00322741
0 0.532919 0.551673 0.281308 0.100963 0.00322684
0 1 0.969056 0 0.0618884 0.00322657
0 0.508018 0.0977928 0.204579 0.173232 0.00322518
0 0.968108 0.224762 0.0637835 0.181141 0.00322102
0 0.579442 0.566312 0.547098 0.129037 0.00321919
0 0.542646 0.875013 0.367159 0.140677 0.00321777
0 0.229517 0.688957 0.378931 0.149461 0.00321315
0 0.19715 0.191921 0.199822 0.174835 0.00321056
0 0.112267 0.4594 0.224534 0.138955 0.00321052
0 0.96385 0.259707 0.0723002 0.199218 0.00320606
0 0.815718 0.627303 0.368563 0.184229 0.00320423
0 0.200583 0.387668 0.401165 0.203402 0.00320362
0 0.456921 0.209017 0.269175 0.297687 0.00320348
0 0.115429 0.524281 0.230858 0.184995 0.0032034
0 0.176737 0.929195 0.353474 0.141609 0.00320004
0 0.589679 0.508032 0.603965 0.207319 0.00319767
0 0 0.0995208 0 0.199042 0.0031927
0 0.153615 0.737454 0.30723 0.23799 0.00319164
0 0.925313 0.0152889 0.149374 0.0305778 0.00318619
0 0.487959 0.26473 0.581466 0.156642 0.00318458
0 0.437517 0.867764 0.453993 0.100629 0.00318366
0 0.186136 0.298197 0.204694 0.35989 0.00318332
0 0.835278 0.552426 0.329443 0.190507 0.0031815
0 0.548923 0.711433 0.513873 0.128124 0.00317794
0 0.970834 0.161246 0.0583327 0.195689 0.00317529
0 0.843907 0.511863 0.312186 0.186119 0.00317502
0 0.739728 0.923331 0.423674 0.153339 0.00317086
0 1 0.493145 0 0.175849 0.00316934
0 0.836384 0.0755642 0.260609 0.151128 0.00316854
0 0.748011 0.483301 0.503978 0.156236 0.00316818
0 0.638725 0.670358 0.4796 0.181594 0.00316537
0 0.437541 0.211598 0.295007 0.220013 0.00316198
0 0.0614672 0.307085 0.122934 0.173805 0.00315621
0 1 0.950718 0 0.0985645 0.00315584
0 0.991601 0.468596 0.0167978 0.223355 0.0031558
0 0.510687 0.0744199 0.249779 0.14884 0.00315206
0 0.423295 0.311833 0.575321 0.263828 0.00315197
0 0.153246 0.800112 0.306492 0.183079 0.00314884
0 0.20013 0.27007 0.400261 0.231789 0.00314859
0 0.277582 0.399195 0.347244 0.103881 0.00314613
0 0.270279 0.0851352 0.43494 0.17027 0.00314429
0 0.160526 0.697647 0.321051 0.193781 0.00314345
0 1 0.213731 0 0.15456 0.00314146
0 0.115796 0.486443 0.231592 0.139223 0.00314119
0 0.835912 0.750392 0.328176 0.190784 0.00314108
0 0.155445 0.909944 0.31089 0.16076 0.00314042
0 0.251812 0.598127 0.345324 0.184414 0.00313874
0 1 0.534813 0 0.122331 0.00313824
0 0.820749 0.151686 0.358501 0.176096 0.00313774
0 0.197071 0.27499 0.256111 0.28595 0.0031375
0 0.698999 0.453736 0.602003 0.185681 0.00313714
0 0.0886715 0.0823009 0.177343 0.164602 0.0031365
0 0.767022 0.14501 0.235333 0.147528 0.0031364
0 0.888403 0.964337 0.223193 0.0686562 0.00313636
0 0.993618 0.3283 0.0127643 0.198947 0.00313446
0 0.147183 0.540214 0.294367 0.22526 0.00313439
0 0.981999 0.275832 0.0360027 0.207574 0.00313135
0 0.430836 0.262043 0.606818 0.196449 0.00313102
0 0.262344 0.367154 0.446457 0.180327 0.00312866
0 0.579932 0.136851 0.32989 0.144477 0.00312865
0 0.366518 0.795375 0.447964 0.181414 0.00312565
0 0.854161 0.432034 0.291678 0.155307 0.00312549
0 0.807601 0.814801 0.384798 0.144165 0.00312476
0 0.79674 0.117537 0.276952 0.235074 0.00312202
0 0.224951 0.247858 0.220589 0.194161 0.00311959
0 0.398024 0.139953 0.380048 0.198496 0.0031194
0 0.989425 0.369472 0.0211493 0.203128 0.00311881
0 0.5 0.517659 1 0.318395 0.0171081
0 0.890116 0.12562 0.219767 0.25124 0.0154431
0 0.714498 0.319686 0.293469 0.230101 0.0152507
0 0.784936 0.27997 0.291512 0.241931 0.0147341
0 0.221024 0.359135 0.28967 0.226565 0.0145701
0 0.481795 0.545161 0.963591 0.299622 0.0141571
0 0.778515 0.32014 0.321379 0.248748 0.0140344
0 0.140034 0.755668 0.280068 0.333923 0.0139358
0 0.223713 0.326129 0.270776 0.202604 0.0139087
0 0.5 0.604909 1 0.419323 0.0138568
0 0.596746 0.912061 0.320971 0.175878 0.0137765
0 0.499579 0.912302 0.313652 0.175395 0.0137311
0 0.485804 0.687618 0.747486 0.574331 0.0135971
0 0.219157 0.282729 0.258163 0.236917 0.0135018
0 0.832459 0.409433 0.335081 0.757813 0.0134564
0 0.645957 0.371411 0.31947 0.260968 0.0133861
0 0.717005 0.281657 0.267537 0.249023 0.0133423
0 0.138622 0.844635 0.277243 0.292323 0.0133402
0 0.689379 0.912953 0.373551 0.174094 0.0133312
0 0.84088 0.493826 0.31824 0.451446 0.0133294
0 0.658616 0.322355 0.290226 0.238681 0.0133187
0 0.386225 0.322329 0.263117 0.196394 0.0132305
0 0.12324 0.732293 0.24648 0.348919 0.0132214
0 0.885142 0.179155 0.229715 0.296204 0.0131871
0 0.87758 0.234096 0.244841 0.299351 0.013168
0 0.157488 0.359942 0.282504 0.237341 0.0131265
0 0.717095 0.203752 0.262626 0.220398 0.0131064
0 0.382559 0.367623 0.27594 0.241427 0.0130654
0 0.770517 0.415657 0.367243 0.311459 0.0130354
0 0.227277 0.424757 0.30497 0.266018 0.0129565
0 0.583436 0.375633 0.294096 0.258811 0.0129502
0 0.839563 0.541423 0.320874 0.822899 0.0129012
0 0.156754 0.423692 0.301185 0.274063 0.0128832
0 0.524728 0.320755 0.271381 0.217949 0.0128805
0 0.147967 0.677034 0.295934 0.334998 0.0128727
0 0.527093 0.543769 0.945815 0.484891 0.0128467
0 0.309626 0.700997 0.51085 0.598007 0.0127982
0 0.773367 0.49006 0.453265 0.290042 0.0127427
0 0.81842 0.373933 0.36316 0.341141 0.0127398
0 0.301367 0.324728 0.266586 0.200568 0.0127395
0 0.638601 0.424654 0.335376 0.293069 0.0127388
0 0.597258 0.0895417 0.269532 0.179083 0.012737
0 0.664006 0.0867284 0.264231 0.173457 0.0127209
0 0.833097 0.318685 0.333806 0.303925 0.0127139
0 0.823363 0.665639 0.353273 0.668722 0.0127132
0 0.787662 0.460081 0.387329 0.313443 0.0127086
0 0.0675777 0.835007 0.135155 0.328039 0.0127048
0 0.701784 0.415554 0.346815 0.292933 0.0126882
0 0.265981 0.630112 0.378644 0.441846 0.0126699
0 0.770692 0.369272 0.346623 0.287129 0.0126434
0 0.829207 0.472773 0.341586 0.355869 0.0126069
0 0.382005 0.0824196 0.274445 0.164839 0.0126014
0 0.0871371 0.0814356 0.174274 0.162871 0.0126012
0 0.121986 0.675744 0.243972 0.33103 0.0125813
0 0.522285 0.0818324 0.255093 0.163665 0.0125602
0 0.707816 0.369039 0.327766 0.268904 0.0125601
0 0.946359 0.144127 0.107282 0.288255 0.0125487
0 0.455032 0.0811073 0.240947 0.157165 0.012446
0 0.30518 0.368096 0.274608 0.246428 0.0123916
0 0.82306 0.359594 0.353879 0.567617 0.0123814
0 0.525998 0.688486 0.948003 0.558931 0.0123781
0 0.592334 0.324719 0.276714 0.249405 0.0123593
0 0.449538 0.324767 0.261676 0.212659 0.0123486
0 0.527348 0.279286 0.259538 0.228834 0.0123441
0 0.156643 0.317951 0.274809 0.239331 0.012314
0 0.369871 0.431108 0.318652 0.265658 0.0122549
0 0.451065 0.278456 0.246919 0.238591 0.0122274
0 0.177989 0.640247 0.355979 0.372826 0.0122073
0 0.519194 0.434808 0.30801 0.287937 0.0122037
0 0.3171 0.0988508 0.245036 0.197702 0.0121684
0 0.232 0.469822 0.318229 0.277394 0.0121662
0 0.96169 0.1138 0.0766196 0.227601 0.0121607
0 0.046956 0.0847497 0.0939119 0.169499 0.0121497
0 0.0667266 0.204106 0.133453 0.232402 0.0121494
0 0.0716936 0.724013 0.143387 0.317802 0.0121492
0 0.38207 0.100524 0.271993 0.201047 0.0121467
0 0.246525 0.0989599 0.244859 0.19792 0.0121377
0 0.522329 0.159596 0.256181 0.217762 0.0121167
0 0.835668 0.346393 0.328664 0.41434 0.012116
0 0.721928 0.63041 0.556144 0.551624 0.0121156
0 0.813133 0.561918 0.373734 0.502874 0.0121006
0 0.286683 0.505025 0.346866 0.256624 0.0120967
0 0.330019 0.688447 0.660039 0.535155 0.0120849
0 0.81682 0.423872 0.366359 0.512719 0.0120798
0 0.449775 0.160619 0.246221 0.219177 0.0120512
0 0.0615414 0.140675 0.123083 0.206987 0.0120363
0 0.0853842 0.510587 0.170768 0.323885 0.0120192
0 0.124812 0.0772894 0.249625 0.154579 0.0120136
0 0.297993 0.430187 0.309063 0.266188 0.0120048
0 0.0141779 0.0919269 0.0283558 0.183854 0.0120027
0 0.224317 0.673522 0.448634 0.466098 0.0119798
0 0.575005 0.433193 0.318092 0.289205 0.0119755
0 0.214733 0.576535 0.340809 0.325627 0.0119431
0 0.225302 0.517971 0.339276 0.269756 0.011924
0 0.3009 0.0879663 0.285586 0.175933 0.0119239
0 0.862081 0.278454 0.275838 0.331781 0.0119207
0 0.688171 0.911615 0.521316 0.176769 0.0119095
0 0.845443 0.271679 0.305408 0.283318 0.0119035
0 0.0628898 0.344687 0.12578 0.324955 0.0118902
0 0.600491 0.100619 0.23302 0.201238 0.0118825
0 0.158923 0.472977 0.31012 0.277598 0.0118634
0 0.729716 0.100314 0.249943 0.196219 0.0118483
0 0.364692 0.470753 0.343209 0.270555 0.0118373
0 0.0681351 0.412592 0.13627 0.356011 0.0118063
0 0.0304581 0.16354 0.0609161 0.242331 0.0117911
0 0.54563 0.576387 0.407591 0.416092 0.0117902
0 0.171371 0.913412 0.342742 0.169138 0.0117798
0 0.16763 0.0733868 0.256775 0.146774 0.0117794
0 0.0831219 0.784723 0.166244 0.342267 0.0117588
0 0.0522275 0.284293 0.104455 0.299401 0.0117472
0 0.910648 0.0960553 0.178704 0.192111 0.0117463
0 0.784658 0.239475 0.27551 0.27237 0.0117152
0 0.525553 0.376451 0.278498 0.25745 0.011688
0 0.102995 0.0977072 0.205991 0.195414 0.0116727
0 0.777416 0.914081 0.434534 0.171838 0.0116715
0 0.0228008 0.115618 0.0456016 0.227397 0.0116654
0 0.299322 0.284701 0.252563 0.203709 0.0116469
0 0.354852 0.524403 0.379189 0.306625 0.0116256
0 0.944613 0.0941122 0.110774 0.188224 0.0116118
0 0.43264 0.595066 0.865281 0.350631 0.0116054
0 0.672674 0.101603 0.236604 0.203206 0.0115432
0 0.507056 0.477505 0.340987 0.288215 0.011524
0 0.214171 0.237658 0.245026 0.191839 0.0115215
0 0.807631 0.0993318 0.23701 0.198664 0.0115109
0 0.68625 0.606508 0.627501 0.778044 0.0114954
0 0.382937 0.148342 0.277955 0.204693 0.0114832
0 0.103931 0.615339 0.207861 0.317206 0.0114783
0 0.859214 0.10677 0.269597 0.21354 0.0114599
0 0.178964 0.0995325 0.24604 0.199065 0.011446
0 0.850286 0.175217 0.277087 0.250906 0.0114292
0 0.776608 0.197436 0.28349 0.246405 0.0113937
0 0.153107 0.882069 0.306214 0.234399 0.0113737
0 0.344882 0.90996 0.689765 0.18008 0.0113695
0 0.0934276 0.862514 0.186855 0.274972 0.0113518
0 0.530273 0.0992726 0.233318 0.198545 0.011343
0 0.0706477 0.570107 0.141295 0.355232 0.0113286
0 0.772704 0.60473 0.454592 0.677458 0.0113176
0 0.978669 0.0882601 0.042662 0.17652 0.0113044
0 0.957994 0.232386 0.084012 0.327535 0.0113032
0 0.103219 0.510589 0.206438 0.295313 0.0112827
0 0.12683 0.113326 0.253661 0.172386 0.0112812
0 0.462186 0.0985892 0.228726 0.197178 0.011252
0 0.431447 0.47528 0.339169 0.27641 0.0112052
0 0.589157 0.909036 0.599589 0.181929 0.0112019
0 0.117961 0.42176 0.235923 0.280128 0.0111973
0 0.0791669 0.666056 0.158334 0.329443 0.0111581
0 0.228 0.0782269 0.261287 0.156454 0.0111343
0 0.613772 0.561615 0.404725 0.391811 0.0111193
0 0.465407 0.909796 0.71527 0.180408 0.0111189
0 0.15848 0.128194 0.266864 0.152214 0.0111146
0 0.115854 0.100316 0.231708 0.200633 0.0111037
0 0.656686 0.185267 0.2778 0.252033 0.0110801
0 0.453088 0.37168 0.269521 0.248417 0.0110768
0 0.824968 0.725333 0.350063 0.549334 0.0110747
0 0.27311 0.912918 0.54622 0.174165 0.0110706
0 0.441245 0.432266 0.309924 0.276595 0.011041
0 0.23268 0.919107 0.311264 0.160996 0.0110392
0 0.174936 0.775806 0.349872 0.371412 0.0109903
0 0.658785 0.276766 0.278255 0.251649 0.0109569
0 0.0949994 0.409776 0.189999 0.287561 0.0109348
0 0.176819 0.838198 0.353638 0.309523 0.0109088
0 0.159242 0.193508 0.262991 0.178441 0.0109039
0 0.152162 0.271854 0.277802 0.252975 0.0109001
0 0.597637 0.272063 0.268824 0.221188 0.0108725
0 0.906748 0.226953 0.186504 0.349435 0.0108677
0 0.217535 0.152116 0.257068 0.139676 0.0108531
0 0.155589 0.525261 0.311177 0.279348 0.0108346
0 0.298912 0.140941 0.276117 0.207773 0.0108317
0 0.249647 0.667265 0.499294 0.362091 0.0108258
0 0.0604172 0.892793 0.120834 0.194094 0.0108108
0 0.600752 0.172547 0.277969 0.240328 0.0107464
0 0.836584 0.915374 0.316418 0.169252 0.0107429
0 0 0.136292 0 0.272583 0.0106765
0 0.983496 0.169154 0.0330081 0.335955 0.0106134
0 0.929412 0.919019 0.141176 0.161962 0.0105902
0 0.109635 0.151871 0.21927 0.220943 0.0105846
0 0 0.333834 0 0.282581 0.010564
0 0 0.228658 0 0.279915 0.0105433
0 0.853926 0.230902 0.271938 0.279284 0.0105381
0 0.9123 0.905274 0.175401 0.189453 0.0105187
0 0.389271 0.274437 0.26093 0.219024 0.0105139
0 0.0930434 0.345719 0.186087 0.248794 0.0105054
0 0.923857 0.111045 0.152286 0.222089 0.0104848
0 0.696413 0.513692 0.453886 0.310613 0.0104472
0 0.268019 0.730479 0.536038 0.36441 0.0104392
0 0 0.279125 0 0.283351 0.0104363
0 0 0.446415 0 0.312092 0.0104049
0 0.0716181 0.921657 0.143236 0.156685 0.0104019
0 0 0.391007 0 0.299041 0.0103897
0 0.0424023 0.535749 0.0848046 0.359233 0.0103761
0 0.707124 0.851165 0.30868 0.212222 0.0103697
0 0 0.181539 0 0.268488 0.0103631
0 0.910831 0.163025 0.178337 0.32605 0.010343
0 0.100149 0.30073 0.200298 0.251674 0.0103323
0 0.616924 0.876431 0.259393 0.152804 0.0103177
0 0.504003 0.644787 0.695981 0.319028 0.0103165
0 0.11633 0.367325 0.232659 0.246918 0.0102902
0 0 0.0892567 0 0.178513 0.0102539
0 0.788117 0.117215 0.267701 0.234429 0.0102506
0 0.813694 0.623614 0.372612 0.752773 0.0102298
0 0.107618 0.236094 0.215236 0.237346 0.0102123
0 0.292591 0.229636 0.261606 0.200238 0.0101743
0 0.826129 0.860668 0.33835 0.274582 0.0101706
0 0.602994 0.233576 0.269654 0.259238 0.0101649
0 0.151567 0.571146 0.303133 0.300068 0.010136
0 0.434798 0.911125 0.35028 0.177751 0.0101301
0 0.764565 0.733531 0.47087 0.532938 0.0100983
0 0.922584 0.915462 0.154832 0.169077 0.0100711
0 0.888126 0.80491 0.223748 0.39018 0.0100258
0 0.822083 0.917894 0.355833 0.164212 0.00996525
0 0.384723 0.227447 0.274508 0.274105 0.00996201
0 0.823582 0.700478 0.352837 0.543395 0.00996049
0 0.308763 0.78618 0.617526 0.374154 0.00995393
0 0.576099 0.882706 0.296881 0.129972 0.00994137
0 0.120753 0.518416 0.241507 0.280231 0.00993882
0 0.212364 0.898858 0.402582 0.202285 0.00989912
0 0.0211736 0.807828 0.0423471 0.333057 0.00987817
0 0.420645 0.561707 0.387994 0.381984 0.00985934
0 0.126502 0.182116 0.253004 0.205304 0.00973183
0 0.573372 0.60493 0.853256 0.669426 0.00971821
0 0.0368668 0.744708 0.0737336 0.307057 0.0096335
0 0.0251913 0.380008 0.0503826 0.372531 0.0095554
0 0.881027 0.84132 0.237947 0.31736 0.00953006
0 0.0973658 0.920796 0.194732 0.158408 0.00948934
0 0.646707 0.832956 0.601233 0.302029 0.00944039
0 0.418803 0.909925 0.503279 0.180151 0.00941014
0 0.770814 0.831821 0.458371 0.336358 0.00939152
0 0.0146981 0.323008 0.0293961 0.354243 0.00937407
0 0.942895 0.920546 0.11421 0.158907 0.00933951
0 0.119337 0.318068 0.238675 0.254328 0.00931998
0 0.507836 0.909214 0.455531 0.181572 0.00928587
0 0.5 0.664642 1 0.398598 0.00922335
0 0.196479 0.914801 0.392958 0.170398 0.00921514
0 0.017435 0.873397 0.03487 0.253206 0.00920248
0 0.55993 0.810095 0.761874 0.299599 0.00913567
0 0.412168 0.880389 0.312506 0.239222 0.00911747
0 0.0961214 0.913152 0.192243 0.161739 0.0090324
0 0.728766 0.858955 0.373906 0.254598 0.00900039
0 0 0.549633 0 0.298987 0.00899873
0 0.0171482 0.935221 0.0342964 0.129558 0.00885058
0 0.606147 0.62663 0.787706 0.482636 0.00876229
0 0.0366936 0.650402 0.0733872 0.33828 0.00872911
0 0.76186 0.837844 0.476279 0.324312 0.00867715
0 0 0.951397 0 0.0972062 0.0086558
0 0.512315 0.877315 0.244156 0.157388 0.00863791
0 0.122953 0.259581 0.245905 0.259639 0.00843565
0 0.556953 0.907664 0.436208 0.184673 0.00838636
0 0.502792 0.683937 0.880523 0.39957 0.00815467
0 0.477999 0.887449 0.249485 0.188417 0.0081103
0 0.0375937 0.908913 0.0751874 0.182174 0.00801398
0 0.726857 0.144711 0.134719 0.0983962 0.00786969
0 0 0.920777 0 0.158445 0.00769617
0 0.00014044 0.912987 0.000280879 0.174026 0.00763698
0 0.573813 0.77503 0.852373 0.44994 0.00760827
0 0.608447 0.663594 0.783105 0.672812 0.00759458
0 0.47409 0.808067 0.51973 0.284975 0.00750579
0 0.0155567 0.703268 0.0311134 0.31778 0.00716305
0 0 0.903925 0 0.192149 0.00707408
0 0 0.847995 0 0.30401 0.00699597
0 0.406159 0.843695 0.45469 0.223257 0.00678695
0 0 0.758275 0 0.322733 0.00647773
0 0 0.63786 0 0.225805 0.0063849
0 0 0.687113 0 0.247569 0.00621615
0 0 0.865951 0 0.219094 0.00618743
0 0.381596 0.817076 0.454535 0.31083 0.0061481
0 0 0.737639 0 0.255531 0.00585646
0 0 0.781836 0 0.239423 0.00573196
0 0 0.824796 0 0.232853 0.00569053
0 0.720068 0.163404 0.156626 0.111829 0.00515258
0 0.193667 0.190323 0.182417 0.113317 0.00472019
0 0.833025 0.816114 0.16307 0.0868814 0.00440707
0 0.703905 0.148369 0.17488 0.0986655 0.00437925
0 0.169227 0.577789 0.104021 0.0515906 0.00435713
0 0.289838 0.91993 0.249055 0.156087 0.00430369
0 1 0.789212 0 0.244079 0.00417491
0 0.910125 0.957295 0.179751 0.0764656 0.00413501
0 0.0831604 0.946269 0.166321 0.107462 0.00399799
0 0.761701 0.141665 0.118136 0.0910957 0.00397043
0 0.736106 0.179379 0.172802 0.0921184 0.00396517
0 1 0.889337 0 0.221325 0.00393463
0 0.913916 0.928872 0.172169 0.137052 0.00392799
0 0.538005 0.382723 0.0598796 0.0163336 0.00388923
0 0.0827989 0.895092 0.165598 0.209817 0.00384128
0 0.194075 0.771032 0.126896 0.0963476 0.00382582
0 0.859216 0.954194 0.281568 0.0831276 0.0037994
0 0.473487 0.196191 0.15664 0.0608702 0.00375895
0 0.352501 0.697865 0.219948 0.101476 0.00370475
0 0.47773 0.540673 0.150936 0.0504778 0.00368669
0 1 0.932566 0 0.134869 0.00361416
0 0.816082 0.883287 0.159091 0.0549606 0.00359851
0 0.0810889 0.921887 0.162178 0.156225 0.00358115
0 0.132345 0.306311 0.26469 0.292528 0.00356342
0 0.20265 0.221436 0.169178 0.0949697 0.00356083
0 1 0.735725 0 0.295073 0.00356005
0 0.494101 0.187749 0.165894 0.0798689 0.00355805
0 0.4965 0.532774 0.12212 0.0387245 0.00352651
0 0.240397 0.220657 0.191927 0.0899913 0.00347337
0 0.461957 0.164326 0.177546 0.0964879 0.0034728
0 0.431588 0.882924 0.117876 0.0488892 0.00346749
0 0.181157 0.782938 0.143323 0.115916 0.00346682
0 0.943692 0.10075 0.112616 0.2015 0.271291
0 1 0.102601 0 0.205201 0.260067
0 0.960665 0.116021 0.0786694 0.232043 0.251037
0 0.627348 0.0923808 0.171336 0.184762 0.23517
0 0.838759 0.0903414 0.166815 0.180683 0.192817
0 0.907497 0.0966422 0.17941 0.193284 0.190759
0 0.872158 0.0926068 0.170377 0.185214 0.182962
0 0.770319 0.0902029 0.173362 0.180406 0.175665
0 0.662838 0.0913158 0.173776 0.182632 0.175489
0 0 0.118033 0 0.236067 0.174884
0 0.592219 0.0931237 0.176226 0.186247 0.174455
0 0.344849 0.0926483 0.175332 0.185297 0.171166
0 0.381593 0.0910873 0.173197 0.182175 0.169258
0 0.275651 0.0957345 0.176607 0.191469 0.166867
0 0.73431 0.0906495 0.178316 0.181299 0.163057
0 0.240651 0.0949719 0.176602 0.189944 0.158771
0 0.488719 0.089094 0.171467 0.178188 0.157152
0 0.805745 0.0897165 0.175743 0.179433 0.156494
0 0.452869 0.0891771 0.179306 0.178354 0.15607
0 0.312314 0.0946837 0.17901 0.189367 0.152615
0 0 0.102661 0 0.205323 0.150817
0 0.00390583 0.0955429 0.00781166 0.191086 0.148821
0 0.024797 0.092066 0.0495939 0.184132 0.140014
0 0.170633 0.0920239 0.176085 0.184048 0.13921
0 0 0.115897 0 0.231793 0.139136
0 0.207487 0.0930456 0.173718 0.186091 0.139012
0 0.417995 0.0898281 0.178054 0.179656 0.135772
0 0.993558 0.115901 0.0128831 0.231801 0.135032
0 0.523757 0.0904938 0.1729 0.180988 0.125585
0 0.00215132 0.114703 0.00430264 0.229406 0.1252
0 0.698966 0.090795 0.175797 0.18159 0.124855
0 0.925266 0.115623 0.149467 0.231247 0.120218
0 0 0.103779 0 0.207558 0.118409
0 0.135433 0.0933674 0.179004 0.186735 0.118301
0 0.557331 0.092296 0.177216 0.184592 0.11518
0 0.937829 0.127387 0.124343 0.254774 0.112436
0 0.793772 0.325636 0.237853 0.304265 0.111613
0 0.818746 0.295051 0.217587 0.317752 0.10558
0 0 0.0991629 0 0.198326 0.101827
0 0.206715 0.174462 0.217796 0.292284 0.101796
0 0.846146 0.31853 0.271014 0.323461 0.0965699
0 0.208252 0.355879 0.206736 0.278783 0.0913527
0 0.238243 0.372053 0.27334 0.307299 0.0887157
0 0.100203 0.0944518 0.17783 0.188904 0.0858258
0 0.740421 0.328293 0.210537 0.293097 0.082751
0 0.057868 0.0916528 0.115736 0.183306 0.0792538
0 0.430966 0.473284 0.252944 0.294526 0.0767905
0 0.390642 0.482301 0.234502 0.313318 0.076672
0 1 0.915871 0 0.168258 0.0725159
0 0.0736915 0.0934314 0.147383 0.186863 0.0715398
0 0.621317 0.127995 0.196432 0.255991 0.0706518
0 0.248018 0.352983 0.210376 0.288257 0.0695253
0 0.69158 0.327045 0.199112 0.297271 0.0676496
0 0.681166 0.414583 0.253437 0.331885 0.0662295
0 0.899031 0.128273 0.201938 0.256546 0.0606898
0 0.868942 0.127825 0.209407 0.255649 0.0574885
0 0.186017 0.210814 0.285707 0.329564 0.0551827
0 0.434707 0.190727 0.254665 0.332911 0.0548783
0 0.481073 0.153437 0.182388 0.293409 0.0507204
0 0.88458 0.240515 0.23084 0.335136 0.0504718
0 0.869465 0.265877 0.26107 0.331302 0.0489076
0 0.532415 0.418335 0.321023 0.335817 0.048557
0 0.62484 0.419561 0.29323 0.330085 0.0482496
0 0.30157 0.36696 0.259246 0.314931 0.0480108
0 0.491572 0.393435 0.292993 0.329169 0.0479805
0 0.735556 0.153718 0.199036 0.288903 0.0468735
0 0.59286 0.265966 0.214837 0.327166 0.0465404
0 0.342001 0.290219 0.26 0.338567 0.0454758
0 0.491922 0.311264 0.199042 0.27481 0.0451806
0 0.63688 0.166721 0.212666 0.333442 0.0441337
0 0.55811 0.128472 0.207092 0.256944 0.0431547
0 0.0167887 0.889208 0.0335773 0.221584 0.0429221
0 0.50201 0.469778 0.244757 0.29432 0.0426635
0 0.936433 0.266239 0.127134 0.331354 0.042235
0 1 0.0906826 0 0.181365 0.0421665
0 0.0479967 0.388402 0.0959933 0.316455 0.041556
0 0.0283903 0.110641 0.0567805 0.221281 0.0410626
0 0.00960279 0.0842999 0.0192056 0.1686 0.0409443
0 0.657574 0.318833 0.212122 0.327267 0.040776
0 0 0.890055 0 0.21989 0.0404016
0 0.488322 0.463123 0.309204 0.338906 0.0402723
0 0.237601 0.127674 0.204157 0.255348 0.0395663
0 0.754143 0.410141 0.269004 0.337122 0.039565
0 0.483199 0.12871 0.196901 0.257421 0.0394845
0 0.386139 0.127217 0.214953 0.254434 0.0394203
0 0.701025 0.166137 0.15297 0.328454 0.0392491
0 0.977354 0.0909417 0.045291 0.181883 0.0388952
0 0.28078 0.126624 0.225946 0.253247 0.0385052
0 0.93591 0.316538 0.128181 0.334925 0.0384741
0 0.85071 0.359381 0.298579 0.344217 0.0383071
0 0.721069 0.382768 0.280621 0.337231 0.0382015
0 0.655299 0.3666 0.285557 0.336641 0.0376888
0 0.356881 0.514485 0.224741 0.323814 0.037464
0 0 0.901042 0 0.197916 0.0374358
0 0.567352 0.369089 0.247925 0.32143 0.0373519
0 1 0.901899 0 0.196203 0.037178
0 0.194178 0.363672 0.320511 0.336473 0.0370398
0 0.919733 0.315978 0.160534 0.336189 0.0369032
0 0.562117 0.243987 0.226636 0.322307 0.0366365
0 0.830589 0.127309 0.196151 0.254617 0.0366275
0 0.0244281 0.540551 0.0488562 0.334779 0.0362606
0 0.0918075 0.385449 0.183615 0.326896 0.0359556
0 0.994867 0.906766 0.0102668 0.186469 0.0359394
0 0.888687 0.16621 0.222627 0.332421 0.0347379
0 0.686952 0.914131 0.1638 0.171738 0.0341061
0 0.938569 0.166251 0.122862 0.332502 0.0334461
0 0.525587 0.299632 0.210679 0.304084 0.0330181
0 0 0.719343 0 0.334961 0.0330114
0 0.318482 0.493608 0.232217 0.332669 0.0327637
0 0.803464 0.409973 0.275341 0.339715 0.0325881
0 0.447304 0.366495 0.284508 0.326176 0.0319708
0 0.133208 0.383506 0.266416 0.334093 0.0313866
0 0.26483 0.519816 0.202863 0.331665 0.0312071
0 0.472104 0.326082 0.250124 0.320275 0.0310015
0 0.238833 0.848406 0.165758 0.244631 0.0309121
0 0.0616748 0.244272 0.12335 0.32235 0.030886
0 0.0376105 0.860672 0.075221 0.278656 0.0308224
0 0.918935 0.239451 0.162129 0.334582 0.0306282
0 0.615747 0.317328 0.278953 0.342306 0.0304457
0 1 0.140903 0 0.281806 0.0304184
0 0.773357 0.361674 0.314888 0.345105 0.0303645
0 0.57333 0.91048 0.176651 0.179041 0.0298546
0 0.0131778 0.490839 0.0263557 0.335587 0.0297848
0 0.845311 0.884898 0.170657 0.230204 0.0297591
0 0 0.645234 0 0.333131 0.0295429
0 0.36577 0.364309 0.255519 0.321436 0.029334
0 0.737692 0.127594 0.198067 0.255188 0.0292403
0 0.55645 0.472728 0.226059 0.301805 0.0289587
0 0.936468 0.365997 0.127064 0.335845 0.0289229
0 1 0.099256 0 0.198512 0.0284335
0 0.884162 0.313319 0.231676 0.337029 0.0280897
0 0.435873 0.417151 0.336881 0.337193 0.0280707
0 0 0.914358 0 0.171283 0.0280544
0 0.0378608 0.614482 0.0757216 0.336168 0.0278721
0 0.865115 0.166099 0.26977 0.332197 0.0278553
0 0 0.795059 0 0.333116 0.0277882
0 0.0526162 0.317067 0.105232 0.330639 0.0277237
0 0.324705 0.126106 0.237035 0.252212 0.0277136
0 0.884898 0.883184 0.17351 0.233631 0.0275939
0 0.673688 0.193851 0.243991 0.336763 0.027529
0 0.866132 0.485238 0.197826 0.26533 0.0274033
0 0.90074 0.485661 0.198521 0.266263 0.0268456
0 1 0.0794334 0 0.158867 0.0266415
0 0.0451176 0.467606 0.0902352 0.327238 0.0266016
0 0.041048 0.713759 0.082096 0.337076 0.0265863
0 0.103164 0.599194 0.206327 0.30472 0.0265666
0 0.425829 0.128135 0.225438 0.256271 0.0265631
0 0.0406746 0.814268 0.0813491 0.337334 0.0264964
0 0.649917 0.915206 0.176247 0.169589 0.0264347
0 0.102287 0.130522 0.204574 0.261044 0.0264332
0 0.304755 0.409946 0.354148 0.352791 0.0261566
0 0.0437896 0.544134 0.0875792 0.324004 0.0261162
0 0.0763044 0.437463 0.152609 0.34054 0.0259781
0 0.434849 0.910823 0.179497 0.178354 0.0259163
0 0.996509 0.777206 0.00698229 0.281766 0.0258705
0 0.657468 0.481551 0.187003 0.270404 0.0258688
0 0.860267 0.411758 0.247002 0.339989 0.0258045
0 0 0.887897 0 0.224205 0.0256424
0 0.480573 0.911342 0.135962 0.177317 0.0255872
0 0.162617 0.408179 0.325234 0.350659 0.0254573
0 0.727834 0.910502 0.119537 0.178995 0.0254221
0 0.170187 0.155875 0.263783 0.286115 0.0253954
0 0.0308508 0.243473 0.0617015 0.31544 0.0252564
0 0.128474 0.590981 0.207158 0.286299 0.0250387
0 0.54833 0.325925 0.261656 0.323771 0.0247819
0 0.114983 0.194746 0.229967 0.329288 0.0246116
0 0.0410114 0.140224 0.0820227 0.280448 0.0245299
0 0.490499 0.911529 0.0898008 0.176942 0.0239326
0 0.511901 0.158051 0.203474 0.306617 0.0238884
0 0.695843 0.145819 0.125889 0.291638 0.023801
0 0.694325 0.126911 0.192912 0.253822 0.0237089
0 0 0.851559 0 0.296883 0.0234413
0 0.919143 0.166149 0.161714 0.332298 0.023293
0 1 0.518239 0 0.284828 0.0232174
0 0.995214 0.916588 0.009573 0.166824 0.0231673
0 0.23684 0.493183 0.21123 0.333777 0.0231244
0 0.975284 0.14121 0.0494328 0.282421 0.0230798
0 0.919125 0.388008 0.16175 0.334573 0.0228925
0 0.508693 0.344059 0.257546 0.33305 0.0227727
0 0.0787244 0.514763 0.157449 0.339577 0.0226363
0 0.0160367 0.862865 0.0320733 0.274271 0.0225518
0 0.243574 0.16258 0.23407 0.319478 0.0222946
0 0.0132836 0.415762 0.0265672 0.33272 0.0222105
0 1 0.317551 0 0.30827 0.0221587
0 0.390855 0.154115 0.240282 0.30823 0.0221204
0 0.199489 0.822705 0.184351 0.297856 0.0219379
0 0.0430151 0.0811279 0.0860303 0.162256 0.0217574
0 0.808952 0.428165 0.19813 0.265768 0.0216593
0 0.462671 0.911859 0.214019 0.176281 0.0216464
0 0.0758451 0.874471 0.15169 0.251058 0.0214653
0 0.0375718 0.213064 0.0751435 0.334042 0.0214572
0 0.38692 0.46556 0.311311 0.335925 0.0214415
0 1 0.396104 0 0.299153 0.0214131
0 0.607894 0.913176 0.165611 0.173647 0.0213483
0 0.186653 0.130309 0.247547 0.260618 0.0211796
0 1 0.214308 0 0.320543 0.0210877
0 0.61871 0.483725 0.203388 0.272717 0.0210227
0 0.953652 0.21429 0.0926963 0.338603 0.0209068
0 0 0.142418 0 0.284836 0.0208612
0 0.0355325 0.76552 0.071065 0.338738 0.0208404
0 0.0627275 0.517084 0.125455 0.33112 0.0205962
0 0.587217 0.91473 0.115624 0.170541 0.0205877
0 1 0.809065 0 0.268548 0.0205527
0 0.374931 0.241989 0.317336 0.327124 0.020531
0 0.780369 0.412942 0.220138 0.283487 0.0205183
0 0.991837 0.608575 0.016326 0.315356 0.0204776
0 0.571357 0.192275 0.237814 0.339129 0.0203961
0 0.596885 0.46201 0.243738 0.343913 0.0201881
0 0.0315701 0.41409 0.0631403 0.321232 0.0200966
0 0.910103 0.49816 0.125801 0.242598 0.020016
0 0.240229 0.467567 0.28429 0.335205 0.0199241
0 0.0841582 0.860612 0.168316 0.278776 0.0198982
0 0.6228 0.2435 0.18973 0.330765 0.0198802
0 0.134581 0.130566 0.269163 0.261133 0.0198784
0 0.618742 0.911177 0.116766 0.177647 0.019832
0 0.102859 0.434618 0.205717 0.349899 0.0197207
0 0.0434994 0.665066 0.0869988 0.338027 0.0197198
0 0.125178 0.337694 0.248791 0.341926 0.0195581
0 0 0.0875491 0 0.175098 0.0195461
0 0.165674 0.817698 0.195899 0.32287 0.0191544
0 0 0.0901593 0 0.180319 0.0190499
0 0.938893 0.439103 0.122214 0.345093 0.0190229
0 0.330988 0.905828 0.239898 0.188343 0.0189366
0 0.0238195 0.877182 0.0476391 0.245636 0.0189123
0 0.383255 0.907878 0.212563 0.184245 0.0187845
0 0.0379826 0.342282 0.0759652 0.32688 0.01878
0 1 0.149478 0 0.298956 0.0186385
0 0.884618 0.383156 0.230765 0.332437 0.0185738
0 0.897402 0.142119 0.205195 0.284238 0.0183973
0 0.515175 0.910834 0.128022 0.178332 0.0182427
0 0.0307022 0.314164 0.0614045 0.333729 0.0181573
0 0.022484 0.365618 0.044968 0.33368 0.0180505
0 1 0.16705 0 0.332734 0.0179557
0 0.256028 0.204676 0.241812 0.315499 0.0179104
0 0.44339 0.14729 0.274746 0.29458 0.0178672
0 0.00513989 0.155062 0.0102798 0.310123 0.0178518
0 0.182225 0.516043 0.228348 0.340492 0.0178291
0 0 0.915428 0 0.169143 0.0174773
0 0.995517 0.84451 0.00896533 0.309496 0.0174008
0 0.0357657 0.516126 0.0715314 0.32516 0.0173037
0 0 0.902755 0 0.194489 0.0172831
0 0 0.596037 0 0.331246 0.0171417
0 0.286863 0.86008 0.160089 0.231478 0.0170455
0 0.990304 0.16674 0.0193923 0.33348 0.0169927
0 0.0550436 0.197062 0.110087 0.313698 0.0169327
0 0 0.156351 0 0.312703 0.0167304
0 0.544051 0.914812 0.157051 0.170376 0.0166949
0 0.809808 0.245788 0.235776 0.329832 0.0166419
0 0.0247157 0.0739452 0.0494314 0.14789 0.0163499
0 0.00929568 0.123317 0.0185914 0.246633 0.0163439
0 0.0504704 0.876979 0.100941 0.246042 0.0163253
0 0.97132 0.2391 0.0573606 0.337305 0.0160744
0 0.170814 0.906693 0.200154 0.186613 0.0160667
0 0.0921771 0.705933 0.184354 0.301778 0.0160008
0 0.691172 0.463319 0.210802 0.341305 0.0159955
0 0.324405 0.872313 0.190288 0.255373 0.0159516
0 1 0.448449 0 0.299858 0.0159141
0 0.105532 0.163366 0.211064 0.318855 0.0158979
0 0.50229 0.912123 0.224364 0.175754 0.015815
0 0.0513062 0.6154 0.102612 0.330183 0.0157786
0 0.754777 0.198623 0.171062 0.320094 0.0157525
0 0.069314 0.567987 0.138628 0.332673 0.0157439
0 0.203816 0.886193 0.208203 0.227614 0.0155588
0 0.0116386 0.263305 0.0232772 0.330272 0.0154503
0 0.132165 0.210156 0.26433 0.348784 0.0154464
0 0.922395 0.485668 0.155209 0.277935 0.0153061
0 0.796553 0.16242 0.2044 0.310368 0.0152394
0 0.83695 0.457635 0.194897 0.320932 0.0152103
0 0.738874 0.915027 0.194803 0.169946 0.0150552
0 0.136245 0.535054 0.224219 0.355284 0.0150515
0 0.760983 0.908845 0.136675 0.182311 0.0150394
0 0.100693 0.535761 0.201386 0.35353 0.0150244
0 0.232282 0.906186 0.211242 0.187628 0.0150021
0 0.456316 0.911766 0.104725 0.176469 0.0150005
0 0.0907976 0.314268 0.181595 0.340738 0.0148801
0 0 0.719005 0 0.328061 0.0148441
0 0 0.491465 0 0.339128 0.0147167
0 0.718193 0.194851 0.207668 0.322132 0.0145064
0 0.39864 0.907734 0.274607 0.184531 0.0144703
0 0 0.21356 0 0.342072 0.0144591
0 0.0913948 0.612678 0.18279 0.33279 0.0144518
0 0.00834653 0.0757631 0.0166931 0.151526 0.0141823
0 0.734082 0.45278 0.217405 0.320483 0.0141116
0 0.989184 0.21463 0.0216318 0.335719 0.0140858
0 0.127636 0.702822 0.181039 0.276605 0.0140489
0 0.00942839 0.188353 0.0188568 0.329258 0.0140123
0 0 0.926041 0 0.147919 0.0139618
0 0.0340982 0.933883 0.0681964 0.132235 0.0139595
0 0.85578 0.0796118 0.159726 0.159224 0.0139083
0 0.179343 0.702456 0.1545 0.259543 0.0139041
0 0.131649 0.817835 0.212716 0.337358 0.0138797
0 0.0327557 0.590299 0.0655114 0.332983 0.0137977
0 0.425045 0.498423 0.21169 0.251354 0.0137271
0 0.519632 0.247161 0.230093 0.318428 0.0136907
0 1 0.75247 0 0.296113 0.0135904
0 0.270789 0.885681 0.211273 0.228637 0.0135531
0 0.912297 0.49922 0.175405 0.186502 0.01355
0 0.394197 0.873337 0.270126 0.253326 0.0135254
0 0.902089 0.466596 0.195821 0.338452 0.0135096
0 0.236842 0.298384 0.219147 0.32567 0.0134784
0 0.192142 0.200682 0.186776 0.128099 0.838682
0 0.726978 0.161838 0.172465 0.131439 0.707157
0 0.462232 0.169876 0.184658 0.112114 0.690165
0 0.757632 0.175282 0.132233 0.0950655 0.0177816
0 1 0.0829746 0 0.165949 0.0162826
0 0.175332 0.186173 0.151393 0.105383 0.0159855
0 1 0.0759322 0 0.151864 0.012607
0 0.428003 0.167787 0.198225 0.104987 0.012507
0 0.480685 0.179455 0.143918 0.101024 0.0111645
0 0.713108 0.148421 0.143288 0.1068 0.0109385
0 0.703541 0.746069 0.428358 0.264976 0.010023
0 0.506783 0.89119 0.400698 0.217621 0.00942504
0 0.803432 0.791968 0.393136 0.230505 0.00941019
0 0.962401 0.676837 0.0751988 0.231187 0.00929637
0 0.495376 0.91108 0.335612 0.177839 0.0092617
0 0.750336 0.303991 0.496172 0.345896 0.00882363
0 0.528226 0.304144 0.44334 0.220569 0.00870118
0 0.468853 0.843094 0.605979 0.313811 0.00860457
0 0.844287 0.789252 0.311426 0.24045 0.00847237
0 0.774487 0.674442 0.446128 0.248607 0.0084451
0 0.462168 0.296264 0.437362 0.220594 0.00838295
0 0.70258 0.789081 0.409724 0.239062 0.00836363
0 0.958635 0.622709 0.0827293 0.234418 0.00834267
0 0.249821 0.274874 0.443273 0.295731 0.0083341
0 0.615105 0.310779 0.462431 0.261512 0.00829965
0 0.785302 0.236327 0.429396 0.312872 0.00823185
0 0.104724 0.296245 0.209448 0.314118 0.00821315
0 0.238743 0.334603 0.463313 0.25124 0.00815581
0 0.0799676 0.13682 0.159935 0.0510533 0.00813996
0 0.959272 0.731928 0.0814552 0.239036 0.00810665
0 0.145472 0.353098 0.290945 0.33359 0.00803424
0 0.752468 0.962461 0.357523 0.075079 0.00801482
0 0.108643 0.353014 0.217285 0.322689 0.00800967
0 0.00704009 0.100347 0.0140802 0.200694 0.00797329
0 0.679592 0.35589 0.476991 0.29315 0.00797234
0 0.397047 0.284651 0.440828 0.221438 0.00794883
0 0.647058 0.857675 0.372891 0.28465 0.007945
0 0.324052 0.276858 0.440981 0.257051 0.00792213
0 0.402125 0.897602 0.367079 0.204797 0.0078993
0 0.204057 0.184617 0.159662 0.105372 0.00789663
0 0.0051092 0.0516661 0.0102184 0.103332 0.0078728
0 0.60669 0.356907 0.449876 0.273054 0.00785435
0 0.661249 0.698069 0.64359 0.32046 0.00782602
0 0.0962812 0.148055 0.192562 0.29611 0.00778835
0 0.904481 0.63721 0.191038 0.26673 0.00778581
0 0.210773 0.20453 0.370847 0.152184 0.00777092
0 0.623833 0.791596 0.41054 0.268109 0.00774264
0 0.793772 0.755436 0.366101 0.227016 0.00774073
0 0.15849 0.138222 0.199002 0.0447211 0.00773894
0 0.726524 0.862763 0.374409 0.274474 0.00768913
0 0.523285 0.350394 0.424716 0.254703 0.00766995
0 0.839383 0.745203 0.321234 0.204636 0.00766053
0 1 0.10844 0 0.21688 0.00764246
0 0.517576 0.265011 0.431168 0.341188 0.00760866
0 0.164589 0.342653 0.329179 0.31557 0.00760105
0 0.973637 0.579252 0.0527269 0.214918 0.00759708
0 0.98013 0.901517 0.0397394 0.196966 0.00759304
0 0.150085 0.408719 0.300169 0.33085 0.00758423
0 0 0.0296142 0 0.0592285 0.00754741
0 0.144281 0.298223 0.288562 0.333147 0.00752845
0 0.75185 0.227231 0.473311 0.288796 0.00752082
0 0.0955051 0.199427 0.19101 0.311923 0.00746454
0 0.611252 0.962612 0.351235 0.0747751 0.0074621
0 0.0744696 0.151227 0.148939 0.0810582 0.0074531
0 0.971286 0.766471 0.0574283 0.21437 0.0074516
0 0.189583 0.298388 0.379165 0.338011 0.00743692
0 0.228424 0.777705 0.0536445 0.12107 0.00736858
0 0.212347 0.404823 0.424694 0.302077 0.00735328
0 0.78225 0.348302 0.4355 0.317792 0.00734813
0 0.517151 0.963672 0.345254 0.0726561 0.00734707
0 0.777782 0.134559 0.444437 0.21752 0.00727746
0 0.452533 0.339686 0.426573 0.237577 0.0072286
0 0.724348 0.598783 0.551304 0.35598 0.0072163
0 0.932357 0.730819 0.135286 0.207024 0.0072158
0 0.64263 0.73872 0.450629 0.29151 0.00720213
0 0.0576943 0.409183 0.115389 0.341176 0.00717083
0 0.617024 0.913568 0.313407 0.172865 0.0071542
0 0.971876 0.82741 0.0562476 0.246629 0.00714875
0 0.775447 0.914139 0.280275 0.171722 0.00712812
0 0.0419768 0.257126 0.0839535 0.323781 0.00708996
0 0.806303 0.153249 0.387395 0.306499 0.00707584
0 0.30936 0.33651 0.409587 0.238629 0.00707191
0 0.377047 0.333779 0.404016 0.22853 0.00705886
0 0.309521 0.118928 0.457484 0.237855 0.00704887
0 0.450184 0.289846 0.40212 0.374596 0.00699128
0 0.822361 0.960775 0.355278 0.07845 0.00698802
0 0.241975 0.102324 0.444861 0.204648 0.00697417
0 0.197733 0.108013 0.395467 0.216027 0.00694312
0 0.609565 0.40106 0.480555 0.292572 0.00693864
0 0.812186 0.303701 0.375628 0.338729 0.00693235
0 0.750427 0.396541 0.495555 0.293528 0.00692735
0 0.210792 0.777966 0.0738275 0.117097 0.00691064
0 0.326984 0.201293 0.437091 0.179229 0.00685763
0 0.434064 0.210661 0.356512 0.310703 0.00683344
0 0.0946139 0.0934977 0.189228 0.186995 0.00681713
0 0.582478 0.112074 0.442418 0.224148 0.00671914
0 0.389789 0.0939547 0.441865 0.187909 0.00666007
0 0.12097 0.455723 0.24194 0.329792 0.00664888
0 0.458264 0.132036 0.187264 0.145145 0.00664737
0 0.459123 0.407948 0.458786 0.282695 0.0066161
0 0.161462 0.0779242 0.322924 0.155848 0.00661243
0 0.43584 0.114079 0.351293 0.227276 0.00659856
0 0.677672 0.242122 0.421205 0.320878 0.00655723
0 0.0297302 0.351641 0.0594605 0.329057 0.00655137
0 0.129158 0.08626 0.258317 0.17252 0.00653896
0 0.670485 0.0954444 0.43443 0.190889 0.0065354
0 0.555865 0.807972 0.506811 0.323914 0.00653474
0 0.152122 0.339725 0.304245 0.420204 0.00650458
0 0.570906 0.241113 0.484458 0.315214 0.00648271
0 0.440372 0.960303 0.329747 0.0793949 0.00647794
0 0.931093 0.677898 0.137814 0.216817 0.00647467
0 0.149943 0.133851 0.299887 0.267702 0.00646626
0 0.846262 0.912301 0.307477 0.175397 0.00646527
0 0.248538 0.452142 0.493839 0.272192 0.00644947
0 0.156924 0.204474 0.313848 0.135643 0.00643567
0 0.385165 0.410243 0.442208 0.274379 0.00640538
0 0.397812 0.272027 0.387385 0.326633 0.00639957
0 0.590906 0.137666 0.469437 0.169648 0.00638151
0 0.609621 0.638341 0.780757 0.30962 0.00636296
0 0.22047 0.124885 0.426582 0.24977 0.00636178
0 0.162622 0.110731 0.325243 0.221462 0.00635292
0 0.146203 0.21409 0.292406 0.152195 0.00634204
0 0.831867 0.85759 0.336266 0.284819 0.006329
0 0.80964 0.645779 0.380719 0.282566 0.0062929
0 0.176636 0.450708 0.353272 0.29483 0.00627939
0 0.727438 0.152622 0.438301 0.140824 0.00626896
0 0.0278485 0.1981 0.055697 0.332434 0.00625368
0 0.0709996 0.5041 0.141999 0.338059 0.00625342
0 0.531695 0.0946615 0.433171 0.189323 0.00624426
0 0.330698 0.450666 0.460192 0.271441 0.00621941
0 0.388061 0.200242 0.385856 0.249113 0.00619061
0 0.941143 0.940901 0.117714 0.118197 0.00616615
0 0.814028 0.393023 0.371944 0.306036 0.00608152
0 0.0330769 0.45329 0.0661537 0.329813 0.00601505
0 0.978658 0.490403 0.042683 0.274375 0.00597886
0 0.734501 0.106373 0.441141 0.212747 0.00597341
0 0.984225 0.93934 0.0315505 0.121319 0.00592058
0 0.209664 0.888245 0.419327 0.22351 0.00591688
0 0.0405252 0.136109 0.0810505 0.272219 0.00590038
0 0.154128 0.49901 0.308255 0.317975 0.00589433
0 0.378381 0.11486 0.396009 0.22972 0.00587578
0 0.860241 0.242268 0.279519 0.320706 0.00587166
0 0.681031 0.442709 0.49039 0.301642 0.00582776
0 0.940635 0.951755 0.118729 0.0964899 0.005827
0 0.836477 0.68644 0.327047 0.208703 0.00582383
0 0.941583 0.786624 0.116834 0.255886 0.0058209
0 0.923372 0.948852 0.153256 0.102296 0.00581428
0 0.78307 0.439262 0.43386 0.30608 0.00580076
0 0 0.0491357 0 0.0982713 0.005786
0 0.798787 0.0953429 0.402426 0.190686 0.00576707
0 0.00057757 0.055121 0.00115514 0.110242 0.00576193
0 0.496562 0.197102 0.424362 0.269924 0.00574343
0 0.0730269 0.054909 0.146054 0.109818 0.00572729
0 0.4538 0.103009 0.426875 0.206018 0.00572716
0 0.862752 0.152216 0.274496 0.304433 0.00572619
0 0.159408 0.143128 0.318816 0.25161 0.00571274
0 0.862529 0.0979347 0.274943 0.195869 0.00569688
0 0.723563 0.054592 0.167109 0.101654 0.00568346
0 0.844353 0.343545 0.311294 0.318285 0.00561722
0 0.145398 0.570843 0.0876477 0.0938078 0.00561485
0 0.0376003 0.55238 0.0752007 0.32947 0.00560176
0 0.0852423 0.817283 0.170485 0.365433 0.00556857
0 0.942347 0.0588512 0.115305 0.117702 0.00554975
0 0 0.046533 0 0.093066 0.00553296
0 0.0791212 0.609015 0.158242 0.348487 0.00552179
0 0.986129 0.120704 0.0277414 0.23921 0.0055162
0 0.537314 0.447753 0.46413 0.284287 0.00547235
0 0.509399 0.114297 0.442383 0.226162 0.0054243
0 0.665925 0.112983 0.431845 0.225965 0.00541804
0 0.0848708 0.717695 0.169742 0.365479 0.00540795
0 0.973766 0.0567438 0.0524673 0.113488 0.00539924
0 0.987077 0.172855 0.0258458 0.247343 0.00535743
0 0.445431 0.874696 0.391823 0.250608 0.00533802
0 0.139264 0.223818 0.278529 0.241036 0.00533102
0 0.255359 0.497136 0.510717 0.310599 0.00529206
0 0.284616 0.889367 0.389958 0.221267 0.00529124
0 0.986381 0.227866 0.0272383 0.251578 0.00527016
0 0.113298 0.57186 0.0639888 0.0931841 0.00524522
0 0.984999 0.0999345 0.0300013 0.199869 0.00522497
0 0 0.942053 0 0.115894 0.00518851
0 0.810757 0.559909 0.378486 0.357275 0.00518375
0 0.129324 0.570519 0.0657391 0.0886983 0.00515797
0 0.87862 0.854269 0.24276 0.291463 0.00511441
0 0.8616 0.959307 0.276801 0.081385 0.00510252
0 0.982294 0.428649 0.0354114 0.248595 0.00510029
0 0.985976 0.281244 0.0280472 0.260105 0.00509297
0 0.199698 0.940526 0.399397 0.118947 0.00508503
0 0.610491 0.498451 0.493848 0.309892 0.00505156
0 1 0.0446739 0 0.0893479 0.00504402
0 0.154766 0.20913 0.104332 0.0964517 0.00503933
0 0.923867 0.900981 0.152267 0.198037 0.0050136
0 0.985462 0.331385 0.0290763 0.255533 0.00498087
0 0.0399359 0.655069 0.0798718 0.338327 0.00496281
0 0.752946 0.911364 0.425743 0.177271 0.00494062
0 0.166343 0.926295 0.332685 0.14741 0.00490404
0 0.983899 0.377155 0.0322011 0.248109 0.00490306
0 0.157353 0.597915 0.314705 0.321294 0.00488819
0 0.16087 0.701384 0.321739 0.325897 0.00488
0 0.786307 0.494649 0.427385 0.321577 0.00480471
0 0.209213 0.671381 0.0733664 0.11131 0.00478937
0 0.824088 0.11201 0.351824 0.224019 0.0047838
0 0.852041 0.441185 0.295918 0.313517 0.00476942
0 0.124231 0.552118 0.248462 0.327328 0.00474029
0 0.929377 0.93685 0.141246 0.1263 0.00474002
0 0.327245 0.502906 0.499804 0.311577 0.00473893
0 0.261556 0.585394 0.523112 0.311819 0.00473254
0 1 0.667246 0 0.252078 0.00472503
0 0.910466 0.0599428 0.179069 0.119886 0.00472047
0 0.109007 0.913622 0.218014 0.172756 0.0047201
0 0.911174 0.194026 0.177653 0.300516 0.00469523
0 0.935485 0.0850804 0.12903 0.170161 0.00469013
0 0.00630055 0.27857 0.0126011 0.36686 0.00467671
0 0.400852 0.49762 0.0731998 0.117627 0.00464656
0 0.131347 0.761294 0.262694 0.348151 0.00464033
0 0.339907 0.955594 0.383428 0.0888117 0.00461307
0 0.881421 0.90563 0.237158 0.18874 0.00460919
0 0.00606444 0.376324 0.0121289 0.362667 0.00459995
0 0.12836 0.662087 0.256721 0.345957 0.00458566
0 0.964093 0.940681 0.0718133 0.118637 0.00456445
0 0.040306 0.0558466 0.080612 0.111693 0.00455799
0 0.0410325 0.751352 0.082065 0.329395 0.00453303
0 0.681107 0.05102 0.212078 0.10204 0.00452275
0 0.466667 0.505597 0.487992 0.301446 0.00448755
0 0.643828 0.0558247 0.208812 0.111649 0.00447431
0 1 0.0680165 0 0.136033 0.00446786
0 0.719455 0.0491901 0.207921 0.0983803 0.00443237
0 0.650253 0.543712 0.0588713 0.0925304 0.00437621
0 0.892589 0.0614127 0.214822 0.122825 0.00437078
0 0.424015 0.808492 0.619377 0.337406 0.00435788
0 0.261803 0.693825 0.523606 0.316109 0.00435147
0 0.162749 0.808314 0.325498 0.343757 0.00433743
0 0.33125 0.8885 0.0540569 0.100794 0.00432879
0 0.279929 0.95042 0.364691 0.0991603 0.00432702
0 0.119493 0.902675 0.0518414 0.108642 0.00432588
0 0.166324 0.608329 0.0867276 0.121288 0.00432158
0 0.228643 0.672389 0.0580969 0.110571 0.00431477
0 0.359903 0.060638 0.219559 0.121276 0.00430539
0 0.187702 0.593212 0.375405 0.316945 0.00429393
0 0.503725 0.742693 0.580075 0.315172 0.00429256
0 0.323944 0.0646693 0.218751 0.129339 0.00429151
0 0.006043 0.474792 0.012086 0.358891 0.00428316
0 0.15596 0.584998 0.114271 0.110303 0.00427034
0 1 0.0437912 0 0.0875824 0.00426804
0 0.81291 0.897985 0.37418 0.204031 0.00426585
0 0.396981 0.0558581 0.219825 0.111716 0.00426323
0 0.0374017 0.911807 0.0748034 0.176387 0.00425828
0 0.91504 0.29452 0.16992 0.312283 0.00422434
0 0.901845 0.551503 0.196311 0.332527 0.00418302
0 0.607628 0.0599153 0.207569 0.119831 0.00416054
0 0.977298 0.0810135 0.0454032 0.162027 0.00415066
0 0.991259 0.0606057 0.0174826 0.121211 0.00414439
0 0.188235 0.74658 0.376471 0.313421 0.00414184
0 0.0727604 0.868519 0.145521 0.262962 0.00413924
0 0.379076 0.163451 0.104228 0.0955532 0.00413123
0 0.533386 0.0571923 0.219328 0.114385 0.0041228
0 0.255012 0.0593259 0.220313 0.118652 0.00411119
0 0.137198 0.917561 0.0587252 0.110441 0.00410513
0 0.108058 0.546889 0.043058 0.110894 0.0041045
0 0.683044 0.598549 0.525189 0.336543 0.00409554
0 0.821817 0.0586453 0.217643 0.117291 0.00409023
0 0.416005 0.497505 0.0715721 0.129117 0.00408882
0 0.192746 0.797141 0.385492 0.320713 0.00407997
0 0.116958 0.0577257 0.233915 0.115451 0.00405859
0 0.00652702 0.180069 0.013054 0.360139 0.00403732
0 0.310414 0.741501 0.554435 0.307887 0.00401872
0 0.435631 0.0546442 0.214324 0.109288 0.00401475
0 0.184506 0.0580769 0.230925 0.116154 0.00401289
0 0 0.957247 0 0.0855066 0.0040033
0 0.0428815 0.842407 0.085763 0.315186 0.00398707
0 0.184485 0.648272 0.368969 0.30545 0.0039845
0 0.102912 0.146763 0.103087 0.0666732 0.00393316
0 0.408495 0.586739 0.503893 0.315022 0.00392329
0 0.897115 0.121623 0.20577 0.243246 0.00391332
0 0.153267 0.870773 0.306535 0.258454 0.00385922
0 0.220852 0.551693 0.441703 0.29524 0.00384834
0 0.0708351 0.892715 0.14167 0.214569 0.00382903
0 0.663754 0.55814 0.0476769 0.097543 0.00382601
0 0.908916 0.393393 0.182168 0.308286 0.00382035
0 0.590634 0.662934 0.531029 0.324998 0.00381402
0 0.930802 0.850914 0.138397 0.298171 0.00381233
0 0.0466038 0.962696 0.0932075 0.0746073 0.00380354
0 0.308797 0.652104 0.549579 0.303263 0.00379967
0 0.175599 0.620216 0.064916 0.128944 0.00379274
0 0.729381 0.556221 0.541237 0.341078 0.00375243
0 0.206899 0.76183 0.0857687 0.0856581 0.00375187
0 0.270265 0.917055 0.213895 0.165889 0.0037512
0 0.786838 0.0527854 0.214057 0.105571 0.00375021
0 0.646929 0.585341 0.0561953 0.133038 0.00374749
0 0.399049 0.693132 0.527238 0.316808 0.00372023
0 0.193318 0.603862 0.0485643 0.127157 0.00370034
0 0.204175 0.591222 0.051904 0.0976874 0.00369961
0 0.31639 0.79807 0.549975 0.323032 0.00368623
0 0.823532 0.537201 0.0530483 0.125095 0.00368554
0 0.539848 0.548127 0.482623 0.291485 0.00368475
0 0.157332 0.620256 0.0743351 0.120513 0.00365882
0 0.937384 0.122071 0.125233 0.244143 0.00365752
0 0.154036 0.609889 0.0956133 0.109502 0.00363948
0 0.385839 0.498324 0.0639592 0.123001 0.00363539
0 0.13409 0.842662 0.26818 0.314675 0.00363381
0 0.209702 0.651652 0.0737203 0.116734 0.00362336
0 0.731818 0.162882 0.181694 0.139096 0.950321
0 0.193633 0.201706 0.185082 0.131018 0.942176
0 0.474105 0.174347 0.157026 0.116752 0.818398
0 1 0.390268 0 0.28311 0.0146624
0 1 0.4654 0 0.284499 0.0141576
0 1 0.340267 0 0.281614 0.0140049
0 1 0.517223 0 0.289118 0.013593
0 0 0.0256681 0 0.0513363 0.0126902
0 1 0.29043 0 0.280495 0.0118976
0 0 0.0607637 0 0.121527 0.011734
0 1 0.885853 0 0.228295 0.011489
0 0 0.0371516 0 0.0743032 0.0111052
0 1 0.568304 0 0.291594 0.0110132
0 1 0.909798 0 0.180405 0.01081
0 1 0.618061 0 0.292874 0.0104519
0 1 0.667755 0 0.297418 0.00889939
0 1 0.242367 0 0.281287 0.00804687
0 1 0.84599 0 0.30802 0.00789628
0 1 0.717853 0 0.300455 0.00788111
0 0.872806 0.287527 0.254388 0.208546 0.00769523
0 0.878031 0.238086 0.243937 0.213669 0.00757454
0 0.912515 0.236633 0.17497 0.221591 0.0075413
0 1 0.767989 0 0.300927 0.00753466
0 0.909397 0.283682 0.181206 0.220344 0.00748621
0 0.865709 0.385406 0.268583 0.206057 0.00748506
0 0.91533 0.188154 0.16934 0.226025 0.00748357
0 1 0.927005 0 0.14599 0.00748004
0 0.122785 0.552961 0.245571 0.265497 0.00745138
0 0.869495 0.339488 0.26101 0.202606 0.00741784
0 0.88 0.19226 0.239999 0.216985 0.00740446
0 0.152293 0.55379 0.304585 0.248405 0.00730232
0 0.884176 0.137878 0.231648 0.210245 0.00730165
0 0.90718 0.334744 0.18564 0.220999 0.00729853
0 0.100594 0.489979 0.201189 0.195757 0.00729359
0 1 0.910197 0 0.179606 0.00726226
0 0.0177599 0.423388 0.0355197 0.303511 0.00725026
0 0.186208 0.555579 0.372416 0.210596 0.00721138
0 0.920066 0.126445 0.159869 0.231218 0.00720345
0 0.863415 0.42535 0.273171 0.219159 0.00716227
0 0.839464 0.746965 0.321071 0.506069 0.00710581
0 0.908831 0.780416 0.182337 0.439167 0.00702315
0 0.0159364 0.0750591 0.0318729 0.150118 0.00700637
0 0.909172 0.381598 0.181655 0.217397 0.00700396
0 0.872955 0.105554 0.25409 0.211108 0.00695065
0 0.0491654 0.0753724 0.0983308 0.150745 0.00694192
0 0.777651 0.409149 0.361828 0.21145 0.00692882
0 0.831838 0.434067 0.336325 0.210514 0.00691813
0 0.155104 0.293638 0.310208 0.342035 0.00691688
0 0.859232 0.624784 0.281535 0.44963 0.0068941
0 0.704302 0.414659 0.355711 0.214768 0.00688355
0 0.0346583 0.41523 0.0693166 0.191561 0.00688109
0 0.831445 0.396667 0.337111 0.205437 0.00684862
0 0.955736 0.608109 0.0885275 0.475099 0.00678881
0 0.0758743 0.479339 0.151749 0.198768 0.00678489
0 0.833165 0.350254 0.33367 0.190848 0.00677844
0 0.872218 0.8579 0.255565 0.2842 0.00673449
0 0.244199 0.559038 0.401841 0.196414 0.00672665
0 0.00843844 0.322463 0.0168769 0.258409 0.00669231
0 0.00386067 0.231148 0.00772133 0.254682 0.00662354
0 0.42062 0.13349 0.308126 0.21699 0.00661705
0 0.0120659 0.373377 0.0241319 0.285685 0.00660202
0 0.776813 0.358324 0.350312 0.181122 0.00658934
0 0.986548 0.288698 0.0269048 0.195537 0.00658751
0 0.0532289 0.514311 0.106458 0.326016 0.00658061
0 0.103766 0.539952 0.207532 0.280941 0.00657525
0 0.987778 0.33656 0.0244445 0.202023 0.00657496
0 0.00658918 0.278381 0.0131784 0.24584 0.00656647
0 0.0804595 0.601682 0.160919 0.427352 0.00656351
0 0.86764 0.564858 0.26472 0.407388 0.00655473
0 0.13024 0.490438 0.26048 0.194091 0.00652681
0 0.0763159 0.424199 0.152632 0.193257 0.00646324
0 0.985988 0.244311 0.0280239 0.18942 0.00644669
0 0.997532 0.48874 0.00493513 0.279482 0.00644614
0 0.0480695 0.455019 0.0961389 0.189819 0.00644499
0 0.983314 0.196856 0.0333711 0.189941 0.00643065
0 0.990485 0.383628 0.0190296 0.20724 0.00642467
0 0.78665 0.485148 0.4267 0.256953 0.00641924
0 0.426947 0.1556 0.268125 0.176804 0.00639983
0 0.388074 0.302558 0.328805 0.185372 0.00639904
0 0.643518 0.475458 0.381308 0.170737 0.00637914
0 0.984867 0.143337 0.0302654 0.1825 0.00637557
0 0.953728 0.523942 0.0925446 0.363917 0.00634618
0 0.0421478 0.116066 0.0842956 0.232133 0.00634077
0 0.993422 0.428021 0.0131554 0.220121 0.00633939
0 0.409122 0.264382 0.286278 0.277361 0.0063378
0 0.118933 0.428478 0.237866 0.195201 0.00633613
0 0.826012 0.566742 0.347977 0.418516 0.00633297
0 0.00905567 0.110282 0.0181113 0.220565 0.00632276
0 0.00572292 0.163471 0.0114458 0.257791 0.00632193
0 0.0405328 0.180182 0.0810656 0.212369 0.00632099
0 0.907773 0.424197 0.184455 0.236239 0.00631558
0 0.0320035 0.363946 0.0640071 0.18814 0.00631456
0 1 0.064223 0 0.128446 0.0063037
0 0.576881 0.303628 0.36356 0.239157 0.00626903
0 0.162233 0.202061 0.256547 0.143364 0.00624967
0 0.976067 0.0972252 0.0478661 0.19445 0.00624867
0 0.833572 0.297342 0.332856 0.20054 0.00624319
0 0.0841784 0.0735712 0.168357 0.147142 0.00623453
0 0.661242 0.30399 0.384188 0.258444 0.00621989
0 0.516973 0.585108 0.415437 0.252674 0.00621851
0 0.0390267 0.220233 0.0780533 0.196654 0.00618448
0 0.199121 0.79712 0.398243 0.405759 0.00618085
0 0.584798 0.97035 0.341477 0.0592995 0.00615934
0 0.93205 0.0745081 0.1359 0.149016 0.00615629
0 0.991508 0.564526 0.0169845 0.366136 0.00614969
0 0.144032 0.350253 0.288064 0.236409 0.00613252
0 0.260899 0.135429 0.356312 0.219626 0.00612807
0 0.649272 0.970349 0.330237 0.0593012 0.00612727
0 0.839245 0.071206 0.32151 0.142412 0.00610387
0 0.0338746 0.311572 0.0677493 0.199554 0.0060982
0 0.717163 0.469703 0.409308 0.193455 0.00609787
0 0.495782 0.464527 0.351292 0.176151 0.00608408
0 0.817912 0.109736 0.351438 0.219472 0.0060726
0 0.579014 0.482077 0.379328 0.163942 0.00606074
0 0.347847 0.479124 0.350407 0.178458 0.00606024
0 0.446388 0.583029 0.409879 0.233609 0.00605925
0 0.58541 0.582603 0.41299 0.272633 0.0060442
0 0.859618 0.505274 0.280765 0.345082 0.00604413
0 0.00231919 0.191876 0.00463839 0.27623 0.00603695
0 0.429414 0.482612 0.367496 0.171914 0.00603286
0 0.120776 0.621849 0.241552 0.334239 0.00600263
0 1 0.194223 0 0.277022 0.00600129
0 0.0744735 0.138017 0.041152 0.0547234 0.00600114
0 0.51006 0.970731 0.331427 0.0585373 0.00597467
0 0.375541 0.194272 0.366521 0.193406 0.005971
0 0.409331 0.439101 0.330742 0.210085 0.0059674
0 0.290132 0.293643 0.353783 0.219787 0.0059643
0 0.497265 0.302981 0.348987 0.210473 0.00594528
0 0.370565 0.0768384 0.358292 0.153677 0.00593601
0 0.717442 0.970986 0.32492 0.0580288 0.0059323
0 0.631797 0.41652 0.360036 0.212513 0.0059306
0 0.290111 0.0775981 0.361654 0.155196 0.00592314
0 0.212556 0.483526 0.358333 0.184341 0.0059164
0 1 0.971341 0 0.0573182 0.00591474
0 0.82391 0.507133 0.35218 0.319513 0.00590574
0 0.146398 0.165444 0.292797 0.226217 0.00590457
0 0.837785 0.243922 0.324431 0.210899 0.00590452
0 0.794418 0.0655968 0.325394 0.131194 0.00590432
0 0.768493 0.201723 0.260448 0.247857 0.00590128
0 0.218392 0.0806516 0.35357 0.161303 0.00589053
0 0.103598 0.68167 0.207196 0.500008 0.00587965
0 0.00546781 0.127328 0.0109356 0.254571 0.00587338
0 0.132293 0.745615 0.264585 0.508771 0.00586385
0 0.440548 0.0764993 0.346729 0.152999 0.00586155
0 0.141916 0.645231 0.283833 0.357237 0.00585823
0 0.109907 0.286627 0.219813 0.276321 0.00585498
0 0.411726 0.37069 0.340635 0.19355 0.00580148
0 0.166259 0.361435 0.332518 0.264961 0.00578662
0 0.121418 0.599414 0.242836 0.331421 0.0057804
0 0.881651 0.970753 0.236698 0.0584936 0.00577607
0 0.272727 0.446997 0.332435 0.207902 0.00576324
0 0.277644 0.480018 0.349845 0.179961 0.00575903
0 0.160625 0.486779 0.321251 0.190165 0.00574611
0 0.483608 0.366636 0.34362 0.185441 0.00574141
0 0.747409 0.625687 0.505183 0.399601 0.0057255
0 0.0402081 0.880544 0.0804162 0.238912 0.00571979
0 0.0843649 0.357973 0.16873 0.20645 0.00571187
0 0.153857 0.433443 0.307713 0.20422 0.00571166
0 0.230288 0.294848 0.320044 0.309902 0.00570779
0 0.375744 0.577786 0.406581 0.216494 0.00569192
0 0.337669 0.445305 0.322821 0.204139 0.00568417
0 0.750948 0.278035 0.314772 0.417975 0.00568416
0 0.64057 0.279714 0.383411 0.414198 0.00567644
0 0.309112 0.567589 0.402305 0.199096 0.005667
0 0.701045 0.360467 0.345839 0.176137 0.00565707
0 0.661588 0.160113 0.260387 0.154614 0.00565119
0 0.274245 0.971539 0.296471 0.0569229 0.00564284
0 0.117013 0.202418 0.234026 0.156905 0.00563673
0 0.13884 0.630348 0.27768 0.251244 0.00562207
0 0.126922 0.0722275 0.253844 0.144455 0.0056184
0 0.483353 0.429711 0.339307 0.213406 0.00561148
0 0.811266 0.77357 0.377468 0.405753 0.00561085
0 0.559833 0.420976 0.342109 0.211564 0.00560692
0 0.206968 0.443351 0.349596 0.206401 0.00557742
0 0.440533 0.970426 0.337422 0.0591484 0.00555208
0 0.33864 0.374819 0.337673 0.18833 0.00552938
0 0.505272 0.0759217 0.345408 0.151843 0.00552072
0 0.927198 0.970491 0.145604 0.0590172 0.00550863
0 0.516241 0.668831 0.406077 0.38673 0.00550678
0 0.823918 0.193768 0.352163 0.21693 0.00549662
0 0.161793 0.0784565 0.323586 0.156913 0.00547868
0 0.0224657 0.615284 0.0449314 0.483854 0.00544507
0 0.157858 0.788826 0.315717 0.317248 0.00544225
0 0.140146 0.851327 0.280293 0.297347 0.00543956
0 0.0737213 0.907874 0.147443 0.184251 0.00543442
0 0.368519 0.971221 0.348703 0.0575574 0.00540593
0 0.79446 0.970728 0.336246 0.0585439 0.00539039
0 0.36057 0.0939705 0.35801 0.187941 0.00538398
0 0.89058 0.0724623 0.218841 0.144925 0.00537851
0 0.557096 0.363718 0.33801 0.177912 0.00537523
0 0.223518 0.97123 0.323523 0.0575404 0.00537283
0 0.736388 0.935657 0.304218 0.128687 0.00531067
0 0.781118 0.61717 0.437763 0.399693 0.005308
0 0.441263 0.670799 0.397108 0.380104 0.00530433
0 0.814698 0.836002 0.370605 0.327996 0.00527211
0 0.64459 0.578696 0.414388 0.308893 0.00527122
0 0.121366 0.165698 0.242731 0.222286 0.00527101
0 0.47247 0.125659 0.312072 0.227997 0.00526185
0 0.848477 0.97028 0.303046 0.05944 0.00525653
0 0.111635 0.904457 0.223269 0.191086 0.00525639
0 0.828117 0.154315 0.343767 0.17392 0.00522636
0 0.15821 0.971782 0.31642 0.0564368 0.00519398
0 0.0911109 0.171194 0.182222 0.204524 0.0051928
0 0.876326 0.633328 0.247347 0.410843 0.00518131
0 0.815559 0.665031 0.368883 0.370871 0.00517116
0 0.665857 0.640796 0.468158 0.407895 0.00513068
0 0.209641 0.375597 0.375461 0.23221 0.00512844
0 0.427163 0.0955464 0.340451 0.191093 0.00512662
0 0.863464 0.721728 0.273072 0.556544 0.0051186
0 0.489575 0.0960814 0.34152 0.192163 0.00511241
0 0.915851 0.926981 0.168297 0.146039 0.00510768
0 0.774096 0.305189 0.334752 0.204379 0.00510493
0 0.816952 0.934339 0.311551 0.131321 0.00510125
0 0.748542 0.0625534 0.339959 0.125107 0.00508643
0 0.018665 0.529416 0.0373299 0.386582 0.0050837
0 0.873765 0.932246 0.25247 0.135508 0.00506312
0 0.794101 0.57599 0.411798 0.425089 0.00506103
0 0.752448 0.112809 0.323921 0.225617 0.00500079
0 0.833276 0.880606 0.333448 0.238788 0.00496733
0 0.721672 0.883127 0.414634 0.233745 0.00494774
0 0.722503 0.577713 0.438846 0.381583 0.00494626
0 0.583018 0.0722625 0.355658 0.144525 0.00490706
0 0.807353 0.777156 0.385294 0.445688 0.0048864
0 0.191779 0.729602 0.383559 0.409419 0.00487848
0 0.487842 0.272955 0.3155 0.308886 0.00484351
0 0.362289 0.671427 0.386881 0.37675 0.0048222
0 0.10218 0.973189 0.204359 0.0536224 0.00482135
0 0.665208 0.934792 0.308159 0.130416 0.00481291
0 0.59114 0.661241 0.419002 0.399343 0.00481083
0 0.17402 0.93451 0.308559 0.130981 0.00480632
0 0.172496 0.656784 0.344993 0.355023 0.00479641
0 0.903965 0.67761 0.192071 0.644781 0.00479126
0 0.163951 0.724854 0.327902 0.550293 0.00478409
0 0.555707 0.665408 0.51251 0.316278 0.00478221
0 0.143298 0.690974 0.286596 0.319537 0.0047797
0 0.627295 0.361682 0.349858 0.174988 0.00477962
0 0.793787 0.881343 0.412426 0.237314 0.00475498
0 0.2886 0.667414 0.382763 0.363017 0.00474266
0 0.270805 0.377347 0.349153 0.213152 0.00472903
0 0.074228 0.937645 0.148456 0.124709 0.00472441
0 0.0663705 0.973124 0.132741 0.0537519 0.00471603
0 0.374463 0.936515 0.321217 0.126969 0.00468831
0 0.0227011 0.972775 0.0454022 0.0544496 0.00466584
0 0.645795 0.887304 0.404551 0.225392 0.00465695
0 0.775295 0.249627 0.276829 0.289407 0.00465519
0 0.77349 0.156276 0.26849 0.148827 0.00464991
0 0.887706 0.00340627 0.224588 0.00681253 0.00463792
0 0 0.0654651 0 0.13093 0.0046314
0 0.670344 0.066852 0.354674 0.133704 0.0046131
0 0.194426 0.16846 0.301851 0.196179 0.0046082
0 0 0.101321 0 0.202642 0.00458839
0 0.0799826 0.695227 0.159965 0.594886 0.00457774
0 0.133401 0.217393 0.0644065 0.0838459 0.00456782
0 0.00457079 0.90075 0.00914157 0.1985 0.00456284
0 0.221192 0.661742 0.375045 0.35226 0.00456009
0 0.284074 0.937724 0.282982 0.124551 0.00453315
0 0.788414 0.70222 0.423173 0.494913 0.00452257
0 0.478434 0.664077 0.487129 0.298004 0.00451409
0 0.0103683 0.956075 0.0207366 0.0878504 0.00451056
0 0.413152 0.215915 0.299029 0.230505 0.00450102
0 0.745251 0.835343 0.509499 0.329315 0.00443334
0 0.071001 0.151501 0.142002 0.246689 0.00442991
0 0.0164409 0.807662 0.0328818 0.384676 0.00442891
0 0.597151 0.93523 0.313981 0.129541 0.00441671
0 0.674466 0.119874 0.367704 0.239748 0.00441577
0 0.109195 0.936878 0.218389 0.126245 0.0043874
0 0.448413 0.934885 0.311443 0.13023 0.00437953
0 1 0.0928086 0 0.185617 0.004376
0 0.622506 0.713279 0.524152 0.383914 0.0043691
0 0.745235 0.711015 0.50953 0.399516 0.00434567
0 0.59793 0.126984 0.333813 0.219934 0.00434378
0 0.126063 0.865611 0.252125 0.268778 0.00433778
0 0.424849 0.894413 0.379617 0.211175 0.00428805
0 0.160748 0.904663 0.321496 0.190674 0.0042705
0 0.621319 0.240693 0.375059 0.314478 0.00426014
0 0.276125 0.902206 0.343494 0.195588 0.00421406
0 0.517726 0.936458 0.304306 0.127084 0.00421198
0 0.396236 0.663365 0.465196 0.286005 0.00419013
0 0.573868 0.889804 0.389337 0.220391 0.0041616
0 0.354031 0.89778 0.375905 0.20444 0.00414006
0 0.0261473 0.927741 0.0522947 0.144518 0.00412276
0 0.496713 0.891975 0.378108 0.216051 0.00412257
0 0.996447 0.826162 0.00710583 0.347676 0.00411341
0 0.134767 0.813151 0.269535 0.238083 0.00408259
0 0.718681 0.249102 0.20534 0.331568 0.00408247
0 1 0.144071 0 0.280747 0.00403211
0 0.527248 0.8512 0.473917 0.2976 0.00400818
0 0.458405 0.718631 0.457606 0.346227 0.00398002
0 0.541214 0.770382 0.496042 0.353672 0.00397506
0 0.621038 0.809282 0.506335 0.339962 0.00395953
0 0.702093 0.771008 0.56745 0.38403 0.00392863
0 0.132871 0.721159 0.265741 0.298139 0.00387975
0 0.448865 0.855311 0.457582 0.289379 0.00387021
0 0.0959034 0.138308 0.084183 0.0530358 0.00386802
0 0.318334 0.66322 0.445036 0.268739 0.00383397
0 0.0014242 0.669367 0.0028484 0.257944 0.00383252
0 0.366055 0.724786 0.418482 0.315591 0.00383099
0 0.163664 0.869514 0.327328 0.260972 0.0038304
0 0.779436 0.142528 0.286024 0.2033 0.00382395
0 0.00418378 0.968065 0.00836755 0.0638693 0.00382145
0 0.194415 0.203058 0.189434 0.125388 0.983644
0 0.475142 0.175758 0.153803 0.109732 0.945731
0 0.731768 0.163174 0.181273 0.131587 0.895041
0 1 0.0240484 0 0.0480967 0.0457789
0 1 0.0276645 0 0.055329 0.0305802
0 0.0834897 0.808753 0.141922 0.159877 0.0249132
0 0.0826239 0.759974 0.138731 0.0621435 0.0239213
0 0.912261 0.00477506 0.175478 0.00955012 0.0147937
0 0.00314126 0.64785 0.00628253 0.253457 0.0134391
0 1 0.428124 0 0.0962174 0.013061
0 0.080356 0.875578 0.14107 0.204494 0.0129256
0 1 0.45184 0 0.0886808 0.012887
0 0.000908912 0.0134386 0.00181782 0.0268773 0.0128091
0 1 0.404207 0 0.0998652 0.0117442
0 1 0.379334 0 0.100488 0.010884
0 1 0.330099 0 0.0959218 0.0107035
0 1 0.354612 0 0.0978393 0.0106751
0 1 0.304865 0 0.0934676 0.0103906
0 1 0.280111 0 0.0889634 0.0101991
0 1 0.255902 0 0.0856164 0.0100097
0 1 0.231442 0 0.0812645 0.00928446
0 1 0.0440238 0 0.0880476 0.00922879
0 1 0.493452 0 0.127699 0.00864018
0 1 0.206354 0 0.0799538 0.0082423
0 0.882362 0.00618866 0.235276 0.0123773 0.00810927
0 0.847488 0.00497222 0.305024 0.00994444 0.00793878
0 1 0.180371 0 0.0782887 0.0073824
0 0.779589 0.00441443 0.307825 0.00882887 0.0069253
0 1 0.0690726 0 0.138145 0.00672965
0 1 0.157978 0 0.076739 0.00671693
0 1 0.919179 0 0.161642 0.00669509
0 0.0749454 0.1366 0.04571 0.0645113 0.00657833
0 0.992658 0.0203347 0.0146839 0.0406694 0.00650292
0 0.0116367 0.0788447 0.0232734 0.157689 0.00620243
0 0.757846 0.764485 0.484309 0.345928 0.00612756
0 0.137869 0.617461 0.275737 0.239311 0.00608801
0 0.149963 0.270954 0.299927 0.274487 0.00600874
0 0.122782 0.0788279 0.245564 0.157656 0.00593688
0 0.294272 0.365726 0.344104 0.190427 0.0059142
0 0.85344 0.535097 0.29312 0.394325 0.00588912
0 0.274508 0.425113 0.34275 0.210456 0.0058697
0 0.193524 0.783344 0.294944 0.16295 0.00585764
0 0.344708 0.422303 0.336456 0.213382 0.00585729
0 0.902173 0.0737291 0.195654 0.147458 0.00584084
0 0.424651 0.420333 0.343386 0.220166 0.00576131
0 0.829327 0.868953 0.341346 0.217231 0.00576042
0 0.453942 0.138639 0.278508 0.194564 0.00567904
0 0.074408 0.0792779 0.148816 0.158556 0.00566374
0 0.313805 0.864702 0.239595 0.165987 0.00565447
0 0.871271 0.0625293 0.257459 0.125059 0.00564384
0 0.878074 0.866455 0.243852 0.186302 0.00560872
0 0.854289 0.447986 0.291423 0.291546 0.00560448
0 0.113077 0.0773156 0.226153 0.154631 0.00559565
0 0.489313 0.11629 0.329373 0.232581 0.00559508
0 0.205675 0.42841 0.36248 0.211341 0.00559392
0 0.229707 0.362525 0.377733 0.210195 0.00558565
0 0.67308 0.617551 0.653841 0.43241 0.00557633
0 0.666127 0.755756 0.667746 0.488488 0.00553917
0 0.788773 0.0848591 0.323616 0.169718 0.00553896
0 0.558863 0.740405 0.270073 0.0980625 0.00552808
0 0.0464336 0.0839482 0.0928672 0.167896 0.00549344
0 0.904909 0.0647653 0.190182 0.129531 0.00549162
0 0.728562 0.714528 0.542876 0.389968 0.00547242
0 0.569605 0.476297 0.396062 0.203068 0.00546896
0 0.371055 0.367449 0.331921 0.186638 0.00546677
0 0.813923 0.0596216 0.302219 0.119243 0.00545331
0 0.118425 0.851652 0.23685 0.296696 0.00545004
0 0.156561 0.431753 0.313122 0.220119 0.00544372
0 0.418743 0.461705 0.356513 0.207185 0.00542895
0 1 0.134123 0 0.0771564 0.00542078
0 0.694922 0.0563517 0.283326 0.112703 0.00533958
0 0.303245 0.296594 0.40069 0.243256 0.00533428
0 0.132694 0.153237 0.265388 0.258055 0.00533217
0 0.624023 0.059598 0.282093 0.119196 0.00532664
0 0.869363 0.84146 0.261275 0.131779 0.0053148
0 0.492934 0.0676143 0.301513 0.135229 0.00530511
0 0.833422 0.101211 0.333156 0.202421 0.00530479
0 0.17668 0.36062 0.35336 0.245978 0.00530155
0 0.753617 0.0567794 0.297315 0.113559 0.00530037
0 0.556362 0.0643375 0.29097 0.128675 0.00529248
0 0.848315 0.894095 0.288705 0.211809 0.00527864
0 0.70751 0.114512 0.304747 0.229025 0.00527672
0 0.345403 0.462218 0.33796 0.208298 0.00527648
0 0.757017 0.247322 0.297441 0.344586 0.00527026
0 0.518444 0.41815 0.353295 0.229418 0.00526365
0 0.524043 0.761339 0.854659 0.477322 0.00525809
0 0.74164 0.169183 0.296211 0.170828 0.0052488
0 0.168682 0.501984 0.337364 0.222455 0.00523608
0 0.489903 0.960848 0.244936 0.0783047 0.00521915
0 0.349711 0.90866 0.321978 0.182679 0.00521135
0 0.793931 0.347123 0.364154 0.209796 0.00518886
0 0.17524 0.690714 0.141219 0.102839 0.00517778
0 0.439331 0.364687 0.339964 0.187268 0.00517768
0 0.139988 0.0760697 0.279976 0.152139 0.0051765
0 0.00730464 0.960807 0.0146093 0.0783868 0.0051743
0 0.183412 0.07328 0.310107 0.14656 0.0051708
0 0.343729 0.757787 0.455754 0.277339 0.00515932
0 0.401078 0.29345 0.365958 0.211599 0.00514416
0 0.501457 0.488202 0.389282 0.208321 0.00513993
0 0.193649 0.717814 0.292942 0.169865 0.00513292
0 0.677893 0.146455 0.243113 0.163083 0.0051171
0 0.146593 0.154498 0.287958 0.238411 0.00508009
0 0.264707 0.866637 0.251596 0.173156 0.00507877
0 0.264137 0.0705757 0.304002 0.141151 0.00506281
0 0.167494 0.304274 0.334083 0.343818 0.00505216
0 0.594466 0.450184 0.320333 0.203546 0.00505142
0 0.624637 0.349764 0.26624 0.185743 0.00504725
0 0.687572 0.345427 0.278156 0.18737 0.00504239
0 0.962546 0.563167 0.0749074 0.407671 0.00503635
0 0.6287 0.115315 0.278186 0.23063 0.00503027
0 0.124385 0.429736 0.24877 0.226379 0.00502923
0 0.420067 0.0693603 0.307923 0.138721 0.00502917
0 0.509607 0.457536 0.357652 0.204696 0.00502539
0 0.231058 0.595832 0.336987 0.25629 0.0050222
0 0.797884 0.577287 0.404231 0.410336 0.00500728
0 0.142838 0.307351 0.285676 0.343661 0.00500433
0 0.648723 0.475924 0.448519 0.22037 0.00500428
0 0.151543 0.812511 0.303086 0.374978 0.00498962
0 0.739619 0.115921 0.269144 0.231842 0.00497609
0 0.535524 0.0822997 0.313904 0.164599 0.00497596
0 0.828556 0.422326 0.342888 0.219131 0.00496371
0 0.288917 0.495063 0.374414 0.226115 0.00496271
0 0.706086 0.833229 0.587827 0.333543 0.004957
0 0.102219 0.863996 0.176097 0.238897 0.00491403
0 0.776798 0.149117 0.274047 0.159898 0.0049126
0 0.702205 0.299807 0.352963 0.243397 0.00491047
0 0 0.00951999 0 0.01904 0.00490484
0 0.527367 0.357802 0.318666 0.185298 0.00490232
0 0.12243 0.35823 0.24486 0.290558 0.00490224
0 0.167544 0.199422 0.254785 0.149856 0.0048988
0 0.343557 0.0697687 0.302671 0.139537 0.00489148
0 0.0294126 0.347817 0.0588252 0.499026 0.00488286
0 0.846068 0.937323 0.297725 0.125354 0.00487552
0 0.708081 0.00454396 0.309822 0.00908793 0.0048712
0 0.210506 0.674801 0.293117 0.173717 0.0048679
0 0.835092 0.140229 0.329816 0.174555 0.00486716
0 0.815149 0.509027 0.369703 0.325189 0.00486469
0 0.434435 0.243052 0.304396 0.325792 0.00484852
0 0.193949 0.139733 0.312526 0.243218 0.00484469
0 0.154431 0.687498 0.282269 0.151374 0.00483209
0 0.623148 0.301013 0.356278 0.235781 0.00482252
0 0.832199 0.348189 0.335601 0.230228 0.00482111
0 0.112147 0.610632 0.224295 0.298235 0.00480356
0 0.422349 0.494669 0.390257 0.213991 0.00478515
0 0.966891 0.0677976 0.0662179 0.135595 0.0047675
0 0.0902382 0.424431 0.180476 0.236942 0.00476137
0 0.427615 0.856117 0.458658 0.271775 0.00475984
0 1 0.087563 0 0.0679101 0.00475512
0 0.275215 0.122113 0.365704 0.241646 0.00474952
0 0.664997 0.443543 0.305907 0.205133 0.00474646
0 1 0.108101 0 0.0763735 0.00474322
0 0.391013 0.118715 0.333049 0.237429 0.00474128
0 0.87331 0.937518 0.253379 0.116781 0.00473364
0 0.89648 0.969329 0.20704 0.0613419 0.0047264
0 0.824907 0.187136 0.350186 0.211168 0.00472424
0 0.128286 0.671615 0.256573 0.222587 0.00471229
0 0.537348 0.294121 0.350032 0.215541 0.00471186
0 0.547168 0.962605 0.311134 0.07479 0.00470599
0 0.837023 0.298445 0.325955 0.241644 0.00470426
0 0.369049 0.960443 0.274587 0.079113 0.00469549
0 0.592068 0.415111 0.353917 0.239186 0.00468208
0 0.480884 0.0855578 0.317753 0.171116 0.00468038
0 0.927956 0.0643548 0.144087 0.12871 0.00467664
0 0.856027 0.398182 0.287947 0.264346 0.00467517
0 0.22815 0.311188 0.352997 0.308537 0.00465679
0 0.79132 0.300346 0.362296 0.23271 0.00464267
0 0.776761 0.252862 0.295652 0.253617 0.00464049
0 0.118086 0.954007 0.215829 0.0919866 0.00463815
0 0.10386 0.906414 0.20772 0.184158 0.00462918
0 0.236592 0.0754334 0.325411 0.150867 0.00461768
0 0.847521 0.0714866 0.304957 0.142973 0.00460475
0 0.413053 0.0867038 0.328327 0.173408 0.0046016
0 0.0202462 0.440155 0.0404925 0.422532 0.00459793
0 0.290807 0.960496 0.230181 0.0790089 0.00459221
0 0.4112 0.690133 0.635331 0.343647 0.00458483
0 0.234458 0.836859 0.260181 0.164114 0.00458086
0 0.10772 0.87119 0.21544 0.245775 0.00456789
0 0.119036 0.831938 0.238073 0.221858 0.00456193
0 0.32714 0.079267 0.329134 0.158534 0.00454648
0 0.66152 0.24505 0.320457 0.307362 0.00454065
0 0.603421 0.173881 0.419443 0.206442 0.00454018
0 0.16787 0.556741 0.32952 0.260437 0.00453652
0 0.279269 0.959063 0.242057 0.0734661 0.00453609
0 0.25098 0.547421 0.357861 0.255106 0.00451625
0 0.180377 0.959435 0.316805 0.08113 0.00451556
0 0.119215 0.801615 0.23843 0.210107 0.0045046
0 0.282195 0.458534 0.333117 0.205098 0.00447757
0 0.521667 0.252038 0.334389 0.25172 0.00447155
0 0.0289734 0.617832 0.0579468 0.48427 0.00445075
0 0.705741 0.564611 0.588518 0.435194 0.00445022
0 0.149772 0.869286 0.27743 0.188105 0.0044492
0 0.898701 0.0581618 0.202597 0.116324 0.0044405
0 0.840154 0.240778 0.319692 0.222019 0.00443443
0 0.123663 0.314852 0.247326 0.37972 0.00443412
0 0.111812 0.578457 0.223625 0.374828 0.00443082
0 0.984493 0.0845021 0.0310138 0.169004 0.00442819
0 0.609842 0.0884799 0.315921 0.17696 0.00442644
0 0.0738103 0.414573 0.147621 0.295251 0.00442305
0 0.278704 0.260314 0.408621 0.300323 0.00440386
0 0.102273 0.355047 0.204546 0.349446 0.00439673
0 0.58755 0.808492 0.824901 0.383015 0.00438999
0 0.126219 0.711388 0.232802 0.170111 0.00438387
0 0.71706 0.964057 0.329955 0.0718861 0.00438175
0 0.0328064 0.251318 0.0656128 0.502636 0.00437752
0 0.114874 0.17801 0.229749 0.356021 0.00436203
0 0.653342 0.411928 0.332541 0.242472 0.00436155
0 0.962379 0.35567 0.0752415 0.29711 0.00433868
0 0.996804 0.564668 0.00639112 0.368635 0.00432777
0 0.601293 0.669595 0.797413 0.509156 0.00431259
0 0.375775 0.166818 0.418243 0.164562 0.00430973
0 0.0774371 0.755586 0.12163 0.0851447 0.00430352
0 0.354288 0.49644 0.379315 0.220438 0.00429752
0 0.734031 0.489634 0.499454 0.276074 0.00429648
0 0.116761 0.12791 0.233521 0.255819 0.00429048
0 0.99331 0.0710076 0.0133797 0.142015 0.00427049
0 0.996397 0.860045 0.0072059 0.279909 0.0042648
0 0.108402 0.504211 0.216804 0.255665 0.00426254
0 0.918651 0.411259 0.162698 0.313551 0.0042297
0 0.0882365 0.943749 0.176473 0.112502 0.00421984
0 0.623172 0.962237 0.389285 0.075527 0.00420752
0 0.138766 0.79506 0.25882 0.156183 0.0041933
0 0.78266 0.409645 0.379413 0.245553 0.00418732
0 0.638453 0.00454885 0.306998 0.0090977 0.00418592
0 0.988283 0.114459 0.0234336 0.228918 0.00418473
0 0.553004 0.842485 0.62984 0.31503 0.00418313
0 0.981002 0.30561 0.0379958 0.29036 0.00417425
0 0.518798 0.814676 0.653375 0.370649 0.00416903
0 0.0890039 0.138082 0.178008 0.276164 0.00416292
0 0.0329826 0.969541 0.0659653 0.0609173 0.00414198
0 0.890574 0.624518 0.218852 0.443394 0.00413446
0 0.13154 0.217867 0.263081 0.417678 0.00412481
0 0.0259284 0.542567 0.0518567 0.420401 0.00411274
0 0.143148 0.503937 0.286295 0.232437 0.00410782
0 0.995776 0.888345 0.00844807 0.223311 0.00410138
0 0.00185411 0.905719 0.00370822 0.188563 0.00409685
0 0.942924 0.00987495 0.114153 0.0197499 0.00408415
0 0.0180611 0.150246 0.0361222 0.300492 0.00408324
0 0.863793 0.349937 0.272414 0.271113 0.00406986
0 0.974925 0.741819 0.0501502 0.492351 0.00404987
0 0.852594 0.959898 0.288473 0.0802037 0.00404933
0 0.0497373 0.18314 0.0994747 0.366281 0.00403981
0 0.804728 0.964294 0.308656 0.0714121 0.00400449
0 0.476006 0.172824 0.348251 0.170932 0.00399162
0 0.993894 0.670065 0.0122124 0.420329 0.0039902
0 0.0408824 0.901768 0.0817647 0.196465 0.0039864
0 0.116095 0.901623 0.20733 0.177048 0.00397499
0 0.985453 0.150546 0.0290939 0.290605 0.0039703
0 0.995666 0.969996 0.00866726 0.0600076 0.00395534
0 0.989273 0.209932 0.0214546 0.288763 0.00394807
0 0.0703011 0.471874 0.140602 0.292611 0.00391367
0 0.176738 0.00546658 0.309621 0.0109332 0.0038877
0 0.10646 0.824168 0.188158 0.193799 0.00388526
0 0.49757 0.690205 0.915797 0.501533 0.00388438
0 1 0.585691 0 0.201076 0.0038391
0 0.729609 0.437108 0.340823 0.211395 0.00383076
0 0.887704 0.0992093 0.224592 0.198419 0.00383048
0 0.115288 0.561029 0.230575 0.301769 0.00380212
0 0.0411945 0.778183 0.082389 0.443633 0.00378762
0 0.254843 0.961174 0.287124 0.0776514 0.00378104
0 0.520871 0.106199 0.252859 0.212398 0.00375595
0 0.923145 0.930003 0.153709 0.139995 0.00373005
0 0.624545 0.793695 0.750911 0.41261 0.00371742
0 0.127093 0.61857 0.254187 0.386152 0.00370866
0 0.767708 0.737373 0.228679 0.0860065 0.00370696
0 0.676311 0.386483 0.201898 0.108784 0.00370649
0 0.0321347 0.930622 0.0642693 0.138755 0.00369804
0 0.146714 0.823639 0.270503 0.1817 0.00368755
0 0.906491 0.85319 0.187018 0.156774 0.00366941
0 0.153445 0.691142 0.306891 0.409992 0.00364934
0 0.875094 0.301579 0.249812 0.270767 0.00363065
0 0.742152 0.867696 0.42972 0.264608 0.00362541
0 0.995594 0.819749 0.0088116 0.360503 0.00361898
0 0.317759 0.543387 0.38867 0.266224 0.00356846
0 0.130454 0.00533434 0.260907 0.0106687 0.00356314
0 0.0636952 0.433656 0.12739 0.455352 0.00355825
0 0.892863 0.202319 0.214274 0.255086 0.00355151
0 0.727542 0.920707 0.293025 0.158585 0.00354262
0 0.888797 0.138045 0.222406 0.214094 0.00353913
0 0.960051 0.721762 0.0798981 0.381438 0.00353309
0 0.862872 0.708163 0.274256 0.542339 0.00350049
0 0.933942 0.0575778 0.132116 0.115156 0.00349878
0 0.0732 0.934601 0.115453 0.0911171 0.00346511
0 0.0879699 0.718729 0.17594 0.562541 0.00346322
0 0.091388 0.967762 0.182776 0.0644753 0.00345132
0 0.885705 0.248928 0.22859 0.255752 0.00344434
0 0.888048 0.072847 0.223904 0.145694 0.00343947
0 0.00781248 0.863628 0.015625 0.272744 0.00339768
0 0.162098 0.765086 0.324195 0.469827 0.00338278
0 0.17574 0.721807 0.144406 0.166504 0.0033787
0 0.875106 0.780303 0.249789 0.439395 0.00337813
0 0.0746384 0.844428 0.122493 0.101636 0.00333837
0 0.298211 0.926401 0.241847 0.147097 0.00333357
0 0.527106 0.25889 0.327225 0.176549 0.00332082
0 0.90105 0.47725 0.1979 0.365425 0.00332012
0 0.752257 0.180662 0.141021 0.0911081 0.00331498
0 0.06552 0.224021 0.13104 0.448042 0.00331106
0 0.995615 0.396848 0.00877055 0.285832 0.00330703
0 0.986028 0.650641 0.0279442 0.331419 0.00330562
0 0.99608 0.342306 0.00784094 0.269716 0.00329974
0 0.0798023 0.730501 0.132981 0.117462 0.00329384
0 0.193348 0.203428 0.186818 0.12961 0.937854
0 0.728895 0.16144 0.180936 0.134049 0.92854
0 0.475606 0.173946 0.151063 0.109179 0.904932
0 0.996139 0.893917 0.00772262 0.212165 0.044671
0 1 0.0335181 0 0.0670363 0.0201664
0 0.995397 0.104444 0.00920531 0.208887 0.0200819
0 0.852892 0.909504 0.294216 0.180993 0.0133304
0 1 0.0803079 0 0.160616 0.0114857
0 0.999234 0.907664 0.00153138 0.184672 0.0107886
0 1 0.0452268 0 0.0904536 0.0096336
0 0.992381 0.142831 0.0152387 0.285663 0.00814981
0 0.990305 0.105447 0.0193893 0.210895 0.00809036
0 0.996826 0.865208 0.00634752 0.269584 0.00796292
0 0.866896 0.820912 0.266207 0.358177 0.00708893
0 0.376956 0.90943 0.366497 0.18114 0.00702626
0 0.83968 0.575184 0.320639 0.483185 0.00700174
0 0.851312 0.932419 0.297377 0.135162 0.00694012
0 0.99779 0.116192 0.00441975 0.232384 0.00675628
0 0.913557 0.175307 0.172887 0.350613 0.00627943
0 0.986014 0.0830109 0.0279713 0.166022 0.00592175
0 0.844304 0.680652 0.311392 0.482333 0.00544969
0 0.135419 0.894689 0.270838 0.210622 0.00540654
0 0.842728 0.767879 0.314545 0.464241 0.00527119
0 0.361564 0.463104 0.270522 0.176773 0.00493548
0 0.43619 0.979067 0.307575 0.0418659 0.00491715
0 0.158907 0.853463 0.317813 0.293073 0.00491078
0 0.232176 0.977435 0.36335 0.0451307 0.00483408
0 0.817084 0.979421 0.320686 0.0411583 0.00481059
0 0.368569 0.323931 0.414207 0.305482 0.00480426
0 0.0368003 0.975276 0.0736006 0.049448 0.00473044
0 0.292059 0.468771 0.32836 0.195906 0.00463295
0 0.506549 0.979956 0.301213 0.0400885 0.00456964
0 0.614614 0.955614 0.311946 0.0887716 0.00456911
0 0.145475 0.613991 0.290951 0.333801 0.00452698
0 0.863066 0.212114 0.273868 0.424228 0.00450053
0 0.148671 0.974763 0.297343 0.0504749 0.00448758
0 0.941993 0.655641 0.116013 0.382574 0.00448213
0 0.122801 0.974257 0.245601 0.0514853 0.00447307
0 0.454412 0.313604 0.329912 0.266362 0.00446559
0 0.845166 0.915549 0.261824 0.168902 0.00443946
0 0.816649 0.219705 0.366702 0.339164 0.00442134
0 0.097593 0.975375 0.195186 0.049251 0.00442092
0 0.420072 0.462741 0.264558 0.175003 0.00441854
0 0.0421042 0.0955942 0.0842084 0.191188 0.00438433
0 0.357253 0.425857 0.354206 0.255395 0.004354
0 0.239322 0.542968 0.390318 0.211386 0.00432624
0 0.443529 0.0772821 0.334797 0.154564 0.00432162
0 0.753343 0.176043 0.266103 0.161398 0.00431709
0 0.303082 0.910994 0.356935 0.178012 0.00431537
0 0.148814 0.622024 0.297628 0.615909 0.00427066
0 0.513769 0.0748883 0.331701 0.149777 0.00425214
0 0.969368 0.975809 0.0612645 0.0483827 0.00425213
0 0.262199 0.343139 0.499771 0.404285 0.00423791
0 0.301323 0.533581 0.370581 0.163239 0.00423307
0 0.840757 0.476242 0.318486 0.483646 0.00422608
0 0.155981 0.907525 0.311963 0.18495 0.00420661
0 0.437593 0.141342 0.260156 0.196275 0.00418266
0 0.547788 0.952027 0.3154 0.0959452 0.00417968
0 0.128561 0.92328 0.257123 0.15344 0.00417474
0 0.175498 0.490236 0.350995 0.277221 0.00414065
0 0.820209 0.158087 0.359583 0.234457 0.00412237
0 0.282047 0.389066 0.424254 0.346578 0.004117
0 0.75887 0.104308 0.273247 0.208616 0.00409041
0 0.880776 0.0794488 0.238449 0.158898 0.00408817
0 0.375447 0.0775467 0.329938 0.155093 0.00406944
0 0.745165 0.981457 0.34811 0.0370868 0.00406695
0 0.359052 0.978436 0.316668 0.0431282 0.00406333
0 0.498744 0.128751 0.330846 0.212843 0.0040618
0 0.65356 0.982104 0.320449 0.0357911 0.00406119
0 0.995245 0.953145 0.00950928 0.0937096 0.00406094
0 0.825654 0.115083 0.348691 0.226287 0.00405658
0 0.476084 0.463656 0.272295 0.177109 0.00405578
0 0.819577 0.268968 0.360846 0.380018 0.00405028
0 0.595239 0.0708509 0.311621 0.141702 0.00404972
0 0.29175 0.0762881 0.346498 0.152576 0.00403149
0 0.288879 0.977772 0.311028 0.0444569 0.00401661
0 1 0.919758 0 0.160483 0.00400503
0 0.157882 0.727353 0.315764 0.545294 0.00399002
0 0.420005 0.437343 0.347074 0.231127 0.003985
0 0.872656 0.889838 0.254688 0.220324 0.00398131
0 0.143512 0.533403 0.287023 0.277561 0.00396411
0 0.363145 0.524469 0.360211 0.158439 0.00394343
0 0.570001 0.981436 0.319234 0.0371279 0.00393458
0 0.127904 0.338389 0.255809 0.652242 0.00393006
0 0.910295 0.767664 0.179409 0.419098 0.00392249
0 0.149823 0.699524 0.299646 0.375577 0.0039224
0 0.348135 0.260427 0.406264 0.287641 0.00389543
0 0.0493793 0.519811 0.0987586 0.617099 0.00388356
0 0.454164 0.376653 0.341438 0.289694 0.00386778
0 0.321781 0.925846 0.241886 0.148308 0.00386737
0 0.69803 0.148119 0.252402 0.164032 0.00386404
0 0.426881 0.524517 0.362588 0.184263 0.00386125
0 0.514171 0.375632 0.338184 0.276519 0.00385757
0 0.54374 0.465048 0.298261 0.194747 0.00385538
0 0.0493086 0.752466 0.0986172 0.495069 0.00385262
0 0.255633 0.92566 0.27464 0.14868 0.00383355
0 0.136135 0.273071 0.272269 0.546142 0.00382292
0 0.0974836 0.906212 0.194967 0.187575 0.00380323
0 0.157881 0.767605 0.315762 0.406343 0.00378211
0 0.608753 0.469201 0.361233 0.284184 0.00378036
0 0.473503 0.925899 0.227155 0.148202 0.00377079
0 0.805559 0.466118 0.388883 0.412905 0.00376165
0 0.0490048 0.668224 0.0980096 0.615622 0.00374981
0 0.584084 0.321008 0.380315 0.263618 0.00373355
0 0.222394 0.803901 0.444788 0.392198 0.00372818
0 0.443683 0.276195 0.262557 0.275417 0.00372002
0 0.757436 0.947529 0.313909 0.104942 0.00371782
0 0.671385 0.305231 0.368235 0.309413 0.00368604
0 0.814636 0.0915377 0.319671 0.183075 0.00367725
0 0.393192 0.926256 0.251972 0.147489 0.00367317
0 0.371899 0.147803 0.301683 0.185621 0.00366483
0 0.206985 0.378106 0.413971 0.42016 0.00366353
0 0.958515 0.802344 0.0829692 0.395312 0.00365898
0 0.494766 0.533689 0.378522 0.252616 0.00364946
0 0.178347 0.725135 0.356693 0.418236 0.00364498
0 0.13809 0.473036 0.27618 0.616555 0.00364451
0 0.0362072 0.922241 0.0724143 0.155518 0.00360661
0 0.28185 0.827849 0.5637 0.344303 0.00360611
0 0.0591154 0.829575 0.118231 0.340849 0.00360074
0 0.873907 0.564429 0.252185 0.427979 0.00359528
0 0.993192 0.559882 0.013615 0.3637 0.00357123
0 0.75778 0.139925 0.25307 0.178518 0.00356902
0 0.0031551 0.0751142 0.0063102 0.150228 0.00356855
0 0.589609 0.367331 0.328373 0.278415 0.00356742
0 0.555992 0.436268 0.37852 0.247937 0.00355458
0 0.578227 0.522745 0.447753 0.355611 0.00354969
0 0.170897 0.575559 0.341794 0.415547 0.00354649
0 0.13306 0.0765375 0.266121 0.153075 0.00354594
0 0.150592 0.235682 0.288086 0.196096 0.0035285
0 0.779037 0.277521 0.298343 0.35461 0.00351764
0 0.671397 0.45831 0.459487 0.410631 0.00351272
0 0.214088 0.906728 0.34826 0.186543 0.00348244
0 0.194839 0.0767364 0.354069 0.153473 0.00347806
0 0.616064 0.425669 0.408394 0.287446 0.00347324
0 0.820279 0.419202 0.359442 0.381323 0.00346756
0 0.73768 0.491877 0.524641 0.48246 0.00346501
0 0.682806 0.400413 0.42477 0.373977 0.00346354
0 0.178072 0.740861 0.356145 0.284189 0.00346102
0 0.700148 0.0932267 0.28026 0.186453 0.00345833
0 0.225108 0.5828 0.402969 0.330816 0.00345744
0 0.144424 0.251455 0.288848 0.307338 0.00345597
0 0.72912 0.164103 0.206893 0.193088 0.0034528
0 0.737921 0.447402 0.524157 0.443075 0.00342565
0 0.774875 0.702745 0.450249 0.556782 0.0034169
0 0.154189 0.330974 0.308379 0.42423 0.00341226
0 0.698371 0.194817 0.266238 0.231022 0.00341095
0 0.861149 0.417519 0.277702 0.429432 0.00341067
0 0.96653 0.20048 0.0669396 0.376398 0.00340493
0 0.794656 0.30353 0.410689 0.379046 0.00340182
0 0.86855 0.314077 0.2629 0.418794 0.00338871
0 0.16858 0.283615 0.337159 0.454668 0.00338572
0 0.146001 0.169343 0.292003 0.219754 0.00337949
0 0.690488 0.249752 0.324935 0.369233 0.00337544
0 0.875742 0.976751 0.248515 0.0464972 0.00335262
0 0.728107 0.299115 0.379696 0.329787 0.0033484
0 0.163346 0.311529 0.326693 0.367732 0.00333307
0 0.470612 0.151105 0.271652 0.166653 0.00332858
0 0.177719 0.472567 0.355439 0.44153 0.00332766
0 0.995159 0.643221 0.00968272 0.325487 0.00331366
0 0.678842 0.066086 0.285201 0.132172 0.00329985
0 0.835236 0.0687512 0.318025 0.137502 0.00328622
0 0.995521 0.813239 0.00895835 0.373522 0.00328607
0 0.335793 0.787658 0.671586 0.424683 0.00327907
0 0.159455 0.455579 0.31891 0.362728 0.00327788
0 0.759064 0.397677 0.481873 0.408114 0.0032743
0 0.732316 0.119177 0.208147 0.233505 0.00326376
0 0.761878 0.80287 0.476243 0.39426 0.00325604
0 0.994105 0.750419 0.011789 0.346024 0.00325559
0 0.523103 0.925811 0.264007 0.148377 0.00325044
0 0.844559 0.367578 0.310883 0.463241 0.00324171
0 0.190262 0.800561 0.380524 0.398879 0.00322472
0 0.0417967 0.215145 0.0835934 0.430289 0.00322147
0 0.797804 0.916049 0.255779 0.167902 0.00321301
0 0.170675 0.363749 0.341349 0.458563 0.00321064
0 0.415971 0.199324 0.306495 0.110847 0.00319763
0 0.655699 0.351024 0.351347 0.334669 0.00318851
0 0.0130608 0.902978 0.0261216 0.194044 0.00317786
0 0.118707 0.148168 0.237414 0.296336 0.00315377
0 0.769422 0.187783 0.260195 0.218361 0.00313733
0 0.053436 0.878024 0.106872 0.243952 0.00313411
0 0.682934 0.920929 0.252647 0.158142 0.0031176
0 0.192309 0.200383 0.244261 0.144602 0.00311022
0 0.744417 0.562702 0.511166 0.51721 0.0031097
0 0.852852 0.183803 0.294296 0.367607 0.00310437
0 0.99056 0.461214 0.0188801 0.367337 0.00308211
0 0.0291454 0.128168 0.0582909 0.256336 0.00307276
0 0.599774 0.9229 0.254347 0.1542 0.00305642
0 0.28918 0.585431 0.445177 0.371833 0.00303962
0 0.724789 0.755886 0.550422 0.488227 0.003035
0 0.140692 0.194398 0.281383 0.388797 0.00302155
0 0.919398 0.144423 0.161205 0.288847 0.00299473
0 0 0.976826 0 0.0463471 0.002993
0 0.103094 0.100449 0.206188 0.200898 0.00299081
0 0.743421 0.0637692 0.280191 0.127538 0.00294747
0 0.833027 0.257086 0.333945 0.493098 0.00293574
0 0.992649 0.356704 0.0147026 0.357885 0.00291974
0 0.0278786 0.00534145 0.0557572 0.0106829 0.00291525
0 0.496272 0.288725 0.292277 0.293781 0.00290504
0 0.877873 0.0975363 0.244253 0.195073 0.00289808
0 0.680549 0.496151 0.59155 0.461017 0.00288798
0 0.0989171 0.0827423 0.197834 0.165485 0.00288217
0 0 0.926943 0 0.146115 0.00285464
0 1 0.0449512 0 0.0899024 0.00285144
0 0.79382 0.934504 0.342374 0.130992 0.00282085
0 0.634122 0.576473 0.731756 0.456253 0.00280398
0 0.230407 0.723741 0.460814 0.421329 0.00278677
0 0.810789 0.882838 0.368563 0.234325 0.00278019
0 0.04988 0.137036 0.09976 0.274072 0.00277591
0 0.438167 0.584993 0.559706 0.421161 0.00277368
0 0.958037 0.0989791 0.0839254 0.197958 0.00275498
0 0.820431 0.414867 0.359137 0.457506 0.00275231
0 0.994996 0.25306 0.0100084 0.347799 0.00270375
0 1 0.264775 0 0.255614 0.00268531
0 0.210666 0.157003 0.333903 0.199428 0.0026652
0 0.354074 0.203404 0.396997 0.148167 0.00265798
0 0.694546 0.325096 0.297931 0.244415 0.00258145
0 1 0.190781 0 0.25632 0.00254928
0 0.898547 0.909613 0.202905 0.180774 0.00253875
0 0.68278 0.799076 0.634439 0.401848 0.00251015
0 0.0068679 0.878177 0.0137358 0.243647 0.00249159
0 1 0.315344 0 0.251469 0.00247979
0 0.165358 0.368616 0.330716 0.271659 0.00247923
0 1 0.167828 0 0.248549 0.00247054
0 1 0.369599 0 0.24214 0.0024508
0 0.904248 0.184125 0.191503 0.251347 0.00244263
0 0.996276 0.201938 0.00744709 0.342653 0.00243849
0 0.94942 0.0783544 0.10116 0.156709 0.00243722
0 0.0948632 0.885228 0.189726 0.229543 0.00240789
0 0.871849 0.878148 0.256302 0.243704 0.00240565
0 0.591298 0.65987 0.817403 0.536062 0.00238269
0 0.41247 0.753216 0.824939 0.493568 0.00235869
0 1 0.421218 0 0.237391 0.00235744
0 1 0.470948 0 0.236442 0.00235387
0 0.819244 0.55188 0.361513 0.293753 0.00234327
0 1 0.214441 0 0.258225 0.0023148
0 0.254157 0.236955 0.360024 0.268059 0.00231098
0 1 0.874202 0 0.237983 0.00230251
0 1 0.518805 0 0.239564 0.002284
0 0.696612 0.950196 0.303316 0.0996081 0.00227075
0 0.439012 0.807453 0.783432 0.385094 0.00225426
0 0.289846 0.620459 0.579692 0.419033 0.00225016
0 0.0624889 0.542524 0.124978 0.356805 0.0022333
0 0.670769 0.332346 0.220653 0.224581 0.00221514
0 0.00609308 0.0967866 0.0121862 0.193573 0.00220909
0 1 0.103727 0 0.207453 0.00220092
0 0.329648 0.668959 0.659296 0.482107 0.00217086
0 0.582427 0.815099 0.771166 0.369802 0.00216651
0 1 0.825023 0 0.232547 0.00216409
0 0.979043 0.908362 0.041913 0.183277 0.00216197
0 0.84849 0.840313 0.30302 0.319374 0.00212249
0 0.633767 0.750638 0.732466 0.498725 0.00209764
0 0.17152 0.89394 0.34304 0.212121 0.00209449
0 0.8052 0.608736 0.389599 0.306946 0.00208148
0 1 0.568317 0 0.242687 0.00205208
0 0.902466 0.0756573 0.195067 0.151315 0.00199458
0 0.102534 0.586638 0.205067 0.3658 0.00199089
0 0.518072 0.919455 0.360365 0.16109 0.00198616
0 0.193508 0.860522 0.387017 0.268284 0.00197869
0 0.331595 0.372403 0.24135 0.143901 0.00197654
0 0.108435 0.762356 0.21687 0.34663 0.00196715
0 1 0.776262 0 0.226328 0.00196515
0 0.256578 0.863922 0.385328 0.260031 0.00196514
0 0.465643 0.209973 0.29127 0.133902 0.00194918
0 0.729956 0.879783 0.485327 0.240433 0.00192647
0 0 0.952303 0 0.0953938 0.00192337
0 0.667854 0.610445 0.664291 0.527196 0.00191333
0 0.858019 0.119479 0.283962 0.238958 0.00190346
0 0.522728 0.487257 0.251381 0.124968 0.00189736
0 0.109251 0.68796 0.218503 0.351615 0.00189531
0 0.275503 0.226138 0.264676 0.20841 0.00187836
0 0.155968 0.540449 0.311936 0.206371 0.00186022
0 0.995978 0.594966 0.00804323 0.306016 0.00185636
0 0.000471874 0.0754045 0.000943748 0.150809 0.00185517
0 0.855181 0.368279 0.289639 0.319068 0.00184193
0 0.892957 0.184576 0.214086 0.301363 0.00182221
0 0.449713 0.92282 0.335911 0.154361 0.00180555
0 0.85222 0.446047 0.29556 0.346442 0.00180008
0 0.847854 0.496837 0.304291 0.348877 0.00179549
0 0.367193 0.493131 0.266651 0.111781 0.00177515
0 0.872932 0.266429 0.254136 0.314808 0.0017589
0 0.955797 0.893316 0.0884057 0.213368 0.00174939
0 0.0121277 0.501753 0.0242554 0.36696 0.00174294
0 0.520162 0.726949 0.886485 0.500383 0.00173135
0 0.523625 0.614764 0.897649 0.51422 0.00171797
0 1 0.617116 0 0.240204 0.0017092
0 0.237243 0.28792 0.400097 0.18542 0.00169914
0 0.453372 0.837364 0.414131 0.299051 0.00169843
0 0.293209 0.671183 0.435443 0.321271 0.00169727
0 0.559159 0.481673 0.286243 0.137971 0.00169412
0 0.177499 0.640656 0.354997 0.292508 0.00168952
0 0 0.00279584 0 0.00559168 0.00168926
0 0.851315 0.570107 0.29737 0.356047 0.00168783
0 0.457605 0.326003 0.268895 0.16425 0.00167659
0 0.402042 0.613563 0.350581 0.209292 0.00167007
0 0.446904 0.67285 0.88702 0.517239 0.00164795
0 0.855404 0.398299 0.289193 0.337915 0.00164754
0 0.677325 0.828667 0.472133 0.31684 0.00164708
0 0.881899 0.923071 0.236201 0.153858 0.00164038
0 0.629525 0.11157 0.427267 0.223139 0.00163901
0 0.772326 0.648806 0.455348 0.311755 0.00163753
0 0.19494 0.201839 0.189777 0.133217 0.963318
0 0.73251 0.161943 0.177588 0.131487 0.878895
0 0.471461 0.173566 0.165298 0.110612 0.537686
0 0.00358962 0.0499542 0.00717924 0.0999084 0.0757688
0 0.997678 0.0737666 0.00464431 0.147533 0.0380799
0 0.00203792 0.0886 0.00407584 0.1772 0.0380269
0 0.00893571 0.0304458 0.0178714 0.0608916 0.0285684
0 0.997468 0.0400756 0.00506324 0.0801512 0.0277645
0 1 0.0264927 0 0.0529855 0.0150458
0 0.00427039 0.0149484 0.00854078 0.0298967 0.0144622
0 1 0.115929 0 0.231858 0.0116896
0 0.00281541 0.0213096 0.00563083 0.0426192 0.0097054
0 0.995318 0.883919 0.00936346 0.232161 0.00749676
0 0 0.0105019 0 0.0210039 0.00719053
0 0.904487 0.0024252 0.191025 0.0048504 0.00689165
0 0.974315 0.838937 0.0513691 0.322126 0.00500285
0 0.947484 0.599855 0.105032 0.37902 0.00491581
0 0.923434 0.548213 0.153131 0.389512 0.00488849
0 0.959084 0.800477 0.0818316 0.399045 0.00444222
0 0.997927 0.700661 0.00414502 0.337111 0.00441785
0 0.934522 0.700315 0.130955 0.390532 0.00434938
0 0.892431 0.448918 0.215139 0.406524 0.00434573
0 0.997779 0.603268 0.00444202 0.333112 0.00428841
0 0 0.0710408 0 0.142082 0.00427172
0 0.901685 0.348063 0.196631 0.395392 0.00416788
0 0.990734 0.161582 0.0185311 0.323164 0.00411989
0 0.757271 0.107698 0.260046 0.215395 0.00411661
0 0.942201 0.246678 0.115598 0.38834 0.0040002
0 0.97552 0.193161 0.0489596 0.383042 0.00393051
0 0.818492 0.275741 0.363015 0.331604 0.00380967
0 0.77062 0.282882 0.288957 0.332535 0.00376903
0 0.998323 0.805707 0.00335385 0.355234 0.00365443
0 0.628254 0.336628 0.384604 0.225397 0.00363476
0 0.73907 0.203281 0.253641 0.230932 0.00361914
0 0.997587 0.503729 0.00482634 0.362499 0.00354786
0 0.874886 0.246494 0.250228 0.404066 0.00354444
0 0.92507 0.195003 0.149859 0.375994 0.00353243
0 0.35976 0.375749 0.323317 0.256656 0.00351152
0 0.523508 0.370962 0.273158 0.204132 0.0034885
0 0.465495 0.367807 0.264517 0.196448 0.0034834
0 0.990299 0.968629 0.0194022 0.0627419 0.00348127
0 0.737386 0.237399 0.260544 0.3469 0.00348046
0 0.767082 0.811671 0.465835 0.376658 0.00344857
0 0.894396 0.0716601 0.211208 0.14332 0.00343843
0 0.27819 0.00256417 0.301144 0.00512834 0.00343703
0 0.822181 0.221749 0.355639 0.209594 0.00335964
0 0.278076 0.372297 0.40773 0.326279 0.00333634
0 0.997951 0.302338 0.00409781 0.360713 0.00330009
0 0.956303 0.157291 0.0873932 0.314583 0.00328094
0 0.997112 0.401391 0.00577607 0.359315 0.00326342
0 0.734317 0.135262 0.207579 0.178674 0.00326075
0 0.00661346 0.971148 0.0132269 0.0577047 0.00323359
0 0.836805 0.292595 0.326391 0.436923 0.00321447
0 0.869579 0.941707 0.260841 0.116586 0.00321423
0 0.687955 0.218747 0.288365 0.274835 0.00320752
0 0.443303 0.423541 0.363293 0.290493 0.00320021
0 0.483468 0.958375 0.239239 0.083251 0.00315275
0 0.70135 0.30676 0.477483 0.38088 0.00313693
0 0.134955 0.941463 0.266566 0.117074 0.00312258
0 0.132293 0.901269 0.264585 0.197462 0.0030953
0 0.387819 0.423912 0.39643 0.327052 0.00309301
0 0.493356 0.933117 0.29632 0.133767 0.00308523
0 0.834188 0.87693 0.331624 0.246141 0.00307524
0 0.602267 0.368003 0.405268 0.337094 0.00306614
0 0.749217 0.296119 0.501566 0.470816 0.00306388
0 0.58587 0.953942 0.27071 0.0921156 0.00306163
0 0.82956 0.945443 0.277534 0.109114 0.00304997
0 0.149199 0.76792 0.298399 0.305213 0.00302854
0 0.148971 0.707962 0.297942 0.350808 0.00301583
0 0.803141 0.38194 0.393718 0.494057 0.00301136
0 0.150301 0.169151 0.282759 0.214224 0.00300911
0 0.997339 0.761456 0.00532173 0.309158 0.00299567
0 0.725545 0.550871 0.548909 0.554664 0.00299152
0 0.79124 0.5852 0.41752 0.499889 0.00297884
0 0.734069 0.447908 0.531861 0.544285 0.00297242
0 0.152289 0.650633 0.304577 0.373749 0.00296143
0 0.313557 0.396505 0.473827 0.430503 0.00293829
0 0.109637 0.757325 0.219274 0.485351 0.00290369
0 0.0795234 0.787469 0.159047 0.425062 0.00289563
0 0.542967 0.934173 0.31215 0.131653 0.00289504
0 0.172101 0.59497 0.344201 0.406927 0.00288713
0 0.997425 0.46349 0.00515056 0.330478 0.0028822
0 0.187739 0.00410473 0.329009 0.00820947 0.00288113
0 0.144465 0.808755 0.28893 0.276463 0.00287932
0 0.605439 0.807866 0.782457 0.384267 0.00286872
0 0.963234 0.085574 0.0735311 0.171148 0.0028679
0 0.126185 0.964142 0.252371 0.0717152 0.00286096
0 0.720192 0.738632 0.559617 0.522737 0.00285766
0 0.384975 0.129113 0.28552 0.206019 0.00284592
0 0.710321 0.346546 0.579358 0.530992 0.00282734
0 0.49952 0.112311 0.235801 0.224622 0.00282451
0 0.149186 0.254488 0.298373 0.428582 0.0028211
0 0.495956 0.148114 0.271696 0.17488 0.00282051
0 0.44976 0.817602 0.737399 0.364795 0.00282049
0 0.20292 0.367208 0.405839 0.346822 0.00281699
0 0.829855 0.140518 0.339033 0.174604 0.00281148
0 0.0430091 0.570265 0.0860182 0.566614 0.00280239
0 0.997439 0.364384 0.00512266 0.332025 0.00280116
0 0.861944 0.0700315 0.276112 0.140063 0.00279871
0 0.692563 0.1264 0.244245 0.206468 0.00279336
0 0.128367 0.611285 0.256735 0.510146 0.00279323
0 0.0100125 0.0682136 0.0200251 0.136427 0.00278866
0 0.383526 0.337365 0.339954 0.230526 0.00275746
0 0.147334 0.312377 0.294667 0.359516 0.00273779
0 0.354822 0.93422 0.312988 0.13156 0.00272721
0 0.0430524 0.672235 0.0861048 0.569199 0.00272559
0 0.162292 0.318647 0.319389 0.337004 0.00272171
0 0.17545 0.188061 0.24471 0.173043 0.00272015
0 0.80013 0.483931 0.39974 0.509796 0.00271692
0 0.0089764 0.877952 0.0179528 0.244096 0.00271319
0 0.615704 0.932305 0.369522 0.13539 0.00270404
0 0.482942 0.769159 0.925047 0.461682 0.00269432
0 0.156083 0.396217 0.312166 0.430717 0.00267605
0 0.104527 0.815661 0.209054 0.368677 0.00267112
0 0.690145 0.0793329 0.262542 0.158666 0.00266593
0 0.518109 0.617298 0.963782 0.601042 0.00266497
0 0.440401 0.447431 0.825518 0.536912 0.00266051
0 0.144666 0.257397 0.289331 0.329065 0.00265268
0 0.941543 0.97467 0.116914 0.0506607 0.00265153
0 0.189382 0.543864 0.378764 0.435604 0.00264219
0 0.997355 0.265064 0.00528927 0.331745 0.00263732
0 0.157911 0.251191 0.279298 0.240767 0.00263617
0 0.0185341 0.867399 0.0370683 0.265201 0.00263379
0 0.422252 0.230658 0.288826 0.169229 0.0026282
0 0.860402 0.971549 0.279197 0.0569012 0.0026241
0 0.722281 0.656396 0.555437 0.551912 0.00261893
0 0.673362 0.950708 0.261388 0.0985838 0.00261048
0 0.773374 0.695934 0.453251 0.509163 0.00260813
0 0.847009 0.0980659 0.282647 0.196132 0.00260557
0 0.243118 0.158697 0.311317 0.19935 0.00258698
0 0.0377693 0.749428 0.0755385 0.501145 0.00258432
0 0.768036 0.147425 0.25526 0.158206 0.00258352
0 0.595001 0.0684989 0.234183 0.136998 0.00256393
0 0.0430075 0.323805 0.086015 0.553452 0.0025615
0 0.0423172 0.425297 0.0846344 0.55388 0.00255996
0 0.350305 0.00237998 0.299201 0.00475997 0.00255864
0 0.44109 0.345252 0.272399 0.210288 0.00255747
0 0.521482 0.429272 0.423199 0.350444 0.00255449
0 0.998247 0.00958799 0.00350677 0.019176 0.00254122
0 0.74884 0.18021 0.145913 0.0950377 0.00253321
0 0.128201 0.0738212 0.256401 0.147642 0.00252555
0 0.688124 0.351143 0.623753 0.490476 0.00252163
0 0.864381 0.00286576 0.271239 0.00573152 0.00251525
0 0.370299 0.206007 0.355745 0.173236 0.00249935
0 0.0314393 0.221039 0.0628787 0.442077 0.00249758
0 0.435835 0.143734 0.253418 0.185629 0.00249616
0 0.324469 0.958151 0.219625 0.0836986 0.0024917
0 0.750551 0.947593 0.27697 0.104814 0.00247485
0 0.0187205 0.120217 0.0374409 0.240433 0.00247214
0 0.234086 0.0697007 0.240027 0.139401 0.00246606
0 0.530299 0.0683598 0.249169 0.13672 0.00245773
0 0.224484 0.93443 0.319342 0.13114 0.00245485
0 0.276208 0.861525 0.501667 0.27695 0.0024473
0 0.3519 0.783611 0.7038 0.432779 0.0024306
0 0.48988 0.00238329 0.298534 0.00476658 0.0024297
0 0.13527 0.510039 0.27054 0.494321 0.00242885
0 0.0283316 0.972589 0.0566632 0.0548218 0.00242798
0 0.419519 0.00237142 0.299009 0.00474283 0.00241211
0 0.116461 0.167147 0.232922 0.334293 0.00240827
0 0.0192133 0.834196 0.0384267 0.331608 0.00240157
0 0.798329 0.0706889 0.29794 0.141378 0.00239861
0 0.366832 0.250518 0.328565 0.204228 0.00239074
0 0.226712 0.380245 0.453423 0.480148 0.00238229
0 0.943361 0.859327 0.113277 0.281346 0.0023638
0 0.119673 0.75893 0.239347 0.383451 0.00236238
0 0.233141 0.958306 0.282444 0.0833874 0.00235237
0 0.178001 0.699665 0.356003 0.402865 0.00234351
0 0.176946 0.81907 0.338906 0.319354 0.00233709
0 0.560926 0.00232507 0.299307 0.00465013 0.00232179
0 0.165381 0.428939 0.330762 0.427449 0.00231541
0 0.461915 0.0684426 0.255699 0.136885 0.00231165
0 0.670871 0.968018 0.274885 0.0639645 0.0023094
0 0.506723 0.257228 0.221744 0.181692 0.00230877
0 0.631117 0.00228169 0.299315 0.00456338 0.00228136
0 0.857557 0.818591 0.284886 0.362818 0.00227918
0 0.0962864 0.0725273 0.192573 0.145055 0.00225475
0 0.690806 0.925423 0.40999 0.149153 0.00223855
0 0.433268 0.664598 0.866537 0.543593 0.00223326
0 0.440187 0.256857 0.232736 0.188249 0.00223182
0 0.189149 0.07319 0.331715 0.14638 0.0022199
0 0.333813 0.0694649 0.25827 0.13893 0.00221036
0 0.701318 0.00215997 0.299238 0.00431994 0.00220789
0 0.592342 0.663233 0.815315 0.569743 0.00220006
0 0.400336 0.0688324 0.265897 0.137665 0.00219574
0 0.0311678 0.897035 0.0623356 0.205929 0.00218644
0 0.111606 0.116513 0.223212 0.233026 0.00218294
0 0.523768 0.15164 0.179523 0.16303 0.0021814
0 0.0359151 0.118932 0.0718302 0.237863 0.00216806
0 0.206245 0.655308 0.412489 0.482333 0.0021644
0 0.215372 0.772668 0.420845 0.347374 0.0021633
0 0.152678 0.376837 0.305356 0.41833 0.00214562
0 0.469493 0.145051 0.175438 0.16719 0.00214459
0 0.212321 0.439646 0.424643 0.521063 0.00213855
0 0.964517 0.91107 0.0709654 0.177859 0.00213481
0 0.749261 0.970818 0.290824 0.0583645 0.00213365
0 0.473926 0.226814 0.283684 0.165481 0.00212539
0 0.390512 0.733279 0.751147 0.437248 0.00212166
0 0.0265378 0.927371 0.0530757 0.145257 0.00211901
0 0.351045 0.609155 0.70209 0.544251 0.00211784
0 0.678593 0.778728 0.642815 0.442544 0.00211768
0 0.589927 0.559113 0.820145 0.581378 0.0021156
0 1 0.031912 0 0.0638241 0.00210951
0 0.525426 0.505756 0.949149 0.571034 0.00210904
0 0.670339 0.411486 0.649307 0.470128 0.00208344
0 0.614215 0.74737 0.77157 0.50526 0.00204957
0 0.620003 0.458203 0.759994 0.537641 0.00204825
0 0.548771 0.714795 0.896778 0.523064 0.00204644
0 0.772313 0.00227693 0.298758 0.00455385 0.0020411
0 0.0967034 0.882666 0.193407 0.234668 0.00201845
0 0.762704 0.908732 0.474591 0.182535 0.00201127
0 0.289632 0.443651 0.579264 0.536566 0.00198551
0 0.516578 0.96298 0.238546 0.0740397 0.00197895
0 0 0.911853 0 0.176294 0.00196971
0 0.25258 0.041493 0.366775 0.0829859 0.0019477
0 0.169597 0.0151709 0.339195 0.0303419 0.00194518
0 0.402155 0.562441 0.80431 0.582514 0.00193047
0 0.443325 0.961341 0.250849 0.0773184 0.00189535
0 0.238026 0.892393 0.309792 0.213838 0.00188971
0 0.660282 0.609705 0.679436 0.58037 0.00188624
0 0.664159 0.508508 0.671682 0.564065 0.0018457
0 0.262946 0.721288 0.520767 0.404153 0.00184278
0 0.258327 0.51035 0.516653 0.554166 0.00178466
0 0.999568 0.545069 0.000863212 0.298344 0.00178401
0 0.145838 0.962501 0.243328 0.0749984 0.00176628
0 0.158967 0.878374 0.299147 0.243253 0.00176538
0 0.96049 0.00347093 0.0790208 0.00694187 0.0017442
0 0.347427 0.229185 0.153916 0.173457 0.00173942
0 0.533654 0.211259 0.26729 0.12552 0.00173913
0 0.613873 0.221857 0.339244 0.242347 0.00172861
0 0.135496 0.587635 0.270991 0.275122 0.00171598
0 0.343702 0.503746 0.687405 0.551616 0.00171405
0 0.884864 0.0219687 0.230271 0.0439375 0.00168688
0 0.0587762 0.171075 0.117552 0.342151 0.00164616
0 0.0827373 0.25608 0.165475 0.51216 0.00163413
0 0.493446 0.903871 0.249613 0.192259 0.00162585
0 0.862067 0.88283 0.275865 0.23434 0.00161209
0 0.492494 0.393138 0.16872 0.134252 0.00160842
0 0.999754 0.845961 0.000492842 0.300487 0.0015707
0 0.999344 0.169934 0.00131165 0.299321 0.00156998
0 0.835497 0.470355 0.329006 0.188369 0.00155119
0 0.481363 0.301402 0.318364 0.127796 0.00151416
0 0.904609 0.12099 0.177709 0.125215 0.00149316
0 0.339605 0.676238 0.323009 0.168972 0.00148108
0 0.807196 0.224562 0.385072 0.294322 0.00147378
0 0.999738 0.644619 0.000523158 0.297741 0.00147028
0 0.593161 0.707219 0.256313 0.13773 0.00145948
0 0.326321 0.038338 0.36768 0.076676 0.00144382
0 0 0.959687 0 0.0806259 0.00143391
0 0.43271 0.0196107 0.377235 0.0392214 0.00142697
0 0.129381 0.39804 0.258763 0.25971 0.00142192
0 0.127938 0.00401157 0.255875 0.00802314 0.00142145
0 0.839559 0.421705 0.320882 0.254621 0.00141618
0 0.556981 0.270652 0.238208 0.120961 0.00141613
0 0.145778 0.528035 0.291557 0.213366 0.0014161
0 0.243953 0.278832 0.327364 0.194295 0.00141345
0 0.331204 0.23469 0.2063 0.212601 0.00140103
0 0.434833 0.29695 0.307031 0.115508 0.00138409
0 0.161836 0.379039 0.323671 0.29468 0.00138179
0 0.53873 0.0412991 0.366881 0.0825983 0.00137107
0 0.541342 0.738172 0.237366 0.104131 0.00136429
0 0.889826 0.898036 0.220347 0.203927 0.00136323
0 0.504059 0.0274054 0.370276 0.0548107 0.00136003
0 0.83636 0.171537 0.277319 0.158427 0.0013557
0 0.637025 0.900057 0.261311 0.199886 0.00135172
0 0.0973408 0.999428 0.194682 0.00114346 0.00135156
0 0.595126 0.262139 0.247601 0.139406 0.00134857
0 0.56142 0.700662 0.252707 0.159614 0.00134563
0 0.816765 0.326868 0.366469 0.297003 0.0013279
0 0.439499 0.615731 0.53112 0.201807 0.00132206
0 0.463406 0.922837 0.165874 0.147956 0.0013159
0 0.117332 0.0820262 0.229945 0.164052 0.00131448
0 0.898351 0.902862 0.203299 0.194275 0.00130722
0 0.758084 0.433756 0.366741 0.229375 0.00130398
0 0.363644 0.0291036 0.368373 0.0582073 0.00130058
0 0.181334 0.076014 0.226526 0.152028 0.00128829
0 0.712838 0.3173 0.467169 0.276573 0.00128302
0 0.456966 0.0737843 0.388144 0.147569 0.001272
0 0.746662 0.68736 0.506676 0.283131 0.00127024
0 0.352077 0.268178 0.217125 0.165046 0.00126824
0 0.799036 0.518796 0.401927 0.268606 0.00126629
0 0.408709 0.882373 0.306021 0.206454 0.00126386
0 0.833209 0.505346 0.333583 0.232565 0.00125812
0 0.689667 0.636179 0.281826 0.134145 0.00124791
0 0.281752 0.592732 0.563504 0.255908 0.00124236
0 0.479328 0.838362 0.312271 0.172612 0.00123856
0 0.348041 0.201071 0.150406 0.139708 0.00122572
0 0.825659 0.383189 0.348683 0.301849 0.00122157
0 0.402508 0.651291 0.345736 0.142456 0.00122003
0 0.635835 0.491139 0.339539 0.152409 0.00121918
0 0.196065 0.315457 0.269217 0.191973 0.00121881
0 0.623278 0.688048 0.300014 0.183746 0.00121841
0 0.241695 0.0631078 0.351542 0.126216 0.00121218
0 0.702751 0.0733149 0.398889 0.14663 0.00121209
0 0 0.0239468 0 0.0478936 0.00120981
0 0.024123 0.00994794 0.0482459 0.0198959 0.00120284
0 0.893651 0.0720181 0.201645 0.144036 0.00119747
0 0.645663 0.0295791 0.368391 0.0591583 0.00119337
0 0.542488 0.496249 0.245374 0.111342 0.0011914
0 0.672648 0.767722 0.264823 0.153229 0.00119008
0 0.384604 0.290455 0.184863 0.0957259 0.00118433
0 0.730034 0.161768 0.180922 0.132739 0.979458
0 0.195313 0.202725 0.189244 0.131705 0.950368
0 0.473345 0.173891 0.160124 0.110274 0.842228
0 0.366602 0.712397 0.120766 0.0818809 0.0156055
0 0.384296 0.710679 0.15785 0.0896328 0.00979772
0 0.456766 0.892309 0.163839 0.0831953 0.00891686
0 0.00524952 0.913342 0.010499 0.173316 0.00858211
0 0.19166 0.922103 0.150662 0.127678 0.00855098
0 0.22435 0.907197 0.220144 0.164349 0.00820407
0 1 0.895849 0 0.208302 0.00748475
0 0.436229 0.935137 0.109343 0.116566 0.00639169
0 1 0.920892 0 0.158216 0.00513315
0 0.650011 0.272484 0.13065 0.116824 0.00434107
0 0.0958024 0.906765 0.163911 0.18492 0.00384251
0 0.16029 0.432943 0.124336 0.0837189 0.00377406
0 0.456961 0.920777 0.164951 0.137076 0.00359989
0 0.151398 0.391836 0.302796 0.643978 0.0034954
0 0.624758 0.84502 0.236711 0.14575 0.00335074
0 0.0905207 0.154398 0.181041 0.308796 0.00323469
0 0.667215 0.958811 0.224437 0.0823778 0.00315128
0 0.147267 0.831705 0.294534 0.33659 0.00314347
0 1 0.256188 0 0.218387 0.00312592
0 0.0775143 0.111563 0.155029 0.223126 0.00311659
0 0.467075 0.40222 0.162278 0.135714 0.00310949
0 1 0.303879 0 0.240601 0.0030802
0 0.880091 0.962262 0.239818 0.0754765 0.00306294
0 0.173424 0.443392 0.141729 0.0952027 0.00303757
0 0.167877 0.514254 0.335754 0.253054 0.00301925
0 0.817972 0.332301 0.364056 0.264293 0.0030107
0 0.139562 0.293904 0.279124 0.587809 0.0030026
0 0.196575 0.957002 0.207845 0.0859968 0.00297793
0 0.611276 0.960246 0.234526 0.0795087 0.00297349
0 1 0.205586 0 0.204397 0.00295338
0 0.136422 0.521767 0.272844 0.617842 0.00294764
0 0.171158 0.200407 0.246467 0.170125 0.00294529
0 1 0.352415 0 0.257078 0.00293604
0 0.149564 0.267291 0.299127 0.271459 0.00289587
0 0.617257 0.654056 0.640322 0.386582 0.00289098
0 0.999187 0.268606 0.00162608 0.194139 0.00285151
0 0.45464 0.958718 0.216488 0.0825642 0.00284609
0 0.834247 0.961014 0.222686 0.077972 0.00280012
0 0 0.951303 0 0.0973933 0.00279684
0 0.496898 0.960177 0.186426 0.0796463 0.002792
0 0.235718 0.506369 0.353061 0.246676 0.00279127
0 0.152776 0.756451 0.305552 0.378902 0.00277565
0 0.396307 0.958077 0.23545 0.0838461 0.00277146
0 0.121156 0.957264 0.242313 0.0854714 0.00277129
0 0.390604 0.263796 0.215448 0.163477 0.00275891
0 0.249999 0.95739 0.174429 0.0852201 0.00275444
0 0.860881 0.334775 0.278237 0.303352 0.0027536
0 1 0.807613 0 0.224055 0.00275095
0 0.044158 0.78854 0.088316 0.42292 0.0027488
0 1 0.401513 0 0.271286 0.00274865
0 0 0.904278 0 0.191443 0.00274846
0 0.108995 0.208252 0.217989 0.416503 0.00272175
0 1 0.911346 0 0.177308 0.00272014
0 0.129637 0.70442 0.259273 0.591159 0.00271608
0 0.0484992 0.473242 0.0969984 0.599854 0.00270115
0 1 0.215718 0 0.177381 0.00269788
0 0.190937 0.363687 0.377153 0.276621 0.00269629
0 0.114351 0.13836 0.228702 0.276719 0.00269518
0 0.73967 0.960388 0.205807 0.0792243 0.00266148
0 0.853761 0.925437 0.292478 0.149127 0.00265365
0 0.356279 0.50049 0.359577 0.242491 0.00264658
0 0.14622 0.136573 0.266709 0.265494 0.00264604
0 0.153676 0.567164 0.307352 0.362273 0.00263943
0 1 0.879253 0 0.241494 0.00263255
0 0.194742 0.27405 0.389484 0.415519 0.00263082
0 1 0.154487 0 0.187106 0.00261419
0 0.519401 0.752465 0.545522 0.375838 0.00260115
0 1 0.451228 0 0.281728 0.00259568
0 0.714208 0.830993 0.571583 0.338015 0.00259421
0 0.04905 0.738666 0.0981001 0.522667 0.00258833
0 0.00555235 0.852749 0.0111047 0.294501 0.00257855
0 0.0741245 0.915902 0.124499 0.165256 0.00256616
0 0.778678 0.327366 0.388682 0.209987 0.00256459
0 0.227022 0.415646 0.294349 0.199164 0.00255981
0 0.144576 0.231125 0.289152 0.276811 0.00254902
0 0.749007 0.11517 0.238221 0.23034 0.00253103
0 0.292101 0.371847 0.343235 0.241415 0.00252212
0 0.394187 0.692382 0.189845 0.122133 0.00252163
0 1 0.501356 0 0.281732 0.00251499
0 0.101649 0.14128 0.0969089 0.0693895 0.00251322
0 0.145955 0.262457 0.291911 0.328115 0.00251251
0 0.464656 0.502036 0.328698 0.248058 0.0025035
0 0.483835 0.410599 0.252793 0.177269 0.00249692
0 0.158892 0.658211 0.317784 0.377206 0.00249116
0 0.209409 0.570452 0.418818 0.348873 0.00248332
0 0 0.974521 0 0.0509577 0.00248317
0 0.316635 0.420292 0.290654 0.18859 0.00248089
0 1 0.754661 0 0.233325 0.00248077
0 0.161784 0.960386 0.296055 0.079229 0.0024694
0 0.0446677 0.313052 0.0893353 0.546775 0.00246795
0 0.730282 0.214853 0.258116 0.259059 0.00246364
0 1 0.705999 0 0.237649 0.00245998
0 0.667796 0.262855 0.174488 0.147112 0.00244894
0 0.533866 0.363754 0.25123 0.201389 0.00244131
0 1 0.552383 0 0.269928 0.0024316
0 0.0484354 0.626573 0.0968708 0.600919 0.00243009
0 0.0244836 0.883746 0.0489672 0.232508 0.00241761
0 0.929212 0.966043 0.141576 0.0679145 0.00241507
0 0.385913 0.368997 0.286862 0.216509 0.00241066
0 0.150222 0.801337 0.300444 0.397327 0.00240814
0 0.546554 0.402568 0.241596 0.175002 0.00240021
0 0.692174 0.364801 0.285762 0.204179 0.00239302
0 0.509344 0.773808 0.415125 0.318627 0.0023883
0 1 0.603585 0 0.254388 0.00238713
0 1 0.654391 0 0.242127 0.00236933
0 0.034158 0.205041 0.0683159 0.410081 0.00236249
0 0.837672 0.101753 0.217489 0.203507 0.00235603
0 0.0227592 0.150164 0.0455183 0.300328 0.00233865
0 0.133499 0.175112 0.266998 0.350225 0.00233472
0 0.593073 0.8293 0.516219 0.3414 0.00232901
0 0.444697 0.565663 0.540671 0.357791 0.00232558
0 0.617799 0.362941 0.25646 0.199732 0.00232147
0 0.998044 0.974603 0.00391296 0.0507942 0.00231833
0 0.407954 0.420628 0.273911 0.182003 0.00231686
0 0.385057 0.342578 0.387325 0.221153 0.00229502
0 0.796293 0.383745 0.407413 0.327448 0.00228873
0 0.180019 0.407281 0.287564 0.230052 0.00228581
0 0.468444 0.365369 0.26336 0.20163 0.0022813
0 0.748711 0.393516 0.356488 0.276853 0.00227596
0 0.630853 0.401928 0.2684 0.187174 0.00227325
0 0.134724 0.842463 0.269447 0.315073 0.00226626
0 0.620529 0.943325 0.225232 0.11335 0.00226282
0 0.744697 0.422419 0.510607 0.353363 0.00226143
0 0.549397 0.603793 0.621074 0.376372 0.00225963
0 0.320234 0.646452 0.465349 0.333252 0.00225838
0 0.220369 0.384767 0.440739 0.44013 0.00225802
0 0.725058 0.654191 0.549885 0.379902 0.0022545
0 0.673819 0.942417 0.235468 0.115166 0.00225066
0 0.245969 0.900498 0.224954 0.199003 0.00225019
0 0.205221 0.841252 0.410442 0.317495 0.00224779
0 1 0.104231 0 0.180727 0.00224698
0 1 0.162865 0 0.168877 0.00223791
0 0.510347 0.39786 0.199579 0.142844 0.00222659
0 0.23178 0.958155 0.265982 0.0836904 0.00222478
0 0.902307 0.27322 0.195385 0.248579 0.00222384
0 0.454482 0.151865 0.221959 0.178553 0.00222243
0 0.111152 0.0836709 0.209434 0.167342 0.00221053
0 0.159241 0.348789 0.318482 0.351342 0.00220638
0 0.699618 0.159134 0.243763 0.161569 0.00220233
0 0.186765 0.853811 0.34255 0.289371 0.00219807
0 0.455693 0.244731 0.245359 0.214226 0.00219414
0 0.552823 0.856243 0.289593 0.209354 0.00219035
0 0.259069 0.332503 0.412494 0.262375 0.0021894
0 1 0.0667691 0 0.133538 0.00217566
0 0.945303 0.276807 0.109394 0.217835 0.00216398
0 0.56937 0.490071 0.448644 0.303084 0.00215797
0 0.16585 0.309052 0.3317 0.341109 0.00215438
0 0.227685 0.0762774 0.284567 0.152555 0.00215299
0 0.96205 0.221113 0.0758998 0.201488 0.00215015
0 0.158953 0.495396 0.317906 0.298195 0.00214955
0 0.492057 0.652528 0.599966 0.382488 0.00214664
0 0.406254 0.242252 0.340103 0.187418 0.00213826
0 0.0446039 0.111981 0.0892077 0.223961 0.0021363
0 0.00571485 0.973799 0.0114297 0.0524023 0.00212676
0 0 0.101926 0 0.202854 0.00212273
0 0.983917 0.6189 0.0321665 0.246251 0.00211322
0 0.103306 0.0802564 0.206611 0.160513 0.00211282
0 0.97139 0.508856 0.0572204 0.305723 0.00211244
0 0.932082 0.891947 0.135836 0.216107 0.0021054
0 0.0794216 0.970308 0.158843 0.0593832 0.0021045
0 0.17611 0.0781126 0.270359 0.156225 0.00209959
0 0.731525 0.345612 0.32527 0.198343 0.00209849
0 0.629229 0.506126 0.605717 0.379076 0.00209097
0 0.167157 0.867094 0.334314 0.265811 0.00208841
0 0.782393 0.505298 0.435214 0.373206 0.00208641
0 0.493467 0.107269 0.253049 0.20326 0.00208307
0 0.493276 0.699109 0.443298 0.368761 0.00208304
0 0.699809 0.116239 0.234399 0.221121 0.00208295
0 0.92209 0.332311 0.15582 0.251376 0.00208283
0 0.144787 0.856691 0.289575 0.286619 0.0020813
0 0 0.0732758 0 0.146552 0.00208004
0 0.681562 0.426927 0.351991 0.284012 0.00207845
0 0.724471 0.503188 0.551058 0.379324 0.00206943
0 0.580531 0.112607 0.274185 0.209783 0.0020634
0 0.60475 0.155334 0.226546 0.172388 0.00204864
0 0.129189 0.0795057 0.258379 0.159011 0.00204762
0 0.354476 0.239943 0.303143 0.224335 0.00204464
0 0.969341 0.168294 0.0613174 0.189725 0.00204363
0 0.768498 0.152529 0.254045 0.155173 0.00204295
0 0.325504 0.0736295 0.255482 0.147259 0.00204202
0 0.24422 0.653592 0.488441 0.35519 0.00203851
0 0.979199 0.112379 0.0416021 0.18384 0.00203032
0 0.647784 0.875693 0.368156 0.248613 0.00202857
0 0.624814 0.75392 0.623768 0.38134 0.00201918
0 0.698617 0.240283 0.259016 0.205094 0.00201843
0 0.251289 0.537931 0.412205 0.296663 0.00201443
0 0.383382 0.782356 0.242863 0.210397 0.0020137
0 0.363887 0.872667 0.308468 0.204247 0.00201089
0 0.527465 0.222552 0.357326 0.200971 0.00201087
0 0.702287 0.85031 0.442998 0.29938 0.00200694
0 0.433985 0.535671 0.41826 0.299515 0.00199688
0 0.914506 0.158658 0.170988 0.179973 0.00198821
0 0.1527 0.403355 0.3054 0.340986 0.00198645
0 0.955335 0.973631 0.08933 0.0527382 0.00198442
0 0.491408 0.914842 0.217272 0.164335 0.00198291
0 0.618192 0.250653 0.238319 0.19403 0.00198147
0 0.199788 0.520947 0.399575 0.401956 0.00198088
0 0.889327 0.622879 0.221347 0.305516 0.00197951
0 0.6276 0.921059 0.260418 0.157882 0.00197936
0 0.757652 0.935633 0.341471 0.128733 0.00197855
0 0.208086 0.942597 0.13802 0.0881546 0.00197803
0 0.73657 0.179078 0.163858 0.0957666 0.001978
0 0.886776 0.770261 0.226448 0.299042 0.00196916
0 0.686277 0.60575 0.627447 0.377898 0.00196169
0 0.317822 0.573542 0.508615 0.336019 0.00196078
0 0.538778 0.0700947 0.250412 0.140189 0.00195083
0 0.79242 0.659104 0.41516 0.372528 0.0019475
0 0.172387 0.71046 0.344774 0.499628 0.00194579
0 0.367001 0.724175 0.115287 0.0691406 0.00194405
0 0.470422 0.954142 0.211871 0.0917166 0.00194009
0 0.375936 0.723752 0.271038 0.217343 0.00193962
0 0.899373 0.928108 0.201254 0.143785 0.00193947
0 0.885167 0.562393 0.229667 0.323924 0.00193856
0 0.891908 0.820382 0.216184 0.303651 0.0019355
0 0.877899 0.129174 0.118472 0.103034 0.00193083
0 0.477228 0.886329 0.120871 0.0757772 0.00192954
0 0.341478 0.535886 0.442287 0.298999 0.00192854
0 0.110172 0.00180301 0.121056 0.00360602 0.0019253
0 0.906271 0.211593 0.187457 0.223567 0.00192519
0 0.0728961 0.00420823 0.112369 0.00841646 0.00190271
0 0.605141 0.0687651 0.246432 0.13753 0.00189858
0 0.480325 0.867177 0.245558 0.170199 0.00189806
0 0.561641 0.91983 0.253476 0.16034 0.00189377
0 0.889867 0.674658 0.220266 0.296346 0.00189003
0 0.866665 0.877934 0.266669 0.244131 0.00187878
0 0.86525 0.383374 0.269499 0.322015 0.00187623
0 1 0.0723344 0 0.144669 0.00187371
0 0.922442 0.111653 0.155116 0.197594 0.00186661
0 0.624711 0.0748085 0.229876 0.149617 0.00186285
0 0.394432 0.111603 0.252571 0.190899 0.00186251
0 0.901972 0.381495 0.196056 0.281051 0.00185876
0 0.114727 0.435554 0.19011 0.0985895 0.00185471
0 0.527984 0.948783 0.227765 0.102434 0.00185376
0 0.36174 0.271406 0.170989 0.145688 0.0018513
0 0.47203 0.0705102 0.247684 0.14102 0.00184728
0 0.116614 0.887795 0.233229 0.22441 0.00184652
0 0.895858 0.868389 0.208284 0.263222 0.00184424
0 0.218976 0.773128 0.413435 0.312684 0.00184208
0 0.402326 0.0718551 0.248515 0.14371 0.00183993
0 0.888911 0.424131 0.222177 0.305628 0.00183956
0 0.355588 0.245913 0.143702 0.196161 0.00183324
0 0.0787496 0.0211341 0.131079 0.0422683 0.00182795
0 0.346952 0.21811 0.389596 0.190126 0.00182251
0 0.728922 0.754701 0.542157 0.381024 0.0018026
0 0.797022 0.264326 0.299263 0.202923 0.00179144
0 0.0981814 0.0158735 0.118705 0.031747 0.00179122
0 0.721123 0.20157 0.195225 0.245608 0.00178889
0 0.357817 0.156288 0.274756 0.183577 0.00178538
0 0.902399 0.0821988 0.195202 0.164398 0.00178363
0 0.422716 0.922616 0.241834 0.153149 0.001783
0 0 0.924189 0 0.151621 0.00176288
0 0.686482 0.804337 0.620268 0.36948 0.00176114
0 0.09403 0.00524463 0.101255 0.0104893 0.00175615
0 0.22821 0.716757 0.430555 0.311028 0.00175518
0 0.390627 0.606232 0.532488 0.191712 0.0017267
0 0.883972 0.510494 0.232056 0.332587 0.00170845
0 0.707587 0.0823654 0.234514 0.164731 0.00170683
0 0.193995 0.66257 0.38799 0.361789 0.00170401
0 0.65885 0.833062 0.257983 0.16634 0.0017039
0 0.187425 0.587689 0.374851 0.413765 0.00168776
0 0.770644 0.204514 0.261969 0.236461 0.00168361
0 0.986562 0.0735534 0.0268753 0.147107 0.00167149
0 0.472285 0.705873 0.330792 0.291944 0.00166933
0 0.474138 0.80568 0.264125 0.235849 0.0016688
0 0.943344 0.0661657 0.113313 0.132331 0.00163135
0 0.201206 0.757077 0.402411 0.370546 0.00163037
0 0.139315 0.910518 0.27863 0.178964 0.00161976
0 0.826062 0.863931 0.347877 0.272138 0.00161588
0 0.232052 0.652009 0.435805 0.1933 0.00161505
0 0.851754 0.767028 0.296493 0.351133 0.00160024
0 0.813812 0.420578 0.372376 0.354531 0.00156738
0 0.894689 0.0620538 0.210622 0.124108 0.00156541
0 0.84756 0.511533 0.30488 0.35924 0.00156462
0 0.571137 0.0714358 0.185767 0.142872 0.00156291
0 0.340591 0.280992 0.13298 0.126652 0.00156278
0 0.852754 0.66892 0.294493 0.347251 0.00156054
0 0.543662 0.217752 0.213485 0.123936 0.00155982
0 0.0308234 0.0831022 0.0616468 0.166204 0.00155903
0 0.587743 0.838798 0.270478 0.16578 0.00155715
0 0.690936 0.0652133 0.241304 0.130427 0.00155292
0 0.838356 0.0596027 0.244178 0.119205 0.00155133
0 0.190861 0.256913 0.311817 0.263619 0.00155089
0 0.921619 0.0639644 0.156763 0.127929 0.00154808
0 0.984105 0.925361 0.0317901 0.149278 0.00153866
0 0.244125 0.140042 0.276253 0.223875 0.00153851
0 0.784188 0.834184 0.431625 0.331632 0.00151712
0 0.514487 0.609575 0.25238 0.181466 0.0015106
0 0.391468 0.601951 0.501525 0.342622 0.00150103
0 0.436326 0.399812 0.237779 0.142287 0.0014699
0 0.204599 0.166253 0.256305 0.220835 0.00146144
0 0.437926 0.951263 0.108179 0.0740934 0.00145945
0 0.796923 0.758134 0.406155 0.375567 0.00145831
0 0.90684 0.124585 0.134566 0.117113 0.00145244
0 0.858216 0.184413 0.116908 0.115802 0.00145021
0 0.894906 0.917071 0.210188 0.164894 0.00144223
0 0.643025 0.864049 0.178238 0.10734 0.00144022
0 0.141163 0.899305 0.25881 0.185345 0.00141251
0 0.193972 0.201534 0.186296 0.128899 0.911266
0 0.728104 0.158176 0.178518 0.129506 0.893568
0 0.475917 0.170418 0.160203 0.112325 0.557124
0 0.733962 0.177758 0.153776 0.0982179 0.00813412
0 1 0.945399 0 0.109201 0.00609858
0 0.697466 0.175641 0.105228 0.0892491 0.00486936
0 1 0.967727 0 0.0645466 0.00483217
0 0.0053787 0.0921033 0.0107574 0.184207 0.00467179
0 0.148183 0.216566 0.0915162 0.0888222 0.00410817
0 0.0909673 0.00301252 0.121374 0.00602505 0.00388592
0 0.674229 0.15447 0.0667945 0.112266 0.0036877
0 1 0.9506 0 0.0987995 0.00360612
0 0.108263 0.0018774 0.122852 0.00375481 0.00343356
0 0.276892 0.194608 0.0254961 0.0916893 0.00332393
0 0.00358988 0.898855 0.00717976 0.20229 0.00331574
0 0.17786 0.673426 0.13517 0.0577908 0.00331336
0 0.68079 0.172484 0.076471 0.0935038 0.00308176
0 0.0744902 0.0234216 0.132053 0.0468433 0.00302988
0 0.523828 0.321936 0.135683 0.0886815 0.00294844
0 0.14713 0.672344 0.0779352 0.0665693 0.00283621
0 1 0.947011 0 0.105977 0.00279004
0 0 0.0170514 0 0.0341028 0.00276221
0 0.209818 0.217778 0.144889 0.0933578 0.00275237
0 1 0.956629 0 0.086743 0.00274607
0 0.0546712 0.996346 0.109342 0.0073082 0.00263228
0 0.186127 0.228637 0.139056 0.0718162 0.00256865
0 0.43744 0.144281 0.122943 0.113149 0.00249472
0 0.0874351 0.135286 0.0694282 0.0553236 0.00239932
0 0.40856 0.127141 0.0682494 0.0719851 0.00236647
0 0.195517 0.637611 0.125181 0.12296 0.0023359
0 0.075576 0.135534 0.0447884 0.0556602 0.00232122
0 0.0405988 0.991669 0.0811975 0.016663 0.00227794
0 0.160741 0.662218 0.105121 0.0692047 0.00213835
0 0.268488 0.1941 0.0428211 0.120729 0.00211682
0 0.454027 0.192374 0.109954 0.0655094 0.00210804
0 1 0.202659 0 0.195288 0.00207074
0 1 0.0991713 0 0.189879 0.00204722
0 1 0.253784 0 0.190855 0.00202922
0 0.680014 0.965641 0.303408 0.068717 0.00202875
0 0.465209 0.965187 0.291628 0.0696257 0.00202182
0 0.75294 0.965831 0.307021 0.0683376 0.00201979
0 0.609366 0.965647 0.30255 0.0687061 0.00201047
0 1 0.152369 0 0.189973 0.00199607
0 1 0.303256 0 0.190264 0.00199376
0 1 0.353031 0 0.189776 0.00199013
0 0.535933 0.965597 0.299561 0.0688055 0.00198513
0 0.331936 0.964957 0.293742 0.0700859 0.00198423
0 0 0.0644902 0 0.12898 0.00198278
0 1 0.403011 0 0.188917 0.0019723
0 0 0.968227 0 0.0635456 0.00196972
0 0.183139 0.965275 0.28596 0.0694492 0.00196457
0 0.0767885 0.00582811 0.125444 0.0116562 0.00195698
0 1 0.452831 0 0.188107 0.00194386
0 1 0.753456 0 0.188455 0.00194242
0 1 0.80445 0 0.184827 0.00193734
0 0.91256 0.999322 0.124867 0.0013567 0.00193563
0 1 0.0674234 0 0.134847 0.00193502
0 0.827173 0.966115 0.311348 0.0677708 0.00192654
0 1 0.962703 0 0.0745947 0.00192561
0 0.401456 0.965277 0.299083 0.0694468 0.00191872
0 1 0.703262 0 0.186165 0.00191805
0 0.124677 0.965803 0.249353 0.0683949 0.00191421
0 0.945967 0.999262 0.108065 0.00147505 0.00190148
0 1 0.653128 0 0.185366 0.00189901
0 1 0.502581 0 0.186832 0.00189885
0 0.259916 0.965185 0.298388 0.0696293 0.0018883
0 0.159813 0.650956 0.109794 0.0985097 0.00188675
0 1 0.552709 0 0.185671 0.00187567
0 1 0.60289 0 0.185721 0.00187502
0 0.871802 0.999331 0.12315 0.0013382 0.00187411
0 0.0732506 0.997429 0.129781 0.00514297 0.00183476
0 0.543116 0.171682 0.0248807 0.104884 0.00182585
0 0.834441 0.999413 0.119233 0.00117331 0.00181827
0 0.0818267 0.969096 0.163653 0.0618074 0.0018037
0 0.204638 0.136732 0.276301 0.204254 0.00180108
0 0.799573 0.999486 0.115129 0.00102768 0.00179275
0 0.76608 0.999477 0.11218 0.00104628 0.00178893
0 0 0.972318 0 0.0553642 0.00178448
0 0.218644 0.258005 0.23996 0.231119 0.00178389
0 0.0261364 0.813764 0.0522728 0.178689 0.00178072
0 1 0.971497 0 0.0570068 0.00175595
0 0.0227412 0.710028 0.0454825 0.187259 0.00174671
0 1 0.858371 0 0.191372 0.00174636
0 0.0199893 0.760699 0.0399786 0.191076 0.00174545
0 0.0246308 0.610267 0.0492616 0.186336 0.00174211
0 0.023446 0.659812 0.046892 0.186712 0.00174006
0 0.0260123 0.560571 0.0520246 0.186861 0.00173012
0 0.425229 0.222933 0.306238 0.186377 0.0017285
0 0.594104 0.999256 0.110601 0.00148859 0.00172383
0 1 0.760537 0 0.180121 0.00170555
0 0.529379 0.224021 0.33739 0.189858 0.00168987
0 1 0.922843 0 0.154315 0.00168946
0 0.0260013 0.973929 0.0520027 0.0521426 0.00168859
0 0.0273595 0.511459 0.054719 0.188152 0.00168687
0 1 0.811168 0 0.174747 0.00168221
0 1 0.710104 0 0.176318 0.00167512
0 0.459704 0.154069 0.232083 0.177679 0.00167182
0 0.557825 0.999145 0.113332 0.00170994 0.00167103
0 0.679544 0.93332 0.263908 0.133359 0.0016706
0 0.0242968 0.930293 0.0485937 0.139414 0.00166722
0 0.0322155 0.412634 0.0644309 0.190798 0.00166394
0 0 0.812953 0 0.152231 0.00166316
0 0.0337697 0.363045 0.0675394 0.193278 0.00166142
0 0.0301691 0.462623 0.0603383 0.189043 0.00166099
0 0.630938 0.999128 0.109785 0.00174484 0.00165897
0 0 0.110092 0 0.160411 0.00165771
0 0 0.882213 0 0.185571 0.00165769
0 0.872601 0.966992 0.254797 0.0660168 0.00165672
0 0.732976 0.999367 0.111238 0.00126629 0.00165474
0 0.751611 0.933595 0.2698 0.13281 0.00165401
0 0.0348518 0.105915 0.0697036 0.184407 0.00165346
0 0.825125 0.933785 0.274922 0.132429 0.00164448
0 0.033785 0.263649 0.0675699 0.19289 0.00164164
0 0.188616 0.210404 0.212018 0.164922 0.00164117
0 0.171006 0.162108 0.242738 0.207532 0.00163801
0 0.610001 0.933364 0.262768 0.133272 0.00163656
0 0.472172 0.93444 0.263847 0.131119 0.00163651
0 0.0336407 0.312395 0.0672815 0.194944 0.0016355
0 1 0.459881 0 0.177392 0.00162974
0 0.538701 0.933908 0.264442 0.132183 0.00162501
0 1 0.410348 0 0.178289 0.00162386
0 0.259664 0.315012 0.271724 0.19519 0.00162277
0 0.0299019 0.212991 0.0598039 0.196404 0.00161414
0 1 0.310865 0 0.179837 0.001609
0 1 0.36038 0 0.179327 0.00160885
0 1 0.261449 0 0.179861 0.00160783
0 0.0435177 0.0708573 0.0870353 0.141715 0.00160709
0 0.44076 0.253839 0.265978 0.228781 0.00160686
0 0.0356374 0.908464 0.0712748 0.183072 0.00160551
0 0 0.712584 0 0.155108 0.00160218
0 0 0.66261 0 0.155003 0.0015975
0 0.196575 0.935693 0.264819 0.128615 0.0015971
0 0.700026 0.999095 0.109103 0.00180988 0.00159583
0 1 0.902828 0 0.194345 0.00159548
0 0.127578 0.934581 0.255157 0.130837 0.00159498
0 0 0.315035 0 0.157449 0.00159444
0 0.570127 0.155146 0.274431 0.175137 0.00159221
0 0.338734 0.93589 0.272918 0.12822 0.00159205
0 0 0.414861 0 0.157104 0.00159184
0 0.311126 0.233908 0.112746 0.121885 0.00159156
0 1 0.210492 0 0.182811 0.00159131
0 0.956542 0.762653 0.0869154 0.196198 0.00158896
0 0 0.364978 0 0.157334 0.00158743
0 0.559395 0.258985 0.276234 0.22008 0.00158741
0 0.477601 0.111103 0.300612 0.18367 0.00158565
0 0.961609 0.562379 0.0767829 0.188568 0.00158441
0 0.959619 0.712601 0.0807623 0.192209 0.00158414
0 0 0.762174 0 0.15574 0.00157993
0 0.666452 0.998897 0.10867 0.00220661 0.00157956
0 0.960111 0.511826 0.0797787 0.190187 0.00157893
0 0 0.265108 0 0.156923 0.00157891
0 0.409077 0.935517 0.277435 0.128967 0.00157834
0 0.962676 0.612384 0.0746488 0.188855 0.00157444
0 0.962368 0.662485 0.0752645 0.188959 0.00157214
0 0.350084 0.257163 0.285299 0.214244 0.00157001
0 0.724496 0.20237 0.189247 0.256699 0.00156892
0 0.268474 0.93601 0.276326 0.127981 0.00156785
0 0.75213 0.110717 0.208527 0.213856 0.00156661
0 0.132038 0.212011 0.058032 0.0898106 0.00156266
0 0.0300385 0.163622 0.060077 0.185969 0.00156195
0 0.723013 0.254766 0.279396 0.264811 0.0015606
0 0 0.613259 0 0.154839 0.00155888
0 0.958288 0.462041 0.0834247 0.192751 0.00155871
0 1 0.159354 0 0.179684 0.00155696
0 0.820355 0.0843464 0.264324 0.168693 0.00155564
0 0.69545 0.204296 0.270052 0.258276 0.00155334
0 0.957547 0.812297 0.0849051 0.191962 0.00155057
0 0.175796 0.0680463 0.263471 0.136093 0.00154722
0 0 0.162477 0 0.158495 0.00154401
0 0 0.464932 0 0.156935 0.00154166
0 0.452467 0.180319 0.11513 0.0872099 0.0015412
0 0.742894 0.255084 0.216814 0.233073 0.00154094
0 0.174899 0.305022 0.273489 0.215002 0.00153884
0 0.376912 0.310865 0.331234 0.192512 0.0015382
0 0.957769 0.412472 0.0844611 0.193865 0.00153766
0 0.690672 0.154812 0.10362 0.11207 0.00153716
0 0.434012 0.180024 0.0771346 0.082888 0.0015361
0 0.961181 0.867833 0.0776385 0.202006 0.00153597
0 0 0.213975 0 0.158206 0.00153474
0 0.881904 0.933573 0.236191 0.132854 0.00153379
0 0.965182 0.998891 0.0696351 0.00221729 0.00153011
0 0.2417 0.0677628 0.264892 0.135526 0.00152603
0 0.0914364 0.933666 0.182873 0.132668 0.00152551
0 0.963504 0.162261 0.0729919 0.190815 0.00151805
0 0.695673 0.158882 0.25763 0.165259 0.00151737
0 0 0.563598 0 0.155138 0.00150981
0 0 0.93971 0 0.12058 0.00150783
0 0.117923 0.0685757 0.235846 0.137151 0.00150649
0 0.132098 0.120122 0.264196 0.187198 0.0015064
0 0.958096 0.36245 0.083808 0.194492 0.00150477
0 0.224647 0.163012 0.226749 0.193825 0.00150401
0 0.0766852 0.765257 0.15337 0.192235 0.00150158
0 0.770689 0.220327 0.256303 0.1995 0.0015007
0 0.314935 0.0671422 0.264191 0.134284 0.00149472
0 0.170478 0.249865 0.248322 0.233484 0.00149369
0 0.106591 0.765419 0.112624 0.0792517 0.00149351
0 0.103431 0.913299 0.206861 0.173402 0.00149142
0 0.0785168 0.714236 0.157034 0.189399 0.00149055
0 0.913278 0.764436 0.173444 0.190681 0.00149028
0 0.915583 0.614576 0.168834 0.185035 0.00148983
0 0.365357 0.21796 0.323865 0.180519 0.00148818
0 0.44764 0.307055 0.318125 0.200453 0.00148785
0 0.877402 0.614167 0.245196 0.187486 0.0014877
0 0.358134 0.159207 0.278736 0.176205 0.00148728
0 0.909027 0.0660131 0.181947 0.132026 0.00148705
0 0.582591 0.315806 0.328945 0.194609 0.00148678
0 0.225602 0.210066 0.216501 0.167702 0.0014865
0 0 0.514109 0 0.156089 0.00148647
0 0.957344 0.263278 0.0853113 0.193272 0.00148621
0 0.497812 0.314053 0.314786 0.198298 0.00148509
0 0.264749 0.126187 0.300119 0.201018 0.00148433
0 0.957566 0.312809 0.084867 0.194887 0.00148243
0 0.87695 0.565257 0.2461 0.185219 0.00147981
0 0.387677 0.0666497 0.266151 0.133299 0.00147847
0 0.834607 0.613036 0.300944 0.18908 0.00147845
0 0.504571 0.524736 0.13544 0.0823336 0.00147795
0 0.79242 0.270305 0.268183 0.187577 0.00147783
0 0.942572 0.0670004 0.114856 0.134001 0.00147635
0 0.914439 0.565138 0.171121 0.183403 0.00147519
0 0.837412 0.315407 0.311928 0.188343 0.00147368
0 0.364474 0.115412 0.31325 0.184048 0.00147267
0 0.158649 0.361837 0.317298 0.207024 0.00147252
0 0.745596 0.154718 0.219828 0.159036 0.00147196
0 0.875882 0.763958 0.248236 0.190914 0.00147045
0 0.564735 0.110377 0.323026 0.196305 0.00147018
0 0.914711 0.71497 0.170579 0.188536 0.00146779
0 0.780841 0.312316 0.308732 0.192458 0.00146577
0 0.127982 0.362792 0.255964 0.203958 0.00146566
0 0.0887536 0.112439 0.177507 0.186267 0.00146498
0 0.533203 0.174055 0.0418417 0.095525 0.00146449
0 0.915934 0.664813 0.168132 0.18507 0.00146441
0 0.833456 0.564253 0.298518 0.187683 0.00146312
0 0.13628 0.304098 0.27256 0.207683 0.00146276
0 0.958729 0.21286 0.0825421 0.193808 0.00146255
0 0.497823 0.366069 0.312909 0.199144 0.00146033
0 0.286385 0.369046 0.313725 0.204455 0.0014603
0 0.362068 0.367091 0.318426 0.203185 0.00145933
0 0.523254 0.998827 0.115137 0.00234585 0.00145914
0 0.0763895 0.613588 0.152779 0.188691 0.00145728
0 0.432576 0.366686 0.313629 0.199796 0.00145629
0 0.459246 0.0663946 0.266111 0.132789 0.0014562
0 0.0856948 0.365588 0.17139 0.197105 0.00145426
0 0.102548 0.0176438 0.133191 0.0352876 0.00145404
0 0.0776588 0.664033 0.155318 0.189582 0.0014537
0 0.207599 0.368342 0.310848 0.205033 0.00145229
0 0.980894 0.0675569 0.0382115 0.135114 0.00145131
0 0.462156 0.214409 0.128382 0.0207461 0.00144816
0 0.216785 0.514386 0.289622 0.185349 0.00144549
0 0.141238 0.913156 0.282477 0.173688 0.00144476
0 0.877658 0.664901 0.244684 0.187312 0.00144469
0 0.836425 0.663964 0.303858 0.188451 0.00144404
0 0.876329 0.715447 0.247341 0.189983 0.00144362
0 0.913303 0.867209 0.173394 0.193165 0.00144246
0 0.978316 0.110668 0.043367 0.191413 0.00144194
0 0.880466 0.265823 0.239069 0.191604 0.0014405
0 0.081734 0.817214 0.163468 0.18559 0.00144041
0 0.285012 0.51424 0.290838 0.186387 0.00143828
0 0.0758693 0.563964 0.151739 0.189604 0.00143816
0 0.772438 0.364679 0.307403 0.193025 0.00143791
0 0.529835 0.0662285 0.264316 0.132457 0.00143738
0 0.91446 0.514123 0.171081 0.185062 0.00143684
0 0.565526 0.365057 0.314233 0.19886 0.00143412
0 0.0858777 0.0688476 0.171755 0.137695 0.00143354
0 0.877358 0.514229 0.245283 0.185855 0.00143295
0 0.758682 0.910654 0.309864 0.178692 0.00143233
0 0.0803027 0.414459 0.160605 0.194204 0.0014321
0 0.91308 0.814281 0.173839 0.188342 0.00143184
0 0.833169 0.513486 0.296771 0.187095 0.00143043
0 0.207074 0.913362 0.300834 0.173276 0.00142974
0 0.828641 0.91029 0.309112 0.179421 0.00142923
0 0.835439 0.763099 0.306287 0.190348 0.0014285
0 0.149896 0.413527 0.299791 0.198539 0.00142771
0 0.872114 0.909968 0.255771 0.180063 0.00142746
0 0.0945751 0.213854 0.18915 0.191742 0.00142579
0 0.355935 0.513925 0.293265 0.188996 0.00142568
0 0.316199 0.998586 0.113189 0.00282869 0.00142476
0 0.834088 0.714983 0.304419 0.19039 0.0014237
0 0.87743 0.0647864 0.245139 0.129573 0.00142281
0 0.353797 0.761984 0.293395 0.18584 0.0014221
0 0.147953 0.51402 0.29376 0.18757 0.00142136
0 0.0910289 0.314116 0.182058 0.195853 0.00141911
0 0.219267 0.41457 0.301506 0.196698 0.00141781
0 0.840086 0.364495 0.306066 0.192872 0.00141753
0 0.688843 0.910801 0.308629 0.178398 0.00141483
0 0.76647 0.612801 0.300879 0.18861 0.0014131
0 0.093204 0.261089 0.186408 0.20209 0.00141305
0 0.833885 0.463417 0.298433 0.187786 0.00141267
0 0.285963 0.762146 0.290037 0.185239 0.00140887
0 0.0788159 0.465115 0.157632 0.191112 0.00140875
0 0.0764979 0.514535 0.152996 0.189435 0.00140821
0 0.913988 0.464246 0.172025 0.187301 0.00140735
0 0.423189 0.762117 0.300147 0.187217 0.00140613
0 0.765554 0.563577 0.298731 0.189041 0.00140595
0 0.817856 0.0643281 0.262855 0.128656 0.00140504
0 0.607499 0.0791834 0.280661 0.158367 0.00140458
0 0.877036 0.464097 0.245928 0.187716 0.00140405
0 0.621471 0.910902 0.307713 0.178196 0.00140245
0 0.874741 0.218414 0.250519 0.183612 0.00140088
0 0.702874 0.365015 0.310998 0.194445 0.00140076
0 0.11586 0.413569 0.231719 0.19772 0.00140041
0 0.732905 0.159694 0.185117 0.133253 0.910593
0 0.196147 0.200839 0.194364 0.132615 0.841367
0 0.47372 0.158911 0.166767 0.13423 0.692935
0 0.175405 0.280093 0.35081 0.423354 0.00245403
0 0.0825045 0.497235 0.165009 0.420778 0.00243774
0 0.169086 0.2204 0.338172 0.4408 0.00233264
0 0.113577 0.473947 0.227153 0.283977 0.00221895
0 0.106522 0.526278 0.213044 0.267499 0.0022034
0 0.13352 0.411169 0.26704 0.343732 0.0021967
0 0.0845441 0.598506 0.169088 0.429172 0.00215913
0 0.104282 0.395362 0.208564 0.480485 0.00214913
0 0.106031 0.728565 0.212063 0.273748 0.0021367
0 0.1021 0.574086 0.2042 0.264344 0.00212959
0 0.203284 0.29743 0.406568 0.503286 0.00206658
0 0.103205 0.676238 0.20641 0.261334 0.00204816
0 0.834575 0.362316 0.304992 0.194303 0.0020277
0 0.229327 0.212331 0.458654 0.424661 0.00200483
0 0.88957 0.426264 0.22086 0.190361 0.00200116
0 0.161469 0.364934 0.322939 0.263485 0.0020007
0 0.100583 0.625205 0.201166 0.261007 0.00198977
0 0.225499 0.288138 0.324604 0.213916 0.00197994
0 0.0887444 0.701477 0.177489 0.435795 0.00196302
0 0.106481 0.775844 0.212963 0.295905 0.00195402
0 0.331579 0.1686 0.663159 0.3372 0.00191143
0 0.781566 0.217419 0.257085 0.142981 0.00187301
0 0.830661 0.429526 0.311878 0.273561 0.00185454
0 0.179199 0.202388 0.240289 0.169315 0.00184986
0 0.794731 0.114074 0.288647 0.212003 0.0017671
0 0.0809073 0.794758 0.161815 0.410484 0.00174634
0 0.730947 0.25361 0.538105 0.197377 0.00174175
0 0.165153 0.146986 0.330306 0.293971 0.00173668
0 0.90231 0.37368 0.19538 0.172887 0.00171976
0 0.870634 0.0715807 0.258732 0.143161 0.00171096
0 0.892253 0.471488 0.215494 0.194294 0.00170937
0 0.153606 0.252539 0.307212 0.303606 0.00170188
0 0.372913 0.702373 0.131816 0.0973758 0.00169764
0 0.90793 0.069262 0.184139 0.138524 0.00169408
0 0.599748 0.0756895 0.358352 0.151379 0.00167954
0 0.921155 0.573613 0.15769 0.173289 0.00167536
0 0.101586 0.775395 0.203172 0.194855 0.00167263
0 0.136837 0.424793 0.273674 0.197761 0.00167039
0 0.977967 0.0836296 0.0440652 0.167259 0.00167022
0 0.79781 0.493254 0.37321 0.330953 0.001663
0 0.510801 0.0837185 0.428042 0.167437 0.00164409
0 0.979168 0.616941 0.041663 0.178571 0.00164202
0 0.821876 0.0723823 0.311906 0.144765 0.00164101
0 0.955622 0.107101 0.0887567 0.214203 0.00163865
0 0.944077 0.152634 0.111846 0.23295 0.00162715
0 0.980378 0.666824 0.0392436 0.180719 0.00162512
0 0.160631 0.293648 0.248329 0.2084 0.00162052
0 0.0992068 0.82649 0.198414 0.218683 0.00161569
0 0.93834 0.0691464 0.123319 0.138293 0.00161306
0 0 0.970766 0 0.0584682 0.00161303
0 0.458997 0.143675 0.262264 0.171792 0.00161135
0 0.939363 0.618899 0.121275 0.160116 0.00160784
0 0.752029 0.071968 0.308187 0.143936 0.00160142
0 0.236009 0.218754 0.10596 0.105729 0.0016003
0 0.981474 0.716549 0.0370524 0.180803 0.00158593
0 0.107449 0.874496 0.214899 0.251007 0.00157893
0 1 0.659768 0 0.193616 0.00157527
0 1 0.709788 0 0.194109 0.0015737
0 1 0.760253 0 0.19424 0.00156802
0 0.981256 0.766468 0.0374877 0.182603 0.00156649
0 1 0.812582 0 0.182352 0.00156247
0 0.175727 0.274912 0.307414 0.294291 0.0015607
0 0.766932 0.407237 0.285522 0.205228 0.00155966
0 0.767304 0.201929 0.253598 0.2142 0.00155827
0 0.778705 0.268982 0.252464 0.168058 0.001558
0 1 0.566825 0 0.173887 0.00155768
0 0.943969 0.204169 0.112062 0.239522 0.00155678
0 0.882281 0.273723 0.235439 0.16675 0.00155129
0 1 0.666481 0 0.177198 0.00155076
0 1 0.610314 0 0.192882 0.00154643
0 1 0.616762 0 0.176532 0.00154554
0 0.976482 0.568636 0.0470362 0.175555 0.00153719
0 1 0.716477 0 0.177426 0.00153694
0 0.944597 0.667996 0.110807 0.166458 0.00153434
0 0.951416 0.263706 0.0971684 0.215216 0.00153025
0 1 0.51658 0 0.171832 0.00152897
0 0 0.953341 0 0.0933178 0.00152486
0 0.925272 0.320604 0.149457 0.171531 0.00151732
0 0.129891 0.474698 0.259782 0.175775 0.00151379
0 1 0.560847 0 0.191506 0.00151236
0 1 0.766805 0 0.17855 0.00151061
0 0.2105 0.128793 0.421 0.257585 0.00150661
0 0.709772 0.104792 0.287577 0.196534 0.00150616
0 0.990617 0.893713 0.0187664 0.182606 0.00150572
0 0 0.767626 0 0.240661 0.00149655
0 0.364081 0.136747 0.728162 0.273493 0.00149427
0 0.923165 0.269524 0.15367 0.180724 0.00149217
0 0.958904 0.319773 0.0821914 0.188491 0.0014915
0 0.118865 0.931886 0.22339 0.136227 0.00148874
0 0.057454 0.334721 0.114908 0.452205 0.00148349
0 0.681991 0.0716505 0.320589 0.143301 0.00147809
0 1 0.511093 0 0.191233 0.00147802
0 1 0.818334 0 0.164496 0.00147429
0 0.83911 0.313698 0.286918 0.162053 0.00147336
0 0.81653 0.961425 0.221546 0.0771505 0.00147268
0 0 0.821245 0 0.209417 0.00147022
0 0.0814578 0.899049 0.162916 0.201901 0.00146968
0 0.91832 0.213376 0.163361 0.18706 0.00146702
0 0.8689 0.219524 0.25157 0.157247 0.00146578
0 0.0689109 0.851483 0.137822 0.297035 0.00146329
0 0.437404 0.11383 0.52839 0.22766 0.00146119
0 0 0.717007 0 0.235967 0.00145916
0 0.98857 0.818552 0.0228599 0.166106 0.00145193
0 0.946616 0.767072 0.106769 0.16808 0.00144693
0 0.0754522 0.240359 0.150904 0.480718 0.00144661
0 0.00554621 0.0959322 0.0110924 0.191864 0.00144658
0 0.126966 0.525109 0.253933 0.172218 0.00144296
0 1 0.467078 0 0.172232 0.00144166
0 0.946346 0.717146 0.107308 0.16741 0.00144047
0 1 0.0708156 0 0.141631 0.00143801
0 0 0.663281 0 0.205999 0.00143555
0 0.741151 0.114513 0.223235 0.229027 0.00143525
0 0.116721 0.7255 0.231061 0.178906 0.00143291
0 0.776221 0.364992 0.253549 0.17602 0.00143026
0 0.0360246 0.432309 0.0720493 0.386591 0.00142707
0 0.76144 0.961312 0.226717 0.0773767 0.00142578
0 0 0.463269 0 0.163231 0.00142468
0 1 0.461972 0 0.193726 0.0014236
0 0.108235 0.888067 0.21647 0.223866 0.00142174
0 0.307537 0.128095 0.615074 0.25619 0.00141818
0 0 0.414121 0 0.163057 0.00141521
0 0 0.510913 0 0.163878 0.00141427
0 0 0.61073 0 0.181538 0.00141419
0 1 0.891249 0 0.188145 0.00141293
0 0.0535092 0.931219 0.107018 0.137562 0.00141154
0 0.955063 0.374056 0.0898745 0.173044 0.00140581
0 0 0.0723912 0 0.144782 0.00140538
0 0.911229 0.0872354 0.177541 0.174471 0.00140348
0 0.872704 0.163485 0.25123 0.15666 0.00139827
0 0 0.559267 0 0.167225 0.00139538
0 0.857987 0.564343 0.273545 0.23896 0.00137927
0 0 0.364488 0 0.164191 0.00137915
0 0 0.89119 0 0.214458 0.00137567
0 0.252036 0.467441 0.252994 0.171104 0.00137395
0 1 0.925201 0 0.149599 0.00137231
0 0.53832 0.106617 0.38697 0.213234 0.0013719
0 0.752851 0.522359 0.290408 0.227458 0.00136901
0 0.89981 0.619357 0.20038 0.155861 0.00136609
0 0.698707 0.962388 0.230966 0.0752241 0.00136308
0 0.855754 0.962443 0.205008 0.075115 0.00136176
0 0.816016 0.262857 0.367968 0.276951 0.00135653
0 0.950629 0.424438 0.0987423 0.170199 0.00135649
0 0.917836 0.161706 0.164329 0.18546 0.00135362
0 1 0.41317 0 0.197841 0.00135194
0 0.263346 0.217128 0.174834 0.163071 0.00134936
0 1 0.418721 0 0.175658 0.00134931
0 0.762062 0.449979 0.284498 0.222089 0.00134771
0 0.704 0.164688 0.24164 0.158787 0.00134612
0 0.954884 0.818863 0.0902328 0.157808 0.00134094
0 0.188372 0.884297 0.207935 0.205681 0.00133436
0 0.925022 0.11572 0.149955 0.18404 0.00133381
0 0.896949 0.520501 0.206102 0.195386 0.00133206
0 0.703183 0.456014 0.243801 0.182483 0.00133184
0 0.185932 0.929975 0.187268 0.140051 0.00132338
0 0.473233 0.963865 0.229055 0.072271 0.00132324
0 0 0.315335 0 0.167949 0.00132222
0 0.766368 0.153069 0.250483 0.152126 0.00132199
0 0.174648 0.767846 0.180084 0.184209 0.00131927
0 0.201428 0.720503 0.227768 0.178617 0.00131747
0 0.171266 0.821 0.17407 0.187403 0.00131745
0 0.484789 0.937744 0.210368 0.124512 0.00131684
0 0.11293 0.911752 0.225861 0.176496 0.00131609
0 0.0337025 0.972905 0.0674049 0.054191 0.0013139
0 0.125554 0.574129 0.251107 0.170914 0.00131079
0 0.62115 0.964073 0.23766 0.0718548 0.00130569
0 0.961254 0.885134 0.0774924 0.167247 0.00130539
0 0.726157 0.204383 0.195486 0.251932 0.00129361
0 0.768864 0.310863 0.241738 0.157608 0.00129285
0 0.958786 0.47009 0.0824272 0.169373 0.00128607
0 0.747439 0.246439 0.217093 0.201454 0.00128279
0 0 0.160209 0 0.181248 0.00128034
0 0.999892 0.108603 0.000215032 0.217206 0.0012762
0 0 0.216698 0 0.18676 0.00127423
0 0.222064 0.293007 0.178011 0.20787 0.00127361
0 0.548831 0.934489 0.212236 0.131022 0.00127071
0 0.969756 0.518686 0.0604873 0.173562 0.00126988
0 0.84243 0.103149 0.29493 0.206299 0.00126874
0 0.631195 0.933173 0.220632 0.133653 0.00126801
0 0.529923 0.964444 0.229121 0.0711123 0.00126709
0 0.0794229 0.114336 0.158846 0.228671 0.00126566
0 0.182279 0.468379 0.255692 0.169702 0.00126557
0 1 0.369034 0 0.183214 0.00126553
0 0.102719 0.966591 0.205437 0.0668182 0.00126546
0 0.836827 0.51315 0.306044 0.282527 0.00126523
0 0.248898 0.415835 0.253975 0.183124 0.0012652
0 0 0.26795 0 0.176932 0.00126484
0 0 0.918612 0 0.162777 0.00126251
0 1 0.363569 0 0.204028 0.00125962
0 0.558507 0.416552 0.255032 0.168253 0.00125952
0 0.983077 0.153884 0.0338459 0.250866 0.00125862
0 0.188896 0.380225 0.28753 0.173158 0.0012574
0 0.276715 0.91538 0.218564 0.169239 0.00125698
0 0.330466 0.468363 0.249842 0.169978 0.00125422
0 0.241127 0.260547 0.202643 0.2398 0.00125209
0 0.632252 0.318284 0.248823 0.155301 0.00124982
0 0.700028 0.254595 0.256048 0.191913 0.00124977
0 0.635804 0.46361 0.243654 0.167662 0.00124582
0 0.125462 0.624235 0.249818 0.168477 0.00124533
0 0.706197 0.411024 0.256149 0.183401 0.00124506
0 0.356164 0.128987 0.461402 0.257973 0.00124489
0 0.762818 0.613013 0.233917 0.160003 0.00124297
0 0.249897 0.167937 0.316891 0.238254 0.00124279
0 0.12691 0.672466 0.237346 0.16684 0.00124139
0 0.492496 0.915689 0.225046 0.168623 0.00123828
0 0.312274 0.964156 0.224896 0.0716883 0.00123781
0 0.265134 0.930422 0.205852 0.139155 0.00123364
0 0.322479 0.417189 0.252043 0.176587 0.00123113
0 0.184168 0.41855 0.263419 0.181772 0.00123011
0 0.00440194 0.0845112 0.00880389 0.169022 0.00122986
0 1 0.31726 0 0.200555 0.00122914
0 0.350792 0.915114 0.22136 0.169772 0.0012286
0 0.265005 0.458436 0.43913 0.155958 0.0012274
0 0.220831 0.964345 0.210437 0.071311 0.00122719
0 0.019711 0.874282 0.0394221 0.251436 0.00122684
0 0.204287 0.66642 0.237288 0.168209 0.00122218
0 0 0.109779 0 0.162228 0.00122098
0 0.251397 0.519598 0.253552 0.167015 0.00122085
0 1 0.0699571 0 0.139914 0.00121787
0 0.536095 0.313752 0.243967 0.16173 0.00121694
0 0.882092 0.129829 0.235816 0.166148 0.00121585
0 0.475494 0.418232 0.244362 0.168354 0.0012142
0 0.834089 0.218219 0.331822 0.249944 0.00121336
0 0.055478 0.180362 0.110956 0.360725 0.00121148
0 0.396451 0.963893 0.217191 0.0722134 0.00121132
0 0.70775 0.311423 0.243391 0.164568 0.00121059
0 0.27606 0.883026 0.231016 0.19007 0.00121029
0 0.826814 0.614785 0.244017 0.154826 0.00120943
0 0.550691 0.3674 0.251185 0.165771 0.00120822
0 0.405263 0.350738 0.317779 0.120963 0.00120792
0 0.982526 0.20517 0.0349481 0.261222 0.00120579
0 0.561574 0.917338 0.229285 0.165325 0.0012052
0 0.991604 0.263302 0.0167915 0.227817 0.00120382
0 0.427755 0.356608 0.622747 0.198772 0.0012038
0 0.56236 0.466335 0.25262 0.164914 0.0012034
0 1 0.952417 0 0.0951652 0.00119994
0 0.0397834 0.530847 0.0795667 0.371262 0.0011992
0 0.914493 0.668327 0.171014 0.165253 0.0011941
0 0.424396 0.915427 0.22789 0.169146 0.00119371
0 0.398383 0.418416 0.245806 0.172163 0.00119369
0 0.859969 0.397664 0.280063 0.274792 0.00119279
0 0.636389 0.918506 0.232204 0.162989 0.00119013
0 0.469825 0.156669 0.211607 0.159992 0.00118913
0 0.62404 0.261246 0.235791 0.181859 0.00118854
0 0.338786 0.934965 0.20653 0.13007 0.00118778
0 0.854605 0.339698 0.290789 0.25319 0.00118704
0 0.603677 0.232914 0.190725 0.173662 0.00118644
0 0.00557168 0.907521 0.0111434 0.184957 0.00118628
0 0.417049 0.939392 0.213939 0.121216 0.00118612
0 1 0.31385 0 0.212616 0.00118455
0 0.925294 0.884218 0.149411 0.175023 0.00118351
0 0.630295 0.10083 0.32168 0.20166 0.00118333
0 0.632795 0.367829 0.248975 0.167708 0.00117993
0 0.703105 0.226 0.233183 0.21682 0.00117992
0 0.181559 0.520113 0.253958 0.166483 0.00117808
0 0.917191 0.717969 0.165618 0.165229 0.00117442
0 0.00230433 0.973581 0.00460866 0.0528384 0.00117341
0 0.754126 0.567901 0.261515 0.180777 0.00117137
0 0.63569 0.41491 0.249276 0.171583 0.00116974
0 0.632341 0.515214 0.246435 0.174328 0.00116815
0 0.704464 0.936185 0.225003 0.127631 0.00116692
0 0.448896 0.0653049 0.393026 0.0973366 0.00116538
0 0.471935 0.367671 0.242347 0.163526 0.00116094
0 0.999249 0.974196 0.0015016 0.0516071 0.0011591
0 0.328793 0.519852 0.252247 0.16777 0.00115521
0 0.557061 0.516606 0.254685 0.166272 0.00114518
0 0.833623 0.934921 0.218171 0.130159 0.00114421
0 0.282001 0.722349 0.233281 0.171487 0.00114402
0 0.695487 0.518287 0.244753 0.187193 0.00114291
0 0.966857 0.915084 0.066285 0.169833 0.00114101
0 0.294024 0.319154 0.209883 0.159784 0.00114012
0 0.206136 0.302842 0.246816 0.211296 0.00113472
0 0.0267725 0.137787 0.0535449 0.275575 0.00113335
0 0.918738 0.7671 0.162524 0.166172 0.00113303
0 0.611503 0.135566 0.261066 0.185814 0.0011327
0 0.260624 0.568003 0.246836 0.165001 0.0011321
0 0.493157 0.156597 0.139833 0.16063 0.00113161
0 0.189643 0.569067 0.247203 0.166038 0.00113119
0 0.198338 0.619414 0.243996 0.167858 0.00113067
0 0.707794 0.915727 0.232137 0.168545 0.00112952
0 1 0.263872 0 0.224815 0.00112348
0 0.271196 0.619601 0.241822 0.167318 0.00112079
0 0.706369 0.367003 0.246939 0.172259 0.00111858
0 0.770528 0.937285 0.220621 0.125429 0.00111853
0 0.890435 0.96517 0.16885 0.0696603 0.00111439
0 0.40984 0.259125 0.253491 0.198356 0.00111426
0 0.248325 0.380269 0.247523 0.162587 0.00111369
0 0.142047 0.964584 0.197684 0.0708328 0.00111351
0 1 0.977301 0 0.0453981 0.00111233
0 0.812446 0.547842 0.307517 0.258414 0.00111226
0 0.971391 0.933866 0.0572172 0.132268 0.00111055
0 0.407309 0.469217 0.24613 0.168253 0.00111028
0 0.693018 0.565018 0.240164 0.172718 0.00110945
0 0.777499 0.884996 0.236857 0.187341 0.00110888
0 0.694222 0.612739 0.235007 0.163439 0.00110737
0 0.924558 0.818814 0.150884 0.159676 0.00110725
0 0.827746 0.168112 0.344509 0.274649 0.00110724
0 0.21005 0.460242 0.376684 0.141189 0.00110649
0 0.729298 0.162785 0.174067 0.135032 0.960463
0 0.194071 0.203432 0.18562 0.132592 0.910138
0 0.475941 0.172631 0.157629 0.114405 0.900883
0 0.275896 0.205774 0.0282023 0.131496 0.00267347
0 0.0195852 0.955338 0.0391705 0.089323 0.00222309
0 0.1448 0.147931 0.2896 0.262646 0.00207717
0 0.0147906 0.579273 0.0295813 0.263661 0.00186403
0 0.832645 0.15844 0.334709 0.216545 0.00182792
0 0.0152854 0.5281 0.0305708 0.226101 0.00182346
0 0.0149224 0.628114 0.0298449 0.281751 0.00180693
0 0.970159 0.0915582 0.0596825 0.183116 0.00178115
0 0.521638 0.150332 0.669605 0.300665 0.00175238
0 0.455545 0.144067 0.243557 0.204368 0.00173408
0 0.118406 0.938054 0.236811 0.123891 0.00173126
0 0.905766 0.168773 0.188467 0.337546 0.00171321
0 0.0138779 0.724674 0.0277559 0.30682 0.00170476
0 0.648968 0.1228 0.451732 0.245599 0.00170007
0 0.60362 0.153123 0.79276 0.306245 0.00169747
0 0.571406 0.295815 0.360733 0.237968 0.00167264
0 0.196667 0.147406 0.393335 0.294813 0.00166804
0 0.940775 0.274716 0.118451 0.284961 0.00166214
0 0.978101 0.60967 0.043798 0.326399 0.00166
0 0.92882 0.227107 0.14236 0.295461 0.00161893
0 0.176119 0.20229 0.238965 0.148596 0.00160292
0 0.484535 0.305243 0.279856 0.182786 0.00158027
0 0.901979 0.310437 0.196042 0.365031 0.00156985
0 0.970526 0.928696 0.0589487 0.142607 0.00156387
0 0.269445 0.148087 0.53889 0.296174 0.00156371
0 0.956899 0.505623 0.0862018 0.3627 0.00154576
0 0.994824 0.0888981 0.0103518 0.177796 0.00153559
0 0.980757 0.814437 0.0384865 0.315641 0.00152777
0 0.883392 0.405416 0.233215 0.366929 0.00151627
0 0.0180225 0.472529 0.0360451 0.189129 0.00151531
0 0.979948 0.663685 0.0401049 0.316042 0.00150718
0 0.105127 0.967046 0.210254 0.0659081 0.00150534
0 0.980843 0.857976 0.0383137 0.284048 0.00149926
0 0.816726 0.141083 0.366548 0.282166 0.00149176
0 0.511788 0.368837 0.270163 0.171399 0.00148318
0 0.521129 0.135662 0.804088 0.271324 0.00148303
0 0.847697 0.0991277 0.304606 0.198255 0.00147373
0 0.65157 0.357162 0.38939 0.247973 0.00147344
0 0.576028 0.366252 0.309941 0.193094 0.00147316
0 0.907923 0.454863 0.184154 0.371372 0.00145951
0 0 0.62545 0 0.340254 0.00145901
0 0.0136788 0.82013 0.0273575 0.317515 0.00145799
0 0.143313 0.22008 0.286625 0.177371 0.00145479
0 0.686933 0.242117 0.358813 0.35312 0.00144628
0 0.998184 0.10684 0.00363126 0.213679 0.00144417
0 0.693454 0.28365 0.518343 0.352109 0.00142086
0 0.428495 0.173839 0.856991 0.347679 0.0014177
0 0.541921 0.242887 0.25837 0.269265 0.00139464
0 0.953319 0.511862 0.0933627 0.243857 0.00138173
0 0.783994 0.125085 0.432012 0.250169 0.00137819
0 0.354688 0.133021 0.709376 0.266043 0.00137473
0 0.19873 0.471861 0.39746 0.159674 0.00136518
0 0.968386 0.902236 0.0632285 0.195528 0.00135847
0 0.774582 0.124969 0.281474 0.20297 0.00135545
0 0.248022 0.962994 0.216704 0.0740114 0.00135052
0 0.0606336 0.0818512 0.121267 0.163702 0.00134552
0 0.745261 0.35265 0.444894 0.287721 0.00133871
0 0 0.06866 0 0.13732 0.00133228
0 0.0449563 0.171871 0.0899126 0.199012 0.00133025
0 0.264316 0.316142 0.256615 0.170896 0.00132941
0 0.116728 0.103862 0.22764 0.155536 0.00132682
0 0.925438 0.370924 0.149125 0.273179 0.00132592
0 0.184265 0.118827 0.36853 0.237654 0.00132465
0 0.023984 0.425303 0.047968 0.16949 0.00132239
0 0.458456 0.368897 0.259116 0.166995 0.00131466
0 0.112056 0.918704 0.224112 0.162593 0.00130893
0 0.788104 0.253378 0.331838 0.363296 0.00130749
0 0 0.533388 0 0.308824 0.00130656
0 0.314111 0.963612 0.2199 0.0727768 0.00129679
0 0.470912 0.964071 0.228206 0.071858 0.00129452
0 0.0426859 0.132585 0.0853717 0.217747 0.00129423
0 0.922763 0.20561 0.154475 0.380829 0.00128241
0 0.234253 0.154727 0.468506 0.309455 0.00127972
0 0.00439635 0.453922 0.0087927 0.189034 0.00127939
0 0.720974 0.289489 0.558052 0.428282 0.00127874
0 0 0.471187 0 0.255042 0.00127764
0 0.031094 0.374647 0.062188 0.160919 0.00127571
0 0.0167668 0.906727 0.0335336 0.186545 0.00127339
0 0.541974 0.963931 0.233966 0.072138 0.00126904
0 0.467552 0.423335 0.262525 0.16351 0.00126856
0 0.0992075 0.880975 0.198415 0.190487 0.00126759
0 0.773803 0.2005 0.271645 0.250447 0.00126376
0 0.225346 0.426788 0.281744 0.176509 0.0012595
0 0.619191 0.963565 0.227435 0.0728708 0.00125764
0 0.160437 0.29468 0.292026 0.228111 0.00125607
0 0.404025 0.313542 0.283997 0.161005 0.00125552
0 0.709307 0.167557 0.264709 0.167183 0.00125376
0 0.246668 0.213857 0.084314 0.118758 0.00125332
0 0.680149 0.963177 0.216757 0.0736469 0.00125085
0 0.389184 0.964038 0.216555 0.0719248 0.0012496
0 0.533316 0.423949 0.270296 0.164586 0.00124571
0 0.60178 0.42551 0.278814 0.166722 0.00124398
0 0 0.419666 0 0.202733 0.00123906
0 0 0.716365 0 0.363035 0.00123404
0 0.324293 0.425398 0.281268 0.17433 0.00123267
0 0.0874195 0.823204 0.174839 0.179108 0.00122536
0 0.206929 0.366351 0.296182 0.204946 0.00121909
0 0.0869766 0.772492 0.173953 0.175207 0.00121864
0 0.875922 0.411807 0.248156 0.212948 0.0012184
0 0.398266 0.424028 0.267765 0.168072 0.00121307
0 0.194614 0.96284 0.222713 0.0743204 0.00121164
0 0.0888659 0.42919 0.177732 0.159811 0.00121033
0 0.106203 0.374727 0.212407 0.160891 0.00120915
0 0.00200105 0.111571 0.0040021 0.223143 0.00120905
0 0.964109 0.562663 0.0717815 0.191225 0.00120697
0 0.234592 0.249335 0.227173 0.228173 0.00120681
0 0.927104 0.467705 0.145792 0.258014 0.00120666
0 0.310284 0.370814 0.292513 0.185153 0.00120157
0 0 0.367127 0 0.187633 0.0012001
0 0.484163 0.937975 0.220527 0.124049 0.00119955
0 0.410326 0.938764 0.219617 0.122472 0.00119803
0 0.0503066 0.225108 0.100613 0.170295 0.001198
0 0.673496 0.425489 0.29461 0.174853 0.0011977
0 0.333089 0.945293 0.219049 0.109415 0.00119231
0 0.389724 0.369931 0.273387 0.171914 0.00119195
0 0.730969 0.963742 0.202341 0.0725156 0.00118939
0 0 0.316842 0 0.184952 0.00118853
0 0.17228 0.250749 0.249018 0.224407 0.00118818
0 0.0911823 0.722902 0.182365 0.169635 0.00118673
0 0.918905 0.568824 0.16219 0.151581 0.00118405
0 0.0373085 0.323707 0.0746171 0.16041 0.00118347
0 0.00628414 0.809897 0.0125683 0.374807 0.00118325
0 0.785275 0.285734 0.429449 0.36127 0.00118256
0 0.96677 0.14754 0.0664607 0.29508 0.00118228
0 0.993435 0.966057 0.0131302 0.0678865 0.00117969
0 0.00521519 0.912814 0.0104304 0.174372 0.00117952
0 0.243215 0.477166 0.263403 0.164812 0.00117383
0 0.800697 0.964497 0.219651 0.0710054 0.00117326
0 0.947629 0.975119 0.104743 0.0497629 0.00116951
0 0.212808 0.162508 0.264664 0.24072 0.00116842
0 0.0328171 0.993192 0.0656343 0.0136161 0.0011666
0 0.967242 0.608278 0.0655158 0.189674 0.00115975
0 0.907075 0.967525 0.18585 0.06495 0.00115788
0 0.399015 0.24706 0.233388 0.195534 0.00115765
0 0.133887 0.310142 0.267774 0.182866 0.00115758
0 0.522076 0.23618 0.2922 0.179451 0.00115587
0 0.441622 0.245631 0.254725 0.17058 0.00115415
0 0.812236 0.368894 0.375529 0.26484 0.00114888
0 0.862761 0.467243 0.274477 0.20831 0.00114801
0 0.095015 0.67429 0.19003 0.164817 0.00114715
0 0 0.267935 0 0.196288 0.0011444
0 0.174897 0.474694 0.241957 0.161193 0.00114202
0 0.967849 0.658471 0.0643023 0.185862 0.00114062
0 0.332461 0.476983 0.266284 0.165992 0.00114022
0 0.556496 0.93815 0.225231 0.123701 0.00113713
0 0.870509 0.96475 0.23059 0.0705004 0.00113532
0 0.160274 0.428457 0.24777 0.162695 0.00113331
0 0.00643404 0.666918 0.0128681 0.341973 0.00113311
0 0.630624 0.936479 0.222958 0.127043 0.00113195
0 0.616476 0.0906037 0.667873 0.181207 0.00113148
0 0.0913602 0.47535 0.18272 0.161716 0.00112894
0 0.870282 0.386603 0.259436 0.212511 0.00112689
0 0.1672 0.362677 0.286602 0.185064 0.0011264
0 0.761532 0.42575 0.288711 0.17207 0.00112624
0 0.164445 0.924291 0.174251 0.135458 0.00112611
0 0.265207 0.948919 0.216382 0.102162 0.0011249
0 0.404424 0.475181 0.261582 0.165581 0.00111627
0 0.490704 0.919251 0.235312 0.161498 0.00111533
0 0.930184 0.665002 0.139631 0.158921 0.00111234
0 0.420341 0.9192 0.235242 0.161599 0.00111156
0 0.968847 0.759498 0.0623068 0.187665 0.00111145
0 0.00237202 0.207399 0.00474404 0.188231 0.00110828
0 0.930258 0.715629 0.139484 0.159761 0.00110689
0 0.563668 0.919671 0.239222 0.160658 0.00110614
0 0.930241 0.766423 0.139517 0.15927 0.00110614
0 0.929662 0.614852 0.140677 0.158989 0.00110172
0 0.475592 0.473468 0.260257 0.164367 0.0010976
0 0.635715 0.918591 0.235208 0.162819 0.00109573
0 0.986135 0.902149 0.0277309 0.195702 0.00109388
0 0.968142 0.86767 0.0637155 0.19115 0.00109368
0 0.210535 0.917531 0.227369 0.163876 0.00109289
0 0.96856 0.70984 0.0628796 0.186359 0.00109282
0 0.00276092 0.151665 0.00552184 0.208874 0.00109277
0 0.00319041 0.952389 0.00638082 0.0952213 0.00109272
0 0.00311013 0.865092 0.00622025 0.269815 0.00109189
0 0.83765 0.918569 0.233589 0.162861 0.00109014
0 0.727049 0.206558 0.208551 0.263481 0.00108954
0 0.694611 0.934952 0.215484 0.130096 0.00108918
0 0.347721 0.919012 0.232437 0.161407 0.00108629
0 0.0938597 0.625531 0.187719 0.161588 0.00108453
0 0.337705 0.523525 0.253638 0.160217 0.00108356
0 0.931531 0.815652 0.136939 0.15828 0.0010797
0 0.834669 0.218267 0.330663 0.231521 0.00107577
0 0.894418 0.916802 0.211164 0.166395 0.00107422
0 0.702078 0.916754 0.231052 0.166493 0.00107315
0 0.255995 0.523237 0.249666 0.158997 0.0010722
0 0.931727 0.869099 0.136546 0.161855 0.00106869
0 0.547679 0.472131 0.262415 0.164774 0.00106687
0 0.974621 0.120737 0.0507571 0.241473 0.00106678
0 0.879324 0.565386 0.241352 0.160897 0.00106634
0 0.96974 0.807603 0.0605209 0.18298 0.00106475
0 0.618582 0.149358 0.310012 0.191181 0.00106411
0 0.468154 0.252768 0.202688 0.214704 0.00106128
0 0.780324 0.221123 0.183949 0.14333 0.00105919
0 0.205559 0.943647 0.216877 0.112707 0.00105906
0 0.83619 0.468633 0.276301 0.175838 0.0010589
0 0.277398 0.916975 0.22985 0.163715 0.00105808
0 0.408853 0.522432 0.253899 0.160402 0.00105758
0 0.827533 0.566956 0.272395 0.158864 0.00105737
0 0.769572 0.917556 0.233322 0.164887 0.00105381
0 0.893345 0.31977 0.21331 0.232653 0.00105244
0 0.928658 0.260283 0.142683 0.373305 0.00105117
0 0.889384 0.613887 0.221233 0.164192 0.00104717
0 0.88991 0.663854 0.220181 0.164042 0.00104222
0 0.0381833 0.269959 0.0763665 0.174208 0.00104207
0 0.0928302 0.525036 0.18566 0.158196 0.0010395
0 0.8933 0.511054 0.2134 0.217237 0.0010392
0 0.00662053 0.983821 0.0132411 0.0323584 0.00103737
0 0.760012 0.566835 0.263519 0.162372 0.00103649
0 0.889302 0.714499 0.221396 0.165547 0.00103457
0 0.756998 0.934279 0.209866 0.131442 0.00103365
0 0.412101 0.616686 0.248098 0.160304 0.00103245
0 0.23843 0.210095 0.2198 0.1549 0.00103066
0 0.762099 0.615346 0.255167 0.160952 0.00102716
0 0.480713 0.616749 0.25104 0.161038 0.00102643
0 0.918383 0.35993 0.163234 0.370837 0.00102617
0 0.26495 0.569089 0.246948 0.159782 0.00102457
0 0.692485 0.615644 0.257704 0.161684 0.0010245
0 0.340057 0.569237 0.249515 0.160807 0.00102258
0 0.185527 0.521255 0.240202 0.158235 0.00102153
0 0.82718 0.933802 0.214944 0.132396 0.00102001
0 0.343123 0.616781 0.248096 0.160226 0.00101976
0 0.00885117 0.0939328 0.0177023 0.187866 0.00101795
0 0.27047 0.616825 0.243719 0.159899 0.00101795
0 0.767697 0.470238 0.264586 0.163013 0.00101724
0 0.837439 0.41939 0.283712 0.185143 0.00101572
0 0.889247 0.765459 0.221505 0.164137 0.00101434
0 0.618567 0.471486 0.261566 0.163808 0.00101274
0 0.479707 0.521129 0.255715 0.16048 0.00100753
0 0.484301 0.816701 0.249026 0.160981 0.00100531
0 0.891506 0.814825 0.216988 0.163641 0.00100464
0 0.831838 0.615488 0.253413 0.160763 0.00100454
0 0.409637 0.56886 0.249438 0.161378 0.00100403
0 0.41352 0.764005 0.241082 0.16554 0.00100193
0 0.478964 0.568417 0.25046 0.161862 0.00100063
0 0.622397 0.616255 0.259078 0.162321 0.0010006
0 0.732578 0.164068 0.178725 0.131318 0.958409
0 0.194389 0.201735 0.18684 0.131459 0.952806
0 0.477003 0.172686 0.157162 0.111071 0.935678
0 0.0438206 0.125578 0.0876412 0.251157 0.540341
0 0.999481 0.113503 0.00103773 0.227006 0.404963
0 0.998375 0.887388 0.00325083 0.225224 0.144754
0 0.861056 0.883366 0.277888 0.231848 0.128628
0 0.88994 0.120847 0.220121 0.241694 0.0774647
0 0.0311811 0.887153 0.0623622 0.225694 0.0364552
0 0.0377672 0.0887885 0.0755344 0.177577 0.0283272
0 0.998594 0.162991 0.00281191 0.276637 0.0280866
0 0.0454731 0.164427 0.0909462 0.28457 0.0140729
0 0.997222 0.217114 0.00555661 0.282662 0.0122554
0 0.997226 0.442084 0.00554857 0.282309 0.0118365
0 0.997225 0.491976 0.00555031 0.282331 0.0117249
0 0.997243 0.26718 0.00551329 0.282396 0.0116493
0 0.997232 0.39214 0.00553636 0.282223 0.011587
0 0.997251 0.342194 0.00549853 0.282373 0.011443
0 0.997209 0.542044 0.0055821 0.282516 0.0109678
0 0.867819 0.0963483 0.264361 0.190018 0.0104464
0 0.997214 0.591953 0.00557097 0.282448 0.0104221
0 0.997262 0.792152 0.00547573 0.282244 0.0102242
0 0.997236 0.742116 0.00552804 0.282126 0.0101772
0 0.99723 0.843238 0.00553904 0.283817 0.0100341
0 0.997243 0.692232 0.00551355 0.282047 0.0100028
0 0.997231 0.642 0.00553757 0.282426 0.00958683
0 0.858802 0.825538 0.282397 0.268963 0.00791855
0 0.999298 0.0702026 0.00140394 0.140405 0.0077509
0 0.843949 0.295471 0.312102 0.26559 0.00763568
0 0.0259322 0.763923 0.0518645 0.276183 0.00681751
0 0.0264769 0.814159 0.0529538 0.276901 0.00631653
0 0.0401941 0.563869 0.0803882 0.275665 0.00589619
0 0.453723 0.951747 0.140801 0.0896276 0.00572357
0 0.0268514 0.713911 0.0537029 0.275994 0.00539841
0 0.848428 0.396132 0.303145 0.236454 0.00495962
0 0.280193 0.956513 0.227229 0.0851097 0.00487863
0 0.701318 0.416114 0.305237 0.174087 0.00436312
0 0.959044 0.955272 0.0819117 0.0869148 0.00370815
0 0.0455447 0.21297 0.0910894 0.277202 0.00333537
0 0.0359924 0.613022 0.0719849 0.275904 0.00326504
0 0.529906 0.109874 0.281039 0.219414 0.00320347
0 0.0439098 0.388042 0.0878195 0.276024 0.003188
0 0.0596528 0.863375 0.119306 0.273249 0.00302887
0 0.0406883 0.513724 0.0813765 0.275887 0.00295068
0 0.995569 0.867048 0.00886123 0.265903 0.0029212
0 0.0298947 0.663317 0.0597894 0.276213 0.00279315
0 1 0.144875 0 0.27848 0.00266543
0 0.656896 0.918104 0.217768 0.151227 0.00243574
0 0.0437625 0.438083 0.0875251 0.275881 0.0023472
0 0.892529 0.225217 0.214941 0.263172 0.00230198
0 0.844268 0.352043 0.30017 0.330526 0.00222503
0 0.996349 0.809693 0.00730222 0.355535 0.00220993
0 0.865392 0.257062 0.269216 0.255656 0.00218246
0 0.0149854 0.0679712 0.0299707 0.135942 0.0021643
0 0.141649 0.27123 0.283298 0.241622 0.00212796
0 0.0419727 0.338053 0.0839453 0.27626 0.00212735
0 0.0745806 0.836936 0.149161 0.326128 0.00212261
0 0.652635 0.416815 0.270982 0.16778 0.00211945
0 0.996297 0.302221 0.00740645 0.346022 0.002112
0 0.848637 0.203718 0.289946 0.289575 0.0020626
0 1 0.902411 0 0.195178 0.00205878
0 0.99641 0.401041 0.00718015 0.337087 0.0020406
0 0.996509 0.65097 0.00698175 0.337345 0.00203093
0 0.996486 0.550859 0.00702857 0.33769 0.00201145
0 0.0244668 0.963766 0.0489336 0.072467 0.00199199
0 0.817691 0.116846 0.354891 0.233692 0.00197597
0 1 0.951187 0 0.0976267 0.00195697
0 0.475126 0.946693 0.195764 0.0986217 0.00187419
0 0.995724 0.198454 0.00855109 0.350737 0.0018567
0 1 0.97605 0 0.0478998 0.00184342
0 0.828828 0.239441 0.331323 0.300483 0.00177278
0 0.419207 0.695682 0.329078 0.269721 0.00176478
0 0.342259 0.881892 0.312045 0.210711 0.00175783
0 0.392087 0.599019 0.458711 0.309756 0.00174573
0 0.0747039 0.774402 0.149408 0.405366 0.00174212
0 0.990051 0.155001 0.0198987 0.310001 0.00174056
0 0.841817 0.418777 0.307443 0.376511 0.0017285
0 0.0366551 0.287522 0.0733102 0.275493 0.0017223
0 0.43726 0.744906 0.328033 0.227784 0.00171425
0 0.932045 0.761713 0.135909 0.376681 0.00169929
0 0.335315 0.720647 0.300264 0.174287 0.00168401
0 0.0401267 0.955594 0.0802535 0.0888124 0.0016816
0 0.446198 0.814089 0.314117 0.201133 0.0016752
0 0.925839 0.661146 0.148322 0.376248 0.00164525
0 0.332805 0.825956 0.332303 0.205095 0.00164002
0 0.600152 0.415017 0.334808 0.174524 0.00163965
0 0.795607 0.201262 0.374066 0.30023 0.00163843
0 0.309999 0.607979 0.538622 0.312346 0.00163179
0 0.928299 0.560569 0.143402 0.371948 0.00161623
0 0.353128 0.197784 0.688602 0.395567 0.00161621
0 0.336152 0.770006 0.304722 0.178886 0.00161019
0 0.0975736 0.952897 0.191509 0.0915794 0.00160025
0 0.857579 0.695376 0.284842 0.444013 0.00159068
0 0.325934 0.672658 0.334706 0.183552 0.00158815
0 0.343941 0.253106 0.45846 0.253509 0.00158284
0 0.93941 0.460711 0.12118 0.362305 0.00158052
0 0.730745 0.920944 0.278569 0.150443 0.00157507
0 0.996743 0.0789129 0.00651386 0.157826 0.00157186
0 0.503666 0.602432 0.637337 0.473242 0.0015611
0 0.122525 0.764018 0.229368 0.151608 0.00155698
0 0.624 0.814388 0.504571 0.371223 0.00155587
0 0.859985 0.600048 0.280029 0.433953 0.00154522
0 0.723777 0.957341 0.276746 0.0853172 0.00153079
0 0.39937 0.764027 0.269657 0.161793 0.00152957
0 0.830316 0.481599 0.339367 0.416134 0.00150402
0 0.872823 0.800967 0.254353 0.398067 0.00150204
0 0.70942 0.769849 0.257378 0.158707 0.00150113
0 0.348692 0.126465 0.227476 0.235957 0.001492
0 0.963848 0.361194 0.0723041 0.343957 0.00148402
0 0.36258 0.926957 0.244284 0.146085 0.00148026
0 0.0081581 0.911793 0.0163162 0.176415 0.00147957
0 0.387464 0.712857 0.282696 0.172263 0.00147263
0 0.375091 0.664665 0.309507 0.182317 0.00146311
0 0.0820264 0.425468 0.164053 0.411796 0.0014499
0 0.493164 0.852982 0.295448 0.276635 0.00143029
0 0.53795 0.801621 0.46744 0.346887 0.00142924
0 0.591965 0.868459 0.382171 0.263082 0.00142368
0 0.442214 0.650482 0.418561 0.314109 0.00142248
0 0.851249 0.563692 0.297502 0.256324 0.00141871
0 0.885336 0.846431 0.229328 0.307138 0.00141803
0 0.646833 0.958338 0.259337 0.0833246 0.00141584
0 0.588786 0.673553 0.743164 0.524212 0.00141477
0 0.357308 0.962737 0.237263 0.074526 0.00140582
0 0.161787 0.181305 0.323573 0.362609 0.00140551
0 0.489323 0.960079 0.212811 0.0783697 0.00140476
0 0.500995 0.931388 0.245468 0.131821 0.00140032
0 0.409837 0.821025 0.272794 0.165436 0.001394
0 0.832031 0.11702 0.335939 0.23404 0.00138748
0 0.531745 0.418829 0.259286 0.182281 0.00138684
0 0.878806 0.961811 0.242388 0.0763782 0.00138154
0 0.0499691 0.968353 0.0999383 0.0632938 0.0013754
0 0.862589 0.50645 0.274822 0.41072 0.00137525
0 0.290866 0.958304 0.165118 0.0828083 0.00136228
0 0.831567 0.953088 0.31821 0.093825 0.00134852
0 0.491505 0.565974 0.832207 0.575777 0.00134657
0 0.256928 0.86841 0.37435 0.26318 0.00134469
0 0.644356 0.782831 0.698529 0.434338 0.00134262
0 0.0740988 0.212017 0.148198 0.391249 0.00133883
0 0.0801715 0.321567 0.160343 0.401327 0.00132911
0 0.977862 0.258865 0.0442769 0.342982 0.00132855
0 0.353706 0.145976 0.178021 0.232179 0.00132831
0 0.35201 0.18522 0.153993 0.145404 0.00132175
0 0.079323 0.67669 0.158646 0.417385 0.00132073
0 0.0299142 0.977276 0.0598285 0.0454477 0.00131965
0 0.764737 0.12172 0.470526 0.243441 0.00131764
0 0.8067 0.524896 0.3866 0.457643 0.00131599
0 0.58133 0.753777 0.614877 0.429522 0.00130305
0 0.0839572 0.528703 0.167914 0.421692 0.00130133
0 0.576443 0.960288 0.252625 0.0794244 0.00129293
0 0.864419 0.769268 0.271163 0.205811 0.00128569
0 0.829616 0.0936023 0.340768 0.187205 0.00128544
0 0.640039 0.893363 0.263781 0.187988 0.00127886
0 0.00281993 0.048565 0.00563987 0.09713 0.00127748
0 0.957248 0.850632 0.0855048 0.298736 0.00127588
0 0.98899 0.956288 0.0220204 0.0874243 0.00126983
0 0.25487 0.817516 0.509739 0.364967 0.00126382
0 0.827074 0.807505 0.345853 0.38499 0.00125923
0 0.0510422 0.099388 0.102084 0.198776 0.00125565
0 0.218132 0.245743 0.143917 0.193693 0.00125489
0 0.792759 0.57206 0.414483 0.478246 0.00125192
0 0.867101 0.723816 0.265797 0.256666 0.00124936
0 0.995664 0.941644 0.00867289 0.116711 0.0012405
0 0.290638 0.176945 0.497186 0.353889 0.0012396
0 0.53353 0.906533 0.24561 0.172837 0.00123773
0 0 0.89353 0 0.21294 0.0012371
0 0.458393 0.875112 0.271174 0.207368 0.00123604
0 0.904498 0.177566 0.191005 0.239031 0.00123303
0 0.158035 0.244671 0.31607 0.255329 0.00123169
0 0.108104 0.965971 0.216209 0.0680586 0.00122397
0 0.229474 0.713084 0.458949 0.33488 0.00122029
0 0.263325 0.962024 0.281622 0.0759514 0.00121106
0 0.418547 0.882713 0.258855 0.185157 0.00120912
0 0.239881 0.659456 0.479762 0.353762 0.00118532
0 0.793282 0.669369 0.413437 0.476366 0.0011843
0 0.274685 0.962057 0.249165 0.0758867 0.0011799
0 0.951924 0.0846004 0.0961522 0.169201 0.00117635
0 0.345825 0.242684 0.337078 0.266992 0.00117438
0 0.847006 0.932516 0.2973 0.134967 0.00116886
0 0.538822 0.235135 0.530632 0.435658 0.00116602
0 0.497649 0.960588 0.211367 0.0788244 0.00116478
0 0.599029 0.309371 0.385556 0.219914 0.00116079
0 0.632713 0.172641 0.507879 0.345282 0.00116005
0 0.131869 0.0975735 0.259916 0.194266 0.00115894
0 0.537335 0.962348 0.307753 0.0753046 0.00115842
0 0.421046 0.960376 0.232911 0.0792486 0.00115599
0 0.924627 0.870249 0.150746 0.259502 0.0011526
0 0.304038 0.596357 0.608076 0.472226 0.00113906
0 0.952481 0.923913 0.0950382 0.152175 0.00113867
0 0 0.825624 0 0.180619 0.00113502
0 0.436594 0.95585 0.10611 0.0803432 0.00112962
0 0.320374 0.275694 0.325497 0.225747 0.00111896
0 0.814344 0.768529 0.371311 0.4436 0.00111367
0 0.335557 0.216609 0.185208 0.175843 0.00111203
0 0.399409 0.51371 0.798817 0.616539 0.0011084
0 0.667859 0.25932 0.484953 0.236921 0.00110635
0 0.960114 0.127971 0.0797728 0.255941 0.00110276
0 0.445999 0.200548 0.811896 0.401095 0.00110264
0 0.979797 0.979754 0.0404066 0.0404917 0.00110173
0 1 0.116126 0 0.232252 0.00109404
0 0.630831 0.178517 0.738338 0.357033 0.00109197
0 0.995398 0.0999562 0.00920303 0.199912 0.00109053
0 0.896004 0.166077 0.207991 0.146674 0.00109009
0 1 0.195065 0 0.278602 0.00107884
0 0.138655 0.585949 0.27731 0.431952 0.00107306
0 0.427573 0.922648 0.229387 0.148305 0.00107193
0 0.259543 0.794047 0.519086 0.411906 0.0010706
0 0 0.207725 0 0.187993 0.0010704
0 0 0.933266 0 0.133468 0.0010688
0 0.193309 0.166646 0.386617 0.333292 0.00106625
0 0 0.679166 0 0.193483 0.00106522
0 0 0.62947 0 0.196831 0.00106301
0 0.609693 0.173435 0.148305 0.139624 0.00106161
0 0.237936 0.629256 0.475872 0.505335 0.00106151
0 0.598366 0.961472 0.326167 0.0770569 0.00105336
0 0.116269 0.277547 0.232537 0.383357 0.00105305
0 0 0.728607 0 0.191304 0.00105237
0 0.306284 0.176729 0.612568 0.353457 0.0010508
0 0 0.579819 0 0.20765 0.00104499
0 0 0.775373 0 0.184199 0.00104389
0 0.487063 0.196249 0.628071 0.392498 0.00104375
0 0.201956 0.824075 0.403912 0.35185 0.00104296
0 0 0.143045 0 0.180762 0.00104143
0 0.619646 0.737169 0.760709 0.525662 0.00103918
0 0.412502 0.251341 0.340685 0.295701 0.00103744
0 0.396683 0.118985 0.272122 0.234027 0.00103619
0 0.00952529 0.899714 0.0190506 0.200572 0.00103357
0 0.555898 0.76389 0.21208 0.145883 0.00103189
0 0.233795 0.496102 0.23468 0.0976848 0.00103126
0 0 0.532339 0 0.223793 0.00102117
0 0.109096 0.813632 0.218192 0.372737 0.00101895
0 0.631771 0.61099 0.736458 0.568814 0.00101738
0 0.233967 0.254165 0.363367 0.250344 0.00101416
0 0.532443 0.504057 0.311412 0.177665 0.00101179
0 0.473719 0.962243 0.216349 0.0755142 0.00101047
0 0 0.273577 0 0.216261 0.00100928
0 0.595021 0.523449 0.809959 0.54746 0.00100665
0 0.877158 0.413019 0.245683 0.357258 0.00100271
0 0.21157 0.772928 0.423139 0.454144 0.00100138
0 0.195051 0.201471 0.188112 0.132081 0.925909
0 0.730069 0.16138 0.179006 0.129783 0.88457
0 0.476816 0.170866 0.158769 0.108795 0.721218
0 0.165234 0.588493 0.115223 0.12523 0.0131342
0 0.998552 0.10051 0.00289535 0.201021 0.0126131
0 0.166177 0.590509 0.110658 0.0729679 0.0122562
0 0.177426 0.674061 0.138366 0.0867269 0.00505329
0 0.848012 0.0642735 0.303975 0.128547 0.00271985
0 0.996024 0.870576 0.00795228 0.258848 0.00179545
0 0.0163589 0.0989659 0.0327178 0.197932 0.00169833
0 0.494248 0.565506 0.443574 0.312794 0.00153788
0 0.141724 0.0773192 0.283448 0.154638 0.00151478
0 1 0.980471 0 0.0390577 0.00143788
0 0.997847 0.752252 0.00430573 0.34575 0.00143745
0 0.99664 0.813202 0.00671923 0.339682 0.0014209
0 0.584452 0.569612 0.516907 0.370816 0.00140889
0 0.178092 0.630495 0.137505 0.163352 0.00138209
0 0.713484 0.50421 0.470339 0.298823 0.00137535
0 0.838276 0.264854 0.323448 0.259916 0.00136697
0 0.291313 0.610598 0.417781 0.327237 0.00135717
0 0.420423 0.558421 0.382478 0.253138 0.00135632
0 0.860362 0.8323 0.273395 0.154667 0.00132541
0 0.996978 0.894877 0.00604396 0.210246 0.00131116
0 1 0.969959 0 0.0600812 0.00129803
0 0.99671 0.654275 0.00657932 0.319911 0.00128974
0 0.99248 0.443878 0.0150401 0.204519 0.00128254
0 0.998955 0.552183 0.00209062 0.333215 0.00126705
0 0.68278 0.573138 0.608072 0.422703 0.00126313
0 0.990703 0.492269 0.0185949 0.23017 0.00125712
0 0.999417 0.49768 0.00116651 0.317086 0.00125671
0 0.752891 0.516061 0.494218 0.433695 0.0012351
0 0.149264 0.207557 0.298528 0.415115 0.00122751
0 0.962215 0.289092 0.0755696 0.193693 0.00122728
0 1 0.441931 0 0.297187 0.00122245
0 0.395513 0.621763 0.591663 0.413962 0.00121738
0 0.993264 0.392524 0.0134719 0.186504 0.00120404
0 0.960573 0.0696081 0.0788549 0.139216 0.00119806
0 0.900181 0.0660489 0.199638 0.132098 0.00119418
0 0.927776 0.462593 0.144448 0.342494 0.00118949
0 0.963276 0.245627 0.0734477 0.18032 0.00118514
0 0.0516105 0.283985 0.103221 0.346425 0.00118267
0 0.777367 0.104846 0.299793 0.209692 0.00118082
0 0.160871 0.287118 0.321742 0.402409 0.00117886
0 0.962503 0.33537 0.0749944 0.196503 0.00117566
0 1 0.392104 0 0.289838 0.00117174
0 0.211948 0.610668 0.260505 0.197019 0.0011592
0 0.993461 0.339487 0.0130774 0.187431 0.00115146
0 0.766565 0.135423 0.287284 0.17672 0.00114751
0 0.993731 0.177497 0.012537 0.209793 0.00114075
0 0.960848 0.387953 0.0783034 0.216846 0.0011348
0 0.954403 0.427808 0.091194 0.264417 0.0011315
0 0.74201 0.0734594 0.322727 0.146919 0.00113085
0 0.64267 0.503226 0.384294 0.221092 0.00113022
0 0.993586 0.244256 0.012827 0.195317 0.00112785
0 0.368761 0.552685 0.345337 0.208327 0.00112004
0 0.520994 0.922277 0.544557 0.155446 0.00111681
0 0.963663 0.184661 0.072674 0.187884 0.00111516
0 0.993346 0.293167 0.0133073 0.194259 0.00111477
0 0.997844 0.134213 0.00431136 0.268427 0.00110907
0 1 0.28553 0 0.284922 0.0011077
0 0.99501 0.135138 0.00998066 0.191996 0.00110667
0 1 0.3368 0 0.283896 0.00110558
0 0.984596 0.547472 0.0308087 0.260149 0.00110161
0 0.808262 0.442361 0.383476 0.379778 0.00109592
0 0.999493 0.185012 0.00101493 0.292083 0.00109088
0 0.86258 0.616682 0.273349 0.189483 0.00109043
0 0.377158 0.923231 0.534317 0.153537 0.00108061
0 0.169039 0.190453 0.338079 0.380907 0.0010592
0 0.710033 0.57511 0.579934 0.47993 0.00105671
0 0.966924 0.150398 0.0661523 0.170219 0.00105136
0 0.653179 0.938307 0.501455 0.123386 0.00103222
0 0.0312268 0.821365 0.0624536 0.22886 0.00103013
0 0.875206 0.495088 0.249588 0.418273 0.00102194
0 0.183388 0.197001 0.226587 0.162032 0.00101888
0 0.484473 0.627219 0.696972 0.456772 0.00101789
0 0.972813 0.584571 0.0543733 0.301847 0.00100982
0 0.863729 0.26601 0.266933 0.225137 0.00100686
0 0.996933 0.249288 0.0061333 0.274189 0.00100379
0 0 0.976619 0 0.0467617 0.00100378
0 0.94115 0.664724 0.117699 0.35172 0.00100091
0 0.782976 0.44392 0.415368 0.263237 0.00100024
0 0.195069 0.201103 0.186685 0.134064 0.896754
0 0.731424 0.161627 0.181449 0.131458 0.875581
0 0.477383 0.172036 0.160923 0.115484 0.843302
0 0.619282 0.887824 0.124834 0.0599545 0.00928782
0 0.452937 0.949484 0.135256 0.101031 0.00740191
0 0.116744 0.132711 0.129718 0.0504981 0.00690852
0 0.239426 0.960721 0.117849 0.0785579 0.00638621
0 0.666769 0.852765 0.113868 0.0424316 0.00545217
0 1 0.0940485 0 0.188097 0.00468254
0 0.636924 0.879717 0.14551 0.0453228 0.00452289
0 0.897552 1 0.204895 0 0.00257399
0 0.998897 0.917614 0.00220505 0.164772 0.00248596
0 1 0.966071 0 0.0678572 0.00220311
0 0.0971758 0.131942 0.148427 0.0556235 0.00217689
0 0.641879 0.871918 0.149708 0.0549149 0.00193557
0 0.651619 0.853551 0.127565 0.0523346 0.00193432
0 0.0595508 0.913287 0.119102 0.173426 0.00191988
0 0.671706 0.869173 0.125889 0.0644316 0.0017517
0 0.860016 1 0.237214 0 0.00161296
0 0.805921 1 0.234447 0 0.00145922
0 0.225327 0.955257 0.117749 0.0819862 0.00143197
0 0.752811 1 0.232644 0 0.00140465
0 0.281789 0.943109 0.223971 0.113782 0.00134573
0 0.0993246 0.142627 0.0908679 0.0609431 0.00132774
0 0.473766 0.947726 0.18691 0.104548 0.00130405
0 1 0.930817 0 0.138366 0.00128216
0 0.0912873 1 0.182575 0 0.00125792
0 0.651384 0.8464 0.116133 0.0485497 0.00121358
0 0.251482 0.95248 0.15218 0.0950407 0.00120264
0 1 0.294851 0 0.237724 0.00119366
0 0.700099 1 0.23052 0 0.00119117
0 0.0467683 0.47437 0.0935366 0.234813 0.0011469
0 0.16288 0.457718 0.325761 0.197887 0.00114294
0 0.0908031 0.885468 0.181606 0.229064 0.00113162
0 1 0.192428 0 0.234778 0.00111799
0 0.271231 0.808317 0.122334 0.0855415 0.00110381
0 0.203805 0.182413 0.1664 0.0934986 0.00110206
0 1 0.243804 0 0.237909 0.00109791
0 1 0.974207 0 0.0515869 0.00108944
0 0.261197 0.282922 0.419149 0.192385 0.00107905
0 0.0666808 0.469389 0.133362 0.202987 0.00106872
0 1 0.34361 0 0.237242 0.00105942
0 0.996677 0.978442 0.00664519 0.043115 0.00104581
0 0.0803261 0.655678 0.160652 0.233989 0.00102258
0 0.134705 0.0769398 0.26941 0.15388 0.00101957
0 0.0946144 0.681177 0.189229 0.221523 0.00100537
0 0.193443 0.200544 0.186399 0.134374 0.944794
0 0.731019 0.163173 0.178342 0.131203 0.90652
0 0.475448 0.172221 0.157029 0.112707 0.858429
0 1 0.107477 0 0.214954 0.0142617
0 0.107591 0.136022 0.111647 0.0522382 0.0127817
0 0.0840599 0.134527 0.065898 0.0525045 0.0102256
0 0.999353 0.945401 0.00129435 0.109199 0.00844805
0 0 0.964631 0 0.0707384 0.0073676
0 0 0.631 0 0.123622 0.00601234
0 0 0.655865 0 0.123721 0.00551392
0 0 0.606093 0 0.124838 0.0050382
0 0 0.681061 0 0.12431 0.00491464
0 0 0.706135 0 0.124501 0.0047523
0 0 0.731723 0 0.126362 0.00464011
0 0 0.618572 0 0.218248 0.00429683
0 0 0.58112 0 0.124472 0.00421041
0 0 0.965201 0 0.0695982 0.0040603
0 0 0.937121 0 0.125759 0.00384066
0 0 0.756745 0 0.127438 0.00371404
0 1 0.962523 0 0.0749537 0.00331142
0 1 0.110999 0 0.221997 0.00323946
0 1 0.0837732 0 0.167546 0.00311034
0 1 0.0797217 0 0.159443 0.0030814
0 0 0.971363 0 0.0572739 0.00290952
0 0 0.556681 0 0.127737 0.00289664
0 0.898777 0.999266 0.202446 0.00146732 0.00278042
0 0 0.782532 0 0.130567 0.00265573
0 0 0.960602 0 0.0787966 0.00256411
0 0 0.807775 0 0.131126 0.00255181
0 0 0.666528 0 0.222205 0.00247174
0 0 0.833592 0 0.133854 0.00245945
0 0 0.568975 0 0.219026 0.00228706
0 0.66532 0.848539 0.110377 0.0332474 0.00217759
0 0 0.858889 0 0.135426 0.00211071
0 0 0.531498 0 0.127373 0.00206224
0 0.871797 0.999322 0.256406 0.00135612 0.0020443
0 0 0.643555 0 0.206652 0.00200966
0 0 0.568845 0 0.208425 0.00200404
0 0 0.912151 0 0.175699 0.00197925
0 1 0.031199 0 0.062398 0.00197415
0 1 0.356541 0 0.207173 0.00195297
0 0.929732 0.999013 0.140536 0.00197392 0.00175396
0 1 0.301832 0 0.205769 0.00174341
0 0.0944407 0.142817 0.0883661 0.0685398 0.00168294
0 1 0.111621 0 0.223242 0.0016427
0 1 0.410672 0 0.204099 0.00162434
0 0 0.884652 0 0.138337 0.00160046
0 0 0.740553 0 0.223713 0.00160001
0 0.244956 0.267132 0.489913 0.211426 0.00158056
0 0 0.952072 0 0.0958558 0.00154091
0 0.82353 0.999521 0.264208 0.00095768 0.00153333
0 0 0.909698 0 0.138351 0.00151613
0 0 0.790753 0 0.22427 0.00147499
0 0.998271 0.978474 0.00345821 0.0430527 0.00147385
0 0 0.691419 0 0.211237 0.00147086
0 0.770982 0.999632 0.26331 0.000735474 0.00144796
0 0.121599 0.122629 0.133809 0.0666247 0.00144066
0 0.072849 0.456995 0.145698 0.200195 0.00143439
0 1 0.462638 0 0.20744 0.00143373
0 1 0.250384 0 0.204455 0.00143197
0 0.0740785 0.503843 0.148157 0.203363 0.00142968
0 0.700522 0.999729 0.260688 0.000543022 0.00142422
0 0 0.977296 0 0.0454086 0.00139656
0 0 0.932516 0 0.134969 0.00139083
0 1 0.194411 0 0.21279 0.00138265
0 1 0.938109 0 0.123782 0.00136293
0 1 0.515407 0 0.211179 0.00132595
0 0.647891 0.999751 0.258649 0.000498199 0.0013111
0 0.0745585 0.555548 0.149117 0.209413 0.00129499
0 0.223405 0.999894 0.263095 0.000211716 0.00127749
0 0 0.839924 0 0.224895 0.00127197
0 0.435701 0.999884 0.256107 0.000231743 0.00124207
0 0.0747117 0.620494 0.149423 0.240227 0.00122508
0 0 0.962009 0 0.0759829 0.00121953
0 0.109024 0.999816 0.218047 0.000368023 0.00121091
0 0 0.765182 0 0.21244 0.00116282
0 0 0.889121 0 0.221758 0.00114738
0 0.594658 0.999753 0.256964 0.00049448 0.00114336
0 0.276555 0.999896 0.261318 0.000207901 0.00113506
0 0.921705 1 0.156589 0 0.00113124
0 0 0.944548 0 0.110903 0.0011183
0 0.994196 0.979749 0.0116074 0.0405014 0.00111218
0 1 0.944649 0 0.110701 0.00110101
0 0.906844 0.945428 0.186311 0.109144 0.0010988
0 0.0711597 0.414139 0.142319 0.20052 0.00108512
0 0.330453 0.99997 0.258436 5.93185e-05 0.00105984
0 0 0.922316 0 0.155368 0.00105932
0 0 0.508186 0 0.133832 0.00105597
0 0.0747836 0.70492 0.149567 0.309357 0.00104896
0 1 0.980692 0 0.0386154 0.00104027
0 0 0.86563 0 0.212498 0.00102467
0 0.0136837 0.944595 0.0273674 0.11081 0.00102246
0 0.109939 0.851702 0.219878 0.296597 0.00101812
0 0.194875 0.201177 0.187887 0.133158 0.925414
0 0.733697 0.16312 0.181117 0.131582 0.902271
0 0.47676 0.171274 0.157514 0.114401 0.857909
0 1 0.0637203 0 0.127441 0.00234701
0 0.26665 0.298819 0.439148 0.24797 0.00121798
0 1 0.0930034 0 0.186007 0.00114586
0 0.732073 0.161298 0.178974 0.130906 0.943628
0 0.195209 0.20244 0.186858 0.132185 0.933337
0 0.474647 0.170542 0.164781 0.115361 0.932421
0 0.25096 0.921621 0.292639 0.136122 0.0138584
0 0.267771 0.936017 0.251632 0.108251 0.0108573
0 1 0.888661 0 0.222678 0.00441892
0 0.0714933 0.139757 0.0371854 0.0607666 0.00203955
0 0.727961 0.180623 0.160787 0.0949438 0.0019457
0 1 0.928019 0 0.143962 0.00141897
0 0.196389 0.200758 0.184964 0.129458 0.964574
0 0.73133 0.160464 0.17774 0.129643 0.947019
0 0.478005 0.171525 0.158694 0.114313 0.917636
0 0.235605 0.197506 0.10412 0.108143 0.0016701
0 0.23375 0.287236 0.4675 0.224693 0.00131466
0 0.260144 0.226636 0.215847 0.15733 0.00108673
0 0.193174 0.198977 0.18508 0.13103 0.92727
0 0.730757 0.161971 0.180549 0.133446 0.917694
0 0.474818 0.152253 0.164487 0.152618 0.579196
0 0.247804 0.296572 0.495608 0.230662 0.00113235
0 0.729483 0.163008 0.177031 0.131609 0.975648
0 0.193938 0.202079 0.181348 0.129144 0.966758
0 0.475698 0.173194 0.157382 0.109883 0.936408
0 0.269729 0.796904 0.120022 0.104688 0.00236351
0 0.315472 0.943132 0.147527 0.0986073 0.00154083
0 0.8884 0.944025 0.2232 0.107726 0.00152215
0 0.244787 0.798277 0.164993 0.10773 0.00142115
0 0.29898 0.224125 0.218477 0.16543 0.00104177
0 0.19491 0.202083 0.182258 0.129452 0.925668
0 0.729734 0.163427 0.174639 0.129713 0.88896
0 0.475688 0.174825 0.158872 0.10708 0.736557
0 0.169612 0.663225 0.114826 0.0709038 0.0049078
0 0.73126 0.163261 0.18754 0.128577 0.922195
0 0.195903 0.201287 0.190983 0.133943 0.917452
0 0.474465 0.170856 0.163499 0.116824 0.873898
0 0.845469 0.0579091 0.292181 0.115818 0.00627728
0 0.00188142 0.0663548 0.00376283 0.13271 0.00267001
0 0.29438 0.798686 0.154852 0.104936 0.00172709
0 0.314414 0.296982 0.326383 0.206238 0.00115993
0 0.883351 0.258729 0.227671 0.212592 0.0010517
0 0.730734 0.164667 0.181252 0.133026 0.927602
0 0.196338 0.205737 0.191018 0.137014 0.92597
0 0.475826 0.177205 0.159054 0.10577 0.895168
0 0.173201 0.671651 0.131171 0.0974216 0.0144863
0 0.670955 0.855507 0.122263 0.0444136 0.00149152
0 0.174284 0.75847 0.139489 0.0815478 0.00122323
0 0.10263 0.137299 0.104421 0.0564623 0.00107968
0 0.731105 0.161908 0.182584 0.132952 0.935155
0 0.194211 0.202025 0.185196 0.130874 0.921736
0 0.474586 0.171117 0.161248 0.115401 0.89968
0 0.106544 0.141737 0.116667 0.0602787 0.00848876
0 0.174149 0.680324 0.134036 0.103564 0.00380334
0 0.539165 0.173559 0.0296363 0.106319 0.00236923
0 0.287792 0.803118 0.141383 0.117056 0.00161498
0 0.276074 0.200727 0.0232386 0.113401 0.00120557
0 0.194495 0.201389 0.184722 0.127267 0.952845
0 0.730384 0.161812 0.177187 0.128774 0.930427
0 0.476416 0.172036 0.157689 0.110276 0.930279
0 0.731888 0.162353 0.178796 0.132549 0.94885
0 0.193496 0.200654 0.185369 0.131255 0.946709
0 0.476343 0.172489 0.156893 0.111566 0.913563
0 0.177088 0.664646 0.133905 0.0739286 0.00258868
0 0.194428 0.202268 0.189155 0.133702 0.941911
0 0.730945 0.161532 0.182795 0.133639 0.916938
0 0.473868 0.170961 0.158543 0.115458 0.862048
0 0.500776 0.947133 0.254806 0.104379 0.00167968
0 0.24304 0.927366 0.283532 0.145267 0.00153709
0 0.192885 0.201025 0.188251 0.130365 0.920443
0 0.729726 0.161699 0.179633 0.13245 0.877862
0 0.474808 0.17084 0.160904 0.113481 0.795475
0 0.193427 0.203069 0.184269 0.135457 0.937976
0 0.730484 0.162072 0.179629 0.133813 0.911228
0 0.475808 0.170946 0.159206 0.116902 0.880961
0 0.535984 0.742198 0.248572 0.106356 0.00663721
0 0.281625 0.920734 0.214109 0.153346 0.00359988
0 0.288147 1 0.244408 0 0.00273135
0 0.889525 1 0.220949 0 0.00270653
0 0.481613 1 0.241208 0 0.00268736
0 0.710031 1 0.242099 0 0.00247773
0 0.849857 1 0.246685 0 0.00222786
0 0.550411 1 0.247017 0 0.00218302
0 0.795698 1 0.246188 0 0.00210235
0 0.0825709 1 0.165142 0 0.00209062
0 0.915595 1 0.168809 0 0.00203595
0 0.336745 1 0.242909 0 0.00188488
0 0.115804 1 0.231608 0 0.00188091
0 0.601377 1 0.243657 0 0.00178945
0 1 0.898108 0 0.203785 0.00168936
0 0.236798 1 0.23044 0 0.00155733
0 0.656802 1 0.24131 0 0.00155259
0 1 0.931647 0 0.136706 0.001237
0 0.162392 1 0.241873 0 0.0011275
0 0.196174 0.201895 0.187584 0.13461 0.93647
0 0.732379 0.161656 0.180339 0.135407 0.925027
0 0.475292 0.169396 0.159945 0.120273 0.859882
0 0.276221 0.195435 0.0245068 0.104907 0.00269701
0 0.49896 0.930144 0.244818 0.130977 0.00138646
0 0.192916 0.201161 0.185431 0.132582 0.909467
0 0.733523 0.161366 0.18233 0.134254 0.90498
0 0.474848 0.168577 0.158233 0.120081 0.874461
0 0.491673 0.934064 0.235257 0.127543 0.0137107
0 0.243244 0.919943 0.284795 0.142548 0.00423713
0 0.276275 0.196122 0.0237789 0.100124 0.00345059
0 0.311903 0.716496 0.177585 0.078573 0.00315722
0 0.658095 0.940855 0.179905 0.110962 0.00243155
0 0.30423 0.800483 0.164984 0.108073 0.00167053
0 0.195081 0.201861 0.186981 0.132107 0.944709
0 0.730972 0.161673 0.180855 0.131974 0.927317
0 0.474232 0.170819 0.162106 0.112395 0.891101
0 0.196907 0.2023 0.186105 0.131737 0.910444
0 0.730721 0.162481 0.17884 0.131198 0.867784
0 0.474245 0.172026 0.161438 0.110837 0.675082
0 0.193609 0.202317 0.187804 0.130716 0.914326
0 0.730298 0.162053 0.174423 0.131722 0.887233
0 0.476673 0.172935 0.152086 0.108264 0.683089
0 0.194251 0.201933 0.182709 0.128831 0.903449
0 0.475254 0.172804 0.153871 0.113299 0.875399
0 0.732458 0.161268 0.177599 0.133253 0.848914
0 0.253662 0.201819 0.065753 0.112346 0.0024406
0 0.196212 0.20057 0.18372 0.129932 0.934717
0 0.732185 0.161834 0.179787 0.134794 0.925721
0 0.474375 0.171409 0.154745 0.113794 0.892965
0 0.220286 0.206081 0.132004 0.124224 0.00104473
0 0.194546 0.201991 0.185269 0.133634 0.941886
0 0.730998 0.160168 0.179754 0.134422 0.939446
0 0.476507 0.163818 0.160804 0.127854 0.660493
0 0.226069 0.20877 0.124 0.119209 0.0035527
0 0.674604 0.705169 0.126064 0.0783232 0.00199872
0 0.658481 0.161997 0.0322628 0.11353 0.00198459
0 0.666163 0.163839 0.0488064 0.114698 0.00156183
0 0.547504 0.175113 0.164782 0.117288 0.00145529
0 0.830877 0.0997007 0.22925 0.0797269 0.00122675
0 0.411434 0.174511 0.0294377 0.104746 0.00118067
0 0.194472 0.201207 0.185374 0.130931 0.961008
0 0.730663 0.161022 0.180148 0.133877 0.947121
0 0.474541 0.174165 0.155741 0.106278 0.940753
0 0.824321 0.0685038 0.246749 0.123335 0.00582987
0 0.8736 0.0597966 0.174199 0.116752 0.00257515
0 0.734218 0.216421 0.177211 0.0256585 0.00213576
0 0.193357 0.201415 0.185756 0.131702 0.933096
0 0.728825 0.1613 0.175126 0.13353 0.925294
0 0.475831 0.170472 0.159932 0.114885 0.896633
0 0.73038 0.162698 0.18141 0.130477 0.940257
0 0.195636 0.201839 0.187512 0.132472 0.929362
0 0.474024 0.169818 0.159023 0.114875 0.864429
0 0.19513 0.201845 0.189352 0.133912 0.927642
0 0.474312 0.171469 0.158649 0.114292 0.91251
0 0.730477 0.161745 0.180181 0.136356 0.904366
0 0.253814 0.203639 0.0674596 0.119194 0.00206982
0 0.1957 0.201719 0.187179 0.130319 0.957754
0 0.731593 0.162591 0.180221 0.132171 0.910657
0 0.475705 0.171251 0.159439 0.114514 0.887381
0 0.194404 0.201787 0.185029 0.1298 0.957037
0 0.730812 0.131684 0.180043 0.19126 0.310754
0 0.476786 0.165513 0.156143 0.124629 0.257197
0 0.696885 0.122414 0.246658 0.213175 0.162578
0 0.440661 0.127381 0.226426 0.20033 0.0854237
0 0.731539 0.161003 0.178365 0.132653 0.0285367
0 0.224608 0.86875 0.346812 0.262218 0.00248844
0 0.835131 0.871032 0.329738 0.254304 0.0014632
0 0.389316 0.117435 0.328395 0.222163 0.00140938
0 0.522052 0.873798 0.296553 0.248134 0.00111636
0 0.195272 0.2006 0.186292 0.130797 0.933437
0 0.732208 0.161756 0.180196 0.133628 0.0836445
0 0.475208 0.167456 0.158776 0.120899 0.0369685
0 0.255371 0.207913 0.0643449 0.113788 0.00153899
0 0.085033 0.0965695 0.168288 0.191343 0.00116037
0 0.194067 0.201075 0.185052 0.129534 0.934744
0 0.73029 0.162532 0.177308 0.130283 0.905677
0 0.475353 0.169093 0.160606 0.116924 0.775319
0 0.194902 0.201571 0.18762 0.130736 0.93671
0 0.732154 0.161635 0.179923 0.133658 0.911727
0 0.475153 0.170125 0.158817 0.115404 0.909593
0 0.856709 0.189229 0.264408 0.115176 0.00103925
0 0.193096 0.202001 0.186196 0.131738 0.944277
0 0.730012 0.163261 0.178919 0.134673 0.922714
0 0.474735 0.168835 0.161819 0.118162 0.912081
0 0.193256 0.202172 0.187869 0.131223 0.939784
0 0.730137 0.162032 0.179389 0.130777 0.920222
0 0.474955 0.170985 0.157692 0.112074 0.917525
0 0.193504 0.201793 0.186395 0.13155 0.933554
0 0.731802 0.162184 0.18156 0.134717 0.922024
0 0.475277 0.168859 0.158768 0.117991 0.890784
0 0.253978 0.204231 0.0673121 0.122576 0.00288344
0 0.195127 0.199355 0.186125 0.132952 0.950371
0 0.731381 0.162048 0.182555 0.135181 0.929205
0 0.475368 0.170017 0.157827 0.117386 0.908141
0 0.252383 0.202254 0.0693125 0.120065 0.00283997
0 0.19511 0.200896 0.187901 0.133764 0.93906
0 0.72962 0.162163 0.180767 0.132624 0.916345
0 0.47525 0.167269 0.15656 0.119642 0.89679
0 0.53745 0.174833 0.169042 0.12854 0.00110332
0 0.192357 0.202311 0.18453 0.130723 0.932616
0 0.729369 0.162252 0.178168 0.133211 0.918647
0 0.476318 0.171363 0.159092 0.113272 0.89174
0 0.193752 0.202341 0.190028 0.133555 0.929746
0 0.730152 0.162081 0.180859 0.134641 0.924774
0 0.474868 0.173025 0.159043 0.111097 0.900551
0 0.193779 0.202206 0.187111 0.1331 0.940673
0 0.731549 0.16284 0.180623 0.133768 0.913403
0 0.475747 0.172445 0.156714 0.113471 0.900544
0 0.0781975 0.141007 0.051568 0.0669822 0.00304373
0 0.0717375 0.14315 0.0459865 0.0776524 0.00170145
0 0.194971 0.202458 0.187277 0.131733 0.945181
0 0.73243 0.162139 0.182529 0.133778 0.927325
0 0.475925 0.171977 0.157938 0.114137 0.903231
0 0.0646975 0.147846 0.0711308 0.0830523 0.00189593
0 0.195345 0.201031 0.186798 0.130699 0.948785
0 0.731367 0.162508 0.180542 0.133477 0.934104
0 0.475232 0.171053 0.160064 0.115201 0.906496
0 0.195151 0.200959 0.187829 0.131428 0.942976
0 0.731802 0.163125 0.18266 0.13118 0.922972
0 0.476009 0.172024 0.161349 0.11232 0.899908
0 0.468574 0.927267 0.186474 0.135386 0.00132773
0 0.639417 0.917086 0.183945 0.143534 0.00119812
0 0.193667 0.200838 0.186918 0.13255 0.951262
0 0.731286 0.162113 0.18171 0.133279 0.940945
0 0.474989 0.172634 0.159376 0.112008 0.93449
0 0.736632 0.214595 0.176212 0.0291801 0.00143642
0 0.881864 0.0629206 0.158281 0.118589 0.0010973
0 0.479378 0.929676 0.208024 0.133418 0.00107836
0 0.194123 0.201319 0.187375 0.132654 0.93622
0 0.731509 0.162543 0.179813 0.13344 0.929405
0 0.475667 0.168425 0.159729 0.121012 0.908504
0 0.19506 0.201609 0.188295 0.134658 0.94334
0 0.729591 0.16253 0.181667 0.132897 0.93144
0 0.47535 0.170458 0.15969 0.119574 0.905001
0 0.247363 0.205069 0.0821983 0.123483 0.00235213
0 0.652579 0.941055 0.170081 0.105388 0.00115406
0 0.729754 0.161864 0.183281 0.134414 0.943707
0 0.474832 0.170115 0.159169 0.113932 0.940106
0 0.196368 0.201347 0.192635 0.134363 0.93301
0 0.158654 0.075424 0.250737 0.150244 0.00143634
0 0.729962 0.161821 0.185377 0.134422 0.950692
0 0.194531 0.201106 0.188627 0.132255 0.937575
0 0.47547 0.169431 0.158173 0.116769 0.933038
0 0.676675 0.540606 0.126218 0.0755047 0.00190648
0 0.492326 0.955117 0.233552 0.0771234 0.00131156
0 0.138419 0.0827197 0.262709 0.155535 0.00110312
0 0.19479 0.201388 0.188138 0.130377 0.936987
0 0.730233 0.161704 0.180637 0.132309 0.933198
0 0.476248 0.169874 0.160704 0.114871 0.920937
0 0.196454 0.201156 0.189853 0.132174 0.932957
0 0.730641 0.163459 0.183056 0.133869 0.927792
0 0.475154 0.169699 0.160508 0.119139 0.918461
0 0.194966 0.201136 0.187519 0.133064 0.954048
0 0.729852 0.162297 0.180472 0.132363 0.949393
0 0.474858 0.165433 0.15876 0.123666 0.929904
0 0.466625 0.929944 0.179023 0.134756 0.0229106
0 0.290568 0.79929 0.151157 0.117925 0.00406377
0 0.236063 0.799353 0.23388 0.118642 0.00263098
0 0.194304 0.201193 0.184384 0.132287 0.934616
0 0.731659 0.163315 0.179893 0.132319 0.912223
0 0.475594 0.166977 0.157584 0.122077 0.889433
0 0.49377 0.934524 0.227999 0.123944 0.00271024
0 0.193834 0.200907 0.185905 0.133623 0.956987
0 0.732274 0.161931 0.180097 0.133403 0.935223
0 0.475903 0.166811 0.158941 0.121981 0.914262
0 0.19455 0.200782 0.187586 0.132802 0.943545
0 0.730896 0.162867 0.181389 0.132286 0.92398
0 0.47551 0.170984 0.157966 0.1144 0.912132
0 0.195562 0.201434 0.185237 0.131605 0.939789
0 0.732118 0.163203 0.180313 0.131972 0.921015
0 0.47551 0.170642 0.158509 0.113604 0.908759
0 0.194915 0.201089 0.18862 0.133098 0.942511
0 0.730243 0.163201 0.181282 0.132591 0.929117
0 0.475551 0.168698 0.16088 0.119677 0.910966
0 0.47057 0.925669 0.182902 0.137382 0.00317028
0 0.194591 0.202171 0.186996 0.133352 0.948929
0 0.731069 0.162357 0.181451 0.133283 0.937335
0 0.47472 0.17006 0.159939 0.116943 0.918304
0 0.474454 0.928851 0.190097 0.132963 0.00484505
0 0.193634 0.201603 0.18667 0.131584 0.953896
0 0.730703 0.16361 0.181342 0.132104 0.929063
0 0.474452 0.171766 0.160394 0.113964 0.920903
0 0.195009 0.201746 0.184803 0.131376 0.959159
0 0.731794 0.163018 0.18007 0.132015 0.945553
0 0.474777 0.170719 0.16032 0.115276 0.922421
0 0.195236 0.200929 0.185052 0.132356 0.954636
0 0.732802 0.162783 0.179652 0.131913 0.948685
0 0.475811 0.170696 0.161428 0.114663 0.923768
0 0.468463 0.927491 0.181728 0.120639 0.00213663
0 0.19497 0.201212 0.185014 0.13297 0.949265
0 0.732055 0.162476 0.178931 0.133692 0.94197
0 0.476 0.170342 0.159311 0.116877 0.91759
0 0.491827 0.928949 0.22531 0.133959 0.00877676
0 0.696178 0.548591 0.104127 0.0714809 0.00246692
0 0.398911 0.70385 0.16264 0.0869741 0.00217636
0 0.279369 0.784364 0.107924 0.0866345 0.00184507
0 0.194758 0.201589 0.185456 0.13402 0.955887
0 0.730144 0.163359 0.179343 0.133332 0.948613
0 0.475503 0.168933 0.159529 0.118792 0.926064
0 0.400063 0.704555 0.147968 0.0886625 0.0042141
0 0.48589 0.931746 0.212096 0.127034 0.00105986
0 0.194541 0.20175 0.185404 0.132696 0.947565
0 0.730514 0.163116 0.1783 0.133632 0.932993
0 0.474981 0.170873 0.162544 0.114937 0.919692
0 0.732611 0.163296 0.17721 0.130963 0.953683
0 0.195642 0.202056 0.184779 0.133168 0.951143
0 0.475603 0.170565 0.160131 0.11417 0.931154
0 0.731365 0.162309 0.181508 0.130856 0.955303
0 0.194022 0.201484 0.185119 0.133107 0.95121
0 0.475505 0.170026 0.160241 0.116038 0.937805
0 0.730915 0.162483 0.178755 0.132781 0.953286
0 0.194316 0.201599 0.185762 0.133716 0.942425
0 0.475248 0.169502 0.158194 0.116828 0.92439
0 0.730678 0.163167 0.179579 0.134121 0.956699
0 0.195103 0.201865 0.187498 0.132857 0.938561
0 0.47531 0.170132 0.160995 0.115443 0.922825
0 0.481376 0.929457 0.202688 0.133029 0.00192636
0 0.194924 0.201792 0.187694 0.132822 0.94965
0 0.730819 0.163336 0.18247 0.1336 0.9422
0 0.474131 0.170805 0.160734 0.114307 0.933532
0 0.490227 0.932229 0.225457 0.128508 0.00113981
0 0.732883 0.163426 0.178377 0.132974 0.952541
0 0.195209 0.201777 0.186747 0.133599 0.942593
0 0.474999 0.171017 0.16031 0.115348 0.926741
0 0.194288 0.201103 0.1859 0.132926 0.952935
0 0.732181 0.163003 0.183009 0.132929 0.939812
0 0.47529 0.170673 0.161089 0.115101 0.931398
0 0.194354 0.200729 0.185918 0.132488 0.959128
0 0.733803 0.162944 0.179316 0.131784 0.952644
0 0.475189 0.169913 0.160674 0.115543 0.942138
0 0.731838 0.163052 0.179733 0.132509 0.958804
0 0.194979 0.200813 0.184668 0.132471 0.954036
0 0.475556 0.169957 0.160545 0.116927 0.931697
0 0.731493 0.163379 0.178688 0.132571 0.953265
0 0.194924 0.201498 0.185576 0.131793 0.95144
0 0.474192 0.170294 0.161499 0.11582 0.926739
0 0.730975 0.163079 0.179906 0.133532 0.9556
0 0.194985 0.201636 0.186538 0.131913 0.951693
0 0.474453 0.17098 0.160771 0.114576 0.931658
0 0.19464 0.201766 0.183811 0.132989 0.943358
0 0.731001 0.163382 0.179852 0.133257 0.929495
0 0.474419 0.171544 0.160883 0.113964 0.922521
0 0.194756 0.201518 0.186322 0.13292 0.943977
0 0.730385 0.162807 0.179701 0.131925 0.932338
0 0.474579 0.170369 0.160168 0.11512 0.916324
0 0.194961 0.201594 0.186267 0.13399 0.958673
0 0.731245 0.162846 0.178992 0.133107 0.947284
0 0.475459 0.169919 0.158478 0.116433 0.932078
0 0.733239 0.162771 0.180831 0.133001 0.95757
0 0.194555 0.201386 0.186385 0.132331 0.957294
0 0.475355 0.170402 0.159155 0.116439 0.932429
0 0.194829 0.201508 0.186132 0.132402 0.95602
0 0.732662 0.16276 0.179298 0.133312 0.949211
0 0.475508 0.17029 0.159487 0.116779 0.921585
0 0.194937 0.201782 0.186936 0.132367 0.957612
0 0.732072 0.162912 0.179223 0.132702 0.955672
0 0.475582 0.170616 0.15999 0.115918 0.927727
0 0.732098 0.163061 0.179794 0.132441 0.956696
0 0.195017 0.201566 0.187299 0.132419 0.944271
0 0.475344 0.170546 0.160454 0.116839 0.930886
0 0.18049 0.924108 0.152963 0.120738 0.00166998
0 0.731945 0.162962 0.179425 0.132565 0.954933
0 0.194827 0.201267 0.18551 0.131754 0.942695
0 0.474953 0.170082 0.159473 0.117024 0.932233
0 0.184295 0.92382 0.160775 0.123069 0.00166029
0 0.730926 0.162933 0.178529 0.1333 0.955721
0 0.194822 0.201194 0.185747 0.132181 0.942704
0 0.475302 0.169885 0.160159 0.117496 0.929379
0 0.190857 0.924311 0.172837 0.125664 0.00195646
0 0.66652 0.70358 0.111641 0.0888603 0.00105316
0 0.731571 0.163249 0.179269 0.132812 0.956069
0 0.194887 0.201582 0.187539 0.131973 0.943752
0 0.475273 0.169885 0.159866 0.117267 0.929287
0 0.665084 0.703142 0.110999 0.0885429 0.00364379
0 0.190599 0.924748 0.173362 0.124545 0.00207086
0 0.405032 0.699942 0.131095 0.0825493 0.00146936
0 0.195237 0.200925 0.18504 0.132358 0.954628
0 0.732807 0.162787 0.179674 0.131929 0.948656
0 0.475802 0.170687 0.161458 0.11465 0.923789
0 0.468454 0.927502 0.181709 0.120649 0.00213585
