0 0.136673 0.181129 0.183192 0.133162 0.0230693
0 0.138211 0.155425 0.187353 0.18649 0.0150256
0 0.137339 0.20905 0.186914 0.192964 0.0146907
0 0 0.905475 0 0.18905 0.0139738
0 0.117323 0.13856 0.234646 0.255051 0.0138913
0 0.134818 0.247511 0.193035 0.351011 0.0135973
0 0.0215245 0.818821 0.043049 0.362358 0.0134658
0 0.00042939 0.124767 0.00085878 0.249534 0.0134323
0 0.00527639 0.178174 0.0105528 0.356348 0.0134306
0 1 0.0769626 0 0.153925 0.0134057
0 0.0109929 0.359581 0.0219859 0.719162 0.0133785
0 1 0.129297 0 0.258593 0.0131945
0 1 0.912642 0 0.174715 0.0131232
0 0.969648 0.477108 0.0607034 0.954217 0.0131059
0 0.0569677 0.908103 0.113935 0.171792 0.0130513
0 1 0.0256641 0 0.0513283 0.0130304
0 0.126242 0.318439 0.229877 0.40299 0.0130134
0 0.98833 0.572601 0.0233403 0.854798 0.0130031
0 0.997049 0.390269 0.00590205 0.780538 0.0129729
0 0.999042 0.358914 0.00191532 0.717829 0.0129635
0 0.0682357 0.871465 0.136471 0.257069 0.0129456
0 0.10177 0.761122 0.20354 0.477755 0.0129394
0 0.999771 0.812468 0.000457359 0.375063 0.0129233
0 0 0.064756 0 0.129512 0.0128996
0 0.153343 0.127802 0.205823 0.239778 0.0128986
0 0.10794 0.717726 0.21588 0.556553 0.0128637
0 0.855723 0.472081 0.288554 0.933758 0.0128316
0 0.0677155 0.44888 0.135431 0.89776 0.0128147
0 0.999918 0.72065 0.000163661 0.5587 0.0128079
0 0.509893 0.115579 0.949507 0.206856 0.0127918
0 0.160819 0.682422 0.321639 0.627524 0.0127817
0 0.0629621 0.71679 0.125924 0.566419 0.0127466
0 0.0977633 0.908034 0.195527 0.177985 0.0127406
0 0.0673284 0.742215 0.134657 0.500918 0.0126954
0 0.939305 0.578079 0.12139 0.843842 0.012692
0 0.0794755 0.592801 0.158951 0.814398 0.0126915
0 0.482085 0.587751 0.96417 0.824498 0.0126824
0 0.908638 0.408469 0.182725 0.816938 0.0126567
0 0.42821 0.193355 0.790419 0.38671 0.0126499
0 0.412691 0.676245 0.825382 0.636723 0.012625
0 0.116286 0.350864 0.232571 0.701729 0.0126103
0 0.3996 0.302759 0.782612 0.381755 0.0126054
0 0.426268 0.746226 0.852536 0.495028 0.0125568
0 0.998198 0.25352 0.00360459 0.507041 0.0125488
0 0.15967 0.895004 0.31934 0.209991 0.0125481
0 0.147019 0.58277 0.294038 0.83446 0.0125181
0 0.98589 0.636829 0.0282196 0.726341 0.0124997
0 0.390764 0.474003 0.781529 0.74187 0.0124912
0 0.428965 0.902425 0.841411 0.195149 0.0124817
0 0.524785 0.888188 0.927965 0.223623 0.0124562
0 0.119576 0.124063 0.239151 0.248126 0.0124349
0 0.622032 0.0940096 0.73597 0.168778 0.0124343
0 0.219979 0.768812 0.439958 0.451219 0.0124283
0 0.525219 0.0942615 0.949562 0.188523 0.0124161
0 0.153152 0.439655 0.306305 0.87931 0.0124141
0 0.11793 0.429029 0.23586 0.632671 0.0124078
0 0.63181 0.0703932 0.736381 0.140786 0.0124003
0 0.412011 0.127311 0.741554 0.241582 0.0123946
0 0.456737 0.919057 0.913475 0.161886 0.0123912
0 0.0169109 0.4808 0.0338217 0.932184 0.0123839
0 0.851477 0.0685513 0.276044 0.120681 0.0123691
0 0.524267 0.421629 0.921535 0.829217 0.0123675
0 0.48782 0.827709 0.942279 0.344581 0.0123622
0 0.5 0.793261 1 0.401074 0.0123417
0 0.834788 0.0343378 0.330424 0.0686757 0.0123399
0 0.134059 0.122332 0.268117 0.244665 0.0123375
0 0.532614 0.731842 0.916215 0.536316 0.012317
0 0.477547 0.6593 0.894008 0.681399 0.0123121
0 0.831088 0.882788 0.337825 0.234424 0.0122843
0 0.312346 0.517559 0.624692 0.850062 0.0122724
0 0.968082 0.0208789 0.063836 0.0417577 0.0122668
0 0.461481 0.332672 0.896635 0.665344 0.0122618
0 0.890551 0.849803 0.218897 0.300395 0.0122399
0 0.600913 0.913136 0.798174 0.173728 0.0122223
0 0.883695 0.129545 0.23261 0.259091 0.0122204
0 0.496376 0.176024 0.992752 0.335665 0.0122181
0 0.496384 0.26104 0.992768 0.505552 0.0121879
0 0.768378 0.921519 0.463245 0.156963 0.0121845
0 0.689387 0.76107 0.621225 0.462872 0.0121824
0 0.796908 0.912288 0.406184 0.175425 0.0121736
0 0.82912 0.544132 0.34176 0.911737 0.0121683
0 0.841771 0.14454 0.316458 0.264205 0.0121638
0 0.741798 0.834918 0.516404 0.313983 0.0121333
0 0.548706 0.673328 0.902589 0.653344 0.0121272
0 0.561985 0.517588 0.87603 0.810674 0.0121198
0 0.601062 0.143077 0.797876 0.261161 0.0121148
0 0.865981 0.800868 0.268037 0.398265 0.0120969
0 0.802204 0.661665 0.395591 0.676671 0.0120897
0 0.784596 0.886636 0.430809 0.226729 0.0120839
0 0.848898 0.163075 0.302203 0.32615 0.0120781
0 0.859227 0.257631 0.281546 0.515261 0.012037
0 0.789687 0.446381 0.420627 0.785727 0.0120074
0 0.853047 0.237445 0.293907 0.396081 0.0119817
0 0.840861 0.385434 0.318277 0.770868 0.0119601
0 0.838564 0.353072 0.322872 0.632583 0.0119177
0 0.850168 0.299406 0.299665 0.552653 0.011909
0 0.100238 0.185043 0.123366 0.126758 0.00342114
0 0 0.941917 0 0.116165 0.00328091
0 0.0531922 0.853286 0.10591 0.281034 0.00327041
0 1 0.0445205 0 0.0890411 0.00325295
0 0 0.903088 0 0.193825 0.0032344
0 0.160747 0.934819 0.123066 0.116926 0.00323345
0 1 0.060894 0 0.121788 0.00321835
0 0.133819 0.153675 0.186155 0.119983 0.00321711
0 0 0.0638737 0 0.127747 0.00321643
0 0.0557935 0.102417 0.109042 0.192341 0.00321223
0 0.736572 1 0.526856 0 0.00319971
0 0 0.0661652 0 0.13233 0.00319806
0 0 0.0460451 0 0.0920902 0.00319769
0 0 0.961712 0 0.0765759 0.00319424
0 0.195629 0.774794 0.175668 0.15097 0.00318492
0 0.185846 0.0780451 0.180457 0.144501 0.00318184
0 1 0.0448554 0 0.0897107 0.00318165
0 0.175532 0.114153 0.150174 0.145864 0.00317433
0 0.937556 0.757203 0.124889 0.300095 0.00317137
0 0 0.593486 0 0.180617 0.00317048
0 0 0.867262 0 0.257025 0.00317046
0 0.122656 0.164343 0.196843 0.294583 0.00317044
0 0 0.067312 0 0.134624 0.00316982
0 0.457642 0.839505 0.215705 0.0345631 0.00316899
0 0.0508713 0.180525 0.10048 0.142881 0.00316748
0 0.661545 0.272511 0.471271 0.0687686 0.00316695
0 0.0580906 0.698138 0.116181 0.285662 0.00316499
0 0.0560167 0.794602 0.112033 0.386115 0.00316285
0 0.712759 0.934444 0.550736 0.131112 0.00316274
0 0.764227 0.996727 0.471545 0.00654678 0.00316254
0 0 0.551065 0 0.194264 0.00316193
0 0.928178 0.680943 0.143643 0.293555 0.0031599
0 0.909262 0.0650944 0.168872 0.0902228 0.00315916
0 0.838946 0.066461 0.143468 0.0925765 0.00315644
0 0 0.65977 0 0.246342 0.0031536
0 0.0534749 0.157475 0.101666 0.290769 0.00315352
0 0.9418 0.811628 0.116401 0.237935 0.00315285
0 0 0.501979 0 0.198332 0.00315277
0 0 0.78004 0 0.289451 0.00315133
0 0 0.0452203 0 0.0904405 0.00315104
0 0.0698986 0.444 0.139797 0.267365 0.00315082
0 0.110545 0.933691 0.201909 0.119508 0.00315051
0 0.0521291 0.928419 0.102852 0.131094 0.00314982
0 0.790287 0.942601 0.417602 0.114798 0.00314955
0 0.0627028 0.361134 0.125406 0.308243 0.00314906
0 0.675228 0.804325 0.420755 0.113677 0.00314894
0 0.874362 0.0659024 0.178059 0.0915262 0.0031484
0 0.0642446 0.567233 0.128489 0.278121 0.00314709
0 0.0650961 0.520716 0.130192 0.266622 0.00314686
0 0.157205 0.940245 0.207656 0.115436 0.00314615
0 0.0556601 0.479956 0.11132 0.295257 0.00314588
0 0.352736 0.792409 0.434995 0.136909 0.00314567
0 0.0735149 0.392667 0.14703 0.316545 0.00314547
0 0 0.0568081 0 0.113616 0.00314477
0 0.0590423 0.235662 0.109968 0.271132 0.00314448
0 0.82106 0.275494 0.146532 0.0520544 0.00314439
0 0.0646585 0.670008 0.129317 0.349285 0.00314371
0 0.1933 0.613697 0.174997 0.227011 0.00314242
0 0.916958 0.867315 0.166083 0.253751 0.00314214
0 0.814355 0.0636756 0.28826 0.100806 0.00314128
0 0 0.439431 0 0.21224 0.00314108
0 0.19474 0.661969 0.178385 0.171559 0.00314095
0 0.818095 0.914551 0.363811 0.16427 0.00313863
0 0.897227 0.826414 0.205546 0.210293 0.00313822
0 0.0571953 0.622114 0.114391 0.29658 0.00313814
0 0.225153 0.000871161 0.317902 0.00174232 0.00313743
0 0 0.37764 0 0.217948 0.00313743
0 0 0.713562 0 0.244216 0.00313741
0 0.874539 0.0617377 0.238028 0.096349 0.0031373
0 0.42951 1 0.745449 0 0.00313654
0 0.845086 0.870502 0.309829 0.249033 0.00313631
0 1 0.0436083 0 0.0872166 0.00313524
0 0.899933 0.153042 0.200134 0.285107 0.00313467
0 0 0.316553 0 0.230579 0.00313452
0 0.720767 0.796662 0.349101 0.131843 0.00313394
0 0.999912 0.931123 0.000175814 0.137753 0.00313272
0 0.314406 0.932768 0.490229 0.134464 0.00313214
0 0.295661 0.00111892 0.305134 0.00223784 0.00313146
0 0 0.261486 0 0.233751 0.00313101
0 0.0840996 0.160247 0.162412 0.178732 0.00313083
0 0.645064 0.100802 0.136729 0.154417 0.00313
0 0.604951 0.813758 0.499967 0.102931 0.00312882
0 0 0.0509074 0 0.101815 0.00312816
0 0.194612 0.527721 0.170203 0.109803 0.00312805
0 0 0.80218 0 0.228046 0.00312798
0 0.666698 0.178201 0.479141 0.284501 0.00312786
0 0.804125 0.0939479 0.188479 0.14535 0.00312775
0 0 0.202472 0 0.24791 0.00312765
0 0.62763 0.763085 0.528615 0.188839 0.00312757
0 0.907981 0.381406 0.184038 0.162079 0.00312741
0 0.798287 0.52623 0.403425 0.192125 0.0031264
0 0.615369 1 0.769262 0 0.00312614
0 0.250165 0.0584444 0.50033 0.116889 0.0031259
0 0.368386 0.933379 0.208705 0.127518 0.00312482
0 0.35207 0.000370696 0.335906 0.000741392 0.00312469
0 0.265298 0.103492 0.353673 0.0997508 0.00312451
0 0.26457 0.0998571 0.369513 0.054158 0.00312449
0 0.998274 0.954321 0.00345146 0.0913582 0.00312445
0 0.75937 0.920903 0.406031 0.152607 0.00312389
0 0.366222 0.835514 0.307565 0.0511168 0.00312348
0 0 0.568833 0 0.178579 0.00312299
0 0.928842 0.535567 0.142317 0.270162 0.00312281
0 0.842235 0.771706 0.315529 0.240125 0.00312276
0 0.194 0.532416 0.174472 0.218964 0.00312265
0 0.345074 1 0.690147 0 0.0031216
0 0.938005 0.411392 0.123991 0.226156 0.0031215
0 0 0.526447 0 0.18177 0.00312085
0 0.754737 0.825111 0.235846 0.0480198 0.00312069
0 0.921594 0.630661 0.156812 0.287898 0.00312046
0 0.179418 0.000475079 0.325874 0.000950158 0.00312043
0 0.521417 0.935705 0.51594 0.128589 0.0031199
0 0.188947 0.809982 0.164497 0.0915922 0.00311903
0 0.928043 0.144173 0.143914 0.278111 0.00311902
0 0.200045 0.742145 0.190541 0.219913 0.00311749
0 0.999916 0.847827 0.000167307 0.304347 0.00311744
0 0.934771 0.597679 0.130458 0.266319 0.00311707
0 0.543555 0.0764835 0.335544 0.142562 0.00311664
0 0.443808 0.00109802 0.362491 0.00219605 0.00311655
0 0.23384 0.988281 0.46768 0.0234381 0.00311628
0 0.208428 0.743014 0.174801 0.0890409 0.00311606
0 0.147942 0.937876 0.295885 0.124249 0.00311597
0 0 0.123029 0 0.242407 0.00311595
0 0 0.802036 0 0.246679 0.00311582
0 0.933752 0.341164 0.132495 0.23014 0.00311581
0 0.788338 0.702608 0.423325 0.256868 0.00311578
0 0.303588 1 0.607176 0 0.00311497
0 0 0.574141 0 0.211051 0.00311489
0 0 0.754439 0 0.28259 0.00311429
0 0.413506 0.934452 0.526592 0.131097 0.00311411
0 0.195159 0.560538 0.172809 0.127653 0.00311374
0 0.608727 0.0804631 0.294743 0.143816 0.00311372
0 0.845084 0.205932 0.309833 0.205675 0.00311362
0 0.609609 0.0987237 0.13511 0.152681 0.00311362
0 0.738686 0.175964 0.362605 0.27438 0.0031135
0 0.781062 0.562116 0.437876 0.218188 0.0031133
0 0.791721 0.981805 0.416558 0.0363891 0.00311322
0 0.917917 0.224779 0.164166 0.243458 0.00311311
0 0.935228 0.497211 0.129544 0.247853 0.00311297
0 0 0.608478 0 0.187333 0.00311271
0 0.814432 0.736162 0.371136 0.225619 0.00311211
0 0.278235 0.99441 0.55647 0.0111798 0.00311076
0 0 0.467534 0 0.192732 0.00311043
0 1 0.897127 0 0.205747 0.00311036
0 2.70236e-05 0.724078 5.40472e-05 0.294196 0.00311019
0 0 0.0515501 0 0.1031 0.00311018
0 0.319016 0.933601 0.251137 0.127503 0.00310994
0 0.939137 0.29062 0.121726 0.269059 0.00310991
0 0.564443 0.000509337 0.38415 0.00101867 0.00310981
0 0 0.844511 0 0.210406 0.00310959
0 0.671517 0.717036 0.455678 0.147349 0.00310945
0 0.105206 0.210699 0.135315 0.179426 0.00310938
0 1 0.703305 0 0.241474 0.00310867
0 1 0.772837 0 0.228884 0.00310843
0 0.000377427 0.506579 0.000754854 0.216166 0.00310786
0 0.336217 0.588478 0.672434 0.222485 0.00310766
0 0.856149 0.392806 0.271982 0.168853 0.00310736
0 0.691768 0.0999131 0.168205 0.155045 0.00310731
0 0.776845 0.427504 0.44631 0.204658 0.0031067
0 1 0.645838 0 0.250267 0.00310665
0 0.665937 0.661688 0.468331 0.182465 0.00310633
0 1 0.595231 0 0.249405 0.00310621
0 1 0.856946 0 0.286108 0.00310612
0 0.409107 0.546765 0.818213 0.2683 0.00310602
0 1 0.522472 0 0.248061 0.00310582
0 0.220049 0.198501 0.189632 0.15409 0.00310575
0 0.903086 0.32973 0.193828 0.191617 0.0031057
0 0.986065 0.0421068 0.0278696 0.0842136 0.00310558
0 0.811644 0.407387 0.376712 0.163017 0.00310554
0 0.058185 0.301267 0.11637 0.23647 0.00310458
0 1 0.898605 0 0.202789 0.00310456
0 0.711918 0.0800638 0.36478 0.138092 0.00310456
0 1 0.469972 0 0.257634 0.0031044
0 0.91661 0.444392 0.16678 0.259347 0.00310413
0 0.627334 0.930293 0.256138 0.136137 0.00310392
0 0.233479 0.933301 0.466959 0.133397 0.00310357
0 0.00089166 0.44189 0.00178332 0.235104 0.00310341
0 0.71051 0.82723 0.269706 0.0547649 0.00310339
0 0.267728 0.0917332 0.395779 0.0360706 0.00310324
0 0.766302 0.0687051 0.334044 0.111236 0.00310288
0 0.650849 0.00046002 0.360686 0.000920039 0.00310266
0 0.877299 0.953327 0.241539 0.093346 0.00310266
0 0 0.0276916 0 0.0553831 0.00310261
0 0.809208 0.61807 0.381583 0.225152 0.00310256
0 1 0.120027 0 0.240055 0.00310235
0 0.275022 0.783878 0.475027 0.184781 0.00310209
0 0.568905 0.929588 0.314525 0.139232 0.0031015
0 0 0.540555 0 0.203517 0.00310137
0 1 0.416269 0 0.260364 0.00310124
0 1 0.156248 0 0.275326 0.00310087
0 0.70693 0.928175 0.338199 0.139333 0.00310074
0 0 0.403564 0 0.208772 0.0031007
0 0.512157 0.155953 0.532054 0.188011 0.0031002
0 0.193364 0.488427 0.167365 0.150475 0.00309972
0 0.649007 0.450497 0.505724 0.151581 0.00309964
0 0.334328 0.756888 0.483803 0.208204 0.0030996
0 0.714 0.348365 0.349157 0.143698 0.00309957
0 1 0.836339 0 0.327322 0.00309941
0 0.239821 0.93297 0.319783 0.128342 0.00309941
0 0.672739 0.390346 0.427927 0.172187 0.00309912
0 0.780117 0.48826 0.439766 0.247162 0.0030991
0 0.78757 0.652869 0.42486 0.236884 0.00309882
0 1 0.363744 0 0.262231 0.00309868
0 0.226289 0.0698812 0.304788 0.139762 0.00309856
0 0.173633 0.524931 0.148286 0.195143 0.0030985
0 0.295797 0.424701 0.591595 0.770712 0.0183737
0 0.303505 0.483376 0.60701 0.571257 0.0182831
0 0.440135 0.689814 0.880271 0.620372 0.0180677
0 0.352404 0.636991 0.704807 0.679198 0.0180333
0 0.282326 0.239737 0.564651 0.479474 0.0174546
0 0.440634 0.635197 0.881268 0.729607 0.0174507
0 0.389321 0.701212 0.778642 0.597576 0.0173355
0 0.636802 0.184979 0.726395 0.369958 0.0172574
0 0.490428 0.788025 0.980856 0.42395 0.0168682
0 0.472471 0.734481 0.944943 0.531038 0.0167278
0 0.487111 0.528347 0.974223 0.78927 0.0166406
0 0.442997 0.237612 0.885994 0.475224 0.0165038
0 0.37131 0.491057 0.742621 0.60844 0.016412
0 0.574988 0.367846 0.850025 0.735692 0.0163733
0 0.22071 0.323121 0.441419 0.646242 0.0163565
0 0.446553 0.149786 0.893105 0.299572 0.0162974
0 0.266841 0.523606 0.533682 0.74469 0.0162474
0 0.408568 0.30316 0.817136 0.606321 0.0160094
0 0.5 0.58445 1 0.774681 0.0159066
0 0.499595 0.279229 0.99919 0.558457 0.0158111
0 0.73041 0.599283 0.53918 0.801434 0.0156975
0 0.5 0.70581 1 0.588379 0.0154044
0 0.49904 0.403263 0.998081 0.782181 0.0153656
0 0.643728 0.468275 0.712544 0.840937 0.0153314
0 0.343213 0.162198 0.686427 0.324397 0.0151591
0 0.797372 0.643567 0.405257 0.712865 0.0151568
0 0.448347 0.127806 0.896694 0.255612 0.0150588
0 0.860978 0.166127 0.278045 0.332253 0.0150038
0 0.499982 0.741736 0.999963 0.516528 0.0149455
0 0.800178 0.521977 0.399644 0.846807 0.0149277
0 0.5 0.217977 1 0.435954 0.0149169
0 0.5 0.494288 1 0.805254 0.0147963
0 0.982486 0.138063 0.0350277 0.276125 0.0146852
0 0.507011 0.284665 0.985979 0.569329 0.0146088
0 0.226214 0.171395 0.452429 0.342791 0.0144953
0 0.304069 0.723923 0.608139 0.552153 0.0144572
0 0.5 0.133512 1 0.267024 0.0144447
0 0.228286 0.663522 0.456572 0.672956 0.014405
0 0.365031 0.806629 0.730062 0.386741 0.0143301
0 0.661586 0.250378 0.676829 0.500756 0.0141599
0 0.5 0.18139 1 0.36278 0.0141313
0 0.784452 0.3902 0.431096 0.7804 0.0141161
0 0.328343 0.127709 0.656687 0.255418 0.0140351
0 0.5 0.638611 1 0.722777 0.0139041
0 0.343956 0.751944 0.687911 0.496112 0.0138984
0 0.497788 0.848504 0.995576 0.302991 0.0136737
0 0.220202 0.709892 0.440404 0.580216 0.0133059
0 0.808403 0.7144 0.383195 0.5712 0.0131489
0 0.196406 0.421614 0.392812 0.654688 0.0131313
0 0.00365542 0.78284 0.00731083 0.43432 0.0130798
0 0.19206 0.168561 0.38412 0.337123 0.0130141
0 0.158091 0.735707 0.316182 0.528585 0.012975
0 0.5 0.82049 1 0.35825 0.012788
0 0.18704 0.336899 0.37408 0.673798 0.0127872
0 0.186736 0.227458 0.373471 0.454916 0.0127754
0 0.5 0.335144 1 0.670289 0.0127737
0 0.212837 0.140912 0.425673 0.281824 0.0127728
0 1 0.107766 0 0.215532 0.0126705
0 0.821309 0.743986 0.357381 0.512028 0.0126658
0 1 0.0198111 0 0.0396223 0.0125315
0 0.141561 0.731483 0.283122 0.537035 0.0124382
0 0.743857 0.536211 0.512286 0.710407 0.0123553
0 0.993388 0.0803049 0.0132238 0.16061 0.0122187
0 0.746921 0.216676 0.506157 0.433352 0.012206
0 0.776832 0.414037 0.446336 0.653041 0.0120786
0 0.547439 0.129591 0.905122 0.259183 0.0120766
0 0.393772 0.846045 0.787543 0.307911 0.0120566
0 0.5 0.885962 1 0.216532 0.0120541
0 0.757431 0.662767 0.485137 0.674466 0.0120533
0 0.00439805 0.900453 0.0087961 0.199095 0.0119733
0 0.114948 0.13499 0.229896 0.269981 0.0119715
0 0.795072 0.128677 0.409856 0.257353 0.0119002
0 0.0660891 0.793369 0.132178 0.413263 0.0118727
0 0.845188 0.73308 0.309623 0.53384 0.0118334
0 0.5 0.898683 1 0.202634 0.0117802
0 0.765854 0.294214 0.468292 0.559626 0.0117269
0 0.899156 0.107088 0.201689 0.214175 0.0116475
0 0.589115 0.748291 0.82177 0.503419 0.0116048
0 0.5 0.179529 1 0.359058 0.0115177
0 1 0.910276 0 0.179449 0.0114696
0 0.999818 0.777847 0.00036351 0.444306 0.011298
0 0.999058 0.868366 0.00188426 0.263268 0.0112741
0 0.660788 0.783917 0.678424 0.432167 0.0112699
0 0.608878 0.908485 0.782244 0.18303 0.0111264
0 0.656248 0.798777 0.687503 0.402447 0.0110673
0 0.551188 0.730141 0.897624 0.539719 0.0108216
0 0.573607 0.865444 0.852786 0.269112 0.0106411
0 0.595195 0.903389 0.80961 0.193222 0.0106145
0 0.306178 0.82888 0.612355 0.34224 0.0105512
0 0.5 0.881254 1 0.237493 0.010489
0 0.0889661 0.874352 0.177932 0.251296 0.0104204
0 0.138661 0.184394 0.168649 0.128086 0.00700761
0 0.402948 0.458616 0.538438 0.194699 0.00401413
0 0.765943 0.525782 0.468115 0.162538 0.00399361
0 0.318456 0.473295 0.488151 0.160397 0.00399328
0 0.00467915 0.0393107 0.0093583 0.0786215 0.00398315
0 0.306278 0.56971 0.467671 0.174521 0.00395255
0 0.446358 0.585975 0.524099 0.181465 0.00394685
0 0.513026 0.613444 0.589918 0.156832 0.00393705
0 0.113313 0.316081 0.226627 0.170889 0.00388297
0 0.999938 0.0415275 0.000123286 0.0830549 0.00386037
0 0.141006 0.279594 0.282012 0.15344 0.0038407
0 0.318019 0.43929 0.497552 0.182504 0.00383985
0 0.014665 0.0629526 0.0293301 0.125905 0.00382576
0 0.629581 0.733157 0.587763 0.192855 0.0037634
0 0.564516 0.332765 0.637845 0.23637 0.00375672
0 0.414376 0.510578 0.511099 0.203531 0.00373172
0 0.523775 0.400151 0.636793 0.208527 0.00371679
0 0.633358 0.227008 0.508868 0.186718 0.00371354
0 0.380656 0.419226 0.571602 0.1962 0.00371259
0 0.389994 0.555941 0.563404 0.181939 0.00370261
0 0.266131 0.483664 0.376885 0.217313 0.00369982
0 0.428131 0.0689379 0.624884 0.137876 0.00369377
0 0.615941 0.177853 0.59865 0.197797 0.0036701
0 0.473065 0.205675 0.630529 0.243239 0.00365805
0 0.272359 0.408707 0.385771 0.193725 0.00363109
0 0.32703 0.70176 0.474609 0.185042 0.00362945
0 0.53142 0.628494 0.482349 0.176682 0.00361752
0 0.429924 0.624568 0.552854 0.178529 0.00360066
0 0.392912 0.0912404 0.647224 0.182481 0.00359126
0 0.554429 0.623188 0.569102 0.115555 0.00359103
0 0.105623 0.077348 0.211247 0.154696 0.00358431
0 0.438445 0.0752956 0.60234 0.150591 0.00358152
0 0.230366 0.0714268 0.460733 0.142854 0.00357568
0 0.460644 0.224879 0.658554 0.152591 0.00357097
0 0.472692 0.472101 0.539074 0.172773 0.00356903
0 0.478461 0.559547 0.524193 0.1909 0.00356383
0 0.55541 0.440068 0.636614 0.17645 0.0035622
0 0.174666 0.256325 0.349332 0.234178 0.00355093
0 0.103884 0.107822 0.207769 0.208822 0.00354366
0 0.319001 0.269724 0.526182 0.212971 0.00354126
0 0.300126 0.388307 0.544257 0.21573 0.00353578
0 0.458752 0.705042 0.490365 0.189758 0.00351924
0 0.267577 0.698985 0.375064 0.205973 0.0035174
0 0.761899 0.167172 0.476203 0.210547 0.00351715
0 0.3686 0.602244 0.623091 0.181805 0.00351141
0 0.318111 0.678043 0.506366 0.119462 0.00350827
0 0.29247 0.60584 0.39301 0.179484 0.00350784
0 0.110931 0.366695 0.221862 0.175487 0.00349283
0 0.185783 0.524454 0.371566 0.20814 0.0034903
0 0.0546575 0.0552542 0.109315 0.110508 0.00348008
0 0.732005 0.39782 0.535989 0.18513 0.00347951
0 0.419707 0.106881 0.581215 0.19218 0.0034745
0 0.401896 0.368709 0.61883 0.228155 0.00345974
0 0.551237 0.219112 0.57195 0.204071 0.00345495
0 0.101252 0.141688 0.202504 0.196114 0.00344893
0 0.239509 0.0857842 0.446151 0.171568 0.00344873
0 0.135368 0.340184 0.270736 0.185431 0.00344789
0 0.671685 0.216812 0.482235 0.141024 0.00344664
0 0.502594 0.12441 0.624769 0.173767 0.00344345
0 0.778244 0.391855 0.443512 0.176979 0.00343612
0 0.645788 0.334853 0.617276 0.211449 0.00343293
0 0.762748 0.667562 0.474504 0.21907 0.00342643
0 0.162332 0.288635 0.324664 0.169973 0.00342437
0 0.140344 0.0937339 0.280688 0.187468 0.00342186
0 0.193256 0.367109 0.386512 0.243734 0.00341988
0 0.494664 0.0943726 0.642128 0.188745 0.00341339
0 0.581 0.479248 0.604041 0.196568 0.00341008
0 0.946808 0.0954492 0.106384 0.177388 0.00339775
0 0.53329 0.718687 0.57519 0.140959 0.00339496
0 0.140242 0.188987 0.184856 0.174831 0.00339194
0 0.293099 0.231163 0.586198 0.26184 0.00339081
0 0.526052 0.531465 0.569512 0.156761 0.00338987
0 0.117908 0.25228 0.235815 0.189634 0.00338823
0 0.809479 0.223745 0.381041 0.166303 0.00338698
0 0.178291 0.473981 0.356581 0.189241 0.00338402
0 0.771452 0.478578 0.457096 0.190105 0.00337627
0 0.616455 0.623218 0.520638 0.148353 0.00337517
0 0.621564 0.766698 0.603882 0.154029 0.00337344
0 0.548813 0.65564 0.541357 0.177428 0.00336691
0 0.26584 0.0680867 0.531679 0.136173 0.00336669
0 0.298235 0.508612 0.491146 0.183068 0.00336453
0 0.287042 0.182955 0.511798 0.245737 0.00336227
0 0.686501 0.160842 0.621734 0.232523 0.0033622
0 0.189281 0.434648 0.378561 0.223197 0.00336153
0 0.725644 0.344967 0.540098 0.21251 0.00336101
0 0.719215 0.226434 0.560344 0.177673 0.00335781
0 0.345807 0.0799553 0.600177 0.159911 0.00335738
0 0.326143 0.618002 0.49812 0.18441 0.0033522
0 0.379793 0.702008 0.582684 0.15378 0.00334934
0 0.522553 0.69037 0.607507 0.139743 0.00334742
0 0.0971905 0.224181 0.194381 0.175579 0.00334613
0 0.291876 0.459375 0.394221 0.168119 0.00334443
0 0.641702 0.54718 0.559431 0.189671 0.00334335
0 0.12253 0.182137 0.24506 0.139299 0.00333373
0 0.821263 0.851821 0.357474 0.186248 0.00333056
0 0.561184 0.372706 0.632717 0.213222 0.00333042
0 0.166213 0.326707 0.332426 0.198557 0.00332835
0 0.297864 0.161333 0.52603 0.166361 0.00332595
0 0.0170722 0.869347 0.0341445 0.236192 0.00332442
0 0.177269 0.0748784 0.354539 0.149757 0.00332346
0 0.746702 0.450363 0.506595 0.18529 0.00332291
0 0.681602 0.517651 0.631658 0.150547 0.00332057
0 0.468892 0.322286 0.619795 0.209121 0.00332041
0 0.754427 0.20691 0.491146 0.163152 0.00330294
0 0.360775 0.496798 0.485213 0.169862 0.00329723
0 0.102069 0.295511 0.204139 0.155118 0.00329622
0 0.70198 0.29793 0.594903 0.171942 0.00329213
0 0.397274 0.686828 0.464983 0.228745 0.00329188
0 0.805205 0.442529 0.38959 0.16948 0.00329067
0 0.685306 0.611937 0.629387 0.104241 0.00328437
0 0.220839 0.550086 0.284871 0.187419 0.00328225
0 0.211568 0.416725 0.423136 0.211339 0.0032766
0 0.306928 0.306014 0.56527 0.197798 0.00327417
0 0.732731 0.503406 0.534538 0.184871 0.00327377
0 0.16772 0.500781 0.33544 0.187555 0.00327315
0 0.0976411 0.0336878 0.195282 0.0673755 0.00327159
0 0.796161 0.622052 0.407678 0.170405 0.00327146
0 0.720297 0.583995 0.559405 0.161286 0.0032693
0 0.414738 0.22532 0.445869 0.230392 0.00326851
0 0.235251 0.424088 0.375108 0.275549 0.00326495
0 0.232081 0.282866 0.464161 0.151783 0.00326467
0 0.169833 0.472158 0.339666 0.197983 0.00326215
0 0.168163 0.0776256 0.336325 0.155251 0.00326062
0 0.767498 0.826839 0.465003 0.159967 0.00325859
0 0.643262 0.626002 0.532085 0.111869 0.00325628
0 0.382869 0.520386 0.505311 0.15839 0.00324882
0 0.2666 0.75016 0.388886 0.18224 0.00324454
0 0.817988 0.0437751 0.364025 0.0875501 0.00324422
0 0.782372 0.723747 0.435255 0.175871 0.00324239
0 0.580355 0.304944 0.612935 0.162758 0.00324154
0 0.136379 0.225293 0.196521 0.248646 0.00324059
0 0.107983 0.419812 0.215967 0.168855 0.00323627
0 0.0289282 0.827783 0.0578564 0.191874 0.0032278
0 0.129553 0.208909 0.259105 0.154666 0.00322775
0 0.306553 0.190721 0.613106 0.200034 0.00322132
0 0.268278 0.660122 0.377374 0.147783 0.00322047
0 0.753529 0.796043 0.492942 0.176144 0.0032169
0 0.795351 0.338493 0.409298 0.180205 0.00321383
0 0.771738 0.855471 0.456524 0.187715 0.00321381
0 0.318264 0.109302 0.636528 0.218604 0.00321313
0 0.621124 0.298398 0.535031 0.11487 0.00321227
0 0.336065 0.830349 0.590276 0.187031 0.00320561
0 0.486588 0.502025 0.565835 0.183163 0.0032055
0 0.0391872 0.0832446 0.0783744 0.166489 0.00320457
0 0.75653 0.0489188 0.48694 0.0978376 0.00320442
0 0.563853 0.793756 0.62576 0.24013 0.00320092
0 0.0613743 0.279833 0.122749 0.176555 0.00319851
0 0.725233 0.0833044 0.363429 0.166609 0.00319719
0 0.041033 0.398632 0.082066 0.18474 0.00319343
0 0.270193 0.574265 0.373415 0.144101 0.0031933
0 0.849316 0.0798835 0.301367 0.159767 0.00319285
0 0.275936 0.109642 0.447021 0.219283 0.00318938
0 0.121827 0.156555 0.243653 0.201768 0.00318558
0 0.249311 0.373545 0.498621 0.183144 0.0031842
0 0.437363 0.242125 0.620605 0.239927 0.003184
0 0.0517783 0.334347 0.103557 0.176354 0.00318106
0 0.198054 0.261173 0.396109 0.226197 0.00317656
0 0.236956 0.361564 0.473911 0.201248 0.00317481
0 0.499131 0.683606 0.481441 0.179401 0.0031676
0 0.291847 0.541912 0.41716 0.171475 0.00316057
0 0.799734 0.367538 0.400533 0.179575 0.00315661
0 0.69237 0.0710156 0.433493 0.142031 0.00315413
0 0.788693 0.238318 0.301458 0.170841 0.00315122
0 0.445349 0.196747 0.449519 0.201081 0.00314947
0 0.449346 0.795119 0.59629 0.185631 0.00314842
0 0.717731 0.0652592 0.564538 0.130518 0.00314792
0 0.262147 0.849474 0.524295 0.23119 0.00314691
0 0.132678 0.0542088 0.265357 0.108418 0.00314177
0 0.771728 0.571368 0.456545 0.183686 0.00313852
0 0.257616 0.80785 0.401609 0.129023 0.00313646
0 0.610554 0.0692836 0.458421 0.138567 0.00313588
0 0.628737 0.109426 0.563374 0.16342 0.00313547
0 1 0.313705 0 0.158845 0.00313288
0 0.138925 0.405924 0.277849 0.22704 0.00313119
0 0.00594259 0.517755 0.0118852 0.201237 0.00313054
0 0.43492 0.293234 0.624957 0.183877 0.00312851
0 0.498726 0.20007 0.639682 0.163993 0.00312762
0 0.023589 0.475075 0.0471781 0.201069 0.00312724
0 0.827869 0.918816 0.344262 0.162367 0.00312552
0 0.887686 0.91787 0.224628 0.164259 0.00312358
0 0.757343 0.37018 0.485315 0.196019 0.00312344
0 0.137728 0.228893 0.275455 0.26212 0.00311826
0 1 0.0215143 0 0.0430285 0.00311281
0 0.171693 0.550616 0.343387 0.163428 0.00311115
0 1 0.218474 0 0.151739 0.0031111
0 0.223008 0.589674 0.280957 0.1665 0.00311064
0 0.279551 0.134618 0.503178 0.193355 0.00311057
0 0.656955 0.494293 0.581482 0.161882 0.00310951
0 0.175796 0.629083 0.351593 0.184898 0.00310946
0 0.0719326 0.169973 0.143865 0.1741 0.0031081
0 0.202256 0.626005 0.355887 0.211636 0.00310621
0 1 0.934853 0 0.130293 0.00310583
0 0.174001 0.592313 0.348002 0.144702 0.00310551
0 0.571269 0.557172 0.539873 0.233453 0.00310431
0 0.0152803 0.411228 0.0305605 0.182365 0.0031011
0 0.025886 0.784838 0.0517721 0.192201 0.00309659
0 0.247522 0.28847 0.495043 0.208227 0.00309605
0 0.643234 0.417293 0.629132 0.164895 0.0030936
0 0.637708 0.663735 0.630328 0.202366 0.00309224
0 0.44465 0.214757 0.307799 0.250091 0.00309004
0 0.249081 0.837164 0.481783 0.165877 0.00308715
0 0.56556 0.929867 0.419238 0.140266 0.00308692
0 0.000944644 0.567119 0.00188929 0.195739 0.00308596
0 0 0.0261895 0 0.052379 0.00308511
0 0.175112 0.669872 0.350223 0.168753 0.00308148
0 0.644415 0.446449 0.601994 0.192721 0.00308096
0 0.0273795 0.352426 0.054759 0.182832 0.00308048
0 0.715837 0.269052 0.563395 0.169769 0.00307951
0 0.461621 0.221538 0.39046 0.196314 0.00307914
0 0.992748 0.0970508 0.0145037 0.194102 0.0275119
0 0.840368 0.598134 0.319264 0.803733 0.0202832
0 0.837785 0.375066 0.324431 0.750131 0.0191123
0 0.858587 0.138293 0.282827 0.276586 0.0177621
0 0.84767 0.687154 0.304659 0.625692 0.0166788
0 0.997779 0.240267 0.00444287 0.480534 0.0157164
0 0.996357 0.129974 0.00728641 0.259947 0.0151799
0 0.821061 0.300206 0.357879 0.600412 0.0151272
0 0.0253753 0.449135 0.0507506 0.304464 0.014893
0 0.524822 0.609528 0.468026 0.602536 0.0148758
0 0.0138446 0.504279 0.0276892 0.261917 0.0147006
0 0.0399198 0.381194 0.0798396 0.363452 0.0145469
0 0.0646705 0.31952 0.129341 0.397946 0.0144846
0 0.731091 0.262576 0.537817 0.506788 0.0144171
0 0.0434979 0.103704 0.0869959 0.207407 0.0138796
0 0.17981 0.708769 0.359621 0.164636 0.0138751
0 0.0906316 0.230609 0.181263 0.461218 0.0137709
0 0.273679 0.708557 0.547357 0.514027 0.0137549
0 0.409991 0.710068 0.320532 0.556627 0.0134117
0 0.282284 0.71691 0.564567 0.56618 0.0133846
0 0.0811407 0.159954 0.162281 0.319907 0.0133778
0 0.312993 0.657678 0.625986 0.436839 0.0131366
0 0.68412 0.489009 0.631761 0.82144 0.0131349
0 0.466643 0.581534 0.291026 0.361483 0.0130926
0 0.471778 0.0923376 0.31514 0.184675 0.0130626
0 0.26199 0.719958 0.480207 0.515324 0.0129068
0 0.892704 0.193004 0.214592 0.386009 0.01285
0 0.198923 0.674123 0.292717 0.186775 0.0127988
0 0.237221 0.671456 0.474442 0.322643 0.0127915
0 0.440147 0.607219 0.548472 0.488539 0.0126345
0 0.215441 0.238955 0.271863 0.258112 0.0125483
0 0.0100354 0.548277 0.0200709 0.262577 0.0125162
0 0.598586 0.10309 0.741708 0.206179 0.0124514
0 0.365539 0.556529 0.731078 0.258792 0.0124349
0 0.136825 0.239186 0.212533 0.267478 0.012429
0 0.403438 0.0735934 0.243571 0.124765 0.0122841
0 0.44042 0.538348 0.267901 0.282203 0.012245
0 0.386793 0.194671 0.259735 0.163336 0.012238
0 0.321457 0.45268 0.227167 0.267305 0.012216
0 0.403787 0.148346 0.240529 0.0717548 0.0121625
0 0.597028 0.0951947 0.332182 0.190389 0.0121457
0 0.47414 0.134381 0.543009 0.268761 0.0121053
0 0.103874 0.204923 0.207748 0.180996 0.0120509
0 0.23338 0.646556 0.466761 0.152484 0.0120494
0 0.389155 0.896172 0.77831 0.167174 0.0120089
0 0.684573 0.231991 0.630854 0.443271 0.0119876
0 0.387701 0.25006 0.254837 0.14555 0.0119738
0 0.379542 0.223503 0.465063 0.162001 0.0119578
0 0.286713 0.577588 0.298317 0.267014 0.0119567
0 0.069452 0.608122 0.138904 0.215932 0.0119558
0 0.0727032 0.532986 0.145406 0.191763 0.0119432
0 0.419023 0.120076 0.394254 0.152532 0.0119366
0 0.238913 0.672078 0.304349 0.143105 0.0119304
0 0.142179 0.651697 0.284357 0.227847 0.0119283
0 0.430045 0.576187 0.582661 0.3241 0.0119196
0 0.400792 0.107933 0.240878 0.130986 0.0119116
0 0.324461 0.384482 0.226643 0.251628 0.0118938
0 0.0232239 0.0241971 0.0464479 0.0483943 0.0118937
0 0.722276 0.318371 0.555448 0.636743 0.0118916
0 0.430481 0.327347 0.247265 0.13335 0.011831
0 0.385564 0.139703 0.265405 0.0870192 0.0118194
0 0.565739 0.442253 0.377394 0.356136 0.0118141
0 0.0876933 0.67049 0.175387 0.250597 0.0117814
0 0.352715 0.231907 0.705429 0.31525 0.0117783
0 0.196381 0.637077 0.293633 0.212911 0.0117551
0 0.145188 0.615646 0.290376 0.201583 0.011727
0 0.383411 0.083259 0.252587 0.158112 0.0117134
0 0.229446 0.323365 0.265289 0.248509 0.0117109
0 0.546623 0.143181 0.906754 0.286361 0.0117044
0 0.692493 0.47963 0.53767 0.430905 0.0116746
0 0.446906 0.39232 0.249629 0.218601 0.0116624
0 0.353143 0.637594 0.316933 0.427955 0.0116603
0 0.775695 0.350018 0.448611 0.700036 0.0116551
0 0.316406 0.505734 0.236565 0.266226 0.0116191
0 0.391593 0.389668 0.237356 0.258823 0.0116033
0 0.083123 0.108883 0.166246 0.217766 0.0116021
0 0.274918 0.579925 0.549835 0.260621 0.0115554
0 0.416841 0.0360221 0.246665 0.0720443 0.0115515
0 0.636585 0.400852 0.436782 0.346677 0.0115413
0 0.388556 0.310817 0.242897 0.209263 0.011521
0 0.405681 0.210986 0.24217 0.0928779 0.0115102
0 0.444996 0.487419 0.261133 0.275366 0.0115101
0 0.0309037 0.720275 0.0618074 0.260229 0.0114901
0 0.0256597 0.830023 0.0513195 0.248834 0.0114862
0 0.323275 0.321184 0.23275 0.240181 0.0114812
0 0.103439 0.236049 0.206877 0.314194 0.011426
0 0.557741 0.149562 0.657406 0.299125 0.0114163
0 0.058712 0.431032 0.117424 0.252032 0.0114109
0 0.489118 0.419567 0.24503 0.215988 0.0114039
0 0.159159 0.322025 0.258677 0.258213 0.011401
0 0.157179 0.573236 0.281363 0.234468 0.0113726
0 0.388588 0.461609 0.240472 0.280459 0.0113473
0 0.26134 0.896507 0.52268 0.166992 0.0113469
0 0.0412296 0.58931 0.0824591 0.257538 0.011344
0 0.363453 0.102126 0.726905 0.204252 0.0113193
0 0.791257 0.647059 0.417487 0.705883 0.0113117
0 0.48213 0.338065 0.573991 0.23394 0.0113097
0 0.254755 0.618372 0.33688 0.22233 0.0113029
0 0.41441 0.178523 0.82882 0.333203 0.0112989
0 0.410941 0.263561 0.237381 0.0848897 0.0112911
0 0.0888754 0.800701 0.177751 0.207241 0.0112721
0 0.0809812 0.474365 0.161962 0.207345 0.0112699
0 0.569095 0.775261 0.861809 0.449479 0.0112536
0 0.472852 0.331707 0.274985 0.126626 0.0112306
0 0.567839 0.540615 0.864322 0.632361 0.0112285
0 0.044145 0.530391 0.08829 0.226754 0.011216
0 0.104092 0.32256 0.208183 0.305911 0.0112125
0 0.242602 0.388346 0.239574 0.262831 0.0112043
0 0.494266 0.492231 0.726124 0.297575 0.0112037
0 0.00647584 0.870193 0.0129517 0.259613 0.0111974
0 0.5 0.550526 1 0.27582 0.0111649
0 0.0704353 0.654469 0.140871 0.273662 0.0111512
0 0.109975 0.619348 0.21995 0.216794 0.0111492
0 0.562106 0.340648 0.875789 0.402532 0.0111448
0 0.046069 0.479768 0.0921381 0.217349 0.011128
0 0.0336261 0.64424 0.0672521 0.289555 0.0111188
0 0.532625 0.690417 0.934751 0.619166 0.0111159
0 0.502989 0.339234 0.383242 0.164849 0.0111138
0 0.235031 0.0426099 0.237669 0.0852198 0.0111066
0 0.377893 0.039269 0.252982 0.0785381 0.0110928
0 0 0.0229854 0 0.0459708 0.0110851
0 0.0585184 0.809456 0.117037 0.323314 0.0110631
0 0.109937 0.107005 0.219873 0.21401 0.011062
0 0.0675571 0.71784 0.135114 0.245194 0.0110428
0 0.38466 0.512017 0.250392 0.277974 0.0110137
0 0.980988 0.135649 0.0380246 0.271298 0.0110116
0 0.556193 0.518973 0.887613 0.492669 0.0110021
0 0.430898 0.272802 0.360491 0.182241 0.0109828
0 0.244474 0.017465 0.226319 0.03493 0.0109827
0 0.793022 0.497828 0.413955 0.80437 0.0109823
0 0.142806 0.268112 0.251119 0.277961 0.0109533
0 1 0.912675 0 0.174651 0.0109529
0 0.0558529 0.819197 0.111706 0.230312 0.0109518
0 0.5869 0.601599 0.8262 0.794187 0.0109472
0 0.617948 0.901552 0.739574 0.174182 0.0109447
0 0.219685 0.573364 0.291764 0.249001 0.010938
0 0 0.174664 0 0.173379 0.0109361
0 0.0989868 0.381183 0.197974 0.267336 0.0109311
0 0.111317 0.207 0.222634 0.16239 0.0109281
0 0.245098 0.448276 0.23634 0.25697 0.0109195
0 0.0947999 0.428539 0.1896 0.231149 0.0108901
0 0.666665 0.105236 0.66667 0.210471 0.0108892
0 0.73542 0.400439 0.52916 0.800878 0.0108708
0 0.174282 0.382422 0.237337 0.246104 0.0108648
0 0.205463 0.770997 0.410926 0.157373 0.010861
0 0.22248 0.705683 0.336315 0.113032 0.0108459
0 0 0.838133 0 0.323735 0.010838
0 0.0881043 0.785484 0.176209 0.304735 0.0108374
0 0.377228 0.0180285 0.24437 0.0360571 0.0108226
0 0.728047 0.902272 0.543906 0.178285 0.0108106
0 0 0.238851 0 0.19464 0.0107972
0 0.0570861 0.897485 0.114172 0.194521 0.0107789
0 0.176779 0.0203625 0.23865 0.040725 0.0107666
0 0.545177 0.44294 0.305872 0.277496 0.0107544
0 0.142778 0.75434 0.285556 0.269536 0.0107431
0 0.324103 0.277449 0.234498 0.2324 0.0107412
0 0 0.108595 0 0.154147 0.0107174
0 0.158067 0.12477 0.228335 0.246267 0.0106908
0 0.110161 0.0687237 0.220322 0.137447 0.0106588
0 0.108435 0.0221418 0.216869 0.0442837 0.0106509
0 0.00707527 0.60584 0.0141505 0.303327 0.0106198
0 0.184749 0.734617 0.369498 0.141403 0.0105874
0 0.118188 0.559871 0.236376 0.224483 0.010577
0 0.921031 0.905031 0.157938 0.17061 0.0105719
0 0.000685447 0.910802 0.00137089 0.178395 0.0105602
0 0.934306 0.911173 0.131388 0.177654 0.0105541
0 0.08975 0.838346 0.1795 0.204354 0.0105505
0 0.120252 0.920989 0.240505 0.158022 0.010537
0 0.0823015 0.929233 0.164603 0.141533 0.0105314
0 0.076541 0.0750275 0.153082 0.150055 0.010522
0 0.0255074 0.934321 0.0510148 0.131359 0.0105164
0 0 0.828919 0 0.342163 0.0105096
0 0.1288 0.774142 0.2576 0.190287 0.0104923
0 0.178236 0.434985 0.234235 0.234031 0.0104794
0 0.116335 0.3186 0.23267 0.266145 0.010462
0 0 0.758985 0 0.355209 0.010459
0 0.119229 0.375672 0.238458 0.233157 0.0104573
0 0.561604 0.454304 0.876793 0.332567 0.0104152
0 0 0.287073 0 0.184814 0.0104118
0 0.818556 0.743211 0.362887 0.513578 0.0103927
0 0.231246 0.72612 0.331454 0.100685 0.0103903
0 0.169884 0.0497291 0.239483 0.0954264 0.0103598
0 0.560579 0.495667 0.704107 0.227026 0.0103488
0 0.740248 0.795556 0.519504 0.408889 0.0103401
0 0.212678 0.134332 0.268945 0.268054 0.010339
0 0.321252 0.104433 0.234857 0.208867 0.0103375
0 0.242083 0.508489 0.245844 0.271963 0.0103219
0 0.12096 0.421288 0.24192 0.219857 0.0103191
0 0 0.098963 0 0.197926 0.0102681
0 0 0.329637 0 0.161904 0.0102594
0 0.120292 0.484169 0.240584 0.219104 0.0102499
0 0.318025 0.0168219 0.242928 0.0336438 0.010243
0 0.0553985 0.863083 0.110797 0.230456 0.0102377
0 0.690015 0.0945142 0.163619 0.188072 0.0102354
0 0 0.377953 0 0.164567 0.0101954
0 0.5 0.274804 1 0.517131 0.0101912
0 0.174098 0.503711 0.247247 0.242783 0.0101876
0 0.232042 0.704689 0.464083 0.0794096 0.010173
0 0.056072 0.085805 0.112144 0.17161 0.0101706
0 0 0.444272 0 0.206104 0.0101685
0 0 0.578208 0 0.243041 0.0101632
0 0 0.923064 0 0.153872 0.0101533
0 0.695049 0.396182 0.609903 0.511467 0.0101082
0 0.0908773 0.886139 0.181755 0.20288 0.0101069
0 0 0.670526 0 0.404705 0.0100993
0 0.556942 0.145153 0.886115 0.28642 0.0100858
0 0.138551 0.210296 0.21726 0.178102 0.0100835
0 0.277493 0.681499 0.554986 0.121005 0.010019
0 0.319958 0.0384179 0.239384 0.0768358 0.00997018
0 0.328016 0.231559 0.229309 0.252499 0.00995745
0 0.0507004 0.0203421 0.101401 0.0406842 0.00994545
0 0 0.949409 0 0.101181 0.00989639
0 0.468244 0.104532 0.706145 0.206319 0.00987708
0 0.0301661 0.91829 0.0603323 0.157911 0.00986734
0 0.459076 0.909127 0.827394 0.181747 0.0098657
0 0.730933 0.711641 0.538135 0.576718 0.00985706
0 0.225777 0.847358 0.451555 0.201225 0.00983476
0 0.322809 0.174184 0.24094 0.173454 0.00981323
0 0 0.702762 0 0.40094 0.00979484
0 0 0.503161 0 0.215027 0.00978649
0 0.328786 0.910883 0.657572 0.178234 0.00973582
0 0.529804 0.825573 0.940393 0.345126 0.00972102
0 0.124772 0.816752 0.249545 0.148791 0.00972092
0 0.0742 0.0193909 0.1484 0.0387818 0.00971244
0 0.608995 0.332572 0.78201 0.665144 0.00969031
0 0 0.0815785 0 0.163157 0.0096793
0 0.722494 0.653702 0.555012 0.692595 0.00966923
0 0.0655415 0.921621 0.131083 0.148594 0.00962718
0 0.281861 0.816483 0.563722 0.19996 0.00961853
0 0.0473909 0.2336 0.0947819 0.373142 0.00960104
0 0.661439 0.104458 0.570063 0.196291 0.00959932
0 0.784865 0.907453 0.430271 0.185093 0.00957909
0 0.5 0.523826 1 0.221546 0.00951736
0 0.304738 0.844084 0.609475 0.182978 0.00944584
0 0.5 0.540486 1 0.352806 0.00943478
0 0.129017 0.913917 0.258033 0.137242 0.00931705
0 0 0.398021 0 0.288284 0.00926527
0 0.0287126 0.288313 0.0574251 0.341866 0.00926155
0 0.723463 0.434235 0.553074 0.732576 0.0092489
0 0.612725 0.7165 0.77455 0.567 0.00922913
0 0.00609577 0.340903 0.0121915 0.289812 0.00919511
0 0.363207 0.868169 0.726415 0.226127 0.00912576
0 0.100072 0.912835 0.200144 0.157859 0.00887807
0 0.234773 0.778392 0.469546 0.167458 0.00874168
0 0.232716 0.748032 0.465431 0.0577007 0.00870589
0 0.5 0.855161 1 0.280078 0.00855941
0 0.770701 0.59493 0.458599 0.81014 0.00841382
0 0.193449 0.899735 0.386898 0.168483 0.00824122
0 0 0.751622 0 0.496755 0.00819622
0 0.348534 0.650126 0.697068 0.183804 0.0081654
0 0.50901 0.493987 0.981979 0.268385 0.00765936
0 0.5 0.642233 1 0.479728 0.0074861
0 0.889029 0.798547 0.221942 0.402906 0.00742953
0 0.128206 0.906368 0.256413 0.161683 0.00722541
0 0.278912 0.754149 0.557825 0.0652479 0.00687498
0 0.5 0.751373 1 0.497255 0.00616333
0 0.129322 0.184101 0.189445 0.129749 0.00596227
0 0.366697 0.795286 0.733393 0.282661 0.00559341
0 0.484038 0.726012 0.968076 0.130007 0.00553893
0 0.310879 0.768371 0.621759 0.0995935 0.00550874
0 0.562873 0.756302 0.10711 0.0735838 0.0054926
0 1 0.415974 0 0.334369 0.00503703
0 1 0.539298 0 0.337367 0.00502289
0 1 0.613312 0 0.336435 0.00442867
0 0.987375 0.7078 0.0252499 0.337915 0.00431687
0 0.5 0.637125 1 0.323282 0.00422914
0 0.658176 0.749758 0.098047 0.0595167 0.00416845
0 0.988374 0.798091 0.0232512 0.311533 0.00416525
0 0.989083 0.560751 0.0218333 0.336138 0.00416196
0 0.507367 0.831774 0.112142 0.0576382 0.00411706
0 0.988461 0.336237 0.0230775 0.337093 0.00396674
0 0.593554 0.361161 0.0606808 0.00960755 0.00395518
0 0.125617 0.127662 0.251235 0.255324 0.00395173
0 0.990184 0.882495 0.0196317 0.235011 0.00394774
0 0.987691 0.436076 0.0246172 0.3366 0.00391781
0 0.988606 0.634636 0.0227876 0.335939 0.00390823
0 0.159813 0.1827 0.133728 0.124763 0.00390806
0 1 0.462081 0 0.319178 0.0039079
0 0.708719 0.100538 0.272728 0.193026 0.00388956
0 0.569397 0.587647 0.078407 0.0419312 0.00381197
0 0.0126236 0.206803 0.0252472 0.214019 0.0037836
0 0.637935 0.35906 0.0609436 0.0100971 0.00376355
0 0.619549 0.754123 0.16962 0.0681103 0.00374371
0 0.857561 0.902856 0.284878 0.194289 0.00373133
0 0.0138286 0.255299 0.0276572 0.215898 0.00370899
0 1 0.68737 0 0.337768 0.00370327
0 0.0128324 0.121379 0.0256648 0.242758 0.00370322
0 0.0403407 0.196827 0.0806815 0.264277 0.00364049
0 0.0963079 0.514017 0.192616 0.293219 0.00362395
0 0.195155 0.601201 0.170274 0.0684576 0.00361186
0 0.0149493 0.306008 0.0298986 0.208859 0.00360772
0 0.673996 0.356295 0.0909964 0.0150764 0.00359959
0 1 0.800698 0 0.291636 0.00357096
0 0.172423 0.563135 0.110757 0.032703 0.00356667
0 0.0413059 0.149451 0.0826118 0.260413 0.00355514
0 0.146088 0.60791 0.0702721 0.0201597 0.00355488
0 0.556713 0.30029 0.0970244 0.0432769 0.0035545
0 1 0.364771 0 0.315533 0.00354344
0 0.985471 0.257153 0.0290579 0.339222 0.0035431
0 0.0959466 0.187788 0.174867 0.139286 0.00354156
0 0.137081 0.188491 0.189299 0.144423 0.545363
0 0 0.0917258 0 0.183452 0.252862
0 0 0.0932871 0 0.186574 0.197669
0 0 0.108303 0 0.216606 0.126841
0 0 0.0946022 0 0.189204 0.109315
0 0.0525808 0.358493 0.105162 0.286184 0.105509
0 0.568352 0.0899374 0.150374 0.179875 0.0988932
0 0.0514435 0.344795 0.102887 0.260367 0.0983874
0 0.531686 0.0877014 0.158216 0.175403 0.0880878
0 0.0678011 0.330609 0.0683873 0.245714 0.0808234
0 0.0792125 0.0818277 0.158425 0.163655 0.0802651
0 0.428484 0.0907228 0.14886 0.181446 0.0799885
0 0.803855 0.108491 0.180268 0.216983 0.0793067
0 0.605398 0.0924795 0.148646 0.184959 0.077449
0 0.464955 0.0882102 0.145488 0.17642 0.0738911
0 0.992227 0.103035 0.0155461 0.206069 0.0714699
0 0.844077 0.110988 0.194437 0.221976 0.0705685
0 0.924725 0.115533 0.150549 0.231065 0.0705639
0 0.496541 0.0871026 0.146683 0.174205 0.0705213
0 0.700123 0.105657 0.175289 0.211314 0.0669318
0 0.949238 0.115441 0.101523 0.230881 0.0656532
0 0.664828 0.105795 0.182496 0.21159 0.0653285
0 0.315115 0.0940068 0.19184 0.188014 0.0620197
0 1 0.0927112 0 0.185422 0.061026
0 0.10503 0.0806285 0.197928 0.161257 0.0608166
0 0.771878 0.106895 0.184167 0.213791 0.0600186
0 0.351584 0.0941263 0.183723 0.188253 0.0599842
0 0.757801 0.0987616 0.13433 0.197523 0.0590284
0 0.640567 0.09544 0.161824 0.19088 0.0588034
0 0.883274 0.102634 0.203096 0.205268 0.0579633
0 0.721276 0.0984943 0.130481 0.196989 0.0574453
0 0.988671 0.100102 0.0226589 0.200204 0.0567465
0 0.738001 0.10596 0.181667 0.21192 0.0541277
0 0.278619 0.0926189 0.192442 0.185238 0.0538673
0 0.392638 0.0932435 0.170123 0.186487 0.0537732
0 0.130556 0.266239 0.181444 0.295131 0.046436
0 0.138956 0.0804178 0.182004 0.160836 0.0458758
0 1 0.0862014 0 0.172403 0.04555
0 0.175631 0.0814477 0.161795 0.162895 0.0441856
0 1 0.0856226 0 0.171245 0.0428812
0 0.165908 0.188281 0.130424 0.150915 0.0399462
0 0.967292 0.114003 0.0654167 0.228007 0.0391553
0 0.209472 0.0849212 0.174358 0.169842 0.038381
0 0.245173 0.0892867 0.188157 0.178573 0.0366802
0 0.190692 0.197102 0.081272 0.169726 0.0354291
0 0.41597 0.112143 0.193499 0.224286 0.033214
0 0.889166 0.122089 0.221668 0.244178 0.0327677
0 0.633381 0.115155 0.196957 0.230309 0.0323868
0 0.451501 0.109409 0.178968 0.218817 0.0320568
0 0.058641 0.0906061 0.117282 0.181212 0.0316849
0 0.838157 0.0889794 0.123179 0.177959 0.0269676
0 0.867163 0.0898041 0.146428 0.179608 0.0258164
0 0.00865378 0.081898 0.0173076 0.163796 0.0257104
0 0.0686935 0.363331 0.137387 0.274874 0.0251656
0 0.592258 0.119871 0.197718 0.239742 0.0248594
0 0.556997 0.122811 0.192821 0.245622 0.0245752
0 0.317094 0.190778 0.19668 0.255186 0.0245078
0 0.147097 0.366724 0.214597 0.279627 0.0227442
0 0.798881 0.0885616 0.139768 0.177123 0.02242
0 0.48028 0.12535 0.201525 0.250701 0.0222548
0 0.975883 0.0895046 0.0482342 0.179009 0.0222014
0 0.979775 0.109832 0.0404501 0.219663 0.020876
0 0 0.134263 0 0.268525 0.0202823
0 0.0218994 0.0710817 0.0437988 0.142163 0.0202268
0 0.0303831 0.0804262 0.0607661 0.160852 0.0192101
0 0.521603 0.124896 0.202353 0.249791 0.0187067
0 0.0375614 0.0872846 0.0751228 0.174569 0.0170104
0 0.00314814 0.0718166 0.00629628 0.143633 0.0169122
0 0.729081 0.0765392 0.123045 0.153078 0.0162336
0 0.0488532 0.372474 0.0977064 0.310915 0.0161254
0 0.483809 0.0754161 0.111037 0.150832 0.0157926
0 0.849918 0.146309 0.153614 0.227281 0.0157893
0 0.183464 0.898702 0.167954 0.202595 0.015707
0 0.0988132 0.375074 0.186868 0.293804 0.0156461
0 0.49074 0.267533 0.175931 0.227845 0.0155036
0 0.838423 0.336339 0.122945 0.172296 0.0154879
0 0.764449 0.0762126 0.120279 0.152425 0.0152345
0 0 0.0731833 0 0.146367 0.0152263
0 0.764975 0.686731 0.114546 0.185053 0.0151122
0 0.735509 0.677587 0.108675 0.175005 0.0150369
0 0.447993 0.0739875 0.106654 0.147975 0.0148853
0 0.99618 0.0756381 0.00763966 0.151276 0.0148851
0 0.525126 0.0769918 0.0997801 0.153984 0.0147741
0 1 0.069943 0 0.139886 0.0146941
0 0.0377733 0.0725706 0.0755467 0.145141 0.0145863
0 0.0567555 0.0748668 0.113511 0.149734 0.0143817
0 0.419846 0.125255 0.218163 0.250509 0.0142467
0 0.792598 0.71075 0.157767 0.231714 0.0142308
0 0.687226 0.0773573 0.145944 0.154715 0.0141683
0 0.880465 0.142027 0.191742 0.271154 0.0140628
0 0 0.128648 0 0.257296 0.0138947
0 0.406399 0.0733102 0.126562 0.14662 0.0137742
0 0.456749 0.292003 0.178818 0.231801 0.0137307
0 0.559592 0.078253 0.111695 0.156506 0.0134977
0 1 0.0742321 0 0.148464 0.013322
0 0.328814 0.0736189 0.137273 0.147238 0.0132519
0 0.13203 0.551289 0.173723 0.241326 0.0132458
0 0.977922 0.0766145 0.0441568 0.153229 0.0132164
0 0.0153513 0.108695 0.0307026 0.21739 0.0131443
0 0.407153 0.721043 0.32704 0.273429 0.0130741
0 0.11366 0.907565 0.179314 0.184869 0.0130701
0 0.368176 0.0731551 0.125477 0.14631 0.0130098
0 0.00314481 0.121412 0.00628963 0.242825 0.0129594
0 0.659334 0.0780642 0.134139 0.156128 0.012926
0 0.633014 0.0785829 0.115096 0.157166 0.0128725
0 0.149662 0.898557 0.177343 0.202885 0.0127112
0 0.494072 0.319479 0.165421 0.255209 0.0125973
0 0 0.0728727 0 0.145745 0.0125664
0 0.290456 0.074903 0.147303 0.149806 0.0123944
0 0.710339 0.675197 0.0714858 0.170065 0.0123894
0 0.598832 0.0786306 0.109374 0.157261 0.0123641
0 0.380883 0.750678 0.331997 0.232893 0.0121385
0 0.253469 0.0766788 0.159363 0.153358 0.0120492
0 0.811489 0.251089 0.377022 0.442685 0.0119985
0 0.803783 0.69085 0.129743 0.189612 0.0119643
0 1 0.0725346 0 0.145069 0.0119194
0 0.0620917 0.333182 0.120741 0.24587 0.0118487
0 0.502148 0.792511 0.354735 0.268298 0.011834
0 0.666122 0.429073 0.432587 0.324985 0.011782
0 0.488605 0.701336 0.329441 0.251448 0.0117241
0 0.33111 0.71134 0.36684 0.293779 0.0117165
0 0.0390925 0.10466 0.078185 0.20932 0.0116584
0 0.87228 0.0762762 0.120132 0.152552 0.0116175
0 0 0.0739728 0 0.147946 0.0115238
0 0.170638 0.556376 0.18459 0.241958 0.0113359
0 0.704609 0.697049 0.260781 0.218123 0.0113235
0 0.626973 0.231845 0.469569 0.272598 0.0112771
0 0 0.0730832 0 0.146166 0.0112504
0 0.653333 0.491752 0.430629 0.264429 0.0110939
0 0.640716 0.617946 0.317906 0.292714 0.011019
0 0.426918 0.265679 0.155304 0.222366 0.0109405
0 0.0957408 0.549429 0.17541 0.241202 0.0109155
0 0.823463 0.146941 0.133302 0.21367 0.0108965
0 0.823834 0.708966 0.151087 0.222946 0.0108955
0 0.204913 0.353915 0.204604 0.302537 0.0108585
0 0.440645 0.76189 0.333605 0.253698 0.0107978
0 0.486756 0.373025 0.170017 0.261984 0.0107847
0 0.0700005 0.109894 0.140001 0.219787 0.0107336
0 0 0.920026 0 0.159949 0.0104633
0 0.918966 0.0770032 0.162068 0.154006 0.0102652
0 0.702925 0.642987 0.310061 0.243712 0.0101579
0 0.45538 0.138144 0.19137 0.268125 0.0101219
0 0.532015 0.27064 0.167544 0.231359 0.0101181
0 0.500397 0.565844 0.469158 0.368912 0.00999044
0 0.821898 0.326267 0.0912025 0.1539 0.00998968
0 0.809423 0.639629 0.381153 0.315668 0.00998777
0 0.493596 0.607105 0.362049 0.378103 0.0098665
0 0.891153 0.488409 0.217693 0.299798 0.00975712
0 0.178418 0.339158 0.19021 0.257085 0.0097539
0 0.582978 0.85073 0.481408 0.298541 0.00975197
0 0.256507 0.89873 0.151293 0.202539 0.00970318
0 0.14918 0.488354 0.298361 0.417009 0.00969444
0 0.607116 0.213087 0.521169 0.366219 0.00963932
0 0.0489749 0.823351 0.0979497 0.353299 0.00962477
0 0.842193 0.252257 0.315614 0.442542 0.00957083
0 0.320092 0.644831 0.4524 0.373832 0.00955839
0 0.0877695 0.961509 0.175539 0.0769814 0.0095039
0 0.796039 0.831209 0.3372 0.337581 0.00949889
0 0.0844974 0.908396 0.168995 0.183208 0.0094664
0 0.867895 0.433339 0.264209 0.372364 0.00945413
0 0 0.214335 0 0.250747 0.00944262
0 0.204163 0.580413 0.165513 0.249249 0.00938094
0 0.7915 0.780976 0.312046 0.369584 0.00935724
0 0.104774 0.170475 0.209548 0.34095 0.00933983
0 0.412274 0.623987 0.383668 0.373205 0.009328
0 0.247376 0.190719 0.0811842 0.282783 0.0093086
0 0.456465 0.3778 0.194978 0.253024 0.00928768
0 0.883211 0.0766091 0.171122 0.153218 0.00928192
0 0.977805 0.166464 0.0443901 0.332928 0.00921053
0 0.819886 0.457162 0.228518 0.213362 0.00920107
0 0.223597 0.307523 0.188538 0.279162 0.00919757
0 0.850944 0.799986 0.298112 0.400027 0.00917991
0 0.874231 0.615772 0.251539 0.398865 0.00916107
0 0.0866996 0.279908 0.0863345 0.264059 0.00915422
0 0.72626 0.462762 0.358956 0.227289 0.00913326
0 0.565007 0.610025 0.345078 0.325526 0.00912683
0 0.629368 0.689663 0.286548 0.21703 0.00908873
0 0.784127 0.702981 0.277925 0.225824 0.00908412
0 0.911556 0.313608 0.0881311 0.255867 0.00906436
0 0.813325 0.397362 0.300645 0.300366 0.00904466
0 0.626624 0.316323 0.523197 0.361343 0.00900572
0 0.894394 0.559962 0.211213 0.358654 0.00897591
0 0.712213 0.263334 0.410983 0.322896 0.00897121
0 0.79873 0.622781 0.32494 0.407508 0.00894012
0 0.959625 0.214499 0.0807503 0.397742 0.0089036
0 0.593894 0.348634 0.194862 0.299207 0.00885918
0 0.927539 0.361599 0.144921 0.239723 0.00884348
0 0.940618 0.366514 0.118764 0.40473 0.00883915
0 0.210711 0.396121 0.421421 0.328732 0.00881134
0 0.213577 0.371408 0.427153 0.359818 0.00879381
0 0 0.264882 0 0.255024 0.00875951
0 0.736888 0.217861 0.526224 0.435721 0.0087455
0 0.581517 0.557285 0.406508 0.345444 0.0087288
0 0.935197 0.46637 0.129606 0.415272 0.00869789
0 0.762671 0.855301 0.432322 0.289397 0.00869276
0 0.291972 0.898758 0.132812 0.202484 0.00866506
0 0.926913 0.559526 0.146175 0.255147 0.00864433
0 0.259265 0.706317 0.393783 0.278108 0.00862037
0 0.725712 0.821242 0.324384 0.309019 0.00861793
0 0.732756 0.414011 0.370654 0.29577 0.00858749
0 0.911394 0.188179 0.177212 0.376358 0.00857756
0 0.483392 0.512386 0.429618 0.339674 0.00857726
0 0.982019 0.476015 0.0359613 0.333697 0.00857556
0 0.293031 0.176071 0.189895 0.236337 0.00857464
0 0.85644 0.345666 0.28712 0.268881 0.00850498
0 0.908974 0.8547 0.182053 0.2906 0.00843005
0 0.985267 0.919584 0.0294665 0.160831 0.00842316
0 0.46051 0.175141 0.164809 0.238075 0.00841708
0 0.444362 0.848756 0.495387 0.302488 0.0084119
0 0.261921 0.188646 0.137119 0.263554 0.00837061
0 0.205445 0.908005 0.191348 0.18399 0.00836885
0 0.847799 0.708803 0.304401 0.240622 0.0083544
0 0 0.412356 0 0.243267 0.00831933
0 0.430423 0.320217 0.172147 0.255503 0.00830668
0 0.859004 0.338937 0.125905 0.190985 0.00830631
0 0.173059 0.404253 0.203215 0.31328 0.00823849
0 0.48835 0.166852 0.182558 0.264877 0.0082352
0 0.830065 0.750855 0.339871 0.346624 0.00822681
0 0.813967 0.853876 0.372066 0.292248 0.00814999
0 0.83303 0.355166 0.324841 0.255477 0.00814974
0 0.955672 0.52353 0.0886557 0.40155 0.00813989
0 0.360479 0.123998 0.228359 0.247995 0.00811863
0 0.054317 0.419149 0.108634 0.274829 0.00810658
0 0.198083 0.651829 0.396166 0.28538 0.00808898
0 0.93806 0.806367 0.123881 0.387265 0.00804864
0 0.497606 0.4478 0.434455 0.324531 0.00803974
0 0.784474 0.190811 0.431053 0.381622 0.0080373
0 0.984497 0.578739 0.0310065 0.345498 0.00803586
0 0.795839 0.730387 0.391815 0.292914 0.00803566
0 0.575402 0.491298 0.136559 0.232673 0.00800429
0 0.339731 0.216729 0.177864 0.263744 0.00796565
0 0.229457 0.315404 0.458914 0.39497 0.00796391
0 0.761062 0.71092 0.157718 0.227233 0.00795365
0 0.932769 0.7211 0.134462 0.420577 0.00793936
0 0.94484 0.658702 0.11032 0.385655 0.00793078
0 0.206897 0.450397 0.413794 0.346806 0.0079285
0 0.0439804 0.407743 0.0879609 0.248921 0.00792605
0 0 0.193992 0 0.30218 0.00791425
0 0.981175 0.323256 0.0376506 0.328932 0.00791306
0 0.561192 0.354717 0.199249 0.287493 0.00789027
0 0.744357 0.751901 0.361093 0.332891 0.00788976
0 0.312634 0.850666 0.486108 0.298667 0.00787579
0 0.984826 0.689619 0.030348 0.372401 0.00781913
0 0.865918 0.692145 0.268164 0.272546 0.00780697
0 0.932151 0.273278 0.135697 0.244971 0.0077829
0 0.240007 0.360802 0.412656 0.339073 0.00778008
0 0.564439 0.406154 0.459625 0.383384 0.00777201
0 0.313888 0.213978 0.239124 0.327084 0.0077368
0 0.256418 0.321055 0.201595 0.292479 0.00772981
0 0.177263 0.465189 0.354526 0.387134 0.00772183
0 1 0.0715679 0 0.143136 0.0077006
0 0.478447 0.888741 0.391471 0.222518 0.00767699
0 0.361536 0.582949 0.485327 0.386419 0.00767366
0 0.983731 0.781164 0.0325389 0.349073 0.00767019
0 0 0.314868 0 0.253807 0.00763566
0 0.611613 0.799219 0.368079 0.272548 0.00763218
0 0.599162 0.158536 0.211566 0.280758 0.00759943
0 0.161105 0.0926435 0.322209 0.185287 0.00758449
0 0.978462 0.383436 0.0430768 0.345833 0.00758239
0 0.730725 0.341574 0.408242 0.292058 0.00757529
0 0.118949 0.643273 0.237897 0.312458 0.00756107
0 0.263951 0.0920133 0.377869 0.184027 0.00754427
0 0.561933 0.182254 0.478659 0.364507 0.00753871
0 0.170446 0.637249 0.340891 0.313821 0.00751857
0 0.247536 0.848774 0.495072 0.302453 0.00751708
0 0.318641 0.124869 0.218274 0.249739 0.00749343
0 0.560987 0.451295 0.196765 0.310759 0.0074805
0 0.625048 0.747501 0.293414 0.290511 0.0074748
0 0.926604 0.50784 0.146792 0.264853 0.00746691
0 0.605825 0.186681 0.688595 0.373362 0.00745729
0 0.638816 0.345598 0.198241 0.301635 0.00745628
0 0.793164 0.885477 0.351689 0.229045 0.00743924
0 0.175439 0.688229 0.350877 0.277602 0.00743153
0 0.996823 0.11024 0.00635468 0.220479 0.00742991
0 0.206986 0.897213 0.327691 0.205575 0.00742255
0 0.982311 0.268276 0.035378 0.301749 0.00741311
0 0.716278 0.504818 0.350333 0.257256 0.00738947
0 0.418328 0.413909 0.181349 0.254797 0.0073771
0 0.353145 0.175216 0.163711 0.23179 0.00735132
0 0.298392 0.285721 0.431884 0.392771 0.00734475
0 0.564374 0.889309 0.379905 0.221381 0.00730539
0 0.686718 0.606924 0.360709 0.416643 0.00726573
0 0.423798 0.174954 0.16701 0.23299 0.00724199
0 0.0348508 0.551256 0.0697017 0.452514 0.00721541
0 0.178409 0.734386 0.356818 0.285105 0.00720401
0 0.231872 0.305827 0.463744 0.440448 0.00720151
0 0.978911 0.854481 0.0421777 0.291039 0.00717299
0 0.704772 0.88607 0.337211 0.22786 0.00714964
0 0.181042 0.842956 0.362083 0.314087 0.00713826
0 0.631019 0.888303 0.364761 0.223394 0.0071299
0 0 0.365995 0 0.252814 0.00712544
0 0.136533 0.366672 0.273066 0.335867 0.00710561
0 0.0557131 0.74471 0.111426 0.387794 0.00703379
0 0.26063 0.885029 0.413641 0.229943 0.00703193
0 0.152111 0.600497 0.304222 0.416375 0.00700333
0 0.425653 0.898145 0.328943 0.203709 0.00699645
0 0.141726 0.758482 0.205845 0.253324 0.0069847
0 0.00389514 0.219148 0.00779027 0.438297 0.00697626
0 0.331181 0.886144 0.406151 0.227712 0.00696338
0 0.780834 0.136244 0.172359 0.204631 0.00695178
0 0.130243 0.181596 0.180583 0.129588 0.880106
0 1 0.116064 0 0.232128 0.100237
0 1 0.107722 0 0.215443 0.0709618
0 0.106272 0.173569 0.134701 0.109922 0.0659628
0 0.871074 0.099574 0.257852 0.199148 0.0238884
0 0.103736 0.591639 0.0500594 0.142867 0.0229671
0 0.987099 0.118783 0.0258025 0.237566 0.0219796
0 0.121285 0.602545 0.0539406 0.112671 0.020641
0 0.875791 0.1131 0.248417 0.226201 0.0205395
0 0.116946 0.826868 0.0529882 0.139569 0.014584
0 0.103566 0.692039 0.056478 0.171428 0.0135507
0 0.128782 0.82638 0.0554789 0.133644 0.0131381
0 0.394267 0.794137 0.353346 0.325609 0.0130116
0 0.322819 0.800857 0.352568 0.311317 0.0124904
0 0.102558 0.64796 0.0554951 0.171249 0.0117916
0 0.429345 0.76023 0.322273 0.27471 0.011734
0 0.118385 0.689714 0.0539828 0.151844 0.011282
0 0.169321 0.184103 0.113657 0.1162 0.0110732
0 0.908219 0.0862588 0.183562 0.172518 0.011011
0 0 0.946704 0 0.106592 0.010825
0 0.537778 0.077249 0.261165 0.154498 0.010628
0 0.302317 0.777116 0.250747 0.250516 0.0105538
0 0.132274 0.600815 0.0668334 0.110367 0.010381
0 0.0798353 0.598617 0.0553783 0.175186 0.0100504
0 1 0.072973 0 0.145946 0.0100256
0 0.859986 0.324188 0.280029 0.291311 0.00991771
0 0.132016 0.845543 0.0571091 0.146638 0.0098179
0 0.098069 0.563712 0.0509623 0.168937 0.00958122
0 0 0.938154 0 0.123693 0.0095124
0 0.708007 0.490338 0.583986 0.457574 0.00919499
0 0.101866 0.831464 0.0565078 0.158811 0.00919065
0 0.654878 0.51818 0.690244 0.326631 0.0089786
0 0.117416 0.621686 0.0540445 0.168957 0.00893082
0 0.589013 0.453807 0.821974 0.343417 0.00870313
0 0.101082 0.793689 0.0572881 0.180099 0.00867487
0 0.45254 0.707555 0.90508 0.505894 0.00861201
0 0.193459 0.899829 0.345028 0.200343 0.00859546
0 0.917391 0.0966448 0.165217 0.19329 0.00852386
0 0.800563 0.133397 0.398874 0.266793 0.00844194
0 0.712992 0.57134 0.574017 0.392676 0.00842548
0 0.134276 0.900091 0.255178 0.199818 0.00828554
0 0.00629185 0.297774 0.0125837 0.438778 0.00823122
0 0.719628 0.585494 0.560744 0.23409 0.0081682
0 0.77714 0.526042 0.445721 0.511326 0.00809475
0 0.829632 0.359331 0.278256 0.227774 0.00805443
0 0.519579 0.581837 0.902052 0.394433 0.00803657
0 0.622666 0.750247 0.754668 0.499506 0.00802661
0 0.264388 0.898217 0.528775 0.203566 0.00800847
0 0.271936 0.609589 0.052807 0.148502 0.00798736
0 0.706547 0.719186 0.586906 0.561629 0.00795403
0 0.724348 0.538444 0.551305 0.228234 0.00794304
0 1 0.0924139 0 0.184828 0.00789017
0 0.116889 0.772407 0.0500003 0.140376 0.00787782
0 0.570992 0.890547 0.281478 0.185637 0.00786036
0 0.527487 0.557275 0.945026 0.298414 0.00784313
0 0.25461 0.609983 0.0540724 0.144681 0.00780145
0 0.0108451 0.103838 0.0216901 0.207676 0.00778909
0 0.329489 0.918736 0.408837 0.162528 0.00777188
0 0.694553 0.492301 0.610895 0.303599 0.00776277
0 0.265167 0.87248 0.369572 0.255039 0.00773445
0 0.535735 0.705886 0.928529 0.471217 0.00770798
0 0.645871 0.607373 0.708259 0.417042 0.0076993
0 0.448275 0.900498 0.393691 0.167788 0.00768943
0 0 0.028316 0 0.056632 0.00767024
0 0.658931 0.83454 0.682139 0.301009 0.00765533
0 0.583228 0.514409 0.833543 0.372094 0.00765275
0 0.875427 0.319028 0.249146 0.314935 0.00760676
0 0.160519 0.347038 0.321037 0.417219 0.00759492
0 0.117364 0.318706 0.234727 0.356713 0.00758293
0 0.383593 0.840865 0.587626 0.310568 0.00757646
0 0.66941 0.945767 0.426301 0.108466 0.00755676
0 0.961259 0.595393 0.0774814 0.227435 0.00752203
0 0.130109 0.686764 0.0622946 0.13397 0.00750191
0 0.788837 0.520164 0.422326 0.295922 0.00746975
0 0.748646 0.949855 0.383616 0.100291 0.00745382
0 0.612218 0.937868 0.383954 0.124265 0.00745282
0 0.67522 0.644923 0.649559 0.284789 0.00743836
0 0.411614 0.926609 0.390861 0.146782 0.00742213
0 0.759514 0.0464516 0.379228 0.0929032 0.0074086
0 0.95194 0.543692 0.0961198 0.245335 0.00740544
0 0.237425 0.345214 0.47485 0.423729 0.00739461
0 0.107938 0.476613 0.0555092 0.132607 0.00739418
0 0.00627484 0.203642 0.0125497 0.407283 0.0073595
0 0.146319 0.828414 0.059284 0.141501 0.0073045
0 0.89223 0.217569 0.215541 0.267146 0.00728553
0 0.118544 0.663942 0.0529556 0.140648 0.00725807
0 0.96719 0.89121 0.0656193 0.217579 0.00720768
0 0.494499 0.790271 0.988998 0.405312 0.00718839
0 0.811201 0.27903 0.377599 0.282471 0.00716271
0 0.105671 0.456602 0.0565749 0.12671 0.0070957
0 0.0795651 0.682558 0.0570172 0.185282 0.00708354
0 0.128584 0.783178 0.0506449 0.132903 0.0070723
0 0.00846318 0.391251 0.0169264 0.427334 0.00706204
0 0.490945 0.933742 0.403147 0.132516 0.00703268
0 0.369652 0.661943 0.739303 0.375199 0.00701791
0 0.774646 0.384502 0.450707 0.405982 0.00699833
0 0.367814 0.0478484 0.231284 0.0956968 0.00697385
0 0.965507 0.150305 0.0689854 0.237278 0.00696831
0 0.953684 0.0840675 0.0926325 0.168135 0.00696828
0 0.116054 0.124747 0.232107 0.249495 0.00696658
0 0.685287 0.759169 0.629425 0.391249 0.00696443
0 0.5 0.701683 1 0.373141 0.0069457
0 0.653117 0.895535 0.350366 0.166912 0.00694479
0 0.123865 0.16047 0.24773 0.243116 0.00692496
0 0.56456 0.931257 0.374594 0.137487 0.00692392
0 0.181744 0.161413 0.363487 0.23855 0.00692227
0 0.0225266 0.646535 0.0450533 0.300132 0.00690174
0 0.94222 0.794896 0.115559 0.201555 0.00685334
0 0.907799 0.52521 0.184402 0.304084 0.00682428
0 0.540505 0.295743 0.0525502 0.130492 0.0067908
0 0.223088 0.169655 0.446177 0.258626 0.0067542
0 0 0.0487586 0 0.0975173 0.00673962
0 0.222401 0.124644 0.444802 0.249287 0.00673554
0 0.596454 0.866622 0.449946 0.242725 0.00672443
0 1 0.0763377 0 0.152675 0.00671488
0 0.308161 0.859757 0.495721 0.280487 0.00670673
0 0.29192 0.610939 0.0581263 0.143371 0.0066967
0 0.281025 0.334642 0.489119 0.396332 0.00663729
0 0.648336 0.470928 0.0624911 0.149166 0.00662092
0 1 0.0382408 0 0.0764815 0.00661415
0 0.101621 0.744368 0.0597017 0.169963 0.00660348
0 0.116218 0.576945 0.0464165 0.152728 0.00659957
0 0.394375 0.645283 0.737265 0.215435 0.00659175
0 0.585922 0.90902 0.334045 0.151876 0.0065824
0 0.980059 0.935654 0.0398811 0.128693 0.00656968
0 0.560289 0.479001 0.0531152 0.113998 0.00654689
0 0.271406 0.9116 0.404705 0.176799 0.00652948
0 0.297586 0.839899 0.384003 0.320201 0.00651929
0 0.560344 0.445736 0.0572583 0.128906 0.00651146
0 0.912288 0.540793 0.175424 0.417709 0.00650185
0 0.36117 0.901196 0.403228 0.184124 0.00646004
0 0.757076 0.631271 0.485849 0.21801 0.00645741
0 0.95203 0.70553 0.0959394 0.230149 0.0064331
0 0.664648 0.422654 0.670704 0.391922 0.00643165
0 0.126849 0.904966 0.253697 0.190069 0.0064258
0 0.676869 0.65361 0.646262 0.502398 0.00641005
0 0.443292 0.0532458 0.245337 0.106492 0.00640959
0 0.107622 0.126489 0.215244 0.252979 0.00639995
0 0.896079 0.161516 0.207843 0.270035 0.00639825
0 0 0.619814 0 0.252658 0.00639156
0 0.994781 0.0393809 0.0104378 0.0787617 0.00637933
0 0.266431 0.300305 0.532862 0.429604 0.00636217
0 0.0226035 0.0535514 0.0452069 0.107103 0.00632348
0 0.638735 0.721473 0.72253 0.557054 0.00630575
0 0.573332 0.446057 0.061253 0.127249 0.00630393
0 0.0122945 0.951401 0.0245891 0.0971984 0.00627952
0 0.778009 0.88726 0.326909 0.184319 0.00624851
0 0.118987 0.713409 0.0516029 0.131414 0.00624179
0 0.969054 0.120772 0.0618923 0.241544 0.00624146
0 0.806603 0.266904 0.0593216 0.162676 0.00621839
0 0.948315 0.0297815 0.0624676 0.0595629 0.0062131
0 0.1185 0.747083 0.0545127 0.141389 0.00620707
0 0.0397259 0.634686 0.0794517 0.261537 0.00620125
0 0.216631 0.125418 0.433262 0.250837 0.00617224
0 0.171421 0.901984 0.342841 0.196032 0.0061515
0 0.0985151 0.0547841 0.19703 0.109568 0.00614094
0 0.967658 0.205224 0.0646846 0.220973 0.0061258
0 0.634457 0.0649213 0.422564 0.129843 0.0061222
0 0.966961 0.291207 0.066078 0.311229 0.00609686
0 0.637931 0.92308 0.369903 0.119321 0.00609536
0 0.929921 0.0304341 0.0630509 0.0608683 0.00608385
0 0.47493 0.0618472 0.246073 0.123694 0.00608036
0 0 0.944459 0 0.111081 0.00606225
0 0.934684 0.846683 0.130631 0.306634 0.0060473
0 0.985273 0.0371226 0.0294531 0.0742452 0.00602895
0 0 0.619361 0 0.245438 0.00602609
0 0.957449 0.643669 0.0851016 0.211286 0.00600269
0 0 0.630925 0 0.278852 0.00598557
0 0.521318 0.298045 0.072769 0.117996 0.00598465
0 0.721479 0.925305 0.37503 0.113677 0.00592229
0 0.257685 0.193165 0.51537 0.319654 0.00590587
0 0.140071 0.098561 0.280143 0.197122 0.00588776
0 0.0749843 0.321705 0.149969 0.363361 0.00586717
0 0.832781 0.138945 0.334437 0.27789 0.0058413
0 0.979928 0.0942145 0.0401432 0.188429 0.00582175
0 0.00303838 0.0565177 0.00607676 0.113035 0.0058182
0 0.129256 0.583956 0.0590611 0.119592 0.00579894
0 0.133015 0.16064 0.151808 0.0878782 0.00579462
0 0.970403 0.27195 0.059193 0.268594 0.00576761
0 0.96514 0.0347216 0.0697205 0.0694432 0.00576223
0 0.269695 0.795803 0.263702 0.270268 0.00575031
0 0.118803 0.48351 0.0496674 0.12071 0.00573292
0 0.371373 0.859402 0.451887 0.280075 0.00572649
0 0.773684 0.753575 0.452632 0.279613 0.00571645
0 0.310449 0.736047 0.0652281 0.157585 0.00571191
0 1 0.258895 0 0.26296 0.00568873
0 0.627841 0.47222 0.0639062 0.134208 0.00567997
0 0 0.0325419 0 0.0650838 0.00567352
0 0.76815 0.366407 0.273711 0.216695 0.00564717
0 0.965467 0.029905 0.0581754 0.0598101 0.00564483
0 0.523009 0.272903 0.0707846 0.12724 0.00564262
0 0.381994 0.804667 0.692579 0.346212 0.00563937
0 1 0.0362434 0 0.0724868 0.00563816
0 0.380797 0.751982 0.230021 0.254021 0.00561764
0 0.608676 0.452265 0.0594091 0.151069 0.00559789
0 0.953195 0.395857 0.0936102 0.329698 0.00557777
0 0.903472 0.942245 0.193055 0.115509 0.00557443
0 0.57311 0.477755 0.0583477 0.114152 0.00554554
0 0.0682996 0.264246 0.136599 0.348076 0.00553738
0 0.539612 0.399535 0.0568052 0.122872 0.00549994
0 0.15724 0.123856 0.314479 0.247712 0.00548958
0 0 0.647839 0 0.302169 0.00548156
0 0.111948 0.91011 0.223895 0.179781 0.00546786
0 0.0816266 0.922035 0.163253 0.155929 0.0054596
0 0.0822495 0.569722 0.0548151 0.182941 0.00543285
0 0.539742 0.506468 0.784936 0.332311 0.00543156
0 0.242297 0.608416 0.059484 0.148772 0.00539641
0 0.903841 0.693486 0.192318 0.232034 0.00538421
0 0.976438 0.0326895 0.0471248 0.065379 0.00538111
0 0.200509 0.899211 0.401018 0.201578 0.00537867
0 0.1117 0.20148 0.223399 0.325466 0.00537292
0 0.240954 0.769205 0.181267 0.234549 0.00537049
0 0.889744 0.87775 0.220512 0.235129 0.00535494
0 0.33801 0.753644 0.240621 0.25469 0.00533308
0 0.625593 0.44602 0.0610419 0.138794 0.00532827
0 0.965446 0.357192 0.0691088 0.352754 0.00532326
0 0.157332 0.0498871 0.214396 0.0997742 0.00531106
0 0.904845 0.873028 0.190311 0.253945 0.00530632
0 0.0836489 0.375323 0.167298 0.371451 0.00529399
0 0.30785 0.613549 0.057364 0.142818 0.00528522
0 0.591032 0.0281564 0.0659415 0.0563128 0.00525984
0 0.132337 0.71337 0.0623686 0.115319 0.00525202
0 0.305057 0.0431517 0.216588 0.0863035 0.00522723
0 0.130056 0.549345 0.0591331 0.143495 0.00522339
0 0.370582 0.261078 0.460118 0.349125 0.00521422
0 0.130836 0.617798 0.0633577 0.154356 0.00519512
0 0.540461 0.430506 0.0619971 0.124632 0.00518789
0 0.482979 0.339512 0.0841194 0.123189 0.00518093
0 0.186053 0.116161 0.372106 0.232323 0.00516714
0 0.207049 0.325404 0.414099 0.534883 0.00516249
0 0.0785284 0.0553284 0.157057 0.110657 0.00516122
0 0.128262 0.0891886 0.183967 0.0818232 0.00516116
0 0.486421 0.486072 0.0706955 0.0888779 0.00515075
0 0.942962 0.793714 0.114076 0.298568 0.00513437
0 0.213807 0.098214 0.427614 0.196428 0.00513364
0 0.454021 0.486468 0.0572826 0.0914166 0.00513228
0 0.0997311 0.423998 0.05758 0.139597 0.0051294
0 0.254179 0.56457 0.0479528 0.142897 0.005128
0 0 0.0485783 0 0.0971566 0.00512387
0 0.836853 0.087654 0.326295 0.175308 0.0050959
0 0.168114 0.830376 0.0568659 0.153197 0.00509295
0 0.132483 0.489654 0.0677504 0.105322 0.00507366
0 0.235747 0.73306 0.055586 0.167842 0.00506466
0 0.133122 0.648973 0.0658853 0.126441 0.00504984
0 0.590027 0.47293 0.055582 0.125358 0.00504509
0 0.0481224 0.0537558 0.0962447 0.107512 0.00503104
0 0.470595 0.485597 0.0568907 0.0917916 0.0050226
0 0.590657 0.444869 0.055623 0.130927 0.00500279
0 0.467427 0.338753 0.0770443 0.123876 0.00498257
0 0.936855 0.45128 0.126291 0.34096 0.00496769
0 0.966998 0.226479 0.0660041 0.273882 0.00495719
0 0.731225 0.175698 0.0546774 0.154407 0.00493654
0 0.970464 0.0740831 0.0590722 0.148166 0.00493503
0 0.351749 0.706586 0.63144 0.231493 0.00492964
0 1 0.0688119 0 0.137624 0.00492518
0 0.610133 0.0270799 0.0655153 0.0541598 0.00492154
0 0.098269 0.397376 0.0598677 0.124809 0.00492113
0 0.451241 0.339232 0.0736989 0.120534 0.00491344
0 0.201214 0.830301 0.0550393 0.161713 0.0049096
0 0.756189 0.427902 0.487622 0.391278 0.00488919
0 0 0.791448 0 0.310219 0.00487341
0 0.660431 0.470394 0.058533 0.152106 0.00486698
0 0.91238 0.0303527 0.0680696 0.0607054 0.00482916
0 0.0110862 0.6174 0.0221724 0.239286 0.00482076
0 0.601401 0.394812 0.797198 0.339647 0.00481828
0 0.186276 0.831907 0.0601484 0.159073 0.00480819
0 0.27132 0.555261 0.0500997 0.127246 0.00477409
0 0.381659 0.31956 0.435973 0.370409 0.0047689
0 0.127244 0.419763 0.254488 0.368312 0.00476518
0 0.575486 0.226423 0.0674757 0.120242 0.00475281
0 0.0504475 0.938604 0.100895 0.122791 0.00473797
0 0.844279 0.296765 0.0654297 0.112802 0.00473442
0 0 0.743232 0 0.312408 0.00473047
0 0.0129032 0.472394 0.0258064 0.381736 0.00471534
0 0.572581 0.0310775 0.0620952 0.062155 0.00470373
0 0.907595 0.0771771 0.18481 0.154354 0.00467131
0 0.132199 0.759791 0.0563696 0.144914 0.00466477
0 0.112075 0.112809 0.22415 0.225619 0.00466253
0 0.115242 0.549063 0.046565 0.159887 0.00466086
0 0.910049 0.123334 0.179902 0.246667 0.00465146
0 0 0.951523 0 0.0969534 0.00464978
0 0.488158 0.589581 0.0688517 0.121506 0.00463951
0 0.577052 0.209228 0.0667877 0.0948886 0.00460532
0 0.784013 0.264366 0.0496975 0.159557 0.00460087
0 0.629626 0.226142 0.060431 0.138329 0.00459311
0 0.542933 0.270213 0.050292 0.135291 0.00457557
0 0.764558 0.920204 0.470196 0.14256 0.00456405
0 0.496895 0.0814853 0.237765 0.162971 0.00456387
0 0.22283 0.730245 0.0566953 0.166347 0.00455184
0 0.925066 0.933394 0.149869 0.133213 0.00454888
0 0.556691 0.246975 0.0643818 0.123443 0.00454008
0 0.0782033 0.715866 0.0552849 0.182329 0.00453723
0 0.522277 0.397141 0.0610889 0.118709 0.00452605
0 0.959051 0.0721698 0.0818981 0.14434 0.00452535
0 0.0764294 0.455632 0.081598 0.137765 0.00452361
0 0.55737 0.228525 0.0700495 0.110955 0.00451115
0 0.375804 0.453361 0.0573123 0.134017 0.00450968
0 0.957826 0.484433 0.0843479 0.402107 0.00450565
0 0.264983 0.0425238 0.223618 0.0850476 0.00450562
0 0.355919 0.194366 0.482758 0.32856 0.0044957
0 0.133303 0.184756 0.186804 0.136872 0.939861
0 0 0.0291558 0 0.0583115 0.0148884
0 0 0.0457384 0 0.0914768 0.0128064
0 0 0.0613238 0 0.122648 0.0125839
0 1 0.0904893 0 0.180979 0.011632
0 1 0.88589 0 0.228221 0.010968
0 1 0.909859 0 0.180283 0.0104901
0 1 0.244088 0 0.299524 0.00933694
0 1 0.292957 0 0.298554 0.00913976
0 1 0.194176 0 0.300053 0.00886741
0 1 0.34259 0 0.299384 0.00833635
0 1 0.146802 0 0.293604 0.0081094
0 0.0379656 0.451053 0.0759312 0.277868 0.00791502
0 1 0.693247 0 0.300655 0.00787893
0 1 0.846005 0 0.307989 0.00779699
0 1 0.618233 0 0.30027 0.00778772
0 0.0896795 0.473909 0.179359 0.219193 0.00778005
0 0.0177346 0.409687 0.0354692 0.263463 0.00771192
0 1 0.392874 0 0.299797 0.00767615
0 0.800781 0.591099 0.398437 0.730117 0.007669
0 0.123514 0.594398 0.247027 0.255972 0.00766144
0 1 0.543127 0 0.299999 0.00765579
0 0.119215 0.482172 0.23843 0.209279 0.00760155
0 1 0.768183 0 0.301111 0.00757765
0 1 0.468063 0 0.299933 0.00757053
0 0.0632664 0.533226 0.126533 0.381404 0.00749565
0 0.800844 0.441224 0.398312 0.728271 0.00744927
0 0.800328 0.685337 0.399344 0.629326 0.00730015
0 0.998784 0.0938706 0.00243276 0.187741 0.00729454
0 0.828147 0.731384 0.343705 0.37174 0.00729304
0 0.0695164 0.448706 0.139033 0.200124 0.00726081
0 1 0.927099 0 0.145801 0.00705248
0 0.208063 0.910224 0.219357 0.179552 0.00697051
0 0.828223 0.478611 0.343553 0.368788 0.00692332
0 0.162795 0.0696245 0.32559 0.139249 0.00690686
0 0.0106571 0.0731861 0.0213141 0.146372 0.00688995
0 0.829733 0.621364 0.340533 0.338591 0.00688408
0 0.498776 0.126889 0.34387 0.175397 0.00688007
0 0.306804 0.101548 0.35986 0.203096 0.00681164
0 0.0161007 0.358124 0.0322014 0.252462 0.00680182
0 0.104307 0.53534 0.208614 0.285499 0.00680092
0 0.0568208 0.0688856 0.113642 0.137771 0.00675012
0 0.283215 0.438665 0.355532 0.194384 0.00672634
0 0.0255108 0.314402 0.0510216 0.279343 0.00666907
0 0.833268 0.325697 0.333465 0.283339 0.0066225
0 0.169362 0.483396 0.338724 0.195892 0.00661003
0 0.0303629 0.218147 0.0607258 0.338184 0.00660628
0 0.207707 0 0.282185 0 0.00659208
0 0.912951 0.108973 0.174098 0.217945 0.00658332
0 1 0.149727 0 0.299455 0.00656753
0 0.470283 0.353082 0.29439 0.148845 0.00648955
0 0.0350583 0.270337 0.0701167 0.306551 0.0064703
0 0.473677 0.253707 0.298998 0.166062 0.00646638
0 0.00828361 0.125278 0.0165672 0.250555 0.0064407
0 0.831388 0.817178 0.337223 0.309355 0.00641113
0 0.0900621 0.881798 0.180124 0.236405 0.00640364
0 0.22517 0.068061 0.359689 0.136122 0.00639971
0 0.838988 0.370573 0.322024 0.272166 0.00639894
0 0.0853376 0.611059 0.170675 0.46197 0.00638545
0 0.835392 0.418324 0.329217 0.306801 0.00638446
0 0.470307 0.451235 0.300809 0.159333 0.0063549
0 0.0484044 0.412638 0.0968087 0.182602 0.00633842
0 0.158696 0.703955 0.317393 0.329057 0.0063251
0 0.343886 0.252509 0.332148 0.195822 0.00631557
0 0.13977 0.567943 0.27954 0.267406 0.00630605
0 0.421606 0.439195 0.333867 0.161291 0.00628654
0 0.8136 0.744973 0.372799 0.510053 0.00628346
0 0.132897 0.808387 0.265794 0.280652 0.0062556
0 0.358 0.434494 0.349739 0.184548 0.00621924
0 0.756258 0.141291 0.487484 0.282583 0.0062085
0 0.128388 0.640319 0.256776 0.273007 0.00620544
0 0.471032 0.287825 0.299104 0.19233 0.00620291
0 0.276284 0.509387 0.346613 0.19235 0.00619905
0 1 0.108677 0 0.217354 0.0061787
0 0.409475 0.530557 0.34469 0.246955 0.00617868
0 0.537629 0.262814 0.331587 0.165727 0.00610637
0 0.0153176 0.547786 0.0306353 0.417947 0.00608779
0 0.502984 0.0944837 0.366521 0.188967 0.00608305
0 0.113539 0.273124 0.227079 0.321966 0.00605967
0 0.544112 0.0757946 0.364728 0.151589 0.00605701
0 0.211443 0.494671 0.351528 0.188254 0.00605497
0 0.143114 0.572654 0.286229 0.288801 0.00604965
0 0.35012 0.518766 0.356392 0.218246 0.00603855
0 0.108937 0.295296 0.217874 0.279571 0.00603783
0 0.40508 0.197599 0.339189 0.205991 0.00603147
0 0.905374 0.77907 0.189252 0.441861 0.0060167
0 0.426549 0.345336 0.338025 0.145685 0.00601616
0 0.338425 0.206318 0.34082 0.208945 0.0060069
0 0.21102 0.445934 0.358142 0.199584 0.00599993
0 0.10732 0.0678032 0.21464 0.135606 0.00595848
0 0.656392 0.968139 0.304881 0.0637222 0.00592741
0 0.0195808 0.157432 0.0391615 0.314863 0.0059233
0 0.402057 0.133215 0.341043 0.198356 0.00591594
0 0.642405 0.092597 0.451869 0.185194 0.00589298
0 0.587649 0.968032 0.29949 0.063936 0.00588379
0 0.818718 0.108582 0.362564 0.217164 0.00588354
0 0.211452 0.795569 0.422905 0.408862 0.00587324
0 0.882284 0.970413 0.235431 0.0591738 0.00585974
0 0.481672 0.199049 0.310241 0.185313 0.00585868
0 0.320197 0.0646291 0.344445 0.129258 0.00585486
0 0.826297 0.229374 0.347407 0.294683 0.005851
0 0.93283 0.248126 0.13434 0.496253 0.00584493
0 0.439252 0.967512 0.299852 0.0649765 0.00584329
0 0.871505 0.830877 0.256991 0.338246 0.00583613
0 0.464935 0.402407 0.297483 0.201985 0.00583232
0 0.512367 0.968171 0.292659 0.0636581 0.00578501
0 0.835005 0.863277 0.329989 0.248421 0.00577732
0 0.590622 0.169119 0.332502 0.200854 0.00575368
0 0.110513 0.695974 0.221026 0.521809 0.00574027
0 0.539373 0.411023 0.342522 0.206706 0.00571824
0 0.398777 0.248342 0.341044 0.18943 0.00569395
0 0.999628 0.97226 0.000744305 0.0554798 0.00568169
0 0.819062 0.168161 0.361876 0.302924 0.00567545
0 0.320956 0.146902 0.365992 0.200782 0.0056595
0 0.128258 0.139627 0.256516 0.220135 0.00564735
0 0.867061 0.255042 0.265879 0.510085 0.00562268
0 0.590455 0.275456 0.329053 0.183084 0.0056069
0 0.742707 0.121413 0.514587 0.242826 0.00560189
0 0.0599797 0.302477 0.119959 0.224329 0.00559566
0 0.191319 0.635979 0.382638 0.319526 0.00558311
0 0.535232 0.307758 0.335571 0.2029 0.00558142
0 1 0.0753526 0 0.150705 0.00556775
0 0.140396 0.455432 0.280793 0.20141 0.00555938
0 0.591853 0.101707 0.348901 0.191918 0.0055498
0 0.126 0.358909 0.252 0.196205 0.00554341
0 0.0386328 0.899256 0.0772657 0.201487 0.00554326
0 0.537623 0.217675 0.327011 0.189263 0.00554279
0 0.14177 0 0.28354 0 0.00553829
0 1 0.912073 0 0.175855 0.0055382
0 0.0427442 0.361359 0.0854884 0.172253 0.00551586
0 0.39523 0.0598475 0.326779 0.119695 0.00551124
0 0.204124 0.26471 0.356744 0.244915 0.00550875
0 0.841872 0.969075 0.276281 0.0618496 0.00550572
0 0.165124 0.618178 0.327044 0.213912 0.00549134
0 0.122463 0.189615 0.244927 0.155638 0.00548332
0 0.734728 0.966691 0.306734 0.0666178 0.00546251
0 0.102818 0 0.205636 0 0.00543224
0 0.327893 0.0814315 0.341354 0.162863 0.00542439
0 0.0248433 0.972111 0.0496867 0.0557777 0.00541789
0 0.0224865 0.619517 0.0449731 0.49916 0.00540037
0 0.894989 0.140009 0.210022 0.280017 0.00539102
0 0.382715 0.96629 0.311897 0.0674205 0.00538308
0 0.963662 0.148527 0.0726759 0.297054 0.00538293
0 0.168866 0.430752 0.337732 0.195192 0.00537649
0 0.178406 0.122646 0.349595 0.20596 0.00536134
0 0.132511 0.931317 0.265023 0.137366 0.00534917
0 0.277911 0 0.282523 0 0.00534538
0 0.55111 0.463367 0.348618 0.157361 0.00533155
0 0.798215 0.9681 0.304598 0.0637996 0.00530823
0 0.596762 0.42058 0.32463 0.195713 0.00527
0 0.227568 0.372316 0.386609 0.185856 0.00526285
0 0.0952465 0.423987 0.190493 0.190179 0.00525211
0 0.134784 0.324652 0.269568 0.399505 0.00523898
0 0.809367 0.142393 0.381266 0.284785 0.0052325
0 0.705622 0.162259 0.447492 0.286324 0.00522299
0 0.0693917 0.913141 0.138783 0.173717 0.00522231
0 0.207961 0.0808032 0.361638 0.161606 0.00521828
0 0.307648 0.362856 0.383807 0.184473 0.00521132
0 0.497387 0.0689752 0.365327 0.13795 0.00519661
0 0.394588 0.0975795 0.324431 0.195159 0.00517526
0 0.0125942 0.480433 0.0251885 0.349899 0.00515964
0 0.54096 0.365885 0.338828 0.168022 0.0051394
0 0.296181 0.93152 0.324515 0.136959 0.00513229
0 0.0663477 0.938873 0.132695 0.122255 0.00513078
0 0.321299 0.297642 0.37247 0.194492 0.00512886
0 0.754298 0.801918 0.491403 0.396164 0.00510945
0 0 0.88692 0 0.226159 0.00509149
0 0.0484625 0.757261 0.0969249 0.485479 0.00508425
0 0.208284 0.73809 0.416568 0.463889 0.00507924
0 0.167043 0.895235 0.310149 0.20953 0.00506849
0 0.646435 0.938484 0.321597 0.123033 0.00506704
0 0.376857 0.349822 0.36755 0.174214 0.00505278
0 0.387877 0.288565 0.356963 0.19601 0.00503031
0 0.549937 0.14737 0.335999 0.164037 0.00500867
0 0.121688 0.969523 0.243376 0.0609539 0.00500824
0 0.155896 0.704115 0.311792 0.591771 0.00500196
0 0.0816318 0.359463 0.163264 0.169213 0.00499339
0 0.945786 0.968401 0.108428 0.0631988 0.00494777
0 0.306483 0.967169 0.324912 0.0656622 0.00492862
0 0.878674 0.734724 0.242651 0.530552 0.00492258
0 0.594922 0.372745 0.324207 0.18808 0.00491355
0 0.166985 0.3706 0.33397 0.191653 0.00487839
0 0.688232 0.225659 0.365767 0.225795 0.00485704
0 0.102606 0.0690614 0.205212 0.138123 0.00484742
0 0.397906 0.0781895 0.332206 0.156379 0.00484405
0 0 0.960656 0 0.0786885 0.00484353
0 0.591928 0.22884 0.323529 0.18755 0.00483882
0 0.0313648 0.933347 0.0627296 0.133306 0.00483812
0 0.594425 0.331112 0.322249 0.192418 0.00481896
0 0.796343 0.323672 0.407313 0.647345 0.00480954
0 0.206139 0.92002 0.277502 0.15996 0.00479203
0 0.72977 0.935288 0.323816 0.129424 0.0047817
0 0.896118 0.931517 0.207763 0.136966 0.00477341
0 0.155896 0.67397 0.308887 0.241508 0.00476469
0 0.735616 0.121551 0.528768 0.243102 0.00474926
0 0.86494 0.565601 0.270121 0.674566 0.0047462
0 0.573004 0.937787 0.321317 0.124426 0.00473042
0 0.38367 0.929277 0.315536 0.141446 0.00472941
0 0.15431 0.845921 0.308621 0.261023 0.00472454
0 0.869012 0.362256 0.261976 0.661149 0.0047237
0 0.492145 0.936956 0.304049 0.126089 0.00470456
0 0.606228 0.0917105 0.397326 0.183421 0.00469863
0 0.69896 0.423915 0.358931 0.225012 0.00468825
0 0.0812031 0.27027 0.162406 0.264077 0.00468586
0 0.175457 0.160525 0.337625 0.181643 0.00468089
0 0.241556 0.966745 0.311274 0.06651 0.00465338
0 0.787101 0.422988 0.368345 0.231895 0.00461388
0 0.13492 0.890289 0.26984 0.219421 0.00459799
0 0.412672 0.847026 0.318402 0.225709 0.00456726
0 0.0588707 0.156248 0.117741 0.189638 0.00454313
0 0.26909 0.615194 0.312547 0.161925 0.00453535
0 0.560914 0.891505 0.321602 0.212437 0.00453084
0 0.277826 0.839699 0.323697 0.222277 0.00452113
0 0.419704 0.613175 0.337367 0.174152 0.00448972
0 0.230609 0.304642 0.401294 0.220084 0.00448817
0 0.450817 0.0835711 0.365095 0.167142 0.00447769
0 0.779356 0.159458 0.441288 0.307643 0.00447222
0 0.0867759 0.202497 0.173552 0.188222 0.00444145
0 0.424291 0.569988 0.323682 0.231775 0.00443895
0 0.704601 0.885029 0.329423 0.220201 0.00443608
0 0 0.0347031 0 0.0694062 0.00443562
0 0.267641 0.569647 0.305927 0.239542 0.00441436
0 0.413643 0.772012 0.318855 0.184909 0.00440914
0 0.794713 0.72955 0.410574 0.301672 0.00440774
0 0.740823 0.38941 0.518354 0.541567 0.00440304
0 0.0094363 0.0537845 0.0188726 0.107569 0.00440298
0 0.335667 0.847123 0.299178 0.233243 0.00440267
0 0.783532 0.228853 0.432936 0.434169 0.00439941
0 0.600267 0.477872 0.321244 0.183128 0.00439017
0 0.408442 0.691597 0.327136 0.219279 0.0043877
0 0.213709 0.569882 0.307081 0.241871 0.00438217
0 0.236283 0.898789 0.312765 0.202421 0.00438188
0 0.788581 0.622111 0.380172 0.242311 0.00437775
0 0.793866 0.940639 0.31705 0.118721 0.00435676
0 0.540579 0.532483 0.349242 0.245828 0.00435462
0 0.785599 0.477228 0.384135 0.285409 0.00435122
0 0.736333 0.492409 0.527333 0.583903 0.00433938
0 0.554264 0.840206 0.332949 0.207731 0.00433584
0 0.339771 0.780225 0.293765 0.169748 0.00432441
0 0.734697 0.596779 0.530607 0.599109 0.00431899
0 0.675267 0.289314 0.356158 0.226488 0.00431453
0 0 0.975546 0 0.0489072 0.00430129
0 0.216831 0.678273 0.309137 0.209085 0.00429173
0 0.476454 0.573367 0.293168 0.226159 0.0042914
0 0.221946 0.619174 0.323256 0.181518 0.00428628
0 0.0623902 0.971956 0.12478 0.0560884 0.00428433
0 0.150581 0.775306 0.301163 0.219382 0.0042824
0 0.688875 0.372614 0.340204 0.224879 0.00427939
0 0.183002 0.966522 0.317432 0.0669565 0.00426728
0 0.776587 0.37168 0.334061 0.229183 0.00426439
0 0.626531 0.89085 0.312005 0.212495 0.00426018
0 0.781371 0.22248 0.393738 0.251867 0.00423564
0 0.1559 0.731406 0.3118 0.236518 0.00423296
0 0.843799 0.906785 0.288844 0.186431 0.00420486
0 0.736451 0.721464 0.527098 0.557072 0.00420032
0 0.358387 0.56721 0.30136 0.239643 0.00419732
0 0.776722 0.334597 0.347752 0.211897 0.0041933
0 0.786422 0.577079 0.380105 0.239489 0.00418901
0 0.481795 0.893086 0.284496 0.208489 0.00418642
0 0.780559 0.88118 0.337132 0.223003 0.00417726
0 0.842975 0.939733 0.269696 0.120534 0.00416721
0 0.777283 0.283619 0.37665 0.258721 0.00415117
0 0.333164 0.686671 0.303719 0.210102 0.00413178
0 0.350777 0.612398 0.328291 0.169234 0.00412972
0 0.471223 0.843626 0.300775 0.220426 0.00412299
0 0.435677 0.909974 0.299524 0.180053 0.00407652
0 0.361959 0 0.296849 0 0.0040753
0 0.96146 0.849131 0.0770807 0.301738 0.00406799
0 0.472223 0.621062 0.301734 0.193148 0.0040611
0 0.219615 0.844168 0.332343 0.23843 0.00404286
0 0.471494 0.739314 0.300172 0.194329 0.00403916
0 0.0435566 0.123061 0.0871132 0.243828 0.00401512
0 0.791651 0.675609 0.396357 0.256405 0.00400221
0 0.466196 0.689654 0.307105 0.219881 0.00396468
0 0.686828 0.481098 0.34895 0.247657 0.00395305
0 0.340186 0.735829 0.298963 0.202064 0.00388742
0 0.612077 0.843761 0.317373 0.218035 0.0038831
0 0.417408 0.738002 0.325074 0.189881 0.00387803
0 0.168839 0.316789 0.337678 0.334643 0.0038772
0 0.177201 0.207801 0.347612 0.182095 0.00387003
0 0.696865 0.731887 0.361542 0.292781 0.00386725
0 0.691616 0.837808 0.350304 0.243308 0.00385605
0 0.557296 0.58046 0.349244 0.217562 0.00384833
0 0.289687 0.891048 0.319957 0.21678 0.0038357
0 0.0121951 0.846039 0.0243902 0.307921 0.003835
0 0.602115 0.535915 0.325054 0.231106 0.00381735
0 0.279328 0.782642 0.311278 0.172566 0.00380547
0 0.617656 0.737665 0.333033 0.238928 0.00378867
0 0.219536 0.735501 0.320919 0.214428 0.00377743
0 0.789625 0.825344 0.391913 0.264204 0.00376474
0 0.468006 0.774742 0.296484 0.197515 0.00374439
0 0.793447 0.529725 0.396424 0.25676 0.00372972
0 0.652111 0.913702 0.323563 0.172597 0.00372887
0 0 0.908297 0 0.183406 0.00370845
0 0.0397286 0.689499 0.0794572 0.621001 0.00367691
0 0.700137 0.779377 0.359033 0.239644 0.00367427
0 0 0.0712153 0 0.142431 0.00366801
0 0.269343 0.738112 0.305231 0.200525 0.00364713
0 0.686045 0.534914 0.342757 0.245271 0.0036437
0 0.117166 0.337781 0.234331 0.464234 0.00364265
0 0.134067 0.184706 0.181613 0.132375 0.989048
0 0.187366 0.916214 0.181531 0.139154 0.261653
0 0.251994 0.916056 0.30267 0.136857 0.0350286
0 0.874497 0.364632 0.251005 0.1513 0.02407
0 0.99795 0.0937446 0.00409935 0.187489 0.0239426
0 0.445742 0.256905 0.198705 0.071792 0.0178824
0 0 0.0215204 0 0.0430408 0.0149623
0 0.624089 0.108321 0.244334 0.163323 0.00976783
0 0.998287 0.89972 0.00342607 0.200559 0.00904531
0 0.454161 0.218489 0.173318 0.0491186 0.00881241
0 0.484564 0.206707 0.119538 0.0541786 0.00805545
0 0 0.0137839 0 0.0275679 0.00739252
0 0.870801 0.914304 0.258397 0.152399 0.00732637
0 0.449243 0.34939 0.16896 0.0650415 0.00699486
0 0.832606 0.197538 0.307402 0.19705 0.00667938
0 0.753193 0.259462 0.120408 0.0955003 0.00660832
0 0.825207 0.32219 0.297966 0.20062 0.00660337
0 0.595976 0.488685 0.293874 0.180947 0.00645565
0 0.131833 0.153174 0.243683 0.185813 0.00642741
0 0.805605 0.755294 0.263418 0.169427 0.00640258
0 0.485293 0.419808 0.281229 0.189894 0.00640081
0 0.517269 0.195154 0.14795 0.07595 0.00629224
0 0.499391 0.475279 0.271556 0.166965 0.00627095
0 0.806482 0.164566 0.335319 0.243744 0.00626395
0 0.163509 0.890936 0.123472 0.0937767 0.00626219
0 0.677112 0.114666 0.394726 0.229331 0.00623163
0 0.666713 0.502696 0.322449 0.184735 0.00617914
0 0.120048 0.143395 0.240095 0.286791 0.00613014
0 0.562385 0.0932993 0.329651 0.186599 0.00611011
0 0.182868 0.328936 0.365735 0.443198 0.0061041
0 0.811294 0.0906358 0.377413 0.181272 0.006021
0 0.612226 0.105091 0.288166 0.210182 0.00600507
0 0.623853 0.548437 0.260037 0.148818 0.00595334
0 0.82611 0.560601 0.300834 0.158941 0.00593875
0 0.163596 0.87239 0.121981 0.107009 0.00591059
0 0.516507 0.546538 0.268496 0.146569 0.00589693
0 0.128536 0.188757 0.257071 0.143176 0.00586896
0 0.557849 0.284861 0.342961 0.198918 0.00586142
0 0 0.0242828 0 0.0485657 0.00581886
0 0.806147 0.597849 0.29083 0.166695 0.00580369
0 0.66266 0.407187 0.349815 0.216033 0.00578472
0 0.753818 0.758777 0.216735 0.168265 0.00573764
0 0.774507 0.733895 0.23775 0.214663 0.00573659
0 0.6275 0.102503 0.33336 0.205006 0.00573044
0 0.794316 0.129743 0.370491 0.259486 0.00572958
0 0.226806 0.887195 0.254604 0.206223 0.00572923
0 0.482829 0.0819176 0.328486 0.163835 0.00571501
0 0.329636 0.638404 0.159781 0.107749 0.005704
0 0.0615196 0.124084 0.123039 0.248168 0.00569725
0 0.770243 0.117712 0.459514 0.235424 0.00568475
0 0.497693 0.199873 0.130131 0.0671651 0.00565013
0 0.232803 0.943289 0.253988 0.113422 0.00564603
0 0.589981 0.158011 0.328038 0.238446 0.00563537
0 0.671463 0.171137 0.398567 0.230349 0.00560678
0 0.571511 0.40978 0.305458 0.209084 0.0055938
0 0.328577 0.916589 0.197344 0.129131 0.005575
0 0.621975 0.768928 0.2624 0.147134 0.00557205
0 0.54104 0.105542 0.301711 0.198678 0.00554916
0 0.686681 0.341464 0.159135 0.0504857 0.0055428
0 0.870901 0.0878275 0.258197 0.175655 0.00551586
0 0.041095 0.0852253 0.08219 0.170451 0.0054927
0 0.180599 0.624361 0.242801 0.171931 0.00547653
0 0.76937 0.102518 0.461259 0.205036 0.00547208
0 0.126629 0.505402 0.24144 0.176466 0.00546051
0 0.130116 0.079417 0.260233 0.158834 0.00541714
0 0.721018 0.601183 0.244183 0.167269 0.00540826
0 0.677618 0.602191 0.2554 0.169929 0.00535852
0 0.185647 0.150277 0.357959 0.202477 0.00534029
0 0.554649 0.0866527 0.344633 0.173305 0.00533286
0 0.777441 0.506294 0.350025 0.185339 0.00532347
0 0.673483 0.547403 0.281044 0.145302 0.0053097
0 0.820591 0.86705 0.304552 0.195415 0.0053031
0 0.831583 0.499446 0.315852 0.171033 0.00529561
0 0.75681 0.547136 0.272617 0.150239 0.0052896
0 0.131969 0.126881 0.263937 0.240689 0.00527353
0 0.198373 0.666319 0.219374 0.163461 0.00526979
0 0.155712 0.589969 0.274398 0.145282 0.00524582
0 0.67591 0.3094 0.369394 0.184254 0.0052313
0 0.165897 0.0764995 0.331794 0.152999 0.00521562
0 0 0.046812 0 0.093624 0.00521311
0 0.122465 0.472427 0.244929 0.181905 0.00521232
0 0.820022 0.103437 0.359957 0.206873 0.00520861
0 0.624103 0.72242 0.242518 0.210441 0.0052007
0 0.72444 0.730215 0.115214 0.084704 0.0051933
0 0.692508 0.36827 0.3056 0.153239 0.00516526
0 0.807925 0.708951 0.306849 0.17709 0.00514636
0 0.491659 0.916049 0.193223 0.138853 0.00512552
0 0.715934 0.728227 0.246533 0.218054 0.00512016
0 0.993075 0.121068 0.013849 0.242136 0.00511174
0 0.890283 0.206148 0.219433 0.194162 0.00509968
0 0.300301 0.424418 0.159671 0.0630844 0.00507826
0 0.419412 0.0817906 0.34271 0.163581 0.00507668
0 0.827864 0.392155 0.295741 0.161347 0.00504172
0 0.226345 0.506951 0.287531 0.170597 0.00496863
0 0.307027 0.605247 0.277597 0.160941 0.00496726
0 0.455065 0.280291 0.18774 0.109287 0.00493475
0 0.102528 0.103285 0.205057 0.20657 0.00492874
0 0.705815 0.869816 0.297273 0.196114 0.00489996
0 0.633953 0.0967042 0.385905 0.193408 0.00488379
0 0.11375 0.215757 0.2275 0.431514 0.00487346
0 0.464312 0.959752 0.281226 0.0804953 0.00486722
0 0.130806 0.248234 0.261612 0.496468 0.00486088
0 0.477282 0.373996 0.306376 0.157702 0.00485354
0 0.186776 0.726733 0.247767 0.15829 0.0048524
0 0.0647964 0.188819 0.129593 0.377638 0.00484975
0 0.286003 0.51106 0.295143 0.165804 0.00484499
0 0.663422 0.655148 0.20695 0.0751374 0.00484196
0 0.548423 0.895172 0.280316 0.189123 0.00480992
0 0 0.0698621 0 0.139724 0.00480633
0 0.505039 0.1621 0.349543 0.203912 0.00479048
0 0.480348 0.265751 0.143095 0.0833361 0.00478605
0 0.851653 0.96119 0.296344 0.0776195 0.00477437
0 0.0943901 0.613237 0.18878 0.663331 0.00474702
0 0.045244 0.280116 0.0904879 0.560233 0.00474677
0 0.591695 0.873571 0.300809 0.199075 0.00474422
0 0.684372 0.95986 0.278494 0.0802801 0.00474271
0 0.367638 0.601655 0.283473 0.156221 0.00473826
0 0 0.0734642 0 0.146928 0.00472805
0 0.549272 0.959177 0.278619 0.081645 0.00469359
0 0.439463 0.5361 0.285084 0.142564 0.00466214
0 0.247492 0.599442 0.286302 0.153912 0.00465061
0 0.231347 0.959356 0.260657 0.0812883 0.00464487
0 0.0180283 0.141323 0.0360566 0.282645 0.00464352
0 0.458206 0.895308 0.27728 0.189093 0.00463503
0 0.577838 0.210627 0.344267 0.258676 0.00463308
0 0.401106 0.959991 0.28484 0.0800171 0.00462965
0 0.813546 0.342752 0.133727 0.0948432 0.00461353
0 0.120096 0.474656 0.240193 0.235006 0.00460184
0 0.819364 0.356633 0.361273 0.63479 0.00459494
0 0.180119 0.204839 0.358384 0.171944 0.00459413
0 0.263381 0.0795878 0.353385 0.159176 0.00457165
0 0.442757 0.115297 0.351387 0.209711 0.00456694
0 0.483724 0.275452 0.311233 0.195413 0.00455641
0 0.183717 0.959045 0.193308 0.0819092 0.00452738
0 0.183061 0.764564 0.260439 0.157061 0.00452184
0 0.0714265 0.503586 0.142853 0.148199 0.00452018
0 0.675677 0.673635 0.281503 0.10497 0.00451544
0 0.551097 0.608874 0.209713 0.174622 0.00449633
0 0.495912 0.227185 0.328817 0.20656 0.00449494
0 0.347461 0.082358 0.364957 0.164716 0.00449021
0 0.613721 0.959457 0.28223 0.0810868 0.00448926
0 0.446915 0.596688 0.271093 0.152437 0.00448241
0 0.520123 0.870854 0.273685 0.1928 0.00447788
0 0.143426 0.47708 0.286853 0.569315 0.00446678
0 0.719302 0.322341 0.25239 0.193416 0.00446612
0 0.391711 0.897875 0.275651 0.185035 0.00445799
0 0.976261 0.976827 0.0474778 0.0463453 0.00444535
0 0.833769 0.928858 0.319441 0.142283 0.00443346
0 0.309235 0.904166 0.279348 0.165017 0.00442509
0 0.103457 0.42755 0.206914 0.232871 0.00440731
0 0.561663 0.368346 0.33433 0.146558 0.00439985
0 0.517354 0.711376 0.253394 0.18419 0.0043976
0 0.115091 0.164285 0.230182 0.173602 0.00438753
0 0.187545 0.425644 0.375089 0.427848 0.00438558
0 0.441851 0.468005 0.289766 0.168684 0.00438283
0 0.13901 0.310869 0.278019 0.591523 0.00436145
0 0.257744 0.726281 0.248956 0.154829 0.00434779
0 0.854319 0.396007 0.286409 0.22817 0.00434753
0 0.508063 0.774878 0.276225 0.134642 0.00432876
0 0.201238 0.906668 0.21693 0.175632 0.00432404
0 0.890795 0.970292 0.21841 0.0594166 0.00432332
0 0.0477542 0.385827 0.0955085 0.578883 0.00431986
0 0.341743 0.0951388 0.422788 0.190278 0.00430772
0 0.864129 0.0916153 0.271742 0.183231 0.00430291
0 0.471013 0.321755 0.165005 0.116439 0.0042944
0 0.483835 0.313411 0.304739 0.176698 0.00429102
0 0.366065 0.52056 0.291214 0.154211 0.00429008
0 0.8517 0.310882 0.291596 0.254359 0.00428341
0 0.845138 0.487533 0.308584 0.266805 0.00426745
0 0.631223 0.598271 0.270847 0.157569 0.00426744
0 0.226367 0.470299 0.288924 0.175124 0.00426506
0 0.11885 0.420539 0.217644 0.0778902 0.00425733
0 0.310896 0.960937 0.309884 0.078126 0.00424721
0 0.0683218 0.966466 0.136644 0.067069 0.00423885
0 0.447808 0.233518 0.200712 0.0786255 0.00423864
0 0.84249 0.125092 0.311163 0.221307 0.0042252
0 0.568866 0.316536 0.323504 0.182772 0.00422072
0 0.728884 0.693168 0.273558 0.145913 0.004206
0 0.116204 0.428685 0.232409 0.184202 0.00420572
0 0.845702 0.165892 0.303864 0.204897 0.00418559
0 0.691497 0.363641 0.16808 0.104021 0.00417983
0 0.128948 0.299255 0.257897 0.28136 0.00414943
0 0.130895 0.522468 0.261791 0.293316 0.00413275
0 0.814824 0.553541 0.370353 0.614849 0.00412386
0 0.436259 0.423245 0.29562 0.188063 0.00412235
0 0.616693 0.681571 0.288636 0.122465 0.00410993
0 0.428967 0.717465 0.278187 0.168116 0.00410622
0 0.2844 0.429632 0.297195 0.179814 0.00410038
0 0.774889 0.771655 0.19855 0.143248 0.00409932
0 0.633978 0.90281 0.241159 0.162782 0.00408978
0 0.819245 0.906762 0.282858 0.158388 0.00408879
0 0.289837 0.468899 0.28693 0.177523 0.00406977
0 0.981454 0.813241 0.0370925 0.373518 0.00406358
0 0.436461 0.867357 0.268809 0.189684 0.00405325
0 0.709112 0.905506 0.211226 0.160514 0.00403157
0 0.868723 0.0781379 0.262553 0.127606 0.00402688
0 0.140116 0.617387 0.280231 0.191415 0.0040232
0 0.870796 0.335858 0.254348 0.152614 0.00402105
0 0.111827 0.30683 0.223654 0.424369 0.00400892
0 0.374709 0.121601 0.406292 0.243201 0.00400335
0 0.18608 0.391176 0.163327 0.123502 0.00399534
0 0.24394 0.0904835 0.428055 0.180967 0.003979
0 0.0479145 0.962688 0.095829 0.0746235 0.00395183
0 0.515619 0.683123 0.261559 0.13579 0.00394834
0 0.4316 0.7801 0.269064 0.135546 0.00394618
0 0.0425353 0.972883 0.0850706 0.0542334 0.00394406
0 0.104791 0.374327 0.209583 0.220766 0.00394245
0 0.356141 0.640588 0.242423 0.166574 0.0039314
0 0.0119878 0.956272 0.0239756 0.0874556 0.00392011
0 0.794471 0.654665 0.255751 0.0753769 0.00390562
0 0.134277 0.962018 0.26469 0.0759644 0.00389777
0 0.850818 0.244732 0.298365 0.489464 0.00389183
0 0.441168 0.167844 0.348409 0.224522 0.0038844
0 0.372965 0.467976 0.288304 0.177412 0.00386748
0 0.18963 0.541736 0.379261 0.428415 0.00384281
0 0.851779 0.540065 0.293404 0.164916 0.00383896
0 0.368623 0.425707 0.290132 0.196819 0.00382748
0 0.382524 0.164314 0.384457 0.268824 0.00382217
0 0.859991 0.54592 0.277271 0.237743 0.00381544
0 0.276135 0.637265 0.27125 0.179473 0.00379051
0 0.304485 0.126526 0.459868 0.253052 0.003782
0 0.961192 0.118244 0.0776163 0.236488 0.00377989
0 0.810794 0.71446 0.378411 0.571081 0.00377852
0 0.699472 0.39208 0.178472 0.0579662 0.00376482
0 0.814763 0.742969 0.370475 0.514063 0.00375852
0 0.0355613 0.823122 0.0711226 0.353756 0.00375305
0 0.214637 0.432678 0.303689 0.166072 0.00374537
0 0.849195 0.882188 0.294599 0.235625 0.00374198
0 0.287076 0.942947 0.29244 0.114107 0.00373463
0 0.355779 0.778482 0.233215 0.148429 0.0037265
0 0.429592 0.668703 0.278065 0.163757 0.00371175
0 0.0956615 0.390478 0.191323 0.618978 0.00371078
0 0.346754 0.724112 0.23385 0.161847 0.00369184
0 0.885651 0.922585 0.228699 0.154831 0.00369042
0 0.191873 0.876007 0.245811 0.208512 0.00369016
0 0.177233 0.421308 0.14467 0.0676743 0.00367946
0 0.530216 0.953037 0.265859 0.0939264 0.00367265
0 0.84025 0.741833 0.314549 0.170444 0.00365396
0 0.589981 0.951838 0.282691 0.0963238 0.00364567
0 0.283278 0.860156 0.289575 0.189404 0.00364177
0 0.434141 0.912075 0.292637 0.137837 0.00363883
0 0.781459 0.950477 0.267431 0.0990458 0.00363755
0 0.0618534 0.942754 0.123707 0.114492 0.00362179
0 0.868622 0.835535 0.262755 0.328931 0.00359531
0 0.385658 0.950855 0.26714 0.0982895 0.00355664
0 0.997491 0.048433 0.00501812 0.0968661 0.00352534
0 0.14825 0.4327 0.288144 0.17128 0.00351053
0 0.301832 0.658863 0.230989 0.174494 0.00350499
0 0.231466 0.764484 0.256208 0.167357 0.00346501
0 0.0602031 0.867823 0.120406 0.264354 0.003465
0 0.442413 0.955407 0.273208 0.0891858 0.00345882
0 0.00428927 0.576846 0.00857855 0.257753 0.00345012
0 0.793794 0.64397 0.412413 0.693609 0.00342851
0 0.369161 0.374845 0.311601 0.182938 0.00342099
0 0.95564 0.093696 0.0887195 0.187392 0.00339088
0 0.619313 0.135964 0.124556 0.0931093 0.00338929
0 0.155397 0.333107 0.310795 0.255306 0.00338694
0 0.711681 0.481042 0.576638 0.515343 0.00336053
0 0.650708 0.954072 0.275302 0.0918566 0.00334267
0 0.871811 0.343812 0.251596 0.250308 0.00334038
0 0.290363 0.207141 0.398273 0.239311 0.00333843
0 0.854055 0.788566 0.291889 0.422867 0.00333455
0 0.0986908 0.445935 0.197382 0.103736 0.00332938
0 0.712209 0.585267 0.575583 0.529557 0.00332662
0 0.23171 0.420602 0.225181 0.0689994 0.00330824
0 0.117102 0.371879 0.234203 0.173837 0.00330308
0 0.0707939 0.543561 0.141588 0.203095 0.00329711
0 0.105451 0.857026 0.210902 0.285949 0.00327858
0 0.502971 0.346022 0.193979 0.0691389 0.00325574
0 0.853888 0.354614 0.20604 0.116259 0.00324341
0 0.870305 0.873158 0.25939 0.253684 0.00324104
0 0.71319 0.690565 0.57362 0.542546 0.00322242
0 0.223281 0.390111 0.244098 0.12907 0.0032207
0 0.288346 0.273825 0.350188 0.203502 0.00320963
0 0.178829 0.625665 0.151022 0.136521 0.00318176
0 0.619907 0.659272 0.12905 0.093177 0.00315318
0 0.722687 0.83281 0.554625 0.33438 0.00313452
0 0.382529 0.218769 0.350773 0.228919 0.00312837
0 0.699236 0.910207 0.285985 0.14288 0.00311582
0 0.988408 0.166419 0.0231836 0.332838 0.00310172
0 0.285875 0.374695 0.318651 0.178458 0.00308619
0 0.306017 0.769971 0.26009 0.165516 0.00306258
0 0.710993 0.365076 0.578015 0.474194 0.00306148
0 0.204465 0.621212 0.408931 0.484718 0.00306132
0 0.380879 0.318039 0.301387 0.190827 0.00304488
0 0.486571 0.576377 0.111536 0.0847338 0.00302917
0 0.169229 0.799288 0.338457 0.401423 0.00301856
0 0.193239 0.276597 0.341878 0.237865 0.00300809
0 0.92379 0.151109 0.15242 0.302218 0.00298633
0 0.965331 0.860879 0.0693376 0.278241 0.00297626
0 0.817178 0.356931 0.179707 0.121565 0.00296591
0 0.158129 0.864917 0.316259 0.22977 0.00294263
0 0.793868 0.451505 0.134974 0.0828011 0.00292888
0 0.122377 0.251873 0.244753 0.375404 0.00292355
0 0.337765 0.663321 0.185162 0.159825 0.00288141
0 0.117179 0.87596 0.234358 0.248079 0.00287536
0 0.0564252 0.588718 0.11285 0.228444 0.00287418
0 0.101601 0.194634 0.121994 0.102079 0.00286796
0 0.150433 0.67401 0.300867 0.190718 0.00286347
0 0.792895 0.787416 0.228769 0.112768 0.00282938
0 0.129493 0.183789 0.185903 0.135087 0.963604
0 0.99328 0.874111 0.0134402 0.251778 0.0100508
0 0.948892 0.821431 0.102216 0.357137 0.00753606
0 0.99111 0.139436 0.0177801 0.278872 0.00616172
0 0.874363 0.79198 0.251275 0.416041 0.0058172
0 0.992756 0.838622 0.0144888 0.322755 0.00549681
0 0.172908 0.205865 0.33626 0.155157 0.00533445
0 0.984896 0.0875492 0.030207 0.175098 0.00518664
0 0.882773 0.2139 0.234454 0.427801 0.00506983
0 0.174765 0.160363 0.319423 0.18444 0.00487839
0 0.216109 0.376639 0.432217 0.337676 0.00486014
0 0.146628 0.308783 0.293255 0.617566 0.00480555
0 0.838729 0.724779 0.322542 0.500358 0.00475465
0 0.849961 0.267425 0.300078 0.473203 0.00471615
0 0.851429 0.137677 0.297141 0.227881 0.00467905
0 0.982513 0.75999 0.0349748 0.402202 0.00452574
0 0.998364 0.910458 0.00327105 0.179084 0.00450593
0 0.126986 0.631187 0.253972 0.665856 0.00440257
0 0.12192 0.190783 0.243841 0.131645 0.00437605
0 0.952898 0.708247 0.0942048 0.4161 0.00430824
0 0.973492 0.249135 0.0530161 0.371587 0.00427904
0 0.831579 0.919862 0.324184 0.160276 0.00427314
0 0.995733 0.702171 0.00853331 0.342743 0.00424636
0 0.99727 0.815089 0.00546103 0.343828 0.00423747
0 0.993483 0.493007 0.0130332 0.329835 0.00423462
0 0.831003 0.629241 0.337993 0.511036 0.00423414
0 0.934331 0.300447 0.131339 0.38588 0.00422129
0 0.994828 0.287684 0.0103449 0.312613 0.00420219
0 0.156195 0.480866 0.31239 0.662307 0.00419844
0 0.155366 0.378122 0.310732 0.329771 0.00419023
0 0.992802 0.198918 0.0143957 0.368307 0.00417459
0 0.991859 0.39167 0.0162821 0.330502 0.00417442
0 0.0498497 0.0870296 0.0996995 0.174059 0.00416196
0 0.836806 0.378267 0.326388 0.5014 0.00413899
0 0.125293 0.291685 0.250586 0.298972 0.00413481
0 0.830346 0.529912 0.339307 0.509152 0.00413089
0 0.993418 0.593399 0.0131631 0.331924 0.00412739
0 0.906042 0.554548 0.187917 0.411497 0.00411317
0 0.829811 0.977063 0.315761 0.0458746 0.00410107
0 0.917438 0.658126 0.165125 0.424613 0.0040775
0 0.997353 0.146757 0.00529453 0.293514 0.00407666
0 0.114668 0.147673 0.229336 0.203248 0.0040675
0 0.0117934 0.972816 0.0235868 0.0543682 0.00405909
0 0.129355 0.978888 0.25871 0.042225 0.00397663
0 0.901172 0.35303 0.197655 0.403765 0.00396562
0 0.997081 0.200379 0.00583885 0.310359 0.00395943
0 0.98767 0.972774 0.0246609 0.0544512 0.00395883
0 0.691547 0.982798 0.324913 0.0344036 0.00394341
0 0.88973 0.454151 0.22054 0.416363 0.00394295
0 0.257786 0.326992 0.47798 0.295378 0.00387979
0 0.7798 0.981692 0.320293 0.036615 0.00385755
0 0.0492538 0.36755 0.0985075 0.638811 0.00384784
0 0.114791 0.226287 0.229582 0.452575 0.00382452
0 0.776752 0.853228 0.446496 0.293545 0.00382274
0 0.0504739 0.516334 0.100948 0.638098 0.00381644
0 0.262608 0.426472 0.525216 0.400008 0.00380488
0 0.12566 0.0660841 0.25132 0.132168 0.00377417
0 0.0983092 0.978742 0.196618 0.0425153 0.00375193
0 0.550144 0.979704 0.37672 0.0405926 0.00374907
0 0.411376 0.259125 0.66458 0.361559 0.00374
0 0.168077 0.333046 0.336154 0.326346 0.00373907
0 0.237547 0.980113 0.326743 0.0397746 0.00371529
0 0.0149345 0.878654 0.0298689 0.242693 0.0036942
0 0.174983 0.066672 0.232464 0.133344 0.00369295
0 0.197514 0.425019 0.395028 0.425129 0.00367043
0 0.612864 0.981766 0.36205 0.0364675 0.0036633
0 0.477258 0.978553 0.387894 0.0428932 0.0036596
0 0.38337 0.312694 0.60593 0.347079 0.00364225
0 0.37989 0.113481 0.430483 0.226962 0.00362363
0 0.351899 0.365006 0.516605 0.301631 0.00358405
0 0.188012 0.343472 0.376023 0.44893 0.00358199
0 0.107749 0.812368 0.215498 0.375264 0.00353417
0 0.0483247 0.700502 0.0966494 0.598997 0.00352653
0 0.117186 0.728509 0.234372 0.542981 0.00352423
0 0.42414 0.201978 0.731296 0.400371 0.00352078
0 0.841892 0.102675 0.316216 0.205351 0.00348585
0 0.114137 0.257113 0.228273 0.271486 0.00346482
0 0.711878 0.791861 0.576244 0.416278 0.00345309
0 0.387863 0.97943 0.362456 0.0411407 0.00343621
0 0.332687 0.758112 0.665374 0.483777 0.00338328
0 0.417126 0.167029 0.714027 0.334057 0.0033805
0 0.0422591 0.762374 0.0845182 0.475251 0.00336696
0 0.581344 0.744482 0.837313 0.511036 0.00336513
0 0.300251 0.98003 0.331703 0.039939 0.00335394
0 0.788626 0.900852 0.389516 0.198296 0.00334262
0 0.215017 0.0662845 0.221832 0.132569 0.00333668
0 0.437754 0.108237 0.429796 0.216473 0.00333409
0 0.517942 0.270414 0.864121 0.49644 0.00329435
0 0.0901139 0.0735847 0.180228 0.147169 0.00326977
0 0 0.0684474 0 0.136895 0.00326757
0 0.499487 0.22314 0.933767 0.446279 0.00324466
0 0.997967 0.100544 0.00406613 0.201089 0.00323254
0 0.0278398 0.833153 0.0556796 0.333694 0.00322366
0 0.193602 0.272563 0.356503 0.244849 0.00322019
0 0.771118 0.160922 0.457764 0.321845 0.00321032
0 0.366646 0.434219 0.589126 0.347162 0.00319749
0 0.368349 0.710638 0.736699 0.578725 0.00319508
0 0.0363643 0.206355 0.0727286 0.412711 0.00316936
0 0.198779 0.473636 0.397557 0.475113 0.00313223
0 0.506877 0.120513 0.582685 0.241025 0.00312868
0 0.271939 0.0701379 0.256691 0.140276 0.00312136
0 0.470033 0.367565 0.641078 0.361498 0.00311154
0 0.775602 0.442258 0.448795 0.574524 0.00309558
0 0.653643 0.271923 0.692713 0.533053 0.00308418
0 0.13384 0.926297 0.26768 0.147407 0.00304859
0 0.109418 0.128974 0.218837 0.257948 0.00301758
0 0.924535 0.976822 0.15093 0.0463561 0.0029881
0 0.600362 0.360926 0.799276 0.581062 0.00296475
0 0 0.97464 0 0.0507204 0.0029646
0 0.803115 0.13467 0.39377 0.269339 0.00295969
0 0.717856 0.665781 0.564288 0.534444 0.00295669
0 0.475202 0.723285 0.950404 0.548437 0.0029513
0 0.799415 0.110097 0.401171 0.220194 0.00294521
0 0 0.920404 0 0.159192 0.00291853
0 0.0230448 0.108996 0.0460896 0.217992 0.00289776
0 0.478913 0.432523 0.698929 0.396155 0.00288646
0 0.115739 0.175185 0.231477 0.149447 0.00288005
0 0.257741 0.731149 0.515481 0.537701 0.00287492
0 0.360839 0.477895 0.721678 0.475186 0.00286792
0 0.595514 0.247838 0.808972 0.495675 0.00284537
0 0.255321 0.806024 0.510641 0.387951 0.00283206
0 0.714228 0.512009 0.571545 0.562282 0.00282709
0 0.32759 0.622957 0.655181 0.58774 0.00280816
0 0.234459 0.528957 0.468917 0.518875 0.00279463
0 0.172679 0.920532 0.336399 0.158935 0.00278326
0 0.475183 0.624157 0.950365 0.5566 0.00275824
0 0.715845 0.837883 0.56831 0.324234 0.00275356
0 0.714245 0.366439 0.571509 0.536842 0.00274145
0 0.57587 0.374071 0.848261 0.488316 0.00271423
0 0.894485 0.842804 0.21103 0.314391 0.00269485
0 0.615707 0.515792 0.768586 0.557375 0.00268744
0 0.674728 0.887117 0.496587 0.225766 0.00268288
0 0.233764 0.790816 0.467528 0.418369 0.00267236
0 0.960409 0.0920432 0.0791815 0.184086 0.00266182
0 0.605117 0.867674 0.609397 0.264653 0.00264516
0 0.213683 0.438363 0.427366 0.472615 0.0026225
0 0.353084 0.0789212 0.317592 0.157842 0.00257801
0 0.0936281 0.889254 0.187256 0.221492 0.00257529
0 0.479878 0.527003 0.959757 0.521687 0.00256662
0 0.297497 0.951286 0.324651 0.097429 0.00254866
0 0.0452104 0.120511 0.0904208 0.241022 0.00254692
0 0.25443 0.908834 0.339039 0.182333 0.00254053
0 0.47268 0.779278 0.945361 0.441445 0.00254002
0 0.405858 0.571226 0.811716 0.55235 0.00248311
0 0.689613 0.744585 0.620775 0.510831 0.00247909
0 0.730013 0.228153 0.539973 0.456306 0.00246614
0 0.687549 0.164351 0.397289 0.261436 0.00246398
0 0.73984 0.114594 0.520319 0.229187 0.00241308
0 0.576473 0.664844 0.847054 0.556279 0.00240914
0 0.22401 0.550379 0.448019 0.51041 0.00240811
0 0.96322 0.910256 0.0735609 0.179488 0.00240483
0 0.712608 0.162697 0.574784 0.325393 0.00235725
0 0.844635 0.707835 0.310729 0.319046 0.00235632
0 0.477696 0.865278 0.656927 0.269443 0.00234842
0 0.0305552 0.927331 0.0611104 0.145339 0.00233472
0 0.591287 0.801298 0.817427 0.397403 0.00232517
0 0.308296 0.89781 0.385464 0.20438 0.00231264
0 0.349227 0.933085 0.311095 0.133829 0.00230667
0 0.154115 0.660814 0.105406 0.100062 0.0022993
0 0.635399 0.121301 0.643647 0.242602 0.00227755
0 0.395854 0.87705 0.528799 0.2459 0.00227185
0 0.542416 0.567469 0.915168 0.555091 0.00226415
0 0.667593 0.203555 0.664814 0.407109 0.00226132
0 0.0398401 0.219998 0.0796801 0.394411 0.00225952
0 0.563251 0.474276 0.873499 0.528341 0.00225682
0 0.95378 0.147683 0.0924409 0.295366 0.0022521
0 0.410697 0.722609 0.784502 0.320301 0.00218509
0 0.84935 0.233561 0.3013 0.360568 0.00217889
0 0.868155 0.920573 0.263689 0.158855 0.00216121
0 0.648658 0.417196 0.702684 0.553279 0.00211438
0 0.533894 0.162938 0.87776 0.325877 0.00209798
0 0.257737 0.524563 0.325768 0.166533 0.00208684
0 0.914303 0.943977 0.171394 0.112046 0.00206887
0 0.106705 0.195147 0.12945 0.107778 0.00205436
0 0.405758 0.788978 0.811515 0.422045 0.00201792
0 0.141408 0.896706 0.282815 0.206589 0.00201198
0 0.872419 0.375116 0.255163 0.204635 0.00200509
0 0.155008 0.859372 0.310016 0.281255 0.00200212
0 0.305904 0.542506 0.457244 0.200568 0.00195832
0 0.00699273 0.563501 0.0139855 0.262504 0.00193561
0 0.108608 0.170297 0.217216 0.340594 0.0019349
0 0.588208 0.18913 0.823584 0.37826 0.00192916
0 0.798958 0.156802 0.402085 0.264444 0.00191704
0 0.420707 0.935462 0.303793 0.129077 0.00191677
0 0.880109 0.438518 0.239783 0.310014 0.00190712
0 0.0594639 0.905593 0.118928 0.188813 0.00190609
0 0.00368352 0.0927085 0.00736704 0.185417 0.00189976
0 0.854938 0.632934 0.290124 0.342673 0.00188613
0 0.732132 0.177377 0.485682 0.311778 0.00188425
0 0.655479 0.618654 0.689043 0.534966 0.00186813
0 0.52262 0.819686 0.954761 0.360628 0.00185562
0 0.272716 0.934062 0.327074 0.131876 0.00184958
0 0.883306 0.59613 0.233388 0.303399 0.00182339
0 0 0.931237 0 0.137526 0.00181983
0 0.373483 0.960769 0.313711 0.0784615 0.00178914
0 0.839208 0.759951 0.321583 0.356156 0.0017863
0 0.29991 0.743081 0.446033 0.190613 0.00177878
0 0.983656 0.922473 0.032688 0.155053 0.00175486
0 0 0.00145133 0 0.00290265 0.0017544
0 0.848479 0.48192 0.303041 0.370269 0.00173203
0 0 0.00134646 0 0.00269292 0.00171223
0 0.848738 0.808397 0.302524 0.341168 0.00170287
0 0.0411591 0.154379 0.0823182 0.308758 0.00169937
0 0.497195 0.326086 0.257159 0.106611 0.00168535
0 0 0.964472 0 0.0710552 0.00167003
0 0.894655 0.125482 0.210691 0.184245 0.0016622
0 0.869495 0.392243 0.26101 0.311746 0.00165401
0 0.681782 0.26023 0.538093 0.342252 0.00164864
0 0.0298239 0.52106 0.0596478 0.400302 0.00164754
0 0.00522887 0.834945 0.0104577 0.266983 0.00164707
0 0.872653 0.869386 0.254694 0.261228 0.00164678
0 0.118785 0.21799 0.23757 0.382942 0.00164617
0 0.999319 0.763051 0.00136195 0.278482 0.00163663
0 0.0418589 0.860646 0.0837178 0.278708 0.00163028
0 0.00362904 0.658743 0.00725809 0.265124 0.00162537
0 0.639945 0.16038 0.348848 0.22503 0.00162501
0 0.860618 0.343614 0.278763 0.333965 0.00161891
0 0.00461718 0.404443 0.00923437 0.257254 0.00161869
0 0.0053659 0.783782 0.0107318 0.265369 0.00161741
0 0.994104 0.543303 0.0117925 0.27984 0.00161197
0 0.474084 0.196345 0.371444 0.19607 0.00160648
0 0.837918 0.249231 0.324165 0.268168 0.00159045
0 1 0.972669 0 0.0546614 0.00157931
0 1 0.0015029 0 0.00300579 0.00157572
0 0.576304 0.848329 0.679925 0.259787 0.00156603
0 0.231011 0.656352 0.261993 0.166407 0.0015523
0 0.310289 0.105019 0.615171 0.210038 0.00155155
0 0.347873 0.821371 0.695746 0.357258 0.00155061
0 0.0102967 0.316011 0.0205933 0.379429 0.00154991
0 0.993798 0.444537 0.0124031 0.27946 0.00154748
0 0.00423764 0.734067 0.00847528 0.264939 0.00154656
0 0.569929 0.184411 0.286399 0.208096 0.00154369
0 0.993917 0.643293 0.0121669 0.279889 0.00153237
0 0.993817 0.342738 0.0123661 0.280654 0.00153005
0 0.261971 0 0.204125 0 0.00152775
0 0.274397 0.89914 0.342934 0.173114 0.00152457
0 0.0313141 0.589469 0.0626281 0.407661 0.00152345
0 0.200009 0.767919 0.19186 0.171628 0.00150766
0 0.48201 0.129379 0.657971 0.258758 0.00149882
0 0.00572784 0.453015 0.0114557 0.258072 0.00148756
0 0.38847 0.667647 0.681486 0.277364 0.00148273
0 0.46614 0.916723 0.262044 0.127918 0.00148258
0 0.548034 0.326027 0.221204 0.102782 0.00148247
0 0.00115606 0.902921 0.00231211 0.194157 0.00148113
0 0.490875 0.711651 0.77757 0.241679 0.00147959
0 0.646771 0.234162 0.436466 0.287019 0.00147222
0 0.264528 0.795238 0.529057 0.22935 0.00146656
0 0.440416 0.960843 0.304611 0.0783134 0.00145138
0 0.194856 0.322243 0.182754 0.0931583 0.0014491
0 0.204879 0.90081 0.204016 0.164576 0.00144785
0 0.0202618 0.450142 0.0405235 0.360823 0.0014468
0 0.751895 0.52976 0.49621 0.25377 0.00144115
0 0.141823 0.361233 0.283647 0.247443 0.00143822
0 0.588906 0.691198 0.498285 0.166464 0.00143349
0 0.743173 0.473884 0.513655 0.279107 0.00143242
0 0.535862 0.212303 0.377105 0.184214 0.00143159
0 0.00863514 0.271335 0.0172703 0.246936 0.00142953
0 0.588877 0.326811 0.213046 0.102476 0.00142705
0 0.876577 0.104969 0.246846 0.19488 0.00142361
0 0.302787 0.609474 0.487483 0.18286 0.00141952
0 0.00369918 0.609489 0.00739835 0.267076 0.0014153
0 0.0400766 0.770671 0.0801532 0.404181 0.00141365
0 0.211003 0.760464 0.230124 0.135291 0.0014134
0 0.493456 0.933698 0.290668 0.132604 0.00140871
0 0.0159564 0.124406 0.0319127 0.248812 0.00140206
0 0.679371 0.838834 0.641258 0.298066 0.00140151
0 0.0588482 0.177216 0.117696 0.354433 0.00140078
0 0.00660501 0.354731 0.01321 0.260314 0.00140001
0 0.83083 0.553656 0.338341 0.176134 0.00139785
0 0.848727 0.903987 0.302547 0.132867 0.00139737
0 0.230509 0.421879 0.280374 0.0859494 0.00138893
0 0.0948578 0.562761 0.189716 0.297203 0.00138673
0 0.905984 0.921197 0.188032 0.147686 0.0013867
0 0.658969 0.322815 0.418273 0.223063 0.00138415
0 0.246485 0.876575 0.295854 0.127943 0.00137896
0 0.0155652 0.221943 0.0311305 0.24965 0.00137354
0 0.238918 0.943929 0.29253 0.112142 0.00136941
0 0.0311886 0.667952 0.0623772 0.412319 0.00136802
0 0.297815 0 0.197853 0 0.00136453
0 0.274446 0.200088 0.548892 0.256664 0.00136378
0 0.772859 0.391891 0.454282 0.264107 0.00136236
0 0.342777 0.633727 0.673 0.225689 0.00136018
0 0.207475 0.326763 0.249352 0.109271 0.00135681
0 0.0129566 0.394395 0.0259132 0.381887 0.00135419
0 0.232868 0.262455 0.465735 0.316389 0.00135216
0 0.410907 0.326066 0.28693 0.117774 0.00135165
0 0.0793791 0.0914452 0.158758 0.18289 0.0013476
0 0.765513 0.737864 0.468974 0.328664 0.00134562
0 0.319009 0.553807 0.597375 0.298063 0.0013422
0 0.186555 0.0979239 0.141093 0.0859485 0.00134059
0 0.826869 0.583892 0.346261 0.151639 0.00133737
0 0.0186321 0.169937 0.0372641 0.24851 0.00133614
0 0.110082 0.483904 0.220164 0.212831 0.00133099
0 0.11043 0.0848091 0.220859 0.0957013 0.00131902
0 0.281992 0.877809 0.461154 0.14493 0.00131669
0 0.249731 0.317513 0.442595 0.181161 0.00131656
0 0.00809047 0.511231 0.0161809 0.267608 0.00130954
0 0.83843 0.662301 0.296435 0.0807235 0.00130644
0 0.132849 0.907024 0.265699 0.185952 0.00130406
0 0.82218 0.198419 0.355639 0.262963 0.00130103
0 0.133022 0.182934 0.182565 0.130404 0.945429
0 0.000990133 0.0739893 0.00198027 0.147979 0.241411
0 1 0.100064 0 0.200129 0.0613016
0 0.000726421 0.0383534 0.00145284 0.0767068 0.0609466
0 0.450372 0.00284134 0.298173 0.00568268 0.0130927
0 0.134762 0.00264484 0.269525 0.00528967 0.0124043
0 0.994832 0.884369 0.0103355 0.231262 0.00935501
0 0.391078 0.00245875 0.307723 0.0049175 0.0074597
0 0.000543746 0.0229701 0.00108749 0.0459401 0.00728988
0 0.668434 0.00329589 0.310157 0.00659178 0.00695863
0 0.891626 0.00367923 0.216747 0.00735846 0.00642706
0 0.99566 0.0380076 0.00867928 0.0760153 0.00631318
0 0 0.0149612 0 0.0299224 0.00601517
0 0.51177 0.00291802 0.307989 0.00583605 0.00560601
0 0.734554 0.00328387 0.311026 0.00656773 0.00517124
0 0.598217 0.00276632 0.306194 0.00553264 0.00513382
0 0.987552 0.0740128 0.024896 0.148026 0.00513358
0 0.976071 0.169497 0.047858 0.338993 0.00512684
0 0.983856 0.495779 0.0322873 0.35975 0.00498774
0 0.910028 0.201262 0.179944 0.402525 0.00482877
0 0.906866 0.300621 0.186268 0.403511 0.00480465
0 0.939321 0.347048 0.121358 0.38655 0.00473361
0 0.97739 0.595853 0.04522 0.373423 0.00471237
0 0.240006 0.474434 0.291882 0.206057 0.0047063
0 0.968719 0.396727 0.0625616 0.372597 0.00468782
0 0.185125 0.003506 0.331335 0.007012 0.0043062
0 0.99745 0.70164 0.005099 0.326398 0.00430178
0 0.997525 0.549575 0.00495019 0.324789 0.00428117
0 0.998992 0.302482 0.00201646 0.347942 0.00417217
0 0.998394 0.402281 0.00321299 0.332418 0.00417039
0 0.811336 0.0024383 0.298796 0.0048766 0.0041109
0 0.997128 0.799615 0.00574419 0.326171 0.00398386
0 0.99043 0.842476 0.0191397 0.315047 0.00392738
0 0.643811 0.496395 0.434076 0.242435 0.00388346
0 0.998401 0.194917 0.00319813 0.354063 0.00385248
0 0.888783 0.493475 0.222433 0.389082 0.00384053
0 0.978514 0.743889 0.0429715 0.365336 0.00380985
0 0.0857771 0.710226 0.171554 0.376643 0.00372121
0 0.804554 0.557903 0.327745 0.242559 0.00370922
0 0.817456 0.479593 0.365087 0.265322 0.00370014
0 0.990389 0.96479 0.0192226 0.0704197 0.00360136
0 0.841592 0.383123 0.316815 0.446296 0.00358529
0 0.548175 0.466357 0.543063 0.320355 0.00355174
0 0.242474 0.00305722 0.296664 0.00611444 0.00353676
0 0.674935 0.511503 0.333258 0.208089 0.0035365
0 0.843197 0.591012 0.313606 0.43531 0.00350064
0 0.841236 0.523159 0.317528 0.311165 0.00349352
0 0.253212 0.492642 0.388917 0.401074 0.00349097
0 0.397848 0.451165 0.469802 0.342175 0.0034868
0 0 0.0707821 0 0.141564 0.00348069
0 0.067568 0.762152 0.135136 0.371219 0.00345676
0 0.176517 0.940379 0.239349 0.119242 0.00344459
0 0.00893939 0.112937 0.0178788 0.225874 0.00343625
0 0.998892 0.0205213 0.00221536 0.0410426 0.00342789
0 0.314734 0.00260534 0.305057 0.00521067 0.00340569
0 0.810017 0.328773 0.379966 0.484672 0.0033919
0 0.996689 0.134531 0.00662177 0.269062 0.0033684
0 0.0536846 0.825668 0.107369 0.348664 0.0033503
0 0.998224 0.467981 0.00355138 0.302923 0.00333902
0 0.0946088 0.886868 0.189218 0.226264 0.00332757
0 0.120006 0.756217 0.240013 0.487567 0.0032848
0 0.849466 0.0906581 0.301068 0.181316 0.00327548
0 0.137444 0.932101 0.256867 0.135798 0.00324061
0 0.998198 0.617392 0.00360486 0.300938 0.0032403
0 0.144459 0.617184 0.288917 0.560016 0.00323783
0 0.0809276 0.790754 0.161855 0.418493 0.00323741
0 0.641094 0.398302 0.717812 0.468496 0.00323702
0 0.802246 0.689919 0.395508 0.470924 0.00322666
0 0.257567 0.80931 0.515135 0.38138 0.00322564
0 0.839293 0.881476 0.321413 0.237047 0.00321586
0 0.152031 0.066514 0.304063 0.133028 0.00320256
0 0.295123 0.751478 0.590246 0.431148 0.00319556
0 0.2038 0.705573 0.407599 0.382008 0.00317523
0 0.82218 0.455974 0.35564 0.388784 0.00316857
0 0.335864 0.697572 0.671728 0.513638 0.00316123
0 0.11058 0.611561 0.22116 0.391937 0.00315772
0 0.103081 0.511014 0.206162 0.388741 0.0031408
0 0.832488 0.958749 0.280875 0.0825026 0.00312414
0 0.185561 0.908284 0.281367 0.183433 0.00312359
0 0.768753 0.865275 0.462494 0.269449 0.00312245
0 0.422338 0.776292 0.631204 0.373123 0.0031215
0 0.00655179 0.970654 0.0131036 0.0586923 0.0031063
0 0.356835 0.509763 0.529131 0.415702 0.00309395
0 0.29087 0.560347 0.58174 0.50725 0.00305305
0 0.730828 0.629987 0.395949 0.309456 0.00304672
0 0.122494 0.259414 0.244988 0.320564 0.00304624
0 0.249055 0.938433 0.277845 0.123134 0.00302866
0 0.128698 0.150106 0.257397 0.190652 0.00302335
0 0.687802 0.789616 0.624396 0.420768 0.00301215
0 0.166773 0.310307 0.333546 0.382865 0.00300878
0 0.769205 0.505741 0.371231 0.205541 0.00300624
0 0.259508 0.426361 0.352806 0.38228 0.0029964
0 0.781026 0.603508 0.437949 0.414139 0.00298186
0 0.718374 0.352231 0.563252 0.528152 0.00297926
0 0.998495 0.00790254 0.0030099 0.0158051 0.00292758
0 0.80088 0.193436 0.398239 0.386872 0.00291446
0 0.569883 0.5032 0.424206 0.260569 0.00291001
0 0.780611 0.255679 0.438777 0.511357 0.00290164
0 0.213932 0.148031 0.363194 0.161838 0.00289833
0 0.163104 0.813907 0.326207 0.242179 0.00288127
0 0.434382 0.60507 0.868765 0.569805 0.00287854
0 0.443358 0.718416 0.743399 0.423874 0.00285302
0 0.768056 0.960594 0.29362 0.0788117 0.00285249
0 0.870167 0.946421 0.259666 0.107157 0.00283594
0 0.171055 0.884184 0.34211 0.231633 0.00282465
0 0.360104 0.794709 0.600069 0.410583 0.0028182
0 0.290534 0.947677 0.292517 0.104645 0.00281098
0 0.0659675 0.831895 0.131935 0.33621 0.00281053
0 0.799295 0.135357 0.40141 0.270713 0.00280861
0 0.38247 0.373587 0.43783 0.352045 0.00279308
0 0.134553 0.465187 0.269106 0.298802 0.00278843
0 0.0290522 0.896058 0.0581044 0.207884 0.00278112
0 0.106047 0.346149 0.212095 0.583261 0.00278047
0 0.728282 0.558903 0.250007 0.162681 0.00277932
0 0.468541 0.403955 0.544904 0.406907 0.00277693
0 0.166827 0.755639 0.333654 0.290683 0.0027729
0 0.11147 0.452783 0.222939 0.57768 0.00277238
0 0.722031 0.4053 0.555937 0.423657 0.00276122
0 0.111684 0.900566 0.223367 0.198868 0.00276091
0 0.671476 0.526924 0.269842 0.16988 0.00275721
0 0.0462101 0.668624 0.0924201 0.593599 0.00275339
0 0.964498 0.111847 0.0710045 0.223694 0.00274917
0 0.0094343 0.878876 0.0188686 0.242248 0.00274733
0 0.933364 0.973996 0.133273 0.0520079 0.00273714
0 0.457647 0.4983 0.511255 0.379597 0.002726
0 0.098569 0.777696 0.197138 0.22853 0.00271821
0 0.115295 0.200391 0.23059 0.203255 0.00271648
0 0.0440581 0.574343 0.0881161 0.584844 0.00270798
0 0.093563 0.737404 0.187126 0.246615 0.00270032
0 0.117719 0.172133 0.235438 0.162423 0.00269988
0 0.79538 0.7737 0.40924 0.452599 0.00269242
0 0.11982 0.253197 0.239639 0.434195 0.00269068
0 0.231436 0.76992 0.26516 0.193268 0.00268552
0 0.260232 0.303924 0.426884 0.381921 0.00267324
0 0.489641 0.654507 0.854159 0.510779 0.00266156
0 0.0255212 0.794649 0.0510423 0.410701 0.00265946
0 0.552399 0.80274 0.798988 0.39452 0.00265894
0 0.690726 0.958529 0.310409 0.0829412 0.00264893
0 0.953745 0.867411 0.092509 0.265178 0.00264101
0 0.743401 0.174247 0.513199 0.348494 0.00263556
0 0.113917 0.83209 0.227834 0.21976 0.00263274
0 0.611867 0.953655 0.327069 0.0926897 0.00263172
0 0.731529 0.702531 0.536943 0.543273 0.00263018
0 0.17324 0.339739 0.34648 0.43985 0.00262316
0 0.214101 0.334991 0.428201 0.42597 0.00261632
0 0.607568 0.304906 0.784864 0.570027 0.00261014
0 0.285561 0.373311 0.431183 0.436621 0.0026092
0 0.382023 0.951642 0.28385 0.0967169 0.00260522
0 0.530158 0.951043 0.30429 0.0979149 0.0026043
0 0.24592 0.649994 0.491841 0.452992 0.00260306
0 0.0386268 0.746516 0.0772536 0.506969 0.00260028
0 0.118239 0.521459 0.236477 0.280252 0.00259165
0 0.0879764 0.965353 0.175953 0.069293 0.00257798
0 0.0164753 0.872325 0.0329507 0.25535 0.00257077
0 0.449411 0.952193 0.287448 0.0956145 0.00254077
0 0.793692 0.101268 0.412616 0.202537 0.002536
0 0.297808 0.165654 0.369024 0.318331 0.0025347
0 0.610085 0.717566 0.77983 0.479456 0.0025285
0 0.434264 0.813362 0.723375 0.373275 0.00250627
0 0.853913 0.966246 0.281285 0.0675087 0.00249267
0 0.681591 0.66061 0.636818 0.496907 0.00249202
0 0.518214 0.304056 0.685274 0.502328 0.00249192
0 0.735139 0.145831 0.529722 0.291662 0.00247083
0 0.582086 0.800568 0.835828 0.398864 0.00246329
0 0.15234 0.336688 0.304681 0.40344 0.00246162
0 0.401192 0.24789 0.479287 0.432974 0.00243153
0 0.446963 0.550649 0.775351 0.527449 0.0024304
0 0.0351881 0.269039 0.0703762 0.538077 0.00242726
0 0.0174116 0.123321 0.0348233 0.246641 0.00242614
0 0.736702 0.534353 0.266988 0.158694 0.00240845
0 0.699739 0.835212 0.600522 0.329575 0.00240705
0 0.388707 0.078639 0.290468 0.157278 0.00240472
0 0.326702 0.311624 0.412091 0.346341 0.00238993
0 0.19542 0.452933 0.339792 0.289699 0.00238901
0 0.460803 0.96974 0.296422 0.0605204 0.00238731
0 0.458726 0.0970716 0.378322 0.194143 0.00233214
0 0.379324 0.971076 0.295135 0.0578489 0.00231373
0 0.968366 0.910957 0.0632673 0.178085 0.0023129
0 0.303333 0.21256 0.416295 0.338212 0.00230791
0 0.675101 0.557254 0.256963 0.1473 0.00228441
0 0.427118 0.199039 0.598347 0.398077 0.00227408
0 0.203796 0.0658438 0.25632 0.131688 0.00226725
0 0.112365 0.567229 0.224729 0.28115 0.00226242
0 0.124681 0.186759 0.249362 0.146248 0.00226109
0 0.544301 0.968795 0.300352 0.0624102 0.00225875
0 0.296187 0.14604 0.339101 0.203024 0.00224655
0 0.241573 0.967045 0.296053 0.0659099 0.00223503
0 0.884005 0.815529 0.231991 0.368942 0.00221433
0 0.655309 0.635406 0.350172 0.285975 0.00219521
0 0.156131 0.964681 0.262912 0.0706375 0.00219277
0 0.318738 0.0663621 0.264003 0.132724 0.002189
0 0.421716 0.851924 0.595935 0.296153 0.00218638
0 0.959924 0.0797336 0.0801524 0.159467 0.00216765
0 0.535454 0.234616 0.810312 0.469233 0.00213545
0 0.10178 0.067034 0.20356 0.134068 0.00211376
0 0.928962 0.147171 0.142077 0.294341 0.0021118
0 0.270681 0.880806 0.320448 0.238389 0.00211098
0 0.104645 0.155867 0.209291 0.311733 0.00209491
0 0.0892692 0.680531 0.178538 0.248197 0.00208532
0 0.744384 0.106097 0.486357 0.212195 0.00208426
0 0.652304 0.720594 0.695392 0.550306 0.00206928
0 0.629689 0.535958 0.248543 0.161543 0.00205893
0 0.344426 0.879476 0.449322 0.241048 0.00205364
0 0.673032 0.216852 0.653935 0.433704 0.00205032
0 0.291778 0.970798 0.296967 0.0584038 0.00204756
0 0.191242 0.535361 0.382484 0.358751 0.0020216
0 0.61586 0.61627 0.448162 0.371262 0.00199903
0 0.525168 0.106568 0.484762 0.213136 0.00199591
0 0.39437 0.116438 0.368646 0.232877 0.00199544
0 0.111667 0.117528 0.223333 0.235057 0.00198253
0 0.276756 0.0693436 0.304106 0.138687 0.0019778
0 0.232178 0.2526 0.382128 0.339479 0.00196966
0 0.682913 0.0207046 0.369867 0.0414092 0.00196312
0 0.460207 0.0112101 0.36333 0.0224201 0.00195732
0 0.856869 0.0299424 0.286261 0.0598849 0.00192599
0 0.0277559 0.0857394 0.0555117 0.171479 0.00191788
0 0 0.913519 0 0.172963 0.00191408
0 0.556255 0.595619 0.661003 0.48368 0.00191224
0 0.0831891 0.185693 0.166378 0.371385 0.00190267
0 0.204284 0.211061 0.360008 0.227771 0.0018974
0 0.0947409 0.620828 0.189482 0.265967 0.00189128
0 0.122696 0.963842 0.245392 0.0723157 0.00187613
0 0.40182 0.167372 0.47907 0.334743 0.00186797
0 0.565232 0.562067 0.461307 0.311744 0.00185621
0 0.927539 0.00308584 0.144922 0.00617168 0.0018221
0 0.746874 0.0270324 0.378855 0.0540648 0.00181962
0 0.305002 0.465518 0.363962 0.228652 0.00179535
0 0.782452 0.0439983 0.370614 0.0879966 0.00178985
0 0.556124 0.153906 0.753882 0.307812 0.00177155
0 0.59676 0.188676 0.80648 0.377352 0.00173399
0 0.451326 0.169165 0.240819 0.150692 0.00173205
0 0.966329 0.00441049 0.0673415 0.00882099 0.00173144
0 0.0605619 0.173631 0.121124 0.347263 0.00172508
0 0.248427 0.228962 0.253615 0.217369 0.00168901
0 0.218587 0.687242 0.227228 0.193935 0.00167973
0 0.141817 0.0325897 0.283634 0.0651794 0.00166613
0 0.061284 0.557658 0.122568 0.26286 0.00166183
0 0.378792 0.119227 0.348484 0.238453 0.00160538
0 0.368229 0.186567 0.294765 0.19019 0.0015905
0 0.099757 0.00327711 0.199514 0.00655422 0.00156742
0 0.45039 0.794815 0.224202 0.144651 0.00155008
0 0.535396 0.182835 0.260408 0.161458 0.00154784
0 0.45847 0.463937 0.247216 0.216927 0.00153151
0 0.385232 0.791722 0.250568 0.145163 0.00153052
0 0.573671 0.203677 0.301851 0.22063 0.00151658
0 0.222981 0.818565 0.24064 0.134106 0.00151546
0 0.223216 0.0648744 0.354918 0.129749 0.00148737
0 0.537134 0.0146577 0.379554 0.0293155 0.00146671
0 0.318132 0.263187 0.282953 0.197721 0.00146087
0 0.764031 0.222816 0.351721 0.189691 0.00145032
0 0.884304 0.669304 0.231393 0.284986 0.00144215
0 1 0.846187 0 0.30024 0.00143969
0 0.220231 0.862646 0.237139 0.213088 0.00143924
0 0.853629 0.69403 0.292743 0.187231 0.00143611
0 0.0204804 0.0101645 0.0409608 0.0203289 0.0014275
0 0.408971 0.305282 0.269742 0.186536 0.00140966
0 0.823452 0.110622 0.353097 0.221244 0.0014067
0 0 0.962407 0 0.0751865 0.00140179
0 1 0.344447 0 0.298465 0.00139145
0 0.363526 0.280719 0.307306 0.221165 0.00137537
0 0.620505 0.497682 0.31305 0.232012 0.00137054
0 0.31575 0.787539 0.296919 0.144064 0.00135679
0 0.292748 0.362194 0.266414 0.0913079 0.00135507
0 0.249658 0.370549 0.310315 0.0896773 0.00134886
0 1 0.269897 0 0.299023 0.00134763
0 0.999982 0.744921 3.51087e-05 0.298006 0.00134465
0 0.644354 0.813159 0.621278 0.315511 0.00134135
0 0.399821 0.0197196 0.360088 0.0394392 0.00133213
0 0.262711 0.515261 0.336466 0.244163 0.00133086
0 0.623837 0.181982 0.330766 0.257267 0.00132751
0 0.882026 0.398117 0.235948 0.310988 0.00132722
0 0.752401 0.113758 0.369606 0.227516 0.00132599
0 0.263544 0.769516 0.369513 0.210094 0.00130518
0 0.313815 0.359013 0.22109 0.0766895 0.00130218
0 0.376619 0.316602 0.253219 0.166617 0.00129769
0 0.313443 0.506713 0.373496 0.210973 0.00129416
0 0.388335 0.482787 0.22106 0.188623 0.0012925
0 0.53326 0.536601 0.202695 0.164878 0.00129203
0 0.848791 0.734535 0.302418 0.226009 0.00128983
0 0.267801 0.426794 0.320368 0.190148 0.00128935
0 0.28948 0.0530469 0.381807 0.106094 0.00128762
0 0.23328 0.279278 0.274766 0.167878 0.00128668
0 0.20387 0.319781 0.204917 0.158629 0.00128465
0 0.497095 0.221728 0.371711 0.231745 0.00128371
0 0.358371 0.493158 0.311639 0.200451 0.00128065
0 0.863752 0.742401 0.272496 0.337592 0.00127344
0 0.863553 0.621058 0.272894 0.330461 0.00126886
0 0.630385 0.313853 0.237471 0.190647 0.00126567
0 0.857312 0.907974 0.285375 0.184051 0.00126332
0 0.520318 0.51032 0.212857 0.216224 0.00126151
0 0.586595 0.471208 0.282218 0.239447 0.00125798
0 0.888153 0.877267 0.223694 0.245467 0.00125525
0 0.872871 0.57324 0.254258 0.332934 0.00125336
0 0.280147 0.18401 0.167157 0.135942 0.00124197
0 0.477367 0.125074 0.378243 0.250148 0.00124186
0 1 0.0292214 0 0.0584427 0.00124152
0 0.231829 0.315318 0.27294 0.17126 0.00123972
0 0.464776 0.125089 0.520143 0.250179 0.00123343
0 0.238636 0.901956 0.275336 0.196089 0.00123298
0 0.69606 0.826881 0.549061 0.227696 0.00123174
0 0.131822 0.184246 0.185642 0.131576 0.979213
0 1 0.895249 0 0.209503 0.00706384
0 0 0.913117 0 0.173766 0.00606458
0 1 0.919324 0 0.161353 0.00500501
0 0.417905 0.413595 0.106927 0.100497 0.00464932
0 0.157019 0.422734 0.314039 0.627434 0.00430825
0 0.168559 0.527254 0.337119 0.655342 0.00416011
0 0.174611 0.6734 0.349223 0.6532 0.00405652
0 0.0776828 0.165835 0.155366 0.331671 0.00392257
0 0.164402 0.0656822 0.140047 0.124849 0.00372047
0 0.0637465 0.112809 0.127493 0.225617 0.00365127
0 0.126651 0.311226 0.253301 0.586833 0.00357682
0 0.154235 0.773275 0.308471 0.453451 0.00353651
0 0.0898489 0.214282 0.179698 0.428564 0.0034202
0 0.259396 0.957352 0.220834 0.0852951 0.00335032
0 0.822616 0.958031 0.272646 0.0839378 0.00321389
0 0.317929 0.958459 0.190285 0.0830828 0.003182
0 0.518364 0.957715 0.233749 0.0845707 0.00315942
0 0.196006 0.359003 0.392012 0.382288 0.00313243
0 0.434709 0.958311 0.214444 0.0833788 0.00309707
0 0.70923 0.957984 0.263266 0.0840319 0.00308376
0 0.20171 0.802847 0.40342 0.394307 0.00305509
0 0.573311 0.958373 0.21081 0.0832536 0.00303241
0 0.120948 0.252968 0.241896 0.38738 0.00302179
0 0.663928 0.957792 0.254332 0.084417 0.00299398
0 0.776802 0.957491 0.261448 0.0850182 0.00295296
0 0.224269 0.575995 0.448539 0.428308 0.00293666
0 0.156338 0.304641 0.312677 0.371417 0.0029117
0 0.223036 0.719056 0.446071 0.425733 0.00288142
0 1 0.248543 0 0.204086 0.00287126
0 0.0471681 0.735895 0.0943362 0.52821 0.0027979
0 0.0424622 0.460267 0.0849243 0.548931 0.00277595
0 0.221723 0.468314 0.443447 0.414711 0.00276854
0 0.209874 0.957954 0.213156 0.0840919 0.00270808
0 0.155744 0.839456 0.311487 0.321088 0.00270399
0 1 0.198247 0 0.186677 0.00270095
0 0.0356841 0.801168 0.0713682 0.397665 0.0026899
0 1 0.873969 0 0.252063 0.00267397
0 1 0.300005 0 0.238867 0.00266835
0 1 0.805285 0 0.263318 0.00266684
0 0 0.973573 0 0.0528543 0.00263302
0 0.058446 0.0806279 0.116892 0.161256 0.00262362
0 0.0575691 0.933688 0.115138 0.132625 0.0026174
0 0.0446803 0.8327 0.0893605 0.334601 0.00260871
0 0.276445 0.940652 0.27398 0.118696 0.00260703
0 0.0477473 0.664698 0.0954945 0.587364 0.00259541
0 0 0.949949 0 0.100102 0.0025622
0 0.0332057 0.356187 0.0664113 0.49256 0.00256174
0 0.476031 0.939528 0.239633 0.120944 0.00255555
0 0.827756 0.591843 0.310287 0.279866 0.0025147
0 0.239504 0.947837 0.248942 0.104327 0.00247769
0 0.0226657 0.244465 0.0453314 0.391122 0.00246061
0 0.831953 0.474608 0.336094 0.310859 0.00246043
0 0.90255 0.108209 0.1949 0.195472 0.00246013
0 0.0825167 0.901683 0.165033 0.196635 0.00245815
0 0.285423 0.125903 0.122058 0.0811542 0.0024539
0 0.0111012 0.190745 0.0222023 0.305601 0.00242981
0 1 0.351682 0 0.268054 0.00241614
0 0.852785 0.119252 0.258659 0.238504 0.00239979
0 0.108079 0.197962 0.216158 0.306828 0.00239427
0 0.846719 0.896567 0.280145 0.206866 0.00239357
0 0 0.915749 0 0.168502 0.00239079
0 0.549585 0.938265 0.22987 0.123471 0.00238931
0 0 0.10677 0 0.150673 0.00237573
0 0.868892 0.280477 0.262217 0.259307 0.00237533
0 0 0.150432 0 0.187858 0.00237003
0 0.100561 0.109486 0.201121 0.207309 0.00236829
0 0.776464 0.715069 0.288326 0.226061 0.00236474
0 0.876361 0.181294 0.247277 0.254966 0.00235616
0 0.20651 0.78524 0.201458 0.150549 0.00234781
0 0 0.0620127 0 0.124025 0.00234282
0 0.00628433 0.113268 0.0125687 0.226536 0.00233771
0 1 0.749331 0 0.278468 0.00233734
0 0.115317 0.254499 0.230634 0.264516 0.00233711
0 0.832502 0.270176 0.334996 0.324965 0.00233687
0 0.350159 0.939814 0.215565 0.120372 0.00233072
0 0.167253 0.959369 0.22882 0.0812624 0.00231744
0 0.623376 0.942167 0.232266 0.115665 0.00231535
0 0.999123 0.974194 0.0017549 0.0516129 0.00230461
0 0 0.0712908 0 0.142582 0.00229498
0 1 0.70047 0 0.289284 0.00227585
0 1 0.401883 0 0.286664 0.00227501
0 0.760044 0.166843 0.476013 0.333687 0.00227157
0 0.867383 0.334768 0.265233 0.245655 0.00226051
0 1 0.150332 0 0.17817 0.00225703
0 0.0939582 0.0681434 0.187916 0.136287 0.0022498
0 0.871728 0.230951 0.256545 0.271283 0.00224379
0 0.11252 0.201064 0.22504 0.171012 0.00224038
0 0.874021 0.887489 0.251958 0.225023 0.00223604
0 0.671896 0.140564 0.311169 0.268796 0.00223031
0 0.130305 0.940324 0.234917 0.119352 0.00222883
0 0.872098 0.388535 0.255804 0.264532 0.00222298
0 0.620197 0.144646 0.275485 0.21965 0.00222003
0 0.999008 0.561241 0.0019831 0.25393 0.00221613
0 1 0.510755 0 0.253883 0.0022128
0 0.998856 0.610885 0.00228882 0.250513 0.0022039
0 1 0.460544 0 0.247936 0.0021905
0 0.835391 0.524521 0.30846 0.302417 0.00217824
0 0.0394871 0.970808 0.0789742 0.0583848 0.0021757
0 0.933307 0.37291 0.133385 0.191357 0.00216732
0 1 0.649522 0 0.293082 0.00216443
0 0.0621677 0 0.112949 0 0.00215249
0 0.111776 0.148424 0.223552 0.195441 0.00215077
0 0.811599 0.707046 0.363811 0.313896 0.00214947
0 0.93795 0.320504 0.124099 0.174434 0.0021383
0 0.123749 0.29101 0.247498 0.256069 0.0021367
0 0.705267 0.907595 0.247446 0.184108 0.00212041
0 0.694328 0.946847 0.238243 0.106306 0.00210847
0 0.921966 0.0728654 0.156069 0.145731 0.00209046
0 0.826367 0.384403 0.347266 0.310117 0.00208981
0 0 0.881136 0 0.237729 0.00208696
0 0.196896 0.948173 0.220288 0.103654 0.0020773
0 0.840429 0.317766 0.304514 0.251217 0.00207362
0 0.174452 0.314893 0.278696 0.228708 0.0020662
0 0.829207 0.847671 0.310594 0.274534 0.00206612
0 0.144587 0.111777 0.261512 0.206772 0.00206217
0 0.877926 0.923126 0.211099 0.151951 0.00206167
0 0.871546 0.63628 0.256909 0.240862 0.00206129
0 0.119953 0.961341 0.239907 0.0773188 0.00205331
0 0.138614 0.265079 0.243789 0.242252 0.00204519
0 0.129503 0.366503 0.259007 0.215322 0.0020355
0 1 0.0629868 0 0.125974 0.0020264
0 0.631261 0.106004 0.273251 0.194799 0.00202609
0 0.871084 0.684235 0.257831 0.260524 0.00202161
0 0.938438 0.970021 0.123124 0.0599586 0.0020182
0 0.779943 0.657261 0.281167 0.201751 0.00201147
0 0.110205 0.184381 0.220411 0.167455 0.00201079
0 0.828407 0.429512 0.333071 0.263317 0.00200198
0 0.132067 0.915206 0.241934 0.169588 0.00198927
0 0.123515 0.41708 0.247029 0.212163 0.00198861
0 0.93171 0.425241 0.13658 0.205854 0.0019823
0 0.118816 0.518514 0.237632 0.204218 0.00197258
0 1 0.100473 0 0.180129 0.0019688
0 0.87559 0.532856 0.248819 0.239425 0.00196596
0 0.945315 0.271231 0.10937 0.172675 0.00196039
0 0.772844 0.413953 0.246655 0.185121 0.00195702
0 0.00138841 0.972841 0.00277681 0.0543177 0.00195522
0 0.910631 0.90565 0.178737 0.188701 0.00195071
0 0.777057 0.754393 0.266679 0.21248 0.00194926
0 0.871471 0.588816 0.257058 0.227939 0.00194685
0 0.127555 0.0667057 0.249992 0.133411 0.00194386
0 0.709495 0.927005 0.200561 0.137663 0.00193796
0 0.243057 0.665341 0.486114 0.145612 0.00193696
0 0.124506 0.46939 0.249012 0.202489 0.00193203
0 0.951502 0.0729459 0.0969966 0.145892 0.00192732
0 0.770452 0.506809 0.230964 0.207772 0.00192625
0 0.243128 0.0680333 0.251396 0.136067 0.0019251
0 0.955986 0.895143 0.0880289 0.209714 0.00191805
0 0.941358 0.21996 0.117285 0.178877 0.00191349
0 0.838416 0.377365 0.31502 0.240647 0.001911
0 0.954791 0.111305 0.0904185 0.176061 0.00190781
0 0.769974 0.122376 0.313504 0.244752 0.00189759
0 1 0.910916 0 0.178169 0.00189504
0 0.320522 0.0691083 0.254875 0.138217 0.00189249
0 0.472544 0.0705054 0.250426 0.141011 0.00189238
0 0.398047 0.0696893 0.243488 0.139379 0.00189117
0 0.871676 0.837628 0.256648 0.224657 0.00188736
0 0.938021 0.167783 0.123958 0.174843 0.00188682
0 0.743607 0.931664 0.280593 0.136672 0.00188605
0 0.775855 0.36288 0.250131 0.171172 0.00188062
0 0.987151 0.0739164 0.0256988 0.147833 0.00187805
0 0.188158 0.066973 0.240433 0.133946 0.00187731
0 0.773345 0.311534 0.257234 0.1807 0.00187198
0 0.937805 0.523672 0.12439 0.199167 0.00185889
0 0.226676 0.268322 0.285508 0.194431 0.00184863
0 0.818665 0.235778 0.238628 0.133169 0.00184581
0 0.40364 0 0.112538 0 0.00184478
0 0.876925 0.78338 0.24615 0.246133 0.00184219
0 0.837989 0.572065 0.273042 0.19241 0.00184122
0 0.931786 0.475397 0.136429 0.208566 0.00183436
0 0.568034 0.157053 0.253438 0.180973 0.0018278
0 0.753441 0.277976 0.323949 0.208762 0.00182613
0 0.964916 0.972963 0.070168 0.0540731 0.00182204
0 0.00466709 0.0780597 0.00933418 0.156119 0.00181823
0 0.267179 0.321753 0.308326 0.196237 0.00181632
0 0.870176 0.480926 0.259649 0.267481 0.00181609
0 0.807054 0.209002 0.385892 0.340695 0.00180975
0 0.195495 0.370872 0.301662 0.201151 0.00180941
0 0.203001 0.911766 0.220152 0.174294 0.00180442
0 0.838307 0.770755 0.317756 0.308313 0.00180182
0 0.834561 0.135249 0.321735 0.270498 0.00180129
0 0.620605 0.216156 0.277867 0.231648 0.00178618
0 0.783294 0.609161 0.262355 0.190038 0.00178078
0 0.779743 0.557018 0.232401 0.163705 0.00177938
0 0.788305 0.820788 0.248622 0.170477 0.0017735
0 0.642923 0.564191 0.252026 0.175663 0.00177211
0 0.89114 0.0726347 0.217721 0.145269 0.00176997
0 0.936018 0.622911 0.127963 0.19441 0.00176806
0 0.24947 0.910546 0.243682 0.177252 0.00176251
0 0.93486 0.673524 0.13028 0.197538 0.00176221
0 0.261041 0.612999 0.319786 0.198549 0.00176124
0 0.729487 0.193021 0.381721 0.335968 0.00175734
0 0.801372 0.876525 0.304787 0.24695 0.00175629
0 0.942341 0.775099 0.115317 0.199408 0.00175381
0 0.203776 0.217634 0.337855 0.177598 0.00174334
0 0.828552 0.180279 0.326965 0.312825 0.00173912
0 0.62803 0.763113 0.284897 0.180984 0.00173871
0 0.708176 0.10728 0.288464 0.214561 0.00173455
0 0.937603 0.573988 0.124794 0.195427 0.00173445
0 0.7111 0.46809 0.242575 0.193921 0.00173377
0 0.334812 0.613922 0.331828 0.196642 0.00173324
0 0.940351 0.726507 0.119299 0.205715 0.001732
0 0.333903 0.714764 0.329468 0.195999 0.00172853
0 0.214859 0.161431 0.323244 0.172902 0.00172843
0 0.565078 0.219766 0.257828 0.191971 0.00172464
0 0.872466 0.732959 0.255068 0.264869 0.0017246
0 1 0.0626026 0 0.125205 0.00172314
0 0.709111 0.50801 0.235898 0.19202 0.00172057
0 0.337428 0.66432 0.336675 0.191391 0.00171716
0 0.255165 0.111716 0.313432 0.178445 0.00171648
0 0.264211 0.664099 0.326776 0.192252 0.00171469
0 0.515826 0.565863 0.33512 0.189722 0.00171445
0 0.40912 0.714657 0.330294 0.192284 0.00171197
0 0.784358 0.693631 0.227724 0.166598 0.00170931
0 0.820132 0.643119 0.359736 0.293557 0.00170833
0 0.480676 0.108085 0.25119 0.178271 0.00170698
0 0.68693 0.274208 0.271736 0.185429 0.00170021
0 0.258416 0.565533 0.314491 0.193295 0.00169796
0 0.470488 0.16686 0.262861 0.173391 0.00169701
0 0.140042 0.418526 0.280085 0.193842 0.00169542
0 0.955172 0.824294 0.0896558 0.178226 0.00169456
0 0.412583 0.66399 0.335917 0.191404 0.00169452
0 0.643827 0.511004 0.242715 0.182062 0.0016937
0 0.633909 0.712371 0.273631 0.184017 0.00169143
0 0.643489 0.465799 0.240021 0.185305 0.00168655
0 0.350324 0.880548 0.319738 0.191586 0.00168521
0 0.636911 0.613413 0.258748 0.181671 0.00168476
0 0 0.904544 0 0.190911 0.00168473
0 0.80909 0.911595 0.330059 0.17681 0.00168438
0 0.570514 0.105283 0.257078 0.178942 0.00168409
0 0.33542 0.765839 0.318256 0.190905 0.00168387
0 0.504211 0.71407 0.334441 0.190385 0.00168224
0 0.498813 0.764088 0.332606 0.190764 0.00167318
0 0.26158 0.714589 0.317309 0.198917 0.00167215
0 0.291604 0.590862 0.463972 0.164563 0.00167145
0 0.510268 0.663176 0.336051 0.189534 0.00167028
0 0.630768 0.367054 0.235378 0.175009 0.00166823
0 0.638397 0.66248 0.259997 0.177479 0.0016672
0 0.188025 0.666799 0.304679 0.187379 0.00166595
0 0.511603 0.816191 0.327793 0.181565 0.00166454
0 0.411154 0.614535 0.334203 0.193104 0.00166356
0 0.411697 0.566287 0.335916 0.191544 0.00166189
0 0.425236 0.816076 0.31966 0.182891 0.00166083
0 0.112675 0.56916 0.225349 0.204645 0.00165837
0 0.2645 0.764443 0.300522 0.188207 0.00165768
0 0.184711 0.442914 0.172849 0.121606 0.00165527
0 0.185642 0.615193 0.296656 0.193537 0.00165506
0 0.376421 0.267125 0.286084 0.182593 0.00165405
0 0.554904 0.0698696 0.256287 0.139739 0.00165085
0 0.409537 0.765694 0.323743 0.192041 0.00165042
0 0.551607 0.263679 0.257406 0.177322 0.00164668
0 0.332425 0.565824 0.330332 0.193373 0.0016466
0 0.637289 0.413462 0.232957 0.177573 0.00164637
0 0.713857 0.557097 0.23483 0.17263 0.00164448
0 0.124462 0.616228 0.248924 0.196274 0.00164405
0 0.270185 0.371038 0.302339 0.199707 0.00164144
0 0.138536 0.467446 0.277072 0.187903 0.00164134
0 0.66572 0.198997 0.318338 0.30822 0.0016401
0 0.707774 0.412842 0.235671 0.173513 0.00163961
0 0.510292 0.614322 0.337387 0.190044 0.00163954
0 0.831753 0.330611 0.336493 0.320662 0.00163606
0 0.393108 0.109824 0.251713 0.176802 0.00163476
0 0.202609 0.416732 0.28772 0.193425 0.00163321
0 0.349965 0.815891 0.314224 0.181793 0.00163298
0 0.556299 0.36951 0.245644 0.18034 0.00163261
0 0.266389 0.465651 0.301091 0.188367 0.00163149
0 0.284852 0.186794 0.132872 0.129731 0.00163041
0 0.10543 0.620103 0.210859 0.212628 0.0016288
0 0.465948 0.22267 0.269794 0.189194 0.00162848
0 0.946217 0.934389 0.107565 0.131223 0.00162824
0 0.534563 0.511989 0.300321 0.19027 0.00162399
0 0.715821 0.761357 0.245815 0.179124 0.00161958
0 0.61891 0.265952 0.261236 0.189868 0.00161557
0 0.256911 0.514223 0.303825 0.192456 0.00161069
0 0.379112 0.321689 0.289263 0.193134 0.00160351
0 0.789507 0.248501 0.225933 0.108599 0.00160145
0 0.186631 0.881701 0.245193 0.194407 0.00160032
0 0.632627 0.81657 0.284666 0.176083 0.0015988
0 0.63406 0.168868 0.242894 0.155317 0.0015901
0 0.187999 0.717221 0.294644 0.195279 0.00158393
0 0.782536 0.900325 0.258806 0.199081 0.00158256
0 0.845648 0.071971 0.246649 0.143942 0.00157958
0 0.278065 0.881775 0.303504 0.187109 0.00157888
0 0.274261 0.417306 0.293494 0.19191 0.00157182
0 0.717814 0.711376 0.249192 0.180673 0.00157027
0 0.276348 0.814787 0.300665 0.178584 0.00156918
0 0.705836 0.364327 0.240565 0.165859 0.00156889
0 0.130451 0.515663 0.260901 0.191232 0.00155682
0 0.130348 0.885414 0.260697 0.201437 0.00155548
0 0.625288 0.310296 0.23263 0.175687 0.00155288
0 0.553794 0.464981 0.266947 0.188023 0.00155272
0 0.465949 0.265914 0.260852 0.176416 0.00155242
0 0.186456 0.566373 0.29472 0.192151 0.00155144
0 0.350054 0.466292 0.311623 0.188027 0.00155011
0 0.549742 0.315974 0.239914 0.175788 0.00154706
0 0.560164 0.412699 0.247358 0.180936 0.00154641
0 0.43626 0.881512 0.326268 0.192473 0.00154548
0 0.197992 0.465431 0.286612 0.187638 0.0015445
0 0.369125 0.166362 0.277595 0.17476 0.00154176
0 0.120043 0.772088 0.240087 0.193378 0.00154044
0 0.128051 0.181455 0.182937 0.128925 0.924086
0 0.0869495 0.19256 0.0957194 0.0983401 0.00951704
0 1 0.945272 0 0.109455 0.00646873
0 1 0.967503 0 0.0649944 0.00480583
0 0.151091 0.209804 0.137306 0.0825883 0.00461653
0 0.104266 0.190803 0.124578 0.107721 0.00459299
0 0.208416 0.17357 0.0314119 0.104445 0.00441788
0 1 0.949573 0 0.100854 0.00384903
0 0.0651444 0 0.110513 0 0.003615
0 1 0.946787 0 0.106426 0.00335689
0 0 0.0187863 0 0.0375727 0.00323087
0 1 0.95633 0 0.0873396 0.00311199
0 0.17512 0.186605 0.095066 0.106182 0.00310638
0 0.198307 0.175007 0.0511837 0.122208 0.00271244
0 0 0.898484 0 0.203032 0.00259056
0 0.146282 0.0816545 0.0963019 0.0671213 0.00251503
0 0.943259 0.999506 0.113482 0.000988007 0.00230336
0 0.124196 0.216586 0.153535 0.0668351 0.00227782
0 0.964745 0.998738 0.0705103 0.00252457 0.00223009
0 0.056994 0.998536 0.113988 0.00292702 0.00218815
0 0 0.0615838 0 0.123168 0.00217553
0 0.411805 1 0.126618 0 0.00210702
0 0.39821 0.567662 0.104719 0.0821107 0.00208729
0 0.446899 1 0.126849 0 0.00208048
0 0.753505 0.964695 0.297911 0.0706108 0.00203074
0 0.375588 1 0.1274 0 0.00202958
0 0.112691 0.199943 0.225381 0.150745 0.0020259
0 0.0843013 0.967893 0.168603 0.0642139 0.00200221
0 0.0695749 0.999288 0.1352 0.00142441 0.00200024
0 0.687112 0.964432 0.301332 0.0711363 0.0019956
0 0.125098 0.964718 0.250196 0.0705637 0.00199045
0 0.61739 0.964444 0.301979 0.0711122 0.00196616
0 0.179926 0.964283 0.281886 0.0714334 0.00195875
0 0.270507 0.999781 0.127773 0.00043745 0.00195844
0 0.913267 0.999877 0.136114 0.000246239 0.00195213
0 0.826701 0.96502 0.30173 0.0699606 0.00194555
0 0.305227 0.999891 0.126602 0.000217438 0.00194471
0 0.482772 1 0.127471 0 0.00194318
0 0.339561 1 0.12785 0 0.00193723
0 0.517444 1 0.127084 0 0.00192793
0 0.47857 0.964511 0.309575 0.0709782 0.00192648
0 0.547866 0.96447 0.305118 0.0710594 0.0019227
0 0.333508 0.964712 0.307461 0.0705755 0.00191671
0 0.408173 0.96463 0.311706 0.070741 0.00190946
0 1 0.0991982 0 0.18629 0.00190713
0 0.257604 0.964697 0.300693 0.0706055 0.00189678
0 0 0.969224 0 0.0615528 0.00189625
0 1 0.0667705 0 0.133541 0.00187579
0 1 0.202801 0 0.187256 0.00187531
0 0.0412579 0.99527 0.0825158 0.00946064 0.00186335
0 1 0.96275 0 0.0745003 0.0018623
0 1 0.804449 0 0.183262 0.00186195
0 0.132505 0.207921 0.265011 0.16012 0.00185939
0 1 0.753247 0 0.186572 0.00185629
0 0.142564 0.151009 0.237256 0.186213 0.00185153
0 1 0.253532 0 0.184509 0.0018491
0 1 0.703033 0 0.184902 0.00183924
0 1 0.303071 0 0.184677 0.00183526
0 1 0.453049 0 0.18458 0.00183366
0 1 0.403007 0 0.184531 0.00183045
0 1 0.353012 0 0.184526 0.00182946
0 1 0.503056 0 0.184478 0.00182868
0 0.128995 0.0814901 0.0602023 0.065096 0.00182852
0 1 0.653083 0 0.184442 0.00182532
0 1 0.553013 0 0.184452 0.00182419
0 1 0.603014 0 0.184397 0.00182215
0 1 0.152522 0 0.184802 0.0018212
0 0.874553 0.965961 0.250894 0.0680779 0.00180627
0 0.0881119 0.209418 0.0850764 0.0726563 0.00180429
0 0.148193 0.191653 0.146418 0.11058 0.00179678
0 0 0.972428 0 0.0551437 0.00179521
0 0.0197813 0.888393 0.0395626 0.223 0.00178869
0 0.84192 0.999415 0.120768 0.00116997 0.00178377
0 0.553585 0.999797 0.127183 0.000406456 0.00178365
0 0.397289 0.437625 0.12074 0.0731417 0.00178076
0 0.876903 0.999861 0.125818 0.000278759 0.0017711
0 0.0945809 0.999225 0.129344 0.00154953 0.00175912
0 0.625589 0.999268 0.126251 0.00146418 0.00175585
0 0 0.0865906 0 0.173181 0.00174866
0 0.0274393 0.361823 0.0548785 0.188101 0.00171286
0 0.0236067 0.973582 0.0472134 0.0528364 0.00171025
0 0.0234943 0.813605 0.0469886 0.18124 0.00170656
0 1 0.970951 0 0.0580975 0.00170533
0 0.12197 0 0.0981484 0 0.00169671
0 0 0.612736 0 0.156073 0.00169145
0 0.0214878 0.411545 0.0429755 0.18574 0.00169085
0 0.0179876 0.559528 0.0359753 0.190219 0.00169062
0 0 0.921847 0 0.156307 0.00169053
0 0.019662 0.46069 0.0393241 0.185563 0.00169046
0 0.0777814 0.201301 0.0704208 0.0819651 0.00168894
0 0.0185131 0.509925 0.0370263 0.187222 0.0016867
0 0 0.562885 0 0.155453 0.00168312
0 0.0162244 0.761546 0.0324489 0.195112 0.00168248
0 0.0175414 0.60959 0.0350828 0.19276 0.00167653
0 0.0177211 0.710494 0.0354423 0.193258 0.00167578
0 0.0173598 0.659908 0.0347195 0.19323 0.00167278
0 0.589797 0.999419 0.129638 0.00116224 0.00167122
0 0.0447675 0.0688616 0.089535 0.137723 0.00166974
0 1 0.858927 0 0.189721 0.0016679
0 0.662607 0.999288 0.123883 0.00142355 0.00166445
0 0 0.662624 0 0.156514 0.00166418
0 0.0527015 0.212201 0.105403 0.194725 0.00166019
0 0.0494172 0.258794 0.0988344 0.199808 0.00165797
0 0.234478 0.999712 0.131468 0.000576019 0.00165595
0 0.040169 0.110251 0.080338 0.188905 0.00165524
0 0 0.513245 0 0.154921 0.0016482
0 0.040719 0.310678 0.0814381 0.192202 0.00164697
0 1 0.75988 0 0.178373 0.00164517
0 1 0.922811 0 0.154377 0.00164295
0 1 0.260026 0 0.174909 0.00163505
0 0 0.71267 0 0.156608 0.00163349
0 0.0231347 0.930731 0.0462694 0.138539 0.00163346
0 1 0.209389 0 0.177006 0.00163034
0 0.113807 0.247937 0.227614 0.216261 0.00162756
0 1 0.810694 0 0.17281 0.00161516
0 0 0.81333 0 0.152507 0.00161114
0 0.991372 0.992663 0.0172557 0.0146749 0.00160894
0 0.0390982 0.910315 0.0781964 0.17937 0.00160213
0 0.918362 0.966601 0.163277 0.0667971 0.00160178
0 0 0.463961 0 0.154574 0.00160126
0 0.165418 0.111301 0.308083 0.205501 0.00159521
0 0.380114 0.0699577 0.291094 0.139915 0.0015947
0 0.0728804 0.184614 0.0679707 0.0997552 0.00159081
0 0.868871 0.0660453 0.262259 0.132091 0.0015907
0 0.0375986 0.160126 0.0751973 0.186896 0.00159031
0 0 0.762489 0 0.156637 0.00158934
0 0.127702 0.933818 0.255404 0.132364 0.00158834
0 0.963867 0.162366 0.072267 0.188641 0.00158384
0 0.186958 0.934205 0.253563 0.13159 0.00158348
0 0.990461 0.0759476 0.0190778 0.151895 0.00157941
0 0.904583 0.066126 0.190835 0.132252 0.00157683
0 0.804082 0.066464 0.276348 0.132928 0.00157312
0 0.451245 0.0699142 0.290017 0.139828 0.00157043
0 0 0.112879 0 0.156312 0.00156757
0 0 0.879303 0 0.177818 0.00156586
0 0 0.414556 0 0.154324 0.00156295
0 0.238936 0.069542 0.283652 0.139084 0.0015621
0 0 0.0215323 0 0.0430646 0.00156083
0 0.95866 0.763095 0.0826799 0.192704 0.00155998
0 0.732265 0.0670978 0.278351 0.134196 0.00155786
0 0.308663 0.0696965 0.287865 0.139393 0.00155636
0 0 0.315336 0 0.155608 0.00155586
0 1 0.902472 0 0.195057 0.00155581
0 0.00371062 0.0673803 0.00742124 0.134761 0.00155557
0 0 0.364945 0 0.155005 0.00155456
0 0.0968803 0.932852 0.193761 0.134296 0.00155364
0 0.753301 0.933894 0.265256 0.132212 0.00155128
0 0.170652 0.0694816 0.284128 0.138963 0.00155003
0 0 0.265538 0 0.155739 0.0015493
0 0.806428 0.998539 0.112394 0.00292244 0.00154904
0 0.961158 0.462662 0.0776834 0.189672 0.00154878
0 0.125362 0.201557 0.163776 0.0954578 0.00154842
0 0.260186 0.934227 0.270126 0.131546 0.00154511
0 0.334678 0.933523 0.276567 0.132955 0.00154495
0 0.961237 0.512581 0.0775265 0.189742 0.00154372
0 0.122497 0.0692639 0.244994 0.138528 0.00154312
0 0.164316 0.259717 0.214627 0.22261 0.00154174
0 0.521561 0.0692451 0.285546 0.13849 0.00153924
0 0.961487 0.412639 0.0770253 0.189264 0.00153873
0 0.977696 0.109369 0.0446086 0.189622 0.00153825
0 0.961299 0.562404 0.0774012 0.189629 0.00153824
0 0.961179 0.312474 0.077641 0.189526 0.00153821
0 0.940283 0.0663945 0.119434 0.132789 0.00153765
0 0.961272 0.362563 0.077456 0.18948 0.00153756
0 0.96059 0.262806 0.0788203 0.189522 0.00153721
0 0.823754 0.933897 0.267211 0.132207 0.00153654
0 0.960681 0.712719 0.0786387 0.190431 0.00153577
0 0.960937 0.812845 0.0781258 0.18761 0.00152926
0 0.660965 0.0677904 0.27974 0.135581 0.00152576
0 0.961243 0.66263 0.0775133 0.18975 0.00152543
0 0 0.903635 0 0.192731 0.00152509
0 0 0.214847 0 0.156407 0.00152425
0 0.960911 0.212478 0.0781779 0.190807 0.00152376
0 0.961114 0.612444 0.0777723 0.189873 0.00152321
0 0.617317 0.933278 0.268186 0.133444 0.00151937
0 0.591343 0.0684777 0.282171 0.136955 0.00151581
0 0.481542 0.932913 0.278826 0.134175 0.00151514
0 0.550424 0.932962 0.273557 0.134076 0.0015123
0 0.0866669 0.0686269 0.173334 0.137254 0.00151023
0 0.687312 0.933624 0.268196 0.132753 0.00150926
0 0.410769 0.932976 0.28154 0.134048 0.0015085
0 0.965966 0.868838 0.0680677 0.195534 0.0015083
0 0 0.164093 0 0.156711 0.00150816
0 0.00108016 0.979298 0.00216032 0.0414043 0.00150795
0 0.0996846 0.250916 0.199369 0.207778 0.00150535
0 0.0759464 0.665674 0.151893 0.190023 0.00150362
0 0.0743135 0.564965 0.148627 0.188429 0.00150326
0 0.0752195 0.615434 0.150439 0.189736 0.00149836
0 0.913886 0.765047 0.172229 0.185387 0.00149598
0 1 0.929838 0 0.140323 0.00149548
0 0.0732149 0.514963 0.14643 0.187429 0.00149487
0 0.0764922 0.715967 0.152984 0.190705 0.00149389
0 0.699955 0.999206 0.125273 0.00158825 0.0014892
0 0.10951 0.913093 0.21902 0.173815 0.00148893
0 0.886451 0.111121 0.227097 0.186507 0.00148838
0 0.926061 0.111288 0.147879 0.185465 0.00148667
0 0.880228 0.514344 0.239543 0.182043 0.00148531
0 0.878283 0.764567 0.243435 0.186439 0.0014849
0 0.0677989 0.00983819 0.116037 0.0196764 0.00148425
0 0.214058 0.365142 0.300697 0.187693 0.00148329
0 0.914341 0.814674 0.171318 0.18311 0.00148099
0 0.131873 0.99917 0.120931 0.00165901 0.00147661
0 0.915455 0.514741 0.16909 0.182387 0.00147596
0 0.0717537 0.464902 0.143507 0.186326 0.00147592
0 0.916128 0.564299 0.167744 0.182403 0.00147359
0 0.916804 0.16498 0.166392 0.182483 0.0014735
0 0.915334 0.464944 0.169332 0.182 0.00147331
0 0.232012 0.158731 0.318668 0.180858 0.00147233
0 0.345428 0.91178 0.305297 0.17644 0.00147228
0 0.916025 0.867693 0.167949 0.184595 0.00147122
0 0.904601 0.0756202 0.190798 0.15124 0.00147069
0 0.0712565 0.414928 0.142513 0.187726 0.00146932
0 0.915266 0.715047 0.169468 0.183913 0.00146831
0 0.880338 0.464535 0.239323 0.181491 0.0014677
0 0.27448 0.912491 0.301227 0.175019 0.00146745
0 0.879928 0.364637 0.240143 0.18325 0.00146585
0 0.915436 0.664569 0.169128 0.183454 0.00146581
0 0.87867 0.814128 0.24266 0.185692 0.00146507
0 0.0822769 0.36337 0.164554 0.189963 0.00146493
0 0.206615 0.912571 0.292407 0.174857 0.00146379
0 0.0743957 0.76665 0.148791 0.191637 0.00146356
0 0.880375 0.564044 0.239251 0.182463 0.00146318
0 0.915734 0.364803 0.168531 0.182399 0.00146245
0 0.134144 0.305461 0.265852 0.213821 0.00146222
0 0.915275 0.614421 0.16945 0.182826 0.0014613
0 0.841978 0.363676 0.298432 0.184608 0.00146062
0 0.879184 0.714944 0.241631 0.185312 0.00146057
0 0.85121 0.11105 0.29758 0.186867 0.00145989
0 0.879316 0.613799 0.241368 0.183579 0.00145961
0 0.879914 0.314885 0.240171 0.181176 0.00145573
0 0.915584 0.264733 0.168832 0.18249 0.00145439
0 0.884302 0.933795 0.231396 0.13241 0.00145427
0 0.915993 0.414772 0.168013 0.182055 0.00145422
0 0.488406 0.911632 0.306697 0.176736 0.0014541
0 0.419182 0.911347 0.305987 0.177306 0.00145248
0 0.202947 0.311677 0.265123 0.202388 0.00145226
0 0.878938 0.214826 0.242123 0.183216 0.00145174
0 0.562957 0.26288 0.298594 0.185538 0.00145159
0 0.879473 0.664041 0.241054 0.183792 0.00145149
0 0.147873 0.363865 0.295746 0.188346 0.00145102
0 0.915898 0.314634 0.168205 0.181915 0.00145098
0 0.880414 0.264163 0.239173 0.182394 0.00145093
0 0.772612 0.998582 0.122861 0.00283632 0.00144847
0 0.170629 0 0.100791 0 0.00144787
0 0.830319 0.913057 0.302834 0.173885 0.00144777
0 0.880504 0.164832 0.238993 0.183277 0.00144442
0 0.839994 0.213873 0.301324 0.183587 0.00144433
0 0.282801 0.464621 0.292784 0.182988 0.00144285
0 0.839311 0.764187 0.3057 0.186364 0.00144147
0 0.915089 0.214845 0.169822 0.183365 0.00144065
0 0.561588 0.562713 0.299904 0.185598 0.0014406
0 0.839636 0.314447 0.296516 0.181548 0.00144023
0 0 0.030866 0 0.0617321 0.00143984
0 0.880904 0.414452 0.238192 0.182438 0.0014398
0 0.284253 0.365804 0.300474 0.189318 0.00143974
0 0.152539 0.0898121 0.112838 0.0658868 0.00143932
0 0.761927 0.913427 0.302096 0.173146 0.00143904
0 0.737255 0.999061 0.12706 0.0018775 0.0014375
0 0.352052 0.465349 0.297044 0.184145 0.00143625
0 0.634904 0.263027 0.305517 0.185752 0.00143461
0 0.841757 0.262603 0.294367 0.182204 0.0014339
0 0.559162 0.911672 0.303953 0.176656 0.00143375
0 0.867846 0.075706 0.264308 0.151412 0.00143242
0 0.879753 0.866069 0.240495 0.183989 0.00143214
0 0.222 0.215513 0.327885 0.177529 0.00143167
0 0.841249 0.513198 0.293651 0.181361 0.00143117
0 0.623737 0.912258 0.303224 0.175484 0.00142981
0 0.843428 0.463679 0.297189 0.181399 0.00142975
0 0.282233 0.763061 0.289624 0.18137 0.00142625
0 0.497573 0.764267 0.302203 0.184368 0.00142624
0 0.425656 0.763843 0.300537 0.183647 0.00142511
0 0.634006 0.563516 0.306671 0.186389 0.00142159
0 0.840136 0.713985 0.303133 0.186531 0.00142151
0 0.143968 0.912543 0.287936 0.174913 0.00142134
0 0.138583 0.234919 0.137548 0.0292791 0.00142081
0 0.83945 0.612656 0.29698 0.184627 0.00142081
0 0.8434 0.163859 0.29999 0.184724 0.0014205
0 0.69361 0.913067 0.302395 0.173865 0.00141941
0 0.838919 0.56339 0.296969 0.182547 0.0014183
0 0.778295 0.363405 0.301662 0.185448 0.00141802
0 0.352992 0.763561 0.298377 0.182006 0.00141475
0 0.705294 0.563506 0.307115 0.185405 0.00141397
0 0.375137 0 0.10223 0 0.00141305
0 0.0804951 0.817234 0.16099 0.183833 0.00141236
0 0.496403 0.262723 0.29614 0.184346 0.00141153
0 0.0981414 0.30323 0.196283 0.201429 0.00141125
0 0.840804 0.663122 0.302175 0.183899 0.00141114
0 0.357831 0.560755 0.290384 0.178615 0.00141097
0 0.213025 0.61263 0.289283 0.184425 0.00141051
0 0.875916 0.912376 0.248169 0.175248 0.00140957
0 0.283827 0.61335 0.298288 0.186203 0.00140894
0 0 0.941031 0 0.117937 0.00140886
0 0.634067 0.8125 0.296005 0.186917 0.00140847
0 0.700722 0.813043 0.294853 0.186129 0.00140668
0 0.77418 0.563377 0.301963 0.182937 0.00140373
0 0.287808 0.561038 0.28659 0.180148 0.00140312
0 0.638436 0.363883 0.304053 0.187945 0.00140297
0 0.119834 0.361867 0.239669 0.190471 0.00140272
0 0.493067 0.561317 0.294087 0.18284 0.00140158
0 0.839522 0.813551 0.303258 0.185993 0.00140077
0 0.132617 0.183424 0.188284 0.133486 0.931254
0 0.0695056 0.461014 0.139011 0.304294 0.00242129
0 0.0800645 0.50817 0.160129 0.371888 0.00229958
0 0.100548 0.525965 0.201095 0.25011 0.00228847
0 0.10108 0.568224 0.20216 0.288829 0.00222832
0 0.0586488 0.410525 0.117298 0.239833 0.00222604
0 0.0991151 0.475713 0.19823 0.217044 0.00208759
0 0.223072 0.264892 0.446144 0.193952 0.00196185
0 0.101618 0.60815 0.203236 0.32899 0.00195679
0 0.0540649 0.3633 0.10813 0.204729 0.0019199
0 0.0970065 0.422808 0.194013 0.191397 0.00184254
0 0.158955 0.232353 0.295159 0.147381 0.00183903
0 1 0.565545 0 0.177706 0.00181208
0 1 0.615503 0 0.177693 0.00180716
0 1 0.515541 0 0.177416 0.00180267
0 0.0496563 0.0691282 0.0993126 0.138256 0.00179777
0 1 0.664954 0 0.178109 0.00179399
0 0.985608 0.898091 0.0287839 0.187086 0.00179276
0 1 0.465551 0 0.17706 0.00178815
0 0.113732 0.656411 0.227463 0.348692 0.00176472
0 1 0.415735 0 0.174419 0.00174338
0 1 0.715362 0 0.180691 0.00173763
0 1 0.559536 0 0.198542 0.00172787
0 1 0.609596 0 0.198681 0.00172498
0 0.0910858 0.0660404 0.182172 0.132081 0.00172297
0 1 0.659065 0 0.198804 0.00172133
0 1 0.509421 0 0.198106 0.00172014
0 1 0.4592 0 0.197677 0.00170925
0 0.977836 0.764791 0.044328 0.182744 0.00170847
0 1 0.766531 0 0.187201 0.00169585
0 0.0595902 0.315227 0.11918 0.190088 0.00169552
0 0.984459 0.41716 0.0310812 0.172221 0.00168652
0 0.983379 0.46606 0.0332426 0.174697 0.00168545
0 1 0.709253 0 0.200746 0.00168506
0 1 0.409043 0 0.194543 0.00168068
0 0.117349 0.730238 0.234697 0.185646 0.00167823
0 0.981068 0.71497 0.0378637 0.177255 0.0016674
0 0.120188 0.677792 0.240375 0.17923 0.00166363
0 0.984805 0.368694 0.0303904 0.170847 0.00166162
0 0 0.364034 0 0.1482 0.00166099
0 0.9815 0.321462 0.0370005 0.173605 0.00165833
0 1 0.819539 0 0.175338 0.00165807
0 1 0.366344 0 0.171318 0.00165542
0 0.981911 0.817617 0.0361785 0.169851 0.00165321
0 0.0976377 0.37025 0.195275 0.177327 0.00165218
0 0.130284 0.70892 0.260568 0.371542 0.00164866
0 0.0681747 0.221182 0.136349 0.196782 0.00164402
0 0.0549515 0.116029 0.109903 0.182242 0.00164354
0 0.115087 0.780889 0.230173 0.18791 0.00163927
0 0.983225 0.515487 0.033551 0.175217 0.00163875
0 0.970134 0.27164 0.0597311 0.198108 0.00163411
0 0.982486 0.664938 0.0350285 0.175382 0.0016323
0 1 0.359128 0 0.190666 0.001632
0 1 0.760543 0 0.205021 0.00162984
0 0 0.315524 0 0.148606 0.00162165
0 0.134744 0.809807 0.269487 0.379717 0.00162019
0 0.982947 0.565439 0.0341065 0.175414 0.00161735
0 0.982778 0.615339 0.0344444 0.174641 0.0016164
0 0 0.411857 0 0.147115 0.00160981
0 1 0.814197 0 0.195264 0.00160905
0 0.116108 0.855482 0.232216 0.289036 0.00160857
0 0.0610825 0.161762 0.122165 0.19049 0.00160569
0 0.115962 0.833221 0.231924 0.19358 0.00157923
0 0.125884 0.520851 0.251767 0.171167 0.00157493
0 0.120509 0.62488 0.241018 0.180651 0.00157282
0 0.0650747 0.259899 0.130149 0.205622 0.00157268
0 0.948712 0.20549 0.102576 0.268065 0.00156664
0 1 0.310938 0 0.188042 0.0015633
0 1 0.318932 0 0.170523 0.00156302
0 0 0.266984 0 0.148584 0.00156254
0 0 0.216701 0 0.149681 0.00155433
0 0 0.11531 0 0.145839 0.0015293
0 1 0.897778 0 0.197857 0.00152768
0 0.12248 0.933561 0.21991 0.132878 0.00152686
0 0 0.165105 0 0.151265 0.00152349
0 0.0709112 0.896743 0.141822 0.206514 0.00152319
0 0.943901 0.31941 0.112197 0.165884 0.00152209
0 0 0.948967 0 0.102066 0.001518
0 0.939248 0.152259 0.121503 0.272845 0.0015175
0 0.100441 0.309385 0.200882 0.180709 0.00151619
0 0 0.0636237 0 0.127247 0.00151424
0 0 0.97411 0 0.0517792 0.00151272
0 0.848326 0.160098 0.267729 0.189607 0.00150938
0 0.942655 0.764341 0.11469 0.166724 0.00150871
0 0.96823 0.106246 0.0635392 0.212493 0.00150209
0 0.122416 0.573254 0.244833 0.176851 0.00149668
0 0.119971 0.916493 0.231764 0.167015 0.00149504
0 0.94933 0.367882 0.10134 0.160769 0.00149435
0 0.0456508 0.930721 0.0913016 0.138558 0.00149042
0 0.927991 0.269626 0.144017 0.192074 0.0014864
0 0.989672 0.0759326 0.0206569 0.151865 0.00148599
0 1 0.264498 0 0.192659 0.00148167
0 0.948133 0.466591 0.103733 0.163579 0.00147888
0 0.0972469 0.122812 0.194494 0.177346 0.00147826
0 1 0.0681745 0 0.136349 0.0014782
0 0.94889 0.565337 0.10222 0.163577 0.00147696
0 0.127377 0.469365 0.254753 0.167405 0.00147607
0 0.0977858 0.0764191 0.195572 0.152838 0.00147448
0 0.945108 0.714987 0.109783 0.163082 0.00147083
0 0.09658 0.0602972 0.19316 0.120594 0.00146942
0 0.948973 0.51536 0.102054 0.163368 0.00146877
0 0.114756 0.219005 0.228716 0.136997 0.00146816
0 0.948994 0.417676 0.102012 0.159698 0.00145653
0 0.948637 0.816118 0.102726 0.160076 0.00145369
0 0.890592 0.102311 0.218815 0.201492 0.00145294
0 0.879724 0.211978 0.240551 0.214874 0.0014506
0 0.803685 0.165306 0.251906 0.169871 0.0014436
0 0.856464 0.214846 0.260447 0.182656 0.00144102
0 0.868736 0.105971 0.260284 0.183272 0.00143932
0 0.951922 0.0748696 0.096156 0.149739 0.00143675
0 0 0.45886 0 0.146525 0.0014364
0 1 0.879009 0 0.203548 0.00143572
0 0.948102 0.61523 0.103796 0.162002 0.0014334
0 1 0.27285 0 0.182686 0.00143239
0 0.947477 0.664735 0.105046 0.162309 0.00142997
0 0.872873 0.153103 0.254254 0.227666 0.00142144
0 0.916597 0.0746485 0.166805 0.149297 0.00141593
0 0.814799 0.11011 0.244621 0.169734 0.00140222
0 0.0238547 0.693111 0.0477094 0.458325 0.00139628
0 0.895756 0.272601 0.208488 0.179938 0.00139118
0 1 0.924946 0 0.150108 0.00138649
0 0.957198 0.880698 0.0856034 0.166953 0.00138624
0 0.810693 0.216603 0.247932 0.167289 0.00137813
0 0.0168879 0.791415 0.0337757 0.41717 0.00137642
0 0.0953833 0.162981 0.190767 0.16777 0.00136962
0 0.0998541 0.253224 0.199708 0.196107 0.00136723
0 1 0.0672651 0 0.13453 0.00136648
0 0.882429 0.0740897 0.235142 0.148179 0.00136116
0 0.16747 0.0995569 0.33494 0.199114 0.00135573
0 0.211888 0.114415 0.262099 0.189936 0.00135276
0 0.921209 0.104449 0.157582 0.208899 0.00135254
0 0.127844 0.419136 0.255688 0.16526 0.00135192
0 0.125775 0.0634027 0.251549 0.126805 0.00134198
0 0.908868 0.203641 0.182264 0.258037 0.00133909
0 1 0.213992 0 0.213789 0.00133717
0 0.0303496 0.973417 0.0606993 0.053167 0.00133591
0 0.25189 0.195719 0.106818 0.113614 0.00133079
0 0.19313 0.963432 0.185328 0.0731368 0.00131886
0 0.19129 0.6716 0.237329 0.166411 0.00131799
0 0.826374 0.0736472 0.247848 0.147294 0.00131787
0 0.871397 0.270218 0.252026 0.172748 0.00131643
0 0.01087 0.867166 0.0217401 0.265668 0.00131421
0 0.914019 0.319369 0.171962 0.164749 0.00131153
0 0.191644 0.618919 0.237142 0.168266 0.00130767
0 0.964307 0.914272 0.0713856 0.171455 0.00130592
0 0.0100625 0.588126 0.0201251 0.295822 0.0013055
0 0 0.112217 0 0.169696 0.00130492
0 0 0.41689 0 0.20829 0.0013004
0 0.113347 0.768076 0.226694 0.463848 0.001297
0 0.818137 0.268318 0.248607 0.167574 0.00128488
0 0.189106 0.723196 0.225757 0.168804 0.00128183
0 0.270267 0.964026 0.198639 0.0719482 0.00127743
0 0.168612 0.153365 0.190143 0.177259 0.0012765
0 0 0.504572 0 0.155891 0.00127505
0 0.034604 0.864348 0.0692079 0.271304 0.00127248
0 0 0.475842 0 0.268497 0.00127197
0 0.920331 0.87292 0.159338 0.168393 0.00125855
0 0.191939 0.568245 0.238376 0.168353 0.00125586
0 0.128809 0.154471 0.204453 0.179495 0.00125514
0 0.900062 0.148634 0.199876 0.267069 0.00125474
0 0 0.920078 0 0.159844 0.00125153
0 0.169678 0.932071 0.173012 0.135857 0.00125075
0 0.103477 0.965895 0.206955 0.0682104 0.00125059
0 0.745936 0.167232 0.240932 0.164205 0.0012489
0 0.195134 0.516766 0.244127 0.166238 0.00124054
0 0.761003 0.0736972 0.242088 0.147394 0.00124036
0 1 0.217994 0 0.22585 0.00124021
0 0.128255 0.121081 0.234403 0.181552 0.00123479
0 0.143482 0.963227 0.192413 0.0735455 0.00123086
0 0.135177 0.0741568 0.248739 0.148314 0.0012303
0 0.176453 0.915423 0.181308 0.169155 0.00122784
0 0.918973 0.815539 0.162054 0.160919 0.00122424
0 0 0.550458 0 0.198787 0.0012229
0 0.91916 0.366933 0.16168 0.162919 0.00122207
0 0.12745 0.365409 0.2549 0.165457 0.00121918
0 0.259159 0.876807 0.224179 0.176589 0.00121718
0 0.827048 0.317631 0.245468 0.16456 0.001216
0 0.754135 0.112018 0.235925 0.164727 0.00121362
0 0.185559 0.77158 0.211161 0.167564 0.00121333
0 0.510546 0.963623 0.217233 0.0727547 0.00120873
0 0.000730143 0.974127 0.00146029 0.0517469 0.00120155
0 0.885979 0.31748 0.228043 0.165062 0.00119944
0 0.181212 0.882582 0.203814 0.189135 0.00119942
0 0.358889 0.9642 0.215579 0.0716003 0.0011993
0 0.920206 0.516086 0.159588 0.161634 0.00119915
0 0.327364 0.316931 0.259163 0.163215 0.00119865
0 0.444943 0.963855 0.225882 0.0722908 0.0011985
0 0.971466 0.934541 0.0570676 0.130917 0.00119801
0 0.313823 0.115215 0.262528 0.169663 0.00119582
0 0.575647 0.963835 0.213363 0.072331 0.00119111
0 0.252003 0.915552 0.198698 0.168895 0.00119055
0 0.917432 0.76462 0.165135 0.163676 0.00118999
0 0.921425 0.565808 0.15715 0.16346 0.00118736
0 0 0.0691663 0 0.138333 0.00118707
0 0.260599 0.667866 0.236245 0.165077 0.00118674
0 0.748177 0.216787 0.239546 0.164709 0.00118574
0 0.682116 0.0658623 0.248084 0.131725 0.00118562
0 0.462273 0.715302 0.257876 0.165749 0.00118551
0 0.466142 0.665152 0.260045 0.166946 0.00118161
0 0.486656 0.0746389 0.248448 0.149278 0.00118155
0 0.617486 0.765885 0.250224 0.167246 0.00117876
0 0.651918 0.963972 0.225361 0.0720552 0.00117827
0 0.0948832 0.609581 0.189766 0.45487 0.00117698
0 0.400018 0.164368 0.257218 0.167917 0.00117293
0 0.25893 0.718736 0.231921 0.166332 0.0011727
0 0.539753 0.715765 0.254785 0.166529 0.00117228
0 0.918392 0.417181 0.163215 0.161457 0.0011718
0 0.263305 0.615612 0.23242 0.166005 0.0011715
0 0.181144 0.823412 0.202231 0.173611 0.00116915
0 0.538331 0.76558 0.256482 0.166966 0.00116884
0 0.296283 0.266081 0.239427 0.170604 0.00116829
0 0.921043 0.61572 0.157914 0.161667 0.00116804
0 0.481862 0.114511 0.25061 0.167763 0.00116787
0 0.413569 0.0746955 0.250774 0.149391 0.00116685
0 1 0.952562 0 0.0948763 0.00116645
0 0.917639 0.466666 0.164723 0.165044 0.0011661
0 0.554769 0.916352 0.230059 0.167295 0.0011615
0 0.558003 0.0745036 0.244922 0.149007 0.00116086
0 0.405512 0.115568 0.254965 0.168403 0.00115909
0 0.464083 0.765419 0.255297 0.165092 0.00115872
0 0.618684 0.716431 0.24861 0.165952 0.00115866
0 0.00986908 0.900763 0.0197382 0.198474 0.00115832
0 0.195094 0.465702 0.249888 0.166496 0.0011568
0 0.624897 0.916047 0.230777 0.167905 0.00115661
0 0.918769 0.715182 0.162462 0.162522 0.00115612
0 0.406627 0.26584 0.255913 0.166322 0.00115423
0 0.836456 0.915118 0.229118 0.169764 0.00115225
0 0.921236 0.664595 0.157528 0.161567 0.00115055
0 0.247319 0.313515 0.2444 0.167938 0.0011504
0 0.149946 0.21363 0.213433 0.15435 0.00114996
0 0.695948 0.915977 0.229898 0.168046 0.00114984
0 0.478622 0.165283 0.253001 0.16762 0.00114977
0 0.471913 0.933981 0.221714 0.132038 0.00114966
0 0.766283 0.915686 0.228624 0.168628 0.00114896
0 0.484645 0.916675 0.231779 0.166649 0.00114766
0 0.223429 0.932773 0.173786 0.134454 0.00114737
0 0.626528 0.0743833 0.242453 0.148767 0.00114666
0 0.831993 0.365505 0.24301 0.166278 0.00114623
0 0.333045 0.873155 0.239849 0.171279 0.00114485
0 0.543276 0.665873 0.256652 0.167309 0.00114385
0 0.40012 0.216295 0.262959 0.166765 0.00114218
0 0.889119 0.870514 0.221762 0.171941 0.00114156
0 0.539557 0.933892 0.218847 0.132217 0.00113785
0 0 0.892557 0 0.214886 0.00113749
0 0.471271 0.614678 0.253688 0.164435 0.00113719
0 0.125888 0.252058 0.212398 0.19548 0.00113708
0 0.679942 0.932635 0.22155 0.134731 0.0011363
0 0.606895 0.933031 0.218872 0.133938 0.00113591
0 0.999637 0.974319 0.00072513 0.0513618 0.001135
0 0.750365 0.267063 0.242233 0.165681 0.00113457
0 0.541823 0.818218 0.258333 0.166124 0.0011332
0 0.469533 0.817896 0.25486 0.165286 0.00113319
0 0.184735 0.365652 0.258867 0.164643 0.00113298
0 0 0.365135 0 0.184943 0.0011287
0 1 0.161018 0 0.208495 0.00112595
0 0.260296 0.367145 0.257502 0.164947 0.00112517
0 0.618206 0.817979 0.255558 0.166294 0.00112399
0 0.405341 0.87325 0.248495 0.171729 0.0011227
0 0.978436 0.975858 0.043127 0.0482839 0.0011225
0 0.191525 0.417109 0.256891 0.166061 0.00112242
0 0.721042 0.963968 0.222636 0.0720644 0.00112164
0 0.890297 0.3645 0.219407 0.166251 0.00112069
0 0.34162 0.0744672 0.249076 0.148934 0.00112051
0 0.191282 0.062722 0.250835 0.125444 0.00112024
0 0.83737 0.871064 0.243209 0.171532 0.00111877
0 0.391131 0.764882 0.24742 0.164274 0.00111793
0 0.551951 0.563367 0.240535 0.1681 0.00111705
0 0.259256 0.767244 0.225602 0.163093 0.00111697
0 0.547355 0.614379 0.247888 0.163685 0.00111635
0 0.888433 0.914694 0.223134 0.170611 0.00111624
0 0.480274 0.873867 0.250892 0.172362 0.00111476
0 0.748845 0.932846 0.218564 0.134309 0.00111471
0 1 0.106573 0 0.190042 0.00111388
0 0.282752 0.160631 0.269149 0.167482 0.0011128
0 0.873893 0.93129 0.217355 0.13742 0.0011122
0 0.257324 0.819518 0.22491 0.166752 0.00111076
0 0 0.217358 0 0.182236 0.00111011
0 0.554983 0.113318 0.243487 0.166537 0.00110914
0 0.392004 0.933554 0.218372 0.132891 0.00110759
0 0.550946 0.873703 0.251027 0.172873 0.00110735
0 0.408665 0.916703 0.231809 0.166594 0.0011066
0 0.33442 0.11894 0.421592 0.123673 0.00110491
0 0.409604 0.31703 0.254359 0.166029 0.00110234
0 1 0.977922 0 0.0441563 0.00110187
0 0.476886 0.563594 0.243255 0.16785 0.00110177
0 0.619263 0.666803 0.24788 0.165447 0.00110161
0 0.483438 0.265402 0.246473 0.166407 0.00110087
0 0.479908 0.216164 0.250624 0.166774 0.00110063
0 0.551634 0.166189 0.245234 0.165246 0.00110006
0 1 0.162295 0 0.227777 0.0010999
0 0.62574 0.563706 0.236351 0.168232 0.00109964
0 0.388527 0.715328 0.253901 0.166046 0.00109944
0 0.623669 0.873095 0.249867 0.172659 0.00109932
0 0.392393 0.665286 0.254589 0.165997 0.00109918
0 0.395156 0.81743 0.245635 0.165309 0.00109794
0 0.76726 0.872096 0.246405 0.171799 0.0010977
0 0.201362 0.0736188 0.242281 0.147238 0.00109729
0 0.398815 0.614645 0.247433 0.165219 0.0010942
0 0.750824 0.317445 0.244764 0.164526 0.00109331
0 0 0.267727 0 0.1776 0.00109272
0 0.134145 0.185784 0.181306 0.134967 0.947634
0 0.322171 0.144069 0.204711 0.138886 0.00232177
0 0.159568 0.0906143 0.177122 0.0824042 0.00220212
0 0.247159 0.895512 0.494318 0.203376 0.00192563
0 0.0201385 0.97024 0.0402771 0.05952 0.00192489
0 0.0122404 0.479268 0.0244808 0.250766 0.00183694
0 0.0147259 0.622071 0.0294518 0.256582 0.00169861
0 0.0129163 0.428213 0.0258327 0.21356 0.00169442
0 0.0144778 0.674742 0.0289557 0.245803 0.00167595
0 0.0130699 0.525008 0.0261398 0.266788 0.0016617
0 0.0144574 0.726038 0.0289148 0.246911 0.00164135
0 0.591908 0.312818 0.508921 0.301343 0.00163886
0 0.0146864 0.773776 0.0293727 0.24807 0.00162623
0 0.160858 0.434928 0.321716 0.169717 0.0016194
0 0.0145614 0.823422 0.0291228 0.245626 0.00161211
0 0.207013 0.328601 0.414026 0.21986 0.00160114
0 0.0158502 0.877725 0.0317005 0.24455 0.00159845
0 0.0142419 0.572364 0.0284838 0.266259 0.0015898
0 0.874307 0.915194 0.251387 0.169612 0.00156993
0 0.181527 0.290719 0.299572 0.262999 0.00156139
0 0.596963 0.16488 0.315332 0.1778 0.00155792
0 0.134688 0.362177 0.262682 0.181236 0.00154422
0 0.855401 0.864413 0.289198 0.196362 0.00154114
0 0.755046 0.917812 0.246821 0.15784 0.00153942
0 0.20749 0.348729 0.377074 0.281056 0.00150564
0 0.685561 0.917721 0.252019 0.157526 0.00150281
0 0.821135 0.916959 0.258848 0.164087 0.00150222
0 0.243652 0.247608 0.376269 0.324306 0.0014866
0 0.682825 0.2218 0.283088 0.172937 0.00148452
0 0.20745 0.400293 0.347835 0.251291 0.00147736
0 0.260009 0.185146 0.13418 0.132245 0.00146791
0 0.142075 0.415654 0.262421 0.178047 0.0014679
0 0.00164744 0.56884 0.00329489 0.331478 0.00145757
0 0.339389 0.3138 0.608786 0.442601 0.00145726
0 0.018039 0.373321 0.0360781 0.182587 0.00144247
0 0.991417 0.820287 0.0171651 0.199281 0.00143935
0 0.79667 0.86641 0.284316 0.186919 0.00143523
0 0.990219 0.898959 0.0195626 0.202081 0.00143505
0 0.991141 0.772044 0.017719 0.211872 0.00143274
0 0.991249 0.519615 0.0175029 0.208364 0.00143037
0 0.576745 0.263213 0.539064 0.321818 0.00142983
0 0.683058 0.165446 0.260391 0.159757 0.00142883
0 0.613295 0.917842 0.249917 0.156873 0.00142762
0 0.00203934 0.824055 0.00407867 0.321347 0.00142678
0 0.615027 0.115901 0.263435 0.1594 0.00142643
0 0.991284 0.671528 0.0174319 0.209378 0.00142506
0 0.991342 0.723078 0.0173151 0.205745 0.00142092
0 0.991382 0.623655 0.0172351 0.203254 0.00142007
0 0.991199 0.569937 0.0176024 0.208182 0.00141634
0 0.99133 0.468014 0.0173405 0.208123 0.00141379
0 0.0884647 0.947123 0.176929 0.105754 0.00140296
0 0.0175136 0.923649 0.0350272 0.152703 0.00139866
0 0.859943 0.811893 0.280113 0.176908 0.00139733
0 0.990526 0.367485 0.0189478 0.212019 0.00139223
0 0.735352 0.869332 0.274805 0.177805 0.00139044
0 0.992126 0.218519 0.0157484 0.213529 0.00138876
0 0.991045 0.417716 0.017911 0.208707 0.00138496
0 0.126763 0.0652529 0.253527 0.130506 0.00138101
0 0.990391 0.266452 0.0192172 0.219445 0.00138095
0 0.999568 0.0783199 0.000864485 0.15664 0.00137987
0 0.470058 0.391331 0.641245 0.393482 0.00137889
0 0.511029 0.337801 0.748446 0.435996 0.00137594
0 0.00226161 0.672033 0.00452322 0.324128 0.00137593
0 0.931873 0.0757088 0.136254 0.151418 0.00137364
0 0.086212 0.0675419 0.172424 0.135084 0.00137185
0 0.990272 0.318254 0.0194564 0.211986 0.0013711
0 0 0.372926 0 0.241265 0.0013697
0 0.144584 0.0786032 0.289168 0.157206 0.00136509
0 0.216328 0.902536 0.399608 0.181461 0.00136477
0 0.533275 0.115601 0.291866 0.169562 0.00136052
0 0.573877 0.222408 0.439711 0.246144 0.00135936
0 0.543925 0.919028 0.243502 0.156749 0.00135836
0 0.668475 0.869915 0.275648 0.175877 0.00135584
0 0.476089 0.920712 0.243373 0.157496 0.00133926
0 0.691505 0.27523 0.291039 0.185763 0.00133884
0 0.99972 0.111842 0.000559309 0.189529 0.00133429
0 0.620913 0.375925 0.347899 0.217372 0.00133405
0 0.45972 0.47073 0.338432 0.204676 0.0013325
0 0.557403 0.0756552 0.259543 0.15131 0.00133051
0 0.327845 0.921578 0.251189 0.156844 0.00132793
0 0 0.431575 0 0.295887 0.00132789
0 0.547828 0.064045 0.259544 0.12809 0.00132644
0 0.88344 0.065117 0.233121 0.130234 0.00132161
0 0.292095 0.460708 0.355091 0.224512 0.00132146
0 0.402042 0.921246 0.250408 0.157508 0.00131891
0 0.628333 0.0746162 0.253717 0.149232 0.00131665
0 0.495874 0.15919 0.416103 0.231056 0.00131574
0 0.995027 0.16436 0.00994603 0.208632 0.00131527
0 0.75757 0.220984 0.255374 0.16099 0.00131326
0 0.375852 0.464137 0.385746 0.231991 0.00131305
0 0.876379 0.959561 0.242516 0.0808771 0.00131244
0 0.331588 0.38789 0.553344 0.372884 0.00131099
0 0.677253 0.95716 0.247606 0.0856791 0.00130965
0 0 0.320173 0 0.199046 0.00130624
0 0.474519 0.0644702 0.262291 0.12894 0.00130588
0 0.871469 0.765173 0.257062 0.16767 0.00129549
0 0.600734 0.9546 0.243206 0.0908005 0.00129204
0 0.362212 0.201395 0.517074 0.358934 0.00129144
0 0.911842 0.815041 0.176315 0.173907 0.00129032
0 0.618029 0.0637173 0.256869 0.127435 0.00129002
0 0.824242 0.0644446 0.256094 0.128889 0.00128752
0 0.601277 0.871011 0.271744 0.174191 0.00128738
0 0.997656 0.970661 0.00468755 0.0586779 0.00128163
0 0.15783 0.149131 0.184801 0.185087 0.00128049
0 0.0751294 0.96766 0.150259 0.0646798 0.00128012
0 0.753687 0.166731 0.254691 0.158664 0.00128005
0 0.130944 0.299008 0.235852 0.188442 0.00127746
0 0.459931 0.520633 0.276017 0.169109 0.00127595
0 0 0.228837 0 0.187758 0.00127548
0 0 0.480822 0 0.317681 0.00127428
0 0.0684429 0.315258 0.136886 0.170093 0.00127365
0 0.393521 0.945005 0.242186 0.10999 0.00127267
0 0.920749 0.767407 0.158502 0.166035 0.00127088
0 0.191551 0.0645369 0.255312 0.129074 0.00127005
0 0.315145 0.946622 0.238101 0.106756 0.00126862
0 0 0.167481 0 0.174393 0.00126732
0 0.439292 0.256412 0.239233 0.123666 0.00126573
0 0.755734 0.063953 0.254351 0.127906 0.00126429
0 0.0904138 0.129021 0.180828 0.162942 0.0012638
0 0.745323 0.959855 0.23833 0.0802908 0.00125308
0 0.541804 0.425436 0.403456 0.231673 0.00124991
0 0.924364 0.919843 0.151272 0.160314 0.00124947
0 0.258738 0.0644972 0.25456 0.128994 0.001248
0 0.326572 0.0645125 0.258206 0.129025 0.00124782
0 0.807041 0.814601 0.281987 0.170301 0.00124758
0 0.671358 0.816928 0.275725 0.167228 0.00124719
0 0.967758 0.949644 0.0644834 0.100712 0.00124618
0 0.743101 0.816422 0.275352 0.167529 0.00124608
0 0.398595 0.06461 0.261834 0.12922 0.001245
0 0.0957956 0.165849 0.191591 0.161251 0.00124216
0 0.686756 0.0636986 0.254763 0.127397 0.00124103
0 0.910464 0.872371 0.179071 0.188554 0.0012409
0 0.327653 0.668336 0.268321 0.163475 0.00123578
0 0.213063 0.464704 0.29481 0.189188 0.00123517
0 0.813449 0.960626 0.245882 0.0787489 0.0012339
0 0.449036 0.272235 0.785058 0.488867 0.00123377
0 0.481676 0.0767817 0.263481 0.153563 0.00123111
0 0.601138 0.817232 0.274816 0.166707 0.00123105
0 0.9305 0.56852 0.139 0.160565 0.00122963
0 0.925532 0.718506 0.148936 0.163243 0.00122869
0 0.932283 0.118591 0.135434 0.161786 0.00122756
0 0.534442 0.817982 0.266997 0.165949 0.00122606
0 0.929225 0.619568 0.14155 0.161692 0.00122598
0 0.308752 0.519389 0.283934 0.169057 0.0012255
0 0.0939979 0.425894 0.187996 0.15696 0.00122525
0 0.603493 0.767599 0.262291 0.162042 0.00122432
0 0.536433 0.873408 0.265148 0.173666 0.00122275
0 0.000684173 0.115184 0.00136835 0.174596 0.00122268
0 0.529354 0.952975 0.235766 0.0940506 0.00122194
0 0.928379 0.169873 0.143242 0.16309 0.00121946
0 0.466225 0.948816 0.23693 0.102368 0.00121914
0 0.385425 0.52088 0.284382 0.168409 0.00121796
0 0.875945 0.716053 0.24811 0.165812 0.0012175
0 0.398241 0.874186 0.273072 0.174337 0.0012171
0 0 0.0657753 0 0.131551 0.00121657
0 0 0.269127 0 0.195844 0.00121629
0 0.927709 0.669461 0.144581 0.162748 0.0012157
0 0.326332 0.618069 0.262498 0.162766 0.00121353
0 0.928962 0.955397 0.142076 0.0892066 0.00121191
0 0.465299 0.817762 0.264091 0.167669 0.00121143
0 0.533436 0.767116 0.257779 0.160344 0.00121023
0 0.959584 0.977525 0.0808313 0.0449505 0.00121013
0 0.462002 0.566955 0.25914 0.167059 0.00120865
0 0.106572 0.370263 0.213143 0.157754 0.00120792
0 0.113503 0.226217 0.227006 0.151561 0.00120669
0 0.878644 0.667179 0.242712 0.165191 0.00120539
0 0.930988 0.270034 0.138024 0.159782 0.00120516
0 0.32472 0.818338 0.278355 0.174077 0.00120279
0 0.881198 0.616969 0.237604 0.164832 0.00120213
0 0.931493 0.318614 0.137014 0.160284 0.00120078
0 0.395645 0.817817 0.269761 0.169966 0.00120076
0 0.677826 0.768204 0.260639 0.162578 0.00119981
0 0.539641 0.520675 0.262296 0.165566 0.0011996
0 0.544324 0.474155 0.278051 0.175405 0.00119896
0 0.929724 0.220766 0.140552 0.160011 0.00119788
0 0.931169 0.518264 0.137662 0.158285 0.0011976
0 0.686664 0.115999 0.250323 0.157539 0.00119733
0 0.0967816 0.257459 0.193563 0.187117 0.00119587
0 0.194369 0.367963 0.388738 0.185166 0.00119576
0 0.325744 0.76727 0.271087 0.167804 0.0011954
0 0.00253245 0.967358 0.00506491 0.0652845 0.00119396
0 0.325722 0.874477 0.273656 0.173553 0.00119154
0 0.2439 0.668072 0.264014 0.164657 0.0011905
0 0.039825 0.070823 0.0796499 0.141646 0.00118964
0 0.537023 0.567158 0.254999 0.167325 0.00118946
0 0.200796 0.121504 0.24712 0.185255 0.00118938
0 0.469674 0.874455 0.266068 0.173935 0.00118907
0 0.530161 0.716917 0.258653 0.162911 0.00118786
0 0.931369 0.467786 0.137262 0.158754 0.00118757
0 0.465597 0.766361 0.255212 0.160926 0.00118757
0 0.931521 0.367599 0.136958 0.159973 0.00118739
0 0.396878 0.76673 0.262385 0.162417 0.00118693
0 0.393081 0.567479 0.261045 0.164194 0.00118459
0 0.816182 0.76697 0.25989 0.163646 0.00118222
0 0.397259 0.61851 0.259671 0.162634 0.00118213
0 0.325687 0.717673 0.269953 0.168015 0.00117972
0 0.399204 0.668263 0.262633 0.161551 0.0011788
0 0.931375 0.417545 0.13725 0.159013 0.00117864
0 0.985434 0.858143 0.0291329 0.283714 0.00117649
0 0.320964 0.567788 0.264234 0.163295 0.00117622
0 0.603317 0.717279 0.259425 0.164208 0.00117614
0 0.257922 0.922636 0.236339 0.154729 0.00116792
0 0.472651 0.347972 0.891011 0.546996 0.00116792
0 0.53465 0.618369 0.259451 0.166296 0.0011645
0 0.224319 0.152854 0.275263 0.173047 0.00116412
0 0.884395 0.565871 0.231209 0.163806 0.00116365
0 0.533626 0.667833 0.260951 0.163772 0.00116182
0 0.750927 0.768258 0.257065 0.162632 0.00116174
0 0.240667 0.718059 0.267755 0.170471 0.00116101
0 0.464169 0.716687 0.257842 0.162689 0.00115834
0 0.463981 0.618381 0.262277 0.164927 0.00115675
0 0.242606 0.768029 0.265731 0.169849 0.00115654
0 0.0937832 0.0767367 0.187566 0.153473 0.00115575
0 0.156757 0.468127 0.255295 0.166051 0.00115505
0 0.818607 0.667597 0.259955 0.163792 0.00115402
0 0.607904 0.668216 0.262095 0.165338 0.00115243
0 0.820592 0.167332 0.25889 0.161358 0.00115161
0 0.240045 0.951476 0.224432 0.0970486 0.00115109
0 0.000696984 0.361532 0.00139397 0.186622 0.00115108
0 0.232967 0.518229 0.267289 0.164935 0.00114988
0 0.157297 0.769768 0.235265 0.161388 0.00114911
0 0.397827 0.717113 0.261279 0.163861 0.00114757
0 0.679437 0.717665 0.257065 0.164465 0.0011465
0 0.251238 0.698926 0.404298 0.193296 0.00114532
0 0.992946 0.92846 0.0141088 0.143079 0.00114531
0 0.245639 0.617826 0.256601 0.162236 0.00114504
0 0.881889 0.167573 0.236223 0.163194 0.00114289
0 0.610428 0.618585 0.257131 0.16605 0.00114191
0 0.465769 0.667862 0.260699 0.161925 0.00114101
0 0.156886 0.71905 0.236842 0.16243 0.00114073
0 0.820499 0.617195 0.256393 0.163724 0.00113981
0 0.752509 0.668283 0.257993 0.163248 0.00113856
0 0.817626 0.716952 0.256483 0.163795 0.00113674
0 0.697124 0.32558 0.277232 0.178187 0.00113574
0 0.613949 0.567685 0.252039 0.166694 0.00113573
0 0.753778 0.61798 0.254406 0.162307 0.0011351
0 0.000426993 0.916387 0.000853986 0.167227 0.00113297
0 0.196858 0.250414 0.393717 0.19332 0.0011315
0 0.120209 0.0487733 0.240418 0.0975466 0.0011291
0 0.756418 0.566419 0.248415 0.16372 0.00112854
0 0.404091 0.0768982 0.263969 0.153796 0.00112733
0 0.067816 0.779298 0.135632 0.146759 0.00112658
0 0.275945 0.118691 0.268945 0.162197 0.00112651
0 0.751527 0.717693 0.253801 0.164139 0.00112643
0 0.617977 0.520252 0.249834 0.162735 0.00112462
0 0.96587 0.0696153 0.0682608 0.139231 0.00112367
0 0.754945 0.116562 0.25007 0.15857 0.00112359
0 0.964492 0.917784 0.0710149 0.164432 0.00112278
0 0.0716345 0.830624 0.143269 0.147716 0.00112209
0 0.1441 0.208048 0.236465 0.153734 0.00112088
0 0.243341 0.567807 0.255812 0.161262 0.00112059
0 0.885983 0.116744 0.228034 0.162662 0.00112039
0 0.886283 0.516451 0.227435 0.160289 0.00111741
0 0.823426 0.565693 0.246835 0.163689 0.00111663
0 0.243561 0.820127 0.270438 0.170938 0.00111599
0 0 0.00574449 0 0.011489 0.00111489
0 0.684772 0.618473 0.255542 0.163878 0.00111456
0 0.823678 0.11688 0.253386 0.160762 0.0011133
0 0.683021 0.66835 0.259089 0.164584 0.00111314
0 0.0670624 0.728917 0.134125 0.147725 0.00110866
0 0.825806 0.219968 0.253784 0.160889 0.00110382
0 0.175509 0.879594 0.23967 0.166225 0.00110297
0 0.415477 0.152576 0.414299 0.25859 0.00110184
0 0.247887 0.877106 0.261073 0.17057 0.00109915
0 0.763492 0.272363 0.255238 0.162762 0.00109897
0 0.20444 0.197002 0.316334 0.190352 0.00109674
0 0.163059 0.822266 0.240125 0.160587 0.00109494
0 0.624016 0.429849 0.273584 0.169565 0.00109327
0 0.88484 0.218758 0.23032 0.161782 0.00109211
0 0.0908311 0.47726 0.181662 0.157507 0.00109193
0 0.19167 0.922712 0.220224 0.154577 0.00109164
0 0.986847 0.202544 0.0263056 0.288407 0.00109126
0 0.131032 0.129985 0.224998 0.16994 0.00109087
0 0.687848 0.567382 0.24933 0.164329 0.00108909
0 0.622423 0.471694 0.248086 0.165365 0.00108809
0 0.333296 0.0765227 0.254236 0.153045 0.00107784
0 0.163047 0.668398 0.237908 0.15973 0.00107739
0 0.444847 0.114726 0.303452 0.176672 0.00107661
0 0.760465 0.517441 0.244078 0.159164 0.00107495
0 0.984475 0.299961 0.0310491 0.292235 0.00107482
0 0.888073 0.317063 0.223853 0.161598 0.00107331
0 0.887192 0.268488 0.225616 0.16073 0.00107315
0 0.691705 0.519046 0.244835 0.159608 0.00106894
0 0.0789873 0.888997 0.157975 0.163411 0.00106812
0 0.887269 0.46603 0.225463 0.161065 0.00106396
0 0.888275 0.366254 0.22345 0.161189 0.00106328
0 0.82742 0.516883 0.244089 0.159154 0.00106122
0 0.0687245 0.678318 0.137449 0.146476 0.00106118
0 0.985077 0.351425 0.0298451 0.285855 0.00105884
0 0.67301 0.965908 0.256172 0.0681841 0.00105692
0 0 0.103122 0 0.199576 0.00105629
0 0.888173 0.415854 0.223655 0.160411 0.00105445
0 0.326382 0.148173 0.313335 0.212373 0.00105312
0 0.814219 0.965015 0.248014 0.0699698 0.00105049
0 0.136712 0.0759608 0.245388 0.151922 0.00104808
0 0.697483 0.375088 0.261147 0.167899 0.00104803
0 0.742579 0.965205 0.245615 0.0695902 0.00104777
0 0.0715065 0.629078 0.143013 0.146305 0.00104673
0 0.593901 0.966766 0.249869 0.0664675 0.00104534
0 0.763039 0.467387 0.242146 0.159951 0.00104406
0 0.133727 0.186355 0.184656 0.130636 0.971127
0 0.0351884 0.125159 0.0703768 0.250319 0.480465
0 0.999708 0.113262 0.000584965 0.226524 0.373708
0 0.859671 0.128953 0.280658 0.254004 0.173415
0 0.998648 0.887708 0.00270445 0.224583 0.107051
0 0.0244479 0.0885553 0.0488957 0.177111 0.051856
0 0.872918 0.327044 0.254165 0.223918 0.0292223
0 0.999258 0.162792 0.00148321 0.276079 0.0205729
0 0.0364109 0.187842 0.0728218 0.2773 0.0154181
0 0.875794 0.916563 0.248413 0.164594 0.0145242
0 0.0175071 0.887233 0.0350142 0.225533 0.0130144
0 0.997545 0.742477 0.00490982 0.281411 0.00807602
0 0.997579 0.617516 0.00484122 0.281442 0.00799587
0 0.0548318 0.365507 0.109664 0.280758 0.00791264
0 0.997514 0.792531 0.00497207 0.281831 0.00789235
0 0.997469 0.567623 0.00506187 0.281421 0.00775332
0 0.997588 0.217461 0.0048234 0.281785 0.00774633
0 0.997611 0.667508 0.00477897 0.281687 0.00774416
0 0.99762 0.34256 0.00475993 0.281169 0.00772503
0 0.997367 0.843814 0.00526685 0.283364 0.00758672
0 0.997574 0.442471 0.00485257 0.281475 0.0075783
0 0.997655 0.392397 0.00468998 0.281475 0.00757539
0 0.997433 0.517584 0.00513451 0.281557 0.00747722
0 0.997499 0.292615 0.0050011 0.281388 0.00730685
0 0.0536827 0.415629 0.107365 0.281733 0.00655344
0 1 0.901658 0 0.196683 0.00623556
0 0.0550061 0.465941 0.110012 0.281255 0.00590671
0 0.0570893 0.516431 0.114179 0.280545 0.00563758
0 0.0430717 0.237201 0.0861434 0.276645 0.00548445
0 0.0547249 0.314868 0.10945 0.281975 0.00525406
0 0.057867 0.566381 0.115734 0.280314 0.00521297
0 0.848339 0.299375 0.303322 0.225687 0.00438267
0 0.0677641 0.157058 0.135528 0.314115 0.00380332
0 0.0520667 0.713093 0.104133 0.276004 0.00374093
0 0.85401 0.728903 0.291981 0.247713 0.00347206
0 0.0523905 0.765516 0.104781 0.280679 0.00327994
0 0.0585206 0.615915 0.117041 0.281187 0.00318899
0 0.0725288 0.209012 0.145058 0.37958 0.00292622
0 0.0714843 0.419 0.142969 0.399839 0.00287327
0 0.995478 0.867074 0.00904455 0.265852 0.00285625
0 0.0725061 0.318275 0.145012 0.387448 0.00278384
0 0.0579757 0.665747 0.115951 0.279883 0.00271563
0 1 0.954087 0 0.0918261 0.00270359
0 0.0475744 0.813219 0.0951489 0.276547 0.00263741
0 0.0726449 0.520798 0.14529 0.400746 0.00257451
0 1 0.128141 0 0.256282 0.00247626
0 0.0526256 0.863731 0.105251 0.272539 0.00228357
0 0.996838 0.81043 0.00632443 0.35619 0.00219013
0 0.989738 0.157842 0.020524 0.315684 0.00208647
0 1 0.976217 0 0.0475662 0.00207629
0 0.996719 0.403929 0.00656263 0.350749 0.00207463
0 0.99649 0.305046 0.00702066 0.349138 0.00205079
0 0.999187 0.0700689 0.00162688 0.140138 0.00203248
0 0.996707 0.704376 0.00658505 0.35103 0.00201627
0 0.0733477 0.623662 0.146695 0.408001 0.00200047
0 0.997158 0.502304 0.00568329 0.338801 0.00197538
0 0.997161 0.602073 0.00567789 0.338225 0.00197121
0 1 0.903856 0 0.192289 0.00191244
0 0.995977 0.199515 0.00804503 0.354362 0.00185886
0 0.953477 0.710216 0.0930454 0.367709 0.00184232
0 0.887923 0.825127 0.224153 0.349745 0.00180744
0 0.960739 0.955971 0.0785228 0.0857965 0.00176167
0 0.0699055 0.836644 0.139811 0.326712 0.00175932
0 0.961535 0.360448 0.0769297 0.362829 0.00175621
0 0.819784 0.815726 0.360431 0.368548 0.00175563
0 0.948025 0.610516 0.103951 0.369858 0.00172543
0 0.8653 0.40225 0.269401 0.424459 0.00172108
0 0.861962 0.753188 0.276075 0.422561 0.00169148
0 0.0738727 0.727566 0.147745 0.413072 0.00168426
0 0.964244 0.812619 0.0715111 0.374762 0.00168157
0 0.411285 0.874381 0.27908 0.179497 0.00166425
0 0.964242 0.259134 0.0715169 0.364324 0.00164489
0 0.950163 0.461286 0.099673 0.373516 0.0016309
0 0.959118 0.0829651 0.0817639 0.16593 0.00161751
0 0.867343 0.603169 0.265313 0.410863 0.00161417
0 0.275442 0.854755 0.472276 0.290489 0.00161143
0 0.998648 0.0781892 0.00270445 0.156378 0.00160932
0 0.860427 0.491977 0.279146 0.451087 0.00160765
0 0.850575 0.0916348 0.29885 0.18327 0.00160623
0 0.0201397 0.961807 0.0402793 0.0763855 0.00158401
0 0.426453 0.924408 0.246721 0.151184 0.00157398
0 0.876029 0.203054 0.247941 0.400194 0.00156629
0 0.878597 0.306594 0.242806 0.387453 0.00156564
0 0.905909 0.169611 0.188182 0.339221 0.00156339
0 0.761798 0.788702 0.476405 0.422596 0.00155515
0 0.942854 0.86764 0.114292 0.264719 0.00154342
0 0.636196 0.59081 0.325826 0.255465 0.00153912
0 0.961151 0.133306 0.0776988 0.266612 0.0015355
0 0.0443981 0.0802114 0.0887963 0.160423 0.00152199
0 0.635672 0.54255 0.348294 0.276369 0.00152005
0 0.729098 0.74842 0.396724 0.280375 0.00150122
0 0.589649 0.562073 0.283753 0.170752 0.00148929
0 0.651692 0.761017 0.292003 0.172631 0.00148501
0 0.316003 0.880718 0.380077 0.238563 0.0014768
0 0.722643 0.801051 0.35419 0.228882 0.00147299
0 0.641172 0.707099 0.286518 0.197634 0.00147233
0 0.308369 0.821437 0.385161 0.221329 0.00146284
0 0.420312 0.96322 0.234618 0.0735603 0.00146181
0 0.871107 0.874371 0.254159 0.251258 0.00145579
0 0.635684 0.653382 0.310283 0.228835 0.00145318
0 0.337479 0.771461 0.300885 0.179209 0.00144673
0 0.974011 0.849651 0.0519779 0.300698 0.00144549
0 0.601471 0.612165 0.272558 0.165555 0.0014419
0 0.729493 0.71781 0.541015 0.520077 0.00143663
0 0.585731 0.512215 0.291661 0.172497 0.00143562
0 0.0913538 0.26201 0.182708 0.354019 0.00142832
0 0.493452 0.963764 0.231416 0.072471 0.00142576
0 0.856066 0.657891 0.287868 0.236744 0.0014227
0 0.613219 0.296718 0.523495 0.364934 0.00142004
0 0.178598 0.15483 0.357196 0.30966 0.00141693
0 0.631204 0.494707 0.351388 0.276735 0.00141229
0 0.2395 0.671721 0.398287 0.265386 0.00140493
0 0.742287 0.703098 0.458894 0.370697 0.00140362
0 0.531987 0.293911 0.462928 0.32827 0.00140314
0 0.224939 0.716231 0.449878 0.305033 0.00139941
0 0.994696 0.0991009 0.0106074 0.198202 0.00138188
0 1 0.169541 0 0.277472 0.00137656
0 0.732541 0.873244 0.304766 0.209636 0.00137489
0 0.629596 0.444767 0.350411 0.273735 0.00137381
0 0.587977 0.254646 0.824046 0.509292 0.00137218
0 0.499166 0.923404 0.236277 0.147371 0.00136686
0 0.00425563 0.968257 0.00851126 0.0634866 0.00135712
0 0.587033 0.462752 0.28977 0.171924 0.00135595
0 0.58361 0.363994 0.330623 0.201334 0.0013532
0 0.828469 0.153665 0.343062 0.307329 0.00134662
0 0.110918 0.132579 0.221837 0.265159 0.00134302
0 0.135584 0.0733012 0.253912 0.14295 0.00134033
0 0.246823 0.186086 0.111571 0.130336 0.00133963
0 0.460036 0.30014 0.454539 0.302905 0.00133371
0 0.811833 0.331283 0.376334 0.436285 0.00133305
0 0.240752 0.760481 0.481505 0.352136 0.00132828
0 0.657656 0.343745 0.438373 0.342865 0.0013231
0 0.414248 0.816361 0.271164 0.157582 0.00131993
0 0.0696338 0.358983 0.139268 0.354407 0.00131911
0 0.727969 0.620324 0.544062 0.477889 0.00131636
0 0.293175 0.922408 0.279146 0.146387 0.00131615
0 0.721297 0.474684 0.557406 0.497906 0.00131495
0 0.716082 0.372011 0.567836 0.512924 0.00131294
0 0.293119 0.244719 0.504013 0.37204 0.00131227
0 0.243981 0.620504 0.379621 0.261069 0.00131194
0 0.386535 0.300433 0.4369 0.287951 0.00130855
0 0.586845 0.413526 0.298746 0.177937 0.00130671
0 0.678159 0.27943 0.643682 0.558859 0.00130357
0 0.666943 0.814454 0.287749 0.164274 0.00130093
0 0.891786 0.963141 0.216428 0.0737188 0.0013001
0 0.610752 0.665174 0.272695 0.168703 0.00129757
0 0.326949 0.212222 0.653898 0.424443 0.00129738
0 0.427658 0.247188 0.717244 0.482909 0.00129366
0 0.636049 0.391706 0.372067 0.290123 0.0012901
0 0.0374572 0.971724 0.0749143 0.0565527 0.00128921
0 0.11107 0.135438 0.22214 0.270875 0.00128869
0 0.0163236 0.9748 0.0326471 0.0503993 0.0012874
0 0.691795 0.298667 0.61641 0.470365 0.00128083
0 0.344529 0.720632 0.27933 0.172724 0.00126272
0 0.988903 0.959066 0.0221949 0.0818687 0.00126246
0 0.319456 0.373803 0.365673 0.202166 0.00126233
0 0.960495 0.947502 0.0790108 0.104995 0.00125627
0 0.490238 0.872899 0.255584 0.16865 0.0012555
0 0.381078 0.21522 0.762156 0.43044 0.00125421
0 0.996415 0.944801 0.00717055 0.110399 0.00124727
0 0.801166 0.784096 0.397669 0.431807 0.00124719
0 0.560643 0.962384 0.229925 0.0752329 0.00123743
0 0 0.895269 0 0.209463 0.00123253
0 0.303755 0.305994 0.445438 0.271092 0.00122601
0 0.242151 0.570986 0.392325 0.259918 0.00122064
0 0.00908832 0.0491223 0.0181766 0.0982447 0.00122014
0 0.806017 0.622982 0.387966 0.450023 0.001219
0 0.323488 0.183344 0.646976 0.366689 0.00121848
0 0.138298 0.214725 0.276597 0.223385 0.00121702
0 0.186385 0.168957 0.372769 0.337914 0.00121527
0 0.153 0.249047 0.254749 0.303545 0.00121521
0 0.336678 0.426114 0.314891 0.192431 0.00120716
0 0.347132 0.671487 0.270778 0.167048 0.00120064
0 0.303755 0.800152 0.60751 0.399696 0.00120001
0 0.808544 0.271365 0.382911 0.457978 0.00119741
0 0.515758 0.0858696 0.263553 0.143265 0.00119486
0 0.413338 0.962599 0.241809 0.074802 0.00119308
0 0.0740681 0.464182 0.148136 0.372002 0.0011887
0 0.345098 0.524336 0.280465 0.175329 0.00118151
0 0.0968245 0.964732 0.193649 0.0705357 0.0011773
0 0.444925 0.175635 0.507435 0.239354 0.00117662
0 0.236315 0.515451 0.427817 0.288608 0.00117439
0 0.0884937 0.564619 0.176987 0.373363 0.00117225
0 0.347242 0.62217 0.268786 0.168715 0.00116882
0 0.781351 0.108604 0.437298 0.217208 0.00116605
0 0.104357 0.13102 0.208714 0.262039 0.00115749
0 0.489063 0.962886 0.239985 0.074228 0.00115378
0 0.947043 0.975118 0.105915 0.0497646 0.00115283
0 0.342611 0.475159 0.294382 0.185245 0.00115006
0 0 0.0665832 0 0.133166 0.00114399
0 0.82138 0.726107 0.357239 0.450514 0.00114044
0 0.772925 0.421118 0.454151 0.497856 0.00113937
0 0.346488 0.572802 0.271785 0.168508 0.0011317
0 0.326675 0.962085 0.289092 0.0758291 0.00113139
0 0.482189 0.229483 0.878899 0.458966 0.00113039
0 0.616078 0.713993 0.262732 0.164722 0.00112991
0 0.567813 0.9205 0.238122 0.151702 0.00112893
0 0.983295 0.979953 0.0334105 0.0400949 0.00112726
0 0.680749 0.873717 0.273315 0.182959 0.00112678
0 0.330887 0.128381 0.661774 0.256761 0.00112672
0 0.70092 0.585379 0.254218 0.166241 0.0011222
0 0 0.82326 0 0.171449 0.00112143
0 0.604669 0.273045 0.375005 0.192165 0.001121
0 0.795773 0.571737 0.408454 0.463647 0.00112066
0 0.10806 0.246465 0.216119 0.279414 0.00111836
0 0.119694 0.669463 0.239388 0.415279 0.0011166
0 0.555265 0.96325 0.239892 0.0734995 0.00111433
0 0.251197 0.962311 0.301201 0.0753784 0.00111171
0 0.400576 0.374004 0.305596 0.172277 0.00111029
0 0.769972 0.920085 0.234011 0.15204 0.00110821
0 0.235072 0.455798 0.470143 0.328003 0.00110782
0 0.53589 0.370895 0.30157 0.175653 0.00110609
0 0.117774 0.812855 0.235548 0.37429 0.00109661
0 0.26977 0.789011 0.53954 0.421979 0.00109574
0 0.150632 0.722984 0.301265 0.436431 0.0010897
0 0.417723 0.766815 0.258431 0.156755 0.00108357
0 0 0.931112 0 0.137776 0.00107324
0 0.780398 0.51034 0.439203 0.506704 0.0010728
0 0.439469 0.287193 0.536985 0.238705 0.00107107
0 0.622372 0.963571 0.244689 0.0728577 0.00106806
0 0.241293 0.753331 0.482586 0.493338 0.00106586
0 0.490116 0.815738 0.256621 0.156479 0.00106414
0 0.84614 0.585808 0.307721 0.219608 0.00106369
0 0.13196 0.103693 0.263919 0.207387 0.00106082
0 0.427761 0.226738 0.195542 0.0989565 0.00105962
0 0.197888 0.292732 0.395777 0.313124 0.00105593
0 0.85979 0.0881844 0.28042 0.165944 0.00105513
0 0.49998 0.124193 0.633512 0.248386 0.00105154
0 0.827997 0.193254 0.344005 0.386509 0.00105141
0 0.630832 0.95847 0.229242 0.0830605 0.00104852
0 0.182065 0.651477 0.36413 0.410766 0.00104185
0 0.686382 0.963365 0.24573 0.07327 0.00103782
0 0.756672 0.962896 0.248367 0.0742088 0.00102688
0 0.0754197 0.290845 0.150839 0.274344 0.00102423
0 0.556092 0.614784 0.260823 0.159969 0.00102032
0 0.874568 0.959548 0.24368 0.0809031 0.00101947
0 0.698748 0.127217 0.602505 0.254434 0.00101667
0 0.414547 0.422282 0.268319 0.161592 0.00101318
0 0.13124 0.184686 0.181613 0.131423 0.934613
0 0.187333 0.904674 0.18291 0.188858 0.0230083
0 0.998055 0.102681 0.00388951 0.205363 0.0147752
0 0.1831 0.859131 0.164738 0.100386 0.00950956
0 0.0103716 0.0960724 0.0207433 0.192145 0.00505022
0 0.222687 0.903687 0.268123 0.18836 0.0047603
0 0.997137 0.894676 0.00572542 0.210648 0.00326588
0 0.459964 0.904467 0.223328 0.191066 0.00315295
0 0.855296 0.895332 0.289407 0.209336 0.00233571
0 0.180088 0.887623 0.155597 0.155181 0.00203259
0 0.996183 0.870294 0.00763372 0.259411 0.00165558
0 1 0.980418 0 0.0391645 0.00154569
0 0.997483 0.145995 0.00503432 0.29199 0.00141253
0 0.388592 0.177641 0.34878 0.234007 0.00141207
0 0.495908 0.903738 0.519563 0.192524 0.00139991
0 0.21966 0.913727 0.42966 0.172545 0.00138442
0 0.291901 0.900225 0.51525 0.19955 0.00137542
0 0.997153 0.811665 0.00569328 0.347758 0.0013511
0 0.997394 0.55365 0.00521243 0.327104 0.00134923
0 0.997406 0.45339 0.0051888 0.326979 0.00134812
0 0.997376 0.65262 0.0052474 0.326021 0.00133918
0 0.997385 0.354106 0.00523093 0.327484 0.00133844
0 0.135637 0.072029 0.271275 0.144058 0.00131951
0 0.997326 0.254334 0.00534827 0.327477 0.00131181
0 0.997229 0.750692 0.00554178 0.325828 0.00129946
0 0.99734 0.201785 0.00531992 0.327854 0.0012762
0 0.573528 0.91685 0.489718 0.1663 0.0012698
0 0.0508064 0.495454 0.101613 0.278633 0.00123686
0 0.151301 0.940293 0.302603 0.119415 0.00122926
0 0.134796 0.200537 0.269592 0.383161 0.00119144
0 0.283017 0.197445 0.566035 0.394889 0.00118703
0 0.698972 0.943308 0.401455 0.113384 0.00117487
0 0.0552288 0.439951 0.110458 0.360225 0.0011606
0 0.636523 0.926146 0.434056 0.147708 0.00115755
0 0.997086 0.506098 0.00582899 0.357079 0.00115442
0 0.0491306 0.557194 0.0982612 0.223458 0.00115005
0 0.859406 0.206192 0.281188 0.213701 0.00114732
0 0.837033 0.122692 0.325935 0.218821 0.00114207
0 0.0777507 0.56738 0.155501 0.206184 0.00113989
0 0.996966 0.406238 0.00606895 0.355963 0.0011386
0 0.215187 0.205089 0.430374 0.410178 0.00113469
0 0.997041 0.606139 0.00591717 0.356479 0.00112314
0 0.996744 0.306496 0.00651186 0.359051 0.00111815
0 0.131681 0.904334 0.263362 0.190265 0.00111617
0 0.120701 0.242429 0.241401 0.287445 0.00111063
0 0.0686017 0.722367 0.137203 0.205695 0.00110915
0 0.100542 0.515013 0.201083 0.249747 0.00109355
0 0.782568 0.93218 0.43432 0.13564 0.00108708
0 0 0.978226 0 0.0435482 0.00108041
0 0.321926 0.416589 0.643851 0.622206 0.00108014
0 0.828492 0.918836 0.343017 0.162328 0.00106872
0 0.997636 0.11793 0.00472887 0.235859 0.0010686
0 0.067567 0.768218 0.135134 0.204445 0.00106751
0 0.996521 0.70539 0.00695882 0.358422 0.0010564
0 0.0814273 0.372626 0.162855 0.472423 0.0010447
0 0 0.395001 0 0.193163 0.0010254
0 1 0.969889 0 0.0602215 0.00101738
0 0.0644964 0.636363 0.128993 0.207025 0.00101028
0 0.0326613 0.974585 0.0653226 0.0508306 0.00100621
0 0.0510618 0.123686 0.102124 0.247371 0.00100106
0 0.296889 0.212484 0.593778 0.424969 0.00100083
0 0.133102 0.182965 0.184222 0.133161 0.884732
0 0.385399 0.319695 0.139781 0.0928881 0.0064944
0 0.579352 0.246031 0.11502 0.0745729 0.00426277
0 0.407462 0.232896 0.137137 0.0792501 0.00348494
0 1 0.901298 0 0.197404 0.00301712
0 1 0.0933653 0 0.186731 0.00255177
0 1 0.964281 0 0.0714384 0.00251237
0 0.249222 0.907238 0.294095 0.185525 0.00246562
0 0.0532407 0.901113 0.106481 0.197773 0.00208586
0 0.412071 0.0351349 0.143471 0.0648174 0.00207818
0 1 0.927295 0 0.145409 0.00172715
0 0.691694 0.37693 0.12028 0.0585647 0.00163536
0 1 0.0567938 0 0.113588 0.00163059
0 0.872276 0.908372 0.255449 0.183255 0.00144481
0 0.0210076 0.922562 0.0420152 0.154877 0.00140558
0 1 0.981818 0 0.0363649 0.00129252
0 0.116678 0.897308 0.233356 0.205384 0.00124804
0 0.30951 0.613374 0.115564 0.0571109 0.00112757
0 0.155537 0.903173 0.266081 0.193653 0.00112728
0 0.742801 0.635293 0.152689 0.101828 0.00110284
0 0.812241 0.0754376 0.281429 0.150875 0.00106462
0 0.069691 0.610772 0.139382 0.244576 0.00104613
0 0.872015 0.0767127 0.25597 0.153425 0.00103539
0 0.0752666 0.66427 0.150533 0.253342 0.00101569
0 0.997477 0.978036 0.00504647 0.0439287 0.00101476
0 0.895779 1 0.208442 0 0.00100848
0 0.0921305 0.636873 0.184261 0.231633 0.00100316
0 0.134179 0.183255 0.184102 0.133815 0.934153
0 0.999593 0.944218 0.000813442 0.111564 0.0114551
0 1 0.100494 0 0.200988 0.00851971
0 0 0.965348 0 0.0693035 0.00663675
0 0 0.631536 0 0.126301 0.00468182
0 0 0.606445 0 0.126665 0.0044087
0 0 0.656464 0 0.126324 0.00435614
0 0 0.581513 0 0.126319 0.0041343
0 0 0.965365 0 0.0692705 0.00412921
0 0 0.694135 0 0.126851 0.00393392
0 0 0.732273 0 0.128838 0.00388454
0 1 0.962437 0 0.0751251 0.00370953
0 0 0.953649 0 0.0927029 0.00339533
0 0 0.757282 0 0.129682 0.00325249
0 0 0.97169 0 0.0566195 0.00318826
0 0.898856 0.999482 0.202288 0.0010355 0.00286176
0 0 0.557061 0 0.129054 0.00281499
0 1 0.95934 0 0.0813194 0.00278514
0 0 0.0478113 0 0.0956226 0.00259712
0 1 0.0919199 0 0.18384 0.00250239
0 0 0.567201 0 0.221347 0.00247077
0 0 0.516965 0 0.222973 0.00246543
0 0 0.782946 0 0.132226 0.0024634
0 0 0.808177 0 0.132747 0.00237126
0 0 0.960589 0 0.0788229 0.00236722
0 1 0.0351531 0 0.0703061 0.00231176
0 1 0.033912 0 0.067824 0.00230288
0 0 0.834178 0 0.135855 0.00228206
0 0 0.618714 0 0.20673 0.00225449
0 0 0.935583 0 0.128833 0.00221931
0 0 0.568058 0 0.209279 0.00220233
0 0 0.531815 0 0.128383 0.00203561
0 0 0.0153311 0 0.0306622 0.00193032
0 0 0.859505 0 0.137529 0.00192008
0 0.90209 1 0.195821 0 0.00173659
0 0 0.978265 0 0.0434694 0.00169561
0 0 0.912334 0 0.175331 0.00167757
0 1 0.119718 0 0.239436 0.00166938
0 0 0.516782 0 0.211969 0.00164658
0 0 0.507625 0 0.130423 0.00160289
0 0 0.464525 0 0.226349 0.00159181
0 0 0.66584 0 0.223479 0.00157093
0 1 0.0936686 0 0.187337 0.00147682
0 1 0.936861 0 0.126278 0.00147159
0 0.00894059 0.982554 0.0178812 0.0348928 0.00144794
0 0.998829 0.976631 0.00234256 0.0467386 0.00143417
0 0 0.885388 0 0.140725 0.00142998
0 0 0.715411 0 0.223644 0.00140372
0 0 0.910468 0 0.140806 0.00136641
0 0 0.963687 0 0.072627 0.00131425
0 0 0.690695 0 0.212423 0.00131202
0 0.00909866 0.0738104 0.0181973 0.147621 0.00129902
0 0 0.790877 0 0.223956 0.00129669
0 0 0.035454 0 0.070908 0.00129409
0 0.00687471 0.94604 0.0137494 0.107919 0.00127888
0 0 0.482053 0 0.128326 0.00127323
0 0 0.739593 0 0.213645 0.00125542
0 0 0.932259 0 0.135482 0.00125041
0 1 0.0176799 0 0.0353598 0.00117791
0 0 0.462954 0 0.21781 0.00117249
0 0 0.409075 0 0.224699 0.00116522
0 0.59472 0.999383 0.270716 0.00123491 0.00113872
0 0.108367 0.851331 0.216734 0.297338 0.00113384
0 1 0.948106 0 0.103788 0.00111774
0 0 0.840092 0 0.224551 0.0011154
0 0.995241 0.979327 0.00951716 0.041346 0.00111255
0 0.823934 0.999563 0.272427 0.000873947 0.00108574
0 0 0.0720115 0 0.144023 0.00108172
0 0.399336 0.999432 0.271382 0.00113611 0.00107593
0 0.0723658 0.4056 0.144732 0.207396 0.0010599
0 0 0.951189 0 0.0976211 0.00103994
0 0.0727659 0.45514 0.145532 0.208179 0.00103789
0 0.200993 0.198216 0.25821 0.144567 0.00103647
0 0 0.901537 0 0.196927 0.00102034
0 0 0.890096 0 0.214725 0.00101545
0 1 0.215299 0 0.209857 0.00101287
0 0.134736 0.184786 0.184878 0.130046 0.940282
0 0.235932 0.59265 0.264335 0.18134 0.00128576
0 0.13439 0.184388 0.185836 0.133145 0.963386
0 1 0.899796 0 0.200408 0.0018564
0 1 0.937857 0 0.124286 0.00134629
0 0.199897 0.193836 0.152601 0.129 0.00114735
0 0.95856 0.898331 0.0828798 0.203337 0.00107538
0 0.132799 0.182016 0.181985 0.129621 0.935259
0 0.223528 0.19825 0.0890327 0.102468 0.00187215
0 0.195423 0.185693 0.060167 0.130036 0.00176268
0 0.209955 0.253527 0.319158 0.195252 0.00135947
0 0.204508 0.192647 0.0402403 0.150133 0.00120887
0 0.131929 0.183199 0.186893 0.132543 0.927544
0 0.135967 0.484778 0.271933 0.223912 0.00105884
0 0.155376 0.452452 0.310753 0.208519 0.00104496
0 0.130348 0.184223 0.18288 0.133246 0.976166
0 1 0.0878432 0 0.175686 0.00231553
0 0.131095 0.18396 0.18284 0.131821 0.904393
0 0.214289 0.198969 0.119633 0.12903 0.00156287
0 0.131451 0.184177 0.189606 0.131984 0.918041
0 0.00207217 0.0671668 0.00414433 0.134334 0.00204478
0 0.226682 0.90881 0.269738 0.175014 0.00106622
0 0.997377 0.0769043 0.00524659 0.153809 0.00106245
0 0.127671 0.0697772 0.255341 0.139554 0.00103513
0 0.131876 0.185031 0.186595 0.131654 0.911351
0 1 0.96365 0 0.0727005 0.00161637
0 0.132356 0.183445 0.184656 0.133538 0.929903
0 0.575849 0.254937 0.109251 0.0629106 0.0115011
0 0.565909 0.2445 0.10107 0.0704143 0.00742639
0 0.208623 0.185134 0.0327674 0.132144 0.00652995
0 0.137364 0.471332 0.0821081 0.0559343 0.00469179
0 0.832953 0.499866 0.154822 0.0861116 0.0023259
0 0.415823 0.835813 0.111102 0.0680223 0.00178102
0 0.713623 0.487293 0.122237 0.0792877 0.00152025
0 0.560899 0.262956 0.109848 0.0699799 0.00115079
0 0.135356 0.459395 0.0822547 0.0714109 0.00101708
0 0.134121 0.183622 0.187927 0.130728 0.94015
0 0.239376 0.204263 0.196151 0.103074 0.0012339
0 0.133406 0.184021 0.184608 0.132088 0.956371
0 0.215373 0.20108 0.195211 0.106778 0.00350515
0 0.13182 0.183014 0.185743 0.132507 0.935769
0 0.260977 0.264332 0.357724 0.195817 0.0021617
0 0.131066 0.183635 0.183461 0.1326 0.915091
0 0.719738 0.284046 0.110889 0.0611514 0.00491492
0 0.134077 0.183127 0.187578 0.131163 0.923817
0 0.213789 1 0.235712 0 0.0035648
0 0.301926 1 0.236118 0 0.00355657
0 0.373155 1 0.23451 0 0.00337277
0 0.16071 1 0.234452 0 0.00310519
0 0.918988 1 0.162024 0 0.00299264
0 0.890453 1 0.219095 0 0.00266254
0 0.658057 1 0.226927 0 0.00265911
0 0.426478 1 0.227515 0 0.00265631
0 0.853377 1 0.232673 0 0.00259238
0 0.49858 1 0.223804 0 0.00247708
0 0.112775 1 0.225551 0 0.00225503
0 0.0858565 1 0.171713 0 0.00202304
0 0.604665 1 0.227079 0 0.00179895
0 0.551506 1 0.227745 0 0.00178172
0 0.707623 1 0.233376 0 0.00155083
0 0.744373 1 0.220753 0 0.00108157
0 1 0.901016 0 0.197969 0.00102832
0 0.132991 0.18305 0.184054 0.135192 0.936522
0 0.228351 0.202665 0.100381 0.108506 0.00136411
0 0.133867 0.183656 0.185573 0.132583 0.90264
0 0.221594 0.202593 0.112656 0.105101 0.00184319
0 0.131165 0.183504 0.184681 0.131902 0.940716
0 1 0.0661288 0 0.132258 0.00159407
0 0.131645 0.185212 0.182757 0.131459 0.907992
0 0.132248 0.183859 0.180292 0.13145 0.911653
0 0.132524 0.183079 0.183175 0.130991 0.882444
0 0.133012 0.183957 0.184997 0.13469 0.931695
0 0.132538 0.182713 0.185222 0.133728 0.917676
0 0.0564288 0.189735 0.03 0.111007 0.0133355
0 0.132774 0.183292 0.185404 0.132665 0.93838
0 0.0558552 0.188159 0.0316816 0.125086 0.00114926
0 0.130948 0.183623 0.182143 0.133128 0.917128
0 0.86002 0.185794 0.10768 0.101153 0.00231522
0 0.0832317 0.93473 0.160512 0.120356 0.00109991
0 0.056539 0.188863 0.0311501 0.123373 0.00100441
0 0.131823 0.184105 0.1864 0.133514 0.937668
0 0.132019 0.182844 0.185042 0.133436 0.912151
0 0.133078 0.183902 0.184986 0.132444 0.940857
0 0.131344 0.182287 0.189065 0.130736 0.924632
0 0.132449 0.182795 0.185513 0.131739 0.90438
0 0.13099 0.18353 0.182417 0.129478 0.913956
0 0.131389 0.183401 0.187257 0.134158 0.924402
0 0.680544 0.908935 0.19942 0.133348 0.00206576
0 0.497631 0.905702 0.203857 0.134657 0.00194306
0 0.130702 0.18412 0.18364 0.133954 0.931617
0 0.670455 0.905789 0.213709 0.125641 0.0141359
0 0.192715 0.201503 0.161227 0.108362 0.00114115
0 0.132138 0.184098 0.182198 0.131271 0.922814
0 0.132598 0.182434 0.186638 0.13215 0.925775
0 0.195751 0.18433 0.0610741 0.110982 0.00134841
0 0.131948 0.183005 0.185552 0.132899 0.936864
0 0.196068 0.183373 0.0589703 0.109701 0.00320111
0 0.132548 0.183602 0.185396 0.131541 0.919032
0 0.131627 0.183135 0.183186 0.132308 0.927664
0 0.132298 0.183275 0.184868 0.133942 0.933013
0 0.132668 0.184261 0.184538 0.134996 0.935616
0 0.132908 0.183699 0.186548 0.133854 0.926674
0 0.132927 0.18519 0.183608 0.135003 0.952026
0 0.132437 0.184381 0.188796 0.135692 0.948855
0 0.13173 0.184327 0.185937 0.134789 0.945181
0 0.132285 0.184727 0.185113 0.13442 0.926165
0 0.131985 0.184298 0.185403 0.133184 0.938039
0 0.131502 0.183594 0.185834 0.135254 0.949553
0 0.164136 0.0676164 0.210997 0.135233 0.00137855
0 0.13153 0.182088 0.19126 0.132427 0.953157
0 0.880441 0.920395 0.239118 0.151958 0.00304987
0 0.82972 0.0847564 0.34056 0.165389 0.00156108
0 0.131703 0.18297 0.183861 0.133066 0.942222
0 0.132711 0.18346 0.186978 0.133636 0.937664
0 0.132884 0.183459 0.186589 0.134877 0.949468
0 0.13295 0.183599 0.189305 0.134595 0.925236
0 0.683735 0.915173 0.235366 0.143127 0.0057404
0 0.487773 0.913953 0.203907 0.154404 0.00209854
0 0.177403 0.91109 0.169798 0.149746 0.00153966
0 0.241362 0.913058 0.286926 0.140584 0.00118088
0 0.721221 0.287269 0.126359 0.074779 0.00113973
0 0.133312 0.183673 0.183594 0.133291 0.942164
0 0.720044 0.28458 0.117855 0.0704026 0.00600579
0 0.806313 0.289026 0.132094 0.079882 0.0012436
0 0.133059 0.183649 0.185814 0.132186 0.927503
0 0.185148 0.90838 0.17258 0.13587 0.00117662
0 0.133113 0.183516 0.185894 0.131386 0.928017
0 0.132223 0.183593 0.185089 0.133352 0.935929
0 0.13203 0.183241 0.185848 0.134834 0.943127
0 0.131282 0.184301 0.186763 0.135355 0.935805
0 0.13149 0.184781 0.185903 0.1356 0.954143
0 0.13241 0.184539 0.185281 0.133005 0.947448
0 0.18185 0.903116 0.171917 0.159237 0.00373867
0 0.131569 0.1844 0.184672 0.135596 0.944146
0 0.131275 0.184726 0.187352 0.135576 0.95494
0 0.132131 0.184882 0.186086 0.135082 0.944112
0 0.13309 0.184614 0.184951 0.133414 0.943908
0 0.13282 0.184051 0.186228 0.13321 0.946661
0 0.132769 0.184321 0.184874 0.134325 0.943324
0 0.131296 0.184536 0.186718 0.135282 0.944037
0 0.129941 0.184234 0.190989 0.135393 0.953213
0 0.133641 0.184094 0.186095 0.135925 0.943366
0 0.131193 0.183284 0.189415 0.133563 0.939973
0 0.132697 0.183562 0.184171 0.133878 0.95395
0 0.131805 0.183828 0.18577 0.133304 0.951272
0 0.131999 0.1843 0.184954 0.133307 0.949375
0 0.13229 0.184037 0.186151 0.134144 0.948511
0 0.13158 0.183923 0.186842 0.134433 0.940019
0 0.132158 0.183996 0.188349 0.134612 0.948995
0 0.132945 0.18394 0.188652 0.135716 0.958351
0 0.133041 0.183669 0.187505 0.134048 0.959428
0 0.13292 0.183816 0.186074 0.134717 0.952599
0 0.132311 0.183829 0.18527 0.134062 0.954741
0 0.132287 0.183772 0.185766 0.134454 0.955578
0 0.132138 0.183808 0.185809 0.134854 0.955002
0 0.132119 0.184278 0.18708 0.136038 0.954185
0 0.132641 0.183965 0.186775 0.135194 0.953398
0 0.132415 0.184542 0.185298 0.133008 0.947267
0 0.181909 0.903109 0.171893 0.159279 0.00372866
