0 0.512937 0.0998888 0.216749 0.197713 0.0425563
0 0.536445 0.174748 0.264584 0.345231 0.0157377
0 0.498093 0.194308 0.262282 0.387255 0.0140544
0 0.00207046 0.912181 0.00414093 0.175637 0.0139719
0 0.492667 0.908528 0.197926 0.170696 0.013568
0 0.433781 0.904044 0.327137 0.175475 0.0135501
0 0.619582 0.132394 0.401804 0.263107 0.0135174
0 0.998664 0.908806 0.00267189 0.182388 0.0132843
0 0.303057 0.0976554 0.30002 0.187965 0.0132805
0 0.999079 0.799029 0.00184196 0.401942 0.0132525
0 0.483891 0.0973809 0.356987 0.194762 0.0132138
0 0.0720825 0.905928 0.114922 0.157983 0.0131992
0 0.300135 0.164352 0.314235 0.324614 0.0131752
0 0.00564888 0.850568 0.0112978 0.298864 0.0131739
0 0.631636 0.101277 0.445938 0.196307 0.0131455
0 0.854327 0.881857 0.276577 0.213128 0.0131197
0 0.9869 0.422892 0.0262002 0.845783 0.0131162
0 0 0.100464 0 0.200928 0.0131021
0 0.135748 0.0992903 0.271495 0.191379 0.0130266
0 0.895204 0.888384 0.191579 0.211508 0.0129698
0 0.961142 0.450982 0.077716 0.901964 0.0129586
0 1 0.104447 0 0.208894 0.0129106
0 0.0559726 0.90909 0.111945 0.18182 0.0128957
0 0.998804 0.675656 0.00239249 0.648688 0.0128898
0 0.434005 0.907379 0.342134 0.185242 0.0128776
0 0.992143 0.552635 0.015714 0.89473 0.0128415
0 0.999537 0.3202 0.000925443 0.6404 0.0128284
0 0.998544 0.634346 0.00291162 0.731308 0.0127996
0 0.298237 0.0977074 0.431661 0.184439 0.0127864
0 0.0741206 0.866174 0.117492 0.217182 0.0127729
0 0.799787 0.0941274 0.381289 0.180253 0.0127598
0 0.573365 0.917165 0.628642 0.16567 0.0127592
0 0.170102 0.120904 0.299937 0.234251 0.0127506
0 1 0.170036 0 0.340072 0.0127452
0 0.0199786 0.810514 0.0399572 0.378972 0.0127445
0 0.980398 0.397675 0.0392033 0.79535 0.0127422
0 0.136264 0.950717 0.272528 0.0985661 0.0127239
0 0.137006 0.910288 0.247366 0.165926 0.0127118
0 0.0660175 0.870799 0.132035 0.258403 0.0127112
0 0.837752 0.896657 0.324496 0.206686 0.0126955
0 0.784433 0.883462 0.431135 0.233075 0.0126948
0 0.18097 0.912098 0.165336 0.162838 0.0126816
0 0 0.069105 0 0.13821 0.0126811
0 0.631862 0.881187 0.693239 0.237625 0.0126644
0 0.840617 0.888723 0.318766 0.222555 0.0126481
0 0.127353 0.220451 0.254707 0.435932 0.0126196
0 0.67433 0.609426 0.594292 0.210246 0.0126146
0 0.163629 0.986991 0.327258 0.0260183 0.0126133
0 7.96129e-05 0.177622 0.000159226 0.355245 0.0126056
0 0.452019 0.613007 0.149675 0.151797 0.0126039
0 1 0.015497 0 0.030994 0.0125988
0 0.418561 0.875112 0.336351 0.234654 0.0125744
0 0.465829 0.223083 0.338005 0.408881 0.0125726
0 0.568769 0.478598 0.439312 0.169341 0.012571
0 0.391744 0.210568 0.462568 0.421136 0.0125646
0 0.705544 0.22153 0.588912 0.43993 0.0125636
0 0.333898 0.908451 0.53806 0.183098 0.0125575
0 0.261179 0.909633 0.407091 0.180734 0.0125536
0 0.682937 0.151204 0.541727 0.298466 0.0125533
0 0.541546 0.861269 0.87404 0.262441 0.0125482
0 0.607114 0.503229 0.458328 0.206712 0.0125456
0 0.676817 0.542534 0.603212 0.29679 0.0125356
0 0.521353 0.609448 0.286029 0.15225 0.0125348
0 0.162069 0.348536 0.324138 0.69052 0.012526
0 0.684868 0.832132 0.622436 0.287455 0.012521
0 0.285661 0.92347 0.571322 0.15306 0.0125141
0 0 0.0209763 0 0.0419526 0.0125102
0 0.842357 0.175855 0.312244 0.341751 0.0125023
0 0.0367564 0.739878 0.0735129 0.520244 0.012496
0 0.580046 0.453667 0.45908 0.119641 0.0124823
0 0.780663 0.875504 0.417732 0.239477 0.0124782
0 0.678413 0.676118 0.607733 0.386742 0.0124776
0 0.31697 0.097028 0.572428 0.194056 0.0124699
0 0.256447 0.137036 0.303318 0.26677 0.0124605
0 0.0645027 0.690225 0.129005 0.619551 0.0124566
0 0.732531 0.876012 0.531526 0.247976 0.0124435
0 0.855768 0.772098 0.288464 0.434578 0.0124403
0 0.72732 0.0880413 0.520387 0.176083 0.0124226
0 0.200186 0.861824 0.379675 0.216652 0.0124213
0 0.1344 0.0797484 0.268799 0.159497 0.0124188
0 0.885532 0.437378 0.228935 0.874756 0.0124179
0 0.544712 0.783726 0.876631 0.41799 0.0124079
0 1 0.274889 0 0.549777 0.0124057
0 0.819579 0.743689 0.360841 0.512623 0.0124052
0 0.333897 0.872754 0.357028 0.234567 0.0123991
0 0.583652 0.54251 0.411473 0.285744 0.0123892
0 0.173302 0.0933632 0.346603 0.186726 0.0123871
0 0.624776 0.229009 0.477536 0.458018 0.0123726
0 0.0637951 0.475229 0.12759 0.890074 0.0123725
0 0.406332 0.0968109 0.422159 0.193622 0.0123697
0 0.58576 0.417916 0.424677 0.0537588 0.0123647
0 0.141943 0.439954 0.283887 0.877884 0.0123602
0 0.112481 0.192318 0.224962 0.381428 0.0123544
0 0.428268 0.267474 0.449631 0.534947 0.0123469
0 0.679385 0.904372 0.616762 0.191256 0.0123405
0 0.106683 0.0826731 0.213365 0.165346 0.0123312
0 0.845997 0.652158 0.308007 0.695685 0.0123187
0 0.0781141 0.364669 0.156228 0.729337 0.0123166
0 0.623631 0.434167 0.379445 0.124773 0.0123147
0 0.170882 0.522268 0.341763 0.933035 0.01231
0 0.565863 0.391551 0.531956 0.291695 0.0123078
0 0.774861 0.0879691 0.450278 0.175938 0.012303
0 0.684634 0.70852 0.630732 0.58296 0.0122975
0 0.591249 0.450556 0.434371 0.174736 0.0122974
0 0.645978 0.772702 0.708044 0.454596 0.0122858
0 0.205801 0.801816 0.411601 0.322671 0.0122851
0 0.232207 0.629271 0.464414 0.741459 0.0122772
0 0.550555 0.271129 0.486445 0.481464 0.012273
0 0.458917 0.739635 0.674425 0.213279 0.0122693
0 0.835832 0.115238 0.328336 0.221327 0.0122692
0 0.132666 0.635281 0.265332 0.729439 0.0122634
0 0.82498 0.498314 0.35004 0.996627 0.0122622
0 0.238394 0.271228 0.378129 0.539868 0.0122528
0 0.373593 0.835402 0.715586 0.302864 0.0122401
0 0.839355 0.0452353 0.32129 0.0904707 0.0122388
0 0.203363 0.42925 0.406725 0.758631 0.012238
0 0.00724564 0.34806 0.0144913 0.69612 0.0122272
0 0.529606 0.385543 0.595953 0.395969 0.0122205
0 0.176855 0.626004 0.35371 0.48416 0.0122048
0 0.253063 0.791326 0.506126 0.203446 0.0122005
0 0.175082 0.711767 0.350165 0.576467 0.0121995
0 0.896747 0.216014 0.206505 0.425468 0.0121993
0 0.219913 0.766384 0.439826 0.163783 0.0121975
0 0.428649 0.626054 0.231658 0.204471 0.0121884
0 0.213704 0.694744 0.427407 0.278176 0.0121766
0 0.903099 0.338439 0.193803 0.262459 0.0121759
0 0.241538 0.383714 0.483075 0.73782 0.0121716
0 0.601064 0.350797 0.514041 0.268 0.0121632
0 0.198812 0.505336 0.397625 0.379752 0.0121593
0 0.701353 0.601528 0.597295 0.437826 0.0121569
0 0.315578 0.757396 0.53109 0.235659 0.0121564
0 0.10102 0.517424 0.202041 0.954146 0.0121564
0 0.204989 0.525398 0.395398 0.283632 0.012155
0 0.337188 0.351169 0.566939 0.656572 0.0121372
0 0.442123 0.598783 0.181056 0.18427 0.0121296
0 0.187928 0.554024 0.375855 0.320012 0.0121295
0 0.696233 0.439534 0.607535 0.736943 0.0121248
0 0.679038 0.334273 0.350997 0.214345 0.0121102
0 0.484658 0.363405 0.726587 0.592484 0.0121036
0 0.905454 0.26073 0.189092 0.306182 0.0121007
0 0.231249 0.638601 0.335343 0.217589 0.0121004
0 0.234224 0.567262 0.299295 0.20109 0.0120967
0 0.251455 0.657247 0.502911 0.444836 0.0120866
0 0.887874 0.117798 0.224101 0.22421 0.0120859
0 0.690631 0.72239 0.618739 0.487161 0.01207
0 0.379794 0.529835 0.484789 0.323539 0.012061
0 0.813513 0.414218 0.372973 0.668569 0.0120599
0 0.194882 0.609974 0.389763 0.30879 0.0120572
0 0.472995 0.301086 0.586893 0.602173 0.0120544
0 0.203245 0.650898 0.406489 0.259117 0.0120492
0 0.434829 0.559947 0.230666 0.254241 0.0120482
0 0.30294 0.873206 0.550868 0.235405 0.0120388
0 0.845338 0.350244 0.309325 0.276171 0.0120327
0 0.259437 0.600966 0.239149 0.173114 0.0120282
0 0.863305 0.217623 0.273391 0.409292 0.0120202
0 0.705854 0.476084 0.588292 0.32019 0.0120013
0 0.796401 0.203909 0.407198 0.394135 0.0119913
0 0.490456 0.542689 0.380971 0.291565 0.011987
0 0.675328 0.289127 0.508322 0.311518 0.0119628
0 0.89611 0.247107 0.207779 0.494215 0.0119625
0 0.476708 0.45064 0.7826 0.449729 0.0119059
0 0.452376 0.106152 0.101788 0.17446 0.00362608
0 0.473135 0.104764 0.140531 0.175128 0.003557
0 0.680432 0.15423 0.0894028 0.0582678 0.00342142
0 0.681038 0.146838 0.0891837 0.0398821 0.00340328
0 0.0731587 0.902527 0.089572 0.103317 0.00339673
0 0.0789302 0.786792 0.105109 0.0632332 0.003385
0 0.651733 0.910286 0.108221 0.151101 0.00329918
0 0 0.948884 0 0.102232 0.003299
0 0.37953 0.798125 0.217123 0.0466135 0.00329381
0 0.905995 0.790163 0.176846 0.0648127 0.00327818
0 0.202013 0.872325 0.125852 0.0824211 0.00324316
0 0.0694015 0.0571747 0.138475 0.101951 0.00323419
0 0.0491581 0.566387 0.0702572 0.259558 0.00323157
0 0.863583 0.792044 0.2547 0.0686531 0.0032267
0 0.446017 0.66057 0.128488 0.0598787 0.00322513
0 0.0188274 0.926203 0.0356502 0.144464 0.00322116
0 0.652022 0.409292 0.313504 0.0261486 0.00322081
0 0 0.0615858 0 0.123172 0.00321915
0 0.611241 0.410931 0.395707 0.0303156 0.00321883
0 0.999979 0.0724079 4.19754e-05 0.144816 0.00321681
0 0.847892 0.761309 0.296493 0.128483 0.00321424
0 0.264043 0.793588 0.212164 0.0558948 0.00320283
0 0 0.711005 0 0.202185 0.00319665
0 0.200883 0.787182 0.10502 0.0623955 0.00319591
0 0.414266 0.114313 0.0363922 0.14595 0.00319581
0 0 0.762321 0 0.189546 0.00319277
0 0.326787 0.926084 0.11265 0.129445 0.00319191
0 0.13958 0.950887 0.25499 0.0982261 0.00319001
0 0 0.399658 0 0.219651 0.00318812
0 0.0555984 0.543175 0.0411368 0.2244 0.00318805
0 0.459259 0.436979 0.15337 0.0734943 0.00318679
0 0.44411 0.949937 0.281094 0.0781414 0.0031867
0 0.435976 0.449992 0.107365 0.095669 0.00318627
0 0.846427 0.911645 0.207009 0.121491 0.003186
0 0 0.528138 0 0.210136 0.003186
0 0 0.341323 0 0.231317 0.00318424
0 0 0.646189 0 0.240068 0.00318419
0 0.999269 0.953656 0.00146264 0.0926888 0.00318108
0 0.0486667 0.626561 0.0742096 0.139447 0.00318036
0 0 0.451956 0 0.216577 0.00317942
0 0.145693 1 0.291386 0 0.00317884
0 0 0.59726 0 0.2273 0.00317809
0 0.42282 0.106649 0.0638666 0.15652 0.00317776
0 0.136912 0.787015 0.236886 0.0657414 0.00317756
0 0 0.282074 0 0.248245 0.00317709
0 0.792138 0.795799 0.401852 0.0758257 0.00317657
0 0.406416 0.793507 0.228772 0.0540167 0.00317654
0 0.679134 0.134562 0.0997528 0.0672156 0.00317633
0 0.296905 0.798246 0.225393 0.0471487 0.00317606
0 0.348167 0.0741607 0.184837 0.134814 0.00317479
0 0.523213 0.801347 0.370768 0.0932062 0.00317272
0 0.444134 0.627259 0.12343 0.120912 0.00317063
0 0.373488 0.842889 0.262219 0.153832 0.00317041
0 0.568294 0.102713 0.10964 0.171663 0.00316957
0 0.0641541 0.0771809 0.126111 0.142208 0.00316734
0 0.204481 0.762103 0.364316 0.133431 0.00316513
0 0.55127 0.423278 0.365526 0.0503554 0.00316509
0 0.381212 0.313302 0.130914 0.0349976 0.00316336
0 0.0267506 0.497896 0.0195911 0.0812695 0.00316311
0 0.999988 0.0507053 2.31361e-05 0.101411 0.00316105
0 0 0.0459634 0 0.0919268 0.00315765
0 0.748293 0.142955 0.271578 0.0513636 0.00315672
0 0.326268 0.789221 0.334467 0.0653671 0.00315669
0 0.617632 1 0.456168 0 0.00315629
0 0.653187 0.413722 0.389861 0.0832155 0.00315536
0 0.487557 0.303867 0.266249 0.0437397 0.00315111
0 0.624613 0.157956 0.202802 0.0797497 0.00315
0 0.862027 0.884743 0.205457 0.169596 0.00314984
0 0.0581677 0.51697 0.0638493 0.260063 0.00314937
0 0.903603 0.627978 0.180176 0.127538 0.00314768
0 0.0280513 0.518487 0.0242881 0.114541 0.00314742
0 0.308757 0.0695362 0.23661 0.127784 0.00314641
0 0.738537 1 0.508019 0 0.00314639
0 0.0377044 0.620446 0.0552517 0.138864 0.00314614
0 0.77061 0.742589 0.445981 0.094796 0.00314403
0 0.0633823 0.645612 0.113099 0.195415 0.00314358
0 0.644127 0.122588 0.172945 0.103246 0.00314163
0 0.820191 1 0.359617 0 0.00314088
0 0.329178 0.798709 0.136726 0.0460731 0.00314085
0 0.998202 0.847041 0.00359601 0.305917 0.0031407
0 0.942582 0.944697 0.114837 0.110606 0.00314035
0 0.204338 0.825989 0.120519 0.141021 0.00313922
0 0.75716 0.930284 0.0991072 0.118067 0.00313913
0 0.353169 0.0839048 0.127109 0.146399 0.00313822
0 0.336115 0.753797 0.364534 0.130688 0.00313809
0 0.894617 0.58659 0.200604 0.14191 0.0031377
0 0.514969 0.425651 0.275025 0.0516462 0.00313748
0 0.0575922 0.592428 0.0899497 0.32237 0.0031373
0 0.997931 0.434401 0.00413849 0.393498 0.00313722
0 0.130616 0.9732 0.261233 0.0535998 0.003137
0 0.140239 0.990488 0.280479 0.0190233 0.00313682
0 0.839292 0.808426 0.284549 0.0969044 0.00313629
0 0.616883 0.367592 0.391039 0.117535 0.00313628
0 0.482942 0.439333 0.207926 0.084666 0.00313584
0 0.0734303 0.417476 0.0938973 0.446525 0.00313546
0 0.305386 0.738744 0.406852 0.0912647 0.00313517
0 0.394847 0.947252 0.245223 0.103481 0.00313503
0 0.577437 1 0.518777 0 0.00313423
0 0.604298 0.906122 0.254148 0.187755 0.00313331
0 0.93606 0.269912 0.12788 0.240544 0.00313177
0 0.438505 0.98169 0.349369 0.0366192 0.00313062
0 0.997901 0.369459 0.00419821 0.355149 0.00313044
0 0.772119 0.0578601 0.355587 0.105542 0.00313036
0 0.478473 0.788228 0.231446 0.0635181 0.00313033
0 0.31207 1 0.555717 0 0.00313024
0 0.824315 0.7368 0.343425 0.0823179 0.0031297
0 0 0.0800374 0 0.158969 0.00312916
0 0.787444 0.534904 0.322233 0.0485369 0.00312909
0 0.381813 0.095427 0.0674098 0.146975 0.00312908
0 0.191404 0.743929 0.382808 0.0972853 0.0031288
0 0.653504 0.538206 0.415186 0.0428722 0.00312804
0 0.847682 0.945413 0.258934 0.0957466 0.0031278
0 0.0564841 0.284673 0.112968 0.233681 0.00312754
0 0.865198 0.584027 0.238254 0.159933 0.00312747
0 0.455785 0.0912276 0.249606 0.167368 0.00312702
0 0.145755 0.562859 0.186151 0.102258 0.00312687
0 0.18715 0.864025 0.156151 0.098661 0.00312657
0 0.142642 0.440496 0.209726 0.109108 0.00312647
0 0.753067 0.13603 0.258767 0.0801653 0.00312601
0 0.9288 0.0591357 0.138606 0.105193 0.00312591
0 0.000874454 0.769039 0.00174891 0.257195 0.00312582
0 1 0.699572 0 0.267161 0.00312565
0 0.816335 0.611709 0.343113 0.132673 0.00312554
0 0.554152 0.431081 0.332495 0.0939026 0.00312547
0 0.887958 0.057934 0.223818 0.10432 0.00312437
0 0.949973 0.0818302 0.0968862 0.131829 0.00312407
0 0.228684 1 0.457368 0 0.00312379
0 0.998238 0.529438 0.00352351 0.288267 0.00312357
0 0.920221 0.304801 0.156919 0.1816 0.00312268
0 0.262654 0.789913 0.441969 0.0701263 0.00312229
0 0.490041 0.227928 0.26346 0.194372 0.0031213
0 0.33268 0.936894 0.237467 0.126211 0.00312103
0 0.815994 0.676874 0.360128 0.173385 0.00312092
0 0.320068 0.459378 0.125117 0.112649 0.00312082
0 0.426737 0.867643 0.294758 0.083078 0.0031203
0 0.585413 0.430197 0.421543 0.0625542 0.00312007
0 0.267477 0.0643479 0.210834 0.117445 0.00311981
0 0.209819 0.0584008 0.184325 0.104808 0.00311963
0 0.453075 0.526852 0.141699 0.23762 0.00311848
0 0.244147 0.198676 0.488293 0.397353 0.0202143
0 0.363724 0.658186 0.727448 0.683628 0.0200098
0 0.242509 0.399147 0.485017 0.798293 0.0189232
0 0.258287 0.529776 0.516574 0.809791 0.0185226
0 0.448657 0.582796 0.897313 0.834407 0.0182534
0 0.331569 0.153122 0.663138 0.306244 0.0182266
0 0.327887 0.309777 0.655774 0.619554 0.0181712
0 0.410377 0.350274 0.820753 0.700547 0.0180375
0 0.403798 0.453737 0.807597 0.824935 0.0180238
0 0.562612 0.693517 0.874777 0.520893 0.0179632
0 0.821538 0.546643 0.356925 0.896334 0.0178915
0 0.555181 0.785446 0.886747 0.324953 0.0177547
0 0.331614 0.255326 0.663229 0.510652 0.0175042
0 0.439496 0.692006 0.878991 0.615987 0.0174574
0 0.274835 0.607073 0.549669 0.785853 0.0173888
0 0.590552 0.209011 0.818896 0.418021 0.0173161
0 0.246057 0.230348 0.492114 0.460696 0.017253
0 0.230875 0.180976 0.46175 0.361952 0.0170466
0 0.458387 0.368486 0.916775 0.684594 0.0169656
0 0.554224 0.30114 0.891552 0.60228 0.0162381
0 0.421515 0.614192 0.84303 0.771616 0.0162053
0 0.453838 0.514472 0.907676 0.573383 0.0161389
0 0.610198 0.16846 0.779604 0.33692 0.0160707
0 0.926127 0.620551 0.147745 0.758897 0.0159791
0 0.825071 0.396059 0.349858 0.792118 0.0157325
0 0.301516 0.712436 0.603032 0.575128 0.0153946
0 0.484169 0.652814 0.872396 0.265699 0.0152372
0 0.5 0.590782 1 0.52612 0.0152337
0 0.5 0.627118 1 0.353678 0.0151257
0 0.230654 0.247665 0.461309 0.49533 0.0150825
0 0.36472 0.394044 0.72944 0.788087 0.015051
0 0.328632 0.120876 0.657264 0.241752 0.0149908
0 0.977229 0.639523 0.0455413 0.720953 0.0145056
0 0.444419 0.124219 0.888837 0.213964 0.014284
0 0.550139 0.129224 0.899721 0.258449 0.0142225
0 0.613656 0.754523 0.76473 0.236223 0.0141841
0 0.592729 0.257958 0.814542 0.515915 0.0141442
0 0.5 0.141921 1 0.283842 0.0140489
0 0.527284 0.390459 0.945431 0.780918 0.0139793
0 0.5 0.32344 1 0.64688 0.0139042
0 0.605004 0.751977 0.789993 0.496047 0.0137896
0 0.0484065 0.919275 0.096813 0.16145 0.0137213
0 0.323522 0.229471 0.647044 0.458942 0.0137124
0 0.395735 0.17973 0.79147 0.359461 0.0134783
0 0.475471 0.127777 0.950942 0.255555 0.0134524
0 0.584078 0.173534 0.831843 0.347068 0.0133428
0 0.557071 0.273813 0.885858 0.547626 0.0133178
0 0.086833 0.694945 0.173666 0.610111 0.0131457
0 0.250869 0.12654 0.501738 0.253079 0.0131003
0 0.166472 0.670875 0.332944 0.658251 0.0130912
0 0.190445 0.201745 0.38089 0.40349 0.0130582
0 0.376701 0.136829 0.753403 0.273659 0.0130294
0 0.240199 0.647858 0.480397 0.704283 0.0129383
0 0.0680738 0.899548 0.136148 0.200904 0.0127454
0 0.952548 0.344203 0.0949036 0.688406 0.0126881
0 0.30583 0.747729 0.61166 0.504543 0.0126823
0 0.902352 0.371934 0.195297 0.743868 0.0126771
0 0.999167 0.914212 0.00166646 0.171576 0.0126543
0 0.0115629 0.916697 0.0231258 0.166605 0.0126505
0 0.996049 0.170908 0.00790207 0.341816 0.0125738
0 0.982791 0.27517 0.0344183 0.55034 0.0124585
0 0.544571 0.740969 0.910859 0.518062 0.0124544
0 1 0.756873 0 0.486255 0.01238
0 1 0.114958 0 0.229916 0.0123169
0 0.5 0.750893 1 0.498214 0.0122724
0 0.994412 0.682405 0.0111763 0.635189 0.0122558
0 0.882513 0.0357201 0.234973 0.0714401 0.0122501
0 0.876577 0.303687 0.246845 0.607375 0.012199
0 0.655833 0.907457 0.116451 0.16025 0.0121736
0 1 0.695482 0 0.609036 0.0121714
0 0.46624 0.269398 0.932479 0.538796 0.0121706
0 0.998568 0.878307 0.00286314 0.243386 0.0121613
0 0.627787 0.0832543 0.739252 0.166509 0.0121428
0 0.679153 0.617952 0.641695 0.40992 0.0121231
0 0.0992419 0.143007 0.198484 0.286014 0.0120958
0 0.579622 0.655784 0.840755 0.323317 0.0120936
0 0.0517179 0.161244 0.103436 0.322489 0.0120656
0 0.171895 0.140527 0.34379 0.281054 0.0120284
0 0.959624 0.603904 0.0807528 0.792192 0.0120182
0 1 0.0129188 0 0.0258376 0.0119667
0 0.581022 0.474352 0.837956 0.800524 0.0119433
0 0.297226 0.892263 0.594452 0.198447 0.0119084
0 0.20874 0.774857 0.417479 0.450287 0.0118851
0 0.297295 0.841861 0.594589 0.316279 0.0118445
0 0.746497 0.389528 0.507007 0.779056 0.01184
0 0.513076 0.490681 0.973847 0.62658 0.0118243
0 0.82059 0.642396 0.358821 0.715208 0.0117801
0 0.686344 0.538271 0.627313 0.489879 0.0117659
0 0.0665817 0.892673 0.133163 0.185876 0.0117524
0 0.702744 0.116684 0.594513 0.233368 0.0117313
0 0.872502 0.897518 0.249048 0.169427 0.0116988
0 0.683323 0.904354 0.166767 0.167179 0.011695
0 0.718609 0.877083 0.562782 0.245834 0.0116904
0 0.306905 0.829704 0.613811 0.340592 0.0116292
0 0.886476 0.915333 0.221468 0.169333 0.0116172
0 0.278228 0.907682 0.556457 0.184636 0.0116039
0 0.911741 0.55211 0.176517 0.88715 0.0116017
0 0.326264 0.789359 0.652527 0.421283 0.0116005
0 0.555493 0.581774 0.889015 0.618434 0.0114869
0 0.615139 0.83713 0.769723 0.288978 0.0114835
0 0.302616 0.906141 0.605232 0.187718 0.0114622
0 0.854768 0.91504 0.286907 0.169921 0.0114279
0 0.601131 0.813308 0.797738 0.373384 0.0114272
0 0.551517 0.909525 0.61018 0.18095 0.0114215
0 0.826808 0.752297 0.346385 0.495406 0.0113328
0 0.768528 0.904486 0.462944 0.191028 0.0113185
0 0.783694 0.903864 0.397283 0.176984 0.0112809
0 0.367071 0.774794 0.734141 0.450413 0.0112792
0 0.668286 0.174206 0.663429 0.348413 0.0112784
0 0.703075 0.909937 0.552411 0.180126 0.0112475
0 0.5 0.509495 1 0.848131 0.0111801
0 0.671067 0.791599 0.657866 0.416802 0.0111681
0 0.83837 0.890392 0.322257 0.219217 0.0111566
0 0.763787 0.694761 0.472425 0.610477 0.0111328
0 0.854996 0.914908 0.290007 0.170184 0.0111032
0 0.134447 0.883026 0.268894 0.21791 0.0111016
0 0.769543 0.843371 0.460914 0.313258 0.0110631
0 0.598857 0.3828 0.802285 0.725387 0.0110458
0 0.789563 0.787401 0.420875 0.413609 0.0110359
0 0.297386 0.912495 0.594772 0.17501 0.0110192
0 0.349045 0.910373 0.480103 0.161627 0.0108314
0 0.804217 0.819003 0.391566 0.361994 0.010808
0 0.300847 0.907217 0.601693 0.185566 0.0108013
0 0.168248 0.91116 0.336496 0.17768 0.0107467
0 0.53237 0.910984 0.36945 0.160182 0.0106101
0 0.0652733 0.901337 0.130547 0.172233 0.0106073
0 0.610411 0.909369 0.219743 0.156775 0.010354
0 0.525187 0.111207 0.242701 0.190259 0.00520326
0 0.00195115 0.873501 0.00390229 0.252997 0.00404858
0 0.064857 0.849511 0.129714 0.214811 0.00400988
0 0.0648688 0.902593 0.129738 0.17257 0.00400554
0 0 0.0559472 0 0.111894 0.0038176
0 0.590765 0.712885 0.404814 0.213155 0.00379456
0 0.466134 0.913851 0.284707 0.172299 0.00375862
0 0.439786 0.857956 0.34494 0.279187 0.00374861
0 0.861549 0.856777 0.276903 0.266206 0.00372636
0 0.314251 0.193272 0.440555 0.229245 0.00371434
0 0.839844 0.0692927 0.320312 0.138585 0.00358067
0 0.21753 0.480451 0.332823 0.16684 0.0035483
0 0.20359 0.56767 0.339503 0.190744 0.00354676
0 0.57746 0.431803 0.345669 0.0496627 0.00353165
0 0.559757 0.442248 0.359564 0.101489 0.00352829
0 0.284314 0.220572 0.428386 0.216422 0.00351874
0 0.773433 0.731514 0.453133 0.24772 0.00350746
0 0.224173 0.672767 0.448346 0.190639 0.00349623
0 0.231713 0.52301 0.338937 0.187044 0.00347958
0 0.368067 0.171908 0.478566 0.193821 0.00346621
0 0.529551 0.0967481 0.199121 0.165847 0.00344265
0 0.859154 0.923603 0.281691 0.139451 0.00344119
0 0.555421 0.55687 0.340756 0.141905 0.00343473
0 0.398557 0.832334 0.428265 0.253544 0.00343454
0 0.675467 0.303773 0.378349 0.189157 0.00343121
0 0.357275 0.122213 0.364102 0.172896 0.00342922
0 0.0677275 0.811716 0.127255 0.116309 0.00342552
0 0.593227 0.312861 0.486033 0.181724 0.00341283
0 0.0688994 0.85857 0.137799 0.213658 0.00339346
0 0.652462 0.875815 0.110978 0.226578 0.00339309
0 0.574942 0.338807 0.364058 0.212221 0.00339306
0 0.737836 0.0757406 0.308478 0.151481 0.00339079
0 0.189108 0.463087 0.317354 0.126781 0.00338984
0 0.370743 0.238735 0.51191 0.198945 0.0033865
0 0.549666 0.68672 0.402098 0.189109 0.00338465
0 0.853206 0.724288 0.293588 0.192257 0.00338014
0 0.4 0.895736 0.304387 0.15992 0.00337884
0 0.532243 0.274439 0.506319 0.182977 0.00337285
0 0.374141 0.151155 0.404241 0.168108 0.00336822
0 1 0.959204 0 0.081591 0.00336724
0 0.456072 0.217644 0.448067 0.169865 0.00336631
0 0.145963 0.830317 0.246117 0.184486 0.00336466
0 0.552908 0.587252 0.328557 0.185485 0.00335517
0 0.194335 0.891897 0.142984 0.181949 0.00334196
0 0.539413 0.232456 0.524591 0.200219 0.00333326
0 0.535521 0.0856535 0.25965 0.152265 0.00332353
0 0.704445 0.563122 0.421081 0.105389 0.00331619
0 0.680056 0.546359 0.368772 0.0573431 0.00331586
0 0.742036 0.0873139 0.285414 0.170787 0.00331487
0 0.547869 0.381313 0.377281 0.206379 0.00331462
0 0.327007 0.1507 0.347159 0.220304 0.00331325
0 0.595432 0.749642 0.382732 0.149011 0.00331243
0 0.597696 0.279515 0.477844 0.2104 0.00331136
0 0.18254 0.572427 0.315434 0.110896 0.00331119
0 0.485455 0.684207 0.428274 0.199286 0.00330749
0 0.307977 0.695767 0.486237 0.122242 0.00330251
0 0.304556 0.108578 0.34202 0.203968 0.00330113
0 0.215908 0.416939 0.323052 0.126689 0.00329747
0 0.00127637 0.935492 0.00255274 0.129016 0.00329608
0 0.222704 0.382259 0.361351 0.202839 0.00329364
0 0.149365 0.822976 0.29873 0.148877 0.00329342
0 0.441576 0.068556 0.452446 0.137112 0.00329152
0 0.127165 0.598512 0.25433 0.199426 0.00329008
0 0.223799 0.444095 0.318999 0.135235 0.00327988
0 0.617033 0.789413 0.185602 0.0751125 0.0032747
0 0.998419 0.471832 0.00316237 0.193017 0.00327319
0 0.569127 0.787642 0.27958 0.0764452 0.00327211
0 0.459101 0.711588 0.43641 0.181455 0.00327072
0 0.0643825 0.928798 0.128765 0.13875 0.00327066
0 0.64914 0.261133 0.447138 0.18581 0.00326775
0 0.437225 0.0925827 0.36239 0.185165 0.003264
0 0.530459 0.211729 0.427211 0.176881 0.00326253
0 0.230956 0.110748 0.350985 0.190903 0.00325533
0 0.618615 0.39677 0.382905 0.170843 0.00325429
0 0.528549 0.708741 0.331064 0.17813 0.00325361
0 0.745027 0.727417 0.364666 0.191002 0.003252
0 0.621274 0.085416 0.381286 0.15838 0.00325124
0 0.381361 0.918943 0.232113 0.159629 0.00324945
0 0.825192 0.696723 0.349616 0.111003 0.00324803
0 0.248351 0.0700111 0.312098 0.140022 0.00324799
0 0.837319 0.712168 0.321335 0.0709866 0.00324493
0 0.998781 0.0564517 0.00243788 0.112903 0.00324067
0 0.584946 0.717104 0.294681 0.181902 0.00323865
0 0.00162296 0.752593 0.00324593 0.270635 0.00323847
0 0.626357 0.686982 0.362193 0.178822 0.00323764
0 0.675131 0.230806 0.404665 0.19656 0.00323697
0 0.453501 0.824199 0.306679 0.181841 0.00323559
0 0.400026 0.812357 0.305305 0.253504 0.00323311
0 0.873382 0.0770761 0.253236 0.154152 0.00323225
0 0.144373 0.0724599 0.288746 0.14492 0.00323218
0 0.452751 0.662141 0.146584 0.063097 0.00323159
0 0.576716 0.866786 0.266852 0.266429 0.00322969
0 0.000838294 0.699987 0.00167659 0.263441 0.00322668
0 0.399398 0.872345 0.306742 0.241619 0.00321927
0 0.368837 0.371719 0.393008 0.188168 0.0032183
0 0.33131 0.92644 0.127063 0.144115 0.00321829
0 0.441164 0.686365 0.46836 0.125364 0.00321695
0 0.879772 0.332362 0.240072 0.149542 0.00321623
0 0.655174 0.787401 0.11445 0.0712803 0.00321348
0 0.45322 0.132066 0.35572 0.162918 0.00321341
0 0.001966 0.8138 0.003932 0.341453 0.00320988
0 0.144146 0.636526 0.288292 0.200055 0.00320968
0 0.866891 0.764101 0.266218 0.102402 0.00320892
0 0.849494 0.54122 0.301013 0.0573137 0.00320379
0 0.5577 0.550994 0.345451 0.0805876 0.00320336
0 0 0.0197404 0 0.0394809 0.0032033
0 0.63095 0.349423 0.470223 0.187497 0.00320063
0 0.876063 0.836739 0.247874 0.19824 0.00320044
0 0.79613 0.710516 0.40774 0.0800214 0.00320022
0 0.412055 0.196143 0.494494 0.206925 0.00319814
0 0.230795 0.418645 0.310494 0.167612 0.00319684
0 0.179517 0.535074 0.320488 0.0926545 0.00319655
0 0.840109 0.82184 0.319782 0.226622 0.0031956
0 0.105743 0.562201 0.211486 0.21326 0.00319369
0 0.60404 0.665136 0.427398 0.220672 0.00319334
0 0.10687 0.60456 0.213739 0.217504 0.00319002
0 0.850186 0.944835 0.27003 0.0938122 0.00318452
0 0.717589 0.56603 0.302244 0.0851158 0.00318218
0 0.187273 0.816971 0.157456 0.182043 0.00318155
0 0.998429 0.420892 0.00314144 0.197243 0.00318115
0 0.12951 0.260573 0.25902 0.239938 0.00318055
0 0.189939 0.694097 0.379877 0.226908 0.00317925
0 0.279963 0.335402 0.483811 0.177841 0.00317838
0 0.00143058 0.349686 0.00286117 0.276058 0.00317761
0 0.880379 0.188082 0.239243 0.181095 0.00317524
0 0.917528 0.916311 0.164945 0.167377 0.00317315
0 0.444672 0.925416 0.310871 0.149167 0.00316939
0 0.575588 0.525304 0.45497 0.108409 0.00316897
0 0.403601 0.687744 0.471592 0.187042 0.0031672
0 0.269057 0.0927298 0.344209 0.18546 0.00316608
0 0.998001 0.567372 0.00399879 0.200554 0.00316436
0 0.625527 0.513258 0.466071 0.128133 0.00316423
0 0.125882 0.685299 0.251764 0.139495 0.00316281
0 0.742337 0.295141 0.36133 0.189322 0.00315919
0 0.0678653 0.9371 0.127247 0.117566 0.00315624
0 0.721631 0.542883 0.275722 0.0434138 0.00315594
0 0.602035 0.422431 0.364751 0.0798492 0.00315593
0 0.545463 0.0514441 0.261895 0.0867924 0.00315491
0 0.389967 0.838251 0.32033 0.17184 0.00315466
0 0.138661 0.905592 0.277322 0.188816 0.00315443
0 0.76902 0.706785 0.461961 0.110062 0.00315283
0 0.000480404 0.650281 0.000960808 0.268257 0.00315255
0 0.652719 0.775079 0.338842 0.0740795 0.00315001
0 0.482126 0.867184 0.241546 0.262622 0.0031464
0 0.499851 0.666852 0.32327 0.0718019 0.00314538
0 0.239872 0.703527 0.479743 0.23742 0.00314429
0 0.998086 0.515858 0.00382759 0.198802 0.00314162
0 0.428632 0.661286 0.119372 0.0736182 0.00313998
0 0.679751 0.0879899 0.303427 0.155567 0.00313918
0 0.191607 0.441026 0.323242 0.0926795 0.00313781
0 0 0.0887484 0 0.177497 0.00313578
0 0 0.0365341 0 0.0730682 0.00313333
0 0.998069 0.614586 0.00386196 0.195987 0.00313329
0 0.832072 0.784229 0.335856 0.0760212 0.00313311
0 0.424949 0.155027 0.338858 0.282875 0.00313204
0 0.493705 0.849965 0.210361 0.203384 0.00313045
0 0.130301 0.216732 0.260602 0.198699 0.00312704
0 0.167236 0.811149 0.334472 0.125918 0.0031256
0 0.262122 0.825063 0.464095 0.210997 0.00312529
0 0.879934 0.234586 0.240133 0.191543 0.00312367
0 0.276806 0.728126 0.504919 0.193174 0.00312311
0 0.00239343 0.957539 0.00478685 0.0849222 0.00312292
0 0.512733 0.570236 0.284454 0.107307 0.00312176
0 0.393579 0.718972 0.482692 0.174551 0.00311886
0 0.57483 0.55128 0.421121 0.169864 0.00311484
0 0.998376 0.665046 0.00324841 0.205536 0.00311072
0 0.168321 0.546187 0.31198 0.141223 0.0031102
0 0.208327 0.32852 0.331797 0.151691 0.0031097
0 0.69354 0.715803 0.513986 0.132924 0.00310905
0 0.78238 0.0628293 0.338299 0.125659 0.00310755
0 0.000637075 0.414109 0.00127415 0.252569 0.00310644
0 0.634758 0.539786 0.496373 0.165586 0.0031062
0 0.000277375 0.593579 0.000554749 0.262161 0.00310609
0 0.412115 0.606476 0.493031 0.589146 0.0137051
0 0.40679 0.494835 0.343053 0.420039 0.0135383
0 0.855166 0.22083 0.289667 0.350693 0.0133511
0 0.354039 0.4553 0.312851 0.336463 0.0133504
0 0.364028 0.535135 0.427976 0.45076 0.0132095
0 0.767038 0.382145 0.247169 0.307943 0.0132016
0 0.828031 0.283381 0.292813 0.284741 0.0131149
0 0.61905 0.587045 0.518182 0.499119 0.0130262
0 0.48335 0.340748 0.26229 0.261661 0.0129396
0 0.469525 0.532687 0.377309 0.514886 0.0129328
0 0.81841 0.581085 0.36318 0.37334 0.012923
0 0.101167 0.33396 0.202333 0.40415 0.0129218
0 0.770988 0.28666 0.254535 0.26538 0.012919
0 0.489187 0.621776 0.532862 0.639668 0.012915
0 0.152437 0.329668 0.272646 0.265457 0.0128964
0 0.152347 0.380814 0.278584 0.282535 0.0128077
0 0.867257 0.46627 0.265486 0.371395 0.0127834
0 0.53839 0.292434 0.258054 0.279977 0.0127556
0 0.148212 0.277049 0.27499 0.298323 0.0127376
0 0.416471 0.396558 0.296611 0.29446 0.0127306
0 0.0937875 0.22997 0.187575 0.390178 0.0126923
0 0.780499 0.530856 0.312131 0.289335 0.01267
0 0.253763 0.331942 0.247269 0.248066 0.0126518
0 0.716787 0.468814 0.272157 0.294733 0.0126439
0 0.813008 0.724191 0.373984 0.521306 0.0126427
0 0.469599 0.402215 0.290994 0.317892 0.0126253
0 0.248556 0.2856 0.242203 0.246094 0.0126155
0 0.0882531 0.42959 0.176506 0.315935 0.0126031
0 0.864071 0.37121 0.269453 0.287757 0.0125893
0 0.823215 0.378994 0.274869 0.307561 0.01258
0 0.297087 0.453613 0.29474 0.346412 0.0125747
0 0.0848229 0.489177 0.169646 0.31461 0.0125699
0 0.363193 0.337147 0.264861 0.242474 0.0125509
0 0.0739853 0.49323 0.147971 0.375972 0.0125498
0 0.867557 0.325054 0.260196 0.241263 0.0125393
0 0.562306 0.584533 0.543 0.584824 0.0125278
0 0.668262 0.289201 0.246189 0.271807 0.01247
0 0.426468 0.597451 0.632935 0.509534 0.0124551
0 0.666339 0.476971 0.339236 0.325272 0.0124533
0 0.357599 0.393193 0.279193 0.271185 0.012436
0 0.42742 0.334604 0.285803 0.260388 0.0124336
0 0.717897 0.204315 0.239258 0.261408 0.0124326
0 0.0827855 0.435948 0.165571 0.404304 0.0124195
0 0.719534 0.537314 0.300405 0.310855 0.0124188
0 0.725683 0.287471 0.245807 0.268643 0.0124038
0 0.606778 0.43485 0.360126 0.334472 0.012403
0 0.129837 0.897788 0.259674 0.204424 0.0123926
0 0.115261 0.648542 0.230523 0.424863 0.0123898
0 0.300639 0.390557 0.261054 0.27108 0.0123817
0 0.870641 0.559176 0.258718 0.393378 0.012377
0 0.860851 0.414819 0.278298 0.347031 0.0123769
0 0.835394 0.159375 0.315248 0.31875 0.0123614
0 0.727828 0.332536 0.258921 0.277585 0.0123608
0 0.212297 0.333104 0.232365 0.26351 0.0123292
0 0.582192 0.902162 0.30713 0.195677 0.0122784
0 0.20464 0.283672 0.248266 0.27292 0.0122724
0 0.661467 0.211815 0.242838 0.24258 0.0122657
0 0.251103 0.141244 0.237161 0.269351 0.0122618
0 0.30013 0.336241 0.249085 0.237803 0.0122618
0 0.201926 0.236988 0.257777 0.294521 0.0122512
0 0.901089 0.40948 0.197821 0.296214 0.0122487
0 0.843467 0.586025 0.313065 0.377327 0.0122424
0 0.657531 0.550193 0.39491 0.374979 0.0122422
0 0.295279 0.292262 0.253906 0.24088 0.0122338
0 0.520853 0.640998 0.866919 0.602274 0.0122198
0 0.245719 0.238145 0.236153 0.265673 0.0122159
0 0.723776 0.410914 0.269683 0.298515 0.0122126
0 0.182575 0.881007 0.230071 0.237986 0.0122059
0 0.871809 0.72597 0.256383 0.363065 0.0121856
0 0.540523 0.338415 0.267099 0.256162 0.0121746
0 0.527312 0.398619 0.309878 0.323675 0.0121744
0 0.669954 0.335831 0.266838 0.286712 0.0121623
0 0.759548 0.476342 0.260664 0.28343 0.0121504
0 0.0615616 0.905779 0.123123 0.188442 0.0121378
0 0.247966 0.189755 0.235465 0.266396 0.0121334
0 0.253942 0.389128 0.254632 0.284445 0.0121292
0 0.101463 0.329112 0.202926 0.311121 0.0121267
0 0.720955 0.152168 0.237349 0.298088 0.0121143
0 0.0802351 0.569104 0.16047 0.376058 0.0121064
0 0.319853 0.914647 0.267651 0.170707 0.0121031
0 0.856935 0.70994 0.286131 0.537883 0.0120898
0 0.911355 0.721413 0.17729 0.448969 0.0120812
0 0.263419 0.111999 0.251483 0.223998 0.0120659
0 0.918042 0.513433 0.163916 0.342634 0.012059
0 0.330767 0.115114 0.198169 0.230229 0.0120504
0 0.775762 0.740386 0.447256 0.327377 0.0120389
0 0.756248 0.590968 0.372225 0.391957 0.0120357
0 0.249155 0.915811 0.268726 0.168377 0.0120171
0 0.743642 0.755384 0.495849 0.428848 0.0120171
0 0.544093 0.48901 0.388024 0.444991 0.0120139
0 0.825258 0.743614 0.349485 0.288234 0.0120097
0 0.899903 0.314819 0.200194 0.246568 0.0120016
0 0.775647 0.734595 0.448705 0.53081 0.0119984
0 0.298712 0.239724 0.248741 0.276541 0.0119898
0 0.23888 0.887649 0.260827 0.224702 0.0119892
0 0.430405 0.915936 0.276527 0.168129 0.0119761
0 0.538668 0.909568 0.307869 0.180865 0.0119751
0 0.133987 0.903028 0.267974 0.193944 0.0119744
0 0.90958 0.633662 0.180839 0.454913 0.0119719
0 0.208688 0.390618 0.241265 0.301081 0.0119583
0 0.514771 0.234269 0.261628 0.297751 0.0119525
0 0.103752 0.501002 0.207505 0.322207 0.0119486
0 0.720286 0.120792 0.272043 0.241585 0.0119325
0 0.842204 0.529585 0.315593 0.310006 0.0119269
0 0.69143 0.833386 0.463398 0.333228 0.0119237
0 0.663929 0.119053 0.242968 0.238106 0.0119228
0 0.0995075 0.583233 0.199015 0.398143 0.0119211
0 0.118058 0.847302 0.236116 0.305397 0.0119145
0 0.952289 0.498703 0.0954228 0.307899 0.0119091
0 0.664183 0.152309 0.230091 0.281085 0.0119046
0 0.901679 0.832357 0.196642 0.335287 0.0119005
0 0.777864 0.853105 0.413452 0.29188 0.0118968
0 0.670517 0.414907 0.319903 0.305272 0.0118888
0 0.886366 0.21533 0.227268 0.375222 0.0118873
0 0.590304 0.109402 0.277038 0.218804 0.0118794
0 0.199988 0.145886 0.263796 0.291772 0.0118783
0 0.949874 0.443587 0.100253 0.275932 0.0118583
0 0.261533 0.549857 0.411615 0.513034 0.0118581
0 0.946231 0.380889 0.107538 0.211198 0.0118569
0 0.249714 0.463829 0.269728 0.385026 0.0118558
0 0.901873 0.156928 0.196253 0.313857 0.0118474
0 0.93113 0.893287 0.13774 0.213427 0.0118444
0 0.470285 0.111076 0.227058 0.222151 0.0118416
0 0.768184 0.191248 0.268853 0.3001 0.0118332
0 0.601732 0.334836 0.270864 0.275764 0.0118221
0 0.375425 0.913575 0.256307 0.172851 0.0118115
0 0.086432 0.862982 0.172864 0.274037 0.0117976
0 0.365936 0.288473 0.287196 0.257455 0.0117924
0 0.593247 0.387713 0.321469 0.315081 0.0117812
0 0.158689 0.555302 0.314801 0.496737 0.011775
0 0.144741 0.150178 0.27189 0.300356 0.0117698
0 0.184845 0.909708 0.243497 0.180584 0.0117694
0 0.306024 0.616236 0.58797 0.610595 0.0117637
0 0.892535 0.761411 0.21493 0.285648 0.0117581
0 0.319829 0.623936 0.639658 0.464245 0.0117566
0 0.434265 0.285575 0.327755 0.292487 0.0117439
0 0.132507 0.736243 0.265014 0.384338 0.0117397
0 0.800169 0.905952 0.340703 0.188096 0.0117377
0 0.225892 0.581098 0.451784 0.385138 0.0117309
0 0.185662 0.852788 0.228107 0.214921 0.0117304
0 0.659216 0.680122 0.632829 0.533764 0.0117172
0 0.47171 0.912421 0.241513 0.175157 0.0117118
0 0.836829 0.482584 0.326341 0.329599 0.0117001
0 0.942427 0.333634 0.115145 0.209266 0.0116869
0 0.609497 0.236358 0.238304 0.236972 0.0116812
0 0.890217 0.908157 0.2094 0.183687 0.0116796
0 0.724798 0.245148 0.234289 0.248714 0.0116666
0 0.951076 0.541303 0.0978473 0.318955 0.0116606
0 0.698093 0.940608 0.235923 0.118784 0.0116544
0 0.109624 0.26971 0.219247 0.334242 0.0116489
0 0.72823 0.811223 0.43527 0.348842 0.0116341
0 0.307331 0.880245 0.285492 0.23951 0.011612
0 0.77747 0.151 0.283045 0.301999 0.0115884
0 0.320812 0.821511 0.348412 0.311986 0.0115845
0 0.88969 0.272039 0.220621 0.325262 0.0115829
0 0.656155 0.890438 0.380966 0.219124 0.0115794
0 0.16153 0.953708 0.249115 0.092585 0.0115781
0 0.939007 0.183124 0.121986 0.303941 0.0115469
0 0.240613 0.843308 0.259476 0.229953 0.0115416
0 0.153817 0.461734 0.282931 0.402343 0.0115244
0 0.785529 0.11708 0.314698 0.23416 0.0115231
0 0.124845 0.868785 0.24969 0.26243 0.0115164
0 0.939064 0.293615 0.121872 0.241236 0.0115036
0 0.164296 0.936628 0.2122 0.126743 0.0115015
0 0.493986 0.232061 0.251173 0.427423 0.0114974
0 0.605169 0.290275 0.256936 0.275481 0.0114972
0 0.132313 0.951328 0.264626 0.0973434 0.0114795
0 0.821233 0.957187 0.275745 0.0856253 0.0114547
0 0.18035 0.114534 0.283061 0.229068 0.0114437
0 0.0785503 0.186058 0.157101 0.372115 0.0114162
0 0.104336 0.942726 0.208672 0.114548 0.0113915
0 0.840246 0.112593 0.289229 0.225185 0.0113771
0 0.821774 0.865372 0.324638 0.258265 0.0113753
0 0.149609 0.602583 0.295005 0.33392 0.0113557
0 0.304849 0.194743 0.245763 0.280473 0.0113545
0 0.0569284 0.125947 0.113857 0.251894 0.0113421
0 0.935759 0.246123 0.128482 0.298074 0.0113413
0 0.205043 0.483307 0.257605 0.443769 0.0113381
0 0.0861094 0.91265 0.172219 0.174701 0.0113367
0 0.0753798 0.119508 0.15076 0.239017 0.0113363
0 0.557785 0.951015 0.264814 0.0979691 0.0113338
0 0.802145 0.760613 0.324388 0.250385 0.0113008
0 0.225145 0.955422 0.21949 0.0891554 0.011296
0 0.119242 0.814623 0.238483 0.295891 0.011295
0 0.724354 0.763438 0.370925 0.291803 0.011293
0 0.586074 0.950011 0.269951 0.0999781 0.0112889
0 0.186538 0.605653 0.373077 0.495442 0.0112705
0 0 0.143197 0 0.286393 0.0112663
0 0.0362959 0.592255 0.0725918 0.335757 0.0112647
0 0.446207 0.956469 0.248583 0.0870611 0.0112442
0 0.360263 0.866145 0.317181 0.267711 0.0112418
0 0.406227 0.956446 0.23801 0.0871086 0.0112411
0 0.111705 0.428265 0.223411 0.318613 0.0112407
0 0.35676 0.958078 0.202787 0.0838435 0.0112242
0 0.849313 0.958302 0.268225 0.0833964 0.0112033
0 0.511178 0.113447 0.230486 0.209843 0.0112014
0 0.950349 0.119021 0.0993029 0.238042 0.0111937
0 0.131167 0.826817 0.232037 0.211255 0.0111819
0 0.436415 0.800933 0.550335 0.398133 0.0111657
0 0.455665 0.198103 0.341597 0.382851 0.0111416
0 0.950778 0.83493 0.0984441 0.33014 0.0111376
0 0.119328 0.763103 0.238655 0.278248 0.0111253
0 0.428229 0.859276 0.394048 0.281447 0.0111107
0 0.0504563 0.643395 0.100913 0.315294 0.0110975
0 0.883841 0.114857 0.222885 0.229715 0.0110884
0 0.276112 0.959036 0.234115 0.0819284 0.0110712
0 0.960175 0.0968621 0.0796509 0.193724 0.0110696
0 0.0313592 0.54184 0.0627183 0.346729 0.011063
0 0.959585 0.908972 0.0808295 0.182057 0.0110629
0 0.86196 0.813261 0.27608 0.373477 0.0110608
0 0.734598 0.958485 0.263215 0.0830307 0.0110536
0 0.476972 0.954237 0.210227 0.0915266 0.0110525
0 0.822456 0.821089 0.345721 0.357821 0.0110513
0 0.184844 0.819076 0.240408 0.204529 0.0110447
0 0.998585 0.0648034 0.00282943 0.129607 0.0110372
0 0.118329 0.226792 0.236657 0.357722 0.0110363
0 0.586978 0.125127 0.268863 0.22168 0.010946
0 0.242036 0.801879 0.288131 0.280834 0.0109375
0 0.293097 0.957337 0.248038 0.0853258 0.0109367
0 0.465291 0.14227 0.341175 0.242889 0.0108971
0 0.103149 0.156778 0.206299 0.313557 0.0108909
0 0.0637514 0.551394 0.127503 0.416896 0.0108714
0 0.946372 0.769275 0.107256 0.46145 0.0108637
0 0.125475 0.117406 0.250951 0.234813 0.0108595
0 0.848198 0.84887 0.303605 0.300468 0.0108494
0 0.180264 0.751032 0.252512 0.261884 0.0108347
0 0.90432 0.0962251 0.19136 0.19245 0.010817
0 0.00881079 0.208356 0.0176216 0.416712 0.0107959
0 0.0500102 0.236729 0.10002 0.335677 0.0107895
0 0.121195 0.382341 0.24239 0.297563 0.0107662
0 0.192714 0.675051 0.333902 0.329482 0.0107537
0 0.262689 0.728909 0.402384 0.400918 0.0107436
0 0.0629548 0.830273 0.12591 0.339454 0.0107377
0 0.135887 0.709369 0.242142 0.22981 0.0107368
0 0.000400488 0.0890941 0.000800976 0.178188 0.0107267
0 0.035785 0.863045 0.07157 0.27391 0.0107237
0 0.0487125 0.436385 0.0974251 0.342076 0.0107219
0 0.953215 0.920398 0.0935705 0.159203 0.0107204
0 0.358994 0.750555 0.542411 0.498889 0.0107018
0 0.395968 0.610335 0.510616 0.392711 0.0106984
0 0.132173 0.752661 0.233898 0.241741 0.010678
0 0.993353 0.101471 0.013294 0.202943 0.0106718
0 0.61037 0.848975 0.423566 0.302049 0.0106649
0 0.0589013 0.350575 0.117803 0.368705 0.0106469
0 0.0358489 0.488202 0.0716978 0.339901 0.0106344
0 0.33591 0.959487 0.223035 0.0810263 0.0106173
0 0.545128 0.103882 0.200972 0.207763 0.0105462
0 0.847609 0.913392 0.27534 0.163266 0.010543
0 0.123924 0.327462 0.247848 0.292173 0.0105388
0 0.043725 0.937427 0.0874501 0.125146 0.0104885
0 0.0751985 0.791949 0.150397 0.394478 0.0104884
0 0.0423161 0.74087 0.0846323 0.299997 0.010483
0 0.530439 0.792329 0.58677 0.415342 0.0104535
0 0.118394 0.707926 0.236788 0.299644 0.010442
0 0.560847 0.927564 0.252916 0.144873 0.0104301
0 0.87113 0.939727 0.241037 0.120546 0.0103956
0 0.0313401 0.182678 0.0626802 0.352231 0.0103868
0 0.033746 0.792828 0.0674919 0.309117 0.0103785
0 0.429363 0.730224 0.577999 0.486936 0.010282
0 0.905369 0.914004 0.189263 0.171993 0.0102566
0 0.127469 0.793809 0.254937 0.329827 0.0102554
0 0.0359767 0.910686 0.0719535 0.178628 0.0101502
0 0.488439 0.162134 0.262295 0.303771 0.0101137
0 0.360411 0.78574 0.464067 0.423951 0.0100699
0 0.633747 0.920473 0.154546 0.159053 0.0100549
0 0.506898 0.842203 0.4628 0.315594 0.00989107
0 0.679772 0.764648 0.371636 0.34067 0.00984798
0 0.48744 0.637179 0.788261 0.380002 0.00954285
0 0.438588 0.655436 0.565923 0.349659 0.00950671
0 0.849275 0.958957 0.273294 0.0820869 0.00943345
0 0.628801 0.769437 0.441509 0.395076 0.00917173
0 0.498456 0.736243 0.882488 0.502018 0.00909324
0 0.608711 0.750758 0.602393 0.394331 0.00890186
0 0.533367 0.723372 0.638325 0.452241 0.00864292
0 0.446763 0.669573 0.138221 0.0504713 0.00699233
0 0 0.0372641 0 0.0745282 0.00603891
0 0.654469 0.95415 0.111871 0.0761953 0.00574635
0 0.871123 0.964174 0.245558 0.0716513 0.00483106
0 0.970756 0.0417871 0.0584889 0.0835743 0.00433225
0 0.898464 0.962823 0.177527 0.0675161 0.00424166
0 0.191185 0.873492 0.107435 0.0879814 0.00420866
0 0.734876 0.145745 0.0750995 0.0367161 0.00420861
0 0.478921 0.103828 0.15776 0.185959 0.00416832
0 0.92992 0.0444463 0.139696 0.0828896 0.00411305
0 0 0.0542755 0 0.108551 0.00405689
0 0.211634 0.880616 0.102876 0.0711464 0.0040206
0 0.999627 0.0408676 0.000746083 0.0817351 0.0040065
0 0.493635 0.0658343 0.174764 0.110634 0.00392174
0 0.961918 0.0414094 0.0761648 0.0828188 0.00380505
0 0.0725861 0.788997 0.10801 0.0716327 0.00377415
0 0.0916081 0.0477885 0.16771 0.0892661 0.00374395
0 0.761589 0.143555 0.0858258 0.0362216 0.00363741
0 0 0.0557284 0 0.111457 0.00362066
0 0.379614 0.964596 0.192525 0.0694267 0.00361885
0 0.84501 0.139811 0.0816022 0.0216051 0.003615
0 0.200276 0.788768 0.0825391 0.0627073 0.00361272
0 0.351567 0.892538 0.0928568 0.0521568 0.00361202
0 0.0738463 0.881253 0.0900757 0.0484943 0.0036049
0 0.384073 0.349949 0.0789662 0.0495637 0.00358625
0 0.205542 0.956265 0.121527 0.0761951 0.00356696
0 0 0.0987364 0 0.197473 0.163473
0 0 0.099474 0 0.198948 0.159272
0 0.967691 0.100713 0.0646171 0.201425 0.157458
0 0.23023 0.0988204 0.148813 0.197641 0.145642
0 0.870318 0.0961292 0.130752 0.192258 0.143053
0 0.170739 0.099677 0.149175 0.199354 0.140876
0 0.201915 0.0990822 0.151485 0.198164 0.139815
0 0.259643 0.0992964 0.147542 0.198593 0.136911
0 0.953132 0.0997716 0.0937353 0.199543 0.1305
0 0.142679 0.100121 0.152252 0.200242 0.130087
0 0.111489 0.0997743 0.144311 0.199549 0.122957
0 0.939448 0.0985164 0.121103 0.197033 0.120499
0 0.845323 0.0977531 0.137426 0.195506 0.112083
0 0.923464 0.0966536 0.147551 0.193307 0.110963
0 0.287645 0.100307 0.144721 0.200614 0.110811
0 0.528541 0.101952 0.196003 0.203904 0.109333
0 0.0482961 0.0924358 0.0965922 0.184872 0.108827
0 0.0268523 0.0919567 0.0537045 0.183913 0.0996622
0 0.0833036 0.0978766 0.14648 0.195753 0.0993716
0 0.0632086 0.094584 0.126417 0.189168 0.089431
0 0.229417 0.125915 0.174784 0.25183 0.082228
0 0.175774 0.126629 0.175355 0.253258 0.0799698
0 0.318584 0.10141 0.153677 0.20282 0.0797073
0 0.348972 0.102277 0.162585 0.204553 0.0742895
0 0.113055 0.126371 0.166585 0.252742 0.0722943
0 0.979828 0.114442 0.0403437 0.228885 0.0705751
0 0.582786 0.103518 0.108976 0.207035 0.0683646
0 0.815282 0.0994416 0.146507 0.198883 0.0680073
0 0.892541 0.109771 0.151362 0.219543 0.0652478
0 0.502428 0.106323 0.207476 0.212645 0.0609982
0 0.756349 0.100843 0.139657 0.201685 0.060154
0 0.00392468 0.0945821 0.00784935 0.189164 0.0601091
0 0.787239 0.10069 0.140606 0.201381 0.0584111
0 0.987948 0.0856871 0.0241043 0.171374 0.0576605
0 0.945965 0.128253 0.108069 0.256506 0.0534231
0 0.724983 0.0995377 0.147684 0.199075 0.0532437
0 0.696277 0.0976807 0.152387 0.195361 0.0519488
0 0.980387 0.896571 0.0392257 0.206858 0.0501198
0 0.318727 0.126481 0.182074 0.252962 0.0500222
0 0.664057 0.25721 0.158139 0.267967 0.0488558
0 0.98092 0.332185 0.0381609 0.277241 0.0476345
0 0.965183 0.699189 0.0696336 0.296457 0.0466918
0 0.969906 0.868525 0.0601875 0.262951 0.0463987
0 0.98117 0.850685 0.0376591 0.29863 0.0453606
0 0.271897 0.139137 0.202017 0.278274 0.0425603
0 0.633556 0.10224 0.0810925 0.20448 0.0414801
0 0 0.128382 0 0.256764 0.0403632
0 0.980336 0.678028 0.0393287 0.300038 0.0397818
0 0.560594 0.106321 0.143409 0.212641 0.0382636
0 0.697897 0.258943 0.159533 0.272927 0.0371162
0 0.835138 0.24576 0.152455 0.269124 0.0370609
0 0.777796 0.261477 0.159564 0.273564 0.0365422
0 0.657303 0.0995409 0.0993193 0.199082 0.0354566
0 0.304754 0.150221 0.216402 0.300442 0.0354225
0 0.751789 0.243302 0.162292 0.26882 0.0344881
0 0.20959 0.140134 0.242657 0.280268 0.0337138
0 0.808783 0.261405 0.16503 0.27598 0.033528
0 0.727563 0.260652 0.16906 0.27432 0.0335234
0 0.917986 0.126545 0.164028 0.253089 0.033463
0 0.965694 0.141885 0.0686127 0.283769 0.0333806
0 0.966433 0.748802 0.0671338 0.30523 0.0328025
0 0.369817 0.259667 0.16499 0.284786 0.0327326
0 0.865969 0.235126 0.160003 0.293767 0.0322178
0 0.981396 0.405709 0.0372076 0.273406 0.0318303
0 0.375124 0.101288 0.144284 0.202577 0.0316937
0 0.605466 0.0908832 0.0946316 0.181766 0.0311984
0 0 0.90513 0 0.18974 0.0309745
0 0.750809 0.120354 0.171117 0.240707 0.0295578
0 0.13005 0.21912 0.205107 0.32951 0.0290782
0 0.395885 0.0898081 0.127846 0.179616 0.0290752
0 0.946164 0.154676 0.107672 0.309353 0.0287984
0 0.637274 0.256298 0.157623 0.261142 0.0281183
0 0.344331 0.241287 0.168148 0.300438 0.0277883
0 0.138541 0.140096 0.217153 0.280193 0.0276822
0 0.965609 0.354379 0.0687824 0.273921 0.0276347
0 0.0911457 0.221958 0.169925 0.317934 0.0275376
0 0.78166 0.120691 0.174612 0.241382 0.0274957
0 0.26498 0.1636 0.244961 0.327199 0.0269874
0 0.397356 0.265982 0.156547 0.266272 0.026912
0 0.181844 0.165254 0.241037 0.330509 0.0267579
0 0.0512234 0.12203 0.102447 0.244061 0.0267219
0 0.894442 0.224084 0.167888 0.317648 0.0256282
0 0.964514 0.303737 0.0709711 0.293161 0.0254148
0 0.836441 0.120884 0.168473 0.241769 0.0250985
0 0.120715 0.263339 0.186329 0.306163 0.0250069
0 0.0650674 0.327483 0.130135 0.27556 0.0249872
0 0.0879456 0.289065 0.164256 0.293254 0.0240461
0 0.187456 0.25802 0.201066 0.2963 0.0237403
0 0.237152 0.152119 0.247384 0.304238 0.0233214
0 0.317603 0.259069 0.175621 0.285006 0.0227881
0 0.694801 0.159663 0.164891 0.291328 0.0227602
0 0.969973 0.806264 0.0600544 0.303647 0.0224975
0 1 0.921834 0 0.156333 0.0224313
0 0.0649463 0.276732 0.129893 0.27635 0.0223641
0 0.0286746 0.591953 0.0573492 0.246158 0.0219203
0 0.94761 0.217598 0.10478 0.324073 0.0218612
0 0.725668 0.310355 0.154928 0.249281 0.021844
0 0.752697 0.306055 0.157962 0.259629 0.0218158
0 0.988593 0.470104 0.0228135 0.300375 0.0217832
0 0.212116 0.216675 0.250814 0.335083 0.0213251
0 0.725906 0.15566 0.170324 0.299371 0.0212974
0 0.293422 0.242541 0.18711 0.310299 0.0211476
0 0 0.798379 0 0.304679 0.0211402
0 0.954544 0.875533 0.090912 0.248933 0.021088
0 0.951892 0.724263 0.0962165 0.274637 0.0209527
0 0.0963899 0.151479 0.179885 0.302958 0.0209304
0 0.697515 0.118918 0.169325 0.237836 0.0206225
0 0.964269 0.167151 0.0714618 0.334303 0.0206086
0 0.0352789 0.078734 0.0705579 0.157468 0.0204285
0 0.052476 0.305429 0.104952 0.246494 0.0204073
0 0.0517549 0.236991 0.10351 0.264732 0.0203007
0 0.929978 0.166529 0.140044 0.330832 0.0197356
0 0.263159 0.259762 0.177874 0.289406 0.0196406
0 1 0.0787108 0 0.157422 0.0195615
0 0.0639849 0.199369 0.12797 0.295145 0.019461
0 0 0.864209 0 0.271582 0.0194209
0 0.613356 0.274193 0.153004 0.241467 0.0192835
0 0.742612 0.0863166 0.124527 0.172633 0.0191547
0 0.918013 0.264011 0.163974 0.296468 0.0190242
0 0.0515054 0.178465 0.103011 0.278111 0.0188725
0 0.662719 0.90846 0.132851 0.181489 0.0185101
0 0.424068 0.0883684 0.1133 0.176737 0.0184867
0 0.58588 0.278179 0.134992 0.233707 0.0181777
0 0.799946 0.0849282 0.117591 0.169856 0.0180084
0 0.772915 0.0860522 0.115639 0.172104 0.0180054
0 0.155008 0.282885 0.192906 0.302665 0.0179487
0 0.676174 0.110526 0.140021 0.221052 0.0176836
0 0.980615 0.774349 0.03877 0.307087 0.0176383
0 1 0.307153 0 0.247685 0.0174443
0 0.32835 0.19263 0.203732 0.333203 0.0174393
0 1 0.380429 0 0.250893 0.0173013
0 0.903141 0.170953 0.188195 0.320553 0.0172387
0 0.258763 0.216587 0.230032 0.333526 0.0172123
0 0.836256 0.295717 0.156918 0.279138 0.0170336
0 0 0.623068 0 0.311554 0.016968
0 0 0.724076 0 0.304033 0.0165228
0 1 0.0709216 0 0.141843 0.0164931
0 0.897585 0.290767 0.170247 0.288325 0.016485
0 0.00798838 0.927999 0.0159768 0.144002 0.0164614
0 0 0.474641 0 0.311561 0.0163768
0 0.91672 0.192337 0.166559 0.327736 0.0163434
0 0.865139 0.293496 0.16097 0.282337 0.0163122
0 1 0.0930987 0 0.186197 0.016299
0 0.945953 0.760012 0.108094 0.242634 0.0162127
0 0.428614 0.270836 0.141618 0.251329 0.016125
0 0.988681 0.611911 0.0226382 0.270355 0.0161156
0 0.751961 0.182891 0.166208 0.287062 0.0160695
0 0.120054 0.314627 0.178969 0.314898 0.0159403
0 0.862257 0.0748899 0.10471 0.14978 0.0158303
0 0.863097 0.180358 0.158784 0.298663 0.015679
0 0.0669559 0.401042 0.133912 0.238788 0.0156
0 0.952567 0.778835 0.0948669 0.293977 0.0155659
0 0.970168 0.43403 0.0596647 0.270662 0.0155519
0 0.00502851 0.766439 0.010057 0.248997 0.0155476
0 0.0284566 0.792624 0.0569133 0.240763 0.0154112
0 0 0.154726 0 0.309452 0.0154077
0 0.00575068 0.896121 0.0115014 0.207758 0.0154059
0 0.0231242 0.0712091 0.0462483 0.142418 0.0153517
0 0 0.548599 0 0.313472 0.0153208
0 0.632708 0.0701351 0.0861131 0.14027 0.0152001
0 1 0.831692 0 0.27106 0.0150714
0 0.0646543 0.14843 0.129309 0.296861 0.0150539
0 1 0.807226 0 0.272197 0.0150126
0 0.658367 0.152747 0.10185 0.305494 0.0148828
0 0.8833 0.076403 0.122737 0.152806 0.0147015
0 0.83007 0.0729241 0.112042 0.145848 0.014665
0 0.0555521 0.369634 0.111104 0.243991 0.014593
0 0.0759326 0.961289 0.151865 0.0774218 0.0145051
0 0.931104 0.243723 0.137791 0.323668 0.0144778
0 0.0304394 0.640105 0.0608789 0.242205 0.0144596
0 1 0.726507 0 0.263541 0.0143389
0 0.949772 0.292342 0.100456 0.307216 0.0142224
0 0.474715 0.746958 0.113502 0.201051 0.0142167
0 0.978512 0.940151 0.0429764 0.119699 0.0141839
0 0.00554613 0.814489 0.0110923 0.251632 0.0141299
0 0.401529 0.0755224 0.102819 0.151045 0.0139722
0 0.835129 0.192915 0.156779 0.270443 0.0139709
0 0.0927215 0.350096 0.17022 0.297489 0.0139412
0 0.557865 0.281787 0.118804 0.225866 0.0139208
0 1 0.657849 0 0.258654 0.0138693
0 0.932904 0.289936 0.134191 0.302499 0.0138186
0 0.0366505 0.191876 0.0733011 0.247555 0.0136615
0 0.85962 0.137667 0.156382 0.275334 0.0135954
0 0.00374113 0.540572 0.00748226 0.254499 0.0135583
0 0.449727 0.750503 0.124292 0.210126 0.0135098
0 0.00458699 0.589621 0.00917399 0.258441 0.0134887
0 0.919044 0.140981 0.161911 0.281962 0.013476
0 0.995498 0.891678 0.00900456 0.216644 0.0134389
0 0.949277 0.346722 0.101445 0.280811 0.0134092
0 0.674588 0.308134 0.125447 0.243031 0.0134006
0 1 0.857126 0 0.270974 0.0133968
0 1 0.426352 0 0.249167 0.0133735
0 0.0300521 0.547335 0.0601042 0.238545 0.0133215
0 0.947482 0.681059 0.105035 0.297383 0.0133113
0 0.00340782 0.466587 0.00681564 0.25342 0.0132299
0 0 0.89762 0 0.204759 0.0131999
0 0.978296 0.280575 0.0434075 0.286959 0.0131317
0 0.606107 0.0705311 0.0828527 0.141062 0.0131245
0 0 0.400094 0 0.306945 0.0131131
0 0.807928 0.0711641 0.0855636 0.142328 0.0130586
0 0.779931 0.336092 0.151665 0.262233 0.0130371
0 0.777989 0.0708027 0.0854805 0.141605 0.0130092
0 0.174116 0.31297 0.172541 0.315085 0.0129807
0 0.037791 0.245799 0.0755819 0.23963 0.0129516
0 0.0359269 0.153885 0.0718538 0.27534 0.0129142
0 0 0.196918 0 0.322702 0.0128055
0 0.747254 0.0714146 0.0915102 0.142829 0.0127836
0 0.941318 0.716856 0.117364 0.239826 0.0127322
0 0.180984 0.898657 0.156756 0.202686 0.0127312
0 0.919025 0.317167 0.16195 0.30701 0.0126527
0 0.715467 0.0716765 0.101222 0.143353 0.0126361
0 0.646627 0.181775 0.142961 0.30125 0.0125444
0 0.777047 0.192464 0.156841 0.264639 0.0125314
0 0.810557 0.134709 0.171835 0.269419 0.0124211
0 0.243891 0.0773198 0.137546 0.15464 0.0123829
0 0.974171 0.0768201 0.051658 0.15364 0.0123729
0 0.490352 0.0909291 0.218842 0.181858 0.0122913
0 0.211665 0.0776857 0.148435 0.155371 0.0122652
0 0.962968 0.248067 0.0740647 0.317517 0.0122549
0 0.00619943 0.868795 0.0123989 0.251497 0.0121514
0 0.00528415 0.636377 0.0105683 0.260337 0.0121424
0 0.995817 0.522645 0.00836534 0.305865 0.0121138
0 0.672425 0.194713 0.156184 0.26907 0.0121137
0 0.735644 0.624917 0.292664 0.306523 0.012107
0 0.275376 0.077059 0.131931 0.154118 0.0121005
0 0 0.274098 0 0.310324 0.0120821
0 0.658083 0.0705393 0.0951153 0.141079 0.0120248
0 0.960842 0.898001 0.0783163 0.203998 0.0119617
0 0.260627 0.582889 0.521253 0.231948 0.011928
0 0.101211 0.962408 0.141008 0.0751833 0.0119158
0 0.529432 0.310457 0.136765 0.245925 0.0118375
0 0.00412967 0.717817 0.00825934 0.252256 0.0117875
0 0.18333 0.0780066 0.147368 0.156013 0.0116127
0 0.306469 0.0768248 0.122139 0.15365 0.0115069
0 0.907156 0.0773188 0.141826 0.154638 0.0114603
0 0.353343 0.139906 0.182742 0.279812 0.0114459
0 0.0366454 0.292017 0.0732908 0.231141 0.01144
0 0.810402 0.332018 0.156097 0.275245 0.0114349
0 0.0918263 0.413852 0.148173 0.232645 0.0113382
0 0.0282888 0.844321 0.0565776 0.235875 0.0112487
0 0.152262 0.07817 0.155889 0.15634 0.011194
0 0.428362 0.0726053 0.0899154 0.145211 0.0111817
0 0.412171 0.622359 0.340558 0.214385 0.0111147
0 0.687878 0.0712594 0.0970785 0.142519 0.0110714
0 0.229146 0.282773 0.167404 0.291999 0.0110292
0 0.954045 0.903746 0.0919101 0.192508 0.0110011
0 0 0.920335 0 0.159329 0.0109743
0 0.266183 0.636792 0.532366 0.261503 0.0109559
0 0.0302531 0.899149 0.0605062 0.201703 0.0109533
0 0.571596 0.594316 0.330019 0.22398 0.0109524
0 0.210097 0.885009 0.152034 0.229983 0.0109512
0 0.810565 0.198219 0.163931 0.255472 0.0109385
0 0.119793 0.0778458 0.154347 0.155692 0.0108798
0 0.464756 0.278437 0.131035 0.234285 0.0108705
0 0.858746 0.607488 0.282508 0.238443 0.0108352
0 0.205477 0.899524 0.410955 0.200952 0.0107956
0 0.359813 0.0766009 0.141756 0.153202 0.0107755
0 0.507084 0.581228 0.260075 0.193454 0.0106867
0 0.975368 0.220732 0.0492644 0.305198 0.0106859
0 0.426782 0.584027 0.295374 0.191381 0.0106207
0 0.903126 0.140035 0.193748 0.28007 0.0105757
0 0.00258245 0.417666 0.00516491 0.250404 0.0105698
0 0.993605 0.194679 0.0127894 0.286341 0.0105307
0 0.0699231 0.0745365 0.128953 0.149073 0.0104464
0 0.0304741 0.748204 0.0609482 0.233378 0.0104231
0 0.0369048 0.613128 0.0738096 0.249349 0.0104216
0 0.502453 0.284457 0.122595 0.221738 0.0104188
0 0.931583 0.576528 0.136835 0.344718 0.0103627
0 0.352977 0.943546 0.287799 0.112907 0.0103419
0 0.285102 0.28637 0.165357 0.288164 0.010339
0 0.706593 0.338674 0.127551 0.243516 0.0103035
0 0.0326841 0.12085 0.0653683 0.2417 0.0102747
0 0.491072 0.635034 0.328371 0.245262 0.0102505
0 0.0220837 0.961923 0.0441674 0.0761546 0.0101912
0 0.330817 0.0767545 0.13668 0.153509 0.01018
0 0.482716 0.10303 0.177208 0.20606 0.0101579
0 0.909871 0.490699 0.157605 0.198082 0.0101556
0 0.400925 0.80792 0.60764 0.340455 0.0100978
0 0.946984 0.964144 0.106032 0.0717115 0.0100744
0 0.471294 0.9607 0.268516 0.0785999 0.00999747
0 0.650966 0.901457 0.322205 0.197087 0.0099885
0 0.0298293 0.244626 0.0596587 0.237105 0.00998327
0 1 0.468134 0 0.265112 0.00997394
0 0.0295902 0.18888 0.0591803 0.250314 0.0099487
0 0.296675 0.912574 0.319678 0.174853 0.0099302
0 0.519938 0.597946 0.417849 0.353794 0.00990071
0 0.949988 0.626706 0.100024 0.329774 0.00984892
0 0.0324992 0.499748 0.0649983 0.238245 0.00983192
0 0.929867 0.0779095 0.140266 0.155819 0.00978791
0 0.415912 0.738473 0.12305 0.223473 0.00975106
0 0.94141 0.884543 0.117181 0.230915 0.00974566
0 0.411569 0.912356 0.325734 0.175288 0.00973759
0 0.0606945 0.962178 0.121389 0.0756445 0.00970251
0 0.161979 0.791215 0.13597 0.239305 0.00969511
0 0.0144307 0.947148 0.0288613 0.105705 0.00968801
0 0.736567 0.503456 0.165312 0.222077 0.00967426
0 0.955942 0.410423 0.0881159 0.256474 0.00966181
0 0.382034 0.868495 0.438609 0.26301 0.0096153
0 0.145415 0.58441 0.160203 0.250242 0.00959859
0 0.00205751 0.365701 0.00411503 0.250616 0.00959532
0 0.498431 0.0698676 0.194774 0.116436 0.102446
0 0.00778576 0.0938851 0.0155715 0.18777 0.0963895
0 0.982601 0.0975452 0.0347982 0.19509 0.0562966
0 0 0.0818007 0 0.163601 0.0451346
0 0.0341833 0.0901308 0.0683667 0.180262 0.0314695
0 0.981344 0.322517 0.0373125 0.242163 0.0292808
0 0.963154 0.345558 0.073691 0.290415 0.0272038
0 0.510435 0.107458 0.219264 0.19154 0.023992
0 0.00649675 0.109691 0.0129935 0.219382 0.0220692
0 0.99962 0.0824651 0.000759304 0.16493 0.0200975
0 0.988777 0.0718166 0.0224451 0.143633 0.0181423
0 0.46013 0.0747627 0.120507 0.121846 0.0162224
0 0.956615 0.619745 0.0867693 0.300591 0.0150657
0 0.0542352 0.086124 0.10847 0.172248 0.0136367
0 0.963164 0.111864 0.0736712 0.223727 0.0134519
0 0.0694558 0.0951371 0.138912 0.190274 0.0124352
0 0 0.945827 0 0.108346 0.0121097
0 1 0.32067 0 0.23773 0.0119971
0 0.0363903 0.0711867 0.0727807 0.142373 0.0108406
0 0.00884515 0.0698023 0.0176903 0.139605 0.0107324
0 0.885615 0.513883 0.228771 0.220922 0.0102173
0 0 0.0693099 0 0.13862 0.00909251
0 0 0.0376415 0 0.0752829 0.00829868
0 1 0.043966 0 0.087932 0.00823867
0 1 0.0500361 0 0.100072 0.00813627
0 0.80083 0.43974 0.0717635 0.103881 0.00799208
0 0.725404 0.50427 0.549191 0.332537 0.00796475
0 0.446521 0.161456 0.414734 0.303207 0.00791639
0 0.975777 0.605292 0.0484455 0.26276 0.00786351
0 0.389338 0.473013 0.0347816 0.10041 0.00786247
0 0.930953 0.505908 0.138095 0.203021 0.00780821
0 0.0186596 0.293371 0.0373191 0.332668 0.00776846
0 0.0400955 0.557085 0.0425903 0.132468 0.00775228
0 0.473763 0.800065 0.0588917 0.104794 0.00767485
0 0.539303 0.240333 0.376607 0.438246 0.00757856
0 0.943473 0.634052 0.113053 0.290321 0.00756199
0 0.342105 0.802832 0.0652027 0.111282 0.00755471
0 0.399355 0.473938 0.0408323 0.109352 0.00753539
0 0.934806 0.162101 0.130388 0.248412 0.00743281
0 0.590326 0.11846 0.414189 0.236921 0.00736464
0 0.453225 0.921174 0.428033 0.157651 0.00732136
0 0 0.0342937 0 0.0685874 0.00729996
0 0.0409583 0.0353528 0.0495638 0.0707056 0.00729982
0 0.325674 0.375299 0.0731504 0.109124 0.00721655
0 0 0.0329781 0 0.0659561 0.00717369
0 0.0292327 0.558056 0.05046 0.135691 0.0071639
0 0.600243 0.20828 0.405249 0.352841 0.00715835
0 0.0258792 0.0330703 0.0485941 0.0661407 0.00715014
0 0.489599 0.799878 0.0586239 0.108931 0.00710782
0 1 0.851905 0 0.263075 0.00703357
0 0.328552 0.802824 0.0632277 0.105679 0.00702307
0 0.256639 0.666545 0.0489244 0.113204 0.00700017
0 0.976171 0.385727 0.047658 0.292217 0.00697654
0 0.413543 0.103698 0.395197 0.207396 0.00696959
0 0.827178 0.528943 0.345645 0.252287 0.00696392
0 0.493286 0.102759 0.335164 0.198805 0.0069543
0 0.0404223 0.421192 0.0449172 0.160433 0.00693093
0 0.936995 0.111326 0.12601 0.222652 0.00685694
0 0.00833328 0.0363452 0.0166666 0.0726904 0.00685328
0 0.450507 0.252845 0.423491 0.311412 0.00674229
0 0.0870884 0.0823146 0.174177 0.164629 0.00665375
0 0.000857212 0.0387477 0.00171442 0.0774955 0.00661378
0 0.93186 0.32289 0.136281 0.274276 0.00659822
0 0.414195 0.8038 0.0582271 0.112898 0.00656617
0 0.826501 0.503245 0.346997 0.326303 0.0065348
0 0.909248 0.0558918 0.181504 0.111784 0.0064954
0 0.37647 0.475899 0.0507507 0.114177 0.00648425
0 0.502445 0.79932 0.05416 0.109387 0.0064816
0 0.820178 0.793738 0.0484376 0.126049 0.00645639
0 0.444794 0.959809 0.0412678 0.0803829 0.0064431
0 0.072166 0.107821 0.144332 0.215642 0.00643579
0 0.939323 0.555066 0.121354 0.204259 0.00642688
0 0.397906 0.802758 0.0692585 0.11397 0.00641145
0 0.858862 0.47319 0.282277 0.38588 0.00638815
0 0.361366 0.79708 0.0511785 0.10803 0.00637494
0 0 0.958248 0 0.0835032 0.00637061
0 0.338968 0.375633 0.07409 0.106664 0.00633241
0 0.568387 0.933254 0.407484 0.133492 0.00631427
0 0.0672259 0.0359904 0.0486872 0.0719809 0.00625774
0 0.964198 0.710882 0.0716042 0.296729 0.00625763
0 0 0.0340472 0 0.0680944 0.00623764
0 0.920599 0.0610856 0.158802 0.122171 0.00622542
0 0.932676 0.205702 0.134648 0.196099 0.00622363
0 0.544463 0.476921 0.0623875 0.118077 0.00621287
0 0.37321 0.694871 0.0458035 0.10266 0.00617325
0 0.286959 0.518698 0.0543044 0.104236 0.00615997
0 0.0546409 0.0354788 0.0446021 0.0709575 0.00609613
0 0.784005 0.436281 0.0704513 0.0935844 0.00607416
0 0.299383 0.522352 0.0461969 0.115948 0.00607411
0 0.817191 0.438756 0.0675831 0.108252 0.00604667
0 0.530928 0.474924 0.058898 0.118578 0.00601054
0 0.055985 0.418687 0.0448139 0.145478 0.00597197
0 0.89719 0.618121 0.20562 0.230111 0.00594378
0 0.0805349 0.0361783 0.0534804 0.0723565 0.00591971
0 0.342869 0.115781 0.544136 0.229656 0.00591781
0 0.703771 0.467109 0.0540535 0.109232 0.00591
0 0.835421 0.108995 0.0510635 0.107227 0.00590503
0 0.967821 0.866037 0.064358 0.222591 0.00588128
0 0.780468 0.586331 0.076973 0.101302 0.00584968
0 0.512276 0.704173 0.0723839 0.107996 0.00580098
0 0.833531 0.794892 0.0559648 0.11604 0.00577044
0 0.865209 0.796543 0.0566472 0.102251 0.005768
0 0.936043 0.253584 0.127914 0.205333 0.00573858
0 0.230637 0.918254 0.0592673 0.120819 0.00572994
0 0.00144233 0.168927 0.00288465 0.308934 0.00572355
0 0.254587 0.888203 0.0388051 0.129972 0.00571982
0 0.255298 0.914114 0.0373107 0.115987 0.00571736
0 0.406445 0.101947 0.397192 0.203893 0.00570364
0 0.584417 0.0984524 0.373086 0.196905 0.00570073
0 0.372569 0.796281 0.0506204 0.107928 0.00569879
0 0.691291 0.531066 0.0561283 0.164286 0.00569609
0 0.360387 0.18504 0.382454 0.300959 0.00568151
0 0.849138 0.795913 0.0541027 0.116038 0.00562256
0 0.43304 0.804062 0.049652 0.113242 0.00561519
0 0.592824 0.264135 0.410909 0.335329 0.00561278
0 0.930676 0.398861 0.138649 0.31827 0.00559598
0 0.541597 0.696269 0.0650229 0.108257 0.00557601
0 0.663458 0.107085 0.0875187 0.0952286 0.00555847
0 0.229019 0.900603 0.0632362 0.109201 0.00555578
0 0.300566 0.372895 0.0589553 0.122924 0.00554041
0 0.0264637 0.37067 0.0529273 0.329168 0.00553638
0 0.755648 0.533351 0.488704 0.271942 0.00550541
0 0.56099 0.696677 0.0493398 0.112091 0.00548213
0 0.0178555 0.0354726 0.0357111 0.0709452 0.00547875
0 0.851134 0.110112 0.0521652 0.111327 0.0054586
0 0.517157 0.470637 0.0532592 0.128804 0.00544473
0 0.74773 0.44243 0.0648893 0.104718 0.00542996
0 0.0412132 0.50719 0.0454942 0.139109 0.00542933
0 0.246715 0.92554 0.0479138 0.12368 0.00540216
0 1 0.589101 0 0.268427 0.00540116
0 0.0958708 0.0367256 0.0500939 0.0734512 0.00539802
0 0.49176 0.705531 0.0563806 0.104279 0.00538655
0 0.227796 0.667617 0.0507963 0.096806 0.00537358
0 0.06178 0.092351 0.12356 0.184702 0.00534113
0 0.529172 0.696813 0.0589595 0.100501 0.005339
0 0.573709 0.479129 0.0603944 0.123435 0.00527903
0 0 0.829318 0 0.202716 0.00527562
0 0.377565 0.447862 0.0532865 0.116418 0.00525539
0 0.97383 0.89647 0.0523397 0.20706 0.0052497
0 0.418368 0.301221 0.398916 0.32077 0.00524435
0 0.899709 0.538946 0.199346 0.155106 0.00524045
0 0.443407 0.794488 0.0572437 0.0966728 0.00523041
0 0.692472 0.467251 0.0608172 0.105417 0.00521703
0 0.719397 0.446933 0.0524517 0.115197 0.00521458
0 0.111492 0.0368007 0.0477198 0.0736015 0.00521177
0 0.125803 0.0365128 0.0470546 0.0730257 0.00517693
0 0.556922 0.478495 0.0638496 0.121388 0.00517276
0 0.370762 0.500213 0.0497353 0.13199 0.0051701
0 0.518694 0.697893 0.0537179 0.0981565 0.00516922
0 0.245617 0.897807 0.0510015 0.12172 0.00516449
0 1 0.0367647 0 0.0735294 0.00515398
0 0.371583 0.35201 0.0780215 0.0960692 0.0051496
0 0.478491 0.696495 0.0540234 0.0994499 0.00514697
0 0.0595384 0.501881 0.0469423 0.135746 0.00513972
0 0.139918 0.0362076 0.0479816 0.0724152 0.00513031
0 0.0158124 0.218305 0.0316248 0.317195 0.00512608
0 0.734416 0.464672 0.0550762 0.128719 0.00512029
0 0.0250677 0.509639 0.043827 0.155014 0.00511981
0 0.530798 0.441945 0.0632133 0.108924 0.00510472
0 0.0864035 0.138867 0.172807 0.277735 0.00509682
0 0.790914 0.563798 0.418172 0.253754 0.00509192
0 0.501429 0.711484 0.0688402 0.114831 0.00509094
0 0.501291 0.466295 0.0461094 0.135026 0.00509047
0 0.216213 0.919703 0.0530588 0.120675 0.00507452
0 0.860658 0.0490869 0.179159 0.0981739 0.00507382
0 0.355257 0.375963 0.080287 0.10358 0.00503258
0 0 0.0342119 0 0.0684238 0.00502694
0 0.27459 0.50697 0.0585635 0.0852045 0.00502282
0 0.342305 0.119241 0.349533 0.238482 0.00501397
0 0.241154 0.665871 0.046641 0.100224 0.00501376
0 1 0.0430172 0 0.0860343 0.00500328
0 1 0.3045 0 0.169455 0.00499727
0 0.645241 0.451043 0.0582857 0.11102 0.00498662
0 0.720841 0.466914 0.0492657 0.122858 0.00498313
0 0.313649 0.527146 0.0453883 0.133346 0.00497373
0 0.761597 0.440975 0.0727702 0.100642 0.00497029
0 0.316622 0.797888 0.0531784 0.0989698 0.00495803
0 0.270368 0.660004 0.0548201 0.127871 0.00495485
0 0.00865558 0.951587 0.0173112 0.0968252 0.004946
0 0.0433875 0.684667 0.0494927 0.137691 0.00492917
0 0.536543 0.30731 0.403063 0.328296 0.0049114
0 0.513474 0.81144 0.0578909 0.1159 0.00490541
0 0.371465 0.374622 0.0765511 0.0995454 0.00490248
0 0.014209 0.496094 0.0284179 0.326098 0.00488753
0 0.860875 0.553931 0.278251 0.236582 0.00488317
0 0.864513 0.112069 0.0543753 0.118532 0.00488259
0 0.8057 0.793262 0.052475 0.136145 0.00488207
0 0.703728 0.529988 0.0459634 0.164455 0.00488191
0 0.587565 0.477489 0.0605086 0.120276 0.00486192
0 1 0.310577 0 0.16861 0.00485427
0 0.574964 0.695162 0.0485715 0.118496 0.00484955
0 0.274141 0.533313 0.052063 0.126511 0.00482935
0 0.154308 0.0362945 0.0479154 0.072589 0.00482546
0 0.391175 0.696151 0.0395826 0.099292 0.00481571
0 0.506452 0.101271 0.313162 0.202543 0.00481493
0 0.591349 0.891532 0.526737 0.216936 0.0048132
0 0.500799 0.358325 0.0796092 0.0881484 0.00480302
0 0.356516 0.249313 0.378407 0.307724 0.00479852
0 0.341839 0.501634 0.0645515 0.111951 0.00478644
0 0.901132 0.539694 0.197736 0.201486 0.00478355
0 0.042068 0.477285 0.0466307 0.170214 0.00477348
0 0.542352 0.351551 0.0862284 0.098754 0.00476153
0 0.286233 0.374075 0.0586825 0.133507 0.00475746
0 0.402708 0.376244 0.070125 0.104412 0.00475466
0 0.513949 0.354736 0.084497 0.0932784 0.00474795
0 0.583796 0.349961 0.0875742 0.0931342 0.00472794
0 0.459486 0.69288 0.0425111 0.0920101 0.00472761
0 0.414752 0.961657 0.0405541 0.0766869 0.00471564
0 0.706021 0.507604 0.0515097 0.129976 0.00470101
0 0.981592 0.949453 0.0368163 0.101095 0.0046914
0 0.0238511 0.477946 0.0416889 0.173402 0.00468883
0 0.813849 0.161888 0.0770277 0.120754 0.00468752
0 0.0164531 0.420127 0.0329063 0.328432 0.00468184
0 0.753284 0.585402 0.462101 0.29387 0.00467673
0 0.805298 0.97121 0.182931 0.0575799 0.00467566
0 0.654106 0.936527 0.125535 0.126646 0.00465608
0 0.45832 0.794574 0.0659444 0.100717 0.00463978
0 0.943599 0.0808324 0.112803 0.161665 0.0046374
0 0.550295 0.985897 0.13623 0.0282065 0.00462062
0 0.600868 0.468915 0.0564848 0.0999651 0.00461861
0 0.558786 0.452346 0.0558138 0.107902 0.00460028
0 0.116759 0.191442 0.233519 0.211006 0.00458128
0 0.778181 0.111358 0.0523049 0.103646 0.00457065
0 0.297406 0.507982 0.0456663 0.0906786 0.00457065
0 0.0401887 0.532007 0.0454613 0.166057 0.00456433
0 0.527423 0.352539 0.0866975 0.0968816 0.00454558
0 0.0563175 0.475697 0.0495575 0.15518 0.00454214
0 0.31416 0.962234 0.0453091 0.0755311 0.00452124
0 0.999085 0.169448 0.00183006 0.251687 0.00451745
0 0.772655 0.446802 0.0725025 0.116854 0.00450042
0 0.0064187 0.940325 0.0128374 0.11935 0.00449572
0 0.0259947 0.592093 0.0519894 0.319111 0.00449299
0 0.471027 0.360871 0.427304 0.311389 0.00449187
0 0.0895607 0.312466 0.179121 0.334295 0.00448609
0 0.933163 0.397022 0.133674 0.243738 0.00447947
0 0.328259 0.965087 0.038157 0.0698252 0.00446112
0 0.293967 0.0990413 0.368958 0.198083 0.00445523
0 0.0701221 0.424691 0.0419281 0.122809 0.00445343
0 0.00289282 0.136261 0.00578564 0.272523 0.00444017
0 0.969595 0.664344 0.0608104 0.314205 0.00442443
0 0.387639 0.796089 0.0591206 0.106042 0.00441893
0 0.11881 0.134615 0.237619 0.207275 0.00441712
0 0.747032 0.462713 0.0607743 0.128117 0.00441269
0 0.0266193 0.518151 0.0532386 0.320744 0.00441139
0 0.636296 0.437281 0.0551218 0.0967564 0.00441005
0 0.117815 0.101273 0.235631 0.202546 0.00440874
0 0.328097 0.504361 0.0595817 0.108898 0.00440574
0 0.327575 0.476358 0.055689 0.115619 0.00439611
0 0.96366 0.964827 0.072679 0.0703455 0.00439384
0 0.945796 0.0784056 0.108409 0.156811 0.00439311
0 0.875468 0.794881 0.048703 0.100278 0.00438238
0 0.668423 0.202059 0.386826 0.323062 0.00437601
0 0.546263 0.449726 0.0543061 0.116701 0.00437238
0 0.830146 0.161955 0.0695237 0.122946 0.00437161
0 0.168287 0.0364548 0.0484618 0.0729095 0.00436923
0 0.675601 0.567628 0.0452977 0.143214 0.00436351
0 0.359117 0.693349 0.0487112 0.1164 0.00436235
0 0.675799 0.46557 0.0681061 0.106947 0.00435973
0 0.510577 0.000983632 0.0940688 0.00196726 0.00434864
0 0.462832 0.810447 0.0533366 0.127195 0.00434713
0 0.025154 0.4436 0.050308 0.319888 0.00434213
0 0.68664 0.919225 0.343952 0.16155 0.00434143
0 0.355487 0.352942 0.0852738 0.0984707 0.00433387
0 0.793049 0.79485 0.0535578 0.146436 0.00432313
0 0.766124 0.588011 0.0654987 0.105033 0.00431926
0 0.213208 0.900574 0.0528444 0.0938416 0.00431586
0 0.415793 0.743217 0.0529403 0.148523 0.0043105
0 0.649723 0.0456372 0.125841 0.0912744 0.00430978
0 0.832282 0.0240521 0.0554334 0.0481041 0.00430663
0 0.459186 0.70679 0.0519035 0.102551 0.00430345
0 0.317381 0.356182 0.0702096 0.109367 0.0042896
0 0.487179 0.379459 0.0661407 0.109377 0.00428239
0 0.0699191 0.709345 0.0540197 0.0993333 0.00428227
0 0.7017 0.443822 0.0590124 0.107358 0.00427969
0 0.475983 0.684678 0.0481045 0.0870595 0.00427885
0 0.114929 0.0765665 0.22499 0.153133 0.0042782
0 0.654393 0.153405 0.412853 0.306811 0.00427819
0 0.0702759 0.506481 0.0368721 0.10917 0.00427395
0 0.384739 0.374483 0.0725661 0.100907 0.00426873
0 0.998288 0.216277 0.00342458 0.301367 0.00425437
0 0.331636 0.356778 0.0717799 0.105066 0.00424833
0 0.358213 0.500376 0.051344 0.128241 0.00424459
0 0.4019 0.742112 0.0494126 0.150074 0.00424188
0 0.817532 0.0223781 0.0579897 0.0447562 0.00423612
0 0.818374 0.0333072 0.0514141 0.0666144 0.00422639
0 0.112098 0.0719748 0.224195 0.14395 0.00422266
0 0.315456 0.475952 0.0492406 0.118724 0.00421614
0 0.0317518 0.392631 0.0635037 0.321568 0.00421432
0 0.618317 0.468431 0.0598876 0.0998035 0.00421349
0 0.972304 0.0706583 0.0553919 0.141317 0.00421319
0 0.987322 0.137412 0.0253567 0.274824 0.00420872
0 0.06949 0.396496 0.0440921 0.160552 0.00419882
0 0.591135 0.105531 0.0654114 0.150122 0.00418233
0 0.485695 0.36164 0.0776162 0.0881462 0.00417932
0 0.832958 0.034171 0.0490386 0.068342 0.00417812
0 0 0.734789 0 0.285473 0.00417717
0 0.788279 0.0197653 0.0604319 0.0395306 0.00417453
0 0.763114 0.110183 0.05815 0.103993 0.00417197
0 0.489295 0.687174 0.047187 0.0866143 0.00416571
0 0.588514 0.692534 0.0474797 0.125431 0.00416082
0 0.513561 0.106841 0.225945 0.190636 0.92704
0 0.0669822 0.912951 0.115922 0.0921381 0.0221399
0 0.852869 0.267781 0.29171 0.20937 0.00800803
0 0.851951 0.202899 0.296097 0.191321 0.00780551
0 0.603706 0.0961721 0.347607 0.192344 0.00774342
0 0.69604 0.117752 0.328502 0.235504 0.00771073
0 0.50513 0.842199 0.691184 0.315602 0.00767166
0 0.152589 0.287088 0.286602 0.231866 0.00762723
0 0.759776 0.840581 0.480449 0.318839 0.0076248
0 0.50564 0.213695 0.231566 0.42739 0.00747087
0 0.160918 0.151329 0.28609 0.22356 0.00739517
0 0.157945 0.219017 0.289391 0.241983 0.00739499
0 0.706722 0.860943 0.586555 0.278113 0.00735386
0 0.739724 0.117344 0.295088 0.234689 0.00732311
0 0.849642 0.15696 0.288926 0.192625 0.00727965
0 0.221538 0.937172 0.216415 0.125655 0.00726806
0 0.285443 0.126448 0.390005 0.252896 0.00726549
0 0.288387 0.930776 0.230736 0.138447 0.00719795
0 0.860072 0.314028 0.275257 0.194816 0.00718498
0 0.884325 0.317898 0.231351 0.212161 0.00710637
0 0.155643 0.105831 0.283256 0.211662 0.00710345
0 0.91849 0.523434 0.16302 0.207285 0.0071007
0 0.446977 0.27581 0.345578 0.258166 0.00705599
0 0.659212 0.791383 0.681576 0.417234 0.00705559
0 0.525009 0.278776 0.287209 0.246106 0.00705148
0 0.762025 0.513917 0.475951 0.471303 0.00704559
0 0.276721 0.0968632 0.362108 0.193726 0.00703979
0 0.132747 0.200318 0.265493 0.24773 0.00700994
0 0.744634 0.0854261 0.322457 0.170852 0.0069913
0 0.357154 0.280513 0.348621 0.251956 0.00696733
0 0.624795 0.129413 0.4062 0.228165 0.00696646
0 0.149021 0.934927 0.227838 0.130147 0.00696262
0 0.876998 0.508858 0.246004 0.370477 0.00693996
0 0.123546 0.342031 0.247092 0.214755 0.00692857
0 0.885101 0.874084 0.229798 0.251831 0.00692052
0 0.914675 0.414874 0.170651 0.167385 0.00691725
0 0.688865 0.0909089 0.344196 0.181818 0.00687505
0 0.889993 0.409522 0.220013 0.230296 0.00685575
0 0.846732 0.107341 0.292181 0.214682 0.00684686
0 0.429268 0.222676 0.407522 0.414517 0.00682706
0 0.879857 0.26711 0.240286 0.221524 0.00680088
0 0.747407 0.303106 0.31513 0.196847 0.00677624
0 0.671812 0.935688 0.253728 0.128625 0.00675494
0 0.228987 0.223462 0.365846 0.300148 0.00674718
0 0.607983 0.0892303 0.359664 0.178461 0.00670464
0 0.0270134 0.0960696 0.0540268 0.192139 0.00670116
0 0.128913 0.307204 0.257825 0.205654 0.00666373
0 0.57073 0.944679 0.266743 0.110642 0.00664908
0 0.545268 0.462513 0.572515 0.444979 0.00664113
0 0.961198 0.93683 0.0776032 0.12634 0.00663448
0 0.713749 0.212647 0.357287 0.378432 0.0066256
0 0.224739 0.122187 0.365587 0.244373 0.00660803
0 0.814944 0.811803 0.370112 0.376394 0.00658054
0 0.368865 0.140392 0.416053 0.280784 0.0065758
0 0.843447 0.55504 0.313106 0.38381 0.00656972
0 0.493346 0.208635 0.3503 0.4128 0.00656336
0 0.916166 0.465205 0.167668 0.175337 0.00656034
0 0.330113 0.351782 0.349562 0.27107 0.00655671
0 0.348489 0.865114 0.532345 0.269772 0.00655327
0 0.877521 0.208177 0.244958 0.210874 0.00653465
0 0.805463 0.0764246 0.294498 0.152849 0.00652592
0 0.295437 0.166113 0.432192 0.332226 0.00652563
0 0.715414 0.621486 0.569172 0.569836 0.00651422
0 0.752626 0.91784 0.287971 0.16432 0.00649795
0 0.23848 0.163545 0.386681 0.297441 0.00648207
0 0.166521 0.0845182 0.291813 0.169036 0.00642081
0 0.227174 0.0912889 0.351022 0.182578 0.00641858
0 0.921007 0.66496 0.157987 0.199866 0.0063859
0 0.120643 0.419029 0.241286 0.23732 0.00638509
0 0.615531 0.47033 0.686201 0.522598 0.00638211
0 0.277374 0.309151 0.29922 0.188782 0.00636948
0 0.858432 0.412259 0.283136 0.256872 0.00636799
0 0.349569 0.101206 0.356412 0.202413 0.00636665
0 0.911216 0.363032 0.177569 0.179985 0.00636432
0 0.927167 0.930522 0.145665 0.138956 0.00636229
0 0.440505 0.461783 0.451616 0.338623 0.00635593
0 0.358882 0.216357 0.435384 0.416551 0.0063557
0 0.906148 0.267852 0.187705 0.171849 0.00634098
0 0.25483 0.357524 0.298072 0.236847 0.00633275
0 0.207366 0.309544 0.289148 0.18621 0.0063239
0 0.072327 0.119007 0.144654 0.238013 0.00632209
0 0.905645 0.215851 0.18871 0.173361 0.00629284
0 0.102773 0.349478 0.205547 0.24271 0.00628265
0 0.416065 0.526911 0.413541 0.337244 0.00628196
0 0.37095 0.761722 0.741901 0.476556 0.00627578
0 0.675137 0.967515 0.254487 0.06497 0.00626528
0 0.108712 0.304643 0.217423 0.232484 0.00625195
0 0.357485 0.92888 0.229373 0.14224 0.00623936
0 0.888823 0.355841 0.222353 0.230614 0.00622721
0 0.667393 0.42287 0.665214 0.562754 0.00621804
0 0.38914 0.0992454 0.346652 0.198491 0.0062167
0 0.565418 0.137198 0.110462 0.118294 0.00620527
0 0.951448 0.205199 0.0971041 0.189312 0.00619954
0 0.262824 0.424923 0.306793 0.289289 0.00618938
0 0.540116 0.544226 0.558858 0.433429 0.00616916
0 0.68652 0.522097 0.626959 0.565171 0.00615032
0 0.858826 0.0794122 0.282347 0.158824 0.00614392
0 0.357595 0.415366 0.383037 0.340664 0.00613566
0 0.116259 0.264565 0.232518 0.281793 0.00613193
0 0.586004 0.784883 0.827992 0.430234 0.00611242
0 0.130894 0.0799827 0.261788 0.159965 0.00609722
0 0.115589 0.0941911 0.231179 0.188382 0.00607895
0 0.906365 0.162679 0.18727 0.177868 0.00606123
0 0.521982 0.611 0.683014 0.446921 0.00605118
0 0.636837 0.284506 0.306563 0.233971 0.00604691
0 0.748071 0.70439 0.503859 0.477558 0.00600847
0 0.864528 0.610411 0.270944 0.372388 0.00600454
0 0.200259 0.348975 0.290972 0.217364 0.00598525
0 0.0685929 0.97052 0.137186 0.0589601 0.00598425
0 0.754585 0.965103 0.266032 0.0697933 0.00598256
0 0.415285 0.100442 0.232564 0.200884 0.00598126
0 0.824174 0.965578 0.269582 0.0688446 0.00597675
0 0.146911 0.426879 0.284919 0.236841 0.00597656
0 0.912124 0.573106 0.175753 0.222808 0.00594667
0 0.209115 0.887036 0.343087 0.225929 0.00593016
0 0.470955 0.57152 0.497665 0.388894 0.00591579
0 0.611355 0.341156 0.557195 0.310821 0.00591263
0 0.904817 0.102905 0.190367 0.20098 0.00590983
0 0.907599 0.321113 0.184803 0.177858 0.00590784
0 0.87672 0.155763 0.246559 0.219805 0.00589429
0 0.60921 0.966035 0.240637 0.0679298 0.00589185
0 0.950987 0.152007 0.0980259 0.188908 0.00588463
0 0.743422 0.77866 0.513156 0.442681 0.00587638
0 0.951171 0.968707 0.0976581 0.0625868 0.0058664
0 0.123078 0.19899 0.246157 0.278072 0.00585057
0 0.201656 0.429955 0.292191 0.247338 0.00583634
0 0.795268 0.30881 0.283726 0.190698 0.00582466
0 0.906271 0.714036 0.187458 0.222418 0.00582293
0 0.750504 0.222306 0.333154 0.315918 0.0058187
0 0.791121 0.271636 0.302788 0.236276 0.00579531
0 0.882944 0.457663 0.234111 0.282355 0.00579376
0 0.288795 0.251344 0.375703 0.307455 0.00579096
0 0.355613 0.966655 0.272283 0.0666905 0.00578662
0 0.0866119 0.361645 0.173224 0.298634 0.00578584
0 0.791945 0.20203 0.316618 0.219782 0.00578205
0 0.121389 0.149313 0.242778 0.271467 0.00577739
0 0.951298 0.31014 0.0974037 0.181867 0.00572776
0 0.706485 0.275565 0.269769 0.251608 0.00571861
0 0.107267 0.0837238 0.214535 0.167448 0.00570793
0 0.888006 0.963997 0.223988 0.0720056 0.00570666
0 0.425199 0.801511 0.745956 0.396978 0.00570284
0 0.405799 0.344976 0.419282 0.297721 0.00570039
0 0.442234 0.400328 0.479036 0.393027 0.00570035
0 0.348774 0.472184 0.376048 0.29999 0.00569398
0 0.410362 0.964651 0.26487 0.0706972 0.00567603
0 0.874252 0.111752 0.251495 0.223504 0.0056673
0 0.267962 0.710307 0.535923 0.383721 0.00565355
0 0.847453 0.694665 0.305094 0.360197 0.00563511
0 0.496422 0.332608 0.481617 0.294477 0.00561148
0 0.95083 0.257543 0.0983391 0.179169 0.00560862
0 0.908776 0.0610673 0.182447 0.122135 0.00560737
0 0.62826 0.598067 0.74348 0.481773 0.0055976
0 0.916261 0.613333 0.167478 0.2127 0.00558221
0 0.290219 0.969268 0.283795 0.0614633 0.00557295
0 0.693591 0.347002 0.448485 0.277583 0.00556797
0 0.0631214 0.848633 0.126243 0.302734 0.00556771
0 0.0596479 0.930996 0.119296 0.138008 0.00555735
0 0.955068 0.911055 0.0898636 0.17789 0.00553839
0 0.112424 0.118989 0.224847 0.237979 0.00553358
0 0.414834 0.937603 0.242317 0.124793 0.00553016
0 0.894418 0.940498 0.211164 0.119004 0.00552189
0 0.0874141 0.930425 0.174828 0.13915 0.00551619
0 0.36262 0.822317 0.668568 0.355367 0.0055109
0 0.787262 0.153979 0.29672 0.210441 0.00550968
0 0.0859781 0.617014 0.171956 0.341892 0.00550488
0 0.965319 0.707361 0.0693619 0.193157 0.00549505
0 0.0966501 0.462824 0.1933 0.345004 0.00548565
0 0.0914622 0.304754 0.182924 0.287206 0.0054606
0 0.571894 0.224983 0.334754 0.393183 0.00545426
0 0.647353 0.207182 0.416108 0.392801 0.00544704
0 0.34781 0.712954 0.65948 0.435946 0.00544442
0 0.525605 0.96104 0.236795 0.0779201 0.00541423
0 0.221753 0.971305 0.277628 0.0573891 0.0053982
0 0.78389 0.34022 0.327546 0.238213 0.00539358
0 0.870864 0.811591 0.258272 0.265258 0.00539188
0 0.960731 0.4601 0.0785385 0.180875 0.00538722
0 0.471081 0.96167 0.248089 0.0766607 0.00537362
0 0.967951 0.755957 0.0640989 0.204116 0.00534725
0 0.79041 0.416488 0.41918 0.38554 0.00532508
0 0.0666768 0.918768 0.133354 0.162463 0.00531142
0 0.0843955 0.176089 0.168791 0.352179 0.00529787
0 0.101956 0.410453 0.203911 0.272541 0.00528908
0 0.817691 0.456042 0.364617 0.368131 0.00526853
0 0.958033 0.356853 0.0839333 0.182112 0.00526026
0 0.881305 0.761518 0.237389 0.252848 0.00524643
0 0.0786615 0.776064 0.157323 0.347411 0.00516313
0 0.0136053 0.928137 0.0272106 0.143726 0.00516241
0 0.884559 0.0825926 0.230881 0.165185 0.00514257
0 0.963966 0.657161 0.072068 0.183944 0.00513232
0 0.0257773 0.107902 0.0515546 0.215804 0.00512319
0 0.963312 0.51032 0.0733755 0.190062 0.0051164
0 0.966488 0.805704 0.0670236 0.202346 0.00510957
0 0.963691 0.860456 0.0726177 0.215183 0.0050784
0 0.0954233 0.559093 0.190847 0.346772 0.00507837
0 0.119095 0.773974 0.238191 0.368619 0.0050688
0 0.962771 0.608142 0.0744583 0.184726 0.00505394
0 0.103071 0.96708 0.206143 0.0658398 0.00505224
0 0.12531 0.470078 0.250619 0.235533 0.00505145
0 0.959313 0.408378 0.0813741 0.176497 0.00504857
0 0.963257 0.560591 0.0734859 0.192228 0.0050139
0 0.949519 0.100917 0.100962 0.196186 0.0049988
0 0.105184 0.207004 0.210367 0.358712 0.00496334
0 0.248175 0.848741 0.49635 0.302518 0.00494194
0 0.826868 0.924515 0.297383 0.150969 0.00493834
0 0.149138 0.969993 0.262515 0.0600132 0.00486853
0 0.333273 0.53039 0.357317 0.322012 0.00484019
0 0.134224 0.918626 0.268448 0.162748 0.00483527
0 0.923021 0.961245 0.153958 0.0775103 0.00481579
0 0.0311802 0.90193 0.0623604 0.196139 0.00478223
0 0.0951733 0.143366 0.190347 0.286732 0.00477676
0 0.907519 0.0790817 0.184962 0.158163 0.00477107
0 0.0102028 0.969152 0.0204057 0.0616951 0.00476333
0 0.202959 0.659872 0.405919 0.30638 0.00476258
0 0.135295 0.621418 0.270591 0.30091 0.00473183
0 0.227998 0.77257 0.455995 0.405218 0.00472711
0 0.0773814 0.660439 0.154763 0.29391 0.00472336
0 0.00584217 0.965378 0.0116843 0.0692431 0.00471313
0 0.954229 0.0721027 0.0915416 0.144205 0.00470719
0 0.0840258 0.263604 0.168052 0.378692 0.00470537
0 0.62501 0.739288 0.749979 0.521425 0.00469551
0 0.630855 0.674771 0.73829 0.586865 0.00467517
0 0.41355 0.610191 0.560139 0.40257 0.00467387
0 0.450062 0.728568 0.809117 0.506547 0.00466018
0 0.0757627 0.715999 0.151525 0.36532 0.00465485
0 0.262987 0.471427 0.320853 0.266293 0.00465023
0 0.0874337 0.862182 0.174867 0.275635 0.00462366
0 0.367008 0.573906 0.404213 0.372374 0.00462103
0 0.124689 0.518694 0.249379 0.282058 0.00461417
0 0.0312207 0.140865 0.0624414 0.281731 0.00459006
0 1 0.268646 0 0.304963 0.00458294
0 0.565844 0.675367 0.803576 0.534728 0.00451849
0 0.202583 0.472764 0.307467 0.237948 0.00451198
0 0.170534 0.716708 0.341068 0.322061 0.00449217
0 0.0405353 0.626593 0.0810705 0.333127 0.00447448
0 0.0442451 0.420863 0.0884902 0.331824 0.00446723
0 0.294787 0.652671 0.504115 0.358193 0.00443051
0 0.0388719 0.324401 0.0777438 0.318425 0.00442902
0 0.470917 0.106348 0.275288 0.212696 0.00442881
0 0.0418112 0.523755 0.0836224 0.339534 0.00439462
0 0.0363736 0.177596 0.0727471 0.318173 0.00432495
0 0.0380868 0.81993 0.0761736 0.301012 0.00432381
0 0.0408849 0.723042 0.0817698 0.323318 0.00431128
0 0.256959 0.532743 0.321182 0.284885 0.00428242
0 0.0996291 0.913408 0.175152 0.0879261 0.00426076
0 0.114896 0.465163 0.229792 0.28717 0.00422231
0 0.281825 0.580314 0.369646 0.345486 0.00421256
0 0.0355215 0.225424 0.071043 0.333322 0.00421055
0 1 0.0929356 0 0.185871 0.00420348
0 0.0997183 0.660369 0.199437 0.26414 0.00418306
0 0.174748 0.624785 0.349496 0.324653 0.00415961
0 0.198949 0.527296 0.310915 0.264509 0.00415799
0 0.241221 0.616046 0.421599 0.362444 0.00412246
0 0.14484 0.858376 0.289679 0.283248 0.00411566
0 0.118856 0.933912 0.237711 0.132176 0.00406944
0 0 0.89058 0 0.218839 0.00397258
0 0.10559 0.714173 0.211181 0.284332 0.00395179
0 0.464486 0.661538 0.684448 0.425728 0.00393447
0 0.135955 0.564939 0.271909 0.278101 0.00392883
0 1 0.339149 0 0.296904 0.00387483
0 1 0.195725 0 0.310869 0.00379776
0 0.0892813 0.932507 0.178563 0.134987 0.00379583
0 1 0.909996 0 0.180009 0.00379102
0 0.221359 0.57784 0.345216 0.325357 0.00378985
0 0.541486 0.0950464 0.274195 0.190093 0.00369189
0 1 0.955362 0 0.0892767 0.00366169
0 0.158774 0.576462 0.317547 0.293812 0.00365354
0 1 0.393945 0 0.311671 0.00341604
0 0.5485 0.202117 0.180842 0.198675 0.00338588
0 0.48243 0.786467 0.0893608 0.060713 0.00332881
0 0.0703138 0.82795 0.140628 0.155781 0.00329013
0 0.990251 0.471974 0.019498 0.319341 0.00326427
0 1 0.120429 0 0.240858 0.00326065
0 0.889214 0.0344944 0.221573 0.0689889 0.00324668
0 1 0.150698 0 0.301396 0.00317678
0 1 0.42082 0 0.317046 0.00316248
0 0.988427 0.573205 0.0231469 0.320808 0.00315071
0 0.998322 0.695667 0.0033555 0.316782 0.00314048
0 0.0125106 0.903152 0.0250212 0.193695 0.00307283
0 1 0.869951 0 0.260097 0.00299548
0 0.997015 0.823395 0.00596933 0.323152 0.00295967
0 0.991523 0.646323 0.0169539 0.318308 0.00289948
0 1 0.843827 0 0.312346 0.0028776
0 0.328809 0.608749 0.572156 0.343155 0.00286789
0 0.847638 0.784839 0.226979 0.0737239 0.00281936
0 0.992898 0.772265 0.0142038 0.32076 0.00275294
0 0 0.0120101 0 0.0240203 0.00267675
0 0.199425 0.0183615 0.262265 0.036723 0.00264809
0 0.873194 0.0159335 0.253612 0.0318669 0.00261345
0 0.0657079 0.689697 0.131416 0.133006 0.00260179
0 0.946493 0.347808 0.107015 0.33414 0.00257434
0 0.219527 0.00776942 0.245 0.0155388 0.00256163
0 0.297349 0.0674913 0.30524 0.134983 0.00252571
0 0.562414 0.67512 0.191537 0.130885 0.00252304
0 0.47965 0.456295 0.199276 0.120693 0.0025038
0 0.206333 0.598614 0.321912 0.205533 0.00249416
0 0.197393 0.846482 0.13952 0.122134 0.00248188
0 0.919308 0.645437 0.161384 0.366321 0.00247892
0 0.519907 0.00196413 0.230669 0.00392826 0.00245966
0 0.309304 0.668524 0.424857 0.20425 0.00245784
0 0.0870791 0.833614 0.163207 0.129963 0.00244156
0 0.512398 0.105531 0.223269 0.186497 0.97739
0 0.648807 0.905257 0.11327 0.174428 0.091013
0 0.198318 0.906272 0.138063 0.171718 0.0610036
0 0.996838 0.115227 0.00632364 0.230454 0.0539246
0 0.197118 0.874142 0.138448 0.101271 0.0212804
0 0.993691 0.908075 0.0126181 0.18385 0.0191853
0 0.998018 0.0282834 0.00396332 0.0565669 0.0187263
0 0.998741 0.0673731 0.00251853 0.134746 0.0156496
0 0.198172 0.930183 0.13771 0.119794 0.00996985
0 0.0500679 0.154199 0.100136 0.0793095 0.00935982
0 0.99578 0.166523 0.00844026 0.289991 0.00929358
0 0.99423 0.244218 0.0115409 0.291509 0.00751016
0 0.99157 0.29277 0.0168609 0.294329 0.00719673
0 0.122556 0.261431 0.245112 0.30346 0.00674279
0 0.900432 0.11159 0.199136 0.223179 0.00671911
0 0.132855 0.303782 0.265711 0.28002 0.00668325
0 0.467574 0.0997288 0.286823 0.195211 0.00656947
0 0.899526 0.0737179 0.200948 0.147436 0.0065494
0 0.872534 0.082302 0.254932 0.164604 0.00649587
0 0.752759 0.812637 0.494482 0.374726 0.00642213
0 0.116799 0.0908134 0.233599 0.181627 0.00632647
0 0.859327 0.940213 0.281346 0.119574 0.00628463
0 0.0844941 0.800639 0.168988 0.359912 0.00628033
0 0.89942 0.100038 0.201159 0.200077 0.00620386
0 0.928691 0.074995 0.142618 0.14999 0.00617294
0 0.328159 0.110656 0.246927 0.221311 0.00614066
0 0.891015 0.198716 0.21797 0.267156 0.00613485
0 0.209623 0.432135 0.419247 0.406079 0.00608237
0 0.73576 0.0982854 0.281961 0.196571 0.00599421
0 0.894414 0.128462 0.211172 0.228778 0.0059369
0 0.879399 0.0892201 0.241202 0.17844 0.00592353
0 0.0532731 0.964785 0.106546 0.0704308 0.00588278
0 0.372761 0.791821 0.745523 0.416357 0.00585128
0 0.83921 0.149858 0.32158 0.298073 0.00584619
0 0.0478338 0.863748 0.0956675 0.272503 0.00583033
0 0.138311 0.0946819 0.276622 0.189364 0.00582573
0 0.0505364 0.140659 0.101073 0.0690455 0.00582455
0 0.283111 0.0917983 0.291609 0.183597 0.00579543
0 0.262478 0.12455 0.34502 0.229205 0.00574439
0 0.760209 0.853539 0.374826 0.292922 0.00573271
0 0.73877 0.651169 0.52246 0.537645 0.00572455
0 0.333986 0.163378 0.264895 0.290495 0.00567547
0 0.885193 0.413921 0.229613 0.328413 0.00567243
0 0.677275 0.0975842 0.321814 0.195168 0.00567123
0 0.18688 0.0902746 0.358762 0.180549 0.00565673
0 0.101107 0.142664 0.202214 0.278781 0.0056128
0 0.770795 0.110589 0.329991 0.221177 0.00560676
0 0.984006 0.217172 0.0319885 0.31743 0.00560382
0 0.874343 0.469229 0.251314 0.309546 0.00559244
0 0.885436 0.347197 0.229127 0.261743 0.00557995
0 0.892111 0.30488 0.215779 0.239931 0.00555489
0 0.990558 0.849308 0.0188838 0.301384 0.00555198
0 0.109216 0.215329 0.218433 0.27621 0.00553209
0 0.907068 0.705994 0.185865 0.269065 0.0055166
0 0.916381 0.845759 0.167239 0.308482 0.00547451
0 0.991512 0.82439 0.0169764 0.336798 0.00546671
0 0.978889 0.668612 0.0422216 0.305569 0.00545609
0 0.853883 0.213444 0.292234 0.300346 0.0054507
0 0.985898 0.75681 0.0282049 0.273169 0.00543773
0 0.0685488 0.0938898 0.137098 0.18778 0.00540237
0 0.806139 0.654896 0.387722 0.442001 0.00539277
0 0.896238 0.254902 0.207523 0.258863 0.00539158
0 0.664604 0.783359 0.670792 0.433282 0.00538383
0 0.198608 0.889628 0.173032 0.203306 0.00537429
0 0.105612 0.49833 0.211223 0.48884 0.00533299
0 0.996275 0.926058 0.00744926 0.147884 0.00532926
0 0.98073 0.711061 0.0385398 0.273036 0.0053284
0 0.0475829 0.921695 0.0951659 0.156609 0.00531631
0 0.806093 0.326438 0.387815 0.322396 0.00531376
0 0.0758333 0.91427 0.0919775 0.0948215 0.00530732
0 0.173786 0.121857 0.347573 0.224972 0.00530602
0 0.960701 0.962529 0.0785987 0.074943 0.00530342
0 0.739486 0.137344 0.271853 0.274689 0.00529987
0 0.098583 0.371408 0.197166 0.354342 0.0052995
0 0.773435 0.769715 0.45313 0.38994 0.00528513
0 0.548722 0.50141 0.822836 0.556537 0.00528399
0 0.850567 0.325256 0.298865 0.263797 0.00528058
0 0.12425 0.116786 0.248499 0.2115 0.00527629
0 0.989797 0.751864 0.0204062 0.19858 0.00527346
0 0.0977702 0.116297 0.19554 0.232595 0.00524024
0 0.663614 0.494344 0.672772 0.544147 0.00519575
0 0.971859 0.136736 0.0562815 0.234002 0.00518581
0 0.313434 0.245241 0.381153 0.372298 0.00516766
0 0.734853 0.786776 0.530294 0.426448 0.00516444
0 0.642949 0.926044 0.171756 0.147911 0.00515867
0 0.0987315 0.303574 0.197463 0.317109 0.00513261
0 0.528568 0.371187 0.369249 0.295023 0.00508937
0 0.0492979 0.178236 0.0985957 0.0848624 0.00507089
0 0.0862081 0.439278 0.172416 0.41561 0.00506432
0 0.983127 0.138425 0.0337458 0.190829 0.00505917
0 0.268451 0.462788 0.536901 0.537833 0.00505708
0 0.179125 0.360119 0.358251 0.296599 0.00505655
0 0.778078 0.17478 0.351396 0.349559 0.00503617
0 0.981183 0.616829 0.0376342 0.321078 0.00503384
0 0.388289 0.798541 0.543575 0.402918 0.00502505
0 0.915931 0.750684 0.168139 0.257457 0.00501507
0 0.966891 0.641456 0.0662185 0.332217 0.00500369
0 0.989878 0.318931 0.0202445 0.358451 0.00499865
0 0.133698 0.351164 0.267396 0.267148 0.00496792
0 0.154944 0.434807 0.309888 0.393978 0.00495338
0 0.492504 0.227798 0.267382 0.436285 0.00494517
0 0.396911 0.504107 0.793822 0.558263 0.00492877
0 0.69305 0.399807 0.471586 0.411973 0.00492496
0 0.246886 0.176305 0.390467 0.247759 0.0049184
0 0.57085 0.924297 0.266583 0.151407 0.00491097
0 0.234494 0.358514 0.437706 0.369388 0.00490847
0 0.965763 0.0941368 0.0684736 0.188274 0.00490795
0 0.263198 0.76212 0.526396 0.47576 0.00490376
0 0.581418 0.379283 0.434871 0.328929 0.00490141
0 0.806439 0.258081 0.387121 0.34922 0.00488304
0 0.962585 0.691336 0.0748293 0.293248 0.0048822
0 0.161258 0.853844 0.322516 0.292312 0.0048782
0 0.432914 0.208133 0.363191 0.382664 0.00487351
0 0.995832 0.901056 0.00833604 0.197889 0.00485669
0 0.207401 0.867661 0.174578 0.264678 0.00485507
0 0.555366 0.788152 0.833085 0.423696 0.00484666
0 0.114111 0.172434 0.228222 0.247502 0.00484112
0 0.263008 0.615729 0.526016 0.585974 0.00483886
0 0.935867 0.936437 0.128267 0.127126 0.00483722
0 0.0998413 0.852622 0.199683 0.294757 0.00483
0 0.176049 0.488869 0.352099 0.518753 0.00480598
0 0.291649 0.3525 0.440928 0.418383 0.00479676
0 0.988424 0.887218 0.0231519 0.225563 0.00475501
0 0.184522 0.335107 0.142958 0.156518 0.00475442
0 0.745571 0.553009 0.508857 0.447728 0.00474485
0 0.596033 0.606179 0.807933 0.562003 0.00474172
0 0.762569 0.259637 0.389055 0.388702 0.00473986
0 0.421416 0.323175 0.397032 0.326564 0.00473624
0 0.233523 0.219287 0.404699 0.290723 0.00472973
0 0.690777 0.868589 0.297096 0.262821 0.00471759
0 0.788539 0.501429 0.422922 0.420822 0.00470846
0 0.986804 0.369251 0.0263921 0.384221 0.00470433
0 0.849249 0.402547 0.301502 0.315903 0.00470203
0 0.295078 0.422757 0.503687 0.473427 0.00470108
0 0.150202 0.262491 0.300404 0.269401 0.00466306
0 0.845319 0.805983 0.309362 0.388034 0.00466099
0 0.80927 0.395424 0.381459 0.353859 0.00465265
0 0.97682 0.421587 0.0463601 0.39619 0.00464082
0 0.160838 0.179819 0.321676 0.228813 0.00462357
0 0.974972 0.518852 0.0500563 0.349652 0.00462216
0 0.355935 0.341012 0.42528 0.388667 0.0046147
0 0.859479 0.810567 0.281041 0.378866 0.00460692
0 0.483488 0.88729 0.45838 0.22542 0.00460485
0 0.137282 0.959511 0.241892 0.0809788 0.00459892
0 0.703752 0.323304 0.387347 0.33272 0.00459614
0 0.240502 0.70886 0.481004 0.582281 0.00454603
0 0.970423 0.47011 0.0591536 0.37109 0.00454537
0 0.0249329 0.0740124 0.0498659 0.148025 0.0045416
0 0.770016 0.456745 0.459967 0.439087 0.00453416
0 0.155512 0.930697 0.212401 0.138606 0.00453244
0 0.96313 0.584705 0.0737395 0.308234 0.00452608
0 0.570463 0.112093 0.317183 0.193687 0.00451355
0 0.303265 0.958985 0.296462 0.0820296 0.00450104
0 0.586688 0.221067 0.405964 0.423117 0.00448832
0 0.834619 0.971108 0.277605 0.0577847 0.00447803
0 0.823263 0.882088 0.353473 0.235824 0.004469
0 0.634299 0.944788 0.158284 0.110424 0.00446772
0 0.0579637 0.497533 0.115927 0.320193 0.0044605
0 0.0441012 0.419982 0.0882024 0.230305 0.0044585
0 0.342344 0.741062 0.684687 0.517877 0.00444856
0 0.034947 0.354493 0.069894 0.194833 0.00444295
0 0.423731 0.398246 0.422018 0.404261 0.00443846
0 0.0224157 0.115221 0.0448314 0.174557 0.00442717
0 0.832044 0.464762 0.335912 0.344305 0.00442407
0 0.0643671 0.558048 0.128734 0.404166 0.00439746
0 0.778067 0.712034 0.443866 0.434088 0.00438388
0 0.914186 0.0828578 0.171629 0.165716 0.00438095
0 0.332268 0.457548 0.664536 0.547518 0.00435612
0 0.437745 0.608261 0.819973 0.554713 0.00434222
0 0.711289 0.201748 0.382676 0.403496 0.00432635
0 0.48737 0.329486 0.323825 0.29562 0.00430607
0 0.658472 0.655056 0.683056 0.556282 0.00429843
0 0.35072 0.0974192 0.266737 0.194838 0.00429749
0 0.992578 0.198656 0.0148442 0.215031 0.00427322
0 0.177915 0.95212 0.182977 0.095759 0.00426018
0 0.700193 0.91116 0.222401 0.17768 0.0042479
0 0.435374 0.959748 0.349401 0.0805044 0.00424243
0 0.38526 0.954219 0.341169 0.0915627 0.00424242
0 0.448955 0.811921 0.830924 0.376158 0.00424038
0 0.654295 0.158614 0.404423 0.317227 0.00423626
0 0.986307 0.341908 0.0273863 0.301263 0.00420773
0 0.0153864 0.812859 0.0307727 0.179081 0.00420508
0 0.788825 0.890766 0.394286 0.218468 0.00420411
0 0.548774 0.0985231 0.270377 0.197046 0.00418225
0 0.207069 0.321681 0.150781 0.169966 0.00416541
0 0.993822 0.252495 0.0123559 0.225082 0.00415293
0 0.19807 0.850577 0.138726 0.130657 0.00414558
0 0.478326 0.242 0.384793 0.433366 0.00414246
0 0.0325286 0.777144 0.0650573 0.236696 0.00413656
0 0.695681 0.166446 0.249624 0.283083 0.00411372
0 0.146697 0.760017 0.293395 0.479966 0.00409675
0 0.230392 0.959765 0.210647 0.0804697 0.00409641
0 0.546287 0.712758 0.816066 0.53436 0.00408376
0 0.0266748 0.158856 0.0533496 0.193648 0.0040765
0 0.0218129 0.872908 0.0436258 0.179566 0.0040603
0 0.505416 0.961448 0.29058 0.0771038 0.00405954
0 0.704669 0.960611 0.244036 0.0787777 0.00402503
0 0.0306204 0.299342 0.0612408 0.215174 0.00401514
0 0.333333 0.605187 0.666666 0.570013 0.00398985
0 0.0585937 0.744338 0.117187 0.361219 0.00398568
0 0.363833 0.211723 0.327481 0.368503 0.00397765
0 0.656011 0.246049 0.418907 0.435853 0.0039548
0 0.141949 0.218633 0.283898 0.252958 0.00395447
0 0.714018 0.111613 0.209197 0.21882 0.00395167
0 0.684469 0.110688 0.14468 0.221376 0.00394133
0 0.0714868 0.929203 0.142974 0.141594 0.00393751
0 0.574067 0.326918 0.383763 0.301578 0.00392772
0 0.262445 0.519631 0.52489 0.57893 0.00389548
0 0.936607 0.482951 0.126786 0.316191 0.00385609
0 0.0367063 0.898852 0.0734126 0.202296 0.00381095
0 0.0798042 0.261204 0.159608 0.323935 0.00380836
0 0.769463 0.967323 0.305763 0.065355 0.00380137
0 0.391204 0.719584 0.782409 0.524936 0.00376824
0 0.430901 0.769299 0.829894 0.461402 0.00373673
0 0.991607 0.303069 0.0167851 0.242868 0.00373584
0 0.981746 0.0385223 0.0365077 0.0770446 0.00372687
0 0.683165 0.749045 0.63367 0.501911 0.00372325
0 0.440317 0.863139 0.618912 0.273722 0.00370741
0 0.247148 0.88771 0.230066 0.224579 0.00368539
0 0.181444 0.957743 0.183194 0.0845144 0.00362677
0 0.0673096 0.651012 0.134619 0.483086 0.00359719
0 0.652353 0.955598 0.184388 0.0888037 0.00358656
0 0.636893 0.300839 0.474949 0.375665 0.00358538
0 0.962839 0.0697678 0.0743212 0.139536 0.0035517
0 0.618931 0.958039 0.200934 0.0839226 0.00354781
0 0.77483 0.211774 0.254388 0.234493 0.00353948
0 0.0630841 0.915833 0.126168 0.0966236 0.00350882
0 0.299091 0.903988 0.339289 0.192024 0.00347963
0 0.120131 0.593065 0.240262 0.53441 0.00347305
0 0.031613 0.200866 0.063226 0.208474 0.0034577
0 0.0243034 0.928753 0.0486067 0.142493 0.00333863
0 0.0487083 0.207049 0.0974165 0.0844447 0.00332772
0 0.226935 0.938744 0.199844 0.122511 0.00329237
0 0.56794 0.95605 0.243551 0.0878996 0.00327734
0 0.0356848 0.252101 0.0713696 0.217873 0.00321113
0 0.252611 0.314839 0.220021 0.185941 0.00320703
0 0.065846 0.885315 0.131692 0.153423 0.00317644
0 0.136298 0.688186 0.272595 0.558045 0.00314818
0 0.990797 0.859019 0.0184062 0.281963 0.00311414
0 0.607181 0.158213 0.261984 0.310679 0.00311125
0 0.875646 0.385397 0.248709 0.19344 0.0031062
0 0.0624131 0.129737 0.114187 0.0673799 0.00307465
0 0.691129 0.143509 0.194186 0.272925 0.00307207
0 0.0765059 0.963376 0.153012 0.0732487 0.00301788
0 0.905982 0.963602 0.188036 0.0727957 0.0029841
0 0.963399 0.568359 0.0732021 0.308175 0.00296741
0 0.960617 0.642785 0.0787665 0.309403 0.00295568
0 0.885441 0.96014 0.215957 0.0797203 0.00290969
0 0.970106 0.79258 0.0597889 0.304775 0.00289816
0 0.549688 0.755834 0.208815 0.13278 0.00288091
0 0.0474158 0.232026 0.0948316 0.0805037 0.00284613
0 0.862154 0.125501 0.266017 0.24924 0.00284353
0 0.120913 0.0658585 0.233596 0.0675154 0.00281018
0 0.892506 0.718777 0.214989 0.185416 0.00280679
0 0.533636 0.140095 0.167514 0.115621 0.00280152
0 0.478303 0.357791 0.237181 0.227206 0.00279128
0 0.974067 0.391963 0.0518669 0.304246 0.00277439
0 0.696463 0.207297 0.270397 0.259001 0.00275862
0 0.11517 0.158833 0.136608 0.0804682 0.00274235
0 0.0209968 0.811288 0.0419936 0.25353 0.00274167
0 0.085786 0.15579 0.152696 0.0844094 0.00270942
0 0.862394 0.358441 0.275212 0.232862 0.00269562
0 0.896053 0.353281 0.207893 0.205208 0.00266588
0 0.877714 0.264255 0.244571 0.275892 0.00264486
0 0.0620266 0.17968 0.124053 0.092884 0.00259983
0 0.658838 0.6161 0.250206 0.167965 0.0025805
0 0.95986 0.742261 0.0802808 0.305787 0.00257786
0 0.913975 0.5056 0.172051 0.141034 0.00257303
0 0.149408 0.163689 0.139281 0.0798082 0.00255299
0 0.151445 0.0734077 0.227673 0.0808195 0.00254713
0 0.911211 0.0415334 0.177577 0.0830669 0.00253383
0 0.865039 0.650262 0.269923 0.221195 0.00251872
0 0.11648 0.137091 0.127592 0.0668435 0.00250837
0 0.893704 0.458227 0.212593 0.220797 0.00247435
0 0.963961 0.693393 0.0720769 0.30808 0.00247003
0 0.12248 0.124854 0.12158 0.0635912 0.00243306
0 0.879122 0.949416 0.241755 0.101168 0.00240778
0 0.150605 0.320114 0.145108 0.146797 0.00240286
0 0.139982 0.0934774 0.190896 0.098796 0.00240239
0 0.17507 0.618195 0.350141 0.361487 0.00239486
0 0.995171 0.7887 0.00965744 0.300541 0.00236996
0 0.0890803 0.850841 0.178161 0.244893 0.00236297
0 0.0905058 0.0785387 0.181012 0.157077 0.00233584
0 0.0867495 0.3701 0.173499 0.242114 0.00233551
0 0.0870866 0.136764 0.142084 0.0703884 0.00232102
0 0 0.00485893 0 0.00971785 0.00230248
0 0.0547965 0.384196 0.109593 0.242845 0.00228819
0 0.145961 0.383192 0.251895 0.182944 0.00227969
0 0.902951 0.566997 0.194098 0.326992 0.00226037
0 0.472135 0.756935 0.297851 0.172115 0.00226022
0 0.958555 0.494056 0.0828897 0.310299 0.00225188
0 0.280483 0.29359 0.26279 0.21971 0.00224825
0 0.731905 0.213868 0.243605 0.23065 0.00223571
0 0.842781 0.240925 0.314438 0.271569 0.00222772
0 0.996947 0.387895 0.0061066 0.298037 0.00222403
0 0.876621 0.961645 0.246758 0.0767097 0.00222076
0 0.427029 0.355274 0.284724 0.229013 0.00221707
0 0.148603 0.122514 0.128716 0.0628232 0.00220499
0 0.870559 0.703519 0.258882 0.176647 0.00220478
0 0.339604 0.296613 0.299255 0.22218 0.00220342
0 0.510366 0.106369 0.222282 0.188477 0.875294
0 0.992981 0.908248 0.0140374 0.183504 0.290549
0 0.997906 0.105938 0.00418807 0.211876 0.0360836
0 0.969836 0.0801698 0.0603276 0.16034 0.0279634
0 0.861382 0.954634 0.277236 0.0907319 0.0206748
0 0.918845 0.0681884 0.162309 0.136377 0.0181592
0 0.140346 0.908633 0.280692 0.182733 0.0155926
0 0.940686 0.0227701 0.118627 0.0455402 0.0152235
0 0.995159 0.041311 0.00968233 0.0826221 0.0149806
0 0.891585 0.948799 0.21683 0.102401 0.0143209
0 0.934777 0.0938036 0.130446 0.187607 0.0126907
0 0.100979 0.894874 0.201957 0.210252 0.0104917
0 0.998597 0.158985 0.00280541 0.271429 0.0101526
0 0.99485 0.937221 0.0103004 0.125558 0.00998622
0 0.997497 0.528065 0.00500598 0.277848 0.00917021
0 0.997487 0.834183 0.00502648 0.267778 0.0081471
0 0.998306 0.352835 0.00338712 0.282682 0.00808434
0 0.881701 0.505137 0.236598 0.274252 0.0079681
0 0.997862 0.42785 0.00427643 0.286329 0.00780738
0 0.117678 0.890774 0.235356 0.218451 0.0077973
0 0.0704495 0.883734 0.140899 0.232531 0.00771994
0 0.12123 0.974081 0.24246 0.0518381 0.00736519
0 0.857432 0.438729 0.285137 0.287829 0.00693627
0 0.912471 0.0322223 0.175058 0.0644445 0.00690096
0 0.998329 0.280952 0.00334239 0.281872 0.00675083
0 0.857598 0.519003 0.284804 0.25796 0.00672877
0 0.206457 0.976966 0.247137 0.0460677 0.0067104
0 0.998085 0.680262 0.00382924 0.273667 0.00637291
0 0.997675 0.57779 0.00465013 0.280829 0.00626331
0 0.998296 0.230509 0.00340871 0.281063 0.0062322
0 0.94047 0.0684186 0.11906 0.136837 0.00600423
0 0.997946 0.782358 0.00410786 0.273284 0.00584476
0 0.909056 0.514547 0.176392 0.296005 0.00582577
0 0.997772 0.630456 0.00445689 0.273578 0.00582
0 0.157251 0.92026 0.231336 0.15948 0.00571113
0 0.998348 0.728373 0.00330449 0.271245 0.00564865
0 0.0918409 0.823487 0.183682 0.321181 0.0055594
0 0.258275 0.979004 0.256422 0.0419926 0.00555267
0 0.129452 0.802713 0.258904 0.314055 0.00549492
0 0.832376 0.961535 0.275841 0.0769305 0.00542185
0 0.606377 0.683124 0.26871 0.153553 0.00538463
0 0.990025 0.707803 0.0199503 0.333387 0.00523638
0 0.494652 0.0976126 0.237464 0.195225 0.00518488
0 0.703669 0.974035 0.230343 0.051929 0.00503895
0 0.144798 0.866297 0.289596 0.267405 0.00499883
0 0.984977 0.658994 0.0300458 0.321546 0.00495064
0 0.85117 0.976027 0.258078 0.0479462 0.00479735
0 0.901226 0.0437074 0.197547 0.0874149 0.00475986
0 0.954611 0.412858 0.0907776 0.348963 0.00474848
0 0.966572 0.906695 0.0668561 0.186611 0.00472695
0 0.9228 0.975528 0.154399 0.0489446 0.00464709
0 0.749556 0.975655 0.242348 0.0486897 0.00463047
0 0.972421 0.610782 0.0551587 0.310096 0.00462202
0 0.964117 0.550364 0.0717664 0.283135 0.0046146
0 0.956048 0.262203 0.0879049 0.356637 0.00460742
0 0.958993 0.504022 0.0820132 0.288577 0.00458491
0 0.989056 0.806492 0.0218885 0.345023 0.00457613
0 0.91407 0.943776 0.171859 0.112447 0.00446575
0 0.820129 0.224813 0.359741 0.449627 0.00443791
0 0.656189 0.101803 0.40397 0.203605 0.0044204
0 0 0.903308 0 0.193384 0.00440699
0 0.975508 0.848556 0.0489835 0.302887 0.0043814
0 0.358544 0.218095 0.531706 0.436189 0.00434503
0 0.963699 0.0627479 0.0726018 0.125496 0.00432552
0 0.838827 0.509558 0.322346 0.399781 0.00430584
0 0.221083 0.922781 0.215901 0.154439 0.00421056
0 0.201719 0.907774 0.280764 0.184451 0.00419546
0 0.83323 0.417193 0.333539 0.298822 0.0041265
0 0.958129 0.153533 0.0837411 0.307066 0.00412526
0 0.587356 0.702731 0.268808 0.190819 0.00407512
0 0.877824 0.148389 0.244352 0.296777 0.00406099
0 0.857628 0.923265 0.284744 0.153471 0.00404427
0 0.337377 0.515326 0.395832 0.309884 0.00403666
0 0.43926 0.0994268 0.360077 0.198854 0.00402656
0 0.0281934 0.973201 0.0563868 0.0535971 0.00401265
0 0.336736 0.979954 0.244757 0.0400917 0.00400998
0 0.960224 0.975416 0.0795511 0.0491682 0.00397376
0 0.0233915 0.916972 0.0467831 0.166056 0.00397083
0 0.674925 0.968972 0.207077 0.0620552 0.00396541
0 0.684726 0.93327 0.230169 0.13346 0.00396527
0 0.825958 0.914734 0.261074 0.170533 0.00396351
0 0.80333 0.32057 0.393341 0.44698 0.00391343
0 0.254138 0.90765 0.307501 0.184699 0.00385762
0 0.709139 0.920595 0.238478 0.15881 0.00384748
0 0.088453 0.118413 0.176906 0.236827 0.0038446
0 0.805414 0.57282 0.389173 0.450131 0.00380772
0 0.840639 0.829592 0.318722 0.340817 0.003797
0 0.074615 0.869335 0.14923 0.261329 0.00378146
0 0.59485 0.410576 0.394939 0.311323 0.00372943
0 0.452414 0.191983 0.364466 0.378325 0.003698
0 0.898181 0.219285 0.203637 0.417767 0.00363688
0 0.953033 0.620742 0.0939337 0.344863 0.003611
0 0.682296 0.413427 0.391558 0.3084 0.00359613
0 0.195366 0.781313 0.390731 0.437375 0.00357995
0 0.831579 0.510751 0.336841 0.29399 0.00357252
0 0.841534 0.406784 0.316933 0.417244 0.0035705
0 0.655662 0.503438 0.394321 0.277437 0.00355105
0 0.0827153 0.9163 0.165431 0.167399 0.00354136
0 0.968014 0.670116 0.0639722 0.370846 0.00353694
0 0.163231 0.35785 0.326462 0.645462 0.00351873
0 0.74442 0.440205 0.381842 0.300783 0.00349191
0 0.981407 0.721572 0.0371863 0.380968 0.00347132
0 0.905879 0.31957 0.188242 0.408903 0.00346659
0 0.992865 0.863039 0.0142693 0.273923 0.00346363
0 0.359861 0.100935 0.392994 0.201871 0.00345689
0 0.230132 0.439465 0.366283 0.292202 0.00344933
0 0.319501 0.17929 0.558617 0.358581 0.00342172
0 0.308653 0.802195 0.617307 0.39561 0.00340057
0 0.0771554 0.32788 0.154311 0.53969 0.00339451
0 0.59089 0.0904639 0.311018 0.180928 0.00337323
0 0.0980737 0.799688 0.196147 0.400624 0.00336199
0 0.0904348 0.892812 0.18087 0.214375 0.00332888
0 0.143385 0.887832 0.28677 0.224337 0.00332613
0 0.4694 0.258548 0.656788 0.517095 0.00329921
0 0.686669 0.510629 0.626662 0.548741 0.00329657
0 0.912226 0.164975 0.175548 0.32995 0.00326551
0 0.210631 0.826873 0.421261 0.346253 0.00325696
0 0.75353 0.922213 0.269309 0.155575 0.00325434
0 0.119133 0.858184 0.238266 0.283633 0.00325327
0 0.776378 0.197694 0.447243 0.395389 0.00324739
0 0.208679 0.317141 0.417359 0.517749 0.00323877
0 0.75726 0.461502 0.485481 0.493 0.0031987
0 0.917312 0.460771 0.165375 0.348978 0.00319234
0 0.0758146 0.435757 0.151629 0.522437 0.00318402
0 0.886265 0.0923547 0.227469 0.184709 0.0031683
0 0.230398 0.41323 0.460796 0.601427 0.0031669
0 0.655584 0.138706 0.518725 0.277413 0.00315
0 0.475287 0.978575 0.257885 0.0428494 0.00314686
0 0.120619 0.754205 0.241238 0.49159 0.00314418
0 0.241799 0.462879 0.483598 0.541928 0.00314396
0 0.389882 0.980344 0.261632 0.0393118 0.00313675
0 0.0342874 0.0807365 0.0685748 0.161473 0.00312908
0 0.214894 0.23366 0.429787 0.46732 0.00312203
0 0.145949 0.716447 0.291897 0.567105 0.00311923
0 0.768914 0.618757 0.462172 0.508948 0.00310712
0 0.591889 0.943002 0.322683 0.113996 0.00307543
0 0.722475 0.499424 0.371183 0.268557 0.00306108
0 0.0803446 0.537557 0.160689 0.53103 0.00304817
0 0.736358 0.316811 0.527285 0.520619 0.00304526
0 0.0755079 0.24463 0.151016 0.489259 0.00304309
0 0.380591 0.696557 0.302697 0.247972 0.00303945
0 0.779021 0.749231 0.441957 0.501538 0.00303739
0 0.285689 0.414827 0.368509 0.299678 0.00303384
0 0.345529 0.26763 0.654618 0.53526 0.00303004
0 0.166032 0.620006 0.332063 0.616428 0.00302973
0 0.962637 0.840634 0.0747269 0.318731 0.00301237
0 0.354996 0.439055 0.387882 0.32445 0.00300236
0 0.574912 0.518257 0.693692 0.509163 0.00299041
0 0.541773 0.972699 0.242345 0.0546022 0.00298813
0 0.726243 0.409196 0.547514 0.513918 0.00297971
0 0.348272 0.946204 0.236856 0.107591 0.00297413
0 0.219048 0.276359 0.438095 0.552717 0.00296409
0 0.12086 0.260406 0.24172 0.520812 0.00295914
0 0.568548 0.483781 0.39847 0.298137 0.00293595
0 0.869427 0.810618 0.261147 0.257945 0.00293564
0 0.243597 0.264049 0.487193 0.507887 0.00292724
0 0.246914 0.869201 0.273673 0.261597 0.00291793
0 0.718181 0.914164 0.248635 0.171672 0.00291472
0 0.763186 0.794884 0.473627 0.410231 0.00291312
0 0.077537 0.131079 0.155074 0.262158 0.00289948
0 0.0796247 0.639508 0.159249 0.517976 0.00289054
0 0.0461444 0.755015 0.0922889 0.425759 0.00287674
0 0.626866 0.463379 0.63538 0.484062 0.00287091
0 0.592259 0.235964 0.468617 0.471927 0.00286774
0 0.607827 0.967603 0.229511 0.0647942 0.00283373
0 0.0259271 0.894885 0.0518542 0.21023 0.0028269
0 0.731826 0.560175 0.536348 0.56321 0.00281109
0 0.0122114 0.801459 0.0244228 0.314961 0.0027968
0 0.958843 0.104069 0.0823133 0.208138 0.0027924
0 0.721869 0.113055 0.422058 0.226111 0.00278857
0 0.557381 0.351378 0.615692 0.497698 0.00278428
0 0.531894 0.920151 0.361942 0.159698 0.00277349
0 0.880148 0.192003 0.239705 0.312448 0.00275737
0 0.67945 0.271276 0.641101 0.542552 0.0027376
0 0.773204 0.485256 0.389588 0.307734 0.00273648
0 0.617531 0.300609 0.652885 0.557596 0.00273015
0 0.391941 0.514786 0.713801 0.530371 0.00272332
0 0.246018 0.204642 0.492037 0.409285 0.00271746
0 0.201495 0.51381 0.402991 0.65011 0.00271165
0 0.105989 0.195336 0.211978 0.390671 0.00270853
0 0.852132 0.390189 0.295736 0.299994 0.00270741
0 0.29544 0.138178 0.511974 0.276356 0.00270376
0 0.867537 0.131035 0.264925 0.26207 0.00269822
0 0.288516 0.467317 0.577032 0.473857 0.00269111
0 0.438679 0.455351 0.635152 0.48633 0.00267568
0 0.241171 0.362244 0.482342 0.47489 0.00265563
0 0.343076 0.901268 0.247224 0.197463 0.00265344
0 0.67904 0.607229 0.641919 0.570203 0.00263897
0 0.0652769 0.160457 0.130554 0.317725 0.00263671
0 0.544142 0.0987056 0.238353 0.197411 0.0026312
0 0.823418 0.809497 0.353164 0.283872 0.00263051
0 0.306102 0.929878 0.24589 0.140243 0.00262826
0 0.379936 0.958911 0.236081 0.0821772 0.00261247
0 0.268682 0.175878 0.537364 0.351757 0.00256902
0 0.815028 0.464702 0.369944 0.305205 0.00256889
0 1.94212e-05 0.82507 3.88424e-05 0.202775 0.00256105
0 0.87348 0.31626 0.25304 0.333679 0.0025578
0 0.707545 0.209891 0.584911 0.419781 0.00255491
0 0.690349 0.356366 0.619301 0.535218 0.00255145
0 0.891914 0.448554 0.216171 0.325247 0.00252882
0 0.490362 0.403602 0.600971 0.474514 0.00250153
0 0.776752 0.94405 0.2767 0.111899 0.00249188
0 0.372017 0.850115 0.396048 0.29977 0.0024874
0 0.97687 0.811884 0.0462605 0.376233 0.00248689
0 0.72558 0.870152 0.272878 0.256041 0.00248478
0 0.674482 0.770369 0.651036 0.459262 0.00247325
0 0.523122 0.508096 0.301684 0.280606 0.00245889
0 0.875616 0.260771 0.248767 0.312867 0.00245792
0 0.288366 0.519925 0.576732 0.519991 0.00245325
0 0.0927538 0.975151 0.185508 0.0496985 0.00244772
0 0.472165 0.904109 0.389408 0.191782 0.00244165
0 0.553296 0.751813 0.355106 0.226651 0.00243168
0 0.0587474 0.139941 0.117495 0.279881 0.00242944
0 0.0618768 0.907542 0.123754 0.184916 0.00242274
0 0.882948 0.110096 0.234104 0.220192 0.00240823
0 0.681764 0.708709 0.636473 0.542419 0.00239754
0 0.247442 0.102851 0.383867 0.205702 0.00235389
0 0.656195 0.819704 0.68761 0.360592 0.00234503
0 0.348532 0.598477 0.391924 0.309093 0.00234419
0 0.429556 0.351783 0.61669 0.490565 0.00234254
0 0.240232 0.738448 0.480465 0.523104 0.00233892
0 0.218953 0.214135 0.437906 0.42827 0.00230416
0 0.81816 0.102392 0.36368 0.204784 0.00227655
0 0.913747 0.517068 0.172505 0.319819 0.00227261
0 0.574689 0.609068 0.806442 0.55203 0.00226565
0 0.400257 0.905307 0.312127 0.189386 0.00225462
0 0.773087 0.108599 0.406992 0.217199 0.00225359
0 0.30813 0.354911 0.596522 0.482783 0.00225228
0 0.988456 0.474409 0.0230875 0.299359 0.00222619
0 0.763778 0.82067 0.458816 0.308546 0.0022146
0 0.257544 0.848571 0.331115 0.302858 0.00221065
0 0.285357 0.758924 0.570713 0.482151 0.00220391
0 0.402496 0.610784 0.784662 0.563404 0.00219221
0 0.890514 0.845656 0.218972 0.308688 0.00218445
0 0.372644 0.404496 0.593584 0.475613 0.00217901
0 0.741774 0.934008 0.276624 0.131984 0.00217561
0 0.826183 0.215068 0.347634 0.303672 0.0021716
0 0.574922 0.778477 0.779376 0.443045 0.00217137
0 0.156758 0.106745 0.313515 0.21349 0.00215575
0 0.356325 0.831408 0.533267 0.337185 0.00214521
0 0.898895 0.572477 0.199554 0.355031 0.00214419
0 0.844649 0.852535 0.310701 0.289272 0.00213613
0 0.133173 0.110257 0.266346 0.220513 0.00212993
0 0.901738 0.565306 0.196524 0.340342 0.00211267
0 0.691983 0.461478 0.364884 0.296889 0.00210605
0 0.0403857 0.835457 0.0807715 0.329086 0.00207841
0 0.365631 0.654071 0.358745 0.234664 0.00207729
0 0.406181 0.779043 0.750567 0.441915 0.00207202
0 0.297366 0.119255 0.247919 0.23851 0.0020606
0 0.286963 0.608882 0.573925 0.588827 0.00204968
0 0.540888 0.849541 0.4642 0.300919 0.00202005
0 0.0802042 0.816737 0.160408 0.324357 0.00201917
0 0.41815 0.8264 0.434154 0.326729 0.00201125
0 0.0401703 0.883103 0.0803406 0.233795 0.00200262
0 0.0395349 0.213592 0.0790697 0.323946 0.00199865
0 0.162044 0.565381 0.324088 0.435747 0.00197135
0 0 0.913254 0 0.173491 0.00196531
0 0.660967 0.659495 0.365875 0.202538 0.00196393
0 0 0.941576 0 0.116848 0.00195938
0 0.629929 0.749949 0.740141 0.500103 0.00195439
0 0.205931 0.0173877 0.25308 0.0347754 0.00195142
0 0.940895 0.984952 0.11821 0.0300966 0.00195058
0 0.329835 0.719252 0.659671 0.533404 0.00192939
0 0.580322 0.72025 0.339636 0.225223 0.00192806
0 0.321135 0.665358 0.361361 0.284345 0.0019249
0 0.947915 0.119818 0.10417 0.239636 0.00192366
0 0.798223 0.850221 0.403554 0.299558 0.00190599
0 0.219259 0.180697 0.438519 0.361394 0.00190282
0 0.84218 0.285601 0.31564 0.305487 0.00189969
0 0.920261 0.977866 0.159478 0.0442682 0.00189414
0 0.523521 0.817725 0.752625 0.364551 0.00188453
0 0.305097 0.572045 0.385837 0.282609 0.00186754
0 0.0725973 0.847986 0.145195 0.25872 0.00185733
0 0.124072 0.464585 0.248145 0.430452 0.00185014
0 0.0903986 0.700993 0.180797 0.371096 0.0018353
0 0.0822023 0.895508 0.164405 0.208983 0.00180783
0 0.2452 0.88568 0.331738 0.228641 0.00180738
0 0.046111 0.852744 0.0922221 0.294512 0.00180474
0 0.774802 0.142973 0.450395 0.285946 0.00179662
0 0.111625 0.638246 0.22325 0.364503 0.00179095
0 0.870946 0.0748916 0.258108 0.149783 0.00178953
0 0.282114 0.527575 0.367916 0.296015 0.00178368
0 0.314675 0.15188 0.327451 0.30376 0.00177524
0 0.881581 0.738327 0.236838 0.280822 0.00177129
0 0.516019 0.711759 0.768798 0.539322 0.00176826
0 0.0295542 0.776902 0.0591085 0.358316 0.00176668
0 0.946885 0.921185 0.10623 0.15763 0.00176064
0 0.33215 0.385645 0.375975 0.30456 0.00175871
0 0.693733 0.639546 0.441417 0.25101 0.00173207
0 0.264019 0.486758 0.346901 0.304371 0.00172786
0 0.520258 0.574705 0.326693 0.291012 0.00172677
0 0.66535 0.646878 0.365866 0.14201 0.00172647
0 0.503781 0.414008 0.341111 0.301977 0.0017216
0 0.170482 0.460224 0.303145 0.287652 0.00171895
0 0.350465 0.285193 0.425806 0.337022 0.00170374
0 0.674043 0.912566 0.171478 0.174869 0.00170297
0 0.875662 0.596075 0.248676 0.38894 0.0017028
0 0.422669 0.759036 0.380097 0.28459 0.00170202
0 0.667775 0.792493 0.468034 0.301587 0.00169485
0 0.371071 0.549915 0.4492 0.348058 0.00169336
0 0.510212 0.106532 0.220833 0.193694 0.818765
0 0.996664 0.899593 0.006672 0.200813 0.0259276
0 0.537505 0.00471574 0.249789 0.00943148 0.0165969
0 0.489827 0.00281897 0.24623 0.00563794 0.0128532
0 0.432512 0.00214673 0.245614 0.00429345 0.00834728
0 0.920722 0.00296095 0.158557 0.00592191 0.00681158
0 0.998611 0.082621 0.00277765 0.165242 0.005243
0 0.986648 0.2019 0.0267034 0.278864 0.00432179
0 0.987906 0.139648 0.0241877 0.244155 0.00429449
0 0.602064 0.00488004 0.264654 0.00976009 0.00415991
0 0.986204 0.551886 0.0275925 0.276166 0.00413513
0 0.525781 0.0586529 0.267388 0.117306 0.00408683
0 0.986573 0.501587 0.0268546 0.267392 0.00407165
0 0.98681 0.607779 0.0263794 0.293073 0.00406227
0 0.983841 0.255272 0.032318 0.282173 0.00405661
0 0.166965 0.804047 0.33393 0.391906 0.00400604
0 0.98494 0.4069 0.0301203 0.278739 0.00397809
0 0.00570162 0.964678 0.0114032 0.0706432 0.0039497
0 0.0677889 0.961847 0.135578 0.076305 0.00394872
0 0.969738 0.466535 0.0605244 0.321148 0.00391524
0 0.984145 0.35308 0.0317094 0.278171 0.0038847
0 0.98855 0.659053 0.0229005 0.291564 0.00385952
0 0.662823 0.901813 0.244309 0.196374 0.00383038
0 0.948644 0.56621 0.102712 0.347596 0.00378429
0 0.990095 0.705391 0.0198095 0.273898 0.00377464
0 0.33393 0.15408 0.474007 0.30816 0.00373668
0 0.973263 0.36133 0.0534738 0.323991 0.00371467
0 0.91694 0.624798 0.166121 0.40839 0.00370953
0 0.494243 0.100178 0.245717 0.200356 0.00366051
0 0.9872 0.802023 0.0256004 0.224896 0.00365984
0 0.988397 0.753537 0.0232057 0.257125 0.00364912
0 0.696438 0.783634 0.607124 0.432732 0.00360957
0 0.575117 0.786202 0.783424 0.427596 0.00360727
0 0.448013 0.109688 0.332502 0.206041 0.00360059
0 0.966805 0.714702 0.0663906 0.33561 0.00359753
0 0.472377 0.961416 0.24541 0.0771679 0.00359705
0 0.981102 0.303086 0.0377965 0.29818 0.00358752
0 0.962276 0.916691 0.0754487 0.166618 0.00356261
0 0.751438 0.00193169 0.248476 0.00386338 0.0035565
0 0.969699 0.877365 0.060602 0.245269 0.00351959
0 0.0323012 0.691157 0.0646024 0.382277 0.00350985
0 0.760419 0.780286 0.479162 0.439428 0.0035098
0 0.0246074 0.778562 0.0492149 0.359665 0.00350851
0 0.24096 0.790327 0.481921 0.419347 0.00350097
0 0.160086 0.966075 0.239282 0.0678507 0.00349772
0 0.0646517 0.902402 0.129303 0.195196 0.00346454
0 0.377629 0.00244604 0.248419 0.00489208 0.00343565
0 0.157517 0.892144 0.31257 0.215713 0.00342085
0 0.157382 0.937269 0.226131 0.125463 0.00341439
0 0.0735134 0.908899 0.147027 0.182201 0.0033944
0 0.354232 0.230126 0.550074 0.460252 0.0033938
0 0.103327 0.934978 0.206653 0.130043 0.00338614
0 0.0292484 0.887172 0.0584969 0.225656 0.00338429
0 0.101784 0.963042 0.203567 0.0739168 0.00328804
0 0.888345 0.936634 0.210459 0.126732 0.00325264
0 0.347399 0.763446 0.694799 0.473108 0.00324821
0 0.646632 0.0817255 0.270849 0.163451 0.00323667
0 0.0304649 0.592058 0.0609299 0.384544 0.0032285
0 0.682821 0.948834 0.189049 0.102332 0.00321597
0 0.847503 0.904824 0.304994 0.190351 0.00318097
0 0.943531 0.0686914 0.112938 0.137383 0.00316619
0 0.628032 0.956738 0.208651 0.086524 0.0031604
0 0.41046 0.961421 0.275945 0.0771583 0.00315264
0 0.531731 0.960183 0.23455 0.0796341 0.00314854
0 0.815448 0.872226 0.369104 0.255548 0.00313551
0 0.540696 0.0936705 0.230895 0.185739 0.00313132
0 0.809029 0.00212011 0.248553 0.00424022 0.00311497
0 0.790038 0.737751 0.419925 0.524499 0.00310845
0 0.723245 0.884099 0.284848 0.231801 0.00308434
0 0.649054 0.102816 0.354102 0.205633 0.00308391
0 0.697586 0.00238425 0.245196 0.00476851 0.00307987
0 0.165438 0.146804 0.330877 0.293607 0.00307641
0 0.851123 0.786972 0.297754 0.426057 0.0030706
0 0.956024 0.968666 0.0879528 0.0626686 0.00305241
0 0.0162048 0.486723 0.0324097 0.331578 0.00304811
0 0.739719 0.938079 0.236448 0.123841 0.00303292
0 0.512967 0.827546 0.689015 0.344909 0.0030299
0 0.341213 0.962563 0.229412 0.0748735 0.00302604
0 0.311532 0.186286 0.571214 0.372572 0.00300655
0 0 0.713108 0 0.17515 0.00298926
0 0.787659 0.347332 0.424683 0.546836 0.00297231
0 0.0687311 0.933229 0.137462 0.133543 0.00297198
0 0.119928 0.913011 0.239856 0.173978 0.00296474
0 0.826213 0.930903 0.225896 0.138194 0.00295402
0 0.786335 0.443847 0.427331 0.566426 0.00294524
0 0.444754 0.198211 0.369306 0.394111 0.0029415
0 0.1046 0.189788 0.2092 0.379577 0.00292384
0 0 0.66247 0 0.170015 0.00292079
0 0 0.763559 0 0.17689 0.00290887
0 0.357757 0.0934858 0.337079 0.186972 0.00290092
0 0.254935 0.967097 0.229301 0.0658066 0.00289931
0 0.00623288 0.923156 0.0124658 0.153688 0.00289602
0 0.906204 0.0416519 0.187592 0.0833039 0.00288408
0 0.436634 0.959662 0.1969 0.0806763 0.00287604
0 0 0.610663 0 0.167477 0.00287096
0 0.144091 0.365636 0.288182 0.526993 0.00285554
0 0.0458239 0.963704 0.0916477 0.0725919 0.00285184
0 0.863929 0.00226795 0.249128 0.0045359 0.00284919
0 0.285193 0.734151 0.570387 0.531697 0.00284563
0 0.116541 0.094142 0.233083 0.188284 0.00284499
0 0.80313 0.255357 0.393741 0.510713 0.00282966
0 0 0.560417 0 0.168105 0.00282672
0 0.923063 0.82775 0.153873 0.3445 0.0028258
0 0.991518 0.891053 0.0169639 0.217894 0.00281852
0 0.201275 0.616192 0.40255 0.560234 0.00281485
0 0.0129535 0.431132 0.0259069 0.294308 0.00281092
0 0 0.509338 0 0.165696 0.00280744
0 0.190004 0.715412 0.380007 0.544775 0.00280648
0 0.199075 0.836015 0.137608 0.167399 0.00280388
0 0 0.0992367 0 0.1596 0.00279414
0 0.00774794 0.900071 0.0154959 0.199858 0.00279086
0 0.0754453 0.120846 0.150891 0.241692 0.00276584
0 0.538324 0.128932 0.247898 0.203954 0.0027617
0 0.569986 0.877439 0.442979 0.245123 0.00275046
0 0.870005 0.192061 0.25999 0.384123 0.00274626
0 0.866153 0.0843298 0.267693 0.16866 0.00274386
0 0.592677 0.0808777 0.233102 0.161755 0.00274271
0 0.952075 0.142497 0.0958506 0.284993 0.00274155
0 0.645359 0.144253 0.443344 0.288506 0.00272472
0 0.522271 0.739808 0.784383 0.520384 0.00271729
0 0 0.458359 0 0.163494 0.002714
0 0 0.155315 0 0.158731 0.00270529
0 0 0.20844 0 0.156406 0.00270192
0 0.586921 0.607859 0.804133 0.57892 0.0026788
0 0 0.814364 0 0.161251 0.00267877
0 0.192731 0.188778 0.385462 0.377555 0.00267877
0 0.65278 0.738533 0.69444 0.522934 0.00267143
0 0 0.260706 0 0.156319 0.00266188
0 0 0.31093 0 0.159991 0.00265485
0 0.17264 0.467839 0.34528 0.555247 0.00265397
0 0.00496665 0.062758 0.00993331 0.125516 0.00265124
0 0.0969693 0.85034 0.193939 0.29932 0.00264196
0 0.0528678 0.92683 0.105736 0.14634 0.00263276
0 0.435109 0.265204 0.710921 0.530408 0.00262746
0 0.464281 0.512204 0.80671 0.586119 0.00261962
0 0.77243 0.653007 0.45514 0.588776 0.00261553
0 0 0.409277 0 0.162773 0.00260533
0 0.00055383 0.895309 0.00110766 0.202789 0.00259358
0 0.975641 0.0672941 0.0487173 0.134588 0.00259321
0 0.31877 0.00256724 0.248798 0.00513447 0.00257698
0 0 0.359781 0 0.160629 0.00257625
0 0.128445 0.262623 0.25689 0.525246 0.00257251
0 0.313154 0.949714 0.264293 0.100572 0.00256992
0 0.783421 0.549841 0.433159 0.561818 0.00256186
0 0.285537 0.828541 0.548357 0.342918 0.00255672
0 0.0586985 0.904209 0.117397 0.191582 0.00255144
0 0.409142 0.780969 0.803275 0.438062 0.00252308
0 0.476549 0.231639 0.289602 0.443012 0.00251986
0 0.342207 0.237662 0.684413 0.475324 0.00251623
0 0.22617 0.936484 0.213942 0.127033 0.00251452
0 0.68097 0.608779 0.63806 0.569756 0.00250459
0 0.373302 0.457906 0.746604 0.572676 0.00249492
0 0.244369 0.510377 0.488739 0.589741 0.00249012
0 0.0116921 0.370314 0.0233843 0.255655 0.00248686
0 0.868077 0.972333 0.253789 0.0553344 0.00247345
0 0.623324 0.511291 0.753351 0.568635 0.00246116
0 0.777353 0.1664 0.445294 0.332801 0.00245822
0 0.212597 0.252217 0.425193 0.504433 0.00245422
0 0.0109838 0.270356 0.0219676 0.22913 0.00242678
0 0.822415 0.12816 0.35517 0.256319 0.00242454
0 0.0112782 0.319576 0.0225564 0.238989 0.00241985
0 0.462133 0.405196 0.783442 0.573109 0.00240378
0 0.709453 0.508443 0.581095 0.562581 0.00239692
0 0.231713 0.363183 0.463426 0.589304 0.00239078
0 0.89554 0.0662495 0.208921 0.132499 0.00237708
0 0.255135 0.00224551 0.256107 0.00449101 0.00235331
0 0.0675442 0.0671866 0.135088 0.134373 0.00234586
0 0.00897129 0.212063 0.0179426 0.207311 0.00233424
0 0.292522 0.138056 0.536368 0.276113 0.00231944
0 0.494562 0.959136 0.183457 0.0817286 0.00231496
0 0.0253854 0.0667571 0.0507709 0.133514 0.00231041
0 0.315962 0.604867 0.631924 0.565386 0.00230264
0 0.401258 0.717759 0.773396 0.550753 0.00227315
0 0.00554598 0.155412 0.011092 0.187712 0.00226565
0 0.41661 0.608761 0.82342 0.577676 0.00222185
0 0.632984 0.301947 0.734032 0.556829 0.00220223
0 0.00336139 0.0953571 0.00672278 0.172723 0.00219474
0 0.623434 0.407696 0.753132 0.572583 0.0021914
0 0.706153 0.0930691 0.302069 0.186138 0.00215396
0 0.291944 0.0976129 0.341647 0.195226 0.00213972
0 0.561472 0.230584 0.387195 0.461168 0.00212041
0 0.609877 0.959682 0.184882 0.0806355 0.0021078
0 0.584376 0.0158833 0.297667 0.0317666 0.00210255
0 0.999897 0.0216387 0.000205581 0.0432773 0.00210225
0 0.506699 0.298301 0.754218 0.560636 0.00207667
0 0.706847 0.713009 0.586306 0.573982 0.00207557
0 0.355421 0.300848 0.710842 0.565548 0.00207309
0 0.678176 0.965201 0.20066 0.0695984 0.00202559
0 0.599923 0.689601 0.691665 0.447626 0.00200917
0 0.811549 0.0986188 0.376903 0.197238 0.00199913
0 0.685555 0.189039 0.564019 0.378078 0.0019981
0 0.818579 0.971854 0.243491 0.0562924 0.00198978
0 0.744263 0.96939 0.23741 0.0612192 0.00196872
0 0.680861 0.353774 0.638279 0.552617 0.00196572
0 0.343088 0.663904 0.686176 0.545409 0.00194765
0 0.189545 0.108835 0.379091 0.217671 0.00194212
0 0.301706 0.181726 0.603411 0.363453 0.00183086
0 0.199467 0.809033 0.13868 0.119676 0.00181433
0 0.634223 0.960593 0.1784 0.078814 0.00181374
0 0.689431 0.237681 0.621138 0.475362 0.00180546
0 0.741304 0.212137 0.517392 0.424274 0.00179662
0 0.071004 0.874026 0.142008 0.243897 0.0017704
0 0.514672 0.928757 0.16491 0.141168 0.00176164
0 0.902541 0.785878 0.183622 0.0618551 0.0017394
0 0.248412 0.222651 0.496824 0.445301 0.00171519
0 0.775649 0.787486 0.139852 0.0590073 0.00171097
0 0.209166 0.00187053 0.236997 0.00374106 0.00170195
0 0.308995 0.406506 0.617989 0.574684 0.00168707
0 0.722106 0.143567 0.522044 0.287133 0.00166053
0 0.536133 0.959126 0.1669 0.0817478 0.00165197
0 0.795125 0.812564 0.219006 0.103323 0.00161241
0 0.927238 0.770994 0.145523 0.0956644 0.00160994
0 0.128218 0.469287 0.242128 0.182259 0.00160604
0 0 0.0126229 0 0.0252458 0.00159953
0 0 0.0240914 0 0.0481829 0.00159441
0 0.895647 0.844935 0.192515 0.172663 0.00158464
0 0.412666 0.0110907 0.308557 0.0221814 0.00158095
0 0.482303 0.646588 0.201695 0.0982414 0.00157841
0 0.349002 0.781064 0.154057 0.0721035 0.00157258
0 0.0756465 0.786809 0.151293 0.0707478 0.00155339
0 0.431973 0.940913 0.236849 0.118173 0.00155
0 0.294805 0.267646 0.589611 0.535292 0.00153226
0 0.958347 0.00616683 0.0833059 0.0123337 0.00153103
0 0.99967 0.40644 0.000659488 0.254566 0.00152554
0 0.396334 0.134178 0.166986 0.242477 0.00151886
0 0.653751 0.92222 0.115005 0.150607 0.00151734
0 0.349457 0.336461 0.228609 0.118641 0.0014996
0 0.309482 0.110275 0.248992 0.220549 0.00149558
0 0.773165 0.818408 0.1858 0.124386 0.00148602
0 0.999583 0.455302 0.000834 0.256155 0.00148568
0 0.896395 0.874503 0.177117 0.113323 0.00147225
0 0.999391 0.680194 0.00121762 0.254896 0.0014625
0 0.49399 0.894177 0.226759 0.157384 0.00145586
0 0.711569 0.282978 0.270497 0.239542 0.00144843
0 0 0.918029 0 0.163942 0.00142653
0 0.767718 0.471615 0.276761 0.165167 0.00142284
0 0.996729 0.945702 0.00654244 0.108595 0.00142191
0 0.999511 0.530213 0.000978766 0.255074 0.00141728
0 0.140205 0.785996 0.256415 0.0820497 0.00141432
0 1 0.861621 0 0.249385 0.00140961
0 0.999507 0.630415 0.000985817 0.256723 0.00140801
0 0.819225 0.0180033 0.305632 0.0360067 0.00140352
0 0.999632 0.729779 0.000736719 0.253158 0.00139694
0 0.850793 0.122101 0.298414 0.244201 0.00139375
0 0.575445 0.865307 0.310789 0.193668 0.00138501
0 0.650798 0.786955 0.107391 0.0656845 0.00136598
0 0.605753 0.307097 0.458704 0.299986 0.00136457
0 0.361348 0.556479 0.462898 0.232277 0.00136106
0 0.999576 0.580672 0.000847662 0.255993 0.00135773
0 0.913895 0.889553 0.172209 0.150414 0.0013515
0 0.857705 0.418187 0.284591 0.313908 0.00134321
0 0.791669 0.785041 0.208132 0.0704519 0.00134118
0 0.507849 0.135926 0.202186 0.125643 0.00132955
0 0.368003 0.169013 0.383643 0.305154 0.00132667
0 0.999759 0.356586 0.000482662 0.254755 0.00132077
0 0.614287 0.781541 0.188307 0.0758198 0.00131874
0 0.890137 0.712354 0.208029 0.21124 0.00131648
0 0.295658 0.128204 0.347567 0.256408 0.00131432
0 0.732967 0.114588 0.236306 0.229176 0.00131405
0 0.51241 0.904425 0.175803 0.113466 0.00131066
0 0.101273 0.000775614 0.202547 0.00155123 0.00130782
0 0.00446615 0.902001 0.0089323 0.195997 0.00130124
0 0.875367 0.099734 0.249266 0.199468 0.00130055
0 0.362411 0.938206 0.192407 0.123588 0.0012934
0 0.364573 0.488399 0.437177 0.235649 0.00129333
0 0.670927 0.142345 0.141724 0.160429 0.00127408
0 0.140337 0.00114698 0.249096 0.00229395 0.001269
0 0.270891 0.0161444 0.312119 0.0322888 0.00126365
0 0.860058 0.279986 0.279884 0.234833 0.00126179
0 0.999789 0.307695 0.000422178 0.252141 0.00125808
0 0.317812 0.757496 0.158744 0.122029 0.00125718
0 0.499355 0.78344 0.225665 0.0659016 0.00125364
0 0.735064 0.143493 0.350861 0.27904 0.00125317
0 0.863165 0.0380731 0.273669 0.0761462 0.00125097
0 0.857754 0.534593 0.284493 0.271807 0.00125041
0 0.479962 0.0248113 0.287797 0.0496226 0.00124667
0 0.999811 0.781315 0.00037833 0.255035 0.00124638
0 0.641132 0.894203 0.125914 0.155174 0.00124398
0 0.649603 0.297143 0.313624 0.260579 0.00124282
0 0.329417 0.0207674 0.313596 0.0415348 0.0012347
0 0.859953 0.65171 0.280094 0.378523 0.00123219
0 0.464062 0.828057 0.330097 0.161121 0.00122723
0 0.697019 0.786413 0.200175 0.0677034 0.00122598
0 0.296338 0.168122 0.369384 0.292444 0.00122318
0 0.1433 0.290048 0.2866 0.258066 0.00121968
0 0.877756 0.784381 0.243344 0.0678583 0.00121335
0 0.846594 0.486216 0.306811 0.377711 0.00120754
0 0.865124 0.23034 0.269753 0.268035 0.00120682
0 0.0990803 0.614764 0.193457 0.265402 0.00120639
0 0.664322 0.227499 0.249495 0.208457 0.00120553
0 0.387878 0.587117 0.496196 0.2175 0.00120476
0 0.541052 0.500164 0.172015 0.13677 0.00120457
0 0.721341 0.0794614 0.203221 0.158923 0.00120328
0 0.999763 0.260117 0.000473739 0.248337 0.00120178
0 0.817694 0.0865885 0.334039 0.173177 0.00120048
0 0.440127 0.643159 0.118716 0.102776 0.00119599
0 0.351322 0.249295 0.491293 0.343522 0.00119585
0 0.0907871 0.735804 0.178899 0.174648 0.00119538
0 0.999687 0.212395 0.000625445 0.24374 0.00118925
0 0.473665 0.935487 0.235857 0.129025 0.00117839
0 0.511679 0.103372 0.217619 0.190861 0.963002
0 0.0647339 0.93186 0.110669 0.123495 0.541852
0 0.503884 0.1329 0.194639 0.134574 0.00814279
0 0.50457 0.00244624 0.146345 0.00489248 0.00693077
0 0.188062 0.786568 0.115088 0.0695931 0.00594639
0 0.345984 0.78388 0.154066 0.0600246 0.00556987
0 0.0648717 0.787141 0.123518 0.0683912 0.00536338
0 0.883979 0.781525 0.232042 0.0568851 0.00351517
0 0.102982 0.660267 0.107356 0.0797752 0.00324547
0 0.105529 0.957088 0.178066 0.0858231 0.00316616
0 0.0726475 0.954813 0.145295 0.0903736 0.00316229
0 0.998397 0.796625 0.00320556 0.109005 0.00308519
0 0.139344 0.204575 0.278688 0.375767 0.00299002
0 0.945051 0.789157 0.0946063 0.0731909 0.0029827
0 0.0675304 0.918111 0.0986737 0.0941719 0.00294112
0 0.766056 0.249672 0.467888 0.374146 0.0029262
0 0.770772 0.328775 0.458456 0.460712 0.00292256
0 0.107024 0.1352 0.214047 0.270399 0.00282623
0 0.41 0.96785 0.239403 0.0643 0.00282173
0 0.870042 0.355886 0.259917 0.374987 0.00279602
0 0.137687 0.355811 0.275374 0.449245 0.00271456
0 0.640184 0.799024 0.0895452 0.0429428 0.00270199
0 0.506567 0.964918 0.244221 0.0701639 0.00269171
0 0.625221 0.959184 0.201732 0.0816322 0.00267581
0 0.654305 0.93646 0.114694 0.11552 0.00265403
0 0.164552 0.346029 0.329104 0.369604 0.00256719
0 0.583205 0.959931 0.223385 0.080138 0.00255923
0 0.0158982 0.057724 0.0317964 0.115448 0.00254944
0 0.138218 0.148402 0.276436 0.296803 0.00254778
0 0.106277 0.250232 0.212554 0.378665 0.00251013
0 0.188665 0.30332 0.37733 0.351629 0.00250726
0 0.284054 0.112812 0.233002 0.217685 0.00249837
0 0.436451 0.655209 0.117076 0.0781255 0.00248866
0 0.108355 0.168584 0.216709 0.337169 0.00247556
0 0.965722 0.965543 0.0685559 0.0689137 0.00245809
0 0.829647 0.359381 0.340707 0.475442 0.0024547
0 0.703166 0.965088 0.223436 0.0698234 0.00243897
0 0.0283683 0.963455 0.0567367 0.073089 0.00243737
0 0.474846 0.135756 0.138651 0.122481 0.00236893
0 0.775555 0.200286 0.379552 0.370199 0.00234087
0 0.509641 0.19154 0.210904 0.221601 0.00232736
0 0.264911 0.966432 0.233352 0.0671366 0.00232012
0 0.89884 0.316244 0.20232 0.165533 0.00232
0 0.105431 0.0773331 0.210861 0.154666 0.00231743
0 0.274942 0.174507 0.286018 0.270357 0.00231346
0 0.0881996 0.95483 0.176399 0.0903407 0.0023014
0 0.822464 0.147197 0.355073 0.294394 0.00229921
0 0.942166 0.413538 0.115667 0.216002 0.0022871
0 0.26496 0.219489 0.289141 0.273138 0.00225226
0 0.131085 0.659004 0.164274 0.0801489 0.00223883
0 0.782475 0.418313 0.255663 0.193831 0.0022187
0 0.366013 0.967858 0.226665 0.0642836 0.00220407
0 0.829424 0.967577 0.242475 0.0648457 0.0022037
0 0.854122 0.122787 0.291756 0.245575 0.00217051
0 0.983754 0.552265 0.0324923 0.196876 0.00216742
0 0.983468 0.602784 0.0330633 0.197169 0.00216604
0 0.983889 0.804132 0.0322215 0.19428 0.00216176
0 0.983911 0.752222 0.0321779 0.194757 0.00215208
0 0.839055 0.0957055 0.254696 0.191411 0.00214177
0 0.983135 0.703164 0.0337296 0.194566 0.00214033
0 0.983459 0.653367 0.0330822 0.196898 0.00213819
0 0.798129 0.530023 0.128968 0.0631314 0.00213485
0 0.150168 0.944831 0.230006 0.110338 0.00213199
0 0.984719 0.502315 0.0305627 0.194542 0.00212606
0 0.131576 0.407048 0.263152 0.269309 0.00211599
0 0.24741 0.0754127 0.185233 0.150825 0.00210718
0 0.88066 0.968156 0.23868 0.0636885 0.00209364
0 0.061672 0.957988 0.123344 0.0840239 0.00208862
0 0.784246 0.937859 0.244077 0.124282 0.00208462
0 0.192612 0.871483 0.123293 0.113157 0.00208362
0 0.440916 0.171131 0.200339 0.208046 0.00208306
0 0.777763 0.966589 0.235393 0.0668217 0.00208273
0 0.211965 0.298957 0.263326 0.267918 0.00207614
0 0.217851 0.0889365 0.184548 0.177873 0.00207031
0 0.783178 0.104647 0.228923 0.209294 0.00206873
0 0.986107 0.453333 0.0277859 0.188612 0.00206696
0 0.78339 0.0735129 0.225989 0.147026 0.002059
0 0.985539 0.855676 0.0289227 0.196756 0.00205144
0 0.156832 0.960918 0.193863 0.0781634 0.00204973
0 0.845779 0.414741 0.308442 0.245371 0.00204808
0 0.13845 0.119339 0.276899 0.238679 0.00204266
0 0.949064 0.778491 0.0865163 0.0710934 0.00203933
0 0.976687 0.926873 0.0466259 0.146255 0.00203812
0 0.774099 0.175478 0.262473 0.255457 0.00203783
0 0.929817 0.0784941 0.140366 0.156988 0.00203243
0 0.789865 0.290196 0.338464 0.409926 0.00201286
0 0.908372 0.468861 0.183257 0.191279 0.00200944
0 0.956825 0.462406 0.0863501 0.176068 0.00200927
0 0.889493 0.863794 0.221014 0.26788 0.00200447
0 0.730916 0.377223 0.251914 0.171617 0.00199437
0 0.17814 0.253834 0.31109 0.314622 0.00198444
0 0.94728 0.115972 0.10544 0.231943 0.00198163
0 0.903205 0.114329 0.193591 0.228658 0.00197712
0 0.754403 0.252076 0.288056 0.272359 0.00196094
0 0.986061 0.0970171 0.0278772 0.188583 0.00195487
0 0.27884 0.275919 0.263953 0.232416 0.00195386
0 0.790651 0.365973 0.31035 0.244592 0.00194681
0 0.000327121 0.314907 0.000654241 0.15189 0.00194642
0 0.583303 0.217968 0.170008 0.191897 0.00193872
0 0.724932 0.415128 0.230757 0.193873 0.0019257
0 0.344242 0.0766471 0.19463 0.153294 0.00191677
0 0.171295 0.141721 0.262745 0.283442 0.00190294
0 0.954707 0.509535 0.0905868 0.184587 0.00190097
0 0.837078 0.936201 0.243145 0.127597 0.00189651
0 0.277352 0.385939 0.245348 0.186914 0.00189025
0 0.911192 0.51306 0.177617 0.19472 0.00188979
0 0.910036 0.564246 0.179928 0.196142 0.00188893
0 0.716959 0.941281 0.240262 0.117437 0.00188875
0 0.916555 0.966416 0.16689 0.0671675 0.00188581
0 0.0802947 0.901287 0.160589 0.177113 0.00186741
0 0.00217606 0.264382 0.00435213 0.152882 0.00186713
0 0.951637 0.559463 0.096726 0.187628 0.00186622
0 0.0864574 0.462812 0.172915 0.192409 0.0018656
0 0.374013 0.934597 0.233388 0.130806 0.00185819
0 0.834104 0.46429 0.251802 0.190952 0.00185537
0 0.191413 0.420762 0.2842 0.219184 0.0018539
0 0.027746 0.939219 0.0554921 0.121562 0.00185202
0 0.523527 0.855562 0.401157 0.279087 0.00185187
0 0.00891459 0.112802 0.0178292 0.15148 0.00184476
0 0.802827 0.207631 0.394346 0.369834 0.00183944
0 0.423909 0.936573 0.248499 0.126854 0.00183788
0 0.914994 0.349532 0.170012 0.275148 0.00183026
0 0.978747 0.90585 0.0425058 0.1883 0.00182735
0 0.909031 0.613787 0.181937 0.199419 0.00182451
0 0.515122 0.940733 0.238732 0.118534 0.00182095
0 0.197733 0.838222 0.135341 0.164199 0.00181893
0 0.0113653 0.0703967 0.0227307 0.140793 0.00181738
0 0.636038 0.950363 0.20631 0.0992735 0.00181567
0 0.949555 0.610045 0.100891 0.189523 0.00181491
0 0.484754 0.784699 0.0874814 0.0563553 0.00181312
0 0.33014 0.934043 0.242942 0.131914 0.00181087
0 0.986322 0.404181 0.0273556 0.195926 0.0018096
0 0.00510645 0.213427 0.0102129 0.152442 0.00180912
0 0.973948 0.141984 0.0521044 0.206699 0.00180825
0 0.716311 0.102455 0.211367 0.182994 0.0018076
0 0.857239 0.304912 0.285523 0.354476 0.00180684
0 0.00605994 0.162377 0.0121199 0.152767 0.00180534
0 0.567843 0.0970624 0.173275 0.186205 0.00180289
0 0.855668 0.312296 0.229163 0.176101 0.00179352
0 0.746666 0.306166 0.255126 0.213994 0.00179318
0 0.692411 0.263605 0.221763 0.179229 0.00179215
0 0 0.364765 0 0.15272 0.00177884
0 0.695627 0.163848 0.236209 0.175888 0.00177507
0 0.684892 0.31439 0.211803 0.17451 0.00177362
0 0.988667 0.0640892 0.0226655 0.128178 0.00176322
0 0.322008 0.315541 0.187493 0.175392 0.00176121
0 0.697109 0.214101 0.210936 0.192062 0.00175835
0 0.887452 0.396423 0.225096 0.353581 0.001752
0 0.10321 0.335195 0.20642 0.38772 0.00174778
0 0.433366 0.100591 0.189423 0.197648 0.00174625
0 0.550338 0.149234 0.225088 0.169664 0.00173947
0 0.886029 0.937531 0.227941 0.124938 0.00173123
0 0.949588 0.66101 0.100824 0.188973 0.0017311
0 0.0961754 0.387782 0.192351 0.292361 0.00172983
0 0.590128 0.943673 0.21618 0.112655 0.00172369
0 0.908439 0.664761 0.183123 0.197257 0.00171946
0 0.151457 0.0894508 0.287707 0.178902 0.00171695
0 0.0059856 0.816607 0.0119712 0.154158 0.00171682
0 0.607171 0.79268 0.160847 0.0619432 0.00171582
0 0.0781614 0.513881 0.156323 0.185618 0.00171257
0 0.1148 0.870129 0.189063 0.218445 0.00170712
0 0.951938 0.759827 0.096124 0.181942 0.0017037
0 0.142033 0.466047 0.251364 0.187065 0.00170285
0 0.950259 0.813291 0.0994829 0.181322 0.00169899
0 0.950536 0.711271 0.098929 0.181228 0.00169432
0 0.880729 0.467163 0.238541 0.189359 0.00168901
0 0.90638 0.818447 0.18724 0.187417 0.001688
0 0.860606 0.0891203 0.278787 0.178241 0.00168696
0 0.886944 0.641049 0.226112 0.153401 0.00168667
0 0.878634 0.568426 0.242732 0.189371 0.00168425
0 0.781141 0.462862 0.245477 0.192751 0.00168038
0 0.998111 0.627639 0.00377779 0.1125 0.0016803
0 0.414555 0.268634 0.229315 0.194924 0.00167962
0 0.909297 0.763603 0.181407 0.18639 0.0016784
0 0.878645 0.617092 0.242709 0.194036 0.00167717
0 0.917929 0.616289 0.164141 0.102237 0.0016771
0 0.00205302 0.716182 0.00410604 0.154907 0.00167642
0 0.269361 0.937727 0.240051 0.124547 0.00167584
0 0.00349498 0.76609 0.00698995 0.154462 0.00167492
0 0.718906 0.0777704 0.210173 0.155541 0.00167382
0 0.653234 0.765565 0.263342 0.184899 0.00167097
0 0.00106728 0.666057 0.00213456 0.154342 0.00167089
0 0.379051 0.516098 0.264371 0.183762 0.00166869
0 0.0767912 0.565099 0.153582 0.187705 0.00166848
0 0.119353 0.906125 0.171886 0.169994 0.00166768
0 0.975932 0.0717553 0.0481361 0.143511 0.00166747
0 0.512938 0.0897055 0.211459 0.179411 0.00166692
0 0.0791625 0.614608 0.158325 0.1854 0.00166633
0 0.482695 0.249454 0.213245 0.197825 0.00166567
0 0.107884 0.469563 0.215768 0.188838 0.00166474
0 0.670572 0.377732 0.234977 0.176182 0.00166376
0 0.000149723 0.615656 0.000299447 0.1532 0.00166261
0 0 0.515386 0 0.152934 0.00165884
0 0.964158 0.190003 0.0716845 0.219262 0.00165733
0 0.825383 0.17277 0.349234 0.345541 0.00165724
0 0.655775 0.513873 0.259364 0.192019 0.001655
0 0.143326 0.514015 0.245753 0.179332 0.00165215
0 0.436607 0.204367 0.215654 0.219405 0.0016516
0 0.909137 0.714752 0.181725 0.186073 0.00165114
0 0.536604 0.513784 0.245176 0.182832 0.00165033
0 0.083852 0.875237 0.167704 0.217228 0.00165006
0 0 0.565531 0 0.153093 0.00164921
0 0.627801 0.264611 0.204068 0.174605 0.00164535
0 0 0.414699 0 0.153652 0.00164333
0 0.905818 0.341182 0.143264 0.108106 0.00164278
0 0.110297 0.310109 0.189083 0.178711 0.00164195
0 0.714479 0.765208 0.263195 0.182871 0.00163899
0 0.72062 0.513427 0.26043 0.193203 0.00163807
0 0.861625 0.681131 0.27675 0.213761 0.00163782
0 0.726024 0.461566 0.251284 0.195433 0.00163588
0 0.31148 0.516216 0.263433 0.188709 0.00163547
0 0.771796 0.764867 0.258805 0.180822 0.00163496
0 0 0.465225 0 0.153333 0.00163319
0 0.137524 0.566269 0.244621 0.185383 0.00163155
0 0.45792 0.313058 0.219119 0.172452 0.00163118
0 0.120272 0.389256 0.240544 0.374647 0.00163029
0 0.194606 0.514278 0.247654 0.183658 0.00162661
0 0.187084 0.56693 0.247293 0.193654 0.00162294
0 0.0809933 0.664958 0.161987 0.189809 0.00162177
0 0.596944 0.513878 0.253826 0.188169 0.00162058
0 0.656005 0.817506 0.269715 0.190602 0.0016173
0 0.914675 0.866573 0.17065 0.192329 0.0016152
0 0.105674 0.51501 0.211347 0.179016 0.00161166
0 0.248102 0.515144 0.254609 0.18807 0.00160899
0 0.917415 0.912969 0.165171 0.174061 0.00160881
0 0.179732 0.936176 0.0985014 0.116331 0.0016078
0 0.88413 0.915509 0.231739 0.168982 0.00160398
0 0.716509 0.868235 0.267137 0.192396 0.00160389
0 0.342132 0.382856 0.213804 0.160802 0.00160387
0 0.716717 0.81701 0.267538 0.188275 0.00160347
0 0.92768 0.933678 0.144641 0.132644 0.00160282
0 0.0113938 0.86923 0.0227875 0.158758 0.00160056
0 0.555563 0.317361 0.219709 0.171687 0.00160034
0 0.390197 0.461781 0.241105 0.185019 0.00160034
0 0.666127 0.412661 0.226193 0.196911 0.00160031
0 0.84302 0.914915 0.25562 0.170169 0.00160019
0 0.0529344 0 0.0833596 0 0.00160009
0 0.651712 0.715759 0.259163 0.186677 0.00160007
0 0.662573 0.461295 0.252671 0.193291 0.00159933
0 0.034362 0.465063 0.0687241 0.173128 0.00159755
0 0.378657 0.918775 0.254121 0.162449 0.00159704
0 0.533478 0.258425 0.194118 0.191792 0.00159611
0 0.0890803 0.82067 0.178161 0.174943 0.00159507
0 0.593433 0.716685 0.255232 0.185382 0.00159479
0 0.389332 0.3136 0.198196 0.169726 0.00159465
0 0.533165 0.716932 0.246522 0.182582 0.00159416
0 0.880988 0.514675 0.238025 0.188636 0.00159406
0 0.243633 0.867456 0.224617 0.19357 0.00159313
0 0.606952 0.460985 0.246356 0.189455 0.00159215
0 0.202317 0.463945 0.246365 0.188636 0.00158887
0 0.651787 0.568094 0.263173 0.192351 0.00158875
0 0.59471 0.765769 0.258871 0.182265 0.00158863
0 0.772524 0.817721 0.261539 0.185115 0.00158714
0 0.374899 0.56784 0.265977 0.18715 0.00158706
0 0.833996 0.764814 0.257702 0.182203 0.00158658
0 0.877861 0.667502 0.244279 0.191502 0.0015842
0 0.548018 0.461139 0.23931 0.185213 0.00158339
0 0.306511 0.568574 0.263784 0.19318 0.00158279
0 0.650996 0.873417 0.260762 0.201967 0.00158256
0 0.711169 0.71538 0.261432 0.185586 0.00158044
0 0.0811388 0.713672 0.162278 0.187767 0.00157926
0 0.886711 0.86668 0.226578 0.186036 0.00157775
0 0.421023 0 0.079195 0 0.00157459
0 0.822785 0.568342 0.255025 0.192846 0.00157452
0 0.829809 0.616281 0.260084 0.197219 0.00157442
0 0.194692 0.668145 0.251427 0.191254 0.00157398
0 0.593277 0.819054 0.267554 0.189046 0.0015729
0 0.543538 0.874427 0.250561 0.199131 0.00157132
0 0.194757 0.616431 0.249169 0.187441 0.00157115
0 0.369439 0.8205 0.258544 0.184086 0.00157053
0 0.0447914 0.410293 0.0895828 0.18004 0.00156968
0 0.444803 0.414638 0.212807 0.191754 0.00156963
0 0.0809041 0.760857 0.161808 0.177063 0.00156892
0 0.777636 0.513164 0.253157 0.188331 0.00156782
0 0.503632 0.413612 0.211446 0.190305 0.00156685
0 0.143955 0.615609 0.243548 0.17886 0.00156491
0 0.881551 0.766183 0.236899 0.177836 0.0015638
0 0.423293 0.821258 0.256543 0.183085 0.00156355
0 0.714567 0.567853 0.265051 0.194322 0.00155945
0 0.43339 0.514666 0.256206 0.180747 0.00155924
0 0.95833 0.864206 0.0833396 0.182797 0.00155841
0 0.145445 0.667205 0.246378 0.184565 0.0015572
0 0.103519 0.566373 0.207039 0.183759 0.00155618
0 0.37431 0.865702 0.247676 0.189695 0.00155571
0 0.842226 0.866585 0.248923 0.186605 0.00155562
0 0.432457 0.916727 0.26677 0.166546 0.00155536
0 0.998566 0.607325 0.00286843 0.108541 0.00155522
0 0.592277 0.568202 0.258304 0.18701 0.00155493
0 0.448006 0.461633 0.237394 0.183126 0.0015548
0 0.472633 0.821414 0.255123 0.183479 0.00155469
0 0.784017 0.915358 0.259187 0.169283 0.0015545
0 0.536102 0.616897 0.248528 0.182944 0.00155406
0 0.442368 0.37748 0.230771 0.169802 0.00155337
0 0.652958 0.66711 0.256439 0.187529 0.00155224
0 0.491013 0.513108 0.241101 0.178874 0.00154983
0 0.76957 0.715188 0.262296 0.182923 0.00154974
0 0.528411 0.820884 0.257238 0.185875 0.00154927
0 0.484372 0.869338 0.244429 0.196814 0.00154908
0 0.713758 0.616602 0.260927 0.192793 0.00154898
0 0.630243 0.316326 0.212349 0.173273 0.00154896
0 0.508276 0.104035 0.211413 0.185731 0.87688
0 0.998204 0.912264 0.00359259 0.175473 0.0246211
0 0 0.900524 0 0.198952 0.0178018
0 1 0.965683 0 0.0686335 0.0070131
0 0.517729 0.000536454 0.104804 0.00107291 0.00692806
0 0.608513 0.101647 0.0233868 0.159499 0.00443906
0 0.999263 0.06804 0.00147454 0.13608 0.0044016
0 0.0683533 0.925272 0.107893 0.103833 0.00403936
0 1 0.954533 0 0.0909337 0.00368071
0 0.65498 0.809974 0.0784102 0.0603483 0.00363006
0 0.554843 0.14352 0.108745 0.0976296 0.00337874
0 0 0.0734207 0 0.146841 0.0033202
0 1 0.945463 0 0.109074 0.00326684
0 0.0652542 0 0.105609 0 0.00323348
0 0 0.96515 0 0.069701 0.00284045
0 0.398673 0.780042 0.0868772 0.070236 0.00266745
0 0.434545 0.116034 0.0628041 0.0907619 0.00260548
0 1 0.957985 0 0.0840303 0.00252984
0 0 0.0238181 0 0.0476363 0.0025267
0 0.402462 0.80169 0.0858617 0.0510294 0.0024805
0 0.00265468 0.96958 0.00530937 0.0608393 0.0023933
0 0.423795 0.114977 0.0410866 0.10383 0.00238288
0 0.426373 0 0.0713343 0 0.00214615
0 0.90922 0.965952 0.181561 0.0680962 0.00212281
0 0.0375716 0.972036 0.0751432 0.0559284 0.0020695
0 0.847595 0.966133 0.238991 0.0677339 0.00205754
0 0.00624529 0.0636311 0.0124906 0.127262 0.00205149
0 1 0.943747 0 0.112506 0.00204279
0 0.714793 0.965515 0.230158 0.0689709 0.00203558
0 0.433942 0.966799 0.233649 0.0664013 0.00202481
0 0.192247 0.812781 0.102089 0.0688892 0.00200984
0 0.535565 0.964874 0.212667 0.0702515 0.00199971
0 0.777831 0.965762 0.229351 0.0684763 0.00199106
0 0.0748686 0.966248 0.149737 0.0675037 0.0019542
0 0.368563 0.966686 0.220956 0.0666279 0.00193924
0 0.671006 0.809082 0.0740459 0.0619015 0.00193738
0 0.641913 0.96501 0.212718 0.0699798 0.00193342
0 0.956467 0.973244 0.0870654 0.0535116 0.00192556
0 0.588675 0.965208 0.221008 0.0695833 0.00192548
0 0.00712475 0.970003 0.0142495 0.0599941 0.0019209
0 0.495287 0.965796 0.23329 0.0684086 0.0019043
0 0.258933 0.965206 0.231974 0.0695873 0.001902
0 0.123534 0.963983 0.207113 0.0720335 0.00188778
0 0.319988 0.965665 0.235062 0.0686701 0.00186201
0 0.986487 0.40173 0.0270258 0.18885 0.00180772
0 0.990312 0.0945518 0.0193757 0.189104 0.00180431
0 0.175804 0.964261 0.202491 0.0714771 0.00180406
0 0.986736 0.452105 0.0265276 0.186075 0.00179692
0 0.984943 0.301439 0.0301146 0.190723 0.00179691
0 0.985748 0.351908 0.0285047 0.188956 0.00178409
0 0.719974 0 0.0776864 0 0.001774
0 0.986638 0.199534 0.0267246 0.190257 0.00175941
0 0.98535 0.251575 0.0293006 0.189082 0.00175705
0 0.0615036 0.0142891 0.108222 0.0285783 0.0017478
0 0.987119 0.50155 0.0257626 0.184737 0.0017448
0 0.419933 0.339432 0.102044 0.0823865 0.00174132
0 0.989766 0.696981 0.0204679 0.187483 0.00173954
0 0.417929 0.781759 0.0853573 0.0770229 0.00172558
0 0.746794 0 0.076383 0 0.00171451
0 0.691335 0 0.0763336 0 0.00171426
0 0.0565998 0.909324 0.1132 0.181353 0.00170611
0 0.990313 0.745512 0.0193744 0.191805 0.0016977
0 0.991797 0.796068 0.0164066 0.192133 0.00168975
0 0.987956 0.647935 0.0240884 0.182777 0.00168302
0 0.0757952 0.789709 0.0930723 0.0841537 0.00168092
0 0.991897 0.86928 0.0162056 0.184036 0.00166884
0 0.396115 0 0.0717622 0 0.00166192
0 0.987494 0.550843 0.0250114 0.182576 0.00166027
0 0.987126 0.0631526 0.0257487 0.126305 0.00165445
0 0.0408459 0.929254 0.0816917 0.141492 0.00165267
0 0.586028 0.33909 0.111197 0.08231 0.00165039
0 0.660471 0 0.0752207 0 0.00164955
0 0 0.0400741 0 0.0801483 0.00164282
0 0.988091 0.59949 0.023818 0.183144 0.00164025
0 0.557436 0.150651 0.214183 0.179755 0.00163866
0 0.62385 0.345201 0.086044 0.0758592 0.00163309
0 0.567357 0.103428 0.191117 0.176128 0.00162979
0 0.987501 0.14681 0.0249973 0.186917 0.00162907
0 0.142862 0.93523 0.196172 0.129541 0.00161652
0 0 0.108333 0 0.161225 0.00160812
0 0.999473 0.0250297 0.0010539 0.0500594 0.00160719
0 0.974846 0.916019 0.0503073 0.167963 0.00159716
0 0.577024 0.217377 0.196613 0.190151 0.00159635
0 0.0720895 0.511904 0.144179 0.186282 0.00158944
0 0.952712 0.0761665 0.0945769 0.152333 0.00158724
0 0 0.946344 0 0.107311 0.00158623
0 0.783145 0.122138 0.120464 0.126644 0.0015853
0 0.906582 0.11053 0.186835 0.183374 0.00158355
0 0.0722367 0.461162 0.144473 0.188747 0.00158015
0 0.470906 0.338672 0.111863 0.0821348 0.00157642
0 0.072823 0.56177 0.145646 0.184937 0.00157554
0 0.652413 0.215823 0.242363 0.191159 0.00157233
0 0.384534 0.93248 0.218425 0.13504 0.00157131
0 0.0769706 0.813945 0.153941 0.176435 0.0015707
0 0.0759616 0.10727 0.151923 0.177509 0.00156692
0 0.0707561 0.212092 0.141512 0.184169 0.00155742
0 0 0.513983 0 0.156444 0.00155679
0 0.775856 0 0.0744829 0 0.00155498
0 0.553713 0.933002 0.213607 0.133996 0.00155234
0 0.730638 0.935163 0.22245 0.129674 0.00155184
0 0.0743862 0.610879 0.148772 0.185251 0.00155008
0 0.789099 0.935276 0.224269 0.129447 0.0015482
0 0 0.463985 0 0.156713 0.0015465
0 0.387539 0.339511 0.109646 0.0816366 0.00154584
0 0.445694 0.338926 0.109264 0.0820467 0.00154338
0 0.678078 0.783472 0.082385 0.0906055 0.00154082
0 0.448764 0.932825 0.224744 0.13435 0.00153853
0 0 0.413752 0 0.156484 0.00153746
0 0.916289 0.0765864 0.167422 0.153173 0.00153726
0 0.899001 0.713439 0.201997 0.177641 0.00153671
0 0.0896207 0.933049 0.179241 0.133901 0.00153516
0 0.422058 0.479242 0.0860717 0.0915196 0.00153412
0 0.0710013 0.162398 0.142003 0.179263 0.0015333
0 0.332411 0.93311 0.225363 0.133779 0.0015323
0 0 0.813467 0 0.152824 0.00153209
0 0.563797 0 0.0891431 0 0.00152944
0 0.986883 0.869244 0.0262345 0.225389 0.001529
0 0.0727348 0.411545 0.14547 0.189764 0.00152866
0 0.270553 0.935021 0.223224 0.129959 0.00152797
0 0.0709606 0.802329 0.106909 0.0630655 0.00152682
0 0.608485 0.26343 0.245085 0.1902 0.00152663
0 0.954605 0.105021 0.0907902 0.192894 0.00152635
0 0.354941 0.078653 0.247665 0.157306 0.00152535
0 0.357618 0.323564 0.176471 0.115379 0.00152151
0 0 0.563678 0 0.155964 0.00152108
0 0.188357 0.935345 0.190326 0.129309 0.00152104
0 0.162774 0.476727 0.111237 0.0836051 0.00152088
0 0 0.363296 0 0.156881 0.00151977
0 0.901491 0.764605 0.197018 0.181137 0.0015188
0 0.895489 0.61414 0.209023 0.180641 0.00151812
0 0.0719066 0.262079 0.143813 0.184972 0.00151618
0 0.492361 0.338487 0.128464 0.0847808 0.00151589
0 0.463528 0.141994 0.107888 0.100482 0.00151497
0 0.839755 0.164723 0.243952 0.185137 0.00151329
0 0.507621 0.933139 0.22397 0.133722 0.00151202
0 0.892596 0.164448 0.214808 0.184291 0.00151188
0 0.60473 0.93436 0.213758 0.13128 0.00151061
0 0.0755196 0.660529 0.151039 0.183702 0.00150929
0 0.891901 0.565392 0.216199 0.180432 0.00150806
0 0.85747 0.111699 0.238462 0.181598 0.0015053
0 0.491773 0.152711 0.122706 0.0919462 0.00150314
0 0.0731559 0.3614 0.146312 0.188258 0.00150311
0 0.0610189 0.989067 0.122038 0.0218657 0.00150287
0 0.898781 0.663505 0.202439 0.17788 0.00150271
0 0.0719379 0.760936 0.143876 0.184493 0.00150254
0 0 0.713325 0 0.156386 0.0015017
0 0.0755615 0.711253 0.151123 0.184692 0.00150155
0 0 0.663372 0 0.156178 0.00149991
0 0 0.613482 0 0.156 0.0014998
0 0.15417 0.112151 0.241329 0.183292 0.00149865
0 0.890666 0.513305 0.218667 0.179664 0.0014976
0 0.949942 0.963628 0.100117 0.0727434 0.00149696
0 0.0718113 0.311425 0.143623 0.185245 0.00149475
0 0 0.76312 0 0.156638 0.00149323
0 0.38302 0.804845 0.107716 0.0626366 0.00149302
0 0 0.312947 0 0.156881 0.0014928
0 0.54268 0.260709 0.23541 0.190931 0.00149255
0 0.616203 0.337922 0.0810929 0.0789186 0.0014907
0 0.942358 0.159346 0.115284 0.189876 0.00149013
0 0.996735 0.00995275 0.00653032 0.0199055 0.00148907
0 0.105277 0.914518 0.210554 0.170964 0.00148815
0 0.722974 0.763504 0.24743 0.182553 0.00148591
0 0.684046 0.431564 0.0877274 0.0967397 0.00148462
0 0.838894 0.214687 0.251903 0.189009 0.0014835
0 0.937512 0.564193 0.124977 0.183245 0.00148329
0 0.782292 0.764219 0.246475 0.18103 0.00148266
0 0.782945 0.815897 0.246628 0.180357 0.00148223
0 0.66141 0.934557 0.208047 0.130887 0.00148208
0 0.1093 0.111414 0.218601 0.178953 0.00148166
0 0.942779 0.612687 0.114442 0.182891 0.00148007
0 0.888324 0.214847 0.223353 0.186483 0.00147983
0 0 0.16102 0 0.158523 0.00147869
0 0.172855 0.0756951 0.227517 0.15139 0.00147851
0 0.607505 0.0897715 0.0247869 0.106605 0.00147749
0 0.149202 0.564678 0.241114 0.181175 0.00147739
0 0.510251 0.192865 0.220457 0.204063 0.00147557
0 0 0.262591 0 0.15676 0.00147543
0 0.663592 0.763203 0.244023 0.182441 0.0014738
0 0.341186 0.111208 0.262487 0.188387 0.00147118
0 0.247424 0.0892639 0.244369 0.116125 0.00147098
0 0.883507 0.415415 0.232986 0.19033 0.00147087
0 0.662646 0.714447 0.243811 0.183325 0.00147081
0 0.147354 0.463113 0.248388 0.187678 0.00147068
0 0.106239 0.164984 0.212478 0.17963 0.00147043
0 0.149175 0.513794 0.246328 0.184068 0.00147019
0 0.0775321 0.0677082 0.155064 0.135416 0.00146995
0 0.435661 0.814881 0.246697 0.182358 0.00146989
0 0.723053 0.815636 0.248721 0.18387 0.00146946
0 0.723288 0.713974 0.246451 0.183297 0.00146939
0 0.781225 0.215269 0.25501 0.189154 0.00146863
0 0.433516 0.107622 0.202617 0.184152 0.00146806
0 0.0794987 0.875805 0.158997 0.192253 0.00146768
0 0.258081 0.565707 0.243902 0.183021 0.00146766
0 0.886617 0.46467 0.226766 0.187903 0.00146657
0 0.896705 0.850023 0.170129 0.0963898 0.00146645
0 0.107161 0.21525 0.214321 0.18232 0.00146477
0 0.841135 0.764545 0.244259 0.182824 0.00146345
0 0.906343 0.815022 0.187314 0.176661 0.00146281
0 0.724616 0.512759 0.250321 0.185213 0.00146219
0 0.288585 0.0778754 0.242643 0.155751 0.00146218
0 0.494304 0.564696 0.24508 0.183473 0.00146103
0 0.438214 0.16678 0.213174 0.189582 0.00146015
0 0.604354 0.714504 0.2411 0.182736 0.00145968
0 0.378065 0.814506 0.24715 0.181914 0.00145898
0 0.783217 0.7139 0.245913 0.180453 0.00145885
0 0.493093 0.513316 0.247319 0.184946 0.00145884
0 0.932663 0.513143 0.134673 0.183541 0.00145863
0 0.931747 0.211808 0.136505 0.190065 0.00145842
0 0.108932 0.51436 0.217864 0.184025 0.00145825
0 0.841909 0.713657 0.242749 0.180122 0.00145819
0 0.663829 0.263319 0.260157 0.193572 0.00145799
0 0.257332 0.329734 0.231229 0.103925 0.00145764
0 0.550888 0.314363 0.252482 0.185385 0.00145694
0 0.78326 0.512671 0.249171 0.181634 0.00145607
0 0.725724 0.215324 0.255123 0.191505 0.00145564
0 0.49367 0.814792 0.246605 0.182036 0.00145549
0 0.840091 0.564679 0.24416 0.183089 0.00145511
0 0.783348 0.165234 0.243974 0.184128 0.00145458
0 0.842018 0.512319 0.247156 0.181728 0.00145371
0 0.204283 0.565345 0.242762 0.182078 0.00145337
0 0.0912502 0 0.110828 0 0.00145269
0 0.782728 0.564494 0.245901 0.182716 0.00145192
0 0.152147 0.9149 0.220581 0.170199 0.00145131
0 0.14945 0.612785 0.23723 0.182016 0.00145128
0 0.531887 0.0801106 0.194073 0.160221 0.00145115
0 0.854202 0.914543 0.240805 0.170914 0.00145078
0 0.229449 0.0768229 0.23616 0.153646 0.00145044
0 0 0.937591 0 0.124818 0.00144984
0 0.789559 0.914824 0.241205 0.170351 0.00144941
0 0.667541 0.914088 0.239275 0.171824 0.00144896
0 0.198641 0.914949 0.226136 0.170103 0.0014472
0 0.605763 0.463884 0.252962 0.190504 0.0014468
0 0.550552 0.76267 0.238813 0.182239 0.0014465
0 0.730997 0.91422 0.243537 0.171561 0.00144634
0 0.837559 0.463591 0.252506 0.191517 0.00144605
0 0.606623 0.76291 0.2408 0.182369 0.00144581
0 0.548705 0.463623 0.248566 0.188164 0.00144566
0 0.805887 0 0.0765047 0 0.00144521
0 0.725374 0.663182 0.24561 0.181688 0.00144448
0 0.784494 0.613193 0.241814 0.182676 0.00144353
0 0.912596 0.868281 0.174807 0.184922 0.00144336
0 0.266596 0.113639 0.252676 0.187839 0.00144314
0 0.317947 0.565582 0.248099 0.183546 0.00144314
0 0.449291 0.915398 0.242047 0.169205 0.00144298
0 0.663778 0.463777 0.256163 0.192231 0.00144286
0 0.259393 0.613353 0.238789 0.182168 0.00144242
0 0.258718 0.514375 0.246412 0.184129 0.00144238
0 0.108719 0.463684 0.217438 0.186413 0.0014419
0 0.492398 0.463293 0.248027 0.187351 0.00144101
0 0.724214 0.563901 0.246699 0.185617 0.00144081
0 0.146187 0.164947 0.246366 0.183125 0.00144015
0 0.946726 0.661369 0.106549 0.181279 0.00144002
0 0.72121 0.414935 0.261713 0.192554 0.00143982
0 0.886117 0.26431 0.227767 0.187488 0.00143943
0 0.317639 0.514661 0.250027 0.18581 0.00143893
0 0.836979 0.414966 0.260953 0.193074 0.00143865
0 0.842737 0.613364 0.23951 0.183282 0.00143846
0 0.318759 0.814643 0.247409 0.181746 0.00143832
0 0.785769 0.663172 0.244039 0.179264 0.00143821
0 0.725122 0.612794 0.243028 0.183897 0.00143797
0 0.208589 0.113765 0.247552 0.184411 0.00143795
0 0.663924 0.815492 0.249323 0.184855 0.00143764
0 0.548038 0.714331 0.236432 0.182071 0.0014376
0 0.721765 0.463596 0.255388 0.192117 0.00143692
0 0.338423 0.164917 0.269951 0.190774 0.00143672
0 0.66639 0.512898 0.250808 0.186762 0.00143597
0 0.799228 0.112501 0.237743 0.181918 0.00143591
0 0.00151602 0.878682 0.00303204 0.17705 0.00143548
0 0.976547 0.967768 0.0469061 0.0644646 0.00143548
0 0.108404 0.564816 0.216808 0.181437 0.0014348
0 0.550126 0.51328 0.245776 0.184968 0.00143455
0 0.844677 0.815515 0.245958 0.181123 0.00143432
0 0 0.211316 0 0.158066 0.00143422
0 0.379486 0.514278 0.2528 0.187417 0.00143343
0 0.288332 0.0663701 0.225277 0.13274 0.00143283
0 0.779417 0.463559 0.253901 0.190734 0.00143269
0 0.108505 0.414535 0.217009 0.189125 0.00143254
0 0.662497 0.415102 0.260269 0.191832 0.0014325
0 0.144081 0.414466 0.253547 0.191227 0.00143243
0 0.436806 0.513634 0.251017 0.187154 0.00143178
0 0.844726 0.66288 0.240145 0.179258 0.00143177
0 0.494825 0.762375 0.239054 0.182083 0.00143144
0 0.388048 0.915277 0.238943 0.169445 0.00143028
0 0.295069 0.779424 0.115721 0.0865929 0.00143023
0 0.266874 0.915075 0.244146 0.169849 0.00142892
0 0.149016 0.71363 0.239462 0.181682 0.00142861
0 0.608027 0.513044 0.248415 0.186698 0.00142771
0 0.187471 0.87398 0.0959936 0.0878836 0.00142707
0 0.604077 0.415226 0.256582 0.190538 0.00142609
0 0.380827 0.564923 0.252799 0.184529 0.00142608
0 0.107656 0.264782 0.215312 0.183515 0.00142606
0 0.257462 0.216463 0.257478 0.18678 0.00142559
0 0.607408 0.3144 0.25783 0.186828 0.001425
0 0.838345 0.264149 0.255098 0.189552 0.00142486
0 0.351691 0.067021 0.232175 0.134042 0.00142474
0 0.779168 0.414837 0.262074 0.192336 0.00142469
0 0.664885 0.663188 0.241568 0.181307 0.00142408
0 0.490593 0.414831 0.253191 0.189265 0.00142341
0 0.856225 0.93544 0.226171 0.12912 0.00142329
0 0.317477 0.463659 0.251899 0.188752 0.00142286
0 0.511578 0.100953 0.215932 0.189655 0.909254
0 0.397165 0.119396 0.433559 0.238791 0.0026139
0 0.672798 0.176329 0.524044 0.352658 0.00251376
0 0.546639 0.0931517 0.248062 0.186303 0.00250646
0 0.457079 0.0956785 0.343183 0.191357 0.00249317
0 0.656153 0.106814 0.395421 0.213628 0.00232367
0 0.495633 0.0958811 0.237997 0.191762 0.00219778
0 0.539707 0.136854 0.261996 0.265034 0.00207367
0 0.0585636 0.93228 0.117127 0.13544 0.00193627
0 0.151085 0.214133 0.302171 0.354292 0.00186519
0 0.182946 0.17291 0.365892 0.345821 0.00183119
0 0.160563 0.32437 0.321125 0.512458 0.00172821
0 0.146165 0.265556 0.29233 0.384571 0.00171368
0 0.145653 0.116762 0.288732 0.217643 0.00167364
0 0.361648 0.252444 0.552303 0.504887 0.0016544
0 0.463627 0.234683 0.319814 0.469365 0.0016384
0 0.122576 0.264902 0.245152 0.529805 0.00161853
0 0.211691 0.355349 0.423381 0.577254 0.0016156
0 0.372303 0.104471 0.487614 0.208941 0.00160732
0 0.209236 0.180128 0.418473 0.360256 0.00159989
0 0.0147509 0.977464 0.0295018 0.0450722 0.00159864
0 0.438958 0.943946 0.398786 0.112107 0.00159359
0 0.275312 0.914357 0.481991 0.171285 0.00159055
0 0.064206 0.886205 0.128412 0.181197 0.00158912
0 0 0.074072 0 0.148144 0.0015719
0 0.497874 0.930342 0.436019 0.139316 0.00156993
0 0.73807 0.126173 0.52386 0.252347 0.0015676
0 0.527037 0.223577 0.463076 0.194409 0.00156316
0 0.179489 0.182011 0.358978 0.364023 0.00156239
0 0.141623 0.203312 0.283246 0.406623 0.00156197
0 0.359583 0.21825 0.675633 0.436501 0.00156087
0 0.578661 0.238907 0.415953 0.477813 0.00156037
0 0.133172 0.251792 0.26214 0.30915 0.00155955
0 0.145894 0.304779 0.291788 0.369953 0.00155739
0 0.222065 0.205635 0.398449 0.400807 0.00154375
0 0.327781 0.932758 0.446356 0.134484 0.00153624
0 0.266315 0.172996 0.532631 0.345991 0.00152286
0 0.568792 0.0852974 0.212348 0.170595 0.00151942
0 0.292969 0.195319 0.585938 0.390637 0.00149451
0 0.559713 0.918219 0.471508 0.163562 0.00149276
0 0.782063 0.955176 0.377431 0.0896481 0.00148996
0 0.725685 0.943757 0.410101 0.112485 0.00148996
0 0.943421 0.0954171 0.113159 0.190834 0.00147847
0 0.345035 0.162029 0.687987 0.324059 0.00147553
0 0.196576 0.923544 0.393152 0.152911 0.00146187
0 0.0745208 0.824328 0.149042 0.167939 0.00145174
0 0.147249 0.953232 0.294498 0.0935366 0.00142724
0 0.381653 0.958976 0.279671 0.0820475 0.0014205
0 0 0.830783 0 0.253534 0.00142017
0 0.674331 0.927215 0.461224 0.145569 0.00141526
0 0 0.78089 0 0.257859 0.00140719
0 0 0.729876 0 0.249638 0.00140134
0 0.866256 0.551556 0.267489 0.53392 0.00139406
0 0.190723 0.26316 0.31752 0.389867 0.00139294
0 0.00245305 0.976921 0.0049061 0.0461586 0.00138855
0 0.969209 0.975864 0.0615817 0.0482721 0.00138786
0 0.87731 0.207252 0.24538 0.414505 0.0013874
0 0.914183 0.136826 0.171634 0.273652 0.00138358
0 0.88744 0.820388 0.22512 0.359225 0.00138046
0 0.468944 0.282729 0.754115 0.565457 0.00137781
0 0.865577 0.451909 0.268846 0.537122 0.0013682
0 0 0.962863 0 0.0742734 0.00136698
0 0 0.679248 0 0.246396 0.00136648
0 0 0.62874 0 0.245359 0.0013582
0 0.868005 0.651988 0.263989 0.525968 0.00135696
0 0 0.527789 0 0.244796 0.0013538
0 0.141325 0.887495 0.282651 0.193051 0.00135345
0 0.0545574 0.10633 0.109115 0.21266 0.00135224
0 0 0.577443 0 0.242378 0.00135129
0 0.850557 0.953174 0.298886 0.0936514 0.00134881
0 0.0840047 0.971177 0.168009 0.0576454 0.00134003
0 0.764004 0.761823 0.471992 0.476353 0.00133656
0 0.769436 0.242719 0.391806 0.261126 0.00133532
0 0 0.160438 0 0.183049 0.00133333
0 0 0.479972 0 0.252557 0.00132953
0 0.828251 0.384058 0.343499 0.191458 0.00132309
0 0.863471 0.350303 0.273059 0.544313 0.00131812
0 0.863894 0.262984 0.272212 0.525968 0.00130856
0 0 0.885265 0 0.22947 0.00130501
0 0 0.370173 0 0.211419 0.00129942
0 0.245221 0.454951 0.490441 0.591376 0.00129809
0 0.188306 0.35386 0.376612 0.500694 0.0012956
0 0 0.214815 0 0.181642 0.0012932
0 0.57789 0.270108 0.724256 0.540216 0.00129183
0 0 0.312714 0 0.175461 0.00129091
0 0.787853 0.130569 0.424295 0.261139 0.00128789
0 0.535605 0.00480591 0.168443 0.00961183 0.00127975
0 0.861288 0.740266 0.277425 0.519468 0.00127622
0 0.846864 0.123715 0.306272 0.247431 0.00127441
0 0 0.263232 0 0.167952 0.00126941
0 0 0.428476 0 0.245892 0.00126936
0 0.0616008 0.916239 0.123202 0.0901897 0.00126555
0 0.56715 0.189431 0.244009 0.134306 0.00126122
0 0.679016 0.761985 0.641968 0.476031 0.00125083
0 0.419289 0.764477 0.698673 0.471047 0.00124752
0 0 0.108731 0 0.166121 0.00124331
0 0.667241 0.209818 0.461901 0.251165 0.00123656
0 0.166711 0.418281 0.287151 0.140871 0.00122775
0 0.577164 0.156801 0.0899871 0.0895303 0.00122363
0 0.584327 0.627619 0.31254 0.174437 0.00122096
0 0.240471 0.606911 0.480943 0.565398 0.00121398
0 0.00732549 0.922034 0.014651 0.155932 0.00121335
0 0.0376205 0.34945 0.075241 0.220686 0.00121066
0 0.770511 0.215092 0.458979 0.430183 0.00120413
0 0.581025 0.144175 0.0750085 0.101952 0.00120344
0 0.593886 0.706402 0.679196 0.543268 0.00119799
0 0.423272 0.507446 0.691589 0.550954 0.00119766
0 0.858798 0.78679 0.282404 0.42642 0.00119716
0 0.30057 0.764763 0.60114 0.470473 0.00118841
0 0.716323 0.166787 0.567355 0.333575 0.00118262
0 0.779179 0.602818 0.376383 0.176927 0.00117877
0 0.241868 0.737563 0.483736 0.524874 0.00117665
0 0 0.906165 0 0.187669 0.00117241
0 0.692149 0.242102 0.615703 0.484204 0.00117109
0 0.0734954 0.380399 0.146991 0.220388 0.00116426
0 0.371349 0.791099 0.382372 0.183922 0.00115466
0 0.826815 0.164615 0.34637 0.32923 0.0011545
0 0.000506838 0.895849 0.00101368 0.208302 0.00115425
0 0.738861 0.708013 0.522277 0.553386 0.00114808
0 0.593438 0.787794 0.707983 0.424412 0.00114763
0 0.366638 0.60369 0.682836 0.541564 0.00114403
0 0.801359 0.508257 0.397282 0.559374 0.00114266
0 0.228622 0.132557 0.457245 0.265113 0.00114196
0 0.348403 0.101768 0.225587 0.173218 0.0011412
0 0.269851 0.505565 0.539702 0.56694 0.00113708
0 0.685729 0.60712 0.387708 0.158698 0.00113436
0 0.42079 0.706968 0.682972 0.540817 0.00112447
0 0.82599 0.61077 0.34802 0.555534 0.0011244
0 0.826106 0.409408 0.347788 0.558175 0.00111743
0 0.743142 0.406066 0.513717 0.555648 0.00110861
0 0.682717 0.557387 0.634566 0.543825 0.00110497
0 0.142856 0.783274 0.285711 0.433453 0.00110276
0 0.293207 0.655148 0.586415 0.538018 0.00110016
0 0.684539 0.657332 0.630921 0.549294 0.00109998
0 0.956213 0.885909 0.0875733 0.228182 0.00109932
0 0 0.930076 0 0.139847 0.00109919
0 0.651994 0.308252 0.696013 0.561811 0.00109868
0 0.12993 0.127053 0.259861 0.254107 0.00109738
0 0.415074 0.111053 0.0536619 0.163746 0.00109606
0 0.536806 0.407091 0.697707 0.547453 0.00109457
0 0.243553 0.787222 0.487105 0.425556 0.00109378
0 0.162993 0.116974 0.325986 0.233947 0.00108974
0 0.699656 0.757832 0.403727 0.148393 0.00108271
0 0.0950791 0.844888 0.190158 0.310224 0.00107782
0 1 0.102085 0 0.20417 0.00107672
0 0.137599 0.734261 0.275197 0.531477 0.00106974
0 0.382368 0.141614 0.163222 0.221693 0.0010604
0 0.314408 0.129209 0.393651 0.258418 0.00106002
0 0.540002 0.556874 0.684607 0.547735 0.00105933
0 0.689134 0.457501 0.621733 0.533382 0.00105814
0 0.48264 0.813529 0.68946 0.372942 0.00105639
0 0.290477 0.403384 0.580954 0.542603 0.00105401
0 0.509446 0.970658 0.282184 0.0586836 0.00105155
0 0.0122902 0.900696 0.0245805 0.198609 0.00104657
0 0.675747 0.811454 0.648506 0.377093 0.00104303
0 0.998225 0.954601 0.00355062 0.090798 0.00104102
0 0.371038 0.406849 0.688121 0.554516 0.00103621
0 0.740693 0.268381 0.518613 0.536762 0.00103414
0 0.137159 0.634127 0.274318 0.533345 0.00103302
0 0.916939 0.0703855 0.166123 0.140771 0.00103256
0 0.739573 0.606608 0.520854 0.54964 0.00103217
0 0.377997 0.310273 0.662131 0.534458 0.00102579
0 0.0797712 0.154937 0.159542 0.309874 0.00101988
0 0.784425 0.848995 0.43115 0.302011 0.0010167
0 0.22587 0.313423 0.410324 0.442556 0.00100804
0 0.886612 0.114409 0.226776 0.228819 0.00100324
0 0.160496 0.414153 0.270374 0.0971076 0.00100071
0 0.511935 0.104237 0.220468 0.187019 0.901026
0 0.584274 0.12987 0.0704854 0.129372 0.00274038
0 0.403619 0.122136 0.420702 0.244271 0.00218226
0 0.667692 0.105862 0.422132 0.211723 0.00215822
0 0.456095 0.0980801 0.34199 0.19616 0.00212292
0 0.107765 0.853916 0.21553 0.248753 0.0020286
0 0.546648 0.0929925 0.247529 0.185985 0.00192482
0 0.169693 0.532195 0.248031 0.128 0.00189475
0 0.668694 0.173196 0.50556 0.346392 0.00189189
0 0.491036 0.0981997 0.247672 0.196399 0.00182853
0 0.169399 0.372986 0.338798 0.413787 0.00169804
0 0.188336 0.533914 0.291706 0.182291 0.00169245
0 0.0857404 0.792883 0.171481 0.227965 0.00163448
0 0.186832 0.517295 0.285942 0.112807 0.00163334
0 0.383451 0.249804 0.590275 0.499608 0.00159429
0 0.0729369 0.627808 0.145874 0.448033 0.00158783
0 0.538609 0.134423 0.263094 0.265143 0.00158046
0 0.54329 0.00721806 0.192965 0.0144361 0.00156346
0 0.0349868 0.856181 0.0699736 0.287638 0.00154557
0 0.10856 0.55057 0.217121 0.233239 0.00153875
0 0.0850002 0.843507 0.17 0.246171 0.00152525
0 0.0772686 0.551261 0.154537 0.23262 0.0015215
0 0.122553 0.80855 0.245107 0.216326 0.00149889
0 0.0161824 0.97396 0.0323648 0.0520802 0.00149871
0 0.129319 0.171581 0.258639 0.340683 0.00149524
0 0.051258 0.570171 0.102516 0.407928 0.00148325
0 0.879892 0.193664 0.240216 0.387327 0.00147798
0 0.157499 0.14688 0.314997 0.29376 0.00147673
0 0.0572683 0.819204 0.114537 0.361592 0.00146939
0 0.874196 0.695875 0.251608 0.199356 0.00146514
0 0.0931535 0.720773 0.186307 0.226812 0.00146143
0 0.457274 0.232502 0.329575 0.465005 0.00146072
0 0.468568 0.28338 0.725287 0.566761 0.0014592
0 0.280857 0.895303 0.526851 0.209393 0.00145832
0 0.741966 0.898677 0.516069 0.202646 0.00145711
0 0.340344 0.196515 0.499672 0.39303 0.0014539
0 0.568308 0.0890489 0.23287 0.178098 0.00144707
0 0.449592 0.933442 0.416929 0.133116 0.00144583
0 0.754041 0.3225 0.491918 0.582257 0.00144051
0 0.629295 0.893441 0.518887 0.213118 0.00143975
0 0.689301 0.831146 0.46399 0.213753 0.00143587
0 0.0708379 0.874086 0.141676 0.251828 0.00142978
0 0.369442 0.102002 0.457069 0.204004 0.00142942
0 0.583245 0.152869 0.069428 0.0842338 0.00142613
0 0.0853447 0.771368 0.170689 0.455131 0.00141788
0 0.810664 0.911902 0.378673 0.176196 0.00141752
0 0.505555 0.919553 0.460212 0.160894 0.00141632
0 0.164354 0.409826 0.328708 0.48374 0.00140861
0 0.807758 0.284566 0.384484 0.44101 0.0013931
0 0.067813 0.930173 0.135626 0.139655 0.00139106
0 0.337308 0.914941 0.487144 0.170118 0.00139094
0 0.12335 0.151219 0.2467 0.302439 0.00138884
0 0.210725 0.428361 0.42145 0.514501 0.00138675
0 0.0666996 0.905288 0.133399 0.189424 0.00138504
0 0.901064 0.209556 0.197872 0.419113 0.00137318
0 0.726851 0.228834 0.546299 0.457667 0.00135907
0 0.320561 0.146963 0.56424 0.293927 0.00135624
0 0.0221497 0.888705 0.0442993 0.222589 0.0013499
0 0.936358 0.0967122 0.127283 0.193424 0.00134562
0 0.116468 0.497846 0.232937 0.257636 0.00133744
0 0.767827 0.201832 0.464346 0.403664 0.0013358
0 0.21253 0.897175 0.42506 0.205649 0.00132941
0 0.740714 0.122838 0.512268 0.245676 0.00131615
0 0.889121 0.822447 0.221757 0.355106 0.00131275
0 0.914177 0.253374 0.171646 0.409008 0.00131018
0 0.575317 0.271106 0.719505 0.542212 0.00130236
0 0.18343 0.166645 0.309325 0.33329 0.00129772
0 0.839252 0.21985 0.321496 0.439699 0.00128571
0 0.923273 0.794554 0.147459 0.095772 0.00128478
0 0.765186 0.255283 0.469628 0.286424 0.00128224
0 0.136444 0.359557 0.272888 0.385169 0.00128048
0 0.962072 0.974657 0.0758554 0.0506851 0.00127441
0 0.189301 0.672626 0.378603 0.562009 0.00127159
0 0.177828 0.134323 0.355656 0.268646 0.00127102
0 0.020907 0.905056 0.0418141 0.189887 0.00126983
0 0.903313 0.13504 0.193375 0.270079 0.00126182
0 0.0658391 0.503514 0.131678 0.251415 0.00125776
0 0.824493 0.359104 0.351014 0.563546 0.00124287
0 0.0394195 0.514543 0.078839 0.369691 0.00124119
0 0.567331 0.234373 0.386825 0.468746 0.00123733
0 0.246156 0.14978 0.458466 0.299561 0.00123566
0 0.00147909 0.07316 0.00295817 0.14632 0.00123122
0 0.06162 0.0993541 0.12324 0.198708 0.00121805
0 0.0961031 0.670464 0.192206 0.237764 0.00121574
0 0.877068 0.600613 0.245863 0.505471 0.00121217
0 0.889384 0.348796 0.221232 0.472732 0.00120177
0 0.813069 0.216965 0.373862 0.432869 0.00120073
0 0.878002 0.701857 0.243995 0.498355 0.00119858
0 0.869751 0.935517 0.260498 0.128967 0.00119616
0 0.847798 0.121769 0.304404 0.243539 0.00119575
0 0.179092 0.310313 0.309032 0.371736 0.00119539
0 0.878622 0.503193 0.242755 0.499811 0.00119023
0 0.122732 0.113186 0.245464 0.226371 0.00118408
0 0.0325831 0.925287 0.0651663 0.149426 0.00117968
0 0.145589 0.306325 0.291179 0.346474 0.00117813
0 0.930742 0.874785 0.138515 0.250429 0.00116802
0 0.188382 0.763521 0.376763 0.472957 0.00116564
0 0.489079 0.649354 0.214543 0.0912079 0.00115859
0 0.226435 0.376071 0.438292 0.465648 0.00115046
0 0.00549392 0.0663962 0.0109878 0.132792 0.00114524
0 0.764703 0.75872 0.470593 0.48256 0.00112922
0 0.173155 0.210075 0.282541 0.341294 0.00112376
0 0.0530423 0.314932 0.106085 0.296917 0.00112346
0 0.256587 0.0920869 0.513175 0.184174 0.00112164
0 0.244229 0.732692 0.488459 0.534617 0.00111631
0 0.872173 0.769735 0.255653 0.460531 0.00111543
0 0.079857 0.126127 0.159714 0.252255 0.00111366
0 0.00788578 0.666383 0.0157716 0.193855 0.00111075
0 0.824907 0.457257 0.350186 0.559768 0.00110982
0 0.364357 0.762084 0.693397 0.475832 0.00110093
0 0.194768 0.116013 0.389536 0.232026 0.00109999
0 0.11707 0.172334 0.23414 0.343639 0.00109267
0 0.0848399 0.442807 0.16968 0.234491 0.00109213
0 0.150435 0.927964 0.30087 0.144072 0.00109133
0 0.0530551 0.269083 0.10611 0.275166 0.00109045
0 0.828585 0.104889 0.34283 0.209778 0.00108646
0 0.829405 0.558644 0.34119 0.55633 0.00108498
0 0.863577 0.253072 0.272847 0.506144 0.00108339
0 0.219017 0.504529 0.438035 0.492615 0.00108269
0 0.0508484 0.414641 0.101697 0.292843 0.00108133
0 0.721297 0.164516 0.557407 0.329032 0.00107966
0 0.792972 0.126389 0.414057 0.252779 0.00107678
0 0.0540004 0.967844 0.108001 0.064312 0.00107272
0 0.414978 0.660766 0.663756 0.542073 0.00107267
0 0.68306 0.761542 0.63388 0.476917 0.00106691
0 0.0738861 0.912815 0.147772 0.146597 0.00105488
0 0.0510747 0.226307 0.102149 0.207105 0.0010536
0 0.286913 0.460289 0.573826 0.540067 0.00104622
0 0.162999 0.260322 0.325998 0.362964 0.00104375
0 0.350798 0.312267 0.589607 0.497524 0.00104298
0 0.952413 0.793679 0.0872935 0.0699362 0.00104237
0 0.41803 0.565307 0.639807 0.518847 0.00104113
0 0.412432 0.81464 0.360368 0.179026 0.00104087
0 0.69169 0.26872 0.61662 0.53744 0.00103822
0 0.828259 0.659244 0.343481 0.553134 0.00103565
0 0.593504 0.786357 0.702675 0.427285 0.00103544
0 0.301216 0.787038 0.602432 0.425924 0.00103457
0 0.414955 0.462785 0.665057 0.531928 0.00103263
0 0.0789855 0.162917 0.157971 0.23771 0.00103104
0 0.047163 0.464116 0.094326 0.277184 0.00102563
0 0.00181469 0.719824 0.00362937 0.190872 0.00102086
0 0.654346 0.866474 0.523402 0.267053 0.00102084
0 0.26339 0.661138 0.52678 0.556728 0.00101342
0 0.480451 0.358185 0.706516 0.575418 0.00101186
0 0.714394 0.364743 0.571212 0.545909 0.00101135
0 0.688324 0.609173 0.623352 0.542981 0.00100994
0 0.491407 0.244571 0.475215 0.22968 0.0010098
0 0.830097 0.162981 0.339805 0.325962 0.00100421
0 0.0217454 0.609944 0.0434909 0.201138 0.00100356
0 0.512694 0.106241 0.219363 0.187963 0.967841
0 0.288597 0.129821 0.286455 0.259642 0.107213
0 0.198352 0.904767 0.141108 0.176354 0.0782053
0 0.859427 0.278804 0.281147 0.2527 0.0590092
0 0.710257 0.237041 0.257421 0.244527 0.0467051
0 0.996406 0.907181 0.00718739 0.185638 0.0297188
0 0.0665895 0.905525 0.133179 0.175205 0.00774631
0 0.997603 0.111062 0.00479423 0.222124 0.00693679
0 0.704044 0.197585 0.232129 0.187367 0.00688915
0 0.00857366 0.914106 0.0171473 0.171787 0.00582168
0 0.265027 0.277408 0.292256 0.256635 0.00370788
0 0.879312 0.123966 0.241375 0.247932 0.00331625
0 0.653065 0.925638 0.111612 0.134481 0.00258175
0 0.890602 0.298467 0.217218 0.210595 0.00257645
0 0.0660144 0.93195 0.132029 0.124994 0.00254463
0 0.198474 0.947186 0.141639 0.0941404 0.00246003
0 0.454785 0.121802 0.31955 0.243604 0.00232694
0 0.794114 0.28138 0.282609 0.241711 0.00225661
0 0.000207946 0.951176 0.000415892 0.0976473 0.00215806
0 0.882263 0.246174 0.235475 0.228913 0.0020765
0 0.582662 0.14546 0.0738512 0.0990043 0.00205026
0 0.544897 0.113925 0.250351 0.227851 0.00196144
0 0.0298741 0.898279 0.0597482 0.203441 0.00186317
0 0.682789 0.275793 0.286436 0.255864 0.00167573
0 0.0713581 0.965513 0.131506 0.0575647 0.00163148
0 0.390104 0.135013 0.44754 0.270026 0.00152825
0 0.671632 0.117161 0.479215 0.234322 0.00148665
0 0.311945 0.105049 0.265116 0.208474 0.00143339
0 0.212687 0.280149 0.3071 0.253949 0.00142159
0 0.695863 0.184055 0.578917 0.368111 0.001359
0 0.279008 0.416869 0.558017 0.608948 0.00135049
0 0.951337 0.901875 0.0973262 0.19625 0.00134552
0 0.545637 0.462475 0.727424 0.603337 0.00134402
0 0.958989 0.944697 0.0820218 0.110606 0.0013167
0 0.540109 0.162312 0.258866 0.312928 0.00131255
0 0.926205 0.081246 0.147591 0.162492 0.00131029
0 0.864423 0.910585 0.271154 0.17883 0.00130966
0 0.563232 0.0978072 0.285548 0.195614 0.00130263
0 0.401526 0.61666 0.4838 0.380449 0.0012888
0 0.427119 0.760351 0.743468 0.479298 0.00128405
0 0.33941 0.457756 0.67882 0.596034 0.00128007
0 0.382087 0.115502 0.476866 0.231005 0.00125345
0 0.141877 0.282551 0.283754 0.257066 0.00125019
0 0.477406 0.559111 0.497503 0.394215 0.00124422
0 0.4756 0.100921 0.345455 0.201842 0.00123521
0 0.188031 0.957592 0.153604 0.0848156 0.0012231
0 0.335048 0.862539 0.409647 0.274922 0.00121284
0 0.428564 0.495271 0.621808 0.497702 0.00120456
0 0.406777 0.417676 0.765518 0.605132 0.00119645
0 0.982034 0.0718161 0.0359317 0.143632 0.00118343
0 0.997364 0.946023 0.00527216 0.107954 0.00118138
0 0.341504 0.276697 0.313448 0.255326 0.00117801
0 0.214991 0.878095 0.318577 0.213442 0.00117777
0 0.881701 0.258752 0.236599 0.367396 0.00117619
0 0.738446 0.0901148 0.304802 0.171134 0.0011652
0 0.843898 0.102154 0.312204 0.204308 0.00116448
0 0.564881 0.565536 0.617724 0.507018 0.0011596
0 0.979779 0.528667 0.0404414 0.180898 0.00115307
0 0.293323 0.951321 0.231409 0.0973571 0.00115125
0 0.507249 0.0962583 0.218017 0.192517 0.00114421
0 0.175732 0.793444 0.351463 0.356657 0.00114338
0 0.974673 0.481249 0.0506547 0.19643 0.00113896
0 0.439158 0.832652 0.554467 0.334696 0.00113811
0 0.94804 0.30885 0.103919 0.245437 0.00113778
0 0.908777 0.725772 0.181809 0.086985 0.0011334
0 0.896042 0.968441 0.207915 0.0631184 0.0011268
0 0.43574 0.673111 0.631873 0.479067 0.00112442
0 0.396549 0.562792 0.440292 0.326417 0.00111676
0 0.26589 0.872101 0.478109 0.230776 0.00111012
0 0.150175 0.911476 0.209198 0.164867 0.00110911
0 0.856787 0.958201 0.286426 0.0835984 0.00110646
0 0.952066 0.368432 0.0958688 0.236306 0.00110638
0 0 0.32067 0 0.161015 0.0011032
0 0 0.519194 0 0.152282 0.00110263
0 0 0.371002 0 0.160785 0.00110262
0 0.981519 0.577604 0.0369616 0.176173 0.0011025
0 0.342681 0.738317 0.685362 0.523366 0.00109499
0 0 0.420365 0 0.157781 0.00109391
0 0 0.22028 0 0.167169 0.00109323
0 0 0.27163 0 0.163958 0.00109146
0 0.992698 0.149842 0.0146044 0.256182 0.00108965
0 0 0.769927 0 0.148955 0.00108959
0 0 0.470147 0 0.154578 0.00108693
0 0.998158 0.0752566 0.00368514 0.150513 0.00108437
0 0.985426 0.722741 0.0291473 0.159547 0.00108271
0 0.13336 0.115915 0.266721 0.22676 0.00108229
0 0.226903 0.751828 0.453807 0.476045 0.00108123
0 0 0.568503 0 0.149666 0.00108122
0 0.291314 0.80807 0.410103 0.383859 0.00107767
0 0.126147 0.892437 0.250597 0.195655 0.00107749
0 0.859518 0.355416 0.280963 0.424428 0.00107727
0 0.331903 0.672898 0.650682 0.509192 0.00107704
0 0.827612 0.437586 0.344776 0.470778 0.00107642
0 0.00173621 0.100073 0.00347242 0.200145 0.00107614
0 0.93656 0.106616 0.126881 0.213232 0.00107119
0 0.992974 0.270689 0.0140528 0.250842 0.00106956
0 0.311624 0.613674 0.570182 0.450469 0.00106812
0 0.995076 0.320251 0.00984748 0.221541 0.00106796
0 0.863243 0.66141 0.273513 0.337558 0.00106786
0 0.930333 0.202226 0.139333 0.34664 0.0010667
0 0.727252 0.952012 0.281375 0.0959753 0.00106668
0 0.831076 0.550875 0.337849 0.42168 0.00106594
0 0.983818 0.676571 0.0323643 0.167007 0.00106556
0 0.882368 0.143457 0.235264 0.286914 0.00106354
0 0.815797 0.827141 0.368405 0.345718 0.00105947
0 0.935561 0.256191 0.128878 0.302603 0.00105822
0 0 0.720451 0 0.150778 0.0010545
0 0.991042 0.213649 0.0179164 0.280695 0.00105195
0 0 0.619563 0 0.149624 0.00105053
0 0.676554 0.878859 0.231607 0.242282 0.0010475
0 0.906771 0.856005 0.186459 0.287989 0.00104587
0 0 0.669483 0 0.150669 0.0010453
0 0.794165 0.599407 0.41167 0.520519 0.00104473
0 0.996444 0.37186 0.00711269 0.204559 0.00104396
0 0.77832 0.743241 0.443359 0.513519 0.00103941
0 0 0.164731 0 0.159008 0.00103846
0 0.203004 0.36571 0.406007 0.59728 0.00103782
0 0.985654 0.778658 0.0286929 0.162028 0.0010371
0 0.662951 0.948911 0.295853 0.102178 0.00103694
0 0.874169 0.20718 0.251662 0.414359 0.00103443
0 0.091448 0.914085 0.182896 0.160189 0.00103076
0 0 0.0705599 0 0.14112 0.00103069
0 0.0759721 0.0903144 0.151944 0.180629 0.00102931
0 0.851666 0.716127 0.296668 0.345812 0.0010291
0 0 0.112278 0 0.143777 0.00102643
0 0.787839 0.789845 0.424322 0.420309 0.00102397
0 0 0.820623 0 0.144538 0.00102302
0 0.171933 0.853192 0.226713 0.29322 0.00101993
0 0.496198 0.962268 0.322855 0.0754632 0.00101558
0 0.955537 0.156973 0.0889251 0.280251 0.00101525
0 0.963781 0.431522 0.0724387 0.2217 0.00101503
0 0.73084 0.266519 0.301133 0.268653 0.00100944
0 0.325777 0.970382 0.212444 0.0592358 0.00100201
0 0.982973 0.630508 0.0340532 0.174215 0.00100024
0 0.509807 0.102384 0.218963 0.187895 0.964489
0 0.996255 0.112243 0.00748992 0.224486 0.0134456
0 0.466612 0.780726 0.157028 0.0535344 0.00901296
0 0.866931 0.871908 0.266137 0.223119 0.00551775
0 0.0647494 0.937375 0.129499 0.125251 0.00533015
0 0.995193 0.904528 0.00961425 0.190945 0.00421995
0 0.00104088 0.915452 0.00208175 0.169095 0.00220091
0 0.197693 0.913927 0.142648 0.172147 0.00218176
0 0.00106875 0.0985541 0.0021375 0.197108 0.00184825
0 0.890831 0.813606 0.213766 0.111039 0.00152874
0 0.895834 0.788855 0.208332 0.056035 0.00152066
0 0.551074 0.0938505 0.237662 0.187701 0.00144643
0 0.443943 0.122167 0.339905 0.244333 0.00140546
0 0.669911 0.106922 0.408166 0.213845 0.00139811
0 0.336859 0.173872 0.553263 0.347744 0.00135534
0 0.453447 0.914993 0.404858 0.170013 0.00134767
0 0.688851 0.164981 0.526696 0.329963 0.00133295
0 0.89492 0.714323 0.210161 0.130141 0.00129937
0 0.555004 0.897831 0.470695 0.204339 0.00125473
0 0.734978 0.900104 0.471715 0.199792 0.00124749
0 0 0.706384 0 0.215135 0.00123901
0 0.996085 0.163693 0.00782969 0.273091 0.00123275
0 0 0.657037 0 0.208975 0.00122392
0 0 0.75221 0 0.22249 0.00121953
0 0 0.610136 0 0.20982 0.00121868
0 0 0.800219 0 0.210966 0.00119588
0 0 0.485707 0 0.288072 0.00119083
0 0.57313 0.891815 0.315113 0.21637 0.00119
0 0 0.416648 0 0.34279 0.00118543
0 0 0.554102 0 0.231293 0.00118375
0 0.811444 0.892619 0.377111 0.214762 0.00118187
0 0 0.316647 0 0.314925 0.00117629
0 0.642274 0.89749 0.181662 0.20502 0.00116869
0 0 0.850289 0 0.168402 0.00115972
0 0 0.179743 0 0.132462 0.00115378
0 0 0.280291 0 0.253495 0.00115173
0 0.506382 0.178573 0.162534 0.0408166 0.00115093
0 0.0886335 0.755218 0.177267 0.351069 0.00114567
0 0 0.237432 0 0.189647 0.00113446
0 0.571225 0.0904644 0.24511 0.180929 0.00112975
0 0.3102 0.107396 0.313929 0.214791 0.00112001
0 0.563647 0.535283 0.126937 0.0422711 0.00111571
0 0.144998 0.454654 0.222622 0.118941 0.00111459
0 0.543479 0.137785 0.251464 0.250951 0.00110932
0 0.451563 0.237544 0.352096 0.464887 0.00108653
0 0.0614109 0.851435 0.122822 0.29713 0.00108524
0 0.983654 0.209443 0.0326913 0.317068 0.00108275
0 0.461885 0.887751 0.255266 0.224498 0.00107921
0 0.512264 0.0106874 0.170707 0.0213748 0.00106975
0 0.271207 0.932718 0.351475 0.134565 0.00106936
0 0.805858 0.545456 0.121696 0.0372347 0.00106649
0 0.697674 0.529653 0.0951959 0.0410719 0.00106534
0 0.119698 0.0834996 0.239397 0.166999 0.00105928
0 0.341834 0.932274 0.406061 0.135452 0.00105793
0 0.0588976 0.363959 0.117795 0.399841 0.00105366
0 0.422507 0.103556 0.427643 0.207111 0.00104537
0 0.982881 0.267049 0.0342385 0.309042 0.00103796
0 0.845005 0.915721 0.30999 0.168557 0.00103238
0 0.987071 0.15696 0.0258578 0.301284 0.00102319
0 0 0.132583 0 0.11979 0.00101892
0 0.458757 0.0970618 0.32258 0.194124 0.00101437
0 0.0433533 0.811545 0.0867066 0.328738 0.0010123
0 0.127185 0.139674 0.254371 0.279348 0.00100083
0 0.511202 0.105918 0.219868 0.188106 0.903268
0 1 0.0599674 0 0.119935 0.0130042
0 1 0.320819 0 0.205651 0.00581919
0 0.999965 0.0967952 6.98489e-05 0.19359 0.00344752
0 1 0.272117 0 0.204749 0.00251625
0 1 0.363934 0 0.204126 0.00225279
0 0 0.0595848 0 0.11917 0.00193713
0 0.509285 0.174051 0.162926 0.0514752 0.00158158
0 0.999871 0.133999 0.000258243 0.179842 0.00153334
0 0.856774 0.455221 0.286452 0.206771 0.00151813
0 0.811002 0.0931208 0.121318 0.0590642 0.00151712
0 0.584712 0.132499 0.0620172 0.124438 0.00137461
0 0.715266 0.879483 0.248331 0.22384 0.00118231
0 0.491607 0.0781414 0.215303 0.156283 0.00115292
0 1 0.205433 0 0.246984 0.00114969
0 0.998906 0.0232522 0.00218867 0.0465044 0.0011408
0 0.809863 0.328684 0.254891 0.213527 0.00113226
0 0.906526 0.137042 0.182984 0.146143 0.00111692
0 0.827289 0.279836 0.200128 0.168675 0.00111318
0 0 0.609808 0 0.1819 0.0010941
0 0 0.659553 0 0.180645 0.00108923
0 0.0717666 0.61746 0.143533 0.338691 0.00108577
0 0 0.559602 0 0.187501 0.00108132
0 0 0.450636 0 0.226771 0.00107894
0 0 0.755641 0 0.174507 0.00107152
0 0 0.709417 0 0.182542 0.00107144
0 0 0.508798 0 0.204625 0.00106412
0 0.923882 0.397559 0.152235 0.175109 0.00106298
0 0 0.389393 0 0.246768 0.00105367
0 0 0.845141 0 0.148846 0.00104597
0 0.971739 0.0779151 0.0565225 0.15583 0.00104516
0 0 0.801719 0 0.164525 0.00104326
0 0 0.93556 0 0.128881 0.0010428
0 0.882187 0.142373 0.235626 0.284745 0.0010351
0 0.999832 0.918793 0.000335363 0.162415 0.00103486
0 0.999203 0.959752 0.00159463 0.0804963 0.00102736
0 0 0.342492 0 0.229209 0.00102647
0 0.882325 0.397449 0.23535 0.234979 0.0010207
0 0 0.907368 0 0.171329 0.00101833
0 0.805964 0.356764 0.388072 0.420247 0.00101493
0 0.680481 0.08793 0.306643 0.17586 0.00100736
0 0.00442072 0.906286 0.00884145 0.187428 0.00100267
0 0.512828 0.102496 0.218521 0.187858 0.940552
0 0.999753 0.0713791 0.00049379 0.142758 0.0184498
0 1 0.307536 0 0.20289 0.0183487
0 1 0.347746 0 0.199608 0.0123979
0 0.999921 0.103674 0.000157766 0.207349 0.0119622
0 0.999966 0.156767 6.85268e-05 0.222395 0.00936533
0 0.582419 0.120929 0.0744961 0.14179 0.00847014
0 0.027547 0.909694 0.0550939 0.180612 0.00796663
0 1 0.261081 0 0.209331 0.00750483
0 1 0.044718 0 0.0894359 0.00596812
0 1 0.20858 0 0.22069 0.0052932
0 0 0.0562531 0 0.112506 0.00316157
0 1 0.390095 0 0.193584 0.00234548
0 0.999383 0.0201959 0.00123293 0.0403919 0.00216729
0 0.580935 0.150199 0.0753639 0.0867022 0.00210622
0 1 0.965852 0 0.0682957 0.00194638
0 0.999277 0.925825 0.00144501 0.148349 0.0016186
0 0.00524053 0.920571 0.0104811 0.158858 0.00160559
0 0.514266 0.0215683 0.202668 0.0189905 0.0016047
0 0.00287319 0.0975373 0.00574639 0.195075 0.00113021
0 0.821925 0.101197 0.109277 0.0731622 0.00112034
0 0 0.933762 0 0.132476 0.00107947
0 0 0.741238 0 0.152168 0.0010757
0 0.485038 0.0821943 0.21966 0.164389 0.0010732
0 0 0.906896 0 0.174215 0.00106586
0 0 0.695438 0 0.16636 0.0010595
0 0 0.836741 0 0.137386 0.00105449
0 0 0.790321 0 0.145829 0.00105422
0 0.0122879 0.772685 0.0245759 0.275347 0.00105414
0 0 0.957097 0 0.0858054 0.00104147
0 0.0231891 0.718045 0.0463783 0.301681 0.00103916
0 0 0.969373 0 0.0612549 0.0010357
0 0.128518 0.164812 0.257036 0.198063 0.00103472
0 0.00897752 0.830127 0.017955 0.249994 0.00102949
0 0 0.234001 0 0.134973 0.00102779
0 0.679277 0.657283 0.641447 0.576588 0.00101253
0 0 0.258731 0 0.134482 0.00100748
0 0.407844 0.56408 0.669576 0.55289 0.00100627
0 0.51103 0.104293 0.225071 0.188683 0.945702
0 0.721188 0.0983926 0.465824 0.183142 0.00104568
0 0.512023 0.103533 0.219764 0.18819 0.94082
0 0.491776 0.157303 0.129169 0.0821505 0.00159832
0 0.348289 0.667639 0.41134 0.234858 0.00112378
0 0.512568 0.104228 0.218932 0.189166 0.938327
0 0.570628 0.217891 0.388229 0.211558 0.00133068
0 0.456947 0.106807 0.105886 0.188682 0.00132686
0 0.66015 0.153859 0.105398 0.084907 0.00103177
0 0.511733 0.103743 0.220589 0.190741 0.935804
0 0.798146 0.535247 0.130458 0.0443441 0.00192531
0 0.57881 0.216551 0.429979 0.218635 0.00159598
0 0.577499 0.148465 0.0784354 0.0894114 0.00153858
0 0.505138 0.166668 0.170785 0.0623808 0.00123581
0 0.463355 0.779235 0.1169 0.0414806 0.0010477
0 0.511583 0.105242 0.213549 0.191676 0.970354
0 1 0.0827765 0 0.165553 0.021374
0 0.000202423 0.0644498 0.000404847 0.1289 0.00665163
0 0.199403 0.942794 0.138788 0.112866 0.00211411
0 0.99976 0.119023 0.000479908 0.225332 0.00120252
0 0.999631 0.543901 0.000739032 0.2277 0.00119999
0 0.999793 0.296466 0.000414687 0.227881 0.00100827
0 0.509645 0.105016 0.221241 0.186094 0.652518
0 0.065001 0.917855 0.129254 0.0883072 0.00197043
0 0.577371 0.14536 0.0825505 0.101135 0.00168059
0 0.195677 0.790131 0.0872552 0.0637055 0.00127136
0 0.542557 0.161237 0.123895 0.0718884 0.00110267
0 0.186684 0.786081 0.104584 0.0754696 0.00101944
0 0.511464 0.103232 0.223179 0.194155 0.97137
0 0.999322 0.0465287 0.001355 0.0930573 0.00152144
0 0.065062 0.932108 0.130124 0.120288 0.00138058
0 0.781446 0.474047 0.222741 0.196714 0.00112845
0 0.574256 0.141144 0.0940217 0.112937 0.00111111
0 0.510395 0.104789 0.224667 0.188986 0.908517
0 0.511761 0.104407 0.22147 0.189259 0.936726
0 0.605402 0.100834 0.0297176 0.144409 0.00368216
0 0.512217 0.104876 0.220755 0.182852 0.783881
0 0.577263 0.143381 0.082947 0.101878 0.00160272
0 0.513169 0.105427 0.219577 0.190302 0.959258
0 0.57244 0.134233 0.0954433 0.122888 0.00185037
0 0.667608 0.132218 0.153279 0.14371 0.00101529
0 0.511427 0.104409 0.223194 0.190789 0.924252
0 0.572532 0.128008 0.0949614 0.138391 0.00291744
0 0.999783 0.0762973 0.000433856 0.152595 0.00103694
0 0.510748 0.104268 0.221548 0.18975 0.92372
0 0.510619 0.106133 0.218149 0.192751 0.900776
0 0.0627628 0.935168 0.114853 0.129113 0.0056973
0 0.323798 1 0.195504 0 0.00417793
0 0.713763 1 0.197039 0 0.00347949
0 0.929058 1 0.141883 0 0.00308485
0 0.756193 1 0.199367 0 0.00305371
0 0.655118 1 0.193847 0 0.00303343
0 0.465773 1 0.203109 0 0.00253883
0 0.249622 1 0.198044 0 0.00243346
0 0.906877 1 0.186246 0 0.00238728
0 0.856627 1 0.19952 0 0.00233267
0 0.0752915 1 0.150583 0 0.00211822
0 0.193535 1 0.203198 0 0.0017742
0 0.424825 1 0.205858 0 0.00171248
0 0.365553 1 0.204984 0 0.00163039
0 0.813533 1 0.202888 0 0.0015776
0 0.522378 1 0.19961 0 0.00132424
0 0.135281 1 0.200848 0 0.00125256
0 0.511326 0.10524 0.219285 0.191294 0.928216
0 0.0670521 0.931156 0.121806 0.118795 0.141521
0 0.65131 0.919108 0.110529 0.133633 0.00154148
0 0.508582 0.104218 0.217392 0.190168 0.923473
0 0.0708175 0.933278 0.119262 0.123114 0.038372
0 1 0.905006 0 0.189988 0.00252876
0 0.202663 0.940018 0.139413 0.113161 0.00252746
0 0.567602 0.145817 0.104629 0.0986062 0.00227134
0 1 0.0828412 0 0.165682 0.00196482
0 0.00134999 0.912174 0.00269998 0.175652 0.00145041
0 0.513405 0.105026 0.215186 0.188202 0.93019
0 0.199212 0.903295 0.142582 0.168832 0.206597
0 0.652702 0.905139 0.122331 0.169164 0.0166361
0 0.997882 0.897575 0.00423688 0.20485 0.00138178
0 0.512225 0.104534 0.215703 0.190915 0.898088
0 0.197532 0.907107 0.140858 0.179472 0.0062197
0 0.65603 0.906001 0.123087 0.168481 0.00113174
0 0.510491 0.10402 0.216685 0.189862 0.932941
0 0.510913 0.103043 0.220792 0.189243 0.878791
0 0.509741 0.144396 0.209733 0.106418 0.00105186
0 0.512994 0.102885 0.218836 0.194856 0.945114
0 0.569238 0.10983 0.100911 0.175152 0.00102155
0 0.511875 0.104348 0.217792 0.189187 0.936103
0 0.572132 0.14573 0.0932866 0.101975 0.00168876
0 0.0662724 0.928488 0.12114 0.115953 0.00143952
0 0.575629 0.11781 0.0878307 0.152729 0.00109849
0 0.51266 0.105364 0.21901 0.188578 0.959881
0 0.508289 0.103365 0.216562 0.18928 0.917394
0 0.553813 0.138667 0.129358 0.104173 0.00169328
0 0.511562 0.10296 0.218771 0.191047 0.917362
0 0.999482 0.0564429 0.00103539 0.112886 0.00266135
0 0.998658 0.908589 0.00268312 0.182823 0.00187971
0 0.99905 0.0924107 0.0018998 0.184821 0.00119249
0 0.511627 0.105938 0.217525 0.19407 0.903156
0 0.511034 0.104004 0.219977 0.193166 0.941139
0 0.999525 0.0691404 0.00094924 0.138281 0.00102943
0 0.511057 0.103999 0.217975 0.186426 0.932534
0 0.999672 0.68558 0.000655852 0.179283 0.00115465
0 0.760143 0.131838 0.300508 0.252261 0.00113702
0 0.99912 0.537148 0.00176099 0.186936 0.00102336
0 0.842474 0.263947 0.315052 0.257142 0.00100359
0 0.512031 0.104481 0.216245 0.188991 0.915525
0 0.999083 0.0836664 0.00183326 0.167333 0.00263977
0 0.999916 0.0523371 0.00016702 0.104674 0.0022619
0 0.511559 0.103266 0.216197 0.187904 0.924622
0 0.996984 0.89795 0.00603234 0.2041 0.00283899
0 0.997938 0.0877343 0.00412351 0.175469 0.00245375
0 0.5126 0.10397 0.214868 0.18953 0.937815
0 0.0695526 0.934784 0.131646 0.125356 0.0017702
0 0.509431 0.103853 0.221171 0.189724 0.930258
0 0.0716017 0.928421 0.120933 0.110692 0.00178376
0 0.510153 0.103471 0.218881 0.191351 0.933086
0 0.0781616 0.919223 0.100984 0.0953075 0.00237085
0 0.679349 0.121357 0.123487 0.138855 0.00161762
0 0.512425 0.103457 0.218661 0.190077 0.945557
0 0.512565 0.102405 0.220135 0.190341 0.929514
0 0.513636 0.104428 0.22156 0.191917 0.922856
0 0.510242 0.104294 0.219263 0.188063 0.928317
0 0.997993 0.889004 0.00401378 0.221991 0.00175174
0 0.512469 0.105273 0.224579 0.192667 0.926159
0 0.511804 0.105527 0.218644 0.189469 0.906392
0 0.512339 0.105423 0.222033 0.187724 0.917826
0 0.512692 0.106426 0.220976 0.188636 0.91717
0 0.512005 0.104732 0.220932 0.188365 0.918486
0 0.511647 0.105653 0.217398 0.188123 0.944359
0 0.511436 0.104987 0.221217 0.19146 0.929747
0 0.511043 0.104126 0.220881 0.19433 0.927926
0 0 0.107674 0 0.215348 0.00107705
0 0.512852 0.10442 0.221759 0.193119 0.93483
0 0.932245 0.910459 0.132522 0.122951 0.00811405
0 0.512356 0.104648 0.221626 0.190643 0.944877
0 0.511999 0.105062 0.220432 0.190537 0.93847
0 0.512339 0.104202 0.222945 0.191958 0.925397
0 0.513069 0.105021 0.219662 0.19006 0.947094
0 0.512129 0.103507 0.219095 0.191863 0.923411
0 0.511981 0.103998 0.2191 0.190813 0.955691
0 0.998866 0.086482 0.00226866 0.172964 0.00111948
0 0.511153 0.104158 0.220182 0.19211 0.944173
0 0.512961 0.104378 0.221113 0.191523 0.92545
0 0.512103 0.104643 0.220772 0.191342 0.929107
0 0.510655 0.104573 0.224668 0.191541 0.934537
0 0.99765 0.0982496 0.00469982 0.196499 0.00111986
0 0.510263 0.104665 0.222611 0.192742 0.924706
0 0.998311 0.0941884 0.00337787 0.188377 0.00104365
0 0.511207 0.10327 0.219849 0.193328 0.923092
0 0.998639 0.0983008 0.00272146 0.196602 0.00111449
0 0.511933 0.103599 0.21907 0.193403 0.920831
0 0.512899 0.104559 0.219058 0.194945 0.917489
0 0.512555 0.105083 0.220207 0.192607 0.935663
0 0.511213 0.105268 0.219857 0.191591 0.930286
0 0.511899 0.104525 0.218978 0.190954 0.931954
0 0.512565 0.104609 0.222114 0.191757 0.936091
0 0.512754 0.104468 0.219743 0.193846 0.923038
0 0.512941 0.104517 0.221085 0.192622 0.936093
0 0.511943 0.104064 0.222497 0.193024 0.954109
0 0.512779 0.105045 0.220029 0.191369 0.950595
0 0.512102 0.104508 0.222348 0.191597 0.955177
0 0.512 0.103399 0.219254 0.1936 0.961232
0 0.512405 0.104237 0.220565 0.191375 0.945961
0 0.512088 0.104435 0.220426 0.190494 0.938029
0 0.512148 0.104919 0.220746 0.191215 0.944933
0 0.512002 0.104559 0.219355 0.192913 0.933808
0 0.511122 0.104528 0.221259 0.191882 0.946067
0 0.511124 0.104285 0.222076 0.193152 0.965791
0 0.510987 0.104097 0.222067 0.192187 0.965921
0 0.511854 0.104776 0.220553 0.192112 0.954903
0 0.51174 0.104678 0.221126 0.191981 0.95319
0 0.511591 0.104578 0.221371 0.192552 0.952681
0 0.5114 0.104671 0.220455 0.19198 0.95209
0 0.511646 0.104732 0.221719 0.192859 0.951235
0 0.511525 0.104694 0.22141 0.192845 0.953737
0 0.511938 0.1036 0.219081 0.193414 0.920884
