0 0.641178 0.560693 0.188103 0.127467 0.0272963
0 0.639502 0.610191 0.19046 0.236364 0.0147468
0 0.598097 0.560129 0.291834 0.14642 0.0140486
0 0.641607 0.505472 0.198069 0.244152 0.0132432
0 0.691397 0.56235 0.307755 0.150131 0.0131968
0 0.711155 0.574455 0.344738 0.196204 0.0131283
0 0.0942986 0.901937 0.188597 0.186783 0.0130662
0 0.676887 0.507571 0.297752 0.235863 0.0129985
0 0.903038 0.901324 0.193923 0.191133 0.0129698
0 0.252069 0.103693 0.237143 0.197909 0.0128166
0 0.227059 0.866198 0.402254 0.262149 0.0127875
0 0.861744 0.0870394 0.258436 0.162425 0.0127135
0 0.40548 0.129923 0.554825 0.248273 0.012668
0 0.148474 0.87237 0.296948 0.241907 0.0126398
0 0.545196 0.681777 0.440951 0.299972 0.01262
0 0.883645 0.803977 0.232711 0.380692 0.0125907
0 0.682498 0.0873122 0.461692 0.165072 0.0125902
0 0.863487 0.898028 0.273027 0.19631 0.0125801
0 0.759216 0.929386 0.481569 0.141228 0.0125769
0 0.304586 0.864288 0.395277 0.265756 0.0125555
0 0.250811 0.625628 0.229159 0.170216 0.0125548
0 0.180448 0.125065 0.360896 0.240961 0.0125433
0 0.924232 0.678082 0.151535 0.611792 0.0125378
0 0.545663 0.609022 0.399812 0.236237 0.0125287
0 0.881168 0.106009 0.237663 0.197061 0.0125235
0 0.31575 0.856028 0.572038 0.270099 0.0125058
0 0.229179 0.90529 0.458358 0.189419 0.0125031
0 0.814674 0.90521 0.370651 0.189581 0.0125
0 0.783501 0.5856 0.432999 0.235706 0.0124984
0 0.426884 0.576812 0.582809 0.238191 0.0124908
0 0.626776 0.705244 0.548131 0.418205 0.0124862
0 0.934375 0.268444 0.13125 0.450291 0.0124845
0 0.588584 0.12048 0.652959 0.230631 0.0124774
0 0.433387 0.864786 0.415615 0.267566 0.0124645
0 0.715888 0.979055 0.568225 0.0418894 0.0124627
0 0.366768 0.623275 0.357818 0.182758 0.0124626
0 0.397326 0.622591 0.251509 0.177164 0.0124545
0 0.734071 0.845088 0.324834 0.242825 0.0124496
0 0.89182 0.674205 0.21636 0.618466 0.0124303
0 0.259652 0.229125 0.263224 0.443825 0.0124243
0 0.800622 0.0557823 0.398756 0.111565 0.0124123
0 0.905876 0.346774 0.188248 0.665865 0.0124075
0 0.381713 0.907401 0.763427 0.185198 0.0124068
0 0.510173 0.865191 0.425905 0.268659 0.0124056
0 0.783792 0.538482 0.432417 0.280322 0.0123957
0 0.189194 0.259153 0.378387 0.505531 0.0123955
0 0.131345 0.902411 0.262689 0.195178 0.0123932
0 0.865454 0.0156912 0.269092 0.0313824 0.0123864
0 0.883243 0.152292 0.233514 0.299584 0.0123758
0 0.787468 0.842027 0.347352 0.227434 0.0123738
0 0.503498 0.701149 0.487074 0.402287 0.0123722
0 0.136237 0.784827 0.272474 0.410306 0.012363
0 0.508624 0.981731 0.818999 0.0365374 0.0123614
0 0.206798 0.0781618 0.413596 0.156324 0.0123593
0 0.608992 0.0861944 0.759385 0.172389 0.0123514
0 0.315227 0.635746 0.360728 0.180333 0.0123498
0 0.650554 0.8652 0.448771 0.264864 0.0123466
0 0.249944 0.767614 0.298959 0.449252 0.0123435
0 0.760275 0.884022 0.326151 0.226371 0.0123435
0 0.308119 0.583015 0.351378 0.251387 0.0123427
0 0.596573 0.854752 0.598192 0.272369 0.0123421
0 0.660964 0.985104 0.678073 0.029792 0.0123389
0 0.694374 0.090157 0.611252 0.180314 0.0123358
0 0.294255 0.0787091 0.410156 0.157418 0.0123347
0 0.907486 0.488127 0.185028 0.565778 0.0123331
0 0.908448 0.230578 0.183104 0.428432 0.012327
0 0.795785 0.131876 0.404688 0.24958 0.0123244
0 0.376529 0.0934983 0.544738 0.186997 0.0123189
0 0.841883 0.864251 0.25086 0.235811 0.0123186
0 0.422565 0.976057 0.824052 0.0478857 0.0123124
0 0.399197 0.951344 0.798393 0.0973123 0.0123044
0 0.115492 0.0252238 0.230985 0.0504476 0.0123036
0 0.17901 0.0616624 0.358019 0.123325 0.0122958
0 0.530415 0.101178 0.899031 0.202356 0.0122867
0 0.0966739 0.534809 0.193348 0.480026 0.0122831
0 0.104082 0.416638 0.208164 0.634137 0.0122685
0 0.354138 0.648371 0.406399 0.228694 0.0122679
0 0.876502 0.213387 0.246996 0.424765 0.0122671
0 0.0922263 0.64905 0.184453 0.416256 0.0122657
0 0.560852 0.540185 0.356607 0.168082 0.0122632
0 0.489658 0.236856 0.71611 0.468173 0.0122612
0 0.10353 0.77531 0.20706 0.396423 0.0122607
0 0.290457 0.541155 0.332282 0.289995 0.0122551
0 0.190766 0.712081 0.381533 0.575837 0.0122542
0 0.136153 0.703843 0.272305 0.592314 0.0122506
0 0.613095 0.4708 0.267409 0.293639 0.0122465
0 0.197801 0.397241 0.395602 0.746004 0.012244
0 0.729852 0.15117 0.453255 0.288339 0.0122404
0 0.160928 0.207122 0.321856 0.400802 0.0122342
0 0.726892 0.473253 0.507875 0.301465 0.01223
0 0.303858 0.347399 0.607716 0.693263 0.0122243
0 0.120758 0.318169 0.241515 0.621255 0.0122197
0 0.795811 0.625482 0.408378 0.237418 0.0122188
0 0.858136 0.53968 0.283727 0.309939 0.0122171
0 0.495917 0.85859 0.595155 0.274834 0.0122152
0 0.261035 0.490636 0.312713 0.396475 0.0122104
0 0.106801 0.85713 0.213603 0.258 0.0122085
0 0.863023 0.654668 0.273955 0.357188 0.0122001
0 0.115454 0.612069 0.230908 0.513344 0.0121973
0 0.342412 0.423337 0.625644 0.609025 0.0121963
0 0.63571 0.444568 0.530742 0.344253 0.0121887
0 0.431921 0.454773 0.745764 0.52069 0.0121864
0 0.858425 0.593729 0.28315 0.250787 0.0121832
0 0.128198 0.474769 0.256396 0.623472 0.0121808
0 0.916214 0.363904 0.167572 0.222479 0.0121763
0 0.845239 0.733487 0.309523 0.506491 0.0121761
0 0.176907 0.57074 0.353814 0.453129 0.0121571
0 0.27821 0.699615 0.55642 0.586027 0.0121529
0 0.145504 0.375699 0.291007 0.730758 0.0121525
0 0.409957 0.358042 0.819915 0.716084 0.0121522
0 0.771569 0.819179 0.456863 0.323019 0.0121443
0 0.539602 0.133594 0.851135 0.264906 0.0121433
0 0.304132 0.475924 0.498507 0.424345 0.0121375
0 0.428403 0.514451 0.638364 0.345185 0.0121358
0 0.916439 0.297164 0.167121 0.27912 0.0121298
0 0.858994 0.429058 0.282013 0.460955 0.0121234
0 0.710521 0.211636 0.578959 0.405159 0.012121
0 0.415526 0.290283 0.766452 0.572863 0.0121174
0 0.186133 0.437177 0.372266 0.537637 0.0121087
0 0.751538 0.717211 0.496924 0.455185 0.0121061
0 0.555747 0.172688 0.703842 0.340178 0.012098
0 0.788568 0.752299 0.422864 0.463992 0.0120601
0 0.501628 0.420511 0.736357 0.381478 0.0120601
0 0.643607 0.161128 0.551105 0.312959 0.0120568
0 0.709709 0.413307 0.378197 0.295139 0.0120416
0 0.769298 0.462099 0.461405 0.353845 0.0120185
0 0.818818 0.424799 0.362365 0.261329 0.0120126
0 0.835504 0.320571 0.328992 0.265546 0.0119774
0 0.77035 0.360945 0.214455 0.164999 0.0119613
0 0.805133 0.244849 0.389733 0.364501 0.0119277
0 0.750524 0.271681 0.498952 0.323069 0.0118961
0 0.628598 0.275472 0.650147 0.372978 0.0118583
0 0.199767 0.651567 0.114981 0.11986 0.0032503
0 0.0584526 0.920344 0.11535 0.150252 0.00320829
0 0.855732 0.08706 0.114878 0.14199 0.00319839
0 0.940943 0.303833 0.118114 0.27444 0.00319399
0 0.948778 0.559289 0.102444 0.194937 0.00318656
0 0.73214 0.398961 0.115086 0.0974045 0.00318162
0 0.22321 0.384254 0.1633 0.112995 0.00318105
0 0.0631263 0.872877 0.125852 0.241375 0.00317586
0 0.654251 0.34953 0.399807 0.119576 0.0031751
0 0.261459 0.0662031 0.189708 0.118441 0.0031725
0 0.518233 0.426677 0.310413 0.15983 0.00316727
0 0.638619 0.583877 0.177167 0.132734 0.00316594
0 0.929772 0.0859479 0.139698 0.144279 0.00316316
0 0.742164 0.367548 0.141344 0.147447 0.00316314
0 0.940569 0.253632 0.118863 0.276828 0.00316313
0 0.999448 0.676353 0.00110464 0.476092 0.00316304
0 0.783926 0.0863638 0.224876 0.145746 0.00316286
0 0.0699227 0.405455 0.139845 0.22867 0.00316045
0 0.92081 0.0661632 0.155314 0.117714 0.0031602
0 0.0657291 0.0993158 0.127923 0.152871 0.00316016
0 1 0.61541 0 0.4031 0.00315943
0 0.0690091 0.61012 0.138018 0.212615 0.00315903
0 0.0703055 0.455689 0.140611 0.201847 0.00315829
0 0.0678112 0.680937 0.135622 0.192257 0.00315548
0 0.339941 0.228323 0.137187 0.0720831 0.00315527
0 0.940652 0.802266 0.118697 0.159787 0.0031549
0 0.939532 0.199647 0.120935 0.269977 0.00315477
0 0.220943 0.631934 0.157092 0.166872 0.00315477
0 0.944829 0.464676 0.110341 0.326251 0.00315477
0 0.00501874 0.96979 0.0100375 0.06042 0.00315439
0 0.0690631 0.349523 0.138126 0.250673 0.00315306
0 0.067022 0.946275 0.134044 0.0998272 0.00315196
0 0.0950474 0.0623721 0.180196 0.115305 0.00315115
0 0.0465105 0.992227 0.093021 0.0155454 0.00315082
0 0.0692134 0.289949 0.138427 0.257204 0.00314996
0 0.0668299 0.723342 0.13366 0.210348 0.00314943
0 0.210862 0.365691 0.147156 0.18857 0.00314916
0 0.771261 0.606143 0.261029 0.207598 0.00314904
0 0.590151 0.614583 0.132884 0.191015 0.00314869
0 0.458626 0.173411 0.423276 0.186258 0.00314861
0 0.94566 0.591003 0.10868 0.24315 0.00314833
0 0.070603 0.503481 0.141206 0.206662 0.00314825
0 0.941322 0.357548 0.117356 0.197709 0.00314822
0 0.445413 0.629623 0.15468 0.153109 0.00314641
0 0.762565 1 0.47487 0 0.00314626
0 0.829255 0.0757368 0.220144 0.136948 0.00314536
0 0.0703322 0.555032 0.140664 0.223541 0.00314412
0 0.248325 0.0859184 0.19479 0.149125 0.00314361
0 0.81877 0.997543 0.362459 0.00491409 0.00314336
0 0.715124 0.364364 0.203043 0.144609 0.00314333
0 0.0843125 0.0805566 0.168625 0.155135 0.00314304
0 1 0.195871 0 0.356794 0.00314281
0 0.0650562 0.15361 0.130112 0.248164 0.00314281
0 0.721248 0.0876086 0.133589 0.139466 0.00314234
0 0.0700103 0.232402 0.140021 0.247463 0.00314165
0 0.880689 0.93507 0.238622 0.127963 0.00314113
0 0.246 0.127378 0.189757 0.0632213 0.00314104
0 0.0645286 0.788423 0.129057 0.263267 0.00314082
0 0.333864 0.23478 0.13881 0.103602 0.00314062
0 0.935834 0.143107 0.128331 0.266473 0.00314044
0 0.263283 0.521038 0.194897 0.109124 0.00313974
0 0.23245 0.523177 0.177764 0.120472 0.00313949
0 0.075311 0.833804 0.147019 0.327029 0.00313912
0 0.942691 0.671541 0.114618 0.289851 0.00313875
0 0.12319 0.977502 0.246381 0.0449963 0.00313854
0 0.997541 0.447802 0.00491704 0.511291 0.0031385
0 0.936551 0.841618 0.126898 0.223905 0.00313622
0 0.943177 0.718341 0.113645 0.237152 0.00313613
0 1 0.822343 0 0.355315 0.00313526
0 0.939216 0.395661 0.121567 0.281016 0.00313509
0 0.999494 0.241163 0.00101167 0.482326 0.00313468
0 0.380988 0.389724 0.101362 0.116779 0.00313396
0 0.928887 0.850916 0.142226 0.286102 0.00313304
0 0.998651 0.324791 0.00269885 0.436253 0.00313226
0 1 0.519388 0 0.524884 0.00313113
0 0.619226 0.191967 0.395565 0.12245 0.00313098
0 0.31684 0.407661 0.391372 0.122201 0.00313019
0 0.578534 0.342745 0.521177 0.141224 0.00312852
0 0.419354 0.331963 0.346087 0.0970143 0.00312745
0 0.89666 0.0720282 0.204908 0.129852 0.00312708
0 0.330984 1 0.661969 0 0.00312693
0 0.338702 0.330682 0.284486 0.230176 0.00312675
0 0.0185819 0.0025369 0.0371638 0.0050738 0.00312621
0 0.919337 0.245658 0.161326 0.264248 0.0031257
0 0.237028 0.606778 0.191381 0.225031 0.00312505
0 0.19095 0.194615 0.148654 0.348579 0.00312479
0 0.751267 0.345597 0.236322 0.122234 0.00312386
0 0.887943 0.0923624 0.163684 0.131169 0.0031237
0 0.113729 0.000551564 0.227459 0.00110313 0.00312356
0 0.466392 0.428599 0.383645 0.121316 0.00312343
0 0.403861 0.362354 0.308294 0.172378 0.00312296
0 0.506968 0.370332 0.331031 0.170227 0.00312277
0 0.292396 0.31917 0.363921 0.25715 0.00312256
0 1 0.765405 0 0.469191 0.00312211
0 0.55035 0.212531 0.276707 0.0727872 0.00312205
0 0.775523 0.919043 0.428603 0.161914 0.00312151
0 0.712489 0.382193 0.165786 0.139165 0.00312106
0 0.18635 0.312169 0.17068 0.462259 0.00312094
0 0.73277 0.825683 0.171557 0.170694 0.00312015
0 0.427067 0.605947 0.194379 0.148186 0.00311977
0 0.766489 0.825655 0.172934 0.169775 0.00311943
0 0.611531 0.312991 0.523484 0.147653 0.00311847
0 0.505487 1 0.730229 0 0.00311828
0 0.0752714 0.188701 0.147699 0.266795 0.00311816
0 0.389829 0.346077 0.445958 0.18561 0.00311811
0 0.214409 0.428057 0.147168 0.216572 0.00311748
0 0.823639 0.930644 0.352722 0.138712 0.00311709
0 0.261021 0.924294 0.365076 0.151412 0.00311706
0 0.0937179 0.106465 0.163825 0.164227 0.00311685
0 1 0.13788 0 0.26469 0.00311669
0 1 0.865377 0 0.25395 0.00311615
0 0.36011 0.358696 0.216494 0.171768 0.00311527
0 0.866198 0.572733 0.267603 0.249302 0.00311494
0 0.20521 0.318853 0.170151 0.388126 0.00311478
0 0.382206 0.416601 0.284778 0.103722 0.00311463
0 0.646635 1 0.70673 0 0.00311453
0 0.0776469 0.117993 0.147388 0.210071 0.00311441
0 0.697698 0.825781 0.170959 0.171159 0.00311393
0 0.077332 0.373977 0.137314 0.273576 0.00311356
0 0.732956 0.561865 0.142669 0.0775221 0.00311286
0 0.704 0.921093 0.407736 0.157815 0.00311269
0 0.411348 0.000912061 0.360912 0.00182412 0.00311222
0 0.0747081 0.528827 0.138522 0.299565 0.00311218
0 0.706446 0.730244 0.368663 0.215634 0.00311186
0 0.925804 0.916137 0.148391 0.160686 0.00311164
0 0.00943813 0.932866 0.0188763 0.114975 0.00311117
0 0.266908 0.257672 0.267408 0.170701 0.00311047
0 0.798353 0.825076 0.180284 0.169508 0.00310977
0 0.243766 0.175828 0.195102 0.166502 0.00310938
0 0.742262 0.0837313 0.137404 0.1421 0.00310921
0 0.905021 0.164557 0.189958 0.254745 0.00310917
0 0.0762571 0.316944 0.135827 0.280798 0.00310889
0 0.660307 0.825981 0.168873 0.172053 0.00310857
0 0.0100986 0.912629 0.0201972 0.161472 0.00310851
0 0.740874 0.0764455 0.288203 0.140666 0.00310772
0 0.43758 0.314813 0.398199 0.122426 0.00310761
0 0.257585 0.4969 0.25941 0.135586 0.00310761
0 0.627058 0.825888 0.170651 0.173761 0.00310719
0 0.67482 0.474746 0.239684 0.225072 0.00310716
0 0.211426 0.226074 0.144658 0.211852 0.00310702
0 0.324757 0.548607 0.0860087 0.0427462 0.00310672
0 0.632208 0.923647 0.402508 0.152706 0.00310657
0 0.593952 0.825736 0.167189 0.174693 0.00310654
0 0.00457562 0.115806 0.00915125 0.187259 0.00310601
0 0.182208 0.984673 0.364415 0.0306534 0.0031058
0 0.349416 0.76217 0.35455 0.140437 0.00310567
0 0.0785727 0.0799065 0.141438 0.13215 0.0031056
0 0.410296 0.38952 0.137592 0.124432 0.00310533
0 0.239087 1 0.478174 0 0.00310493
0 0.429786 0.378913 0.183396 0.139707 0.00310468
0 0.679037 0.0754749 0.363462 0.142008 0.0031045
0 0.00112637 0.134951 0.00225275 0.269902 0.00310413
0 0.354644 0.925319 0.394098 0.149362 0.00310389
0 0.0185117 0.892299 0.0370233 0.213308 0.00310373
0 0.807073 0.595181 0.188142 0.230779 0.00310328
0 0.0148528 0.948365 0.0297055 0.0997936 0.00310326
0 0.29882 0.349343 0.30812 0.203459 0.00310305
0 0.0758682 0.44135 0.138702 0.273497 0.00310245
0 0.563215 0.451165 0.32155 0.21457 0.00310243
0 0.449365 0.823392 0.169384 0.177532 0.00310208
0 0.558601 0.825428 0.168486 0.175594 0.00310146
0 0.422691 0.926379 0.402992 0.147242 0.00310129
0 0.177709 0.92693 0.2912 0.14614 0.00310123
0 0.620711 0.47194 0.367454 0.2171 0.00310107
0 0.217859 0.340964 0.194713 0.226115 0.00310106
0 0.0790862 0.273313 0.147958 0.316201 0.00310073
0 0.491593 0.000598872 0.388088 0.00119774 0.00310046
0 0.214736 6.83352e-05 0.40372 0.00013667 0.00310029
0 0.428851 0.404455 0.857702 0.808909 0.0193622
0 0.490993 0.344493 0.981986 0.688986 0.0191629
0 0.536956 0.588847 0.926088 0.813799 0.0190499
0 0.399718 0.646362 0.799435 0.707276 0.0181492
0 0.382735 0.196393 0.765469 0.392786 0.0180893
0 0.509643 0.41104 0.980713 0.765988 0.0178719
0 0.426638 0.263061 0.853277 0.526123 0.0176921
0 0.375574 0.522433 0.751148 0.787135 0.0175654
0 0.490532 0.212801 0.981064 0.425602 0.0174425
0 0.329099 0.701768 0.658198 0.596464 0.0164753
0 0.5 0.413808 1 0.827616 0.0160323
0 0.5 0.204822 1 0.409644 0.0158265
0 0.358594 0.269275 0.717189 0.53855 0.0152637
0 0.417333 0.168407 0.834666 0.336814 0.0151613
0 0.5 0.571038 1 0.774969 0.0149584
0 0.501825 0.251435 0.996349 0.502869 0.0147144
0 0.309074 0.637968 0.618147 0.717239 0.0146748
0 0.576195 0.494619 0.847609 0.773435 0.0144471
0 0.330672 0.162223 0.661344 0.324446 0.0141576
0 0.5 0.621525 1 0.75695 0.0141507
0 0.513837 0.189454 0.972302 0.377729 0.0140882
0 0.609377 0.608748 0.781245 0.782504 0.014034
0 0.331932 0.36548 0.663863 0.730961 0.0138223
0 0.410767 0.130583 0.821535 0.261167 0.0136853
0 0.417154 0.735805 0.834309 0.528391 0.013214
0 0.288819 0.183624 0.577639 0.367248 0.0131645
0 0.5 0.880777 1 0.217479 0.0130994
0 0.628902 0.644629 0.742196 0.710742 0.0130992
0 0.308264 0.756839 0.616527 0.486322 0.0130184
0 0.5 0.686502 1 0.626997 0.0129675
0 0.313303 0.228228 0.626606 0.456456 0.0129174
0 0.5 0.738112 1 0.514153 0.0126811
0 0.332781 0.539474 0.665562 0.670298 0.0125562
0 0.5 0.154111 1 0.308223 0.0125505
0 0.31336 0.131233 0.626719 0.262466 0.0124306
0 0.546775 0.144376 0.90645 0.283561 0.0123421
0 0.26856 0.200915 0.537119 0.40183 0.0123397
0 0.555513 0.648012 0.888974 0.703976 0.0122444
0 0.394612 0.880793 0.789225 0.220751 0.012211
0 0.945961 0.0102322 0.108079 0.0204644 0.0121671
0 0.930061 0.0889054 0.139877 0.177811 0.0121599
0 0.299241 0.769326 0.598482 0.461349 0.0120756
0 0.550567 0.711326 0.898866 0.576627 0.0120686
0 0.598342 0.369196 0.803316 0.657112 0.0120348
0 0.900914 0.0191584 0.198171 0.0383168 0.0120193
0 0.184418 0.866172 0.368836 0.267656 0.0119896
0 0.663696 0.0913582 0.672608 0.182716 0.0119466
0 0.135228 0.904861 0.270456 0.177102 0.0119319
0 0.256417 0.145853 0.512834 0.291706 0.0117274
0 0.884871 0.117832 0.230259 0.211228 0.0117103
0 0.800007 0.153578 0.399986 0.29562 0.011672
0 0.698052 0.689908 0.603895 0.620184 0.0116002
0 0.560643 0.0983952 0.878714 0.19679 0.0115752
0 0.741406 0.907855 0.517187 0.184289 0.0115345
0 0.646618 0.235719 0.706764 0.45599 0.0115337
0 0.286121 0.831278 0.572242 0.329959 0.0114405
0 0.355695 0.87022 0.711391 0.259559 0.0113978
0 0.303642 0.902989 0.607283 0.194022 0.0113195
0 0.351502 0.898683 0.703005 0.193208 0.0112749
0 0.473302 0.894387 0.946605 0.211226 0.0112266
0 0.754128 0.71777 0.491745 0.558878 0.0109985
0 0.663744 0.905039 0.672513 0.189922 0.0109649
0 0.808002 0.769598 0.383996 0.446346 0.0106181
0 0.838648 0.895994 0.322705 0.188184 0.0104244
0 0.604669 0.755322 0.790662 0.47157 0.0102064
0 0.5 0.897132 1 0.205735 0.0101181
0 0.539669 0.903943 0.920663 0.192114 0.00964276
0 0.568039 0.907041 0.863923 0.179209 0.00961151
0 0.642836 0.562378 0.167747 0.132371 0.00949414
0 0.366561 0.275475 0.591436 0.205419 0.00412791
0 0.338702 0.460385 0.546822 0.208873 0.00388115
0 0.207936 0.0637556 0.415871 0.127511 0.00376725
0 0.38008 0.23266 0.589976 0.185779 0.00360338
0 0.499471 0.198826 0.469324 0.17101 0.003587
0 0.425546 0.355564 0.622792 0.187687 0.00358564
0 0.291402 0.384586 0.557756 0.202079 0.00356054
0 0.33827 0.502215 0.535296 0.170261 0.00353428
0 0.372234 0.241057 0.534851 0.133165 0.00351599
0 0.232361 0.0527798 0.432465 0.101122 0.00349983
0 0.334462 0.346477 0.420204 0.132798 0.00347072
0 0.34742 0.401184 0.533041 0.197489 0.00346286
0 0.709318 0.18081 0.486869 0.221409 0.00346007
0 0.425301 0.218476 0.422269 0.141045 0.00345745
0 0.445888 0.170129 0.385463 0.208388 0.00344855
0 0.54539 0.268262 0.641931 0.196863 0.00343418
0 0.706161 0.218342 0.491265 0.165874 0.00339834
0 0.285814 0.501747 0.571628 0.229883 0.00338955
0 0.217954 0.639361 0.435908 0.169853 0.0033844
0 0.620038 0.249822 0.584048 0.174255 0.00336807
0 0.641997 0.592672 0.185628 0.201354 0.00336375
0 0.739423 0.358399 0.302609 0.263419 0.00335744
0 0.332061 0.304904 0.545865 0.192728 0.00335704
0 0.230357 0.443151 0.460713 0.294383 0.00335703
0 0.715066 0.15284 0.562759 0.169315 0.00335562
0 0.419258 0.202898 0.515758 0.163405 0.00334049
0 0.731254 0.274685 0.537492 0.222368 0.00333821
0 0.314887 0.48741 0.406026 0.211445 0.00333321
0 0.55793 0.669372 0.444191 0.230281 0.00332823
0 0.47779 0.168951 0.517757 0.228842 0.0033243
0 0.421995 0.11201 0.418058 0.180592 0.00332311
0 0.3304 0.270223 0.591272 0.143841 0.00332103
0 0.341531 0.149898 0.522658 0.194905 0.00331714
0 0.280779 0.12307 0.561559 0.18883 0.00331572
0 0.599723 0.107919 0.567157 0.204635 0.00330582
0 0.350409 0.117548 0.492905 0.184377 0.00330226
0 0.330824 0.645319 0.555924 0.197774 0.00329554
0 0.307513 0.36429 0.374365 0.143313 0.00329446
0 0.153464 0.0753616 0.306928 0.147198 0.0032936
0 0.258646 0.579319 0.403341 0.193314 0.00329142
0 0.378115 0.162591 0.454957 0.260303 0.00329046
0 0.3311 0.769418 0.573655 0.168518 0.00328988
0 0.266834 0.478988 0.388346 0.261842 0.00327686
0 0.228547 0.69446 0.457094 0.19782 0.0032768
0 0.505897 0.218623 0.538362 0.137319 0.00327458
0 0.172227 0.0574293 0.344454 0.106276 0.00326519
0 0.524131 0.622386 0.474303 0.216551 0.00325688
0 0.208513 0.597394 0.417026 0.188395 0.00325094
0 0.350262 0.608004 0.497519 0.18522 0.00324735
0 0.663819 0.552351 0.220603 0.11277 0.00324304
0 0.499984 0.295273 0.665771 0.126659 0.0032425
0 0.715872 0.063973 0.379391 0.127946 0.00323893
0 0.524884 0.331434 0.586332 0.157331 0.00323456
0 0.564692 0.165095 0.487627 0.243295 0.00322955
0 0.68041 0.128467 0.472667 0.233552 0.00322529
0 0.365318 0.558876 0.625612 0.177268 0.0032221
0 0.203666 0.171514 0.407333 0.198607 0.00322143
0 0.941892 0.928636 0.116215 0.142729 0.0032166
0 0.582237 0.0671614 0.36953 0.134323 0.00321549
0 0.0738705 0.258509 0.147741 0.227613 0.00321114
0 0.798199 0.469954 0.403601 0.185083 0.00321074
0 0.0698324 0.510292 0.139665 0.218858 0.0032036
0 0.0691089 0.405063 0.138218 0.212581 0.00320236
0 0.793888 0.112403 0.412224 0.18995 0.00319856
0 0.761375 0.498054 0.477251 0.235811 0.00319747
0 0.766949 0.0652086 0.466103 0.130417 0.00319511
0 0.418838 0.321342 0.642449 0.118135 0.00319421
0 0.0703934 0.304869 0.140787 0.227366 0.00319357
0 0.641468 0.197897 0.560337 0.17725 0.00319321
0 0.768767 0.880015 0.462466 0.229065 0.00319314
0 0.299679 0.0917613 0.525427 0.183523 0.00319229
0 0.0693532 0.356866 0.138706 0.214952 0.003192
0 0.105595 0.139939 0.21119 0.279879 0.00318461
0 0.82717 0.0484881 0.345659 0.0969762 0.00318394
0 0.317348 0.43846 0.407409 0.267093 0.00318383
0 0.335264 0.5208 0.414535 0.141824 0.00318134
0 0.241944 0.663933 0.483889 0.186476 0.00317868
0 0.0693242 0.456892 0.138648 0.214 0.00317755
0 0.0704543 0.567285 0.140909 0.231298 0.00317163
0 0.541 0.0626863 0.608751 0.125373 0.00316628
0 0.348135 0.313758 0.420494 0.0938562 0.00316616
0 0.318678 0.334822 0.558104 0.186142 0.00316489
0 0.0713878 0.611655 0.142776 0.22398 0.00316354
0 0.90784 0.686772 0.18432 0.201789 0.00316182
0 0.259714 0.33026 0.409767 0.12267 0.00315585
0 0.320948 0.390166 0.418688 0.174643 0.00315472
0 0.278537 0.532176 0.364207 0.183754 0.00315213
0 0.761925 0.35542 0.288966 0.187112 0.00314525
0 0.800464 0.539861 0.399073 0.202173 0.00314252
0 0 0.931627 0 0.136746 0.00313711
0 0.648432 0.0649938 0.377101 0.129988 0.00313425
0 0.393023 0.585684 0.561428 0.197952 0.00313265
0 0.43426 0.142401 0.481661 0.190204 0.00313075
0 0.713315 0.317838 0.57337 0.173636 0.0031304
0 0.814326 0.373647 0.357278 0.222521 0.00312954
0 0.561746 0.0564855 0.409312 0.109227 0.00312715
0 0.222659 0.741573 0.445319 0.171344 0.00312496
0 0.460098 0.593479 0.511943 0.229966 0.00312464
0 0.522216 0.127551 0.51093 0.221286 0.00312426
0 0.838596 0.0639125 0.322808 0.127825 0.0031238
0 0.296934 0.0621427 0.374116 0.124285 0.00312217
0 0.300512 0.433702 0.561653 0.237988 0.00312079
0 0.847477 0.873829 0.305045 0.237484 0.00311923
0 0.380638 0.378092 0.608825 0.247695 0.00311632
0 0.0708005 0.670287 0.141601 0.245426 0.00311532
0 0.367126 0.813537 0.532828 0.18019 0.003115
0 0.150488 0.935467 0.300975 0.127058 0.00311197
0 0.449124 0.0900077 0.430819 0.180015 0.0031112
0 0.908668 0.621335 0.182665 0.173582 0.00310611
0 0 0.951087 0 0.097827 0.00310272
0 0.909176 0.635093 0.181647 0.204215 0.00310182
0 0.587054 0.425577 0.712683 0.235393 0.00309943
0 0.909253 0.590235 0.181494 0.182012 0.00309863
0 0.0880094 0.00354167 0.176019 0.00708334 0.00309535
0 0.480546 0.652976 0.462799 0.195527 0.00309373
0 0.182742 0.142456 0.365484 0.227479 0.00309371
0 0.564626 0.110353 0.414858 0.181433 0.00309214
0 0.284088 0.349516 0.568177 0.147968 0.00309134
0 0.2379 0.386365 0.455135 0.274738 0.00308232
0 0.246846 0.0568397 0.493691 0.113679 0.00308187
0 0.308553 0.375751 0.373063 0.230183 0.00308097
0 0.903534 0.741446 0.192932 0.191406 0.0030797
0 0.567653 0.228201 0.493222 0.109778 0.00307837
0 0.0504978 0.646542 0.100996 0.200782 0.0030773
0 0.730962 0.507892 0.538076 0.200365 0.00307601
0 0.288828 0.314495 0.577655 0.11868 0.00307467
0 0 0.141272 0 0.267796 0.00307435
0 0.755777 0.56963 0.352875 0.149614 0.00307404
0 0.395835 0.666324 0.488635 0.223094 0.003074
0 0.0707055 0.728545 0.141411 0.319095 0.00307331
0 0.752674 0.186857 0.494652 0.186 0.00307213
0 0.0851805 0.204939 0.170361 0.262282 0.00307197
0 0.84877 0.389977 0.302459 0.204115 0.00307157
0 0.115049 0.107866 0.230099 0.205315 0.00307005
0 0.618958 0.370168 0.580963 0.278981 0.00306998
0 0.508717 0.0696251 0.374226 0.13925 0.00306979
0 0.0411357 0.666832 0.0822714 0.185732 0.00306879
0 0.646132 0.0659874 0.605104 0.131975 0.00306719
0 0.211202 0.161901 0.319593 0.136568 0.00306591
0 0 0.911384 0 0.177232 0.00306304
0 0.72554 0.825493 0.548919 0.199073 0.0030629
0 0.493689 0.374175 0.500042 0.244057 0.0030612
0 0.915464 0.568356 0.169072 0.17761 0.00306076
0 0.907438 0.542761 0.185125 0.183723 0.00305986
0 0.597015 0.225845 0.591832 0.147527 0.00305905
0 0.616296 0.385449 0.339068 0.185286 0.00305845
0 0.842617 0.0973676 0.314766 0.194735 0.00305839
0 0.775346 0.815864 0.449308 0.197526 0.0030568
0 0.296888 0.550329 0.480948 0.167111 0.00305598
0 0.770289 0.139731 0.459422 0.181034 0.00305537
0 0.853894 0.484835 0.292212 0.219173 0.00305492
0 0.891936 0.00166259 0.216128 0.00332517 0.00305385
0 0.506763 0.250471 0.633922 0.150847 0.00304935
0 0.29836 0.27539 0.507961 0.106182 0.00304926
0 0.274473 0.74073 0.548946 0.154968 0.00304845
0 0.90839 0.457134 0.18322 0.219663 0.00304749
0 0.875124 0.55943 0.249753 0.183231 0.00304705
0 0.03927 0.716079 0.07854 0.196168 0.00304687
0 0.330268 0.0577245 0.608981 0.115449 0.00304629
0 0.910742 0.510184 0.178516 0.20288 0.00304595
0 0.201457 0.505631 0.402913 0.213177 0.00304502
0 0.640255 0.616733 0.356486 0.210974 0.00304359
0 0.0313901 0.74892 0.0627802 0.22612 0.0030425
0 0.853803 0.0325086 0.292393 0.0650172 0.00304081
0 0.219691 0.133138 0.377076 0.0812565 0.00304064
0 0.434732 0.0584594 0.609923 0.116919 0.00304017
0 0.755513 0.388886 0.488974 0.228968 0.00304
0 0.364355 0.488034 0.668601 0.153673 0.00303939
0 0.750835 0.531923 0.498329 0.200681 0.00303857
0 0.0103068 0.792666 0.0206136 0.249426 0.00303706
0 0.898678 0.52525 0.202644 0.189812 0.00303597
0 0.361989 0.519575 0.631753 0.223107 0.0030346
0 0.297696 0.283761 0.595393 0.101839 0.00303399
0 0.111342 0.947626 0.222683 0.104747 0.00303393
0 0.80491 0.336431 0.317894 0.193958 0.00303249
0 0.0475895 0.261664 0.0951789 0.201637 0.00303166
0 0.172392 0.000227757 0.332219 0.000455514 0.00303155
0 0.883721 0.417153 0.232557 0.207644 0.00303041
0 0.250362 0.198104 0.500724 0.22811 0.00303
0 0.602402 0.438993 0.277204 0.116532 0.0030261
0 0.750715 0.525245 0.399612 0.167145 0.00302467
0 0.153378 0.867247 0.306757 0.219579 0.00302456
0 0.153789 0.831076 0.307578 0.181166 0.00302373
0 0.295654 0.208406 0.493829 0.220338 0.0030231
0 0.852796 0.332879 0.294407 0.210425 0.00302138
0 0.104031 0.824811 0.208062 0.346203 0.0030202
0 0 0.83866 0 0.262256 0.00301914
0 0.588421 0.344549 0.471536 0.25247 0.00301816
0 0.897643 0.672181 0.204714 0.13033 0.00301786
0 0.214923 0.0896244 0.429845 0.179249 0.00301717
0 0.574615 0.486829 0.669939 0.221021 0.00301374
0 0.207629 0.305884 0.415258 0.248928 0.0030128
0 0.106254 0.923628 0.212508 0.152744 0.00301179
0 0.302615 0.137484 0.446611 0.123083 0.00301042
0 0.791563 0.332589 0.28412 0.259323 0.00301024
0 0 0.867537 0 0.264926 0.00301014
0 0.284683 0.23152 0.569366 0.16715 0.00300925
0 0 0.00773653 0 0.0154731 0.00300851
0 0.201981 0.541577 0.403962 0.192607 0.00300626
0 0.534927 0.0906216 0.396389 0.181243 0.00300452
0 0.0329645 0.227294 0.0659291 0.225952 0.00300351
0 0.485064 0.0535111 0.420563 0.104602 0.00300217
0 0.115322 0.000777765 0.230645 0.00155553 0.00300024
0 0.682151 0.49904 0.472031 0.180051 0.00299861
0 0.17701 0.77568 0.35402 0.175808 0.00299383
0 0.206233 0.348295 0.412467 0.199082 0.00299225
0 0.363146 0.0646749 0.384242 0.12935 0.00299179
0 0.914721 0.666019 0.170558 0.186807 0.00298964
0 0.890951 0.711417 0.218098 0.180654 0.00298791
0 0.963874 0 0.0722514 0 0.0029872
0 0.732697 0.342753 0.534605 0.238328 0.00298481
0 0.159068 0.0511903 0.315907 0.102381 0.00298438
0 0.590022 0.367922 0.379906 0.253411 0.00298417
0 0.455229 0.804891 0.580992 0.202528 0.00298384
0 0.257435 0.0786478 0.388564 0.157296 0.00298357
0 0.750463 0.219325 0.499075 0.198381 0.00298316
0 0.437861 0.463115 0.555479 0.121588 0.00298287
0 0.416129 0.74142 0.473517 0.167867 0.00298109
0 0.229157 0.434948 0.458313 0.226476 0.00297921
0 0.838199 0.263961 0.323601 0.197103 0.00297829
0 0.56243 0.593187 0.353344 0.252664 0.00297758
0 0.901561 0.792426 0.196878 0.182184 0.00297605
0 0.502378 0.0493331 0.565539 0.0986663 0.00297273
0 0 0.0328156 0 0.0656312 0.00297196
0 0.2426 0.37688 0.249941 0.175883 0.00296883
0 0.586721 0.701846 0.39002 0.203399 0.0029681
0 0.799672 0.0763345 0.400657 0.152669 0.00296775
0 0.0240707 0.197393 0.0481415 0.238672 0.00296681
0 0.680511 0.350915 0.466393 0.205246 0.00296367
0 0.803144 0.600946 0.393711 0.255888 0.00296307
0 0.4351 0.0646617 0.380151 0.129323 0.00296035
0 0.519649 0.147628 0.960702 0.295257 0.016943
0 0.867855 0.52152 0.264291 0.15387 0.0163809
0 0.868148 0.470295 0.263704 0.144122 0.0159503
0 0.76578 0.850957 0.463264 0.295475 0.0154662
0 0.867008 0.570693 0.265985 0.158381 0.0154125
0 0.149528 0.766574 0.299056 0.353483 0.0147901
0 0.86116 0.618251 0.277679 0.169304 0.0147827
0 0.514729 0.110143 0.970542 0.220287 0.0143724
0 0.126662 0.304721 0.253324 0.278122 0.0143433
0 0.868014 0.420936 0.263971 0.144058 0.0143344
0 0.634983 0.846189 0.512434 0.302271 0.0143189
0 0.404461 0.660329 0.366964 0.271476 0.0142395
0 0.132708 0.861565 0.265416 0.27687 0.0142051
0 0.111517 0.0996411 0.223034 0.199282 0.0140065
0 0.847002 0.69049 0.305995 0.228065 0.013969
0 0.16214 0.701422 0.324281 0.345372 0.0139073
0 0.867922 0.378548 0.264155 0.153097 0.0139058
0 0.456597 0.822143 0.382317 0.343927 0.0138955
0 0.113429 0.13944 0.226858 0.278879 0.0136058
0 0.396194 0.740645 0.386252 0.369609 0.0135478
0 0.447759 0.902596 0.71507 0.165821 0.0135444
0 0.649571 0.89759 0.400747 0.182999 0.0135347
0 0.417087 0.618951 0.32188 0.253065 0.0134834
0 0.389213 0.178861 0.321897 0.240675 0.0134728
0 0.336816 0.861774 0.357883 0.274493 0.0134714
0 0.1364 0.453592 0.272801 0.301768 0.0134513
0 0.15426 0.611933 0.308519 0.337494 0.0133941
0 0.128653 0.357888 0.257307 0.270586 0.0133576
0 0.619203 0.775675 0.378332 0.341516 0.013345
0 0.304694 0.266071 0.253114 0.199027 0.0133386
0 0.57388 0.473788 0.301452 0.231007 0.0133108
0 0.43634 0.512372 0.2716 0.236636 0.0132876
0 0.141835 0.507746 0.283669 0.320856 0.013278
0 0.430945 0.571016 0.281761 0.25203 0.0131889
0 0.639448 0.622633 0.286912 0.297907 0.0131171
0 0.567681 0.88985 0.368306 0.190939 0.0130658
0 0.579543 0.400238 0.282006 0.175489 0.0130557
0 0.783779 0.7732 0.425101 0.343324 0.0130199
0 0.816014 0.827832 0.367973 0.344336 0.0130049
0 0.891092 0.531434 0.217817 0.125403 0.0129924
0 0.568125 0.513145 0.314682 0.248493 0.0129902
0 0.647567 0.406229 0.282797 0.185143 0.0129704
0 0.541481 0.741603 0.36031 0.342916 0.0129524
0 0.351391 0.614063 0.314821 0.24506 0.0128879
0 0.150765 0.103761 0.30153 0.207523 0.0128726
0 0.302357 0.553295 0.2932 0.198009 0.0127802
0 0.830435 0.758043 0.339129 0.29968 0.0127657
0 0.151209 0.173056 0.291439 0.292783 0.0127622
0 0.528286 0.818324 0.418958 0.345239 0.0127601
0 0.441251 0.458023 0.267378 0.209213 0.0127247
0 0.486195 0.665327 0.371984 0.278589 0.0127205
0 0.273215 0.635098 0.364276 0.243036 0.0126424
0 0.466326 0.74362 0.384346 0.354127 0.0126253
0 0.334334 0.780709 0.365024 0.352692 0.012617
0 0.888557 0.676889 0.222886 0.190796 0.0126167
0 0.854659 0.28783 0.290682 0.164952 0.0126095
0 0.648485 0.345896 0.276898 0.157596 0.012608
0 0.365733 0.556676 0.279569 0.206132 0.0125921
0 0.159917 0.245313 0.278441 0.254602 0.0125693
0 0.215812 0.181468 0.277149 0.241753 0.0125508
0 0.505804 0.475169 0.278856 0.239913 0.0125274
0 0.583257 0.565445 0.278802 0.245112 0.0124969
0 0.306443 0.308529 0.26493 0.183651 0.0124821
0 0.305993 0.486017 0.276387 0.163031 0.0124765
0 0.11874 0.245197 0.237479 0.267152 0.0124611
0 0.702852 0.823454 0.41536 0.345041 0.0124412
0 0.264117 0.719758 0.377837 0.351436 0.0124272
0 0.14839 0.137127 0.29678 0.274254 0.012403
0 0.876813 0.847447 0.246374 0.305106 0.0123805
0 0.46082 0.89075 0.363336 0.186224 0.01238
0 0.55883 0.659887 0.334786 0.275522 0.0123699
0 0.213842 0.698108 0.416931 0.31894 0.01229
0 0.333742 0.140864 0.31808 0.254377 0.0122792
0 0.499263 0.619523 0.338502 0.276457 0.012279
0 0.374336 0.380714 0.267729 0.159452 0.0122753
0 0.449258 0.387662 0.259581 0.164315 0.0122626
0 0.647332 0.471897 0.287763 0.220367 0.0122587
0 0.534029 0.91005 0.760452 0.1799 0.0122311
0 0.58555 0.333227 0.273919 0.149327 0.0122119
0 0.834544 0.23361 0.330913 0.266531 0.0121956
0 0.370986 0.495483 0.266468 0.174834 0.0121938
0 0.693659 0.77719 0.373922 0.345371 0.0121842
0 0.514489 0.254704 0.256505 0.124383 0.0121819
0 0.451872 0.332325 0.255924 0.158686 0.0121607
0 0.864226 0.344854 0.271548 0.145632 0.0121252
0 0.788727 0.715404 0.415554 0.301449 0.0120823
0 0.806996 0.907801 0.386008 0.176698 0.0120822
0 0.211348 0.102818 0.272854 0.205637 0.0120691
0 0.892753 0.280089 0.214495 0.150368 0.0120586
0 0.515767 0.393127 0.260845 0.16898 0.0120423
0 0.886381 0.745585 0.227238 0.257985 0.0120349
0 0.321431 0.894732 0.595583 0.176024 0.0119883
0 0.218543 0.860969 0.372641 0.277646 0.0119698
0 0.396081 0.101603 0.32847 0.199737 0.0119561
0 0.350943 0.88685 0.360125 0.195297 0.0119528
0 0.451368 0.294153 0.252848 0.130125 0.0119271
0 0.498789 0.516589 0.297721 0.255082 0.011921
0 0.342757 0.212796 0.281077 0.20174 0.0119104
0 0.213823 0.766092 0.415557 0.339217 0.0118961
0 0.846481 0.913876 0.307037 0.172248 0.0118523
0 0.270835 0.0999352 0.288128 0.19987 0.0118373
0 0.288041 0.236443 0.265462 0.176549 0.0118351
0 0.712602 0.657474 0.339005 0.262725 0.011833
0 0.374196 0.337448 0.267177 0.170646 0.0118221
0 0.282166 0.168828 0.267862 0.246097 0.0118103
0 0.17084 0.506118 0.341681 0.276187 0.0117984
0 0.212128 0.895276 0.372717 0.184051 0.0117781
0 0.177321 0.568135 0.354641 0.289216 0.0117272
0 0.348655 0.114132 0.384309 0.228265 0.0117253
0 0.489202 0.131868 0.832097 0.263736 0.0117239
0 0.218755 0.640259 0.40969 0.267919 0.0116929
0 0.421821 0.124702 0.548886 0.249403 0.0116757
0 0.717836 0.612868 0.324775 0.277154 0.0116732
0 0.502237 0.577223 0.31101 0.261203 0.0116722
0 0.718328 0.326186 0.270257 0.153327 0.0116579
0 0.272159 0.829603 0.371571 0.311827 0.0116567
0 0.247092 0.302235 0.265861 0.204471 0.011634
0 0.339164 0.0989552 0.326826 0.19791 0.011629
0 0.392088 0.907355 0.699081 0.185291 0.0116168
0 0.373569 0.429026 0.263562 0.15257 0.0115859
0 0.725638 0.413715 0.279954 0.200687 0.0115443
0 0.373436 0.301719 0.261219 0.144771 0.0115257
0 0.232689 0.238417 0.265202 0.195413 0.0115076
0 0.652149 0.574031 0.256962 0.277121 0.0114885
0 0.646347 0.523884 0.284757 0.242943 0.0114577
0 0.719379 0.370623 0.281681 0.201739 0.0114495
0 0.814963 0.372408 0.300078 0.238448 0.0114371
0 0.190949 0.64944 0.381898 0.311813 0.0114256
0 0.285838 0.892609 0.362723 0.188613 0.0114253
0 0.308206 0.383139 0.27352 0.171939 0.0114052
0 0.241444 0.910359 0.482887 0.179282 0.0113873
0 0.522241 0.334012 0.252656 0.154644 0.0113837
0 0.529457 0.288672 0.238143 0.124643 0.0113731
0 0.15746 0.301143 0.314919 0.226517 0.0113693
0 0.440943 0.251695 0.260085 0.140469 0.0113418
0 0.164465 0.82763 0.32893 0.298749 0.0112947
0 0.197769 0.134237 0.285352 0.268474 0.0112913
0 0.815652 0.308322 0.30331 0.187904 0.0111806
0 0.555256 0.155137 0.700737 0.272668 0.0111797
0 0.750275 0.173366 0.499451 0.328102 0.0111616
0 0.305633 0.422424 0.276252 0.150895 0.0111502
0 0.309633 0.347307 0.270469 0.19871 0.0111431
0 0.466417 0.101666 0.201566 0.195638 0.0111416
0 0.916024 0.086626 0.167951 0.173252 0.0111301
0 0.128057 0.903202 0.256114 0.193596 0.0111193
0 0.707852 0.913538 0.584296 0.172923 0.0110099
0 0.726054 0.470249 0.290875 0.218589 0.0109372
0 0.804417 0.651016 0.391166 0.256057 0.010933
0 0.651997 0.305024 0.264331 0.104879 0.010909
0 0.133776 0.923398 0.267553 0.153204 0.0108992
0 0.815689 0.610236 0.368622 0.26216 0.0108925
0 0.163239 0.440406 0.326479 0.24222 0.0108586
0 0.889232 0.389013 0.221535 0.117078 0.010858
0 0.589443 0.261476 0.259874 0.109375 0.0108296
0 0.886237 0.220737 0.227527 0.271769 0.010824
0 0.233894 0.567854 0.357472 0.238341 0.0108003
0 0.0794149 0.188154 0.15883 0.324271 0.0107806
0 0.900888 0.908949 0.198225 0.166564 0.010728
0 0.244284 0.499218 0.314259 0.205221 0.0107049
0 0.821548 0.413678 0.300214 0.224673 0.0106682
0 0.160758 0.356292 0.321515 0.22821 0.0106625
0 0.594096 0.281251 0.260592 0.132797 0.0106556
0 0.624443 0.105759 0.751114 0.211518 0.0105905
0 0.252539 0.360824 0.275927 0.222602 0.0105879
0 0.724642 0.52426 0.30531 0.250176 0.0105582
0 0.824562 0.569144 0.339973 0.260536 0.0104988
0 0.165827 0.896433 0.331654 0.191734 0.0104645
0 0.618281 0.910978 0.763439 0.169119 0.0104549
0 0.367005 0.256866 0.261274 0.152858 0.0104362
0 0.889834 0.350544 0.220331 0.0989169 0.0104188
0 0.0822797 0.244514 0.164559 0.298439 0.0103929
0 0.470647 0.104798 0.325923 0.193096 0.0103181
0 0.398267 0.108824 0.49058 0.202226 0.0102625
0 0.948431 0.107524 0.103138 0.215048 0.0102613
0 0.250201 0.400289 0.281316 0.211541 0.0102376
0 0.0858015 0.942443 0.171603 0.115115 0.0102036
0 0.119799 0.571375 0.239597 0.342627 0.0101373
0 0.915777 0.114039 0.168446 0.203482 0.0101334
0 0.0910223 0.894734 0.182045 0.210532 0.0100856
0 0.821269 0.176009 0.357463 0.315833 0.0100369
0 0.641146 0.27862 0.27767 0.128823 0.00997273
0 0.0710283 0.323355 0.142057 0.258047 0.00996329
0 0.827684 0.516472 0.315953 0.237218 0.00989814
0 0.520738 0.110884 0.883708 0.211014 0.00986367
0 0.102994 0.42808 0.205988 0.315695 0.00979698
0 0.448862 0.163843 0.522606 0.23675 0.00975005
0 0.825566 0.457067 0.302346 0.211502 0.00968992
0 0.0746446 0.371019 0.149289 0.257042 0.00965066
0 0.355231 0.111898 0.70338 0.198076 0.00961722
0 0.079326 0.423497 0.158652 0.26339 0.00947035
0 0.712835 0.111213 0.574331 0.22208 0.00944497
0 0.701855 0.269377 0.297366 0.196798 0.00940271
0 0.0850102 0.472896 0.17002 0.273812 0.00939725
0 0.06901 0.0905214 0.13802 0.181043 0.00936124
0 0.0801563 0.114594 0.160313 0.229188 0.00935781
0 0.0702488 0.137058 0.140498 0.274116 0.00934282
0 0.0907907 0.52278 0.181581 0.287864 0.00933774
0 0.637551 0.558097 0.17645 0.12714 0.00907169
0 0.0982818 0.627627 0.196564 0.300095 0.00891129
0 0.0699612 0.956348 0.139922 0.0873049 0.00854759
0 0.406416 0.108982 0.812832 0.217963 0.00817817
0 0.0940277 0.728179 0.188055 0.295696 0.00816543
0 0.089517 0.789736 0.179034 0.300492 0.00805337
0 0.0837604 0.836987 0.167521 0.28711 0.00755189
0 0.0693414 0.909957 0.138683 0.180086 0.00671922
0 0.100001 0.341778 0.200002 0.20525 0.00640558
0 0.0946253 0.392548 0.189251 0.151445 0.00609004
0 0.0992777 0.220509 0.198555 0.210257 0.00604526
0 0.097182 0.49617 0.194364 0.157489 0.00599978
0 0.0961014 0.523611 0.192203 0.149707 0.00594172
0 0.0962363 0.467194 0.192473 0.156001 0.00586018
0 0.094058 0.160401 0.188116 0.186505 0.00585227
0 0.0936241 0.440353 0.187248 0.138816 0.0058345
0 0.112595 0.877386 0.225191 0.218569 0.00580252
0 0.110103 0.83622 0.220206 0.219451 0.00579107
0 0.0904458 0.110667 0.180892 0.129516 0.00576499
0 0.102732 0.561118 0.205465 0.138873 0.0056342
0 0.10721 0.786509 0.21442 0.207525 0.00554717
0 0.110393 0.580986 0.220787 0.134081 0.00531707
0 0.10792 0.728626 0.21584 0.170811 0.00517025
0 0.110248 0.69382 0.220495 0.147497 0.00508249
0 0.114454 0.602225 0.228908 0.131515 0.00507898
0 0.113015 0.668881 0.22603 0.128488 0.00502316
0 0.115293 0.624896 0.230586 0.12716 0.00501159
0 0.0943704 0.0859799 0.188741 0.052092 0.00476366
0 0.873694 0.947353 0.252612 0.0989983 0.0047577
0 0.108746 0.899704 0.217492 0.0773788 0.00452246
0 0.236255 0.204455 0.15951 0.0641626 0.0045051
0 0.264478 0.488187 0.185834 0.0255865 0.00447452
0 0.254253 0.340832 0.194221 0.0205402 0.0044038
0 0.238518 0.486576 0.177366 0.0282055 0.0043702
0 0.730184 0.246078 0.157924 0.066533 0.00436675
0 0.240642 0.392237 0.170123 0.0457212 0.00430598
0 0.359982 0.24353 0.178062 0.0511899 0.0042987
0 0.644745 0.538854 0.170977 0.0880621 0.00426026
0 0.0881854 0.0740982 0.176371 0.0815723 0.00424101
0 0.0914472 0.307862 0.182894 0.186459 0.00423363
0 0.0965992 0.110221 0.193198 0.0499612 0.0041796
0 0.241797 0.546826 0.251802 0.0785542 0.00417673
0 0.31117 0.514398 0.188817 0.0242987 0.00411654
0 0.104476 0.0507583 0.208952 0.101517 0.00406474
0 0.262839 0.515382 0.208951 0.0237775 0.0040557
0 0.216442 0.200378 0.163827 0.0647145 0.00405322
0 0.0913711 0.257486 0.182742 0.170639 0.00404021
0 0.266309 0.598096 0.278332 0.079491 0.00401924
0 0.237251 0.245407 0.162973 0.0474315 0.0040047
0 0.306856 0.491831 0.167999 0.0309277 0.00399428
0 0.254518 0.602307 0.325604 0.107006 0.00396016
0 0.259241 0.434445 0.217505 0.0454968 0.00394288
0 0.327791 0.487859 0.0987341 0.024366 0.00393382
0 0.239097 0.360221 0.142725 0.0222557 0.0039332
0 0.0974978 0.0449404 0.194996 0.0424216 0.00391608
0 0.0914455 0.057879 0.182891 0.0491428 0.00391436
0 0.300787 0.316843 0.197074 0.0246552 0.00388237
0 0.250797 0.286373 0.206502 0.0298862 0.00388198
0 0.0923114 0.850787 0.184623 0.172715 0.00387307
0 0.0907817 0.612358 0.181563 0.109436 0.00383657
0 0.11274 0.333859 0.22548 0.0635623 0.00383452
0 0.0996322 0.132133 0.199264 0.0623257 0.0038145
0 0.53125 0.358848 0.208097 0.0433305 0.00381373
0 0.227394 0.241607 0.157706 0.0624233 0.00380254
0 0.865262 0.123894 0.269477 0.238373 0.00378943
0 0.0911325 0.635295 0.182265 0.103129 0.00376381
0 0.233487 0.410022 0.175664 0.0329492 0.00374643
0 0.0915996 0.906268 0.183199 0.05746 0.00374483
0 0.0911115 0.6603 0.182223 0.104137 0.00374016
0 0.244108 0.51212 0.19342 0.0286369 0.00372059
0 0.627861 0.46725 0.52916 0.274877 0.00371675
0 0.0908765 0.681655 0.181753 0.100746 0.00371519
0 0.639354 0.580081 0.179048 0.0851305 0.00370857
0 0.0922099 0.800216 0.18442 0.1583 0.00370333
0 0.299581 0.341297 0.218769 0.035249 0.00368005
0 0.116065 0.310039 0.232131 0.0717361 0.00367535
0 0.116194 0.23221 0.232389 0.0917341 0.00367373
0 0.408311 0.241908 0.211242 0.0722722 0.00367054
0 0.342418 0.513035 0.150129 0.0271242 0.00366917
0 0.0941428 0.917829 0.188286 0.164343 0.00366468
0 0.133486 0.71077 0.266971 0.0893499 0.00366026
0 0.368442 0.238984 0.200419 0.0691358 0.00365353
0 0.68197 0.250179 0.243445 0.0581168 0.00364959
0 0.260802 0.46541 0.209479 0.028134 0.00364404
0 0.240216 0.228307 0.149954 0.0626021 0.0036416
0 0.0905931 0.708248 0.181186 0.104432 0.0036229
0 0.293922 0.0601289 0.256626 0.111222 0.00362154
0 0.0891369 0.144699 0.178274 0.132205 0.00361808
0 0.124042 0.739278 0.248084 0.0842897 0.00360541
0 0.091823 0.771731 0.183646 0.142837 0.00360513
0 0.123974 0.761347 0.247947 0.0807431 0.00360227
0 0.108435 0.212664 0.216871 0.0801313 0.00359762
0 0.556497 0.454114 0.307858 0.111111 0.00359249
0 0.271567 0.387525 0.200906 0.054108 0.00359041
0 0.103784 0.158741 0.207568 0.0700634 0.0035882
0 0.274398 0.317882 0.204844 0.0298718 0.0035809
0 0.117546 0.288058 0.235093 0.0722893 0.00357805
0 0.301853 0.434973 0.258488 0.0481474 0.00357548
0 0.122404 0.260624 0.244808 0.0953033 0.00357464
0 0.113521 0.0311436 0.227042 0.0622873 0.00357191
0 0.111499 0.407572 0.222998 0.0566952 0.00356633
0 0.107579 0.358561 0.215158 0.0564355 0.00356324
0 0.233162 0.355762 0.167435 0.0355312 0.00356053
0 0.641642 0.560011 0.181631 0.13688 0.411103
0 0.037372 0.0945339 0.074744 0.189068 0.0237154
0 0.0828271 0.0876452 0.124399 0.17529 0.0168221
0 0.0522427 0.0899161 0.104485 0.179832 0.0165301
0 0.910823 0.0861963 0.178353 0.172393 0.0162496
0 0.0181866 0.0457973 0.0363732 0.0915946 0.0134271
0 0.997394 0.0824943 0.00521229 0.164989 0.0131606
0 0.124117 0.0826801 0.133512 0.16536 0.0129907
0 0.762932 0.175575 0.379826 0.27423 0.0119711
0 0.661021 0.173955 0.329245 0.269783 0.011844
0 0.0381552 0.0707083 0.0763105 0.141417 0.011748
0 0.27103 0.156344 0.31801 0.265202 0.0115629
0 0.203558 0.17741 0.407116 0.354821 0.0114368
0 0.352147 0.146622 0.325912 0.197662 0.0114043
0 0.0944499 0.125244 0.1889 0.250489 0.0113504
0 0.782755 0.230883 0.434491 0.265965 0.0113468
0 0.940482 0.0917162 0.119036 0.183432 0.0112431
0 0.497129 0.184456 0.355546 0.236849 0.0111828
0 0.110199 0.102246 0.152829 0.204493 0.0111586
0 0.437696 0.132301 0.344913 0.201084 0.0110688
0 0.875408 0.31755 0.249184 0.363075 0.0110358
0 0.923262 0.0844791 0.153475 0.168958 0.0109836
0 0.686291 0.21546 0.394255 0.252391 0.0108442
0 0.267789 0.247444 0.293966 0.265149 0.0108148
0 0.212367 0.198594 0.370199 0.296885 0.0107806
0 0.0181213 0.0915948 0.0362426 0.18319 0.0106441
0 0.517533 0.1262 0.358262 0.217145 0.0106441
0 0.260707 0.0700137 0.241591 0.140027 0.0106172
0 0.84141 0.2939 0.317181 0.304104 0.0105506
0 0.84133 0.208328 0.317339 0.229899 0.0105281
0 0.0582859 0.900415 0.116572 0.199169 0.0104341
0 0.398657 0.106813 0.342738 0.213626 0.0104019
0 0.315321 0.107164 0.356409 0.214329 0.0103845
0 0.89443 0.221375 0.21114 0.247036 0.0103135
0 0.415639 0.208004 0.332377 0.213603 0.0102781
0 0.870832 0.392137 0.258336 0.412053 0.0102488
0 0.992044 0.0811631 0.0159129 0.162326 0.0100939
0 0.340177 0.24209 0.307746 0.208636 0.0100229
0 0.201384 0.275902 0.402768 0.338184 0.0100176
0 0.156889 0.0823046 0.152219 0.164609 0.0100174
0 0.060214 0.778199 0.120428 0.283912 0.0100113
0 0.526834 0.227783 0.349205 0.207351 0.00998548
0 0.475786 0.105892 0.34779 0.211784 0.00998528
0 0.219868 0.319162 0.439736 0.369819 0.00995498
0 0.544957 0.10495 0.356218 0.2099 0.00995422
0 0.757218 0.146477 0.485564 0.292954 0.00988819
0 0.615415 0.104393 0.354901 0.208786 0.00983914
0 0.361674 0.312041 0.350164 0.275431 0.00975978
0 0.287093 0.312146 0.337055 0.317243 0.0097272
0 0.750744 0.102926 0.347128 0.205852 0.00971764
0 0.142609 0.106088 0.16956 0.212177 0.00971499
0 0.870011 0.168144 0.259978 0.336287 0.00966276
0 0.227409 0.126715 0.454817 0.253431 0.00963252
0 0.685624 0.103713 0.350858 0.207426 0.00955617
0 0.0595946 0.728712 0.119189 0.277156 0.00955334
0 0.893861 0.103783 0.212277 0.207566 0.00952245
0 0.430599 0.237453 0.320899 0.199602 0.00934114
0 0.60667 0.168257 0.34615 0.248796 0.00933183
0 0.718531 0.127218 0.364776 0.254436 0.00932323
0 0.87433 0.533642 0.25134 0.384465 0.00927414
0 0.222856 0.0772159 0.175283 0.154432 0.00924219
0 0.880791 0.631017 0.238418 0.350914 0.00923464
0 0.82948 0.0999407 0.341041 0.199881 0.00923231
0 0.80904 0.0756338 0.25097 0.151268 0.0092131
0 0.773277 0.0688625 0.246779 0.137725 0.00907602
0 0.619471 0.213646 0.367622 0.223564 0.00907109
0 0.059113 0.828716 0.118226 0.282212 0.0090474
0 0.878209 0.469304 0.243582 0.361387 0.00903418
0 0.52934 0.732449 0.521421 0.328155 0.00865964
0 0.210236 0.141771 0.420472 0.283542 0.00865468
0 0.838262 0.697375 0.323476 0.307351 0.00862079
0 0.47734 0.626053 0.416998 0.270589 0.00858969
0 0.193186 0.0808639 0.158632 0.161728 0.00853132
0 0.0592033 0.678875 0.118407 0.278741 0.0085191
0 0.414067 0.905411 0.415068 0.189178 0.00849022
0 0.870259 0.910652 0.259482 0.178696 0.00848812
0 0.663405 0.594175 0.652927 0.331465 0.00842277
0 0.468956 0.904482 0.451913 0.191036 0.0083489
0 0.702909 0.732992 0.436353 0.342159 0.00827357
0 0.717721 0.683684 0.552873 0.371628 0.00826553
0 0.417066 0.594961 0.436686 0.27509 0.00826252
0 0.315297 0.0637035 0.246344 0.127407 0.00826023
0 0.606532 0.747844 0.47106 0.355896 0.00824807
0 0.678582 0.725839 0.420085 0.259511 0.00823776
0 0.606069 0.722546 0.442321 0.254885 0.00821479
0 0.514647 0.700381 0.43393 0.286203 0.00818883
0 0.612228 0.646237 0.549689 0.335066 0.00816363
0 0.774693 0.905434 0.450614 0.189133 0.00813444
0 0.115314 0.911354 0.230628 0.177291 0.00812911
0 0.803432 0.628313 0.393135 0.34871 0.00804035
0 0.476288 0.421669 0.448214 0.28604 0.00799743
0 0.770338 0.52515 0.459325 0.335259 0.00792766
0 0.871761 0.0853122 0.256479 0.170624 0.00789224
0 0.366674 0.905926 0.733348 0.188148 0.00789022
0 0.782293 0.429471 0.435414 0.286837 0.00788569
0 0.70084 0.0693847 0.25734 0.138769 0.00785058
0 0.700771 0.284 0.437651 0.2828 0.00779903
0 0.82999 0.907495 0.34002 0.18501 0.00776635
0 0.549224 0.288696 0.409723 0.255915 0.00775805
0 0.646186 0.674659 0.3759 0.390599 0.00775564
0 0.636641 0.59506 0.193723 0.202373 0.00771201
0 0.998684 0.318042 0.00263126 0.27402 0.00770753
0 0.750582 0.595016 0.498836 0.387938 0.00769311
0 0.794732 0.34042 0.410536 0.316632 0.0076754
0 0.890473 0.900873 0.219054 0.198254 0.00761497
0 0.890036 0.708863 0.219929 0.324443 0.00757423
0 0.535096 0.632565 0.423153 0.302106 0.00756044
0 0.518648 0.903734 0.503333 0.192531 0.00754907
0 0.447169 0.293781 0.38761 0.254429 0.00754552
0 0.244601 0.398498 0.489202 0.402587 0.00750494
0 0.0588105 0.626832 0.117621 0.28339 0.00748764
0 0.058285 0.526519 0.11657 0.286399 0.00748027
0 0.822904 0.520928 0.354192 0.352387 0.00741126
0 0.837686 0.447947 0.324628 0.317756 0.00740074
0 0.795114 0.717921 0.409772 0.330695 0.00740041
0 0.625606 0.811568 0.430719 0.336227 0.00738167
0 0.588775 0.903881 0.517558 0.192238 0.00735684
0 0.166614 0.108629 0.333229 0.217258 0.00734604
0 0.470153 0.569525 0.409776 0.263974 0.00734048
0 0.666601 0.464555 0.405761 0.372682 0.00723475
0 0.76999 0.274294 0.452135 0.274995 0.00721969
0 0.55185 0.80837 0.432844 0.321329 0.00720532
0 0.322504 0.376882 0.452058 0.322604 0.00718254
0 0.628575 0.0751362 0.264146 0.150272 0.00717237
0 0.184455 0.909239 0.368909 0.181522 0.00714801
0 0.463025 0.342406 0.473477 0.27678 0.0071082
0 0.307836 0.585712 0.573254 0.401893 0.0070976
0 0.0970959 0.908625 0.194192 0.182749 0.00708498
0 0.184198 0.10744 0.202799 0.214879 0.00702007
0 0.961798 0.729892 0.0764049 0.226593 0.00695704
0 0.0581866 0.4525 0.116373 0.283442 0.00693182
0 0.462359 0.508699 0.437554 0.304457 0.00690402
0 0.718957 0.513234 0.426266 0.289162 0.00681428
0 0.565273 0.695931 0.404755 0.426159 0.00679905
0 0.189632 0.223285 0.374305 0.44657 0.00676475
0 0.380155 0.52143 0.533449 0.36714 0.00676141
0 0.628296 0.285556 0.419888 0.267276 0.0066542
0 0.0590883 0.402627 0.118177 0.278884 0.00665393
0 0.487882 0.797552 0.418057 0.299506 0.00665103
0 0.278521 0.61514 0.557042 0.470693 0.00665009
0 0.284797 0.906292 0.395984 0.187416 0.00661739
0 0.445824 0.744356 0.616781 0.511289 0.00661404
0 0.578163 0.905784 0.289193 0.188431 0.0066131
0 0.0784386 0.918006 0.156877 0.163987 0.00660348
0 0.266061 0.0627459 0.108084 0.125492 0.00660006
0 0.999102 0.128043 0.00179608 0.256085 0.00658465
0 0.600538 0.471347 0.374569 0.369887 0.00657703
0 0.505958 0.90514 0.308977 0.189719 0.00657407
0 0.848285 0.846019 0.303429 0.307961 0.00657374
0 0.554647 0.445788 0.37611 0.303242 0.00657337
0 0.415849 0.72965 0.423716 0.264703 0.00655342
0 0.76233 0.816327 0.446305 0.338461 0.00655284
0 0.556936 0.076403 0.267602 0.152806 0.00653352
0 0.884567 0.821724 0.230867 0.356551 0.00652823
0 0.0557903 0.117133 0.111581 0.234266 0.00652226
0 0.45811 0.90614 0.825514 0.187721 0.00649201
0 0.923135 0.895576 0.15373 0.208848 0.00648304
0 0.559422 0.330312 0.444325 0.273364 0.00647682
0 0.390522 0.366254 0.437321 0.283523 0.00643032
0 0.935652 0.738616 0.128697 0.245274 0.00639316
0 0.114529 0.895712 0.229058 0.208577 0.00638237
0 0.652665 0.90546 0.276433 0.189081 0.00638235
0 0.671796 0.603354 0.470599 0.250589 0.00636336
0 0.0585567 0.352938 0.117113 0.279898 0.00633581
0 0.0581284 0.227291 0.116257 0.278513 0.00630631
0 0.632638 0.52044 0.329031 0.257129 0.0063029
0 0.589122 0.583727 0.2863 0.193883 0.00629517
0 0.235804 0.064837 0.10014 0.129674 0.00629181
0 0.334234 0.0581537 0.118981 0.116307 0.0062825
0 0.424909 0.681288 0.418894 0.303024 0.00626931
0 0.207928 0.380631 0.379923 0.530076 0.00621242
0 0.138576 0.237216 0.277152 0.474433 0.0062113
0 0.442185 0.848044 0.659475 0.303912 0.00620649
0 0.196169 0.83931 0.392338 0.32138 0.00619781
0 0.552362 0.377689 0.434442 0.272942 0.00619461
0 0.425705 0.784546 0.417575 0.28154 0.00618248
0 0.299191 0.0614512 0.118743 0.122902 0.00618075
0 0.9271 0.785425 0.145799 0.25154 0.00616531
0 0.387791 0.0566758 0.244856 0.113352 0.00616023
0 0.364939 0.05277 0.119651 0.10554 0.00613007
0 0.336199 0.47327 0.51152 0.379671 0.00608205
0 0.351176 0.90484 0.317199 0.190321 0.00606838
0 0.487822 0.0651189 0.257732 0.130238 0.00604739
0 0.153543 0.909431 0.183283 0.181139 0.00603785
0 0.966217 0.899992 0.0675659 0.200016 0.00603201
0 0.404748 0.431841 0.490039 0.304099 0.00600804
0 0.742798 0.37563 0.48171 0.270325 0.00600485
0 0.939936 0.927114 0.120128 0.145771 0.00599304
0 0.723176 0.905087 0.274827 0.189827 0.00598758
0 0.0385732 0.904859 0.0771465 0.190282 0.00598717
0 0.998919 0.395382 0.00216229 0.268945 0.00596622
0 0.0977383 0.0732588 0.100961 0.146518 0.00595392
0 0.822348 0.0658723 0.117215 0.131745 0.00592847
0 0.288844 0.842773 0.577688 0.314455 0.00592694
0 0.0714281 0.888691 0.142856 0.222617 0.00588587
0 0.792142 0.904901 0.280649 0.190198 0.00586629
0 0.396825 0.0473556 0.122621 0.0947112 0.00585359
0 0.142244 0.33616 0.284488 0.497661 0.00584951
0 0.203363 0.0682454 0.0954066 0.136491 0.00582551
0 0.336177 0.738844 0.473686 0.293928 0.00578735
0 0.813117 0.813864 0.373766 0.333464 0.00578149
0 0.590815 0.851426 0.63312 0.297148 0.00578045
0 0.623662 0.615748 0.299551 0.246415 0.00576221
0 0.767395 0.904425 0.465209 0.191149 0.00574417
0 0.0579555 0.302339 0.115911 0.286942 0.00574222
0 0.960956 0.773915 0.0780877 0.218991 0.00572501
0 0.79768 0.653051 0.226138 0.231219 0.00570806
0 0.642421 0.905719 0.715158 0.188563 0.00567951
0 0.787735 0.0650504 0.116657 0.130101 0.00563011
0 0.179607 0.879617 0.352986 0.240766 0.00562833
0 0.352448 0.784055 0.450999 0.293176 0.00562612
0 0.26614 0.456536 0.532279 0.422908 0.00560955
0 0.112681 0.909443 0.174536 0.181113 0.00558817
0 0.225991 0.840063 0.451983 0.319874 0.00557334
0 0.433777 0.044407 0.119162 0.0888141 0.00556689
0 0.273826 0.513396 0.547651 0.454386 0.00556498
0 0.139277 0.862465 0.278554 0.27507 0.00552914
0 0.144942 0.440085 0.289885 0.490986 0.00550608
0 0.0726528 0.112327 0.144311 0.224655 0.00550329
0 0.777161 0.667293 0.194187 0.194262 0.00549607
0 0.851192 0.0686414 0.134154 0.137283 0.00543727
0 0.177286 0.898433 0.190594 0.203133 0.00537019
0 0.468402 0.0438492 0.122946 0.0876985 0.00535458
0 0.999132 0.448769 0.0017368 0.24708 0.00532528
0 0.0579633 0.151752 0.115927 0.284318 0.00532394
0 0.164763 0.0713337 0.107091 0.142667 0.00529525
0 0.233053 0.891593 0.364343 0.216814 0.00526318
0 0.577543 0.549518 0.355503 0.160916 0.00525867
0 0.750844 0.064825 0.122374 0.12965 0.00524173
0 0.999401 0.498689 0.00119849 0.239906 0.00523812
0 0.52759 0.536724 0.398935 0.201709 0.00519813
0 0.999591 0.239159 0.000817358 0.270475 0.00519408
0 0.144868 0.694133 0.289735 0.48131 0.00518051
0 0.036127 0.721681 0.072254 0.305412 0.00513871
0 0.333164 0.651033 0.508096 0.325491 0.00513098
0 0.638839 0.0586223 0.137515 0.117245 0.00512685
0 0.650488 0.71954 0.210303 0.222947 0.00511245
0 0.934301 0.301261 0.131398 0.275026 0.00509606
0 0.272872 0.684984 0.545743 0.408555 0.00509372
0 0.91815 0.838799 0.1637 0.248085 0.00509169
0 0.147276 0.54049 0.294553 0.495626 0.00506505
0 0.707138 0.848698 0.585724 0.302605 0.00502783
0 0.674705 0.0618976 0.135289 0.123795 0.00502628
0 0.500105 0.0450258 0.127753 0.0900516 0.00502213
0 0.602297 0.0542939 0.142323 0.108588 0.00501626
0 0.259802 0.757321 0.519603 0.350309 0.00500898
0 0.713201 0.0639374 0.129405 0.127875 0.00500632
0 0.0359944 0.647143 0.0719888 0.306511 0.00499765
0 0.283788 0.794096 0.473171 0.325219 0.0049695
0 0.142862 0.782488 0.285724 0.435024 0.00495462
0 0.627549 0.734757 0.160445 0.239999 0.00493453
0 0.533968 0.0473991 0.132961 0.0947981 0.00490886
0 0.0369206 0.861754 0.0738413 0.276493 0.00489788
0 0.566783 0.0503148 0.138618 0.10063 0.00489469
0 0.233331 0.104943 0.226192 0.209886 0.00483892
0 0.214287 0.638932 0.396545 0.646781 0.00483552
0 0.109456 0.176221 0.218912 0.352443 0.00481856
0 0.0361931 0.595951 0.0723862 0.306724 0.00480077
0 0.401469 0.908657 0.200672 0.182686 0.00477546
0 0.0359437 0.136739 0.0718873 0.273478 0.00477446
0 0.960231 0.82992 0.0795379 0.212169 0.00477157
0 0.036145 0.521914 0.0722899 0.309684 0.00473604
0 0.0122716 0.959799 0.0245431 0.0804014 0.00470945
0 0.141323 0.764293 0.160635 0.245425 0.00470701
0 0.0364193 0.797114 0.0728386 0.308652 0.00470213
0 0.0358425 0.446901 0.0716849 0.309006 0.00470029
0 0.900098 0.0759546 0.199805 0.151909 0.00469329
0 0.957519 0.961035 0.0849616 0.0779292 0.00467085
0 0.212349 0.494893 0.396341 0.654603 0.00463056
0 0.105135 0.741797 0.164548 0.239036 0.00461739
0 0.207604 0.738608 0.405251 0.522784 0.00459949
0 0.186701 0.137554 0.350288 0.275109 0.00459832
0 0.817281 0.606311 0.181423 0.202743 0.00457271
0 0.360647 0.909114 0.198622 0.181772 0.00457253
0 0.0355455 0.371935 0.0710911 0.305804 0.00454938
0 0.242453 0.119277 0.310645 0.238554 0.00454623
0 0.784666 0.620669 0.19022 0.215616 0.00453029
0 0.0715824 0.43359 0.143165 0.258037 0.00450172
0 0.957572 0.866816 0.0848563 0.231499 0.00446539
0 0.976961 0.920487 0.046079 0.159026 0.00446322
0 0.996303 0.682558 0.0073943 0.244539 0.00440579
0 0.175806 0.458988 0.351613 0.579205 0.00439198
0 0.983634 0.947543 0.0327324 0.104913 0.004387
0 0.178216 0.765232 0.194215 0.241626 0.00437167
0 0.100745 0.785597 0.169081 0.262447 0.00437129
0 0.933883 0.113241 0.132235 0.226482 0.0043473
0 0.231212 0.814085 0.462424 0.371831 0.00432433
0 0.0708964 0.485323 0.141793 0.259156 0.00432187
0 0.0357759 0.222965 0.0715519 0.302026 0.00431876
0 0.325517 0.909438 0.201162 0.181124 0.00426024
0 0.813945 0.567184 0.200061 0.243585 0.00425964
0 0.445865 0.908004 0.215317 0.183993 0.0042528
0 0.242467 0.756921 0.484934 0.486157 0.0042505
0 0.0357537 0.297978 0.0715073 0.308132 0.00423881
0 0.174469 0.602862 0.348937 0.578153 0.0042053
0 0.594781 0.397941 0.2248 0.172289 0.00419395
0 0.917546 0.272208 0.164907 0.273039 0.00418495
0 0.863286 0.382381 0.203869 0.204112 0.00417488
0 0.492276 0.603527 0.220025 0.156187 0.00415992
0 0.0716459 0.384383 0.143292 0.259718 0.00413001
0 0.640357 0.556215 0.181335 0.129688 0.930734
0 0.641147 0.47217 0.183929 0.0632893 0.010928
0 0.619679 0.502356 0.323717 0.23198 0.0107843
0 0.335532 0.245257 0.125092 0.0798446 0.00943033
0 0.156043 0.966291 0.310897 0.0674177 0.00937201
0 0.834553 0.469801 0.330894 0.190889 0.00919201
0 0.891312 0.40461 0.217376 0.256824 0.00896537
0 0.262257 0.960829 0.325658 0.0783413 0.00893128
0 0.837377 0.723383 0.322564 0.208778 0.00891375
0 0.827915 0.428205 0.344171 0.21471 0.00891166
0 0.885662 0.71191 0.228676 0.192116 0.00883459
0 0.892582 0.349947 0.214837 0.259471 0.00882594
0 0.158774 0.428076 0.317548 0.222087 0.00882582
0 0.886731 0.453842 0.226538 0.220047 0.00882317
0 0.118088 0.965816 0.236175 0.0683689 0.00875545
0 0.837228 0.787338 0.319559 0.219976 0.0087517
0 0.881108 0.55296 0.237784 0.194948 0.00874126
0 0.890039 0.300054 0.219922 0.255924 0.00873864
0 0.882095 0.506432 0.235809 0.193615 0.00873283
0 0.365507 0.929861 0.381982 0.140277 0.0087055
0 0.885368 0.610574 0.229264 0.200462 0.00867474
0 0.878553 0.775612 0.242894 0.196517 0.00866436
0 0.583412 0.54609 0.282273 0.15804 0.00864303
0 0.55682 0.513156 0.329307 0.218901 0.00863606
0 0.83495 0.518085 0.326719 0.171826 0.00862598
0 0.891031 0.655708 0.217939 0.207388 0.00858998
0 0.836926 0.661274 0.326148 0.204144 0.00857277
0 0.148005 0.848245 0.29601 0.272844 0.00855394
0 0.874587 0.834493 0.250825 0.223855 0.00854994
0 0.164994 0.661863 0.329988 0.262298 0.00843788
0 0.22202 0.639088 0.342069 0.23928 0.00843522
0 0.266993 0.43693 0.303219 0.20485 0.00843487
0 0.308292 0.635444 0.354611 0.227905 0.00841627
0 0.835404 0.626059 0.329193 0.19302 0.0083963
0 0.140558 0.745213 0.281116 0.273002 0.00838
0 0.803287 0.102598 0.393425 0.205197 0.00835598
0 0.164369 0.384058 0.328739 0.236886 0.0083267
0 0.334532 0.169106 0.330826 0.219042 0.00829652
0 0.340711 0.112813 0.339045 0.225625 0.00827447
0 0.170349 0.792939 0.340697 0.237636 0.00826333
0 0.786639 0.732917 0.358848 0.261161 0.00822132
0 0.286209 0.091461 0.383423 0.182922 0.00821277
0 0.83455 0.569993 0.324933 0.18569 0.00819592
0 0.76267 0.661634 0.31143 0.245071 0.00817281
0 0.127533 0.62881 0.255066 0.253431 0.00816995
0 0.796589 0.789099 0.375395 0.251022 0.00813265
0 0.589817 0.909297 0.540611 0.181406 0.00813191
0 0.428954 0.154505 0.360155 0.266528 0.00811981
0 0.0792025 0.0992191 0.158405 0.198438 0.00810382
0 0.884234 0.254365 0.231532 0.229903 0.00809343
0 0.573775 0.144813 0.394304 0.274352 0.00809307
0 0.888102 0.936679 0.223796 0.126642 0.00804346
0 0.345318 0.529279 0.33909 0.189911 0.00800707
0 0.689027 0.4853 0.35609 0.213495 0.00798563
0 0.13774 0.882642 0.27548 0.234715 0.00797721
0 0.896844 0.967219 0.206312 0.0655615 0.00797546
0 0.803159 0.151952 0.372006 0.252087 0.00797315
0 0.443102 0.110026 0.339037 0.220053 0.00795047
0 0.330599 0.433847 0.331986 0.210064 0.00794804
0 0.747371 0.138562 0.44051 0.263685 0.00793267
0 0.519609 0.745697 0.396893 0.28224 0.00792692
0 0.827477 0.372974 0.345046 0.210194 0.00792167
0 0.734361 0.735999 0.40114 0.299056 0.00791626
0 0.357636 0.0931031 0.365086 0.186206 0.0079055
0 0.134986 0.0895402 0.269973 0.17908 0.00790041
0 0.4571 0.904422 0.407429 0.191155 0.00789761
0 0.214798 0.0879716 0.394379 0.175943 0.00788464
0 0.170192 0.0814364 0.340384 0.162873 0.00786165
0 0.835014 0.846448 0.32416 0.246807 0.0078487
0 0.148337 0.595557 0.296674 0.262328 0.00784765
0 0.360143 0.625945 0.336064 0.218149 0.00783729
0 0.182824 0.17751 0.318883 0.187855 0.00782714
0 0.722782 0.655826 0.368846 0.302027 0.00781173
0 0.829708 0.322906 0.340583 0.2279 0.00777582
0 0.877355 0.881431 0.24529 0.200236 0.0077519
0 0.15892 0.0959554 0.31784 0.191911 0.00774825
0 0.150048 0.549899 0.300096 0.219519 0.00772901
0 0.13248 0.677624 0.264959 0.307758 0.00772784
0 0.421554 0.74617 0.333375 0.272538 0.00771356
0 0.0693638 0.43912 0.138728 0.287555 0.00770563
0 0.254752 0.175004 0.30231 0.191915 0.00769696
0 0.0728457 0.393702 0.145691 0.290504 0.00769633
0 0.0834228 0.682194 0.166846 0.309038 0.00769083
0 0.179348 0.299719 0.322075 0.22993 0.00769024
0 0.0800898 0.296301 0.16018 0.288817 0.00767956
0 0.70919 0.220196 0.359294 0.246501 0.00767881
0 0.125375 0.913448 0.250749 0.173103 0.00765708
0 0.0734826 0.343969 0.146965 0.296191 0.00765307
0 0.0698847 0.489723 0.139769 0.299126 0.0076375
0 0.0903462 0.732548 0.180692 0.30086 0.00763579
0 0.695719 0.6202 0.366196 0.257598 0.00763514
0 0.0744633 0.542741 0.148927 0.299735 0.00761591
0 0.218291 0.74021 0.360334 0.261445 0.00761064
0 0.219904 0.805215 0.36556 0.227921 0.00757984
0 0.0856389 0.241142 0.171278 0.308737 0.00755874
0 0.218947 0.852423 0.371864 0.258397 0.00754636
0 0.742097 0.521918 0.300085 0.179383 0.00749616
0 0.608818 0.739605 0.421857 0.300378 0.0074808
0 0.187846 0.365314 0.333077 0.196926 0.00747759
0 0.286415 0.807057 0.348667 0.225875 0.00747151
0 0.254914 0.121238 0.317768 0.223366 0.00746893
0 0.124989 0.106082 0.249977 0.212164 0.00745974
0 0.832301 0.280499 0.335399 0.228903 0.00745933
0 0.0928105 0.781777 0.185621 0.265562 0.00744816
0 0.108676 0.476624 0.217352 0.281134 0.00743095
0 0.13947 0.217905 0.27894 0.23647 0.00742882
0 0.271768 0.358985 0.306512 0.169844 0.00740069
0 0.105104 0.594134 0.210208 0.287395 0.00739697
0 0.418897 0.522341 0.320544 0.188822 0.00738986
0 0.113015 0.179163 0.22603 0.258204 0.0073888
0 0.548761 0.220481 0.362503 0.26454 0.00735605
0 0.073373 0.923333 0.146746 0.153335 0.00735423
0 0.184824 0.46613 0.318815 0.214324 0.00731914
0 0.225217 0.920899 0.337031 0.158202 0.00731126
0 0.648797 0.139179 0.452481 0.278357 0.00727828
0 0.496899 0.115786 0.368867 0.231572 0.00726612
0 0.625174 0.425372 0.334487 0.201986 0.00725955
0 0.425022 0.800812 0.341227 0.212451 0.00725598
0 0.420968 0.359139 0.151568 0.108022 0.00725143
0 0.353806 0.804665 0.347841 0.220627 0.00724499
0 0.726553 0.929768 0.468127 0.140464 0.00723768
0 0.797233 0.877168 0.387078 0.220125 0.00721985
0 0.262513 0.315085 0.290656 0.197793 0.00721468
0 0.183722 0.123509 0.33934 0.244526 0.0072111
0 0.284524 0.854037 0.355561 0.257738 0.00717253
0 0.0959622 0.848448 0.191924 0.273371 0.00716585
0 0.108698 0.427499 0.217397 0.259301 0.00716267
0 0.47761 0.430468 0.31405 0.189805 0.00715562
0 0.78451 0.217176 0.346012 0.248875 0.00715501
0 0.74561 0.475946 0.289138 0.199097 0.00713613
0 0.403835 0.482705 0.31613 0.276547 0.00713181
0 0.666246 0.799054 0.394809 0.233118 0.00711489
0 0.584322 0.797974 0.373585 0.219641 0.00710022
0 0.620912 0.219434 0.3577 0.252183 0.00709534
0 0.499282 0.798442 0.351243 0.208992 0.00705665
0 0.336608 0.36393 0.337522 0.168748 0.00705598
0 0.354671 0.858667 0.359641 0.246971 0.00705341
0 0.481793 0.506325 0.319641 0.236409 0.00704907
0 0.397814 0.432737 0.316602 0.205908 0.00702418
0 0.890104 0.0782926 0.219792 0.156585 0.00701353
0 0.542395 0.431178 0.30851 0.188088 0.00700913
0 0.174682 0.216581 0.31661 0.21162 0.00700513
0 0.891035 0.210135 0.217931 0.211098 0.00698343
0 0.423269 0.623335 0.314559 0.221094 0.00697597
0 0.766132 0.2825 0.327712 0.24698 0.00696448
0 0.429751 0.863088 0.364148 0.23885 0.00695017
0 0.809549 0.945643 0.366094 0.108713 0.00694353
0 0.103212 0.887299 0.206425 0.225403 0.00694111
0 0.107782 0.137912 0.215563 0.275824 0.00693657
0 0.30652 0.911188 0.361985 0.167227 0.00693601
0 0.646052 0.846426 0.375258 0.248074 0.00691436
0 0.0779278 0.147752 0.155856 0.295504 0.00684909
0 0.169559 0.895254 0.339118 0.185593 0.0068292
0 0.727695 0.844883 0.394053 0.254531 0.0068286
0 0.417025 0.212883 0.357453 0.281049 0.00680428
0 0.183249 0.536135 0.311066 0.179064 0.00680174
0 0.747224 0.625615 0.304436 0.216081 0.00679531
0 0.69293 0.293127 0.360007 0.247348 0.00679492
0 0.695954 0.371635 0.355089 0.214652 0.00678815
0 0.395312 0.293272 0.346724 0.256139 0.00678307
0 0.623567 0.373969 0.352054 0.221671 0.00676612
0 0.3952 0.900716 0.427932 0.181738 0.00675247
0 0.541106 0.292152 0.360181 0.259378 0.00672956
0 0.298414 0.726091 0.361748 0.288385 0.00671607
0 0.27496 0.536241 0.310605 0.184584 0.00671345
0 0.481684 0.215648 0.36785 0.296342 0.00670276
0 0.485772 0.361986 0.321194 0.162881 0.00670148
0 0.670413 0.669844 0.386718 0.3685 0.00668742
0 0.538297 0.36696 0.31135 0.188202 0.00665054
0 0.0856474 0.116355 0.171295 0.23271 0.00663698
0 0.693932 0.429585 0.345396 0.202511 0.00661576
0 0.230264 0.893897 0.353499 0.182931 0.00661393
0 0.502026 0.858821 0.363141 0.240843 0.00661286
0 0.356516 0.727899 0.344856 0.300912 0.00658498
0 0.742995 0.897149 0.356495 0.174644 0.00655624
0 0.557303 0.64887 0.350077 0.316305 0.00652959
0 0.718036 0.913288 0.445817 0.165104 0.00652402
0 0.685816 0.558704 0.352348 0.170579 0.00651643
0 0.612357 0.294041 0.354885 0.25163 0.00651137
0 0.0698987 0.961341 0.139797 0.0773172 0.00650854
0 0.687427 0.526079 0.35109 0.193477 0.00648415
0 0.574822 0.850047 0.373283 0.247285 0.00647343
0 0.152625 0.317928 0.30525 0.20858 0.00647085
0 0.106793 0.328718 0.213586 0.269727 0.0064667
0 0.326995 0.219121 0.339373 0.234815 0.00645761
0 0.3149 0.300044 0.341592 0.232358 0.00642486
0 0.662281 0.898936 0.356162 0.174263 0.00640582
0 0.540116 0.904273 0.517572 0.181011 0.00639408
0 0.748056 0.430279 0.28178 0.208001 0.00638912
0 0.896681 0.10941 0.206638 0.205715 0.00634601
0 0.474203 0.289214 0.373319 0.267708 0.00633159
0 0.70412 0.111244 0.46637 0.222488 0.00630915
0 0.623655 0.907783 0.46711 0.173542 0.00630311
0 0.596583 0.897451 0.358619 0.178106 0.00628416
0 0.120429 0.224014 0.240858 0.304166 0.00626124
0 0.42212 0.892082 0.289754 0.186395 0.00625751
0 0.115624 0.282255 0.231248 0.292464 0.00625066
0 0.590915 0.10791 0.442761 0.215819 0.00625023
0 0.794167 0.91903 0.399048 0.153283 0.00624518
0 0.889338 0.906898 0.221323 0.160174 0.00622611
0 0.83391 0.926544 0.33218 0.146913 0.00620588
0 0.404711 0.366385 0.310824 0.162358 0.00620508
0 0.741773 0.578955 0.308881 0.206193 0.00620223
0 0.250084 0.220394 0.3013 0.202792 0.00614898
0 0.892269 0.163006 0.215461 0.193015 0.00596442
0 0.505918 0.889723 0.294533 0.19336 0.00590135
0 0.836909 0.898515 0.326182 0.167206 0.00585934
0 0.835403 0.224191 0.329194 0.226183 0.00582983
0 0.750469 0.369666 0.28563 0.209408 0.00581546
0 0.75664 0.313935 0.296209 0.227457 0.00571032
0 0.836668 0.169256 0.326665 0.202826 0.00556392
0 0.408702 0.59078 0.315587 0.209036 0.00555421
0 0.600782 0.675982 0.290689 0.378946 0.00550116
0 0.012896 0.0134677 0.0257919 0.0269354 0.00407891
0 0.632301 0.543566 0.154713 0.09875 0.00370745
0 0.0160682 0.9848 0.0321364 0.0303992 0.00336755
0 0.0490747 0.0473404 0.0981495 0.0946808 0.00325423
0 0.756151 0.357921 0.174276 0.118699 0.00320329
0 0.236307 0.324526 0.203814 0.18343 0.00305962
0 0.746755 0.375269 0.15573 0.110572 0.00300805
0 0.791685 0.610829 0.21588 0.210169 0.00293224
0 0.389955 0.610014 0.250193 0.164452 0.00287975
0 0.93884 0.404384 0.12232 0.240406 0.00273679
0 0.552698 0.363721 0.228834 0.10153 0.00272892
0 0.428829 0.337985 0.167398 0.152263 0.00269673
0 0.837669 0.0686098 0.324663 0.13722 0.00267996
0 0.503049 0.312124 0.357589 0.209823 0.00267473
0 0.0722588 0.901451 0.144518 0.197098 0.00266702
0 0.528303 0.44778 0.430127 0.198747 0.00266525
0 0.214029 0.460462 0.157193 0.137607 0.00266403
0 0.210541 0.47949 0.150548 0.103104 0.00264506
0 0.218018 0.586941 0.159859 0.243362 0.00264404
0 0.773764 0.344159 0.209658 0.144389 0.00261731
0 0.224549 0.342211 0.178345 0.144186 0.00257347
0 0.582697 0.73722 0.279934 0.245094 0.00257162
0 0.0641079 0.120125 0.122378 0.24025 0.00254965
0 0.710948 0.590793 0.321943 0.148338 0.00247042
0 0.3338 0.472733 0.229126 0.128126 0.00246684
0 0.670602 0.112509 0.359049 0.225017 0.00245653
0 0.544076 0.085176 0.299241 0.170352 0.00243296
0 0.742455 0.422178 0.147811 0.159204 0.00242572
0 0.336432 0.611209 0.19805 0.164516 0.00242486
0 0.0689763 0.984271 0.137953 0.0314581 0.00242446
0 0.453526 0.717471 0.272327 0.230182 0.00240238
0 0.432651 0.438197 0.180266 0.161217 0.00239147
0 0.333885 0.205013 0.123833 0.158376 0.00238919
0 0.331296 0.366689 0.0789904 0.0966479 0.00238546
0 0.206145 0.175115 0.132396 0.172246 0.00237371
0 0.550997 0.459393 0.330239 0.182775 0.00236289
0 0.216429 0.431814 0.161369 0.167516 0.00236174
0 0.45831 0.353965 0.222572 0.11914 0.00234869
0 0.694509 0.126042 0.227923 0.208527 0.0023361
0 0.501473 0.363226 0.270937 0.10098 0.00232053
0 0.00944979 0.935073 0.0188996 0.129854 0.00231586
0 0.0148722 0.034773 0.0297445 0.0695461 0.0023151
0 0.405203 0.566593 0.242182 0.231699 0.00230208
0 0.764906 0.44353 0.195026 0.162657 0.00229941
0 0.63165 0.191926 0.319356 0.16775 0.00229491
0 0.709592 0.649783 0.311742 0.210982 0.00228835
0 0.610116 0.714722 0.234297 0.226319 0.00228513
0 0.930837 0.661803 0.138326 0.236264 0.00226751
0 0.363584 0.493284 0.167567 0.0823627 0.00226412
0 0.609902 0.0784618 0.346869 0.156924 0.00225455
0 0.918122 0.464819 0.163756 0.197634 0.00225441
0 0.648185 0.736632 0.274202 0.245147 0.00225165
0 0.382071 0.478979 0.165704 0.104279 0.00223655
0 0.46705 0.321335 0.25726 0.186734 0.00223542
0 0.527079 0.73852 0.305991 0.242842 0.00223351
0 0.360689 0.235371 0.18112 0.104238 0.00222646
0 0.465122 0.273905 0.332723 0.161384 0.00221311
0 0.614641 0.166632 0.377886 0.184604 0.00221206
0 0.0641991 0.942052 0.128398 0.115897 0.00220835
0 0.497206 0.765749 0.254305 0.209231 0.00220038
0 0.299301 0.449139 0.240717 0.187777 0.00218367
0 0.49032 0.0836055 0.282271 0.167211 0.00218098
0 0.354683 0.737838 0.296718 0.230535 0.00217979
0 0.0621185 0.768874 0.124237 0.243023 0.00217333
0 0.742554 0.216137 0.193253 0.168604 0.00216783
0 0.452225 0.208186 0.351314 0.21637 0.00216309
0 0.470629 0.248365 0.245113 0.133345 0.0021603
0 0.287431 0.158135 0.145387 0.165784 0.0021587
0 0.00828608 0.911228 0.0165722 0.167443 0.00215771
0 0.0800471 0.052776 0.160094 0.105552 0.00214442
0 0.273774 0.240075 0.177375 0.0877528 0.00214278
0 0.587512 0.0539864 0.300783 0.107973 0.0021427
0 0.569216 0.483514 0.289841 0.0822852 0.00213635
0 0.601791 0.443789 0.251105 0.164443 0.00213582
0 0.500844 0.221778 0.284697 0.18745 0.00213018
0 0.871159 0.149721 0.257682 0.299442 0.00212451
0 0.083041 0.0896932 0.166082 0.179386 0.00211131
0 0.753664 0.197064 0.290489 0.20419 0.00210797
0 0.211374 0.198861 0.144542 0.169122 0.00210579
0 0.621345 0.379644 0.130584 0.110603 0.002105
0 0.856989 0.051513 0.286022 0.103026 0.00210488
0 0.551256 0.212616 0.234683 0.191929 0.002102
0 0.331017 0.0638595 0.132253 0.127719 0.00209437
0 0.406214 0.439722 0.143165 0.183321 0.00208909
0 0.799951 0.455927 0.210863 0.202668 0.00208163
0 0.991011 0.232774 0.0179785 0.268999 0.00207837
0 0.360898 0.0629675 0.131697 0.125935 0.00207424
0 0.641362 0.558605 0.177653 0.133179 0.956862
0 0.837675 0.412686 0.32465 0.181786 0.00696342
0 0.832207 0.364811 0.335585 0.182635 0.00693035
0 0.842929 0.455648 0.314141 0.18029 0.00686327
0 0.263956 0.159056 0.527912 0.318113 0.00681908
0 0.173966 0.413305 0.347931 0.363535 0.00674911
0 0.845583 0.654567 0.308834 0.193757 0.00674479
0 0.844624 0.613668 0.310752 0.208587 0.00667005
0 0.840953 0.71092 0.318094 0.202977 0.00666926
0 0.843162 0.76009 0.313676 0.233124 0.00661148
0 0.838347 0.125214 0.323306 0.250428 0.00656542
0 0 0.96658 0 0.0668406 0.006562
0 0.841118 0.510958 0.317765 0.189392 0.00654757
0 0.621569 0.503045 0.319739 0.243503 0.00654302
0 0.8909 0.304361 0.2182 0.210189 0.00654153
0 0.844354 0.56661 0.311292 0.223426 0.00652124
0 0.793452 0.112565 0.413096 0.225129 0.00651611
0 0.893178 0.702122 0.213645 0.200662 0.00649489
0 0.893953 0.650422 0.212093 0.198885 0.00649326
0 0.892755 0.253429 0.214489 0.249523 0.00646133
0 0.177295 0.367664 0.346204 0.233747 0.00643781
0 0.897634 0.201336 0.204732 0.278413 0.00641729
0 0.892897 0.556359 0.214205 0.212509 0.00641444
0 0.831449 0.315775 0.337103 0.188696 0.00639795
0 0.432023 0.19267 0.864046 0.38534 0.00639064
0 0.892949 0.605003 0.214103 0.205751 0.00634462
0 0.885393 0.354379 0.229214 0.196979 0.0063389
0 0.887631 0.404543 0.224739 0.190512 0.00633169
0 0.450172 0.556066 0.304202 0.17455 0.00631286
0 0.890863 0.450945 0.218274 0.186362 0.00630052
0 0.174079 0.310078 0.348159 0.346922 0.00628796
0 0.608998 0.168788 0.782004 0.337577 0.00627437
0 0.178648 0.417709 0.347341 0.23067 0.00627241
0 0.163153 0.889346 0.326305 0.221308 0.00626964
0 0.117696 0.117501 0.235392 0.235002 0.00626746
0 0.200918 0.130188 0.401835 0.260377 0.00626682
0 0.211145 0.364371 0.303158 0.194974 0.00625462
0 0.183684 0.511859 0.367369 0.382972 0.00625422
0 0.894024 0.75289 0.211951 0.220383 0.00620313
0 0.896088 0.152987 0.207823 0.297128 0.00615166
0 0.889073 0.502686 0.221853 0.190798 0.00611875
0 0.177952 0.464254 0.355904 0.253184 0.00611809
0 0.348076 0.361273 0.338759 0.191976 0.00610256
0 0.181554 0.519537 0.363108 0.265035 0.00607413
0 0.83102 0.21611 0.33796 0.275858 0.00604714
0 0.720841 0.146484 0.558318 0.292967 0.0060292
0 0.825714 0.166541 0.348572 0.319705 0.00601639
0 0.201641 0.907472 0.366678 0.185055 0.00600554
0 0.185062 0.657542 0.370124 0.380113 0.00597768
0 0.901907 0.940557 0.196186 0.118887 0.00594309
0 0.337028 0.418202 0.334834 0.197555 0.00593856
0 0.847645 0.105925 0.304709 0.21185 0.00593322
0 0.688083 0.472815 0.325548 0.20433 0.00593172
0 0.176633 0.319562 0.349828 0.234345 0.00592028
0 0.498537 0.189307 0.8222 0.378614 0.00590359
0 0.827684 0.26775 0.344632 0.229239 0.00589905
0 0.893028 0.96979 0.213944 0.0604195 0.00589172
0 0.529364 0.194838 0.941272 0.389676 0.00588362
0 0.193449 0.252248 0.386898 0.385699 0.00585262
0 0.275497 0.36276 0.301235 0.190155 0.00584898
0 0.841805 0.809911 0.316389 0.225534 0.00584362
0 0.212632 0.277428 0.369122 0.212272 0.0058391
0 0.68429 0.134575 0.63142 0.269149 0.00581242
0 0.330929 0.134511 0.661858 0.269023 0.00579773
0 0.192475 0.933515 0.342835 0.13297 0.005771
0 0.754571 0.462944 0.325793 0.206677 0.00576637
0 0.270595 0.875 0.370307 0.25 0.00576063
0 0.189215 0.833424 0.378431 0.333152 0.00575355
0 0.436727 0.60864 0.375341 0.238087 0.00574746
0 0.567721 0.506672 0.318628 0.234937 0.00572852
0 0.190382 0.657017 0.380763 0.282429 0.00570731
0 0.608088 0.552993 0.251301 0.1509 0.00570067
0 0.578806 0.669743 0.294806 0.369514 0.00569954
0 0.895342 0.802617 0.209315 0.226332 0.00569877
0 0.194591 0.266152 0.389181 0.27535 0.0056792
0 0.748968 0.517498 0.35644 0.210623 0.00567575
0 0.493488 0.325445 0.334088 0.187444 0.00565206
0 0.269498 0.41897 0.298436 0.187483 0.00564184
0 0.14142 0.140692 0.282841 0.281385 0.00563032
0 0.412373 0.324727 0.311857 0.196816 0.00562507
0 0.185133 0.588985 0.370266 0.332862 0.00561555
0 0.350609 0.964563 0.318157 0.0708734 0.00557618
0 0.541266 0.144227 0.85362 0.288454 0.00555557
0 0.417577 0.96463 0.314791 0.0707396 0.00554864
0 0.639282 0.528225 0.253987 0.206795 0.00553825
0 0.551004 0.324116 0.31146 0.187058 0.00553523
0 0.146148 0.930829 0.292295 0.138342 0.00553031
0 0.346531 0.322469 0.328844 0.199495 0.00550094
0 0.21673 0.321632 0.309651 0.200264 0.00549978
0 0.282267 0.965478 0.3258 0.0690449 0.00548217
0 0.0810789 0.933097 0.162158 0.133807 0.00548081
0 0.699018 0.321704 0.337531 0.183834 0.00547974
0 0.408064 0.420678 0.329387 0.211607 0.00547741
0 0.489621 0.964227 0.309215 0.0715464 0.00547324
0 0.902674 0.107027 0.194652 0.214054 0.00546168
0 0.203325 0.71833 0.406651 0.33677 0.00544842
0 0.415118 0.364035 0.314897 0.19432 0.005429
0 0.560305 0.963925 0.305955 0.0721502 0.00541734
0 0.206527 0.860213 0.413055 0.279574 0.00540573
0 0.757766 0.415428 0.300154 0.205482 0.00539946
0 0.273285 0.93504 0.333164 0.12992 0.00539934
0 0.267713 0.209218 0.516212 0.311432 0.00539727
0 0.755474 0.368696 0.303896 0.203331 0.00533443
0 0.497223 0.418802 0.338038 0.207689 0.00533424
0 0.498592 0.363574 0.337346 0.187958 0.00530853
0 0.892079 0.854742 0.215841 0.2039 0.00530118
0 0.628446 0.416375 0.31959 0.203299 0.00528498
0 0.762362 0.317063 0.321044 0.201169 0.00528394
0 0.345067 0.283769 0.357289 0.19314 0.00526697
0 0.627351 0.963949 0.30338 0.0721016 0.00526182
0 0.700157 0.369226 0.334718 0.193696 0.00523081
0 0.333472 0.880236 0.339247 0.239527 0.00519963
0 0.27881 0.321398 0.300913 0.199211 0.0051858
0 0.699799 0.415132 0.324384 0.199575 0.00516937
0 0.204086 0.763702 0.408172 0.437805 0.00516652
0 0.204327 0.522812 0.318887 0.201199 0.0051545
0 0.278877 0.284427 0.340658 0.198175 0.00510743
0 0.322104 0.206241 0.644208 0.412482 0.00509897
0 0.384436 0.206197 0.46984 0.278105 0.00507685
0 0.265662 0.525067 0.30352 0.18455 0.00507016
0 0.28832 0.910048 0.31827 0.179905 0.0050637
0 0.182626 0.968101 0.350075 0.0637985 0.00503111
0 0.782839 0.652216 0.35696 0.226035 0.00503065
0 0.0839165 0.96571 0.167833 0.0685808 0.00503046
0 0.117852 0.96733 0.235704 0.0653394 0.00502968
0 0.223779 0.652662 0.347149 0.228654 0.00501442
0 0.380976 0.939818 0.353685 0.116928 0.00500838
0 0.203222 0.463826 0.31231 0.205235 0.00500603
0 0.697858 0.964004 0.307714 0.0719929 0.00500302
0 0.219426 0.727042 0.379849 0.273983 0.00497714
0 0.623497 0.369305 0.326902 0.195611 0.00497314
0 0.550687 0.421765 0.311508 0.204527 0.00497249
0 0.249544 0.211412 0.499088 0.422823 0.00496907
0 0.845952 0.879989 0.308095 0.20862 0.0049655
0 0.267659 0.469676 0.302718 0.193599 0.00496039
0 0.450131 0.942666 0.354571 0.111519 0.00491168
0 0.215733 0.812755 0.431466 0.34183 0.0049046
0 0.414254 0.279006 0.35003 0.199581 0.00490132
0 0.325977 0.581527 0.334067 0.237395 0.00488976
0 0.555406 0.270972 0.351358 0.196927 0.00488443
0 0.261463 0.589315 0.318934 0.254043 0.00488028
0 0.62087 0.182666 0.758259 0.365332 0.00486289
0 0.623358 0.323463 0.325439 0.186386 0.00485079
0 0.649864 0.730834 0.427662 0.31036 0.00483603
0 0.394145 0.883443 0.334724 0.233115 0.00482031
0 0.790991 0.759895 0.362036 0.261567 0.00480346
0 0.461015 0.885049 0.3348 0.229808 0.00478532
0 0.522215 0.944513 0.351988 0.108086 0.00478047
0 0.624418 0.27149 0.355543 0.19946 0.00476968
0 0.673639 0.551683 0.283993 0.152031 0.00475977
0 0.532305 0.885406 0.334954 0.228952 0.00474619
0 0.60311 0.88586 0.332567 0.228279 0.00474262
0 0.272637 0.730839 0.350065 0.240188 0.00473843
0 0.134756 0.187936 0.269512 0.375872 0.0047224
0 0.70454 0.16839 0.590921 0.33678 0.00471604
0 0.793878 0.807593 0.363726 0.251254 0.00470992
0 0.778614 0.715367 0.364168 0.245096 0.00470042
0 0.329705 0.475243 0.332337 0.211655 0.00467744
0 0.675787 0.886443 0.341754 0.227114 0.00465955
0 0.488985 0.272838 0.364543 0.196322 0.00463457
0 0.330561 0.52647 0.330248 0.191365 0.00462155
0 0.117793 0.850289 0.235586 0.299423 0.00461224
0 0.593087 0.945867 0.346383 0.106184 0.00460244
0 0.744548 0.885526 0.336406 0.228948 0.00458914
0 0.276771 0.65448 0.334008 0.207049 0.00457866
0 0.286381 0.621882 0.331941 0.210169 0.00455939
0 0.112843 0.780754 0.225687 0.377216 0.00455365
0 0.34779 0.911194 0.318733 0.176326 0.00453928
0 0.246084 0.818437 0.416701 0.289059 0.00447851
0 0.666356 0.946512 0.346986 0.105907 0.00446453
0 0.815681 0.963544 0.299289 0.0729126 0.00443241
0 0.403428 0.493616 0.337822 0.247086 0.00442582
0 0.693833 0.269458 0.364669 0.207704 0.00442263
0 0.706023 0.725506 0.384454 0.267173 0.00441447
0 0.766808 0.26419 0.366538 0.23955 0.0044101
0 0.856236 0.968263 0.287527 0.0634739 0.00438737
0 0.161824 0.357975 0.323648 0.398908 0.00437985
0 0.754088 0.567788 0.374246 0.225817 0.00432599
0 0.671361 0.614337 0.306221 0.252635 0.00432015
0 0.766325 0.963286 0.300883 0.0734283 0.00431523
0 0.762269 0.612525 0.382781 0.246361 0.00430512
0 0.408528 0.911947 0.325686 0.173642 0.00428893
0 0.0986602 0.889836 0.19732 0.220328 0.00427994
0 0.171844 0.559208 0.343688 0.414449 0.00427601
0 0.890276 0.912484 0.219449 0.175032 0.00425893
0 0.165564 0.458366 0.331129 0.404636 0.00425798
0 0.643791 0.209796 0.405539 0.235973 0.00425537
0 0.286571 0.775996 0.369192 0.281692 0.00423936
0 0.105783 0.577617 0.211566 0.358106 0.0042348
0 0.108023 0.676945 0.216045 0.357669 0.00415882
0 0.107359 0.277491 0.214719 0.357431 0.00415566
0 0.476686 0.912131 0.325901 0.173544 0.0041352
0 0.746827 0.940441 0.337932 0.119118 0.00412915
0 0.702202 0.654312 0.323093 0.254289 0.0040989
0 0.578711 0.209209 0.414928 0.24724 0.00407335
0 0.79567 0.20706 0.408659 0.279759 0.00404205
0 0.4287 0.525154 0.332012 0.208414 0.00404205
0 0.547419 0.912096 0.325824 0.173857 0.00402918
0 0.336274 0.730735 0.349241 0.234301 0.00400354
0 0.80606 0.936915 0.318195 0.126169 0.00398991
0 0.348904 0.774811 0.358075 0.257529 0.00391388
0 0.1025 0.376735 0.204999 0.34886 0.00390084
0 0.71478 0.767829 0.371439 0.254727 0.00388037
0 0.418808 0.773525 0.365723 0.251104 0.00386918
0 0.104562 0.476272 0.209124 0.355127 0.00386032
0 0.513068 0.206468 0.43656 0.26102 0.0038363
0 0.999226 0.890696 0.0015487 0.218608 0.00380326
0 0.497981 0.772278 0.378976 0.256322 0.00374249
0 0.713076 0.208926 0.411396 0.247494 0.00373707
0 0.572343 0.771031 0.382479 0.259369 0.00369339
0 0.849863 0.916344 0.300274 0.167313 0.00369236
0 0.416589 0.722918 0.38118 0.260804 0.00368595
0 0.644952 0.769727 0.37867 0.257818 0.0036765
0 0.498856 0.507959 0.345696 0.238439 0.00362661
0 0.305385 0.819463 0.384187 0.254917 0.00359885
0 0.65024 0.687535 0.271288 0.409758 0.0035832
0 0.807776 0.910988 0.325617 0.178023 0.00353333
0 0.517224 0.721572 0.424018 0.305609 0.00350346
0 1 0.0785977 0 0.157195 0.00348879
0 0.337203 0.656887 0.339107 0.210926 0.00345666
0 0.724595 0.817436 0.376635 0.237222 0.00345481
0 0.00880682 0.98721 0.0176136 0.0255791 0.00337355
0 0.996277 0.913938 0.00744676 0.172124 0.00335315
0 0.854957 0.942317 0.290086 0.115366 0.00314551
0 0.996572 0.863803 0.00685579 0.272394 0.00309869
0 0.652995 0.819111 0.375349 0.233082 0.00299528
0 0.0127277 0 0.0254555 0 0.00299422
0 0.367786 0.821533 0.36779 0.236313 0.00299166
0 0.994493 0.781222 0.0110139 0.247757 0.0028476
0 0.564791 0.441201 0.64725 0.309456 0.00282258
0 0.997354 0.730839 0.0052921 0.232302 0.00274067
0 0.579112 0.820068 0.372822 0.23448 0.0027277
0 0.641429 0.611396 0.133046 0.0260304 0.00270418
0 0.433387 0.822878 0.367653 0.230502 0.00270097
0 0.991989 0.849191 0.0160221 0.301619 0.00264021
0 0.998319 0.0991122 0.00336193 0.198224 0.00263144
0 0.506031 0.821817 0.372764 0.23282 0.00261407
0 0.675581 0.598104 0.282994 0.179435 0.00259615
0 0.513246 0.468952 0.544989 0.220545 0.00249312
0 0 0.952686 0 0.0946287 0.00235852
0 0.984198 0.317456 0.0316037 0.219698 0.00235828
0 0.217656 0.485023 0.154998 0.0757631 0.00228908
0 0.99582 0.127187 0.00835905 0.254375 0.00228141
0 0.00371325 0.946673 0.0074265 0.106654 0.00227903
0 0.995726 0.174082 0.00854769 0.257995 0.00226452
0 0.78374 0.454277 0.224286 0.155726 0.00220811
0 0.998159 0.545867 0.00368176 0.200657 0.00217792
0 0.814034 0.794858 0.371932 0.320235 0.00217233
0 0.995289 0.441949 0.00942122 0.204971 0.00215604
0 0.498821 0.523738 0.564435 0.247473 0.00214767
0 0.244444 0.34955 0.213627 0.129777 0.00214181
0 0.714545 0.6093 0.35293 0.221457 0.00212007
0 0.997414 0.668799 0.00517246 0.206255 0.00211596
0 0.997793 0.494659 0.00441398 0.206098 0.00210271
0 0.44879 0.569854 0.402564 0.204891 0.00209023
0 0.922775 0.908479 0.15445 0.183042 0.00207886
0 0.992146 0.0497018 0.0157075 0.0994036 0.00206718
0 0.485667 0.511807 0.469666 0.206938 0.00205531
0 0.997682 0.592224 0.00463624 0.201117 0.00205323
0 0.990919 0.390145 0.0181614 0.21778 0.00204404
0 0.986927 0.363424 0.0261457 0.220343 0.00201437
0 0.950663 0.966091 0.0986741 0.0678184 0.00200606
0 0.431893 0.634846 0.224713 0.163119 0.00198503
0 0.588307 0.56593 0.0744002 0.102134 0.00198382
0 0.236778 0.82366 0.473556 0.320353 0.00198216
0 0.994004 0.223925 0.0119926 0.25338 0.00197746
0 0.836772 0.456858 0.268016 0.150333 0.00196526
0 0.578499 0.350361 0.198128 0.131129 0.00194772
0 0.852308 0.107767 0.295385 0.215534 0.00192478
0 0.674312 0.656366 0.267436 0.136217 0.00192438
0 0.537766 0.0956094 0.563615 0.191219 0.0019209
0 0.987479 0.274642 0.025042 0.244071 0.00191966
0 0.711053 0.644693 0.275899 0.156412 0.0018996
0 0.776679 0.618176 0.2547 0.20364 0.00188916
0 0.535211 0.483926 0.572695 0.329363 0.00188598
0 0.437941 0.358699 0.177668 0.10551 0.00188173
0 0.417873 0.490757 0.157466 0.0767401 0.00187046
0 0.238343 0.678653 0.476687 0.356492 0.00184828
0 0.195418 0.0801912 0.390836 0.160382 0.00183683
0 0.395227 0.0830872 0.662948 0.166174 0.00183291
0 0.22275 0.463792 0.16569 0.119815 0.00181836
0 0.28921 0.630908 0.205595 0.170389 0.00181502
0 0.0060967 0.0227813 0.0121934 0.0455626 0.00181196
0 0.62417 0.0835234 0.609697 0.167047 0.00181122
0 0.207279 0.0677262 0.414558 0.135452 0.00180184
0 0.425599 0.591545 0.300362 0.138609 0.00178696
0 0.0569802 0.987948 0.11396 0.0241047 0.00178616
0 0.495029 0.0999334 0.342581 0.199867 0.00178577
0 0.797515 0.204279 0.287003 0.158662 0.00177953
0 0.78255 0.323957 0.219542 0.117038 0.00177439
0 0.764833 0.590772 0.339562 0.172825 0.00176512
0 0.548966 0.368539 0.255952 0.0940385 0.00175752
0 0.852401 0.838571 0.295197 0.322859 0.00175497
0 0.793517 0.834398 0.412965 0.26572 0.00175435
0 0.749041 0.0829185 0.501918 0.165837 0.00175214
0 0.723851 0.439863 0.340171 0.199688 0.00174707
0 0.210863 0.767713 0.421727 0.327801 0.00174616
0 0.813161 0.377185 0.250099 0.125751 0.00174539
0 0.460601 0.492971 0.255122 0.10183 0.00174514
0 0.354798 0.246778 0.159932 0.0799606 0.00174311
0 0.643086 0.561635 0.181799 0.132738 0.983096
0 0.0773603 0.115705 0.154721 0.210038 0.0112201
0 0.258372 0.633472 0.237052 0.170003 0.01065
0 0.524304 0.453801 0.951393 0.539475 0.00648307
0 0.0755956 0.156755 0.151191 0.228467 0.00620279
0 0.649401 0.512234 0.208457 0.234842 0.00605274
0 0.564515 0.659405 0.778094 0.336971 0.00604488
0 0.150485 0.142949 0.30097 0.285899 0.00584083
0 0.793294 0.0966179 0.413411 0.193236 0.00568086
0 0.699955 0.58733 0.288592 0.207268 0.00558216
0 0.192771 0.591309 0.353804 0.292731 0.00556812
0 0.565282 0.743321 0.869436 0.513359 0.00543659
0 0.149255 0.309659 0.29851 0.363038 0.00533276
0 0.428942 0.536702 0.775115 0.404898 0.00523779
0 0.234068 0.671968 0.468137 0.334367 0.00522499
0 0.746943 0.633801 0.309124 0.172937 0.00514369
0 0.149254 0.205847 0.298508 0.378673 0.00512427
0 0.429728 0.632277 0.305131 0.184237 0.00511935
0 0.879192 0.0814057 0.241615 0.162811 0.0051163
0 0.283488 0.592808 0.305867 0.261525 0.0050982
0 0.715553 0.506804 0.350755 0.255194 0.0050974
0 0.113173 0.0997424 0.226346 0.180485 0.00507815
0 0.100717 0.538299 0.201433 0.268175 0.00503279
0 0.100623 0.587956 0.201246 0.264877 0.00501474
0 0.592643 0.604861 0.337017 0.255643 0.00500604
0 0.616478 0.594573 0.314901 0.198151 0.00498771
0 0.104587 0.488955 0.209174 0.275614 0.0049845
0 0.923389 0.711054 0.153222 0.228665 0.00498281
0 0.70032 0.11417 0.59936 0.228339 0.00496373
0 0.929627 0.650732 0.140745 0.192417 0.00492527
0 0.108706 0.439019 0.217413 0.27991 0.00490857
0 0.46281 0.506963 0.92562 0.554758 0.00490763
0 0.165952 0.952054 0.330091 0.0958912 0.00489803
0 0.635448 0.634262 0.675848 0.257857 0.00489705
0 0.144148 0.100735 0.288295 0.201469 0.0048017
0 0.923099 0.60968 0.153802 0.211784 0.00478168
0 0.299061 0.635589 0.421714 0.250703 0.00477892
0 0.921573 0.0763345 0.156853 0.152669 0.00477804
0 0.409185 0.242107 0.81837 0.484215 0.00477795
0 0.766407 0.601617 0.379894 0.228398 0.00475938
0 0.113434 0.39119 0.226867 0.281724 0.00475155
0 0.3181 0.635463 0.346151 0.182581 0.00474546
0 0.897374 0.962661 0.205252 0.074678 0.00471594
0 0.908951 0.565791 0.182099 0.251673 0.00471353
0 0.817838 0.737534 0.364324 0.248316 0.0046872
0 0.842637 0.890327 0.311462 0.219346 0.00466371
0 0.178471 0.507302 0.356942 0.39592 0.00465429
0 0.198439 0.656415 0.342009 0.362213 0.00465279
0 0.899653 0.947221 0.200694 0.105557 0.0046499
0 0.914271 0.359423 0.171458 0.242946 0.00464751
0 0.666313 0.741717 0.667375 0.467366 0.0046166
0 0.110544 0.687958 0.221087 0.311563 0.00461189
0 0.117414 0.296843 0.234828 0.290398 0.00460701
0 0.202528 0.708378 0.398079 0.475289 0.00460646
0 0.0705233 0.382822 0.141047 0.245991 0.00459542
0 0.909718 0.91423 0.180564 0.17154 0.00457662
0 0.683149 0.602489 0.289284 0.267967 0.0045546
0 0.0763653 0.0781574 0.152731 0.156315 0.00454926
0 0.910711 0.873198 0.178578 0.200906 0.00454623
0 0.911578 0.40777 0.176843 0.246104 0.00454318
0 0.449776 0.31198 0.899551 0.572524 0.00452059
0 0.854782 0.960828 0.290435 0.078343 0.004518
0 0.602667 0.357527 0.794667 0.564292 0.00446818
0 0.819826 0.136483 0.360348 0.220846 0.00446745
0 0.660815 0.547226 0.219357 0.152197 0.00446308
0 0.705729 0.208715 0.588541 0.406838 0.00445629
0 0.164557 0.79286 0.329113 0.414279 0.00442762
0 0.666692 0.253266 0.666616 0.506531 0.00442088
0 0.717118 0.701202 0.413148 0.253127 0.00441438
0 0.120826 0.243947 0.241651 0.295376 0.00439672
0 0.77211 0.772133 0.455781 0.315656 0.00439641
0 0.684649 0.97376 0.36961 0.0524807 0.00438233
0 0.226928 0.972304 0.33748 0.055393 0.00437046
0 0.123963 0.737082 0.247925 0.352963 0.00436623
0 0.40509 0.74826 0.81018 0.503479 0.00436587
0 0.67712 0.636848 0.552539 0.215802 0.00434956
0 0.840602 0.942671 0.309899 0.114657 0.00432224
0 0.8036 0.968287 0.319872 0.0634257 0.00430679
0 0.162592 0.761488 0.325184 0.435639 0.00429822
0 0.906822 0.459691 0.186355 0.271222 0.00425518
0 0.41688 0.67788 0.695977 0.328529 0.00425259
0 0.604058 0.971275 0.364336 0.05745 0.00424718
0 0.143664 0.408438 0.287328 0.348538 0.00424674
0 0.918494 0.316344 0.163012 0.260321 0.00424186
0 0.457272 0.971885 0.351916 0.0562309 0.00423568
0 0.182879 0.421851 0.365758 0.393361 0.00422689
0 0.597344 0.122922 0.752013 0.245844 0.00422149
0 0.383019 0.973091 0.332601 0.0538185 0.00420187
0 0.304262 0.974454 0.326164 0.0510921 0.00419136
0 0.755279 0.142532 0.489441 0.278644 0.00418851
0 0.532366 0.971855 0.35826 0.0562902 0.00417248
0 0.760368 0.450135 0.479263 0.431403 0.00417191
0 0.908425 0.51007 0.183149 0.270573 0.00416293
0 0.919691 0.764683 0.160618 0.232899 0.00415206
0 0.722288 0.807589 0.555424 0.379936 0.00415067
0 0.914767 0.818743 0.170466 0.209198 0.00413785
0 0.305141 0.505141 0.521709 0.438828 0.00412774
0 0.817441 0.839541 0.365118 0.254007 0.0040951
0 0.376187 0.499156 0.532456 0.500315 0.00407823
0 0.280899 0.742652 0.561798 0.497187 0.0040753
0 0.122911 0.15009 0.245823 0.250578 0.00406363
0 0.65103 0.430836 0.69794 0.449821 0.00401579
0 0.676271 0.152209 0.647457 0.304418 0.00398855
0 0.464561 0.111036 0.267733 0.195288 0.00398676
0 0.782355 0.49281 0.435291 0.331536 0.00396997
0 0.153347 0.967301 0.306694 0.0653976 0.00396768
0 0.820253 0.175944 0.359493 0.226475 0.00395578
0 0.144812 0.815644 0.289623 0.368712 0.00393334
0 0.331829 0.663256 0.554787 0.274276 0.00391976
0 0.629085 0.227828 0.741829 0.455656 0.00391953
0 0.293945 0.5644 0.344117 0.339974 0.00391299
0 0.841318 0.65217 0.317364 0.144913 0.00389975
0 0.529432 0.310165 0.941135 0.57386 0.00387738
0 0.131067 0.866268 0.262134 0.267465 0.00387159
0 0.0871415 0.962757 0.174283 0.074487 0.00383722
0 0.412079 0.122258 0.681588 0.244516 0.00381336
0 0.193019 0.303068 0.386039 0.436148 0.0038107
0 0.928087 0.118945 0.143826 0.202058 0.00376222
0 0.163391 0.971912 0.326781 0.0561764 0.00372504
0 0.394483 0.468499 0.701024 0.525526 0.00371364
0 0.921028 0.270733 0.157944 0.271343 0.00370446
0 0.834895 0.590504 0.330209 0.233624 0.00369485
0 0.221699 0.8254 0.443399 0.3492 0.00364392
0 0.77731 0.618397 0.253789 0.198037 0.00363979
0 0.705237 0.356327 0.589525 0.45655 0.00362413
0 0.0990632 0.0976972 0.198126 0.195394 0.00361758
0 0.784592 0.228817 0.430815 0.285616 0.0036083
0 0.927645 0.167493 0.14471 0.210163 0.00357747
0 0.328263 0.369495 0.656526 0.437424 0.00357196
0 0.307609 0.232239 0.615217 0.433701 0.00355636
0 0.166397 0.832834 0.332794 0.334332 0.00352799
0 0.138791 0.601096 0.277582 0.301152 0.00352779
0 0.329649 0.785062 0.659298 0.429877 0.00351989
0 0.287748 0.115431 0.476445 0.230862 0.00351755
0 0.83135 0.419534 0.337299 0.281929 0.00351671
0 0.926288 0.21597 0.147424 0.231632 0.00347443
0 0.179872 0.847755 0.359744 0.304491 0.00347317
0 0.261312 0.188135 0.521884 0.376269 0.00347221
0 0.82514 0.371754 0.349721 0.29022 0.00342374
0 0.77114 0.873901 0.43596 0.252198 0.00340894
0 0.141046 0.51248 0.282092 0.346042 0.00340343
0 0.0711526 0.428499 0.142305 0.251994 0.00340278
0 0.0722928 0.503623 0.144586 0.249796 0.00339589
0 0.174294 0.1756 0.348588 0.351201 0.0033927
0 0.378264 0.200937 0.72613 0.401875 0.00338992
0 0.407866 0.840605 0.52836 0.318789 0.00338265
0 0.843869 0.621644 0.311988 0.184169 0.00333512
0 0.667012 0.854724 0.552901 0.290552 0.00333216
0 0.617135 0.819747 0.629596 0.360506 0.00332827
0 0.475436 0.140823 0.877812 0.281646 0.00332761
0 0.549806 0.153062 0.697659 0.306124 0.00332235
0 0.240836 0.152563 0.481671 0.305126 0.00325405
0 0.806746 0.867273 0.386508 0.265455 0.00324194
0 0.393734 0.363802 0.727647 0.532782 0.00321014
0 0.0759893 0.206204 0.151979 0.23753 0.0031909
0 0.212265 0.890497 0.242614 0.17466 0.0031759
0 0.444093 0.868829 0.500253 0.262342 0.00317395
0 0.36581 0.885424 0.451967 0.229152 0.00315366
0 0.803482 0.929522 0.334194 0.140956 0.00313015
0 0.528074 0.860813 0.544911 0.278373 0.00312382
0 0.444685 0.180844 0.580177 0.361688 0.00311738
0 0.746905 0.276624 0.50619 0.381112 0.003109
0 0.151763 0.671498 0.303527 0.376772 0.00309643
0 0.3558 0.142411 0.711599 0.284822 0.00308578
0 0.0710925 0.333205 0.142185 0.24505 0.00307474
0 0.213022 0.111067 0.426045 0.222135 0.00302841
0 0.534091 0.460519 0.570137 0.348771 0.0030221
0 0.0670602 0.0606255 0.13412 0.105382 0.00300737
0 0.317628 0.837624 0.52925 0.324753 0.00300625
0 0.160988 0.899225 0.321976 0.20155 0.00300526
0 0.782564 0.319659 0.434872 0.363578 0.00298874
0 0.723416 0.576496 0.348619 0.282837 0.00298842
0 0.246489 0.853838 0.492978 0.292324 0.00297537
0 0.674212 0.903152 0.370636 0.193696 0.00296257
0 0.538187 0.205478 0.525259 0.307013 0.00295568
0 0.85853 0.916125 0.282941 0.167136 0.00291447
0 0.376928 0.918167 0.288164 0.163666 0.0028904
0 0.169994 0.891741 0.246688 0.17364 0.00288223
0 0.624551 0.182914 0.641279 0.365829 0.00287851
0 0.212866 0.931987 0.295843 0.136027 0.00285858
0 0.595613 0.890918 0.340492 0.218163 0.00285534
0 0.8771 0.088361 0.2458 0.172614 0.00282465
0 0.277648 0.899127 0.443898 0.201745 0.00280345
0 0.52381 0.901733 0.327305 0.196534 0.00277702
0 0.227086 0.887449 0.454172 0.225102 0.00275368
0 0.4482 0.907143 0.311709 0.185714 0.00273763
0 0.125706 0.0769002 0.248957 0.143976 0.00272849
0 0.29772 0.928533 0.280132 0.142933 0.00269151
0 0.113747 0.893202 0.227494 0.190936 0.0026292
0 0.763545 0.0820636 0.216037 0.12511 0.00252462
0 0.861206 0.118745 0.277588 0.21559 0.00251219
0 0.00438331 0.985657 0.00876661 0.0286857 0.00247659
0 0.644177 0.613516 0.123783 0.0205499 0.00243983
0 0.805463 0.0745633 0.26137 0.134166 0.00243449
0 0.248856 0.581622 0.215594 0.226915 0.00242851
0 0.282092 0.888538 0.244096 0.176166 0.00241782
0 0.08931 0.00127112 0.17862 0.00254223 0.00235512
0 0.678217 0.647931 0.28503 0.144244 0.00230695
0 0.0925194 0.720018 0.185039 0.212598 0.00227984
0 0.172346 0.127777 0.344691 0.255553 0.00225694
0 0.939639 0.666639 0.120722 0.292987 0.00225176
0 0.068615 0.299927 0.13723 0.106013 0.00222216
0 0.408736 0.779798 0.327438 0.190067 0.00221647
0 0.0738922 0.633443 0.147784 0.179245 0.00220869
0 0.0754377 0.246787 0.150875 0.207716 0.00220648
0 0.360732 0.612382 0.335008 0.192275 0.00218088
0 0.400454 0.732125 0.382526 0.265633 0.00217526
0 0.580121 0.747829 0.398825 0.247345 0.0021346
0 0.32279 0.883707 0.258428 0.185371 0.00213122
0 0.538123 0.111831 0.270523 0.187286 0.0021157
0 0.549891 0.787618 0.337252 0.181265 0.00211472
0 0.767255 0.126526 0.237005 0.199518 0.00210877
0 0.599757 0.606401 0.191465 0.231383 0.00209126
0 0.72439 0.774958 0.34048 0.209059 0.00208781
0 0.0720343 0.551891 0.144069 0.240208 0.00207869
0 0.750365 0.733609 0.373792 0.267683 0.00206854
0 0.244482 0.784519 0.254716 0.156292 0.00205955
0 0.23524 0.199358 0.181211 0.130408 0.00205806
0 0.346706 0.786508 0.321337 0.177927 0.00205139
0 0.850646 0.674033 0.298708 0.313742 0.00205023
0 0.662934 0.77148 0.341431 0.21675 0.00203582
0 0.226483 0.62446 0.180299 0.184893 0.00202447
0 0.588272 0.130102 0.171201 0.15368 0.00202128
0 0.247282 0.39172 0.207499 0.19616 0.00201857
0 0.10775 0.754293 0.215501 0.188673 0.00200988
0 0.00146571 0.951837 0.00293142 0.0963268 0.00199579
0 0.146749 0.754003 0.293497 0.200024 0.00199365
0 0.663468 0.735931 0.38676 0.271846 0.00198881
0 0.700326 0.0875187 0.285399 0.160348 0.00198057
0 0.608881 0.506798 0.270113 0.228987 0.00197184
0 0.06872 0.562079 0.13744 0.10578 0.00196402
0 0.206108 0.669547 0.125778 0.0894508 0.00195943
0 0.281782 0.786579 0.272768 0.172639 0.00195897
0 0.379154 0.556771 0.392999 0.29653 0.00195636
0 0.385432 0.569377 0.308056 0.262859 0.00195453
0 0.860129 0.0676639 0.279742 0.129798 0.00194541
0 0.288791 0.752138 0.32923 0.222605 0.00194438
0 0.477644 0.788639 0.318655 0.179635 0.00194227
0 0.623393 0.552269 0.257228 0.163438 0.00194089
0 0.350334 0.10652 0.32527 0.20385 0.00193605
0 0.502591 0.743056 0.403239 0.255773 0.00193497
0 0.482087 0.436126 0.398245 0.207567 0.0019294
0 0.2393 0.466971 0.189626 0.147767 0.00191508
0 0.183285 0.781821 0.276153 0.15248 0.00190795
0 0.626718 0.649111 0.192203 0.139313 0.0019018
0 0.133739 0.912909 0.267477 0.166521 0.00189156
0 0.352823 0.548109 0.531996 0.349656 0.00188739
0 0.924485 0.389482 0.15103 0.296539 0.00188163
0 0.0894515 0.88453 0.174419 0.226751 0.00187302
0 0.641474 0.0829681 0.220072 0.122737 0.001871
0 0.123424 0.77783 0.246849 0.139277 0.00186975
0 0.213965 0.640743 0.153437 0.150151 0.00186419
0 0.848986 0.730168 0.302028 0.313194 0.00185692
0 0.826273 0.790749 0.334496 0.1777 0.00185423
0 0.942245 0.615591 0.11551 0.269775 0.00185214
0 0.782068 0.370896 0.190305 0.0860342 0.00185176
0 0.0735752 0.662684 0.140224 0.231791 0.00181397
0 0.0673763 0.0878626 0.134753 0.101685 0.00179349
0 0.88148 0.365495 0.237039 0.30295 0.00177883
0 0.228364 0.554043 0.174737 0.17571 0.00177666
0 0.391434 0.880757 0.258077 0.190298 0.00176732
0 0.0750706 0.714309 0.142344 0.23014 0.00175304
0 0.142072 0.819537 0.284144 0.240319 0.00174994
0 0.000762496 0.931864 0.00152499 0.136273 0.00173641
0 0.248422 0.439494 0.21078 0.13008 0.00173624
0 0.1627 0.0665137 0.319407 0.133027 0.00172607
0 0.379411 0.63789 0.282827 0.161112 0.0017193
0 0.521911 0.339796 0.35856 0.170663 0.00171914
0 0.224521 0.857068 0.250591 0.228075 0.00171743
0 0.573067 0.0898816 0.222796 0.141363 0.00171656
0 0.466076 0.436135 0.300831 0.189759 0.00170981
0 0.392815 0.0862378 0.30604 0.172476 0.00170868
0 0.000827252 0.820848 0.0016545 0.159511 0.00170394
0 0.262482 0.842064 0.256303 0.228175 0.00170383
0 0.913916 0.699414 0.172169 0.321267 0.00169535
0 0.900293 0.413831 0.199414 0.315806 0.00169305
0 0.000725449 0.767637 0.0014509 0.154011 0.0016904
0 0.179503 0.818589 0.290881 0.212493 0.00168914
0 0.788459 0.87027 0.262242 0.223774 0.00167675
0 0.746088 0.891699 0.253514 0.17065 0.00166705
0 0.862604 0.160911 0.274791 0.199448 0.00166441
0 0.695686 0.119383 0.340497 0.215047 0.00166092
0 0.626015 0.103465 0.219085 0.148262 0.00165736
0 0.493724 0.498254 0.464191 0.313373 0.00165596
0 0.825937 0.698341 0.348127 0.295924 0.00165273
0 0.000752042 0.904727 0.00150408 0.140545 0.00165136
0 0.00653723 0.000358611 0.0130745 0.000717223 0.00164975
0 0.274005 0.0697919 0.256812 0.137527 0.00164458
0 0.208418 0.612057 0.127146 0.102431 0.00164015
0 0.248188 0.356539 0.210331 0.167993 0.00163696
0 0.00129398 0.0914434 0.00258797 0.175548 0.00163602
0 0.534757 0.4027 0.406324 0.210444 0.00163326
0 0.0604684 0.0759305 0.116945 0.0925296 0.00163084
0 0.865304 0.207419 0.269392 0.144002 0.00163068
0 0.312924 0.799916 0.267079 0.173603 0.00162561
0 0.403915 0.604331 0.24621 0.203288 0.00162551
0 0.644598 0.867668 0.27057 0.223912 0.00162038
0 0.463117 0.877158 0.268458 0.196622 0.00161731
0 0.718365 0.86895 0.269531 0.222601 0.00161494
0 0.00104277 0.720073 0.00208554 0.15667 0.00161447
0 0.64073 0.558648 0.177542 0.133024 0.927187
0 0.999778 0.913323 0.00044345 0.173353 0.0181776
0 1 0.937332 0 0.125336 0.00821414
0 0.881974 0.909147 0.236052 0.181705 0.00782542
0 0.842769 0.894514 0.314463 0.210972 0.00532554
0 0.56807 0.587131 0.369322 0.208869 0.00438943
0 0.516956 0.436366 0.75762 0.441688 0.00429098
0 0.127587 0.978846 0.255175 0.042308 0.00427902
0 0.622704 0.662625 0.31373 0.421488 0.0042532
0 0.681482 0.59808 0.289138 0.228258 0.00420846
0 0.727615 0.32567 0.46758 0.269532 0.00412962
0 0.59655 0.699627 0.759516 0.513927 0.00409959
0 0.15891 0.124711 0.317821 0.249421 0.00402441
0 0.859899 0.269329 0.280201 0.387605 0.00401371
0 0.851612 0.971202 0.296776 0.0575963 0.00399895
0 0.782144 0.599956 0.435713 0.348386 0.00396799
0 0.728962 0.650207 0.456684 0.396901 0.00395824
0 0.00195875 0.940347 0.0039175 0.119305 0.0038728
0 0.147313 0.878947 0.294625 0.242105 0.0038639
0 0.48646 0.662069 0.620886 0.477448 0.00384727
0 0.492211 0.604505 0.502364 0.339443 0.00377338
0 0.77275 0.837708 0.454501 0.324585 0.0037385
0 0.606354 0.398122 0.787291 0.519142 0.0037118
0 0.618804 0.442068 0.64023 0.394681 0.00370973
0 0.86719 0.362291 0.26562 0.364371 0.00370618
0 0.125705 0.411468 0.251411 0.317756 0.00370439
0 0.690085 0.510316 0.292113 0.254179 0.00370053
0 1 0.905573 0 0.188855 0.00369004
0 0.317816 0.418631 0.372312 0.300114 0.00362967
0 0.897502 0.562061 0.204995 0.335599 0.00358328
0 0.150329 0.974654 0.300659 0.0506914 0.00357846
0 0.773266 0.975462 0.32678 0.0490751 0.00357753
0 0.729352 0.268157 0.541295 0.47608 0.00353342
0 0.887606 0.508334 0.224788 0.358832 0.00353193
0 0.802089 0.308842 0.395822 0.342121 0.00352203
0 0.862235 0.18113 0.27553 0.36226 0.00351585
0 0.229183 0.972921 0.320125 0.0541588 0.00351013
0 0.190228 0.235935 0.380455 0.47187 0.0035081
0 0.195225 0.773315 0.39045 0.45337 0.0035076
0 0.764916 0.649368 0.470169 0.407569 0.00350372
0 0.234991 0.935298 0.316366 0.129404 0.00346386
0 0.87811 0.455738 0.24378 0.368153 0.00345778
0 0.881129 0.709517 0.237742 0.372085 0.00342629
0 0.305737 0.947085 0.286505 0.105829 0.00340214
0 0.863724 0.848947 0.272552 0.302105 0.00339374
0 0.829612 0.572545 0.340775 0.380818 0.00335471
0 0.899661 0.658528 0.200679 0.336405 0.00335283
0 0.88482 0.970075 0.23036 0.0598494 0.00334824
0 0.658202 0.359345 0.683597 0.546043 0.00334044
0 0.318249 0.675362 0.636498 0.513045 0.00333872
0 0.379174 0.60062 0.758349 0.473133 0.00333546
0 0.183477 0.320694 0.366955 0.478953 0.00333205
0 0.306159 0.971744 0.286438 0.0565124 0.00332419
0 0.627059 0.579447 0.25613 0.215199 0.00331714
0 0.65774 0.97254 0.304909 0.0549204 0.00329437
0 0.777777 0.938431 0.359003 0.123138 0.0032935
0 0.726632 0.434574 0.546736 0.444235 0.00328665
0 0.384024 0.36281 0.545463 0.417261 0.00327882
0 0.368544 0.949798 0.294408 0.100404 0.00327061
0 0.915888 0.0823095 0.168224 0.164619 0.00326989
0 0.687778 0.553674 0.274054 0.152166 0.00326774
0 0.815306 0.876135 0.369388 0.229941 0.00325329
0 0.183363 0.183237 0.366725 0.366474 0.00325307
0 0.621789 0.5036 0.260091 0.241703 0.00324837
0 0.766152 0.366792 0.467695 0.450446 0.00324607
0 0.746557 0.167667 0.506886 0.335335 0.00324156
0 0.6185 0.539632 0.252144 0.177761 0.00322667
0 0.847458 0.761042 0.305084 0.402137 0.00321696
0 0.799351 0.134025 0.401298 0.26805 0.00320575
0 0.65411 0.944356 0.323332 0.111288 0.00320416
0 0.818782 0.513824 0.362436 0.424136 0.00319123
0 0.853669 0.0956089 0.292662 0.191218 0.00319035
0 0.775579 0.487813 0.448842 0.416334 0.0031661
0 0.444366 0.969262 0.29588 0.0614756 0.00316075
0 0.683831 0.699939 0.632339 0.541708 0.00315937
0 0.137102 0.681586 0.274205 0.491653 0.00315868
0 0.908653 0.109296 0.182693 0.218592 0.00315705
0 0.0649936 0.0796937 0.129987 0.159387 0.00315159
0 0.802068 0.459957 0.395865 0.442784 0.00314568
0 0.372057 0.970032 0.285914 0.0599362 0.00313948
0 0.321952 0.724292 0.643905 0.508008 0.00313063
0 0.78054 0.106757 0.43892 0.213515 0.00312938
0 0.587041 0.946046 0.315094 0.107908 0.00312278
0 0.444887 0.702723 0.795992 0.538251 0.0031095
0 0.645772 0.315962 0.528497 0.309211 0.00310598
0 0.436785 0.950057 0.311527 0.0998857 0.00310496
0 0.520807 0.969499 0.295757 0.0610025 0.00310393
0 1 0.84916 0 0.199464 0.0031007
0 0.286494 0.397371 0.541023 0.40071 0.0030986
0 0.127789 0.535663 0.255577 0.446288 0.00309646
0 0.417136 0.433115 0.513741 0.325862 0.00308797
0 0.277247 0.465896 0.554493 0.447494 0.00308359
0 0.872285 0.151668 0.25543 0.303336 0.00308269
0 0.997253 0.944174 0.00549384 0.111653 0.0030667
0 0.136865 0.768214 0.273731 0.463573 0.00305851
0 1 0.31132 0 0.199979 0.00305458
0 0.592252 0.311451 0.815497 0.567651 0.00305456
0 0.513633 0.95045 0.317657 0.0991003 0.00305395
0 0.127015 0.437629 0.254031 0.444653 0.00304551
0 0.654848 0.265792 0.690305 0.529192 0.00303795
0 0.591254 0.969375 0.293727 0.061249 0.00303562
0 0.358288 0.457791 0.473504 0.419714 0.00302785
0 0.425898 0.405616 0.686222 0.445548 0.0030199
0 0.683809 0.766107 0.632381 0.467785 0.00301322
0 0.178815 0.4232 0.35763 0.498618 0.00300436
0 0.996774 0.349357 0.00645183 0.289852 0.00298591
0 0.505341 0.35876 0.822921 0.530777 0.00296434
0 0.308157 0.604493 0.616313 0.527076 0.00295994
0 0.18854 0.623632 0.37708 0.505134 0.00294502
0 0.783039 0.380934 0.379737 0.366983 0.00294387
0 0.317474 0.762202 0.634947 0.475596 0.00292912
0 0.785246 0.433309 0.429508 0.373545 0.00290001
0 0.303531 0.802417 0.607061 0.395166 0.00288951
0 0.182078 0.517029 0.364156 0.504508 0.00288831
0 0.389099 0.307506 0.738429 0.50858 0.00286588
0 0.747231 0.818257 0.505538 0.363486 0.00286131
0 0.617683 0.764541 0.764634 0.470918 0.00285549
0 0.828578 0.382741 0.342843 0.298085 0.00285331
0 0.279885 0.497116 0.55977 0.410353 0.00284001
0 0.118129 0.842402 0.236259 0.315197 0.00283434
0 0.997719 0.925138 0.00456251 0.149724 0.00281367
0 0.40306 0.505494 0.680189 0.444712 0.00281312
0 0.117111 0.339808 0.234223 0.401543 0.00276539
0 0.206494 0.130333 0.412988 0.260666 0.00275373
0 0.201777 0.815828 0.403553 0.368345 0.00273581
0 0.561193 0.470083 0.395217 0.316141 0.00272802
0 0.159669 0.845555 0.319339 0.308889 0.00268011
0 1 0.0865645 0 0.173129 0.00266778
0 1 0.274725 0 0.197511 0.00265649
0 0.000468267 0.910279 0.000936533 0.179443 0.00265519
0 1 0.560728 0 0.201465 0.00264419
0 0.291262 0.858117 0.469411 0.283767 0.00263837
0 0.325893 0.430865 0.497813 0.324547 0.00263709
0 0.237234 0.70148 0.474468 0.59704 0.00262567
0 0.721532 0.142115 0.556937 0.284229 0.00262326
0 0.0564521 0.976628 0.112904 0.0467434 0.00262022
0 0.345136 0.761567 0.690272 0.476867 0.00261104
0 0.372259 0.85567 0.474228 0.288661 0.00260767
0 0.99998 0.496626 3.97674e-05 0.285249 0.00259889
0 0.489699 0.80056 0.722618 0.39888 0.00257568
0 1 0.523314 0 0.201287 0.00257344
0 0.999836 0.302465 0.000327524 0.281913 0.00256996
0 0.106285 0.374137 0.21257 0.317474 0.00254336
0 0.993595 0.396707 0.0128108 0.291751 0.00254317
0 1 0.598115 0 0.201976 0.00252697
0 0.34037 0.125213 0.662086 0.250426 0.00251356
0 0.617228 0.122739 0.704685 0.245478 0.00250932
0 0.99842 0.446948 0.00315992 0.291606 0.00249447
0 0.482916 0.123941 0.722181 0.247882 0.0024862
0 0.260666 0.90854 0.339866 0.18292 0.00247895
0 0.355832 0.70743 0.48361 0.314693 0.00247303
0 0.467342 0.402474 0.504584 0.297223 0.00246528
0 0.788737 0.312145 0.422526 0.235486 0.00246138
0 1 0.884323 0 0.231354 0.00245747
0 0.462809 0.274739 0.925617 0.549477 0.00245446
0 0.343643 0.320008 0.479361 0.301004 0.00244117
0 0.540379 0.855171 0.541697 0.289659 0.00243739
0 1 0.348135 0 0.202046 0.00242125
0 1 0.799044 0 0.19988 0.00240996
0 0.0780422 0.672598 0.156084 0.303142 0.00239424
0 0.673492 0.838472 0.566878 0.323056 0.00238692
0 0.329682 0.268096 0.659363 0.505697 0.00238242
0 0.850417 0.85745 0.299166 0.285099 0.00236766
0 0.332817 0.908304 0.336703 0.183393 0.00235796
0 1 0.63547 0 0.202414 0.00235372
0 1 0.772014 0 0.281977 0.00232164
0 1 0.485862 0 0.20134 0.00229675
0 0.512943 0.307244 0.489974 0.295183 0.00229245
0 0.594739 0.23607 0.810522 0.47214 0.00228701
0 0.088729 0.906818 0.177458 0.186365 0.00227285
0 0.642676 0.378836 0.56742 0.355003 0.00225915
0 0.167692 0.908215 0.335384 0.18357 0.00225646
0 0.403389 0.908043 0.342636 0.183914 0.00225551
0 0.0507197 0.935813 0.101439 0.128375 0.00223035
0 0.0622441 0.0974687 0.124488 0.194937 0.00222432
0 1 0.435882 0 0.201262 0.00222062
0 0.093638 0.329654 0.187276 0.328351 0.00221671
0 0.251794 0.218605 0.503589 0.437209 0.00220758
0 0.381774 0.242866 0.763549 0.485731 0.002186
0 0.356526 0.309316 0.402146 0.218232 0.00217528
0 0.790073 0.727382 0.419855 0.3381 0.002161
0 1 0.12956 0 0.246694 0.00215715
0 1 0.67299 0 0.202468 0.00214955
0 0.472452 0.687298 0.513702 0.403687 0.00214115
0 1 0.38548 0 0.202341 0.00213877
0 0.999923 0.546331 0.000153736 0.280382 0.00212562
0 0.766977 0.556178 0.466046 0.389254 0.00211943
0 0.801777 0.369417 0.264036 0.195002 0.00211891
0 0.99701 0.621929 0.00597955 0.278961 0.00210996
0 0.472086 0.907909 0.346027 0.184182 0.0021089
0 0.0977514 0.24935 0.195503 0.357503 0.00210619
0 0.0743133 0.605483 0.148627 0.321024 0.00209841
0 0.0789232 0.893168 0.157846 0.213664 0.00208399
0 0.62875 0.182615 0.742499 0.36523 0.00207268
0 0.00139199 0.0661631 0.00278397 0.132326 0.00206881
0 1 0.254979 0 0.278479 0.00205691
0 0.99984 0.719988 0.000319894 0.280591 0.00205612
0 0.0972599 0.279572 0.19452 0.311233 0.00203042
0 0.93876 0.898245 0.122481 0.203509 0.00202748
0 0.720203 0.575957 0.441698 0.294601 0.0020247
0 0.137339 0.714778 0.274679 0.312466 0.0020147
0 1 0.710549 0 0.202179 0.00198859
0 0.789066 0.85411 0.421869 0.29178 0.00198706
0 1 0.827291 0 0.283465 0.00197258
0 0.175604 0.16126 0.351207 0.312107 0.00196801
0 0.545365 0.908044 0.345573 0.183912 0.00195404
0 0.294332 0.485124 0.360186 0.179895 0.0019369
0 0.096379 0.197108 0.192758 0.337766 0.00193278
0 0.909437 0.104906 0.181127 0.209812 0.00190954
0 1 0.761106 0 0.201322 0.00190915
0 0.0870963 0.145128 0.174193 0.277018 0.00190231
0 0.947841 0.94065 0.104317 0.1187 0.00189145
0 0.567635 0 0.293975 0 0.00185744
0 0.68725 0.61855 0.426701 0.287395 0.00183312
0 0.512236 0.187118 0.942294 0.374236 0.00182819
0 0.342143 0.868177 0.428342 0.263646 0.00182298
0 0.633134 0.120555 0.504001 0.241109 0.00182008
0 0.661863 0.298161 0.445268 0.204443 0.00180654
0 0.144379 0.47055 0.288759 0.367082 0.00180585
0 0.616533 0.908251 0.346666 0.183498 0.00180219
0 1 0.111654 0 0.198731 0.00180011
0 0.838513 0.170854 0.322974 0.270168 0.00179883
0 0.577082 0.637185 0.264519 0.281454 0.00177424
0 0.331091 0.377168 0.483423 0.320085 0.00177288
0 0.445399 0.303333 0.379622 0.207966 0.00176837
0 0.692246 0.908585 0.356079 0.182831 0.00176711
0 0.351196 0.546315 0.438648 0.290835 0.00176234
0 0.424426 0.560176 0.468003 0.381091 0.00175592
0 0.420782 0.728208 0.544456 0.357502 0.00174043
0 0.176883 0.860782 0.353765 0.278437 0.00173365
0 0.360157 0.484772 0.312229 0.201301 0.00172923
0 0.845652 0.789946 0.308695 0.304122 0.00172776
0 0.67161 0.343932 0.398035 0.221153 0.00172768
0 0.33035 0.181408 0.660701 0.362816 0.00172753
0 0.637004 0 0.291146 0 0.00172278
0 0.153867 0.223433 0.307734 0.331284 0.00172097
0 0.756678 0.619788 0.389757 0.260984 0.00170881
0 0.497786 0 0.293133 0 0.00170685
0 1 0.201256 0 0.276192 0.00170156
0 0.908201 0.167485 0.183598 0.30923 0.00170103
0 0.120841 0.253415 0.241682 0.321023 0.00169801
0 0.402686 0.159607 0.805373 0.319214 0.00169472
0 0.0858095 0.555069 0.171619 0.334714 0.00169141
0 0.00206862 0.580744 0.00413724 0.272145 0.00168954
0 0.472782 0.490518 0.502281 0.332081 0.00167398
0 0.757169 0.908314 0.362864 0.183372 0.00167017
0 0.271049 0.443655 0.306092 0.249158 0.00166709
0 0.360735 0.583013 0.339807 0.321495 0.00166689
0 0.00196812 0.629269 0.00393625 0.268336 0.00165855
0 0.243181 0.869405 0.4177 0.26119 0.00165763
0 0.801445 0.121638 0.379865 0.224338 0.00164997
0 0.00178184 0.353679 0.00356368 0.267962 0.00164693
0 0.106631 0.521775 0.213262 0.356233 0.00163904
0 0.87478 0.266633 0.250441 0.305517 0.00163301
0 0.4095 0.630991 0.279497 0.307923 0.0016188
0 0.551428 0.275676 0.47064 0.199089 0.00160993
0 0.421333 0.664845 0.347668 0.380172 0.00160985
0 0.389179 0.834094 0.476834 0.31174 0.00160121
0 0.897388 0.212998 0.205224 0.322768 0.00159399
0 0.00188611 0.306339 0.00377221 0.272569 0.0015882
0 0.86964 0.872809 0.260721 0.254382 0.00158624
0 0.617641 0.277218 0.467259 0.179996 0.00158388
0 0.239042 0.145757 0.478084 0.291513 0.00158215
0 0.00199058 0.530294 0.00398116 0.269996 0.00157446
0 0.901129 0.80825 0.197742 0.320651 0.00157311
0 0.997511 0.290344 0.0049772 0.20327 0.00157223
0 0.605815 0.701073 0.53647 0.275491 0.00155908
0 0.53417 0.435975 0.575574 0.317031 0.00155269
0 0.708674 0 0.287766 0 0.0015403
0 0.00153868 0.401712 0.00307736 0.264352 0.00153956
0 0.370173 0.644916 0.426113 0.271284 0.00153784
0 0.899899 0.853982 0.200203 0.292036 0.00153016
0 0.249343 0.162279 0.498685 0.324557 0.00152071
0 0.495193 0.690993 0.501082 0.304424 0.00152027
0 0.00167842 0.676617 0.00335683 0.261588 0.00150282
0 0.839417 0.0970535 0.321165 0.186673 0.00150229
0 0.395054 0.465583 0.376999 0.236483 0.00150227
0 0.829053 0.248455 0.341894 0.0982104 0.00149711
0 0.495153 0.748705 0.606269 0.352234 0.00149634
0 0.174398 0.736937 0.348797 0.31438 0.00149205
0 0.545045 0.663877 0.333709 0.252184 0.0014877
0 0.706783 0.11484 0.442361 0.229681 0.00148653
0 0.910716 0.881337 0.178567 0.237326 0.00147256
0 0.379462 0.603938 0.291165 0.226958 0.00147032
0 0.731214 0.827216 0.537573 0.333694 0.00146955
0 0.932815 0.119988 0.134371 0.239977 0.00146584
0 0.818451 0.0889861 0.363097 0.177972 0.00145849
0 0.774661 0.341082 0.239552 0.264284 0.00145564
0 0.439968 0.866594 0.43084 0.266812 0.00145522
0 0.427109 0 0.293963 0 0.00144117
0 0.493183 0.832469 0.484944 0.313653 0.00144102
0 0.00191005 0.257251 0.00382009 0.272031 0.00143799
0 0.631005 0.746453 0.570477 0.338064 0.00143471
0 0.657095 0.581667 0.276903 0.171581 0.00142574
0 0.677018 0.859936 0.461519 0.26672 0.00142411
0 0.755165 0.662976 0.489669 0.291688 0.00142021
0 1 0.186816 0 0.198164 0.00141798
0 0.719762 0.747222 0.560476 0.338476 0.00141332
0 0.001712 0.480293 0.00342399 0.267858 0.00141158
0 0.544586 0.8616 0.432379 0.25834 0.00140555
0 0.640832 0.559627 0.179928 0.132555 0.976419
0 0.592584 0.00306916 0.310634 0.00613832 0.0162963
0 0.527234 0.00297623 0.30914 0.00595245 0.0120449
0 0.659328 0.00286288 0.307957 0.00572575 0.0113162
0 0.455442 0.00281376 0.307989 0.00562751 0.00683397
0 0.641353 0.623247 0.242151 0.220903 0.00444792
0 0.514271 0.441842 0.722822 0.402817 0.00432468
0 0.510474 0.635513 0.387054 0.241155 0.00427325
0 0.608106 0.598707 0.278342 0.228864 0.00414451
0 0.778236 0.642857 0.27365 0.170617 0.00411192
0 0.556635 0.613714 0.313186 0.231733 0.00403164
0 0.627961 0.474517 0.576689 0.305598 0.00378491
0 0.733114 0.00236169 0.302266 0.00472338 0.00376352
0 0.694516 0.643268 0.287333 0.16437 0.00373433
0 0.413647 0.575837 0.612766 0.318766 0.00370191
0 0.696095 0.34834 0.60781 0.518509 0.00364817
0 0.572962 0.409291 0.854076 0.546372 0.00356845
0 0.569016 0.706588 0.580835 0.365672 0.00353372
0 0.179579 0.583069 0.359158 0.334378 0.00346203
0 0.45849 0.487597 0.575789 0.350628 0.00344997
0 0.135965 0.97418 0.27193 0.0516397 0.00337995
0 0.574729 0.0150804 0.367552 0.0301607 0.00337289
0 0.362037 0.641564 0.394414 0.234781 0.00337126
0 0.463969 0.713087 0.66649 0.451273 0.00336515
0 0.635591 0.404536 0.728818 0.48776 0.00336184
0 0.176051 0.376692 0.352103 0.348739 0.00332296
0 0.387356 0.612383 0.417934 0.24508 0.00327786
0 0.135177 0.905562 0.270354 0.188876 0.00325465
0 0.916126 0.365612 0.167748 0.309784 0.00322372
0 0.900245 0.928811 0.19951 0.142379 0.00318774
0 0.778896 0.410357 0.442208 0.35395 0.0031824
0 0.868641 0.308984 0.262718 0.384591 0.00316428
0 0.768641 0.614781 0.268512 0.201562 0.00312148
0 0.865079 0.620476 0.269843 0.178445 0.00312137
0 0.859573 0.656849 0.280855 0.151112 0.00312096
0 0.835305 0.261377 0.329389 0.404708 0.00310776
0 0.814473 0.815997 0.371054 0.368006 0.00309849
0 0.762348 0.710021 0.475304 0.403373 0.00308012
0 0.389796 0.00255953 0.305611 0.00511907 0.00307655
0 0 0.0611783 0 0.122357 0.003058
0 0.182658 0.498421 0.365315 0.406273 0.00297432
0 0.933582 0.418204 0.132837 0.242771 0.00296566
0 0.885449 0.87953 0.229102 0.240941 0.00296112
0 0.776427 0.584062 0.304424 0.207643 0.00288826
0 0.874819 0.588165 0.250363 0.1994 0.00288438
0 0.615517 0.498974 0.267366 0.248856 0.00287986
0 0.666067 0.973385 0.28278 0.0532291 0.00287203
0 0.896276 0.481784 0.207448 0.210072 0.00286696
0 0.174079 0.428924 0.342081 0.306007 0.00285759
0 0.847624 0.935552 0.304753 0.128897 0.00285164
0 0.195555 0.3271 0.39111 0.423278 0.00284033
0 0.933596 0.467663 0.132808 0.216404 0.00283853
0 0.797879 0.131404 0.404242 0.262809 0.00282622
0 0.835745 0.0956491 0.328511 0.191298 0.0028229
0 0.748316 0.974569 0.290431 0.0508621 0.00282245
0 0.692513 0.733537 0.614974 0.532927 0.00282161
0 0.507855 0.0148948 0.374512 0.0297896 0.00281671
0 0.809299 0.76096 0.381403 0.412616 0.00281531
0 0.535228 0.974749 0.29909 0.0505012 0.00280055
0 0.906356 0.0840207 0.187288 0.168041 0.00279718
0 0.836745 0.486718 0.32651 0.227386 0.00279347
0 0.60647 0.973469 0.288971 0.0530623 0.00278574
0 0.869385 0.170746 0.26123 0.33359 0.00278246
0 0.912101 0.1069 0.175797 0.213799 0.0027802
0 0.916242 0.613521 0.167515 0.187097 0.00277943
0 0.773459 0.159386 0.453082 0.318772 0.00277249
0 0.923325 0.571456 0.15335 0.201025 0.00276439
0 0.778162 0.355231 0.443676 0.428196 0.0027523
0 0.134884 0.0852252 0.269768 0.17045 0.00275098
0 0.725457 0.254115 0.549087 0.50823 0.00274639
0 0.640213 0.0137586 0.367502 0.0275172 0.00274616
0 0.456419 0.97533 0.304048 0.0493408 0.00274226
0 0.880769 0.723869 0.238461 0.273054 0.00273621
0 0.930696 0.52056 0.138607 0.196537 0.00273583
0 0.887527 0.534207 0.224945 0.177552 0.00273533
0 0.619918 0.550612 0.232047 0.156496 0.00273317
0 0.985517 0.0116886 0.0289657 0.0233772 0.00272399
0 0.86788 0.42824 0.264241 0.268818 0.0027205
0 0.599223 0.732737 0.801555 0.534525 0.00271725
0 0.832608 0.973632 0.312131 0.0527356 0.00270326
0 0.23099 0.975212 0.313407 0.0495757 0.00270247
0 0.305174 0.976008 0.286778 0.0479836 0.00268475
0 0.913537 0.657564 0.172926 0.179912 0.00267264
0 0.373288 0.97562 0.294763 0.04876 0.00266869
0 0.723971 0.790553 0.552057 0.418895 0.00264874
0 0.784509 0.537466 0.30928 0.173055 0.00264269
0 0.888677 0.972171 0.222647 0.0556587 0.0026213
0 0.725031 0.142517 0.549937 0.285034 0.00260462
0 0.395884 0.514938 0.539101 0.427839 0.00257761
0 0.880155 0.142343 0.239689 0.284685 0.00257533
0 0.144984 0.128784 0.289968 0.257568 0.00256575
0 0.256082 0.576668 0.353707 0.33362 0.00256455
0 0.124603 0.401281 0.239334 0.25989 0.00255188
0 0.755508 0.952098 0.304825 0.095804 0.00254569
0 0.777495 0.104623 0.445009 0.209246 0.00252954
0 0.812882 0.853867 0.374235 0.292266 0.00252276
0 0.669745 0.952951 0.284299 0.0940975 0.00251149
0 0.303413 0.631641 0.332078 0.248705 0.0025083
0 0.811442 0.740683 0.377116 0.338924 0.00250577
0 0.688684 0.607109 0.265619 0.215961 0.00249673
0 0.246211 0.93998 0.277039 0.12004 0.00248422
0 0.746304 0.389224 0.145824 0.120779 0.0024829
0 0.356241 0.714744 0.517155 0.44055 0.00247429
0 0.610978 0.94953 0.292608 0.100941 0.0024693
0 0.68932 0.526947 0.265681 0.193193 0.00245551
0 0.0714395 0.0658981 0.142879 0.131796 0.00244486
0 0.649757 0.51099 0.209682 0.231816 0.00243442
0 0.627172 0.309766 0.745657 0.569822 0.00242509
0 0.191195 0.724683 0.38239 0.444808 0.00241193
0 0.539864 0.945955 0.305809 0.108089 0.00238896
0 0.718087 0.200623 0.563827 0.401245 0.0023643
0 0.71993 0.509842 0.364094 0.223749 0.00236049
0 0.0951542 0.634925 0.179003 0.280446 0.00235864
0 0.304987 0.293569 0.609974 0.51461 0.00235414
0 0.42698 0.304888 0.853961 0.54385 0.00234655
0 0.318394 0.945748 0.255413 0.108504 0.0023409
0 0.881326 0.00305014 0.237348 0.00610028 0.00233172
0 0.448397 0.734938 0.896793 0.530124 0.00232218
0 0.458993 0.941053 0.306022 0.117895 0.00232131
0 0.606961 0.632839 0.163035 0.178995 0.00231231
0 0.252462 0.381722 0.440689 0.37187 0.00230288
0 0.124659 0.655752 0.237817 0.268359 0.00227833
0 0.235855 0.430769 0.371155 0.328171 0.0022764
0 0.376641 0.943693 0.283482 0.112613 0.00227609
0 0.0484762 0.421544 0.0969524 0.158953 0.00227414
0 0.419139 0.407417 0.584759 0.441091 0.00225971
0 0.0496062 0.621746 0.0992123 0.159506 0.00225886
0 0.0486639 0.469882 0.0973278 0.151842 0.00222279
0 0.263001 0.447538 0.249502 0.14948 0.00220642
0 0.0484925 0.572154 0.0969851 0.155492 0.00220402
0 0.0498521 0.37671 0.0997042 0.163153 0.00218775
0 0.166327 0.0017055 0.312285 0.003411 0.0021817
0 0.248682 0.529325 0.490932 0.417004 0.00216774
0 0.0498522 0.667529 0.0997043 0.158558 0.0021636
0 0.17436 0.206214 0.348719 0.408027 0.00213473
0 0.749862 0.83581 0.500277 0.328381 0.00213462
0 0.0471287 0.521541 0.0942574 0.154975 0.0021279
0 0.779638 0.375465 0.210983 0.14803 0.00211999
0 0.271004 0.710724 0.542007 0.432166 0.00211629
0 0.0714436 0.169751 0.142887 0.161072 0.00211081
0 0.528536 0.272133 0.942334 0.544267 0.00210976
0 0.146041 0.374687 0.292082 0.289129 0.00210514
0 0.152085 0.864154 0.304171 0.271693 0.00209763
0 0.653172 0.233924 0.693656 0.467849 0.00208954
0 0.441346 0.363116 0.743103 0.470332 0.00207915
0 0.0490173 0.716846 0.0980347 0.154394 0.00207061
0 0.0852139 0.598078 0.163983 0.287302 0.00206811
0 0.00283037 0.95589 0.00566073 0.0882211 0.00206685
0 0.594052 0.101662 0.442434 0.203324 0.00205602
0 0.458126 0.103746 0.43774 0.207491 0.0020348
0 0.05914 0.220865 0.11828 0.155228 0.00203469
0 0.0481018 0.323662 0.0962037 0.157851 0.00202922
0 0.0648539 0.974145 0.129708 0.0517101 0.0020227
0 0.0779506 0.119384 0.155901 0.156185 0.00200304
0 0.880568 0.89589 0.238864 0.20822 0.00199092
0 0.1482 0.264158 0.2964 0.33293 0.00198281
0 0.0504814 0.273709 0.100963 0.158974 0.00197041
0 0.184312 0.824344 0.368624 0.351313 0.00196713
0 0.121207 0.347045 0.23926 0.275647 0.00196659
0 0.153004 0.76327 0.306008 0.365992 0.00195717
0 0.633465 0.791683 0.733071 0.416633 0.00194788
0 0.809078 0.00191692 0.297643 0.00383384 0.00194681
0 0.0486591 0.769827 0.0973182 0.154867 0.00194319
0 0.271789 0.630102 0.265034 0.177295 0.00193546
0 0.431026 0.861598 0.603117 0.276805 0.00193463
0 0.455639 0.217764 0.887252 0.435529 0.00193172
0 0.438394 0.0165519 0.369111 0.0331038 0.0019223
0 0.242456 0.210401 0.484911 0.41181 0.00192208
0 0.511495 0.845209 0.721299 0.309583 0.00191997
0 0.892538 0.0575788 0.214923 0.115158 0.00191089
0 0.323802 0.893959 0.478272 0.212083 0.00190329
0 0.0674065 0.885698 0.134813 0.174306 0.00190298
0 0.0503977 0.820341 0.100795 0.152347 0.00190214
0 0.145552 0.21003 0.291104 0.30969 0.00190082
0 0.473561 0.146346 0.749976 0.292692 0.00187301
0 0.643643 0.850898 0.712714 0.298204 0.00186491
0 0.321696 0.108026 0.461971 0.216051 0.00184937
0 0.242379 0.921371 0.417861 0.157257 0.00184115
0 0.525714 0.792554 0.930514 0.414892 0.00182793
0 0.228677 0.773169 0.457354 0.453662 0.00181655
0 0.306125 0.496697 0.481822 0.441782 0.00181111
0 0.143846 0.931785 0.287693 0.136429 0.00179944
0 0.317907 0.0022036 0.304574 0.0044072 0.0017639
0 0.617491 0.143491 0.748723 0.286982 0.00175853
0 0.374765 0.154299 0.74953 0.308598 0.00175798
0 0.411166 0.797443 0.822332 0.405114 0.00174562
0 0.2544 0.103582 0.446998 0.207164 0.00174244
0 0.134539 0.578019 0.269077 0.277327 0.00172061
0 0.678413 0.174868 0.643173 0.349737 0.0017155
0 0.330829 0.376871 0.429262 0.430934 0.00170416
0 0.611464 0.209712 0.777071 0.419425 0.00169392
0 0.193014 0.0966443 0.386029 0.193289 0.00168013
0 0.00051414 0.914685 0.00102828 0.170631 0.00167475
0 0.122741 0.619404 0.245482 0.25483 0.00164553
0 0.453174 0.339779 0.207896 0.0578842 0.00163819
0 0.282931 0.824939 0.565862 0.350123 0.00163224
0 0.296846 0.429777 0.366533 0.343851 0.00162675
0 0.24456 0.00214667 0.298471 0.00429334 0.00161544
0 0.12446 0.0023176 0.248921 0.0046352 0.00161395
0 0.0593594 0.915287 0.118719 0.169425 0.00161333
0 0.982972 0.963047 0.0340569 0.0739063 0.00159925
0 0.131278 0.521687 0.262555 0.27535 0.00159721
0 0.356038 0.203927 0.712077 0.407855 0.00159328
0 0.126153 0.460486 0.252306 0.240278 0.00158265
0 0.379673 0.636816 0.282499 0.161949 0.00158137
0 0.719303 0.099303 0.35016 0.190309 0.00158053
0 0.744293 0.408962 0.131631 0.0714763 0.00157425
0 0.709217 0.0158533 0.381501 0.0317065 0.00157402
0 0.330998 0.768639 0.661995 0.462721 0.0015508
0 0.831727 0.598635 0.336546 0.245143 0.00153671
0 0.743582 0.427608 0.132036 0.0377644 0.00152925
0 0.767808 0.113443 0.280531 0.219328 0.00149426
0 0.133178 0.713331 0.266355 0.306666 0.00149062
0 0.811509 0.397083 0.296259 0.20298 0.00148785
0 0.808175 0.308596 0.38365 0.353308 0.00148182
0 0.165112 0.12524 0.330224 0.25048 0.00147199
0 0.828934 0.799625 0.342131 0.204053 0.00146155
0 0.421194 0.615404 0.241102 0.20843 0.00145387
0 0.166001 0.0307935 0.332003 0.0615869 0.00142449
0 0.250187 0.464531 0.222303 0.111167 0.00142152
0 0.803337 0.349923 0.298785 0.229565 0.00140353
0 0.844898 0.285745 0.310203 0.297892 0.00138876
0 0.0844233 0.91099 0.168847 0.17802 0.00138164
0 0.837634 0.884049 0.324732 0.231902 0.0013645
0 0.841015 0.42341 0.31797 0.23178 0.00136119
0 0.657064 0.945904 0.339318 0.108191 0.00134633
0 0.880279 0.308003 0.239442 0.291716 0.00133188
0 0.822225 0.330022 0.35555 0.244395 0.00132495
0 0.713982 0.592871 0.270906 0.114623 0.0013125
0 0.332517 0.402218 0.470296 0.275674 0.00131004
0 0.0591592 0.939667 0.118318 0.120666 0.00130729
0 0.389281 0.568122 0.28625 0.153121 0.00130575
0 0.851108 0.0624693 0.297784 0.124939 0.0012932
0 0.791737 0.0814205 0.264311 0.162841 0.00129216
0 0.267204 0.157531 0.534409 0.315062 0.00128558
0 0.444535 0.482582 0.183662 0.0782967 0.00128071
0 0.473495 0.529533 0.339664 0.195209 0.00127395
0 0.282717 0.192022 0.272962 0.15471 0.00125758
0 0.912909 0.00575638 0.174181 0.0115128 0.00125367
0 0.936055 0.0940456 0.12789 0.188091 0.00125198
0 0.626739 0.655315 0.204258 0.130311 0.00125168
0 0.497538 0.000654685 0.251307 0.00130937 0.00124192
0 0.118096 0.554146 0.232707 0.280794 0.00123778
0 0.557604 0.161944 0.2052 0.161975 0.00123667
0 0.311583 0.163806 0.375476 0.207424 0.00123464
0 0.407265 0.372295 0.3257 0.220207 0.00123218
0 0.522218 0.773642 0.383451 0.161286 0.00122863
0 0.550249 0.000668547 0.252904 0.00133709 0.00120486
0 1 0.0905689 0 0.181138 0.00120311
0 0.854774 0.913855 0.290452 0.17229 0.00119943
0 0.659489 0.343443 0.426269 0.202767 0.00119933
0 0.809358 0.562655 0.381285 0.263621 0.00119457
0 0.584672 0.933206 0.322312 0.133587 0.00118494
0 0.603082 0.000654891 0.252526 0.00130978 0.00118071
0 0.251239 0.518731 0.224411 0.125746 0.00117648
0 0.706639 0.545965 0.322112 0.12201 0.0011683
0 0.75673 0.837386 0.405655 0.253791 0.00115497
0 0.0840767 0.00366257 0.168153 0.00732514 0.00115437
0 0.575764 0.151804 0.260116 0.185861 0.00115073
0 0.285347 0.109993 0.274564 0.116594 0.00114416
0 0.373304 0.0236518 0.367114 0.0473036 0.00114367
0 0.47541 0.563635 0.289728 0.137098 0.00113403
0 0.406989 0.520532 0.248081 0.129496 0.00113255
0 0.855206 0.0831169 0.289588 0.166234 0.00112715
0 0.418372 0.522841 0.276888 0.197868 0.00112675
0 0.820849 0.034292 0.358301 0.068584 0.0011184
0 0.513404 0.931923 0.323674 0.136154 0.00111811
0 0.745416 0.0240005 0.378652 0.048001 0.00111755
0 0.215876 0.634699 0.157186 0.170627 0.00110763
0 0.812168 0.529364 0.172387 0.15282 0.00110718
0 0.259681 0.0977787 0.233012 0.121496 0.00110512
0 0.216598 0.442934 0.158442 0.159116 0.00110028
0 0.815896 0.193856 0.368207 0.243115 0.00109562
0 0.199408 0.146571 0.351538 0.233382 0.0010951
0 0.470445 0.629479 0.26802 0.184541 0.00109258
0 0.4475 0.321976 0.218155 0.0956997 0.00109184
0 0.472171 0.804936 0.401868 0.178097 0.00108638
0 0.638751 0.369641 0.371379 0.130755 0.0010811
0 0.24664 0.331656 0.215481 0.0742145 0.00108097
0 0.00174945 0.0616248 0.00349889 0.12325 0.00108064
0 0.773626 0.65589 0.301261 0.128471 0.00108057
0 0.280006 0.843437 0.409192 0.261775 0.00107411
0 0.303124 0.94099 0.339881 0.118021 0.00107369
0 0.565682 0.128458 0.380514 0.225799 0.00107299
0 0.837157 0.451712 0.29783 0.153335 0.0010728
0 0.235629 0.491501 0.194529 0.079301 0.00107278
0 0.651248 0.667262 0.255901 0.10383 0.00106703
0 0.840311 0.245727 0.319379 0.201156 0.00106603
0 0.852746 0.217463 0.294509 0.169337 0.00106103
0 0.587992 0.773118 0.328224 0.146412 0.00105904
0 0.588896 0.651765 0.132375 0.135467 0.00105903
0 0.31949 0.805076 0.398842 0.181042 0.00105504
0 0.283854 0.245954 0.277272 0.195976 0.00105342
0 0.342681 0.443337 0.489971 0.206132 0.00104928
0 0.691378 0.934624 0.325736 0.130752 0.00104889
0 0.293749 0.539502 0.313068 0.15299 0.00104871
0 0.523709 0.193288 0.259261 0.109098 0.00104783
0 0.378565 0.546974 0.359331 0.131833 0.00104778
0 0.265319 0.277195 0.250511 0.19053 0.00104663
0 0.444169 0.00062618 0.252332 0.00125236 0.00104514
0 0.64001 0.560031 0.178079 0.130903 0.983187
0 0.330873 0.209475 0.122144 0.101165 0.0325846
0 0.212349 0.487274 0.151445 0.0650248 0.0138957
0 0.731226 0.395149 0.111554 0.103187 0.00962556
0 0.199205 0.201263 0.110572 0.121837 0.00843419
0 0.718825 0.108306 0.129385 0.099014 0.00805532
0 0.536853 0.17134 0.203795 0.147116 0.00423683
0 0.736822 0.413051 0.122434 0.0756842 0.00409631
0 0.481396 0.145193 0.294132 0.203047 0.00402133
0 0.357827 0.196103 0.179878 0.128119 0.00395728
0 0.526236 0.160634 0.27203 0.171353 0.00382294
0 0.74669 0.387476 0.142643 0.125645 0.00338387
0 0.774815 0.814287 0.366963 0.20013 0.00330088
0 0.692129 0.199806 0.112129 0.0939093 0.00326139
0 0.710898 0.811099 0.358288 0.198584 0.00312297
0 0.214076 0.187459 0.148991 0.152007 0.00307705
0 0.133742 0.886499 0.260361 0.223295 0.00304628
0 0.131094 0.782424 0.262188 0.282916 0.0030364
0 0.834503 0.809137 0.330994 0.189929 0.00303058
0 0.267892 0.524931 0.165739 0.0875945 0.00302882
0 0.424228 0.808486 0.364703 0.204088 0.00302116
0 0.502267 0.804478 0.35297 0.189835 0.00301834
0 0.340595 0.8228 0.404029 0.247158 0.00299218
0 0.644758 0.808065 0.356312 0.195849 0.00297955
0 0.57594 0.805572 0.352461 0.190766 0.00291179
0 0.252191 0.756279 0.288907 0.205042 0.00289402
0 0.124464 0.149427 0.248299 0.234557 0.00286231
0 0.204561 0.882331 0.409122 0.235338 0.00268539
0 0.242125 0.832732 0.469247 0.302312 0.00266296
0 0.903634 0.969847 0.192732 0.0603064 0.00258736
0 0.83115 0.87488 0.331892 0.25024 0.0025854
0 0.860351 0.216984 0.279298 0.210131 0.00256849
0 0.254688 0.624836 0.219621 0.188577 0.00256531
0 0.0981392 0.735894 0.196278 0.294658 0.00256301
0 0.862381 0.164982 0.275238 0.271441 0.00252213
0 0.66611 0.130621 0.346971 0.261242 0.00249351
0 0.781158 0.88551 0.437685 0.228979 0.00248646
0 0.179997 0.862854 0.359993 0.274291 0.00246333
0 0.646388 0.880888 0.53866 0.238224 0.00246087
0 0.578576 0.131165 0.393461 0.26233 0.00244643
0 0.844931 0.960333 0.306822 0.0793343 0.00242891
0 0.812631 0.130241 0.329183 0.246889 0.00242583
0 0.623732 0.55293 0.227121 0.158901 0.00241664
0 0.441118 0.342572 0.189136 0.0504679 0.00241604
0 0.813066 0.914468 0.373867 0.171064 0.00240826
0 0.930408 0.453552 0.139184 0.204971 0.00240407
0 0.931099 0.503309 0.137803 0.204144 0.00240259
0 0.208406 0.649274 0.133324 0.13651 0.0023923
0 0.2921 0.880444 0.536298 0.239112 0.00238442
0 0.735921 0.127776 0.312206 0.253267 0.00237999
0 0.931421 0.403576 0.137159 0.201897 0.00237978
0 0.864933 0.117929 0.270134 0.224256 0.00237248
0 0.50583 0.880604 0.535247 0.238792 0.00236584
0 0.322637 0.530361 0.189972 0.0793882 0.00235947
0 0.321859 0.188546 0.150412 0.146427 0.00235456
0 0.930879 0.553912 0.138242 0.205237 0.00235356
0 0.759186 0.867941 0.481627 0.264118 0.00233937
0 0.931555 0.604115 0.136891 0.202484 0.00233404
0 0.929767 0.211453 0.140466 0.205318 0.00233229
0 0.623993 0.507004 0.240274 0.229054 0.00229967
0 0.113727 0.658873 0.157093 0.224362 0.00229389
0 0.931657 0.354278 0.136685 0.199925 0.00228305
0 0.933593 0.653668 0.132815 0.197257 0.00227824
0 0.0901803 0.067105 0.180361 0.13421 0.00225487
0 0.347678 0.136664 0.275025 0.243165 0.00225236
0 0.457748 0.142871 0.320753 0.25939 0.0022471
0 0.900681 0.920695 0.198639 0.158611 0.00222394
0 0.243836 0.517177 0.177589 0.102329 0.00222241
0 0.62332 0.86751 0.491893 0.26498 0.00221009
0 0.932428 0.260388 0.135145 0.220724 0.00220701
0 0.283538 0.536621 0.167357 0.0667741 0.0021952
0 0.931732 0.307105 0.136536 0.19307 0.0021853
0 0.230217 0.134623 0.305433 0.25831 0.00217057
0 0.148191 0.820233 0.296382 0.348055 0.00215527
0 0.850414 0.896265 0.268359 0.201183 0.00215434
0 0.1643 0.649241 0.264383 0.167527 0.00214975
0 0.480791 0.866982 0.492238 0.266036 0.00214808
0 0.661008 0.49478 0.271838 0.216252 0.00213928
0 0.933417 0.706319 0.133165 0.193251 0.00213596
0 0.829608 0.0831692 0.258351 0.166338 0.0021313
0 0.166861 0.154459 0.292088 0.249424 0.0021067
0 0.223927 0.477628 0.168713 0.0873156 0.0021014
0 0.351058 0.755685 0.231691 0.1916 0.00209863
0 0.884971 0.0821451 0.230059 0.16429 0.00206778
0 0.391676 0.143725 0.281957 0.241631 0.00205932
0 0.701271 0.764762 0.278784 0.171795 0.00205455
0 0.748937 0.108835 0.197569 0.100761 0.00205285
0 0.929519 0.797772 0.140961 0.178002 0.00203837
0 0.110755 0.760058 0.22151 0.2667 0.00203722
0 0.759632 0.765612 0.2819 0.169298 0.00202489
0 0.91324 0.894172 0.173521 0.211656 0.00202155
0 0.113613 0.812766 0.227226 0.290995 0.00201842
0 0.185012 0.128338 0.292231 0.256675 0.00201139
0 0.100769 0.710477 0.201539 0.23901 0.00200986
0 0.518305 0.213004 0.348007 0.277011 0.00200426
0 0.549655 0.192653 0.144742 0.102877 0.00200403
0 0.465714 0.339039 0.223321 0.0578466 0.00200237
0 0.510749 0.336301 0.269882 0.0637801 0.00200156
0 0.789696 0.212569 0.34455 0.181844 0.00200031
0 0.515139 0.143596 0.330212 0.270714 0.00199922
0 0.761337 0.0829865 0.248212 0.165973 0.00199496
0 0.416483 0.758614 0.231767 0.183489 0.00199333
0 0.299525 0.140534 0.112797 0.0396671 0.00198415
0 0.906981 0.864008 0.186037 0.218225 0.0019819
0 0.455122 0.167274 0.239384 0.165803 0.00197792
0 0.634762 0.763752 0.275795 0.173556 0.00197285
0 0.166096 0.914226 0.332191 0.171548 0.00196921
0 0.342884 0.207391 0.238819 0.139232 0.0019647
0 0.836318 0.764192 0.285356 0.170755 0.00196262
0 0.931907 0.753852 0.136187 0.182839 0.00195045
0 0.389084 0.616086 0.270945 0.205406 0.00194885
0 0.399052 0.198673 0.277836 0.166573 0.00194115
0 0.93468 0.106551 0.13064 0.200315 0.00193405
0 0.396579 0.893573 0.491102 0.212855 0.00193227
0 0.61665 0.599492 0.235876 0.245598 0.00191987
0 0.135633 0.953576 0.271267 0.0928485 0.00191329
0 0.140861 0.613667 0.202306 0.21563 0.00191312
0 0.144309 0.885534 0.288619 0.228931 0.00189109
0 0.114821 0.857587 0.229642 0.284825 0.00188901
0 0.32002 0.275598 0.263571 0.17823 0.00188299
0 0.168336 0.212108 0.2855 0.198102 0.00188175
0 0.089814 0.657716 0.179628 0.211989 0.00187855
0 0.337545 0.624542 0.278637 0.188704 0.00187682
0 0.679453 0.726707 0.301097 0.174763 0.00187387
0 0.584783 0.722034 0.306494 0.175848 0.00186566
0 0.0840747 0.612799 0.168149 0.187798 0.00185584
0 0.493915 0.7321 0.31023 0.174112 0.0018509
0 0.0974653 0.170267 0.191159 0.232496 0.00184667
0 0.884252 0.463862 0.231496 0.193891 0.00184616
0 0.161787 0.826322 0.323574 0.339571 0.00184481
0 0.133722 0.201049 0.23943 0.255129 0.00184317
0 0.0755571 0.564703 0.151114 0.164648 0.00184266
0 0.595274 0.217507 0.338545 0.220529 0.00184207
0 0.886257 0.512333 0.227486 0.191791 0.00184071
0 0.494541 0.762564 0.257544 0.174718 0.00182986
0 0.469687 0.196785 0.322721 0.240718 0.00182894
0 0.505329 0.547196 0.320183 0.159695 0.00182833
0 0.573341 0.763189 0.272075 0.172647 0.00182139
0 0.433467 0.631087 0.278557 0.176126 0.00181816
0 0.226402 0.632819 0.166501 0.168597 0.00181401
0 0.0966697 0.737018 0.193339 0.304318 0.00181378
0 0.884418 0.562945 0.231164 0.193639 0.00181189
0 0.382897 0.73858 0.268627 0.182373 0.00180391
0 0.697832 0.0803975 0.249347 0.160795 0.00179168
0 0.0902698 0.965478 0.18054 0.0690445 0.00179115
0 0.886422 0.612835 0.227156 0.188114 0.00179045
0 0.219031 0.362664 0.155252 0.110124 0.00178792
0 0.687255 0.218783 0.31418 0.178352 0.00178576
0 0.936814 0.157365 0.126371 0.230266 0.00178004
0 0.151224 0.26404 0.257682 0.220332 0.00177355
0 0.887264 0.412046 0.225473 0.190168 0.00177195
0 0.327972 0.862578 0.501989 0.274844 0.00176541
0 0.688978 0.61602 0.26695 0.193498 0.001761
0 0.894547 0.661294 0.210906 0.179218 0.00175056
0 0.885537 0.363516 0.228927 0.188847 0.00174858
0 0.843138 0.314636 0.313725 0.193193 0.00174451
0 0.17325 0.582824 0.258566 0.213911 0.0017322
0 0.334781 0.229102 0.119188 0.0663604 0.00173137
0 0.44185 0.31056 0.285601 0.183625 0.00172845
0 0.743922 0.728201 0.304439 0.177139 0.00172395
0 0.882922 0.315708 0.234155 0.18265 0.00172079
0 0.550578 0.606796 0.288931 0.21418 0.00171936
0 0.307644 0.741756 0.268029 0.186154 0.00171268
0 0.0556425 0.515055 0.111285 0.151652 0.00171062
0 0.106107 0.111651 0.212213 0.189657 0.00170995
0 0.175919 0.369245 0.291243 0.174835 0.0017072
0 0.180175 0.517009 0.280673 0.17085 0.00170504
0 0.893663 0.718054 0.212675 0.178586 0.00170072
0 0.50195 0.268603 0.299908 0.215362 0.00169888
0 0.497836 0.476923 0.336228 0.196172 0.00169535
0 0.609053 0.640249 0.258603 0.194022 0.00169219
0 0.415297 0.372666 0.337965 0.184407 0.00169134
0 0.0787814 0.681328 0.157563 0.275106 0.00168943
0 0.410605 0.0744484 0.265152 0.148897 0.00168883
0 0.107144 0.93113 0.214288 0.13774 0.00168768
0 0.0609885 0 0.114567 0 0.0016832
0 0.263075 0.0759566 0.244167 0.151913 0.00168257
0 0.707307 0.663262 0.265054 0.166872 0.00168192
0 0.772081 0.26769 0.298835 0.180862 0.00168178
0 0.803472 0.517489 0.310937 0.190712 0.00168162
0 0.648962 0.654792 0.213378 0.190628 0.00168127
0 0.324102 0.373765 0.319524 0.18054 0.00168008
0 0.099508 0.159457 0.199016 0.22668 0.00167527
0 0.68795 0.556418 0.261633 0.155294 0.00167411
0 0.488584 0.0737863 0.264696 0.147573 0.00167206
0 0.760357 0.335772 0.176223 0.0659428 0.00166971
0 0.910202 0.0789507 0.179597 0.157901 0.00166802
0 0.879129 0.261287 0.241742 0.23518 0.00166622
0 0.764529 0.317172 0.294291 0.182264 0.0016647
0 0.893273 0.762097 0.213453 0.165884 0.00165544
0 0.828294 0.723723 0.292597 0.185427 0.00165232
0 0.562342 0.564478 0.271573 0.174774 0.00165079
0 0.0785243 0.264075 0.157049 0.181363 0.00163995
0 0.819238 0.472285 0.319171 0.193522 0.00163774
0 0.0948254 0.213272 0.189651 0.197359 0.00163484
0 0.833483 0.366666 0.315239 0.191044 0.00162552
0 0.33236 0.0789357 0.241724 0.157871 0.00162372
0 0.076594 0.625351 0.153188 0.234071 0.00161957
0 0.0590317 0.31519 0.118063 0.162223 0.00161539
0 0.62959 0.369482 0.32963 0.181971 0.00161292
0 0.473348 0.417172 0.304668 0.19785 0.00161059
0 0.551154 0.418754 0.318512 0.191713 0.00160736
0 0.172552 0.311063 0.272262 0.185628 0.00160524
0 0.315202 0.52097 0.284056 0.170219 0.0016046
0 0.560467 0.0744786 0.267279 0.148957 0.00160107
0 0.138538 0.124229 0.277076 0.248458 0.00160073
0 0.544725 0.37089 0.327436 0.185117 0.0015989
0 0.545146 0.647337 0.272317 0.173601 0.00158848
0 0.645496 0.4191 0.315685 0.180295 0.00158843
0 0.384736 0.868083 0.528256 0.263834 0.0015876
0 0.597439 0.663887 0.13754 0.109936 0.00158531
0 0.775604 0.15306 0.330401 0.306119 0.00158357
0 0.306131 0.59352 0.286785 0.209834 0.00157898
0 0.708743 0.416307 0.304662 0.178957 0.00157873
0 0.312334 0.42152 0.294432 0.189997 0.0015775
0 0.699151 0.367812 0.317139 0.180307 0.00157213
0 0.349007 0.526081 0.179696 0.0860346 0.00156467
0 0.337499 0.30993 0.261479 0.196999 0.00156029
0 0.243808 0.449945 0.208961 0.108861 0.00156021
0 0.0453951 0.365231 0.0907901 0.157894 0.00155888
0 0.626128 0.0760522 0.24482 0.152104 0.00155856
0 0.836417 0.662209 0.281063 0.178972 0.00155638
0 0.405548 0.467482 0.326748 0.188661 0.0015545
0 0.173618 0.415049 0.282469 0.172298 0.0015541
0 0.415685 0.516337 0.319113 0.179436 0.00155215
0 0.0433224 0.415724 0.0866447 0.152321 0.00155154
0 0.761182 0.367508 0.308519 0.183089 0.00155071
0 0.810792 0.565292 0.33672 0.188447 0.00154931
0 0.627384 0.665727 0.186074 0.106536 0.00154911
0 0.0453039 0.46639 0.0906079 0.150564 0.00154547
0 0.178927 0.460992 0.271556 0.168577 0.00154283
0 0.752417 0.356874 0.163128 0.119487 0.00154026
0 0.3102 0.466466 0.29437 0.182736 0.00153871
0 0.801493 0.616561 0.294215 0.187627 0.00153599
0 0.122472 0.0764269 0.244944 0.152854 0.0015345
0 0.406381 0.417997 0.314677 0.197721 0.00153358
0 0.252409 0.856387 0.504819 0.287225 0.00153331
0 0.835908 0.415214 0.302894 0.190173 0.00153076
0 0.688775 0.271237 0.285529 0.1794 0.00152891
0 0.480518 0.371609 0.325115 0.188054 0.001527
0 0.618282 0.27512 0.278771 0.183379 0.00152201
0 0.438331 0.272041 0.317866 0.210499 0.00151652
0 0.188604 0.0764361 0.271733 0.152872 0.00151451
0 0.725368 0.640501 0.265591 0.158665 0.00151302
0 0.184377 0.612985 0.301972 0.203978 0.00150898
0 0.409421 0.584246 0.324279 0.206429 0.0015043
0 0.354572 0.652657 0.239049 0.153327 0.00150095
0 0.636748 0.312912 0.273818 0.184529 0.00149856
0 0.511169 0.307519 0.2812 0.181985 0.00149302
0 0.230552 0.342162 0.174683 0.0616559 0.00148987
0 0.110558 0.635523 0.21709 0.197352 0.00147672
0 0.559213 0.30956 0.279668 0.186222 0.001475
0 0.697204 0.315773 0.285976 0.184799 0.00147151
0 0.118244 0.683434 0.215265 0.184693 0.00146628
0 0.0806548 0.925812 0.156051 0.147349 0.00146349
0 0.525035 0.512938 0.310499 0.198956 0.00145658
0 0.684107 0.51718 0.266073 0.198742 0.00144761
0 0.313563 0.65203 0.224075 0.149782 0.00144553
0 0.28262 0.190845 0.227454 0.14331 0.00144126
0 0.826008 0.378638 0.211048 0.181567 0.00143975
0 0.554795 0.336156 0.176758 0.0639528 0.00143522
0 0.806853 0.107241 0.169976 0.104346 0.00143495
0 0.43225 0.653357 0.25013 0.159209 0.00143478
0 0.843365 0.350981 0.153016 0.133993 0.00142002
0 0.7089 0.483742 0.309534 0.199904 0.00141946
0 0.94361 0.0720127 0.112779 0.144025 0.00141774
0 0.290888 0.654617 0.194826 0.124324 0.00140742
0 0.603025 0.191603 0.231555 0.111838 0.00140708
0 0.764128 0.416247 0.295854 0.179677 0.0014046
0 0.470921 0.642092 0.311708 0.158894 0.00140453
0 0.687815 0.390205 0.218153 0.13991 0.00139843
0 0.556088 0.221684 0.124572 0.0452327 0.00137052
0 0.776301 0.567617 0.107464 0.109649 0.00136614
0 0.51944 0.187902 0.182399 0.112487 0.00136017
0 0.422688 0.577959 0.478818 0.215125 0.00134153
0 0.755937 0.328108 0.1973 0.0923198 0.00134146
0 0.326409 0.654322 0.183117 0.12479 0.00132695
0 0.302228 0.1137 0.166001 0.0923879 0.00131691
0 0.234254 0.325696 0.189779 0.0909738 0.00130128
0 0.245881 0.103053 0.215077 0.117971 0.00129292
0 0.247714 0.654822 0.196402 0.124185 0.0012636
0 0.797668 0.90403 0.37539 0.181112 0.00125967
0 0.764931 0.422204 0.203757 0.0713934 0.00125848
0 0.694385 0.664049 0.201428 0.111352 0.00125495
0 0.0793545 0.582443 0.158709 0.219204 0.00124671
0 0.594256 0.147632 0.285898 0.197897 0.00124596
0 0.273054 0.108089 0.1678 0.0965904 0.00123662
0 0.680655 0.356492 0.227822 0.101043 0.00123328
0 0.736088 0.662674 0.181969 0.114326 0.00121932
0 0.787295 0.427236 0.165124 0.0433177 0.00121726
0 0.0721785 0.215145 0.141353 0.227442 0.00121367
0 0.0928391 0.268385 0.185678 0.233288 0.0012039
0 1 0.958187 0 0.0836252 0.0011961
0 0.315614 0.509894 0.233831 0.124785 0.00119525
0 0.120647 0.838578 0.236465 0.246375 0.0011878
0 0.191457 0.16813 0.17459 0.190226 0.00118597
0 0.53624 0.667791 0.133085 0.105771 0.00118211
0 0.113028 0.217816 0.226056 0.271515 0.0011748
0 0.771892 0.663201 0.18101 0.114479 0.00117361
0 0.868447 0.101873 0.207915 0.115041 0.00116803
0 0.63904 0.556749 0.181098 0.12552 0.855868
0 0.586555 0.565418 0.0718532 0.0941246 0.013941
0 0.198186 0.380785 0.110404 0.101749 0.00483915
0 0.00104 0.968241 0.00208 0.0635175 0.00449416
0 0.606628 0.575299 0.108881 0.0861505 0.00404592
0 0.0594215 0 0.112387 0 0.00402993
0 0.00215724 0.989017 0.00431448 0.0219669 0.00392388
0 0 0.958581 0 0.0828383 0.0032661
0 0.995543 0.992762 0.00891356 0.0144752 0.00282442
0 0.30375 0.232641 0.0671176 0.0621736 0.00280067
0 0.642498 0.596208 0.116807 0.0570841 0.00277598
0 0.0642893 0.0142131 0.119668 0.0284261 0.00246284
0 0.079898 0 0.109253 0 0.0022822
0 0.071951 0.0613495 0.143902 0.122699 0.0022788
0 0.912912 0.962576 0.174177 0.0748482 0.00217982
0 0.0604246 0.967424 0.120849 0.0651524 0.002164
0 0.546698 0.965732 0.296593 0.0685366 0.0021578
0 0.477388 0.965628 0.297356 0.0687439 0.00214985
0 0.408011 0.965554 0.299118 0.0688928 0.00214971
0 0.617766 0.965804 0.298818 0.0683929 0.00214559
0 0.338131 0.965483 0.301492 0.0690348 0.00212897
0 0.689475 0.965822 0.30223 0.0683563 0.00210601
0 0.559241 0.220742 0.135321 0.0569221 0.00207867
0 0.946283 0.999759 0.107435 0.000481033 0.00207589
0 0.763471 0.965901 0.306796 0.0681978 0.00206781
0 0.265782 0.965558 0.302597 0.0688847 0.00206625
0 0.189346 0.965873 0.298684 0.0682549 0.00206213
0 0.557755 0.347679 0.151964 0.056237 0.00196022
0 0.195772 0.211579 0.0990971 0.0861981 0.00195905
0 0.126026 0.965999 0.252053 0.0680014 0.00194781
0 0.93225 0.653125 0.1355 0.203027 0.00193716
0 0.932026 0.703416 0.135947 0.201681 0.00192854
0 0.970151 0.998957 0.0596979 0.00208712 0.00192678
0 0.93145 0.753225 0.1371 0.201324 0.00192289
0 0.843944 0.965303 0.312113 0.0693942 0.00191661
0 0.931938 0.603066 0.136124 0.204613 0.0019079
0 0.931144 0.802856 0.137712 0.200034 0.00190279
0 0.93163 0.552491 0.136739 0.205298 0.00190061
0 0.930799 0.502424 0.138403 0.205173 0.00189558
0 0.931075 0.402648 0.13785 0.200672 0.00187861
0 0.930865 0.303099 0.138271 0.200721 0.00187289
0 0.930606 0.452463 0.138787 0.203903 0.00186939
0 0.930745 0.853535 0.13851 0.198854 0.00186438
0 0.931391 0.352423 0.137218 0.200598 0.00186255
0 0.933757 0.0651742 0.132486 0.130348 0.00185866
0 0.911992 1 0.144597 0 0.00185771
0 0.93049 0.253136 0.13902 0.199733 0.00182727
0 0.626885 0.611227 0.246111 0.236179 0.00182207
0 0.930094 0.202809 0.139811 0.195664 0.00182031
0 0.000135989 0.946646 0.000271979 0.106709 0.00179928
0 0.731531 0.406506 0.113054 0.0939528 0.00178667
0 0.929866 0.152208 0.140268 0.192402 0.00178571
0 0.565369 0.336 0.147102 0.0818564 0.00176397
0 0.932715 0.099935 0.134569 0.192681 0.00175716
0 0.920127 0.928683 0.159746 0.142633 0.00172162
0 0.226507 0.999965 0.13691 7.05719e-05 0.0017162
0 0.0727774 0.113141 0.145555 0.165785 0.00171461
0 0.065711 0.267396 0.131422 0.168462 0.00171191
0 0.0645799 0.317114 0.12916 0.167052 0.00171098
0 0.067345 0.216676 0.13469 0.168212 0.00170854
0 0.870097 1 0.152863 0 0.00170311
0 0.191883 0.999916 0.13723 0.00016861 0.00170009
0 0.0687041 0.816192 0.137408 0.169531 0.00168965
0 0.0682583 0.165438 0.136517 0.167707 0.00168817
0 0.0637801 0.366896 0.12756 0.16594 0.00168776
0 0.648794 0.503567 0.242191 0.210576 0.00168648
0 0.261356 0.999988 0.137464 2.42233e-05 0.00168266
0 0.0678232 0.766298 0.135646 0.169454 0.00167811
0 0.560673 0.343691 0.121842 0.0533681 0.00167746
0 0.828909 1 0.15039 0 0.00167546
0 0.0656226 0.665647 0.131245 0.166357 0.00167505
0 0.4661 0.333728 0.13069 0.0798135 0.0016731
0 0.0650601 0.616589 0.13012 0.16689 0.0016689
0 0.0615447 0.939456 0.123089 0.121088 0.00166845
0 0.623825 0.547781 0.251557 0.168266 0.00166707
0 0.000569375 0.0245024 0.00113875 0.0490049 0.00166705
0 0.0670861 0.715822 0.134172 0.167267 0.00166207
0 0.538188 0.335987 0.143596 0.077308 0.00165979
0 0.719287 1 0.143762 0 0.00165955
0 0.0647674 0.56688 0.129535 0.166516 0.00165791
0 0.0636413 0.416799 0.127283 0.165507 0.00165644
0 0.553331 0.209396 0.158407 0.0802914 0.00165641
0 0.58023 0.607654 0.308469 0.271327 0.00165245
0 0.923252 0.903549 0.153495 0.192903 0.00164934
0 0.0643255 0.517086 0.128651 0.166548 0.00164776
0 0.064028 0.46663 0.128056 0.16545 0.00164683
0 0.755276 1 0.1439 0 0.00164359
0 0.296491 1 0.138488 0 0.00164061
0 0.0748303 0.0731329 0.149661 0.146266 0.00163947
0 0.0694274 0.867019 0.138855 0.166778 0.00163864
0 0.683361 1 0.144173 0 0.00163645
0 0.791575 1 0.146177 0 0.00163143
0 0.346377 0.226738 0.124033 0.0695475 0.00162558
0 0.112769 0.0676257 0.225539 0.135251 0.00161929
0 0.647646 1 0.144949 0 0.00159581
0 0.663714 0.659873 0.248524 0.235185 0.00159423
0 0.331741 1 0.139527 0 0.00159182
0 0.688034 0.475063 0.320773 0.197309 0.00159027
0 0.156086 0.999779 0.142342 0.000442123 0.00158999
0 0.219436 0.376781 0.142076 0.0947996 0.00158673
0 0.695963 0.62241 0.282512 0.196819 0.00157608
0 0.498195 0.334271 0.124892 0.0773572 0.00155874
0 0.621934 0.655479 0.292525 0.270462 0.0015524
0 0.612002 1 0.145469 0 0.00155207
0 0.91358 0.0745465 0.17284 0.149093 0.00154737
0 0.367132 1 0.140632 0 0.00154488
0 0.167856 0.0680808 0.28262 0.136162 0.00154218
0 0.545643 0.93501 0.276276 0.12998 0.00154005
0 0.263354 0.935036 0.280593 0.129929 0.00153894
0 0.406313 0.934916 0.278671 0.130168 0.00153861
0 0.476081 0.934978 0.277216 0.130043 0.00153798
0 0.75635 0.331842 0.190768 0.0974962 0.00153697
0 0.616075 0.935085 0.27724 0.129831 0.00153404
0 0.520728 0.0678094 0.273686 0.135619 0.00153352
0 0.743574 0.333137 0.140071 0.0900724 0.00153271
0 0.871231 0.0680396 0.257537 0.136079 0.00153218
0 0.806364 0.0678497 0.277237 0.135699 0.00153161
0 0.335501 0.934874 0.2802 0.130253 0.00153125
0 0.591608 0.0678669 0.274251 0.135734 0.00153088
0 0.759543 0.935215 0.28175 0.12957 0.00152998
0 0.381218 0.0677527 0.277884 0.135505 0.00152977
0 0.451183 0.0677679 0.275232 0.135536 0.0015281
0 0.662941 0.0679201 0.275465 0.13584 0.00152578
0 0.686844 0.935152 0.279089 0.129696 0.00152398
0 0.734858 0.0679816 0.276281 0.135963 0.00152353
0 0.89478 0.660554 0.21044 0.193539 0.00152209
0 0.310734 0.0676813 0.279532 0.135363 0.00152009
0 0.576979 1 0.145544 0 0.00151628
0 0.892984 0.760394 0.214032 0.192398 0.00151419
0 0.241328 0.0673105 0.280221 0.134621 0.00151359
0 0.402291 1 0.141823 0 0.00151347
0 0.190033 0.935179 0.27446 0.129641 0.0015127
0 0.602425 0.504916 0.271516 0.205931 0.00150813
0 0.894468 0.710917 0.211064 0.192746 0.0015074
0 0.892323 0.509791 0.215353 0.19565 0.00150654
0 0.892177 0.809809 0.215646 0.19025 0.00150336
0 0.706422 0.127503 0.132284 0.0758572 0.00149588
0 0.497335 0.348309 0.157017 0.0531558 0.00149139
0 0.707299 0.713859 0.325062 0.202793 0.00149082
0 0.892019 0.459975 0.215962 0.194536 0.00148988
0 0.893988 0.610566 0.212024 0.194722 0.00148971
0 0.437098 1 0.143239 0 0.00148773
0 0.714604 0.513022 0.305983 0.196401 0.00148685
0 0.427226 0.61239 0.323697 0.198538 0.00148655
0 0.846369 0.932919 0.296321 0.134163 0.00148533
0 0.542354 1 0.145835 0 0.00148249
0 0.893444 0.559443 0.213113 0.195975 0.00147793
0 0.472036 1 0.144491 0 0.00147156
0 0.522942 0.610003 0.335811 0.210907 0.00147155
0 0.739497 0.668553 0.300646 0.195452 0.00146507
0 0.507304 1 0.145528 0 0.00146465
0 0.589664 0.475581 0.316651 0.195638 0.00145843
0 0.34568 0.529421 0.121666 0.105635 0.00145424
0 0.122346 0.93399 0.244692 0.13202 0.00145307
0 0.84411 0.662928 0.31178 0.202567 0.00144935
0 0.425386 0.562472 0.316181 0.192057 0.00144392
0 0.892875 0.410333 0.214249 0.189261 0.00144325
0 0.284951 0.564407 0.312308 0.189826 0.00144142
0 0.350377 0.565089 0.3107 0.190094 0.00143808
0 0.892902 0.360344 0.214195 0.189494 0.00143643
0 0.84335 0.812036 0.3133 0.197416 0.00143568
0 0.352088 0.613643 0.309533 0.19537 0.0014345
0 0.83669 0.513318 0.32662 0.198866 0.00143319
0 0.42895 0.714578 0.323147 0.197866 0.0014327
0 0.493546 0.413849 0.308466 0.190049 0.00143101
0 0.519634 0.65787 0.333743 0.211537 0.00143092
0 0.529928 0.557697 0.295054 0.181674 0.00142957
0 0.64181 0.714046 0.333641 0.203769 0.00142787
0 0.00416497 0.998131 0.00832994 0.00373745 0.00142687
0 0.844786 0.762438 0.310427 0.201121 0.00142519
0 0.430333 0.662227 0.323004 0.200408 0.00142385
0 0.35364 0.663179 0.313901 0.195402 0.00142359
0 0.511432 0.713421 0.335573 0.198152 0.00142198
0 0.845544 0.713278 0.308912 0.202341 0.00142192
0 0.353265 0.714821 0.317056 0.19457 0.0014171
0 0.563912 0.414051 0.315829 0.189228 0.00141702
0 0.991397 0.00401416 0.0172062 0.00802832 0.00141374
0 0.773955 0.715824 0.323674 0.198647 0.00141347
0 0.584567 0.710481 0.336387 0.204786 0.00140356
0 0.000753548 0.804782 0.0015071 0.112974 0.00140209
0 0.704504 0.56192 0.294972 0.170111 0.00140091
0 0.13735 0.911085 0.274699 0.17783 0.00139956
0 0.282395 0.663003 0.31242 0.193544 0.00139865
0 0.894334 0.860431 0.211333 0.188271 0.00139852
0 0.280202 0.714215 0.314496 0.193476 0.00139843
0 0.422979 0.511206 0.311042 0.190305 0.00139699
0 0.353358 0.513027 0.301229 0.185439 0.00139614
0 0.28373 0.613582 0.309839 0.193923 0.00139453
0 0.279351 0.416383 0.298236 0.183613 0.00139419
0 0.904674 0.10385 0.190651 0.184984 0.00139338
0 0.424915 0.415082 0.309509 0.188093 0.00139306
0 0.84474 0.862522 0.310519 0.196288 0.00139204
0 0.636051 0.764703 0.312344 0.195668 0.00139098
0 0.840842 0.464398 0.318316 0.199856 0.00138803
0 0.502656 0.466717 0.325711 0.197811 0.00138797
0 0.836595 0.614357 0.316663 0.200694 0.00138745
0 0.497172 0.764184 0.313451 0.195213 0.00138616
0 0.567142 0.764331 0.313593 0.1957 0.00138616
0 0.844978 0.312006 0.310045 0.199385 0.00138478
0 0.843596 0.362731 0.312807 0.19603 0.00138477
0 0.513122 0.207542 0.149429 0.0831213 0.00138411
0 0.705616 0.764927 0.312471 0.195892 0.00138253
0 0.893597 0.3101 0.212806 0.19131 0.00138195
0 0.845118 0.211259 0.309764 0.198727 0.00138061
0 0.424782 0.764238 0.312297 0.193908 0.00138008
0 0.215036 0.563871 0.313968 0.18801 0.00137995
0 0.286385 0.513186 0.299666 0.185002 0.00137827
0 0.366311 0.225668 0.117132 0.0723665 0.00137822
0 0.836257 0.563034 0.327486 0.19332 0.00137664
0 0.000719347 0.829952 0.00143869 0.112041 0.00137662
0 0.0820656 0.999737 0.133527 0.000526237 0.00137623
0 0.845543 0.160659 0.308915 0.194042 0.00137557
0 0.699986 0.814371 0.308036 0.190117 0.00137529
0 0.770035 0.814342 0.308614 0.19068 0.00137484
0 0.143882 0.661105 0.287763 0.190219 0.00137437
0 0.00812134 0.00764679 0.0162427 0.0152936 0.00137361
0 0.000797662 0.778514 0.00159532 0.115238 0.00137323
0 0.509213 0.507513 0.312544 0.197871 0.00137247
0 0.0658115 0.917626 0.131623 0.164748 0.00137243
0 0.844977 0.412466 0.310047 0.193641 0.00137183
0 0.423492 0.463403 0.315256 0.195889 0.00137104
0 0.491985 0.365192 0.313087 0.190051 0.00137008
0 0.856786 0.106557 0.286428 0.193324 0.00136927
0 0.561242 0.814202 0.307751 0.18954 0.00136777
0 0.894883 0.158174 0.210234 0.183852 0.00136777
0 0.8423 0.908064 0.3154 0.183873 0.00136737
0 0.146422 0.562499 0.292844 0.189455 0.00136693
0 0.14384 0.711426 0.28768 0.191745 0.00136645
0 0.709185 0.41289 0.308507 0.185642 0.00136608
0 0.630435 0.814321 0.308036 0.189634 0.00136554
0 0.554491 0.365942 0.315023 0.188778 0.00136536
0 0.642812 0.413497 0.317199 0.187019 0.00136529
0 0.491523 0.814037 0.308499 0.189513 0.00136365
0 0.351882 0.464416 0.304778 0.190804 0.00136321
0 0.770048 0.364034 0.30865 0.189678 0.00136263
0 0.198771 0.912208 0.310812 0.175584 0.00136236
0 0.751147 0.469441 0.329155 0.194425 0.00136213
0 0.811969 0.0770171 0.292805 0.154034 0.00136187
0 0.151161 0.412781 0.302321 0.187267 0.00135957
0 0.350089 0.41682 0.307904 0.184355 0.00135888
0 0.00022287 0.934009 0.000445739 0.124017 0.00135853
0 0.773294 0.313838 0.31179 0.191726 0.00135822
0 0.389232 0.0760311 0.29012 0.152062 0.00135763
0 0.351854 0.764247 0.312173 0.192306 0.00135761
0 0.77426 0.765021 0.312179 0.195724 0.00135664
0 0.773239 0.213431 0.31336 0.193372 0.00135634
0 0.844216 0.262469 0.311569 0.202948 0.00135592
0 0.269608 0.911884 0.312216 0.176232 0.00135589
0 0.192626 0.494677 0.107027 0.0785847 0.00135362
0 0.282294 0.463789 0.299893 0.191244 0.00135271
0 0.208675 0.713576 0.310675 0.191177 0.00135184
0 0.101889 0.663409 0.203777 0.179427 0.00135136
0 0.893336 0.259982 0.213327 0.191422 0.00135041
0 0.21094 0.66278 0.309494 0.190571 0.00135007
0 0.104651 0.415262 0.209301 0.179753 0.00134986
0 0.210205 0.415187 0.304613 0.185223 0.00134965
0 0.278458 0.763806 0.311335 0.192151 0.00134921
0 0.561357 0.312529 0.300966 0.18701 0.00134914
0 0.103218 0.31497 0.206435 0.18164 0.00134888
0 0.420669 0.813953 0.309819 0.18943 0.00134848
0 0.764295 0.911182 0.310721 0.177636 0.00134823
0 0.772254 0.163212 0.311304 0.1881 0.00134796
0 0.703791 0.313635 0.310068 0.190195 0.00134744
0 0.282055 0.211239 0.304797 0.187736 0.00134738
0 0.342093 0.911696 0.311072 0.176609 0.00134678
0 0.702004 0.364775 0.311736 0.1876 0.00134677
0 0.635178 0.313432 0.305443 0.187525 0.00134672
0 0.102196 0.564869 0.204392 0.180113 0.00134671
0 0.1525 0.108982 0.304999 0.194607 0.00134646
0 0.560173 0.264593 0.317847 0.191343 0.00134573
0 0.741152 0.0768929 0.291899 0.153786 0.00134462
0 0.147646 0.211005 0.295291 0.19125 0.00134461
0 0.143408 0.761593 0.286816 0.193907 0.00134413
0 0.459628 0.0758058 0.287083 0.151612 0.00134409
0 0.145181 0.612391 0.290362 0.190775 0.00134285
0 0.495137 0.312533 0.302116 0.186594 0.00134282
0 0.101952 0.614646 0.203905 0.180758 0.00134178
0 0.144172 0.811437 0.288345 0.19263 0.00134168
0 0.317942 0.0765645 0.293479 0.153129 0.00134068
0 0.102489 0.364548 0.204979 0.179917 0.00133962
0 0.27975 0.313288 0.30157 0.189604 0.0013395
0 0.69356 0.911398 0.309967 0.177203 0.00133823
0 0.772335 0.264854 0.317112 0.196294 0.00133743
0 0.00080133 0.751635 0.00160266 0.118665 0.00133671
0 0.146933 0.862671 0.293867 0.189085 0.0013353
0 0.412953 0.911764 0.309471 0.176471 0.00133391
0 0.89397 0.208921 0.21206 0.187248 0.00133352
0 0.564465 0.212232 0.309433 0.191364 0.00133325
0 0.773715 0.413416 0.305093 0.186006 0.00133266
0 0.563424 0.163207 0.311832 0.188042 0.00133039
0 0.276446 0.813279 0.311174 0.190299 0.00133027
0 0.623246 0.911632 0.308758 0.176737 0.00133025
0 0.703051 0.212713 0.314336 0.193545 0.00133012
0 0.483185 0.911812 0.308135 0.176376 0.0013298
0 0.494095 0.264705 0.317484 0.190553 0.00132969
0 0.149332 0.4609 0.298664 0.190628 0.00132921
0 0.279077 0.26603 0.316221 0.192408 0.00132918
0 0.527979 0.223274 0.140699 0.054201 0.00132898
0 0.349122 0.81365 0.311351 0.189759 0.00132895
0 0.553179 0.911745 0.30778 0.17651 0.00132857
0 0.640634 0.557422 0.178339 0.132712 0.874564
0 0.00154748 0.966936 0.00309496 0.0661274 0.00324059
0 0.623122 0.862539 0.312497 0.183672 0.002603
0 0.683647 0.862161 0.322906 0.184705 0.00249836
0 0.556504 0.865325 0.306283 0.183219 0.00236037
0 0.00166363 0.993849 0.00332725 0.0123029 0.00233185
0 0.168758 0.842003 0.320373 0.253246 0.00229373
0 0.276417 0.541837 0.335396 0.164962 0.0022918
0 0.761399 0.865076 0.341604 0.194832 0.00228223
0 0.567371 0.224662 0.109341 0.0297558 0.0022655
0 0.229996 0.828048 0.283567 0.220313 0.00214856
0 0.488182 0.867182 0.29784 0.187189 0.00213486
0 0.407593 0.868208 0.292282 0.197018 0.00205176
0 0.300884 0.865101 0.272511 0.227465 0.00202485
0 0 0.958208 0 0.0835833 0.00201942
0 0.289851 0.556652 0.579701 0.234511 0.00184532
0 0.0692819 0.0637094 0.138564 0.127419 0.00184129
0 0.280526 0.965801 0.273988 0.0683987 0.00183808
0 0.769553 0.811208 0.308464 0.172326 0.00180025
0 0.131375 0.841385 0.26275 0.241735 0.0017937
0 0.0967753 0.763419 0.193551 0.178832 0.00176062
0 0.337921 0.965679 0.245935 0.0686423 0.00173282
0 0.832695 0.870126 0.33461 0.199244 0.00172617
0 0.338344 0.817799 0.241596 0.187613 0.00171398
0 0.221638 0.966356 0.302902 0.0672873 0.0017124
0 0.378159 0.114527 0.247399 0.179784 0.00169648
0 0.189064 0.762868 0.248494 0.171008 0.00169208
0 0.699092 0.811369 0.285891 0.164546 0.00166363
0 0.2657 0.649494 0.377709 0.126412 0.00164407
0 0.445893 0.177285 0.280002 0.178237 0.00159742
0 0.412973 0.966226 0.253614 0.0675482 0.00159688
0 0.434611 0.116447 0.329663 0.232895 0.00159106
0 0.543281 0.917731 0.271598 0.157856 0.00156687
0 0.699296 0.49257 0.253038 0.198237 0.0015448
0 0.848498 0.811612 0.303004 0.18078 0.00154392
0 0.945593 0.3138 0.108813 0.179965 0.00154042
0 0.441335 0.0930039 0.304999 0.186008 0.00153831
0 0.937682 0.0697857 0.124636 0.139571 0.00153086
0 0.946499 0.267928 0.107002 0.189398 0.00153034
0 0.616542 0.915194 0.289429 0.165495 0.00152549
0 0.942182 0.409121 0.115636 0.178283 0.00152158
0 0.392676 0.172193 0.242006 0.163131 0.00152106
0 0.83396 0.939759 0.286868 0.120483 0.00151913
0 0.996679 0.983789 0.00664203 0.0324223 0.00151065
0 0.943329 0.360793 0.113342 0.177671 0.00150486
0 0.469767 0.91856 0.256242 0.157824 0.00150398
0 0.346505 0.650213 0.349209 0.12732 0.0014951
0 0.491372 0.967181 0.266431 0.0656386 0.00149309
0 0.858014 0.766177 0.283973 0.172779 0.00148998
0 0.645692 0.811631 0.274025 0.165421 0.00148819
0 0.942012 0.659888 0.115977 0.174582 0.00148732
0 0.94098 0.459383 0.11804 0.17678 0.00147773
0 0.383522 0.0752275 0.253165 0.150455 0.00146755
0 0.659854 0.506038 0.240179 0.223786 0.00146585
0 0.289167 0.763301 0.229428 0.164676 0.0014656
0 0.940421 0.608327 0.119159 0.17412 0.00146517
0 0.9168 0.321616 0.166399 0.174806 0.00145914
0 0.782526 0.765904 0.290697 0.164828 0.00145459
0 0.557579 0.205725 0.117656 0.0730141 0.00145435
0 0.44358 0.814822 0.249326 0.173293 0.00145396
0 0.725439 0.15525 0.549122 0.3105 0.00144233
0 0.940066 0.508645 0.119868 0.176179 0.00143731
0 0.327605 0.117727 0.23031 0.165718 0.00143656
0 0.00888375 0.00303956 0.0177675 0.00607911 0.0014361
0 0.939692 0.557927 0.120616 0.175364 0.00143297
0 0.0701113 0.115112 0.140223 0.154619 0.00142735
0 0.847 0.266023 0.306 0.221191 0.0014271
0 0.920869 0.369253 0.158263 0.168262 0.00142337
0 0.329287 0.0725225 0.236532 0.145045 0.00142333
0 0.868511 0.716989 0.262979 0.16981 0.00142277
0 0.585704 0.812374 0.263529 0.167205 0.00141932
0 0.522699 0.126285 0.469982 0.252569 0.00141917
0 0.765709 0.913733 0.331178 0.172533 0.00141481
0 0.593971 0.142717 0.617049 0.285434 0.00141421
0 0.712741 0.313689 0.25709 0.181393 0.00141405
0 0.570238 0.967952 0.277065 0.0640953 0.00141186
0 0.821637 0.911176 0.320915 0.177649 0.0014094
0 0.922965 0.417663 0.15407 0.167377 0.00140606
0 0.897242 0.0763863 0.205515 0.152773 0.00140593
0 0.388793 0.916809 0.24165 0.163157 0.00140364
0 0.7927 0.317098 0.285297 0.185023 0.00140248
0 0.943437 0.711784 0.113126 0.174402 0.00139975
0 0.913313 0.874948 0.173373 0.176827 0.00138945
0 0.683176 0.915676 0.305489 0.168648 0.0013876
0 0.519494 0.813351 0.254111 0.169379 0.00138689
0 0.10019 0.718374 0.200381 0.166336 0.00138514
0 0.220828 0.720243 0.257396 0.16251 0.00137483
0 0.590804 0.149575 0.446068 0.29915 0.00137421
0 0.727319 0.367937 0.289816 0.181071 0.00137306
0 0.917408 0.717637 0.165184 0.16658 0.00136326
0 0.922945 0.467322 0.154109 0.167381 0.0013616
0 0.919727 0.665689 0.160546 0.164317 0.00136091
0 0.90705 0.273283 0.185899 0.196779 0.00136077
0 0.0992763 0.109759 0.198553 0.168031 0.0013584
0 0.660217 0.366382 0.273711 0.17537 0.00135733
0 0.942572 0.215828 0.114857 0.232012 0.0013552
0 0.167502 0.966721 0.300967 0.0665585 0.00135383
0 0.902084 0.938093 0.195144 0.123814 0.00135212
0 0.233695 0.386505 0.173011 0.115891 0.00134806
0 0.729063 0.968002 0.29103 0.063995 0.00134722
0 0.87561 0.666233 0.24878 0.164351 0.0013469
0 0.866115 0.321417 0.26777 0.184354 0.00134655
0 0.712182 0.622588 0.403727 0.167003 0.00134438
0 0.946977 0.810948 0.106045 0.171504 0.00133743
0 0.645795 0.96839 0.285046 0.06322 0.00133712
0 0.944528 0.762098 0.110944 0.174535 0.00133604
0 0.25457 0.0669418 0.250733 0.133884 0.00133591
0 0.661489 0.233727 0.250362 0.169776 0.00132851
0 0.634284 0.489853 0.242623 0.178306 0.0013276
0 0.717182 0.766212 0.274778 0.159607 0.00132063
0 0.847112 0.967701 0.277545 0.0645987 0.00131966
0 0.883088 0.47303 0.233825 0.169916 0.00131882
0 0.664556 0.309755 0.244532 0.181214 0.0013187
0 0.331858 0.167994 0.233739 0.165153 0.00131673
0 0.0730026 0.968067 0.146005 0.0638653 0.00131622
0 0.775392 0.266103 0.283544 0.203345 0.00131566
0 0.125853 0.664838 0.240022 0.165781 0.00131308
0 0.600837 0.366762 0.261087 0.170066 0.00131265
0 0.299223 0.907156 0.238466 0.185688 0.00130951
0 0.377905 0.767237 0.239267 0.159719 0.00130638
0 0.47281 0.221153 0.251252 0.172102 0.00130613
0 0.0630544 0.75542 0.126109 0.193424 0.00130232
0 0.793133 0.717226 0.275025 0.163544 0.0012987
0 0.525878 0.165098 0.344134 0.226875 0.00129845
0 0.876981 0.372423 0.246039 0.174947 0.00129454
0 0.116549 0.0737248 0.233099 0.14745 0.00129232
0 0.922314 0.515485 0.155371 0.166799 0.00128979
0 0.805749 0.189096 0.388502 0.378191 0.00128878
0 0.783717 0.956275 0.305251 0.08745 0.00128585
0 0.707303 0.166407 0.130977 0.0946472 0.00127925
0 0.690321 0.159064 0.550911 0.318127 0.00127868
0 0.245116 0.509857 0.201758 0.105713 0.00127672
0 0.90111 0.918011 0.197779 0.163978 0.00127649
0 0.0670066 0.166533 0.134013 0.154636 0.00127608
0 0.457428 0.957681 0.256424 0.0846373 0.00127481
0 0.920985 0.61427 0.15803 0.164048 0.00127437
0 0.798591 0.194397 0.402819 0.337989 0.00127399
0 0.885811 0.104063 0.228378 0.208125 0.00127176
0 0.180925 0.0685263 0.261265 0.137053 0.00127137
0 0.810329 0.371902 0.289548 0.177486 0.00126936
0 0.744534 0.423756 0.271639 0.171278 0.00126799
0 0.673427 0.422554 0.262309 0.165938 0.00126707
0 0.557701 0.474759 0.261675 0.170554 0.00126613
0 0.407507 0.215951 0.229914 0.165072 0.00126499
0 0.684731 0.225461 0.270939 0.209444 0.00126324
0 0.75591 0.668068 0.254587 0.155716 0.00126296
0 0.0893904 0.312845 0.178781 0.166748 0.00126202
0 0.537492 0.366809 0.256714 0.167407 0.0012609
0 0.915339 0.767661 0.169322 0.169164 0.00126082
0 0.53894 0.418718 0.25682 0.165281 0.00125809
0 0.114963 0.964875 0.229925 0.0702509 0.00125795
0 0.610969 0.420794 0.258112 0.16406 0.00125763
0 0.0895017 0.362855 0.179003 0.167224 0.00125534
0 0.086842 0.513 0.173684 0.167701 0.0012529
0 0.698024 0.26865 0.238074 0.181474 0.00125274
0 0.061654 0.710139 0.123308 0.179814 0.00125192
0 0.825207 0.0876188 0.349586 0.175238 0.00125177
0 0.884606 0.421915 0.230788 0.171481 0.00125161
0 0.728145 0.716095 0.265964 0.160836 0.00124823
0 0.0883738 0.463006 0.176748 0.167024 0.00124817
0 0.702517 0.612859 0.24329 0.179511 0.00124733
0 0.00158565 0.0214824 0.0031713 0.0429648 0.00124643
0 0.163261 0.616026 0.26055 0.164843 0.00124517
0 1 0.174324 0 0.221179 0.00124503
0 0.535432 0.957582 0.270907 0.0848351 0.00124418
0 0.91585 0.815891 0.168301 0.168542 0.00124386
0 0.0912024 0.163286 0.182405 0.1667 0.00124247
0 0.240268 0.883469 0.321954 0.233062 0.00124211
0 0.768776 0.0990735 0.419167 0.198147 0.001242
0 0.870098 0.616699 0.232255 0.163462 0.0012392
0 0.18548 0.565675 0.370961 0.299128 0.00123249
0 0.0728327 0.714787 0.145665 0.163259 0.00123234
0 0.0659823 0.216034 0.131965 0.15508 0.00123194
0 0.921546 0.563889 0.156907 0.166152 0.00123193
0 0.0831593 0.562816 0.166319 0.16824 0.00123017
0 0.0890853 0.412624 0.178171 0.166748 0.00122786
0 0.663191 0.187812 0.673617 0.375625 0.00122633
0 0.0900555 0.26273 0.180111 0.166683 0.00122208
0 0.669995 0.552666 0.210761 0.145344 0.00122093
0 0.569718 0.612998 0.246156 0.180787 0.00121976
0 0.31691 0.720093 0.241428 0.162941 0.0012165
0 0.0653053 0.266052 0.130611 0.154913 0.00121545
0 0.467391 0.367166 0.25645 0.16562 0.00121137
0 0.0644962 0.316082 0.128992 0.155015 0.0012097
0 0.373893 0.958127 0.24595 0.0837458 0.00120925
0 0.572807 0.562261 0.246453 0.159283 0.00120857
0 0.0718853 0.663732 0.143771 0.160482 0.00120808
0 0.660418 0.766604 0.263673 0.159551 0.00120804
0 0.339902 0.215276 0.235156 0.163612 0.00120695
0 0.187436 0.540874 0.374872 0.196921 0.00120373
0 0.198282 0.330029 0.396563 0.319515 0.00120321
0 0.0640092 0.365926 0.128018 0.154868 0.0012026
0 0.0637635 0.415779 0.127527 0.154573 0.00120175
0 0.94792 0.866193 0.10416 0.170771 0.001201
0 0.462763 0.76908 0.247489 0.158778 0.00120088
0 0.466058 0.41773 0.25594 0.165166 0.0011995
0 0.0901834 0.212517 0.180367 0.167076 0.00119872
0 0.922411 0.973017 0.155178 0.0539659 0.00119501
0 0.694151 0.101643 0.416112 0.203287 0.00119322
0 0.413574 0.666712 0.590731 0.170212 0.0011932
0 0.597455 0.236151 0.24184 0.167341 0.00119232
0 0.063974 0.465842 0.127948 0.154666 0.00118994
0 0.783103 0.232497 0.433794 0.221785 0.00118729
0 0.182787 0.565574 0.254724 0.164724 0.00118522
0 0.600548 0.767446 0.25537 0.159525 0.00118092
0 0.610156 0.95729 0.286083 0.0854204 0.00118072
0 0.87505 0.518956 0.2499 0.16714 0.00117919
0 0.542611 0.229549 0.248804 0.163435 0.00117829
0 0.60837 0.311766 0.234564 0.178355 0.00117801
0 0.472026 0.468845 0.258039 0.165853 0.00117746
0 0.245257 0.666947 0.253837 0.164806 0.00117617
0 0.534626 0.768689 0.249968 0.159075 0.00117386
0 0.39183 0.72043 0.24789 0.166344 0.00117384
0 0.0651019 0.516029 0.130204 0.155043 0.00117082
0 0.630878 0.602586 0.217146 0.22004 0.00116876
0 0 0.752438 0 0.115802 0.00116814
0 0.0705775 0.939078 0.141155 0.121844 0.00116772
0 0.185428 0.315279 0.258532 0.161574 0.00116713
0 0.868274 0.201998 0.263451 0.311038 0.0011665
0 0.676341 0.665394 0.21579 0.170192 0.00116642
0 0.931964 0.164227 0.136072 0.266059 0.00116553
0 0.191263 0.516128 0.253352 0.164044 0.00116525
0 0.19585 0.114844 0.246299 0.163781 0.00116459
0 0.192917 0.365782 0.254771 0.161704 0.00116272
0 0.179985 0.265466 0.260811 0.163097 0.00116003
0 0.725207 0.207623 0.549585 0.415247 0.00115765
0 0.825565 0.424931 0.269356 0.170846 0.00115648
0 0.71341 0.18116 0.57318 0.36232 0.00115586
0 0.00011937 0.729666 0.000238739 0.113289 0.00115498
0 0.271309 0.115747 0.236424 0.166412 0.00115209
0 0.341604 0.266038 0.241372 0.165083 0.00115059
0 0.0763107 0 0.152621 0 0.00114829
0 0.0727267 0.612127 0.145453 0.170879 0.00114826
0 0.688213 0.957973 0.299469 0.0840544 0.00114821
0 0.94102 0.936403 0.11796 0.127193 0.00114444
0 0.477266 0.517561 0.253325 0.165636 0.00114149
0 0.560427 0.66174 0.248101 0.1736 0.00113965
0 0.0810588 0.81361 0.162118 0.195831 0.00113841
0 0.874005 0.564871 0.25199 0.164192 0.00113761
0 0.196697 0.465118 0.24956 0.164091 0.00113249
0 0.197691 0.415176 0.248459 0.160891 0.00113157
0 0.459725 0.671388 0.668913 0.216031 0.001131
0 0.545706 0.31137 0.236108 0.176519 0.0011283
0 0.476255 0.313969 0.240068 0.170776 0.00112597
0 0.472722 0.719587 0.248088 0.166837 0.00112387
0 0.388631 0.468081 0.243873 0.165914 0.00112323
0 0 0.776875 0 0.116714 0.00112265
0 0.550574 0.267542 0.231686 0.170371 0.00112133
0 0.565341 0.514724 0.253434 0.179581 0.00112099
0 0.386235 0.417196 0.245242 0.164027 0.00111673
0 0.122851 0.872088 0.245701 0.23786 0.00111576
0 1 0.224883 0 0.223391 0.00111568
0 0.396955 0.665756 0.245517 0.165953 0.00111445
0 1 0.964291 0 0.0714172 0.00111339
0 0.181093 0.215478 0.254235 0.163008 0.0011126
0 0.168717 0.950008 0.315107 0.0999845 0.00111172
0 0.387925 0.36742 0.25367 0.165572 0.00111054
0 0.265878 0.214843 0.243182 0.166404 0.00110956
0 1 0.896653 0 0.206694 0.00110887
0 0.480263 0.268708 0.241117 0.170059 0.00110651
0 0.477403 0.666325 0.24477 0.165702 0.00110614
0 0.220419 0.856664 0.425587 0.245845 0.00110356
0 0.393049 0.519316 0.244957 0.163072 0.0011035
0 0.265373 0.165757 0.239611 0.167182 0.00110187
0 0.182237 0.166439 0.254055 0.162922 0.00110169
0 0.734045 0.392765 0.117225 0.0467262 0.00110092
0 0.482845 0.566372 0.246567 0.166554 0.00110069
0 0.668827 0.714654 0.263807 0.164421 0.00109807
0 0.407936 0.266835 0.236209 0.167425 0.00109491
0 0.396788 0.567155 0.238858 0.170411 0.00109341
0 0.333222 0.415854 0.234564 0.161583 0.00109025
0 0.26484 0.265467 0.250141 0.166733 0.00108831
0 0.334001 0.368091 0.244141 0.161644 0.00108723
0 0.33178 0.466769 0.23506 0.164441 0.00108415
0 0.331901 0.519906 0.235767 0.159896 0.00108218
0 0.337906 0.314398 0.239716 0.16496 0.00107832
0 0 0.802382 0 0.115519 0.00107555
0 0.397509 0.615615 0.249018 0.166343 0.00107525
0 0.328675 0.66585 0.244852 0.163666 0.00107483
0 0.559491 0.0993922 0.409664 0.198784 0.00107411
0 0.55072 0.717858 0.251913 0.165329 0.00107275
0 0.795888 0.153295 0.408225 0.30659 0.00106967
0 0.683493 0.538735 0.237447 0.0873213 0.00106952
0 0.331784 0.5659 0.233528 0.17069 0.00106901
0 0.400597 0.314028 0.236785 0.169738 0.00106802
0 0.619368 0.711892 0.251801 0.170123 0.00106462
0 0.480768 0.61589 0.248483 0.16617 0.00106311
0 0.330684 0.615283 0.248874 0.165767 0.00106232
0 0.290614 0.958573 0.247504 0.0828531 0.00106124
0 0.264239 0.314354 0.246174 0.16656 0.00105716
0 0.000232089 0.706467 0.000464178 0.111922 0.00105713
0 0.13119 0.899862 0.26238 0.200277 0.00105376
0 0.260505 0.56539 0.239709 0.171212 0.00105129
0 0.64302 0.647896 0.504219 0.159759 0.0010467
0 0.254104 0.616685 0.253018 0.167293 0.00104617
0 0.932179 0.119809 0.135643 0.239617 0.00104569
0 2.6379e-05 0.827573 5.2758e-05 0.114255 0.00104317
0 1 0.934091 0 0.131817 0.00104305
0 1 0.273762 0 0.223697 0.00104187
0 0.778976 0.223615 0.322371 0.11791 0.001041
0 0.640814 0.560372 0.175461 0.134595 0.928598
0 0.336861 0.231493 0.126607 0.0498847 0.0106324
0 0.558931 0.22633 0.130195 0.0302113 0.00505485
0 0.733416 0.427795 0.110175 0.0350457 0.00304124
0 0.733701 0.409012 0.108781 0.0713709 0.00262708
0 0.573338 0.22555 0.137317 0.0393953 0.00235541
0 0.401857 0.259959 0.35521 0.236994 0.00195641
0 0.477025 0.263756 0.394501 0.265291 0.00192939
0 0.285393 0.307 0.437459 0.344106 0.00183009
0 0.190926 0.300487 0.31968 0.230415 0.00176304
0 0.557442 0.268393 0.428805 0.255185 0.00175366
0 0.41085 0.580598 0.595975 0.422634 0.00175058
0 0.243814 0.360355 0.487628 0.3717 0.00173387
0 0.433061 0.551964 0.831663 0.569771 0.00171313
0 0.549514 0.453613 0.900972 0.562364 0.00168996
0 0.0719666 0.0637914 0.143933 0.127583 0.00167591
0 0.140645 0.392133 0.28129 0.257535 0.00166456
0 0.476238 0.4021 0.259722 0.142819 0.00166208
0 0.133258 0.349604 0.266517 0.203541 0.00165868
0 0.723732 0.468191 0.552536 0.27835 0.00165131
0 0.38859 0.320128 0.581445 0.408742 0.00164744
0 0.652171 0.267973 0.363242 0.20358 0.00161263
0 0.302836 0.585034 0.388863 0.327589 0.00158135
0 0.147897 0.439158 0.295795 0.286237 0.00157798
0 0.737894 0.266516 0.308094 0.172552 0.00156283
0 0.549604 0.609684 0.372299 0.286866 0.00155016
0 0.327356 0.261375 0.328769 0.206655 0.00154313
0 0.144723 0.4972 0.289446 0.244985 0.00153869
0 0.207204 0.343578 0.414407 0.257278 0.00153464
0 0.0837862 0.517095 0.167572 0.164055 0.00149972
0 0.492762 0.478661 0.703051 0.425136 0.00147761
0 0.7823 0.313217 0.369007 0.20461 0.00146802
0 0.231784 0.548357 0.424783 0.324196 0.00145761
0 0.211957 0.616481 0.291124 0.19671 0.00145219
0 0.476532 0.323636 0.713083 0.461913 0.00144677
0 0.698621 0.223572 0.131312 0.0439009 0.00143889
0 0.0903974 0.568063 0.180795 0.161438 0.00143729
0 0.863225 0.717867 0.26555 0.172029 0.00142409
0 0.145439 0.563011 0.277348 0.189455 0.00141949
0 0.943453 0.0632656 0.113095 0.126531 0.00141167
0 0.629437 0.320891 0.741126 0.452477 0.00140595
0 0.0761037 0.118481 0.152207 0.150656 0.00140084
0 0.0810114 0.464712 0.162023 0.164875 0.00139866
0 0.851389 0.665891 0.266941 0.174102 0.00139622
0 0.314841 0.422558 0.629682 0.47297 0.00139537
0 0.688908 0.217194 0.255351 0.156188 0.00138783
0 0.85579 0.311849 0.28842 0.182432 0.00138687
0 0.874122 0.768436 0.251756 0.170019 0.00138038
0 0.817761 0.357369 0.364478 0.259782 0.00137739
0 0.820243 0.266857 0.278304 0.162685 0.00137131
0 0.299922 0.670461 0.287347 0.172589 0.00135489
0 0.140531 0.306921 0.276678 0.174932 0.00135426
0 0.599566 0.214503 0.287621 0.164565 0.00135191
0 0.742856 0.360516 0.514289 0.345604 0.00134522
0 0.757195 0.668138 0.24945 0.155 0.00134198
0 0.073262 0.168884 0.146524 0.152018 0.00133854
0 0.0674725 0.417765 0.134945 0.152041 0.00132608
0 0.696917 0.317508 0.472652 0.26958 0.0013247
0 0.073361 0.219052 0.146722 0.151696 0.00132238
0 0.0725003 0.269095 0.145001 0.151773 0.0013159
0 0.0689654 0.367996 0.137931 0.152035 0.00131542
0 0.881016 0.264882 0.237968 0.166172 0.00131015
0 0.0709045 0.318549 0.141809 0.151933 0.00130874
0 0.369658 0.671774 0.331687 0.19401 0.00130858
0 0.259922 0.515061 0.238263 0.109158 0.00130418
0 0.760497 0.217763 0.244257 0.156056 0.00130333
0 0.419735 0.230248 0.247587 0.0519127 0.00130182
0 0.0756749 0.969224 0.15135 0.061552 0.00130123
0 1 0.163769 0 0.196285 0.00129993
0 0.0976374 0.618005 0.195275 0.159575 0.00129692
0 0.809407 0.719475 0.260499 0.158232 0.00129317
0 0.947106 0.158894 0.105789 0.164931 0.00129309
0 0.465298 0.674905 0.343522 0.195983 0.00129137
0 0.947105 0.209635 0.105789 0.16581 0.00128581
0 0.618383 0.367728 0.763234 0.508894 0.00128461
0 0.945868 0.259422 0.108264 0.165061 0.00128
0 0.392531 0.466659 0.785062 0.58313 0.00127973
0 0.0720727 0.61906 0.144145 0.151183 0.00127551
0 0.309819 0.506 0.619637 0.471276 0.00125518
0 1 0.211185 0 0.200198 0.00125439
0 0.0969008 0.314437 0.193802 0.160542 0.00125135
0 0.943565 0.308209 0.11287 0.167062 0.00124996
0 0.0719233 0.668514 0.143847 0.15116 0.00124693
0 0.673271 0.505401 0.241797 0.230804 0.00124327
0 0.915987 0.772873 0.168027 0.167731 0.0012401
0 0.368262 0.376426 0.736524 0.487328 0.00123721
0 0.94858 0.107835 0.10284 0.164329 0.00123485
0 0.113299 0.11534 0.226599 0.159603 0.001229
0 0.924812 0.819784 0.150376 0.161047 0.00122833
0 0.0687088 0.768233 0.137418 0.151253 0.00122559
0 0.0705827 0.718361 0.141165 0.151156 0.00122536
0 0.946639 0.771342 0.106722 0.167745 0.00122114
0 0.333121 0.0652123 0.253136 0.130425 0.00121675
0 0.831595 0.617347 0.244578 0.170301 0.00121661
0 0.929656 0.0726573 0.140688 0.145315 0.00121246
0 1 0.892268 0 0.205499 0.00120868
0 0.121081 0.0744285 0.242161 0.148857 0.00120836
0 0.0679203 0.818281 0.135841 0.150153 0.00120547
0 0.259216 0.0657581 0.25474 0.131516 0.00120454
0 0.104691 0.266093 0.209381 0.160796 0.00120051
0 1 0.837358 0 0.203219 0.00119944
0 0.108949 0.166697 0.217898 0.160822 0.00119811
0 0.883072 0.817421 0.233855 0.169341 0.00119808
0 0.907135 0.965155 0.18573 0.0696891 0.00119678
0 0.948112 0.815631 0.103775 0.163837 0.00119661
0 0.704727 0.612426 0.241612 0.181581 0.00119587
0 1 0.287687 0 0.19572 0.00119028
0 0.514004 0.211581 0.298576 0.166738 0.00118928
0 0.324134 0.721076 0.259366 0.159785 0.00118575
0 0.183798 0.0676265 0.25765 0.135253 0.00118354
0 0.100945 0.666569 0.201891 0.159752 0.00117981
0 0.8205 0.76959 0.25507 0.16196 0.00117286
0 0.108419 0.216377 0.216838 0.160738 0.00117258
0 0.755046 0.718337 0.252452 0.155559 0.00117042
0 0.447547 0.964129 0.21816 0.0717424 0.00116973
0 0.517747 0.964239 0.219301 0.0715216 0.00116598
0 0.189162 0.876955 0.253735 0.156833 0.0011657
0 0.895938 0.0742999 0.208123 0.1486 0.00116548
0 0.378857 0.964032 0.216726 0.0719357 0.00116434
0 0.406673 0.0648596 0.252444 0.129719 0.00116163
0 0.313894 0.964261 0.224079 0.0714771 0.00115805
0 0.100395 0.765601 0.200789 0.160677 0.00115774
0 0.106938 0.871026 0.213876 0.164613 0.00115733
0 0.102272 0.81609 0.204545 0.158812 0.00115329
0 0.587181 0.964371 0.219429 0.071258 0.0011528
0 0.636482 0.225788 0.238691 0.0415601 0.00115206
0 0.171176 0.262927 0.266355 0.165809 0.00115071
0 0.100828 0.71595 0.201656 0.160449 0.00115017
0 0.699045 0.402402 0.60191 0.436934 0.00114806
0 0.0979142 0.930718 0.195828 0.138563 0.00114661
0 0.238243 0.670744 0.271154 0.16186 0.00114451
0 0.890695 0.215406 0.218609 0.164596 0.00114439
0 0.836275 0.519892 0.298774 0.194757 0.00114415
0 0.655717 0.964596 0.21977 0.0708087 0.00114395
0 0.824207 0.451758 0.351586 0.300268 0.00114343
0 0.879558 0.964146 0.240885 0.0717076 0.00113776
0 0.830052 0.0648839 0.25272 0.129768 0.00113676
0 0.562099 0.668063 0.293444 0.198545 0.00113665
0 0.163137 0.619229 0.265593 0.163314 0.00113651
0 0.524132 0.390702 0.383089 0.167327 0.00113633
0 0.721535 0.964966 0.218021 0.070068 0.00113077
0 0.699769 0.663525 0.219594 0.172141 0.00112346
0 0.236693 0.965649 0.230402 0.0687011 0.00111912
0 0.621827 0.163239 0.245863 0.156511 0.00111817
0 0.90523 0.722883 0.189541 0.179241 0.00111718
0 0.891731 0.16492 0.216538 0.164783 0.00111717
0 0.393289 0.723368 0.262607 0.161657 0.00111707
0 0.451315 0.209443 0.276999 0.163606 0.00111686
0 1 0.96828 0 0.0634406 0.00111679
0 0.365925 0.742756 0.731851 0.272564 0.0011167
0 0.797815 0.965204 0.222956 0.0695911 0.00111616
0 0.633562 0.188653 0.263548 0.111098 0.00111253
0 0.381853 0.210393 0.258272 0.160904 0.00111118
0 0.185155 0.820024 0.250039 0.15506 0.00110971
0 0.945296 0.863132 0.109408 0.164809 0.00110709
0 1 0.112133 0 0.182226 0.00110669
0 0.230569 0.260309 0.279798 0.176477 0.00110578
0 0.333626 0.769705 0.257354 0.161389 0.00110314
0 0.928129 0.86972 0.143741 0.16258 0.00110307
0 0.665212 0.498925 0.313025 0.254958 0.00110236
0 0.926988 0.264554 0.146023 0.158608 0.00110079
0 0.942738 0.723234 0.114524 0.181271 0.00109962
0 0.888608 0.870651 0.222784 0.171601 0.00109843
0 0.758283 0.0648364 0.249268 0.129673 0.00109645
0 0.79436 0.397344 0.41128 0.347135 0.00109627
0 0.828661 0.818609 0.259441 0.164138 0.00109613
0 0.363902 0.5324 0.541269 0.175138 0.00109314
0 0.268934 0.876613 0.25252 0.162154 0.0010926
0 0.182664 0.768613 0.249935 0.15745 0.00108874
0 0.478258 0.0647985 0.251429 0.129597 0.00108862
0 0.583872 0.197501 0.187914 0.0931364 0.00108855
0 0.832984 0.217913 0.242955 0.156748 0.00108746
0 0.683665 0.558165 0.238325 0.152477 0.00108012
0 0.344868 0.919521 0.234823 0.160958 0.00107987
0 0.695296 0.164332 0.239733 0.155531 0.00107972
0 0.834461 0.872368 0.259933 0.166049 0.00107905
0 0.546589 0.163382 0.250136 0.15714 0.00107665
0 0.0703012 0.870488 0.140602 0.152457 0.00107612
0 0.0750641 0.939163 0.150128 0.121674 0.00107555
0 0.475593 0.164211 0.250081 0.157147 0.00106791
0 0.261069 0.769579 0.255943 0.160698 0.00106744
0 0.27011 0.922204 0.235745 0.155593 0.00106631
0 0.00190912 0.990609 0.00381824 0.018782 0.00106279
0 0.764064 0.165352 0.238142 0.157615 0.00106213
0 0.333852 0.211506 0.239807 0.157057 0.00106158
0 0.894586 0.114914 0.210828 0.165031 0.00106144
0 0.255199 0.720181 0.258352 0.159364 0.00106101
0 0.181183 0.718935 0.251914 0.156794 0.0010603
0 0.888919 0.519738 0.222163 0.219237 0.0010598
0 0.490947 0.371686 0.850652 0.534284 0.00105818
0 0.688235 0.0647799 0.248874 0.12956 0.00105632
0 0.341842 0.874061 0.254886 0.165245 0.00105429
0 0.26447 0.820156 0.255184 0.160445 0.00105189
0 0.838123 0.918461 0.240953 0.163078 0.00104988
0 0.404816 0.7707 0.256705 0.162291 0.00104461
0 0.548237 0.0648273 0.249807 0.129655 0.00104189
0 0.412642 0.872696 0.254623 0.167224 0.0010418
0 0.759299 0.769335 0.249533 0.161633 0.00104132
0 1 0.92158 0 0.156839 0.00104009
0 0.333409 0.941214 0.226094 0.117573 0.00103975
0 0.192473 0.21521 0.248268 0.160474 0.00103928
0 1 0.79128 0 0.213176 0.00103926
0 0.750893 0.451426 0.498215 0.341498 0.00103915
0 0.917385 0.312721 0.16523 0.16329 0.0010391
0 0.896405 0.66998 0.207189 0.193289 0.00103738
0 0.473681 0.726593 0.262082 0.15876 0.001037
0 0.258779 0.941571 0.230751 0.116858 0.0010355
0 0.261701 0.213158 0.245661 0.163189 0.00103353
0 0.195962 0.167512 0.248769 0.158648 0.00103323
0 0.618392 0.0648126 0.249296 0.129625 0.0010325
0 0.762464 0.872015 0.254434 0.165789 0.0010322
0 0.337742 0.818894 0.258086 0.162631 0.00103084
0 0.415124 0.918136 0.233717 0.163728 0.0010299
0 0.553829 0.872327 0.252035 0.166319 0.00102833
0 0.483191 0.872375 0.253291 0.167173 0.0010275
0 1 0.339905 0 0.194519 0.00102621
0 0.763167 0.918379 0.23393 0.163242 0.00102486
0 0.895053 0.914694 0.209894 0.170612 0.00102432
0 0.834664 0.166864 0.240097 0.1576 0.0010243
0 0.625154 0.917798 0.232685 0.164403 0.00102379
0 0.69471 0.917922 0.233392 0.164156 0.00102259
0 0.556847 0.725203 0.263095 0.158338 0.00102224
0 0.17524 0.669377 0.258007 0.156675 0.00102169
0 0.551235 0.771458 0.25128 0.161929 0.00102141
0 0.761164 0.818144 0.254432 0.16412 0.00102065
0 0.198161 0.117682 0.24684 0.15664 0.00101993
0 0.832447 0.568046 0.265762 0.165395 0.00101969
0 0.623899 0.872057 0.251719 0.166323 0.00101966
0 0.555334 0.917762 0.232695 0.164476 0.00101948
0 0.693712 0.871848 0.252707 0.166534 0.0010185
0 0.485058 0.917696 0.233372 0.164608 0.0010171
0 0.8935 0.618846 0.213 0.195019 0.00101705
0 0.622785 0.769983 0.25005 0.162803 0.00101598
0 0.690057 0.71683 0.253 0.16102 0.00101556
0 0.895054 0.364403 0.209892 0.196428 0.00101369
0 0.333354 0.610425 0.666708 0.238027 0.00101276
0 0.183301 0.92321 0.2519 0.15358 0.00101016
0 0.627812 0.61125 0.228628 0.241792 0.001007
0 0.552425 0.818702 0.2536 0.164607 0.00100635
0 0.342518 0.118618 0.243074 0.157738 0.0010054
0 0.837591 0.117042 0.242342 0.160106 0.00100431
0 0.401659 0.166381 0.245484 0.157192 0.00100336
0 0.69217 0.769287 0.248927 0.162548 0.00100192
0 0.340134 0.16847 0.241275 0.153691 0.00100044
0 0.940696 0.35871 0.118607 0.184363 0.00100038
0 0.891936 0.933018 0.216129 0.133965 0.00100029
0 0.640192 0.561593 0.183236 0.131098 0.964342
0 0.999946 0.908333 0.000107149 0.183333 0.126497
0 1 0.117149 0 0.234297 0.0725097
0 1 0.694009 0 0.288573 0.0148886
0 0.999058 0.94076 0.00188358 0.11848 0.0135857
0 1 0.619777 0 0.289079 0.0118985
0 1 0.79415 0 0.288568 0.0116128
0 1 0.863201 0 0.273598 0.0113334
0 1 0.520418 0 0.288316 0.0101643
0 1 0.445303 0 0.288196 0.00925431
0 1 0.169041 0 0.28809 0.00878178
0 1 0.369954 0 0.287945 0.00673309
0 0.869682 0.8789 0.260635 0.242201 0.00665051
0 1 0.296207 0 0.286302 0.00495269
0 0.998927 0.0581638 0.00214528 0.116328 0.00492124
0 1 0.22181 0 0.286356 0.0046007
0 0.837382 0.850292 0.325236 0.27562 0.00364835
0 0.829436 0.713203 0.341129 0.278275 0.00284719
0 0.937443 0.392983 0.125113 0.278173 0.00255323
0 0.904203 0.121014 0.191593 0.237244 0.00233256
0 1 0.0421404 0 0.0842809 0.0021886
0 0.937737 0.345152 0.124525 0.273859 0.00187337
0 0 0.911043 0 0.177913 0.00182902
0 0.551967 0.632652 0.464335 0.309245 0.0016573
0 0.505843 0.691469 0.208127 0.227289 0.00149164
0 0.351523 0.244159 0.164234 0.0754255 0.00143678
0 1 0.0826282 0 0.165256 0.00141832
0 0.599304 0.585873 0.338868 0.237065 0.00140204
0 0.00102852 0.952571 0.00205705 0.0948583 0.00139543
0 0.768619 0.641409 0.281512 0.2186 0.00139391
0 0.505916 0.48918 0.707724 0.458436 0.00137133
0 0.180992 0.865466 0.351736 0.251858 0.00137069
0 0 0.88224 0 0.202679 0.00135859
0 0.935519 0.446052 0.128962 0.283718 0.00135367
0 0.603956 0.452384 0.792087 0.554622 0.00133889
0 0 0.0606998 0 0.1214 0.00132846
0 0.446628 0.956116 0.308641 0.0877676 0.00132415
0 0.588957 0.952589 0.335944 0.0948226 0.00132047
0 0.222809 0.959624 0.274733 0.0807513 0.00131204
0 0.518888 0.953797 0.326357 0.0924057 0.00131054
0 0.306083 0.959279 0.275251 0.0814427 0.0013103
0 0.373084 0.958149 0.283271 0.0837028 0.00129117
0 0.648018 0.488793 0.392441 0.296127 0.00128844
0 0.862212 0.0893785 0.275576 0.178757 0.00128784
0 0.308359 0.193915 0.446108 0.313622 0.00128297
0 0.433332 0.220873 0.796318 0.441746 0.00127263
0 0.658299 0.950752 0.33807 0.0984964 0.00127194
0 0.923941 0.966855 0.152118 0.0662892 0.0012707
0 0.372232 0.314069 0.505428 0.365551 0.00124714
0 0.214835 0.203578 0.420839 0.29386 0.0012378
0 0.974086 0.940625 0.051829 0.115124 0.00123278
0 0.300739 0.191089 0.601478 0.382178 0.00122894
0 0.382701 0.196626 0.514012 0.358408 0.00122102
0 0.934624 0.0721488 0.130751 0.144298 0.00122097
0 0.729456 0.95113 0.341075 0.0977407 0.00121116
0 0.512451 0.709948 0.401219 0.267044 0.00119294
0 0.627977 0.621563 0.257382 0.31244 0.00119122
0 0.491603 0.624313 0.728719 0.499874 0.00118886
0 0.291467 0.308209 0.472856 0.333401 0.00118645
0 0.554112 0.235619 0.891777 0.471239 0.00118215
0 0.29241 0.127598 0.567346 0.255196 0.00118034
0 0.149718 0.348582 0.299435 0.35765 0.00117725
0 0.799644 0.852272 0.400712 0.295457 0.0011726
0 0.861869 0.757712 0.276263 0.378141 0.00117228
0 0.451978 0.265496 0.554742 0.380227 0.00117097
0 0.824369 0.254373 0.351262 0.45981 0.00116695
0 0.671914 0.546043 0.251303 0.158887 0.00115976
0 0.139724 0.296418 0.279449 0.253586 0.0011492
0 0.778769 0.111432 0.442462 0.222864 0.00114573
0 0.223766 0.115405 0.447531 0.230811 0.00114503
0 0.848235 0.505572 0.303531 0.404635 0.00114256
0 0.85721 0.607799 0.285581 0.37661 0.00113934
0 0.290992 0.366115 0.581983 0.441708 0.00113604
0 0.824979 0.952955 0.347472 0.0940904 0.00113146
0 0.19805 0.129368 0.3961 0.258736 0.00112982
0 0.769744 0.498726 0.460513 0.445504 0.00112851
0 0.712924 0.56107 0.32435 0.232321 0.00112612
0 0.000336537 0.397446 0.000673075 0.208704 0.00112443
0 0.893492 0.899088 0.213017 0.201226 0.00112442
0 0.465995 0.634543 0.614271 0.411332 0.00112348
0 0.209033 0.263658 0.389119 0.248828 0.00112339
0 0.47614 0.318497 0.664976 0.447744 0.00112229
0 0.832396 0.654428 0.335208 0.250699 0.00112222
0 0.85168 0.357577 0.29664 0.404037 0.00111511
0 0.324112 0.8721 0.3454 0.23348 0.0011066
0 0.34618 0.266796 0.415314 0.260382 0.00110649
0 0.0723444 0.961256 0.144689 0.0774883 0.00110221
0 0.0443107 0.219283 0.0886214 0.150618 0.00109941
0 0 0.697979 0 0.195021 0.00109884
0 0.767624 0.502564 0.464751 0.537922 0.00109376
0 0 0.964194 0 0.0716129 0.00109367
0 0.0442585 0.268408 0.0885169 0.14939 0.00109304
0 0.853487 0.176912 0.293026 0.353825 0.00109222
0 0.869675 0.953436 0.26065 0.0931282 0.00109171
0 0.216488 0.308993 0.432976 0.311372 0.00108913
0 0.162468 0.960266 0.278529 0.079468 0.0010881
0 0.00049632 0.350215 0.00099264 0.21316 0.00108687
0 0.0455485 0.169743 0.0910969 0.149686 0.00108205
0 0.827736 0.130066 0.344529 0.260133 0.00107819
0 1 0.111727 0 0.182593 0.00107658
0 0.00017313 0.446604 0.00034626 0.205124 0.00107299
0 0.248815 0.95943 0.393059 0.0811402 0.00106962
0 0.0436209 0.317056 0.0872417 0.150508 0.00106815
0 0.0493686 0.063142 0.0987372 0.126284 0.00106803
0 0.769324 0.210625 0.461352 0.421251 0.00106639
0 0.306543 0.840236 0.613086 0.319527 0.00106383
0 0.766949 0.934283 0.466102 0.131433 0.00106356
0 0.870096 0.837932 0.259808 0.324135 0.00106306
0 0.434926 0.132805 0.640027 0.265609 0.00106139
0 0.115679 0.959994 0.231358 0.0800118 0.00106134
0 0.0618652 0.162218 0.12373 0.189687 0.00106088
0 0.690189 0.713015 0.374101 0.24776 0.00105577
0 0.430769 0.851907 0.355273 0.268783 0.00105369
0 0 0.827653 0 0.193518 0.00104229
0 0.0430905 0.365136 0.0861809 0.153042 0.00104211
0 0.0428714 0.463603 0.0857429 0.155065 0.00103872
0 0.322234 0.954636 0.407787 0.0907283 0.00103731
0 0.579503 0.26676 0.737051 0.498003 0.00103513
0 0.0587368 0.213687 0.117474 0.180883 0.0010345
0 0.380549 0.178562 0.761099 0.357123 0.00103442
0 0.0597299 0.26246 0.11946 0.173166 0.00103399
0 0.04538 0.12194 0.0907601 0.141323 0.00103315
0 0.749627 0.159523 0.500746 0.319046 0.00103273
0 0.174736 0.95992 0.348005 0.0801596 0.00103258
0 0.0428838 0.414046 0.0857676 0.154251 0.00103073
0 0.069728 0.524686 0.139456 0.307935 0.00103056
0 0.0426397 0.513021 0.0852795 0.1543 0.00102877
0 0.395823 0.932283 0.484192 0.135433 0.00102137
0 0.854302 0.741581 0.291396 0.278323 0.00102125
0 0.0702177 0.579556 0.140435 0.330238 0.00101703
0 0.0421178 0.615124 0.0842356 0.151606 0.00101665
0 0.0445657 0.8262 0.0891314 0.156895 0.00101563
0 0 0.572089 0 0.198455 0.00101537
0 0.697665 0.130472 0.60467 0.260944 0.00101462
0 0.069482 0.468751 0.138964 0.269866 0.00101344
0 0.577839 0.131835 0.640702 0.26367 0.00101125
0 0.75174 0.268554 0.49652 0.537109 0.001009
0 0.935679 0.555508 0.128643 0.280756 0.00100884
0 0.155315 0.0923188 0.31063 0.184638 0.00100566
0 0.0422909 0.56344 0.0845818 0.15124 0.00100555
0 0.216895 0.419477 0.433789 0.481962 0.00100277
0 5.93578e-05 0.496173 0.000118716 0.201698 0.00100228
0 0.42651 0.835567 0.78184 0.328867 0.00100001
0 0.640156 0.55849 0.179775 0.128719 0.93735
0 1 0.910063 0 0.179873 0.00706236
0 0.76311 0.176762 0.269801 0.112826 0.00650739
0 0.99906 0.949043 0.00187926 0.101914 0.00380427
0 1 0.947798 0 0.104404 0.00374079
0 0.12251 0.903676 0.245019 0.192649 0.00362147
0 0.79943 0.288182 0.401139 0.241602 0.00286096
0 0.0959622 0.886349 0.191924 0.227303 0.00285831
0 0.881567 0.884146 0.236867 0.231708 0.00210069
0 0.892197 1 0.215606 0 0.00197412
0 0.831468 0.303067 0.337063 0.290507 0.00175264
0 0.7338 0.404948 0.111826 0.0630116 0.0016895
0 1 0.105305 0 0.21061 0.0016593
0 0.466725 0.101386 0.28061 0.202773 0.00153075
0 0.899228 0.105961 0.201544 0.211921 0.00153005
0 0.915006 0.132517 0.169988 0.254364 0.00136304
0 0 0.885986 0 0.219411 0.00131795
0 0.36845 0.0915919 0.370907 0.183184 0.00129687
0 0.767423 0.626685 0.298007 0.194849 0.00127085
0 0.432464 0.0957634 0.429796 0.191527 0.00126062
0 0.292188 0.084335 0.325624 0.16867 0.00122747
0 0.335639 0.291234 0.424973 0.195467 0.00117642
0 0.592887 0.101764 0.45392 0.203528 0.00115534
0 0.0420782 0.0710332 0.0841565 0.142066 0.00115198
0 0.195804 0.901883 0.296499 0.196233 0.00114096
0 0.530581 0.495131 0.828093 0.541161 0.00114074
0 0.613446 0.150525 0.559798 0.301049 0.00114031
0 0.0637379 0.365173 0.127476 0.412601 0.00112485
0 0.512029 0.681127 0.449904 0.257354 0.0011192
0 0.511084 0.539817 0.665581 0.512662 0.00111896
0 0.817869 0.267528 0.364262 0.195091 0.00111811
0 0.0630419 0.519927 0.126084 0.449966 0.00111735
0 0.0589601 0.293409 0.11792 0.280066 0.00111423
0 0.0756156 0.444781 0.151231 0.188125 0.00111012
0 0.531436 0.409358 0.416108 0.220782 0.00109715
0 0.847112 0.356391 0.305776 0.392306 0.00109398
0 0.880548 0.223973 0.238904 0.272984 0.00109265
0 0.817243 0.217082 0.365515 0.434164 0.0010794
0 0.586148 0.461342 0.827704 0.590188 0.00107654
0 0.831704 0.158778 0.336593 0.317556 0.00106873
0 0.182146 0.806885 0.364293 0.357512 0.00106517
0 0.9346 0.718592 0.130801 0.283431 0.00106499
0 0.64095 0.785216 0.317062 0.260524 0.00106448
0 0.155335 0.0842301 0.31067 0.16846 0.00106325
0 0.460995 0.285774 0.822576 0.571548 0.00105445
0 0 0.0892949 0 0.17859 0.0010494
0 0.189464 0.566721 0.378928 0.340138 0.00104875
0 0.835671 0.973424 0.328658 0.053152 0.00104826
0 0.906963 0.294444 0.186075 0.28512 0.00104635
0 0.890286 0.091836 0.219428 0.183672 0.0010423
0 0.195021 0.454207 0.390041 0.337682 0.00104139
0 0.491046 0.603004 0.443234 0.310635 0.00103898
0 0.0483003 0.270453 0.0966005 0.211382 0.00103527
0 0.701293 0.784601 0.310731 0.257703 0.00103485
0 0.201314 0.0802717 0.334176 0.160543 0.00103276
0 0.522748 0.666043 0.203554 0.231563 0.00103249
0 0.891941 0.453102 0.216119 0.336242 0.00103249
0 0.18359 0.864117 0.36718 0.271767 0.00102684
0 0.600013 0.0879807 0.344068 0.175961 0.00102503
0 0.195567 0.784903 0.391134 0.303108 0.00101546
0 0.0477833 0.618298 0.0955666 0.42864 0.00101245
0 0.554242 0.786431 0.322296 0.25676 0.0010071
0 0.686681 0.555671 0.270483 0.151294 0.00100205
0 0.641024 0.560558 0.181894 0.133364 0.842393
0 1 0.959094 0 0.0818115 0.00695373
0 0.331686 0.2438 0.116001 0.0711352 0.00451106
0 0.868958 0.905188 0.262083 0.189623 0.00312078
0 0.900758 1 0.198483 0 0.00270845
0 1 0.0957888 0 0.191578 0.00256981
0 0.998057 0.984552 0.00388505 0.030897 0.00255214
0 0.0935383 1 0.187077 0 0.00240004
0 0.16225 0.891471 0.310417 0.217058 0.00229603
0 0.99521 0.961232 0.00957982 0.0775352 0.00218065
0 0.097599 0.883762 0.195198 0.232475 0.00192177
0 0.00543096 0.884777 0.0108619 0.230446 0.00152811
0 0.398436 1 0.255902 0 0.00148878
0 0.12144 1 0.24288 0 0.00146932
0 0.345388 1 0.254936 0 0.00143285
0 0.504237 1 0.255791 0 0.00142177
0 0.451194 1 0.256334 0 0.00142023
0 0.873574 1 0.252851 0 0.00137053
0 0.256912 1 0.254094 0 0.0013611
0 0.557101 1 0.256332 0 0.00133997
0 0.203927 1 0.252983 0 0.00133418
0 0.76208 0.62959 0.269263 0.177753 0.00128184
0 0.60998 1 0.255503 0 0.00122432
0 0.0136017 0.896058 0.0272034 0.207883 0.00117501
0 0.663248 1 0.254594 0 0.00116984
0 0.0375819 0.919268 0.0751637 0.161465 0.00112902
0 0.124547 0.905073 0.249094 0.189854 0.00112099
0 0.82234 1 0.255768 0 0.00109925
0 0.0871105 0.917873 0.174221 0.164254 0.00108876
0 0.769258 1 0.255125 0 0.00107269
0 0.715996 1 0.255206 0 0.00106777
0 1 0.923528 0 0.152944 0.0010618
0 0.89384 0.806662 0.212321 0.175305 0.00105218
0 0.49216 0.11054 0.318816 0.178885 0.0010265
0 0.0374357 0.498139 0.0748715 0.155689 0.00101644
0 0.0374491 0.549991 0.0748983 0.157831 0.00101469
0 0.253695 0.898287 0.324571 0.203427 0.00101253
0 0.832491 0.806637 0.241876 0.167264 0.001011
0 0.0374004 0.446492 0.0748009 0.151932 0.00100629
0 0.0376533 0.18947 0.0753066 0.133672 0.00100384
0 0.0374275 0.300573 0.0748551 0.158446 0.00100193
0 0.64111 0.560783 0.178587 0.130355 0.942642
0 0.99977 0.970204 0.000460194 0.0595915 0.0156568
0 1 0.926181 0 0.147639 0.0106842
0 0.990974 0.990041 0.018051 0.0199183 0.00847147
0 0 0.731895 0 0.126097 0.00430317
0 0.934729 0.998759 0.130543 0.00248175 0.00422632
0 0 0.757084 0 0.127206 0.00410232
0 0 0.964841 0 0.0703186 0.00403955
0 0 0.706961 0 0.125929 0.00401847
0 0.0970113 0.958729 0.194023 0.0825411 0.00391644
0 0 0.782356 0 0.1281 0.0038552
0 0 0.631534 0 0.124703 0.00377305
0 0 0.681812 0 0.125387 0.00367086
0 0 0.807758 0 0.129508 0.00359251
0 0 0.656665 0 0.125266 0.00358203
0 0 0.606813 0 0.125878 0.00345166
0 0.0323607 0.712497 0.0647214 0.230038 0.00342315
0 0.1118 0.996514 0.223601 0.00697098 0.0033768
0 0.977691 0.97512 0.0446182 0.0497599 0.00326199
0 0.0590316 0.923002 0.118063 0.153996 0.00326087
0 0.0287488 0.97057 0.0574976 0.0588594 0.00318761
0 0 0.834834 0 0.135192 0.0031374
0 0 0.582215 0 0.127042 0.00300623
0 0.028398 0.662278 0.0567961 0.230438 0.00295109
0 0.0448092 0.95031 0.0896184 0.0993801 0.00290704
0 0.0339591 0.763142 0.0679181 0.228348 0.00273535
0 0.89699 0.999278 0.20602 0.00144444 0.00268442
0 0 0.557763 0 0.128724 0.00259566
0 0.0271012 0.610483 0.0542024 0.233082 0.00246085
0 0.710958 0.622306 0.425649 0.200434 0.00245837
0 0.921346 1 0.157308 0 0.0024536
0 0 0.532673 0 0.128822 0.00244463
0 0 0.508001 0 0.129653 0.00236338
0 0.0345056 0.915617 0.0690113 0.168765 0.00225778
0 0 0.483117 0 0.129878 0.00219121
0 0.0921157 0.931904 0.184231 0.136193 0.00212437
0 0 0.86092 0 0.139361 0.00210623
0 0 0.458127 0 0.13034 0.00206742
0 0.0346109 0.812007 0.0692219 0.228464 0.00190337
0 0.0246926 0.786074 0.0493853 0.223635 0.00189756
0 0 0.433266 0 0.130569 0.00189244
0 0.0245207 0.736542 0.0490415 0.22195 0.00179676
0 0 0.408524 0 0.131305 0.00177072
0 0.998781 0.0491191 0.00243742 0.0982382 0.00171781
0 0 0.383437 0 0.131029 0.00165862
0 0.0282318 0.558772 0.0564635 0.236094 0.00158946
0 0.0246163 0.835356 0.0492326 0.223725 0.00157002
0 0.00560539 0.959582 0.0112108 0.0808366 0.0015559
0 0.861553 0.999102 0.276894 0.00179539 0.00146032
0 0.997771 0.199583 0.00445759 0.207646 0.00145874
0 1 0.0917399 0 0.18348 0.00144989
0 0 0.35865 0 0.132061 0.00142856
0 0 0.333499 0 0.131968 0.00133414
0 0.888282 1 0.223436 0 0.00129811
0 0.984863 0.00801001 0.0302748 0.01602 0.00125259
0 0 0.951205 0 0.0975903 0.0012207
0 0.999601 0.889186 0.000798318 0.221628 0.00120588
0 0.818603 0.999806 0.32011 0.000388718 0.00116779
0 0 0.309027 0 0.133814 0.00115919
0 0.0309858 0.507631 0.0619716 0.238426 0.00114876
0 0.0983026 1 0.196605 0 0.0011028
0 0.138841 1 0.277681 0 0.00109403
0 0 0.284041 0 0.134231 0.00108186
0 0.0240395 0.884965 0.0480791 0.228282 0.00107341
0 0.63521 0.256812 0.729579 0.513623 0.00103346
0 0.512634 0.237827 0.925821 0.475655 0.00103218
0 0.00312855 0.970611 0.0062571 0.0587786 0.00102888
0 1 0.159287 0 0.210143 0.00102379
0 0 0.887386 0 0.144762 0.00102085
0 0.641139 0.559498 0.180388 0.130522 0.905993
0 0.733359 0.618763 0.390911 0.219535 0.00168239
0 0.582666 0.227896 0.834668 0.455793 0.00103766
0 0.642099 0.558968 0.181216 0.130928 0.9574
0 0.687736 0.624575 0.474957 0.230605 0.00172661
0 0.02292 0.949754 0.04584 0.100492 0.00168669
0 0.587803 0.559636 0.0732044 0.1218 0.00141604
0 0.0148302 0.918148 0.0296604 0.163704 0.00108906
0 0.639539 0.559375 0.182409 0.131046 0.929282
0 0.640611 0.557048 0.177993 0.131005 0.931079
0 0.691289 0.569862 0.127445 0.108177 0.0010223
0 0.640571 0.558701 0.179603 0.131549 0.977288
0 0.99817 0.103271 0.00365995 0.206542 0.00241916
0 0.998286 0.9505 0.00342729 0.0989997 0.00224679
0 0.997815 0.918642 0.00437077 0.162717 0.00178853
0 0.00242957 0.06915 0.00485914 0.1383 0.00117713
0 0.639199 0.559601 0.18124 0.129492 0.931891
0 0.654478 0.576146 0.139442 0.0957727 0.00131282
0 0.640372 0.55907 0.179562 0.132561 0.91661
0 0.847625 0.144069 0.0889423 0.0656176 0.001357
0 0.640487 0.5607 0.179254 0.131151 0.931615
0 0.640661 0.558548 0.181091 0.133399 0.932874
0 0.642265 0.559225 0.178922 0.128062 0.947437
0 1 0.0536252 0 0.10725 0.00107583
0 1 0.0834748 0 0.151627 0.00103481
0 0.641417 0.558858 0.180102 0.129744 0.959469
0 0.697808 0.58072 0.176746 0.125014 0.00164965
0 0.639855 0.557817 0.180497 0.130298 0.941038
0 0.712211 0.58034 0.179336 0.130201 0.00133525
0 0.639873 0.558739 0.181959 0.130167 0.921474
0 0.641351 0.558808 0.179145 0.130607 0.952857
0 0.845784 0.141939 0.0940498 0.0562554 0.00975171
0 0.889492 1 0.221016 0 0.00383122
0 0.0977844 1 0.195569 0 0.00332509
0 0.851657 1 0.24877 0 0.00284231
0 0.248474 1 0.248778 0 0.00274713
0 0.796573 1 0.245757 0 0.00268985
0 0.159696 1 0.248687 0 0.00266613
0 0.690701 1 0.248162 0 0.00264426
0 0.301515 1 0.249292 0 0.00263171
0 0.390148 1 0.249582 0 0.00261605
0 0.743649 1 0.247227 0 0.00259182
0 0.549368 1 0.249674 0 0.002553
0 0.707074 0.176076 0.122067 0.113016 0.00252433
0 0.61997 1 0.24904 0 0.00250635
0 0.443126 1 0.249869 0 0.00249828
0 0.496313 1 0.249701 0 0.00249773
0 0.918601 1 0.162797 0 0.00241581
0 0.641371 0.558966 0.180083 0.133198 0.927936
0 0.00229368 0.914288 0.00458735 0.171424 0.00344966
0 0.999422 0.944039 0.00115562 0.111923 0.00103663
0 0.00275365 0.65953 0.0055073 0.247877 0.0010301
0 0.640459 0.559164 0.180186 0.130416 0.937677
0 0.640574 0.559408 0.180039 0.130406 0.956281
0 0.640887 0.559212 0.180649 0.12981 0.918259
0 0.640357 0.558543 0.178226 0.129529 0.927277
0 0.639818 0.55681 0.176612 0.132107 0.889757
0 0.639746 0.557879 0.179936 0.13209 0.937428
0 0.641404 0.558112 0.178716 0.13054 0.929684
0 0.638739 0.559149 0.178214 0.130077 0.945543
0 0.646896 0.608583 0.167181 0.0327847 0.00298237
0 0.640427 0.558621 0.18104 0.128914 0.917823
0 0.651967 0.61018 0.163149 0.0289389 0.00102835
0 0.639778 0.558688 0.178043 0.130278 0.928226
0 0.640553 0.558154 0.17829 0.132335 0.919952
0 0.640491 0.559571 0.179133 0.131706 0.949325
0 0.640954 0.557663 0.17736 0.129609 0.933065
0 0.816083 0.868383 0.367835 0.260401 0.00615494
0 0.640086 0.557389 0.176373 0.129979 0.917233
0 0.639962 0.559086 0.179147 0.127233 0.919645
0 0.640739 0.558078 0.177364 0.1316 0.947213
0 0.640774 0.558923 0.179361 0.132032 0.945001
0 0.639411 0.559624 0.177625 0.130829 0.939345
0 0.639638 0.55789 0.179213 0.130584 0.931263
0 0.641103 0.557593 0.17882 0.127876 0.947667
0 0.641317 0.558458 0.18051 0.128754 0.930937
0 0.641642 0.558373 0.18202 0.130304 0.940859
0 0.640563 0.55904 0.181142 0.13157 0.93503
0 0.640275 0.559846 0.179567 0.131285 0.934863
0 0.640123 0.558428 0.180741 0.130488 0.948182
0 0.640871 0.560208 0.180843 0.130963 0.950681
0 0.640948 0.558831 0.180474 0.129218 0.933537
0 0.640613 0.559389 0.177587 0.129586 0.956124
0 0.641454 0.559673 0.178465 0.129989 0.934606
0 0.640544 0.558661 0.180917 0.128205 0.928169
0 0.641021 0.558225 0.180978 0.132234 0.955182
0 0.639975 0.558023 0.178724 0.131149 0.952193
0 0.843517 0.147345 0.0957307 0.0721582 0.0101453
0 0.70607 0.139401 0.123604 0.0510962 0.0026633
0 0.641132 0.558788 0.178886 0.130263 0.945326
0 0.641819 0.55959 0.180727 0.129809 0.928229
0 0.640462 0.559008 0.179594 0.131583 0.943757
0 0.640228 0.558756 0.17812 0.127871 0.918291
0 0.640337 0.558423 0.179534 0.129861 0.949594
0 0.640142 0.559082 0.179298 0.130019 0.936171
0 0.640969 0.559438 0.17856 0.128483 0.932532
0 0.64098 0.559321 0.178674 0.131239 0.942114
0 0.640265 0.559043 0.178619 0.12993 0.946499
0 0.63949 0.559449 0.180353 0.129239 0.938768
0 0.639025 0.55874 0.178982 0.129641 0.946854
0 0.641021 0.558168 0.179704 0.128613 0.947338
0 0.641042 0.558611 0.178979 0.130912 0.937254
0 0.749653 0.167075 0.198326 0.106275 0.00221185
0 0.712386 0.169758 0.125748 0.105862 0.00191988
0 0.640485 0.559546 0.178575 0.129913 0.948095
0 0.711441 0.173721 0.123989 0.107194 0.00122129
0 0.64077 0.559285 0.180192 0.130855 0.934771
0 0.640836 0.559191 0.180161 0.127985 0.940546
0 0.640137 0.558859 0.181016 0.128366 0.945252
0 0.640764 0.559001 0.178603 0.130586 0.935999
0 0.641503 0.558596 0.18006 0.131917 0.943092
0 0.71256 0.165468 0.123675 0.104098 0.0014775
0 0.639622 0.558718 0.181026 0.131125 0.947546
0 0.711245 0.171651 0.123468 0.106795 0.00248529
0 0.641131 0.559132 0.179173 0.13107 0.938858
0 0.640464 0.558203 0.181127 0.130541 0.944116
0 0.709921 0.174049 0.126191 0.108589 0.00110585
0 0.64107 0.558463 0.177854 0.130425 0.955901
0 0.641605 0.55869 0.179729 0.129287 0.950501
0 0.641325 0.559076 0.180101 0.129097 0.947658
0 0.641046 0.558862 0.179245 0.130393 0.94558
0 0.711391 0.172041 0.126917 0.109923 0.00122677
0 0.640161 0.559166 0.180725 0.130283 0.93001
0 0.64008 0.559629 0.181406 0.129677 0.925038
0 0.641094 0.558855 0.180665 0.131835 0.944981
0 0.640891 0.558816 0.181113 0.130819 0.950174
0 0.641008 0.559113 0.18007 0.131121 0.943492
0 0.710808 0.171362 0.124324 0.108196 0.00123318
0 0.6411 0.559367 0.180086 0.130347 0.942413
0 0.711466 0.170205 0.122042 0.106349 0.00117249
0 0.640894 0.559506 0.180227 0.130209 0.941345
0 0.640534 0.559421 0.179242 0.130248 0.943583
0 0.640823 0.559051 0.180578 0.131233 0.943128
0 0.640906 0.559047 0.180051 0.131198 0.945203
0 0.641019 0.558174 0.179705 0.128624 0.947408
