0 0.30462 0.601836 0.189336 0.137956 0.0316941
0 0.602982 0.537743 0.177752 0.123521 0.0187097
0 0.302365 0.705091 0.198877 0.371705 0.0148035
0 0.0641208 0.0740674 0.125824 0.140907 0.0144563
0 0.600745 0.500927 0.181582 0.198052 0.0141239
0 0.00360337 0.126418 0.00720674 0.252836 0.014072
0 0.999586 0.104297 0.000829028 0.208594 0.0139378
0 0.00736 0.0725149 0.01472 0.14503 0.0138973
0 1 0.913086 0 0.173828 0.0138762
0 1 0.0711646 0 0.142329 0.0138589
0 0.303053 0.564758 0.196249 0.21047 0.0138415
0 0.633509 0.538012 0.253178 0.127037 0.0138387
0 0 0.908512 0 0.182976 0.01383
0 0.259785 0.600152 0.28542 0.160538 0.0138295
0 0.444731 0.592329 0.478339 0.179887 0.0137432
0 0.256379 0.699657 0.298655 0.37171 0.0137252
0 0.376783 0.570999 0.326544 0.236833 0.01363
0 0 0.0947067 0 0.189413 0.0135909
0 1 0.813472 0 0.373056 0.0134993
0 0.497095 0.14109 0.869319 0.272633 0.0134424
0 1 0.0214421 0 0.0428842 0.0133961
0 0.99676 0.164765 0.00647944 0.32953 0.0133738
0 0.00483014 0.814964 0.00966027 0.370071 0.0133705
0 0.0675525 0.430382 0.135105 0.860764 0.0133361
0 0.760066 0.886082 0.0897278 0.171591 0.013302
0 0.986821 0.442336 0.0263588 0.884672 0.0132502
0 0.639246 0.490697 0.279675 0.223603 0.0132472
0 0 0.0311068 0 0.0622136 0.0132252
0 0.0800669 0.178453 0.160134 0.356906 0.0131586
0 0.99347 0.335465 0.0130594 0.670931 0.0131112
0 0.285584 0.0883905 0.571168 0.166028 0.0130863
0 0.0208974 0.381886 0.0417949 0.763771 0.0130666
0 0.904697 0.429597 0.190606 0.859193 0.0130519
0 0.974432 0.490448 0.0511351 0.980896 0.0130102
0 0.0908974 0.537088 0.181795 0.925824 0.0129885
0 0.289499 0.2546 0.578998 0.507159 0.0129845
0 0.38246 0.490079 0.612957 0.289243 0.0129835
0 0.214723 0.564882 0.429446 0.870237 0.0129637
0 0.409454 0.16819 0.756379 0.322192 0.0129331
0 0.993395 0.564721 0.0132104 0.870558 0.0129142
0 0.311566 0.137204 0.623051 0.266252 0.0128996
0 0.794171 0.886681 0.166535 0.184356 0.0128738
0 0.990827 0.628461 0.0183451 0.743079 0.0128715
0 0.0652555 0.641791 0.130511 0.716419 0.0128487
0 0.98688 0.692906 0.0262409 0.614188 0.0128217
0 0.529171 0.640369 0.332231 0.37708 0.0127924
0 0.725498 0.619798 0.431924 0.431561 0.0127839
0 0.0956299 0.900864 0.19126 0.198271 0.0127495
0 0.143165 0.278471 0.28633 0.556941 0.0127269
0 0.0390686 0.731694 0.0781371 0.536611 0.0126699
0 0.939303 0.540945 0.121394 0.91811 0.0126695
0 0.581622 0.67822 0.211813 0.40752 0.0126683
0 0.244423 0.572348 0.322461 0.206425 0.0126657
0 0.630147 0.959424 0.435386 0.081152 0.0126459
0 0.452691 0.72064 0.513417 0.502317 0.012634
0 0.0907621 0.912262 0.181524 0.169473 0.012633
0 0.784465 0.827895 0.167835 0.280636 0.0126293
0 0.740622 0.897092 0.127094 0.163939 0.0126153
0 0.36286 0.0907319 0.72572 0.181464 0.0126063
0 0.492957 0.100248 0.874508 0.200496 0.0125948
0 0.85745 0.8762 0.2851 0.228572 0.0125845
0 0.128316 0.427403 0.256631 0.854805 0.0125753
0 0.00801121 0.301528 0.0160224 0.603055 0.0125726
0 0.00452659 0.196773 0.00905319 0.393546 0.012571
0 0.432517 0.293831 0.760816 0.58453 0.0125647
0 0.289278 0.73813 0.306526 0.426375 0.0125571
0 0.0226983 0.528513 0.0453966 0.942973 0.0125466
0 0.329284 0.417597 0.658567 0.835193 0.0125303
0 0.472268 0.130914 0.910352 0.261829 0.0125244
0 0.61628 0.915382 0.237736 0.160344 0.0125227
0 0.846432 0.894657 0.307137 0.210685 0.0125102
0 0.752435 0.505822 0.49513 0.221432 0.0125064
0 0.755671 0.971984 0.488657 0.0560318 0.0124603
0 0.171744 0.89735 0.343489 0.2053 0.0124563
0 0.124899 0.804156 0.249799 0.391688 0.0124546
0 0.850137 0.81086 0.295774 0.315698 0.0124451
0 0.300345 0.5156 0.349937 0.289685 0.0124444
0 0.852351 0.797023 0.295298 0.375654 0.0124223
0 0.585319 0.478687 0.214256 0.241829 0.0124152
0 0.217217 0.877801 0.249242 0.213312 0.012413
0 0.541705 0.944167 0.453825 0.111665 0.0124116
0 0.228142 0.912741 0.320832 0.174518 0.0124103
0 0.589099 0.958405 0.515309 0.0831898 0.0123932
0 0.371306 0.584078 0.742613 0.831845 0.0123909
0 0.557235 0.918321 0.232882 0.163359 0.0123836
0 0.848959 0.837536 0.302082 0.324929 0.0123786
0 0.498324 0.959664 0.374382 0.0806722 0.0123762
0 0.169615 0.924372 0.33923 0.151255 0.0123732
0 0.792413 0.897002 0.415174 0.205996 0.0123716
0 0.718993 0.152335 0.562014 0.293938 0.0123544
0 0.850043 0.752889 0.299913 0.456366 0.0123526
0 0.303678 0.969563 0.546265 0.0608732 0.0123522
0 0.746393 0.87047 0.13089 0.204359 0.012352
0 0.963049 0.0439545 0.0739018 0.087909 0.0123464
0 0.641228 0.0733583 0.717545 0.146717 0.0123446
0 0.253015 0.968467 0.50603 0.0630657 0.0123417
0 0.759798 0.55711 0.480404 0.308482 0.0123393
0 0.242141 0.813171 0.298653 0.317865 0.0123291
0 0.729367 0.710628 0.480787 0.526745 0.0123283
0 0.630475 0.902806 0.185135 0.15518 0.0123204
0 0.248346 0.851111 0.347282 0.297777 0.0123136
0 0.202875 0.755142 0.40575 0.489717 0.0123094
0 0.39795 0.972618 0.433472 0.0547633 0.0123047
0 0.30582 0.905891 0.494617 0.188218 0.0123005
0 0.258849 0.336305 0.466709 0.64904 0.0122902
0 0.188836 0.966692 0.377673 0.0666161 0.0122839
0 0.493951 0.918363 0.326088 0.163274 0.0122833
0 0.147669 0.824234 0.295337 0.340037 0.0122771
0 0.117809 0.833401 0.235617 0.317821 0.0122741
0 0.270465 0.801963 0.367631 0.3788 0.012271
0 0.139774 0.691743 0.279549 0.616515 0.0122559
0 0.371448 0.362651 0.742897 0.725303 0.0122455
0 0.534339 0.407418 0.704113 0.371503 0.0122342
0 0.231652 0.393765 0.463304 0.78753 0.0122148
0 0.522568 0.186705 0.935467 0.373411 0.012208
0 0.736451 0.414965 0.527099 0.368341 0.0121987
0 0.42399 0.919542 0.424142 0.160916 0.0121956
0 0.534632 0.429782 0.930736 0.859564 0.0121955
0 0.663808 0.859756 0.355437 0.222933 0.0121885
0 0.593143 0.715688 0.321734 0.512066 0.012182
0 0.202171 0.488394 0.404342 0.358556 0.0121725
0 0.857465 0.123338 0.28507 0.246676 0.012159
0 0.863432 0.50019 0.273137 0.97939 0.012157
0 0.354127 0.831171 0.496252 0.332268 0.0121447
0 0.351564 0.874287 0.515597 0.251427 0.0121446
0 0.845408 0.663865 0.309184 0.67227 0.0121427
0 0.837638 0.197153 0.324724 0.362043 0.0121358
0 0.849727 0.279463 0.300546 0.558926 0.0121354
0 0.496512 0.855482 0.463 0.275887 0.0121291
0 0.352607 0.744506 0.455171 0.450398 0.0121283
0 0.765878 0.815688 0.228618 0.29235 0.0121236
0 0.445902 0.901219 0.362461 0.197561 0.012115
0 0.156148 0.739169 0.312295 0.507225 0.0121035
0 0.358674 0.431641 0.717348 0.353282 0.0120715
0 0.812701 0.734573 0.374597 0.477484 0.0120664
0 0.215002 0.525431 0.430004 0.415401 0.012044
0 0.755968 0.597221 0.488065 0.473747 0.0120423
0 0.753877 0.68403 0.492245 0.480003 0.0120367
0 0.808501 0.144393 0.382998 0.277301 0.012033
0 0.557191 0.780368 0.503436 0.388631 0.0120317
0 0.637249 0.794536 0.473226 0.328609 0.0119933
0 0.579786 0.310043 0.840428 0.586491 0.0119767
0 0.84129 0.372691 0.31742 0.735576 0.0119715
0 0.764865 0.75051 0.34178 0.420934 0.0119631
0 0.645762 0.717243 0.46377 0.49105 0.011958
0 0.829697 0.25266 0.340606 0.479634 0.0119516
0 0.79854 0.478739 0.40292 0.772238 0.0119474
0 0.722116 0.352659 0.555767 0.618532 0.0119315
0 0.753886 0.384538 0.492229 0.457327 0.0119282
0 0.756329 0.499294 0.487342 0.385286 0.0118871
0 0.755169 0.939126 0.0842164 0.0603792 0.00370195
0 1 0.0460148 0 0.0920297 0.00339471
0 1 0.0642512 0 0.128502 0.00334805
0 0.551865 0.429563 0.159892 0.11725 0.00333979
0 0.736106 0.950524 0.186551 0.0989518 0.00331873
0 0.166712 0.941379 0.114542 0.044199 0.00328194
0 0.75869 0.952021 0.100632 0.091712 0.00326254
0 0 0.0720495 0 0.144099 0.00326141
0 0 0.0737202 0 0.14744 0.00325734
0 0 0.931712 0 0.136576 0.00325345
0 0 0.0513214 0 0.102643 0.00324964
0 0.147148 0.418823 0.0896677 0.12319 0.00323687
0 1 0.0662197 0 0.132439 0.00323171
0 0 0.885106 0 0.229789 0.00322357
0 0.762441 0.9178 0.0988378 0.0977648 0.00321251
0 0.119336 0.447869 0.0392602 0.146947 0.00320367
0 0.148942 0.440339 0.0930487 0.14638 0.00320115
0 1 0.0451329 0 0.0902658 0.00319774
0 0 0.966979 0 0.0660424 0.00319297
0 0.182744 0.542873 0.161353 0.111968 0.00318591
0 0.213524 0.0509218 0.254699 0.0891169 0.00318428
0 0.056512 0.150457 0.0995109 0.2784 0.00317806
0 0.170813 0.953508 0.125274 0.0715591 0.00317662
0 0 0.95731 0 0.0853807 0.0031754
0 0.164281 0.415602 0.123133 0.120661 0.00317386
0 3.9599e-05 0.0870207 7.9198e-05 0.1568 0.00316948
0 0.196643 0.0786738 0.220349 0.144348 0.00316852
0 0.269747 0.0453144 0.358336 0.0776618 0.00316835
0 0.115958 0.459626 0.0548203 0.175467 0.00316256
0 0 0.33775 0 0.240703 0.0031586
0 0 0.786905 0 0.21072 0.00315792
0 0 0.854536 0 0.258321 0.00315684
0 0.718827 1 0.49455 0 0.00315547
0 0.0667818 0.893999 0.133564 0.200354 0.00315508
0 0 0.06047 0 0.12094 0.00315403
0 0 0.392807 0 0.230221 0.00315371
0 0.845203 1 0.309595 0 0.00315356
0 0.061153 0.244005 0.122306 0.305203 0.00315347
0 0 0.731392 0 0.214732 0.00315327
0 0.169996 0.459435 0.134834 0.173623 0.00315234
0 0 0.512634 0 0.249925 0.00315182
0 0 0.439939 0 0.237342 0.00315165
0 0 0.564372 0 0.247509 0.00315109
0 0.172641 0.887945 0.126662 0.126383 0.00315085
0 0.055104 0.373581 0.110208 0.297203 0.00315074
0 0.15155 0.472871 0.2212 0.295068 0.00315012
0 0 0.283957 0 0.251643 0.00315005
0 0 0.674399 0 0.23612 0.00314863
0 0.290057 0.570394 0.366799 0.122844 0.00314833
0 0 0.616243 0 0.243612 0.0031477
0 0.17467 0.927609 0.130497 0.053722 0.00314699
0 0.0643525 0.432087 0.0920835 0.138232 0.00314605
0 0.066196 0.846941 0.132392 0.293289 0.00314552
0 1 0.931609 0 0.136782 0.00314414
0 0.781569 0.0607324 0.280293 0.11043 0.00314394
0 0 0.227246 0 0.256805 0.00314306
0 0.0575998 0.19823 0.0970158 0.191126 0.00314056
0 0.16977 1 0.339539 0 0.00313949
0 0.665275 1 0.453887 0 0.00313932
0 0.403134 0.235975 0.508336 0.181196 0.00313911
0 0.671154 0.0347653 0.466277 0.0571419 0.00313824
0 0 0.173773 0 0.258138 0.00313604
0 0.597613 0.430837 0.248018 0.106366 0.00313508
0 0.0590321 0.914567 0.118064 0.161905 0.00313471
0 0.621141 0.487022 0.363949 0.198302 0.00313445
0 0.153329 0.139603 0.119529 0.132178 0.00313178
0 0 0.124025 0 0.247689 0.00313079
0 1 0.893561 0 0.212878 0.00313065
0 0.391477 0.0296605 0.486705 0.0480972 0.00313064
0 1 0.957072 0 0.0858564 0.00313048
0 0.4549 1 0.561855 0 0.00313028
0 0.127404 0.617569 0.182198 0.112316 0.00312846
0 0.356078 1 0.544369 0 0.00312811
0 0.175483 0.995723 0.350966 0.00855465 0.00312746
0 0.441993 0.255259 0.482851 0.137093 0.00312702
0 0.180666 0.863215 0.154515 0.181097 0.00312701
0 0.691011 0.933185 0.216421 0.0943357 0.00312642
0 0.739445 0.053897 0.365222 0.0966777 0.00312615
0 0.0689873 0.176688 0.116836 0.339575 0.00312583
0 0.307525 0.0356672 0.426426 0.0586083 0.00312506
0 0.644729 0.942869 0.361256 0.114261 0.0031243
0 0.153072 0.595401 0.293327 0.136945 0.00312394
0 0.0669753 0.408733 0.0903368 0.142278 0.00312338
0 0 0.688008 0 0.246352 0.0031233
0 0 0.630468 0 0.261288 0.00312221
0 0.0570438 0.344281 0.114088 0.377843 0.00312219
0 0.918547 0.0940034 0.158225 0.162641 0.0031215
0 0.167502 0.280433 0.152404 0.0978114 0.0031203
0 0.866406 0.943402 0.267189 0.113196 0.00311999
0 0.228724 0.240635 0.196454 0.141505 0.00311927
0 0.782027 0.101871 0.21354 0.172641 0.00311883
0 0.823572 0.104537 0.152964 0.13711 0.0031187
0 0.209554 0.425052 0.184847 0.108907 0.00311856
0 0 0.0824052 0 0.159851 0.00311856
0 0.291673 0.603728 0.299443 0.135121 0.00311817
0 0.86896 0.999621 0.262081 0.000757313 0.00311668
0 0.183092 0.52058 0.148606 0.0577448 0.00311651
0 0.848168 0.0587493 0.299448 0.104829 0.00311642
0 0.0671175 0.300011 0.134235 0.410423 0.00311631
0 0.218148 0.999832 0.427036 0.000335789 0.00311629
0 0.946916 0.0574465 0.106168 0.10449 0.00311599
0 0.265555 0.239924 0.204682 0.142281 0.00311477
0 0 0.743836 0 0.226747 0.00311457
0 0.260725 0.000214124 0.404777 0.000428247 0.00311403
0 0.112125 0.239672 0.0396688 0.143071 0.00311391
0 0.944953 0.107728 0.107278 0.171447 0.00311372
0 0.745267 0.124177 0.303572 0.14891 0.00311343
0 0.54147 0.0311059 0.530138 0.051548 0.00311251
0 0.0726892 0.774434 0.145378 0.318392 0.00311243
0 0.658217 0.938576 0.303334 0.0933273 0.00311235
0 0.239331 0.557413 0.299888 0.153012 0.00311232
0 1 0.164769 0 0.268216 0.00311224
0 0.307761 0.406381 0.344348 0.149302 0.00311206
0 0.166644 0.615242 0.153579 0.113986 0.00311203
0 0.294959 0.614195 0.230313 0.118114 0.00311201
0 0.108707 0.443807 0.0934012 0.21262 0.00311183
0 0.190644 0.0353724 0.310015 0.0658826 0.0031103
0 0.921778 0.907303 0.156444 0.165931 0.00311018
0 0.626291 0.543227 0.140522 0.122776 0.00310999
0 0.178406 0.512603 0.154017 0.0824365 0.00310971
0 0.158032 0.942523 0.316064 0.114954 0.00310968
0 0.274412 0.427192 0.181645 0.114537 0.00310957
0 0.117487 0.935044 0.234974 0.129912 0.00310936
0 0.180163 0.516395 0.360325 0.247813 0.00310916
0 0.246856 0.420636 0.243004 0.105465 0.00310817
0 0.995879 0.0764983 0.00824119 0.147511 0.00310805
0 0.0625644 0.429276 0.105976 0.232656 0.00310788
0 0.0580553 0.445217 0.116111 0.283781 0.00310776
0 0.864266 0.987888 0.271468 0.0242235 0.00310716
0 1 0.050175 0 0.10035 0.00310712
0 0.649391 0.4387 0.29375 0.0894245 0.00310701
0 0.0993271 0.465866 0.198545 0.286387 0.00310657
0 0.815381 0.951033 0.369239 0.097934 0.00310508
0 0.0787003 0.90722 0.157401 0.185559 0.00310431
0 0.834932 0.0700602 0.162084 0.12977 0.00310415
0 1 0.216818 0 0.262004 0.00310412
0 0.739779 0.592955 0.196883 0.171602 0.00310398
0 0.85976 0 0.28048 0 0.00310375
0 0.0756098 0.7186 0.15122 0.309139 0.00310353
0 0.237074 0.509817 0.394509 0.259189 0.00310322
0 0.628401 0.0291469 0.546511 0.0456752 0.00310313
0 0.144114 0.176956 0.118839 0.259183 0.00310294
0 0.436445 0.944146 0.331959 0.111707 0.00310226
0 0.929687 0.879493 0.140627 0.134069 0.00310158
0 0.0749764 0.936757 0.149953 0.126486 0.00310157
0 0.154726 0.267581 0.126577 0.0882715 0.00310151
0 0.942973 0.118315 0.114054 0.229044 0.00310121
0 0.580279 0.142399 0.298454 0.184774 0.00310092
0 0 0.0775701 0 0.15514 0.0031009
0 0.0833254 0.820503 0.165062 0.222479 0.00310066
0 0.5 0.407209 1 0.814418 0.0199541
0 0.340263 0.241583 0.680526 0.483167 0.019304
0 0.875809 0.186688 0.248382 0.373376 0.0189617
0 0.373494 0.479838 0.746989 0.837713 0.0186983
0 0.380485 0.600672 0.76097 0.798657 0.0186495
0 0.317776 0.204362 0.635552 0.408725 0.0185047
0 0.606591 0.245481 0.786817 0.490962 0.0182923
0 0.314092 0.394814 0.628184 0.789629 0.0181662
0 0.22423 0.558208 0.44846 0.871912 0.017868
0 0.518093 0.359612 0.963815 0.719223 0.0177028
0 0.5 0.135947 1 0.271894 0.0174899
0 0.215598 0.64188 0.431195 0.716239 0.0173613
0 0.312634 0.301327 0.625268 0.602654 0.0173308
0 0.548891 0.484642 0.902219 0.837616 0.0172793
0 0.518857 0.349884 0.962286 0.699767 0.0172488
0 0.510281 0.189705 0.977384 0.37941 0.0169813
0 0.610994 0.372802 0.778012 0.642384 0.0167595
0 0.510749 0.191969 0.978503 0.383937 0.0166826
0 0.635043 0.576915 0.729914 0.844767 0.0165475
0 0.600228 0.693818 0.799544 0.612363 0.016498
0 0.360587 0.165004 0.721174 0.330008 0.0159859
0 0.321549 0.601693 0.643098 0.796615 0.0159848
0 0.505422 0.705196 0.989156 0.589607 0.0159432
0 0.996248 0.132185 0.00750326 0.26437 0.0157063
0 0.28365 0.19189 0.5673 0.383781 0.0155592
0 0.446443 0.225239 0.892886 0.450479 0.0153798
0 0.45273 0.333491 0.905459 0.666983 0.0153278
0 0.633468 0.758282 0.733065 0.483435 0.0149475
0 0.444626 0.401657 0.889252 0.801595 0.0149198
0 0.474854 0.262452 0.949708 0.524904 0.0148524
0 0.244109 0.344523 0.488217 0.689046 0.0147455
0 0.471968 0.591254 0.943935 0.817491 0.0146435
0 0.5 0.282043 1 0.564086 0.0145075
0 0.419776 0.135127 0.839552 0.270255 0.0145054
0 0.5 0.75541 1 0.489181 0.0143995
0 0.5 0.145355 1 0.290709 0.0143895
0 0.637803 0.843221 0.724395 0.313559 0.0141677
0 0.25517 0.722767 0.510341 0.554467 0.0141204
0 0.649083 0.320105 0.701835 0.610143 0.0141179
0 0.5 0.798971 1 0.402058 0.014079
0 0.202682 0.681664 0.405364 0.636671 0.0139756
0 0.5 0.442242 1 0.793365 0.0138894
0 0.997679 0.086997 0.00464287 0.173994 0.01377
0 0.678797 0.651379 0.642407 0.697242 0.01365
0 0.0369745 0.186418 0.073949 0.372836 0.0136063
0 0.160878 0.284233 0.321757 0.568467 0.0135914
0 0.339736 0.672695 0.679471 0.654611 0.0135865
0 0.501778 0.630222 0.996444 0.739557 0.0135561
0 0.466098 0.80317 0.932197 0.39366 0.0133378
0 0.454403 0.650383 0.908806 0.699234 0.0133213
0 0.659585 0.433499 0.680831 0.733085 0.0133176
0 0.5 0.590756 1 0.818487 0.0131845
0 0.292224 0.751095 0.584449 0.497809 0.0131002
0 0.00196021 0.0643025 0.00392043 0.128605 0.0129979
0 0.389459 0.722814 0.778917 0.554373 0.0128966
0 0.0257597 0.894107 0.0515195 0.211786 0.0128939
0 0.152679 0.750304 0.305357 0.499393 0.0127427
0 0.00206535 0.103127 0.0041307 0.206255 0.0126985
0 0.909887 0.124707 0.180225 0.249414 0.0126968
0 0.171784 0.755863 0.343568 0.488273 0.0126555
0 0.541923 0.606762 0.916154 0.786477 0.0126347
0 0.340526 0.154782 0.681052 0.309564 0.0126156
0 0.310991 0.17428 0.621983 0.348561 0.012502
0 1 0.0152373 0 0.0304747 0.0124148
0 0.00591666 0.926232 0.0118333 0.147536 0.012407
0 0.981082 0.180695 0.037835 0.361391 0.0123718
0 0.72857 0.748148 0.54286 0.503704 0.0123713
0 1 0.0329217 0 0.0658434 0.0123664
0 0.783184 0.218935 0.433632 0.411795 0.0123268
0 0.556198 0.13254 0.887604 0.26508 0.0122957
0 0.72212 0.383323 0.55576 0.423229 0.0122486
0 0.703303 0.463614 0.593394 0.539603 0.0122464
0 0.71964 0.114888 0.560719 0.229776 0.0122074
0 0.743891 0.296006 0.512217 0.325342 0.0121881
0 0.486416 0.86833 0.972832 0.263341 0.0121494
0 0.667583 0.90095 0.664835 0.1981 0.0120799
0 0.143837 0.159901 0.287674 0.319801 0.0120575
0 0.706547 0.633248 0.586905 0.506346 0.0119977
0 1 0.0125406 0 0.0250811 0.0119673
0 0.956064 0.101423 0.0878712 0.202846 0.0118289
0 0.509062 0.842108 0.981876 0.315784 0.0116435
0 0.0452711 0.141509 0.0905422 0.283018 0.0116234
0 0.11314 0.835191 0.22628 0.329618 0.0115183
0 1 0.914892 0 0.170217 0.0115078
0 0.291401 0.868903 0.582803 0.262195 0.0113444
0 0.581585 0.807577 0.836829 0.384846 0.0111584
0 0.282158 0.800995 0.564317 0.39801 0.0111377
0 0.779473 0.840721 0.441054 0.318557 0.0109861
0 0.133439 0.911583 0.266878 0.176835 0.0109009
0 0.293231 0.897054 0.586462 0.205892 0.0107012
0 0.590704 0.86519 0.818592 0.26962 0.0100849
0 0.609071 0.53956 0.15852 0.125832 0.00586908
0 0.643674 0.544925 0.240541 0.136655 0.00499364
0 0 0.0368387 0 0.0736774 0.00432344
0 0.920572 0.429795 0.158855 0.127139 0.00404586
0 0.919741 0.566081 0.160518 0.146564 0.00402108
0 0.920586 0.455387 0.158829 0.127293 0.00397601
0 0.919189 0.484773 0.161622 0.131658 0.00392582
0 0.917477 0.513779 0.165045 0.137962 0.00391772
0 0.918305 0.604549 0.163389 0.121012 0.0039152
0 0.918729 0.388426 0.162542 0.139019 0.00390756
0 0.111546 0.77138 0.223091 0.178776 0.00385802
0 0.0640008 0.0715872 0.128002 0.136655 0.00384189
0 0.607958 0.583058 0.197713 0.214702 0.00378809
0 0.917838 0.633805 0.164323 0.12717 0.00377388
0 0.904247 0.366002 0.191507 0.147534 0.00376299
0 0.325787 0.318354 0.561487 0.183341 0.00375912
0 0.324262 0.607455 0.208024 0.131163 0.0037375
0 0.108552 0.575368 0.217104 0.199265 0.00372886
0 0.390281 0.312406 0.433433 0.248431 0.00372315
0 0.108001 0.524092 0.216003 0.204449 0.00365662
0 0.118573 0.722045 0.237146 0.19764 0.00364956
0 0.303597 0.288044 0.607195 0.205315 0.00363969
0 0.915529 0.663076 0.168942 0.14109 0.0035995
0 0.112612 0.623133 0.225224 0.197455 0.00356339
0 0.745594 0.377404 0.508811 0.174679 0.00356207
0 0.107107 0.817879 0.214214 0.18597 0.00354591
0 0.117965 0.67412 0.23593 0.20474 0.00353547
0 0.889619 0.33972 0.220761 0.13172 0.00352996
0 0.304833 0.0943029 0.509909 0.188606 0.00352031
0 0.899394 0.306998 0.201213 0.126068 0.00351341
0 0.9418 0.56324 0.116401 0.184401 0.00350788
0 0.315298 0.588519 0.182748 0.118754 0.00350022
0 0.905613 0.282997 0.188773 0.134339 0.0034942
0 0.941026 0.514423 0.117949 0.181773 0.00348633
0 0.934153 0.309699 0.131695 0.187842 0.0034822
0 0.124439 0.797743 0.248879 0.214163 0.00346933
0 0.10963 0.473213 0.219259 0.208144 0.00346877
0 0.769183 0.920178 0.461634 0.159644 0.00346185
0 0.907581 0.542282 0.184838 0.144336 0.00345442
0 0.639052 0.40681 0.356651 0.197239 0.00344737
0 0.940323 0.463559 0.119355 0.181548 0.00344005
0 0.677031 0.0952548 0.399291 0.19051 0.0034361
0 0.985908 0.886836 0.0281849 0.226328 0.00343314
0 0.750126 0.771247 0.397052 0.20438 0.00342675
0 0.90885 0.68974 0.182299 0.155728 0.0034248
0 0.698124 0.409452 0.501634 0.158719 0.00340944
0 0.935556 0.359631 0.128888 0.190227 0.00340657
0 0.127739 0.346169 0.255477 0.24026 0.00340084
0 1 0.015945 0 0.03189 0.00339184
0 0.697554 0.899795 0.350547 0.191675 0.00338872
0 0.939415 0.414851 0.121171 0.180776 0.0033867
0 0.395784 0.095751 0.535976 0.191502 0.00338509
0 0.826899 0.278992 0.346202 0.169601 0.00338375
0 0.7869 0.254133 0.4262 0.156859 0.00338252
0 0.327584 0.184257 0.538553 0.179961 0.00337916
0 0.269925 0.112235 0.369253 0.135016 0.00337644
0 0.832221 0.737273 0.335558 0.229573 0.00336462
0 0.941713 0.613028 0.116573 0.186152 0.00336329
0 0.78443 0.351704 0.43114 0.223675 0.00335908
0 0.324719 0.222593 0.552592 0.174517 0.00335298
0 0.70895 0.357795 0.582101 0.16614 0.00335167
0 0.010128 0.866361 0.0202559 0.210609 0.00335148
0 0.318119 0.255584 0.57389 0.190785 0.00334998
0 0.3788 0.381583 0.396195 0.18169 0.00334361
0 0.935113 0.264322 0.129774 0.182912 0.00334289
0 0.414731 0.439598 0.384836 0.239634 0.00334201
0 0.300344 0.0516049 0.474917 0.10321 0.003338
0 0.00456626 0.96235 0.00913252 0.0753004 0.00333301
0 0.89465 0.265675 0.210701 0.120326 0.00333184
0 0.569507 0.815306 0.417288 0.172998 0.00332645
0 0.861488 0.917485 0.277025 0.164688 0.0033234
0 0.293956 0.162155 0.331103 0.176876 0.0033229
0 0.698058 0.105225 0.512371 0.164499 0.00332051
0 0.00793294 0.795541 0.0158659 0.182647 0.00331949
0 0.370551 0.0781048 0.607264 0.15621 0.00331583
0 0.599875 0.0953704 0.486752 0.190741 0.00331395
0 0.410606 0.425068 0.376816 0.148704 0.0033097
0 0.253357 0.316594 0.506715 0.203184 0.00330915
0 0.529842 0.315904 0.612761 0.212902 0.00330632
0 0.143961 0.844548 0.287921 0.18135 0.0033009
0 0.763269 0.195823 0.473461 0.188671 0.00329831
0 0.245755 0.262424 0.491511 0.19721 0.0032978
0 0.401814 0.361687 0.411466 0.234087 0.00329621
0 0.861155 0.714433 0.27769 0.19266 0.00329474
0 0.767765 0.40775 0.46447 0.167418 0.00329357
0 0.349374 0.316274 0.631998 0.246814 0.00329287
0 0.653962 0.402122 0.372146 0.123968 0.00329221
0 0.941821 0.669115 0.116357 0.189021 0.00329094
0 0.155981 0.129687 0.311962 0.155597 0.00328842
0 0.162625 0.90347 0.325251 0.19306 0.00328816
0 0.0382239 0.757085 0.0764477 0.218755 0.00328776
0 0.81218 0.760164 0.375639 0.186066 0.00328525
0 0.957176 0.287222 0.0856485 0.189393 0.00327617
0 0.230062 0.927299 0.460124 0.145403 0.00327167
0 0.000731035 0.169194 0.00146207 0.237515 0.00326989
0 0.812309 0.798705 0.375381 0.198205 0.00326896
0 0.109806 0.393747 0.219612 0.190704 0.00326142
0 0.160174 0.328145 0.320348 0.168734 0.00325764
0 0.892841 0.717938 0.214318 0.167295 0.00325693
0 0.786251 0.804204 0.405898 0.200119 0.00325423
0 0.586516 0.470867 0.260224 0.323716 0.00325363
0 0.958405 0.691068 0.0831891 0.194921 0.0032526
0 0.107634 0.372457 0.215268 0.165512 0.00324964
0 0.642659 0.343631 0.659231 0.193169 0.00324676
0 0.243774 0.806233 0.487549 0.239001 0.00324407
0 0.332819 0.0404642 0.501036 0.0809283 0.00324175
0 0.0453075 0.699647 0.0906151 0.204947 0.0032392
0 0.158841 0.300446 0.317682 0.103435 0.00323761
0 0.152981 0.766257 0.305961 0.23521 0.0032373
0 0.156855 0.289853 0.31371 0.164551 0.00323588
0 0.655517 0.380467 0.610062 0.170529 0.00323554
0 0.964013 0.653347 0.071974 0.218628 0.00323347
0 0.609948 0.427182 0.273346 0.196866 0.00323038
0 0.306977 0.902106 0.433842 0.195788 0.00322878
0 0.0184924 0.345269 0.0369849 0.189603 0.00322474
0 0.637679 0.308969 0.674303 0.200048 0.00322394
0 0.344109 0.569809 0.244935 0.0875231 0.00322272
0 0.853956 0.858888 0.292088 0.230616 0.00322169
0 0.783093 0.729538 0.425578 0.205245 0.00322098
0 0.823981 0.386246 0.352038 0.193536 0.00322057
0 0.76933 0.864813 0.46134 0.221908 0.00322027
0 0.0461156 0.54129 0.0922311 0.190919 0.00321485
0 0.413644 0.188501 0.572857 0.198873 0.00321479
0 0.869191 0.320982 0.261618 0.131809 0.0032138
0 0.626652 0.901719 0.497516 0.196562 0.00321021
0 0.952836 0.336943 0.0943273 0.189474 0.00320778
0 0.0413317 0.392253 0.0826634 0.189837 0.0032075
0 0.0459129 0.644886 0.0918258 0.194954 0.00320526
0 0.0460354 0.5934 0.0920708 0.193363 0.0032045
0 1 0.0107199 0 0.0214398 0.00320398
0 0.00883252 0.829011 0.017665 0.168311 0.00320083
0 0.861646 0.539527 0.276708 0.210609 0.00320044
0 0.0456197 0.440566 0.0912394 0.18982 0.00319849
0 0.0462814 0.490075 0.0925628 0.189797 0.00319835
0 0.404006 0.305133 0.592649 0.139541 0.00319779
0 0.301654 0.211691 0.537079 0.125359 0.00319506
0 0.17926 0.329735 0.35852 0.158857 0.00319431
0 0.496612 0.812192 0.427775 0.184581 0.00319126
0 0.160647 0.371438 0.321294 0.222731 0.00319008
0 0.956872 0.585496 0.0862559 0.196421 0.00318959
0 0.143022 0.875295 0.286045 0.184497 0.00318459
0 0.576307 0.66519 0.308359 0.327216 0.00318429
0 0.571419 0.0786347 0.656109 0.157269 0.00318418
0 0.436203 0.43478 0.494592 0.153511 0.00318135
0 0.719681 0.850507 0.364405 0.220776 0.00317201
0 0.750785 0.0653946 0.49843 0.130789 0.00316772
0 0.85092 0.254658 0.29816 0.152408 0.00316634
0 0.00261119 0.986534 0.00522238 0.0269325 0.00316436
0 0.427037 0.227131 0.481931 0.21259 0.00316297
0 0.99296 0.998688 0.0140804 0.00262356 0.00316011
0 0.267866 0.243171 0.309608 0.13234 0.00315808
0 0.422442 0.107262 0.473798 0.157991 0.00315774
0 0.130719 0.436529 0.261438 0.214092 0.00315725
0 0.954603 0.912484 0.0907948 0.175031 0.00315616
0 0.956246 0.536465 0.0875079 0.192806 0.00315486
0 0.939561 0.717952 0.120878 0.192734 0.00315438
0 0.000978654 0.219983 0.00195731 0.20655 0.00315207
0 0.77694 0.0934684 0.30802 0.112233 0.00315106
0 0.613445 0.621839 0.209027 0.351862 0.00315088
0 0.313582 0.649366 0.226299 0.237544 0.00314943
0 0.468281 0.0699166 0.626901 0.139833 0.00314811
0 0.10875 0.417727 0.217501 0.175628 0.0031473
0 0.712489 0.807057 0.393931 0.209258 0.00314693
0 0.230319 0.847831 0.460637 0.226365 0.00314538
0 0.338612 0.475171 0.341541 0.239433 0.00314445
0 0.00301491 0.296231 0.00602981 0.203409 0.00314282
0 0.51118 0.103403 0.351604 0.164803 0.00314121
0 0.787954 0.064167 0.424093 0.128334 0.00313599
0 0.136117 0.297709 0.272235 0.229379 0.003134
0 0.403095 0.833905 0.484106 0.189391 0.0031315
0 0.642726 0.930582 0.476664 0.138835 0.00313142
0 0.582462 0.59347 0.237343 0.286406 0.003131
0 0.416488 0.932472 0.418083 0.135056 0.00312852
0 0.297131 0.828473 0.594262 0.19482 0.00312541
0 0.758249 0.413375 0.366108 0.225257 0.00312273
0 0.0994989 0.496461 0.198998 0.175815 0.00312155
0 0.786677 0.0875672 0.283672 0.154151 0.00312102
0 0.740288 0.107462 0.368382 0.143522 0.00312037
0 0.171266 0.506262 0.1392 0.10584 0.0031189
0 0.866377 0.587478 0.267246 0.209971 0.00311485
0 0.953815 0.438774 0.0923707 0.189026 0.00311345
0 0.527828 0.221516 0.611883 0.225713 0.00311243
0 0.3798 0.440109 0.373176 0.183901 0.0031119
0 0.949981 0.389132 0.100039 0.191026 0.00310865
0 0.523773 0.277655 0.587949 0.12926 0.00310848
0 0.955066 0.487884 0.0898679 0.192717 0.00310818
0 0.175352 0.184862 0.350703 0.224452 0.00310672
0 0.741586 0.301204 0.516829 0.175708 0.00310617
0 0.960612 0.739106 0.0787755 0.197083 0.00310238
0 0.109442 0.875701 0.218884 0.1935 0.0030999
0 0.706185 0.304907 0.587631 0.21921 0.00309981
0 0.203649 0.900844 0.367097 0.198313 0.00309914
0 0.262835 0.0352352 0.440833 0.0704703 0.00309859
0 0.10306 0.725239 0.206121 0.166362 0.00309578
0 0.315425 0.876463 0.579487 0.169374 0.00309492
0 0.642961 0.810708 0.403874 0.177552 0.00309434
0 0.330775 0.0955686 0.585304 0.191137 0.00309407
0 0.854564 0.483242 0.290871 0.184878 0.00309385
0 0.479905 0.636093 0.355202 0.156249 0.00309314
0 0.872123 0.740964 0.255754 0.170677 0.00309242
0 0.532366 0.904801 0.397065 0.190398 0.00309165
0 0.814318 0.831148 0.371364 0.205491 0.00309096
0 0.610889 0.406891 0.270202 0.11543 0.00309079
0 0.561434 0.525787 0.288135 0.369859 0.00308925
0 0.959366 0.239815 0.0812681 0.192052 0.00308819
0 0.402244 0.584497 0.49895 0.220869 0.00308748
0 0.230292 0.252479 0.460585 0.16923 0.00308631
0 0.858013 0.783558 0.283973 0.199948 0.00308505
0 0.863811 0.877129 0.272378 0.189836 0.00308419
0 0.845122 0.352151 0.309756 0.704303 0.0167986
0 0.829185 0.299411 0.293181 0.292948 0.0155309
0 0.967725 0.0975354 0.0645492 0.195071 0.0145433
0 0.783702 0.244754 0.281246 0.28132 0.0143803
0 0.571111 0.632771 0.275278 0.125777 0.0141258
0 0.368735 0.6927 0.322855 0.238097 0.0140134
0 0.63706 0.323111 0.30944 0.152673 0.0138879
0 0.925429 0.296594 0.149142 0.593187 0.0138236
0 0.510512 0.446959 0.288408 0.212537 0.0136213
0 0.351915 0.802202 0.366674 0.308138 0.0136075
0 0.778923 0.289387 0.309878 0.274942 0.0135425
0 0.383279 0.338145 0.270353 0.157748 0.0134985
0 0.626997 0.71669 0.374452 0.244021 0.0134649
0 0.284765 0.802328 0.36184 0.293476 0.0134642
0 0.828721 0.35434 0.311355 0.292749 0.0134183
0 0.64117 0.629725 0.290845 0.149537 0.0132579
0 0.557194 0.712065 0.355028 0.233985 0.0132151
0 0.78201 0.40147 0.322273 0.268876 0.013185
0 0.515633 0.527672 0.27541 0.221003 0.0130763
0 0.487258 0.715477 0.353515 0.235743 0.0130663
0 0.427711 0.800946 0.384589 0.320676 0.0130594
0 0.504096 0.672424 0.31249 0.198575 0.0130001
0 0.578004 0.613129 0.242963 0.201692 0.0129928
0 0.519391 0.629708 0.281158 0.152327 0.0129798
0 0.365992 0.249727 0.287122 0.26977 0.0129734
0 0.837679 0.427321 0.324642 0.591397 0.0129221
0 0.192638 0.239893 0.31631 0.240941 0.0128438
0 0.49833 0.802042 0.392745 0.326024 0.0127636
0 0.218975 0.801836 0.350963 0.279642 0.012742
0 0.250451 0.311816 0.303813 0.231548 0.0126294
0 0.288075 0.694741 0.323077 0.253154 0.0126196
0 0.563034 0.663131 0.31206 0.187496 0.0126121
0 0.218701 0.692322 0.340198 0.259342 0.0126037
0 0.710314 0.738873 0.399398 0.287223 0.012583
0 0.542936 0.143538 0.654327 0.287076 0.0125775
0 0.104932 0.0762335 0.209865 0.152467 0.0125646
0 0.651788 0.588725 0.245587 0.21132 0.0125471
0 0.386487 0.640144 0.282094 0.254205 0.0125165
0 0.614378 0.106729 0.771244 0.213458 0.0124849
0 0.0332425 0.267982 0.066485 0.308067 0.0124781
0 0.839316 0.742917 0.321367 0.513655 0.0124717
0 0.56782 0.439268 0.290808 0.219225 0.0124433
0 0.640111 0.371395 0.309824 0.171843 0.0124316
0 0.0280492 0.322561 0.0560984 0.29421 0.01243
0 0.294346 0.648591 0.290004 0.280887 0.0124255
0 0.972026 0.174145 0.0559471 0.348289 0.0124111
0 0.232566 0.616774 0.306566 0.22039 0.0123551
0 0.711537 0.32206 0.322816 0.169063 0.0123473
0 0.120949 0.523934 0.241898 0.184688 0.012337
0 0.630164 0.242381 0.266531 0.27488 0.012316
0 0.632955 0.287472 0.286798 0.281634 0.0123007
0 0.160353 0.798718 0.320707 0.27292 0.0122818
0 0.345563 0.128457 0.326077 0.256915 0.0122745
0 0.109153 0.22488 0.218306 0.223979 0.0122674
0 0.457165 0.142141 0.503404 0.284283 0.0121923
0 0.154506 0.540325 0.309012 0.205083 0.0121827
0 0.572667 0.374072 0.299038 0.182249 0.0121808
0 0.278195 0.734435 0.351937 0.256788 0.0121761
0 0.574333 0.805002 0.39621 0.331462 0.0121618
0 0.525629 0.31623 0.269351 0.182142 0.0121415
0 0.872634 0.186847 0.254733 0.373694 0.0121396
0 0.346836 0.727586 0.35249 0.248 0.0121136
0 0.51233 0.372418 0.285177 0.185883 0.0120454
0 0.0342349 0.159657 0.0684698 0.295638 0.0120316
0 0.188296 0.165439 0.316377 0.258914 0.0120308
0 0.862071 0.258131 0.275857 0.516262 0.0120139
0 0.251175 0.250449 0.30922 0.262948 0.0120073
0 0.834298 0.46384 0.331404 0.349969 0.0120032
0 0.969346 0.24342 0.061309 0.486839 0.0120015
0 1 0.0972967 0 0.194593 0.0119985
0 0.856251 0.808777 0.287499 0.382446 0.0119798
0 0.294881 0.109681 0.267924 0.219362 0.0119782
0 0.570996 0.540811 0.267333 0.233772 0.0119723
0 0.796081 0.337832 0.407837 0.675664 0.0119705
0 0.155048 0.604654 0.310096 0.195747 0.0119579
0 0.0311266 0.865969 0.0622532 0.268061 0.0119426
0 0.107024 0.108237 0.214048 0.184329 0.0119339
0 0.457606 0.332097 0.269515 0.16019 0.0119284
0 0.451124 0.522385 0.267112 0.240454 0.0118965
0 0.448233 0.246915 0.264766 0.26225 0.0118915
0 0.73929 0.899504 0.426697 0.200992 0.0118897
0 0.790222 0.768321 0.419556 0.355175 0.0118817
0 0.246772 0.188681 0.310647 0.290828 0.0118624
0 0.442322 0.682676 0.314884 0.218608 0.0118576
0 0.595568 0.105571 0.808864 0.211142 0.0118258
0 0.377378 0.15898 0.269803 0.253806 0.0118176
0 0.78727 0.458476 0.320173 0.298292 0.0118163
0 0.0763114 0.248228 0.152623 0.280016 0.011796
0 0.451823 0.171421 0.264268 0.245502 0.011793
0 0.100226 0.799072 0.200451 0.280617 0.0117785
0 0.424008 0.720337 0.354756 0.24028 0.0117675
0 0.847568 0.540398 0.304864 0.525287 0.0117521
0 0.58404 0.268429 0.277278 0.256899 0.0117479
0 0.0762467 0.194842 0.152493 0.275951 0.0117429
0 0.901167 0.679851 0.197667 0.384677 0.0117348
0 0.0206516 0.375031 0.0413032 0.278841 0.0117289
0 0.804027 0.902155 0.391947 0.19569 0.0117221
0 0.210494 0.747861 0.344297 0.274817 0.0117105
0 0.70822 0.243137 0.302602 0.283586 0.0116973
0 0.907444 0.680356 0.185113 0.271407 0.0116962
0 0.794169 0.204168 0.251312 0.274188 0.0116914
0 0.831662 0.880421 0.336677 0.239158 0.0116899
0 0.24785 0.100361 0.263456 0.200722 0.0116461
0 0.0766478 0.0997299 0.153296 0.19946 0.0116364
0 0.119799 0.565454 0.239598 0.177184 0.0116359
0 0.124588 0.0904737 0.249176 0.180947 0.0116067
0 0.578648 0.321575 0.293035 0.154082 0.0116067
0 0.900805 0.731869 0.19839 0.252347 0.0115948
0 0.131135 0.795508 0.262269 0.270452 0.011567
0 0.645821 0.80434 0.406899 0.319723 0.011565
0 0.231343 0.545851 0.311583 0.222918 0.0115512
0 0.526902 0.246218 0.258113 0.237802 0.0115258
0 0.934516 0.112892 0.130968 0.225784 0.0115237
0 0.711831 0.375248 0.31732 0.188017 0.011507
0 0.305706 0.333406 0.285352 0.187855 0.0115011
0 0.0225917 0.888781 0.0451834 0.205865 0.0114932
0 0.626502 0.659212 0.32614 0.19621 0.0114926
0 0.108445 0.169654 0.21689 0.219631 0.0114924
0 0.51943 0.600664 0.263481 0.243319 0.0114748
0 0.361102 0.846533 0.357931 0.239902 0.0114715
0 0.800546 0.656987 0.398907 0.340478 0.0114615
0 0.445969 0.457028 0.294158 0.204856 0.0114337
0 0.831258 0.847981 0.337484 0.304037 0.0114322
0 0.723048 0.80892 0.414597 0.312072 0.0114021
0 0.910031 0.133512 0.179938 0.267025 0.0113898
0 0.156098 0.682445 0.312195 0.239975 0.0113877
0 0.459117 0.632028 0.27181 0.192922 0.0113854
0 0.105194 0.289041 0.210387 0.224966 0.0113772
0 0.831411 0.642951 0.337178 0.440696 0.0113664
0 0.50709 0.180969 0.25284 0.248035 0.0113615
0 0.391063 0.895602 0.385057 0.208795 0.0113483
0 0.883289 0.787199 0.233422 0.414826 0.0113455
0 0.16122 0.494427 0.299871 0.224762 0.0113217
0 0.242681 0.132355 0.283641 0.264711 0.0113149
0 0.66298 0.874917 0.416426 0.250166 0.0112888
0 0.231424 0.829597 0.334935 0.209315 0.0112545
0 0.243285 0.347212 0.304107 0.21558 0.0112503
0 0.659468 0.913801 0.45653 0.172398 0.0112097
0 0.091442 0.603729 0.182884 0.177427 0.0112063
0 0.528495 0.911994 0.497074 0.176012 0.0112024
0 0.090283 0.562051 0.180566 0.162101 0.011193
0 0.402221 0.915765 0.416084 0.168469 0.0111774
0 0.99939 0.920226 0.0012207 0.159548 0.0111659
0 0.857213 0.722362 0.285574 0.555276 0.0111583
0 0.0290621 0.769639 0.0581243 0.292127 0.0111444
0 0.711656 0.290871 0.308702 0.277755 0.0111438
0 0.522457 0.894652 0.410177 0.210696 0.0111403
0 0.822409 0.77172 0.355183 0.411934 0.0111394
0 0.0766625 0.865222 0.153325 0.269555 0.0111342
0 0.309082 0.520125 0.273898 0.261508 0.0111083
0 0.436001 0.860732 0.376282 0.26638 0.0111083
0 0.304186 0.562729 0.280469 0.226097 0.0110973
0 0.0699205 0.299778 0.139841 0.258077 0.0110912
0 0.0924962 0.656675 0.184992 0.204346 0.0110905
0 0.756376 0.87512 0.458782 0.249761 0.0110793
0 0.188614 0.0861413 0.288067 0.172283 0.0110792
0 0.300295 0.142163 0.286123 0.271633 0.0110675
0 0.155117 0.752098 0.310234 0.282734 0.0110666
0 0.637027 0.185151 0.208242 0.250764 0.0110362
0 0.0903265 0.723403 0.180653 0.243636 0.011036
0 0.871069 0.93872 0.257863 0.122561 0.0110348
0 0.835555 0.520928 0.32889 0.37726 0.0110277
0 0.120744 0.479095 0.241488 0.186912 0.0110276
0 0.916625 0.818771 0.16675 0.289172 0.0110138
0 0.0897213 0.519098 0.179443 0.162674 0.011012
0 0.0688849 0.817824 0.13777 0.323544 0.0110035
0 0.852364 0.0872764 0.295273 0.174553 0.010986
0 0.705637 0.670983 0.360175 0.244759 0.0109769
0 0.13759 0.132656 0.27518 0.206125 0.0109619
0 0.639008 0.435317 0.2978 0.227011 0.0109499
0 0.16338 0.826983 0.326761 0.198214 0.0109298
0 0.868149 0.399755 0.263702 0.404078 0.0109012
0 0.811443 0.603916 0.358842 0.317257 0.0108956
0 0.0172961 0.427483 0.0345922 0.275318 0.0108718
0 0.719539 0.629749 0.305206 0.223049 0.0108688
0 0.608376 0.177446 0.28464 0.212843 0.0108648
0 0.568684 0.184166 0.259251 0.23482 0.0108446
0 0.0622382 0.342364 0.124476 0.217489 0.0108433
0 0.0445482 0.907023 0.0890964 0.185953 0.0108362
0 0.903614 0.603252 0.192772 0.248364 0.0108274
0 0.0569127 0.391232 0.113825 0.202157 0.0108151
0 0.854614 0.147584 0.286076 0.2834 0.0108126
0 0.376512 0.520752 0.270808 0.247758 0.0108098
0 0.312909 0.851367 0.340132 0.183335 0.0107886
0 0.606089 0.13561 0.749602 0.27122 0.0107524
0 0.949284 0.54574 0.101432 0.17305 0.0107379
0 0.865933 0.87841 0.268135 0.24318 0.0107305
0 0.98103 0.499784 0.0379397 0.174789 0.0106978
0 0.054986 0.442713 0.109972 0.197328 0.0106871
0 0.0684443 0.866096 0.136889 0.165555 0.0106868
0 0.513584 0.86127 0.394664 0.27746 0.010653
0 0.122745 0.742076 0.245489 0.270443 0.0106345
0 0.297406 0.258985 0.29434 0.290649 0.0106224
0 0.281868 0.923823 0.366452 0.152353 0.0105894
0 0.836034 0.904509 0.327933 0.190981 0.0105722
0 0.0374705 0.114192 0.074941 0.228384 0.0105619
0 0.0989928 0.329669 0.197986 0.179356 0.0105573
0 0.10775 0.858164 0.2155 0.151299 0.010548
0 0.0580277 0.532905 0.116055 0.181924 0.0105445
0 0.108949 0.842263 0.217898 0.215378 0.0105233
0 0.59149 0.876713 0.407422 0.246574 0.0105231
0 0.240169 0.464918 0.294103 0.238493 0.0105041
0 0.343615 0.918307 0.386797 0.163385 0.0105032
0 0.837691 0.431272 0.324619 0.757493 0.0104964
0 0.37136 0.461248 0.27761 0.177809 0.0104922
0 0.381947 0.570746 0.270022 0.205619 0.0104912
0 0.0558902 0.491166 0.11178 0.195326 0.0104717
0 0.454756 0.597063 0.254424 0.235154 0.0104663
0 0.185874 0.311707 0.315196 0.263624 0.0104592
0 0.244057 0.395831 0.293764 0.233881 0.0104483
0 0.0657429 0.667156 0.131486 0.215971 0.0104426
0 0.0616618 0.571127 0.123324 0.171813 0.0104255
0 0.641164 0.587049 0.25208 0.279164 0.0104204
0 0.12053 0.601658 0.24106 0.182334 0.010397
0 0.845327 0.197998 0.279538 0.322316 0.0103833
0 0.138898 0.227148 0.277796 0.220708 0.010365
0 0.630027 0.548028 0.296614 0.221791 0.0103607
0 0.450239 0.371101 0.293978 0.196233 0.0103575
0 0.0650743 0.616547 0.130149 0.193595 0.0103566
0 0.122284 0.666267 0.244567 0.217888 0.010346
0 0.186153 0.848192 0.316254 0.161747 0.0103272
0 0.134142 0.829619 0.268284 0.198602 0.0103179
0 0.09482 0.378058 0.18964 0.170257 0.0102907
0 0.0907626 0.475154 0.181525 0.168036 0.010275
0 0.866818 0.532861 0.266364 0.386529 0.0102364
0 0.092312 0.427935 0.184624 0.162242 0.0102283
0 0.167202 0.451801 0.293371 0.211998 0.010222
0 0.084985 0.905304 0.16997 0.179988 0.0102137
0 0.869905 0.913607 0.260189 0.172785 0.0101977
0 0.376243 0.367417 0.287242 0.187365 0.0101514
0 0.0322902 0.714007 0.0645804 0.282712 0.0101482
0 0.121279 0.435093 0.242558 0.17605 0.0100857
0 0.169777 0.395886 0.294982 0.224964 0.0100851
0 0.13965 0.849897 0.2793 0.154691 0.0100738
0 0.977394 0.819792 0.0452121 0.277036 0.010069
0 0.0164679 0.480216 0.0329359 0.273914 0.0100665
0 0.12209 0.378804 0.244179 0.176427 0.0100506
0 0.101164 0.10254 0.202327 0.20508 0.0100127
0 0.207105 0.92454 0.346407 0.15092 0.00997565
0 0.733634 0.582791 0.249354 0.232709 0.00994383
0 0.115698 0.899896 0.231397 0.178386 0.00989855
0 1.90325e-05 0.145131 3.80649e-05 0.290261 0.00987188
0 0.304987 0.459284 0.284968 0.211949 0.0098686
0 0.895146 0.540043 0.209708 0.196347 0.00976975
0 0.914717 0.487034 0.170566 0.187686 0.00974885
0 0.124832 0.331303 0.249665 0.183221 0.0097425
0 0.736974 0.195455 0.229419 0.267214 0.00973164
0 0.305991 0.374462 0.289565 0.194539 0.00969107
0 0.721877 0.123044 0.531123 0.246089 0.00968986
0 0.796501 0.517782 0.315266 0.310719 0.00967427
0 0.720696 0.443651 0.30304 0.247797 0.00966428
0 0.933374 0.451504 0.133252 0.239466 0.00964837
0 0.938711 0.898518 0.122577 0.202965 0.00961117
0 0.123358 0.918326 0.246716 0.163349 0.00959173
0 0.70649 0.1762 0.288135 0.205532 0.00948859
0 0.0163115 0.533372 0.032623 0.270841 0.00947946
0 0.890431 0.120072 0.218082 0.240144 0.00946945
0 0.13166 0.293177 0.26332 0.237137 0.00944546
0 0.8998 0.372122 0.2004 0.369378 0.00942434
0 0.136178 0.180399 0.272355 0.223465 0.00940575
0 0.0196354 0.625133 0.0392708 0.267424 0.00918509
0 0.0164377 0.58082 0.0328754 0.265558 0.00918001
0 0 0.936035 0 0.127929 0.00917737
0 0.0331442 0.919735 0.0662883 0.16053 0.0090782
0 0.147894 0.899825 0.295789 0.200349 0.00907464
0 0.00158143 0.232927 0.00316287 0.306024 0.00906363
0 0.00315393 0.0967231 0.00630785 0.193446 0.00906284
0 0.0062428 0.843877 0.0124856 0.312246 0.00900062
0 0.153593 0.921947 0.307186 0.156105 0.00896534
0 0.856239 0.638182 0.287521 0.435236 0.00895661
0 0.269 0.896865 0.35789 0.206269 0.00892808
0 0.962285 0.933708 0.0754297 0.132585 0.00878399
0 0.729806 0.518514 0.282694 0.270031 0.00875399
0 0.201844 0.897484 0.340496 0.205032 0.00867369
0 0.00464594 0.734646 0.00929188 0.287645 0.00847275
0 0.306998 0.604776 0.189678 0.137485 0.00700316
0 0 0.778774 0 0.214603 0.00652849
0 0 0.66125 0 0.205619 0.00650633
0 0 0.720045 0 0.222595 0.00636974
0 0 0.919128 0 0.161745 0.00629529
0 0 0.592804 0 0.172523 0.00620483
0 0 0.113075 0 0.22615 0.00613416
0 1 0.359583 0 0.243506 0.00593834
0 0 0.849292 0 0.286141 0.00587664
0 0.0856226 0.882245 0.171245 0.235509 0.0057675
0 0.991397 0.33987 0.0172069 0.267469 0.00571283
0 0 0.178925 0 0.264296 0.00569137
0 0 0.541031 0 0.147097 0.00564402
0 0.166968 0.262307 0.0948221 0.0231925 0.0056406
0 0.591823 0.534557 0.165625 0.111786 0.00557606
0 0 0.471384 0 0.170163 0.00548728
0 0 0.501195 0 0.139672 0.00540466
0 0.176579 0.28894 0.118703 0.0260739 0.00535171
0 0 0.435857 0 0.21079 0.00533046
0 1 0.385089 0 0.180603 0.0053133
0 0.182209 0.408481 0.118612 0.0245419 0.00529142
0 0.259278 0.290184 0.0932134 0.0226753 0.00514167
0 0.19657 0.243712 0.174271 0.0440434 0.0051404
0 0 0.282448 0 0.263457 0.00513873
0 0.0410339 0.139683 0.0820679 0.205833 0.00509412
0 0.599893 0.543743 0.179915 0.136667 0.329383
0 0 0.0993772 0 0.198754 0.15583
0 0.956197 0.115456 0.0876068 0.230913 0.150969
0 0.971694 0.115251 0.0566112 0.230502 0.145814
0 0.320682 0.60829 0.164595 0.133033 0.145291
0 0.00796218 0.0950221 0.0159244 0.190044 0.143268
0 0 0.0983536 0 0.196707 0.140075
0 1 0.0955214 0 0.191043 0.131127
0 0 0.0972927 0 0.194585 0.118531
0 0.988016 0.113132 0.0239686 0.226264 0.117013
0 0.308603 0.626796 0.189242 0.179242 0.107494
0 0.91499 0.0982493 0.133789 0.196499 0.103861
0 0.20486 0.0985428 0.110242 0.197086 0.10131
0 0.851511 0.0952367 0.134207 0.190473 0.0994754
0 0.996539 0.0966602 0.00692231 0.19332 0.097203
0 0.890213 0.0957256 0.123882 0.191451 0.0971732
0 0 0.0972338 0 0.194468 0.0969875
0 0.940253 0.115021 0.119494 0.230042 0.0930442
0 0 0.11264 0 0.225279 0.0789628
0 0.629706 0.718429 0.181298 0.25012 0.0698135
0 0.864528 0.112545 0.180638 0.225091 0.0687094
0 0.820598 0.0972378 0.127415 0.194476 0.0686006
0 0.288256 0.100412 0.155034 0.200823 0.0659977
0 0.173172 0.759648 0.178115 0.280968 0.0658767
0 0.15962 0.0971981 0.131777 0.194396 0.0657396
0 0.454194 0.102235 0.100489 0.20447 0.0645264
0 0.316734 0.788027 0.180907 0.265395 0.0638867
0 0.331034 0.100807 0.14302 0.201615 0.0633257
0 0.831289 0.113327 0.184459 0.226655 0.0584512
0 0 0.124021 0 0.248043 0.0583292
0 0.352606 0.786248 0.184999 0.268725 0.0579383
0 0.416344 0.101789 0.105974 0.203577 0.0577675
0 0.280289 0.805295 0.182741 0.284398 0.0564503
0 0.594853 0.733098 0.185763 0.276513 0.0561078
0 0.252785 0.100152 0.163097 0.200305 0.0558049
0 0.66428 0.719371 0.180305 0.250862 0.0551383
0 0.365595 0.101302 0.141437 0.202605 0.0545214
0 0.789498 0.101128 0.11594 0.202257 0.0540758
0 0.623037 0.102572 0.0995734 0.205145 0.053708
0 0.387219 0.786115 0.185259 0.269473 0.0526072
0 0.921 0.113757 0.158001 0.227513 0.0513849
0 0.243545 0.803623 0.179333 0.290445 0.051013
0 0.463109 0.706839 0.20098 0.295352 0.0508212
0 0.0680143 0.0835045 0.112494 0.167009 0.0493613
0 1 0.0859409 0 0.171882 0.0491902
0 0.207688 0.798148 0.183221 0.306462 0.0485262
0 0.170531 0.116178 0.181735 0.232357 0.0479664
0 0.761123 0.103332 0.111096 0.206663 0.0469497
0 0.120713 0.638107 0.206691 0.273741 0.0469299
0 0.993982 0.0843494 0.0120359 0.168699 0.0468506
0 0.559639 0.733813 0.189895 0.27792 0.0468129
0 0.986076 0.0849649 0.0278488 0.16993 0.0464823
0 0.50977 0.101484 0.126584 0.202968 0.0462122
0 0.128406 0.127581 0.197205 0.255162 0.0450299
0 0.712906 0.103877 0.13127 0.207754 0.0445879
0 0.0620607 0.77854 0.124121 0.279659 0.0436377
0 0.597038 0.101909 0.089684 0.203818 0.0432133
0 0.423034 0.771468 0.186622 0.258089 0.0429432
0 0.492196 0.731999 0.195864 0.290141 0.0429186
0 0.147761 0.771721 0.197089 0.309177 0.0428846
0 0.681754 0.103999 0.139436 0.207997 0.0418828
0 0.0332894 0.0912026 0.0665788 0.182405 0.0418212
0 0 0.1276 0 0.2552 0.0411265
0 0.64812 0.103415 0.126861 0.206831 0.0410115
0 0.0623275 0.729474 0.124655 0.278086 0.0407252
0 0.974443 0.0862514 0.0511149 0.172503 0.0405558
0 0.415285 0.825112 0.190613 0.296806 0.0404994
0 0.519129 0.756001 0.196315 0.291117 0.0384601
0 0.0622513 0.827905 0.124503 0.279218 0.037899
0 0.55817 0.101419 0.10006 0.202838 0.0378466
0 0.119128 0.751579 0.206506 0.3012 0.0378265
0 0.0440039 0.0852303 0.0880077 0.170461 0.0377933
0 0.459477 0.771354 0.196015 0.260539 0.0367798
0 0.0641408 0.651373 0.128282 0.284021 0.0367268
0 0.489202 0.786243 0.192966 0.271558 0.0365622
0 0.176077 0.81813 0.187101 0.298659 0.0357023
0 0.0885737 0.651236 0.177147 0.290413 0.0334208
0 0.110771 0.0950308 0.169837 0.190062 0.033369
0 0.489332 0.688132 0.175572 0.265453 0.0332308
0 0.112196 0.799826 0.193892 0.304332 0.0330143
0 0.798551 0.11396 0.184221 0.227921 0.0329395
0 0.0828683 0.0714863 0.0848227 0.142973 0.0327083
0 0.626687 0.763404 0.185383 0.266888 0.0323555
0 0.20525 0.11629 0.187329 0.23258 0.0322347
0 0.904564 0.0843926 0.108618 0.168785 0.0313834
0 0.589076 0.11569 0.167108 0.23138 0.0311713
0 0.693917 0.787565 0.179143 0.264377 0.0308873
0 0.0851496 0.753022 0.170299 0.29135 0.0304948
0 0.555034 0.783595 0.195498 0.279347 0.0301862
0 0.452792 0.823892 0.19594 0.296903 0.0301709
0 0.524705 0.718557 0.174675 0.260295 0.0301316
0 0.697672 0.722154 0.177876 0.249398 0.0300304
0 0.0818417 0.802143 0.163683 0.288423 0.0299232
0 0.66049 0.765794 0.180921 0.259967 0.0296384
0 0.763869 0.78655 0.183026 0.257828 0.0295584
0 0.592386 0.785298 0.188749 0.277269 0.0294934
0 0.00955468 0.0834142 0.0191094 0.166828 0.0293917
0 0.364405 0.601444 0.0814703 0.147248 0.0289534
0 0.760076 0.114979 0.177177 0.229957 0.0288943
0 0.686144 0.117064 0.174905 0.234128 0.0288827
0 0.728353 0.115756 0.178947 0.231512 0.0288277
0 0.729545 0.786384 0.182348 0.261561 0.0287419
0 0.46497 0.0855181 0.085199 0.171036 0.0285235
0 0.464188 0.66788 0.168145 0.255327 0.0284424
0 0.450785 0.115456 0.181103 0.230911 0.0264369
0 0.415451 0.115583 0.180899 0.231166 0.0261561
0 0.0665432 0.497007 0.133086 0.300218 0.0261382
0 0.869363 0.0835676 0.110306 0.167135 0.0259047
0 0.429409 0.0859117 0.0922069 0.171823 0.0256587
0 0.491489 0.084233 0.104566 0.168466 0.0254688
0 0.79952 0.788322 0.178708 0.254651 0.0254016
0 0.0642323 0.598539 0.128465 0.287991 0.0253486
0 0.517641 0.803198 0.189635 0.285601 0.0253392
0 0.0859335 0.702969 0.171867 0.283008 0.0252529
0 0.933035 0.0857627 0.112826 0.171525 0.0252083
0 0.242518 0.0879225 0.12034 0.175845 0.0250906
0 0.804816 0.539747 0.16289 0.255607 0.0247238
0 0.803443 0.746774 0.177725 0.250584 0.0244494
0 0.835777 0.0832996 0.104741 0.166599 0.0244447
0 0.0444978 0.52573 0.0889957 0.286496 0.0244399
0 0.316846 0.0868415 0.110656 0.173683 0.0243768
0 0.768124 0.746324 0.181712 0.25185 0.0243186
0 0.528486 0.0831647 0.0935061 0.166329 0.0235632
0 0.965128 0.0861458 0.0697445 0.172292 0.0235546
0 0.0653828 0.547225 0.130766 0.306754 0.0232936
0 1 0.0795762 0 0.159152 0.0231494
0 0.763725 0.566901 0.173182 0.249619 0.0228928
0 0.35508 0.085847 0.104843 0.171694 0.0228923
0 0.34418 0.115702 0.187116 0.231404 0.0226485
0 0 0.917452 0 0.165095 0.0225797
0 0.313679 0.843952 0.187477 0.312096 0.0224706
0 0.904219 0.587669 0.191562 0.273451 0.0223716
0 0.803305 0.0836919 0.101194 0.167384 0.0222708
0 0.102671 0.144417 0.183321 0.288833 0.0221549
0 0.38569 0.0855252 0.109841 0.17105 0.0220894
0 0.624074 0.116692 0.177839 0.233384 0.022075
0 0.310983 0.115706 0.187781 0.231412 0.0219812
0 0.54657 0.116939 0.190956 0.233878 0.0219581
0 0.66096 0.0857019 0.110176 0.171404 0.0218408
0 0.903495 0.534776 0.19301 0.278828 0.0217333
0 0.0793396 0.145615 0.158679 0.288285 0.0215934
0 0.0472499 0.0735752 0.0944998 0.14715 0.0211823
0 0.832055 0.487499 0.160678 0.270742 0.0210454
0 0.807584 0.592337 0.162225 0.258039 0.0208212
0 0.0451333 0.574671 0.0902666 0.285085 0.0207798
0 0.0793006 0.494741 0.158601 0.308332 0.020712
0 0.86328 0.326562 0.185376 0.304135 0.0206665
0 0.37853 0.115542 0.181779 0.231084 0.0206073
0 0.14774 0.714356 0.188017 0.267247 0.020547
0 0.37944 0.590588 0.0536699 0.183001 0.0200691
0 0.604989 0.701474 0.167265 0.235878 0.0200092
0 0.0692257 0.184256 0.138451 0.275303 0.0199431
0 0.0453281 0.63194 0.0906562 0.268719 0.019907
0 0.730196 0.083196 0.106736 0.166392 0.0196688
0 0.868052 0.408105 0.172639 0.27391 0.0195078
0 0.903786 0.324296 0.188576 0.307789 0.0194763
0 0.0454938 0.733404 0.0909877 0.264292 0.019471
0 0.733259 0.725104 0.176861 0.247634 0.0194556
0 0.833125 0.566476 0.170747 0.258825 0.0194145
0 0.347684 0.844684 0.190874 0.310631 0.0193595
0 0.0784722 0.112982 0.155456 0.225965 0.0192347
0 0.0623399 0.876845 0.12468 0.246309 0.0192196
0 0.902904 0.477182 0.194193 0.29651 0.0190529
0 1 0.0892909 0 0.178582 0.0190059
0 0.0451496 0.681859 0.0902992 0.260859 0.0189569
0 0.86269 0.275836 0.178142 0.291594 0.0188018
0 0.920783 0.532991 0.158434 0.286065 0.0186658
0 0.826985 0.310155 0.18037 0.283006 0.0186443
0 0.0457187 0.808396 0.0914374 0.263192 0.0185047
0 0.904339 0.641256 0.191323 0.26571 0.0184286
0 0.485737 0.114437 0.179078 0.228873 0.0183282
0 0.142307 0.844962 0.18465 0.284998 0.0182526
0 0.806949 0.702015 0.172675 0.243045 0.0181088
0 0.00899809 0.0752936 0.0179962 0.150587 0.0178739
0 0.904349 0.426867 0.190916 0.292837 0.0178361
0 0.763922 0.519009 0.175624 0.245856 0.0178124
0 0.46451 0.0734873 0.0805837 0.146975 0.0178101
0 0.693391 0.0841383 0.114806 0.168277 0.0177717
0 0.52206 0.113538 0.173218 0.227076 0.0177364
0 0.494837 0.073172 0.091023 0.146344 0.017717
0 0.920326 0.453752 0.159348 0.297009 0.0176188
0 0.82471 0.141262 0.187972 0.282524 0.0175865
0 0.0101973 0.137735 0.0203946 0.275469 0.0175363
0 0.242272 0.128163 0.201683 0.256326 0.0173644
0 0.0441155 0.460213 0.088231 0.275167 0.0173452
0 0.0825696 0.60223 0.165139 0.284418 0.0173228
0 0.381143 0.845156 0.190737 0.309687 0.0173209
0 0.807184 0.649698 0.173787 0.251968 0.0169532
0 0.837832 0.747692 0.175693 0.248087 0.0168915
0 0.42928 0.0742808 0.085172 0.148562 0.0168468
0 0.792732 0.31261 0.177355 0.280994 0.0167924
0 0.77192 0.703144 0.176223 0.239241 0.0165452
0 0.0456762 0.205469 0.0913523 0.275313 0.0165302
0 0.0647408 0.110321 0.129482 0.220642 0.0164729
0 0.324171 0.0767131 0.0890707 0.153426 0.0163455
0 0.673101 0.68218 0.169255 0.238315 0.0162825
0 0.80102 0.492801 0.165036 0.256776 0.0162215
0 0.437369 0.684178 0.195252 0.291835 0.0161399
0 0.0810631 0.852575 0.162126 0.286627 0.0161305
0 0.655479 0.80999 0.182048 0.272759 0.0160474
0 0.905238 0.694297 0.189524 0.258305 0.0159301
0 0.83438 0.436842 0.157742 0.270851 0.0159067
0 0.211689 0.744038 0.158275 0.253611 0.0159057
0 0.834543 0.619941 0.180271 0.259275 0.0158859
0 0.0671667 0.22497 0.134333 0.272484 0.0158733
0 0.0460751 0.171281 0.0921503 0.243393 0.0158463
0 0.0833182 0.069584 0.0736109 0.139168 0.0158125
0 0.63224 0.53764 0.11545 0.13166 0.0157293
0 0.392074 0.075041 0.0889748 0.150082 0.0154016
0 0.595962 0.615523 0.180686 0.282005 0.0153799
0 0.36059 0.0756575 0.085076 0.151315 0.0153419
0 0.0648174 0.908825 0.117865 0.18235 0.0153032
0 0.920244 0.400944 0.159512 0.300726 0.0151793
0 0.838036 0.676543 0.178502 0.244423 0.0150682
0 0.997272 0.0754974 0.00545562 0.150995 0.0150614
0 0.561515 0.0744885 0.100757 0.148977 0.0150009
0 0.568752 0.699868 0.169917 0.237251 0.0149849
0 0.766291 0.623348 0.177977 0.25919 0.0149847
0 0.835268 0.791346 0.176945 0.251435 0.0149698
0 0.170055 0.232357 0.178784 0.301168 0.0149586
0 0.90157 0.271374 0.189569 0.309189 0.0147754
0 0.872693 0.0740788 0.0968207 0.148158 0.0147042
0 0.873354 0.590197 0.197151 0.267298 0.0146753
0 0.0791975 0.395563 0.158395 0.323146 0.0145463
0 0.283617 0.0781539 0.107132 0.156308 0.0144589
0 0.154317 0.6169 0.196787 0.261794 0.0142486
0 0.0666064 0.426083 0.133213 0.30439 0.0142313
0 0.170764 0.144046 0.191677 0.288092 0.0142274
0 0.920859 0.298325 0.158281 0.311184 0.0140698
0 0.623241 0.809154 0.184013 0.274086 0.0140652
0 0.853759 0.16171 0.192891 0.308648 0.0140542
0 0.103139 0.477852 0.176453 0.293082 0.0139946
0 0.589372 0.0756872 0.115469 0.151374 0.0138967
0 0.892549 0.137295 0.21236 0.274589 0.0138876
0 0.758273 0.309194 0.177748 0.296148 0.0138601
0 0.869618 0.455935 0.184635 0.286646 0.0138455
0 0.557582 0.828757 0.187587 0.275981 0.0138396
0 1 0.0707339 0 0.141468 0.0138386
0 0.280547 0.140534 0.21557 0.281067 0.0137615
0 0.989184 0.0759496 0.0216324 0.151899 0.0137
0 0.0439797 0.405156 0.0879593 0.28595 0.0136847
0 0.872492 0.508978 0.194529 0.278301 0.0136499
0 0.909082 0.0755515 0.0947499 0.151103 0.0136398
0 0.836778 0.0730942 0.0950329 0.146188 0.0136104
0 0.210658 0.865297 0.173422 0.269405 0.0135416
0 0.920275 0.61096 0.159451 0.279665 0.0135346
0 0.823889 0.381044 0.18169 0.2852 0.0134561
0 1 0.0757243 0 0.151449 0.0134311
0 0.6231 0.0760105 0.116141 0.152021 0.0134089
0 0 0.0766369 0 0.153274 0.0133798
0 0.0297387 0.0734687 0.0594774 0.146937 0.0133212
0 0.723423 0.244094 0.171785 0.277452 0.0132999
0 0.281208 0.861542 0.184604 0.276916 0.0132156
0 0.176329 0.868468 0.178562 0.263064 0.0131636
0 0.0678019 0.276948 0.135604 0.29548 0.0131544
0 0.110489 0.0711859 0.084624 0.142372 0.0131204
0 0.45033 0.638477 0.127654 0.257887 0.0129625
0 0.764391 0.0731359 0.103651 0.146272 0.0129554
0 0.0443957 0.258926 0.0887914 0.262323 0.0129466
0 0.204412 0.168566 0.199956 0.337132 0.0129313
0 0.874531 0.645752 0.195373 0.257948 0.0127825
0 0.744357 0.588204 0.192081 0.264599 0.0127809
0 0.0763657 0.244238 0.152731 0.289644 0.0127668
0 0.705266 0.676953 0.176503 0.247018 0.0127558
0 0.765581 0.468949 0.177839 0.246446 0.0127551
0 0.131567 0.168675 0.204423 0.33735 0.0127281
0 0.217846 0.0791211 0.102713 0.158242 0.0127211
0 0 0.91947 0 0.16106 0.0126976
0 0.252823 0.0790121 0.10009 0.158024 0.0126842
0 0.905207 0.744104 0.189587 0.256333 0.0126511
0 0.0490893 0.864616 0.0855567 0.269062 0.0125401
0 0.657322 0.12707 0.195456 0.25414 0.012502
0 0.768475 0.25647 0.149634 0.257067 0.0122311
0 0.304001 0.155492 0.209501 0.310984 0.0121638
0 0.938203 0.329012 0.123594 0.297426 0.0120887
0 0.797538 0.438218 0.169487 0.266944 0.0120844
0 1 0.0764096 0 0.152819 0.0120559
0 0.0458867 0.110205 0.0917734 0.220411 0.0120055
0 0.0435309 0.361842 0.0870617 0.266988 0.0119929
0 0.0670403 0.358173 0.134081 0.281126 0.011964
0 0.970546 0.0765017 0.0589077 0.153003 0.0119155
0 0.875829 0.699158 0.191416 0.250063 0.011896
0 0.246596 0.863155 0.17992 0.273689 0.0117737
0 0.920252 0.6651 0.159496 0.268528 0.0117346
0 0.304537 0.21631 0.203905 0.337427 0.0117282
0 0.682906 0.236419 0.189989 0.297985 0.0117075
0 0.371532 0.156412 0.204331 0.312824 0.0116932
0 0.00455016 0.919823 0.00910033 0.160355 0.0116224
0 0 0.153925 0 0.30785 0.011441
0 0.237135 0.216138 0.209944 0.333931 0.0114
0 0.104888 0.349204 0.179275 0.306005 0.0113928
0 0.174511 0.286665 0.195038 0.345752 0.0113278
0 0.941058 0.0766627 0.0982553 0.153325 0.0113246
0 0.109068 0.870255 0.185164 0.25949 0.0112798
0 0.428625 0.578706 0.0669143 0.236559 0.0111773
0 0 0.0768857 0 0.153771 0.0111652
0 0.448455 0.588606 0.132032 0.249673 0.0111642
0 0.744099 0.960783 0.150983 0.0784349 0.0111609
0 0.921105 0.715881 0.15779 0.267176 0.0111426
0 0.915954 0.246335 0.168092 0.318953 0.0111401
0 0.597912 0.541097 0.179221 0.131282 0.977619
0 0.304012 0.603091 0.187197 0.132305 0.964238
0 0.529917 0.426764 0.120483 0.130045 0.0309925
0 0.522843 0.452703 0.110452 0.10285 0.0146368
0 0.105357 0.700563 0.210715 0.297765 0.0100081
0 0.0968345 0.599006 0.193669 0.285464 0.00955818
0 0.105602 0.79969 0.211204 0.305088 0.00931857
0 0.844238 0.247541 0.311524 0.296935 0.009222
0 0.0942181 0.54829 0.188436 0.285819 0.00916889
0 1 0.106982 0 0.213964 0.00901782
0 0.316254 0.899868 0.431061 0.200265 0.00896618
0 0.792954 0.941465 0.166141 0.0628122 0.00891694
0 0.526577 0.387981 0.113158 0.0594871 0.00881965
0 0.58224 0.675491 0.461301 0.370238 0.00881695
0 0.845307 0.153289 0.309386 0.306578 0.00873275
0 1 0.101582 0 0.203165 0.00865359
0 0.849544 0.346709 0.300912 0.304191 0.0086293
0 0.108297 0.190497 0.216594 0.290371 0.00854397
0 0.0958875 0.498593 0.191775 0.28667 0.00854336
0 0.858591 0.507387 0.282817 0.279452 0.00845359
0 0.14487 0.747189 0.289739 0.308372 0.00840454
0 0.914909 0.432532 0.170182 0.266767 0.00839601
0 0.104369 0.441293 0.208738 0.301744 0.00837014
0 0.824441 0.960331 0.300099 0.0793373 0.00834996
0 0.853728 0.400291 0.292543 0.29243 0.00834644
0 0.857369 0.456386 0.285261 0.278894 0.00834461
0 0.914109 0.482676 0.171781 0.267689 0.00833223
0 0.138805 0.651587 0.277611 0.297608 0.0083082
0 0.915828 0.385292 0.168343 0.268808 0.00828377
0 0.239618 0.302283 0.439421 0.261068 0.008255
0 0.886743 0.201101 0.226514 0.28533 0.00824817
0 0.974271 0.590551 0.0514578 0.301018 0.00820856
0 0.914585 0.536175 0.170829 0.274951 0.0082018
0 0.520324 0.724979 0.4055 0.22857 0.00820156
0 0.986175 0.437596 0.0276506 0.294211 0.0081862
0 0.312738 0.761704 0.4468 0.303438 0.0081695
0 0.964549 0.646748 0.0709026 0.307382 0.00814176
0 0.719177 0.663641 0.404445 0.291828 0.00813984
0 0.982573 0.540419 0.0348546 0.299885 0.00812827
0 0.651271 0.661857 0.430085 0.317514 0.00811998
0 0.98607 0.489192 0.0278591 0.297116 0.00809143
0 0.20856 0.751388 0.41712 0.315376 0.0080762
0 0.589505 0.722697 0.410385 0.232779 0.00806877
0 0.00601501 0.093502 0.01203 0.187004 0.00804968
0 0.915303 0.586293 0.169395 0.273233 0.00803487
0 0.9788 0.386328 0.0423996 0.279926 0.00802557
0 0.436294 0.721506 0.380578 0.249045 0.00798868
0 0.385775 0.690891 0.397383 0.318518 0.00798519
0 0.98154 0.907734 0.0369201 0.184533 0.00797888
0 0.859961 0.603504 0.280079 0.288607 0.00797721
0 0.973969 0.329014 0.0520614 0.248059 0.00794057
0 0.963049 0.232827 0.0739024 0.191118 0.0079236
0 0.966574 0.276922 0.0668525 0.221058 0.00790086
0 0.920055 0.335998 0.159891 0.259209 0.00788444
0 0.0739448 0.297204 0.14789 0.322646 0.00788278
0 0.962402 0.786134 0.0751952 0.231584 0.00786094
0 0.858294 0.655374 0.283412 0.286961 0.00785158
0 0.748061 0.206942 0.503879 0.30098 0.00784566
0 0 0.0449901 0 0.0899802 0.00783285
0 0.899901 0.150421 0.200198 0.300843 0.00780751
0 0.400463 0.899515 0.395133 0.200969 0.00777967
0 0.37979 0.765683 0.413097 0.275685 0.00776625
0 0.304578 0.473357 0.392254 0.218312 0.00776353
0 0.961726 0.744786 0.076547 0.244518 0.00775949
0 0.250607 0.962136 0.377702 0.0757283 0.00775476
0 0.496521 0.486933 0.358439 0.249244 0.00773179
0 0.886946 0.701504 0.226108 0.286803 0.00771669
0 0.744343 0.341417 0.447258 0.320768 0.00769688
0 0.508279 0.380135 0.374916 0.226758 0.00768676
0 0.172217 0.692515 0.344434 0.320202 0.00767232
0 0.368711 0.371751 0.386981 0.237968 0.00765291
0 0.859706 0.96113 0.280588 0.077739 0.00765141
0 0.918283 0.643999 0.163435 0.279969 0.00764803
0 0.72384 0.484494 0.426006 0.228743 0.00763367
0 0.658106 0.347654 0.402456 0.299115 0.00762431
0 0.881047 0.298724 0.237905 0.284989 0.00761917
0 0.296043 0.354241 0.410536 0.269838 0.00761024
0 0.730645 0.394903 0.415383 0.279576 0.00760417
0 0.239842 0.461403 0.389623 0.23034 0.00759579
0 0.798451 0.660701 0.403097 0.282634 0.0075739
0 0.582946 0.367118 0.389613 0.251977 0.00756629
0 0.983373 0.937329 0.0332548 0.125343 0.00755988
0 0.972298 0.188519 0.0554042 0.215858 0.00754591
0 0.0826379 0.0428834 0.165276 0.0857668 0.00753335
0 0.143035 0.281061 0.286071 0.298257 0.00752676
0 0.296313 0.403825 0.39536 0.275455 0.00751168
0 0.644413 0.96315 0.31161 0.0737006 0.00749895
0 0.8664 0.0794648 0.2672 0.15893 0.00748727
0 0.893745 0.958645 0.21251 0.08271 0.00747736
0 0.224085 0.355345 0.407128 0.268354 0.00747706
0 0.0932151 0.129526 0.18643 0.259052 0.00746067
0 0.904413 0.0881521 0.191173 0.176304 0.0074345
0 0.820281 0.294616 0.359438 0.294347 0.00743196
0 0 0.0336169 0 0.0672339 0.00742586
0 0.434811 0.37997 0.377716 0.224119 0.00742537
0 0.725895 0.960274 0.349252 0.0794523 0.00741135
0 0.797028 0.479158 0.405945 0.238704 0.00740449
0 0.107639 0.395011 0.215278 0.306975 0.00740316
0 0.266235 0.694039 0.374204 0.337212 0.0073987
0 0.0453515 0.206387 0.0907029 0.33653 0.00738787
0 0.849944 0.7513 0.300112 0.28751 0.00737871
0 0.84045 0.877758 0.319099 0.244484 0.00735882
0 0.955429 0.936099 0.089142 0.127802 0.00733055
0 0.365487 0.483116 0.368896 0.233438 0.00732258
0 0.801723 0.551101 0.396554 0.306008 0.00731072
0 0.335968 0.961379 0.337276 0.0772419 0.0073055
0 0.440363 0.294336 0.416899 0.281945 0.00727168
0 0.643826 0.397806 0.369778 0.250005 0.00726947
0 0.305202 0.238462 0.481519 0.292473 0.00726191
0 0.477486 0.900023 0.379234 0.199953 0.00725818
0 0.71915 0.714415 0.389775 0.251169 0.00724031
0 0.412873 0.961639 0.331891 0.0767212 0.0072329
0 0.514176 0.294417 0.411289 0.277201 0.00723198
0 0.796178 0.393203 0.407644 0.299095 0.00723006
0 0.462117 0.232072 0.453451 0.296887 0.0072116
0 0.739259 0.290977 0.476802 0.295134 0.00720735
0 0.00770469 0.722692 0.0154094 0.280948 0.00720197
0 0.207561 0.69042 0.415123 0.329235 0.00720098
0 0.174028 0.798594 0.348056 0.303066 0.00718458
0 0.982736 0.134817 0.0345271 0.269634 0.0071645
0 0.242536 0.90085 0.445759 0.1983 0.00715788
0 0.157219 0.958751 0.314438 0.0824989 0.00714176
0 0.589153 0.96178 0.320354 0.0764391 0.00712545
0 0.786881 0.877724 0.426238 0.244552 0.0071246
0 0.283402 0.531346 0.364242 0.291512 0.00710128
0 0.00768109 0.621973 0.0153622 0.281619 0.00709295
0 0.676341 0.236234 0.458633 0.297637 0.00709185
0 0.719003 0.618148 0.390397 0.255313 0.00706872
0 0.804535 0.931869 0.181453 0.0893478 0.00705359
0 0.256101 0.803881 0.444851 0.280433 0.00705211
0 0.784153 0.848743 0.431694 0.301334 0.00705188
0 0.0726312 0.161698 0.145262 0.323397 0.00704469
0 0.484299 0.961996 0.334145 0.076008 0.00704235
0 0.108273 0.337008 0.216547 0.284277 0.00704218
0 0.800346 0.615496 0.399308 0.257473 0.00703947
0 0.427891 0.660222 0.408013 0.298884 0.00703434
0 0.454129 0.502121 0.30707 0.216568 0.00703309
0 0.887122 0.798453 0.225756 0.28847 0.00703296
0 0.539682 0.901897 0.371754 0.196206 0.00700746
0 0.973579 0.0679023 0.052842 0.135805 0.00699408
0 0.937027 0.194041 0.125947 0.249192 0.00698879
0 0.595954 0.792269 0.432875 0.280729 0.00697107
0 0.718665 0.756922 0.408765 0.27032 0.00692822
0 0.710965 0.555676 0.425547 0.305681 0.00692026
0 0.973226 0.0479714 0.0535478 0.0959428 0.0069099
0 0.166755 0.448108 0.33351 0.294418 0.00690384
0 0.826322 0.698157 0.347355 0.291273 0.00688868
0 0.588235 0.293549 0.414978 0.276037 0.00688023
0 0.0971184 0.0324268 0.194237 0.0648535 0.00685589
0 0.526231 0.789061 0.429381 0.268261 0.0068529
0 0.96901 0.842413 0.0619802 0.254873 0.00685025
0 0.105362 0.254798 0.210723 0.298659 0.00683693
0 0.832658 0.0809427 0.334684 0.161885 0.00683317
0 0.163299 0.286584 0.326598 0.289604 0.00681375
0 0.732492 0.799645 0.441522 0.297142 0.00681076
0 0.0082113 0.77326 0.0164226 0.286164 0.00680364
0 0.788494 0.755012 0.423013 0.277369 0.00680126
0 0.540037 0.160504 0.451674 0.256039 0.00678369
0 0.232232 0.194679 0.464463 0.280213 0.00677099
0 0.457263 0.795474 0.428519 0.272311 0.00675026
0 0.401516 0.138703 0.46467 0.277406 0.00672009
0 0.847205 0.909537 0.30559 0.180927 0.00671994
0 0.00859822 0.530178 0.0171964 0.300318 0.00670565
0 0.0937003 0.0945932 0.187401 0.189186 0.00670144
0 0.117657 0.07577 0.235313 0.15154 0.00667771
0 0.649981 0.756723 0.405287 0.263769 0.006667
0 0.662509 0.290713 0.435173 0.27993 0.00664754
0 0.669362 0.851362 0.454652 0.296503 0.00663525
0 0.21376 0.526612 0.370219 0.288452 0.00661462
0 0.2334 0.249409 0.466799 0.278679 0.00661405
0 0.361586 0.203509 0.500452 0.275919 0.00661281
0 0.316254 0.135285 0.462726 0.270571 0.00659929
0 0.536506 0.502294 0.331416 0.207205 0.00659697
0 0.639765 0.127236 0.476493 0.254473 0.00659463
0 0.466974 0.145742 0.466411 0.277566 0.00658422
0 0.775713 0.154294 0.448573 0.305106 0.00657381
0 0.0463089 0.365853 0.0926179 0.352889 0.00655268
0 0.568509 0.21525 0.463078 0.271697 0.00655083
0 0.14161 0.844154 0.283221 0.308077 0.006517
0 0.785845 0.909362 0.388114 0.181277 0.00647217
0 0.265872 0.60106 0.300343 0.12952 0.00645
0 0.884733 0.848809 0.230535 0.302381 0.00644047
0 0.13099 0.9025 0.26198 0.195001 0.00643506
0 0.604779 0.874715 0.414392 0.250569 0.00641182
0 0.816323 0.129031 0.367355 0.258061 0.00638572
0 0.164676 0.376312 0.329353 0.278704 0.00637908
0 0.890775 0.907246 0.218451 0.185509 0.00637253
0 0.130764 0.952522 0.261527 0.094957 0.00636908
0 0.237646 0.134375 0.459245 0.268749 0.00636895
0 0.675671 0.160671 0.456556 0.266061 0.00632762
0 0.0435513 0.921045 0.0871027 0.157909 0.0063238
0 0.771914 0.143653 0.0961142 0.116788 0.00631733
0 0.726644 0.12506 0.468693 0.25012 0.00631087
0 0.798481 0.0776659 0.403038 0.155332 0.00625069
0 0.531763 0.852408 0.442601 0.295185 0.00623682
0 0.730855 0.0753686 0.409142 0.150737 0.00623127
0 0.153894 0.546751 0.307787 0.259386 0.00622591
0 0.390813 0.092441 0.437349 0.184882 0.00620856
0 0.150579 0.0768731 0.301158 0.153746 0.00620346
0 0.393528 0.856402 0.446296 0.287196 0.0061896
0 0.188021 0.557703 0.376042 0.233823 0.00618607
0 0.050634 0.0793721 0.101268 0.158744 0.00614459
0 0.175274 0.439845 0.148209 0.0898528 0.00607803
0 0.819168 0.799144 0.361663 0.29776 0.00601102
0 0.314333 0.0896005 0.425588 0.179201 0.00600818
0 0.2033 0.847244 0.406601 0.285263 0.00597558
0 0.189616 0.147107 0.379232 0.25559 0.00595336
0 0.519317 0.0890977 0.424034 0.178195 0.00587366
0 0.00828094 0.93113 0.0165619 0.13774 0.00587204
0 0.199624 0.877661 0.399247 0.244678 0.00583634
0 0 0.0470126 0 0.0940252 0.00583192
0 0.140859 0.0922619 0.108935 0.0883621 0.00582692
0 0.713855 0.910885 0.402762 0.17823 0.00581558
0 0.590211 0.0860487 0.411436 0.172097 0.00581029
0 0.152363 0.123776 0.304726 0.247553 0.00579677
0 0.244345 0.0866813 0.417517 0.173363 0.00576023
0 0.190948 0.453188 0.381897 0.266924 0.00572347
0 0.908696 0.882452 0.182607 0.235097 0.00571777
0 0.154608 0.156857 0.309216 0.257238 0.00566476
0 0.649181 0.907076 0.371882 0.185849 0.00563085
0 0.354471 0.563528 0.357361 0.235955 0.00562716
0 0.666546 0.103824 0.439817 0.207647 0.0056146
0 0.827234 0.847328 0.345531 0.305344 0.00559525
0 0.555182 0.439297 0.171357 0.10691 0.0055772
0 0.0359559 0.158731 0.0719118 0.317462 0.00552623
0 0.36068 0.609175 0.369918 0.182566 0.00552562
0 0.787667 0.104218 0.424667 0.208436 0.00552224
0 0.240279 0.45593 0.108003 0.0980696 0.00546974
0 0.0994713 0.938331 0.198943 0.123338 0.00544746
0 0.350965 0.521751 0.366792 0.264383 0.0054077
0 0.00308542 0.908471 0.00617083 0.183057 0.00534907
0 0.18546 0.0775805 0.37092 0.155161 0.00529499
0 0.0406108 0.901155 0.0812215 0.197691 0.00529403
0 0.187328 0.962284 0.374657 0.0754318 0.00526269
0 0.0432859 0.463939 0.0865717 0.333883 0.00522312
0 0.66133 0.0789087 0.409943 0.157817 0.00521692
0 0.537383 0.444273 0.133932 0.0818314 0.005154
0 0.160618 0.206323 0.321237 0.266521 0.00511712
0 0.152004 0.595795 0.304008 0.199853 0.00505601
0 0.162024 0.878374 0.324048 0.243253 0.00503154
0 0.63972 0.486843 0.37413 0.243766 0.00498695
0 0.0362626 0.660215 0.0725253 0.305751 0.00498097
0 0.0370843 0.559505 0.0741686 0.302503 0.00496762
0 0.150916 0.030446 0.145296 0.0608921 0.00494045
0 0.327482 0.614563 0.142346 0.115209 0.00492743
0 0.727274 0.129934 0.0547548 0.100176 0.0049147
0 0.639673 0.563224 0.387372 0.298472 0.0049075
0 0.0373516 0.807274 0.0747033 0.3039 0.00484956
0 0.583123 0.528316 0.150013 0.108144 0.00483751
0 0 0.064016 0 0.128032 0.00471603
0 0.04353 0.850898 0.08706 0.298203 0.00466873
0 1 0.0770221 0 0.154044 0.00457431
0 0.133078 0.0867493 0.139398 0.087511 0.00456212
0 0.548057 0.571291 0.342244 0.307364 0.00453379
0 0.169316 0.540342 0.127201 0.0567999 0.00450152
0 0.0689537 0.0555145 0.137907 0.111029 0.00446869
0 0.0994241 0.878386 0.198848 0.243228 0.00446079
0 0.233947 0.594036 0.320637 0.155108 0.0044244
0 0.936427 0.057167 0.127146 0.114334 0.00436963
0 0.735652 0.918304 0.186299 0.122894 0.00432991
0 0.592344 0.125103 0.147114 0.102261 0.00429844
0 0.189849 0.298354 0.13654 0.115592 0.00423022
0 0.0611534 0.753718 0.122307 0.308977 0.00419882
0 0.00839259 0.0431465 0.0167852 0.086293 0.00415241
0 1 0.69441 0 0.291559 0.00412354
0 0.00409165 0.0514113 0.00818331 0.102823 0.004103
0 0.172997 0.0393097 0.182063 0.0786193 0.00408543
0 0.29517 0.534594 0.184503 0.0563539 0.00403712
0 0.0150511 0.276379 0.0301021 0.351187 0.00402411
0 0.277696 0.59997 0.131798 0.117368 0.00402043
0 1 0.287011 0 0.25913 0.0039878
0 0.755097 0.9361 0.140566 0.0749754 0.00398421
0 0 0.941389 0 0.117223 0.00396299
0 0.0521045 0.056184 0.104209 0.112368 0.00395873
0 0.260383 0.0437928 0.227404 0.0875857 0.00394475
0 0.536376 0.670869 0.349742 0.414799 0.00390186
0 0.782099 0.901123 0.174662 0.151995 0.00389297
0 0.568824 0.425002 0.207298 0.130443 0.00387183
0 0.77915 0.132547 0.0840043 0.0905747 0.00386612
0 1 0.621478 0 0.296226 0.00386564
0 0.198507 0.445305 0.198673 0.0847718 0.00383086
0 1 0.445205 0 0.293089 0.00380367
0 1 0.545364 0 0.292607 0.00379987
0 0.331729 0.0412413 0.206288 0.0824826 0.00377756
0 0.196432 0.0465523 0.217358 0.0931047 0.00377739
0 0.790165 0.133439 0.112194 0.116931 0.0037482
0 1 0.0899067 0 0.179813 0.00374749
0 1 0.951996 0 0.0960077 0.00374631
0 0.617923 0.12438 0.126451 0.104648 0.00371699
0 0.782492 0.079666 0.0997682 0.159332 0.00371645
0 0.73288 0.890296 0.248658 0.186333 0.00368149
0 0 0.957777 0 0.0844452 0.00364539
0 0.0467206 0.959942 0.0934412 0.0801153 0.0036435
0 0.923725 0.0576939 0.15255 0.115388 0.00364153
0 0.0297213 0.959562 0.0594425 0.0808755 0.00363996
0 0 0.0763804 0 0.152761 0.00361526
0 1 0.34522 0 0.295564 0.0036069
0 1 0.395101 0 0.295088 0.00358693
0 0.486141 0.0336569 0.0545129 0.0673138 0.00357133
0 0.00649033 0.0293606 0.0129807 0.0587212 0.00356955
0 0.60042 0.542452 0.179313 0.136094 0.947708
0 0.306163 0.605838 0.18795 0.139527 0.93548
0 1 0.913503 0 0.172994 0.0101929
0 1 0.514215 0 0.280194 0.00946424
0 1 0.564164 0 0.280674 0.00941075
0 1 0.614005 0 0.280472 0.00927896
0 1 0.663592 0 0.279933 0.00916031
0 1 0.464351 0 0.27975 0.00914208
0 1 0.41398 0 0.279376 0.00872625
0 1 0.713714 0 0.281285 0.00851622
0 1 0.861089 0 0.277823 0.00815496
0 1 0.100121 0 0.200243 0.00809504
0 1 0.887684 0 0.224631 0.00808935
0 1 0.338431 0 0.281283 0.00786673
0 1 0.763136 0 0.280633 0.00782065
0 0.119698 0.595742 0.239396 0.168087 0.00776181
0 0.427474 0.881971 0.35776 0.217405 0.00760421
0 0.564795 0.820503 0.351785 0.192475 0.00755158
0 0.0297984 0.0956986 0.0595968 0.191397 0.00749651
0 0.562252 0.664824 0.351924 0.430483 0.0074352
0 1 0.122205 0 0.24441 0.0074321
0 0.352057 0.880591 0.345332 0.212401 0.00734348
0 0.27062 0.816934 0.339697 0.182712 0.00727205
0 0.681868 0.464136 0.361885 0.195936 0.00726476
0 0.0810875 0.817618 0.162175 0.219367 0.0072466
0 0.291824 0.387985 0.338658 0.181731 0.00723794
0 1 0.815509 0 0.285967 0.00722703
0 0.346576 0.815359 0.346142 0.190934 0.00722012
0 0.503096 0.882414 0.36961 0.224092 0.00721167
0 0.57262 0.880761 0.366152 0.228164 0.00720919
0 0.494027 0.817675 0.35959 0.19187 0.0071649
0 0.690737 0.927001 0.323139 0.145998 0.00716012
0 0.199489 0.822941 0.320643 0.186524 0.00712195
0 0.112773 0.756703 0.225546 0.168035 0.00712122
0 0.14927 0.862638 0.298541 0.194324 0.00711334
0 0.628231 0.821206 0.335578 0.190355 0.00709693
0 0.691588 0.818195 0.330425 0.18927 0.00704467
0 0.0962743 0.480381 0.192549 0.177791 0.00703254
0 0.417693 0.815411 0.351045 0.193988 0.00702852
0 0.109909 0.828264 0.219817 0.218718 0.00694674
0 0.984995 0.162715 0.0300107 0.325429 0.00692977
0 0.714102 0.95592 0.27257 0.0881605 0.00691949
0 0.154209 0.75779 0.308418 0.172576 0.00691864
0 1 0.091047 0 0.182094 0.0068871
0 0.204264 0.872146 0.318018 0.204084 0.00685214
0 0.215037 0.762217 0.354659 0.204032 0.00684866
0 0.86947 0.737896 0.26106 0.204736 0.00682354
0 0.898046 0.289468 0.203907 0.206567 0.0068214
0 0.143276 0.828433 0.286551 0.200842 0.00681943
0 0.904232 0.686246 0.191537 0.212638 0.00680752
0 0.506665 0.699667 0.386027 0.232325 0.00680387
0 0.275065 0.87867 0.332936 0.209941 0.0068026
0 0.902568 0.737098 0.194864 0.212628 0.00678688
0 0.876272 0.68382 0.247457 0.20332 0.00677388
0 0.689074 0.762434 0.329706 0.183043 0.00677264
0 1 0.28781 0 0.281615 0.00676332
0 0.124641 0.88127 0.249282 0.185536 0.00675467
0 0.769543 0.756208 0.354664 0.192811 0.00675139
0 0.116776 0.691547 0.233553 0.19351 0.00674998
0 0.90246 0.586448 0.195079 0.211878 0.00674909
0 1 0.18804 0 0.36283 0.00674183
0 0.805296 0.401335 0.32945 0.215574 0.00674037
0 0.903134 0.63575 0.193733 0.211555 0.0067345
0 0.625315 0.761842 0.334776 0.188163 0.00672803
0 0.902148 0.535856 0.195703 0.212785 0.00672602
0 0.705425 0.405632 0.339572 0.220594 0.00672394
0 0.0821214 0.750558 0.164243 0.182528 0.00672185
0 0.0688908 0.0737585 0.137782 0.147517 0.00670404
0 0.117924 0.194158 0.235849 0.177897 0.00670064
0 0.426021 0.693629 0.378871 0.248713 0.00669419
0 0.691289 0.875692 0.335059 0.225254 0.00668505
0 0.557547 0.760158 0.347443 0.195774 0.00668348
0 0.213397 0.670473 0.339497 0.27833 0.00667206
0 0.901959 0.486515 0.196082 0.213473 0.00666953
0 0.881592 0.634282 0.236817 0.203746 0.00666022
0 0.629683 0.40243 0.316664 0.206884 0.00665685
0 0.349256 0.397166 0.324946 0.186241 0.00665243
0 0.0719764 0.538492 0.143953 0.204005 0.00663219
0 0.0774282 0.472956 0.154856 0.197272 0.00661608
0 0.588906 0.92145 0.382718 0.157099 0.00661275
0 0.0864964 0.637306 0.172993 0.18481 0.00660361
0 0.484605 0.763132 0.351901 0.201101 0.00658882
0 1 0.165301 0 0.291389 0.00657114
0 0.883502 0.585642 0.232996 0.202011 0.0065687
0 0.0764667 0.186296 0.152933 0.180065 0.00655851
0 0.862958 0.251974 0.274083 0.171 0.00655586
0 0.90169 0.436792 0.19662 0.212698 0.00654268
0 0.27525 0.758582 0.360073 0.245251 0.00653767
0 0.0861894 0.590229 0.172379 0.190934 0.00653696
0 0.082588 0.424721 0.165176 0.203237 0.00650611
0 0.0881598 0.856102 0.17632 0.201001 0.00650606
0 0.0492384 0.130935 0.0984767 0.193205 0.00650309
0 0.864354 0.849718 0.271293 0.217891 0.00649884
0 0.881547 0.535549 0.236906 0.201663 0.00649513
0 0.832947 0.745817 0.334107 0.197282 0.00648969
0 0.761931 0.867338 0.351918 0.215047 0.00648967
0 0.901867 0.385657 0.196266 0.214403 0.00647894
0 0.0949616 0.145908 0.189923 0.182333 0.00647265
0 0.851634 0.639476 0.296731 0.204255 0.00647163
0 0.871061 0.117834 0.257877 0.235669 0.00646993
0 0.082434 0.692987 0.164868 0.190628 0.00646608
0 0.980118 0.69467 0.0397636 0.197447 0.0064641
0 0.877938 0.4868 0.244124 0.201411 0.00645735
0 0.874102 0.440472 0.251797 0.193912 0.00644527
0 0.841586 0.688014 0.316827 0.198088 0.00644111
0 0.982486 0.593054 0.0350274 0.196357 0.00643453
0 0.80137 0.454434 0.324488 0.197599 0.00643156
0 0.0417661 0.438606 0.0835323 0.290312 0.00643046
0 0.349774 0.764953 0.362044 0.239485 0.00642493
0 0.261994 0.951135 0.300388 0.0977304 0.00641582
0 0.983134 0.542823 0.033732 0.196516 0.00641552
0 0.903359 0.175338 0.193281 0.315032 0.00641125
0 0.849909 0.448585 0.300183 0.190581 0.0064103
0 0.0429394 0.180527 0.0858788 0.227316 0.00640792
0 0.165099 0.0871186 0.330198 0.174237 0.00640756
0 0.0618758 0.852923 0.123752 0.214247 0.00640262
0 0.832543 0.254397 0.334913 0.171807 0.00639703
0 0.981303 0.643306 0.0373945 0.1956 0.00638852
0 0.822498 0.853809 0.355005 0.203179 0.00638792
0 0.646523 0.950519 0.29164 0.0989622 0.00638474
0 0.766273 0.205714 0.339452 0.171388 0.00638136
0 0.433959 0.201008 0.365296 0.156942 0.0063781
0 0.855332 0.491883 0.289336 0.205529 0.00637518
0 0.857581 0.541067 0.284839 0.202782 0.00636403
0 0.041214 0.541521 0.0824281 0.29679 0.00636107
0 0.899954 0.336403 0.200091 0.211924 0.00635935
0 0.0603424 0.68601 0.120685 0.202383 0.00635823
0 0.0413829 0.240979 0.0827658 0.279216 0.00635795
0 0.983316 0.492413 0.0333686 0.196877 0.00635047
0 0.865516 0.790782 0.268969 0.199824 0.00635038
0 0.0757693 0.0986774 0.151539 0.197355 0.0063481
0 0.0650438 0.62974 0.130088 0.199481 0.006348
0 0.0350416 0.130134 0.0700832 0.260268 0.00634735
0 0.765934 0.811412 0.351173 0.195812 0.00634677
0 0.123393 0.631862 0.246786 0.18645 0.00634588
0 0.0602033 0.796484 0.120407 0.208544 0.0063455
0 0.865305 0.285621 0.26939 0.196796 0.00634227
0 0.845091 0.395454 0.309817 0.200337 0.00634012
0 0.412052 0.765169 0.355224 0.217811 0.00633021
0 0.0600494 0.741683 0.120099 0.202156 0.00632396
0 0.982764 0.442692 0.0344727 0.195922 0.00632011
0 0.981699 0.393771 0.0366017 0.19168 0.0063085
0 0.877815 0.908957 0.244369 0.182087 0.00630817
0 0.608087 0.489005 0.290858 0.241321 0.00630235
0 0.981951 0.298163 0.0360974 0.190661 0.00630163
0 0.974506 0.795338 0.0509889 0.192606 0.00630154
0 0.856615 0.591224 0.286769 0.202547 0.00629787
0 0.0446571 0.340603 0.0893142 0.297058 0.00627658
0 0.798056 0.322421 0.379268 0.192966 0.00627532
0 0.121545 0.949247 0.243089 0.101507 0.00627012
0 0.171872 0.950057 0.300832 0.0998857 0.00626839
0 0.210657 0.153934 0.338341 0.170044 0.00625439
0 0.0892115 0.556992 0.178423 0.192956 0.00625353
0 0.896276 0.865664 0.207448 0.268673 0.00624419
0 0.638149 0.661272 0.364724 0.330073 0.0062372
0 0.180949 0.390276 0.361898 0.181117 0.00621976
0 0.04122 0.642485 0.0824401 0.296926 0.0062196
0 0.648644 0.204846 0.365834 0.171667 0.00620497
0 0.976177 0.74478 0.0476463 0.199348 0.00620333
0 0.776042 0.699324 0.348393 0.19233 0.00620282
0 0.125558 0.429766 0.251116 0.192079 0.00619784
0 0.871494 0.386579 0.257012 0.200274 0.00618941
0 0.130375 0.0756356 0.26075 0.151271 0.00618805
0 0.526462 0.404416 0.334044 0.201432 0.00617917
0 0.868211 0.326676 0.263577 0.195263 0.00616305
0 0.833366 0.286314 0.333268 0.197774 0.00614358
0 1 0.934287 0 0.131427 0.00613815
0 0.222662 0.0897555 0.381162 0.179511 0.00613274
0 0.512437 0.198205 0.377764 0.1637 0.00612317
0 0.512349 0.923054 0.373829 0.153892 0.00610818
0 0.981734 0.347037 0.0365321 0.197125 0.00610282
0 0.041019 0.696651 0.0820381 0.304606 0.00610194
0 0.167331 0.934039 0.334662 0.131922 0.00609575
0 0.725738 0.324143 0.378343 0.197918 0.00609416
0 0.654327 0.335891 0.363029 0.212772 0.00607971
0 0.900749 0.785757 0.198502 0.210109 0.00605716
0 0 0.0719606 0 0.143921 0.00604363
0 0.263376 0.559913 0.295144 0.24873 0.00602535
0 0.257361 0.600795 0.266509 0.150113 0.00602476
0 0.836843 0.112287 0.326314 0.224575 0.00602296
0 0.77389 0.902937 0.357132 0.194126 0.00602043
0 0.797496 0.604264 0.320364 0.205368 0.00601664
0 0.391097 0.105588 0.403474 0.211176 0.00601383
0 0.787251 0.652879 0.331263 0.202558 0.00600743
0 0.27827 0.458026 0.309722 0.198425 0.00599845
0 0.394791 0.952482 0.293763 0.0950353 0.00599813
0 0.118568 0.390007 0.237135 0.197463 0.0059966
0 1 0.131173 0 0.262346 0.00598763
0 0.829081 0.800231 0.341838 0.191296 0.00598624
0 0.465433 0.109092 0.416443 0.218185 0.00597603
0 0.777177 0.257824 0.359825 0.184917 0.00596594
0 0.361823 0.199508 0.352272 0.158304 0.00595678
0 0.569143 0.700187 0.376352 0.223563 0.00595676
0 0.089738 0.384223 0.179476 0.212042 0.00595213
0 0.298689 0.197345 0.371762 0.163623 0.00594421
0 0.812347 0.960345 0.328868 0.0793093 0.00593808
0 0.304356 0.341273 0.363527 0.186153 0.00593747
0 0.860101 0.204524 0.279797 0.196853 0.00593317
0 0.691338 0.617323 0.333754 0.245943 0.00591992
0 0.155314 0.152354 0.310628 0.177604 0.00590983
0 0.678951 0.110805 0.439879 0.221609 0.0059078
0 0.42204 0.407244 0.34639 0.201414 0.00590494
0 0.795297 0.501984 0.312037 0.214702 0.00590088
0 0.271975 0.72051 0.332548 0.384615 0.00588945
0 0.539243 0.110514 0.429008 0.221028 0.00588858
0 0.994777 0.23785 0.0104459 0.237963 0.00588845
0 0.306227 0.923865 0.355307 0.15227 0.00588774
0 0.0855045 0.949848 0.171009 0.100304 0.00588588
0 0.800052 0.554055 0.315191 0.208325 0.00588258
0 0.989941 0.971034 0.0201182 0.0579311 0.00583235
0 0.0893976 0.233273 0.178795 0.199042 0.00583114
0 0.460136 0.952182 0.280113 0.095636 0.00581085
0 0.973439 0.877841 0.0531221 0.244317 0.00580689
0 0.893462 0.243014 0.213076 0.209084 0.00580539
0 0.584273 0.199469 0.368463 0.167197 0.00578558
0 0.438805 0.924846 0.356227 0.150308 0.00577872
0 0.237608 0.926688 0.35202 0.146624 0.00577341
0 0.312824 0.0996716 0.407514 0.199343 0.00573551
0 0.0368703 0.781509 0.0737406 0.270691 0.00573393
0 0.129168 0.939684 0.258336 0.120633 0.00569103
0 0.239722 0.336319 0.375646 0.190967 0.00568312
0 0.439467 0.65885 0.414542 0.334582 0.00567187
0 0.0956816 0.333077 0.191363 0.217089 0.00566356
0 0.538525 0.951329 0.2779 0.0973423 0.00564779
0 0.327971 0.952288 0.308165 0.0954248 0.00564254
0 0.243699 0.293014 0.385705 0.208286 0.00564036
0 0.0968889 0.276789 0.193778 0.209892 0.00563881
0 0.931901 0.158086 0.136198 0.316172 0.00563565
0 0.281677 0.155153 0.353981 0.165798 0.00561577
0 0.184389 0.334542 0.368779 0.197113 0.00561519
0 0.372744 0.924877 0.358581 0.150245 0.00561448
0 0.132296 0.149693 0.264592 0.180452 0.00561362
0 0.14401 0.193239 0.28802 0.188453 0.00561357
0 1 0.92082 0 0.158361 0.0056108
0 0.71305 0.287529 0.366751 0.198113 0.00559494
0 0.05767 0.280937 0.11534 0.249125 0.00559387
0 0.0423821 0.953655 0.0847642 0.0926904 0.00558944
0 0.0590357 0.89445 0.118071 0.211099 0.00558739
0 0.23243 0.19538 0.370769 0.175562 0.00556834
0 0.112928 0.514758 0.225856 0.203297 0.0055545
0 0.981168 0.102041 0.0376635 0.204083 0.00554487
0 0.499702 0.15162 0.360718 0.177197 0.00553418
0 0.692952 0.661832 0.33778 0.226336 0.00552008
0 0.570164 0.150506 0.353207 0.178623 0.00551578
0 0.0741818 0.00779153 0.148364 0.0155831 0.00549258
0 0.12449 0.336086 0.24898 0.211988 0.00546767
0 0.858684 0.159422 0.282632 0.223726 0.0054669
0 0.369816 0.345829 0.357895 0.183573 0.00546326
0 1 0.239837 0 0.288366 0.00544993
0 0.554181 0.496117 0.302092 0.237194 0.00544691
0 0.832467 0.907531 0.335065 0.184939 0.00544074
0 0.701665 0.154413 0.353941 0.174276 0.00542543
0 0.340014 0.684443 0.274784 0.31469 0.00540418
0 0.127494 0.0998371 0.254988 0.199674 0.00539272
0 0.885985 0.969572 0.228031 0.0608566 0.00536282
0 0.18952 0.294957 0.37904 0.199201 0.00536113
0 0.690282 0.707519 0.333221 0.186155 0.00534839
0 0.646469 0.290218 0.364329 0.202043 0.00533724
0 0.591178 0.348222 0.358423 0.228232 0.00531147
0 0.200239 0.115506 0.329937 0.1986 0.00529148
0 0.858927 0.126774 0.282146 0.253548 0.00528493
0 0.121362 0.236912 0.242723 0.197328 0.00528474
0 0.158889 0.439687 0.317778 0.20402 0.00528339
0 0.148678 0.10547 0.297357 0.205455 0.00524813
0 0.634856 0.152609 0.35016 0.177217 0.00524014
0 0.933135 0.967778 0.13373 0.0644443 0.00517928
0 0.126749 0.285061 0.253497 0.199671 0.00516486
0 0.449661 0.351505 0.392846 0.202353 0.0051632
0 0.422512 0.155868 0.34796 0.166513 0.00512809
0 0.184425 0.250487 0.368849 0.198994 0.00511673
0 0.373557 0.29607 0.370851 0.214838 0.00511501
0 0.350942 0.156857 0.335975 0.163123 0.00510099
0 0.241354 0.254356 0.384174 0.195167 0.00509698
0 0.632023 0.706869 0.354036 0.196908 0.00508745
0 0.225057 0.450792 0.333565 0.204274 0.00508071
0 0.637225 0.891719 0.331127 0.20035 0.00507594
0 0.85936 0.966115 0.28128 0.0677694 0.00505116
0 0.0518668 0.934536 0.103734 0.130928 0.0050417
0 0.550598 0.525748 0.301439 0.167157 0.0049967
0 0.443413 0.299623 0.386344 0.219114 0.00497661
0 0.582712 0.294297 0.367966 0.209292 0.00496451
0 0.515503 0.299926 0.384381 0.219241 0.0049583
0 0.2289 0.569582 0.275908 0.209346 0.00492894
0 0.277107 0.116545 0.367878 0.21144 0.0049112
0 0.763043 0.159341 0.339517 0.173556 0.00484353
0 0 0.106153 0 0.212306 0.00484218
0 0.527444 0.353325 0.388531 0.227737 0.00483321
0 0.336413 0.47646 0.310948 0.209386 0.00480404
0 0.0396344 0.84809 0.0792687 0.30382 0.00478435
0 0.333918 0.535346 0.301706 0.23041 0.00478024
0 0.745029 0.125364 0.456528 0.250728 0.00473298
0 0.600236 0.12482 0.440044 0.249641 0.00471781
0 0.972743 0.133712 0.054514 0.267424 0.00470645
0 0.0733596 0.0462842 0.146719 0.0925684 0.00466166
0 0.675987 0.514107 0.349754 0.196648 0.00466042
0 0.819242 0.161882 0.330992 0.183782 0.00464212
0 0.653719 0.259654 0.380895 0.180421 0.00459188
0 0.680662 0.562813 0.368449 0.194716 0.00455411
0 0.949302 0.0881441 0.101396 0.176288 0.0045474
0 0.151012 0.242366 0.302023 0.199249 0.00454031
0 0.600727 0.543755 0.177104 0.127735 0.968284
0 0.305875 0.606523 0.189482 0.131732 0.957064
0 0.0011318 0.0249412 0.0022636 0.0498824 0.0237634
0 0.245365 0.212952 0.16746 0.0672211 0.018452
0 0.245762 0.231482 0.173725 0.108834 0.0180747
0 0.161179 0.270829 0.127819 0.0709925 0.0115459
0 0.221994 0.476209 0.235447 0.154069 0.0102274
0 0.127668 0.121625 0.209575 0.198526 0.00915196
0 0.00813145 0.0556035 0.0162629 0.111207 0.0086331
0 0.218792 0.205322 0.129678 0.0925472 0.00736775
0 0.560966 0.415173 0.180486 0.183045 0.00690972
0 0.142895 0.301689 0.285791 0.208822 0.00636633
0 0.851643 0.28124 0.296715 0.20869 0.00627337
0 0.881005 0.33183 0.237989 0.24405 0.00613298
0 0.876295 0.287821 0.247409 0.213918 0.0060977
0 0.387648 0.314358 0.322219 0.178541 0.00608999
0 0.363698 0.111674 0.432516 0.223348 0.00605535
0 0.569189 0.628464 0.401642 0.478771 0.0060411
0 0.43303 0.111008 0.431498 0.222015 0.00597248
0 0.883064 0.40999 0.233872 0.292741 0.00590628
0 0.843469 0.346111 0.313061 0.297662 0.00579271
0 0.182386 0.295856 0.364772 0.213386 0.00569441
0 0.553094 0.108918 0.39417 0.217837 0.00569147
0 0.334493 0.593943 0.243014 0.161782 0.00569083
0 0.751151 0.937089 0.0889949 0.0711395 0.00566243
0 0.632845 0.477244 0.328115 0.288643 0.00565921
0 0.10833 0.14508 0.188102 0.18751 0.00564686
0 0.811775 0.260437 0.290471 0.18918 0.0056282
0 0.28278 0.109472 0.39046 0.218944 0.0055923
0 0.582 0.39588 0.262339 0.191343 0.00552109
0 0.445997 0.315556 0.312607 0.175898 0.00549226
0 0.773676 0.275407 0.327877 0.208737 0.00548612
0 0.0643583 0.350381 0.128717 0.257016 0.00548435
0 0.279725 0.585782 0.253461 0.182158 0.0054764
0 0.154458 0.33651 0.308915 0.231511 0.0054635
0 0.175354 0.269258 0.32026 0.201922 0.00541519
0 0.31372 0.308771 0.34073 0.186856 0.00537541
0 0.755407 0.41851 0.472821 0.387764 0.0053525
0 0.939191 0.119031 0.121618 0.181168 0.00534894
0 0.0527586 0.305912 0.105517 0.242375 0.0052495
0 0.290535 0.565032 0.313096 0.232356 0.00522305
0 0.499058 0.514042 0.25767 0.208618 0.00518342
0 0.174689 0.624377 0.349377 0.382506 0.00518299
0 0.871605 0.25933 0.25679 0.184936 0.00516493
0 0.0632366 0.0736391 0.126473 0.147278 0.0051639
0 0.0145147 0.952995 0.0290294 0.0940098 0.00516307
0 0.0742536 0.110492 0.148507 0.203494 0.00516201
0 0.32508 0.474337 0.399609 0.267069 0.00516197
0 0.407593 0.343171 0.289782 0.208434 0.00515076
0 0.0438437 0.772087 0.0876874 0.367781 0.0051477
0 0.503398 0.312971 0.314316 0.175033 0.00514613
0 0.0461124 0.676017 0.0922248 0.373436 0.00513432
0 0.210126 0.245228 0.218635 0.118726 0.00512124
0 0.0913735 0.156303 0.182747 0.178229 0.00511276
0 0.350586 0.550972 0.30799 0.253286 0.00510643
0 0.296708 0.6209 0.327729 0.19355 0.00509658
0 0 0.0752919 0 0.150584 0.00509631
0 0.877173 0.174223 0.245654 0.168153 0.00508962
0 0.804388 0.357682 0.391225 0.341182 0.00508932
0 0.329514 0.340668 0.349725 0.210908 0.00508064
0 0.541284 0.955686 0.300866 0.0886288 0.00506457
0 0.61776 0.105806 0.369597 0.211613 0.00505159
0 0.0446278 0.572413 0.0892555 0.363217 0.0050496
0 0.584651 0.303272 0.32631 0.177747 0.00504148
0 0.883534 0.0763439 0.232931 0.152688 0.0050033
0 0.7706 0.100051 0.340266 0.200103 0.00499796
0 0.650828 0.930135 0.29672 0.139729 0.00499124
0 1 0.0882147 0 0.176429 0.00497388
0 0.661681 0.283282 0.3499 0.198881 0.00497367
0 0.453443 0.663981 0.503638 0.423716 0.00497138
0 0.449384 0.954584 0.300505 0.0908312 0.00496265
0 0.237393 0.298801 0.365961 0.205885 0.00495667
0 0.297837 0.731309 0.409626 0.445764 0.00495409
0 0.376671 0.488729 0.361601 0.258172 0.00493957
0 0.953164 0.162834 0.0936718 0.237617 0.00493725
0 0.190735 0.439777 0.38147 0.233402 0.00493515
0 0.0999591 0.308816 0.199918 0.206029 0.00492299
0 0.630183 0.955578 0.294568 0.0888433 0.00492221
0 0.676483 0.10363 0.362781 0.20726 0.00490404
0 0.666038 0.414992 0.382352 0.252447 0.00490157
0 0.642611 0.81582 0.486496 0.318499 0.00488495
0 0.989773 0.970007 0.0204532 0.0599865 0.00488304
0 0.0673441 0.393187 0.134688 0.247781 0.00488281
0 0.63098 0.89007 0.315214 0.179536 0.00486669
0 0.582581 0.668442 0.619734 0.496391 0.00486591
0 0.164607 0.513865 0.329215 0.323162 0.00486521
0 0.382397 0.955109 0.295933 0.089782 0.00486149
0 0.874301 0.229849 0.251398 0.209865 0.00485999
0 0.39267 0.72302 0.452586 0.415786 0.00484674
0 0.905475 0.211696 0.18905 0.260524 0.00484465
0 0.113641 0.391662 0.227283 0.249146 0.00483753
0 0.461379 0.345644 0.288275 0.209027 0.0048202
0 0.109529 0.346625 0.219058 0.241101 0.00481662
0 0.259184 0.458503 0.390866 0.249281 0.00481318
0 0.884992 0.860625 0.230017 0.278749 0.00480953
0 0.260579 0.384539 0.410423 0.255998 0.00479693
0 0.543914 0.353624 0.263207 0.226088 0.00479208
0 0.0489006 0.204179 0.0978012 0.208664 0.00478593
0 0.717261 0.825609 0.470631 0.300068 0.0047822
0 0.0208249 0.0748146 0.0416498 0.149629 0.00475729
0 0.857795 0.115522 0.106157 0.0886493 0.00474665
0 0.870769 0.110373 0.258463 0.175321 0.00474523
0 0.191446 0.331562 0.382893 0.223339 0.00474002
0 0.76294 0.475033 0.47412 0.421368 0.00473579
0 0.325466 0.385643 0.403071 0.239521 0.00473206
0 0.157084 0.573901 0.314168 0.389941 0.00472613
0 0.0846815 0.0713973 0.169363 0.142795 0.00471999
0 0.123895 0.428595 0.24779 0.24008 0.00471747
0 0.523853 0.708852 0.523009 0.403058 0.00471325
0 0.672504 0.258491 0.26339 0.19091 0.00469938
0 0.513697 0.897851 0.388587 0.182457 0.00468992
0 0.246069 0.336188 0.399263 0.220215 0.00468331
0 0.0442446 0.467267 0.0884893 0.354945 0.00467638
0 0.832533 0.825078 0.334935 0.250407 0.00467204
0 0.395018 0.390772 0.353095 0.217294 0.00467101
0 0.498342 0.172924 0.272134 0.172878 0.00466467
0 0.909606 0.758937 0.180788 0.300024 0.00466435
0 0.170342 0.793172 0.340684 0.37855 0.00466383
0 0.847156 0.186996 0.301553 0.15642 0.00465078
0 0.176327 0.842364 0.352654 0.24839 0.00464679
0 0.394426 0.146664 0.266423 0.170964 0.00464459
0 0.0443036 0.260888 0.0886071 0.236759 0.00460528
0 0.587492 0.505949 0.234483 0.202825 0.00459831
0 0.238837 0.210603 0.156989 0.0924631 0.0045979
0 0.875278 0.873561 0.249444 0.243178 0.00459255
0 0.163709 0.931137 0.261751 0.137726 0.00458791
0 0.347544 0.676444 0.278561 0.31918 0.0045762
0 0.0608828 0.104198 0.121766 0.208395 0.00457082
0 0.466436 0.136403 0.278462 0.171407 0.00456683
0 0.580625 0.172351 0.278642 0.170146 0.00455324
0 0.473353 0.396404 0.319908 0.189541 0.0045485
0 0.804013 0.222342 0.183304 0.0877459 0.00453389
0 0.908568 0.666621 0.182864 0.326249 0.00453178
0 0.797142 0.0830005 0.337834 0.166001 0.00453088
0 0.606966 0.850643 0.368026 0.245022 0.00452425
0 0.970676 0.167664 0.0586476 0.335328 0.00452089
0 0.642144 0.540201 0.408444 0.298807 0.00450924
0 0.981716 0.101928 0.0365689 0.203857 0.00449489
0 0.0976313 0.957034 0.195263 0.0859324 0.00449315
0 0.719079 0.0887059 0.409953 0.177412 0.004478
0 0.3106 0.956404 0.300621 0.0871927 0.00446594
0 0.663337 0.631871 0.601807 0.501096 0.00445944
0 0.736746 0.123188 0.264313 0.16605 0.00445451
0 0.0587469 0.155088 0.117494 0.197789 0.00444078
0 0.595427 0.350606 0.285751 0.227239 0.00443641
0 0.047514 0.323574 0.0950281 0.367051 0.004432
0 0.525748 0.128861 0.289144 0.16988 0.0044245
0 0.519257 0.931577 0.334835 0.136846 0.00442136
0 0.694003 0.934462 0.257118 0.131077 0.00441276
0 0.23007 0.849015 0.391881 0.25294 0.00440971
0 0.0450396 0.844742 0.0900792 0.310515 0.00439477
0 0.754245 0.340523 0.438243 0.299018 0.00438981
0 0.715192 0.86023 0.319345 0.22579 0.00438316
0 0.124609 0.930089 0.249218 0.139821 0.00438218
0 0.183841 0.100114 0.326602 0.200229 0.00437875
0 0.185093 0.72855 0.370186 0.430772 0.00436776
0 0.90581 0.517523 0.18838 0.330255 0.00436227
0 0.0487282 0.957853 0.0974564 0.0842929 0.00436122
0 0.99647 0.922971 0.00705908 0.154057 0.00435757
0 0.824053 0.928967 0.279588 0.142065 0.00435083
0 0.430927 0.848005 0.419473 0.274925 0.00434682
0 0.509836 0.848087 0.421071 0.255404 0.00434208
0 0.662834 0.856097 0.309073 0.234486 0.00433926
0 0.657177 0.342883 0.354845 0.237284 0.00431888
0 0.531214 0.103526 0.514494 0.207052 0.00431275
0 0.287535 0.902778 0.332355 0.194444 0.00430751
0 0.882379 0.474319 0.235241 0.328476 0.00429812
0 0.242008 0.557514 0.315695 0.233508 0.00427886
0 0.871408 0.809321 0.257184 0.224575 0.00427828
0 0.128838 0.0722796 0.253339 0.144559 0.00427544
0 0.210043 0.680206 0.420086 0.342032 0.00426985
0 0.932132 0.213271 0.135735 0.36116 0.00425365
0 0.160801 0.674549 0.321603 0.437698 0.00424696
0 0.158707 0.38617 0.317415 0.259795 0.00424543
0 0.132079 0.275204 0.264158 0.205606 0.00424351
0 0.297778 0.163428 0.247075 0.177903 0.00424127
0 0.780951 0.198834 0.28263 0.166781 0.00423325
0 0.361035 0.902201 0.36543 0.195597 0.00422639
0 0.242546 0.799231 0.485092 0.352627 0.00422562
0 0.703371 0.892275 0.284654 0.165819 0.00420496
0 0.103156 0.845766 0.206312 0.254069 0.00420068
0 0.0474396 0.157167 0.0948792 0.314334 0.00419925
0 0.013007 0.450451 0.026014 0.284451 0.00419458
0 0.661794 0.125692 0.264314 0.164577 0.0041937
0 0.8413 0.427109 0.3174 0.381135 0.00419307
0 0.119041 0.891078 0.238083 0.217844 0.00419046
0 0.295916 0.855561 0.397077 0.273328 0.0041859
0 0.0459973 0.217858 0.0919945 0.345895 0.00416588
0 0.42706 0.902162 0.369106 0.195675 0.00415933
0 0.444634 0.168171 0.257459 0.174684 0.0041571
0 0.316445 0.0983758 0.418775 0.196752 0.00414816
0 0.212096 0.0847361 0.329979 0.169472 0.00414714
0 0.013848 0.55061 0.0276961 0.288157 0.00414346
0 0.873487 0.716003 0.253027 0.299412 0.00414017
0 0.2207 0.904212 0.338352 0.191576 0.00413746
0 0.0146932 0.602893 0.0293864 0.294351 0.00413357
0 0.375197 0.798167 0.520706 0.36881 0.00413136
0 0.899729 0.408924 0.200542 0.308638 0.0041133
0 0.702488 0.559964 0.595024 0.466876 0.00411047
0 0.0777812 0.893213 0.155562 0.213574 0.00410624
0 0.128199 0.959885 0.256398 0.0802294 0.00408429
0 0.073929 0.429996 0.147858 0.240065 0.0040758
0 0.79867 0.864364 0.350626 0.225908 0.00407253
0 0.83454 0.962198 0.281635 0.0756046 0.00406957
0 0.399392 0.103148 0.478457 0.206296 0.00406602
0 0.230655 0.264763 0.310313 0.196855 0.0040558
0 0.290066 0.267087 0.27661 0.197912 0.0040519
0 0.0150205 0.705427 0.030041 0.298227 0.00405159
0 0.50876 0.801908 0.514886 0.353974 0.00404904
0 0.262808 0.15071 0.284332 0.173541 0.00404644
0 0.241771 0.93104 0.271481 0.13792 0.00401858
0 0.889266 0.255327 0.221469 0.246378 0.00401337
0 0.70299 0.121477 0.107483 0.0987547 0.00400817
0 0.845135 0.756517 0.30973 0.300328 0.00400206
0 0.607141 0.124892 0.276814 0.168349 0.00399604
0 0.0563587 0.926847 0.112717 0.146306 0.00398972
0 0.136143 0.826425 0.272286 0.272764 0.00395909
0 0.0480233 0.0700715 0.0960467 0.127434 0.00395541
0 0.640728 0.178601 0.244376 0.16538 0.00395476
0 0.866686 0.930134 0.266629 0.139732 0.00395125
0 0.0889928 0.487645 0.177986 0.251998 0.00394072
0 0.0137348 0.351835 0.0274696 0.293401 0.00389763
0 0.372061 0.268914 0.265481 0.204022 0.00388874
0 0.958997 0.842443 0.0820058 0.315115 0.00388478
0 0.590807 0.754134 0.537781 0.40201 0.00387827
0 0.578397 0.259608 0.288755 0.193594 0.00387388
0 0.156366 0.904666 0.312732 0.190668 0.0038737
0 0.706186 0.192414 0.271266 0.163557 0.00386583
0 0.876838 0.761256 0.246323 0.265415 0.00384116
0 0.816511 0.899348 0.298929 0.177364 0.00382412
0 0.230946 0.219235 0.295852 0.184308 0.00381941
0 0.0122893 0.246729 0.0245785 0.278994 0.00381319
0 0.718572 0.629257 0.562857 0.4763 0.00380121
0 0.112655 0.552537 0.225309 0.308191 0.00378993
0 0.115021 0.750619 0.230043 0.329829 0.00378697
0 0.0104939 0.911815 0.0209877 0.176369 0.00378462
0 0.111416 0.798307 0.222832 0.311211 0.00375997
0 0.247728 0.9579 0.310911 0.0841995 0.00375694
0 0.79251 0.228348 0.249671 0.218051 0.00375519
0 0.595818 0.288201 0.170986 0.0478786 0.0037551
0 0.939023 0.970093 0.121954 0.0598145 0.00374112
0 0.128832 0.856751 0.257663 0.200377 0.003736
0 0.877174 0.577762 0.245653 0.349273 0.00372685
0 0.119966 0.615576 0.239932 0.351257 0.0037238
0 0.436756 0.269664 0.262104 0.206324 0.00371867
0 0.882478 0.966793 0.235044 0.0664144 0.00369331
0 0.275002 0.225566 0.274253 0.15215 0.00369052
0 0.118705 0.897877 0.234132 0.115425 0.00367996
0 0.893885 0.345694 0.21223 0.288717 0.00365569
0 0.170063 0.96032 0.298644 0.0793592 0.00365294
0 0.703703 0.70568 0.592595 0.441959 0.00365226
0 0.010443 0.191072 0.0208859 0.26569 0.00363528
0 0.923859 0.0709296 0.152282 0.141859 0.00363192
0 0.0114094 0.79366 0.0228187 0.276926 0.00363152
0 0.494075 0.226959 0.275093 0.164792 0.00363029
0 0.491449 0.264678 0.270991 0.198907 0.003628
0 0.923333 0.820527 0.153334 0.358946 0.00360354
0 0.12499 0.161293 0.243064 0.164467 0.0036014
0 0.731951 0.751179 0.536098 0.395459 0.00359973
0 0.0891734 0.215857 0.178347 0.183504 0.00358413
0 0.642587 0.579095 0.290758 0.225826 0.00356742
0 0.948778 0.261458 0.102443 0.36312 0.00354599
0 0.882263 0.906478 0.235474 0.187043 0.00354036
0 0.829715 0.484054 0.34057 0.401113 0.00353725
0 0.579105 0.228303 0.276174 0.175808 0.00351364
0 0.169271 0.13931 0.294235 0.187283 0.00350898
0 0.82213 0.712804 0.35574 0.364377 0.00349521
0 0.312468 0.566414 0.204865 0.221304 0.00348041
0 0.0616381 0.809736 0.123276 0.331769 0.0034719
0 0.610897 0.926885 0.338367 0.14623 0.00346541
0 0.169364 0.170631 0.295213 0.167247 0.00345938
0 0.435498 0.227585 0.275039 0.149185 0.00344925
0 0.435465 0.930816 0.310567 0.138369 0.00344759
0 0.777972 0.750521 0.444057 0.360087 0.00344005
0 1 0.0575334 0 0.115067 0.00342827
0 0.164379 0.222723 0.302009 0.193251 0.0034235
0 0.371737 0.930537 0.306276 0.138926 0.00342148
0 0.00807868 0.136805 0.0161574 0.251913 0.00341739
0 0.0701179 0.329461 0.118588 0.0686804 0.00339305
0 0.911031 0.0832918 0.177939 0.166584 0.00337752
0 0.630961 0.2891 0.14987 0.0520712 0.0033742
0 0.912277 0.719475 0.175446 0.363224 0.00335607
0 0.907721 0.572236 0.184558 0.365071 0.00334178
0 0.0882837 0.273965 0.176567 0.210601 0.00333257
0 0.422882 0.274073 0.175863 0.0657673 0.00329715
0 0.93827 0.21128 0.123459 0.0821041 0.00328805
0 0.659655 0.608569 0.373896 0.283122 0.00328737
0 0.566891 0.523443 0.312737 0.221491 0.0032802
0 0.296912 0.931478 0.289609 0.137044 0.00327962
0 0.710629 0.962019 0.260821 0.0759611 0.00326129
0 0.347031 0.228885 0.29165 0.142027 0.00325592
0 0.29095 0.644846 0.240139 0.246611 0.00322655
0 0.936709 0.228342 0.125947 0.088848 0.00321442
0 0.101588 0.92768 0.203175 0.144639 0.00320807
0 0.807545 0.53486 0.384911 0.418612 0.00320715
0 0.732205 0.22798 0.265232 0.212831 0.00318093
0 0.458108 0.495111 0.356839 0.223564 0.00316675
0 0.385894 0.621415 0.311173 0.278395 0.00314897
0 1 0.843777 0 0.288951 0.00312405
0 0.376034 0.392654 0.203162 0.142859 0.00306919
0 0.59677 0.542369 0.180269 0.131235 0.934886
0 0.305701 0.605951 0.189834 0.135216 0.816476
0 0.146381 0.147723 0.289293 0.241158 0.00963293
0 0.169678 0.268876 0.176044 0.0861055 0.00947172
0 0.88833 0.327424 0.215643 0.260942 0.00883748
0 0.131637 0.265936 0.263273 0.147504 0.00815122
0 0.192874 0.270144 0.124021 0.0900447 0.00802928
0 0.907306 0.898521 0.177254 0.197332 0.00739913
0 0.997397 0.897137 0.00520676 0.205726 0.00660364
0 0.997625 0.114439 0.0047505 0.228877 0.00653958
0 0.921662 0.309401 0.145927 0.244487 0.0055517
0 0.874014 0.278636 0.249291 0.196205 0.00512527
0 0.126659 0.211946 0.253317 0.221215 0.00511508
0 0.809239 0.284141 0.285554 0.168374 0.00497456
0 1 0.144889 0 0.289778 0.00493652
0 0.130299 0.239821 0.260598 0.154741 0.00487292
0 0.121235 0.224482 0.24247 0.402846 0.00464497
0 0.0367676 0.976824 0.0735351 0.0463529 0.00457399
0 0.107782 0.176228 0.215564 0.352456 0.00457157
0 1 0.195079 0 0.303139 0.00443357
0 0.512033 0.286692 0.274637 0.145459 0.00442532
0 0.858766 0.307786 0.280525 0.227503 0.00441353
0 0.115805 0.128391 0.23161 0.215367 0.00438087
0 0.326176 0.55919 0.252944 0.229524 0.00437037
0 0.676035 0.27937 0.317603 0.152857 0.00435766
0 0.755757 0.218856 0.366002 0.224582 0.00430049
0 0.846497 0.232912 0.305258 0.187045 0.00428699
0 0.120753 0.175059 0.241506 0.195417 0.00423427
0 0.511711 0.0690539 0.249627 0.138108 0.0042221
0 0.875118 0.88648 0.243521 0.222388 0.00421044
0 0.136082 0.309393 0.272165 0.366715 0.00420763
0 0.411395 0.2934 0.322989 0.149376 0.00419853
0 0.0366552 0.086707 0.0733104 0.173414 0.00419429
0 0.580568 0.0695559 0.258727 0.139112 0.00418438
0 0.44944 0.0693218 0.245364 0.138644 0.00414928
0 0.568016 0.277243 0.272417 0.147265 0.00413088
0 0.664779 0.22094 0.334015 0.221706 0.0041304
0 0.151667 0.727907 0.303335 0.544186 0.0040704
0 0.897844 0.450169 0.204312 0.3512 0.00406324
0 0.618123 0.504803 0.273322 0.220312 0.00406242
0 0.28811 0.58155 0.231532 0.185204 0.00405131
0 0.997422 0.254122 0.00515609 0.287175 0.00403858
0 0.0754782 0.977666 0.150956 0.044668 0.0040371
0 0.6499 0.0699509 0.260347 0.139902 0.00403303
0 0.988047 0.353327 0.0239058 0.307919 0.00402418
0 0.995843 0.971238 0.00831483 0.0575237 0.00400536
0 0.315128 0.223272 0.356861 0.222082 0.00399106
0 0.715246 0.0704007 0.262379 0.140801 0.00399103
0 0.0847663 0.141919 0.169533 0.283837 0.00397489
0 0.380189 0.0720214 0.271752 0.144043 0.00396946
0 0.912609 0.228511 0.174781 0.193822 0.00394998
0 0.14505 0.348349 0.2901 0.386626 0.00394101
0 0.97548 0.797402 0.0490396 0.367222 0.0039389
0 0.997937 0.812304 0.0041265 0.310267 0.00393345
0 0.856082 0.94235 0.270401 0.1153 0.00393263
0 0.893808 0.550378 0.212383 0.356354 0.00392269
0 0.116534 0.690461 0.233069 0.619078 0.00390517
0 0.124131 0.0914083 0.248261 0.182817 0.0039036
0 0.386808 0.70855 0.404538 0.402027 0.00390311
0 0.142638 0.268939 0.228665 0.0964579 0.00389766
0 0.808516 0.172605 0.372548 0.265635 0.00389586
0 0.960974 0.0789568 0.0780523 0.157914 0.00386955
0 0.997917 0.517236 0.00416575 0.299116 0.00386955
0 0.537967 0.574651 0.324142 0.225296 0.00386894
0 0.960407 0.113721 0.0791868 0.227443 0.00386577
0 0.959046 0.851522 0.0819087 0.296957 0.0038627
0 0.778857 0.0713358 0.271645 0.142672 0.00385873
0 0.98259 0.451992 0.0348197 0.333164 0.00385012
0 0.577903 0.509667 0.219942 0.198967 0.00383953
0 0.905828 0.354968 0.188344 0.296607 0.0038373
0 0.997517 0.662983 0.00496629 0.32025 0.00383319
0 0.315728 0.712522 0.313567 0.422949 0.00383205
0 0.897443 0.263394 0.205114 0.181488 0.0038301
0 0.853304 0.345124 0.293392 0.29578 0.00382987
0 0.960223 0.647152 0.0795539 0.364225 0.00382352
0 0.134747 0.320984 0.269495 0.402462 0.00381859
0 0.45827 0.68912 0.528554 0.412306 0.00381295
0 0.889192 0.648794 0.221616 0.362218 0.00381262
0 0.16651 0.51425 0.33302 0.400614 0.00380457
0 0.125295 0.578509 0.25059 0.58576 0.0037996
0 0.998214 0.419779 0.00357102 0.283579 0.00379671
0 0.972443 0.54927 0.0551141 0.351523 0.00379225
0 0.551781 0.645149 0.4152 0.408163 0.00378751
0 0.313954 0.60579 0.265651 0.203042 0.00377622
0 0.934561 0.159241 0.130877 0.27474 0.00377489
0 0.439899 0.321721 0.264941 0.182693 0.00377372
0 0.39356 0.530037 0.273774 0.218923 0.0037732
0 0.322046 0.726962 0.529203 0.461577 0.00377176
0 0.579542 0.615476 0.267449 0.304409 0.00374285
0 0.954581 0.745068 0.0908376 0.370782 0.00373627
0 0.807009 0.333099 0.308081 0.169272 0.00373404
0 0.14357 0.319053 0.287141 0.191401 0.00372781
0 0.660496 0.644275 0.513241 0.427138 0.00372045
0 0.834915 0.968321 0.281687 0.0633583 0.00371502
0 0.403072 0.221043 0.375515 0.223304 0.00371359
0 0.153961 0.412616 0.307921 0.396291 0.00371237
0 0.371984 0.4058 0.265324 0.189575 0.00369595
0 0.359938 0.496015 0.290325 0.194466 0.00368168
0 0.295537 0.0766536 0.317017 0.153307 0.00366839
0 0.852016 0.0716815 0.276417 0.143363 0.00366622
0 0.344259 0.314745 0.254906 0.182186 0.00366287
0 0.118778 0.465 0.237556 0.546136 0.00365552
0 0.599587 0.226307 0.299867 0.20966 0.003627
0 0.149336 0.402854 0.298671 0.373016 0.00362244
0 0.164821 0.413988 0.329641 0.350871 0.00362188
0 0.194628 0.622146 0.389257 0.427554 0.00361332
0 0.345001 0.586772 0.24896 0.168206 0.00360876
0 0.538425 0.228426 0.30767 0.202285 0.00360111
0 0.11853 0.35717 0.237059 0.55358 0.00359886
0 0.30284 0.498094 0.309515 0.227302 0.00359619
0 0.183732 0.376477 0.367465 0.264605 0.0035863
0 0.985186 0.075645 0.0296284 0.15129 0.00358098
0 0.281981 0.311554 0.261014 0.175679 0.0035797
0 0.169006 0.587261 0.338013 0.373563 0.00357922
0 0.204024 0.47263 0.408049 0.318942 0.00357711
0 0.91007 0.802423 0.17986 0.358294 0.00356574
0 0.783468 0.482491 0.433064 0.438876 0.00355967
0 0.881614 0.970088 0.236772 0.0598245 0.00355587
0 0.181426 0.685552 0.362852 0.412935 0.00355251
0 0.838259 0.879006 0.323482 0.231358 0.00354903
0 0.998489 0.591445 0.00302236 0.286781 0.00354297
0 0.0547616 0.776596 0.109523 0.446807 0.00353382
0 0.299872 0.403886 0.309372 0.230049 0.00353307
0 0.230821 0.702908 0.408191 0.412521 0.00352909
0 0.160621 0.0958781 0.299241 0.191756 0.00352907
0 0.0384727 0.880091 0.0769453 0.239819 0.00351997
0 0.48883 0.494443 0.225992 0.190095 0.00351133
0 0.516481 0.183516 0.358823 0.253837 0.00350966
0 0.473986 0.409233 0.238813 0.170211 0.00350882
0 0.224111 0.234757 0.33993 0.186263 0.00350372
0 0.99846 0.740804 0.0030809 0.286257 0.0034996
0 0.112815 0.270858 0.22563 0.541716 0.003495
0 0.298081 0.363128 0.304038 0.21792 0.00349095
0 0.809087 0.835644 0.381826 0.328713 0.00347918
0 0.85489 0.550178 0.290221 0.38831 0.0034703
0 0.778743 0.592063 0.442514 0.414272 0.00346114
0 0.147724 0.815383 0.295449 0.369235 0.0034566
0 0.114352 0.0770044 0.228704 0.154009 0.00345066
0 0.318381 0.293571 0.298405 0.145344 0.00344494
0 0.0453438 0.319562 0.0906876 0.552962 0.00344306
0 0.119053 0.977784 0.238106 0.044432 0.00344284
0 0.867768 0.410926 0.264463 0.357256 0.00342955
0 0.852937 0.81499 0.294125 0.36379 0.00340435
0 0.04555 0.418766 0.0911 0.559294 0.00339867
0 0.838018 0.0878575 0.321037 0.175715 0.00339676
0 0.446853 0.0895027 0.289601 0.179005 0.00338136
0 0.830417 0.406917 0.339166 0.38543 0.00337951
0 0.0482572 0.520047 0.0965144 0.571975 0.00337602
0 0.726333 0.591315 0.547333 0.412966 0.00337196
0 0.480536 0.226109 0.342748 0.205628 0.00337128
0 0.859411 0.862695 0.281178 0.274609 0.00337006
0 0.18783 0.781998 0.37566 0.436004 0.00336273
0 0.521291 0.33249 0.253694 0.175953 0.00335251
0 0.740002 0.446263 0.483635 0.380052 0.00335077
0 0.168184 0.975967 0.286235 0.0480659 0.00334668
0 0.378756 0.0951928 0.337367 0.190386 0.0033435
0 0.250044 0.173589 0.419592 0.226639 0.00334278
0 0.775064 0.688873 0.449873 0.429958 0.00334259
0 0.883319 0.300487 0.233361 0.229028 0.00333668
0 0.849383 0.753199 0.301234 0.387029 0.00333207
0 0.148115 0.078457 0.286693 0.156914 0.00332755
0 0.852429 0.651405 0.295143 0.386502 0.00332741
0 0.730471 0.944883 0.311001 0.110233 0.00332284
0 0.794555 0.791275 0.410889 0.41745 0.0033207
0 0.0735777 0.0813657 0.147155 0.162731 0.00331723
0 0.584728 0.18227 0.356671 0.253816 0.00331687
0 0.882307 0.082763 0.235387 0.165526 0.0033137
0 0.846311 0.902112 0.294538 0.195776 0.00331255
0 0.921452 0.307348 0.157095 0.263065 0.00330968
0 0.998178 0.317046 0.0036436 0.287186 0.0033039
0 0.0404045 0.238002 0.080809 0.476004 0.00330271
0 0.602948 0.815977 0.518118 0.368045 0.00330194
0 0.00645004 0.889057 0.0129001 0.221887 0.00330074
0 0.453272 0.182153 0.391331 0.258629 0.00329922
0 0.888765 0.940303 0.222471 0.119394 0.00329332
0 0.565958 0.886714 0.341029 0.226571 0.00328261
0 0.877529 0.355779 0.244943 0.277226 0.00327684
0 0.501051 0.0876845 0.291822 0.175369 0.00327626
0 0.728044 0.173981 0.372123 0.270704 0.00326683
0 0.2169 0.0798882 0.316436 0.159776 0.00325562
0 0.896575 0.0703387 0.206851 0.140677 0.00325197
0 0.178426 0.495888 0.356852 0.378764 0.00324686
0 0.159507 0.495224 0.319015 0.384886 0.00323536
0 0.161995 0.901829 0.323989 0.196342 0.00322798
0 0.694499 0.0860835 0.309946 0.172167 0.00321915
0 0.218547 0.900543 0.36631 0.198915 0.00321772
0 0.290754 0.896267 0.367962 0.207467 0.00321633
0 0.214305 0.736469 0.42861 0.483503 0.0032118
0 0.269119 0.636465 0.285235 0.283526 0.00320358
0 0.577891 0.679954 0.57947 0.442306 0.0032031
0 0.298767 0.1013 0.401564 0.2026 0.00319941
0 0.0718567 0.932673 0.143713 0.134653 0.00319771
0 0.228255 0.737575 0.45651 0.420043 0.00319386
0 0.237803 0.974083 0.29368 0.0518339 0.00319332
0 0.307024 0.972006 0.287214 0.0559885 0.00319093
0 0.760442 0.0875299 0.31744 0.17506 0.00319007
0 0.552055 0.450589 0.163586 0.0889122 0.00318958
0 0.564279 0.0867502 0.301948 0.1735 0.00317749
0 0.181259 0.13023 0.362518 0.235566 0.00317309
0 0.362299 0.360287 0.277229 0.197686 0.00317273
0 0.0455363 0.109375 0.0910725 0.21875 0.00316811
0 0.375226 0.970896 0.284791 0.0582079 0.00316513
0 0.468057 0.803322 0.552364 0.393355 0.00316479
0 0.733077 0.809771 0.533847 0.380459 0.0031633
0 0.223257 0.103073 0.395851 0.206147 0.00315305
0 0.26151 0.815256 0.52302 0.369487 0.00314546
0 0.66184 0.345404 0.303271 0.150959 0.00314417
0 0.361861 0.89004 0.367489 0.219919 0.00312807
0 0.0527677 0.165913 0.105535 0.331825 0.00312437
0 0.182237 0.591983 0.364474 0.34217 0.00312017
0 0.959657 0.26098 0.0806864 0.22941 0.00311816
0 0.23224 0.941099 0.27844 0.117802 0.00311633
0 0.330765 0.170467 0.44303 0.273297 0.00311401
0 0.631595 0.0858252 0.303378 0.17165 0.0031069
0 0.699364 0.687822 0.601272 0.453587 0.00310535
0 0.167139 0.936769 0.263594 0.126462 0.0030997
0 0.803728 0.120531 0.372786 0.226182 0.00309914
0 0.653081 0.17919 0.366336 0.262853 0.00309883
0 0.583379 0.945572 0.267734 0.108856 0.00308862
0 0.23871 0.376766 0.309479 0.220526 0.00308272
0 0.427582 0.888999 0.359142 0.222001 0.00307863
0 0.221791 0.79005 0.443582 0.4199 0.00307526
0 0.0791169 0.103896 0.158234 0.207791 0.0030679
0 0.394972 0.766716 0.591385 0.466567 0.00305488
0 0.748556 0.533189 0.502888 0.429039 0.00305086
0 0.720732 0.885687 0.390324 0.228625 0.00305039
0 0.58681 0.405123 0.233588 0.167445 0.00304081
0 0.233233 0.533163 0.403678 0.285049 0.00303616
0 0.442456 0.971583 0.290761 0.0568349 0.00303146
0 0.300916 0.947304 0.277164 0.105392 0.00303085
0 0.0387109 0.821225 0.0774219 0.357551 0.00301813
0 0.196464 0.810243 0.392929 0.379513 0.0030142
0 0.721022 0.525679 0.502337 0.36046 0.00300732
0 0.734106 0.975626 0.300754 0.0487476 0.00299806
0 0.767007 0.43264 0.465987 0.432577 0.00299656
0 0.638204 0.889543 0.320005 0.220913 0.00299185
0 0.114492 0.934413 0.228984 0.131175 0.00298995
0 0.368324 0.94698 0.275992 0.10604 0.00298884
0 0.345483 0.643712 0.260186 0.260336 0.00297645
0 0.880229 0.900309 0.239542 0.199382 0.00296095
0 0.663327 0.413971 0.326897 0.176802 0.00295924
0 0.731521 0.635476 0.536959 0.429026 0.00295023
0 0.510361 0.946173 0.28772 0.107654 0.00294024
0 0.728537 0.125313 0.364142 0.217546 0.00293552
0 0.611611 0.270615 0.23989 0.130419 0.00293489
0 0.659936 0.125707 0.359504 0.211711 0.002931
0 0.601247 0.772086 0.614522 0.455828 0.00292972
0 0.130645 0.535426 0.261289 0.296614 0.0029289
0 0.275937 0.127958 0.475966 0.255915 0.00292624
0 0.502598 0.893872 0.369381 0.212256 0.00292175
0 0.64997 0.97542 0.282241 0.04916 0.00291583
0 0.432754 0.944893 0.276509 0.110214 0.00291028
0 0.64611 0.949003 0.270527 0.101994 0.00290358
0 0 0.0675306 0 0.135061 0.00290141
0 0.841944 0.114933 0.316112 0.224527 0.00289966
0 0.731108 0.737669 0.537785 0.473645 0.00289105
0 0 0.974312 0 0.0513769 0.00288753
0 0.620399 0.531977 0.264265 0.156257 0.002885
0 0.521935 0.97351 0.299181 0.0529808 0.00288352
0 0.556907 0.346086 0.272941 0.159377 0.00286242
0 0.517499 0.723512 0.586626 0.475991 0.00285607
0 0.127396 0.896571 0.254793 0.206858 0.00281463
0 0.190476 0.639858 0.380952 0.354959 0.00278639
0 0.100874 0.851314 0.201748 0.297373 0.00276445
0 0.858388 0.818971 0.271038 0.325399 0.00275592
0 0.403412 0.121668 0.403953 0.243337 0.00274822
0 0.52782 0.126477 0.358352 0.216511 0.00273372
0 0.462794 0.124644 0.369665 0.225037 0.00272521
0 0.59501 0.126507 0.359913 0.211246 0.00272419
0 0.663358 0.73078 0.636476 0.484437 0.00270047
0 0.0208622 0.099505 0.0417244 0.19901 0.00262724
0 0.45932 0.357908 0.258388 0.186223 0.00262624
0 0.568699 0.542279 0.253138 0.1688 0.00262621
0 0.236869 0.28872 0.294876 0.137837 0.00260414
0 0.0946181 0.883506 0.189236 0.232987 0.00253508
0 0.592103 0.974236 0.283161 0.0515286 0.00252188
0 0.317614 0.524137 0.178341 0.0580297 0.00250784
0 0.254579 0.270633 0.237148 0.0947439 0.0024928
0 0.872395 0.761042 0.240563 0.308177 0.00248816
0 0.668622 0.537058 0.0375656 0.124681 0.00245232
0 0.598895 0.35214 0.251014 0.180835 0.00240741
0 0.612644 0.623903 0.30455 0.383822 0.00237365
0 0.11366 0.725765 0.227319 0.37803 0.00228636
0 0.915457 0.9086 0.169086 0.1828 0.00227285
0 0.0990776 0.457254 0.198155 0.320414 0.00222435
0 0.0952253 0.531903 0.190451 0.322943 0.00218665
0 0.0611334 0.863987 0.122267 0.272026 0.00213119
0 0.865649 0.856644 0.254418 0.286712 0.00212275
0 0.927409 0.316236 0.145182 0.262001 0.00212065
0 0.0868295 0.189242 0.173659 0.301092 0.00211514
0 0.879847 0.773974 0.240305 0.382897 0.00211064
0 0.128703 0.801767 0.257406 0.375738 0.00206302
0 0.492047 0.2652 0.233068 0.121633 0.00204113
0 0.652405 0.537842 0.0666919 0.0996098 0.00200863
0 0.0807634 0.768305 0.161527 0.308126 0.00200315
0 0.0967488 0.604244 0.193498 0.322066 0.00199784
0 0.887737 0.698085 0.224525 0.366893 0.00199616
0 0.101065 0.38428 0.202131 0.309777 0.00199536
0 1 0.00866329 0 0.0173266 0.00197435
0 0.886451 0.713288 0.211862 0.305378 0.00196867
0 0.59987 0.540186 0.176038 0.129512 0.949847
0 0.305465 0.604082 0.18724 0.138681 0.874283
0 0.264601 0.00302093 0.277541 0.00604187 0.0833496
0 0.998838 0.100133 0.00232406 0.200266 0.0537326
0 0.21066 0.00340769 0.312628 0.00681539 0.0176218
0 0.333357 0.00370932 0.291094 0.00741863 0.0121521
0 0.143488 0.00226105 0.279949 0.0045221 0.0107502
0 0.998725 0.887881 0.00254956 0.224238 0.0095309
0 0.997891 0.14482 0.00421733 0.28964 0.00659429
0 0.113329 0.109551 0.226657 0.219103 0.00578796
0 0.576579 0.246727 0.269274 0.190194 0.00491288
0 0.507558 0.247443 0.297268 0.200718 0.00473449
0 0.381634 0.00464789 0.281962 0.00929579 0.00455052
0 0.15873 0.183844 0.311708 0.216481 0.00445951
0 0.401725 0.245846 0.378043 0.244919 0.00443048
0 0.234027 0.226286 0.375227 0.239138 0.00436658
0 1 0.0359951 0 0.0719902 0.00436528
0 0.871435 0.650255 0.25713 0.396839 0.00401855
0 0.127336 0.140477 0.254672 0.260676 0.003984
0 0.884621 0.548063 0.230759 0.396993 0.00394225
0 0.679439 0.167589 0.398516 0.300729 0.00394145
0 0.384082 0.368341 0.46453 0.207151 0.00393647
0 0.171387 0.231358 0.342774 0.292665 0.0039323
0 0.0891543 0.0839716 0.178309 0.167943 0.00392903
0 0.309335 0.220137 0.330755 0.202031 0.0039009
0 0.317326 0.253631 0.45829 0.307311 0.0038544
0 0.357453 0.335196 0.433519 0.325458 0.00382887
0 0.877052 0.0775725 0.245896 0.155145 0.00381599
0 0.99526 0.501516 0.00947948 0.353501 0.00380786
0 0.996871 0.650168 0.00625814 0.346771 0.00379611
0 0.000898841 0.0154985 0.00179768 0.030997 0.00379239
0 0.00648435 0.0697366 0.0129687 0.139473 0.00375768
0 0.68466 0.220715 0.426053 0.346924 0.0037468
0 0.386177 0.217098 0.318911 0.189818 0.00374043
0 0.351462 0.568969 0.268888 0.213817 0.00372306
0 0.443811 0.367789 0.274222 0.23876 0.00370582
0 0.143045 0.213503 0.286089 0.382102 0.0036947
0 0.854915 0.442398 0.290169 0.43285 0.00368341
0 0.996096 0.970581 0.00780777 0.0588379 0.00361604
0 0.980952 0.748918 0.0380964 0.360474 0.0036125
0 0.255359 0.178809 0.357789 0.190167 0.00359222
0 0.998811 0.812002 0.00237775 0.310307 0.00358703
0 0.243329 0.715084 0.486659 0.460426 0.00357994
0 0.861815 0.181467 0.276369 0.362934 0.00354816
0 0.483113 0.367389 0.371965 0.194574 0.00354464
0 0.851567 0.115541 0.296866 0.231082 0.00352949
0 0.537402 0.220018 0.297198 0.190911 0.00352804
0 0.0727773 0.966582 0.145555 0.0668367 0.00351893
0 0.736079 0.201011 0.527841 0.402021 0.00351306
0 0.990766 0.0707835 0.018469 0.141567 0.00350474
0 0.568438 0.370736 0.251736 0.230148 0.00349511
0 0.31099 0.348883 0.621979 0.28016 0.00349487
0 0.998951 0.566198 0.00209869 0.311594 0.00347858
0 0.809574 0.22038 0.380852 0.44076 0.00346959
0 0.14429 0.105624 0.281773 0.175138 0.0034287
0 0.571254 0.504455 0.243703 0.209332 0.00341157
0 0.6752 0.264659 0.504451 0.417916 0.00339931
0 0.998872 0.71319 0.00225568 0.30643 0.00338498
0 0.00914433 0.969019 0.0182887 0.0619624 0.00338245
0 0.465566 0.217915 0.306613 0.185877 0.00337741
0 0.274809 0.264825 0.549619 0.386801 0.00337207
0 0.987571 0.858037 0.0248588 0.283927 0.00335427
0 0.974745 0.401225 0.0505099 0.381305 0.00334573
0 0.998163 0.417302 0.00367392 0.322137 0.00334341
0 0.997879 0.217923 0.00424227 0.292715 0.00334038
0 0.858435 0.810178 0.283129 0.379643 0.0033342
0 0.619784 0.505799 0.283459 0.213373 0.00331974
0 0.505675 0.373072 0.270219 0.227533 0.00331945
0 0.796416 0.097458 0.350234 0.194916 0.00331567
0 0.283778 0.585082 0.240349 0.176206 0.00328832
0 0.589763 0.174182 0.294476 0.188748 0.00326659
0 0.823724 0.343874 0.352553 0.482955 0.00326222
0 0.957023 0.353895 0.0859531 0.397961 0.00324101
0 0.997709 0.315106 0.00458131 0.329545 0.00320956
0 0.83755 0.945055 0.231375 0.10989 0.00320788
0 0.152186 0.826911 0.304372 0.346178 0.00319399
0 0.974442 0.204649 0.0511165 0.395573 0.00317692
0 0.306308 0.331051 0.612616 0.493819 0.00316001
0 0.264159 0.402711 0.528318 0.3916 0.00315109
0 0.109393 0.969121 0.218786 0.0617588 0.00313785
0 0.291674 0.635283 0.241359 0.253187 0.00313404
0 0.665828 0.367834 0.346541 0.271165 0.00311358
0 0.204215 0.675792 0.408429 0.47587 0.00310319
0 0.908541 0.00278965 0.182917 0.00557931 0.00310036
0 0.263283 0.61698 0.36507 0.230561 0.00308211
0 0.943752 0.255001 0.112495 0.412343 0.00306765
0 0.164637 0.972518 0.295503 0.0549643 0.00306539
0 0.951403 0.0963406 0.0971946 0.192681 0.0030591
0 0.326881 0.175483 0.340294 0.177182 0.003052
0 0.413593 0.398162 0.269025 0.212522 0.00304884
0 0.253925 0.120912 0.306175 0.156801 0.00304619
0 0.289557 0.554959 0.296313 0.238696 0.00303529
0 0.0604244 0.845844 0.120849 0.308312 0.00303501
0 0.815021 0.760116 0.369957 0.466237 0.0030297
0 0.459439 0.396045 0.222807 0.177829 0.00302306
0 0.0770475 0.926426 0.154095 0.147147 0.00301103
0 0 0.00839858 0 0.0167972 0.00300828
0 0.396534 0.541945 0.315753 0.244085 0.00300747
0 0.108481 0.924622 0.216962 0.150755 0.0030005
0 0.760391 0.1515 0.479218 0.303 0.00299973
0 0.255812 0.0103722 0.346957 0.0207443 0.00299854
0 0.849973 0.0785772 0.300054 0.157154 0.00297131
0 0.379426 0.698721 0.471755 0.42554 0.00296929
0 0.421442 0.487587 0.249654 0.168545 0.00296162
0 0.676238 0.113921 0.337187 0.227843 0.00295579
0 0.440685 0.0675259 0.248793 0.135052 0.0029128
0 0.505509 0.572279 0.218901 0.198507 0.0028994
0 0.278278 0.973983 0.310885 0.0520334 0.00289841
0 0.505495 0.0675116 0.2541 0.135023 0.00288761
0 0.122897 0.0665777 0.245795 0.133155 0.00286141
0 0.940342 0.0716009 0.119317 0.143202 0.00284685
0 0.505618 0.582612 0.395544 0.253985 0.00281039
0 0.705755 0.495224 0.396629 0.249436 0.00280401
0 0.354817 0.475529 0.304276 0.227671 0.00280215
0 0.12419 0.20574 0.248379 0.392167 0.00279684
0 0.303106 0.0699585 0.239234 0.139917 0.00278681
0 0.672655 0.406518 0.324089 0.191939 0.00277273
0 0.67302 0.330784 0.485184 0.335112 0.00277024
0 0.462312 0.970501 0.27921 0.0589975 0.00276841
0 0.519165 0.971817 0.286578 0.0563651 0.00276545
0 0.532273 0.176411 0.312191 0.17458 0.00276401
0 0.476144 0.487605 0.240245 0.17427 0.00276306
0 0.256775 0.434932 0.402594 0.335066 0.00275778
0 0.590536 0.401367 0.236235 0.17327 0.00275725
0 0.575757 0.0678464 0.262293 0.135693 0.00275192
0 0.391372 0.0712942 0.242804 0.142588 0.00275089
0 0.449297 0.00491491 0.277112 0.00982981 0.00273457
0 0.178889 0.253413 0.357777 0.463979 0.00273062
0 0.697857 0.263102 0.604285 0.526204 0.0027238
0 0.26823 0.72992 0.536459 0.527777 0.00272373
0 0.409927 0.972062 0.289615 0.0558753 0.00271898
0 0.778607 0.946331 0.286872 0.107337 0.00271748
0 0.718279 0.0812826 0.293399 0.162565 0.00271616
0 0.062318 0.112773 0.124636 0.225546 0.00269944
0 0.0333776 0.42016 0.0667551 0.498338 0.00268455
0 0.0299811 0.904555 0.0599623 0.190891 0.00268171
0 0.0501197 0.0664407 0.100239 0.132881 0.00267712
0 0.651199 0.0745068 0.264809 0.149014 0.00267697
0 0.176141 0.7785 0.352282 0.443 0.00266713
0 0.0322071 0.721811 0.0644142 0.502379 0.00266645
0 0.342791 0.974136 0.301423 0.0517279 0.00266521
0 0.400482 0.174749 0.329496 0.172018 0.00266435
0 0.550297 0.60635 0.330524 0.362395 0.00266119
0 0.0310585 0.519221 0.0621171 0.450718 0.00265554
0 0.60623 0.117083 0.30069 0.171558 0.00265258
0 0.0325884 0.619837 0.0651768 0.486416 0.00265222
0 0.0186376 0.824676 0.0372753 0.337096 0.00263484
0 0.753541 0.415309 0.423962 0.31437 0.00263216
0 0.120072 0.747699 0.240144 0.504602 0.00262693
0 0.997788 0.367985 0.00442485 0.293685 0.00262453
0 0.191314 0.534203 0.340409 0.276023 0.00261279
0 0.137188 0.365688 0.274377 0.503036 0.00259824
0 0.205248 0.0675201 0.23319 0.13504 0.00258264
0 0.0330851 0.321362 0.0661701 0.504897 0.00257761
0 0.236448 0.650645 0.368428 0.331363 0.0025722
0 0.154389 0.922354 0.265669 0.155293 0.00256872
0 0.127524 0.703494 0.255048 0.509593 0.00256832
0 0.998123 0.467481 0.0037532 0.292594 0.00256657
0 0.553769 0.550985 0.290295 0.201857 0.00256573
0 0.737536 0.362953 0.524928 0.409541 0.00255612
0 0.542423 0.628802 0.431126 0.434261 0.00254908
0 0.237003 0.790326 0.474006 0.419349 0.00254872
0 0.187824 0.641052 0.375648 0.383362 0.00254709
0 0.0989537 0.0930187 0.197907 0.186037 0.00253765
0 0.603265 0.973403 0.310663 0.0531931 0.00252731
0 0.843502 0.152386 0.312995 0.304773 0.00251513
0 0.101156 0.777313 0.202312 0.445375 0.00251512
0 0.119968 0.459041 0.239936 0.467514 0.00251284
0 0.532826 0.401388 0.231435 0.170839 0.00251055
0 0.780015 0.170317 0.43997 0.340635 0.00250105
0 0.454334 0.640451 0.511612 0.3951 0.00248695
0 0.124284 0.910858 0.248569 0.178284 0.00248044
0 0.351994 0.121902 0.286685 0.161534 0.00247339
0 0.309127 0.56063 0.205533 0.22909 0.00247276
0 0.344384 0.663832 0.273709 0.322128 0.00247036
0 0.672751 0.926644 0.333694 0.146712 0.00245256
0 0.151792 0.506146 0.303584 0.343552 0.0024447
0 0.469494 0.175606 0.31958 0.169823 0.00244429
0 0.0487335 0.878609 0.0974669 0.242782 0.00244137
0 0.159811 0.267268 0.319622 0.443984 0.0024397
0 0.192716 0.600018 0.325607 0.243413 0.00243143
0 0.158141 0.451189 0.316282 0.36329 0.00242087
0 0.352492 0.267134 0.220716 0.142766 0.00240512
0 0.151534 0.595824 0.303068 0.366717 0.00239667
0 0.763362 0.265328 0.473276 0.530657 0.00238812
0 0.944164 0.931935 0.111671 0.136131 0.00238692
0 0.397123 0.934596 0.308382 0.130808 0.0023859
0 0.662285 0.623072 0.495238 0.447687 0.00238371
0 0.372292 0.723177 0.679101 0.507989 0.0023715
0 0.261642 0.915866 0.283219 0.168268 0.00236567
0 0.0830676 0.181178 0.166135 0.362357 0.00236452
0 0.551324 0.119049 0.295572 0.164141 0.00236325
0 0.140869 0.0357503 0.281739 0.0715006 0.00235522
0 0.782854 0.445537 0.434293 0.395565 0.00234276
0 0.232095 0.382136 0.464189 0.469141 0.00234074
0 0.856119 0.837605 0.287762 0.32479 0.00233521
0 0.134572 0.551449 0.269144 0.406886 0.00232808
0 0.519764 0.67304 0.528605 0.449054 0.0023198
0 0.0263097 0.190266 0.0526195 0.352123 0.002307
0 0.738108 0.843441 0.523785 0.313117 0.00229975
0 0.327879 0.924872 0.307052 0.150257 0.0022929
0 0.590777 0.912768 0.356288 0.174465 0.0022926
0 0.791371 0.432726 0.417259 0.477975 0.00229176
0 0.728528 0.773195 0.542944 0.45361 0.00228439
0 0.613291 0.607069 0.318359 0.400865 0.00228064
0 0 0.896967 0 0.206067 0.0022697
0 0.770786 0.400035 0.458429 0.443963 0.00225488
0 0.736552 0.358223 0.526896 0.509983 0.00225348
0 0.71569 0.531537 0.452105 0.368102 0.00225194
0 0.785315 0.0761154 0.305943 0.152231 0.00224974
0 0.689955 0.970746 0.296572 0.0585072 0.00224528
0 0.826894 0.525914 0.346212 0.469202 0.00222846
0 0.232583 0.438787 0.261197 0.225619 0.00222016
0 0.454868 0.932143 0.297323 0.135714 0.00221672
0 0.230988 0.866258 0.461975 0.267483 0.00221081
0 0.128536 0.403887 0.229416 0.230544 0.0022082
0 0.0194053 0.116199 0.0388105 0.200302 0.00220354
0 0.747593 0.214594 0.504813 0.429187 0.00219322
0 0.236334 0.402474 0.284294 0.218159 0.00218943
0 0.77698 0.629502 0.44604 0.490645 0.00218361
0 0.510653 0.925044 0.310397 0.149913 0.00217062
0 0.756049 0.688981 0.487902 0.531484 0.00214474
0 0.427863 0.120811 0.278679 0.165977 0.0021357
0 0.813066 0.855423 0.373868 0.289154 0.00209848
0 0.217715 0.298433 0.43543 0.504378 0.00208059
0 0.353463 0.755136 0.706925 0.489728 0.00207954
0 0.513248 0.723535 0.652899 0.508623 0.00204799
0 0.588025 0.272157 0.221807 0.117663 0.00204681
0 0.492002 0.120032 0.283607 0.163659 0.00203721
0 0.685987 0.824002 0.628026 0.351996 0.00203572
0 0.0927041 0.00149018 0.185408 0.00298036 0.00201454
0 0.514233 0.00343589 0.277345 0.00687179 0.00200656
0 0.480219 0.756158 0.824181 0.487683 0.0020027
0 0.23922 0.000692812 0.246524 0.00138562 0.00199571
0 0.893556 0.971253 0.212889 0.0574948 0.00199219
0 0.780005 0.532699 0.439991 0.435123 0.00199153
0 0.565736 0.781379 0.868527 0.437242 0.00197784
0 0.789984 0.964812 0.279896 0.0703751 0.00195063
0 0.00235295 0.111412 0.00470591 0.222824 0.00194756
0 0.85144 0.965889 0.253189 0.0682224 0.00194002
0 0.0665687 0.926718 0.133137 0.146564 0.00190323
0 0.340799 0.821846 0.681597 0.356308 0.00188089
0 0.664331 0.733672 0.665134 0.531268 0.00186213
0 0.762915 0.730722 0.474169 0.538556 0.00186038
0 0.970404 0.896846 0.0591928 0.206308 0.00182448
0 0.612514 0.258709 0.244023 0.145601 0.00181981
0 0.639934 0.756846 0.720133 0.486308 0.00181017
0 0.0951551 0.289624 0.19031 0.53232 0.00180723
0 0.406755 0.779256 0.81351 0.441489 0.0017925
0 0.149776 0.236267 0.278481 0.184892 0.00177319
0 0.721096 0.670541 0.557807 0.482854 0.00175201
0 0.0776996 0.998748 0.155399 0.00250435 0.00174064
0 0.874442 0.0398644 0.251117 0.0797287 0.0017243
0 0.0973739 0.637504 0.194748 0.541976 0.00171568
0 0.0927521 0.530667 0.185504 0.521195 0.00168625
0 0.321727 0.0138986 0.353257 0.0277971 0.00166872
0 0.455634 0.601818 0.161168 0.148676 0.00166226
0 0.408414 0.623541 0.28687 0.208794 0.00165914
0 0.0785916 0.233379 0.157183 0.466759 0.00164027
0 0.150132 0.838874 0.300264 0.234292 0.00162946
0 0.413054 0.40579 0.20977 0.169753 0.00160173
0 0.46119 0.292125 0.202493 0.0775709 0.00159863
0 0.135576 0.441137 0.18408 0.236082 0.00159221
0 0.128442 0.881668 0.256885 0.219361 0.00158761
0 0 0.0212032 0 0.0424063 0.00158679
0 0.435731 0.276863 0.239131 0.114476 0.00158425
0 0.955645 0.877545 0.0887099 0.24491 0.00156255
0 0.204157 0.234781 0.237756 0.187639 0.00155559
0 0.371809 0.41071 0.206672 0.164644 0.00150282
0 0.153212 0.496018 0.166607 0.123194 0.00149835
0 0.400107 0.0347277 0.345484 0.0694554 0.00149294
0 0.379972 0.25604 0.277951 0.162146 0.0014914
0 0.767385 0.0955208 0.354247 0.191042 0.00149111
0 0.398503 0.411586 0.172309 0.141238 0.00148224
0 0.781121 0.491789 0.203957 0.169062 0.00148163
0 0.96254 0.975208 0.0749191 0.0495836 0.00147974
0 0.282029 0.503083 0.260944 0.100825 0.0014681
0 0.369139 0.15303 0.328756 0.18637 0.00145294
0 0.696401 0.556396 0.214093 0.109567 0.00142606
0 0.290479 0.000724523 0.246563 0.00144905 0.00142396
0 0 0.957901 0 0.0841988 0.00139633
0 0.825129 0.0864625 0.261725 0.172925 0.00139297
0 0.304117 0.163775 0.260824 0.17435 0.00139175
0 0.047573 0.560814 0.0951461 0.34306 0.00138065
0 0.874716 0.369325 0.250567 0.31162 0.00137379
0 0.810413 0.304673 0.277457 0.219519 0.00137162
0 0.190713 0.703606 0.381426 0.267755 0.00136614
0 0.423769 0.378164 0.208688 0.118798 0.00136226
0 0.212515 0.665311 0.297132 0.27272 0.00136204
0 0.980831 0.201002 0.0383372 0.263694 0.00135497
0 0.2301 0.214789 0.263214 0.157731 0.00135268
0 0.408958 0.269842 0.275442 0.137021 0.00134642
0 0.495477 0.268854 0.27415 0.125184 0.00133604
0 0.200355 0.818977 0.400711 0.283764 0.00131857
0 0.123592 0.192935 0.247184 0.2645 0.00131715
0 0.677556 0.154934 0.23647 0.184149 0.00130863
0 0.874091 0.445024 0.251817 0.318096 0.00130646
0 0.138228 0.610442 0.276455 0.264744 0.00129065
0 0.831325 0.371533 0.33735 0.261139 0.00129033
0 0.987137 0.274676 0.025726 0.26942 0.00128451
0 0.600165 0.541908 0.176782 0.131935 0.989869
0 0.306449 0.604842 0.19038 0.138203 0.945392
0 0.207118 0.45723 0.207229 0.151759 0.251703
0 0.209113 0.434658 0.211078 0.107773 0.110274
0 0.229538 0.00101156 0.169368 0.00202313 0.0768412
0 0.159563 0.886747 0.134905 0.131835 0.0342144
0 0.336386 0.283597 0.144209 0.103789 0.0176846
0 0.157504 0.465886 0.113517 0.170062 0.0174786
0 0.155055 0.494605 0.112487 0.108742 0.0143383
0 0.187741 0.272252 0.130018 0.101085 0.0111356
0 0.676335 0.203595 0.134755 0.0841905 0.00940858
0 1 0.895438 0 0.209124 0.00824836
0 0.168732 0.908101 0.113525 0.0871288 0.00692006
0 0.368813 0.282087 0.21674 0.112448 0.0054322
0 0 0.912857 0 0.174286 0.00532649
0 0.159133 0.863709 0.143478 0.178615 0.00511172
0 0.740773 0.897839 0.184002 0.150887 0.00466653
0 0.173597 0.528033 0.347193 0.655574 0.00416186
0 0.180041 0.674104 0.360083 0.651792 0.00400944
0 0.399374 0.286032 0.254647 0.0971237 0.00398355
0 0.152495 0.419078 0.30499 0.62479 0.00373454
0 0.0853504 0.266973 0.170701 0.425572 0.00371061
0 0.266492 0 0.153296 0 0.00360066
0 0.403039 0.264933 0.271118 0.139977 0.00354702
0 0.86536 0.963447 0.248029 0.0731058 0.0034956
0 1 0.920006 0 0.159987 0.00348315
0 0.16183 0.772379 0.32366 0.455243 0.00342456
0 0.0815426 0.213018 0.163085 0.312379 0.00340506
0 0.815726 0.961852 0.232928 0.0762958 0.00337424
0 0.214902 0.797206 0.429803 0.405588 0.0033019
0 0.0974528 0.312465 0.194906 0.541811 0.00324323
0 0.299021 0.955418 0.262198 0.0891634 0.00322123
0 0.539415 0.442786 0.131896 0.111846 0.00316853
0 0.100974 0.217967 0.201947 0.210849 0.00316795
0 0.169311 0.480337 0.338623 0.419966 0.00315347
0 1 0.249401 0 0.197744 0.00310006
0 0.235111 0.729564 0.470223 0.469503 0.00307285
0 0.429231 0.956202 0.281525 0.0875954 0.0030262
0 0.992931 0.310675 0.0141381 0.208916 0.00296314
0 0.216342 0.588899 0.432684 0.457669 0.00296131
0 0.229975 0.955268 0.207435 0.0894648 0.00296016
0 0.530762 0.959958 0.20808 0.0800838 0.00294933
0 0.144674 0.469709 0.241968 0.219159 0.00285635
0 0.130021 0.932213 0.234608 0.135574 0.00283583
0 0.762888 0.960559 0.231226 0.0788816 0.00283422
0 0.171762 0.827562 0.343524 0.344876 0.00281924
0 0.712247 0.959795 0.240673 0.08041 0.00279985
0 0.072729 0.931352 0.145458 0.137297 0.00279897
0 0.404444 0.878183 0.31513 0.21114 0.00279711
0 0 0.160006 0 0.144743 0.00277289
0 0.287577 0.663646 0.226266 0.267848 0.00276857
0 0.0185911 0.288564 0.0371822 0.345273 0.00274911
0 0.549494 0.588793 0.344222 0.339228 0.00273951
0 0.534383 0.534631 0.341299 0.233027 0.00272868
0 0.362902 0.95211 0.306302 0.0957806 0.00272119
0 0.152535 0.956441 0.197149 0.0871174 0.00271807
0 0.707909 0.90749 0.167739 0.131305 0.00271567
0 0 0.204314 0 0.155792 0.00270519
0 0.143564 0.404978 0.244292 0.200911 0.00270097
0 0 0.246756 0 0.222724 0.00269868
0 0.661727 0.472261 0.323447 0.21065 0.00269136
0 0.0530495 0.73465 0.106099 0.5307 0.00268866
0 1 0.199678 0 0.184495 0.00267699
0 0.329957 0.868426 0.279809 0.179054 0.00264041
0 0.0737091 0.164271 0.147418 0.218864 0.00263887
0 0.110707 0.890998 0.221415 0.218004 0.00263215
0 0.622431 0.959435 0.240938 0.0811291 0.00262352
0 0.103674 0.253916 0.207348 0.271883 0.00260341
0 0.664161 0.915962 0.245166 0.133941 0.00257654
0 0.0363274 0.344403 0.0726548 0.431767 0.00257172
0 0.071407 0.82435 0.142814 0.351301 0.00256482
0 0.457366 0.88403 0.326639 0.231939 0.00256162
0 0.108475 0.253303 0.21695 0.20561 0.00255388
0 0.57333 0.498333 0.235974 0.204197 0.00255367
0 0.12325 0.308459 0.246499 0.370217 0.0025281
0 0.0615709 0.0753939 0.123142 0.150788 0.00251538
0 0 0.057639 0 0.115278 0.00251322
0 0.0532183 0.666558 0.106437 0.590266 0.00251033
0 0.100505 0.169905 0.201009 0.167003 0.00250811
0 0.99584 0.973477 0.00831968 0.0530453 0.00250587
0 0.155729 0.362962 0.311457 0.428657 0.00250219
0 0.783844 0.903646 0.247132 0.14353 0.00249457
0 0.147379 0.602697 0.294759 0.272999 0.00249194
0 0.0410489 0.803957 0.0820977 0.392086 0.00248865
0 0.166491 0.934971 0.180364 0.130058 0.00245382
0 0.0523545 0.563893 0.104709 0.576507 0.00245149
0 0.967773 0.361165 0.064455 0.280812 0.00245095
0 0.14475 0.556661 0.284655 0.253964 0.00244806
0 0.883498 0.274184 0.233004 0.212653 0.00243685
0 0 0.973659 0 0.0526829 0.00242963
0 0.512216 0.592245 0.37584 0.256723 0.00242758
0 0.397538 0.895002 0.338761 0.209997 0.00242751
0 0.0489697 0.456201 0.0979394 0.536102 0.00241619
0 0.440942 0.258933 0.250245 0.148941 0.00241433
0 0.964588 0.803075 0.0708249 0.35425 0.00240213
0 0.150398 0.661315 0.300796 0.270085 0.00239002
0 0.140102 0.365912 0.261047 0.243208 0.00238433
0 0.0632643 0.111812 0.126529 0.189076 0.00236404
0 0.24457 0.913761 0.215533 0.172477 0.00235963
0 0.118048 0.960318 0.236096 0.0793644 0.00235654
0 0.527905 0.506208 0.237311 0.197807 0.00234848
0 0.643971 0.733761 0.350646 0.230801 0.00234321
0 0.148305 0.504769 0.259253 0.257185 0.00234101
0 0.241034 0.938647 0.216745 0.122706 0.00233028
0 0.206962 0.399045 0.209908 0.182948 0.00232559
0 0 0.112183 0 0.145381 0.00231521
0 0.321347 0.90574 0.304368 0.18852 0.00230219
0 0.454407 0.819139 0.279782 0.169754 0.00228986
0 0.305936 0.546454 0.210233 0.254278 0.0022833
0 0.0573828 0.0664425 0.114766 0.132885 0.00228253
0 0.577983 0.632523 0.307027 0.368399 0.00228024
0 0.148111 0.7128 0.296222 0.265604 0.00227882
0 0.191887 0.921404 0.200387 0.157192 0.00227485
0 0.866001 0.30075 0.261612 0.243925 0.0022728
0 0.191816 0.864643 0.194249 0.177197 0.00226572
0 0.25311 0.863554 0.227795 0.177495 0.002259
0 0.585081 0.883224 0.306665 0.233553 0.00225197
0 0.0533847 0.971817 0.106769 0.0563669 0.00224867
0 0.715297 0.727843 0.346229 0.246106 0.00224093
0 0.225666 0.657744 0.26414 0.243303 0.00223514
0 1 0.152085 0 0.182306 0.00223187
0 0.983891 0.875599 0.0322189 0.248802 0.00222506
0 0.824447 0.29343 0.240731 0.216351 0.00222156
0 0.577844 0.734428 0.352432 0.216953 0.00221076
0 0.514299 0.729188 0.352784 0.217736 0.00220967
0 0.396784 0.819538 0.275331 0.17081 0.00220641
0 0.443993 0.767801 0.303333 0.19224 0.0022048
0 0.899978 0.967083 0.200044 0.0658344 0.0022015
0 0.972102 0.0765892 0.0557964 0.153178 0.00219865
0 0.506918 0.822256 0.261468 0.172659 0.00219458
0 0.756713 0.468872 0.299623 0.18296 0.00218768
0 0.602441 0.904744 0.277906 0.190511 0.00218714
0 0.0562969 0 0.104709 0 0.00218655
0 1 0.859919 0 0.280162 0.00218232
0 0.723111 0.511476 0.33394 0.190493 0.00218141
0 0.310252 0.936666 0.313784 0.126669 0.00218105
0 0.145184 0.771424 0.290369 0.242137 0.00217292
0 0.225484 0.601621 0.252821 0.183326 0.00216987
0 0.398293 0.906544 0.36267 0.186912 0.00216636
0 0.213765 0.771875 0.273382 0.190828 0.00215669
0 0.765324 0.672005 0.361659 0.275033 0.00215662
0 0 0.91885 0 0.1623 0.00215521
0 0.692442 0.843719 0.286632 0.216957 0.00215009
0 0.217684 0.706146 0.282592 0.232826 0.00214723
0 1 0.0633614 0 0.126723 0.00214613
0 0.256855 0.829026 0.259055 0.199615 0.00214192
0 0.308061 0.694527 0.277572 0.295334 0.0021391
0 0.318512 0.823003 0.274062 0.181414 0.00212737
0 1 0.101671 0 0.187246 0.00212339
0 0.748915 0.856509 0.333097 0.255122 0.0021191
0 0.375176 0.762066 0.289483 0.183162 0.0021183
0 0.127542 0.33127 0.255085 0.261158 0.00211789
0 0.921674 0.742964 0.156651 0.392011 0.00211562
0 0.279748 0.697708 0.266932 0.246416 0.00211442
0 0.517764 0.768178 0.280039 0.199454 0.00211162
0 0.158996 0.258234 0.170474 0.172221 0.00210381
0 0.668247 0.658248 0.342411 0.31874 0.00210229
0 0.608004 0.827275 0.2586 0.179355 0.0020871
0 0.607361 0.54346 0.272232 0.186441 0.00208279
0 0.370809 0.0689967 0.261818 0.137993 0.00207766
0 0.446581 0.0672569 0.260673 0.134514 0.00207513
0 0.977515 0.975179 0.0449699 0.0496418 0.00206873
0 0.886063 0.322129 0.227874 0.251669 0.00206327
0 0.752398 0.888377 0.285276 0.223247 0.002062
0 0.279681 0.760249 0.266518 0.191211 0.00205801
0 0.516638 0.0667185 0.261665 0.133437 0.00205747
0 0.946461 0.319353 0.107078 0.198538 0.00205661
0 0.681743 0.900874 0.285022 0.198253 0.0020546
0 0.759995 0.405133 0.234512 0.176144 0.00205014
0 0.655443 0.0655921 0.2616 0.131184 0.0020479
0 0.887462 0.432178 0.225075 0.229262 0.00204586
0 0.323965 0.760588 0.279205 0.182572 0.00203548
0 0.215832 0.517466 0.228729 0.230969 0.00203498
0 0.586542 0.0663266 0.262851 0.132653 0.00203451
0 0.942948 0.97132 0.114103 0.0573591 0.00203334
0 0.221493 0.559097 0.246806 0.21802 0.00203211
0 0.889791 0.477886 0.220418 0.234798 0.0020304
0 0.189617 0.346161 0.21446 0.221664 0.00202857
0 0.933809 0.402828 0.132383 0.339367 0.00201756
0 0.900921 0.0663946 0.198159 0.132789 0.00201059
0 0.139944 0.832072 0.279889 0.220227 0.00200986
0 0.793878 0.065808 0.263869 0.131616 0.00200826
0 0.237762 0.260414 0.188817 0.164541 0.0020074
0 0.72548 0.0655608 0.262081 0.131122 0.00200564
0 1 0.798682 0 0.336615 0.00200492
0 0.166656 0.436098 0.127541 0.0970972 0.00200376
0 0.686808 0.403686 0.22312 0.175914 0.00199715
0 0.895607 0.695284 0.208786 0.404027 0.001992
0 0.369042 0.434605 0.196341 0.0982046 0.00199158
0 0.0912246 0.0651367 0.182449 0.130273 0.00198481
0 0.594876 0.770338 0.270668 0.191528 0.00197959
0 0.362914 0.728264 0.289639 0.213416 0.00197939
0 0.889352 0.524682 0.221297 0.249299 0.00197747
0 0.790847 0.874355 0.325527 0.251289 0.00197538
0 0.93481 0.066047 0.13038 0.132094 0.00197479
0 0.247749 0.369138 0.231884 0.231345 0.00197067
0 0.139958 0.872201 0.247588 0.184979 0.00197025
0 0.862455 0.066403 0.263479 0.132806 0.00196725
0 0.0967349 0.11575 0.19347 0.165424 0.00196033
0 0.194854 0.834565 0.247273 0.204143 0.00196002
0 0.780828 0.724622 0.333997 0.234808 0.00195449
0 0.511779 0.0783248 0.292997 0.15665 0.00195106
0 0.581599 0.0782391 0.295905 0.156478 0.00195043
0 0.927426 0.377165 0.145147 0.230593 0.0019494
0 0.773336 0.301403 0.232394 0.198101 0.00194836
0 0.677286 0.770374 0.277714 0.191355 0.00193847
0 0.649552 0.0780367 0.29644 0.156073 0.00193659
0 0.0101401 0.97277 0.0202802 0.0544603 0.00193609
0 0.289986 0.0714885 0.258305 0.142977 0.00193084
0 0.443414 0.0786043 0.29008 0.157209 0.00193077
0 1 0.0722386 0 0.144477 0.00192865
0 0.92897 0.0782301 0.142059 0.15646 0.00192397
0 0.346346 0.398526 0.215187 0.174452 0.00192001
0 0.0942807 0.0734429 0.188561 0.146886 0.00191839
0 0.884756 0.573823 0.230488 0.267489 0.00191825
0 0.345931 0.359257 0.228407 0.189147 0.00191671
0 0.681272 0.597385 0.29112 0.156892 0.00191487
0 0.667725 0.875035 0.32181 0.245227 0.00191337
0 0.741954 0.771408 0.291268 0.193856 0.00191016
0 0 0.945985 0 0.108029 0.00190902
0 0.374079 0.0790424 0.276358 0.158085 0.00190746
0 0.973582 0.0648982 0.0528362 0.129796 0.00190349
0 0.810843 0.411795 0.239288 0.175951 0.00190139
0 0.883135 0.623298 0.23373 0.282459 0.00189732
0 0.00673443 0.0653134 0.0134689 0.130627 0.00188457
0 0.348585 0.59489 0.257057 0.159594 0.00188359
0 0.146255 0.169548 0.237953 0.174856 0.00188192
0 0.960639 0.111337 0.078723 0.184349 0.00187562
0 0.276611 0.563395 0.23911 0.221112 0.00187161
0 0 0.0697865 0 0.139573 0.0018689
0 0.878295 0.362865 0.243409 0.260969 0.00186695
0 0.402586 0.477037 0.215246 0.17018 0.00186289
0 0.120737 0.253725 0.241474 0.146086 0.00186023
0 0.237954 0.0705832 0.243003 0.141166 0.00185891
0 0.721851 0.562954 0.392099 0.201451 0.00185701
0 0.0862014 0.900148 0.172403 0.158334 0.00185054
0 0.561571 0.1151 0.32676 0.190328 0.00185001
0 0.313013 0.584516 0.211838 0.172788 0.00184845
0 0.310101 0.476895 0.228187 0.155225 0.00184807
0 0.137406 0.224874 0.234809 0.202915 0.00184609
0 0.80819 0.852459 0.383621 0.27871 0.00184537
0 0.41157 0.396382 0.21744 0.177315 0.00184008
0 0.720486 0.0785498 0.295707 0.1571 0.00183731
0 0.790178 0.0784059 0.291172 0.156812 0.00183447
0 0.859812 0.474478 0.280377 0.196157 0.0018298
0 0.417023 0.114023 0.324439 0.189881 0.00182366
0 0.452398 0.396934 0.186225 0.178855 0.00182292
0 0.952738 0.265181 0.0945231 0.174043 0.00182183
0 0.0330335 0.225687 0.066067 0.307565 0.00181913
0 0.244112 0.142561 0.345697 0.187244 0.00181767
0 0.895823 0.078619 0.208354 0.157238 0.00181752
0 0.857512 0.0790463 0.284975 0.158093 0.00181627
0 0.488424 0.113892 0.3244 0.189778 0.00181465
0 0.188589 0.0690268 0.242179 0.138054 0.00181115
0 0.351276 0.528847 0.252593 0.231506 0.00180456
0 0.694477 0.367227 0.228598 0.201195 0.00180325
0 0.639027 0.251785 0.15159 0.169182 0.00180284
0 0.484947 0.167893 0.333791 0.200641 0.00180249
0 0.570177 0.166476 0.334496 0.196228 0.00179335
0 0.882674 0.673705 0.234653 0.286264 0.00178893
0 0.990939 0.402432 0.0181215 0.332432 0.00178789
0 0.604933 0.402649 0.224161 0.177469 0.00178717
0 0 0.886527 0 0.226946 0.00178484
0 0.633008 0.117491 0.322378 0.186802 0.00178144
0 0.773851 0.261149 0.242961 0.179761 0.00178046
0 0.885576 0.719792 0.228848 0.268197 0.00177647
0 0.731304 0.619163 0.365439 0.249299 0.00176695
0 0.661283 0.166971 0.295675 0.180911 0.00176656
0 0.866631 0.423261 0.266737 0.192099 0.00176522
0 0.793743 0.776769 0.316066 0.199272 0.00176314
0 0.841529 0.622299 0.316941 0.248469 0.00176199
0 0.386773 0.362427 0.262407 0.190932 0.00175998
0 0.413906 0.167953 0.327866 0.200618 0.00175987
0 0.859088 0.519022 0.281823 0.208222 0.00175963
0 0.51568 0.401297 0.182065 0.174411 0.00175917
0 0.902115 0.447483 0.19577 0.373309 0.00174914
0 0.275615 0.115588 0.296324 0.181405 0.00174872
0 0.991338 0.746522 0.0173245 0.356024 0.0017452
0 0.198484 0.232002 0.289663 0.192156 0.00174262
0 0.8656 0.840127 0.268801 0.289274 0.00174045
0 0.124076 0.0664282 0.248153 0.132856 0.00173983
0 0.733572 0.920528 0.112363 0.106169 0.00173968
0 0.535099 0.922282 0.245053 0.155435 0.00173024
0 0.333974 0.260327 0.213119 0.16369 0.00172179
0 0.263265 0.534837 0.208773 0.244588 0.0017206
0 0.869895 0.78388 0.26021 0.258011 0.00172037
0 0.84373 0.571963 0.31254 0.227134 0.0017201
0 0.34798 0.115478 0.319376 0.186675 0.00171996
0 0.835237 0.880984 0.329527 0.238033 0.00171994
0 0.482698 0.358429 0.308644 0.18572 0.00171954
0 0.608441 0.367907 0.227891 0.207728 0.00171742
0 0.879109 0.597013 0.241782 0.414136 0.00171156
0 0.862518 0.170127 0.24982 0.161937 0.00170837
0 0.845037 0.676763 0.309925 0.259319 0.00170746
0 0.790836 0.935149 0.289121 0.129701 0.00170323
0 0.845881 0.781186 0.308238 0.215994 0.00169447
0 0.320689 0.940112 0.276828 0.119775 0.00169187
0 0.442298 0.478345 0.199877 0.180118 0.0016915
0 0.909431 0.423728 0.181138 0.290698 0.00169055
0 0.853276 0.722388 0.293448 0.234967 0.00169048
0 0.596961 0.542417 0.183683 0.126903 0.912869
0 0.304044 0.603471 0.186765 0.136409 0.685839
0 0.19078 0.265395 0.125743 0.0873945 0.170302
0 0.168377 0.904894 0.114442 0.0925888 0.0184454
0 0.23054 0.00072086 0.124155 0.00144172 0.0139356
0 0.177256 0.271334 0.09664 0.0731672 0.0129813
0 0.159379 0.929909 0.101349 0.0417721 0.0101403
0 0.246906 0.614207 0.0703506 0.102139 0.0092478
0 0.834388 0.113193 0.138349 0.0787231 0.00915402
0 0.0803529 0.000503996 0.124049 0.00100799 0.00804915
0 0.675294 0.536953 0.0290298 0.0898962 0.0072319
0 0.168833 0.920499 0.117225 0.0596416 0.00691367
0 0.260913 0.00041308 0.114286 0.000826159 0.00659646
0 1 0.945502 0 0.108997 0.00610135
0 0.160077 0.515773 0.108919 0.0617647 0.00593487
0 0.146978 0.527183 0.078933 0.0410142 0.00524079
0 0.149597 0.9348 0.0884747 0.0284237 0.00476327
0 1 0.967825 0 0.0643496 0.00434726
0 0.555579 0.564072 0.0811568 0.0778994 0.00391054
0 0.387452 0.600064 0.0228651 0.103458 0.00380637
0 0.760952 0.934023 0.0648947 0.0665802 0.00372549
0 0 0.0176143 0 0.0352287 0.00364439
0 0.30946 0.653444 0.12658 0.0431463 0.00357521
0 1 0.949883 0 0.100235 0.00345065
0 0.126922 0 0.0864318 0 0.00341438
0 0.157693 0.529038 0.104052 0.0425013 0.00337605
0 0.670619 0.535323 0.0387351 0.10392 0.00337189
0 0.155585 0.433007 0.104927 0.0944663 0.00333883
0 0.752702 0.934206 0.0867739 0.0732883 0.00306866
0 1 0.947113 0 0.105774 0.00296742
0 0.547783 0.42832 0.148144 0.124981 0.002928
0 0.300599 0 0.0976677 0 0.00289446
0 0.239839 0.604907 0.052539 0.132136 0.00281717
0 1 0.956723 0 0.0865541 0.00276699
0 1 0.0150389 0 0.0300778 0.00270205
0 0.99952 0.0318339 0.000960812 0.0636678 0.0026402
0 0.129579 0.964166 0.259158 0.0716686 0.00250601
0 0.177384 0.434536 0.147391 0.0924 0.00250417
0 0.210236 0.00119883 0.10411 0.00239767 0.00242877
0 0 0.0891285 0 0.178257 0.00239339
0 0.00278917 0.898876 0.00557833 0.202249 0.0023049
0 0.1895 0.964128 0.262445 0.0717443 0.00229666
0 0.544771 0.538147 0.0730242 0.100964 0.0022186
0 0.0550619 0.996462 0.110124 0.00707645 0.00220719
0 0.00500792 0.981457 0.0100158 0.0370857 0.00219424
0 0.153311 0.537368 0.0966398 0.0237054 0.00217689
0 0.205616 0.434867 0.194463 0.0961987 0.00213783
0 0.331772 0.966274 0.294745 0.0674526 0.00213609
0 0.403222 0.966393 0.299549 0.0672134 0.0021256
0 0.540679 0.966435 0.300818 0.06713 0.00212025
0 0.938891 0.998796 0.122218 0.00240898 0.00211903
0 0.471439 0.96653 0.301536 0.0669401 0.00211011
0 0 0.0618817 0 0.123763 0.00210122
0 0.259424 0.965541 0.279727 0.0689176 0.00208544
0 0.960997 0.998482 0.0780069 0.00303679 0.00208088
0 0.688568 0.966111 0.304664 0.0677788 0.00206284
0 0.61423 0.966423 0.306867 0.0671547 0.00205331
0 0.74798 0.965584 0.295798 0.0688318 0.00203375
0 0.0951222 0.967084 0.190244 0.0658312 0.00202547
0 0.564749 0.545188 0.284932 0.196226 0.00198766
0 1 0.804489 0 0.185265 0.00197701
0 1 0.753506 0 0.189446 0.00197608
0 0.652432 0.998989 0.120514 0.00202141 0.00197564
0 1 0.703223 0 0.187101 0.00196092
0 0.21303 0.239552 0.124039 0.131597 0.00195696
0 1 0.653192 0 0.186504 0.00194843
0 0.513735 0.998871 0.124943 0.00225716 0.00193592
0 0.617791 0.998843 0.127477 0.00231419 0.00193249
0 1 0.603137 0 0.185867 0.0019319
0 1 0.553032 0 0.185485 0.00192731
0 1 0.453592 0 0.186443 0.00192432
0 1 0.50306 0 0.185741 0.00191983
0 1 0.403579 0 0.187715 0.00191917
0 1 0.065843 0 0.131686 0.00191813
0 0.375119 0.998923 0.125084 0.00215435 0.00190727
0 0.47902 0.998894 0.128874 0.00221272 0.0019069
0 1 0.353605 0 0.187963 0.00190121
0 0.409209 0.998878 0.126964 0.00224323 0.00189885
0 1 0.0994573 0 0.191198 0.00189878
0 1 0.303938 0 0.188585 0.00189175
0 0.582905 0.998828 0.127016 0.00234394 0.00189166
0 0.81226 0.96616 0.293467 0.0676804 0.00189022
0 0.690039 0.999298 0.119348 0.00140476 0.00187893
0 1 0.254137 0 0.188143 0.00187839
0 0.443704 0.99886 0.129587 0.00227957 0.00187284
0 1 0.203696 0 0.189624 0.00186551
0 1 0.153309 0 0.18979 0.00186175
0 0.56715 0.594261 0.266241 0.274983 0.00186153
0 0.341054 0.998921 0.124563 0.00215721 0.00185031
0 0.547874 0.998834 0.124609 0.00233212 0.00184216
0 0.0672156 0.0295642 0.120453 0.0591285 0.00182651
0 1 0.963044 0 0.0739127 0.00182134
0 0.82935 0 0.0926879 0 0.00181289
0 0.583985 0.502153 0.224446 0.197962 0.00180911
0 0.99631 0.971049 0.00738079 0.0579012 0.00179982
0 0.862648 0 0.0949907 0 0.00178752
0 0.307249 0.998857 0.125034 0.00228596 0.0017829
0 1 0.858969 0 0.192556 0.00177495
0 0.189687 0.935577 0.239613 0.128846 0.00177415
0 0.133863 0.934091 0.247762 0.131819 0.00177028
0 0.595746 0.480563 0.293047 0.200711 0.00176869
0 0 0.969247 0 0.0615069 0.00176554
0 0.632846 0.508963 0.26379 0.192485 0.00175821
0 0 0.0306517 0 0.0613035 0.00175027
0 0.866943 0.966889 0.266115 0.066222 0.00174945
0 1 0.92265 0 0.154701 0.00171162
0 0.109223 0.00021522 0.0937589 0.000430441 0.00171121
0 0.624714 0.56052 0.267797 0.17542 0.00171027
0 0.330277 0.933363 0.263233 0.133274 0.00170827
0 0.258085 0.935192 0.254628 0.129616 0.00170778
0 0.142207 0.954444 0.0662193 0.0231934 0.00170375
0 0.0358748 0.881668 0.0717496 0.206315 0.00169933
0 0.106033 0.932025 0.212067 0.135951 0.00169685
0 0.642801 0.61845 0.239719 0.207645 0.00168652
0 0.794116 0 0.0916409 0 0.00168336
0 0.0397557 0.992614 0.0795114 0.0147725 0.00168115
0 0.728839 0.998937 0.111802 0.00212574 0.00168082
0 0.404006 0.932398 0.267327 0.135205 0.00167759
0 0.611945 0.661679 0.264483 0.222221 0.00167548
0 0.107337 0.997342 0.128675 0.00531511 0.00167543
0 0.748232 0.93337 0.268652 0.13326 0.0016738
0 0 0.972116 0 0.055769 0.0016734
0 0.324857 0.617642 0.13115 0.103774 0.00167331
0 0.118568 0.913217 0.237136 0.173565 0.0016725
0 0 0.924321 0 0.151358 0.00166752
0 0.0436119 0.107496 0.0872239 0.186681 0.00166699
0 0.988443 0.990339 0.0231137 0.0193215 0.00166024
0 0.0746866 0.997527 0.132805 0.00494499 0.00165893
0 0.300552 0.656681 0.206954 0.251782 0.00165162
0 0.344856 0.532361 0.271154 0.207668 0.00165107
0 0.0609108 0.912424 0.121822 0.175152 0.00164878
0 0.0345719 0.763295 0.0691438 0.190257 0.00164815
0 0.278459 0.000702146 0.0731873 0.00140429 0.00164742
0 0.272573 0.998706 0.130283 0.00258732 0.00164496
0 0.525425 0.4706 0.297214 0.185528 0.00164262
0 0.614366 0.932677 0.268134 0.134647 0.00164199
0 0.813471 0.934402 0.262246 0.131195 0.00164108
0 0.89861 0.998481 0.124013 0.00303802 0.00164073
0 0.661386 0.474358 0.310997 0.199266 0.0016384
0 0.0386383 0.81422 0.0772766 0.180348 0.00163832
0 0.474215 0.932018 0.268617 0.135965 0.00163829
0 0.0516573 0.0682233 0.103315 0.136447 0.00163555
0 0.542118 0.932101 0.263245 0.135799 0.00163542
0 0.144329 0.515219 0.107255 0.0684882 0.00163538
0 0.0370801 0.930723 0.0741602 0.138554 0.00163185
0 0.690103 0.933048 0.272849 0.133905 0.00162659
0 0.0367858 0.712296 0.0735716 0.188756 0.00162065
0 0.367382 0.670144 0.288331 0.200123 0.00161284
0 0.0370327 0.162389 0.0740653 0.186608 0.00160507
0 0.0387234 0.611847 0.0774469 0.1885 0.00160408
0 0.911296 0.967627 0.177408 0.0647461 0.00159814
0 0.0382033 0.662366 0.0764067 0.187957 0.00159631
0 0.517076 0 0.0935371 0 0.00159295
0 1 0.76024 0 0.182183 0.00159245
0 0.0363174 0.211996 0.0726348 0.189306 0.00159208
0 0.894285 0 0.0943543 0 0.00158635
0 0.0332512 0.972632 0.0665025 0.0547358 0.00158531
0 0 0.111383 0 0.158412 0.0015808
0 0.684589 0.668504 0.290157 0.202829 0.00157984
0 0.0400105 0.561752 0.080021 0.189288 0.00157467
0 1 0.902056 0 0.195888 0.00157198
0 0.266782 0.527069 0.269942 0.19458 0.00157139
0 0.0382882 0.262409 0.0765764 0.186249 0.00157113
0 0.0388651 0.312781 0.0777302 0.187907 0.00156997
0 0.309737 0.556759 0.203891 0.215206 0.00156818
0 0.345588 0 0.0915878 0 0.00156474
0 0.0402969 0.512203 0.0805938 0.190197 0.00156157
0 0.0399823 0.4124 0.0799646 0.188277 0.00156061
0 0.928033 0 0.0917501 0 0.00155828
0 0.284432 0.711288 0.290251 0.241118 0.00155786
0 0.0393286 0.362722 0.0786573 0.1881 0.00155742
0 0.0402586 0.462402 0.0805172 0.188976 0.00155561
0 0.538866 0.504894 0.253588 0.196797 0.0015543
0 0.386454 0.0680364 0.263375 0.136073 0.00155061
0 0.326772 0.711497 0.250215 0.22616 0.00155016
0 0.317386 0.0690596 0.260955 0.138119 0.00154739
0 0.144675 0.912539 0.284454 0.174921 0.00154645
0 0.383952 0.564975 0.305034 0.19767 0.00154603
0 1 0.810829 0 0.175161 0.00154554
0 0 0.414748 0 0.158481 0.00154335
0 0.977547 0.0672191 0.044906 0.134438 0.00154248
0 0.366407 0.606567 0.277213 0.173563 0.00153689
0 0.960494 0 0.0790116 0 0.00153685
0 0.281191 0.608184 0.243213 0.16362 0.00153665
0 0.274747 0.559783 0.244676 0.203607 0.00153654
0 0.184971 0.516791 0.285093 0.193576 0.00153624
0 1 0.410287 0 0.182353 0.00153355
0 0.74979 0.56236 0.327187 0.192082 0.00153297
0 0.749197 0.513449 0.314414 0.190648 0.00153166
0 0.93931 0.0676576 0.12138 0.135315 0.00153157
0 0.295401 0.36417 0.278816 0.199213 0.00153115
0 1 0.360384 0 0.183095 0.0015297
0 1 0.310708 0 0.183993 0.00152856
0 0.408062 0.516813 0.30284 0.199702 0.00152782
0 1 0.459966 0 0.180666 0.00152723
0 0 0.465265 0 0.158766 0.00152714
0 0 0.921986 0 0.156029 0.00152689
0 0 0.364547 0 0.158064 0.00152489
0 0.458231 0.0672292 0.264707 0.134458 0.00152181
0 0 0.814313 0 0.153311 0.00152106
0 0.00888159 0.0675512 0.0177632 0.135102 0.00151911
0 0.252509 0.0695034 0.258759 0.139007 0.00151721
0 0.657833 0 0.091726 0 0.00151329
0 0.301868 0.465543 0.276162 0.181435 0.00151311
0 0.633335 0.717659 0.30677 0.196973 0.00151087
0 1 0.260722 0 0.183472 0.0015108
0 0.123708 0.0681524 0.247416 0.136305 0.00151075
0 0.238419 0.464842 0.285895 0.17991 0.00151005
0 0.527672 0.0670825 0.264692 0.134165 0.00150711
0 0.431358 0.364883 0.297748 0.194392 0.00150695
0 0 0.314503 0 0.157598 0.00150588
0 0.364242 0.365088 0.286962 0.19398 0.00150543
0 0.555729 0.517814 0.0902289 0.0726177 0.00150511
0 1 0.159767 0 0.184282 0.00150485
0 0 0.514922 0 0.157719 0.00150372
0 0 0.664284 0 0.156663 0.00150173
0 0 0.0211975 0 0.042395 0.00150104
0 0 0.264281 0 0.157093 0.00150075
0 0.83346 0.997585 0.123754 0.00483093 0.00149637
0 0 0.162835 0 0.157997 0.00149552
0 0 0.714251 0 0.156532 0.00149177
0 0.623517 0 0.0894497 0 0.00149163
0 0.500881 0.365553 0.301984 0.196917 0.00149134
0 0.760026 0 0.0923084 0 0.00149018
0 0.235069 0.998565 0.136095 0.00286961 0.00149013
0 0.905002 0.068727 0.189995 0.137454 0.00148975
0 0.877969 0.933534 0.244061 0.132932 0.00148952
0 0 0.614851 0 0.156707 0.00148854
0 0 0.213424 0 0.157589 0.00148624
0 0.755342 0.615727 0.290684 0.199426 0.00148608
0 0 0.764284 0 0.156712 0.00148356
0 1 0.210137 0 0.184458 0.00148343
0 0.439202 0.466206 0.291252 0.183817 0.00148241
0 0.403338 0.719972 0.30748 0.193647 0.00148207
0 0.596677 0.0670921 0.263108 0.134184 0.00148195
0 0 0.564994 0 0.156748 0.00148027
0 0.665169 0.0673141 0.262907 0.134628 0.00147964
0 0.0896029 0.0672739 0.179206 0.134548 0.00147816
0 0.572632 0.716609 0.313958 0.200872 0.00147744
0 0.528151 0.655929 0.327098 0.218054 0.00147638
0 0.871484 0.0691493 0.257033 0.138299 0.0014735
0 0.735138 0.0679914 0.264369 0.135983 0.00147148
0 0.185735 0.0689772 0.262953 0.137954 0.0014701
0 0.176675 0.318326 0.283208 0.190744 0.00146636
0 0.691428 0 0.0927524 0 0.00146577
0 0.568595 0.36633 0.304244 0.199228 0.00146547
0 0.144176 0.998374 0.126926 0.00325298 0.00146359
0 0.169116 0.465123 0.290856 0.182054 0.0014613
0 0.763706 0.997941 0.112541 0.0041172 0.00146
0 0.337669 0.911325 0.304691 0.177349 0.0014574
0 0.955743 0.562851 0.0885131 0.19482 0.0014567
0 0.761655 0.468116 0.310691 0.189636 0.0014557
0 0.956305 0.612904 0.0873905 0.194135 0.00145414
0 0 0.877407 0 0.173122 0.00145254
0 0.956188 0.662995 0.0876239 0.194224 0.00145164
0 0.359082 0.763874 0.317771 0.196598 0.00145113
0 0.95324 0.763046 0.0935195 0.198329 0.00144953
0 0.955455 0.712801 0.0890901 0.194945 0.0014481
0 0.785457 0.163394 0.296337 0.189691 0.00144776
0 0.95977 0.868917 0.0804606 0.203296 0.00144368
0 0.300295 0.41509 0.285753 0.190404 0.00144236
0 0.167153 0.887201 0.11055 0.115516 0.00144006
0 0.51217 0.715725 0.325528 0.201803 0.00143917
0 0.955644 0.512819 0.0887115 0.196936 0.00143775
0 0.426814 0.765615 0.322969 0.196443 0.00143749
0 0.36867 0.465817 0.277146 0.182901 0.00143682
0 0.725482 0 0.0927393 0 0.00143575
0 0.410552 0.910972 0.308651 0.178056 0.00143513
0 0.268071 0.912284 0.295915 0.175433 0.00143473
0 0 0.968544 0 0.0629129 0.00143145
0 0.549968 0 0.0918264 0 0.00143079
0 0.805399 0.0686104 0.263265 0.137221 0.00142937
0 0.164375 0.111595 0.288999 0.191104 0.00142563
0 0.863948 0.998038 0.120168 0.00392303 0.00142527
0 0.770469 0.66666 0.304374 0.199454 0.00142501
0 0.0871733 0.110423 0.174347 0.188809 0.00142373
0 0.955209 0.462962 0.0895818 0.19931 0.00142303
0 0.1203 0.111044 0.2406 0.190358 0.00142269
0 0.488069 0 0.0930545 0 0.0014218
0 0.801444 0.110328 0.274443 0.187765 0.00142162
0 0.183588 0.662324 0.300114 0.203697 0.00142139
0 0.955488 0.812577 0.0890234 0.192481 0.00142047
0 0.577748 0.413422 0.288831 0.190346 0.00141471
0 0.634203 0.76517 0.302798 0.194301 0.00141428
0 0.232614 0.360547 0.281483 0.208577 0.00141419
0 0.637096 0.366088 0.303431 0.200513 0.00141401
0 0.390056 0.0802695 0.282093 0.160539 0.00141359
0 0.481861 0.910894 0.309662 0.178211 0.00141228
0 0.244973 0.432454 0.211991 0.0977003 0.00141151
0 0.230063 0.112526 0.292399 0.192049 0.00141124
0 0.70111 0.717484 0.307419 0.196801 0.00141103
0 0.780872 0.209295 0.293957 0.195974 0.00140983
0 0.961015 0.904775 0.0779691 0.19045 0.00140932
0 0.359028 0.316434 0.286223 0.187452 0.00140847
0 0.237874 0.413107 0.288446 0.188227 0.00140744
0 0.751163 0.935156 0.0734685 0.0562366 0.00140659
0 0.184162 0.560784 0.283309 0.201031 0.00140605
0 0 0.90313 0 0.19374 0.00140514
0 0.835802 0.615241 0.292716 0.195909 0.00140495
0 0.911971 0.909493 0.176058 0.181014 0.0014034
0 0.599046 0.54111 0.180509 0.1321 0.928856
0 0.307675 0.603671 0.192803 0.139713 0.819139
0 0.099695 0.441707 0.19939 0.477888 0.00258428
0 0.437148 0.805105 0.268029 0.175073 0.00253027
0 0.12249 0.563834 0.24498 0.353805 0.00246649
0 0.118918 0.377542 0.237836 0.306529 0.00243862
0 0.0955242 0.34703 0.191048 0.449934 0.00235203
0 0.317247 0.703995 0.589913 0.218647 0.00233889
0 0.108156 0.544058 0.216312 0.506137 0.00231361
0 0.387928 0.806331 0.250178 0.170364 0.00231127
0 0.182507 0.816686 0.208535 0.182471 0.00230523
0 0.122401 0.325394 0.244802 0.308306 0.00229793
0 0.119061 0.456486 0.238122 0.353437 0.00227713
0 0.329622 0.810675 0.235384 0.162287 0.0021682
0 0.096651 0.071408 0.193302 0.142816 0.00216221
0 0.139598 0.264184 0.279196 0.350035 0.00215569
0 0.09723 0.774763 0.19446 0.217376 0.00210577
0 0.125057 0.679631 0.250115 0.237855 0.00210517
0 0.114794 0.735794 0.229587 0.2661 0.00210323
0 0.135044 0.658609 0.270087 0.382769 0.00209572
0 0.133556 0.62952 0.267111 0.208857 0.00208175
0 0.111665 0.782435 0.223329 0.29555 0.0019701
0 0.0965836 0.830024 0.193167 0.270361 0.00194323
0 0.8211 0.753739 0.300014 0.198236 0.0019418
0 0.166427 0.878579 0.243243 0.242842 0.00188983
0 0.352375 0.677225 0.539518 0.209243 0.00186685
0 0.133828 0.575826 0.267656 0.19586 0.00186396
0 0.876125 0.709332 0.24775 0.178136 0.00186102
0 0.35251 0.559391 0.245631 0.212285 0.00185882
0 0.111177 0.648355 0.222355 0.524394 0.00185737
0 0.154464 0.207481 0.308927 0.386799 0.00183856
0 0.257439 0.762615 0.237895 0.17234 0.00183842
0 0.131525 0.0666311 0.257384 0.133262 0.0018303
0 0.371658 0.868713 0.346656 0.262574 0.00180532
0 0.525681 0.878943 0.167003 0.211006 0.00179176
0 0.763724 0.760513 0.259343 0.165646 0.00178153
0 0.166909 0.723829 0.211843 0.207756 0.00176794
0 0.402382 0.891332 0.311931 0.217336 0.00176278
0 0.138616 0.321856 0.247364 0.19054 0.00175584
0 0.832902 0.716087 0.251598 0.154205 0.00174564
0 0.574573 0.81535 0.180301 0.171699 0.00174313
0 0.42896 0.965812 0.260974 0.0683764 0.0017419
0 0.975015 0.365878 0.0499698 0.181421 0.0017156
0 0.518421 0.966134 0.187119 0.0677319 0.00170516
0 0.13916 0.170923 0.27832 0.187588 0.00168028
0 0.67776 0.879271 0.258803 0.203915 0.00167552
0 0.691881 0.82086 0.259264 0.170067 0.0016725
0 0.131588 0.529436 0.263175 0.191262 0.00166406
0 0.297545 0.878952 0.333969 0.242095 0.00165604
0 0.860069 0.827592 0.279862 0.310952 0.00164187
0 0.754954 0.830227 0.300425 0.230167 0.00164062
0 0.143977 0.253938 0.287953 0.507876 0.00163941
0 0.0993397 0.880169 0.198679 0.239661 0.00163894
0 0.140224 0.75538 0.280448 0.386314 0.00163715
0 0.964323 0.416484 0.0713536 0.18802 0.00163131
0 0.904769 0.611151 0.190461 0.192586 0.00162701
0 0.126109 0.375381 0.252217 0.211359 0.00161606
0 0.980798 0.317263 0.0384046 0.171646 0.00159708
0 0.103552 0.96667 0.207104 0.0666603 0.00158843
0 0.671805 0.601746 0.436277 0.165121 0.00158738
0 0.137359 0.117099 0.265621 0.174836 0.00158546
0 0.896729 0.312429 0.206542 0.175399 0.00158506
0 0.831773 0.968428 0.252645 0.0631438 0.00157933
0 0.289883 0.564971 0.222656 0.210717 0.00157898
0 0.886643 0.666609 0.226714 0.164204 0.00157564
0 0.12504 0.476367 0.250079 0.197326 0.00157377
0 1 0.31488 0 0.157533 0.00157361
0 0.141668 0.226414 0.283336 0.191193 0.00157255
0 0.101062 0.746401 0.202124 0.507198 0.00156983
0 0.505346 0.912792 0.185812 0.174416 0.00156143
0 0.894499 0.659939 0.211002 0.213745 0.001554
0 0.91222 0.415221 0.17556 0.178575 0.00155047
0 1 0.0658989 0 0.131798 0.00154809
0 0.373621 0.962136 0.269837 0.0757276 0.00154571
0 0.0698977 0.0933612 0.139795 0.186722 0.00154241
0 0.136001 0.810473 0.272003 0.376679 0.00153876
0 0.914189 0.462122 0.171623 0.183085 0.00153116
0 1 0.356755 0 0.174669 0.00152924
0 0.468104 0.769763 0.236106 0.156236 0.00152734
0 0.142808 0.28049 0.263604 0.185737 0.00152597
0 0.224977 0.669084 0.238291 0.20359 0.00152339
0 0.910699 0.561435 0.178602 0.178585 0.00152327
0 1 0.406559 0 0.178522 0.00152103
0 0.0568123 0.0748444 0.113625 0.149689 0.00151825
0 0.534802 0.76945 0.226187 0.161898 0.00151744
0 0.911364 0.363656 0.177271 0.186637 0.00151468
0 0.227578 0.616592 0.237462 0.165089 0.00151241
0 0.120474 0.852933 0.240947 0.294134 0.00150467
0 0 0.953178 0 0.0936441 0.00150291
0 0.117223 0.418516 0.234446 0.236065 0.00149295
0 0.115132 0.127571 0.230264 0.255143 0.00148906
0 0.835027 0.768805 0.329946 0.26289 0.00148715
0 0.953372 0.466882 0.0932563 0.198077 0.0014844
0 0.768079 0.968506 0.235178 0.0629875 0.0014827
0 1 0.457007 0 0.184246 0.00148231
0 0.824278 0.847984 0.351443 0.304032 0.0014734
0 1 0.26661 0 0.155559 0.0014668
0 0 0.762841 0 0.18406 0.00145992
0 0 0.107382 0 0.145662 0.00145933
0 0.986975 0.26524 0.0260495 0.168467 0.00145715
0 0.219613 0.531702 0.251519 0.174258 0.00144606
0 0 0.0690153 0 0.138031 0.00144131
0 0.985337 0.217505 0.0293255 0.167516 0.00144021
0 0.87792 0.712923 0.24416 0.239411 0.0014388
0 1 0.507434 0 0.188169 0.00143879
0 0 0.974609 0 0.0507828 0.00143652
0 0.908436 0.51017 0.183129 0.191025 0.00143639
0 0.985203 0.164068 0.0295935 0.170943 0.00143576
0 0.395643 0.766384 0.231033 0.154386 0.00143506
0 0.901503 0.833859 0.196993 0.232346 0.00142461
0 0.913225 0.89055 0.173551 0.218901 0.00142215
0 0.646512 0.927607 0.209779 0.144787 0.00141969
0 0.224026 0.568362 0.244208 0.184925 0.00141295
0 1 0.557636 0 0.190176 0.00141214
0 1 0.813796 0 0.181508 0.00141122
0 0.286039 0.710935 0.227585 0.194487 0.00140904
0 0 0.713388 0 0.186901 0.00140836
0 0.3339 0.765149 0.231841 0.156073 0.00140673
0 0 0.159398 0 0.157154 0.00140526
0 0 0.815254 0 0.173148 0.00140196
0 0.990902 0.0733814 0.0181961 0.146763 0.00139971
0 0.695884 0.966671 0.2099 0.0666582 0.00139938
0 0.0960295 0.148692 0.192059 0.297385 0.00139687
0 0 0.509487 0 0.164042 0.00139425
0 1 0.608047 0 0.190408 0.0013892
0 0 0.459325 0 0.158631 0.00138844
0 0.624048 0.626171 0.605132 0.207399 0.00138739
0 0 0.560259 0 0.171204 0.00138278
0 1 0.209746 0 0.175888 0.00137484
0 0 0.61099 0 0.177766 0.00137425
0 0 0.661402 0 0.182269 0.00137232
0 1 0.709935 0 0.190364 0.0013715
0 1 0.760445 0 0.189478 0.00137024
0 0.940575 0.517421 0.11885 0.205931 0.0013701
0 1 0.658667 0 0.189851 0.00136895
0 0.777484 0.84553 0.412028 0.30894 0.00136645
0 0.61135 0.485028 0.23316 0.183239 0.00136276
0 0.613227 0.769223 0.227022 0.161289 0.0013605
0 0 0.409874 0 0.155943 0.00135966
0 0 0.213159 0 0.167215 0.00135922
0 0.990924 0.109611 0.0181515 0.171705 0.00135579
0 0.0384501 0.898269 0.0769001 0.203461 0.00134888
0 0 0.360809 0 0.15572 0.00134695
0 0.318753 0.964022 0.276801 0.0719563 0.00134471
0 0.762893 0.721661 0.243076 0.14761 0.00133852
0 0.956982 0.0732621 0.0860359 0.146524 0.00133362
0 0.902173 0.777285 0.195653 0.244734 0.00133146
0 0.281409 0.974438 0.301837 0.051123 0.00132619
0 0 0.3123 0 0.157741 0.00131691
0 0.732397 0.918733 0.289252 0.162535 0.00131681
0 0.694422 0.767992 0.244832 0.156876 0.00131451
0 0.962774 0.973952 0.0744517 0.0520952 0.00131275
0 0 0.264228 0 0.162255 0.00130985
0 0.545861 0.723328 0.24197 0.161722 0.00130689
0 0.412858 0.726296 0.248251 0.15656 0.00130424
0 1 0.878052 0 0.205799 0.00130353
0 0.195402 0.314102 0.213164 0.176239 0.00130284
0 1 0.158118 0 0.174096 0.00130276
0 1 0.104299 0 0.172487 0.00129461
0 0.927028 0.570726 0.145944 0.215075 0.00129391
0 0.327953 0.713351 0.214714 0.185275 0.00129041
0 1 0.921118 0 0.157764 0.00128993
0 0.941609 0.217782 0.116782 0.161344 0.00128879
0 0.555664 0.477824 0.250497 0.169443 0.00128869
0 0.609356 0.966053 0.178606 0.0678945 0.00128771
0 0.928141 0.972009 0.143718 0.0559811 0.00128766
0 0.558475 0.518897 0.237772 0.176238 0.00128194
0 0.0876981 0.822489 0.175396 0.355022 0.00128169
0 1 0.217459 0 0.159162 0.0012815
0 0.354039 0.65345 0.252779 0.203431 0.00127649
0 0.992713 0.823942 0.0145749 0.177296 0.00127589
0 0.296479 0.658904 0.17187 0.0307453 0.00127473
0 0.607213 0.417958 0.24718 0.164339 0.00127295
0 0.292404 0.905863 0.334937 0.188274 0.00127017
0 0.935271 0.262107 0.129458 0.168586 0.00126992
0 1 0.952253 0 0.0954945 0.00126849
0 0.349046 0.60235 0.24384 0.155483 0.0012681
0 0.947158 0.166348 0.105684 0.162155 0.00126171
0 0.344939 0.471562 0.232677 0.156697 0.00125905
0 0.184936 0.473259 0.235078 0.16483 0.00125668
0 0.207246 0.272878 0.233525 0.169098 0.00125018
0 0.835477 0.671714 0.24489 0.149151 0.00124975
0 0 0.88674 0 0.197282 0.00124479
0 0.165083 0.370718 0.214793 0.184226 0.00124382
0 0.661236 0.670446 0.219803 0.163994 0.00124373
0 0.918351 0.62402 0.163298 0.22884 0.00124253
0 0.61458 0.723509 0.241915 0.160273 0.00124164
0 0.113567 0.900755 0.227134 0.198491 0.00124114
0 0.598341 0.551566 0.192846 0.187669 0.00123635
0 0.90673 0.728942 0.186539 0.244974 0.00123355
0 0.460743 0.416564 0.250541 0.168398 0.00123186
0 1 0.108589 0 0.162846 0.00123087
0 0.534492 0.416715 0.250765 0.166186 0.00122808
0 0.995048 0.973993 0.00990345 0.0520134 0.00122357
0 0.952963 0.112392 0.0940738 0.165468 0.00122222
0 0 0.0632184 0 0.126437 0.00122222
0 0.872607 0.889101 0.254785 0.221799 0.00122176
0 0.474772 0.472738 0.247293 0.165614 0.00122078
0 0.689767 0.724042 0.241925 0.152039 0.0012202
0 0.890196 0.616404 0.219609 0.161115 0.00121842
0 0.915558 0.218357 0.168884 0.160842 0.00121738
0 0.289376 0.657375 0.213992 0.234 0.00121659
0 0.200206 0.0652851 0.244764 0.13057 0.00121238
0 0.765332 0.366335 0.234156 0.168167 0.00121198
0 0.721355 0.478329 0.246347 0.191367 0.00121073
0 0.682723 0.549001 0.0641468 0.121697 0.00120932
0 0.820878 0.517423 0.255894 0.164405 0.00120488
0 0.889204 0.36265 0.221591 0.185329 0.00120406
0 0.976571 0.77186 0.0468577 0.191317 0.00120315
0 0.101698 0.919109 0.203396 0.161781 0.0012025
0 0.410201 0.472063 0.234052 0.160065 0.00120175
0 0.831187 0.470265 0.247047 0.164603 0.00120167
0 0.685031 0.3654 0.23796 0.169413 0.00120113
0 0.336225 0.113241 0.242218 0.166049 0.0012004
0 0.988212 0.565473 0.0235758 0.184305 0.00119847
0 0.909033 0.260501 0.181934 0.171769 0.00119733
0 0.821675 0.566885 0.260403 0.162641 0.00119578
0 0.148416 0.421271 0.201761 0.196296 0.00119091
0 0.887361 0.219397 0.225278 0.163345 0.00119042
0 0.651779 0.513388 0.235843 0.179727 0.00118957
0 0.768372 0.316801 0.234657 0.162461 0.00118947
0 0.425084 0.53767 0.245794 0.196446 0.00118826
0 0.55136 0.65822 0.248038 0.177979 0.0011869
0 0.615859 0.113547 0.240726 0.165961 0.00118639
0 0.682781 0.419301 0.239653 0.164547 0.00118164
0 0.889698 0.262427 0.220604 0.171749 0.00118116
0 0.834476 0.417576 0.241473 0.166717 0.00118106
0 0.979721 0.617168 0.0405583 0.188882 0.00118067
0 0.469557 0.364073 0.244849 0.168853 0.00118028
0 0.973345 0.721168 0.0533099 0.194274 0.00117938
0 0.205822 0.114421 0.239431 0.16417 0.00117905
0 0.608875 0.364158 0.24373 0.170071 0.00117841
0 0.516263 0.932908 0.171498 0.134183 0.00117804
0 0.546155 0.113165 0.240696 0.166004 0.00117699
0 0.0748069 0.861944 0.149614 0.276111 0.00117662
0 0.477435 0.113373 0.241599 0.166291 0.00117632
0 1 0.164522 0 0.161665 0.00117534
0 0.201397 0.167336 0.243628 0.165141 0.00117407
0 0.975047 0.668638 0.0499051 0.192218 0.00117358
0 0.830866 0.619088 0.245292 0.156299 0.0011735
0 0.270531 0.113041 0.238781 0.165356 0.00116685
0 0.538188 0.363601 0.243601 0.170177 0.00116641
0 0.676582 0.61988 0.17894 0.169051 0.00116583
0 0 0.921007 0 0.157985 0.00116404
0 0.470378 0.164454 0.247168 0.168387 0.00116332
0 0.610296 0.164915 0.245089 0.168538 0.00116302
0 0.829214 0.925373 0.269922 0.149254 0.00116244
0 0.757502 0.114028 0.24061 0.16643 0.0011603
0 0.682581 0.165402 0.242761 0.168439 0.00115991
0 0.890075 0.415249 0.21985 0.168172 0.00115954
0 0.635605 0.565784 0.230229 0.163231 0.00115932
0 0.20802 0.221305 0.243445 0.163796 0.00115889
0 0.539206 0.164565 0.246715 0.167816 0.00115674
0 0.406615 0.113663 0.242175 0.16602 0.00115627
0 0.389865 0.417182 0.244193 0.170404 0.00115589
0 0.621043 0.0737902 0.239479 0.14758 0.00115442
0 0.414365 0.0740151 0.239537 0.14803 0.00115337
0 0.610425 0.659695 0.237371 0.184327 0.00115226
0 0.268281 0.270956 0.231382 0.168987 0.00115175
0 0.343861 0.0739587 0.241347 0.147917 0.00115164
0 0.3304 0.164981 0.244259 0.168212 0.00115162
0 0.749421 0.674191 0.236469 0.148042 0.00115058
0 0.685981 0.114036 0.240551 0.165696 0.00115011
0 0.611829 0.578455 0.15415 0.0898934 0.00114927
0 0.838177 0.315068 0.238332 0.16309 0.00114691
0 0.277397 0.47233 0.234895 0.154105 0.00114667
0 0.888172 0.113084 0.223655 0.1671 0.00114639
0 0.945414 0.898579 0.109173 0.202843 0.00114618
0 0.399275 0.16484 0.246819 0.168661 0.0011459
0 0.264743 0.165249 0.239592 0.16773 0.00114449
0 0.753869 0.165758 0.242952 0.168193 0.00114302
0 0.885814 0.165512 0.228372 0.166042 0.00114262
0 0.48449 0.0739617 0.237284 0.147923 0.00114069
0 0.689336 0.316769 0.236722 0.164489 0.00113994
0 0.923186 0.0736361 0.153628 0.147272 0.00113969
0 0.552324 0.0737487 0.236728 0.147497 0.00113764
0 0.764329 0.265983 0.236761 0.167074 0.00113718
0 0.891607 0.514477 0.216786 0.162377 0.00113706
0 0.690081 0.073975 0.239207 0.14795 0.00113686
0 0.918497 0.166397 0.163006 0.16249 0.00113537
0 0.891947 0.464507 0.216106 0.163183 0.00113501
0 0.761144 0.0742861 0.239784 0.148572 0.00113489
0 1 0.976897 0 0.0462064 0.00113408
0 0.68767 0.266693 0.240883 0.166472 0.00113314
0 0.757725 0.218278 0.243706 0.164801 0.00113278
0 0.89091 0.565202 0.21818 0.160967 0.00113277
0 0.829247 0.0740556 0.237987 0.148111 0.00113066
0 0.276541 0.0736244 0.238611 0.147249 0.00113054
0 0.540657 0.216254 0.248104 0.164372 0.00112576
0 0.611514 0.216766 0.248126 0.165244 0.00112453
0 0.920884 0.113232 0.158232 0.165426 0.00112423
0 0.836368 0.36579 0.236865 0.17076 0.00112312
0 0.402291 0.268284 0.243172 0.168476 0.0011226
0 0.474476 0.316743 0.239093 0.168021 0.00112175
0 0.759861 0.41913 0.236328 0.168252 0.00112164
0 0.541582 0.266437 0.24227 0.166587 0.00111967
0 0.341336 0.89309 0.366023 0.213819 0.00111907
0 0.557582 0.605406 0.251463 0.189127 0.00111556
0 0.827275 0.113209 0.237323 0.165918 0.00111542
0 0.684984 0.217358 0.245472 0.165193 0.00111495
0 0.598061 0.542998 0.17774 0.130718 0.976063
0 0.30566 0.606109 0.184306 0.13601 0.920865
0 0.165945 0.905032 0.121934 0.102685 0.1249
0 0.162208 0.879456 0.121586 0.161285 0.0139912
0 0.19305 0.269989 0.133545 0.0890198 0.00494056
0 0.223953 0.470622 0.250707 0.155719 0.00326284
0 0.534321 0.888249 0.101329 0.144791 0.00297145
0 0.124623 0.884847 0.21167 0.147005 0.00278431
0 0.161709 0.974361 0.135604 0.0422146 0.00264976
0 0.524737 0.595803 0.342127 0.255487 0.00249391
0 0.127221 0.860167 0.197409 0.207919 0.00236269
0 0.334011 0.311708 0.38966 0.304937 0.00223452
0 0.193642 0.358662 0.355456 0.275337 0.00220867
0 0.710001 0.326598 0.579999 0.390741 0.00219525
0 0.621148 0.267924 0.383308 0.236589 0.00212161
0 0.53891 0.267531 0.379476 0.268269 0.00210996
0 0.175606 0.914943 0.147944 0.100574 0.0020996
0 0.499529 0.483135 0.773072 0.49654 0.00207565
0 0.0299567 0.951959 0.0599134 0.0960815 0.00207544
0 0.762826 0.324151 0.474347 0.293026 0.0020348
0 0.466024 0.261123 0.352496 0.260121 0.00196682
0 0.47931 0.656133 0.472463 0.347218 0.0019659
0 0.582852 0.554197 0.241342 0.278086 0.00192161
0 0.0900556 0.402355 0.180111 0.247511 0.0019044
0 0.727108 0.948201 0.126359 0.0675873 0.00187409
0 0.195059 0.419792 0.390118 0.36213 0.00185861
0 0.431704 0.9582 0.254018 0.0836007 0.0018504
0 0.0250626 0.412177 0.0501251 0.307444 0.00184147
0 0.466986 0.325665 0.610936 0.417908 0.00183888
0 0.678879 0.0718181 0.296874 0.143636 0.00181884
0 0.727566 0.483422 0.500514 0.404401 0.00180431
0 0.59042 0.588739 0.284035 0.308765 0.00179707
0 0.711922 0.264401 0.354523 0.19311 0.0017877
0 0.0201345 0.172816 0.040269 0.279317 0.00178609
0 0.0214266 0.12489 0.0428532 0.249781 0.0017831
0 0.707082 0.369648 0.585837 0.478056 0.00177687
0 0.351829 0.784189 0.703658 0.431622 0.00176451
0 0.0201667 0.221869 0.0403333 0.288614 0.00176355
0 0.623715 0.479258 0.387662 0.368345 0.0017526
0 0.111617 0.923583 0.223235 0.152834 0.00174859
0 0.322876 0.373416 0.571866 0.402127 0.0017143
0 0.601863 0.076426 0.336891 0.152852 0.00169226
0 0.697056 0.543008 0.092115 0.12863 0.00167917
0 0.762777 0.360761 0.474446 0.401299 0.00167911
0 0.623594 0.44661 0.752811 0.519086 0.00167306
0 0.754599 0.962138 0.206227 0.0757238 0.00166935
0 0.405298 0.25359 0.317231 0.216266 0.00166595
0 0.6966 0.962248 0.227403 0.0755046 0.00166456
0 0.354906 0.585431 0.270336 0.180817 0.00165686
0 0.00404445 0.316254 0.0080889 0.35777 0.00165141
0 0.180757 0.969273 0.216652 0.0614536 0.00164262
0 0.543609 0.752239 0.902809 0.495521 0.00164106
0 0.471875 0.0896693 0.318258 0.179339 0.00163801
0 0.626178 0.327471 0.732531 0.458446 0.00162537
0 0.25255 0.969668 0.247442 0.0606633 0.00162145
0 0.9231 0.367623 0.153799 0.328518 0.00161769
0 0.684991 0.454478 0.630018 0.56442 0.00161566
0 0.39988 0.0836238 0.280224 0.167248 0.00161291
0 0.752452 0.0686792 0.271948 0.137358 0.0016092
0 0.502773 0.962764 0.153906 0.074472 0.00159976
0 0.106687 0.970681 0.213375 0.0586372 0.00159235
0 0.828593 0.732976 0.342814 0.257749 0.00159115
0 0.0333376 0.50984 0.0666751 0.334706 0.00157928
0 0.84677 0.963665 0.204704 0.0726693 0.00156425
0 0.0200025 0.31965 0.040005 0.298894 0.0015604
0 0.549113 0.0925375 0.3351 0.185075 0.00155825
0 0.0297328 0.914455 0.0594656 0.17109 0.00152762
0 0 0.219652 0 0.348733 0.00152591
0 0.849641 0.784719 0.300717 0.262677 0.00152565
0 0.82847 0.316268 0.34306 0.210787 0.00151945
0 0.673332 0.21378 0.27113 0.15887 0.00150292
0 0.628437 0.555698 0.272805 0.233949 0.00149867
0 0.613571 0.962842 0.204087 0.0743157 0.00149023
0 0.267924 0.306623 0.292342 0.193017 0.00148563
0 0.547227 0.883327 0.0917874 0.169893 0.00148041
0 0.326249 0.965909 0.279797 0.0681811 0.00147682
0 0.388891 0.735729 0.777783 0.512791 0.00147094
0 0.36214 0.551576 0.28528 0.257427 0.0014705
0 0.360234 0.870913 0.432351 0.258173 0.00147029
0 0.62323 0.0898709 0.308963 0.179742 0.00146004
0 0.687444 0.915974 0.223598 0.124337 0.00145235
0 0.33576 0.0796565 0.256003 0.159313 0.00144525
0 0.974591 0.222678 0.0508172 0.287184 0.00144431
0 0.889682 0.96723 0.220635 0.0655392 0.00143525
0 0.14692 0.864663 0.155248 0.167339 0.00143512
0 0.00506557 0.41438 0.0101311 0.360892 0.00143342
0 0.898144 0.411984 0.203711 0.349926 0.00143197
0 0.682768 0.740852 0.634463 0.457169 0.00143045
0 0.821403 0.0671677 0.260191 0.134335 0.00142626
0 0.758836 0.214311 0.254304 0.158842 0.00141772
0 0.912823 0.729218 0.174355 0.215428 0.00141741
0 0.922126 0.661763 0.155749 0.340844 0.00141515
0 0.400784 0.921461 0.31235 0.157078 0.00141355
0 0.541862 0.640906 0.440634 0.39968 0.00140538
0 0.58714 0.212236 0.29575 0.16147 0.00140535
0 0.146739 0.453155 0.293478 0.374194 0.00139762
0 0.351442 0.659413 0.284961 0.304278 0.00139068
0 0.354309 0.612309 0.089886 0.120422 0.00138127
0 0.864756 0.362779 0.270488 0.303735 0.00138011
0 0.700276 0.938972 0.224114 0.122055 0.00137903
0 0.588951 0.675772 0.129164 0.20224 0.00137041
0 0.0524582 0.0820593 0.104916 0.164119 0.00136975
0 0.982946 0.159722 0.034108 0.235992 0.00136412
0 0.0242251 0.901361 0.0484501 0.197278 0.00136273
0 0.805409 0.259884 0.302059 0.169078 0.00135761
0 0.0358902 0.609738 0.0717805 0.344383 0.00135494
0 0.223761 0.53569 0.447523 0.328725 0.00135305
0 0.51233 0.210649 0.295821 0.162866 0.00135245
0 0.943543 0.320256 0.112913 0.286493 0.00135061
0 0.918209 0.559881 0.163582 0.352391 0.00134954
0 0.260385 0.067015 0.255943 0.13403 0.00134786
0 0.813889 0.410148 0.372223 0.362438 0.00134313
0 0.365699 0.694881 0.455162 0.23031 0.00134218
0 0.727176 0.60669 0.378838 0.262805 0.00134144
0 0.333129 0.945129 0.295694 0.109741 0.00134087
0 0.187284 0.96336 0.160077 0.0468666 0.00133762
0 0.990023 0.10335 0.0199544 0.206701 0.00133711
0 0.335203 0.493823 0.670407 0.41053 0.00133522
0 0.779354 0.821339 0.441293 0.324482 0.00132897
0 0.736706 0.484751 0.526588 0.463272 0.00132481
0 0.146039 0.35373 0.292078 0.192491 0.00132476
0 0.857846 0.836514 0.284307 0.29037 0.00131957
0 0.953965 0.932601 0.0920704 0.134799 0.00131883
0 0.284794 0.651761 0.282834 0.29483 0.00131831
0 0.756452 0.946556 0.209248 0.106887 0.00131727
0 0.694268 0.0847159 0.277002 0.169432 0.00131539
0 0.169171 0.927952 0.189716 0.144095 0.00131251
0 0.630577 0.60001 0.266359 0.290355 0.00131031
0 0.893944 0.772007 0.212112 0.250392 0.00130934
0 0.00158992 0.0681432 0.00317983 0.136286 0.00130933
0 0.541134 0.721638 0.767189 0.505347 0.00130833
0 0.510612 0.936862 0.150431 0.126277 0.00130723
0 0.0135695 0.849275 0.0271391 0.301451 0.00130714
0 0.829071 0.67388 0.341858 0.231544 0.00130478
0 0.881492 0.0670044 0.237016 0.134009 0.00129934
0 0.752015 0.656083 0.495969 0.37974 0.00129442
0 0.0127184 0.714069 0.0254368 0.341506 0.00129197
0 0.19621 0.0661228 0.251367 0.132246 0.00128548
0 0.0126699 0.614658 0.0253399 0.340265 0.00128544
0 0.957281 0.219405 0.0854374 0.339956 0.00128209
0 0.308881 0.425979 0.617762 0.461555 0.00127941
0 0.0126361 0.514384 0.0252723 0.339476 0.00127768
0 0.944136 0.265833 0.111729 0.35256 0.00127706
0 0.0120189 0.364236 0.0240379 0.340762 0.0012722
0 0.33715 0.707523 0.6743 0.584953 0.00127175
0 0.62203 0.938548 0.213596 0.122904 0.0012689
0 0.808939 0.142527 0.200703 0.14086 0.00126776
0 0.894745 0.764445 0.21051 0.325543 0.00126302
0 0.253971 0.804182 0.507942 0.391636 0.00126152
0 0.450643 0.211274 0.280452 0.162319 0.00125148
0 0.988972 0.969864 0.0220556 0.0602711 0.00124989
0 0 0.143808 0 0.287616 0.00124926
0 0.0152087 0.0898964 0.0304173 0.179793 0.00124848
0 0.695478 0.6483 0.508561 0.449343 0.00124812
0 0.919407 0.0670815 0.161186 0.134163 0.00124279
0 0.837019 0.623764 0.325962 0.202937 0.00123967
0 0.0118995 0.265087 0.0237991 0.333175 0.00123849
0 0.238334 0.690924 0.476669 0.367296 0.00123655
0 0.880814 0.261349 0.238372 0.161067 0.00123642
0 0.459512 0.123703 0.271159 0.166842 0.00122479
0 0.428941 0.801384 0.666208 0.397231 0.00122372
0 0.630618 0.719907 0.738763 0.54429 0.00121932
0 0.911434 0.674025 0.177131 0.211789 0.00121791
0 0.818399 0.564295 0.363201 0.260892 0.00120697
0 0.39235 0.122713 0.26014 0.162004 0.0012045
0 0.122548 0.0678043 0.245096 0.135609 0.00119932
0 0.594362 0.810922 0.62375 0.378157 0.00119788
0 0.936708 0.972584 0.126585 0.0548328 0.00119435
0 0.330441 0.121483 0.249992 0.160162 0.00119407
0 0.969037 0.168634 0.0619264 0.337268 0.00119071
0 0.351674 0.254752 0.286731 0.181681 0.00119061
0 0.864415 0.51394 0.27117 0.320698 0.00118914
0 1 0.0754365 0 0.150873 0.00118872
0 0.741842 0.549113 0.44182 0.278713 0.00118779
0 0.536579 0.125531 0.274125 0.166124 0.00118742
0 0.406526 0.881835 0.368858 0.236331 0.00118466
0 0.25254 0.933333 0.254458 0.133335 0.00118189
0 0.430979 0.373237 0.738592 0.472648 0.00118016
0 0.765774 0.0808783 0.259584 0.161757 0.00117963
0 0.914916 0.462995 0.170167 0.35882 0.00117796
0 0.906688 0.312282 0.186624 0.186835 0.00117623
0 0.50057 0.599339 0.453938 0.230988 0.00117506
0 0.828694 0.212959 0.240425 0.163455 0.00116799
0 0.0362987 0.709764 0.0725973 0.350336 0.00116738
0 0.25779 0.681347 0.515579 0.539061 0.00116284
0 0.391526 0.213844 0.26328 0.162418 0.00115372
0 0.0170816 0.663479 0.0341631 0.362492 0.00114996
0 0.765461 0.921183 0.222681 0.152936 0.00114908
0 0.0337652 0.807136 0.0675304 0.351237 0.0011457
0 0.0149053 0.563652 0.0298107 0.362061 0.00114476
0 0.889853 0.845541 0.220295 0.308917 0.00114377
0 0.817559 0.862843 0.320539 0.245935 0.00113659
0 0.632783 0.933209 0.249356 0.133582 0.00113203
0 0.95573 0.260138 0.0885392 0.201949 0.00112955
0 0.0164888 0.762889 0.0329776 0.362797 0.00112704
0 0.150925 0.891091 0.30185 0.217817 0.00111775
0 0.854271 0.882578 0.291457 0.234845 0.00111767
0 0.614373 0.125896 0.265439 0.163203 0.00111531
0 0.188163 0.820029 0.376325 0.359941 0.00110926
0 0.248836 0.850673 0.426187 0.298653 0.00110602
0 0.26971 0.121081 0.242141 0.158228 0.00110477
0 0.197204 0.501044 0.394407 0.412919 0.00110414
0 0.705886 0.933598 0.234681 0.132804 0.00110045
0 0.696949 0.86224 0.352553 0.254584 0.00109811
0 0.69072 0.16588 0.239789 0.15917 0.00109257
0 0.908611 0.626572 0.182779 0.21299 0.00109201
0 0.899601 0.575738 0.200799 0.244453 0.00109185
0 0.12613 0.886273 0.25226 0.227454 0.00108657
0 0.931379 0.319921 0.137241 0.343515 0.00108334
0 0.333232 0.216056 0.24735 0.160049 0.00108273
0 0.888403 0.2159 0.223195 0.165851 0.00108221
0 0.00884616 0.944073 0.0176923 0.111854 0.00107542
0 0.547904 0.414011 0.866609 0.561193 0.00107357
0 0.616934 0.165666 0.242275 0.158859 0.00107302
0 0.450867 0.430758 0.439995 0.214513 0.0010687
0 0.310478 0.260379 0.259386 0.163403 0.00106814
0 0.115043 0.123763 0.230087 0.16178 0.00106659
0 0.929049 0.118878 0.141903 0.160065 0.00106561
0 0.541711 0.165892 0.246305 0.158519 0.00106452
0 0.501611 0.917846 0.256065 0.164309 0.00106296
0 0.0930658 0.358914 0.186132 0.185416 0.00106229
0 0.766281 0.16517 0.243715 0.162326 0.00106116
0 0.871879 0.945073 0.239384 0.109855 0.00105987
0 0.470372 0.166197 0.250982 0.159807 0.00105836
0 0.260337 0.262617 0.240605 0.162091 0.00105722
0 0.888169 0.16605 0.217889 0.163219 0.00105718
0 0.893529 0.810682 0.212942 0.35521 0.00105711
0 0.89046 0.11793 0.21908 0.162258 0.0010566
0 0.913947 0.613171 0.172105 0.359525 0.00105499
0 0.522886 0.902342 0.125068 0.154715 0.00105248
0 0.979805 0.909969 0.0403903 0.180061 0.0010516
0 0.76337 0.880392 0.291122 0.201676 0.00105052
0 0.016206 0.867173 0.0324119 0.265654 0.00105005
0 0.204824 0.120353 0.236786 0.15835 0.00104961
0 0.68884 0.124582 0.251909 0.158377 0.00104507
0 0.764137 0.121239 0.246683 0.16012 0.00104402
0 0.273564 0.166382 0.236279 0.161403 0.0010406
0 0.33781 0.166395 0.242339 0.161987 0.00103755
0 0.403365 0.166693 0.249107 0.161127 0.00103468
0 0.121767 0.270976 0.243535 0.168473 0.00103381
0 0.908724 0.878779 0.182553 0.242441 0.00103192
0 0.963913 0.0770369 0.0721737 0.154074 0.00102782
0 0.119848 0.225114 0.239696 0.165738 0.00102629
0 0.192257 0.311685 0.241883 0.162955 0.00102618
0 0.209176 0.263712 0.229842 0.160273 0.00102549
0 0.826668 0.895815 0.228159 0.20563 0.00102185
0 0.936105 0.411991 0.127791 0.362644 0.00102181
0 0.673613 0.932613 0.250227 0.11828 0.00102148
0 0.828996 0.11834 0.230929 0.159492 0.00102126
0 0.829989 0.163607 0.229859 0.163859 0.00102011
0 0.144781 0.0783666 0.289563 0.156733 0.00101512
0 0.929245 0.168277 0.141511 0.156588 0.00101454
0 0.224015 0.606874 0.44803 0.444954 0.00101025
0 0.935594 0.512196 0.128811 0.361039 0.0010036
0 0.669138 0.543653 0.0322258 0.146861 0.0010012
0 0.963239 0.209466 0.0735215 0.179398 0.0010002
0 0.600058 0.543255 0.179644 0.132571 0.972131
0 0.306103 0.605814 0.190376 0.138797 0.971559
0 0.996644 0.116081 0.00671177 0.232162 0.388544
0 0.996899 0.886788 0.00620235 0.226424 0.340835
0 0.0468527 0.125997 0.0937054 0.251995 0.334945
0 0.0347888 0.887476 0.0695776 0.225047 0.0677188
0 0.028015 0.0996508 0.05603 0.199302 0.0626972
0 0.996054 0.165807 0.00789152 0.282771 0.0378965
0 0.996138 0.616119 0.0077239 0.282164 0.0311843
0 0.996133 0.666121 0.00773309 0.282227 0.0309969
0 0.996118 0.791114 0.00776341 0.282363 0.0309091
0 0.99612 0.741109 0.00775973 0.282222 0.0307692
0 0.996144 0.566149 0.00771222 0.282039 0.0306463
0 0.996075 0.842299 0.00784951 0.28413 0.0306128
0 0.996145 0.516092 0.00771012 0.28203 0.0296466
0 0.996152 0.466113 0.00769516 0.281947 0.0289141
0 0.996147 0.416045 0.00770592 0.281919 0.0280218
0 0.996128 0.366035 0.00774425 0.28183 0.0271292
0 0.996109 0.316134 0.00778231 0.281875 0.0259908
0 0.996078 0.215935 0.00784479 0.282425 0.0251017
0 0.996085 0.266039 0.00783035 0.282286 0.0245407
0 0.857044 0.886145 0.285912 0.22771 0.0241416
0 0.849591 0.277134 0.300819 0.231855 0.0121806
0 0.141815 0.601591 0.283629 0.258184 0.00715903
0 0.845532 0.324761 0.308937 0.256716 0.00551093
0 0.0396698 0.565122 0.0793395 0.273601 0.00395489
0 0.851463 0.222358 0.297074 0.269793 0.00357285
0 0.84539 0.71564 0.309219 0.365942 0.00353128
0 0.846117 0.616727 0.307765 0.37148 0.00351451
0 0.176325 0.856633 0.32714 0.268008 0.00351192
0 0.034107 0.614632 0.068214 0.273653 0.00348946
0 0.145626 0.664582 0.285746 0.27686 0.00332187
0 0.0275448 0.664748 0.0550895 0.273203 0.00327977
0 0.0569751 0.389846 0.11395 0.274532 0.00321148
0 0.991875 0.869029 0.0162494 0.261942 0.00296137
0 0.998488 0.0728789 0.00302472 0.145758 0.0029546
0 0.848832 0.861925 0.302336 0.27615 0.00284842
0 0.840227 0.525806 0.319546 0.395632 0.00284441
0 0.0292547 0.714804 0.0585095 0.27362 0.00263582
0 0.0474304 0.240613 0.0948608 0.273264 0.00261935
0 0.0567107 0.439403 0.113421 0.275112 0.00261888
0 0.178871 0.714372 0.34042 0.279687 0.0026079
0 0.785232 0.731419 0.429535 0.404338 0.00255948
0 0.970747 0.560268 0.058505 0.361348 0.00253559
0 0.942804 0.922064 0.114392 0.153638 0.00251817
0 0.969458 0.659803 0.0610837 0.359978 0.00251769
0 0.153836 0.758091 0.307672 0.372278 0.00250246
0 0.971533 0.460976 0.0569332 0.361926 0.00248956
0 0.0564007 0.339737 0.112801 0.274712 0.0024621
0 0.969369 0.759983 0.061262 0.359803 0.00241825
0 0.972928 0.361034 0.0541441 0.363064 0.00241764
0 0.838024 0.8132 0.323953 0.373599 0.00241604
0 0.154418 0.841117 0.308837 0.317765 0.00240854
0 0.831462 0.71617 0.337076 0.285162 0.00240001
0 0.0444637 0.514701 0.0889275 0.274727 0.00237546
0 0.182363 0.659838 0.364725 0.365262 0.00234976
0 0.0371655 0.840308 0.074331 0.275661 0.00225593
0 0.836676 0.542932 0.326647 0.280729 0.00225342
0 0.97545 0.264885 0.0491009 0.36517 0.00224183
0 0.0353073 0.764621 0.0706146 0.274369 0.00219201
0 0.805449 0.58327 0.389102 0.423659 0.00216154
0 0.0538419 0.289394 0.107684 0.27502 0.00213558
0 0.162592 0.561778 0.325184 0.244275 0.00211217
0 0.062929 0.863129 0.125858 0.273743 0.00209065
0 1 0.901174 0 0.197651 0.00202849
0 0.820354 0.431556 0.359292 0.437037 0.00202225
0 0.957914 0.148328 0.0841723 0.296657 0.00201743
0 0.869393 0.45754 0.261215 0.356588 0.00201169
0 0.840489 0.419538 0.319022 0.270098 0.00200703
0 0.86607 0.357269 0.26786 0.360519 0.00199132
0 0.992845 0.809801 0.0143108 0.364089 0.00199118
0 0.0778802 0.810558 0.15576 0.378883 0.00196746
0 0.958153 0.843495 0.0836946 0.313009 0.00196501
0 0.414964 0.31226 0.412554 0.300153 0.00194603
0 0.862843 0.257203 0.274315 0.380131 0.00193666
0 0.986002 0.141734 0.0279956 0.283468 0.00191314
0 0.0784717 0.715066 0.156943 0.385564 0.00190823
0 0.992733 0.403138 0.0145335 0.347577 0.001908
0 0.339994 0.067391 0.272276 0.134782 0.0018946
0 0.992581 0.50296 0.0148381 0.348163 0.00188648
0 0.992462 0.60285 0.0150761 0.348583 0.00187989
0 0.346139 0.314883 0.404015 0.280862 0.00187764
0 0.55684 0.251804 0.401864 0.249512 0.00187738
0 0.992607 0.701895 0.0147868 0.346826 0.00186762
0 0.852996 0.128028 0.294008 0.256057 0.00186597
0 0.288644 0.325579 0.457924 0.344672 0.00185739
0 1 0.974851 0 0.0502987 0.00183066
0 0.872102 0.552237 0.255797 0.33237 0.00182314
0 0.913741 0.202366 0.172517 0.36784 0.00181975
0 0.872499 0.650316 0.255001 0.324255 0.00181105
0 0.153751 0.660215 0.307502 0.378901 0.00180683
0 0.625714 0.19889 0.360569 0.261931 0.0018053
0 0.832893 0.593639 0.334215 0.280325 0.00179645
0 0.504525 0.316558 0.487037 0.361154 0.00175782
0 0.835532 0.329538 0.328936 0.413653 0.00175234
0 1 0.920408 0 0.159184 0.00173343
0 0.08276 0.618511 0.16552 0.395867 0.00170424
0 0.249639 0.0759153 0.3326 0.151831 0.00169286
0 0.834904 0.788133 0.330192 0.281615 0.00167533
0 0.723001 0.161852 0.45007 0.323704 0.00167079
0 0.863799 0.176633 0.272402 0.353266 0.0016661
0 1 0.946615 0 0.106769 0.0016659
0 0.281874 0.316244 0.563747 0.454097 0.00164134
0 0.919577 0.140256 0.160847 0.280511 0.00163735
0 0.872611 0.750073 0.254778 0.332482 0.0016337
0 0.241819 0.267312 0.483638 0.36134 0.00163137
0 0.871359 0.809797 0.257281 0.355597 0.0016301
0 0.993234 0.20165 0.0135314 0.34808 0.00162906
0 0.395964 0.718765 0.355798 0.233243 0.00161847
0 0.903029 0.258789 0.193943 0.356201 0.00161749
0 0.949757 0.0784809 0.100486 0.156962 0.00161227
0 0.829576 0.64172 0.340848 0.28748 0.00161208
0 0.769221 0.53821 0.461557 0.469182 0.00159513
0 0.873122 0.951039 0.253755 0.0979224 0.00158904
0 0.0512183 0.953835 0.102437 0.0923307 0.00158849
0 0.184725 0.80721 0.36945 0.368965 0.00158547
0 0.314284 0.268229 0.34577 0.198058 0.00157854
0 0.849395 0.0940951 0.30121 0.18819 0.00157472
0 0.491484 0.545427 0.596081 0.46244 0.00153037
0 0.817865 0.105141 0.36427 0.210281 0.00152303
0 0.72006 0.851566 0.55988 0.296868 0.00150453
0 0.702343 0.117053 0.353232 0.234105 0.00150361
0 0.776994 0.136237 0.446012 0.272474 0.00149806
0 0.507869 0.501536 0.720892 0.48503 0.00148385
0 0.998483 0.0929224 0.00303351 0.185845 0.00147856
0 0.455354 0.941401 0.333836 0.117197 0.0014752
0 0.359968 0.755573 0.367701 0.251842 0.00146183
0 0.519533 0.944155 0.34783 0.111689 0.00145905
0 0.901398 0.357775 0.197205 0.341548 0.00145195
0 0.255056 0.0967335 0.356678 0.193467 0.00144276
0 0.295731 0.957626 0.327597 0.0847485 0.00143544
0 0.676692 0.26215 0.574531 0.40413 0.00142875
0 0.221386 0.857786 0.42912 0.284429 0.00142486
0 0.491933 0.253848 0.336406 0.182934 0.00142139
0 0.353207 0.0800048 0.265439 0.16001 0.00141302
0 0.594604 0.948636 0.333475 0.102728 0.00141171
0 0.230851 0.220382 0.431924 0.294127 0.00140433
0 0.206483 0.952292 0.340976 0.0954167 0.00140171
0 0.351473 0.567303 0.28388 0.21226 0.0013953
0 0.204798 0.198747 0.409595 0.397494 0.00138922
0 0.036871 0.977165 0.073742 0.0456697 0.00136499
0 0.0663503 0.173471 0.132701 0.346942 0.00136018
0 0.180116 0.164397 0.360231 0.328794 0.00135952
0 0.260327 0.638324 0.435273 0.247804 0.00135261
0 0.0884134 0.528016 0.176827 0.419838 0.00135142
0 0.0451102 0.188714 0.0902205 0.276255 0.00135
0 0.724402 0.0867726 0.3267 0.173545 0.00134398
0 0.647862 0.947047 0.315018 0.105907 0.00133153
0 0.112931 0.714217 0.225861 0.374588 0.00132957
0 0.631551 0.156954 0.301179 0.18615 0.00132786
0 0.357793 0.46935 0.300468 0.171315 0.00132379
0 0.237424 0.170625 0.403674 0.260787 0.00132006
0 0.27289 0.31224 0.545779 0.541793 0.00131453
0 0.844036 0.497337 0.311927 0.26659 0.00131451
0 0.749856 0.807806 0.500288 0.384387 0.00130795
0 0.216912 0.589998 0.408962 0.316704 0.00130281
0 0.899278 0.457926 0.201443 0.338962 0.00129971
0 0.176878 0.901665 0.353755 0.196671 0.00129783
0 0.713339 0.952273 0.327413 0.0954536 0.00129089
0 0.0970056 0.960822 0.194011 0.0783558 0.00128365
0 0.347176 0.219568 0.274569 0.167767 0.00127783
0 0.391992 0.952787 0.313397 0.094426 0.00127481
0 0.82559 0.952864 0.346068 0.0942715 0.00126557
0 0.730259 0.219878 0.539483 0.434143 0.00126485
0 0 0.891897 0 0.216207 0.0012607
0 0.383281 0.258212 0.308842 0.16712 0.00125558
0 0.244991 0.124039 0.375435 0.248079 0.00125375
0 0.412788 0.0634459 0.254069 0.126892 0.00124608
0 0.62393 0.492326 0.337718 0.356568 0.00124426
0 0.651113 0.109581 0.27369 0.174299 0.00124275
0 0.237391 0.139231 0.474781 0.210549 0.00124144
0 0.57994 0.533578 0.262076 0.29381 0.00124105
0 0.673684 0.0744693 0.264959 0.148939 0.00123431
0 0.893964 0.751101 0.212071 0.32294 0.00123001
0 0.183209 0.761114 0.342206 0.27876 0.0012188
0 0.991265 0.955172 0.0174697 0.0896562 0.00121667
0 0.788364 0.0942979 0.368419 0.188596 0.00121602
0 0.441375 0.255651 0.31273 0.168903 0.00121259
0 0.621582 0.323817 0.643329 0.438289 0.00120679
0 0 0.152131 0 0.171023 0.00120267
0 0 0.217353 0 0.175948 0.00119977
0 0.0891112 0.434494 0.178222 0.430578 0.00119737
0 0.00549572 0.0669364 0.0109914 0.133873 0.00119546
0 0.641463 0.445813 0.717075 0.469212 0.00119217
0 0.371742 0.537123 0.311074 0.311174 0.00118116
0 0.896431 0.813892 0.207139 0.349081 0.00117773
0 0.880101 0.866183 0.239799 0.267633 0.00117434
0 0.0933733 0.289699 0.186747 0.437653 0.00117395
0 0.575246 0.207241 0.304061 0.176131 0.00116981
0 0.753992 0.176256 0.492016 0.352513 0.00116929
0 0.354492 0.123813 0.262207 0.169508 0.00116821
0 0.228547 0.775455 0.452577 0.374921 0.00116785
0 0.117827 0.191334 0.235654 0.382667 0.00116139
0 0.133392 0.0966415 0.266783 0.193283 0.00115963
0 0 0.329168 0 0.200895 0.00115645
0 0.177811 0.0890942 0.355622 0.178188 0.00115307
0 0 0.277781 0 0.191872 0.00114633
0 0.979807 0.975964 0.0403866 0.0480721 0.0011462
0 0.352649 0.171818 0.264886 0.161392 0.00114374
0 0.894104 0.653447 0.211792 0.322578 0.00114273
0 0.714421 0.498621 0.459542 0.387834 0.00114103
0 0.996926 0.948881 0.00614709 0.102238 0.00113845
0 0 0.831309 0 0.20208 0.00113842
0 0 0.925001 0 0.149998 0.00113186
0 0.0829672 0.231468 0.165934 0.434334 0.00112333
0 0 0.378737 0 0.209502 0.00112227
0 0.74449 0.488809 0.511021 0.5042 0.00112115
0 0.896978 0.555138 0.206044 0.328164 0.0011176
0 0 0.43037 0 0.219827 0.00110865
0 1 0.280844 0 0.254252 0.00110585
0 0.0734699 0.0895461 0.14694 0.179092 0.00110461
0 1 0.230848 0 0.254376 0.00110374
0 0.155308 0.613313 0.310617 0.39062 0.0011037
0 0 0.483658 0 0.226693 0.00109959
0 0.361346 0.375437 0.720223 0.468803 0.00109867
0 0.893633 0.855172 0.212733 0.289657 0.0010951
0 0 0.535465 0 0.225538 0.00109203
0 0 0.633832 0 0.215215 0.00109028
0 0 0.584995 0 0.219361 0.00108858
0 0 0.683317 0 0.21492 0.00108729
0 0.534301 0.210511 0.271124 0.162322 0.00108017
0 0.134373 0.239001 0.268746 0.445726 0.00107745
0 0.624038 0.0734055 0.245785 0.146811 0.0010765
0 0 0.733269 0 0.215442 0.00107638
0 1 0.330975 0 0.253821 0.00107209
0 0.757402 0.922242 0.485196 0.155515 0.00107164
0 0.293972 0.851669 0.587944 0.296661 0.00106977
0 0.824923 0.139194 0.350155 0.278387 0.00106937
0 0.252644 0.922367 0.505287 0.155265 0.00106922
0 0.112605 0.841609 0.225209 0.316781 0.00106726
0 0 0.780811 0 0.208848 0.00106076
0 0.817731 0.230939 0.364538 0.461878 0.00104877
0 1 0.381033 0 0.253607 0.00104176
0 0.61173 0.0626907 0.248042 0.125381 0.00103928
0 0.480754 0.0623528 0.248409 0.124706 0.00103234
0 0.15488 0.431766 0.309759 0.419716 0.00103162
0 0.149607 0.950129 0.299214 0.0997419 0.00101734
0 0.515985 0.904215 0.634974 0.19157 0.00101167
0 0 0.0667152 0 0.13343 0.00101086
0 0.416448 0.213585 0.252735 0.159402 0.00100525
0 0.880496 0.908166 0.239008 0.183669 0.0010043
0 0.479611 0.211746 0.254566 0.160401 0.00100208
0 1 0.431152 0 0.253797 0.00100132
0 0.146184 0.959747 0.292368 0.0805065 0.0010012
0 0.602977 0.892643 0.584996 0.214713 0.00100052
0 0.598235 0.541819 0.177141 0.133128 0.964525
0 0.306083 0.602452 0.18757 0.136289 0.935474
0 0.221052 0.456478 0.238432 0.191579 0.0211162
0 0.996504 0.103405 0.00699227 0.206809 0.0113575
0 0.750479 0.936771 0.0895925 0.0727942 0.00816576
0 0.729489 0.939659 0.119811 0.0710882 0.00795681
0 0.59386 0.40795 0.246856 0.180456 0.00488533
0 0.0338776 0.108482 0.0677552 0.216963 0.00455436
0 0.519524 0.159612 0.312306 0.232209 0.0022417
0 0.16501 0.834239 0.319065 0.238041 0.00204375
0 0.658217 0.148071 0.276635 0.207876 0.0020129
0 0.167045 0.520588 0.146608 0.0561977 0.00188693
0 1 0.96953 0 0.0609406 0.00157434
0 0.996799 0.193608 0.00640147 0.337427 0.00148684
0 0.39635 0.705216 0.323926 0.247773 0.00142091
0 0.132198 0.454377 0.261772 0.197904 0.00141779
0 0.161525 0.271855 0.32305 0.488051 0.00141463
0 0.610283 0.443917 0.779433 0.527763 0.00135988
0 0.229597 0.525497 0.407877 0.313883 0.00131753
0 0.216881 0.707921 0.433761 0.47714 0.00131395
0 1 0.980071 0 0.0398582 0.00130706
0 0.49585 0.471424 0.736031 0.486293 0.00130649
0 0.997865 0.877723 0.0042701 0.244554 0.00130171
0 0.310517 0.70031 0.266203 0.307051 0.00127926
0 0.858018 0.215971 0.283964 0.362543 0.00125823
0 1 0.259065 0 0.269412 0.00125345
0 1 0.820988 0 0.182777 0.00123062
0 0.961298 0.302163 0.0774036 0.210601 0.00122417
0 0.257425 0.710486 0.440695 0.381731 0.00122286
0 0.0829304 0.254073 0.165861 0.433612 0.00121711
0 0.781282 0.939826 0.12191 0.0861107 0.00120447
0 0.255807 0.28056 0.511615 0.535009 0.00119716
0 1 0.57004 0 0.218757 0.00118831
0 1 0.621234 0 0.223776 0.00118143
0 0.279146 0.610369 0.277832 0.213556 0.00117849
0 0.675255 0.865427 0.319012 0.236141 0.00117394
0 1 0.516434 0 0.219089 0.00117255
0 0.386352 0.603575 0.0323023 0.132547 0.00116516
0 0.793852 0.232767 0.412296 0.465534 0.00115968
0 0.989156 0.895604 0.021687 0.208793 0.00115757
0 0.99145 0.595285 0.017099 0.153817 0.00115568
0 1 0.669227 0 0.223259 0.00114698
0 0.991777 0.542458 0.0164462 0.150601 0.00114325
0 0.510397 0.459157 0.9039 0.568186 0.00113593
0 0.262972 0.504152 0.525945 0.400084 0.00112852
0 0.597558 0.594412 0.196945 0.270815 0.00112586
0 0.356093 0.493501 0.288329 0.119894 0.00112581
0 0.994555 0.147083 0.0108902 0.294167 0.00112224
0 0.992236 0.489602 0.0155284 0.146897 0.0011217
0 1 0.318237 0 0.223861 0.00112115
0 0.991455 0.648313 0.0170898 0.15884 0.00112008
0 1 0.464017 0 0.217784 0.00111655
0 0.219849 0.793934 0.437031 0.374489 0.00111277
0 0.600312 0.553544 0.236145 0.240774 0.00111246
0 0.0613662 0.311451 0.122732 0.316283 0.00111124
0 0.994384 0.95589 0.0112323 0.0882196 0.00110444
0 0.992258 0.439289 0.0154842 0.14528 0.00110292
0 1 0.76847 0 0.202557 0.0010961
0 0.221345 0.346735 0.44269 0.466209 0.00109586
0 0.191728 0.850057 0.245092 0.214213 0.00109147
0 0.9059 0.562394 0.188201 0.317859 0.00109086
0 0.77528 0.453767 0.449439 0.503528 0.00109006
0 1 0.723125 0 0.212728 0.00108983
0 0.806946 0.645747 0.386107 0.463557 0.00108957
0 0.343053 0.57834 0.23499 0.192941 0.0010888
0 0.475638 0.661422 0.242275 0.174085 0.00108134
0 0.916474 0.515741 0.167052 0.303787 0.00107958
0 0.931606 0.473444 0.136788 0.277695 0.00107858
0 0.910162 0.614422 0.179675 0.310942 0.00107713
0 0.0961088 0.336237 0.192218 0.35165 0.00107035
0 1 0.414695 0 0.214937 0.00106876
0 0.988039 0.350272 0.0239213 0.162332 0.00106757
0 0.167333 0.907111 0.147252 0.10114 0.00106745
0 0.711449 0.119791 0.55673 0.239583 0.00106162
0 0.991835 0.69708 0.0163306 0.155531 0.00106024
0 0.47046 0.388329 0.3157 0.238499 0.00105908
0 0.641713 0.469234 0.377289 0.359138 0.00105834
0 0.572606 0.470427 0.577475 0.395139 0.00105826
0 0.0014171 0.24689 0.0028342 0.224144 0.00105185
0 0.997028 0.805596 0.00594364 0.254353 0.00105126
0 0.223662 0.81991 0.348413 0.297708 0.00104653
0 0.383497 0.469115 0.71004 0.439855 0.00103849
0 1 0.367519 0 0.212667 0.001038
0 0.991445 0.392795 0.0171101 0.148734 0.00103572
0 0.728344 0.316142 0.543311 0.556912 0.00103264
0 0.198126 0.586725 0.396252 0.415948 0.00103072
0 0.255789 0.753502 0.511578 0.456138 0.00102885
0 0.928411 0.670222 0.143178 0.271432 0.00102192
0 0.940641 0.431962 0.118719 0.242949 0.00101708
0 0.728556 0.496547 0.499011 0.424116 0.0010126
0 0.0689789 0.72657 0.137958 0.171381 0.00100694
0 0.35492 0.746376 0.407878 0.297138 0.00100422
0 0.576205 0.121949 0.571533 0.243897 0.0010004
0 0.600274 0.542519 0.179751 0.132687 0.957475
0 0.307195 0.604259 0.187903 0.137117 0.873358
0 0.760045 0.950771 0.090935 0.0745586 0.0176351
0 0.998048 0.099482 0.0039031 0.198964 0.0161264
0 0.756275 0.94194 0.0810528 0.0626675 0.0141261
0 0.771878 0.959637 0.119333 0.0807261 0.0106906
0 0.762068 0.935407 0.0964109 0.0742813 0.00630831
0 0.00667013 0.0969905 0.0133403 0.193981 0.00382692
0 0.16318 0.962644 0.125806 0.0747113 0.00327726
0 0.998843 0.918444 0.00231356 0.163111 0.00295543
0 0.510641 0.22977 0.121823 0.0796132 0.00278435
0 0.179909 0.930557 0.146051 0.0428411 0.00226299
0 0.171423 0.922372 0.13359 0.0583832 0.00208264
0 0.157775 0.490219 0.135524 0.119334 0.00207646
0 0.534822 0.382242 0.126691 0.0593806 0.00201676
0 0.893691 1 0.212619 0 0.00188829
0 0.754733 0.960601 0.0840994 0.077681 0.00180644
0 1 0.96488 0 0.0702392 0.00177851
0 0.0209527 0.922135 0.0419054 0.155731 0.00177366
0 0.743949 0.93408 0.11171 0.0740124 0.00167098
0 0.606969 0.587352 0.162283 0.037534 0.00148099
0 0.150952 0.933905 0.114019 0.0484859 0.00144475
0 0.998941 0.056293 0.00211851 0.112586 0.00140619
0 0.1915 0.924201 0.129149 0.0516899 0.00137987
0 0.169654 0.907327 0.138552 0.0882034 0.00133413
0 0.178412 0.472059 0.165696 0.154854 0.00124654
0 0.751698 0.926873 0.130679 0.0980999 0.00122606
0 0.779704 0.166722 0.157941 0.106489 0.00119184
0 1 0.974481 0 0.0510377 0.00113949
0 0.284247 0.527365 0.119905 0.0631519 0.00112767
0 0.726019 0.357672 0.116667 0.0854518 0.00112667
0 0.208016 0.467158 0.216371 0.170468 0.001125
0 0.607665 0.57517 0.15792 0.0652828 0.00111867
0 0.989889 0.979031 0.0202227 0.041938 0.0011143
0 0.661764 0.599018 0.28988 0.14812 0.00107002
0 0.168472 0.523135 0.142539 0.0483101 0.00105598
0 0.801012 0.952495 0.1649 0.095009 0.00103725
0 0.873845 0.864703 0.228923 0.210773 0.00101956
0 0.051748 0.308932 0.103496 0.290067 0.001017
0 0.0739141 0.969776 0.147828 0.0604486 0.00101136
0 0.599863 0.543441 0.176312 0.132883 0.939314
0 0.304937 0.603124 0.187066 0.137386 0.90481
0 0.997921 0.0983394 0.00415853 0.196679 0.066651
0 0.0604963 0.0871394 0.120993 0.174279 0.00866857
0 0.997133 0.948725 0.00573376 0.102549 0.00492344
0 0 0.964623 0 0.0707543 0.00482749
0 0 0.0508656 0 0.101731 0.00438601
0 0.999632 0.0366384 0.000735047 0.0732768 0.00427582
0 0 0.936596 0 0.126809 0.00406885
0 0.896117 0.999144 0.207766 0.00171232 0.00403267
0 1 0.0844058 0 0.168812 0.0034929
0 1 0.114701 0 0.229402 0.00343527
0 1 0.961957 0 0.0760866 0.00328086
0 1 0.958361 0 0.0832788 0.0028869
0 0 0.965096 0 0.0698087 0.00287352
0 0 0.556937 0 0.12815 0.00284508
0 0 0.53195 0 0.128126 0.0028406
0 0 0.581939 0 0.128154 0.00283543
0 0 0.606912 0 0.128099 0.00281267
0 0 0.506933 0 0.128079 0.00280068
0 0 0.431826 0 0.127538 0.00279385
0 0 0.481889 0 0.127888 0.00278883
0 0 0.456869 0 0.127835 0.00278134
0 0 0.631939 0 0.128166 0.00277591
0 1 0.0326933 0 0.0653866 0.00277521
0 0 0.656923 0 0.128141 0.00273985
0 0 0.682018 0 0.128395 0.00269325
0 0 0.0132441 0 0.0264881 0.00269303
0 0 0.923582 0 0.152835 0.00268925
0 0 0.406856 0 0.127894 0.0026619
0 0 0.706987 0 0.128371 0.00261864
0 0 0.732584 0 0.130011 0.00253153
0 0 0.0385508 0 0.0771015 0.00245079
0 0 0.381784 0 0.126968 0.0024407
0 1 0.0174849 0 0.0349698 0.00239052
0 0.997156 0.969688 0.00568769 0.0606232 0.0023057
0 0 0.971173 0 0.0576547 0.00225781
0 0.927541 0.999098 0.144918 0.00180378 0.00220548
0 0 0.960481 0 0.0790379 0.00214194
0 0.86833 0.99959 0.256178 0.000820923 0.00211797
0 0 0.757673 0 0.131041 0.00207517
0 0.799828 0.999633 0.251683 0.000734043 0.00205329
0 0.104703 0.999526 0.209407 0.000947952 0.00204083
0 0.231411 0.999578 0.264083 0.000843334 0.00197973
0 0.664192 0.553843 0.0987903 0.108247 0.00190362
0 0.647699 0.589289 0.334447 0.148818 0.00184351
0 0.0927151 1 0.18543 0 0.00183703
0 0 0.357107 0 0.128215 0.00175583
0 0 0.464002 0 0.213915 0.00161751
0 0 0.415607 0 0.211116 0.00161044
0 0 0.740939 0 0.222546 0.0015714
0 0 0.0717704 0 0.143541 0.00156993
0 0 0.783416 0 0.133689 0.00152789
0 1 0.208184 0 0.21004 0.00151296
0 0 0.513709 0 0.21446 0.00150596
0 0 0.56383 0 0.214366 0.00149194
0 0 0.689388 0 0.214413 0.00148991
0 1 0.262177 0 0.209944 0.00147342
0 0 0.790872 0 0.223664 0.00146727
0 0 0.613805 0 0.21459 0.00146588
0 0.607641 1 0.263746 0 0.00144497
0 0 0.808722 0 0.134425 0.00143111
0 0.334441 0.999585 0.264917 0.000830746 0.00140775
0 0 0.840133 0 0.223913 0.00139716
0 0 0.976409 0 0.0471823 0.00139516
0 0.282752 0.999573 0.264767 0.000853539 0.0013949
0 0 0.764085 0 0.2132 0.0013803
0 0 0.834693 0 0.13752 0.00134916
0 0 0.331679 0 0.127136 0.00133473
0 0.179406 0.999564 0.264536 0.000872421 0.00132374
0 0 0.665563 0 0.223349 0.00128766
0 0.200301 0.000661759 0.154388 0.00132352 0.0012651
0 1 0.0873077 0 0.174615 0.0012558
0 0.0757608 0.215854 0.151522 0.218486 0.00123153
0 1 0.980177 0 0.0396464 0.00121533
0 0.9179 1 0.1642 0 0.00121418
0 0 0.282601 0 0.130295 0.00121399
0 0 0.0284109 0 0.0568219 0.00118944
0 0 0.307385 0 0.129747 0.00118603
0 0 0.860027 0 0.139121 0.00117081
0 0 0.590483 0 0.22328 0.00117023
0 0.676445 0.99995 0.257468 0.000100708 0.00116808
0 0 0.952482 0 0.0950356 0.0011626
0 0.0651533 0.172821 0.130307 0.209421 0.00113064
0 0 0.54026 0 0.223572 0.0011201
0 0.303165 0.578154 0.171514 0.0840883 0.00111577
0 0 0.258247 0 0.132347 0.00110102
0 0 0.490601 0 0.222874 0.00109289
0 1 0.314992 0 0.209146 0.00108929
0 0.330281 0.604193 0.133646 0.13192 0.00108371
0 0 0.963104 0 0.0737925 0.00107964
0 0.991332 0.979785 0.0173366 0.0404308 0.00107434
0 0.184098 0.420752 0.368196 0.246019 0.00106335
0 0 0.441567 0 0.220966 0.001049
0 0.0775774 0.265335 0.155155 0.224892 0.00104197
0 0.455141 0.999625 0.266294 0.000749588 0.00103582
0 0 0.888607 0 0.222786 0.00103259
0 0 0.233283 0 0.132397 0.00102682
0 0.212784 1 0.253898 0 0.00102277
0 0 0.977058 0 0.0458842 0.00101045
0 0.600204 0.541973 0.175194 0.131516 0.949121
0 0.308077 0.603758 0.191566 0.138366 0.904688
0 0.707274 0.634605 0.39595 0.247261 0.00101606
0 0.600071 0.541787 0.177641 0.132319 0.974412
0 0.307797 0.605779 0.189688 0.138497 0.918852
0 0.665055 0.876222 0.301991 0.234687 0.00650351
0 0.662703 0.555543 0.0977316 0.110612 0.00209718
0 0.000718131 0.897398 0.00143626 0.205204 0.00176908
0 0.646185 0.610537 0.344516 0.195344 0.00176878
0 0.55378 0.544866 0.0810317 0.116198 0.00150951
0 0.308929 0.627287 0.160558 0.0930517 0.00144718
0 0.769073 0.929376 0.0767174 0.109631 0.0012176
0 0.129931 0.859416 0.259861 0.242908 0.00120221
0 0.174129 0.948929 0.121306 0.0709686 0.00113947
0 1 0.938298 0 0.123404 0.00113276
0 0.597668 0.541412 0.176799 0.133329 0.967948
0 0.308893 0.603643 0.18706 0.134825 0.928056
0 0.0477308 0.0715643 0.0954617 0.108885 0.0246377
0 0.0555525 0.0535079 0.110291 0.0994757 0.00579162
0 0.0297213 0.0943011 0.0594427 0.086862 0.00407987
0 0.753935 0.941169 0.0743375 0.0521206 0.00406904
0 0.756864 0.931962 0.0722404 0.0622429 0.00262609
0 0.038607 0.0907742 0.0764634 0.0982247 0.00234076
0 0.0233716 0.100447 0.0456548 0.0784085 0.00201272
0 0.607687 0.590828 0.15865 0.0309881 0.00185695
0 0.774984 0.928625 0.0452106 0.0566933 0.00158688
0 0.661957 0.588255 0.211444 0.143058 0.00150933
0 0.380792 0.626401 0.133303 0.110054 0.00130635
0 0.615779 0.57874 0.136907 0.0564953 0.00116682
0 0.0622071 0.0389889 0.118242 0.0779777 0.00105766
0 0.340105 0 0.161014 0 0.00105185
0 0.597478 0.541088 0.18045 0.134684 0.925179
0 0.305287 0.603679 0.187934 0.136698 0.915689
0 0.171652 0.929665 0.122391 0.0364334 0.0299682
0 0.754229 0.93401 0.0754534 0.0684027 0.0244058
0 0.0476955 0.0800401 0.0951236 0.0887226 0.00843067
0 0.0378649 0.0886619 0.0757299 0.0800544 0.00693841
0 0.170161 0.935857 0.116392 0.0268154 0.00565448
0 0.153716 0.937415 0.0983477 0.0267296 0.00311886
0 0.781611 0.926537 0.033117 0.0549324 0.00277396
0 0.0264247 0.0963651 0.0514762 0.0772398 0.00258159
0 0.17509 0.911091 0.122083 0.0737774 0.00238985
0 0.137106 0.937208 0.0584882 0.026396 0.00223537
0 0.665616 0.551446 0.0939924 0.107748 0.00200614
0 0.768777 0.929229 0.0668952 0.0684097 0.00172353
0 0.788751 0.920371 0.0317779 0.0450115 0.00148837
0 0.189505 0.933406 0.0957647 0.0235138 0.00139354
0 0.0248294 0.106114 0.0443325 0.0672226 0.00105785
0 0.598581 0.581332 0.150834 0.0513372 0.00103471
0 0.597222 0.542403 0.178108 0.134125 0.96985
0 0.30664 0.604718 0.185619 0.135995 0.966312
0 1 0.0404113 0 0.0808225 0.00394083
0 0 0.0484231 0 0.0968462 0.00144799
0 1 0.0460011 0 0.0920022 0.00141551
0 0.00501661 0.0594415 0.0100332 0.118883 0.00119583
0 0.596834 0.542036 0.179841 0.133352 0.940933
0 0.305742 0.605049 0.185101 0.135534 0.896697
0 0.755753 0.935413 0.0869395 0.0716698 0.00437506
0 0.154536 0.933899 0.0934908 0.0444023 0.00319382
0 0.17418 0.930696 0.121945 0.0467829 0.00233827
0 0.676728 0.548719 0.113592 0.116641 0.00227052
0 0.160552 0.939453 0.0886966 0.0366062 0.00199625
0 0.173701 0.912344 0.123655 0.0748779 0.00165498
0 0.597201 0.542641 0.18153 0.132312 0.941874
0 0.307482 0.603791 0.192656 0.139498 0.930701
0 0.16664 0.140821 0.326883 0.232728 0.00198813
0 0.597255 0.434742 0.249794 0.118682 0.00140707
0 0.999144 0.0749637 0.001712 0.149927 0.00112101
0 0.59802 0.542249 0.180298 0.136066 0.954189
0 0.307447 0.60871 0.192641 0.142817 0.91177
0 0.0497157 0.0712342 0.0994315 0.109962 0.0178896
0 0.0376145 0.0830539 0.075229 0.112428 0.0043929
0 0.05149 0.0524792 0.10298 0.103377 0.00190192
0 0.598404 0.542625 0.180493 0.131718 0.925651
0 0.306163 0.604501 0.189597 0.136603 0.923494
0 0.749723 0.937845 0.0767106 0.0755005 0.0113731
0 0.674799 0.539214 0.0250024 0.114717 0.0100133
0 0.668882 0.540723 0.0306528 0.118923 0.00624116
0 0.171561 0.908818 0.117984 0.0880611 0.00337855
0 0.1742 0.89193 0.117154 0.119513 0.00308709
0 0.38569 0.612459 0.0274457 0.143788 0.00285871
0 0.762123 0.939103 0.0682536 0.0807724 0.00159967
0 0.545221 0.918869 0.0453248 0.0634382 0.00124408
0 0.167219 0.955349 0.11465 0.0707054 0.00119907
0 0.598319 0.542186 0.177861 0.128803 0.952889
0 0.307081 0.604554 0.189573 0.135023 0.941195
0 0.675837 0.560259 0.130081 0.0954891 0.00106866
0 0.598861 0.542689 0.179052 0.131305 0.966757
0 0.305749 0.603926 0.190411 0.137173 0.950641
0 0.661026 0.559135 0.149725 0.0945011 0.00253088
0 0.645295 0.444446 0.134101 0.0978562 0.00105248
0 0.596785 0.542179 0.1828 0.131672 0.950906
0 0.306233 0.602876 0.190714 0.136898 0.938442
0 0.642936 0.442615 0.129604 0.0981882 0.00419686
0 0.218115 0.459167 0.236937 0.179315 0.00215617
0 0.683624 0.439946 0.194675 0.0980608 0.00101171
0 0.598187 0.541153 0.180434 0.130679 0.940192
0 0.304901 0.604455 0.189528 0.135563 0.909405
0 0.754312 0.940127 0.0798193 0.0688137 0.0712171
0 0.598492 0.54314 0.178878 0.130919 0.935388
0 0.306998 0.60527 0.186887 0.137112 0.922013
0 0.916087 1 0.167827 0 0.00433225
0 0.841975 1 0.225332 0 0.00374342
0 0.890127 1 0.219746 0 0.00368791
0 0.395425 1 0.220433 0 0.00346964
0 0.257273 1 0.221442 0 0.0034218
0 0.761022 0.437978 0.125385 0.0855156 0.00335674
0 0.309248 1 0.220742 0 0.00331296
0 0.446644 1 0.220853 0 0.00330975
0 0.793037 1 0.213593 0 0.00315384
0 0.59566 0.593724 0.159503 0.0273207 0.00283701
0 0.670886 1 0.219787 0 0.0028074
0 0.207903 1 0.217527 0 0.0027801
0 0.498349 1 0.220477 0 0.0025865
0 0.568362 1 0.215419 0 0.00248737
0 0.619718 1 0.217772 0 0.00241347
0 0.0889196 1 0.177839 0 0.00236185
0 0.942367 1 0.115265 0 0.0022494
0 0.721898 1 0.219886 0 0.00207262
0 0.157143 1 0.207594 0 0.00190176
0 0.750923 0.939783 0.0895999 0.074469 0.00188267
0 0.156728 0.939723 0.102442 0.0367348 0.0017637
0 0.119789 1 0.218116 0 0.00175734
0 0.1454 0.940551 0.102542 0.0430098 0.00133003
0 0.15075 0.952 0.09097 0.060446 0.00102399
0 0.599387 0.54227 0.178429 0.13296 0.937702
0 0.307844 0.605162 0.190482 0.138892 0.932164
0 0.3058 0.420579 0.118336 0.0895342 0.00312459
0 0.597621 0.593134 0.155982 0.025408 0.00132581
0 0.674869 0.532565 0.0266571 0.106423 0.00106149
0 0.598484 0.541498 0.176626 0.131897 0.931669
0 0.307955 0.603734 0.193835 0.138638 0.920564
0 0.307699 0.423081 0.106983 0.0830328 0.0132787
0 0.222792 0.459842 0.236535 0.178774 0.00309587
0 0.285453 0.424457 0.143819 0.0861384 0.00227531
0 0.599025 0.592069 0.151453 0.027516 0.0012138
0 0.557139 0.445223 0.163028 0.0968524 0.00110676
0 0.597253 0.543273 0.178112 0.131499 0.959918
0 0.307006 0.604056 0.189049 0.137156 0.929172
0 0.598376 0.542213 0.174824 0.129167 0.930029
0 0.309083 0.603933 0.185376 0.13732 0.87936
0 0.597417 0.541513 0.176912 0.129049 0.918158
0 0.305661 0.605607 0.185639 0.135192 0.905752
0 0.200678 0.13707 0.390211 0.27414 0.0304243
0 0.597963 0.540587 0.177989 0.133746 0.902372
0 0.306291 0.604446 0.185188 0.136847 0.894027
0 0.172046 0.908927 0.11204 0.0860477 0.0250766
0 0.597576 0.845085 0.128671 0.0961657 0.00589283
0 0.594677 0.706538 0.121797 0.0823898 0.0042796
0 0.580017 0.910361 0.146038 0.0959957 0.00142257
0 0.580748 0.765953 0.13166 0.091184 0.00106339
0 0.597684 0.541842 0.177845 0.132338 0.954632
0 0.309372 0.603452 0.1883 0.137935 0.944881
0 0.619986 0.445777 0.153886 0.101274 0.00128377
0 0.598429 0.540795 0.180635 0.132829 0.949633
0 0.305627 0.603971 0.186913 0.138768 0.94321
0 0.17166 0.905405 0.117674 0.089682 0.0256515
0 0.596885 0.710464 0.117744 0.0991484 0.00484667
0 0.163497 0.521205 0.111798 0.0557927 0.00479726
0 0.167638 0.889648 0.119409 0.122521 0.00185432
0 0.164956 0.63906 0.102822 0.0823971 0.00165737
0 0.599986 0.847437 0.127943 0.10287 0.0011416
0 0.165764 0.954799 0.11846 0.0424673 0.00108284
0 0.165956 0.501157 0.125331 0.0957827 0.00101018
0 0.598646 0.541268 0.176394 0.133581 0.952513
0 0.305781 0.604382 0.189011 0.138422 0.945472
0 0.166631 0.894658 0.150921 0.109747 0.00509236
0 0.602687 0.595831 0.167317 0.0254883 0.00433697
0 0.756649 0.912965 0.0985848 0.116889 0.00233404
0 0.056328 0.0503518 0.112656 0.100704 0.00124089
0 0.162916 0.527856 0.127353 0.0421244 0.00118939
0 0.597649 0.542386 0.180961 0.1317 0.937163
0 0.304859 0.603635 0.188409 0.137335 0.923298
0 0.60939 0.595651 0.159882 0.0249892 0.0021106
0 0.159704 0.891031 0.117331 0.125045 0.00121185
0 0.597012 0.541068 0.17834 0.129446 0.938163
0 0.30758 0.604369 0.188238 0.139377 0.935006
0 0.3068 0.603633 0.188306 0.138453 0.921704
0 0.599307 0.542647 0.173534 0.131184 0.913218
0 0.598518 0.540776 0.17737 0.131982 0.95339
0 0.306829 0.605163 0.188641 0.139509 0.948629
0 1 0.0414941 0 0.0829882 0.00776735
0 0.595357 0.833233 0.129573 0.0897657 0.00206503
0 0.173265 0.910671 0.130413 0.0876789 0.00170805
0 0.306025 0.604498 0.186451 0.134808 0.948303
0 0.599156 0.540255 0.177483 0.128983 0.938235
0 0.195259 0.182073 0.390518 0.292737 0.00545573
0 0.407608 0.867341 0.400835 0.265136 0.00128938
0 0.597824 0.54198 0.179099 0.130265 0.922073
0 0.30728 0.604403 0.185955 0.138466 0.918598
0 1 0.925196 0 0.149608 0.0014492
0 0.305626 0.6035 0.187377 0.136113 0.942281
0 0.597587 0.541896 0.180459 0.130075 0.922978
0 0.306851 0.6057 0.188309 0.139309 0.933039
0 0.598359 0.542114 0.17712 0.13103 0.928309
0 0.113653 0.891095 0.227307 0.134256 0.00102686
0 0.597942 0.542156 0.179217 0.131573 0.937829
0 0.305289 0.604784 0.188724 0.137798 0.931684
0 0.598131 0.54079 0.178425 0.130018 0.933717
0 0.305145 0.60489 0.190227 0.135782 0.923632
0 0.162558 0.904693 0.121501 0.0926323 0.00882328
0 0.144162 0.895221 0.151141 0.115179 0.00317994
0 0.755859 0.939215 0.0810815 0.0700127 0.00159174
0 0.598163 0.541522 0.179043 0.131075 0.942188
0 0.306821 0.603638 0.191878 0.137418 0.928859
0 0.598887 0.541466 0.179062 0.132862 0.94606
0 0.306924 0.603972 0.188536 0.138172 0.939438
0 0.607436 0.595288 0.157033 0.0232054 0.00890908
0 0.307702 0.60477 0.190343 0.139229 0.930109
0 0.598272 0.541414 0.183948 0.131363 0.930061
0 0.604341 0.594679 0.164976 0.0260611 0.00306226
0 0.305235 0.60407 0.185686 0.135647 0.931739
0 0.597562 0.541983 0.181255 0.129494 0.9255
0 0.305472 0.604703 0.190803 0.139167 0.932252
0 0.598818 0.542719 0.180078 0.131148 0.925411
0 0.307156 0.605263 0.187058 0.137582 0.928864
0 0.598925 0.542594 0.177804 0.131376 0.918621
0 0.605844 0.593798 0.160354 0.0269262 0.00142452
0 0.597863 0.541828 0.17953 0.133458 0.939501
0 0.307698 0.605108 0.189734 0.136658 0.934046
0 0.169797 0.897991 0.11081 0.112493 0.00192713
0 0.306783 0.604523 0.187947 0.135493 0.94755
0 0.599243 0.542399 0.179613 0.12981 0.94278
0 0.166239 0.895307 0.115242 0.117167 0.00646103
0 0.595437 0.834507 0.131999 0.0947296 0.00263705
0 0.306663 0.604188 0.18938 0.13588 0.950885
0 0.599384 0.541919 0.180009 0.128465 0.936678
0 0.163669 0.905788 0.123375 0.0899549 0.00101737
0 0.305163 0.605576 0.190219 0.13733 0.952199
0 0.599317 0.542083 0.17908 0.130603 0.950658
0 0.598182 0.543076 0.180288 0.130171 0.939205
0 0.306764 0.605148 0.189391 0.137993 0.937714
0 0.599072 0.54195 0.180048 0.129544 0.942959
0 0.306036 0.604578 0.188757 0.138692 0.937003
0 0.597798 0.542761 0.18089 0.132726 0.94324
0 0.306491 0.604092 0.188749 0.139703 0.942922
0 0.588485 0.437789 0.230213 0.111727 0.00296445
0 0.836114 0.134242 0.14953 0.133521 0.00291215
0 0.62526 0.439789 0.235001 0.106448 0.00120825
0 0.246773 0.468659 0.270066 0.164182 0.00103871
0 0.597916 0.541297 0.179921 0.135385 0.946329
0 0.306863 0.604017 0.191621 0.137714 0.931097
0 0.604335 0.767483 0.177731 0.0933581 0.00906624
0 0.168796 0.615858 0.122258 0.117271 0.00890182
0 0.162105 0.902191 0.114915 0.111282 0.00627538
0 0.5912 0.844664 0.130582 0.0890156 0.00484327
0 0.161452 0.607369 0.104471 0.0930359 0.00343376
0 0.15568 0.831095 0.115348 0.0841553 0.00228963
0 0.594718 0.888646 0.160632 0.176623 0.00139721
0 0.177092 0.276105 0.161051 0.0942724 0.00139331
0 0.586927 0.828497 0.139851 0.100047 0.0010754
0 0.305465 0.605049 0.189186 0.137196 0.93353
0 0.598381 0.541525 0.177331 0.131221 0.926928
0 0.598356 0.543449 0.179519 0.132159 0.937943
0 0.307774 0.604897 0.192592 0.138734 0.934115
0 0.306382 0.604692 0.190215 0.139996 0.958036
0 0.597198 0.541686 0.181825 0.131939 0.950412
0 0.305794 0.604145 0.186687 0.136475 0.925439
0 0.597318 0.542315 0.179828 0.13266 0.924571
0 0.59212 0.871904 0.138879 0.170237 0.08074
0 0.590582 0.842182 0.134384 0.111663 0.0362836
0 0.609819 0.884823 0.178996 0.196174 0.0139522
0 0.164447 0.903685 0.113019 0.0987467 0.00790177
0 0.155466 0.609088 0.124312 0.113132 0.00591137
0 0.160721 0.88648 0.115736 0.14656 0.00453494
0 0.58254 0.971398 0.158089 0.0419903 0.00149515
0 0.658066 0.883781 0.281181 0.201829 0.00123347
0 0.30564 0.604809 0.188586 0.137175 0.945488
0 0.597774 0.541957 0.178858 0.132238 0.935838
0 0.167079 0.905441 0.112424 0.0929501 0.241463
0 0.157026 0.894067 0.126174 0.122721 0.0264116
0 0.594742 0.840109 0.133688 0.103971 0.0241263
0 0.593485 0.697946 0.117797 0.0872074 0.0112357
0 0.19463 0.266593 0.119814 0.0902118 0.00850444
0 0.154863 0.59341 0.12481 0.113156 0.00151903
0 0.306797 0.604436 0.187195 0.137241 0.937636
0 0.597827 0.542536 0.178993 0.131931 0.935394
0 0.161739 0.897834 0.114365 0.117568 0.0224521
0 0.58713 0.876541 0.14751 0.152771 0.00269686
0 0.159473 0.603979 0.114842 0.101422 0.00207483
0 0.587272 0.84898 0.133057 0.106736 0.00192475
0 0.307819 0.604616 0.188248 0.136784 0.939173
0 0.597256 0.542058 0.181163 0.130359 0.934539
0 0.306734 0.604229 0.190981 0.138819 0.944849
0 0.599097 0.542785 0.178684 0.131249 0.937146
0 0.598501 0.542165 0.178695 0.131999 0.954279
0 0.307549 0.605844 0.191224 0.137751 0.953709
0 0.597523 0.542918 0.179585 0.133016 0.954673
0 0.306358 0.606111 0.191048 0.136059 0.935312
0 0.597663 0.542346 0.17742 0.129931 0.941694
0 0.305456 0.605362 0.188705 0.136907 0.937606
0 0.161759 0.907801 0.125151 0.097541 0.00158587
0 0.59794 0.541952 0.178595 0.130639 0.954719
0 0.3075 0.603814 0.189428 0.138371 0.935954
0 0.598126 0.542026 0.179184 0.132435 0.954494
0 0.306915 0.604055 0.1898 0.139802 0.928019
0 0.114695 0.283157 0.037587 0.0859172 0.00765542
0 0.597989 0.542006 0.178879 0.133105 0.964929
0 0.307366 0.604514 0.190983 0.138217 0.944465
0 0.114139 0.286069 0.0379034 0.0973815 0.00103203
0 0.597842 0.54253 0.178425 0.131821 0.952186
0 0.30426 0.605714 0.190372 0.136417 0.946956
0 0.597731 0.542316 0.177762 0.131555 0.954931
0 0.30541 0.605152 0.189375 0.135549 0.950336
0 0.597483 0.541272 0.179931 0.131456 0.953593
0 0.304096 0.604687 0.192428 0.136938 0.952095
0 0.597218 0.541627 0.179003 0.133405 0.942498
0 0.306214 0.604138 0.187842 0.138359 0.940327
0 0.597525 0.542356 0.179534 0.132828 0.94686
0 0.3067 0.603634 0.189716 0.139128 0.94324
0 0.596841 0.542491 0.181207 0.132206 0.953008
0 0.305535 0.604292 0.190894 0.138186 0.951207
0 0.646429 0.339384 0.12151 0.0664824 0.00189906
0 0.634035 0.331994 0.109987 0.074647 0.00130492
0 0.167847 0.978492 0.136557 0.0402756 0.00117959
0 0.598072 0.542827 0.179685 0.132637 0.949598
0 0.306336 0.605044 0.188538 0.139007 0.948696
0 0.169905 0.507981 0.129705 0.10036 0.00283076
0 0.161921 0.906753 0.120377 0.0944775 0.00158376
0 0.596961 0.542335 0.181808 0.131898 0.953442
0 0.305806 0.604158 0.19017 0.138008 0.942261
0 0.596778 0.541864 0.178487 0.131316 0.961637
0 0.306375 0.603938 0.188827 0.137865 0.957773
0 0.160523 0.887018 0.119077 0.137476 0.00268078
0 0.306252 0.603961 0.188383 0.138475 0.961988
0 0.597374 0.542553 0.179857 0.131456 0.961372
0 0.160407 0.881374 0.129918 0.149705 0.00347473
0 0.586071 0.834875 0.141748 0.0902512 0.00227257
0 0.306184 0.60463 0.188755 0.137743 0.962486
0 0.596846 0.542963 0.180432 0.130371 0.958707
0 0.306091 0.604987 0.189543 0.138022 0.963775
0 0.597238 0.542415 0.18006 0.132008 0.954658
0 0.596882 0.541894 0.180051 0.132321 0.94248
0 0.306493 0.604388 0.191153 0.138113 0.939576
0 0.675044 0.568905 0.0939185 0.0904466 0.00123496
0 0.597022 0.541478 0.179427 0.131558 0.942445
0 0.306273 0.605051 0.19246 0.137934 0.938155
0 0.662176 0.561473 0.0978101 0.0979323 0.00135228
0 0.597964 0.541683 0.177914 0.132712 0.957226
0 0.306412 0.60498 0.190154 0.138907 0.950647
0 0.665461 0.564336 0.101902 0.10065 0.00140238
0 0.534945 0.0162552 0.113304 0.0288239 0.00100131
0 0.597619 0.541592 0.179409 0.133046 0.95775
0 0.306299 0.604037 0.190971 0.137189 0.949214
0 0.637316 0.883048 0.25927 0.200484 0.00292346
0 0.168919 0.872165 0.144287 0.167571 0.00219526
0 0.600134 0.884769 0.175775 0.185674 0.00144784
0 0.664956 0.564895 0.105954 0.0987555 0.00129511
0 0.5975 0.542053 0.179743 0.133437 0.94792
0 0.305585 0.604412 0.188253 0.137884 0.945576
0 0.662743 0.563755 0.103164 0.0973152 0.00147867
0 0.306109 0.604746 0.189162 0.137252 0.946221
0 0.597574 0.542157 0.179943 0.132231 0.944478
0 0.655346 0.559525 0.105716 0.101096 0.00144992
0 0.597164 0.54221 0.180241 0.132226 0.944167
0 0.306082 0.605083 0.189265 0.1376 0.942415
0 0.114025 0.282373 0.0370583 0.0802127 0.00173775
0 0.667285 0.565567 0.0923146 0.0946331 0.00121689
0 0.597378 0.542256 0.177708 0.131254 0.944976
0 0.305977 0.605052 0.188613 0.136992 0.941518
0 0.114221 0.282186 0.036711 0.0804176 0.00165585
0 0.674377 0.5694 0.0957556 0.0896599 0.00102009
0 0.306038 0.604846 0.189836 0.137957 0.962717
0 0.597644 0.54246 0.17995 0.132636 0.946429
0 0.669823 0.567494 0.0896298 0.0944904 0.00123112
0 0.115062 0.282488 0.0389981 0.079411 0.00111983
0 0.305944 0.604668 0.189557 0.138429 0.963913
0 0.597909 0.542383 0.179314 0.132364 0.947754
0 0.667686 0.566039 0.0906867 0.0956119 0.00138849
0 0.597932 0.541951 0.178616 0.130644 0.954708
0 0.307497 0.60381 0.189442 0.138382 0.936011
