0 0.474169 0.866325 0.192236 0.13807 0.0281038
0 0.480456 0.895526 0.189485 0.208949 0.0154803
0 0.517411 0.890876 0.295549 0.218247 0.0140705
0 1 0.0654394 0 0.130879 0.0140165
0 0 0.898776 0 0.202447 0.0139514
0 0 0.109685 0 0.219371 0.0138954
0 0.999813 0.109739 0.00037336 0.219478 0.0137144
0 1 0.912358 0 0.175285 0.0137053
0 0.00706167 0.191323 0.0141233 0.382646 0.0136569
0 0.035751 0.353657 0.071502 0.707315 0.0134927
0 0.0108144 0.793429 0.0216288 0.413141 0.013478
0 0.997926 0.164934 0.00414748 0.329867 0.0134378
0 1 0.818246 0 0.363509 0.013373
0 0.0765311 0.414402 0.153062 0.828805 0.0133423
0 0.456222 0.804358 0.236295 0.258034 0.0132923
0 0.0618343 0.559029 0.123669 0.881941 0.0132723
0 1 0.0221659 0 0.0443318 0.01325
0 0.53938 0.650191 0.771503 0.568272 0.0131403
0 0.229966 0.1044 0.231858 0.201078 0.0131047
0 0.43051 0.121508 0.655384 0.233847 0.0130485
0 0.601166 0.870606 0.442612 0.154511 0.0130453
0 0 0.0580207 0 0.116041 0.0130368
0 0.0250472 0.715418 0.0500944 0.569164 0.0130176
0 0.398695 0.858442 0.34428 0.151013 0.0130081
0 0.997087 0.247296 0.00582575 0.494593 0.0129643
0 0.597561 0.891009 0.447845 0.217982 0.0129395
0 0.0778717 0.671959 0.155743 0.656081 0.0129116
0 0.986966 0.57109 0.0260672 0.85782 0.012894
0 0.435825 0.91191 0.468981 0.176179 0.0128498
0 0.996148 0.360104 0.00770393 0.720207 0.0128256
0 0.995288 0.412535 0.00942457 0.825071 0.012816
0 0.360256 0.894382 0.43444 0.211237 0.0128053
0 0.993571 0.649002 0.012859 0.701996 0.0127836
0 0.505998 0.113243 0.891084 0.217425 0.0127756
0 0.968767 0.488139 0.0624658 0.976277 0.0127754
0 0.0995285 0.893336 0.199057 0.213329 0.012757
0 0.0953001 0.911854 0.1906 0.175087 0.0127092
0 0.501709 0.605792 0.831777 0.427505 0.0127076
0 0.995888 0.706691 0.0082232 0.586617 0.0126868
0 0.135507 0.417819 0.271013 0.835638 0.0126757
0 0.141788 0.261114 0.283577 0.522227 0.0126645
0 0.162077 0.116374 0.324154 0.232749 0.0126503
0 0.233959 0.12629 0.272516 0.242267 0.0126252
0 0.113447 0.825867 0.226895 0.348266 0.012617
0 0.10636 0.751069 0.212721 0.497861 0.0125977
0 0.0178197 0.478215 0.0356393 0.95643 0.0125833
0 0.248139 0.600698 0.496278 0.798604 0.0125791
0 0.488101 0.896411 0.493455 0.207179 0.0125586
0 0.823955 0.302247 0.233376 0.0837153 0.0125569
0 0.13468 0.63374 0.269359 0.73252 0.012548
0 0.442449 0.505056 0.884898 0.809211 0.01253
0 0.901244 0.422383 0.197511 0.844766 0.0125211
0 0.126389 0.0969197 0.252778 0.193839 0.0125203
0 0.44848 0.515233 0.814439 0.614285 0.0125191
0 0.840118 0.893787 0.319764 0.212427 0.012507
0 0.958005 0.560493 0.0839898 0.879014 0.0124879
0 0.179977 0.123944 0.359954 0.237862 0.0124816
0 0.333914 0.538164 0.667828 0.921075 0.0124728
0 0.51105 0.47649 0.918706 0.27386 0.012471
0 0.111626 0.822485 0.223251 0.345011 0.0124638
0 0.50753 0.532794 0.814229 0.336205 0.0124568
0 0.791379 0.331561 0.300375 0.133624 0.0124523
0 0.443903 0.613851 0.887805 0.665093 0.0124439
0 0.179047 0.684993 0.358095 0.604527 0.0124429
0 0.261302 0.0674338 0.307124 0.134868 0.0124351
0 0.947784 0.381614 0.104432 0.763228 0.0124322
0 0.935499 0.107679 0.129002 0.215359 0.0124159
0 0.188473 0.932423 0.376946 0.135155 0.0124153
0 0.603431 0.059075 0.793139 0.11815 0.0124111
0 0.639655 0.894224 0.576249 0.211553 0.012408
0 0.272718 0.897968 0.545436 0.204064 0.0124064
0 0.425502 0.0861396 0.670104 0.172279 0.0124016
0 0.517582 0.096516 0.964837 0.193032 0.0123993
0 0.217339 0.0509979 0.319606 0.101996 0.0123685
0 0.143909 0.910648 0.287817 0.178704 0.012351
0 0.606231 0.982618 0.53063 0.0347633 0.0123426
0 0.160038 0.228973 0.320075 0.452728 0.0123412
0 0.40316 0.6996 0.806319 0.564361 0.0123382
0 0.897294 0.844865 0.205412 0.31027 0.0123369
0 0.702761 0.985963 0.46027 0.0280749 0.0123355
0 0.642845 0.421429 0.621598 0.32674 0.0123315
0 0.297254 0.930589 0.594507 0.138821 0.0123251
0 0.832126 0.450183 0.305726 0.396896 0.0123125
0 0.43057 0.215423 0.787091 0.428022 0.0123035
0 0.961015 0.0273978 0.0779704 0.0547955 0.0123012
0 0.559209 0.557737 0.876288 0.771737 0.0123008
0 0.810545 0.549896 0.378909 0.651453 0.0123006
0 0.807401 0.918098 0.385199 0.163804 0.0122993
0 0.552215 0.94976 0.639111 0.100481 0.0122897
0 0.184068 0.377693 0.368136 0.755386 0.0122718
0 0.226932 0.858562 0.453864 0.272447 0.012268
0 0.786107 0.215876 0.378721 0.256754 0.0122629
0 0.16212 0.0516308 0.32424 0.103262 0.0122516
0 0.308622 0.701959 0.555449 0.455615 0.0122494
0 0.48773 0.159032 0.79588 0.31652 0.0122453
0 0.361372 0.65076 0.722744 0.698479 0.0122405
0 0.367972 0.467106 0.735945 0.894854 0.0122266
0 0.354145 0.335572 0.708289 0.650272 0.0122262
0 0.771125 0.98356 0.45775 0.03288 0.0122186
0 0.847543 0.907038 0.304915 0.185924 0.0122017
0 0.609753 0.326022 0.709317 0.307785 0.0121988
0 0.635029 0.121966 0.729941 0.23325 0.0121948
0 0.556529 0.370893 0.775334 0.445616 0.0121886
0 0.650593 0.814701 0.596807 0.29745 0.0121872
0 0.5 0.543153 1 0.394009 0.0121766
0 0.572394 0.488075 0.788743 0.596647 0.0121681
0 0.489595 0.359932 0.916419 0.719865 0.0121627
0 0.836188 0.192455 0.283861 0.328461 0.0121626
0 0.742417 0.907512 0.49823 0.184976 0.012142
0 0.847731 0.361933 0.304539 0.723865 0.0121181
0 0.532635 0.267913 0.895927 0.535827 0.0121089
0 0.835042 0.695945 0.329916 0.472817 0.0121062
0 0.793623 0.186316 0.412754 0.33287 0.0121053
0 0.713782 0.871987 0.534134 0.256025 0.0121022
0 0.772923 0.619108 0.454154 0.483278 0.0121021
0 0.562607 0.710725 0.874785 0.348869 0.0120957
0 0.859964 0.893738 0.280072 0.212525 0.0120898
0 0.841352 0.790264 0.317297 0.317219 0.0120894
0 0.846877 0.671363 0.306245 0.657275 0.0120879
0 0.800805 0.556861 0.398389 0.417578 0.0120719
0 0.816221 0.857972 0.367558 0.283454 0.0120663
0 0.839751 0.780745 0.320497 0.43851 0.0120661
0 0.524076 0.645956 0.868152 0.708088 0.0120544
0 0.847638 0.189271 0.304723 0.378541 0.0120512
0 0.337786 0.37872 0.675572 0.757439 0.0120384
0 0.5 0.185048 1 0.358564 0.0120383
0 0.5 0.614068 1 0.538877 0.0120111
0 0.641964 0.750748 0.709554 0.348889 0.0120049
0 0.852909 0.539162 0.294183 0.888026 0.0119962
0 0.708047 0.770941 0.583906 0.264826 0.0119712
0 0.759687 0.891226 0.480626 0.217547 0.0119678
0 0.73164 0.811899 0.536719 0.289362 0.0119326
0 0.215509 0.223235 0.19499 0.0372404 0.00337333
0 1 0.0448759 0 0.0897519 0.00326703
0 0 0.938116 0 0.123767 0.00326191
0 0 0.0695923 0 0.139185 0.00323821
0 0.242792 0.0532205 0.209742 0.0942148 0.00323719
0 0.210391 0.054346 0.170491 0.0962899 0.00322501
0 0 0.886551 0 0.226899 0.00322477
0 0 0.0680723 0 0.136145 0.00321737
0 1 0.0618332 0 0.123666 0.00321064
0 0.50401 0.368429 0.297771 0.0177967 0.00321042
0 0.184932 0.733203 0.149314 0.109524 0.00319154
0 0.154764 0.615718 0.0884914 0.261047 0.00318862
0 1 0.932854 0 0.134293 0.00318555
0 0 0.0685548 0 0.13711 0.00318529
0 0.180236 0.61233 0.132775 0.261498 0.00318439
0 0.83389 0.0580831 0.163594 0.102674 0.00318232
0 0 0.96654 0 0.0669199 0.00318191
0 0.339948 0.885448 0.0850247 0.024991 0.00317945
0 1 0.0433638 0 0.0867277 0.00317832
0 0.0618747 0.91759 0.123749 0.155804 0.00317731
0 0.292937 0.0465215 0.167076 0.0808981 0.0031772
0 0.876341 0.702778 0.131393 0.0642102 0.00317626
0 0.0702707 0.868376 0.140541 0.252824 0.00317435
0 0.446116 0.0435917 0.335923 0.0736703 0.00317364
0 0.216763 0.202835 0.196761 0.0852536 0.00317041
0 0.349251 0.898922 0.12389 0.0714836 0.00316886
0 0.215108 0.235645 0.195603 0.0763705 0.00316783
0 0.857178 0.306233 0.183311 0.0753512 0.00316604
0 0 0.0669703 0 0.133941 0.00316293
0 0.565889 0.0430775 0.344743 0.0726988 0.00316257
0 0.326809 0.0451911 0.21487 0.077987 0.00316057
0 0.430779 0.293042 0.148595 0.130133 0.00315981
0 1 0.886972 0 0.226055 0.00315945
0 0.502683 0.375054 0.296556 0.0419769 0.00315831
0 0 0.510743 0 0.247252 0.00315734
0 0 0.338869 0 0.235745 0.00315682
0 0.776143 0.395054 0.202062 0.0740087 0.00315642
0 0 0.851089 0 0.297823 0.00315431
0 0 0.56739 0 0.229499 0.00315387
0 0.772472 0.059846 0.259584 0.106484 0.00315273
0 0.721884 0.103124 0.287258 0.117276 0.00315224
0 0.641517 0.0431266 0.241857 0.0731287 0.00315211
0 0 0.613875 0 0.233839 0.00315187
0 0 0.0530623 0 0.106125 0.00315178
0 0.777502 1 0.444995 0 0.0031515
0 0.707565 0.703756 0.466145 0.0660388 0.00315094
0 0 0.662812 0 0.239679 0.00315082
0 0 0.400012 0 0.207773 0.00315025
0 0 0.0473843 0 0.0947685 0.00314934
0 0.381904 0.0439781 0.320047 0.0750675 0.00314924
0 0.798672 0.999494 0.402655 0.0010128 0.00314892
0 0 0.739951 0 0.233911 0.00314888
0 0.0966563 0.0605921 0.192288 0.107513 0.00314842
0 0 0.46144 0 0.23963 0.00314824
0 0.33616 0.871406 0.111929 0.0546719 0.00314726
0 0.0800178 0.932336 0.160036 0.13272 0.00314689
0 0.0742252 0.0947096 0.140762 0.160296 0.00314667
0 1 0.957386 0 0.0852281 0.00314525
0 0.0610438 0.6215 0.122088 0.291465 0.00314248
0 0.0737341 0.588862 0.147468 0.339868 0.00314231
0 0.296351 1 0.563289 0 0.00313843
0 0.998563 0.837813 0.00287461 0.324374 0.00313583
0 0.837191 0.940422 0.325618 0.119156 0.00313476
0 0.480217 0.854252 0.375517 0.103345 0.00313436
0 0.160914 0.982256 0.321828 0.0354889 0.0031334
0 0 0.281684 0 0.257812 0.00313333
0 0.303128 0.839368 0.220672 0.0979492 0.00313327
0 0.695153 1 0.575264 0 0.00313272
0 0.319217 0.750154 0.483778 0.14917 0.00313208
0 0.7437 0.2303 0.253666 0.242558 0.00313083
0 0.570345 0.599916 0.21585 0.0964599 0.00313058
0 0.153182 0.66585 0.0942552 0.303021 0.00313055
0 0.997837 0.751689 0.00432568 0.35137 0.00313033
0 0.0698016 0.821882 0.139603 0.356236 0.00312985
0 0.0690631 0.478614 0.138126 0.290596 0.00312941
0 0.4973 0.29652 0.296027 0.157692 0.00312929
0 0.82376 0.993437 0.35248 0.0131254 0.00312839
0 0.155454 0.0583954 0.204644 0.103906 0.00312769
0 0.672884 0.207502 0.354609 0.233651 0.00312686
0 0.253181 0.810627 0.311789 0.159879 0.00312675
0 1 0.0324613 0 0.0649225 0.0031266
0 0.748053 0.268188 0.339994 0.167705 0.00312658
0 0.0701953 0.53696 0.140391 0.318415 0.00312648
0 0.808141 0.270527 0.204883 0.15822 0.00312571
0 0.870114 0.0590828 0.2459 0.104893 0.0031257
0 1 0.0635075 0 0.127015 0.00312536
0 0.415927 0.307036 0.147381 0.139677 0.00312519
0 0 0.327627 0 0.255539 0.0031245
0 0.997418 0.656914 0.00516363 0.318397 0.0031244
0 0.893338 0.925933 0.208019 0.14409 0.00312373
0 0.212944 1 0.425887 0 0.00312233
0 0.999083 0.909472 0.00183436 0.181057 0.00312158
0 0.248957 0.734795 0.321191 0.123932 0.00312012
0 0.0947754 0.466472 0.189551 0.423035 0.00312001
0 0.94243 0.105452 0.110932 0.165054 0.00311996
0 0.803005 0.0604116 0.173675 0.107611 0.00311986
0 0.0867788 0.385589 0.173558 0.344044 0.00311922
0 0.107833 0.614321 0.169883 0.389814 0.00311857
0 0.000456597 0.588549 0.000913194 0.271773 0.00311829
0 0.60408 0.0987792 0.511802 0.128811 0.00311822
0 0.266886 0.333962 0.168779 0.150783 0.00311801
0 0.685895 0.0437797 0.202839 0.0746982 0.00311735
0 0.763617 0.0945117 0.219449 0.130648 0.00311678
0 0.784446 0.940027 0.354532 0.119946 0.00311676
0 0.000554968 0.538364 0.00110994 0.272091 0.00311643
0 0.000213855 0.63838 0.000427709 0.270228 0.00311632
0 0 0.228482 0 0.254215 0.00311629
0 0 0.124 0 0.246292 0.00311557
0 0.866329 0.966593 0.267341 0.0668142 0.00311528
0 0 0.384711 0 0.234761 0.00311469
0 1 0.84879 0 0.302421 0.00311464
0 0 0.7807 0 0.249342 0.00311452
0 0.683257 0.39509 0.465665 0.0777731 0.00311428
0 0.173672 1 0.347345 0 0.00311409
0 0.215931 0.158519 0.227517 0.172937 0.00311391
0 0.469902 0.290371 0.193605 0.141536 0.0031137
0 0.000493792 0.48686 0.000987585 0.27269 0.00311363
0 0.878077 0.945413 0.236817 0.109174 0.00311359
0 0.288823 0.307674 0.234218 0.191359 0.00311329
0 1 0.540099 0 0.267387 0.00311306
0 0.757668 0.493702 0.375482 0.0936947 0.00311272
0 0 0.599245 0 0.256202 0.0031122
0 0.486393 0.344452 0.306632 0.0690157 0.00311211
0 0.798578 0.242417 0.190446 0.251731 0.00311208
0 0.560357 1 0.541649 0 0.0031119
0 0.846199 0.509201 0.199644 0.104914 0.0031118
0 0.325304 0.315429 0.273465 0.182843 0.00311174
0 0.885114 0.18341 0.229773 0.36682 0.00311163
0 0 0.0187188 0 0.0374377 0.00311138
0 0 0.176335 0 0.249421 0.00311132
0 0.000293955 0.364227 0.00058791 0.262511 0.00311132
0 0.482796 1 0.47957 0 0.00311128
0 0 0.698742 0 0.253756 0.00311126
0 0.406822 0.914938 0.33443 0.170125 0.00311121
0 1 0.489369 0 0.267617 0.00311118
0 0 0.551109 0 0.254793 0.00311093
0 0 0.648365 0 0.258607 0.00311093
0 1 0.591716 0 0.265783 0.00311087
0 0.899863 0.516598 0.0924435 0.103472 0.00311057
0 0.174219 0.538079 0.1086 0.216966 0.00311052
0 0.000382951 0.437423 0.000765902 0.26813 0.00311049
0 0.490037 0.0410238 0.238076 0.068904 0.00311045
0 0.338369 0.267201 0.346048 0.174317 0.0031104
0 0.300944 0.928278 0.275209 0.138682 0.0031103
0 1 0.747441 0 0.229591 0.00311019
0 1 0.75992 0 0.266482 0.00311006
0 0.432269 0.272418 0.207614 0.166935 0.00310998
0 0.424712 1 0.460808 0 0.00310983
0 0.0819217 0.336816 0.163843 0.273035 0.00310967
0 0.996078 0.579736 0.00784348 0.332803 0.00310964
0 1 0.43972 0 0.264627 0.00310948
0 0.000221137 0.311638 0.000442273 0.270852 0.00310933
0 0.708249 0.589717 0.461045 0.119692 0.00310931
0 0.320439 0.822548 0.266161 0.129274 0.00310919
0 1 0.387864 0 0.271486 0.00310896
0 0.50709 0.137366 0.174639 0.0819546 0.00310895
0 1 0.693092 0 0.226987 0.00310864
0 1 0.122508 0 0.245015 0.00310845
0 1 0.209784 0 0.271112 0.00310844
0 1 0.336671 0 0.272236 0.00310842
0 0.250171 0.311168 0.217226 0.186524 0.00310819
0 1 0.643556 0 0.277326 0.00310813
0 0 0.687695 0 0.266548 0.00310774
0 0.459313 0.311532 0.545037 0.144275 0.00310772
0 1 0.285419 0 0.272936 0.00310759
0 0.726093 0.721865 0.428856 0.127963 0.00310753
0 1 0.70801 0 0.289612 0.00310752
0 0.427053 0.405383 0.410806 0.179179 0.00310729
0 0.330774 0.210969 0.661548 0.421938 0.0214323
0 0.312214 0.399106 0.624429 0.798211 0.0203753
0 0.474773 0.554388 0.949547 0.764296 0.0200968
0 0.491124 0.350434 0.982248 0.700868 0.019708
0 0.446917 0.222897 0.893834 0.445795 0.0192799
0 0.35393 0.466781 0.707859 0.814606 0.0186878
0 0.301667 0.645868 0.603335 0.708264 0.0186073
0 0.503433 0.32519 0.98246 0.650381 0.0179867
0 0.377984 0.702584 0.755968 0.594831 0.0177447
0 0.433702 0.29619 0.867405 0.592379 0.0175033
0 0.335979 0.535521 0.671959 0.800987 0.017417
0 0.499345 0.162062 0.99869 0.324123 0.0173709
0 0.408388 0.614778 0.816776 0.770445 0.0169486
0 0.390081 0.316565 0.780162 0.63313 0.0169415
0 0.276019 0.195841 0.552038 0.391682 0.0168534
0 0.908469 0.18543 0.183062 0.37086 0.0168121
0 0.534363 0.241616 0.931275 0.483232 0.0167902
0 0.403279 0.166476 0.806558 0.332951 0.0165929
0 0.565601 0.34761 0.868799 0.695221 0.0165306
0 0.849318 0.200262 0.301364 0.400525 0.0164582
0 0.5 0.671995 1 0.65601 0.0162145
0 0.637367 0.635843 0.725266 0.728313 0.0161492
0 0.5 0.13113 1 0.262259 0.0161466
0 0.634274 0.696485 0.731453 0.60703 0.0159154
0 0.804132 0.461178 0.391736 0.852358 0.0158322
0 0.252608 0.456984 0.505215 0.862792 0.0157497
0 0.783626 0.613894 0.432749 0.772211 0.0156454
0 0.794519 0.345494 0.410963 0.690988 0.0155404
0 0.25602 0.591979 0.512039 0.816042 0.0154918
0 0.741961 0.34306 0.516078 0.686119 0.0154384
0 0.317723 0.717869 0.635446 0.564262 0.0153368
0 0.507489 0.203077 0.985021 0.406154 0.015299
0 0.534703 0.187376 0.930594 0.374751 0.0151817
0 0.5 0.446594 1 0.815586 0.0150712
0 0.00758791 0.898107 0.0151758 0.203785 0.0150058
0 0.242974 0.347817 0.485947 0.695634 0.0149873
0 0.553301 0.721277 0.893397 0.557446 0.0149721
0 0.471687 0.64458 0.943375 0.710841 0.0149672
0 0.993685 0.143824 0.0126292 0.287647 0.0147579
0 0.5 0.556651 1 0.751102 0.014599
0 0.137101 0.724818 0.274203 0.550365 0.014527
0 0.5 0.161507 1 0.323013 0.0142429
0 0.76443 0.556579 0.471139 0.847831 0.0142139
0 0.0986764 0.18286 0.197353 0.36572 0.0141452
0 0.351046 0.130071 0.702092 0.260142 0.0141076
0 0.0233991 0.789409 0.0467982 0.421183 0.0140785
0 0.200812 0.190292 0.401624 0.380584 0.0140476
0 0.739211 0.611591 0.521578 0.776818 0.013749
0 0.221898 0.298349 0.443796 0.596697 0.0137343
0 0.5 0.404008 1 0.808016 0.0136378
0 0.317375 0.744906 0.634749 0.510187 0.0135688
0 0.759662 0.474352 0.480676 0.796155 0.0135212
0 0.5 0.595948 1 0.742656 0.0134385
0 0.5 0.469788 1 0.792809 0.0133938
0 0.932219 0.268849 0.135562 0.537697 0.0131476
0 0.210801 0.721432 0.421603 0.557137 0.0131091
0 0.999083 0.0871623 0.00183503 0.174325 0.0130519
0 0.637906 0.780225 0.724189 0.439551 0.0130264
0 0.00436873 0.129313 0.00873746 0.258626 0.0127062
0 0.0440049 0.165539 0.0880098 0.331077 0.0125895
0 1 0.0168534 0 0.0337068 0.0125653
0 0.426751 0.736138 0.853502 0.527723 0.0124324
0 0.258412 0.754185 0.516825 0.491631 0.0123289
0 1 0.0129625 0 0.0259249 0.012237
0 0.593826 0.750192 0.812349 0.499616 0.0120001
0 0.389701 0.806255 0.779402 0.38749 0.0119425
0 0.501221 0.748118 0.942544 0.503765 0.0118703
0 0.649907 0.758031 0.700186 0.483938 0.0118376
0 0.27559 0.140326 0.55118 0.280651 0.0117886
0 0.30428 0.812764 0.608561 0.374472 0.0116569
0 0.853078 0.109578 0.293845 0.219156 0.0116383
0 0.691863 0.85216 0.616273 0.295681 0.0116165
0 0.53479 0.817652 0.814242 0.364697 0.011576
0 1 0.914676 0 0.170648 0.01152
0 0.421071 0.80749 0.689588 0.38502 0.0115094
0 0.5123 0.716363 0.975399 0.567275 0.0115048
0 0.652052 0.131616 0.695897 0.263232 0.0114755
0 0.217404 0.909801 0.434807 0.180398 0.0113685
0 0.662783 0.865743 0.674434 0.268514 0.0113616
0 0.753411 0.891594 0.493178 0.216812 0.0112806
0 0.260947 0.867705 0.521895 0.264589 0.0112786
0 0.373832 0.754749 0.747663 0.490502 0.0110536
0 0.544779 0.78496 0.910442 0.430079 0.011026
0 0.963877 0.8971 0.0722468 0.2058 0.0109508
0 0.0379669 0.913978 0.0759338 0.172044 0.0108196
0 0.230669 0.829781 0.461337 0.340438 0.0103533
0 0 0.065942 0 0.131884 0.00551736
0 0.300154 0.144531 0.520192 0.172409 0.00388819
0 0.504836 0.845796 0.186398 0.087993 0.00387678
0 0.813856 0.0950366 0.372288 0.1808 0.00387207
0 0.512565 0.8341 0.163598 0.0794956 0.00384384
0 0.78856 0.227026 0.422879 0.195087 0.00384207
0 0.231924 0.808385 0.463847 0.205898 0.00384203
0 0.486353 0.39843 0.361065 0.174073 0.00383948
0 0.745328 0.283493 0.438192 0.153686 0.00383944
0 0.211168 0.822449 0.422336 0.19335 0.00383879
0 0.348054 0.453151 0.419521 0.147493 0.00382467
0 0 0.0435583 0 0.0871167 0.00380075
0 0.00111253 0.837913 0.00222507 0.217052 0.00377573
0 0.360006 0.43727 0.407912 0.0947497 0.00376775
0 0.553406 0.386835 0.58796 0.143587 0.00375193
0 0.000960824 0.76322 0.00192165 0.222262 0.00373972
0 0.509516 0.855081 0.155467 0.085965 0.00373757
0 0.663545 0.156896 0.434476 0.232357 0.00373281
0 0.4641 0.44235 0.416743 0.170156 0.0037255
0 0.398328 0.422699 0.559618 0.130526 0.00372262
0 0.295405 0.649714 0.59081 0.192957 0.00370729
0 0.278491 0.479056 0.364694 0.136761 0.00370498
0 0.791245 0.119588 0.417509 0.1679 0.00370329
0 0.719293 0.230701 0.509842 0.172528 0.00370157
0 0.678154 0.353152 0.550554 0.154322 0.00369063
0 0.505375 0.824455 0.203252 0.0695807 0.00367303
0 0.00110151 0.707455 0.00220302 0.209124 0.00366716
0 0.551335 0.336285 0.594547 0.198619 0.00365204
0 0.752554 0.147744 0.494891 0.182984 0.0036488
0 0.715973 0.647421 0.545915 0.187487 0.00364507
0 0.367288 0.127347 0.538785 0.121797 0.00364437
0 0.273772 0.713194 0.547544 0.184236 0.0036294
0 0.657229 0.138433 0.443684 0.134186 0.00362782
0 0.585366 0.476708 0.441196 0.179822 0.00361677
0 0.43086 0.477622 0.48793 0.17491 0.00360506
0 0.757075 0.48737 0.385626 0.200596 0.00359553
0 0.000967866 0.655456 0.00193573 0.197462 0.00359211
0 0.750207 0.191047 0.499585 0.232366 0.00358294
0 0.00090271 0.604596 0.00180542 0.192477 0.00358199
0 0.5295 0.818843 0.191025 0.138612 0.00358144
0 0.835216 0.815939 0.329568 0.199754 0.00356529
0 0 0.0968016 0 0.193603 0.00355871
0 0.680882 0.383422 0.532877 0.134012 0.00355832
0 0.653805 0.129821 0.517677 0.202459 0.00355665
0 0.427435 0.0598777 0.560944 0.119755 0.00354735
0 0.855801 0.918369 0.288399 0.163261 0.00354662
0 0.542111 0.622332 0.416123 0.184753 0.00354353
0 0.254003 0.726071 0.508006 0.146132 0.00354183
0 0.175292 0.173075 0.350584 0.151905 0.00353225
0 0.639636 0.462559 0.402102 0.141015 0.00352357
0 0.000642094 0.554572 0.00128419 0.191733 0.00352238
0 0.653149 0.0656755 0.504555 0.131351 0.00351814
0 0.286629 0.0664331 0.423979 0.132866 0.00351025
0 0.646351 0.619923 0.456982 0.193096 0.00350319
0 0.836911 0.800731 0.326178 0.159708 0.0035008
0 0.385052 0.348934 0.509644 0.193046 0.00350065
0 0.278953 0.698099 0.381621 0.14932 0.00348978
0 0.261527 0.506948 0.322593 0.171927 0.00348078
0 0.793905 0.252503 0.370535 0.18143 0.00347419
0 0.627084 0.410907 0.509191 0.164892 0.0034741
0 0.779354 0.598259 0.327598 0.173895 0.00347378
0 0.75151 0.623166 0.411731 0.17818 0.00347206
0 0.381514 0.0840754 0.574847 0.168151 0.0034688
0 0 0.173093 0 0.206627 0.00346741
0 0.757727 0.483479 0.386877 0.1172 0.00346714
0 0.000404664 0.505331 0.000809328 0.189267 0.00346639
0 0.325185 0.479076 0.404198 0.183273 0.00345951
0 0.789725 0.706665 0.420551 0.187565 0.00345613
0 0.604487 0.154355 0.471886 0.162396 0.0034538
0 0.833032 0.850054 0.333937 0.18126 0.00344419
0 0.000495422 0.301989 0.000990845 0.198861 0.00344235
0 0.649709 0.112603 0.511207 0.0888277 0.00343833
0 0.361408 0.368429 0.420434 0.197721 0.00343595
0 0.000359343 0.455557 0.000718686 0.190824 0.00343563
0 0.235723 0.861781 0.471445 0.214963 0.00343028
0 0.000521943 0.354351 0.00104389 0.192914 0.00343021
0 8.22104e-05 0.252842 0.000164421 0.196492 0.00343007
0 0.000430275 0.405848 0.000860549 0.18983 0.00342766
0 0.246246 0.0501459 0.492493 0.100292 0.00342642
0 0.250169 0.768206 0.436625 0.192336 0.00341974
0 0.488895 0.0466566 0.497514 0.0933133 0.00340991
0 0.82747 0.816022 0.34506 0.136576 0.00340847
0 0.723865 0.366934 0.494818 0.131698 0.00340609
0 0.532752 0.372434 0.432845 0.185712 0.0034056
0 0.15693 0.0674175 0.313861 0.134835 0.00339547
0 0.810339 0.167027 0.379323 0.20072 0.0033936
0 0.681064 0.299557 0.545197 0.182947 0.00339346
0 0.682999 0.100549 0.523344 0.108515 0.00338799
0 1 0.0315027 0 0.0630055 0.00338228
0 0.497471 0.87716 0.168455 0.102372 0.0033805
0 0.212279 0.104393 0.424559 0.208787 0.00337539
0 0.212326 0.794324 0.424653 0.194119 0.00337522
0 0.207227 0.171768 0.414455 0.18679 0.0033751
0 0.845587 0.0816039 0.308825 0.163208 0.00337498
0 0.512879 0.143171 0.418889 0.165923 0.00337461
0 0.852367 0.871679 0.295265 0.168398 0.00336729
0 0.7284 0.689139 0.5432 0.178187 0.00336578
0 0.798062 0.06896 0.403875 0.13792 0.0033654
0 0.543417 0.420615 0.385536 0.174406 0.00336422
0 0.637372 0.186607 0.406108 0.239249 0.00335935
0 0.700692 0.597445 0.525664 0.171227 0.00335155
0 0.56346 0.446775 0.414187 0.155385 0.0033504
0 0.648237 0.789079 0.225991 0.0795534 0.00335015
0 0.548787 0.783288 0.237477 0.117059 0.00334892
0 0.490957 0.522227 0.417386 0.234012 0.00334735
0 0.740941 0.462146 0.420778 0.108434 0.00334333
0 0.197322 0.841755 0.394644 0.171058 0.0033431
0 0.325217 0.622479 0.587123 0.201416 0.00333302
0 0.516321 0.806116 0.20693 0.0790344 0.00332522
0 0.99708 0.356031 0.00584004 0.188645 0.00332356
0 0.363931 0.0519908 0.556594 0.103982 0.00332307
0 0.357207 0.0970177 0.608048 0.151664 0.00332275
0 0.590221 0.76814 0.313487 0.08158 0.0033208
0 0.99911 0.0566016 0.00177955 0.113203 0.00332033
0 0.693973 0.486597 0.40669 0.173196 0.00332013
0 0.992732 0.303211 0.0145354 0.187259 0.00331899
0 0.282768 0.902434 0.4561 0.195133 0.00331783
0 0.793143 0.698963 0.306612 0.0813803 0.0033173
0 0.585311 0.13462 0.497308 0.114893 0.0033121
0 0.459909 0.377743 0.459877 0.200531 0.00329652
0 0.781732 0.345243 0.436537 0.165799 0.00329644
0 0.733647 0.0776822 0.486294 0.155364 0.00329081
0 0.563617 0.756403 0.258662 0.110163 0.00329053
0 0.25094 0.886055 0.501881 0.227891 0.00329
0 0.812989 0.775788 0.374022 0.127573 0.00328951
0 0.383904 0.647246 0.551314 0.189391 0.00328278
0 0.988095 0.250891 0.0238093 0.189327 0.00328184
0 0.737019 0.0599949 0.525962 0.11999 0.00328065
0 0.157772 0.837191 0.315544 0.220953 0.00327994
0 0.700221 0.327088 0.542137 0.186451 0.00327989
0 0.447296 0.198751 0.429411 0.198256 0.00327088
0 0.211973 0.0638881 0.423945 0.127776 0.00326964
0 0.237268 0.135939 0.453758 0.143633 0.0032654
0 0.839578 0.749496 0.320843 0.23378 0.00326459
0 0.50759 0.130729 0.289858 0.0904858 0.00326435
0 0.172149 0.286334 0.344298 0.149663 0.00326414
0 0.807909 0.815617 0.327936 0.0786421 0.00326315
0 0.367374 0.901428 0.358601 0.197144 0.0032561
0 0.267262 0.367287 0.401426 0.184072 0.00325566
0 0.477805 0.831804 0.216515 0.106898 0.00325212
0 0.475659 0.890037 0.214124 0.159749 0.00324942
0 0.683187 0.261402 0.541811 0.154766 0.00324366
0 0.785278 0.642534 0.336165 0.182134 0.00324362
0 0.165775 0.777188 0.331549 0.196515 0.00324285
0 0.695953 0.12641 0.417889 0.108952 0.00324152
0 0.386842 0.151489 0.550967 0.160001 0.00323427
0 0.211226 0.75174 0.422452 0.249937 0.00323205
0 0.177477 0.573434 0.139319 0.140388 0.00322881
0 0.818253 0.0492813 0.363494 0.0985627 0.00322583
0 0.831981 0.832717 0.336037 0.179741 0.00322258
0 0.645553 0.809006 0.2409 0.106275 0.00322039
0 0.595863 0.784809 0.311694 0.103548 0.00321933
0 0.79994 0.477338 0.40012 0.159563 0.00321528
0 0.511573 0.645921 0.419966 0.183718 0.00321465
0 0.528423 0.584806 0.411449 0.150349 0.00321238
0 0.705649 0.406277 0.489735 0.178883 0.00321204
0 0.665124 0.678907 0.406287 0.155159 0.00320989
0 0.231549 0.0441672 0.463099 0.0883343 0.00320334
0 0.561607 0.740651 0.270634 0.228927 0.00319566
0 0.43977 0.624306 0.499544 0.19727 0.00319469
0 0.992596 0.499684 0.0148073 0.182421 0.00319361
0 0.502773 0.129129 0.429047 0.0940763 0.00319039
0 0.825667 0.702162 0.307193 0.151123 0.00318713
0 0.736635 0.113459 0.484903 0.129292 0.00318513
0 0.987652 0.197183 0.0246955 0.183309 0.00318491
0 0.167072 0.0909824 0.334145 0.176212 0.00318347
0 0.158251 0.283165 0.316503 0.167067 0.00318133
0 0.157624 0.886527 0.315248 0.203394 0.0031802
0 0.479354 0.852771 0.218247 0.1131 0.00317889
0 0.598197 0.808566 0.316444 0.1215 0.00317713
0 0.167289 0.130488 0.334578 0.160219 0.00317662
0 0.803143 0.306136 0.304092 0.0866394 0.00317542
0 0.40101 0.239361 0.382174 0.155 0.00317541
0 0.600968 0.527745 0.404592 0.21879 0.00317506
0 0.998259 0.406431 0.00348284 0.193023 0.00317411
0 0.305681 0.138437 0.389609 0.13801 0.00317103
0 0.314002 0.0401162 0.591764 0.0802324 0.00317083
0 0.743324 0.719587 0.439198 0.127044 0.00317073
0 0.992852 0.552045 0.0142961 0.186601 0.00317065
0 0.613043 0.31489 0.549715 0.197592 0.00316916
0 0.155449 0.733539 0.310897 0.201148 0.00316914
0 0.269484 0.263447 0.367596 0.135316 0.00316692
0 0.996992 0.4533 0.0060168 0.184929 0.00316106
0 0.582578 0.668336 0.520723 0.130348 0.00316081
0 0 0.0234444 0 0.0468889 0.00315702
0 0.247655 0.780061 0.495311 0.213629 0.00315441
0 0.637819 0.780613 0.227117 0.057608 0.00315346
0 0.167067 0.203477 0.334135 0.186732 0.00314263
0 0.571249 0.660685 0.383952 0.136688 0.00314226
0 0.296351 0.227136 0.383724 0.0984334 0.00314036
0 0.176891 0.0547456 0.353782 0.109491 0.00313807
0 1 0.0172288 0 0.0344576 0.00313521
0 0.520959 0.196618 0.489021 0.206415 0.0031321
0 0.993061 0.601832 0.0138787 0.18334 0.00312928
0 0.844447 0.901627 0.311106 0.196745 0.00312418
0 0.380836 0.57811 0.366242 0.110017 0.00312213
0 0.806702 0.857832 0.273759 0.0912807 0.00312044
0 0.539791 0.745694 0.216584 0.139094 0.00312006
0 0.218343 0.364854 0.436687 0.173159 0.00311947
0 0.378841 0.177037 0.498713 0.181991 0.00311866
0 0.500947 0.92817 0.332627 0.14366 0.00311856
0 0.583535 0.730633 0.296498 0.162062 0.00311799
0 0.189655 0.783567 0.37931 0.174418 0.00311767
0 0.295144 0.229586 0.457436 0.156613 0.0031161
0 0.588122 0.635258 0.397174 0.168234 0.00311198
0 0.155419 0.696319 0.310837 0.251068 0.00311166
0 0.993883 0.749855 0.012233 0.187952 0.00310714
0 0.668023 0.930244 0.323462 0.139511 0.0031071
0 0.539453 0.117184 0.596029 0.100505 0.00310574
0 0.688399 0.221732 0.377954 0.20619 0.00310465
0 0.305827 0.173222 0.364155 0.179619 0.00309822
0 0.787609 0.802805 0.36041 0.0506386 0.00309724
0 0.267203 0.722793 0.33995 0.123473 0.00309705
0 0.813175 0.831094 0.286067 0.0973511 0.00309656
0 0.965479 0.0912988 0.0690415 0.182598 0.0166645
0 0.0629147 0.133011 0.125829 0.266022 0.0162614
0 0.0696046 0.278797 0.139209 0.296186 0.0161391
0 0.88735 0.534222 0.225301 0.269516 0.0157837
0 0.0682185 0.177948 0.136437 0.257564 0.0156943
0 0.799065 0.122721 0.279526 0.213541 0.0156655
0 0.0700692 0.227399 0.140138 0.270752 0.015639
0 0.902127 0.462101 0.195747 0.286643 0.015452
0 0.834441 0.864349 0.331118 0.271303 0.0152391
0 0.875216 0.621669 0.249568 0.324391 0.0148738
0 0.849612 0.835385 0.300776 0.32923 0.0147017
0 0.0659104 0.384854 0.131821 0.284286 0.0146078
0 0.914397 0.449701 0.171207 0.265911 0.014547
0 0.0636916 0.434735 0.127383 0.271381 0.0143761
0 0.735594 0.43545 0.248051 0.224924 0.014376
0 0.119461 0.778556 0.238922 0.257248 0.0142546
0 0.215404 0.827096 0.298049 0.289486 0.0142232
0 0.897922 0.395105 0.204157 0.313374 0.0141401
0 0.120156 0.830869 0.240312 0.262733 0.0140919
0 0.837498 0.818176 0.325003 0.321943 0.0140343
0 0.178346 0.414246 0.356692 0.324902 0.0139122
0 0.140403 0.238561 0.280806 0.230449 0.0137485
0 0.837037 0.464255 0.278159 0.262761 0.0136876
0 0.663063 0.115451 0.23927 0.215531 0.013669
0 0.151522 0.830472 0.30224 0.270224 0.0136508
0 0.131285 0.466156 0.262569 0.245805 0.0135842
0 0.799577 0.442547 0.244352 0.234472 0.0134676
0 0.893991 0.0962961 0.212019 0.192592 0.0134408
0 0.430877 0.185679 0.861755 0.371359 0.0133867
0 0.852441 0.752145 0.295118 0.385459 0.0133051
0 0.230441 0.783193 0.272788 0.286588 0.0132438
0 0.120881 0.725166 0.241761 0.250441 0.0132093
0 0.919872 0.187043 0.160257 0.374086 0.0131714
0 0.672162 0.634583 0.259019 0.269472 0.0131563
0 0.236682 0.374658 0.473364 0.337393 0.0131561
0 0.841114 0.743906 0.317773 0.26842 0.0131513
0 0.124579 0.51524 0.249158 0.155908 0.0130694
0 0.821012 0.101868 0.215032 0.203735 0.0130642
0 0.799383 0.336327 0.281672 0.277608 0.0130348
0 0.558018 0.117212 0.796903 0.234423 0.0130271
0 0.138216 0.20772 0.276431 0.16388 0.0130135
0 0.151173 0.343894 0.302346 0.344691 0.0129991
0 0.780248 0.232604 0.300223 0.296734 0.0129912
0 0.247604 0.68225 0.261312 0.268472 0.0129442
0 0.723998 0.25249 0.295117 0.310944 0.012928
0 0.733533 0.637798 0.262385 0.271692 0.0128942
0 0.848533 0.696116 0.297965 0.243972 0.0128888
0 0.122796 0.666706 0.245592 0.21848 0.0128749
0 0.721519 0.897164 0.285434 0.198893 0.0128748
0 0.0658097 0.47836 0.131619 0.256804 0.012863
0 0.386871 0.682001 0.257173 0.275716 0.0128458
0 0.611491 0.111347 0.485862 0.222694 0.012845
0 0.360288 0.785864 0.31202 0.284215 0.0128174
0 0.518432 0.972667 0.319619 0.054667 0.0128013
0 0.639036 0.433649 0.291194 0.21231 0.0127713
0 0.849482 0.90495 0.301036 0.1901 0.0126799
0 0.820119 0.777305 0.359762 0.445389 0.0126756
0 0.497943 0.893343 0.260029 0.213313 0.0126703
0 1 0.0873912 0 0.174782 0.0126578
0 0.861834 0.0912046 0.269174 0.182409 0.0126541
0 0.367315 0.214707 0.73463 0.429414 0.0126419
0 0.651626 0.188489 0.271827 0.184943 0.0126304
0 0.0888364 0.729384 0.177673 0.238882 0.0126163
0 0.123634 0.57353 0.247268 0.213144 0.012598
0 0.431071 0.876584 0.278654 0.246831 0.012579
0 0.945984 0.316263 0.108033 0.401799 0.0125748
0 0.714045 0.826415 0.297355 0.274667 0.0125556
0 0.374361 0.736113 0.278207 0.265249 0.0125435
0 0.522407 0.904833 0.247668 0.190334 0.012498
0 0.82149 0.232885 0.35702 0.46577 0.0124822
0 0.292422 0.782637 0.305052 0.293618 0.0124726
0 0.122722 0.871865 0.245444 0.25627 0.0124648
0 0.0885283 0.673117 0.177057 0.209332 0.0124539
0 0.429781 0.786268 0.290923 0.285471 0.0124515
0 0.194834 0.578636 0.227633 0.237075 0.0124362
0 0.119252 0.233682 0.238504 0.242204 0.0124353
0 0.437191 0.978077 0.30405 0.0438465 0.0124319
0 0.343108 0.432129 0.590524 0.68084 0.0124199
0 0.793485 0.639338 0.250397 0.275737 0.0124048
0 0.822727 0.364929 0.354546 0.40534 0.0123926
0 0.939671 0.276709 0.120657 0.553417 0.0123926
0 0.83321 0.406149 0.288027 0.276147 0.012353
0 0.842174 0.194606 0.315652 0.326497 0.0123489
0 0.837784 0.687247 0.324432 0.625505 0.0123306
0 0.147984 0.367436 0.295968 0.473601 0.0122951
0 0.197047 0.519134 0.215357 0.184764 0.0122715
0 0.164025 0.778619 0.285597 0.273528 0.0122649
0 0.58561 0.506016 0.264238 0.150706 0.0122546
0 0.848352 0.556475 0.274348 0.223888 0.0122481
0 0.217276 0.871271 0.290708 0.257457 0.0122362
0 0.734862 0.156201 0.279873 0.172712 0.0122247
0 0.151142 0.871316 0.302284 0.257368 0.0121822
0 0.889679 0.666585 0.220642 0.451913 0.0121704
0 0.293819 0.893219 0.293183 0.213562 0.0121534
0 0.901477 0.571735 0.197047 0.334239 0.0121495
0 0.240545 0.734615 0.261419 0.282098 0.0121303
0 0.5 0.160998 1 0.321997 0.0121203
0 0.871786 0.687783 0.256428 0.371563 0.0121094
0 0.749714 0.97902 0.328846 0.0419589 0.0121067
0 0.117522 0.209844 0.235044 0.170407 0.01206
0 0.794588 0.546815 0.2479 0.235954 0.0120487
0 0.240401 0.245683 0.3242 0.222639 0.0120297
0 0.0267981 0.140612 0.0535963 0.281223 0.0120166
0 0.746203 0.434559 0.36944 0.308781 0.0119805
0 0.878179 0.895643 0.243642 0.208715 0.0119711
0 0.3728 0.874485 0.311113 0.251031 0.0119583
0 0.450981 0.415404 0.500709 0.650339 0.0119438
0 0.666166 0.506878 0.247019 0.143659 0.011936
0 0.445688 0.73333 0.277639 0.249065 0.0119353
0 0.139047 0.140827 0.278094 0.281655 0.0119128
0 0.394227 0.630418 0.250354 0.269927 0.0119124
0 0.860636 0.733666 0.278728 0.532668 0.0118957
0 0.835746 0.343496 0.292698 0.332153 0.0118936
0 0.840678 0.423018 0.318643 0.310725 0.0118564
0 0.736691 0.522625 0.240794 0.179071 0.0118333
0 0.330228 0.15367 0.660456 0.307339 0.0118093
0 0.275029 0.272726 0.550058 0.283427 0.0117934
0 0.575698 0.195735 0.260491 0.184096 0.0117918
0 0.602597 0.632186 0.27565 0.269933 0.0117826
0 0.794272 0.590959 0.243359 0.255857 0.0117647
0 0.0826775 0.578845 0.165355 0.180806 0.0117532
0 0.373334 0.981997 0.300841 0.0360052 0.0117474
0 0.179799 0.314614 0.359598 0.347293 0.0117226
0 0.564348 0.878887 0.298773 0.242226 0.0117161
0 0.0525945 0.15422 0.105189 0.235556 0.0117124
0 0.827806 0.197233 0.344387 0.394466 0.0117094
0 0.417327 0.890777 0.30702 0.218446 0.0116649
0 0.278212 0.164317 0.556425 0.328635 0.0116476
0 0.204787 0.279414 0.409574 0.271922 0.01164
0 0.0859712 0.616911 0.171942 0.182404 0.0116167
0 0.654898 0.724615 0.279464 0.261674 0.0116027
0 0.683073 0.335525 0.494471 0.371554 0.0115974
0 0.404914 0.510194 0.232164 0.212868 0.0115776
0 0.710601 0.778411 0.30185 0.271303 0.0115647
0 0.788791 0.740118 0.422418 0.475887 0.0115631
0 0.517412 0.50163 0.255359 0.182576 0.0115604
0 0.460914 0.672822 0.262515 0.25708 0.0115535
0 0.778424 0.821296 0.299899 0.272534 0.0115509
0 0.31217 0.680614 0.264141 0.273356 0.0115352
0 0.522501 0.570012 0.268569 0.232467 0.0115327
0 0.532744 0.62994 0.262329 0.269001 0.0115273
0 0.515189 0.732427 0.281112 0.253553 0.0115215
0 0.806678 0.293976 0.386645 0.587952 0.0115177
0 0.570711 0.782768 0.299277 0.288262 0.0115171
0 0.0886533 0.783635 0.177307 0.250403 0.0115146
0 0.5967 0.318565 0.370479 0.453346 0.0115111
0 0.241621 0.492323 0.236765 0.242305 0.0115006
0 0.905841 0.509672 0.188318 0.287407 0.0114735
0 0.299071 0.982057 0.307687 0.0358854 0.0114625
0 0.450965 0.904144 0.244528 0.191711 0.0114474
0 0.643362 0.781105 0.301111 0.280682 0.0114351
0 0.6713 0.576685 0.255447 0.224226 0.0114327
0 0.644196 0.878398 0.305101 0.243203 0.0114325
0 0.585857 0.728479 0.284637 0.252491 0.0114306
0 0.671338 0.978728 0.319814 0.0425446 0.0114266
0 0.66986 0.447217 0.436727 0.361094 0.011416
0 0.75375 0.103997 0.22333 0.207995 0.0114124
0 0.123326 0.606743 0.246652 0.192504 0.0113934
0 0.323299 0.589115 0.249907 0.253064 0.0113821
0 0.686066 0.263294 0.424026 0.331298 0.0113728
0 0.738784 0.10475 0.302758 0.2095 0.0113265
0 0.307813 0.734601 0.273605 0.282057 0.0113214
0 0.833522 0.251949 0.314816 0.323144 0.0113177
0 0.582126 0.130956 0.245197 0.212576 0.0113062
0 0.357783 0.3948 0.715566 0.332737 0.0112779
0 0.392816 0.302224 0.783802 0.410842 0.0112495
0 0.473289 0.402182 0.946578 0.463353 0.0112452
0 0.716423 0.717415 0.291632 0.255096 0.0112431
0 0.0339208 0.109581 0.0678415 0.219162 0.011241
0 0.781829 0.874792 0.307813 0.250416 0.011235
0 0.229164 0.980274 0.310554 0.0394517 0.0112317
0 0.0766798 0.535682 0.15336 0.17569 0.0112299
0 0.253333 0.592612 0.249111 0.252126 0.0112049
0 0.593835 0.57033 0.277448 0.216899 0.011186
0 0.399989 0.164325 0.799978 0.32865 0.0111511
0 0.253279 0.532694 0.23052 0.225882 0.011126
0 0.998309 0.91235 0.00338222 0.175299 0.0111035
0 0.0882812 0.833373 0.176562 0.253685 0.0110985
0 0.874065 0.107314 0.251871 0.214628 0.0110959
0 0.183116 0.678421 0.256321 0.247357 0.0110941
0 0.856869 0.62711 0.274186 0.272715 0.0110939
0 0.900221 0.266732 0.199558 0.40334 0.0110771
0 0.161521 0.907871 0.289362 0.18257 0.0110641
0 0.00500429 0.0923971 0.0100086 0.184794 0.0110619
0 0.0186303 0.234254 0.0372605 0.295057 0.0110599
0 0.318745 0.317495 0.637489 0.394935 0.0110574
0 0.985878 0.332623 0.0282439 0.269137 0.011055
0 0.254346 0.200108 0.29893 0.182314 0.0110374
0 0.562667 0.449121 0.28348 0.179742 0.0110303
0 0.41479 0.444415 0.809869 0.424281 0.0110268
0 0.867003 0.913914 0.265994 0.172172 0.0110136
0 0.466003 0.15445 0.372341 0.233605 0.0109671
0 0.510988 0.208965 0.276912 0.214137 0.010948
0 0.214232 0.422839 0.348832 0.395774 0.0109429
0 0.592795 0.975362 0.31272 0.0492752 0.0108424
0 0.816657 0.968793 0.345 0.0624134 0.0108406
0 0.31787 0.491827 0.254732 0.22682 0.0108228
0 0.458461 0.580409 0.272412 0.256714 0.0108188
0 0.127647 0.904317 0.255293 0.188785 0.0108172
0 0.772813 0.768034 0.304128 0.269389 0.0108056
0 0.175284 0.73323 0.269524 0.273056 0.0107823
0 0.16511 0.972782 0.32186 0.0544369 0.0107744
0 0.0452249 0.43957 0.0904498 0.201739 0.0107639
0 0.244625 0.308277 0.365111 0.226847 0.0107309
0 0.0506126 0.33766 0.101225 0.245474 0.010725
0 0.2339 0.913557 0.270575 0.172498 0.0107188
0 0.243055 0.27079 0.48611 0.233589 0.010716
0 0.333775 0.524126 0.232455 0.231959 0.0107114
0 0.343724 0.195372 0.359117 0.239317 0.010704
0 0.946779 0.481898 0.106443 0.248209 0.0106859
0 0.175371 0.473377 0.272328 0.247973 0.0106762
0 0.503082 0.785348 0.280002 0.290502 0.0106098
0 0.258097 0.395546 0.352685 0.33809 0.0105712
0 0.188297 0.61501 0.243882 0.22937 0.0105644
0 0.973224 0.29226 0.0535522 0.285338 0.0105413
0 0.715655 0.0876843 0.418144 0.175369 0.0105309
0 0.108927 0.972957 0.217854 0.0540852 0.0105244
0 0.0471833 0.386126 0.0943665 0.212966 0.0105191
0 0.212342 0.193012 0.254475 0.137428 0.0105074
0 0.312149 0.915067 0.25798 0.169867 0.0104683
0 0.928777 0.566388 0.142446 0.236001 0.0104621
0 0.734239 0.580976 0.2508 0.231329 0.0104325
0 0.387483 0.905861 0.26125 0.188278 0.0104029
0 0.948964 0.43227 0.102072 0.235728 0.0103905
0 0.456246 0.211958 0.281083 0.228564 0.0103788
0 0.84832 0.947446 0.30336 0.105109 0.0103231
0 0.0440861 0.482835 0.0881723 0.211029 0.0103167
0 0.0108963 0.295448 0.0217927 0.267145 0.0102796
0 0.983723 0.383674 0.0325538 0.278173 0.0102209
0 0.0396763 0.804746 0.0793526 0.221234 0.0102035
0 0.140706 0.968333 0.281412 0.063333 0.0101996
0 0.0433632 0.591557 0.0867264 0.184113 0.0101254
0 0.597118 0.908977 0.25115 0.182047 0.0100188
0 0.0516872 0.0931202 0.103374 0.18624 0.00994129
0 0.0440148 0.538633 0.0880295 0.193482 0.00992715
0 0.0425169 0.74344 0.0850338 0.225678 0.00987558
0 0.0353608 0.849732 0.0707216 0.22198 0.00986876
0 0.777602 0.71561 0.292127 0.261108 0.00981636
0 0.964163 0.516881 0.0716741 0.204427 0.00976571
0 0.0430118 0.694087 0.0860236 0.218103 0.00972623
0 0.977461 0.466716 0.045077 0.169073 0.00967561
0 0.00880018 0.366613 0.0176004 0.219955 0.00967355
0 0.04296 0.640152 0.08592 0.186338 0.0096207
0 0.0928417 0.908071 0.185683 0.172671 0.00959683
0 0.931624 0.914493 0.136753 0.171013 0.00957884
0 0.376388 0.157431 0.560474 0.314862 0.00948069
0 0.313633 0.381125 0.403069 0.314678 0.00943379
0 0.674448 0.909433 0.246127 0.181134 0.00934989
0 0 0.191019 0 0.299405 0.0093269
0 0.457436 0.496137 0.25514 0.189693 0.00931761
0 0 0.957973 0 0.0840548 0.00923147
0 0.502076 0.472508 0.263642 0.156348 0.00913636
0 0.985309 0.430884 0.0293813 0.20214 0.00912331
0 0 0.0851186 0 0.170237 0.00904283
0 0.0680488 0.966009 0.136098 0.0679826 0.00887873
0 0.0378933 0.882071 0.0757866 0.156321 0.0086268
0 0.0449243 0.914605 0.0898487 0.147072 0.00843383
0 0.389014 0.37492 0.460443 0.27006 0.00831397
0 0 0.924489 0 0.151022 0.00827319
0 0.466108 0.853631 0.175182 0.123941 0.00819114
0 0 0.129672 0 0.244682 0.00777688
0 0.356061 0.298277 0.712121 0.22764 0.00771377
0 0 0.303857 0 0.221681 0.00771212
0 0.0366819 0.951347 0.0733638 0.097307 0.00752799
0 0.00945884 0.453329 0.0189177 0.253423 0.00739872
0 0.0103793 0.501833 0.0207586 0.262214 0.00736067
0 0.00977236 0.552263 0.0195447 0.259924 0.00735048
0 0.0092625 0.603053 0.018525 0.24278 0.00730614
0 0.207497 0.539318 0.149805 0.0281979 0.00729953
0 0.00900115 0.649442 0.0180023 0.216092 0.00718022
0 0.00973545 0.751703 0.0194709 0.22504 0.00711444
0 0 0.880623 0 0.238753 0.00686983
0 0 0.183608 0 0.248652 0.00685319
0 0.00879815 0.702728 0.0175963 0.234049 0.00682259
0 0.0117663 0.815053 0.0235327 0.194198 0.006683
0 0 0.835471 0 0.208742 0.00661956
0 0 0.344137 0 0.149563 0.00631116
0 0 0.248776 0 0.220665 0.00606896
0 0.20988 0.637702 0.113116 0.0246059 0.00578178
0 0 0.774843 0 0.193996 0.00577719
0 0 0.643174 0 0.278308 0.00572603
0 0.0190009 0.921276 0.0380018 0.153817 0.00570087
0 0 0.693257 0 0.276888 0.00569593
0 0 0.591537 0 0.277428 0.00565887
0 0 0.543143 0 0.279229 0.00562985
0 0.0138292 0.876396 0.0276585 0.14629 0.00561751
0 0.0142367 0.853248 0.0284733 0.203395 0.00560685
0 0 0.898587 0 0.190418 0.00557854
0 0.0882317 0.874128 0.176463 0.251744 0.00553044
0 0 0.739969 0 0.269306 0.00552925
0 0 0.848621 0 0.269456 0.00547773
0 0 0.323787 0 0.110288 0.00547421
0 0 0.491086 0 0.272888 0.00541025
0 0 0.800827 0 0.27227 0.00539786
0 0.219151 0.612678 0.0678804 0.0268398 0.00532403
0 0 0.282838 0 0.127265 0.00509275
0 0.189283 0.660265 0.0749536 0.0174583 0.00506411
0 0.192786 0.61278 0.0723882 0.0223911 0.00502621
0 0 0.439228 0 0.276135 0.00490569
0 0.221557 0.632305 0.09629 0.0306208 0.00490434
0 0.476285 0.872638 0.188028 0.163389 0.333012
0 0 0.102562 0 0.205124 0.138859
0 0 0.100973 0 0.201946 0.124286
0 0 0.11762 0 0.235239 0.119381
0 0 0.0980047 0 0.196009 0.106062
0 0.00382428 0.0937327 0.00764856 0.187465 0.0896647
0 0 0.0965976 0 0.193195 0.0740441
0 1 0.104425 0 0.20885 0.0690836
0 0.0621668 0.0931672 0.124334 0.186334 0.0646869
0 0 0.0992928 0 0.198586 0.0595044
0 0.030235 0.0923073 0.06047 0.184615 0.0526433
0 0.0758138 0.0925229 0.146894 0.185046 0.0449085
0 0.454322 0.896 0.234987 0.208 0.041937
0 0 0.125048 0 0.250096 0.0378184
0 0 0.128475 0 0.25695 0.0318432
0 0 0.897379 0 0.205241 0.0304088
0 0.64136 0.895813 0.182326 0.208374 0.0292007
0 0 0.130792 0 0.261585 0.0289678
0 0.0417808 0.107468 0.0835616 0.214935 0.0286304
0 0.125779 0.0900244 0.120717 0.180049 0.0279355
0 0.417846 0.640079 0.134201 0.227674 0.0266006
0 0.523792 0.888037 0.103008 0.206384 0.0259029
0 0.853002 0.0882152 0.126595 0.17643 0.0247216
0 0.13868 0.326396 0.162684 0.247647 0.0246699
0 0.270318 0.914203 0.177569 0.171593 0.0232191
0 0.67431 0.897605 0.162323 0.204791 0.0213646
0 0.297884 0.634147 0.121633 0.209868 0.0213338
0 0.396879 0.651836 0.158713 0.243675 0.0212444
0 0.00637649 0.0837784 0.012753 0.167557 0.0207936
0 0.00134196 0.91879 0.00268392 0.162421 0.0202373
0 0.173926 0.314789 0.17518 0.229691 0.0198537
0 0.222129 0.304334 0.167796 0.219159 0.0194943
0 0.820075 0.0606376 0.154473 0.121275 0.0193359
0 0.344706 0.0547598 0.137152 0.10952 0.0192706
0 0.23402 0.920545 0.181601 0.158911 0.0188752
0 0.823308 0.0642509 0.125617 0.128502 0.0180699
0 0.5992 0.0201932 0.278213 0.0403865 0.0180226
0 0.308802 0.0567333 0.12391 0.113467 0.0178466
0 0.838537 0.108907 0.163228 0.217814 0.017748
0 0.874167 0.111509 0.163071 0.223018 0.017604
0 0.683319 0.920776 0.164766 0.158447 0.0174752
0 0 0.914967 0 0.170067 0.0172391
0 0.889689 0.0980635 0.122374 0.196127 0.01682
0 0.379174 0.0488293 0.143639 0.0976586 0.0164018
0 0.111538 0.331773 0.169807 0.252935 0.0163915
0 0 0.846895 0 0.295522 0.0160662
0 0.277015 0.0601349 0.115507 0.12027 0.0160072
0 0.863535 0.157675 0.272929 0.31535 0.0159826
0 0.0426015 0.920837 0.0852029 0.158327 0.015918
0 0.574515 0.661728 0.126416 0.238 0.0156733
0 0.0645332 0.917176 0.129066 0.165648 0.0155287
0 0.375475 0.637006 0.135486 0.224085 0.0154981
0 0.197113 0.0675455 0.127336 0.135091 0.0154113
0 0.159416 0.0831527 0.130057 0.166305 0.0152534
0 0.0750172 0.349547 0.150034 0.269679 0.0152114
0 0.235649 0.0565206 0.122872 0.113041 0.0151265
0 0.103135 0.102455 0.170494 0.20491 0.0149517
0 0.738301 0.57027 0.180386 0.249126 0.0148313
0 0.146163 0.562317 0.156154 0.264961 0.0147882
0 0.268907 0.648618 0.14664 0.242276 0.0147107
0 0.751945 0.532985 0.352223 0.183234 0.0146155
0 0.0078319 0.0755183 0.0156638 0.151037 0.014438
0 0.623498 0.884473 0.137955 0.231055 0.0136553
0 0.214782 0.266071 0.429564 0.337873 0.0135848
0 0.868242 0.227172 0.263516 0.295102 0.0135125
0 0.653542 0.929399 0.208444 0.141201 0.0135124
0 0.62435 0.916961 0.198723 0.166079 0.0133078
0 0.45732 0.528692 0.370248 0.218743 0.0132733
0 0.247207 0.0643814 0.107221 0.128763 0.0132086
0 0.528068 0.176263 0.943863 0.352526 0.0130591
0 0.789057 0.0571701 0.1087 0.11434 0.0129659
0 0 0.748207 0 0.306448 0.0129373
0 0.998777 0.913443 0.00244591 0.173113 0.0128214
0 0.173722 0.233993 0.347443 0.316497 0.0127545
0 0.786235 0.571157 0.17017 0.249423 0.0127378
0 0.546256 0.661963 0.144151 0.238665 0.0126856
0 0.983396 0.0523589 0.0332071 0.104718 0.0124467
0 0.704784 0.578395 0.1645 0.269258 0.0124414
0 0.195535 0.920465 0.184045 0.15907 0.0123884
0 0.0277103 0.0732085 0.0554206 0.146417 0.0123725
0 0.763666 0.771439 0.168862 0.271964 0.0123326
0 0.165982 0.225839 0.331965 0.3528 0.012313
0 0.0636781 0.331766 0.127356 0.260398 0.0122737
0 0.561369 0.211895 0.795219 0.400471 0.0121972
0 0.197122 0.443085 0.394244 0.325347 0.0121668
0 0.461263 0.210693 0.922527 0.421386 0.0121302
0 0.0420873 0.328828 0.0841746 0.270245 0.0120564
0 0.180983 0.886183 0.176511 0.227633 0.0120331
0 0.0420706 0.275393 0.0841412 0.286482 0.0118981
0 0.952021 0.0831032 0.0959579 0.166206 0.0118707
0 0.299837 0.899086 0.206382 0.201827 0.0118083
0 0.239024 0.507116 0.315315 0.17777 0.0117922
0 0.4086 0.2706 0.817199 0.512404 0.0117833
0 0.32265 0.907642 0.171642 0.184716 0.0117574
0 0.446513 0.386432 0.36033 0.218836 0.011755
0 0.512743 0.536513 0.36144 0.214953 0.0116865
0 0.174889 0.472487 0.349779 0.383855 0.0116455
0 0.707262 0.913172 0.149927 0.173656 0.011639
0 0.862358 0.221612 0.275284 0.215816 0.0115908
0 0.188098 0.190466 0.376197 0.380932 0.0115769
0 0.808752 0.271449 0.382496 0.269795 0.0114667
0 0.531281 0.95677 0.160066 0.0864593 0.0114434
0 0.951441 0.0756524 0.0971181 0.151305 0.0114168
0 0.0743309 0.0736828 0.102831 0.147366 0.0113779
0 0.808478 0.879211 0.157039 0.241578 0.0113434
0 0 0.88147 0 0.237061 0.011302
0 0 0.317692 0 0.322372 0.0112713
0 0.00416871 0.93274 0.00833742 0.13452 0.0112691
0 0.353153 0.264675 0.706307 0.354733 0.0112225
0 0.49621 0.253566 0.845041 0.507133 0.011217
0 0.251439 0.298693 0.129384 0.203117 0.0112156
0 0.0415123 0.219318 0.0830246 0.293566 0.0112016
0 0.620882 0.0307652 0.271505 0.0615305 0.0111891
0 0.78454 0.0515589 0.126968 0.103118 0.0111889
0 0.147228 0.890621 0.172214 0.218759 0.0111835
0 0.186919 0.512631 0.373837 0.236602 0.0111561
0 0.307785 0.542984 0.340227 0.227761 0.011149
0 1 0.0888055 0 0.177611 0.0111371
0 0.998432 0.355938 0.00313702 0.306856 0.0111117
0 0.104422 0.8888 0.173263 0.2224 0.0111093
0 0.108861 0.559319 0.171647 0.267103 0.0110679
0 0.0790194 0.915221 0.158039 0.169558 0.0110572
0 0.271657 0.326162 0.543315 0.312305 0.0110504
0 0.208919 0.0687975 0.115953 0.137595 0.0110484
0 0.043616 0.0728994 0.0872319 0.145799 0.0110469
0 0.451555 0.440437 0.316882 0.22923 0.0110412
0 0 0.906914 0 0.186172 0.0110206
0 0.288702 0.502971 0.302442 0.174579 0.0109554
0 0.371785 0.169895 0.74357 0.339789 0.010951
0 0.355329 0.898633 0.161317 0.202733 0.0109425
0 0.0668635 0.376114 0.133727 0.281954 0.010942
0 0 0.695865 0 0.30354 0.010915
0 0.331212 0.636999 0.143087 0.215634 0.0108195
0 0.000995793 0.88624 0.00199159 0.22752 0.0107546
0 0.240599 0.472733 0.379157 0.217021 0.0106143
0 0.482197 0.559689 0.334113 0.237563 0.0105294
0 0.719737 0.0522341 0.193112 0.104468 0.0105062
0 0.516361 0.374751 0.371323 0.24945 0.010504
0 0.764208 0.597379 0.189431 0.307356 0.0104704
0 0.959685 0.0673893 0.0806301 0.134779 0.0104642
0 0.181175 0.0558054 0.164789 0.111611 0.0104398
0 0.173156 0.516245 0.346312 0.352447 0.0104028
0 0.797257 0.799812 0.186753 0.312352 0.0103925
0 0.997954 0.413827 0.00409267 0.220543 0.0103916
0 0.318073 0.157146 0.63248 0.314291 0.0103861
0 0.180193 0.265044 0.360387 0.352688 0.0103681
0 0.973187 0.296461 0.0536257 0.263233 0.0103373
0 0.233147 0.533461 0.398869 0.223112 0.0102671
0 1 0.140746 0 0.254324 0.0102667
0 0.974898 0.405526 0.0502035 0.304072 0.0102047
0 0.568919 0.959616 0.164809 0.0807673 0.0101791
0 0.747988 0.10668 0.504024 0.21336 0.0101612
0 0.624735 0.0226682 0.224287 0.0453363 0.010158
0 0.596805 0.645392 0.0863253 0.20281 0.0101328
0 0.9144 0.0863056 0.1712 0.172611 0.0101326
0 0.59684 0.935626 0.16514 0.128747 0.0100783
0 0.140657 0.0956515 0.172355 0.191303 0.00990039
0 0.971775 0.246439 0.0564496 0.257424 0.00990015
0 0.159669 0.919468 0.178807 0.161064 0.00988785
0 0.775938 0.110056 0.34588 0.220111 0.00985731
0 0.475049 0.347426 0.511968 0.387204 0.00984724
0 0.103231 0.0749512 0.107428 0.149902 0.00984279
0 0.647018 0.860095 0.170959 0.227677 0.00982881
0 0.806031 0.511287 0.387938 0.151595 0.00979814
0 0.407834 0.0260647 0.156649 0.0521293 0.00979605
0 0.299561 0.909299 0.563588 0.181401 0.009732
0 0.800706 0.458018 0.398589 0.345826 0.00970824
0 0.33884 0.91152 0.677681 0.17696 0.00964515
0 0.0423562 0.889181 0.0847125 0.221638 0.00963128
0 0.294723 0.392173 0.380382 0.367897 0.00957142
0 0.497627 0.955198 0.173449 0.0896046 0.00954652
0 0.772438 0.895271 0.154598 0.209459 0.00954559
0 0.863792 0.357735 0.152146 0.190955 0.00952631
0 0.988343 0.275654 0.0233133 0.350153 0.00952625
0 0.825167 0.824149 0.175798 0.31168 0.00949599
0 0.800078 0.443214 0.399844 0.450714 0.009494
0 0.3673 0.209018 0.734601 0.418036 0.00947682
0 0.547804 0.937942 0.113396 0.124116 0.00945447
0 0.31901 0.137612 0.448565 0.275225 0.0094327
0 0.298235 0.459735 0.334299 0.198943 0.00943204
0 0.469731 0.913494 0.6536 0.173011 0.00942762
0 0.221298 0.89556 0.180931 0.208881 0.0094059
0 0.359812 0.395182 0.341452 0.254791 0.00937226
0 0 0.93315 0 0.1337 0.00936285
0 0.504633 0.446274 0.321305 0.261499 0.00934809
0 0.581866 0.911726 0.160681 0.176548 0.00931591
0 0 0.844747 0 0.251681 0.00931495
0 0.832802 0.742006 0.177303 0.307085 0.00928667
0 0 0.73802 0 0.256761 0.00928067
0 0.634053 0.642284 0.105309 0.198602 0.00926706
0 1 0.452819 0 0.409153 0.00925874
0 0.392407 0.947333 0.166701 0.105334 0.00924947
0 0.0782552 0.88824 0.15651 0.22352 0.00924046
0 0.369677 0.338758 0.394874 0.312398 0.00923587
0 0.00081335 0.152946 0.0016267 0.305892 0.0091161
0 0.431676 0.948449 0.173402 0.103101 0.0091107
0 0.786763 0.15792 0.426474 0.315839 0.00909983
0 0.815955 0.498082 0.36809 0.227505 0.00908001
0 0.728305 0.30061 0.412142 0.318305 0.00907803
0 0 0.210855 0 0.322532 0.00903535
0 0.675172 0.215147 0.59141 0.26645 0.00903507
0 0.693785 0.127499 0.363824 0.254999 0.00901905
0 0.00145918 0.847633 0.00291837 0.245515 0.00900153
0 0.954227 0.0636921 0.0915459 0.127384 0.00898906
0 0.44154 0.0190918 0.171256 0.0381835 0.00892467
0 0 0.21779 0 0.324814 0.00890818
0 0.977888 0.201172 0.0442247 0.232665 0.00890795
0 0.133083 0.0753788 0.121137 0.150758 0.00888781
0 0.0419246 0.380646 0.0838493 0.275628 0.00887164
0 0.315274 0.334176 0.630549 0.346887 0.00886777
0 0.376011 0.51209 0.327253 0.198305 0.00885327
0 0.112759 0.915921 0.174433 0.168158 0.00884355
0 0.854574 0.073397 0.13988 0.146794 0.0088197
0 0.849751 0.215413 0.300499 0.267512 0.00880037
0 0.795882 0.741996 0.184064 0.286456 0.00879876
0 0.0640204 0.120713 0.128041 0.241425 0.00877552
0 0.219357 0.624611 0.194663 0.266144 0.00876386
0 0.864637 0.189553 0.270726 0.379106 0.00872059
0 0.370962 0.928226 0.130502 0.143548 0.00866359
0 0.00372184 0.902864 0.00744367 0.194273 0.008644
0 0.683585 0.812737 0.139405 0.219707 0.00864202
0 0.61545 0.656929 0.143044 0.225595 0.00862556
0 0.498433 0.125215 0.996865 0.250429 0.00861194
0 0.189518 0.547381 0.142984 0.242811 0.0085854
0 0.578432 0.150458 0.518955 0.300916 0.00856533
0 0.477618 0.202976 0.955236 0.405952 0.00856308
0 0.520529 0.62684 0.35222 0.176898 0.00855018
0 0.836865 0.291286 0.32627 0.320542 0.00850137
0 0.261715 0.371224 0.52343 0.368774 0.00848836
0 0.383941 0.547452 0.344122 0.22219 0.00848135
0 0.643306 0.0503062 0.259605 0.100612 0.00847217
0 0.707615 0.132874 0.584771 0.265747 0.00843951
0 0.0421101 0.1684 0.0842203 0.299922 0.00840002
0 1 0.447019 0 0.266501 0.00837814
0 0.0418458 0.841839 0.0836916 0.247064 0.0083778
0 0.181747 0.590852 0.363494 0.390278 0.00832643
0 0.227817 0.403212 0.455634 0.432069 0.00830955
0 0.116134 0.485365 0.232267 0.388957 0.00830265
0 0.272974 0.903522 0.379048 0.192955 0.00829405
0 0.640967 0.0333383 0.211536 0.0666767 0.00829007
0 0 0.794091 0 0.251893 0.00821668
0 0.716643 0.470966 0.389124 0.289889 0.00820943
0 0.79124 0.883631 0.417519 0.232738 0.00819637
0 0 0.154938 0 0.309875 0.00811487
0 0.0340915 0.937523 0.0681831 0.124953 0.00806656
0 0.466836 0.951923 0.181533 0.0961538 0.0080471
0 0.0040288 0.873518 0.0080576 0.241184 0.00802729
0 0.242713 0.114483 0.448632 0.228966 0.00791895
0 0.274946 0.585494 0.43601 0.309521 0.00791593
0 0 0.857854 0 0.284293 0.00790474
0 0.113657 0.240126 0.227314 0.397704 0.00789693
0 0.00615217 0.120026 0.0123043 0.240052 0.00789608
0 0.0411662 0.782153 0.0823325 0.265162 0.00789601
0 0.796807 0.833198 0.406387 0.333603 0.00789166
0 0.222626 0.421062 0.445251 0.458854 0.00789094
0 0.829863 0.104484 0.340273 0.208968 0.00785895
0 0.680607 0.0545928 0.273912 0.109186 0.0078441
0 0.0618839 0.883808 0.123768 0.232384 0.00783994
0 0.0409195 0.728849 0.0818391 0.271373 0.0078378
0 0.453899 0.340065 0.387881 0.322984 0.00783762
0 0.78018 0.477793 0.407131 0.323676 0.00783271
0 0.863713 0.562815 0.165831 0.255853 0.00781244
0 0.368411 0.628952 0.360671 0.225919 0.00779645
0 0.807092 0.352262 0.162368 0.203697 0.00777702
0 0.223042 0.0509772 0.154272 0.101954 0.00776207
0 0.822247 0.216966 0.334232 0.211885 0.00776079
0 0.84732 0.615597 0.210995 0.331939 0.00772966
0 0.598204 0.330967 0.555708 0.35983 0.00772502
0 0 0.0789856 0 0.157971 0.00769396
0 0 0.941339 0 0.117323 0.00765382
0 0.0336899 0.914311 0.0673798 0.171377 0.00764205
0 0 0.261245 0 0.320742 0.0076225
0 0.0442433 0.951513 0.0884867 0.0969731 0.00759672
0 0.371054 0.452751 0.311844 0.194751 0.00758466
0 0.202188 0.953535 0.159809 0.0929306 0.00758276
0 0 0.169508 0 0.335127 0.00753829
0 1 0.569636 0 0.428813 0.00752327
0 0.647163 0.91508 0.433488 0.16984 0.0075026
0 0.672477 0.881515 0.192238 0.236971 0.00749506
0 0.00445633 0.770646 0.00891266 0.240135 0.00749205
0 0.0382864 0.636926 0.0765728 0.392244 0.00749148
0 0.342127 0.874284 0.459263 0.251432 0.00744921
0 0.741018 0.899675 0.179698 0.20065 0.00743729
0 0.0332901 0.119639 0.0665803 0.239277 0.00742302
0 0.00454012 0.821998 0.00908024 0.239263 0.00738637
0 0.416549 0.945088 0.122661 0.109824 0.007375
0 0.0127436 0.965215 0.0254872 0.0695705 0.00736704
0 1 0.492391 0 0.275538 0.00736324
0 0.905242 0.12235 0.124134 0.244701 0.00735974
0 0 0.690665 0 0.307463 0.00734294
0 0.0392702 0.477119 0.0785404 0.34904 0.00734286
0 0.81293 0.395428 0.374139 0.416702 0.00733108
0 0 0.623095 0 0.30668 0.00732641
0 0.557507 0.234116 0.884986 0.468232 0.00732479
0 1 0.805963 0 0.388074 0.00731828
0 0.774956 0.924516 0.155557 0.150967 0.00731588
0 0.121215 0.588621 0.24243 0.401048 0.00730673
0 0.122575 0.915444 0.245151 0.169112 0.00728998
0 0.239444 0.816584 0.478889 0.366833 0.00726205
0 0.481683 0.779308 0.365649 0.441384 0.00725958
0 0.475655 0.861756 0.189727 0.138652 0.89598
0 1 0.114172 0 0.228344 0.0229511
0 0.00187513 0.0792198 0.00375025 0.15844 0.0173015
0 0.00402056 0.0787175 0.00804112 0.157435 0.0117134
0 0.454674 0.84918 0.151868 0.113684 0.0113854
0 0 0.0743275 0 0.148655 0.0109497
0 0.990631 0.115881 0.0187378 0.231762 0.00947684
0 0.118647 0.797301 0.237293 0.316438 0.00861587
0 0.46661 0.967184 0.420803 0.0656326 0.00858078
0 0.118326 0.698307 0.236652 0.320503 0.00838005
0 0.674984 0.778436 0.423248 0.233437 0.0083296
0 0.544061 0.89228 0.362841 0.21544 0.00832726
0 0.393833 0.967462 0.409436 0.0650766 0.00820957
0 0.587171 0.738783 0.42459 0.273827 0.00815076
0 0.11484 0.594304 0.229679 0.307851 0.00798461
0 0.498512 0.861305 0.369169 0.148437 0.0079814
0 0.295267 0.787798 0.438536 0.261537 0.00791947
0 0.512726 0.752346 0.409645 0.303336 0.00789571
0 0.552719 0.966913 0.418389 0.066174 0.00783526
0 0.111923 0.541458 0.223845 0.299506 0.00782389
0 0.583699 0.858797 0.417736 0.17766 0.00782334
0 0.68736 0.848687 0.444821 0.270688 0.00779705
0 0.457108 0.889967 0.355478 0.220066 0.00777999
0 0.653944 0.646139 0.476831 0.265741 0.00777406
0 0.966159 0.31916 0.0676828 0.206096 0.00775898
0 0.224641 0.775717 0.449283 0.254431 0.00775554
0 0.365711 0.759606 0.448834 0.334845 0.00774687
0 0.658904 0.580479 0.507856 0.280725 0.00770136
0 0.313383 0.665577 0.497111 0.314725 0.00767984
0 0.529099 0.683304 0.428946 0.278505 0.00762525
0 0.959537 0.264955 0.080926 0.212772 0.0075997
0 0.155127 0.737383 0.310255 0.298964 0.00759498
0 0.951396 0.164397 0.097208 0.199127 0.00757312
0 0.679593 0.726005 0.43241 0.252983 0.00751372
0 0.950377 0.215123 0.0992463 0.191099 0.00750384
0 0.759433 0.719875 0.456316 0.260509 0.00750032
0 0.235485 0.740379 0.47097 0.287219 0.00749876
0 0.754313 0.775366 0.446515 0.241699 0.00749054
0 0.162178 0.842463 0.324356 0.315075 0.00748037
0 0.240932 0.660872 0.481864 0.290267 0.00747687
0 0.313792 0.968175 0.394447 0.0636505 0.00745735
0 0.254688 0.582571 0.478702 0.287261 0.00745517
0 0.379089 0.709231 0.481323 0.321339 0.0074404
0 0.568136 0.787352 0.404484 0.232645 0.00739969
0 0.390793 0.8609 0.364203 0.144912 0.00735243
0 0.96372 0.363459 0.0725598 0.19544 0.00734453
0 0.732712 0.634833 0.484799 0.267116 0.00733199
0 0.971703 0.0396578 0.0565935 0.0793156 0.00732531
0 0.228117 0.845069 0.432724 0.25902 0.00720898
0 0.962891 0.412221 0.0742172 0.20277 0.00716884
0 0.233294 0.894567 0.403706 0.210867 0.00716519
0 0.111661 0.937585 0.223322 0.12483 0.00715514
0 0.453308 0.589619 0.516961 0.314936 0.00713888
0 0.313608 0.902969 0.357776 0.194063 0.00712364
0 0.969186 0.563501 0.0616272 0.1855 0.00709332
0 0.183962 0.764825 0.367924 0.250797 0.00708699
0 0.966393 0.45873 0.0672149 0.200236 0.00708071
0 0.965953 0.511574 0.0680935 0.194415 0.00708062
0 0.181722 0.677173 0.363443 0.267286 0.00707298
0 0.614046 0.905299 0.36546 0.189401 0.00705558
0 0.0107607 0.089482 0.0215213 0.178964 0.00705017
0 0.976647 0.661439 0.0467066 0.187715 0.00698756
0 0.599411 0.671838 0.437747 0.256063 0.00697504
0 0.970932 0.0671209 0.0581351 0.134242 0.00696047
0 0.109324 0.896374 0.218649 0.207253 0.00695109
0 0.535949 0.596653 0.476545 0.320657 0.00694547
0 0.972876 0.612539 0.0542485 0.178415 0.00692878
0 0.982189 0.766355 0.0356214 0.199187 0.00691198
0 0.18933 0.842194 0.37866 0.31423 0.00685997
0 0.335529 0.583325 0.481615 0.299969 0.00685405
0 1 0.0988875 0 0.197775 0.00685402
0 0.989243 0.0791076 0.0215148 0.158215 0.00684614
0 0 0.0814844 0 0.162969 0.00684462
0 0.979842 0.712771 0.0403168 0.19628 0.0068391
0 0.679195 0.896211 0.442916 0.207577 0.00680989
0 0.67585 0.528415 0.484598 0.267234 0.00677388
0 0.258199 0.527018 0.462787 0.271175 0.00672853
0 0.623141 0.966554 0.41751 0.0668921 0.00665565
0 0.776712 0.583684 0.446576 0.268828 0.00662299
0 0.000722376 0.0918312 0.00144475 0.183662 0.00661453
0 0.178897 0.952877 0.357795 0.0942467 0.00659526
0 0.108887 0.443968 0.217775 0.303331 0.00657852
0 0.14759 0.940333 0.29518 0.119334 0.00650999
0 0.718564 0.490679 0.562871 0.304351 0.00650559
0 0.106646 0.392132 0.213292 0.293016 0.00648185
0 0.377197 0.801918 0.390407 0.24079 0.00646205
0 0.492916 0.805551 0.369573 0.236815 0.00640654
0 0.794271 0.668953 0.411458 0.236168 0.00639984
0 0.988032 0.903935 0.0239353 0.19213 0.0063948
0 0.479661 0.770276 0.185134 0.0654179 0.0063691
0 0.850394 0.627468 0.299213 0.278764 0.00635838
0 0.838412 0.73316 0.323176 0.297586 0.00632408
0 0.682824 0.340934 0.46273 0.290517 0.00626595
0 0.401393 0.663569 0.57469 0.301943 0.00625183
0 0.983095 0.817874 0.0338107 0.203149 0.00623354
0 0.391926 0.526604 0.514328 0.272347 0.00621461
0 0.782796 0.533381 0.434409 0.285106 0.00621142
0 0.205788 0.644289 0.411577 0.257217 0.00621096
0 0.144497 0.894796 0.288993 0.210408 0.00616476
0 0.105559 0.328242 0.211118 0.268325 0.00614828
0 0.526983 0.38888 0.49409 0.291428 0.00614347
0 0.203797 0.96286 0.407593 0.0742805 0.00602378
0 0.657663 0.45669 0.557208 0.330459 0.00601701
0 0.147021 0.641315 0.294042 0.293452 0.00599333
0 0.760882 0.846142 0.462484 0.307715 0.0059911
0 0.112599 0.131429 0.225199 0.262857 0.00596586
0 0.848198 0.680392 0.303604 0.271707 0.00596527
0 0.666879 0.391277 0.527438 0.303585 0.00594463
0 0.442808 0.489307 0.544847 0.303502 0.00593098
0 0.834513 0.783996 0.330974 0.281746 0.00590664
0 0.340586 0.854922 0.368563 0.179758 0.00589121
0 0.605174 0.490695 0.509653 0.301685 0.00587893
0 0.326835 0.486474 0.494926 0.295216 0.00587454
0 0.855225 0.535142 0.28955 0.288996 0.00586564
0 0.145613 0.273672 0.291226 0.253188 0.00582771
0 0.143865 0.325471 0.287729 0.257113 0.00579402
0 0.147977 0.0976388 0.295954 0.195278 0.0057927
0 0.907836 0.623755 0.184327 0.258175 0.00578991
0 0.151732 0.125841 0.303463 0.251683 0.0057804
0 0.907405 0.575769 0.185189 0.262924 0.00576327
0 0.110737 0.107828 0.221474 0.215656 0.00575794
0 0.923274 0.17955 0.153452 0.259784 0.00575545
0 0.0582271 0.819599 0.116454 0.355184 0.00575472
0 0.334361 0.3877 0.448713 0.282896 0.00575266
0 0.907916 0.677621 0.184168 0.261886 0.00575074
0 0.96312 0.0982403 0.0737596 0.196481 0.00575043
0 0.907721 0.527443 0.184557 0.26965 0.00574457
0 0.148257 0.21607 0.296515 0.253318 0.00574354
0 0.382549 0.432365 0.530334 0.28583 0.00570195
0 0.811642 0.491711 0.376716 0.307183 0.00569594
0 0.405025 0.893337 0.347827 0.213326 0.00569213
0 0.983661 0.874005 0.0326778 0.211346 0.0056786
0 0.514083 0.451573 0.546988 0.324648 0.00567709
0 0.540331 0.342518 0.453115 0.29422 0.00567238
0 0.179028 0.584315 0.358057 0.285284 0.00566484
0 0.149524 0.489307 0.299048 0.299589 0.00559013
0 0.921451 0.942881 0.157098 0.114238 0.00558135
0 0.697569 0.128189 0.45884 0.256378 0.00557477
0 0.106942 0.2219 0.213884 0.260161 0.0055722
0 0.174115 0.340351 0.34823 0.28456 0.00556608
0 0.791816 0.341317 0.416368 0.291033 0.00555091
0 0.109685 0.176126 0.21937 0.276952 0.0055449
0 0.280696 0.121825 0.464926 0.243651 0.00554088
0 0.105881 0.274193 0.211762 0.258588 0.00553149
0 0.826834 0.291223 0.346333 0.300321 0.00552514
0 0.178447 0.871598 0.356894 0.256803 0.00552405
0 0.00363881 0.390163 0.00727761 0.263856 0.00549279
0 0.794671 0.144046 0.410658 0.288091 0.00548349
0 0.0030889 0.440923 0.00617781 0.263517 0.00547575
0 0.878235 0.941099 0.243529 0.117801 0.00544692
0 0.0405759 0.06867 0.0811518 0.13734 0.00544421
0 0.745259 0.296593 0.479307 0.313847 0.00540913
0 0.212652 0.488158 0.425304 0.295062 0.00540474
0 0.536415 0.532364 0.471633 0.268181 0.0053871
0 0.917546 0.279479 0.164907 0.26078 0.00537793
0 0.911792 0.476153 0.176417 0.270708 0.00537642
0 0.82825 0.842969 0.343501 0.314062 0.00537063
0 0.0139566 0.794198 0.0279132 0.284628 0.00536601
0 0.843119 0.115086 0.313762 0.230171 0.00535994
0 0.916089 0.331982 0.167822 0.262412 0.00535719
0 0.00266264 0.490208 0.00532528 0.262046 0.00535039
0 0.145428 0.39395 0.290857 0.301795 0.00534661
0 0.790756 0.393927 0.418488 0.293629 0.00532765
0 0.914991 0.375934 0.170019 0.250804 0.00531939
0 0.00429019 0.338569 0.00858039 0.26597 0.00531737
0 0.375906 0.649025 0.0918106 0.108153 0.00529544
0 0.914052 0.427503 0.171895 0.263486 0.00527922
0 0.148647 0.444089 0.297294 0.314475 0.00527878
0 0.792317 0.190842 0.415365 0.29929 0.00526702
0 0.0622905 0.760436 0.124581 0.339703 0.00526414
0 0.0293109 0.133343 0.0586219 0.266685 0.00526304
0 0.140542 0.0870582 0.281085 0.174116 0.0052617
0 0.899952 0.732374 0.200096 0.286556 0.00524266
0 0.265503 0.435957 0.469804 0.291319 0.00524231
0 0.0150427 0.533401 0.0300855 0.26605 0.00523913
0 0.27229 0.347931 0.432306 0.303199 0.00523547
0 0.692668 0.9636 0.427125 0.0727994 0.0052173
0 0.610051 0.298126 0.462298 0.30778 0.00521129
0 0.0143882 0.580761 0.0287764 0.260267 0.00520351
0 0.847083 0.388737 0.305834 0.280983 0.0051839
0 0.00255745 0.636175 0.00511491 0.257122 0.00517897
0 0.919103 0.232333 0.161794 0.247929 0.00517802
0 0.0151117 0.683926 0.0302234 0.268324 0.00517656
0 0.875033 0.0905479 0.249935 0.181096 0.0051419
0 0.401061 0.344637 0.45203 0.301049 0.00512991
0 0.927238 0.124617 0.145524 0.249233 0.00512828
0 0.17594 0.529729 0.351879 0.273686 0.00512152
0 0.0144952 0.740204 0.0289905 0.278965 0.00511734
0 1 0.0951223 0 0.190245 0.0051121
0 0.804838 0.903204 0.390324 0.193593 0.0051034
0 0.184626 0.594409 0.160166 0.119647 0.00509701
0 0.845115 0.443656 0.30977 0.303414 0.00507966
0 0.00495985 0.287191 0.0099197 0.268427 0.00505889
0 0.833672 0.898144 0.332657 0.203711 0.00505163
0 0.755153 0.885305 0.452107 0.229391 0.00503888
0 0.752667 0.233238 0.464713 0.288171 0.00500849
0 0.890264 0.108894 0.219472 0.217787 0.00500176
0 0.956787 0.0792475 0.0864263 0.158495 0.00499566
0 0.55974 0.119211 0.453133 0.238422 0.00499565
0 0.844601 0.190244 0.310799 0.292892 0.00498301
0 0.987673 0.946262 0.0246532 0.107475 0.00493653
0 0.0056408 0.238181 0.0112816 0.271938 0.00490745
0 0.0595346 0.651503 0.119069 0.319386 0.00490652
0 0.475429 0.247912 0.446572 0.287138 0.00488056
0 0.874917 0.897649 0.250166 0.204703 0.00486715
0 0.336114 0.115435 0.466996 0.23087 0.00485838
0 0.00211448 0.937681 0.00422895 0.124637 0.00485394
0 0.552258 0.182631 0.451021 0.298197 0.00483981
0 0.869064 0.338311 0.261873 0.277919 0.00483813
0 0.686048 0.19194 0.466932 0.303126 0.00481897
0 0.800861 0.0697608 0.134262 0.139522 0.00481636
0 0.933547 0.0439976 0.132906 0.0879952 0.00481089
0 0.0262127 0.934068 0.0524253 0.131863 0.00480898
0 0.753776 0.122569 0.453625 0.245138 0.00480619
0 0.834916 0.0750181 0.138405 0.150036 0.00477667
0 0.141509 0.0840506 0.170407 0.168101 0.00476814
0 0.808724 0.94781 0.382553 0.104379 0.00476248
0 0.0265197 0.183247 0.0530395 0.279776 0.00473739
0 0.0609774 0.119482 0.121955 0.238964 0.00468634
0 0.837852 0.236227 0.324297 0.279265 0.00468592
0 0.211083 0.390516 0.422166 0.297403 0.00466291
0 0.0161674 0.850945 0.0323348 0.298109 0.00465927
0 0.618611 0.119101 0.452607 0.238202 0.00462351
0 0.911251 0.0843068 0.177498 0.168614 0.00461721
0 0.572511 0.598334 0.126004 0.111292 0.00461216
0 0.280832 0.294668 0.42186 0.291675 0.00458606
0 0.279753 0.225632 0.434866 0.273963 0.0045643
0 0.87084 0.0786012 0.144128 0.157202 0.0045483
0 0.922937 0.899183 0.154127 0.201634 0.00451072
0 0.764516 0.956555 0.431784 0.086891 0.00447232
0 0.764767 0.0665066 0.13682 0.133013 0.00446113
0 0.274009 0.0674638 0.165895 0.134928 0.00446108
0 0.41162 0.29449 0.439832 0.291882 0.00445674
0 0.304689 0.0621003 0.168622 0.124201 0.00443261
0 0.0192427 0.901589 0.0384853 0.196822 0.0044141
0 0.888324 0.839624 0.223352 0.299698 0.00439621
0 0.176396 0.112905 0.352792 0.22581 0.00439591
0 0.287252 0.17051 0.438472 0.275166 0.004393
0 0.176736 0.0821818 0.16678 0.164364 0.00436416
0 0.241141 0.0740946 0.164357 0.148189 0.00435076
0 0.992388 0.0896095 0.0152246 0.179219 0.00434
0 0.424444 0.115075 0.441033 0.230149 0.00431801
0 0.208627 0.0788496 0.166759 0.157699 0.00428638
0 0.620205 0.242245 0.441545 0.291714 0.0042615
0 0.214003 0.288233 0.418244 0.275829 0.00425986
0 0.835809 0.0927709 0.328382 0.185542 0.00424889
0 0.993387 0.0808065 0.0132269 0.161613 0.00424705
0 0.0772237 0.0832524 0.154447 0.166505 0.00421637
0 0.343638 0.236577 0.439118 0.280648 0.00421109
0 0.0995949 0.0834132 0.188136 0.166826 0.00420456
0 0.179828 0.176612 0.359656 0.280064 0.00420211
0 0.336448 0.0599839 0.170883 0.119968 0.00419587
0 0.905884 0.0805115 0.152112 0.161023 0.00419378
0 0.729465 0.065326 0.13621 0.130652 0.00416573
0 0.935017 0.0804889 0.129965 0.160978 0.00414348
0 0 0.941244 0 0.117513 0.00408131
0 0.174902 0.0890432 0.349804 0.178086 0.00405824
0 0.055185 0.499296 0.11037 0.312746 0.00404738
0 0.153815 0.597972 0.0951902 0.111551 0.00401864
0 0.215824 0.213645 0.431649 0.254364 0.00401776
0 0.796748 0.0971624 0.406505 0.194325 0.00399139
0 0.620131 0.0653243 0.145036 0.130649 0.00398133
0 0.0611461 0.232465 0.122292 0.289877 0.00397764
0 0.0600617 0.336639 0.120123 0.295221 0.00396816
0 0.332516 0.0953876 0.443031 0.190775 0.00395993
0 0.0603022 0.282094 0.120604 0.286323 0.0039339
0 0.654418 0.0651676 0.144773 0.130335 0.0039162
0 0.403524 0.0609471 0.167089 0.121894 0.00390202
0 0.0593955 0.396338 0.118791 0.309425 0.00389681
0 0.692622 0.0650427 0.138339 0.130085 0.00381895
0 0.0552177 0.875139 0.110435 0.249721 0.00381173
0 0.878978 0.694468 0.162119 0.123327 0.00380606
0 0.321334 0.583706 0.0932374 0.101767 0.00377749
0 0.439812 0.0616744 0.163279 0.123349 0.00376706
0 0.421528 0.173173 0.436156 0.281384 0.00376069
0 0.0653336 0.0951654 0.130667 0.190331 0.00374122
0 0.303367 0.584876 0.108704 0.102061 0.00370286
0 0.0477613 0.962927 0.0955226 0.0741457 0.00369123
0 0.040763 0.94241 0.081526 0.115179 0.00367764
0 0.686547 0.0970469 0.449345 0.194094 0.00366781
0 0.585337 0.0647498 0.147087 0.1295 0.00363293
0 0.296071 0.909858 0.192135 0.128818 0.00361806
0 0.862222 0.961255 0.214166 0.0774891 0.00357593
0 0.529523 0.867835 0.0859759 0.117891 0.00357364
0 0.749275 0.0903544 0.432601 0.180709 0.00356776
0 0.540831 0.0966973 0.464048 0.193395 0.00355571
0 0.613641 0.0880877 0.432963 0.176175 0.0035461
0 0.859637 0.701495 0.132021 0.0932434 0.00353626
0 0.0178856 0.962598 0.0357711 0.0748043 0.00351955
0 0.00617524 0.125856 0.0123505 0.251712 0.00351679
0 0.470231 0.0898369 0.43647 0.179674 0.00351553
0 0.549425 0.0632488 0.146501 0.126498 0.00349813
0 0.475706 0.0619247 0.158754 0.123849 0.00348781
0 0.514492 0.0622238 0.149832 0.124448 0.00344527
0 0 0.956017 0 0.0879663 0.00343605
0 1 0.270566 0 0.242102 0.00339771
0 0.272258 0.799547 0.242707 0.141909 0.00331448
0 0.838508 0.715007 0.0849631 0.0767725 0.00331386
0 0.946478 0.82444 0.107045 0.235271 0.00329032
0 0.474882 0.833742 0.160632 0.0853371 0.00320359
0 0.476188 0.863074 0.189655 0.143038 0.942491
0 1 0.886896 0 0.226207 0.0135547
0 1 0.910814 0 0.178373 0.0122737
0 1 0.899196 0 0.201607 0.0116809
0 1 0.860437 0 0.279125 0.0115875
0 1 0.816462 0 0.289452 0.0101576
0 1 0.764615 0 0.285117 0.00924574
0 1 0.715412 0 0.287208 0.0087115
0 0.169457 0.417991 0.338914 0.398318 0.00836092
0 1 0.103057 0 0.206114 0.00835235
0 0.133781 0.480035 0.267563 0.302659 0.00830349
0 1 0.640235 0 0.287569 0.00823966
0 0.0809046 0.743092 0.161809 0.453391 0.00806732
0 1 0.3426 0 0.300006 0.00802683
0 0.119486 0.526262 0.238971 0.288558 0.00794664
0 1 0.390034 0 0.293674 0.00784026
0 1 0.590555 0 0.289006 0.00778207
0 0.109976 0.571187 0.219953 0.269069 0.00776205
0 0.576353 0.936466 0.293669 0.127068 0.00769121
0 0.317071 0.890304 0.372001 0.219391 0.00755375
0 1 0.540722 0 0.290912 0.00739079
0 0.153841 0.501025 0.307682 0.618971 0.00738191
0 1 0.490515 0 0.292239 0.00737027
0 0.0631738 0.813145 0.126348 0.37371 0.00735086
0 1 0.268967 0 0.303491 0.00728293
0 0.0983296 0.625704 0.196659 0.267253 0.00727469
0 0.0970865 0.547058 0.194173 0.239262 0.00727146
0 0.990998 0.0951991 0.0180042 0.190398 0.0072193
0 0.106392 0.657964 0.212785 0.504946 0.0072164
0 0.210491 0.967249 0.298946 0.0655018 0.00713325
0 1 0.193918 0 0.303499 0.00712712
0 0.527095 0.899876 0.3411 0.200249 0.00712558
0 0.115655 0.608919 0.231311 0.5372 0.00712537
0 0.104247 0.905757 0.208494 0.188485 0.00712222
0 0.186697 0.317428 0.373394 0.399583 0.00711717
0 0.0293833 0.130276 0.0587667 0.260552 0.00710689
0 0.0848681 0.734226 0.169736 0.244827 0.00710213
0 0.0908602 0.593647 0.18172 0.223313 0.00709603
0 0.0868697 0.778735 0.173739 0.236648 0.00707216
0 0.234013 0.562939 0.311314 0.247358 0.00706532
0 0.0928073 0.678557 0.185615 0.252913 0.00692648
0 0.175123 0.51297 0.339794 0.195386 0.00691533
0 1 0.439733 0 0.292383 0.0068833
0 0.307225 0.966984 0.338539 0.0660315 0.00685184
0 0.746207 0.908093 0.318955 0.183814 0.00684752
0 0.911834 0.117964 0.176331 0.235927 0.00683539
0 0.0889279 0.700377 0.177856 0.209591 0.00678383
0 0.128337 0.86401 0.256674 0.20185 0.00678216
0 0.0326419 0.969943 0.0652838 0.0601139 0.00674677
0 0.103517 0.504131 0.207034 0.226755 0.00671057
0 0.0788604 0.861381 0.157721 0.277238 0.00667706
0 0.0472186 0.903094 0.0944371 0.193812 0.00666732
0 0.994154 0.796844 0.0116923 0.21634 0.00666433
0 0.0851921 0.649024 0.170384 0.2073 0.00665673
0 0.246989 0.605379 0.293331 0.239806 0.00664444
0 0.148339 0.935008 0.296678 0.129985 0.00664351
0 0.980311 0.426648 0.0393784 0.684624 0.00663915
0 0.690038 0.929694 0.282127 0.140613 0.00661574
0 0.763042 0.698063 0.316824 0.205199 0.00659726
0 0.794806 0.869446 0.29187 0.195966 0.00659571
0 0.352606 0.268822 0.705213 0.347646 0.00658782
0 0.582961 0.967742 0.339428 0.0645166 0.0065852
0 0.703318 0.661721 0.324016 0.166064 0.00658321
0 0.089219 0.188551 0.178438 0.377102 0.00657761
0 0.562568 0.352291 0.874864 0.561475 0.00657658
0 0.102576 0.793857 0.205152 0.21309 0.00657577
0 0.381561 0.859827 0.2482 0.160613 0.00654099
0 0.126992 0.801892 0.253983 0.193746 0.00653799
0 0.00557745 0.910752 0.0111549 0.178497 0.00653694
0 0.10516 0.858722 0.210319 0.219921 0.00653237
0 0.0960159 0.753534 0.192032 0.213108 0.0065252
0 0.552596 0.556151 0.317511 0.234875 0.00652212
0 0.130902 0.707983 0.261805 0.18851 0.00650634
0 0.99712 0.700999 0.00576008 0.22315 0.00650298
0 0.629789 0.660777 0.318663 0.170862 0.00649073
0 0.357352 0.643314 0.338242 0.182508 0.00649071
0 0.740021 0.872595 0.306096 0.200601 0.0064856
0 0.505281 0.930312 0.239867 0.139377 0.0064828
0 0.995096 0.750795 0.00980707 0.2234 0.00646351
0 0.213775 0.937449 0.286709 0.125102 0.00645974
0 0.155256 0.557809 0.310513 0.229462 0.00645509
0 0.654626 0.909806 0.333253 0.180388 0.00644468
0 0.0370415 0.927452 0.074083 0.145097 0.0064392
0 0.132412 0.908687 0.264823 0.182627 0.00640383
0 0.490582 0.648488 0.302608 0.176471 0.00640215
0 0.0221154 0.83587 0.0442308 0.32826 0.00639115
0 0.275214 0.513687 0.31952 0.183245 0.00638808
0 0.492493 0.558601 0.312363 0.239763 0.00637806
0 0.997151 0.64893 0.00569759 0.221605 0.00637737
0 0.623131 0.550596 0.312592 0.229712 0.00634636
0 0.849047 0.473321 0.301907 0.449218 0.00633767
0 0.694969 0.546014 0.314412 0.226311 0.00632971
0 0.559891 0.502785 0.352738 0.159882 0.00632439
0 0.546548 0.777341 0.332344 0.219997 0.00632036
0 0.147163 0.110287 0.294325 0.220574 0.00631612
0 0.67053 0.966977 0.356557 0.0660454 0.00629026
0 0.879735 0.0927861 0.24053 0.185572 0.00628395
0 0.996551 0.596839 0.00689869 0.252487 0.00628165
0 0.858685 0.711831 0.282629 0.204702 0.00628014
0 1 0.148584 0 0.297167 0.00627429
0 0.853289 0.560447 0.293423 0.2382 0.0062653
0 0.8758 0.970062 0.2484 0.0598766 0.00624643
0 0.522886 0.968819 0.33382 0.0623621 0.00624219
0 0.827002 0.517694 0.345472 0.20692 0.00624184
0 0.131452 0.966522 0.262904 0.0669558 0.00622826
0 0.993018 0.971541 0.0139631 0.056918 0.00622436
0 0.233942 0.638181 0.301079 0.213081 0.00621768
0 0.768226 0.664051 0.326337 0.167509 0.00620912
0 0.353271 0.721161 0.336973 0.170818 0.00620366
0 0.4513 0.967525 0.339649 0.064951 0.00620303
0 0.808361 0.90445 0.302838 0.191099 0.00620258
0 0.995426 0.921987 0.00914706 0.156026 0.00619411
0 0.990138 0.876413 0.0197238 0.247175 0.00616057
0 0.266254 0.719175 0.299606 0.169781 0.00616033
0 0.355142 0.14056 0.710284 0.281119 0.00615844
0 0.826079 0.46618 0.347842 0.269947 0.0061551
0 0.633241 0.506988 0.350154 0.165458 0.0061486
0 0.860099 0.667735 0.279802 0.174631 0.0061466
0 0.713255 0.761709 0.299205 0.173192 0.00614503
0 0.488406 0.520741 0.317599 0.187568 0.00613874
0 0.281593 0.558659 0.327017 0.209513 0.00613868
0 0.423835 0.518576 0.317182 0.188967 0.00613476
0 0.126362 0.762103 0.252723 0.191389 0.00612949
0 0.644238 0.765695 0.301807 0.192882 0.00612625
0 0.859486 0.616789 0.281029 0.197365 0.00612315
0 0.860909 0.81735 0.278182 0.19588 0.00609307
0 0.210457 0.769302 0.315605 0.180864 0.00607827
0 0.638603 0.804106 0.315574 0.215194 0.00606946
0 0.155032 0.606287 0.310065 0.223434 0.00606433
0 0.52192 0.385857 0.667341 0.407192 0.00605583
0 0.551986 0.655766 0.312408 0.169997 0.00605414
0 0.13972 0.652702 0.27944 0.194279 0.00605328
0 0.808557 0.320681 0.382886 0.399739 0.00605249
0 0.122354 0.351962 0.244709 0.216634 0.00604056
0 0.970655 0.128642 0.0586903 0.257284 0.00603928
0 0.35955 0.564364 0.325852 0.215028 0.00603726
0 0.271771 0.643143 0.311454 0.175049 0.00603656
0 0.430064 0.642551 0.313716 0.188893 0.00601937
0 0.00434491 0.0942132 0.00868981 0.188426 0.00601414
0 0.176385 0.705824 0.352769 0.195977 0.00601371
0 0.352283 0.516515 0.327668 0.187169 0.00597285
0 0.4031 0.210738 0.764551 0.416196 0.00595977
0 0.687679 0.217904 0.624641 0.435807 0.00594491
0 0.645575 0.873015 0.335603 0.191423 0.00593402
0 0.820519 0.565839 0.31143 0.174846 0.00592957
0 0.859554 0.777092 0.280891 0.206401 0.00592883
0 0.462655 0.8998 0.230026 0.200399 0.00590866
0 0.484536 0.721128 0.291232 0.178411 0.00590667
0 0.258825 0.13162 0.517649 0.26324 0.00588916
0 0.416344 0.803483 0.31117 0.26494 0.00588637
0 0.0330572 0.638072 0.0661144 0.612331 0.00588495
0 0.0676011 0.108933 0.135202 0.217867 0.00586837
0 0.781413 0.112355 0.437174 0.22471 0.00585684
0 0.769157 0.594769 0.316033 0.167159 0.00584171
0 0.310998 0.178299 0.621995 0.356598 0.00584076
0 0.718243 0.800361 0.293282 0.206413 0.00584002
0 0.105984 0.926114 0.211969 0.147771 0.00583267
0 0.428078 0.887146 0.291282 0.186072 0.00582982
0 0.105793 0.410651 0.211586 0.264532 0.00582382
0 0.788758 0.226261 0.422485 0.452521 0.00581301
0 1 0.0748945 0 0.149789 0.00579875
0 0.435623 0.562894 0.305522 0.235316 0.00578979
0 0.210965 0.111469 0.42193 0.222938 0.0057881
0 0.459413 0.2986 0.797602 0.408781 0.00578011
0 0.573111 0.225391 0.853778 0.450781 0.00577427
0 0.693521 0.168215 0.612957 0.336431 0.00576666
0 1 0.115499 0 0.230998 0.00574995
0 0.277494 0.115944 0.554988 0.231888 0.00573963
0 0.638401 0.383607 0.656536 0.408788 0.00572747
0 0.774455 0.80272 0.284564 0.202509 0.00571814
0 0.196637 0.866675 0.31356 0.18577 0.00571578
0 0.988606 0.53265 0.0227885 0.34879 0.00571353
0 0.817527 0.415812 0.364946 0.339777 0.00567602
0 0.860576 0.215852 0.278847 0.431704 0.00567475
0 0.702147 0.710402 0.311513 0.183965 0.00567162
0 0.202305 0.816569 0.310814 0.201055 0.00567098
0 0.85937 0.889009 0.281259 0.221983 0.00565946
0 0.997155 0.166756 0.00568898 0.333512 0.0056444
0 0.704865 0.587876 0.317872 0.164149 0.00562497
0 0.898995 0.165879 0.202009 0.331758 0.00561927
0 0.498371 0.599876 0.307611 0.171487 0.00560374
0 0.553211 0.721815 0.303793 0.180452 0.00559931
0 0.15674 0.763928 0.313481 0.184549 0.00558771
0 0.997934 0.456994 0.00413278 0.629857 0.00558004
0 0.634326 0.588863 0.318096 0.164038 0.00557646
0 0.443918 0.603602 0.297221 0.180759 0.0055734
0 0.424496 0.720123 0.30191 0.175303 0.0055658
0 0.639085 0.723381 0.304736 0.173351 0.00556554
0 0.192978 0.911492 0.317383 0.177016 0.00556472
0 0.127645 0.277764 0.255289 0.301875 0.00556454
0 0.998296 0.504437 0.00340883 0.465204 0.00555993
0 0.504463 0.280158 0.957846 0.539955 0.00555338
0 0.0263331 0.745602 0.0526662 0.508797 0.00554419
0 0.231812 0.313212 0.382046 0.243025 0.0055384
0 0.101841 0.453874 0.203682 0.245355 0.0054983
0 0.201282 0.290449 0.402564 0.284089 0.00544664
0 0.137373 0.513994 0.274747 0.205143 0.00543288
0 0.697568 0.506066 0.349873 0.170393 0.0054234
0 0.946709 0.598432 0.106581 0.26123 0.00541016
0 0.561365 0.594383 0.317695 0.165139 0.00540787
0 0.462017 0.218804 0.90617 0.437608 0.00538729
0 0.114869 0.313262 0.229737 0.267129 0.00538508
0 0.376459 0.124876 0.637209 0.249751 0.00537312
0 0.767363 0.75848 0.302633 0.161396 0.00535857
0 0.638285 0.269859 0.72343 0.481209 0.00533794
0 0.826682 0.81077 0.30275 0.188807 0.00532696
0 0.764869 0.555106 0.323141 0.197728 0.00530762
0 0.961446 0.966169 0.0771079 0.0676627 0.00527532
0 0.820328 0.699876 0.311479 0.202794 0.00525489
0 0.103057 0.965776 0.206113 0.0684473 0.00523281
0 0.101749 0.13468 0.203498 0.269361 0.00520596
0 0.0184947 0.173114 0.0369894 0.346229 0.00520039
0 0.14161 0.317144 0.28322 0.240381 0.0051793
0 0.0679745 0.079138 0.135949 0.158276 0.00517858
0 0.943608 0.491195 0.112785 0.50392 0.00517017
0 0.0456043 0.523256 0.0912087 0.677457 0.00516854
0 0.368453 0.608099 0.311086 0.193392 0.00515751
0 0.875079 0.365153 0.249842 0.730306 0.00514152
0 0.748501 0.967241 0.354994 0.0655186 0.00510802
0 0.397505 0.894058 0.349532 0.211884 0.00510524
0 0.821501 0.662515 0.30996 0.163275 0.00510504
0 0.939786 0.761096 0.120427 0.27346 0.0051027
0 0.141704 0.278207 0.283407 0.535108 0.00509107
0 0.451557 0.213795 0.589484 0.245023 0.0050849
0 0.337341 0.927899 0.266068 0.144202 0.0050754
0 0.934885 0.705636 0.130231 0.256852 0.00507476
0 0.261389 0.210686 0.522779 0.353765 0.00505666
0 0.710087 0.39691 0.452708 0.321876 0.00503681
0 0.126239 0.125481 0.252478 0.250962 0.00503673
0 0.640085 0.141122 0.71983 0.282244 0.00503456
0 0.679917 0.347247 0.640166 0.447353 0.00503441
0 0.0351437 0.24918 0.0702873 0.498359 0.00503359
0 0.51459 0.139001 0.777529 0.278003 0.00502834
0 0.801178 0.341182 0.397643 0.682364 0.00500853
0 0.819098 0.607111 0.300586 0.174162 0.00500219
0 0.926557 0.875846 0.146886 0.248309 0.00498854
0 0.473406 0.834903 0.283083 0.214254 0.00498376
0 0.791752 0.446646 0.416496 0.546217 0.0049413
0 0.154881 0.294934 0.309761 0.286426 0.00493336
0 0.402247 0.36224 0.63762 0.305534 0.0048951
0 0.957376 0.799178 0.085247 0.236389 0.00481603
0 0.403133 0.403107 0.522343 0.324608 0.00479516
0 0.979827 0.250397 0.040347 0.500795 0.00477809
0 0.79885 0.208572 0.402299 0.37978 0.00475509
0 0.931725 0.656014 0.136551 0.232057 0.00470856
0 0.120953 0.43059 0.241906 0.251463 0.00469981
0 0.166245 0.348294 0.33249 0.17538 0.00465957
0 0.477508 0.793964 0.297293 0.255568 0.00465571
0 0.466254 0.168471 0.917076 0.336941 0.00457996
0 0.465584 0.858868 0.277577 0.1492 0.00456648
0 0.73937 0.322977 0.52126 0.476557 0.00455714
0 0.535056 0.819595 0.344292 0.217581 0.00452103
0 0.53294 0.860261 0.351473 0.16871 0.00451247
0 0.00361555 0.952192 0.00723109 0.0956159 0.0044997
0 0.776464 0.407561 0.438927 0.320649 0.0044531
0 0.187416 0.169139 0.374833 0.338279 0.00443031
0 0.965269 0.205919 0.0694614 0.411837 0.00442129
0 0.763534 0.121503 0.133304 0.0772547 0.00441312
0 0.88837 0.936003 0.223261 0.127993 0.00440978
0 0.222622 0.351499 0.357165 0.186727 0.00440042
0 0.151815 0.190883 0.303631 0.352442 0.00439787
0 0.82542 0.760802 0.307135 0.164908 0.00430108
0 0.115427 0.157181 0.230853 0.292068 0.00427824
0 0.754942 0.495682 0.350915 0.195234 0.0042576
0 0.74368 0.345083 0.51264 0.365345 0.00422306
0 0.843754 0.931319 0.312493 0.137361 0.00421935
0 0.0559828 0.416461 0.111966 0.720419 0.00421672
0 0.263094 0.795597 0.303207 0.214843 0.00418249
0 0.353265 0.488039 0.34255 0.158781 0.0041794
0 0.935391 0.288829 0.129218 0.577657 0.00417714
0 0.110991 0.210593 0.221981 0.298198 0.00415521
0 0.125134 0.472267 0.250269 0.219081 0.0040702
0 1 0.94648 0 0.107039 0.00406897
0 0.270803 0.427966 0.356904 0.255558 0.00398262
0 0.102301 0.477985 0.204602 0.72516 0.00392415
0 0.303171 0.827712 0.291268 0.217036 0.00386902
0 0.837099 0.282443 0.325802 0.564886 0.00383381
0 0.15791 0.214982 0.315819 0.330927 0.00381592
0 0.355806 0.809339 0.322813 0.25591 0.00379806
0 0.111654 0.384225 0.223308 0.735918 0.00374738
0 0.187812 0.472481 0.153473 0.0989607 0.00372977
0 0.216047 0.493492 0.316039 0.164797 0.00371583
0 0.153732 0.48829 0.307463 0.189272 0.0036645
0 0 0.957702 0 0.0845964 0.00345246
0 0.144906 0.439161 0.289813 0.261089 0.00343003
0 0.533546 0.198535 0.520618 0.259668 0.00341093
0 0.0959093 0.529833 0.191819 0.706878 0.00340668
0 0.194536 0.439941 0.328443 0.251356 0.00340564
0 0 0.907996 0 0.184008 0.00330007
0 1 0.948938 0 0.102123 0.00307447
0 0.0925276 0.635441 0.185055 0.650465 0.00286023
0 1 0.0752999 0 0.1506 0.00283549
0 0 0.00253661 0 0.00507322 0.00276548
0 0.015897 0.973693 0.031794 0.052613 0.00271917
0 0.763738 0.381415 0.215806 0.116573 0.00264124
0 0.224432 0.310921 0.216238 0.216259 0.00255176
0 0.336274 0.191887 0.561098 0.313079 0.00255109
0 0 0.885156 0 0.229688 0.00252526
0 0.221378 0.466541 0.209484 0.108133 0.00248584
0 0.500945 0.202304 0.258803 0.19735 0.0023463
0 0.476004 0.862823 0.190098 0.137755 0.979279
0 0.401308 0.286579 0.223571 0.191224 0.0376038
0 0.997792 0.0927785 0.00441545 0.185557 0.027382
0 0.887286 0.580926 0.225427 0.141043 0.0178007
0 0.892034 0.715316 0.215933 0.0794281 0.0177145
0 0.192007 0.586639 0.166405 0.146744 0.0154522
0 0.0859115 0.0748861 0.161848 0.102474 0.0116689
0 0.651308 0.591822 0.22997 0.0983168 0.0104107
0 0.466056 0.593009 0.190464 0.100528 0.00941135
0 0.622471 0.285037 0.246786 0.190535 0.00929072
0 0.240791 0.587868 0.257527 0.141562 0.00926362
0 0.190208 0.567778 0.159735 0.103653 0.00921774
0 0.00301575 0.0879245 0.00603149 0.175849 0.00915044
0 0.404971 0.246547 0.223211 0.111366 0.00887797
0 0.89128 0.699883 0.217439 0.0750523 0.00845857
0 0.604196 0.621135 0.381546 0.19399 0.0074489
0 0.722853 0.42073 0.289912 0.163086 0.00727106
0 0.88375 0.38805 0.2325 0.113609 0.0070769
0 0.406003 0.624773 0.353091 0.199895 0.00673204
0 0.534576 0.625889 0.395215 0.19408 0.0067262
0 0.339164 0.621017 0.337131 0.19225 0.00666689
0 0.0872621 0.565416 0.174524 0.225788 0.00665368
0 0.466048 0.62663 0.357533 0.196916 0.00646891
0 0.0896251 0.510177 0.17925 0.242906 0.0064207
0 0.712321 0.496495 0.575357 0.416581 0.00641275
0 0.26278 0.618155 0.310428 0.18822 0.00635999
0 0.433196 0.594338 0.19308 0.103287 0.0062714
0 0.0915245 0.606675 0.183049 0.234011 0.00620288
0 0.116837 0.566411 0.233674 0.215121 0.00619959
0 0.0728288 0.47361 0.143394 0.142074 0.00619456
0 0.325625 0.563274 0.492192 0.262587 0.00618312
0 0.117819 0.612246 0.235638 0.189378 0.00613139
0 0.465412 0.546276 0.577295 0.336789 0.0061296
0 0.887691 0.339626 0.224617 0.163937 0.00611325
0 0.571839 0.938356 0.291619 0.123288 0.00609983
0 0.889619 0.730334 0.220763 0.1124 0.00608933
0 0.862142 0.359008 0.250863 0.177971 0.00608812
0 0.663848 0.519679 0.657316 0.366584 0.00608646
0 0.128179 0.510416 0.256358 0.286696 0.00608264
0 0.134633 0.963448 0.269266 0.073105 0.00603253
0 0.178477 0.430097 0.356955 0.359401 0.00602333
0 0.200825 0.561 0.386909 0.242911 0.00600737
0 0.169237 0.328963 0.327588 0.198147 0.00593286
0 0.0360254 0.968912 0.0720508 0.0621752 0.00591506
0 0.863381 0.0903663 0.273237 0.180733 0.00588524
0 0.809352 0.907849 0.305306 0.184302 0.00585418
0 0.125744 0.829794 0.251487 0.205814 0.0058475
0 0.330648 0.503601 0.661295 0.428594 0.00581329
0 0.668271 0.941846 0.310828 0.116308 0.00580741
0 0.22469 0.342913 0.377898 0.218942 0.00579275
0 0.807441 0.392573 0.382001 0.122842 0.00573534
0 0.103572 0.445965 0.207145 0.25427 0.00573516
0 0.118636 0.832036 0.237272 0.229951 0.00570852
0 0.734853 0.629457 0.381734 0.188098 0.00568393
0 0.530213 0.921234 0.328261 0.157533 0.00565066
0 0.587534 0.662076 0.292357 0.245679 0.00564824
0 0.176184 0.614208 0.294942 0.183815 0.00562403
0 0.572578 0.25392 0.574195 0.277654 0.00561445
0 0.517667 0.663421 0.290078 0.244016 0.00559509
0 0.269626 0.374959 0.163202 0.0960772 0.00559415
0 0.0091903 0.961986 0.0183806 0.0760277 0.00559128
0 0.655582 0.916029 0.34329 0.167942 0.00555868
0 0.734167 0.221569 0.531666 0.435653 0.00553487
0 0.811291 0.0989811 0.377418 0.197962 0.00551768
0 0.10927 0.267359 0.218541 0.220049 0.00551626
0 0.147864 0.408722 0.295728 0.299888 0.00550377
0 0.847124 0.960501 0.305753 0.0789982 0.00550346
0 0.143959 0.897226 0.286191 0.205547 0.00549166
0 0.797953 0.93544 0.317856 0.129119 0.00546525
0 0.867732 0.309644 0.264536 0.3912 0.00546223
0 0.131118 0.413305 0.262235 0.270621 0.00544787
0 0.160213 0.940828 0.294588 0.118344 0.00543029
0 0.119344 0.658913 0.238689 0.193279 0.0054271
0 0.793754 0.547818 0.412491 0.27528 0.00541493
0 0.22049 0.942257 0.283057 0.115485 0.0054131
0 0.105764 0.963764 0.211529 0.0724729 0.00539937
0 0.100003 0.651072 0.200005 0.237748 0.00537115
0 0.450421 0.924607 0.246623 0.150786 0.00536653
0 0.162476 0.811308 0.324951 0.377384 0.00533662
0 0.820507 0.590443 0.358987 0.63892 0.00532241
0 0.656071 0.657126 0.294881 0.23077 0.00530351
0 0.808584 0.632794 0.331594 0.184921 0.00529971
0 0.805909 0.880205 0.332953 0.223498 0.00526919
0 0.115176 0.770663 0.230352 0.192955 0.00526693
0 0.844009 0.811096 0.295348 0.210186 0.00526489
0 0.392145 0.660482 0.289607 0.239155 0.00525185
0 0.454891 0.663399 0.283408 0.245133 0.00524539
0 0.310646 0.656944 0.304623 0.229517 0.005234
0 0.11601 0.710121 0.23202 0.187724 0.00521936
0 0.992397 0.971057 0.0152056 0.0578865 0.00520533
0 0.135488 0.879742 0.270977 0.240515 0.00518161
0 0.10393 0.766 0.20786 0.228058 0.00517377
0 0.243278 0.656329 0.294727 0.214701 0.00517251
0 0.766619 0.963984 0.350862 0.072031 0.00511673
0 0.422201 0.894297 0.300033 0.200153 0.00511612
0 0.428795 0.816248 0.295484 0.229549 0.0051106
0 0.472478 0.901187 0.277942 0.197627 0.00509726
0 0.147442 0.28382 0.292405 0.12751 0.00507404
0 0.0961008 0.470142 0.188848 0.16495 0.0050424
0 0.114985 0.85218 0.22997 0.295641 0.00503718
0 0.311819 0.933016 0.264238 0.133967 0.00502602
0 0.164097 0.656536 0.299311 0.201682 0.00501767
0 0.133836 0.350771 0.267673 0.23716 0.00500632
0 0.996498 0.887518 0.00700461 0.224965 0.00499765
0 0.0988195 0.217206 0.197639 0.245799 0.0049961
0 0.498268 0.934378 0.250217 0.131243 0.00499174
0 0.149141 0.696022 0.298283 0.607956 0.00498425
0 0.141607 0.776471 0.283215 0.192066 0.00497656
0 0.216423 0.965945 0.293307 0.0681101 0.00496767
0 0.944222 0.142736 0.111556 0.28117 0.00495924
0 0.206859 0.783393 0.312644 0.18628 0.00494378
0 0.07702 0.142316 0.147529 0.0949842 0.00492575
0 0.860899 0.900365 0.278202 0.199271 0.00490815
0 0.102735 0.70431 0.205469 0.234219 0.00488237
0 0.816596 0.696882 0.295094 0.209099 0.00488133
0 0.747337 0.696412 0.301752 0.208439 0.00487344
0 0.167658 0.304089 0.29776 0.157555 0.00486692
0 0.996327 0.92364 0.00734673 0.15272 0.00485877
0 0.0698428 0.111882 0.139686 0.223763 0.00485583
0 0.82541 0.769172 0.309011 0.19829 0.00484571
0 0.653423 0.966447 0.337954 0.0671068 0.00484561
0 0.12497 0.93935 0.24994 0.1213 0.00483978
0 0.830604 0.587444 0.338793 0.255442 0.00482149
0 0.750469 0.654908 0.28257 0.206582 0.00480412
0 0.88495 0.963457 0.2301 0.073086 0.00478016
0 0.296361 0.298824 0.307198 0.165621 0.00477074
0 0.324683 0.326835 0.416597 0.256164 0.00477023
0 0.600027 0.581374 0.130285 0.0826398 0.00476063
0 0.137305 0.0653522 0.269351 0.110077 0.00474492
0 0.119225 0.301359 0.238449 0.207348 0.0047444
0 0.778091 0.528086 0.443818 0.370298 0.00473503
0 0.877369 0.38509 0.245262 0.365359 0.00472485
0 0.536424 0.859985 0.334152 0.161117 0.00471571
0 0.847599 0.923464 0.304801 0.153073 0.00471545
0 0.454627 0.708253 0.320501 0.199673 0.00470968
0 0.125683 0.112925 0.251366 0.218435 0.00470226
0 0.309253 0.908721 0.339554 0.182559 0.00469901
0 0.954372 0.0980053 0.0912556 0.196011 0.00469735
0 0.375693 0.816914 0.32686 0.222129 0.00468152
0 0.477024 0.827661 0.256372 0.223577 0.00467139
0 0.653519 0.705824 0.330254 0.197036 0.00464992
0 0.101699 0.151172 0.203397 0.238579 0.00462281
0 0.149962 0.710963 0.299925 0.187799 0.00461834
0 0.386124 0.710948 0.332551 0.19252 0.004613
0 0.475839 0.857039 0.26614 0.151131 0.00460257
0 0.406645 0.268051 0.309105 0.21161 0.00459893
0 0.112934 0.840051 0.193896 0.137253 0.00459005
0 0.750997 0.76726 0.332028 0.193058 0.00455687
0 0.15788 0.581645 0.315759 0.393281 0.00453146
0 0.602194 0.593669 0.181573 0.103195 0.00451648
0 0.655473 0.875925 0.354907 0.188455 0.00448748
0 0.280835 0.441226 0.56167 0.433588 0.00448593
0 0.51927 0.706445 0.329157 0.201574 0.00446644
0 0.227625 0.715902 0.309835 0.185017 0.0044426
0 0.283578 0.965917 0.298651 0.0681665 0.00444183
0 0.866505 0.612059 0.232587 0.0810293 0.00442672
0 0.8593 0.434341 0.281399 0.399049 0.00442472
0 0.746812 0.147096 0.506377 0.294193 0.00442098
0 0.114981 0.298605 0.229962 0.300712 0.00441708
0 0.395618 0.494042 0.791235 0.520525 0.00441461
0 0.130015 0.285513 0.26003 0.184234 0.00436887
0 0.583804 0.706893 0.336043 0.199097 0.00432765
0 0.123281 0.0845164 0.246561 0.169033 0.00431694
0 0.208175 0.915104 0.290884 0.169792 0.00430896
0 0.30368 0.714273 0.317964 0.187737 0.00430839
0 0.383652 0.858815 0.2399 0.157793 0.00430118
0 0.211279 0.821483 0.300431 0.184865 0.0042912
0 0.131402 0.361735 0.262804 0.333973 0.00429037
0 0.72477 0.358542 0.325993 0.166427 0.00428197
0 0.871743 0.557861 0.152562 0.10978 0.00428005
0 0.11902 0.21908 0.238039 0.224774 0.00427381
0 0.99059 0.14696 0.0188191 0.29392 0.00426024
0 0.717517 0.111698 0.564965 0.223396 0.00425399
0 0.814691 0.654734 0.289339 0.189728 0.00425362
0 0.0433648 0.795502 0.0867295 0.408995 0.00425318
0 0.852276 0.751691 0.295448 0.496619 0.00424516
0 0.77789 0.811151 0.300245 0.200624 0.00423626
0 0.24476 0.303024 0.323681 0.175497 0.00423442
0 0.0373464 0.902434 0.0746928 0.195132 0.00423416
0 0.751032 0.408716 0.383431 0.18786 0.00418895
0 0.179626 0.247644 0.359252 0.240333 0.00417414
0 0.825235 0.127282 0.349531 0.246991 0.004172
0 0.033286 0.39224 0.066572 0.54784 0.00414763
0 0.0351989 0.936234 0.0703978 0.127531 0.00414466
0 0.66515 0.365416 0.282462 0.182821 0.00413878
0 0.179912 0.105237 0.359824 0.210474 0.00412839
0 0.693999 0.192933 0.612002 0.385865 0.00412487
0 0.00352868 0.91101 0.00705736 0.17798 0.00411315
0 0.129723 0.151608 0.259445 0.251047 0.00410027
0 0.890631 0.660791 0.218737 0.148416 0.00409929
0 0.579286 0.510003 0.841427 0.52766 0.00408993
0 0.499452 0.277642 0.447484 0.215257 0.00408699
0 0.558353 0.127414 0.782629 0.254828 0.00407747
0 0.860955 0.185346 0.27809 0.370691 0.00406922
0 0.842287 0.491567 0.315426 0.574259 0.00406431
0 0.380206 0.964795 0.333422 0.0704102 0.00406268
0 0.123534 0.458565 0.247069 0.347298 0.00406172
0 0 0.638608 0 0.253728 0.00405583
0 0.874517 0.819324 0.250966 0.361353 0.00405245
0 0.0272622 0.147588 0.0545245 0.295176 0.00404192
0 0.647403 0.774549 0.338454 0.18904 0.00403604
0 0.845852 0.613929 0.305171 0.186207 0.00400775
0 0.636721 0.333957 0.2729 0.135936 0.00400409
0 0.576666 0.967341 0.33507 0.0653173 0.00397653
0 0.129595 0.51618 0.25919 0.35536 0.00396569
0 0.129634 0.0983442 0.254533 0.176901 0.00396487
0 0.0300019 0.293379 0.0600038 0.543837 0.00394896
0 0.204003 0.873225 0.309825 0.180706 0.00392696
0 0.714346 0.449315 0.443096 0.305424 0.00392179
0 0.181283 0.700145 0.362565 0.436591 0.00391718
0 0.286197 0.801506 0.316981 0.201722 0.00391704
0 0.508764 0.203489 0.901449 0.406978 0.00390511
0 0.653862 0.284709 0.321535 0.250642 0.00390214
0 0.0390298 0.499097 0.0780595 0.557909 0.00388421
0 0.0233717 0.254142 0.0467434 0.508284 0.00386452
0 0.0951327 0.123617 0.183034 0.132809 0.00385163
0 0.573906 0.417304 0.739781 0.456741 0.00383969
0 0.804476 0.499438 0.391048 0.516404 0.00383614
0 0.101897 0.203146 0.203794 0.321345 0.00381602
0 0.521842 0.323165 0.519628 0.284389 0.00379555
0 0.621042 0.32186 0.328004 0.249603 0.00374498
0 0.507421 0.967501 0.334142 0.0649979 0.00374191
0 0.0821075 0.153721 0.164215 0.289964 0.00373923
0 0.0654628 0.0776592 0.130926 0.155318 0.00371666
0 0.0544284 0.74913 0.108857 0.50174 0.00371051
0 0.813581 0.694821 0.372839 0.610359 0.00370118
0 0.114085 0.170402 0.22817 0.143289 0.00368816
0 0.906475 0.890876 0.187049 0.218248 0.00368026
0 0.854355 0.100737 0.29129 0.180168 0.00366541
0 0.00772082 0.0583706 0.0154416 0.116741 0.0036648
0 0.886725 0.27276 0.226549 0.159136 0.00366383
0 0.0438725 0.549996 0.0877451 0.581775 0.00366236
0 0.156185 0.125593 0.31237 0.251186 0.00365962
0 0.366745 0.128111 0.733489 0.256221 0.00364409
0 0.641256 0.817368 0.334579 0.187733 0.0036267
0 0.233541 0.567352 0.240408 0.100554 0.00360043
0 0.313974 0.170257 0.627949 0.340515 0.00359304
0 0.0173116 0.209675 0.0346233 0.41935 0.00357574
0 0.992067 0.213461 0.0158654 0.426416 0.00356757
0 0.275586 0.189054 0.551171 0.363948 0.00356358
0 0.923941 0.377634 0.152118 0.521985 0.00354123
0 0.965159 0.325092 0.0696815 0.506542 0.00350606
0 0.327327 0.585866 0.170585 0.0987776 0.00350476
0 0.939299 0.964952 0.121403 0.0700954 0.00349817
0 0.0114169 0.877569 0.0228337 0.244861 0.00349063
0 0.876461 0.939763 0.247079 0.120473 0.00347473
0 0.262964 0.119569 0.525928 0.239139 0.00346923
0 0.11773 0.288937 0.235461 0.428293 0.00345288
0 0.576211 0.182747 0.847578 0.365494 0.00341309
0 0.873676 0.836035 0.252648 0.283565 0.00341301
0 0.717044 0.394756 0.27508 0.106626 0.00340079
0 0.0630048 0.182059 0.12601 0.364117 0.00339325
0 0.55358 0.783799 0.339768 0.205211 0.00338367
0 1 0.036708 0 0.073416 0.00337513
0 0.856877 0.78473 0.286246 0.392297 0.00335814
0 0.954966 0.824742 0.090068 0.350516 0.00335518
0 0 0.705231 0 0.250421 0.00330898
0 0.483255 0.800462 0.304606 0.238427 0.00330466
0 0.148877 0.819594 0.297755 0.360812 0.00328571
0 0.538136 0.821128 0.323043 0.188354 0.00327802
0 0.723517 0.726166 0.552966 0.534131 0.00327802
0 0.897111 0.836206 0.205777 0.174988 0.00326064
0 0.705034 0.594154 0.236606 0.106062 0.00324982
0 0.296693 0.24625 0.449295 0.254433 0.00322472
0 0.847869 0.797045 0.304261 0.40591 0.00322282
0 0.489124 0.157657 0.931756 0.315314 0.00319999
0 0.711959 0.239001 0.569922 0.335601 0.00318053
0 0.114665 0.308224 0.228608 0.106601 0.00316925
0 0.0485512 0.641031 0.0971024 0.641523 0.00311572
0 0.182317 0.613346 0.148266 0.102729 0.003105
0 0.82569 0.244544 0.34862 0.477139 0.0030736
0 0 0.00519555 0 0.0103911 0.00307308
0 0.932849 0.89756 0.134301 0.204881 0.00306745
0 0.884346 0.909186 0.231308 0.181629 0.00306011
0 0.306658 0.351237 0.148614 0.0943214 0.00301273
0 0.331555 0.826413 0.279893 0.212192 0.00299543
0 0.421202 0.188575 0.842404 0.37715 0.00299034
0 0.513138 0.594563 0.190934 0.0968461 0.00296119
0 0.110279 0.871062 0.20871 0.183104 0.00293733
0 0 0.817039 0 0.242657 0.00293335
0 0.740848 0.558691 0.518304 0.462334 0.0029165
0 0.921667 0.441393 0.156666 0.421902 0.00291515
0 0.494328 0.452889 0.988656 0.558839 0.00289133
0 0.845383 0.728457 0.309234 0.441711 0.0028838
0 0.764448 0.616503 0.21489 0.0683741 0.00288006
0 0.879242 0.881232 0.241516 0.227548 0.0028461
0 0.0818516 0.106542 0.151408 0.184407 0.00281147
0 0.735809 0.61103 0.194326 0.0755796 0.00280954
0 0 0.595087 0 0.24677 0.00277659
0 0.829637 0.308603 0.109311 0.0815127 0.00273964
0 0.997692 0.134905 0.00461643 0.263727 0.0027267
0 0.00277234 0.120644 0.00554468 0.241288 0.00272275
0 0.30032 0.569255 0.132366 0.084595 0.0027215
0 0.0884206 0.695591 0.159405 0.102285 0.00268456
0 0.814639 0.499099 0.370723 0.440727 0.00268134
0 0.439973 0.28504 0.169486 0.183749 0.00266936
0 0.138181 0.538831 0.276362 0.178503 0.00264924
0 0.706933 0.605533 0.171905 0.0843346 0.00261445
0 0.104237 0.505483 0.208474 0.581127 0.00261074
0 0.109582 0.765539 0.188063 0.0804501 0.00260218
0 0.476492 0.860797 0.188918 0.138553 0.983774
0 0.996576 0.894736 0.00684838 0.210527 0.0252212
0 0.208628 0.629449 0.215495 0.146399 0.0104671
0 0.997206 0.118197 0.00558823 0.236393 0.00879471
0 0.809045 0.401486 0.381911 0.250425 0.00652954
0 0.849898 0.417682 0.300204 0.461967 0.00643329
0 0.971832 0.856328 0.0563366 0.287344 0.0063529
0 0.954503 0.176821 0.0909945 0.353643 0.00585025
0 0.843382 0.322605 0.313236 0.4753 0.00573804
0 0.125116 0.443354 0.250233 0.647121 0.00567777
0 0.867058 0.213772 0.265884 0.427544 0.00563737
0 0.843613 0.527639 0.312774 0.475586 0.00560871
0 0.866787 0.817395 0.266425 0.365211 0.00558037
0 0.125759 0.597268 0.251519 0.640647 0.00542282
0 0.118122 0.305614 0.236244 0.611227 0.00538876
0 0.366985 0.747836 0.733969 0.471719 0.00524266
0 0.987728 0.142647 0.0245449 0.285294 0.00524082
0 0.840148 0.625087 0.319705 0.48322 0.00519047
0 0.841496 0.726463 0.317008 0.486047 0.00517644
0 0.457011 0.898145 0.236468 0.203709 0.005071
0 0.551873 0.935658 0.25558 0.128683 0.00476495
0 0.961439 0.555683 0.0771217 0.393579 0.00470942
0 0.116769 0.979131 0.233538 0.0417389 0.00466944
0 0.975139 0.250357 0.0497223 0.377033 0.00464751
0 0.958421 0.305242 0.0831574 0.394602 0.00463929
0 0.45483 0.968376 0.276554 0.0632488 0.00456481
0 0.924914 0.707322 0.150172 0.407616 0.00448923
0 0.979443 0.82913 0.0411133 0.34174 0.00447622
0 0.973714 0.454326 0.0525715 0.384024 0.00446307
0 0.990344 0.197015 0.0193112 0.36466 0.00443099
0 0.20286 0.97755 0.300857 0.0449004 0.00440583
0 0.125812 0.708016 0.251624 0.583968 0.00440437
0 0.424558 0.928141 0.26911 0.143718 0.00439032
0 0.556199 0.975256 0.284352 0.049488 0.00437308
0 0.074271 0.979141 0.148542 0.0417189 0.00435512
0 0.980579 0.0862346 0.0388411 0.172469 0.00430016
0 0.65995 0.934892 0.291699 0.130216 0.00424605
0 0.992185 0.401929 0.015631 0.340577 0.00421616
0 0.688247 0.796804 0.623506 0.406392 0.00421315
0 0.0169317 0.90423 0.0338634 0.191539 0.00419303
0 0.391168 0.786588 0.361469 0.301409 0.00416957
0 0.142638 0.978049 0.285276 0.043903 0.00412161
0 0.992475 0.497704 0.0150499 0.330581 0.0041129
0 0.344046 0.974934 0.313295 0.0501318 0.00410733
0 0.64159 0.978857 0.309396 0.0422863 0.00409357
0 0.991747 0.700482 0.0165058 0.342836 0.00407346
0 0.542259 0.869776 0.363063 0.200296 0.00400819
0 0.99185 0.295333 0.0162992 0.327047 0.0039869
0 0.991941 0.599871 0.0161184 0.338375 0.00397859
0 0.212536 0.627933 0.209486 0.205254 0.00395448
0 0.993322 0.814541 0.0133561 0.368703 0.00394958
0 0.125184 0.920644 0.250368 0.158713 0.00387568
0 0.491904 0.93387 0.230544 0.132261 0.00386767
0 0.649363 0.747832 0.701274 0.504336 0.00380377
0 0.993167 0.200255 0.0136657 0.313215 0.00378904
0 0.0190035 0.972818 0.0380071 0.0543631 0.00378315
0 0.0560162 0.112208 0.112032 0.224415 0.00378128
0 0.473413 0.748997 0.72416 0.384428 0.00375852
0 0.250806 0.903625 0.439927 0.192751 0.00373568
0 0.251468 0.932861 0.269806 0.134279 0.00372679
0 0.28159 0.859005 0.477619 0.28199 0.00370714
0 0.454292 0.822515 0.238016 0.236497 0.00364956
0 0.97426 0.977534 0.0514806 0.0449321 0.00363862
0 0.524275 0.716112 0.951451 0.549784 0.00362912
0 0.848085 0.921277 0.290755 0.157446 0.003591
0 0.230172 0.210539 0.460344 0.421077 0.00358576
0 0.729551 0.979978 0.330296 0.0400433 0.00358071
0 0.280157 0.791703 0.560314 0.416593 0.00358047
0 0.766779 0.917565 0.311461 0.16487 0.00357656
0 0.0532076 0.517159 0.106415 0.627783 0.0035718
0 0.0526068 0.36628 0.105214 0.631723 0.00357153
0 0.0792132 0.929801 0.158426 0.140398 0.00356827
0 0.0229588 0.860771 0.0459175 0.278457 0.00353782
0 0.840769 0.978387 0.297906 0.0432262 0.00352683
0 0.994317 0.966793 0.0113651 0.0664137 0.00349786
0 0.427155 0.863131 0.271112 0.174144 0.00346134
0 0.666565 0.874834 0.454475 0.250333 0.00345947
0 0.0539279 0.670488 0.107856 0.624679 0.00342503
0 0.0927493 0.236768 0.185499 0.473536 0.00342034
0 0.605784 0.796907 0.527043 0.381833 0.00334477
0 0.211709 0.178014 0.423417 0.356028 0.00330005
0 0.739387 0.433058 0.521225 0.312403 0.00329195
0 0.888747 0.977723 0.222506 0.0445543 0.00328489
0 0.0531428 0.755979 0.106286 0.488041 0.00324521
0 0.0383267 0.202038 0.0766535 0.404076 0.00319309
0 0.732824 0.788163 0.534352 0.423673 0.00318952
0 0.154989 0.872437 0.309977 0.255126 0.00316043
0 0.161621 0.79411 0.323242 0.41178 0.00314538
0 0.240749 0.294581 0.481498 0.521289 0.00306409
0 0.275101 0.713336 0.550201 0.4497 0.00305871
0 0.837286 0.102583 0.325428 0.205166 0.00304023
0 0.72239 0.558225 0.55522 0.549873 0.00302208
0 0.217249 0.830633 0.434498 0.338733 0.00302068
0 0.726054 0.358408 0.547891 0.514986 0.00301289
0 0.00489576 0.0835365 0.00979153 0.167073 0.0029621
0 0.73391 0.665638 0.532181 0.504208 0.0029537
0 0.232386 0.667199 0.29577 0.237148 0.00294766
0 0.171639 0.905988 0.343277 0.188024 0.00293841
0 0 0.975595 0 0.0488104 0.00293142
0 0.759991 0.830775 0.480017 0.338449 0.00291942
0 0 0.91449 0 0.17102 0.00289717
0 0.160577 0.761089 0.321155 0.310458 0.00284946
0 0.788835 0.67253 0.42233 0.235289 0.00283883
0 0.934173 0.0930632 0.131653 0.186126 0.00282464
0 0.280886 0.614277 0.561773 0.538369 0.00277628
0 0.0266321 0.123013 0.0532643 0.246026 0.00276976
0 0.239428 0.399748 0.478856 0.523502 0.00276494
0 0.359033 0.465632 0.718066 0.554951 0.00275754
0 0.631792 0.121197 0.679638 0.242394 0.00273655
0 0.227953 0.666688 0.455906 0.450643 0.00273074
0 0.788929 0.107867 0.422141 0.215735 0.00272627
0 0.457528 0.316142 0.477907 0.276318 0.00272563
0 0.589862 0.412332 0.820277 0.538254 0.00271115
0 0.362367 0.562136 0.724734 0.570246 0.0027033
0 0.498872 0.125353 0.716836 0.250706 0.00269782
0 0.996743 0.54427 0.00651421 0.296379 0.00268976
0 0.245464 0.50191 0.490929 0.546585 0.00268506
0 0.418683 0.425408 0.837366 0.520058 0.00267908
0 0.79136 0.226026 0.41728 0.452052 0.00266293
0 0.251543 0.243879 0.503086 0.487758 0.00265709
0 0.110344 0.872357 0.220689 0.255287 0.0026462
0 0.72735 0.472532 0.5453 0.510131 0.00264124
0 0.9383 0.908941 0.123401 0.182119 0.00264087
0 0.275391 0.531428 0.550782 0.564868 0.00262604
0 0.351585 0.125539 0.696066 0.251078 0.00260481
0 0.470782 0.241341 0.436286 0.284584 0.00260365
0 0.200157 0.750576 0.400313 0.440127 0.00260066
0 0.726487 0.263906 0.547025 0.522658 0.0025986
0 0.731792 0.11394 0.536416 0.22788 0.00259809
0 0.601055 0.230794 0.79789 0.461587 0.00259205
0 0.172988 0.787374 0.345975 0.425251 0.00258565
0 0.238432 0.599547 0.476863 0.523722 0.00257336
0 0.274171 0.126608 0.548342 0.253215 0.00256266
0 0.169056 0.71268 0.338112 0.330299 0.00256064
0 0.181272 0.12656 0.362544 0.253121 0.00252779
0 0.207188 0.734353 0.414376 0.473399 0.00252243
0 0.374814 0.674236 0.749628 0.507098 0.00248288
0 0.760596 0.168878 0.478809 0.337755 0.00246637
0 0.430705 0.514793 0.861411 0.565439 0.00246066
0 0.584852 0.515338 0.830296 0.541613 0.00245858
0 0.232432 0.401817 0.464864 0.32989 0.00245856
0 0.99711 0.643869 0.00577994 0.294408 0.00244533
0 0.995818 0.44491 0.0083646 0.295915 0.00243523
0 0.637537 0.317641 0.724925 0.504561 0.00241259
0 0.240366 0.323534 0.480731 0.525217 0.00239572
0 0.1812 0.705287 0.3624 0.431806 0.00239528
0 0.628656 0.665841 0.742689 0.524488 0.00238959
0 0.512286 0.465672 0.960833 0.549298 0.00238469
0 0.253613 0.431312 0.507226 0.531388 0.00238154
0 0.603303 0.742362 0.777938 0.43378 0.00237003
0 0.417765 0.186998 0.83553 0.373995 0.0023623
0 0.210673 0.589128 0.208574 0.164949 0.0023291
0 0.795655 0.138528 0.408689 0.277055 0.00232055
0 0.5961 0.183574 0.807801 0.367148 0.00231328
0 0.288061 0.301143 0.377257 0.244899 0.00230555
0 0.407537 0.232886 0.815074 0.465771 0.00227072
0 0.881598 0.892277 0.236805 0.215445 0.00226266
0 0.218369 0.621832 0.436737 0.504748 0.00224689
0 0.948351 0.122634 0.103298 0.245268 0.00223653
0 0.0101205 0.869927 0.0202411 0.260146 0.0022323
0 0.511288 0.368736 0.909013 0.518537 0.0022059
0 0.510052 0.209702 0.911124 0.419404 0.00217387
0 0.888437 0.150852 0.223126 0.301703 0.00216893
0 0.99641 0.34485 0.00718044 0.298156 0.00216593
0 0.343699 0.262334 0.687399 0.524667 0.00215279
0 0.854964 0.163381 0.290071 0.317898 0.00212617
0 0.786948 0.659707 0.361214 0.17111 0.0021083
0 0.306312 0.190723 0.612625 0.381446 0.00210489
0 0.501005 0.266102 0.864911 0.497337 0.00210097
0 0.399951 0.316456 0.799901 0.50544 0.00209826
0 0.836817 0.365913 0.326366 0.198674 0.00208579
0 0.672641 0.206398 0.654718 0.412797 0.00206775
0 0.556688 0.618297 0.886624 0.535977 0.00204936
0 0.0759074 0.904956 0.151815 0.190088 0.00203562
0 0.105438 0.156337 0.210876 0.312674 0.00202561
0 0.515883 0.161281 0.906087 0.322562 0.00202178
0 0.0321099 0.847283 0.0642198 0.305435 0.00201347
0 1 0.00790182 0 0.0158036 0.00200448
0 0.722019 0.280283 0.555961 0.327951 0.00199994
0 0.840421 0.203912 0.319158 0.389969 0.00196892
0 0.827171 0.795515 0.345659 0.405113 0.00196891
0 0.846403 0.643775 0.307195 0.339108 0.00196461
0 0.627274 0.653285 0.483884 0.250763 0.00196034
0 0.171905 0.424386 0.343811 0.314649 0.00195759
0 0.0128972 0.112672 0.0257944 0.225343 0.00195433
0 0.833096 0.457493 0.333807 0.363871 0.00195416
0 0.347111 0.396165 0.595898 0.411537 0.00194742
0 0.187305 0.187727 0.374611 0.320182 0.00194712
0 0.332687 0.373512 0.665375 0.498926 0.00193823
0 0.0278396 0.808802 0.0556793 0.382397 0.00191584
0 0.140104 0.906575 0.280208 0.18685 0.00191254
0 0.0226305 0.0160164 0.045261 0.0320328 0.00190867
0 0.247258 0.664585 0.429452 0.293934 0.00189869
0 0.795503 0.153396 0.408993 0.281451 0.00189495
0 0.25113 0.82761 0.292004 0.12583 0.00188855
0 0.00514917 0.00692317 0.0102983 0.0138463 0.00188155
0 0.022893 0.743579 0.0457859 0.402651 0.00186714
0 0.725897 0.190815 0.45636 0.275028 0.00186563
0 0 0.929303 0 0.141394 0.00185749
0 0.109504 0.362678 0.219009 0.391252 0.00185714
0 0.234222 0.312482 0.331576 0.230371 0.00183494
0 0.725303 0.758139 0.549394 0.350071 0.0018326
0 0.105611 0.209924 0.211222 0.376473 0.00182084
0 0.771203 0.858303 0.457595 0.283393 0.00181266
0 0.728764 0.666689 0.420382 0.189365 0.00180758
0 0.110071 0.286693 0.220141 0.387359 0.00179516
0 0.238394 0.693396 0.476789 0.315819 0.0017901
0 0.327078 0.356566 0.500087 0.355099 0.00178959
0 0.163616 0.308025 0.327232 0.205455 0.00178243
0 0.372467 0.281191 0.490156 0.249628 0.0017791
0 0.744107 0.477799 0.511785 0.332347 0.00177558
0 0.686496 0.150476 0.627008 0.300952 0.00177415
0 0.82622 0.249505 0.347561 0.411763 0.00176658
0 0.0934815 0.430878 0.186963 0.372432 0.00176233
0 0.996542 0.74511 0.00691511 0.298855 0.00175434
0 0.599241 0.322852 0.538744 0.307454 0.00174949
0 0.820514 0.88186 0.358971 0.23628 0.0017376
0 0.566382 0.274332 0.480951 0.213304 0.00173291
0 0.155108 0.8918 0.310216 0.2164 0.00172299
0 0.864181 0.868244 0.271638 0.263512 0.00171711
0 0.846993 0.0913297 0.306014 0.182659 0.0017133
0 0.552767 0.844742 0.298271 0.225878 0.00171326
0 1 0.970433 0 0.0591343 0.0016923
0 0 0.852703 0 0.294594 0.00169091
0 0.243416 0.746582 0.486832 0.3354 0.0016874
0 0.77695 0.248691 0.4461 0.276472 0.0016832
0 0.864168 0.128034 0.271665 0.215291 0.0016794
0 0.0204016 0.669991 0.0408033 0.396696 0.00167868
0 0 0.00307562 0 0.00615124 0.00167787
0 0 0.800385 0 0.294884 0.00167599
0 0.349563 0.501641 0.699126 0.343718 0.00167563
0 0.795472 0.43256 0.409055 0.316096 0.00167378
0 0.19913 0.884867 0.398259 0.230266 0.00167184
0 0.75423 0.7594 0.49154 0.283389 0.00166265
0 0.314051 0.669271 0.628102 0.31673 0.00165983
0 0.606117 0.611367 0.202153 0.132332 0.00165675
0 0.314146 0.452077 0.628292 0.290433 0.00164436
0 0.848079 0.840874 0.303843 0.291536 0.00164378
0 0.164732 0.21142 0.329463 0.315843 0.0016401
0 0.626456 0.662113 0.595006 0.29377 0.00163786
0 0.243307 0.0948767 0.448575 0.189753 0.00162797
0 4.01329e-05 0.748986 8.02659e-05 0.293473 0.00162136
0 0.535306 0.224692 0.461169 0.278219 0.00161438
0 0.88222 0.884418 0.235559 0.231164 0.00160173
0 0.0147639 0.162336 0.0295278 0.276311 0.00158723
0 0 0.961272 0 0.0774569 0.00157954
0 0.837703 0.685547 0.324594 0.371242 0.0015718
0 0.480017 0.794346 0.181564 0.125185 0.00155332
0 0.814832 0.910892 0.370336 0.178216 0.00154871
0 0.849497 0.786661 0.301005 0.293583 0.00154632
0 0.21682 0.350474 0.401323 0.24696 0.00154624
0 0.158739 0.133342 0.317478 0.231595 0.00153894
0 0.203625 0.624292 0.219501 0.104883 0.00153585
0 0.207935 0.918511 0.329505 0.162978 0.00152223
0 0.501036 0.639229 0.395342 0.204798 0.00151387
0 0 0.676601 0 0.294549 0.001507
0 1 0.896498 0 0.207004 0.00150361
0 0.865796 0.102643 0.268409 0.205286 0.0015035
0 0.147844 0.125996 0.295688 0.251991 0.0015025
0 0.227201 0.222071 0.454402 0.211983 0.00150143
0 0.654812 0.643803 0.342859 0.191607 0.00150052
0 0.181282 0.130797 0.362564 0.232519 0.00149836
0 1 0.927702 0 0.144596 0.00149816
0 0.600583 0.52188 0.591759 0.230588 0.00148078
0 0.10188 0.109198 0.203759 0.218397 0.00147922
0 0.470658 0.431353 0.435333 0.231194 0.0014737
0 0.304535 0.160901 0.475102 0.321801 0.00147359
0 0.941488 0.262048 0.117024 0.313074 0.00146928
0 0.483631 0.222508 0.320857 0.219578 0.0014686
0 0.421434 0.454067 0.581485 0.25 0.00146609
0 0.569524 0.187647 0.475175 0.261042 0.0014626
0 0.278396 0.364669 0.496947 0.295241 0.00146196
0 0.833985 0.585646 0.33203 0.339832 0.00146126
0 0.659069 0.232828 0.369339 0.258104 0.00145986
0 0.013641 0.212313 0.027282 0.275889 0.00145968
0 0.513526 0.89754 0.377578 0.204919 0.00145935
0 0.026048 0.589047 0.052096 0.385358 0.00145897
0 0.683816 0.434227 0.498869 0.276646 0.00144741
0 0.854494 0.400555 0.291011 0.289055 0.00143443
0 0.858029 0.672485 0.283941 0.207093 0.00143002
0 0.594333 0.243109 0.425452 0.270793 0.00142547
0 0.0121071 0.262153 0.0242143 0.275876 0.00141503
0 0.654784 0.292687 0.471431 0.289784 0.00141315
0 0.873857 0.723568 0.252286 0.25233 0.00141202
0 0.374967 0.321799 0.538595 0.29605 0.00141098
0 0.00970997 0.511558 0.0194199 0.274064 0.00140503
0 0.00601843 0.709078 0.0120369 0.268668 0.00140476
0 0.664991 0.865472 0.54057 0.236031 0.00140185
0 0.241935 0.140605 0.447021 0.281209 0.00140131
0 0.196458 0.48481 0.392917 0.356164 0.00140095
0 0.0762405 0.533415 0.152481 0.374743 0.0013979
0 1 0.845411 0 0.205518 0.00139367
0 0.929588 0.310913 0.140824 0.31373 0.00139118
0 0.0118315 0.461972 0.0236629 0.274535 0.00138764
0 0.271243 0.914703 0.376503 0.170594 0.0013748
0 0.011224 0.312003 0.0224481 0.275387 0.00137187
0 1 0.0673552 0 0.13471 0.00137055
0 0.539075 0.654047 0.543679 0.259264 0.00136972
0 0.162452 0.354419 0.324904 0.32397 0.00136915
0 0.469953 0.480722 0.648842 0.313875 0.00136845
0 0.476555 0.860735 0.192024 0.139207 0.979491
0 1 0.0992342 0 0.198468 0.0373055
0 0.00335505 0.0734099 0.00671009 0.14682 0.0346879
0 0.00215981 0.0346953 0.00431961 0.0693907 0.0103395
0 0.000862602 0.108838 0.0017252 0.217676 0.00672534
0 0.997367 0.886131 0.00526557 0.227737 0.00668895
0 1 0.0362785 0 0.072557 0.00516706
0 0.467155 0.964843 0.248986 0.0703131 0.00463987
0 0.998466 0.748697 0.00306698 0.35645 0.0044309
0 1 0.192792 0 0.352832 0.00435004
0 1 0.135935 0 0.27187 0.00433514
0 0.989796 0.0748073 0.0204076 0.149615 0.00431272
0 1 0.249175 0 0.362499 0.00420515
0 1 0.401681 0 0.348785 0.00417896
0 1 0.650528 0 0.350599 0.00414308
0 0.133386 0.899113 0.266771 0.201774 0.00409384
0 0.940682 0.849651 0.118637 0.300699 0.00403368
0 1 0.50252 0 0.346728 0.00397816
0 0.350183 0.847567 0.117632 0.11034 0.00383823
0 0.118583 0.11851 0.237165 0.193317 0.00382738
0 0.579408 0.965003 0.261577 0.0699944 0.0038215
0 0.346734 0.877327 0.100008 0.0483786 0.00380737
0 0.373314 0.964982 0.266146 0.0700356 0.00375337
0 0.212059 0.583048 0.207292 0.149391 0.00369798
0 0.663629 0.939028 0.235978 0.121943 0.00365426
0 0.919786 0.618633 0.160428 0.21995 0.0035659
0 0.133732 0.146315 0.267463 0.197655 0.00352478
0 0.947023 0.706109 0.105954 0.350085 0.00348007
0 0.163557 0.845246 0.322064 0.267774 0.00343613
0 0.22274 0.965483 0.249913 0.0690332 0.00343099
0 0.995837 0.969847 0.0083262 0.0603058 0.00341121
0 0.268621 0.803911 0.36866 0.213134 0.0033829
0 0.573003 0.932078 0.235179 0.135844 0.00337076
0 0.923906 0.753786 0.152189 0.372501 0.00335286
0 0.997744 0.819043 0.0045125 0.328532 0.00333827
0 0.465649 0.896179 0.220306 0.207642 0.00332921
0 0.859582 0.0841613 0.280835 0.168323 0.003326
0 0.133936 0.538359 0.267872 0.25024 0.0033206
0 0.141211 0.253114 0.282422 0.194577 0.00330805
0 0.17455 0.735201 0.327924 0.255803 0.00328025
0 0.232351 0.520785 0.464685 0.335353 0.00327816
0 0.130823 0.964038 0.261646 0.0719244 0.00323905
0 0.278251 0.566502 0.321931 0.202249 0.00321102
0 0.368201 0.54988 0.384589 0.242523 0.00319422
0 0.404768 0.811186 0.308748 0.195013 0.0031935
0 0.655653 0.967348 0.253666 0.0653029 0.00318131
0 0.959448 0.0948818 0.0811037 0.189764 0.00317641
0 0.928032 0.354447 0.143936 0.252287 0.00317404
0 0.175924 0.669213 0.274558 0.216759 0.00317044
0 0.880485 0.713896 0.23903 0.328811 0.00315331
0 0.00689168 0.971321 0.0137834 0.0573576 0.00314237
0 0.130831 0.939152 0.261661 0.121695 0.0031287
0 0.138613 0.451051 0.277226 0.321575 0.00309698
0 0.340128 0.83027 0.299364 0.200535 0.00307552
0 0.358964 0.491282 0.717927 0.453227 0.00306593
0 0.766148 0.798853 0.467705 0.402294 0.00306192
0 0.834997 0.110485 0.330005 0.220971 0.00305683
0 0.431354 0.921397 0.239958 0.157206 0.00304866
0 0.970376 0.606929 0.0592489 0.309868 0.0030237
0 0.605005 0.530488 0.638699 0.350855 0.00301666
0 0.151712 0.264168 0.303424 0.265598 0.00301539
0 0.762031 0.803 0.475937 0.394001 0.00301127
0 0.975286 0.459384 0.0494289 0.313801 0.00300416
0 0.108489 0.0712277 0.216979 0.142455 0.00300193
0 0.507359 0.529057 0.493752 0.288688 0.00300116
0 0.259459 0.672552 0.275543 0.194887 0.00298862
0 0.173668 0.629145 0.259877 0.138871 0.00298499
0 0.858426 0.952476 0.283149 0.0950488 0.00297054
0 0.997549 0.366481 0.00490267 0.324932 0.00296604
0 0.972069 0.352694 0.0558616 0.315075 0.00296316
0 0.135957 0.634495 0.271913 0.188801 0.0029615
0 0.997436 0.567006 0.00512828 0.326448 0.0029566
0 0.459328 0.825047 0.266139 0.209423 0.00295324
0 0.925878 0.420449 0.148243 0.237484 0.00294185
0 0.460212 0.930137 0.243602 0.139725 0.00292148
0 0.140011 0.301454 0.280021 0.269328 0.00291715
0 0.143994 0.0805955 0.287988 0.161191 0.00291138
0 0.814927 0.0891065 0.370146 0.178213 0.00290336
0 0.766519 0.12602 0.466962 0.252039 0.00288852
0 0.442738 0.536306 0.406255 0.265231 0.00285517
0 0.59751 0.50631 0.80498 0.537239 0.00285033
0 0.656907 0.546437 0.686186 0.430184 0.00284954
0 0.773652 0.0936425 0.225781 0.134199 0.00284876
0 0.883739 0.840047 0.232523 0.319906 0.00284075
0 0.13939 0.354967 0.27878 0.318803 0.00284012
0 0.405286 0.466341 0.810571 0.579056 0.00283226
0 0.888004 0.317903 0.223992 0.295386 0.00280942
0 0.957312 0.302212 0.0853753 0.334099 0.00280777
0 0.821638 0.785928 0.356724 0.428144 0.0027922
0 0.847527 0.755644 0.304946 0.406575 0.00278939
0 0.16237 0.569879 0.294039 0.19502 0.00278225
0 0.141996 0.813717 0.283992 0.275745 0.00277842
0 0.83595 0.211059 0.328101 0.422118 0.002777
0 0.322017 0.927898 0.247839 0.144203 0.00276587
0 0.718935 0.951641 0.246788 0.0967172 0.00276363
0 0.282297 0.141213 0.277114 0.209333 0.00276169
0 0.692125 0.245544 0.615751 0.491089 0.00276049
0 0.528143 0.652442 0.428552 0.194512 0.00274959
0 0.0266894 0.167575 0.0533788 0.33515 0.00274209
0 0.957577 0.134556 0.0848468 0.269113 0.00271315
0 0.883673 0.176999 0.232655 0.353997 0.00271085
0 0.734108 0.352355 0.531784 0.40577 0.00270985
0 0.93023 0.463018 0.13954 0.283583 0.00269921
0 0.274083 0.732339 0.32164 0.211656 0.00269605
0 0.548197 0.655886 0.42575 0.342944 0.00269284
0 0.538404 0.871987 0.288207 0.16787 0.00268575
0 0.693363 0.502401 0.613275 0.505533 0.00267965
0 0.663017 0.361237 0.673967 0.540226 0.00267906
0 0.478669 0.422042 0.957339 0.584472 0.00267588
0 0.13126 0.517935 0.262521 0.447241 0.00266434
0 0.0634927 0.843895 0.126985 0.312209 0.00266286
0 0.736876 0.64961 0.526248 0.41817 0.00266203
0 0.0421327 0.569199 0.0842654 0.528331 0.00265077
0 0.621764 0.104363 0.491334 0.208726 0.00264701
0 0.127853 0.421531 0.255706 0.436935 0.00264291
0 0.0393693 0.670594 0.0787386 0.510763 0.00263894
0 0.764831 0.716965 0.470339 0.372281 0.00263413
0 0.00250958 0.0469854 0.00501917 0.0939707 0.00263115
0 0.141023 0.722367 0.282047 0.278272 0.00262814
0 0.63984 0.649022 0.561406 0.276642 0.00262483
0 0.487172 0.101944 0.475496 0.203888 0.00262294
0 0.954037 0.929447 0.091925 0.141106 0.00262164
0 0.183787 0.142789 0.310616 0.206024 0.00262072
0 0.0423976 0.469931 0.0847952 0.527293 0.00260808
0 0.813327 0.855829 0.373346 0.288342 0.0026068
0 0.845166 0.351034 0.309668 0.24988 0.00260335
0 0.0192023 0.813543 0.0384046 0.372914 0.00260179
0 0.505854 0.718962 0.39195 0.251374 0.00260136
0 0.682658 0.790855 0.390374 0.238763 0.00259365
0 0.573439 0.720562 0.444317 0.267538 0.00259071
0 0.347269 0.665553 0.283507 0.216703 0.00258923
0 0.776809 0.868005 0.446381 0.26399 0.00258461
0 0.355165 0.154359 0.473899 0.308719 0.00258039
0 0.0404824 0.369167 0.0809648 0.509464 0.00257733
0 0.933908 0.513179 0.132183 0.268461 0.00257672
0 0.670823 0.901328 0.32291 0.188548 0.00257604
0 0.753774 0.0937305 0.427356 0.187461 0.00257167
0 0.647876 0.653051 0.540026 0.392394 0.00256959
0 0.540201 0.929481 0.270859 0.141039 0.00256592
0 0 0.00847238 0 0.0169448 0.00256501
0 0.365991 0.901658 0.253873 0.190141 0.00254488
0 0.0802953 0.79724 0.160591 0.40552 0.00254201
0 0.938089 0.558395 0.123822 0.238051 0.00254145
0 0.108304 0.763338 0.216607 0.444573 0.00253616
0 0.358278 0.727934 0.339271 0.208139 0.0025356
0 0.447069 0.646381 0.344748 0.154875 0.00253354
0 0.792686 0.64903 0.414627 0.334684 0.0025333
0 0.113841 0.319749 0.227682 0.417557 0.00252855
0 0.342168 0.647537 0.332652 0.155484 0.00252687
0 0.971814 0.976916 0.0563724 0.0461682 0.00252306
0 0.127709 0.617645 0.255418 0.449744 0.00252234
0 0.587591 0.420076 0.824818 0.586412 0.00252137
0 0.440754 0.137095 0.673526 0.274189 0.002521
0 0.26059 0.635034 0.282354 0.144578 0.00250395
0 0.270624 0.932599 0.194959 0.134803 0.00250388
0 0.492079 0.497975 0.838074 0.522669 0.00250219
0 0.00709398 0.00960712 0.014188 0.0192142 0.00250119
0 0.0173676 0.880604 0.0347351 0.238791 0.00250102
0 0.0319005 0.259963 0.0638011 0.447332 0.00249638
0 0.721235 0.970718 0.26196 0.0585637 0.00249624
0 0.668783 0.823365 0.319639 0.217242 0.00249479
0 0.00837847 0.896217 0.0167569 0.207567 0.00248632
0 0.344601 0.885446 0.0932408 0.031373 0.00246628
0 0.258216 0.154932 0.378254 0.185756 0.00246257
0 0.428223 0.864829 0.259115 0.161465 0.00244325
0 0.19784 0.0873903 0.369245 0.174781 0.00243147
0 0.71697 0.431544 0.566059 0.352894 0.00242646
0 0.932405 0.976036 0.135189 0.047928 0.00241962
0 0.287998 0.0927939 0.408085 0.185588 0.0024196
0 0.0210161 0.186204 0.0420322 0.326932 0.00241693
0 0.304508 0.119487 0.487347 0.238973 0.00240833
0 0.6412 0.719217 0.477841 0.291914 0.00240031
0 0.808189 0.892875 0.383622 0.214249 0.00239678
0 0.349227 0.0956648 0.437108 0.19133 0.00239475
0 0.468342 0.657599 0.325558 0.297273 0.00239105
0 0.121669 0.711697 0.243339 0.439647 0.00238457
0 0.33737 0.41917 0.67474 0.513534 0.0023842
0 0.703735 0.646907 0.59253 0.327221 0.00238373
0 0.802072 0.342597 0.395856 0.27203 0.00236544
0 0.754343 0.50386 0.491314 0.399047 0.00235755
0 0.713948 0.714 0.572104 0.360105 0.00235471
0 0.189946 0.454067 0.379892 0.469715 0.00235186
0 0.493907 0.205336 0.809329 0.410672 0.0023488
0 0.793939 0.954852 0.270655 0.090295 0.00233744
0 0.429977 0.655034 0.285111 0.259366 0.00233547
0 0.92149 0.40816 0.126323 0.13333 0.00233264
0 0.848415 0.303042 0.206976 0.0792744 0.00231429
0 0.165125 0.249881 0.324407 0.155381 0.00229248
0 0.216793 0.17787 0.20723 0.125256 0.00228972
0 0.83265 0.565678 0.229057 0.170554 0.00228457
0 0.840619 0.656776 0.318762 0.228509 0.0022516
0 0.822914 0.4293 0.354173 0.215396 0.00225159
0 0.00985023 0.109101 0.0197005 0.18898 0.00224754
0 0.0610498 0.213616 0.1221 0.379806 0.00224685
0 0.223103 0.115074 0.433479 0.230149 0.0022384
0 0.0529016 0.0998723 0.105803 0.199745 0.0022214
0 0.0695877 0.160414 0.139175 0.246607 0.00221415
0 0.795626 0.15591 0.408748 0.311821 0.0021902
0 0.593824 0.153524 0.759979 0.307047 0.00218351
0 0.999669 0.469055 0.000661987 0.296384 0.00218349
0 0.845663 0.273506 0.219918 0.144106 0.00216244
0 0.775383 0.554035 0.449234 0.287206 0.00216179
0 0.580449 0.802566 0.338011 0.186549 0.00215687
0 0.154581 0.770825 0.309162 0.291842 0.00215604
0 0.725488 0.931206 0.274582 0.137588 0.00215485
0 0.832861 0.515571 0.334278 0.287603 0.00214747
0 0.638158 0.217129 0.723684 0.434258 0.00214134
0 0.999662 0.694468 0.000676815 0.29775 0.00213056
0 0.727356 0.171406 0.545288 0.342811 0.00212196
0 0.624679 0.273575 0.750642 0.54715 0.00211996
0 0.0267644 0.847612 0.0535288 0.304777 0.00210725
0 0.803173 0.973498 0.280686 0.0530048 0.00210155
0 0.999625 0.619145 0.000749104 0.297504 0.00208078
0 0.336782 0.258442 0.47022 0.288308 0.00207753
0 0.0888394 0.267074 0.177679 0.335142 0.00207195
0 0.846525 0.56288 0.306951 0.209007 0.00207098
0 0.9995 0.294557 0.00100092 0.297969 0.00206769
0 0.224981 0.231689 0.322233 0.119653 0.00205356
0 0.785474 0.650435 0.407208 0.195199 0.00205153
0 0.862195 0.975657 0.275611 0.0486871 0.00205124
0 0.179998 0.374055 0.359996 0.43525 0.00204402
0 0.00239858 0.0257813 0.00479717 0.0515625 0.00204294
0 0.0342778 0.972775 0.0685557 0.054451 0.00203424
0 0.820753 0.465737 0.358495 0.321412 0.00199486
0 0.159287 0.411817 0.318574 0.253665 0.00198069
0 0.151927 0.167902 0.303855 0.157523 0.00194645
0 0.0948473 0.76264 0.189695 0.34939 0.00194138
0 0.0976162 0.831249 0.195232 0.315267 0.00193343
0 0.246897 0.29079 0.37867 0.384177 0.00192591
0 0.542214 0.824671 0.281444 0.189564 0.00191395
0 0.0328044 0.930475 0.0656088 0.13905 0.00189551
0 0.40048 0.281888 0.763232 0.483767 0.00187117
0 0.251124 0.1646 0.226357 0.149912 0.00186571
0 0.0624313 0.224024 0.124863 0.438272 0.00182748
0 0.393836 0.369373 0.787673 0.547907 0.00181979
0 0.057248 0.0702335 0.114496 0.140467 0.00181927
0 0.784057 0.566419 0.35614 0.171523 0.00179566
0 0.163293 0.220178 0.326586 0.205895 0.00173835
0 0.530683 0.268428 0.938634 0.536855 0.0017334
0 0.838373 0.0809232 0.274991 0.161846 0.00168587
0 0.88719 0.880648 0.22562 0.238704 0.00166044
0 0.497603 0.10685 0.296431 0.157607 0.00165346
0 0.878528 0.306835 0.146997 0.0650508 0.00163091
0 0.264501 0.193348 0.262246 0.0957019 0.00162415
0 0.101495 0.893767 0.202989 0.212466 0.00161069
0 0.466041 0.453189 0.224657 0.106269 0.00159959
0 0.040639 0.902941 0.0812781 0.194117 0.00156513
0 0.769072 0.0804112 0.279795 0.160822 0.00148514
0 0.688717 0.581882 0.264096 0.136247 0.00147747
0 0.269304 0.332564 0.538607 0.403464 0.00147063
0 0.861332 0.408735 0.241155 0.14746 0.00147007
0 0.613547 0.911745 0.212485 0.176509 0.00145604
0 0.86983 0.643264 0.191284 0.171717 0.00144323
0 0.913609 0.00160764 0.172782 0.00321528 0.00143362
0 0 0.961171 0 0.0776571 0.00143181
0 0.361983 0.930575 0.14 0.124353 0.00142561
0 0.346374 0.0780065 0.253177 0.153517 0.00140082
0 0.481958 0.438555 0.307481 0.176175 0.00139678
0 0.204624 0.711853 0.188673 0.134622 0.00139076
0 0 0.0224769 0 0.0449538 0.00137616
0 0.815116 0.867078 0.369768 0.265844 0.00131964
0 0.899645 0.371769 0.20071 0.149141 0.00131874
0 0.903089 0.0976227 0.193823 0.195245 0.00131454
0 0.632771 0.867081 0.154666 0.139993 0.00131092
0 0.731998 0.590404 0.232948 0.11886 0.00129813
0 0.0373846 0.99754 0.0747692 0.00491934 0.00129599
0 0.838374 0.893957 0.323252 0.212085 0.00129479
0 0.132678 0.198998 0.260755 0.195709 0.00129292
0 0.249536 0.784038 0.387232 0.285551 0.00127317
0 0.849119 0.754546 0.210308 0.066514 0.00126526
0 0.878438 0.678314 0.23139 0.114133 0.00123639
0 0.314321 0.11578 0.274296 0.111095 0.00123175
0 0.409607 0.935438 0.234322 0.128785 0.00122827
0 0.990723 0.894068 0.018555 0.211864 0.00122803
0 0.0036208 0.34944 0.0072416 0.179266 0.001222
0 0.299676 0.593512 0.312211 0.124954 0.00121678
0 0.000106083 0.242795 0.000212167 0.258889 0.00121519
0 0.836235 0.325856 0.237362 0.129777 0.00120508
0 0.402875 0.585322 0.228823 0.122845 0.00119584
0 1 0.0277401 0 0.0554803 0.00119238
0 4.14404e-05 0.292236 8.28807e-05 0.260599 0.00119021
0 0.913562 0.42348 0.13032 0.103184 0.00119
0 0.00402039 0.472337 0.00804079 0.181772 0.00118702
0 0.00352657 0.275533 0.00705314 0.180421 0.00118455
0 0.466673 0.592549 0.183703 0.104417 0.00118335
0 0.136749 0.740731 0.273497 0.194074 0.00118303
0 0.247924 0.396708 0.495847 0.263407 0.00118176
0 0.295416 0.590358 0.413344 0.177394 0.00117987
0 0 0.466474 0 0.262154 0.00117655
0 0.706176 0.271518 0.317195 0.181995 0.00116963
0 0.278032 0.144803 0.255863 0.133065 0.00116589
0 0.00377198 0.224111 0.00754397 0.17422 0.00116536
0 0.0041228 0.497205 0.00824561 0.18456 0.00116296
0 0 0.341921 0 0.261672 0.00115786
0 0.765829 0.824066 0.22427 0.117265 0.00115736
0 0 0.417007 0 0.26262 0.00115725
0 0.314866 0.849313 0.160126 0.111688 0.00115718
0 0.00370484 0.400339 0.00740968 0.181655 0.00115439
0 0.000314104 0.141891 0.000628209 0.261269 0.00115322
0 0.553792 0.238695 0.264714 0.0938327 0.0011515
0 0.476689 0.859567 0.193962 0.135992 0.981666
0 0.909626 0.422292 0.10238 0.103675 0.0224956
0 0.765555 0.110534 0.187638 0.101137 0.00965191
0 0.134581 0.166441 0.262989 0.154849 0.00899155
0 0.204838 0.608585 0.193212 0.11137 0.00867188
0 0.00548457 0.912965 0.0109691 0.174071 0.00764595
0 0.857061 0.731178 0.159726 0.101862 0.0072059
0 0.799839 0.115167 0.219878 0.0944479 0.00590337
0 0.259262 0.831492 0.115266 0.0986145 0.00565553
0 0.870264 0.590651 0.150939 0.115212 0.00518844
0 0.417779 0.58785 0.220537 0.10963 0.00458308
0 0.861327 0.683637 0.167193 0.103682 0.00454828
0 0.89517 0.301779 0.104616 0.0788345 0.00436617
0 0.450863 0.962418 0.254339 0.0751646 0.00420778
0 0.868813 0.692255 0.152311 0.0756927 0.00409033
0 0.298568 0.848866 0.178599 0.10563 0.00390607
0 0.521398 0.965279 0.252226 0.0694418 0.00385857
0 0.0755323 0.11502 0.151065 0.23004 0.00373419
0 0.172169 0.500185 0.130567 0.104587 0.0037054
0 0.0798978 0.177168 0.159796 0.354337 0.00361562
0 0.895333 0.408405 0.139124 0.121054 0.00356047
0 0.187635 0.724361 0.37527 0.551277 0.00351481
0 0.231324 0.798961 0.462649 0.402078 0.00351054
0 0.632251 0.96525 0.287732 0.0694992 0.00350332
0 0.3934 0.962539 0.291806 0.0749229 0.00349844
0 0.493923 0.142846 0.24641 0.0695232 0.0034173
0 0.237996 0.740537 0.475991 0.469912 0.00332196
0 0.299242 0.965314 0.293174 0.0693712 0.00328155
0 0.70837 0.964495 0.273018 0.0710093 0.00326106
0 0.176934 0.641065 0.353867 0.677882 0.00324939
0 0.114703 0.463201 0.229405 0.586197 0.00323481
0 0.163468 0.502027 0.326937 0.3847 0.00318771
0 0.205193 0.965205 0.274036 0.0695892 0.0031394
0 1 0.805204 0 0.212889 0.00312402
0 1 0.896131 0 0.207739 0.00308101
0 1 0.704443 0 0.22839 0.00307577
0 1 0.602713 0 0.233055 0.00306395
0 1 0.652894 0 0.231786 0.00305585
0 1 0.452536 0 0.227589 0.00305262
0 1 0.753563 0 0.224023 0.00304857
0 0.733309 0.109381 0.253762 0.107102 0.00304444
0 1 0.552025 0 0.232398 0.00303489
0 0.760921 0.964549 0.262496 0.0709012 0.00302547
0 1 0.502224 0 0.229433 0.00302433
0 1 0.402298 0 0.225445 0.00302389
0 0.0852801 0.225033 0.17056 0.450065 0.00301871
0 0.108848 0.0799818 0.217696 0.159964 0.00301794
0 0.824401 0.727877 0.187612 0.106929 0.00300489
0 1 0.353233 0 0.222401 0.00298217
0 1 0.881494 0 0.237012 0.0029037
0 0.110161 0.125129 0.220322 0.250259 0.00288639
0 1 0.304747 0 0.213997 0.00288302
0 0.0716671 0.0777876 0.143334 0.155575 0.00287792
0 0.150773 0.184336 0.283232 0.115804 0.00285414
0 0.851143 0.964852 0.271553 0.0702967 0.00282567
0 0.901024 0.9615 0.197953 0.0769991 0.00280599
0 0.854689 0.303399 0.188271 0.0803266 0.00280593
0 0.103677 0.353453 0.207353 0.546311 0.00272303
0 0.0659143 0.879081 0.131829 0.241837 0.00270839
0 0.0326208 0.932155 0.0652416 0.13569 0.00270403
0 0.0840801 0.816868 0.16816 0.366264 0.00268701
0 0.048665 0.78345 0.09733 0.433101 0.00268624
0 0.112945 0.455161 0.213814 0.211618 0.00267561
0 1 0.25581 0 0.19852 0.00266501
0 0.196938 0.290888 0.309517 0.261172 0.00266464
0 0.850207 0.714542 0.192285 0.137534 0.00263113
0 0.140836 0.965124 0.261274 0.0697526 0.00262147
0 0.152981 0.600925 0.305961 0.319835 0.00260779
0 0.0534092 0.732444 0.106818 0.535111 0.00260246
0 0.0324319 0.973595 0.0648638 0.0528099 0.00258523
0 0 0.910466 0 0.179069 0.0025676
0 0.111378 0.170501 0.222755 0.341002 0.00251975
0 0.351118 0.280809 0.310847 0.231174 0.00251558
0 1 0.204748 0 0.193093 0.00250237
0 0.783555 0.262237 0.274036 0.22079 0.00249715
0 0.198938 0.12639 0.384449 0.252781 0.00249252
0 0.149414 0.405502 0.298828 0.365009 0.00248705
0 0.455995 0.588676 0.170522 0.106846 0.00246748
0 0.205721 0.192223 0.240573 0.100441 0.00246587
0 0.148754 0.13505 0.297508 0.2701 0.00245839
0 0.235435 0.606109 0.470871 0.555426 0.00245356
0 0 0.974517 0 0.0509671 0.00245185
0 0.175912 0.733361 0.141423 0.129197 0.00244657
0 0.0285529 0.235397 0.0571059 0.376209 0.0024447
0 0 0.948991 0 0.102017 0.00243299
0 1 0.711285 0 0.198827 0.0024288
0 0.0512618 0.568209 0.102524 0.579651 0.00242825
0 0.81897 0.0991707 0.259215 0.128447 0.00242389
0 0.554444 0.0996627 0.216362 0.181904 0.00241817
0 1 0.762474 0 0.197028 0.00241209
0 0.444546 0.927819 0.258818 0.144363 0.0024097
0 0.881345 0.113983 0.237309 0.227966 0.0024096
0 1 0.659095 0 0.200522 0.00240652
0 0.0374542 0.293895 0.0749085 0.446104 0.00240088
0 1 0.813383 0 0.185805 0.00239382
0 0.232485 0.449259 0.464971 0.364966 0.00239336
0 0.711278 0.135451 0.247043 0.112179 0.00238927
0 0.00596739 0.973463 0.0119348 0.0530746 0.00238817
0 0.453784 0.800572 0.279438 0.218922 0.00237561
0 0.499903 0.936335 0.228944 0.12733 0.00237293
0 0.482507 0.0969362 0.215284 0.193872 0.00237279
0 0.0466074 0.405114 0.0932148 0.525379 0.00236848
0 0.00585972 0.185374 0.0117194 0.268082 0.00236812
0 0.416215 0.101683 0.213682 0.203366 0.00236087
0 0 0.863016 0 0.273968 0.00235117
0 0.90734 0.898706 0.18532 0.202589 0.0023511
0 0.441241 0.358487 0.523251 0.384157 0.00233347
0 0.907948 0.933161 0.184105 0.133678 0.00232731
0 0.339402 0.117759 0.256424 0.235518 0.00232432
0 0.638722 0.936073 0.25561 0.127854 0.00231496
0 0.425352 0.903254 0.251736 0.193491 0.00230083
0 0.83682 0.103281 0.255983 0.206562 0.00230049
0 0.150244 0.320393 0.300489 0.350505 0.00229969
0 0 0.106767 0 0.138561 0.00229606
0 1 0.153779 0 0.184683 0.00229406
0 0.632624 0.102744 0.22527 0.184769 0.00229107
0 0.598446 0.347877 0.486987 0.359971 0.00228095
0 0.258097 0.398504 0.516195 0.355333 0.0022586
0 0 0.0689781 0 0.137956 0.00225823
0 0.887665 0.183839 0.224671 0.246346 0.0022578
0 0.416138 0.288128 0.322 0.261861 0.00225434
0 0.131698 0.259762 0.263397 0.395607 0.00224885
0 0 0.060572 0 0.121144 0.00224105
0 0.14053 0.715727 0.28106 0.233092 0.00221647
0 0.324358 0.930513 0.261601 0.138975 0.00221018
0 0.785887 0.934119 0.230266 0.131763 0.00220774
0 0.140035 0.773595 0.280069 0.227998 0.0021917
0 0.996531 0.973336 0.00693894 0.0533273 0.00219114
0 0.461605 0.285256 0.367826 0.296654 0.00219047
0 0.632648 0.287281 0.426102 0.302229 0.00217474
0 0.659371 0.343563 0.421512 0.325491 0.00216982
0 0.759087 0.315525 0.358619 0.286832 0.00216564
0 0.709614 0.0986239 0.236433 0.192003 0.0021617
0 0.863225 0.176206 0.273549 0.280842 0.00215334
0 0.737504 0.933405 0.239831 0.13319 0.00215178
0 0.144439 0.664666 0.288878 0.250731 0.00213493
0 0.959606 0.111602 0.0807888 0.192302 0.00213473
0 0.469477 0.0826265 0.247378 0.165253 0.0021266
0 0.88031 0.256672 0.228392 0.179555 0.00212148
0 0 0.150142 0 0.154119 0.00211487
0 0.767501 0.0989881 0.24243 0.197976 0.00210914
0 0.883058 0.219753 0.233885 0.212319 0.00210855
0 0.195639 0.136897 0.296399 0.261812 0.00210429
0 0.748482 0.832807 0.150278 0.110862 0.00210304
0 0.140141 0.318444 0.280283 0.386427 0.00209383
0 0.908875 0.86031 0.18225 0.215604 0.00209103
0 0.103619 0.968116 0.207237 0.0637678 0.00208855
0 0.309496 0.353928 0.514449 0.343348 0.00208495
0 1 0.101446 0 0.180947 0.00208302
0 0.174169 0.493002 0.348337 0.361047 0.00208086
0 0.115058 0.93968 0.230116 0.12064 0.0020787
0 0.151581 0.210129 0.303162 0.361456 0.00207166
0 0.933036 0.0788165 0.133928 0.157633 0.00207107
0 0.400443 0.0824419 0.253359 0.164884 0.002071
0 0.42686 0.860508 0.248032 0.16427 0.002061
0 0.297735 0.823143 0.207711 0.140773 0.00205746
0 0.257367 0.515082 0.376046 0.277154 0.00205432
0 1 0.0649509 0 0.129902 0.00204921
0 0.150605 0.268138 0.30121 0.344766 0.00204667
0 0.236755 0.933402 0.258276 0.133196 0.00204448
0 0.548386 0.0818929 0.251339 0.163786 0.00204365
0 0.94101 0.173751 0.11798 0.194891 0.0020309
0 0.212579 0.329899 0.425158 0.326982 0.00202889
0 0.1801 0.913005 0.263975 0.173989 0.00202582
0 0.942639 0.914504 0.114723 0.166674 0.00201973
0 0.982303 0.0757332 0.0353943 0.151466 0.00201548
0 0.169153 0.408068 0.338306 0.266589 0.00201525
0 0.941756 0.321182 0.116489 0.18199 0.00200066
0 0.949294 0.612326 0.101412 0.187685 0.00199635
0 0.876981 0.938187 0.246038 0.123627 0.00199521
0 0.146411 0.169163 0.292822 0.338325 0.00198208
0 0.119879 0.917034 0.239757 0.165931 0.00197799
0 0.33704 0.911896 0.273549 0.176208 0.00197288
0 0.146579 0.0888657 0.293157 0.177731 0.0019711
0 0.154482 0.427271 0.308965 0.411361 0.00196538
0 0.799578 0.353089 0.283087 0.246246 0.00196344
0 0.651928 0.459776 0.142045 0.0668295 0.00195817
0 0.949579 0.46721 0.100842 0.182332 0.00195434
0 0.512045 0.467387 0.393295 0.215375 0.00195289
0 1 0.212873 0 0.170254 0.00194811
0 0.339822 0.0827589 0.263051 0.165518 0.00194741
0 0.410018 0.813028 0.259211 0.199907 0.00194574
0 0.255133 0.911218 0.258441 0.177564 0.0019437
0 0.835657 0.414408 0.263454 0.193165 0.00194042
0 0.477767 0.904872 0.272777 0.190256 0.00193736
0 0.910363 0.808714 0.179275 0.19147 0.00193715
0 0.394174 0.31464 0.481502 0.322911 0.00193605
0 0.469435 0.452892 0.224857 0.0848181 0.0019349
0 0.233481 0.726774 0.259283 0.138305 0.00192713
0 0.426841 0.46393 0.420874 0.265193 0.00191574
0 0.954501 0.765911 0.0909977 0.185841 0.00191113
0 0.953268 0.713667 0.0934636 0.182359 0.00191003
0 0.793985 0.912442 0.241622 0.175116 0.0019097
0 0.135468 0.822391 0.270936 0.218872 0.00190583
0 0.182484 0.497679 0.364968 0.46762 0.00190481
0 0.943495 0.223549 0.113009 0.181235 0.00190139
0 0.521016 0.210221 0.248402 0.196909 0.00189817
0 0.623741 0.0816498 0.249451 0.1633 0.00189716
0 0.959313 0.562816 0.0813739 0.183002 0.00189684
0 0.945122 0.363233 0.109756 0.179669 0.00189287
0 0.950609 0.661678 0.0987814 0.181469 0.00189259
0 0.958491 0.516126 0.0830184 0.178799 0.00188817
0 0.947935 0.409734 0.104129 0.170445 0.00188769
0 0.136096 0.554289 0.272192 0.262812 0.00188751
0 0.903335 0.0850955 0.193331 0.170191 0.00188036
0 0.671587 0.214753 0.247466 0.208188 0.00187994
0 0.596407 0.213685 0.239464 0.205261 0.00187212
0 0.581092 0.918761 0.294003 0.162478 0.00187047
0 0.14835 0.118596 0.288639 0.232351 0.00186363
0 0.377686 0.790115 0.306109 0.185965 0.00186329
0 0.966661 0.886172 0.0666779 0.227656 0.00185782
0 0.530692 0.311954 0.488208 0.323387 0.00184841
0 0.584994 0.469153 0.372565 0.202854 0.00184572
0 1 0.919416 0 0.161168 0.00184374
0 0.266102 0.0915318 0.289743 0.183064 0.0018408
0 0.952231 0.267756 0.0955379 0.170606 0.00183462
0 0.340515 0.52661 0.335679 0.215619 0.00183355
0 0.828837 0.0822723 0.278644 0.164545 0.00183319
0 0.89476 0.772532 0.21048 0.184118 0.00183295
0 0.89219 0.339991 0.215619 0.174489 0.00182764
0 0.723802 0.594271 0.159403 0.108183 0.00181752
0 0.870777 0.359247 0.211699 0.198518 0.00181463
0 0.974952 0.97517 0.0500954 0.0496605 0.00181373
0 0.630024 0.864876 0.123368 0.133552 0.00181272
0 0.162207 0.625151 0.26115 0.192797 0.00180713
0 0.170198 0.936597 0.254079 0.126807 0.00180639
0 0.911255 0.519259 0.17749 0.185252 0.00180241
0 0.692103 0.0829539 0.253424 0.165908 0.00180038
0 0.298749 0.809676 0.235911 0.181274 0.00179592
0 0.917606 0.398361 0.164788 0.169203 0.00179293
0 0.75693 0.0811968 0.266903 0.162394 0.00177885
0 0.4815 0.819307 0.242567 0.220208 0.00177044
0 0.877675 0.910629 0.244651 0.178742 0.00176835
0 1 0.071022 0 0.142044 0.00174895
0 0.897782 0.720785 0.204437 0.170058 0.00174865
0 0.959316 0.970437 0.0813679 0.0591261 0.00174751
0 0.817087 0.304243 0.270236 0.080328 0.00174627
0 0.747092 0.913131 0.242379 0.173737 0.00174309
0 0.630778 0.835253 0.117659 0.10283 0.00174228
0 0.39193 0.306943 0.241451 0.151127 0.00174026
0 0.857562 0.111206 0.284875 0.11178 0.00173521
0 0.134572 0.883164 0.269145 0.215533 0.00173458
0 0.183874 0.0988039 0.316763 0.197608 0.00173405
0 0.966038 0.812876 0.0679248 0.185569 0.00173197
0 0.655066 0.434162 0.139083 0.119531 0.00173188
0 0.346296 0.151256 0.236631 0.210886 0.00172842
0 0.334993 0.865509 0.246059 0.170979 0.00172481
0 0.859332 0.284795 0.230645 0.121222 0.00171807
0 0.231874 0.0813597 0.246014 0.15574 0.00171594
0 0.126636 0.476455 0.230447 0.156036 0.0017157
0 0.929345 0.41744 0.141311 0.121149 0.00171543
0 0.720266 0.208151 0.234338 0.198562 0.00171354
0 0.178515 0.57418 0.279129 0.190107 0.00170823
0 0.903865 0.666502 0.192271 0.164255 0.00169476
0 0.164464 0.278967 0.325245 0.216358 0.00169151
0 0.347211 0.258206 0.264808 0.182746 0.00169093
0 0.268136 0.87362 0.24966 0.188833 0.00168794
0 0.184129 0.361076 0.368259 0.357179 0.00168775
0 0.703643 0.396947 0.368919 0.295694 0.00168711
0 0.487316 0.857213 0.242073 0.161242 0.00168576
0 0.223896 0.203766 0.179665 0.0819498 0.00168412
0 0.480852 0.215131 0.267757 0.203922 0.00167256
0 0.177085 0.601583 0.141155 0.106426 0.00166952
0 0.197174 0.87644 0.264352 0.194413 0.00166872
0 0.188879 0.775356 0.263042 0.185933 0.00166344
0 0.763741 0.20743 0.208765 0.196444 0.0016632
0 1 0.161913 0 0.166606 0.00166167
0 0.605909 0.773083 0.326946 0.19144 0.00165825
0 0.890361 0.4701 0.219278 0.212195 0.00165495
0 0.723631 0.772517 0.304434 0.190653 0.00165454
0 0.275895 0.784578 0.289541 0.182966 0.00165196
0 0.559949 0.716055 0.312968 0.179546 0.00164923
0 0.914606 0.561341 0.170787 0.177862 0.00164699
0 0.191683 0.816113 0.250305 0.185664 0.0016429
0 0.907999 0.363177 0.184002 0.183024 0.00163832
0 0.53747 0.664525 0.264833 0.199595 0.00163733
0 0.719616 0.661519 0.293681 0.197994 0.00163095
0 0.832313 0.470247 0.279679 0.200889 0.00162761
0 0.69709 0.591977 0.130041 0.109492 0.00162636
0 0.576216 0.817529 0.322542 0.188725 0.00161616
0 0.725225 0.715195 0.298302 0.184574 0.00161467
0 0.759446 0.306016 0.216456 0.0792004 0.00161437
0 0.48913 0.714849 0.303028 0.176777 0.00161364
0 0.277206 0.667811 0.285487 0.191439 0.00161269
0 0.637065 0.663649 0.28606 0.193936 0.00161165
0 0.73901 0.814914 0.263157 0.182746 0.00160691
0 0.481528 0.141542 0.286178 0.085641 0.00160279
0 0.902626 0.126103 0.194749 0.140458 0.0015994
0 0.914598 0.477541 0.170803 0.185012 0.00159918
0 0.288651 0.714173 0.278019 0.174363 0.0015966
0 0.163056 0.745037 0.117546 0.0998261 0.00159633
0 0.393205 0.63446 0.285646 0.176435 0.00159502
0 0.18701 0.715378 0.24406 0.182119 0.00159191
0 0.702443 0.387746 0.238754 0.124764 0.00158891
0 0.644336 0.472006 0.342078 0.203483 0.00158007
0 0.419487 0.523275 0.313132 0.2072 0.00157999
0 0.256223 0.810716 0.237835 0.180563 0.00156623
0 0.329524 0.438113 0.471254 0.374169 0.0015656
0 0.898317 0.617052 0.203366 0.171781 0.00156528
0 0.903725 0.26831 0.192551 0.165979 0.00156141
0 0.476094 0.860426 0.188235 0.131435 0.904935
0 0.886718 0.697086 0.109137 0.0659194 0.0299566
0 1 0.945754 0 0.108492 0.00617202
0 0.55873 0.853927 0.0233912 0.0831684 0.00558929
0 0.000531377 0.071354 0.00106275 0.142708 0.00546724
0 0.432547 0.878593 0.0972156 0.0866032 0.00529745
0 0.171125 0.601396 0.121413 0.0909048 0.00435114
0 1 0.968002 0 0.0639952 0.00429846
0 0.89024 0.603419 0.108574 0.08595 0.00419823
0 0.927252 0.602722 0.0319083 0.0786997 0.00360593
0 1 0.950674 0 0.0986525 0.00340051
0 1 0.947453 0 0.105094 0.00303657
0 0.163995 0.61883 0.10375 0.0804172 0.00288531
0 0.451576 0.964982 0.281477 0.0700361 0.00281281
0 1 0.957051 0 0.0858975 0.00274659
0 0.523632 0.966328 0.286957 0.0673445 0.00270463
0 0.608142 0.965711 0.306849 0.0685779 0.00258173
0 0 0.0169532 0 0.0339065 0.00246049
0 0.362822 0.964011 0.335447 0.0719778 0.00239548
0 0.00187845 0.899752 0.00375691 0.200496 0.00237774
0 0.266406 0.966117 0.302466 0.0677669 0.00236391
0 0.0719772 0 0.114591 0 0.00233963
0 0.182852 0.966086 0.289393 0.0678289 0.00225795
0 0.683749 0.965556 0.305494 0.0688873 0.00219707
0 0.12676 0.966598 0.253519 0.0668049 0.00218197
0 0.338333 0.867353 0.0873959 0.0796867 0.00217096
0 0.0549078 0.997232 0.109816 0.0055357 0.00215774
0 0.31219 0.999232 0.116111 0.00153675 0.00205112
0 0.348396 0.999151 0.117612 0.00169773 0.00204294
0 0.0850503 0.969588 0.170101 0.0608234 0.00203895
0 0.626372 0.137107 0.119507 0.0700838 0.00203236
0 0.473935 0.999319 0.138094 0.00136137 0.00202738
0 0.75008 0.966067 0.301188 0.067866 0.00200893
0 0.613852 0.589192 0.124443 0.0914541 0.00200016
0 0.654362 0.998809 0.125089 0.00238276 0.00199166
0 0.277105 0.999155 0.114251 0.00169048 0.00198491
0 1 0.804296 0 0.187277 0.00198085
0 1 0.753376 0 0.190799 0.00197134
0 1 0.963003 0 0.0739933 0.00196661
0 0.383852 0.999039 0.119411 0.0019228 0.00196143
0 0.340638 0.875619 0.0861935 0.0492001 0.00195895
0 1 0.203291 0 0.188877 0.00195442
0 0.442544 0.99936 0.128719 0.00127916 0.00194899
0 1 0.0992195 0 0.186017 0.00194415
0 1 0.70307 0 0.188345 0.00194006
0 0.820962 0.966216 0.304806 0.0675686 0.00192927
0 1 0.303206 0 0.187896 0.00192458
0 1 0.653113 0 0.187885 0.0019244
0 1 0.253843 0 0.186359 0.00191903
0 1 0.553097 0 0.18818 0.0019188
0 0.617769 0.998619 0.133389 0.00276203 0.00191591
0 1 0.603181 0 0.187962 0.00191496
0 0.389453 0.925471 0.288592 0.149058 0.00191029
0 1 0.503223 0 0.18822 0.00190941
0 0.691354 0.999038 0.121273 0.00192404 0.00190892
0 1 0.403185 0 0.188374 0.00190825
0 0.503074 0.931565 0.236433 0.136871 0.00190803
0 1 0.45306 0 0.188309 0.00190775
0 1 0.353411 0 0.188184 0.00190432
0 0 0.064036 0 0.128072 0.00189552
0 0.509106 0.998991 0.13848 0.00201759 0.00189333
0 0.414354 0.999172 0.12393 0.00165558 0.00189029
0 1 0.152917 0 0.184555 0.00188644
0 0.588098 0.932051 0.255458 0.135898 0.00186718
0 0.727718 0.999234 0.117436 0.00153236 0.00185443
0 1 0.0672332 0 0.134466 0.00185169
0 0.674398 0.119673 0.152654 0.0897072 0.00184778
0 0.243708 0.999079 0.113181 0.00184193 0.00183028
0 0 0.96911 0 0.0617805 0.0018274
0 0.673425 0.589429 0.0968584 0.0932694 0.00182688
0 0.545774 0.998604 0.13584 0.00279131 0.0018198
0 0.277295 0.929989 0.263425 0.140022 0.00181977
0 0.266091 0.462086 0.119473 0.075377 0.00181537
0 1 0.85843 0 0.193956 0.00180965
0 0.435336 0.921798 0.266766 0.156404 0.00180916
0 0.580511 0.998494 0.136283 0.00301247 0.00180819
0 0.997972 0.971519 0.00405639 0.0569628 0.001783
0 0.762982 0.999375 0.11532 0.00125027 0.00178109
0 0.878816 0.588409 0.130341 0.120057 0.00177339
0 1 0.923265 0 0.153471 0.00175614
0 0.191221 0.930779 0.256435 0.138442 0.00175186
0 0.868998 0.967165 0.262004 0.0656698 0.00174402
0 0.593899 0.596043 0.167441 0.108009 0.00174353
0 0.94377 0.998917 0.11246 0.00216608 0.001741
0 0 0.106556 0 0.164838 0.00174047
0 0.0271615 0.461335 0.054323 0.187655 0.00172918
0 0.0265915 0.886557 0.053183 0.214646 0.00172794
0 0.478351 0.916143 0.143891 0.0204956 0.00172622
0 0.0256777 0.511708 0.0513553 0.186905 0.00172299
0 0.0279976 0.411156 0.0559953 0.188826 0.00172201
0 0 0.972539 0 0.0549221 0.00171551
0 0.682077 0.931426 0.267104 0.137149 0.00171344
0 0.479976 0.899907 0.267969 0.200186 0.00170563
0 0.0281783 0.361315 0.0563567 0.188568 0.0016914
0 0.0263785 0.31118 0.052757 0.188262 0.00169089
0 0.0238817 0.561615 0.0477633 0.185346 0.00168933
0 0.125741 0.930961 0.251482 0.138078 0.00168878
0 0.0298334 0.814294 0.0596668 0.179963 0.00168663
0 0 0.977251 0 0.0454984 0.00168461
0 0.546915 0.853566 0.0462789 0.0876362 0.00168019
0 0.209681 0.999092 0.114252 0.00181656 0.00167697
0 0.449022 0.813347 0.252094 0.202426 0.00167488
0 0.0225659 0.762909 0.0451318 0.189275 0.00167198
0 0.0231644 0.611964 0.0463288 0.183884 0.00167115
0 0.798012 0.999439 0.116199 0.00112228 0.00166813
0 0.0252466 0.263241 0.0504932 0.185325 0.00166346
0 0.023076 0.212586 0.0461519 0.186171 0.00165921
0 0.480831 0.773187 0.29056 0.185341 0.00165158
0 0.749623 0.932473 0.263152 0.135055 0.00164287
0 0.0228893 0.712371 0.0457787 0.18521 0.00164248
0 0.0223272 0.662399 0.0446544 0.18401 0.00163664
0 0.313816 0.130549 0.166112 0.0911746 0.0016341
0 0.567561 0.141848 0.118113 0.0764867 0.00161499
0 1 0.30992 0 0.181188 0.00161212
0 0.0893084 0.931191 0.178617 0.137617 0.0016111
0 1 0.76039 0 0.185683 0.00161094
0 0.56234 0.910424 0.288872 0.179152 0.00161041
0 0.405639 0.896615 0.290217 0.20677 0.00160845
0 1 0.260539 0 0.178926 0.00160815
0 0.0305039 0.974079 0.0610077 0.0518412 0.00160656
0 0.908533 0.998943 0.122677 0.0021143 0.00160578
0 0.105019 0.911826 0.210038 0.176348 0.00160193
0 0.299189 0.909104 0.325726 0.181793 0.00159962
0 1 0.903054 0 0.193891 0.00159817
0 1 0.709779 0 0.182383 0.00159375
0 0.833451 0.99936 0.117701 0.00127983 0.00158924
0 1 0.81078 0 0.179393 0.00158867
0 0 0.158038 0 0.163671 0.00158865
0 0.0224241 0.160823 0.0448482 0.179941 0.00158842
0 1 0.210089 0 0.180621 0.00158266
0 0.0428005 0.993251 0.0856009 0.0134971 0.00158136
0 0 0.61221 0 0.156808 0.00157939
0 0.413984 0.877376 0.059112 0.084487 0.00157809
0 0.821262 0.932602 0.267063 0.134795 0.00157558
0 0 0.562478 0 0.156479 0.00157457
0 0 0.66206 0 0.156992 0.00157434
0 1 0.360216 0 0.182187 0.00157141
0 0 0.512534 0 0.156253 0.00157116
0 1 0.659547 0 0.181228 0.00156837
0 0 0.46253 0 0.156303 0.00156822
0 0 0.813016 0 0.153581 0.00156822
0 0.029584 0.102696 0.059168 0.180218 0.00156787
0 0.20846 0.911304 0.311532 0.177391 0.00156778
0 0.174885 0.999026 0.118121 0.00194759 0.00156574
0 0 0.209882 0 0.159224 0.00156473
0 1 0.559737 0 0.181404 0.00156463
0 0 0.412422 0 0.156549 0.0015646
0 1 0.609921 0 0.181389 0.00156363
0 0.145666 0.910877 0.291332 0.178246 0.00155877
0 1 0.409807 0 0.182023 0.0015587
0 0.86994 0.999147 0.120171 0.0017066 0.00155852
0 0 0.262001 0 0.157228 0.00155845
0 0 0.311856 0 0.15746 0.0015584
0 0 0.712081 0 0.157228 0.00155787
0 0 0.362212 0 0.156822 0.00155757
0 0.0475749 0.911656 0.0951498 0.176688 0.00155678
0 0.0759052 0.0153852 0.124672 0.0307704 0.00155629
0 1 0.510095 0 0.181868 0.00155276
0 0.0427953 0.0697706 0.0855907 0.139541 0.00155169
0 0.889031 0.109709 0.221938 0.1876 0.00155029
0 0.905911 0.0767445 0.188178 0.153489 0.00154991
0 1 0.45985 0 0.181866 0.00154754
0 0.941093 0.0674216 0.117815 0.134843 0.00154659
0 0.868615 0.0771167 0.262771 0.154233 0.00154658
0 0.963133 0.998696 0.0737339 0.00260744 0.00154459
0 0.466509 0.861304 0.215933 0.167167 0.00153767
0 0.868848 0.0677006 0.262304 0.135401 0.00153479
0 0 0.762045 0 0.1573 0.00152988
0 0.631617 0.122873 0.125752 0.0964152 0.00152521
0 0.934311 0.109581 0.131378 0.185742 0.00152351
0 0.990161 0.0762591 0.0196772 0.152518 0.00152043
0 0.852155 0.109659 0.295691 0.188307 0.00151105
0 0 0.877709 0 0.17628 0.00151039
0 0.0311946 0.930869 0.0623893 0.138262 0.00150631
0 0.865083 0.695017 0.116767 0.0741335 0.0015063
0 0.964504 0.162487 0.0709914 0.188422 0.00150498
0 0.498022 0.815831 0.246538 0.202653 0.00150053
0 0.850527 0.589618 0.180882 0.112582 0.00149684
0 0 0.9221 0 0.155799 0.00149482
0 0.952413 0.763372 0.0951738 0.199154 0.00148611
0 0.684052 0.90981 0.301507 0.18038 0.00148312
0 0.0735081 0.998253 0.125727 0.00349436 0.00148057
0 0.293417 0.766033 0.30579 0.18484 0.00148008
0 0.367462 0.10929 0.296622 0.187049 0.00147872
0 0.66673 0.127636 0.116433 0.0562052 0.00147814
0 0.582416 0.110009 0.288063 0.186193 0.00147783
0 0.805465 0.077184 0.278449 0.154368 0.00147635
0 0.753216 0.911214 0.301717 0.177571 0.00147323
0 0.439579 0.109512 0.292763 0.187421 0.00147075
0 0.914569 0.967767 0.170862 0.0644669 0.00147069
0 0.381774 0.768782 0.303916 0.182405 0.00146771
0 0.982023 0.109019 0.0359534 0.18863 0.00146658
0 0.821677 0.910879 0.304797 0.178241 0.00146529
0 0.482339 0.894547 0.119035 0.0663183 0.00146392
0 0.51138 0.109912 0.290195 0.187419 0.00145994
0 0.714644 0.109144 0.291194 0.186764 0.00145867
0 0.782034 0.109206 0.296649 0.18822 0.0014569
0 0.387283 0.0775629 0.285179 0.155126 0.0014536
0 0.648948 0.10947 0.28779 0.186733 0.00145352
0 0.879514 0.162951 0.240973 0.186112 0.00144571
0 0.458166 0.0771382 0.280764 0.154276 0.0014453
0 0 0.941118 0 0.117764 0.0014449
0 0.420756 0.861415 0.264072 0.177462 0.00144429
0 0.838671 0.162598 0.301418 0.188082 0.00144184
0 0.527927 0.0766815 0.277188 0.153363 0.00144183
0 0.920007 0.163054 0.159986 0.184118 0.00144041
0 0.958199 0.868717 0.0836018 0.204331 0.00143828
0 0.736249 0.0768589 0.277055 0.153718 0.0014382
0 0.158433 0.109921 0.295458 0.185966 0.00143818
0 0.955129 0.812208 0.0897417 0.193581 0.00143802
0 0.385755 0.0673274 0.267902 0.134655 0.00143769
0 0.155024 0.593345 0.0901079 0.0808804 0.00143725
0 0.800704 0.0679991 0.265513 0.135998 0.00143688
0 0.955115 0.36313 0.0897699 0.196275 0.00143627
0 0.957085 0.213021 0.0858305 0.194533 0.00143504
0 0.731283 0.0682039 0.265486 0.136408 0.00143503
0 0.95316 0.71398 0.0936798 0.193218 0.00143399
0 0.880341 0.932656 0.239318 0.134689 0.00143246
0 0.291377 0.812369 0.315475 0.192839 0.0014284
0 0.315661 0.067288 0.270062 0.134576 0.00142803
0 0.956102 0.412158 0.087795 0.195414 0.00142737
0 0.955332 0.312799 0.0893353 0.193734 0.0014264
0 0.598543 0.0763998 0.275181 0.1528 0.00142527
0 0.293368 0.713473 0.292381 0.185769 0.00142501
0 0.528771 0.147313 0.15316 0.0813225 0.00142478
0 0.955991 0.662752 0.0880175 0.191838 0.00142293
0 0.909214 0.765237 0.181572 0.192518 0.00142275
0 0.956138 0.262995 0.0877243 0.191715 0.00142225
0 0.839392 0.214739 0.305923 0.190392 0.00142126
0 0.450963 0.581334 0.121406 0.0917709 0.0014211
0 0.2728 0.131752 0.133595 0.09194 0.00141882
0 0.392383 0.80829 0.296398 0.19234 0.0014174
0 0.286659 0.667535 0.291688 0.192457 0.00141693
0 0.174133 0.0670885 0.265142 0.134177 0.00141522
0 0.455122 0.0671333 0.26549 0.134267 0.00141409
0 0.914829 0.412999 0.170342 0.188984 0.00141292
0 0.179158 0.077022 0.280018 0.154044 0.00141267
0 0.116565 0.110198 0.23313 0.185077 0.00141221
0 0.222913 0.815117 0.308576 0.191331 0.00141139
0 0.296916 0.10953 0.298041 0.187201 0.00141053
0 0.317121 0.0778487 0.288539 0.155697 0.0014103
0 0.247986 0.0775023 0.286411 0.155005 0.00141011
0 0.227972 0.109818 0.296822 0.186389 0.00140947
0 0.955492 0.463293 0.0890169 0.195142 0.00140919
0 0.876777 0.214811 0.246447 0.189339 0.00140765
0 0.244996 0.0669655 0.267634 0.133931 0.00140638
0 0.593071 0.067276 0.263572 0.134552 0.00140628
0 0.846622 0.36229 0.306757 0.196433 0.00140621
0 0.877142 0.464697 0.245716 0.19202 0.00140473
0 0.66195 0.0677682 0.264239 0.135536 0.0014043
0 0.523534 0.0670043 0.263658 0.134009 0.00140263
0 0.496683 0.21102 0.299141 0.192441 0.00140124
0 0.54014 0.7708 0.305983 0.193505 0.00139923
0 0.870148 0.909774 0.259704 0.180451 0.00139918
0 0.315161 0.860915 0.31428 0.188704 0.00139829
0 0.911717 0.812952 0.176567 0.188174 0.00139626
0 0.954729 0.51427 0.0905412 0.194939 0.0013948
0 0.715194 0.76396 0.300361 0.192609 0.00139403
0 0.912328 0.908898 0.175344 0.182203 0.00139371
0 0.876707 0.362907 0.246586 0.194268 0.00139327
0 0.667466 0.0764375 0.274781 0.152875 0.00139237
0 0.563917 0.21062 0.294809 0.192835 0.00139182
0 0.843204 0.464639 0.313592 0.194458 0.00139089
0 0.76902 0.163503 0.299809 0.186676 0.00139003
0 0.230301 0.765108 0.297186 0.184866 0.00138989
0 0.549855 0.85853 0.0412097 0.119279 0.00138943
0 0.914266 0.21414 0.171468 0.188477 0.00138907
0 0.770388 0.213902 0.301121 0.191055 0.00138793
0 0.843786 0.762898 0.280427 0.197338 0.00138758
0 0.698473 0.212502 0.293256 0.191736 0.0013862
0 0.785546 0.763367 0.289349 0.19519 0.00138369
0 0.710188 0.662433 0.268544 0.1951 0.00138332
0 0.912679 0.364247 0.174641 0.189641 0.00138165
0 0.646247 0.660302 0.268569 0.203456 0.00137987
0 0.368139 0.714148 0.297945 0.186484 0.00137872
0 0.085306 0.067982 0.170612 0.135964 0.00137805
0 0.911609 0.867125 0.176781 0.192998 0.00137697
0 0 0.90417 0 0.19166 0.00137671
0 0.426325 0.212059 0.303424 0.191563 0.00137661
0 0.879001 0.411836 0.241998 0.193418 0.00137572
0 0.138619 0.998689 0.127581 0.00262299 0.00137486
0 0.876593 0.763587 0.246815 0.197276 0.00137435
0 0.28906 0.615352 0.286956 0.182795 0.00137366
0 0.844411 0.411488 0.311178 0.197586 0.00137257
0 0.855044 0.659407 0.266684 0.188052 0.00137248
0 0.91301 0.464967 0.17398 0.189043 0.00137197
0 0.629405 0.211248 0.289905 0.192896 0.00137145
0 0.773277 0.464768 0.314738 0.196435 0.00137143
0 0.588544 0.659995 0.271562 0.205718 0.00136968
0 0.3652 0.666663 0.301131 0.194178 0.00136942
0 0.123873 0.664725 0.247747 0.191584 0.001369
0 0.533207 0.618028 0.276009 0.181955 0.00136856
0 0.914504 0.263941 0.170991 0.184193 0.00136774
0 0.961865 0.905174 0.0762706 0.189652 0.00136573
0 0.15571 0.815452 0.311421 0.191517 0.00136538
0 0.49544 0.41133 0.30048 0.194789 0.00136537
0 0.700775 0.411963 0.309436 0.195567 0.00136504
0 0.956514 0.563191 0.0869723 0.191113 0.00136489
0 0.912937 0.313545 0.174127 0.184136 0.00136462
0 0.451134 0.615881 0.289163 0.184625 0.00136425
0 0.477075 0.859355 0.191955 0.138622 0.887559
0 0.832737 0.351865 0.243586 0.18441 0.0048896
0 0.471623 0.925474 0.229842 0.149052 0.00236306
0 0.878341 0.89889 0.243318 0.202219 0.00218379
0 0.118497 0.586975 0.236994 0.224349 0.00205706
0 0.167586 0.266653 0.335172 0.307424 0.00205674
0 0.101651 0.966032 0.203302 0.0679363 0.00205329
0 0.12474 0.312885 0.24948 0.279817 0.00203865
0 0.13459 0.931804 0.250821 0.136392 0.00200802
0 0.295058 0.228147 0.590116 0.456294 0.00195934
0 0.121373 0.573449 0.242745 0.324563 0.00194728
0 0.512056 0.932474 0.209813 0.135052 0.00189324
0 0.144458 0.972731 0.244326 0.0545374 0.00188861
0 0.0922834 0.818903 0.184567 0.25416 0.00188601
0 0.362323 0.253908 0.698851 0.474393 0.00187287
0 0.503453 0.968849 0.27433 0.0623026 0.0018725
0 0.594832 0.936624 0.240685 0.126751 0.00185006
0 0.250017 0.248986 0.500035 0.345475 0.00184602
0 0.137389 0.777388 0.274778 0.203348 0.00183204
0 0.124258 0.36441 0.248516 0.371611 0.00182868
0 0.113808 0.520057 0.227617 0.334743 0.00182686
0 0.093476 0.77558 0.186952 0.24015 0.00180829
0 0.407715 0.927156 0.281155 0.145687 0.00180046
0 0.0948405 0.870062 0.189681 0.259877 0.00177896
0 0.882549 0.924584 0.234902 0.150833 0.00172793
0 0.870065 0.96886 0.259871 0.0622797 0.0017248
0 0.108159 0.857365 0.216318 0.28527 0.00172417
0 0.391703 0.2515 0.783406 0.503 0.00172284
0 0.10259 0.775794 0.20518 0.300554 0.00172059
0 0.259986 0.940908 0.23515 0.118183 0.00171876
0 0.137259 0.721856 0.274518 0.200726 0.00170383
0 0.119272 0.624834 0.238544 0.267133 0.00170095
0 0.211644 0.520694 0.285737 0.193034 0.00169054
0 0.376536 0.971066 0.301603 0.0578688 0.0016819
0 0.561593 0.865351 0.296965 0.168923 0.00167784
0 0.217405 0.464667 0.314572 0.222959 0.00166374
0 0.0939286 0.717522 0.187857 0.248706 0.00165946
0 0.126452 0.313112 0.252904 0.219751 0.00165773
0 0.436974 0.274437 0.829589 0.548875 0.0016509
0 0.132024 0.825684 0.264047 0.1864 0.0016499
0 0.955964 0.614954 0.0880723 0.213346 0.00164944
0 0.121498 0.37066 0.242996 0.255675 0.00163003
0 0.898831 0.885578 0.202338 0.207393 0.00161443
0 0.0882728 0.406077 0.176546 0.479301 0.00161135
0 0.129138 0.88655 0.258277 0.204418 0.00161071
0 0.965862 0.665598 0.0682764 0.184666 0.00160904
0 0.197228 0.230929 0.394456 0.461857 0.00160789
0 0.104325 0.618182 0.20865 0.227272 0.00160311
0 0.279673 0.499454 0.340755 0.277479 0.00160109
0 0.970328 0.765631 0.0593447 0.180429 0.00160029
0 0.179467 0.313698 0.2754 0.194781 0.00159468
0 0.948788 0.882666 0.102425 0.192129 0.00159232
0 0.554681 0.926054 0.267456 0.147892 0.00158992
0 0.107009 0.718729 0.214017 0.307492 0.00158705
0 0.925824 0.546583 0.148352 0.326591 0.0015799
0 0.254878 0.972824 0.255605 0.0543524 0.00157728
0 0.96841 0.715877 0.0631803 0.178539 0.00157385
0 0.8188 0.532204 0.362401 0.406805 0.00157345
0 0.112932 0.66722 0.225864 0.301913 0.00157082
0 0.398075 0.742995 0.739741 0.448622 0.00156152
0 0.0952937 0.662479 0.190587 0.254544 0.00156136
0 0.286105 0.7483 0.455329 0.315516 0.00155247
0 0.277187 0.295832 0.358106 0.285379 0.00155083
0 0.983444 0.894064 0.0331123 0.19096 0.00155043
0 0.2612 0.823566 0.353425 0.205433 0.00153932
0 0.157327 0.468967 0.293126 0.204084 0.00153857
0 0.121675 0.477878 0.24335 0.208068 0.0015295
0 0.292314 0.222852 0.584628 0.247699 0.00152857
0 0.261474 0.709303 0.416183 0.29625 0.00152538
0 0.0856949 0.30842 0.17139 0.466082 0.0015188
0 0.128645 0.909011 0.25729 0.181979 0.00151578
0 0.124055 0.816658 0.248109 0.356107 0.00150871
0 0 0.76238 0 0.215493 0.00150865
0 0.609584 0.97169 0.277434 0.0566202 0.00150005
0 0 0.950756 0 0.0984884 0.00149836
0 0.0905536 0.502525 0.181107 0.468917 0.00149558
0 0.493859 0.824083 0.243979 0.220013 0.00149146
0 0.78631 0.974746 0.296286 0.0505074 0.00148789
0 0.304576 0.454521 0.436587 0.325851 0.00148464
0 0.672513 0.916156 0.299285 0.167688 0.00148339
0 0.843084 0.252287 0.313833 0.504574 0.00148077
0 0.950747 0.815262 0.0985057 0.161026 0.00147832
0 0.669771 0.509609 0.660458 0.598983 0.0014749
0 0.118949 0.533768 0.237898 0.196296 0.00147273
0 0.939013 0.667692 0.121974 0.166125 0.00146979
0 0 0.71441 0 0.23969 0.00146954
0 0.133142 0.662677 0.266284 0.199088 0.00146905
0 0 0.816047 0 0.187725 0.00146605
0 0.125029 0.762705 0.250058 0.35547 0.00145794
0 0.924247 0.618752 0.151505 0.190842 0.00145552
0 0 0.663553 0 0.253909 0.00145391
0 0.685888 0.941239 0.249938 0.117522 0.00145274
0 0 0.0695143 0 0.139029 0.00145111
0 0.247132 0.413543 0.350442 0.313187 0.00144943
0 0.15434 0.525229 0.271387 0.183519 0.00144905
0 0 0.415589 0 0.235 0.00144681
0 0.0984829 0.906716 0.196966 0.186568 0.001445
0 0.0015677 0.614489 0.0031354 0.26769 0.00144313
0 1 0.0780556 0 0.156111 0.00144062
0 0 0.364004 0 0.20582 0.00144007
0 0 0.46577 0 0.258723 0.00143754
0 0.121952 0.662235 0.243904 0.355118 0.0014374
0 0.980312 0.817683 0.0393762 0.163286 0.00143695
0 0.00249819 0.564616 0.00499638 0.274083 0.0014365
0 1 0.665751 0 0.185491 0.00143534
0 0.288678 0.882061 0.297984 0.160442 0.00143219
0 0.0019606 0.515134 0.00392119 0.271271 0.00143148
0 0.913626 0.0985081 0.172749 0.197016 0.00143032
0 1 0.715824 0 0.177727 0.00142609
0 0.912768 0.670261 0.174463 0.16108 0.00142451
0 0.891845 0.622797 0.216309 0.186775 0.00142397
0 0.238389 0.177615 0.476778 0.231734 0.00141856
0 0 0.97413 0 0.0517407 0.00141665
0 0.94483 0.766303 0.11034 0.168223 0.0014098
0 0.999054 0.615713 0.00189222 0.21069 0.00140821
0 0.682913 0.973185 0.276671 0.0536303 0.00140469
0 0.86214 0.187222 0.275721 0.374444 0.0014022
0 0.547953 0.319742 0.904093 0.586339 0.00140187
0 0.913128 0.720939 0.173743 0.163947 0.00140111
0 0.202811 0.57132 0.254328 0.179953 0.00139722
0 0.861702 0.151736 0.276596 0.303472 0.00139492
0 0.118581 0.893505 0.237163 0.212991 0.00139377
0 1 0.765955 0 0.177547 0.00139159
0 0.865195 0.486948 0.26961 0.492197 0.00138965
0 1 0.813635 0 0.179247 0.00138943
0 0.915033 0.221873 0.169935 0.443746 0.00138202
0 0 0.312786 0 0.187744 0.00138197
0 0.807436 0.946625 0.277651 0.10675 0.0013757
0 0.872656 0.672899 0.254689 0.172189 0.00136796
0 1 0.760713 0 0.192754 0.00136449
0 0.840992 0.621635 0.318016 0.204002 0.00136352
0 0.941814 0.718148 0.116371 0.162831 0.00136309
0 0.49937 0.72074 0.869079 0.513444 0.00136213
0 0.130234 0.240221 0.260469 0.480443 0.00135807
0 1 0.818814 0 0.160984 0.00135731
0 0.443285 0.895587 0.256662 0.208826 0.00135583
0 1 0.710465 0 0.193445 0.00135546
0 0.79639 0.914461 0.34046 0.171078 0.00135184
0 0.518591 0.547225 0.705052 0.462455 0.00134487
0 0.371098 0.543898 0.40413 0.293271 0.00134442
0 0.145718 0.618672 0.259813 0.176605 0.00134357
0 0 0.0833611 0 0.166722 0.00134312
0 0.275895 0.566536 0.267685 0.184221 0.0013419
0 0.176401 0.423293 0.279184 0.22522 0.00133977
0 1 0.660735 0 0.199514 0.00133903
0 0.533897 0.911831 0.364941 0.150881 0.00133823
0 0.0876942 0.60658 0.175388 0.439651 0.00133612
0 0.858872 0.114071 0.282257 0.228142 0.00133347
0 0.704528 0.851249 0.404923 0.273152 0.0013327
0 1 0.103889 0 0.207779 0.00133146
0 0.435496 0.499716 0.645482 0.44437 0.00132266
0 1 0.892748 0 0.184103 0.00132088
0 0.273819 0.781508 0.348436 0.176705 0.00132014
0 0.69435 0.131537 0.6113 0.263075 0.00131822
0 0.97987 0.561058 0.0402591 0.275087 0.00131446
0 0.828449 0.352121 0.343101 0.576707 0.00131432
0 0.945097 0.970063 0.109807 0.0598739 0.0013142
0 1 0.611662 0 0.213352 0.0013127
0 0.870998 0.726128 0.258004 0.189229 0.00130693
0 0 0.154812 0 0.176213 0.00130684
0 0.127177 0.416781 0.254354 0.242194 0.00130441
0 0.121863 0.365359 0.243726 0.206011 0.00130437
0 0.762895 0.130122 0.474211 0.260244 0.00130142
0 0 0.887517 0 0.203637 0.00130113
0 0.676165 0.747533 0.331001 0.185803 0.00129957
0 0.468332 0.227528 0.902329 0.455057 0.00129662
0 0.917487 0.817881 0.165026 0.166402 0.00129552
0 0.977747 0.085216 0.044506 0.170432 0.00129434
0 0.520392 0.872948 0.100005 0.11802 0.00129269
0 0.258234 0.930771 0.298381 0.138458 0.0012923
0 0.324834 0.660219 0.430731 0.340503 0.00129225
0 1 0.92502 0 0.14996 0.00128484
0 0.154868 0.120573 0.309736 0.241147 0.00128268
0 1 0.562163 0 0.236133 0.00127811
0 0.729848 0.791944 0.540304 0.363092 0.00127168
0 0.427445 0.368917 0.666538 0.457726 0.00126984
0 0.962092 0.933876 0.0758165 0.132247 0.00126835
0 0.0840249 0.799416 0.16805 0.401167 0.00126825
0 0.766261 0.613639 0.467478 0.270376 0.00126811
0 0.942534 0.152574 0.114931 0.305148 0.00126715
0 0 0.263881 0 0.181898 0.00126434
0 0.605747 0.364944 0.788506 0.597693 0.00126155
0 0.966454 0.307866 0.0670926 0.388896 0.00126023
0 0 0.210679 0 0.186203 0.00125971
0 0.626154 0.7129 0.747693 0.50306 0.00125267
0 0.0966779 0.110384 0.193356 0.220768 0.00125235
0 0.0242595 0.893653 0.0485189 0.212694 0.00125022
0 0.579606 0.129824 0.645565 0.259647 0.00124883
0 0.657121 0.762067 0.429834 0.198902 0.00124537
0 0.08539 0.708052 0.17078 0.432688 0.00124227
0 0 0.103243 0 0.157273 0.0012407
0 0.170246 0.364847 0.262486 0.172788 0.00124051
0 1 0.511101 0 0.26845 0.00123788
0 0.2441 0.355254 0.309344 0.225112 0.00123602
0 0.915529 0.769224 0.168942 0.169978 0.00123452
0 0.488935 0.668568 0.714957 0.461862 0.00123369
0 0.766574 0.809959 0.466852 0.299161 0.00123357
0 0.243655 0.616292 0.282173 0.161277 0.00123145
0 0.0507354 0.100036 0.101471 0.200072 0.00123028
0 0.215152 0.126333 0.430304 0.252666 0.00122974
0 0.671935 0.315098 0.65613 0.594479 0.00122345
0 0.393089 0.205632 0.786178 0.411263 0.00122113
0 0.728473 0.751733 0.543055 0.216779 0.00121993
0 0.778787 0.672171 0.406641 0.249009 0.00121855
0 0.301972 0.128787 0.603943 0.257575 0.00121754
0 0.749013 0.41354 0.501974 0.573116 0.00121652
0 0.988114 0.358477 0.0237729 0.35373 0.00121542
0 0.434587 0.129028 0.623145 0.258055 0.00121422
0 0.654036 0.199392 0.691929 0.398784 0.00121123
0 0.788363 0.276667 0.423273 0.553334 0.0012111
0 0.39013 0.813297 0.373758 0.252064 0.00120877
0 0.887419 0.698334 0.124015 0.0687058 0.00120522
0 0.580728 0.249545 0.838544 0.49909 0.00120226
0 0.108768 0.967897 0.217536 0.0642053 0.00120198
0 1 0.875509 0 0.188543 0.00120135
0 0.500311 0.22483 0.591503 0.200941 0.00119875
0 1 0.459672 0 0.301564 0.0011984
0 0.286958 0.181875 0.573916 0.214443 0.00119643
0 1 0.409037 0 0.328037 0.0011938
0 0.9379 0.502389 0.1242 0.383498 0.00118175
0 0.432433 0.876079 0.265121 0.172084 0.00118155
0 0.868724 0.770566 0.262552 0.211605 0.00117411
0 0.512917 0.512328 0.856414 0.559474 0.00116902
0 0.876092 0.406308 0.247817 0.503769 0.00116853
0 0.453978 0.821034 0.243514 0.230942 0.00116596
0 0.577211 0.809791 0.355459 0.25602 0.00116419
0 0.471255 0.604495 0.620303 0.372556 0.00116327
0 0.763392 0.723219 0.473217 0.286834 0.00116326
0 0.751815 0.226777 0.496369 0.453555 0.00115746
0 0.0675137 0.866535 0.135027 0.26693 0.00115402
0 0.789708 0.869458 0.420583 0.261083 0.00114253
0 0.928599 0.136336 0.142802 0.272673 0.00114152
0 0.0627253 0.232547 0.125451 0.457544 0.00113898
0 0.283282 0.199581 0.566564 0.399161 0.00113875
0 0.733215 0.169973 0.53357 0.339946 0.00113396
0 0 0.91994 0 0.16012 0.00113274
0 0.566029 0.612854 0.77244 0.467857 0.00113254
0 0.217548 0.113706 0.435096 0.227411 0.00113232
0 1 0.978132 0 0.0437356 0.00113198
0 0.277083 0.474707 0.172662 0.134805 0.0011296
0 0.605591 0.470695 0.788818 0.607225 0.00112654
0 0.636536 0.210893 0.708065 0.230479 0.00112185
0 0.079402 0.977262 0.158804 0.0454765 0.00111561
0 0.973517 0.973461 0.0529669 0.0530781 0.00111258
0 0.701944 0.354804 0.347824 0.179456 0.00110755
0 0.871195 0.821866 0.25761 0.209526 0.00110348
0 0.996182 0.973909 0.00763641 0.0521826 0.00110254
0 1 0.952469 0 0.095061 0.00107751
0 0.320486 0.604819 0.356936 0.22209 0.00107469
0 0.685945 0.249814 0.62811 0.499629 0.00106851
0 0.591852 0.553163 0.816295 0.54749 0.00105943
0 0.218756 0.661162 0.286466 0.204612 0.00105901
0 0.596318 0.168331 0.807363 0.336661 0.00104056
0 0.499729 0.732551 0.185674 0.144702 0.00103474
0 0.185959 0.160752 0.371917 0.321503 0.00102957
0 0.00573883 0.114307 0.0114777 0.228614 0.00101328
0 0.474881 0.86092 0.186756 0.137264 0.962938
0 0.557687 0.867622 0.0253064 0.135733 0.00331792
0 0.0246181 0.967254 0.0492363 0.0654921 0.00213881
0 0.533197 0.871215 0.069868 0.116414 0.00213419
0 0.659956 0.77197 0.462242 0.228094 0.0019533
0 0.301844 0.664503 0.515428 0.367243 0.00184229
0 0.198672 0.649739 0.343228 0.253267 0.00176247
0 0.151643 0.699092 0.303286 0.235341 0.00176142
0 0.91695 0.618103 0.166099 0.168619 0.00174506
0 0.0714002 0.970786 0.1428 0.0584282 0.00173441
0 0.601716 0.612027 0.373939 0.240062 0.00172503
0 0.884575 0.723246 0.23085 0.24476 0.00170569
0 0.473942 0.925776 0.222576 0.148448 0.00168048
0 0.0177441 0.120872 0.0354883 0.241745 0.00166071
0 0.0205386 0.915982 0.0410771 0.168035 0.00164781
0 0.899934 0.671334 0.200133 0.205298 0.00164106
0 0.513824 0.966274 0.246809 0.0674517 0.00164062
0 0.0180728 0.173065 0.0361457 0.264053 0.00163693
0 0.0178965 0.773479 0.0357929 0.250527 0.00163166
0 0.83016 0.614005 0.33968 0.201673 0.00162525
0 0.902208 0.772865 0.195585 0.226769 0.00161174
0 0.424073 0.741365 0.848146 0.51727 0.00160805
0 0.0185114 0.221491 0.0370229 0.267932 0.00160759
0 0.750196 0.612595 0.384988 0.238648 0.00160396
0 0.168569 0.748575 0.337139 0.295947 0.00159871
0 0.468592 0.610651 0.388019 0.24659 0.00159319
0 0.417251 0.673093 0.670136 0.427788 0.00158908
0 0.0178646 0.722754 0.0357292 0.24486 0.00158106
0 0.397656 0.607862 0.36574 0.23176 0.00157787
0 0.0199243 0.894923 0.0398486 0.210155 0.00157681
0 0.018738 0.271865 0.0374761 0.262863 0.001568
0 0.11194 0.937601 0.221961 0.124797 0.00156496
0 0.0181054 0.673543 0.0362108 0.241824 0.00156107
0 0.0186903 0.320243 0.0373806 0.254771 0.00155998
0 0.674002 0.611548 0.366719 0.239557 0.00155791
0 0.992656 0.959883 0.0146887 0.0802334 0.00155758
0 0.0181045 0.821678 0.036209 0.254075 0.00155746
0 0.0188154 0.423169 0.0376309 0.239099 0.00154362
0 0.0187809 0.372028 0.0375618 0.242799 0.00154341
0 0.295919 0.712663 0.591839 0.425313 0.00153957
0 0.018892 0.473212 0.0377839 0.237194 0.00153105
0 0.469137 0.964272 0.257138 0.0714561 0.00152237
0 0.0892278 0.819836 0.178456 0.171651 0.00152128
0 0.146086 0.65494 0.286044 0.185933 0.00151794
0 0.561599 0.968692 0.247048 0.0626163 0.00151364
0 0.0185221 0.624129 0.0370443 0.240117 0.00150562
0 0.0188929 0.524724 0.0377859 0.236766 0.00150266
0 0.0188384 0.575302 0.0376768 0.239851 0.00150043
0 0.418686 0.923531 0.288657 0.152937 0.00149846
0 0.82009 0.806895 0.359819 0.298052 0.00149038
0 0.332663 0.607071 0.342749 0.212832 0.00148959
0 0.109535 0.969837 0.21907 0.0603264 0.0014859
0 0.659464 0.674996 0.681073 0.465869 0.00148116
0 0.716164 0.777899 0.567671 0.444201 0.00145776
0 0.15259 0.855899 0.30518 0.23198 0.00143222
0 0.0899192 0.768279 0.179838 0.175128 0.00142904
0 0.00424184 0.37115 0.00848369 0.32137 0.00142213
0 0.926644 0.565784 0.146712 0.159459 0.00142178
0 0.00382982 0.269305 0.00765965 0.332746 0.00141594
0 0.0361537 0.0796596 0.0723074 0.159319 0.0014142
0 0.00283595 0.949721 0.0056719 0.100558 0.00141383
0 0.271438 0.818818 0.542876 0.362365 0.00141347
0 0.0904712 0.875824 0.180942 0.168589 0.00140695
0 0.00275042 0.856318 0.00550084 0.287364 0.00140475
0 0.523968 0.932379 0.19581 0.135242 0.00139979
0 0.0766097 0.935279 0.153219 0.129442 0.00139079
0 0.901227 0.966457 0.197547 0.0670856 0.00138697
0 0.874218 0.563643 0.251565 0.162578 0.00138647
0 0.967244 0.93055 0.065512 0.1389 0.00138371
0 0.820385 0.94355 0.258956 0.1129 0.00138178
0 0.739017 0.741222 0.521967 0.451366 0.00137903
0 0.00408308 0.675293 0.00816617 0.312594 0.00137571
0 0.00439722 0.5243 0.00879444 0.312984 0.00136665
0 0.408869 0.970439 0.289024 0.0591227 0.00136394
0 0.00330604 0.775472 0.00661209 0.31737 0.00136332
0 0.79768 0.880027 0.393776 0.219306 0.00135653
0 0.667837 0.738571 0.664326 0.522858 0.00135283
0 0.614381 0.936654 0.226117 0.126693 0.00133651
0 0.325755 0.77999 0.65151 0.44002 0.00133244
0 0.780565 0.662555 0.438871 0.353732 0.00132516
0 0.808441 0.925511 0.290722 0.148979 0.00132256
0 0.709904 0.94114 0.238636 0.117719 0.00131846
0 0.00404464 0.173482 0.00808928 0.329749 0.00131208
0 0.887018 0.938009 0.225965 0.123981 0.00130913
0 0.0945306 0.718411 0.189061 0.165767 0.0013018
0 0.978009 0.66136 0.0439829 0.320112 0.00130087
0 0.199273 0.900514 0.348032 0.198972 0.00129886
0 0.487693 0.731432 0.803467 0.461003 0.00129827
0 0.713988 0.870198 0.3676 0.220993 0.00129798
0 0.798323 0.561923 0.291584 0.166345 0.0012965
0 0.919772 0.826112 0.160455 0.184713 0.0012937
0 0.873312 0.967677 0.253377 0.0646469 0.00129121
0 0 0.0684005 0 0.136801 0.00128926
0 0.277334 0.606073 0.308558 0.193621 0.00128844
0 0.620558 0.970591 0.263425 0.0588176 0.001285
0 0.976715 0.458607 0.0465693 0.321081 0.00127272
0 0.978428 0.761788 0.0431448 0.32807 0.00126931
0 0.692455 0.97292 0.262454 0.0541599 0.00126766
0 0.733904 0.668909 0.532192 0.449221 0.00126666
0 0.982946 0.890242 0.0341077 0.219515 0.0012649
0 0.977265 0.559281 0.0454708 0.314596 0.00126138
0 0.97659 0.360474 0.0468191 0.332371 0.00126019
0 0.305045 0.972417 0.285638 0.0551669 0.00125786
0 0.921657 0.934944 0.156686 0.130111 0.00125767
0 0.175835 0.611338 0.266187 0.168743 0.00125562
0 0.494348 0.818184 0.252644 0.239732 0.00125539
0 0.520908 0.56139 0.289649 0.164925 0.00124943
0 0.625875 0.0767679 0.629918 0.153536 0.00124942
0 0.69849 0.92771 0.267444 0.144579 0.00124631
0 0.978689 0.213604 0.0426213 0.333581 0.00124465
0 0.198171 0.946604 0.256655 0.106792 0.00124247
0 0.920319 0.914837 0.159362 0.170326 0.00123523
0 0.595149 0.561073 0.282824 0.164265 0.0012264
0 0.00172927 0.975854 0.00345855 0.0482915 0.00122438
0 0.658826 0.560237 0.281284 0.163582 0.00121801
0 0.421126 0.887487 0.299191 0.225026 0.00121714
0 0.725082 0.560503 0.284799 0.164973 0.00121373
0 0.449806 0.56132 0.281843 0.163696 0.00121071
0 0.301501 0.890581 0.435428 0.218838 0.00120057
0 0.948632 0.970972 0.102736 0.0580566 0.00119354
0 0.586748 0.720078 0.826504 0.54768 0.00119227
0 0.575092 0.870118 0.286376 0.163665 0.00118769
0 0.00805672 0.103942 0.0161134 0.207883 0.00118563
0 0.931504 0.0749531 0.136992 0.149906 0.00118343
0 0.205193 0.971653 0.268822 0.0566933 0.00118164
0 0.385809 0.561905 0.274328 0.162886 0.00118019
0 0.541135 0.233592 0.711383 0.255019 0.00117828
0 0.994186 0.0762663 0.0116285 0.152533 0.001177
0 0.0117086 0.0807349 0.0234171 0.16147 0.00117461
0 0.127 0.913549 0.254 0.172901 0.00117336
0 0.99323 0.101034 0.0135404 0.202067 0.00117138
0 0.923963 0.877496 0.152073 0.176428 0.00116504
0 0.795938 0.973357 0.284005 0.0532857 0.00116442
0 0.982653 0.657708 0.0346937 0.229025 0.00116158
0 0.928011 0.516607 0.143978 0.159485 0.00115928
0 0.00348758 0.94432 0.00697515 0.11136 0.00115675
0 0.505739 0.860374 0.23067 0.153957 0.00115528
0 0.980997 0.355995 0.0380052 0.235643 0.00114952
0 0.883465 0.92112 0.23307 0.157761 0.00114849
0 0.226839 0.607553 0.277263 0.178393 0.00114616
0 0.98276 0.607851 0.0344794 0.224557 0.001146
0 0.982671 0.805115 0.0346579 0.231007 0.0011458
0 0.981684 0.406996 0.0366325 0.230768 0.00114521
0 0.980451 0.305696 0.0390972 0.242213 0.0011446
0 0.102416 0.669135 0.204832 0.161657 0.00114418
0 0.985752 0.155076 0.0284956 0.22469 0.0011376
0 0.321108 0.563171 0.267604 0.162688 0.00113686
0 0.983023 0.556447 0.0339545 0.226266 0.00113608
0 0.98234 0.70885 0.0353196 0.232399 0.00113526
0 0.982266 0.457583 0.0354687 0.231366 0.00113503
0 0.568996 0.930446 0.240734 0.139108 0.00113336
0 0.982516 0.75958 0.034968 0.234257 0.00113227
0 0.931356 0.115734 0.137289 0.161189 0.00113187
0 0.98269 0.508059 0.0346191 0.22526 0.00112886
0 0.927715 0.167575 0.144571 0.160971 0.00112734
0 0.927218 0.21725 0.145565 0.161118 0.00112497
0 0.872131 0.884299 0.255738 0.18776 0.00112133
0 0.9787 0.847702 0.0426004 0.304596 0.00111994
0 0.926111 0.317668 0.147779 0.16188 0.00111697
0 0.927035 0.467588 0.14593 0.162806 0.00111629
0 0.927768 0.366522 0.144464 0.161574 0.00111386
0 0.0817612 0.919026 0.163522 0.161949 0.00111239
0 0.927663 0.416629 0.144674 0.16068 0.00110948
0 0.967178 0.907992 0.0656444 0.184016 0.00110508
0 0.3079 0.947313 0.29716 0.105373 0.00110017
0 0.75873 0.366786 0.239021 0.160362 0.0010965
0 0.927118 0.266653 0.145763 0.160659 0.0010948
0 0.300007 0.822313 0.409504 0.2076 0.00109034
0 0.00398666 0.898465 0.00797331 0.203069 0.00108702
0 0.450596 0.815989 0.244496 0.247009 0.00108488
0 0.886652 0.516045 0.226696 0.158768 0.00108359
0 0.258437 0.564159 0.257513 0.163652 0.00108247
0 0.888354 0.31711 0.223292 0.161843 0.00107497
0 0.890274 0.36659 0.219453 0.16163 0.00107183
0 0.758014 0.314957 0.239182 0.161716 0.00107096
0 0.823016 0.515747 0.248633 0.159352 0.0010698
0 0.760424 0.416643 0.23828 0.159848 0.00106864
0 0.55006 0.366091 0.246073 0.162074 0.00106689
0 0.622881 0.168105 0.242489 0.160071 0.001063
0 0.829199 0.367139 0.239807 0.161703 0.00105799
0 0.886325 0.467384 0.227349 0.162985 0.00105735
0 0.547946 0.514844 0.250209 0.161834 0.00105716
0 0.69088 0.366481 0.242328 0.161425 0.00105672
0 0.623566 0.216374 0.241398 0.163209 0.00105417
0 0.550579 0.315342 0.244293 0.16068 0.00105332
0 0.885956 0.0658158 0.228088 0.131632 0.0010478
0 0.195102 0.565323 0.251818 0.163506 0.00104668
0 0.559532 0.074202 0.239509 0.148404 0.0010463
0 0.966161 0.612419 0.0676789 0.165094 0.0010456
0 0.408161 0.0666365 0.24538 0.133273 0.00104526
0 0.964728 0.664045 0.0705439 0.167642 0.00104493
0 0.690047 0.31502 0.241299 0.161707 0.00104381
0 0.694937 0.167513 0.240525 0.160762 0.00104367
0 0.828294 0.316164 0.240826 0.162804 0.00104326
0 0.630575 0.0745547 0.241572 0.149109 0.0010432
0 0.620831 0.366441 0.246592 0.162541 0.00104311
0 0.550083 0.1687 0.237705 0.159531 0.00104138
0 0.824644 0.0662177 0.246761 0.132435 0.00104137
0 0.887442 0.167711 0.225117 0.160973 0.00104019
0 0.552858 0.216604 0.239209 0.16318 0.00103948
0 0.888506 0.21686 0.222989 0.161283 0.00103786
0 0.477652 0.0663713 0.24514 0.132743 0.00103457
0 0.553958 0.115866 0.236975 0.159642 0.0010338
0 0.33915 0.0665869 0.245064 0.133174 0.00103334
0 0.888723 0.266026 0.222553 0.159731 0.00103213
0 0.479991 0.169015 0.233774 0.15992 0.00103155
0 0.88928 0.416473 0.221439 0.161779 0.00103153
0 0.481555 0.315215 0.24602 0.16089 0.00103117
0 0.414241 0.168456 0.23419 0.160583 0.00103053
0 0.619983 0.315502 0.245084 0.161503 0.00103053
0 0.347418 0.167238 0.238701 0.161672 0.00103013
0 0.550712 0.415842 0.244252 0.160425 0.00102952
0 0.754158 0.515032 0.241853 0.159239 0.00102928
0 0.273843 0.315053 0.244055 0.161579 0.00102814
0 0.626522 0.115893 0.240828 0.160398 0.00102622
0 0.276555 0.166493 0.239574 0.161304 0.00102578
0 0.632615 0.858393 0.165789 0.134246 0.00102511
0 0.275134 0.364327 0.243458 0.160265 0.00102458
0 0.755749 0.0664606 0.246734 0.132921 0.00102458
0 0.552358 0.265543 0.241419 0.160443 0.00102439
0 0.550807 0.466357 0.247034 0.160175 0.0010239
0 0.273936 0.415499 0.246977 0.16216 0.00102381
0 0.688026 0.515132 0.240734 0.160111 0.00102355
0 0.694395 0.215839 0.239869 0.163094 0.0010235
0 0.622446 0.416109 0.244684 0.160535 0.00102336
0 0.761605 0.167595 0.238756 0.161151 0.00102229
0 0.203512 0.314932 0.241344 0.162559 0.00102208
0 0.480619 0.365135 0.244936 0.161601 0.00102207
0 0.340943 0.51462 0.248413 0.161713 0.00102152
0 0.69213 0.416343 0.241016 0.160588 0.00102024
0 0.700213 0.074583 0.241615 0.149166 0.00102
0 0.825978 0.168052 0.238361 0.161162 0.00101983
0 0.110698 0.620899 0.221395 0.159936 0.00101905
0 0.41281 0.36436 0.24324 0.160288 0.00101873
0 0.891628 0.115049 0.216744 0.159843 0.0010154
0 0.484125 0.21666 0.23734 0.16339 0.00101511
0 0.493907 0.909766 0.253968 0.180469 0.00101264
0 0.967054 0.0751572 0.0658912 0.150314 0.0010123
0 0.272056 0.514987 0.246932 0.161275 0.00101207
0 0.601203 0.791154 0.419067 0.326243 0.00101135
0 0.620822 0.515221 0.244036 0.160506 0.00101128
0 0.829461 0.41691 0.241215 0.16058 0.00101114
0 0.69281 0.265391 0.242888 0.160915 0.00101105
0 0.412044 0.415549 0.244419 0.161631 0.0010106
0 0.758297 0.466117 0.24073 0.160715 0.00101015
0 0.622331 0.265662 0.243679 0.160739 0.00101005
0 0.273251 0.266452 0.246094 0.162522 0.00100955
0 0.480648 0.415495 0.243902 0.160861 0.00100908
0 0.829516 0.216405 0.238154 0.162336 0.00100882
0 0.275267 0.215878 0.239915 0.162576 0.00100836
0 0.412906 0.31516 0.245567 0.160689 0.00100776
0 0.409895 0.514387 0.247 0.161632 0.00100761
0 0.204771 0.364627 0.243512 0.161577 0.0010076
0 0.202606 0.266413 0.240983 0.162473 0.00100753
0 0.476875 0.514209 0.247936 0.161953 0.00100748
0 0.831957 0.114284 0.234742 0.158883 0.0010066
0 0.120117 0.070048 0.240235 0.140096 0.00100632
0 0.205124 0.166258 0.236294 0.160577 0.00100597
0 0.481717 0.466169 0.245214 0.159856 0.00100582
0 0.269003 0.0665608 0.244218 0.133122 0.00100557
0 0.273421 0.465197 0.246004 0.161235 0.00100503
0 0.417836 0.114021 0.231655 0.157812 0.00100435
0 0.344446 0.36415 0.243325 0.159837 0.00100421
0 0.343029 0.465559 0.245828 0.160848 0.00100321
0 0.824962 0.466928 0.246506 0.162408 0.0010032
0 0.204038 0.415206 0.24715 0.162651 0.00100261
0 0.484162 0.114551 0.232164 0.15899 0.00100258
0 0.698074 0.114943 0.238722 0.159572 0.00100239
0 0.413385 0.466026 0.244984 0.160093 0.00100125
0 0.344166 0.315224 0.246544 0.160931 0.00100086
0 0.0627419 0.0744324 0.125484 0.148865 0.00100051
0 0.476273 0.863133 0.192999 0.136386 0.9847
0 0.997022 0.11455 0.0059555 0.229099 0.311403
0 0.00443767 0.11269 0.00887534 0.22538 0.265654
0 0.996885 0.887362 0.00622903 0.225276 0.178202
0 0.425723 0.272144 0.248285 0.171056 0.17735
0 0.839614 0.887974 0.320772 0.220571 0.120054
0 0.611484 0.273119 0.247874 0.173276 0.11348
0 0.996787 0.163085 0.00642577 0.276236 0.0347199
0 0.272553 0.892665 0.286696 0.207005 0.0293557
0 0.00506264 0.901056 0.0101253 0.197889 0.025768
0 0.995896 0.216438 0.00820784 0.281924 0.0175343
0 0.147825 0.893611 0.279072 0.211 0.0141679
0 0.995936 0.26633 0.00812787 0.282177 0.0140435
0 0.995911 0.441563 0.00817765 0.28148 0.0133375
0 0.995874 0.491426 0.00825179 0.281691 0.0130345
0 0.99581 0.842916 0.00837916 0.283158 0.0129714
0 0.995901 0.39155 0.00819897 0.2815 0.0129334
0 0.995834 0.541483 0.0083315 0.281797 0.012907
0 0.995923 0.3417 0.00815435 0.281536 0.0127328
0 0.995793 0.591552 0.00841358 0.281747 0.0126912
0 0.995848 0.791821 0.00830303 0.281634 0.0125901
0 0.995783 0.641538 0.00843344 0.281719 0.0125446
0 0.995857 0.741649 0.00828622 0.281452 0.0124138
0 0.99583 0.691732 0.00833997 0.281748 0.0123778
0 0.842823 0.350502 0.314354 0.179054 0.0118744
0 0.864794 0.116436 0.270413 0.225676 0.00852284
0 0.86621 0.376067 0.267579 0.216804 0.00652467
0 0.00632876 0.163444 0.0126575 0.271509 0.00571996
0 0.24864 0.324321 0.235246 0.17394 0.00350281
0 0.65304 0.886493 0.180796 0.18422 0.0029745
0 0.992604 0.867589 0.0147914 0.264822 0.00295581
0 0.167153 0.325534 0.314873 0.184234 0.00241506
0 0.83103 0.839556 0.337941 0.305741 0.00237147
0 0.0460547 0.840546 0.0921094 0.318909 0.00226728
0 0.993548 0.810173 0.012903 0.355727 0.00220145
0 0.993759 0.501865 0.0124811 0.346677 0.00213
0 0.00640825 0.21383 0.0128165 0.271071 0.00211645
0 0.890637 0.8946 0.210272 0.210801 0.00209585
0 0.957865 0.171185 0.0842709 0.342371 0.00209512
0 0.993767 0.601902 0.0124652 0.345215 0.00205464
0 0.930304 0.607871 0.139392 0.341511 0.00201807
0 0.993594 0.401953 0.0128124 0.338013 0.00201346
0 0.0067016 0.413843 0.0134032 0.271134 0.00199731
0 0.99366 0.302344 0.0126792 0.336899 0.00198073
0 0.993693 0.703731 0.0126139 0.350191 0.00197542
0 0.91332 0.211439 0.173361 0.394262 0.00195094
0 1 0.903444 0 0.193113 0.00195085
0 0.0066451 0.363814 0.0132902 0.271058 0.00193457
0 0.922579 0.312513 0.154841 0.38169 0.00191324
0 0.873303 0.650909 0.253394 0.40384 0.00189066
0 0.00647515 0.263756 0.0129503 0.270943 0.0018802
0 1 0.976422 0 0.0471565 0.00187008
0 0.045008 0.962973 0.0900159 0.0740532 0.00186592
0 1 0.953876 0 0.0922481 0.00185538
0 0.942875 0.362043 0.114251 0.371414 0.00184129
0 0.00654314 0.313861 0.0130863 0.270936 0.00183962
0 0.391735 0.075062 0.312606 0.150124 0.00181982
0 0.0524656 0.314235 0.104931 0.378212 0.00179321
0 0.00658 0.713814 0.01316 0.270916 0.00178625
0 0.00667233 0.463662 0.0133447 0.271278 0.0017776
0 0.843825 0.693597 0.312351 0.448014 0.00175646
0 0.00681523 0.864267 0.0136305 0.271466 0.00175479
0 0.694953 0.661952 0.438908 0.297543 0.00173573
0 0.98592 0.0843219 0.0281606 0.168644 0.00173244
0 0.963338 0.411027 0.0733245 0.36133 0.00171881
0 0.679256 0.888646 0.224121 0.203601 0.00171853
0 0.00660362 0.813815 0.0132072 0.271175 0.00170525
0 0.00659464 0.763677 0.0131893 0.271045 0.00170105
0 0.0522186 0.510735 0.104437 0.374955 0.00170081
0 0.842883 0.346505 0.314233 0.443984 0.00169344
0 0.761485 0.665422 0.47703 0.359488 0.0016917
0 0.853081 0.791874 0.293839 0.416251 0.00168098
0 0.0436759 0.217234 0.0873518 0.387765 0.00167551
0 0.620455 0.661066 0.433349 0.286709 0.00167324
0 0.0543973 0.413035 0.108795 0.380257 0.00167019
0 0.946144 0.764568 0.107712 0.372803 0.00166067
0 0.00653262 0.663931 0.0130652 0.270773 0.00164468
0 0.76176 0.655406 0.47648 0.21557 0.00162775
0 0.0251797 0.155509 0.0503595 0.311018 0.00162063
0 0.00653692 0.513734 0.0130738 0.270986 0.00161889
0 0.775059 0.884402 0.244054 0.206546 0.00161578
0 0.992753 0.201556 0.0144933 0.359207 0.00161205
0 0.0676301 0.755255 0.121151 0.246697 0.00160682
0 0.0494464 0.762754 0.0988928 0.380842 0.00159549
0 0.967833 0.664289 0.064334 0.361708 0.00159467
0 0.821953 0.429551 0.356095 0.426107 0.00159313
0 0.0502912 0.611459 0.100582 0.375267 0.00158836
0 1 0.923475 0 0.15305 0.00158774
0 0.78601 0.409256 0.42798 0.51496 0.00158429
0 0.261385 0.830598 0.52277 0.338803 0.00158067
0 0.521492 0.964563 0.237542 0.0708745 0.00157859
0 0.210348 0.893261 0.36614 0.207592 0.00157859
0 0.95055 0.559385 0.0989003 0.296441 0.00157211
0 0.503568 0.182363 0.330071 0.22868 0.00157082
0 0.651266 0.838996 0.407915 0.293049 0.00156755
0 0.834321 0.24379 0.331357 0.487579 0.00156567
0 0.993456 0.136017 0.0130885 0.272034 0.0015588
0 0.824174 0.598583 0.351652 0.228531 0.00155014
0 0.477371 0.0658965 0.261078 0.131793 0.00154235
0 0.00647322 0.563623 0.0129464 0.270895 0.00151842
0 0.983339 0.561052 0.0333212 0.339282 0.00151541
0 0.613468 0.963838 0.250587 0.0723238 0.0014949
0 0.322061 0.72106 0.606385 0.401581 0.00148791
0 0 0.0689846 0 0.137969 0.00146934
0 0.837024 0.315766 0.325952 0.234675 0.00146605
0 0.553479 0.65608 0.418426 0.270668 0.00146119
0 0.422982 0.880949 0.287911 0.229053 0.00145555
0 0.7448 0.459069 0.332195 0.251113 0.00145357
0 0.68616 0.400479 0.62768 0.494543 0.00145233
0 0.940666 0.0871726 0.118669 0.174345 0.0014484
0 0.630775 0.380532 0.705887 0.503118 0.00144558
0 0.289014 0.0908627 0.423799 0.181725 0.001441
0 0.604313 0.0381102 0.199404 0.0698168 0.00143087
0 0.0426885 0.0757684 0.0853769 0.151537 0.00142307
0 0.221664 0.663452 0.433969 0.295557 0.00142234
0 0.841144 0.957565 0.317713 0.0848709 0.00142211
0 0.768814 0.835154 0.462372 0.329692 0.00141985
0 0.00648465 0.613832 0.0129693 0.270863 0.0014151
0 0.808678 0.431621 0.371959 0.357864 0.00140368
0 0.292094 0.401413 0.584188 0.474613 0.00140232
0 0.649475 0.156402 0.4843 0.312804 0.001402
0 0.185981 0.65276 0.371961 0.380399 0.00139625
0 0.472677 0.962789 0.240791 0.0744226 0.00139504
0 0.305519 0.961228 0.260433 0.0775441 0.00139033
0 0.245378 0.437569 0.479915 0.358962 0.00138768
0 0.651765 0.097517 0.362625 0.195034 0.00138639
0 0.83355 0.136875 0.3329 0.254044 0.00137588
0 0.904539 0.43489 0.190923 0.415391 0.00137294
0 0.877623 0.848212 0.244753 0.303575 0.0013701
0 0.78958 0.66469 0.420839 0.411757 0.00136644
0 0.372946 0.368812 0.745893 0.535052 0.00135323
0 0.294281 0.659203 0.384444 0.221135 0.00135186
0 0.240878 0.611741 0.336583 0.189086 0.00134567
0 0.360152 0.208582 0.720303 0.417164 0.00134547
0 0.045931 0.562988 0.0918619 0.357213 0.00134056
0 0.841789 0.605982 0.316422 0.277604 0.00133289
0 0.565743 0.17554 0.392586 0.284858 0.00132908
0 0.262099 0.863722 0.388287 0.268141 0.00132451
0 0.481938 0.368947 0.608224 0.445717 0.00132299
0 0.877648 0.960206 0.244704 0.0795872 0.00132245
0 0.0127949 0.96977 0.0255899 0.0604603 0.00132124
0 0.389698 0.0957159 0.367949 0.191432 0.00132119
0 0.0542051 0.466386 0.10841 0.378579 0.00131689
0 0.829832 0.103921 0.340336 0.207842 0.00131161
0 0.944379 0.94527 0.110348 0.10825 0.00131106
0 0.00696708 0.966156 0.0139342 0.0676874 0.00130886
0 0.239411 0.956332 0.309808 0.0873366 0.0013029
0 0.686983 0.960328 0.25274 0.0793434 0.00130256
0 0.997702 0.0777336 0.00459551 0.155467 0.00129886
0 0.852631 0.187996 0.294739 0.375991 0.00129479
0 0 0.89416 0 0.211679 0.00129371
0 0.94605 0.496564 0.1079 0.342141 0.00129116
0 0.484783 0.928086 0.208898 0.143829 0.00128834
0 0.985918 0.964406 0.0281641 0.0711878 0.00128747
0 0.558317 0.866955 0.0267126 0.140547 0.00128697
0 0.723568 0.156265 0.552865 0.31253 0.00128414
0 0.485782 0.0792408 0.270258 0.158482 0.00128258
0 0.249903 0.724835 0.499807 0.501173 0.00128218
0 0.387832 0.759293 0.775664 0.469097 0.00128172
0 0.683994 0.465675 0.329947 0.218897 0.0012813
0 0.265368 0.569555 0.289194 0.169536 0.00127545
0 0.806217 0.517901 0.305039 0.166934 0.00127117
0 0.712081 0.101616 0.375555 0.203232 0.00127025
0 0.567773 0.110935 0.30977 0.221869 0.0012702
0 0.946533 0.951837 0.106934 0.0963251 0.00126459
0 0.759198 0.122865 0.481603 0.24573 0.00126448
0 0.188147 0.952405 0.296413 0.0951906 0.00126188
0 0.406222 0.965952 0.252647 0.0680952 0.00126134
0 0.99266 0.945521 0.0146805 0.108958 0.00125558
0 0.333732 0.611392 0.289716 0.167544 0.00125326
0 0.16163 0.449814 0.323259 0.410838 0.00124627
0 0 0.209448 0 0.174532 0.00124423
0 0.841546 0.505079 0.316907 0.224343 0.00124383
0 0.60816 0.471017 0.343424 0.192674 0.00124379
0 0.351844 0.362265 0.181341 0.10736 0.00123006
0 0 0.82174 0 0.171629 0.00122562
0 0.44105 0.954135 0.223288 0.0865074 0.00121886
0 0.485532 0.651863 0.398986 0.250356 0.00121714
0 0.96886 0.855012 0.0622796 0.289975 0.00121581
0 0.249677 0.412165 0.499353 0.518369 0.00121366
0 0.774785 0.604647 0.34481 0.185764 0.00120551
0 0.366121 0.180737 0.542219 0.361474 0.00120536
0 0.664651 0.77343 0.670699 0.45314 0.00120294
0 0.545296 0.0620577 0.246813 0.124115 0.00120148
0 0.291102 0.130512 0.581476 0.261025 0.00120022
0 0.430687 0.924572 0.259977 0.150855 0.00119805
0 0.883421 0.148545 0.233158 0.29709 0.00119014
0 0.554116 0.0753253 0.255272 0.150651 0.00118878
0 0.0601363 0.968693 0.120273 0.0626149 0.00118489
0 0 0.320639 0 0.18615 0.00117818
0 0.261429 0.529171 0.320235 0.174737 0.00117647
0 0 0.267325 0 0.180129 0.00117579
0 0.0614882 0.664779 0.108783 0.27057 0.00117087
0 0.850903 0.845717 0.298194 0.234953 0.0011684
0 0.0025777 0.146545 0.0051554 0.189194 0.0011656
0 0.760054 0.959047 0.251502 0.0819067 0.00116089
0 0.802425 0.562999 0.296626 0.163689 0.00115992
0 0.0616995 0.714694 0.108519 0.254028 0.00115867
0 0.93052 0.870671 0.138959 0.258657 0.00115428
0 0.413641 0.934323 0.274116 0.131353 0.00114586
0 0.53792 0.110728 0.27696 0.191054 0.00114429
0 0.830111 0.958985 0.281852 0.0820308 0.00114335
0 0 0.37201 0 0.187541 0.00114225
0 0.793008 0.723412 0.413984 0.49136 0.00114124
0 0 0.422147 0 0.187919 0.00113748
0 0.504829 0.798869 0.289128 0.316817 0.00113687
0 0 0.67344 0 0.189161 0.00113668
0 0.112451 0.939983 0.213023 0.117404 0.0011356
0 0.539634 0.473695 0.327886 0.177324 0.00113414
0 0 0.623325 0 0.188538 0.00113405
0 0.636472 0.72596 0.704701 0.451338 0.00113402
0 0 0.473068 0 0.187743 0.00113341
0 0 0.724633 0 0.189635 0.00113212
0 0 0.523691 0 0.188959 0.00113146
0 0 0.573663 0 0.189108 0.00112948
0 0 0.773392 0 0.182773 0.00112685
0 0.171636 0.60219 0.343271 0.247699 0.00112538
0 0.469772 0.114222 0.30699 0.206916 0.00112372
0 0.467823 0.713818 0.605932 0.390204 0.0011218
0 0.171039 0.949443 0.342079 0.101113 0.00111801
0 0.180051 0.513408 0.360102 0.246589 0.0011171
0 0.702206 0.330246 0.595589 0.539981 0.00111667
0 0.699131 0.195893 0.601739 0.391787 0.00111579
0 0.590173 0.936499 0.216752 0.127003 0.00111393
0 0.402549 0.610188 0.283853 0.16426 0.0011075
0 0.722383 0.60714 0.319594 0.169924 0.00110685
0 0.481359 0.224826 0.31939 0.224958 0.00110558
0 0.305561 0.792026 0.60124 0.405917 0.00110495
0 0.360369 0.653676 0.363949 0.205861 0.00109243
0 0.074768 0.37367 0.149536 0.38829 0.00109173
0 0.279585 0.50135 0.55917 0.1826 0.00109085
0 0.601217 0.0763673 0.268492 0.152735 0.00108611
0 0.493207 0.37936 0.819719 0.514258 0.00108442
0 0.949202 0.116964 0.101597 0.233928 0.00108407
0 0.598991 0.0616142 0.243262 0.123228 0.0010833
0 0.66115 0.60748 0.308863 0.167498 0.00107938
0 0.10679 0.0977024 0.200663 0.190296 0.00107677
0 0.100394 0.516547 0.200789 0.307382 0.00107463
0 0.598143 0.607017 0.296439 0.16654 0.00107407
0 0.885164 0.777177 0.229114 0.244193 0.00107185
0 0.185676 0.566374 0.30993 0.205141 0.00107185
0 0.0493424 0.672627 0.0986848 0.378906 0.00107163
0 0.702821 0.730645 0.594357 0.471802 0.00107103
0 0.665165 0.927984 0.227535 0.12561 0.00106944
0 0.978231 0.980101 0.0435378 0.0397989 0.00106718
0 0.84518 0.559943 0.30964 0.180553 0.00106547
0 0.474382 0.475233 0.312503 0.169942 0.00106184
0 0.859425 0.500104 0.28115 0.284624 0.00105241
0 0.754019 0.520062 0.279045 0.157322 0.00105129
0 0.0925754 0.0856241 0.185151 0.171248 0.00104385
0 0.342983 0.474028 0.353793 0.216193 0.00104372
0 0.233874 0.159839 0.467748 0.319678 0.00103689
0 0.222579 0.102262 0.445158 0.204523 0.00103607
0 0.791901 0.316901 0.416198 0.523107 0.00103443
0 0.180059 0.249689 0.340065 0.253523 0.00102915
0 0.133242 0.95954 0.266484 0.0809202 0.00102514
0 1 0.531667 0 0.250474 0.00102245
0 0.422608 0.651056 0.375074 0.221002 0.00102093
0 1 0.48171 0 0.250401 0.00101773
0 0.468937 0.60871 0.284542 0.164817 0.00101721
0 1 0.581566 0 0.250626 0.00101681
0 0.453194 0.911289 0.237497 0.177423 0.00101642
0 0.0857892 0.227504 0.171578 0.416537 0.0010162
0 1 0.306487 0 0.250612 0.00101492
0 1 0.681534 0 0.250644 0.00101398
0 1 0.431851 0 0.250044 0.00101307
0 0.5346 0.607638 0.290859 0.166079 0.00101265
0 1 0.63156 0 0.250724 0.00101127
0 1 0.87873 0 0.242539 0.00100819
0 0.752546 0.563827 0.273369 0.16047 0.00100368
0 1 0.356539 0 0.250521 0.00100353
0 0.350198 0.566171 0.262294 0.162107 0.00100293
0 0.0624531 0.488232 0.110289 0.270057 0.00100279
0 0.362875 0.135167 0.467161 0.270334 0.00100227
0 0.439991 0.240018 0.236162 0.105735 0.00100192
0 0.476666 0.860558 0.188432 0.136973 0.965938
0 0.996583 0.114624 0.00683329 0.229248 0.014036
0 0.00356592 0.110392 0.00713185 0.220785 0.0139332
0 0.857506 0.35859 0.284988 0.193159 0.00834589
0 0.868332 0.672947 0.263336 0.216056 0.00381412
0 0.870722 0.615842 0.258555 0.264799 0.00236679
0 0.862866 0.552967 0.274268 0.216353 0.00222656
0 0.992459 0.870803 0.0150826 0.258395 0.00168945
0 0.252338 0.612426 0.288353 0.15754 0.00164593
0 1 0.980545 0 0.0389101 0.00156693
0 0.790983 0.497213 0.184916 0.126861 0.00155096
0 0.00244112 0.0745841 0.00488225 0.149168 0.00148559
0 0.994758 0.89547 0.0104848 0.209059 0.00145305
0 0.661445 0.803336 0.632751 0.393328 0.00138441
0 0.996237 0.0762898 0.00752679 0.15258 0.00134937
0 1 0.969813 0 0.0603741 0.00132321
0 0.670739 0.650338 0.3794 0.228716 0.00131642
0 0.074714 0.468265 0.149428 0.288499 0.00130545
0 0.992996 0.812984 0.014009 0.352194 0.00128332
0 0.350999 0.775645 0.54793 0.448711 0.00128264
0 0.813362 0.790791 0.373276 0.418417 0.00126032
0 0.104573 0.26322 0.209147 0.338998 0.00125801
0 0.0291938 0.974878 0.0583876 0.0502443 0.00124142
0 0.850866 0.892648 0.298268 0.214704 0.00124113
0 0.0783632 0.522611 0.156726 0.250115 0.00122308
0 0.422627 0.736525 0.757724 0.52695 0.00121795
0 0.875072 0.753687 0.236871 0.255695 0.00121309
0 0.992804 0.253335 0.0143915 0.332264 0.00121062
0 0.0853616 0.824691 0.170723 0.230031 0.00120174
0 0.993033 0.200047 0.0139335 0.327924 0.00120147
0 0.285995 0.774036 0.347199 0.231072 0.0011931
0 0.648394 0.758539 0.703212 0.482922 0.00118769
0 0.992748 0.753732 0.0145049 0.338984 0.00117549
0 0.992713 0.353925 0.0145732 0.335628 0.00117368
0 0.618386 0.609069 0.243955 0.148859 0.00116239
0 0.0807119 0.419872 0.161424 0.283613 0.00115911
0 0.14836 0.2085 0.29672 0.417001 0.00115828
0 0.886716 0.882938 0.205758 0.234125 0.00115498
0 0.892184 0.829424 0.215631 0.341151 0.00114766
0 0.0976804 0.727334 0.195361 0.235929 0.00113516
0 0.0975901 0.679427 0.19518 0.24072 0.00113021
0 0.00676436 0.15047 0.0135287 0.22051 0.0011277
0 0.157676 0.354488 0.315351 0.330457 0.00112719
0 0.328168 0.560645 0.656336 0.565767 0.00112356
0 0.992606 0.451535 0.014788 0.334829 0.00112313
0 0.0923227 0.779621 0.184645 0.231299 0.00112129
0 0.491231 0.968247 0.253017 0.0635056 0.00111749
0 0.482487 0.925703 0.194702 0.148594 0.00111276
0 0.0177713 0.144198 0.0355426 0.288396 0.00111251
0 0.0446392 0.880077 0.0892785 0.239846 0.00110658
0 0.868525 0.713302 0.253266 0.29131 0.00108773
0 0.206401 0.202793 0.412802 0.405586 0.00108753
0 0.992175 0.654471 0.0156508 0.344417 0.00108632
0 0.921488 0.865644 0.157024 0.268713 0.00108046
0 0.528667 0.927949 0.184852 0.144101 0.00107638
0 0.991753 0.55324 0.0164937 0.345656 0.00107
0 0.100644 0.325011 0.201288 0.255323 0.00106367
0 0.296286 0.614351 0.592572 0.478969 0.001063
0 0.102711 0.368642 0.205422 0.245995 0.00106189
0 0.270807 0.701542 0.410959 0.390465 0.001061
0 0.0891074 0.631091 0.178215 0.242051 0.0010526
0 0 0.0737453 0 0.147491 0.00104481
0 0.0404083 0.224525 0.0808167 0.295939 0.00104267
0 0.0553654 0.817523 0.110731 0.27373 0.00103339
0 0.991809 0.154122 0.0163828 0.308243 0.00103022
0 0.178857 0.301895 0.357714 0.346454 0.00102784
0 0.0969031 0.577172 0.193806 0.20084 0.00102768
0 0.0497668 0.0845242 0.0995335 0.169048 0.00102734
0 0.989621 0.209014 0.0207588 0.372601 0.00102652
0 0.0391248 0.295937 0.0782496 0.230365 0.00102589
0 0.975529 0.090027 0.0489423 0.180054 0.0010212
0 0.939818 0.930966 0.120364 0.138067 0.00101471
0 0.369899 0.677242 0.708063 0.539322 0.00100585
0 0.0667591 0.969521 0.133518 0.0609588 0.00100511
0 0.983234 0.762198 0.033532 0.40424 0.00100378
0 0.334889 0.876276 0.119803 0.0471676 0.00100317
0 0.83132 0.189099 0.337359 0.213059 0.00100087
0 0.477333 0.861456 0.192388 0.139331 0.951346
0 0.998885 0.0557709 0.00223037 0.111542 0.00543285
0 0.99825 0.0847437 0.003499 0.169487 0.00514245
0 0.998647 0.901929 0.0027058 0.196141 0.00442806
0 0.0028924 0.0880583 0.0057848 0.176117 0.00414694
0 0.00239293 0.0487984 0.00478586 0.0975968 0.00351107
0 0.998301 0.0332997 0.00339784 0.0665994 0.00301345
0 0.230188 0.7073 0.135985 0.0761804 0.00289837
0 1 0.963735 0 0.0725298 0.00256125
0 1 0.92606 0 0.14788 0.00186019
0 0.0555321 0.913143 0.111064 0.173715 0.00180066
0 0.0916505 0.886918 0.183301 0.226165 0.00178877
0 0.88891 0.303722 0.124177 0.0790235 0.00161498
0 0.0040258 0.0137778 0.00805161 0.0275555 0.00152268
0 0.776562 0.118523 0.139024 0.0724586 0.00141349
0 1 0.982391 0 0.0352175 0.00127279
0 0.134778 0.37162 0.269556 0.198154 0.00124833
0 0.85477 0.728171 0.160751 0.105938 0.00120425
0 0.488963 0.96515 0.233554 0.0697 0.00116627
0 0.916825 0.851412 0.16635 0.146954 0.00112891
0 0 0.0202755 0 0.0405511 0.00111184
0 0.328974 0.874343 0.128537 0.0527134 0.00109624
0 0.0644806 0.970674 0.128961 0.0586521 0.0010958
0 0.568408 0.966181 0.250877 0.0676377 0.00108405
0 0.284099 0.330002 0.262013 0.182816 0.00107199
0 0.100544 0.483126 0.201087 0.23298 0.0010656
0 0.101781 0.425336 0.203563 0.21632 0.00106324
0 0.209723 0.171684 0.264298 0.137403 0.00104465
0 0.0977869 0.539939 0.195574 0.245239 0.00104122
0 0.993399 0.978153 0.013202 0.0436949 0.00103476
0 0.998764 0.509709 0.00247159 0.301128 0.00103202
0 0.407447 0.965047 0.254507 0.0699057 0.00102826
0 0.0631357 0.34077 0.126271 0.250782 0.00102634
0 0.68756 0.274622 0.62488 0.549245 0.00102468
0 0.701299 0.142106 0.210487 0.106281 0.00102445
0 0.452283 0.245682 0.502984 0.356849 0.00102335
0 0.998418 0.663344 0.00316469 0.294363 0.00102288
0 0.895242 1 0.209517 0 0.00102195
0 0.612471 0.245272 0.723577 0.490543 0.0010188
0 0.998651 0.563444 0.00269799 0.297015 0.00101609
0 0.540659 0.226164 0.591008 0.437149 0.00101435
0 0.757715 0.386209 0.191336 0.112102 0.00100657
0 0.0943929 0.59679 0.188786 0.256656 0.00100549
0 0.475141 0.862143 0.190934 0.13918 0.959168
0 0.997821 0.0992278 0.00435746 0.198456 0.0577143
0 0.99735 0.928351 0.00529907 0.143298 0.0127316
0 0 0.0545454 0 0.109091 0.00777419
0 0 0.965454 0 0.0690912 0.00659219
0 1 0.961134 0 0.0777316 0.00560041
0 0 0.0736676 0 0.147335 0.00439104
0 0 0.965304 0 0.0693911 0.00420051
0 1 0.963878 0 0.0722439 0.00418346
0 0.997944 0.954298 0.0041112 0.0914032 0.00400115
0 0.0252005 0.099539 0.0504009 0.199078 0.00399815
0 0 0.631873 0 0.128139 0.00397596
0 0 0.544193 0 0.127582 0.00397279
0 0 0.519186 0 0.127522 0.00395149
0 0 0.569169 0 0.127557 0.00394627
0 0 0.606704 0 0.127654 0.00394332
0 0 0.494176 0 0.127455 0.00392591
0 0 0.469161 0 0.127465 0.00391188
0 0 0.431683 0 0.127554 0.00390416
0 0 0.4067 0 0.127727 0.00373201
0 0 0.656809 0 0.128191 0.00372597
0 0 0.369212 0 0.127938 0.00365663
0 0 0.331839 0 0.128511 0.00361827
0 0 0.936445 0 0.127111 0.00357423
0 0 0.694534 0 0.128854 0.00339782
0 0 0.732897 0 0.131411 0.00334446
0 0 0.307013 0 0.129515 0.00334018
0 0 0.282078 0 0.129614 0.00309542
0 0 0.971693 0 0.0566135 0.00293728
0 0 0.757993 0 0.132517 0.00278413
0 1 0.089835 0 0.17967 0.0026652
0 0 0.257784 0 0.132728 0.0024171
0 0 0.960493 0 0.0790133 0.00222934
0 1 0.0357197 0 0.0714393 0.00220965
0 0 0.0464059 0 0.0928119 0.00207359
0 0 0.783846 0 0.135638 0.0020438
0 0 0.232946 0 0.133442 0.00198866
0 0.896882 0.999223 0.206236 0.00155468 0.00196702
0 0 0.809146 0 0.13624 0.00196293
0 0 0.267255 0 0.22169 0.00187436
0 0 0.835333 0 0.139811 0.00187251
0 1 0.9128 0 0.1744 0.00174223
0 0 0.317202 0 0.210689 0.00171046
0 0 0.208914 0 0.136703 0.00165866
0 0 0.911696 0 0.176608 0.00163906
0 0 0.860789 0 0.141704 0.00161207
0 0 0.216802 0 0.222736 0.0016113
0 0 0.26696 0 0.212041 0.00160939
0 0 0.951316 0 0.0973677 0.00159941
0 0 0.215645 0 0.214392 0.00155856
0 1 0.0333869 0 0.0667738 0.00154754
0 0 0.366389 0 0.222395 0.00153228
0 0 0.183911 0 0.136862 0.00150401
0 0 0.165038 0 0.215581 0.00142297
0 0 0.56602 0 0.223446 0.00141923
0 0 0.516263 0 0.22323 0.00138387
0 0 0.615887 0 0.223307 0.00138019
0 0 0.0158524 0 0.0317049 0.00136096
0 0.110849 0.901639 0.221697 0.196722 0.0013591
0 0 0.978867 0 0.0422657 0.00133862
0 1 0.141742 0 0.231258 0.00130602
0 0 0.416288 0 0.223022 0.00130431
0 0 0.666037 0 0.223112 0.00130207
0 0 0.466028 0 0.212396 0.00129792
0 0 0.391306 0 0.211831 0.00129654
0 0 0.54014 0 0.213823 0.00129577
0 0 0.74069 0 0.223487 0.00125735
0 0 0.0932244 0 0.186449 0.00125161
0 0 0.590192 0 0.213865 0.00124979
0 0 0.028801 0 0.057602 0.00124728
0 0 0.886638 0 0.14477 0.0012196
0 1 0.327539 0 0.204371 0.00121724
0 0 0.790866 0 0.224134 0.00121364
0 0.0714701 0.0782503 0.14294 0.156501 0.00119941
0 0 0.640166 0 0.213561 0.00119387
0 0.0485463 0.125592 0.0970927 0.251183 0.00117824
0 1 0.37867 0 0.203153 0.00117364
0 1 0.20313 0 0.208515 0.00117126
0 1 0.429206 0 0.203161 0.00116457
0 0 0.690491 0 0.213725 0.00115456
0 0.0852408 0.928166 0.170482 0.143669 0.00115174
0 0.990894 0.979231 0.0182119 0.0415377 0.00113971
0 1 0.0174618 0 0.0349237 0.00112162
0 0 0.839461 0 0.215032 0.00112077
0 1 0.253056 0 0.203428 0.00111476
0 1 0.505368 0 0.204832 0.0011076
0 0 0.924736 0 0.146506 0.00110431
0 0 0.765391 0 0.212722 0.00107459
0 1 0.730195 0 0.205742 0.00107049
0 0.0770243 0.32635 0.154049 0.252257 0.00106701
0 1 0.556034 0 0.204756 0.00105506
0 0 0.889506 0 0.216169 0.00105223
0 0.903557 0.891918 0.192885 0.216163 0.00104974
0 0.0769966 0.26796 0.153993 0.235291 0.00104893
0 1 0.829082 0 0.204282 0.00104886
0 0 0.912486 0 0.175028 0.00103504
0 0 0.938052 0 0.123895 0.00103076
0 0.0941729 0.999841 0.188346 0.000318813 0.00102583
0 0.0770378 0.386 0.154076 0.271641 0.00101641
0 0.476378 0.861463 0.19049 0.136821 0.936707
0 0.478072 0.860949 0.189792 0.137094 0.950937
0 0.375643 0.628424 0.272992 0.200025 0.00514821
0 0.412023 0.644639 0.439256 0.226284 0.00344735
0 0.188654 0.617838 0.194825 0.206831 0.0026687
0 0.5185 0.618229 0.325898 0.170185 0.00148947
0 0.839976 0.893039 0.320048 0.206341 0.00145213
0 1 0.938956 0 0.122087 0.00142181
0 0.566539 0.594655 0.203614 0.119043 0.00115321
0 0.462028 0.890159 0.148049 0.0801041 0.0010938
0 0.1832 0.63282 0.274068 0.240789 0.00107697
0 0.561331 0.639329 0.431054 0.207879 0.00106399
0 0.508425 0.900847 0.141891 0.105268 0.00105674
0 0.282574 0.637826 0.469718 0.236818 0.00104152
0 0.994814 0.897738 0.0103721 0.204523 0.00101045
0 0.477127 0.859448 0.189141 0.133858 0.946942
0 1 0.0286635 0 0.057327 0.00124012
0 0.0691143 0.0923728 0.138229 0.184746 0.00102207
0 0.475381 0.860808 0.18775 0.13796 0.92722
0 0.0701159 0.267326 0.140232 0.197886 0.00100579
0 0.475984 0.861474 0.186962 0.137259 0.978072
0 0.00141401 0.063949 0.00282802 0.127898 0.0253102
0 1 0.0521112 0 0.104222 0.00573995
0 1 0.0550128 0 0.110026 0.00155426
0 0.475305 0.861977 0.187891 0.136048 0.901044
0 0.327478 0.887676 0.0637108 0.0231449 0.00100269
0 0.477897 0.862471 0.192957 0.138314 0.962609
0 0.998309 0.0768181 0.00338116 0.153636 0.00222709
0 0.476203 0.862288 0.193991 0.136765 0.939373
0 0.31883 0.597966 0.176716 0.12774 0.00249901
0 0.147855 0.516506 0.102388 0.0802651 0.00187363
0 0.895754 0.303984 0.12619 0.0812227 0.00175192
0 0.759328 0.303442 0.121792 0.0863094 0.00132678
0 0.173709 0.593186 0.141189 0.15543 0.00127859
0 0.173957 0.559313 0.13531 0.100082 0.00103664
0 0.47683 0.860946 0.194149 0.139356 0.961262
0 0.893497 0.304625 0.110681 0.0791899 0.0148875
0 0.557184 0.864954 0.0269869 0.11722 0.00432521
0 0.881158 0.714445 0.129086 0.0851889 0.00112319
0 0.40608 0.386919 0.127493 0.071732 0.00108642
0 0.476849 0.861246 0.191848 0.134063 0.951944
0 0.476948 0.861244 0.191523 0.13754 0.960291
0 0.477223 0.860631 0.192329 0.137744 0.947712
0 0.00692339 0.0748331 0.0138468 0.149666 0.00173732
0 0.201377 0.218138 0.187427 0.0454911 0.00134941
0 0.860312 0.314637 0.279377 0.105743 0.00128397
0 0.476211 0.861161 0.191143 0.137139 0.924798
0 0.333415 0.879776 0.119024 0.0415077 0.00126564
0 0.341262 0.883828 0.10588 0.0300499 0.00125083
0 0.998477 0.903822 0.00304673 0.192357 0.00121954
0 0.476162 0.861233 0.186814 0.139002 0.947587
0 0.854496 0.346232 0.245121 0.159767 0.0710697
0 0.888274 1 0.223452 0 0.00310742
0 0.923811 1 0.152377 0 0.00307572
0 0.429156 1 0.227904 0 0.00293791
0 0.531921 1 0.231903 0 0.00285161
0 0.636221 1 0.232969 0 0.00282663
0 0.584249 1 0.23343 0 0.00266803
0 0.775202 1 0.237479 0 0.0025675
0 0.688236 1 0.234799 0 0.00253753
0 0.845598 1 0.240673 0 0.00250392
0 0.4799 1 0.23395 0 0.00249625
0 0.133002 1 0.235191 0 0.00241465
0 0.271627 1 0.234217 0 0.00239684
0 0.376359 1 0.228382 0 0.00211562
0 0.220298 1 0.233119 0 0.00208362
0 0.323571 1 0.232348 0 0.00202354
0 0.758068 0.721229 0.159366 0.101997 0.00192225
0 0.0998091 1 0.199618 0 0.00159564
0 0.862075 0.324348 0.256059 0.114808 0.00117452
0 1 0.900318 0 0.199364 0.00116241
0 0.478262 0.860536 0.19133 0.14003 0.954638
0 0.752393 0.143966 0.147578 0.0261452 0.00128065
0 0.475624 0.86191 0.186838 0.138386 0.943488
0 0.476496 0.861642 0.190988 0.134796 0.954547
0 1 0.065138 0 0.130276 0.00152139
0 0.476999 0.862027 0.190512 0.135222 0.917224
0 0.476056 0.861381 0.190218 0.135899 0.922103
0 0.234193 0.867051 0.397913 0.259447 0.00123325
0 0.47688 0.860233 0.190483 0.137026 0.885022
0 0.888187 0.696308 0.128992 0.071898 0.00122359
0 0.478109 0.861271 0.190194 0.139758 0.935329
0 0.476505 0.860311 0.190605 0.139155 0.940903
0 0.339541 0.859187 0.115504 0.0868576 0.00241901
0 0.533816 0.141273 0.172234 0.0731883 0.00217377
0 0.208322 0.162019 0.109661 0.0632377 0.00214556
0 0.889966 0.707954 0.120477 0.0965681 0.00192065
0 0.477177 0.861175 0.190837 0.136932 0.961482
0 0.476424 0.862001 0.189207 0.134711 0.924605
0 0.476966 0.860799 0.190799 0.136368 0.93776
0 0.476901 0.861033 0.192076 0.14015 0.919604
0 0.878957 0.303598 0.129744 0.0808729 0.00455304
0 0.477761 0.860703 0.189845 0.13708 0.95373
0 0 0.0439296 0 0.0878591 0.00204654
0 1 0.0470676 0 0.0941351 0.00148907
0 0.477151 0.860082 0.189856 0.136749 0.938955
0 0.827333 0.870673 0.341766 0.257173 0.00126438
0 0.47759 0.860673 0.190218 0.13801 0.935291
0 0.476308 0.86122 0.189345 0.132912 0.936913
0 0.997757 0.89664 0.00448509 0.20672 0.00120702
0 0.477066 0.860857 0.192136 0.13725 0.94087
0 0.475508 0.861323 0.188653 0.138246 0.9367
0 0.477011 0.860719 0.190092 0.135708 0.937721
0 0.478017 0.860585 0.192445 0.138663 0.935025
0 0.477493 0.861663 0.19066 0.139317 0.951331
0 0.897125 0.307613 0.105449 0.0802087 0.0202416
0 0.477795 0.861053 0.191102 0.13743 0.938448
0 0.473672 0.861247 0.184898 0.137732 0.944412
0 0.476666 0.861544 0.191997 0.137537 0.949162
0 0.477035 0.862016 0.190732 0.137423 0.945779
0 0.896095 0.308839 0.101739 0.0777297 0.0046702
0 0.478408 0.861238 0.191537 0.138225 0.952618
0 0.896849 0.307344 0.106131 0.0815715 0.00106558
0 0.478161 0.861681 0.190709 0.136312 0.95817
0 0.477691 0.860456 0.192988 0.136509 0.937468
0 0.87872 0.345959 0.150568 0.157277 0.00318398
0 0.476241 0.861128 0.191606 0.136349 0.964063
0 0.476382 0.861226 0.188636 0.137041 0.948388
0 0.476923 0.861377 0.191699 0.136452 0.947496
0 0.891278 0.308277 0.111391 0.0844543 0.00601661
0 0.47667 0.861352 0.190304 0.137826 0.954011
0 0.859068 0.306417 0.181453 0.0810344 0.199682
0 0.886835 0.306399 0.126582 0.0809298 0.137309
0 0.228522 0.180069 0.22066 0.113123 0.00949095
0 0.829679 0.306714 0.252234 0.0838293 0.00948099
0 0.885056 0.71831 0.122322 0.109557 0.00711927
0 0.903939 0.473902 0.100979 0.0810913 0.00164632
0 0.18938 0.480016 0.1482 0.109316 0.00111072
0 0.477386 0.860925 0.190989 0.136862 0.957055
0 0.89051 0.310998 0.115727 0.0942021 0.00287956
0 0.476815 0.860664 0.190558 0.135435 0.946603
0 0.478075 0.862224 0.19485 0.13785 0.935615
0 0.476845 0.861128 0.193042 0.136763 0.955665
0 0.476337 0.861519 0.189644 0.137509 0.9265
0 0.477145 0.860837 0.191195 0.137061 0.952542
0 0.477041 0.861439 0.189909 0.136351 0.940188
0 0.478086 0.861343 0.190485 0.137718 0.937261
0 0.477262 0.860725 0.191085 0.138851 0.946846
0 0.477458 0.861062 0.191997 0.137552 0.953918
0 0.476817 0.862344 0.192748 0.138233 0.943893
0 0.476853 0.861584 0.190473 0.137001 0.950216
0 0.47717 0.861406 0.190483 0.137282 0.948184
0 0.477342 0.86133 0.191846 0.138704 0.944659
0 0.477823 0.86192 0.192868 0.137484 0.961088
0 0.477276 0.861766 0.192192 0.138184 0.946556
0 0.478171 0.86145 0.190567 0.136388 0.949549
0 0.476712 0.861058 0.192926 0.136698 0.958135
0 0.477004 0.861507 0.189063 0.13735 0.945283
0 0.477665 0.861327 0.190892 0.138816 0.952927
0 0.477191 0.861199 0.1922 0.138188 0.954493
0 0.76169 0.911088 0.154613 0.119258 0.00474178
0 0.477602 0.861559 0.190916 0.137736 0.946891
0 0.476964 0.861862 0.192051 0.138044 0.947635
0 0.477416 0.861007 0.190586 0.136291 0.96069
0 0.477667 0.860943 0.189874 0.136818 0.955115
0 0.477315 0.860915 0.190142 0.136633 0.954001
0 0.477564 0.861157 0.190591 0.137432 0.955657
0 0.477032 0.861302 0.190373 0.137238 0.937871
0 0.477113 0.861116 0.19158 0.135944 0.942715
0 0.478058 0.860547 0.190759 0.137725 0.957784
0 0.477499 0.861062 0.190272 0.136912 0.959437
0 0.477227 0.861252 0.189401 0.138037 0.951299
0 0.477104 0.861435 0.189646 0.137486 0.951961
0 0.477183 0.861601 0.190322 0.137391 0.95277
0 0.47716 0.861562 0.19004 0.137351 0.955644
0 0.477406 0.861198 0.190874 0.137851 0.956144
0 0.477336 0.861204 0.190339 0.137722 0.956799
0 0.477172 0.861406 0.190493 0.137285 0.948183
