0 0.649394 0.143049 0.197752 0.140271 0.0269817
0 0.256643 0.119259 0.189817 0.149371 0.0253464
0 0.258963 0.198384 0.183171 0.3202 0.0149795
0 0.649198 0.106024 0.202792 0.20034 0.0146614
0 0.702121 0.107229 0.31717 0.203129 0.0142648
0 0.59822 0.305118 0.348262 0.485829 0.0140315
0 0 0.90754 0 0.184921 0.0138049
0 0.309981 0.109198 0.305967 0.162503 0.0137578
0 0.507407 0.29871 0.534322 0.473119 0.013695
0 0.944609 0.56838 0.110782 0.863239 0.0136567
0 0 0.110742 0 0.221483 0.0135307
0 0.590044 0.138662 0.323993 0.17739 0.0134853
0 1 0.903196 0 0.193607 0.0134343
0 0.962294 0.445187 0.075412 0.890374 0.0133782
0 0.849927 0.588083 0.300147 0.823834 0.0133647
0 0.999963 0.106105 7.32691e-05 0.212211 0.0133643
0 0.0065544 0.820206 0.0131088 0.359587 0.0133626
0 0.495633 0.20496 0.713625 0.350617 0.0133352
0 0.0082843 0.275367 0.0165686 0.550734 0.0133291
0 0.774538 0.191413 0.450923 0.36177 0.0133279
0 0.987644 0.615001 0.024711 0.769998 0.0133277
0 0.437961 0.385382 0.638206 0.725988 0.0132319
0 0.999618 0.781035 0.000763074 0.437931 0.0132083
0 0.839307 0.472243 0.321387 0.927222 0.0131564
0 0.998881 0.173156 0.00223706 0.346311 0.0131547
0 0.257514 0.0960908 0.179245 0.192182 0.0131213
0 0.444659 0.364152 0.889318 0.662887 0.0131074
0 1 0.0286174 0 0.0572349 0.0130284
0 0.992794 0.398913 0.0144116 0.797827 0.0130117
0 0.168683 0.100795 0.337365 0.17437 0.0129938
0 0.01112 0.388108 0.02224 0.776216 0.0129641
0 0.180753 0.24037 0.361507 0.460827 0.0129242
0 0.0417303 0.796984 0.0834605 0.406032 0.0128835
0 0.339029 0.095426 0.373201 0.190852 0.0128589
0 0.997959 0.685589 0.0040821 0.628821 0.0128567
0 0 0.0667468 0 0.133494 0.0128458
0 0.76681 0.112412 0.435336 0.215836 0.0128425
0 0.0707494 0.433825 0.141499 0.86765 0.0128398
0 0.0873787 0.601372 0.174757 0.797256 0.0128339
0 0.464294 0.17418 0.595111 0.319636 0.0128225
0 0.179796 0.21555 0.359592 0.366366 0.0127946
0 0.0447757 0.897385 0.0895514 0.205229 0.0127807
0 0.490167 0.446225 0.900814 0.736442 0.0127713
0 0.0681821 0.726677 0.136364 0.546646 0.0127559
0 0.996582 0.253448 0.00683688 0.506896 0.0127416
0 0.448684 0.107953 0.558056 0.187528 0.0127304
0 0.891021 0.398467 0.217958 0.796934 0.0126948
0 0.948822 0.379216 0.102355 0.758431 0.0126812
0 0.460321 0.990393 0.912148 0.0192146 0.012648
0 0.325273 0.894614 0.650546 0.210772 0.0126407
0 0.998118 0.678755 0.00376375 0.64249 0.0126054
0 0.10787 0.820217 0.215741 0.359566 0.0126021
0 0.49003 0.989185 0.878564 0.0216291 0.0126007
0 0.144634 0.841671 0.289267 0.314941 0.0125871
0 0.518333 0.409818 0.814323 0.420219 0.0125823
0 0.475017 0.557068 0.950035 0.859519 0.0125815
0 0.79611 0.150475 0.407781 0.289378 0.0125751
0 0.184971 0.893028 0.369942 0.213945 0.0125709
0 0.626589 0.100489 0.262483 0.200978 0.0125571
0 0.856816 0.102512 0.283121 0.196621 0.0125546
0 0.464254 0.989369 0.919786 0.0212627 0.0125428
0 0.610944 0.393942 0.778112 0.760719 0.0125343
0 0.00320247 0.180915 0.00640494 0.361831 0.012529
0 0.110573 0.115632 0.221146 0.231263 0.012523
0 0.371169 0.454637 0.742338 0.899682 0.0125156
0 0.355251 0.417843 0.710502 0.817042 0.0125029
0 0.404497 0.598392 0.808994 0.803217 0.0124975
0 0.134874 0.396049 0.269748 0.792097 0.0124921
0 0.441832 0.849093 0.821732 0.301814 0.0124855
0 0.647314 0.10086 0.584266 0.20172 0.0124761
0 0.103975 0.246675 0.207951 0.49335 0.0124643
0 0.367319 0.920159 0.734638 0.159682 0.0124577
0 0.161176 0.317623 0.322353 0.635246 0.012454
0 0.433305 0.982113 0.86661 0.0357747 0.0124532
0 0.770173 0.83146 0.459653 0.337081 0.0124241
0 0.203678 0.423277 0.407356 0.846553 0.0124239
0 0.302864 0.757908 0.605728 0.478894 0.0124208
0 0.576496 0.100836 0.37596 0.201672 0.0124133
0 0.136036 0.711679 0.272071 0.576641 0.0124069
0 0.827106 0.0322242 0.345788 0.0644485 0.012399
0 0.449231 0.794365 0.898461 0.41127 0.0123975
0 0.486268 0.970856 0.923909 0.0582876 0.0123855
0 0.0151476 0.523882 0.0302951 0.929853 0.0123697
0 0.320544 0.687878 0.641087 0.624245 0.0123674
0 0.827158 0.794626 0.345684 0.410748 0.0123598
0 0.379225 0.720374 0.758451 0.557721 0.012351
0 0.0138386 0.731998 0.0276772 0.536004 0.0123479
0 0.24451 0.395705 0.48902 0.779501 0.0123459
0 0.437696 0.101402 0.56811 0.202803 0.0123431
0 0.744552 0.0762162 0.510897 0.152432 0.0123342
0 0.477947 0.682574 0.955894 0.611881 0.012328
0 0.518829 0.575753 0.819779 0.637964 0.0123201
0 0.516869 0.458381 0.838765 0.287041 0.0123063
0 0.868451 0.119177 0.263097 0.238354 0.0122993
0 0.520781 0.736133 0.835229 0.527734 0.0122957
0 0.667716 0.982855 0.664569 0.0342907 0.0122921
0 0.497031 0.927095 0.994062 0.145811 0.0122905
0 0.943885 0.0423721 0.11223 0.0847441 0.0122896
0 0.514754 0.830767 0.83146 0.326357 0.0122753
0 0.186025 0.309587 0.37205 0.601705 0.0122646
0 0.5 0.961646 1 0.0767075 0.0122577
0 0.482133 0.325061 0.908213 0.481345 0.0122548
0 0.867666 0.714146 0.264669 0.571707 0.0122387
0 0.51535 0.630546 0.84206 0.738908 0.0122179
0 0.853028 0.899688 0.293944 0.200624 0.0121872
0 0.515263 0.896518 0.969474 0.206964 0.0121732
0 0.724846 0.905692 0.550308 0.188617 0.0121632
0 0.8113 0.273352 0.377401 0.535816 0.0121516
0 0.829611 0.842241 0.340778 0.296491 0.0121222
0 0.478994 0.72905 0.957988 0.409564 0.0121078
0 0.471495 0.516302 0.94299 0.329574 0.0121001
0 0.879157 0.272893 0.241685 0.545786 0.0120924
0 0.500783 0.931141 0.998434 0.137718 0.012091
0 0.506586 0.443976 0.986829 0.597315 0.0120621
0 0.809926 0.717608 0.380148 0.540285 0.0120411
0 0.826699 0.624516 0.346601 0.570621 0.0120352
0 0.542541 0.337419 0.914918 0.674838 0.0119726
0 0.199785 0.0951206 0.341505 0.190241 0.0119663
0 0.756649 0.315257 0.486702 0.623597 0.011961
0 0.790706 0.338656 0.418587 0.673313 0.011955
0 0.807643 0.484439 0.384714 0.673079 0.0119255
0 0.565321 0.487856 0.724252 0.212583 0.0119029
0 0.20928 0.117066 0.106217 0.137343 0.00340058
0 0 0.949408 0 0.101184 0.00329572
0 1 0.0443632 0 0.0887263 0.00324648
0 0.467159 0.962795 0.539015 0.07441 0.00323588
0 0.614328 0.149571 0.131991 0.129973 0.00323562
0 0 0.899274 0 0.201452 0.00322652
0 0.0846052 0.0614198 0.16356 0.109221 0.00322593
0 0.678268 0.956467 0.531997 0.0870657 0.00322515
0 0.739572 0.52601 0.352373 0.0936646 0.00321987
0 1 0.0628856 0 0.125771 0.00321785
0 0.735669 1 0.510972 0 0.00321515
0 0.36702 0.960018 0.533669 0.0799631 0.00321359
0 0.641035 0.519172 0.543219 0.11137 0.0032121
0 0.360118 0.876472 0.504796 0.0764263 0.00321138
0 0.868261 0.0537513 0.139966 0.0947364 0.00320369
0 0.267973 0.955916 0.520895 0.088168 0.00320337
0 0.574499 0.955491 0.532301 0.0890173 0.00320245
0 0 0.962395 0 0.07521 0.00319603
0 0.432578 0.87363 0.361087 0.0777784 0.00319146
0 0.494558 0.876356 0.274038 0.073819 0.00319083
0 0 0.0660354 0 0.132071 0.00318938
0 0.83231 0.868351 0.175111 0.109661 0.00318844
0 0.0744914 0.0800383 0.144371 0.144168 0.00318836
0 0.952926 0.842217 0.0941487 0.298035 0.0031866
0 0.216031 0.573759 0.164563 0.141591 0.00318586
0 0.953404 0.892111 0.093191 0.201644 0.00318585
0 0 0.0475469 0 0.0950937 0.00318528
0 0.282497 1 0.564994 0 0.00318211
0 0 0.0691905 0 0.138381 0.00317674
0 0.721587 0.864103 0.400372 0.120162 0.00317589
0 0.748124 0.934938 0.503752 0.130123 0.00317545
0 0.499554 1 0.670444 0 0.00317441
0 0.218119 0.557926 0.151357 0.0813501 0.00317152
0 0.803431 0.527363 0.212611 0.0899416 0.00317039
0 0.215768 0.945644 0.431536 0.108713 0.00317025
0 0.707241 0.921482 0.425601 0.156838 0.00317001
0 0.069326 0.870161 0.135151 0.242859 0.00316674
0 0.279434 0.0122992 0.286017 0.0245984 0.00316621
0 0.934695 0.890259 0.130609 0.208071 0.00316584
0 0.70699 0.748993 0.425914 0.0996084 0.00316395
0 0.215879 0.617733 0.178111 0.273294 0.00316393
0 0.897743 0.0538688 0.19278 0.0953932 0.00316268
0 0.667011 0.543044 0.486993 0.128829 0.00316078
0 0.632767 1 0.723453 0 0.00316044
0 0 0.0534421 0 0.106884 0.00315882
0 0.250218 0.00793256 0.297088 0.0158651 0.00315869
0 0.0639225 0.902693 0.123872 0.181032 0.00315656
0 0.999952 0.934693 9.55859e-05 0.130614 0.00315626
0 0.645883 0.85647 0.523142 0.140433 0.00315576
0 0.935009 0.391995 0.129981 0.393459 0.00315532
0 0.689769 0.462127 0.4525 0.174914 0.00315495
0 0.624956 0.731378 0.566648 0.147422 0.00315419
0 0.605097 0.174054 0.276403 0.144936 0.00315337
0 0.538665 0.873622 0.192964 0.0760304 0.00315046
0 0.200438 0.898659 0.155419 0.142424 0.00314894
0 0 0.85872 0 0.282561 0.00314887
0 0.763487 0.483384 0.304367 0.230378 0.00314826
0 0.795283 0.062996 0.22435 0.114413 0.00314771
0 0.220167 0.545617 0.171879 0.110365 0.00314755
0 0.929321 0.708536 0.141358 0.318303 0.00314509
0 0.624277 0.167976 0.225213 0.100971 0.00314307
0 0.186059 0.929186 0.372117 0.141628 0.00314228
0 0.260844 0.0749423 0.19243 0.0994242 0.0031421
0 0.106968 0.900698 0.197547 0.183212 0.00314124
0 0.908744 0.417172 0.182513 0.359601 0.00314085
0 0.305141 0.0190142 0.297744 0.0380284 0.00314
0 0.948544 0.797643 0.102911 0.401641 0.00313931
0 1 0.885868 0 0.228264 0.00313792
0 0.948797 0.588951 0.102407 0.452381 0.00313777
0 1 0.0633811 0 0.126762 0.00313764
0 0.504036 0.178356 0.447615 0.156636 0.00313763
0 1 0.0424407 0 0.0848813 0.00313416
0 0.663904 0.688743 0.501023 0.124733 0.00313335
0 0.951507 0.427172 0.0969851 0.342284 0.00313326
0 0 0.785684 0 0.219912 0.0031324
0 0.158123 0.91393 0.308558 0.17214 0.00313234
0 0.069748 0.82712 0.136919 0.34576 0.003132
0 0.215004 0.594605 0.366515 0.392718 0.00313175
0 0.746426 0.0664358 0.192084 0.121419 0.00313135
0 0 0.731268 0 0.208813 0.0031312
0 0.999753 0.9564 0.000493121 0.0872009 0.00313111
0 0.186732 0.566958 0.286752 0.347573 0.00312984
0 0.624814 0.665629 0.584863 0.100959 0.00312946
0 0.0763502 0.929671 0.1527 0.138204 0.00312897
0 0.732839 0.879956 0.370724 0.0849394 0.00312808
0 0 0.678948 0 0.209687 0.0031275
0 0 0.628609 0 0.209704 0.00312736
0 1 0.89523 0 0.20954 0.00312673
0 0 0.581129 0 0.20045 0.00312626
0 0.381921 0.912112 0.399256 0.175776 0.00312596
0 0 0.535543 0 0.190884 0.00312555
0 0.445784 0.197443 0.509352 0.172226 0.00312471
0 0.000195062 0.846564 0.000390124 0.306872 0.00312332
0 0.0711557 0.656218 0.140908 0.282765 0.00312315
0 0 0.462669 0 0.184631 0.00312234
0 0.0722424 0.146018 0.142615 0.26104 0.00312225
0 0 0.410997 0 0.188872 0.00312162
0 0.201187 0.00465698 0.400378 0.00931396 0.00312141
0 0.795558 0.896196 0.408884 0.201898 0.00312102
0 0.294734 0.259754 0.271266 0.282968 0.00312044
0 1 0.854506 0 0.290988 0.00312034
0 0.999929 0.83383 0.000141698 0.332341 0.00312029
0 0.920449 0.620194 0.159102 0.403675 0.00312009
0 0.22941 0.753455 0.203653 0.199839 0.00311963
0 0.883415 0.200906 0.23317 0.304607 0.0031195
0 0.516022 0.965891 0.409941 0.0676914 0.00311926
0 0.448223 0.0515703 0.277623 0.0967245 0.00311889
0 0 0.0451278 0 0.0902557 0.00311879
0 0.397485 0.051537 0.279435 0.0922372 0.00311856
0 0.220628 1 0.441256 0 0.00311844
0 0.939324 0.33408 0.121353 0.368758 0.0031182
0 0 0.346436 0 0.217708 0.00311737
0 0.81836 0.919986 0.357374 0.160028 0.0031172
0 0.216607 0.514875 0.163784 0.227803 0.003117
0 0.908374 0.666645 0.183251 0.294413 0.0031169
0 0.0692536 0.704002 0.136197 0.263023 0.00311681
0 0.462217 0.125889 0.179625 0.103796 0.00311639
0 0.204654 0.984992 0.409308 0.0300168 0.00311589
0 0 0.286621 0 0.227407 0.00311579
0 0.998868 0.895571 0.00226314 0.208859 0.00311574
0 0.676587 0.528479 0.434619 0.0922276 0.00311535
0 0.503227 0.32682 0.559403 0.096311 0.00311357
0 0.590353 0.183744 0.177157 0.0853809 0.0031135
0 0.921137 0.260867 0.157726 0.316103 0.00311335
0 0.0757494 0.401268 0.151499 0.283225 0.00311323
0 0.635262 0.761684 0.545891 0.0876588 0.00311207
0 0.953562 0.472212 0.0928751 0.253414 0.0031119
0 0.593906 0.844563 0.539366 0.167675 0.00311153
0 0 0.20293 0 0.240636 0.00311143
0 0.214001 0.176741 0.120466 0.262859 0.0031114
0 0 0.0539461 0 0.107892 0.00311117
0 0.246248 0.188525 0.218699 0.255157 0.00311109
0 0.302736 0.548699 0.340213 0.154243 0.00311102
0 0.216499 0.736269 0.183161 0.152123 0.00311052
0 0.000986351 0.798708 0.0019727 0.325699 0.00311041
0 0.874783 0.64066 0.250434 0.302697 0.00311024
0 0.78153 0.760397 0.274978 0.0763114 0.00311011
0 0.0704833 0.449277 0.140967 0.260675 0.00310941
0 0 0.0759393 0 0.151879 0.00310931
0 0.863525 0.166566 0.272949 0.295539 0.00310902
0 0.999389 0.843843 0.00122285 0.312314 0.00310872
0 0.68639 0.95296 0.458464 0.0915779 0.00310869
0 0.260905 0.563461 0.433016 0.287411 0.00310866
0 0 0.577614 0 0.247445 0.00310863
0 0 0.526094 0 0.24992 0.003108
0 0.227315 0.73171 0.256018 0.345464 0.00310798
0 0 0.630285 0 0.245957 0.00310785
0 0.381841 0.300615 0.483387 0.21996 0.00310681
0 0.000747059 0.722907 0.00149412 0.253213 0.00310673
0 0.911168 0.942917 0.177665 0.114167 0.00310649
0 0.24355 0.924578 0.409627 0.150843 0.00310583
0 0 0.730957 0 0.248151 0.0031058
0 0 0.0264892 0 0.0529784 0.00310573
0 0.18439 0.765116 0.191782 0.183781 0.00310568
0 0.174458 0.00152406 0.348916 0.00304811 0.00310567
0 0.899552 0.116744 0.200897 0.226525 0.0031054
0 0.182171 0.498271 0.322873 0.382556 0.00310534
0 0.52532 0.947239 0.426062 0.105522 0.00310474
0 1 0.958662 0 0.0826756 0.00310464
0 0 0.680276 0 0.244303 0.00310395
0 0 0.122491 0 0.244982 0.00310317
0 1 0.761447 0 0.397531 0.00310317
0 0.670436 0.816493 0.501795 0.211929 0.00310273
0 0.421659 0.155406 0.260084 0.162282 0.0031025
0 1 0.0333765 0 0.0667529 0.00310249
0 0.636925 0.595966 0.558884 0.115133 0.00310236
0 0.101763 0.0868421 0.188862 0.155573 0.00310218
0 0.309712 0.54627 0.338583 0.111424 0.00310217
0 0.632438 0.434529 0.554914 0.132388 0.00310213
0 0.154005 0.172768 0.187615 0.278582 0.00310212
0 1 0.822277 0 0.355446 0.00310211
0 0.665693 0.427745 0.509785 0.0984505 0.00310186
0 0.343059 0.868358 0.403968 0.0952982 0.00310166
0 0.236708 0.746017 0.288027 0.190447 0.00310164
0 0.43395 0.181717 0.408621 0.117189 0.00310129
0 0.683491 0.651961 0.474103 0.11741 0.00310106
0 1 0.126982 0 0.253965 0.00310098
0 0.000485836 0.67318 0.000971672 0.250414 0.00310042
0 0.618557 0.182869 0.762885 0.365739 0.0221267
0 0.316116 0.625148 0.632232 0.749703 0.0188973
0 0.283996 0.435162 0.567992 0.806058 0.018278
0 0.38159 0.644166 0.763179 0.711669 0.017828
0 0.540513 0.187051 0.918975 0.374101 0.0178046
0 0.342306 0.538774 0.684612 0.753358 0.0175238
0 0.589441 0.265968 0.821119 0.531936 0.0175134
0 0.353123 0.694561 0.706246 0.610877 0.0173856
0 0.440274 0.396268 0.880548 0.747411 0.0172925
0 0.5 0.367501 1 0.735001 0.0171986
0 0.640144 0.293488 0.719712 0.517186 0.0171849
0 0.69423 0.62324 0.61154 0.753521 0.0171282
0 0.470163 0.682634 0.940326 0.634732 0.0170984
0 0.552901 0.673219 0.894197 0.653561 0.0170746
0 0.235278 0.298905 0.470556 0.597809 0.0168882
0 0.620055 0.38324 0.759891 0.525404 0.0168623
0 0.468069 0.580981 0.936137 0.791823 0.0165318
0 0.61871 0.509182 0.762581 0.666125 0.0165311
0 0.401412 0.330582 0.802823 0.661165 0.0164978
0 0.289479 0.230488 0.578958 0.460977 0.0164721
0 0.506999 0.277832 0.986001 0.555664 0.0163139
0 0.432786 0.736066 0.865572 0.527868 0.0162954
0 0.361695 0.806595 0.723391 0.38681 0.0161948
0 0.232466 0.206821 0.464933 0.413643 0.0156433
0 0.30694 0.174423 0.61388 0.348845 0.0154467
0 0.5 0.627234 1 0.745533 0.0153634
0 0.462881 0.835642 0.925762 0.328717 0.0152965
0 0.634694 0.682234 0.730611 0.635533 0.0150056
0 0.5 0.682558 1 0.634883 0.0148032
0 0.597749 0.454256 0.804502 0.613928 0.0146264
0 0.230821 0.182795 0.461642 0.36559 0.0146103
0 0.632275 0.121522 0.73545 0.243045 0.0145508
0 0.504127 0.477957 0.991745 0.807103 0.014468
0 0.5 0.497515 1 0.781054 0.0143461
0 0.607079 0.588939 0.785841 0.742096 0.0143203
0 0.557814 0.143114 0.884371 0.286228 0.0139795
0 0.522326 0.154328 0.955347 0.308656 0.0138827
0 0.30298 0.13198 0.60596 0.26396 0.0138411
0 0.756591 0.719043 0.486818 0.561913 0.0137731
0 0.00382239 0.757484 0.00764479 0.485032 0.0137209
0 0.804054 0.105048 0.391891 0.210096 0.0136853
0 0.5 0.644814 1 0.710372 0.013622
0 0.00352017 0.889305 0.00704033 0.221389 0.0136158
0 0.452877 0.303402 0.905753 0.606804 0.0135905
0 0.773073 0.704053 0.453854 0.591895 0.0134815
0 0.316355 0.832136 0.632711 0.335729 0.0134187
0 0.504041 0.219093 0.991918 0.438186 0.0133533
0 0.497389 0.774722 0.994778 0.450557 0.0132381
0 0.374338 0.322487 0.748676 0.644973 0.0132018
0 0.179416 0.698404 0.358831 0.603192 0.013164
0 0.190598 0.243956 0.381196 0.487912 0.0130752
0 0.5228 0.138388 0.954399 0.276775 0.0130711
0 0.593827 0.201723 0.812347 0.403446 0.0130696
0 0.248263 0.702893 0.496527 0.594213 0.0130501
0 1 0.0244201 0 0.0488402 0.012962
0 0.5 0.757733 1 0.484533 0.0129617
0 0.835092 0.0786973 0.329816 0.157395 0.0129563
0 0.5 0.888196 1 0.211528 0.0128402
0 0.371495 0.178192 0.74299 0.356383 0.0126601
0 0.347139 0.264383 0.694279 0.528767 0.0126559
0 0.767467 0.608393 0.465065 0.398843 0.0125884
0 0.850578 0.777114 0.298843 0.445771 0.0125552
0 0.5 0.822463 1 0.352436 0.0124888
0 1 0.9114 0 0.1772 0.0124655
0 1 0.0170145 0 0.034029 0.0124609
0 0.588105 0.121095 0.823789 0.24219 0.0123929
0 0.126146 0.140909 0.252292 0.281817 0.0123782
0 0.12353 0.203965 0.24706 0.407931 0.0122389
0 0.5 0.348343 1 0.696686 0.0122102
0 0.053388 0.123847 0.106776 0.247695 0.0121953
0 0.990622 0.830166 0.0187555 0.339669 0.0121815
0 0.995178 0.0678933 0.0096449 0.135787 0.0120797
0 0.76799 0.515795 0.464021 0.444697 0.0120789
0 0.472383 0.867159 0.944767 0.265682 0.0119719
0 0.0992855 0.728252 0.198571 0.543495 0.0119594
0 0.760766 0.405391 0.478469 0.388461 0.0119288
0 0.160927 0.779695 0.321855 0.44061 0.0118466
0 0.0311339 0.177864 0.0622678 0.355729 0.0117006
0 0.718157 0.247848 0.563687 0.388294 0.0116108
0 0.739988 0.306396 0.520025 0.356614 0.0114308
0 0.499629 0.908594 0.999258 0.182812 0.0114008
0 0.312249 0.768793 0.624498 0.462415 0.0113265
0 0.54391 0.729508 0.91218 0.540984 0.0112611
0 0.310392 0.800555 0.620783 0.398891 0.0109662
0 0.907972 0.815349 0.184056 0.369303 0.0108618
0 0.305965 0.903845 0.611929 0.192309 0.0108553
0 0.619703 0.8114 0.760595 0.3772 0.0107367
0 0.506902 0.911829 0.986197 0.176342 0.0104602
0 0.554196 0.777144 0.891608 0.445713 0.0102181
0 0.5 0.911011 1 0.177979 0.0100777
0 0 0.0606998 0 0.1214 0.00532898
0 0.341783 0.450978 0.44511 0.182625 0.00434006
0 0 0.0306574 0 0.0613148 0.00420859
0 0.257686 0.120134 0.17202 0.132245 0.00395809
0 0.428423 0.406964 0.551227 0.186729 0.00394709
0 0.553461 0.654982 0.507365 0.18698 0.0039326
0 0.239093 0.283177 0.478187 0.200359 0.00385158
0 0.487589 0.5889 0.581943 0.188228 0.00384225
0 0.664586 0.150387 0.171378 0.119257 0.00383254
0 1 0.0385295 0 0.0770589 0.00378055
0 0.496707 0.634721 0.55872 0.153125 0.00376942
0 0.54212 0.25372 0.585498 0.228782 0.00374612
0 0.729538 0.575357 0.452905 0.182841 0.00373392
0 0.46106 0.488289 0.476898 0.193661 0.00371126
0 0.492214 0.668598 0.491929 0.197115 0.00369586
0 0.396909 0.675404 0.404824 0.182788 0.00367082
0 0.696315 0.650955 0.490881 0.183199 0.00367069
0 0.471784 0.749618 0.454365 0.200268 0.00366863
0 0.593821 0.587918 0.599069 0.202092 0.00365745
0 0.353781 0.575631 0.419284 0.184922 0.00364636
0 0.128638 0.224063 0.257277 0.21316 0.00363053
0 0.434082 0.458483 0.534347 0.197165 0.00362184
0 0.318833 0.300949 0.637665 0.143216 0.00358329
0 0.327109 0.553235 0.479797 0.182864 0.00358235
0 0.323989 0.497431 0.484306 0.176298 0.0035637
0 0.483954 0.550014 0.585047 0.158782 0.00355006
0 0.50127 0.777856 0.390163 0.193675 0.00353547
0 0 0.9256 0 0.148801 0.00352276
0 0.236193 0.337118 0.472386 0.191456 0.00352275
0 0.207177 0.497081 0.15361 0.203673 0.00351921
0 0.635015 0.798595 0.489801 0.173349 0.00351425
0 0.307721 0.730855 0.37076 0.195514 0.00351367
0 0.461669 0.284725 0.572976 0.147727 0.00349782
0 0.435802 0.726032 0.538192 0.167014 0.00349276
0 0.651464 0.550486 0.582958 0.166846 0.0034925
0 0.685496 0.824663 0.456219 0.161987 0.00348963
0 0.125604 0.278965 0.251209 0.190434 0.00348677
0 0.516992 0.305302 0.582413 0.195727 0.00348152
0 0.361934 0.417231 0.476637 0.142335 0.00347662
0 0 0.840883 0 0.199542 0.00347078
0 0.739049 0.293172 0.521903 0.210539 0.00346186
0 0.698571 0.619586 0.507164 0.193774 0.00344284
0 0.604764 0.276101 0.532305 0.227043 0.00343514
0 0.603897 0.637507 0.566588 0.161938 0.0034315
0 0.528896 0.429447 0.568509 0.23947 0.00342927
0 0.745871 0.66764 0.389515 0.197308 0.00342517
0 0.381656 0.319805 0.573835 0.149125 0.00342255
0 0.398672 0.436623 0.540004 0.166002 0.00341795
0 0.240186 0.929113 0.436028 0.141775 0.00341185
0 0.22245 0.2602 0.444899 0.177957 0.00340904
0 0.431479 0.7769 0.457157 0.187568 0.00340199
0 0.145858 0.179984 0.291717 0.225389 0.00339069
0 0.667931 0.161553 0.183169 0.16528 0.0033887
0 0.278932 0.118285 0.23009 0.145955 0.00337895
0 0.403572 0.264279 0.625496 0.187792 0.00337573
0 0.649611 0.465088 0.583963 0.198389 0.00337426
0 0.0150612 0.0793366 0.0301224 0.158673 0.00337198
0 0.711281 0.857002 0.410766 0.182245 0.0033627
0 0 0.770031 0 0.205534 0.00336031
0 0.186267 0.0922866 0.372533 0.184573 0.00334959
0 0.305895 0.775763 0.368177 0.213438 0.00334905
0 0.807893 0.574608 0.378363 0.183964 0.00334202
0 0.419243 0.52316 0.504713 0.176969 0.00334162
0 0.364961 0.240504 0.64153 0.187652 0.00334087
0 0 0.722353 0 0.209 0.00333191
0 0.118258 0.0818143 0.236516 0.163629 0.00333089
0 0.326844 0.52217 0.401354 0.176184 0.00332827
0 0.206238 0.460665 0.136703 0.121864 0.00332776
0 0.729984 0.467933 0.408102 0.198131 0.00331693
0 0.534185 0.123473 0.423317 0.14261 0.00331129
0 0.302465 0.331163 0.60493 0.182845 0.003309
0 0 0.6756 0 0.211612 0.00330629
0 0.388472 0.751835 0.49079 0.180983 0.00330426
0 0.330523 0.908502 0.397912 0.182995 0.00329987
0 0.16873 0.916015 0.33746 0.16797 0.00329765
0 0 0.627047 0 0.209047 0.0032974
0 0.515675 0.205302 0.472916 0.160484 0.00329195
0 0.388265 0.601186 0.410758 0.172999 0.0032909
0 0.290584 0.494249 0.325501 0.199031 0.00329057
0 0.214379 0.907451 0.428757 0.185099 0.00328961
0 0.500845 0.224974 0.553177 0.168062 0.00328914
0 0.271802 0.306236 0.543604 0.187183 0.00328782
0 0.18398 0.130927 0.36796 0.208484 0.00328436
0 0.181065 0.93444 0.362129 0.13112 0.00326395
0 0 0.577455 0 0.2122 0.00326378
0 0.258595 0.128758 0.215897 0.179631 0.00326128
0 0.461425 0.304375 0.488621 0.108175 0.00325911
0 0 0.427059 0 0.217393 0.00325526
0 0.557365 0.435473 0.577952 0.149843 0.00325373
0 0.246769 0.230752 0.493538 0.189511 0.00324757
0 0.125191 0.329417 0.250382 0.187542 0.00324725
0 0.784054 0.906756 0.39113 0.186488 0.00324624
0 0.00999728 0.0376353 0.0199946 0.0752706 0.00323938
0 0.762528 0.722889 0.365079 0.170873 0.00323921
0 0.622559 0.282543 0.370556 0.138636 0.00323866
0 0.341706 0.651524 0.428901 0.194954 0.00323694
0 0.30939 0.270857 0.618779 0.160004 0.0032336
0 0.525959 0.0937676 0.344075 0.186701 0.00323197
0 0 0.526595 0 0.21334 0.00323095
0 0.282065 0.614271 0.337902 0.249794 0.00322786
0 0 0.476251 0 0.216316 0.00322529
0 0.779066 0.275647 0.441867 0.17095 0.00322125
0 0.993855 0.882482 0.0122894 0.235036 0.00321909
0 0.863843 0.0917874 0.272313 0.175004 0.00321482
0 0.891381 0.0526468 0.217238 0.105294 0.00321337
0 0.988275 0.373653 0.0234491 0.224213 0.0032131
0 0.990732 0.423528 0.0185369 0.223642 0.00321183
0 0.00193062 0.376194 0.00386125 0.21498 0.00321075
0 0.996772 0.47691 0.00645682 0.22236 0.00320985
0 0.59648 0.315209 0.575741 0.173776 0.00320856
0 0.161141 0.269235 0.322282 0.237488 0.00320583
0 0.96511 0.0823361 0.0697807 0.164672 0.00320371
0 0.994225 0.842135 0.0115491 0.192834 0.00320007
0 0.262392 0.146637 0.179235 0.163769 0.003199
0 0.637644 0.66149 0.490417 0.221264 0.00319796
0 0.991602 0.272036 0.0167964 0.227257 0.00319796
0 0.79244 0.226882 0.41512 0.165073 0.00319392
0 0.691698 0.297581 0.616605 0.172411 0.00319155
0 0.857609 0.0414227 0.284782 0.0828454 0.00318983
0 0.0144388 0.28617 0.0288775 0.200275 0.00318885
0 0.34145 0.354811 0.528151 0.198349 0.00318612
0 0.989473 0.32088 0.0210535 0.228394 0.00318533
0 0.853726 0.903254 0.292548 0.185165 0.00318233
0 0.159055 0.365261 0.31811 0.187988 0.00317854
0 0.28482 0.177857 0.422598 0.185334 0.0031769
0 0.00539487 0.323483 0.0107897 0.207363 0.00317605
0 0.633821 0.194785 0.297298 0.215799 0.00317577
0 0.107295 0.300783 0.214589 0.158544 0.00317431
0 0.996856 0.657267 0.0062885 0.207554 0.00317384
0 0.992573 0.221234 0.0148547 0.223562 0.00317003
0 0.998465 0.705876 0.00307018 0.210811 0.0031662
0 0.228936 0.476979 0.197977 0.151532 0.00316566
0 0.308247 0.688309 0.376315 0.165551 0.00316513
0 0.282644 0.263661 0.565288 0.199849 0.0031647
0 0.245162 0.496983 0.233646 0.224249 0.0031604
0 1 0.799556 0 0.200703 0.00316039
0 0.711065 0.702575 0.460987 0.176519 0.00315971
0 0.207009 0.620058 0.414019 0.243905 0.00315883
0 0.422652 0.642515 0.426759 0.177462 0.00315773
0 1 0.530469 0 0.200606 0.00315272
0 0.53367 0.167263 0.415212 0.188488 0.00314947
0 0.474073 0.697059 0.529507 0.190569 0.00314921
0 1 0.754519 0 0.200091 0.00314869
0 0.262281 0.169517 0.224988 0.247231 0.00314697
0 0.190347 0.847409 0.380694 0.172332 0.00314591
0 0.678885 0.774788 0.468602 0.187094 0.00314586
0 0.856346 0.846902 0.287309 0.204584 0.00314529
0 0.670886 0.134988 0.165121 0.0840983 0.00314414
0 0.318408 0.931408 0.413207 0.137185 0.00314398
0 0.0215735 0.236804 0.0431471 0.199082 0.00313793
0 0.290189 0.537415 0.321675 0.130147 0.00313414
0 0.354941 0.454769 0.544531 0.215243 0.00313281
0 0.150113 0.437303 0.300226 0.116295 0.00313059
0 0.129584 0.04316 0.259169 0.08632 0.00313044
0 0.00279338 0.997008 0.00558677 0.00598478 0.00313016
0 0.999155 0.580388 0.00168909 0.205674 0.00312944
0 0.179797 0.300479 0.359594 0.2225 0.00312899
0 0.357356 0.621919 0.400693 0.18989 0.0031282
0 0.756567 0.43774 0.333637 0.148896 0.00312627
0 0.787372 0.452828 0.269787 0.220913 0.00312576
0 0.375615 0.384841 0.596605 0.221154 0.00312532
0 0.397129 0.909909 0.387197 0.180183 0.00312341
0 0.427894 0.212055 0.467979 0.191536 0.00312323
0 0.99159 0.169264 0.0168199 0.228693 0.00312323
0 0.804844 0.321024 0.390311 0.198838 0.00311774
0 0.603018 0.438115 0.582677 0.207425 0.00311581
0 0.504229 0.243601 0.650715 0.165312 0.00311549
0 0.879531 0.153321 0.240939 0.220745 0.00311444
0 0.517611 0.137275 0.357639 0.244221 0.00311251
0 0.643404 0.902167 0.40385 0.191983 0.00311142
0 0.540989 0.907287 0.379419 0.17599 0.0031105
0 0.880431 0.912519 0.239138 0.174963 0.00310921
0 0.558232 0.700497 0.496153 0.191738 0.00310917
0 0.542239 0.497584 0.535546 0.172929 0.00310591
0 0.157382 0.769134 0.314765 0.207214 0.00310546
0 0.135086 0.741175 0.270173 0.163408 0.00310489
0 0.422483 0.09554 0.459911 0.19108 0.00310429
0 0.873848 0.119175 0.252304 0.189641 0.00310217
0 0.639882 0.382389 0.591489 0.258862 0.00310187
0 0.563809 0.213488 0.569898 0.198766 0.00309796
0 0.267624 0.725433 0.292495 0.137229 0.00309639
0 0 0.954778 0 0.0904434 0.00309587
0 1 0.618949 0 0.179733 0.00309265
0 0.794195 0.935932 0.411609 0.127487 0.00308851
0 0.77999 0.856176 0.40069 0.191028 0.00308795
0 0.36731 0.799755 0.397626 0.183235 0.00308439
0 0.528081 0.350613 0.635802 0.203676 0.00308433
0 0.011377 0.198344 0.0227541 0.201753 0.00308429
0 0.147792 0.928644 0.295584 0.142711 0.00308246
0 0.678504 0.125057 0.245726 0.174894 0.00308238
0 0.174692 0.775762 0.349384 0.238595 0.00308237
0 0.358225 0.177628 0.462363 0.204777 0.00308193
0 0.244234 0.779238 0.226148 0.241915 0.00308057
0 0.672292 0.501612 0.538788 0.162291 0.00307076
0 0.884071 0.17468 0.231859 0.228054 0.00306749
0 0.184468 0.0728304 0.368936 0.145661 0.0030655
0 0.873072 0.0793397 0.253857 0.158679 0.0030602
0 0.588038 0.387385 0.612084 0.195897 0.00305815
0 0.437794 0.336667 0.638641 0.174007 0.00305701
0 0.883659 0.964467 0.232682 0.0699547 0.00305676
0 0.219358 0.197801 0.270568 0.249141 0.0030555
0 0.861006 0.196178 0.277988 0.192749 0.00305442
0 0.303245 0.0933777 0.287399 0.167806 0.00305436
0 1 0.936072 0 0.127857 0.00305388
0 0.447545 0.182003 0.446473 0.197675 0.00305275
0 0.197317 0.0871173 0.394633 0.174235 0.00305246
0 0.164644 0.43422 0.329287 0.242226 0.00304983
0 0.259134 0.425778 0.292404 0.0870185 0.00304962
0 0.226965 0.140539 0.256234 0.253507 0.00304951
0 0.870833 0.228969 0.258334 0.220306 0.00304931
0 0.84937 0.670132 0.301261 0.659737 0.0218403
0 0.815187 0.628333 0.369627 0.743334 0.0171076
0 0.856373 0.12652 0.286705 0.25304 0.0156342
0 0.761603 0.676884 0.476793 0.646231 0.0154041
0 0.879362 0.137444 0.241277 0.274888 0.0145708
0 0.157537 0.624858 0.263591 0.263086 0.0145692
0 0.853434 0.223075 0.293121 0.278811 0.0145323
0 0.847242 0.537863 0.305517 0.836531 0.014347
0 0.121715 0.114573 0.24343 0.229146 0.0141456
0 0.588243 0.257739 0.281326 0.255304 0.0140657
0 0.643809 0.264242 0.259797 0.258263 0.0140626
0 0.85303 0.16766 0.291569 0.278982 0.0140601
0 0.85268 0.274301 0.29464 0.304404 0.0139815
0 0.72645 0.270248 0.285134 0.262792 0.0139439
0 0.856626 0.727794 0.286748 0.544413 0.0138897
0 0.502518 0.556435 0.994964 0.271899 0.0135998
0 0.508485 0.126931 0.306781 0.245136 0.0135914
0 0.849409 0.335112 0.301181 0.288422 0.0134457
0 0.936969 0.109575 0.126061 0.219151 0.0134043
0 0.82742 0.367336 0.34516 0.734672 0.0133615
0 0.897818 0.113693 0.204364 0.227386 0.01324
0 0.570947 0.323985 0.295089 0.208201 0.013173
0 0.871748 0.233484 0.256504 0.37059 0.0131647
0 0.821617 0.557741 0.356766 0.774042 0.013119
0 0.854003 0.49761 0.291994 0.307291 0.0130857
0 0.152631 0.0923587 0.305262 0.184717 0.0130618
0 0.892846 0.183832 0.214308 0.367665 0.0130368
0 0.627012 0.566288 0.317868 0.421734 0.0129438
0 0.417319 0.545184 0.764045 0.258552 0.0129359
0 0.303921 0.239462 0.323724 0.229421 0.012926
0 0.874194 0.0877622 0.239311 0.175524 0.0129026
0 0.803131 0.0767792 0.244204 0.153558 0.0129012
0 0.908169 0.100016 0.183662 0.200032 0.0128883
0 0.563689 0.552368 0.32025 0.403378 0.0128355
0 0.583177 0.136487 0.313927 0.2029 0.0127684
0 0.800925 0.268162 0.310807 0.270448 0.0127599
0 0.64077 0.317951 0.293767 0.224863 0.0127483
0 0.851819 0.439514 0.296362 0.323074 0.0127341
0 0.113655 0.0948114 0.227311 0.189623 0.0126706
0 0.4359 0.117283 0.289275 0.234566 0.0126578
0 0.735067 0.0696507 0.247778 0.139301 0.012607
0 0.206073 0.257509 0.351633 0.261694 0.0125749
0 0.599649 0.0807495 0.246419 0.161499 0.0125724
0 0.0816962 0.114751 0.163392 0.229501 0.0125697
0 0.668872 0.0738362 0.242017 0.147672 0.0125317
0 0.160562 0.264999 0.321124 0.304844 0.0125244
0 0.526614 0.0847021 0.249085 0.169404 0.0124884
0 0.5143 0.253839 0.283572 0.227419 0.0124797
0 0.505643 0.3227 0.293678 0.199282 0.012476
0 0.791069 0.173204 0.301595 0.281071 0.0124661
0 0.630205 0.18656 0.237622 0.257684 0.0124621
0 0.641743 0.358333 0.287439 0.189555 0.0124616
0 0.374974 0.232073 0.309514 0.208842 0.0124532
0 0.71965 0.407943 0.283909 0.233138 0.0124427
0 0.156096 0.313491 0.312193 0.281552 0.0124351
0 0.590362 0.217308 0.295228 0.255127 0.0124294
0 0.640257 0.151082 0.259804 0.196383 0.0124127
0 0.397676 0.663497 0.36938 0.534844 0.0123911
0 0.226811 0.622273 0.424021 0.437718 0.0123804
0 0.792275 0.426067 0.298028 0.272398 0.0123562
0 0.125756 0.26759 0.251512 0.319381 0.0123357
0 0.575511 0.370659 0.277839 0.198098 0.0123283
0 0.500074 0.170441 0.328742 0.271575 0.0123271
0 0.447801 0.866866 0.257632 0.21282 0.0123106
0 0.511703 0.631955 0.395495 0.485579 0.0123091
0 0.0879847 0.265231 0.175969 0.30474 0.0123084
0 0.37143 0.297638 0.305537 0.214982 0.0122887
0 0.242684 0.0902673 0.242926 0.180535 0.0122855
0 0.145746 0.545666 0.291492 0.325972 0.0122764
0 0.495863 0.544444 0.299719 0.381005 0.0122683
0 0.438548 0.310574 0.291366 0.202935 0.0122584
0 0.714973 0.534006 0.320401 0.348478 0.0122537
0 0.713989 0.322975 0.294609 0.234216 0.0122345
0 0.0911102 0.20388 0.18222 0.299337 0.0122094
0 0.355418 0.650237 0.435397 0.422784 0.0122009
0 0.789362 0.131995 0.290187 0.263989 0.0122
0 0.644241 0.399547 0.283865 0.211584 0.0121988
0 0.801598 0.218723 0.299247 0.264694 0.01217
0 0.118471 0.317577 0.236942 0.305601 0.012157
0 0.773087 0.679079 0.453827 0.641842 0.0120922
0 0.522807 0.107035 0.271958 0.21407 0.0120916
0 0.827141 0.191717 0.345719 0.383434 0.0120272
0 0.795708 0.323853 0.317331 0.252471 0.0120219
0 0.432445 0.5774 0.552009 0.275853 0.0120119
0 0.825184 0.558155 0.349632 0.356605 0.0119704
0 0.440963 0.238969 0.283289 0.193978 0.0119362
0 0.254205 0.685197 0.481915 0.576398 0.0118761
0 0.210086 0.612323 0.420173 0.216076 0.0118708
0 0.470914 0.908617 0.258022 0.180964 0.0118537
0 0.216548 0.302349 0.322563 0.245062 0.011852
0 0.00624261 0.285879 0.0124852 0.312412 0.0118467
0 0.0816744 0.316088 0.163349 0.282532 0.0118325
0 0.238157 0.610209 0.476314 0.284867 0.0118309
0 0.733438 0.747468 0.533124 0.505065 0.0118308
0 0.159444 0.19114 0.318888 0.329981 0.0117991
0 0.864213 0.335034 0.271574 0.453966 0.0117921
0 0.59984 0.104289 0.266284 0.208577 0.0117894
0 0.302189 0.293225 0.302953 0.221349 0.0117732
0 0.663615 0.106435 0.241058 0.21287 0.0117687
0 0.15574 0.13176 0.31148 0.262253 0.0117641
0 0.45212 0.0808718 0.24236 0.161744 0.0117329
0 0.316349 0.171494 0.271368 0.268104 0.0117289
0 0.00942385 0.22962 0.0188477 0.309805 0.0116802
0 0.163531 0.709181 0.257223 0.279704 0.0116736
0 0.237506 0.635152 0.475011 0.406343 0.0116678
0 0.850267 0.284531 0.299466 0.569063 0.0116518
0 0.162581 0.778679 0.261209 0.327929 0.0116296
0 0.112671 0.597325 0.225342 0.253654 0.0116279
0 0.372151 0.37261 0.286448 0.26093 0.0116193
0 0.274526 0.544746 0.362841 0.391126 0.0116092
0 0.717996 0.182219 0.292137 0.288629 0.011587
0 0.113376 0.745461 0.226753 0.27894 0.011573
0 0.377563 0.173377 0.302394 0.214849 0.0115695
0 0.245202 0.64742 0.490403 0.303217 0.011566
0 0.126396 0.202833 0.252793 0.3299 0.0115467
0 0.79579 0.107292 0.266846 0.214584 0.0115249
0 0.577091 0.412126 0.280505 0.238535 0.0115102
0 0.221013 0.345393 0.318707 0.274494 0.0115045
0 0.788001 0.857263 0.423998 0.285475 0.0114952
0 0.511704 0.425688 0.271376 0.264424 0.0114903
0 0.514187 0.376384 0.270056 0.222778 0.0114367
0 0.108984 0.804506 0.217969 0.278374 0.011423
0 0.610499 0.614315 0.536018 0.456264 0.0114169
0 0.728962 0.107515 0.264119 0.21503 0.0114097
0 0.747781 0.614186 0.504438 0.417157 0.0114006
0 0.73661 0.56531 0.408511 0.358959 0.0113934
0 0.115102 0.686555 0.230204 0.260759 0.0113744
0 0.00210324 0.346965 0.00420649 0.304736 0.0113744
0 0.194329 0.802885 0.26331 0.28615 0.0113643
0 0.815675 0.453468 0.368649 0.792659 0.0113638
0 0.306196 0.355978 0.28572 0.267937 0.0113576
0 0.439084 0.378117 0.285013 0.243963 0.0113551
0 0.0500441 0.120215 0.100088 0.240429 0.0113536
0 1 0.101905 0 0.203811 0.0113502
0 0.195363 0.524191 0.363092 0.341358 0.0113337
0 0.854594 0.482273 0.290812 0.501188 0.0113293
0 0.114047 0.639223 0.228093 0.250571 0.0113025
0 0.375533 0.109851 0.288613 0.219702 0.0113019
0 0.107989 0.861032 0.215979 0.21251 0.0113011
0 0.182218 0.660485 0.271912 0.225879 0.0112978
0 0.37454 0.435368 0.278946 0.296707 0.0112472
0 0.321119 0.635135 0.602268 0.306263 0.0112362
0 0.0435377 0.320877 0.0870754 0.275326 0.0112288
0 0.423117 0.540732 0.32145 0.379793 0.0112265
0 0.43747 0.43059 0.288834 0.276329 0.0112121
0 0.426549 0.155929 0.310612 0.262215 0.0112084
0 0.075455 0.479926 0.15091 0.288431 0.0111996
0 0.807583 0.790616 0.384834 0.418769 0.0111976
0 0.213482 0.183497 0.312521 0.30816 0.0111911
0 0.205417 0.121564 0.311497 0.239027 0.0111855
0 0.841776 0.324896 0.316449 0.649791 0.0111843
0 0.218646 0.65978 0.410746 0.281192 0.011183
0 0.0131499 0.145673 0.0262998 0.291346 0.0111756
0 0.529278 0.62771 0.941443 0.284136 0.0111531
0 0.0481697 0.262003 0.0963394 0.287188 0.0111437
0 0.315794 0.429242 0.275853 0.322551 0.0111375
0 0.113647 0.530486 0.227293 0.309533 0.0111345
0 0.194931 0.928104 0.246486 0.143793 0.0111218
0 0.0765899 0.414057 0.15318 0.267523 0.0111168
0 0.601631 0.561151 0.758351 0.314399 0.0110858
0 0.195299 0.922255 0.25093 0.155489 0.0110447
0 0.309173 0.10613 0.244846 0.212261 0.0110432
0 0.0780349 0.363402 0.15607 0.262762 0.0110339
0 0.795254 0.503729 0.297346 0.284822 0.0110199
0 0.0521913 0.201299 0.104383 0.271556 0.0109883
0 0.398682 0.918072 0.384903 0.163857 0.0109793
0 0.0468238 0.0982445 0.0936476 0.196489 0.0109575
0 0.19139 0.5646 0.32003 0.326144 0.0109409
0 0.341586 0.550395 0.34097 0.410819 0.0109378
0 0.390956 0.861387 0.222394 0.230196 0.0109071
0 0.0227727 0.624743 0.0455453 0.105877 0.0108857
0 0.074434 0.529099 0.148868 0.293906 0.0108786
0 0.0222055 0.666826 0.044411 0.108577 0.0108358
0 0.0217323 0.729012 0.0434647 0.127055 0.0108345
0 0 0.109712 0 0.219423 0.0108273
0 0.147164 0.918067 0.268437 0.163865 0.0108009
0 0.297471 0.135821 0.281167 0.268899 0.0107992
0 0.119066 0.945565 0.238131 0.108871 0.0107759
0 0.289292 0.897519 0.274438 0.204963 0.0107583
0 0.21892 0.866412 0.229978 0.203503 0.0107405
0 0.236676 0.409936 0.295353 0.323581 0.0107196
0 0.115077 0.405202 0.230153 0.29308 0.010665
0 0.0410392 0.376304 0.0820784 0.261767 0.0106599
0 0 0.154619 0 0.309238 0.0106037
0 0.380541 0.0647166 0.246829 0.129433 0.0105947
0 0.0743094 0.590566 0.148619 0.245754 0.0105851
0 0.0802553 0.949403 0.160511 0.101194 0.0105664
0 0.0747461 0.638022 0.149492 0.233851 0.0105484
0 0.29806 0.871696 0.258043 0.218585 0.0105425
0 0.379258 0.598255 0.758517 0.304182 0.0105402
0 0.861781 0.916445 0.19682 0.167109 0.010516
0 0.0252829 0.579785 0.0505658 0.13558 0.0105142
0 0.264514 0.800346 0.323625 0.272796 0.0104705
0 0.0201845 0.790722 0.040369 0.148695 0.010439
0 0.168 0.866669 0.248207 0.209336 0.0104355
0 0.314741 0.0710633 0.243544 0.142127 0.0104288
0 0.815843 0.547659 0.368315 0.626694 0.0104152
0 0.0311529 0.524159 0.0623058 0.20107 0.0103992
0 0.509727 0.910151 0.137509 0.179699 0.0103476
0 0.0364765 0.473185 0.072953 0.230456 0.0103455
0 0.0391949 0.425629 0.0783898 0.252691 0.0103022
0 0.0745709 0.851607 0.149142 0.210793 0.0102146
0 0.151351 0.401747 0.302702 0.305984 0.0102126
0 0.389658 0.895242 0.248509 0.209516 0.0101961
0 0.117156 0.914485 0.234312 0.17103 0.010186
0 0 0.402129 0 0.290015 0.0101829
0 0.998368 0.7605 0.00326471 0.479 0.0101445
0 0.798687 0.719858 0.402626 0.560283 0.0101161
0 0.267278 0.917422 0.286055 0.165156 0.0101105
0 0.784152 0.922166 0.431695 0.155669 0.0101049
0 0.449904 0.911599 0.484742 0.174336 0.0100372
0 0.0538527 0.944761 0.107705 0.110478 0.0100344
0 0.209771 0.895172 0.221111 0.193373 0.00998368
0 0.0197622 0.842657 0.0395244 0.1533 0.00992925
0 0.996212 0.91425 0.00757535 0.171499 0.00990461
0 0.0425621 0.913696 0.0851243 0.172608 0.00990393
0 0.0749984 0.680263 0.149997 0.235305 0.00989592
0 0.566715 0.880509 0.692685 0.238983 0.00989476
0 0.908169 0.911763 0.175565 0.17077 0.00987877
0 0.856555 0.910907 0.274946 0.171184 0.00987562
0 0.0747609 0.795425 0.149522 0.244932 0.00987215
0 0.156064 0.90169 0.264787 0.154509 0.00980299
0 0.679394 0.716685 0.641212 0.421346 0.00978046
0 0.0252295 0.940192 0.0504589 0.119617 0.00972986
0 0.0746766 0.734989 0.149353 0.240048 0.00969847
0 0.000125246 0.940354 0.000250493 0.119293 0.00959488
0 0.337563 0.775911 0.420147 0.259897 0.0094948
0 0.416771 0.901247 0.682601 0.188363 0.00948173
0 0.0732722 0.911538 0.146544 0.17146 0.00945842
0 0.51123 0.904612 0.365484 0.167082 0.00945182
0 0 0.950101 0 0.099798 0.0094416
0 0.483442 0.917463 0.663457 0.165074 0.00939064
0 0.427532 0.839645 0.268676 0.226171 0.00938009
0 0.730778 0.764558 0.538444 0.404401 0.00933736
0 0 0.449592 0 0.271661 0.00932125
0 0.700005 0.739896 0.59999 0.520207 0.00932042
0 0.827292 0.913364 0.182709 0.171457 0.00929574
0 0.435551 0.63269 0.871102 0.308007 0.00929313
0 0.77366 0.775605 0.45268 0.448791 0.00927313
0 0 0.090592 0 0.181184 0.00926654
0 0 0.642041 0 0.258004 0.00925375
0 0.0242316 0.876024 0.0484632 0.163003 0.00923349
0 0.961405 0.899465 0.077189 0.201069 0.00921122
0 0.447269 0.907904 0.277379 0.184192 0.00920261
0 0.891964 0.743428 0.216073 0.513144 0.00919975
0 0 0.694515 0 0.259556 0.00911866
0 0 0.916924 0 0.166152 0.00894805
0 0 0.415327 0 0.301318 0.0089314
0 0 0.745554 0 0.260952 0.00891926
0 0 0.827108 0 0.223355 0.00891756
0 0 0.786747 0 0.235851 0.00890144
0 0.996466 0.883377 0.00706744 0.233246 0.00883383
0 0.395432 0.688012 0.301758 0.278864 0.00881392
0 0.00874812 0.914932 0.0174962 0.170136 0.00876003
0 0 0.883432 0 0.233137 0.00871013
0 0.750501 0.81373 0.495236 0.37254 0.00862883
0 0 0.907584 0 0.184831 0.00841956
0 0 0.140641 0 0.26537 0.00836353
0 0 0.921861 0 0.156278 0.0083168
0 0 0.839186 0 0.26802 0.00827965
0 0.451921 0.689923 0.903843 0.419634 0.00827901
0 0.366622 0.848005 0.659539 0.235207 0.0082545
0 0.565418 0.692319 0.842398 0.312105 0.00822886
0 0.789719 0.872566 0.401147 0.254868 0.00819453
0 0.375449 0.790459 0.750897 0.294533 0.00817745
0 0.598176 0.813586 0.601065 0.305478 0.00815627
0 0 0.546891 0 0.273555 0.00814204
0 0.533213 0.776793 0.933574 0.363385 0.00805067
0 0.324991 0.736244 0.5732 0.267794 0.00795981
0 0 0.486069 0 0.214684 0.00787809
0 0 0.187301 0 0.256044 0.00779201
0 0 0.493627 0 0.240462 0.00771935
0 0.5 0.727366 1 0.459087 0.00767564
0 0 0.595694 0 0.285975 0.00750967
0 0 0.24222 0 0.260704 0.00748933
0 0.68077 0.78511 0.504078 0.225557 0.0073123
0 0 0.445387 0 0.230522 0.00725919
0 0 0.297454 0 0.258367 0.00707922
0 0 0.356272 0 0.241336 0.00700583
0 0 0.403418 0 0.225127 0.00697237
0 0.75533 0.824641 0.331008 0.287082 0.00679241
0 0.809301 0.843989 0.378835 0.312023 0.00679021
0 0.00483366 0.899422 0.00966732 0.170072 0.00600708
0 0 0.78371 0 0.177995 0.00486159
0 0.253604 0.117955 0.19162 0.144412 0.00485078
0 9.40903e-05 0.827112 0.000188181 0.169801 0.00476069
0 0.65382 0.147466 0.18787 0.135735 0.00474902
0 0.113872 0.115581 0.227745 0.231163 0.00472804
0 0 0.5656 0 0.141574 0.00469415
0 0.00236152 0.866176 0.00472303 0.173058 0.00467636
0 0 0.722268 0 0.164697 0.00456913
0 0.228459 0.424012 0.10465 0.0468424 0.00444742
0 0 0.610833 0 0.102966 0.00444396
0 0.109388 0.159083 0.218777 0.29338 0.00441913
0 0.985396 0.627778 0.0292084 0.333749 0.00440506
0 0.247578 0.409571 0.0773841 0.0195707 0.00438887
0 0.32563 0.432191 0.0612978 0.0237566 0.00438665
0 0.848271 0.938391 0.303458 0.117864 0.00438642
0 0 0.652002 0 0.122469 0.00433223
0 0.579132 0.879324 0.117573 0.0806019 0.00431262
0 0.65172 0.148775 0.195609 0.1388 0.887333
0 0.255901 0.116986 0.191968 0.150414 0.808035
0 0 0.096431 0 0.192862 0.325292
0 0 0.0951514 0 0.190303 0.0953573
0 1 0.0968922 0 0.193784 0.0721974
0 0 0.0969287 0 0.193857 0.0646205
0 0.995968 0.0974941 0.00806498 0.194988 0.0415228
0 0.994653 0.0843668 0.0106949 0.168734 0.0369337
0 0 0.0725713 0 0.145143 0.0332862
0 0.000966446 0.109332 0.00193289 0.218663 0.030999
0 0.019234 0.0696112 0.0384681 0.139222 0.023258
0 0 0.08283 0 0.16566 0.0217726
0 0.999436 0.0855423 0.00112821 0.171085 0.0198569
0 0.989707 0.0734219 0.0205863 0.146844 0.019239
0 1 0.0703656 0 0.140731 0.0186309
0 0.70071 0.077113 0.315306 0.154226 0.0185087
0 0.964549 0.109067 0.0709013 0.218133 0.015381
0 0.628185 0.0704441 0.307839 0.140888 0.0145734
0 0 0.0718958 0 0.143792 0.0144056
0 0.519866 0.0673617 0.305594 0.134723 0.014224
0 0 0.922916 0 0.154167 0.0135194
0 0.456823 0.0786153 0.325434 0.157231 0.0132747
0 0.902973 0.11099 0.194055 0.221979 0.0131002
0 0.0278283 0.0818351 0.0556566 0.16367 0.0130394
0 0 0.0740598 0 0.14812 0.0125281
0 0.122241 0.360484 0.224604 0.265191 0.0124869
0 0.858818 0.0839008 0.282363 0.167802 0.0121983
0 0.774555 0.0785161 0.32637 0.157032 0.0121642
0 0.290289 0.0613743 0.230604 0.122749 0.012076
0 0.25361 0.0770803 0.324033 0.154161 0.0120208
0 0 0.0732135 0 0.146427 0.0117028
0 0.0766629 0.132717 0.153326 0.265434 0.0116678
0 0.311446 0.821206 0.622891 0.357588 0.0116547
0 0.440257 0.72813 0.880514 0.509295 0.0114597
0 0.998207 0.0736598 0.00358615 0.14732 0.0114522
0 0.455799 0.760681 0.853325 0.478638 0.0113766
0 0.279122 0.88858 0.341731 0.222839 0.0113471
0 0.318714 0.0809818 0.327342 0.161964 0.0110964
0 0.796442 0.87896 0.406875 0.242079 0.0110914
0 0.380472 0.405694 0.360627 0.256575 0.0110673
0 0.648579 0.879625 0.702843 0.236307 0.0110473
0 0.124913 0.0870674 0.249827 0.174135 0.0109726
0 0.80614 0.895229 0.267 0.199043 0.010907
0 0.997351 0.0732544 0.00529769 0.146509 0.0108166
0 0.0382436 0.0723884 0.0764872 0.144777 0.0108131
0 0.788075 0.43685 0.423849 0.398329 0.0107435
0 0.839839 0.321656 0.320322 0.317198 0.0106252
0 0.22823 0.0527933 0.250549 0.105587 0.0105424
0 0.831604 0.374394 0.336791 0.339838 0.0105136
0 0.876232 0.518211 0.247535 0.43715 0.0104728
0 0.499075 0.399172 0.37628 0.254627 0.0104465
0 0.144851 0.275455 0.215507 0.30086 0.0104344
0 0.860574 0.408087 0.278851 0.364572 0.0103767
0 0.611898 0.50153 0.730119 0.438513 0.0103545
0 0.56749 0.768451 0.86502 0.463098 0.0103103
0 0.0342232 0.822879 0.0684465 0.354241 0.010287
0 0.0285357 0.591149 0.0570714 0.351591 0.0102783
0 0.982733 0.505391 0.0345343 0.412316 0.0101894
0 0.461789 0.424886 0.350018 0.241283 0.0100912
0 0.316471 0.396751 0.402197 0.251732 0.010027
0 0.974576 0.360759 0.0508479 0.366152 0.00994157
0 0.425347 0.689609 0.850693 0.44162 0.00993835
0 0.996812 0.745386 0.00637535 0.471305 0.0099349
0 0.760285 0.35662 0.38008 0.274461 0.00990033
0 0.998927 0.913095 0.00214685 0.173811 0.00977814
0 0.227102 0.882064 0.454203 0.235872 0.00976383
0 0.269082 0.559091 0.538163 0.442315 0.00975483
0 0.588945 0.392134 0.38202 0.238392 0.00973529
0 0.211462 0.585836 0.422923 0.428009 0.0096861
0 0.167281 0.100841 0.334562 0.201683 0.00966905
0 0.538808 0.0636059 0.210555 0.127212 0.00966159
0 0.731256 0.393121 0.41086 0.277158 0.00963738
0 0.962137 0.413345 0.0757269 0.356855 0.00962621
0 0 0.928327 0 0.143345 0.00962185
0 0.421158 0.76426 0.842316 0.47148 0.00958008
0 0.303623 0.574306 0.559487 0.481662 0.00955562
0 0.734947 0.528054 0.530107 0.38861 0.00952397
0 0.996562 0.867259 0.00687627 0.265483 0.00951872
0 0.216606 0.867502 0.433213 0.264996 0.0095006
0 0.44537 0.526328 0.89074 0.24624 0.00947768
0 0.988559 0.261061 0.022882 0.393151 0.00947749
0 0.395202 0.0840581 0.339173 0.168116 0.00942726
0 0.992459 0.119011 0.0150819 0.238021 0.00939261
0 0.177577 0.638943 0.355154 0.40349 0.00935866
0 0.0560764 0.463577 0.112153 0.252499 0.00934168
0 0.548361 0.475966 0.543865 0.370183 0.00933452
0 0.737747 0.0969971 0.401748 0.193994 0.00932543
0 0.539026 0.904679 0.855803 0.190641 0.00931262
0 0.0271309 0.70104 0.0542617 0.417236 0.0093106
0 0.414493 0.887379 0.289715 0.215717 0.00928612
0 0.353588 0.567245 0.707177 0.280858 0.00928402
0 0.565098 0.308675 0.52495 0.357461 0.00928227
0 0.607778 0.0625124 0.213528 0.125025 0.00928047
0 0.187997 0.251535 0.375993 0.391551 0.00926214
0 0.376435 0.354941 0.40524 0.296438 0.00926064
0 0.435773 0.612967 0.871547 0.373578 0.00924309
0 0.617845 0.354179 0.378242 0.265153 0.0092391
0 0.630123 0.461546 0.739754 0.315793 0.009238
0 0.186352 0.77505 0.372703 0.375682 0.00917611
0 0 0.133347 0 0.266695 0.00916292
0 0.502061 0.350295 0.370435 0.281799 0.00915349
0 0.990333 0.587481 0.019335 0.40343 0.00912653
0 0 0.134638 0 0.269275 0.0091041
0 0.701376 0.358654 0.37733 0.26082 0.00907192
0 0.673444 0.888473 0.329106 0.214631 0.0090422
0 0.85746 0.899638 0.285079 0.193469 0.00903857
0 0.596891 0.0910355 0.315687 0.182071 0.00902302
0 0.0241909 0.486051 0.0483817 0.368488 0.00899642
0 0.228385 0.899669 0.456771 0.200661 0.00898369
0 0.99658 0.547685 0.00684024 0.388496 0.008978
0 0.709615 0.26803 0.525898 0.401562 0.00896852
0 0.671614 0.38565 0.384763 0.233427 0.00895249
0 0.187199 0.051587 0.229031 0.103174 0.00894647
0 0.376067 0.0988505 0.424951 0.197701 0.00892667
0 0.662285 0.093067 0.347822 0.186134 0.0089222
0 0.346918 0.317638 0.430586 0.302788 0.00887794
0 0.821693 0.166749 0.356614 0.333499 0.00887653
0 0.0494938 0.782104 0.0989877 0.371298 0.00887402
0 0.52099 0.452454 0.37975 0.302047 0.00885706
0 0.104695 0.0985076 0.209391 0.197015 0.00885419
0 0.513858 0.0951059 0.338938 0.190212 0.00881933
0 0.144912 0.747402 0.289824 0.404322 0.00881425
0 0.329662 0.276208 0.534048 0.334062 0.00880812
0 0.540877 0.470906 0.894528 0.261635 0.00879234
0 0.82308 0.234669 0.35384 0.378077 0.00875303
0 0.948836 0.903591 0.102327 0.192819 0.0087525
0 0.0573548 0.385098 0.11471 0.268312 0.00875104
0 0.377682 0.522592 0.687969 0.378476 0.00870768
0 0.329958 0.90233 0.635031 0.19534 0.00869664
0 0.551097 0.903117 0.507051 0.193765 0.00868302
0 0.240035 0.480023 0.458763 0.380298 0.00868059
0 0.491583 0.311388 0.430985 0.33106 0.00865802
0 0.728929 0.835067 0.542142 0.329866 0.00864956
0 0.14915 0.0586471 0.197268 0.117294 0.00863784
0 0.996909 0.797402 0.00618162 0.405196 0.00862622
0 0.988049 0.739617 0.0239013 0.415172 0.00860354
0 0.236837 0.905097 0.473675 0.189806 0.00857749
0 0.149643 0.84553 0.299286 0.30894 0.00851397
0 0.736957 0.194552 0.389946 0.242858 0.00851324
0 0.251411 0.35189 0.36129 0.295603 0.00848015
0 0.544271 0.830106 0.59654 0.339788 0.00846893
0 0.912766 0.0984272 0.174467 0.196854 0.00845694
0 0.0836615 0.362561 0.167323 0.258993 0.00844417
0 0.0771138 0.488265 0.146759 0.237944 0.0084351
0 0.166023 0.357199 0.243162 0.2677 0.00841438
0 0.332239 0.282776 0.215246 0.24251 0.00841429
0 0.301805 0.243703 0.581701 0.437179 0.00841332
0 0.209969 0.890292 0.350836 0.219415 0.00840416
0 0.22838 0.150559 0.259452 0.227221 0.00838066
0 0.443336 0.258193 0.424657 0.357339 0.00836296
0 0.0418171 0.186589 0.0836343 0.373178 0.00835112
0 0.495985 0.501156 0.828571 0.402278 0.00834319
0 0.996781 0.622293 0.0064376 0.39476 0.00830411
0 0.427227 0.615328 0.854453 0.385111 0.00829624
0 0.750903 0.13034 0.442853 0.26068 0.00827469
0 0.115357 0.150476 0.230713 0.300953 0.00824946
0 0.450241 0.13175 0.338163 0.263501 0.00824742
0 0.445187 0.902114 0.555153 0.195772 0.0082118
0 0.647798 0.903134 0.704404 0.193731 0.00820716
0 0.469892 0.0658569 0.237412 0.131714 0.00820686
0 0.994832 0.188223 0.0103354 0.376447 0.00819483
0 0.808562 0.0986295 0.382877 0.197259 0.00816492
0 0.979751 0.843459 0.0404972 0.313082 0.00814713
0 0.500117 0.886617 0.259944 0.219794 0.00813462
0 0.0447961 0.543944 0.0895922 0.368959 0.00811385
0 0.177863 0.517365 0.355727 0.337956 0.00811006
0 0.61135 0.169401 0.292516 0.168368 0.00806819
0 0.788035 0.90275 0.42393 0.1945 0.008059
0 0.138757 0.431883 0.277513 0.345195 0.00801413
0 0.990749 0.322233 0.0185012 0.329473 0.0080029
0 0.902093 0.282217 0.195814 0.380854 0.00798912
0 0.680762 0.0671441 0.216846 0.134288 0.00797127
0 0.195186 0.319865 0.390372 0.332541 0.00795525
0 0.00161234 0.304042 0.00322468 0.409348 0.00794256
0 0.0454082 0.65199 0.0908164 0.381565 0.00792783
0 0.0399348 0.158232 0.0798696 0.316465 0.00791245
0 0.235419 0.422679 0.342781 0.350308 0.00787196
0 0.0774929 0.444838 0.150309 0.257099 0.00783864
0 0.266531 0.715976 0.533061 0.448196 0.007823
0 0.138444 0.828525 0.276887 0.342951 0.00782115
0 0.143629 0.606482 0.287257 0.413558 0.00781443
0 0.486514 0.525515 0.929448 0.282453 0.00780095
0 0.972211 0.0978171 0.055578 0.195634 0.00778189
0 0.996419 0.48415 0.00716276 0.352551 0.00776329
0 0.652819 0.493965 0.694363 0.316092 0.00775765
0 0.135144 0.208125 0.270288 0.365643 0.00775302
0 0.164075 0.892427 0.32815 0.215147 0.00775247
0 0.013492 0.389642 0.0269841 0.362394 0.00774708
0 0.00244358 0.220017 0.00488717 0.440034 0.00771434
0 0.188418 0.468617 0.342457 0.346639 0.00770098
0 0.0627285 0.691504 0.122254 0.237366 0.00769942
0 0.0616793 0.0726626 0.123359 0.145325 0.00765338
0 0.612735 0.283076 0.382971 0.422806 0.0076422
0 0.901609 0.199581 0.196783 0.399162 0.00762865
0 0.529449 0.26566 0.450903 0.388434 0.00762039
0 0.560746 0.757741 0.827663 0.484519 0.00761552
0 0.711313 0.17588 0.523587 0.291806 0.00757593
0 0.167753 0.144035 0.317104 0.28807 0.00756864
0 0.712663 0.145032 0.416093 0.210418 0.00756396
0 0.62541 0.113363 0.227523 0.226725 0.00755969
0 0.0537386 0.0980121 0.107477 0.196024 0.00752013
0 0.363237 0.0647103 0.229371 0.129421 0.00747574
0 0.54343 0.146979 0.258031 0.18762 0.00744913
0 0.298681 0.899533 0.597363 0.200934 0.00742447
0 0.126525 0.373028 0.25305 0.32324 0.00735907
0 0.589087 0.88534 0.318335 0.224544 0.00735404
0 0.770481 0.90737 0.459037 0.185259 0.00734543
0 0.995907 0.421776 0.00818624 0.322803 0.00732479
0 0.685963 0.55346 0.628075 0.3754 0.0073193
0 0.918152 0.0723591 0.163695 0.144718 0.00731518
0 0.637104 0.634022 0.725793 0.538265 0.0072552
0 0.107361 0.314816 0.214722 0.272932 0.00725029
0 0.293863 0.282789 0.19476 0.242031 0.00721489
0 0.0406177 0.3225 0.0812353 0.331013 0.00721402
0 0.490059 0.575714 0.882849 0.288579 0.00721382
0 0.208406 0.280116 0.20652 0.260989 0.00719601
0 0.552796 0.107145 0.218058 0.214289 0.00719254
0 0.131704 0.27061 0.263407 0.337814 0.00718134
0 0.057568 0.510321 0.106361 0.245851 0.00713954
0 0.750767 0.0679443 0.221947 0.135889 0.00713093
0 0.499821 0.855341 0.487335 0.289318 0.00711376
0 0.0420163 0.430173 0.0840326 0.338805 0.00710602
0 0.84649 0.110616 0.258685 0.221232 0.00708811
0 0.0743994 0.0898799 0.148799 0.17976 0.0070656
0 0.513987 0.280523 0.843247 0.419989 0.0070536
0 0.19141 0.652381 0.382821 0.420103 0.00703116
0 0.652604 0.216432 0.196851 0.269963 0.00702322
0 0.46003 0.172412 0.369885 0.290375 0.00698147
0 0.0633833 0.789243 0.122533 0.228908 0.00696123
0 0.0617716 0.645444 0.120467 0.237179 0.00692638
0 0.109438 0.904982 0.218876 0.190035 0.00691578
0 0.0374482 0.904892 0.0748964 0.190217 0.00690816
0 0.108399 0.492824 0.180103 0.240852 0.00690092
0 0.182337 0.364072 0.336887 0.316506 0.00689362
0 0 0.949689 0 0.100622 0.00688303
0 0.204581 0.908837 0.409161 0.182326 0.00688026
0 0.0607473 0.339893 0.121495 0.258848 0.00685621
0 0.983593 0.144085 0.0328133 0.288171 0.00683858
0 0.101715 0.889908 0.203429 0.220184 0.00680173
0 0.0928401 0.914878 0.18568 0.170244 0.00678162
0 1 0.0643622 0 0.128724 0.00677904
0 0.413473 0.898948 0.798616 0.202103 0.00676884
0 0.505929 0.674267 0.832706 0.391789 0.0067546
0 0.253954 0.282708 0.20692 0.24946 0.00675243
0 0.205986 0.522976 0.411972 0.35692 0.00674486
0 0 0.919999 0 0.160002 0.00671857
0 0.7781 0.319881 0.434294 0.311982 0.00671211
0 0 0.906699 0 0.186602 0.00670266
0 0.00130951 0.440306 0.00261902 0.366706 0.00667297
0 0.111147 0.134807 0.222294 0.269528 0.0066554
0 0.180253 0.267267 0.360505 0.470441 0.00662311
0 0.351356 0.8777 0.410548 0.235651 0.00658547
0 0.0635019 0.744599 0.12572 0.240275 0.00654363
0 0.0193297 0.169841 0.0386594 0.339683 0.0065215
0 0.886464 0.0708821 0.219723 0.141764 0.00646989
0 0.335075 0.149501 0.218873 0.238704 0.00645532
0 0.108958 0.445851 0.193896 0.262863 0.00639636
0 0.00237821 0.521958 0.00475642 0.34495 0.00637929
0 0.0948803 0.108854 0.189761 0.217708 0.00636307
0 0.925481 0.16206 0.149038 0.324121 0.00630173
0 0.388313 0.188112 0.476635 0.3569 0.00628816
0 0.610555 0.696286 0.778891 0.607429 0.00622465
0 0.00273152 0.62615 0.00546305 0.342023 0.00621657
0 0.759353 0.581126 0.481293 0.582941 0.00617924
0 0.822233 0.0671154 0.215431 0.134231 0.00602724
0 0 0.861723 0 0.203897 0.00598407
0 0.584089 0.521086 0.831823 0.285818 0.0059838
0 0.0764943 0.536543 0.144706 0.245935 0.00595911
0 0.933344 0.138425 0.133312 0.258168 0.00592837
0 0.453665 0.129259 0.247918 0.251012 0.00592394
0 0.0423859 0.0872984 0.0847718 0.174597 0.00590013
0 0.996684 0.688754 0.00663267 0.463705 0.00586974
0 0.00209389 0.854396 0.00418778 0.291209 0.00586039
0 0.231836 0.121393 0.242048 0.170784 0.0058365
0 0.0401486 0.693094 0.0802971 0.234515 0.00582026
0 0.174765 0.294731 0.22534 0.304059 0.00581498
0 0.231967 0.230076 0.401473 0.416113 0.00577996
0 0.0398451 0.64617 0.0796902 0.236889 0.00573726
0 0.816928 0.906247 0.366143 0.187506 0.00572309
0 0.575125 0.847132 0.835512 0.301241 0.00566186
0 0.0609225 0.571431 0.116313 0.242839 0.00561203
0 0 0.857459 0 0.228061 0.00557632
0 0 0.1795 0 0.287344 0.00552421
0 0.0428567 0.105503 0.0857134 0.211006 0.00546963
0 0.0768981 0.669232 0.14379 0.235091 0.00546579
0 0.636033 0.336773 0.210491 0.272737 0.00543235
0 0.104781 0.647774 0.182371 0.238848 0.00540969
0 0.676882 0.325185 0.209828 0.250391 0.00539737
0 0 0.813065 0 0.239843 0.00534165
0 0.0421868 0.767993 0.0843737 0.230471 0.00529237
0 0.106522 0.0669129 0.213045 0.133826 0.00524687
0 0.995814 0.118185 0.00837203 0.236369 0.00523661
0 0.00239091 0.819048 0.00478182 0.328371 0.00520577
0 0.944293 0.119133 0.111413 0.238267 0.00517288
0 0.0883465 0.173821 0.176693 0.29393 0.0051576
0 0.999752 0.848947 0.000496885 0.275157 0.00512123
0 0.164351 0.789728 0.218176 0.234515 0.00511002
0 0 0.822616 0 0.22999 0.00506404
0 0 0.961566 0 0.076868 0.00505226
0 0.873707 0.102226 0.252586 0.204451 0.00498554
0 0.650273 0.145815 0.188209 0.131863 0.695736
0 0.251264 0.113595 0.184959 0.142645 0.694858
0 1 0.0997867 0 0.199573 0.0180678
0 0.231217 0.100831 0.146986 0.112374 0.0164537
0 0.14164 0.453925 0.0626518 0.106796 0.0161512
0 0.647359 0.126118 0.167629 0.0979561 0.0149473
0 0.154819 0.479099 0.0559036 0.125474 0.0135067
0 0 0.076279 0 0.152558 0.0133225
0 0.138336 0.480013 0.0637409 0.134317 0.0113157
0 1 0.670528 0 0.28005 0.0110763
0 1 0.603117 0 0.261156 0.0108462
0 0.988649 0.577888 0.0227027 0.311628 0.0107625
0 0.11885 0.481977 0.0571936 0.144733 0.0107279
0 0.83496 0.60255 0.33008 0.338833 0.0102334
0 0.54394 0.72315 0.799691 0.452094 0.0101014
0 0.93928 0.745077 0.121441 0.286233 0.00995806
0 0 0.0894949 0 0.17899 0.00984267
0 1 0.0883009 0 0.176602 0.00983017
0 0.461192 0.706793 0.922384 0.394014 0.0098106
0 0.286951 0.445054 0.0667581 0.116374 0.00980699
0 0.216548 0.110616 0.122233 0.115999 0.0094097
0 0.736719 0.600864 0.526561 0.504928 0.00908093
0 0.257405 0.0989567 0.161671 0.112449 0.00899182
0 0 0.0721728 0 0.144346 0.0087822
0 0.444337 0.553743 0.419135 0.231773 0.00875131
0 0.527314 0.550264 0.422848 0.220747 0.00869194
0 0.386671 0.757224 0.773342 0.398237 0.00848521
0 0.274928 0.651576 0.0752831 0.116196 0.00847605
0 0.899481 0.626017 0.201039 0.283964 0.00846517
0 0.318038 0.178769 0.507533 0.297926 0.00842313
0 0.740371 0.631074 0.519258 0.286856 0.00837178
0 0.667399 0.546585 0.410662 0.227926 0.00836564
0 0.330686 0.56874 0.661371 0.304812 0.00828132
0 0.16621 0.475798 0.0680576 0.12022 0.00810359
0 0.240547 0.237793 0.481094 0.295335 0.00808898
0 0.540422 0.458925 0.0640829 0.084656 0.00803564
0 0.671109 0.708825 0.657781 0.4306 0.00801923
0 0.555204 0.603907 0.690038 0.234344 0.00799362
0 0.405952 0.613405 0.811903 0.238597 0.00787093
0 0.19555 0.161741 0.3911 0.272844 0.00777174
0 0.605533 0.221264 0.435637 0.259807 0.00777003
0 0.671825 0.605467 0.656351 0.354402 0.00775984
0 0.933176 0.571493 0.133649 0.400097 0.007705
0 0.367876 0.500115 0.735753 0.360963 0.0076501
0 0.395288 0.219512 0.472072 0.242629 0.00764421
0 0.505392 0.384491 0.0737965 0.112787 0.00762399
0 1 0.585455 0 0.320657 0.00762344
0 0.95889 0.894202 0.0822208 0.211596 0.0074516
0 0.937186 0.807321 0.125629 0.292002 0.00743671
0 0.290597 0.652665 0.0778423 0.124184 0.007426
0 0.178899 0.17758 0.357799 0.298088 0.00735309
0 0.117419 0.448642 0.0540882 0.130828 0.00732691
0 0.899253 0.783015 0.201495 0.248472 0.00722269
0 0.902106 0.168864 0.195788 0.250865 0.00722017
0 0.361121 0.560469 0.464716 0.237641 0.00720537
0 0.157252 0.457756 0.050105 0.0988319 0.00712276
0 0.618613 0.589066 0.762773 0.243812 0.00712035
0 0.682574 0.662566 0.634851 0.304977 0.00711908
0 1 0.628389 0 0.311669 0.00709746
0 0.174617 0.248521 0.349234 0.310605 0.00708727
0 0.257942 0.445812 0.0650381 0.108723 0.00703539
0 0.188494 0.0995558 0.376988 0.199112 0.00700336
0 0.627505 0.784255 0.0957811 0.110091 0.00699987
0 0.906052 0.221618 0.187896 0.244408 0.00699223
0 0.938122 0.923006 0.123756 0.153988 0.00695913
0 0.645511 0.102224 0.176275 0.116785 0.0069316
0 0.2599 0.656069 0.067967 0.121462 0.00681984
0 0.224717 0.73644 0.0584168 0.126184 0.0068149
0 0.280503 0.135601 0.507002 0.23367 0.00677459
0 0.679158 0.586176 0.629201 0.245015 0.00674144
0 0.897458 0.261962 0.205084 0.253603 0.00673471
0 0.488453 0.389167 0.0629547 0.128137 0.00672276
0 0.958379 0.842222 0.0832417 0.282215 0.00670674
0 0.888473 0.356638 0.223054 0.24662 0.00668048
0 0.240298 0.736081 0.0666839 0.128805 0.00667192
0 0.963216 0.54431 0.0735673 0.323653 0.00665163
0 0.893335 0.405305 0.213329 0.249258 0.00662961
0 0.157254 0.0997575 0.314508 0.199515 0.00662856
0 1 0.692401 0 0.326668 0.00659398
0 0.118202 0.509259 0.0572116 0.15209 0.00657697
0 0.9978 0.746202 0.00439937 0.31174 0.00656985
0 0.985314 0.0629449 0.0293724 0.12589 0.00654513
0 0.47066 0.44298 0.0591197 0.0985527 0.00652515
0 0.627592 0.045279 0.201009 0.0905581 0.00651339
0 0.58095 0.136235 0.402038 0.158147 0.00650493
0 0.882105 0.31091 0.235789 0.253051 0.00648926
0 0.288558 0.424575 0.0708363 0.11379 0.00646226
0 0.00947546 0.0599801 0.0189509 0.11996 0.00643242
0 0.321361 0.307002 0.462409 0.213314 0.00643168
0 0.641409 0.235471 0.419083 0.321858 0.00640889
0 0.671237 0.123156 0.440053 0.191334 0.00640743
0 0.507451 0.592873 0.707062 0.37674 0.00636524
0 0.623842 0.446007 0.0589651 0.105088 0.00632793
0 0.627189 0.558834 0.163005 0.0920612 0.00632675
0 0.524655 0.20867 0.451519 0.264264 0.0063137
0 0.467504 0.302753 0.469659 0.230497 0.0062892
0 0.277581 0.453086 0.0658041 0.132536 0.00627406
0 0.0124672 0.0971239 0.0249345 0.194248 0.0062695
0 0.433042 0.449448 0.0657507 0.107872 0.00626413
0 0.246393 0.307688 0.451529 0.227227 0.00624957
0 0.327145 0.607693 0.54603 0.214641 0.00620366
0 0.364392 0.685803 0.728783 0.316475 0.0062026
0 0.612035 0.300455 0.474755 0.280109 0.00618082
0 0.596248 0.085005 0.428298 0.17001 0.00617028
0 0.346138 0.739551 0.552687 0.316223 0.00616491
0 0.209706 0.735185 0.0664887 0.126684 0.00614324
0 0.241119 0.49763 0.063636 0.120579 0.00614026
0 0.494065 0.840042 0.100156 0.093803 0.00612586
0 0.933518 0.951067 0.132965 0.0978663 0.00611755
0 0.541921 0.302737 0.467542 0.252242 0.00606874
0 0.799318 0.718621 0.401363 0.234171 0.00605037
0 0.513738 0.499616 0.74193 0.361056 0.00604037
0 0.63064 0.135356 0.149221 0.111522 0.0060321
0 0 0.0645031 0 0.129006 0.00603086
0 0.24144 0.361487 0.078533 0.121457 0.00602863
0 0.960107 0.937284 0.0797867 0.125432 0.00602045
0 0.610943 0.451385 0.0625739 0.111528 0.00601931
0 0.168288 0.451508 0.0688704 0.106976 0.00599798
0 0.302799 0.0919831 0.439238 0.183966 0.00599373
0 0.448521 0.784415 0.524302 0.257087 0.00596057
0 0.53075 0.804612 0.531354 0.308734 0.00596029
0 0.637559 0.768547 0.67571 0.391175 0.00594941
0 0.914453 0.466818 0.171093 0.274648 0.00594549
0 0.184193 0.126039 0.368385 0.187134 0.00593759
0 0.580989 0.621201 0.838021 0.535988 0.00590516
0 0.727271 0.194995 0.545458 0.293797 0.00589824
0 0.485612 0.851735 0.0805708 0.122369 0.00583859
0 0.171215 0.852063 0.0612712 0.136969 0.00582272
0 0.200245 0.301992 0.40049 0.261708 0.00580724
0 0.43932 0.573604 0.582074 0.306858 0.00579501
0 0.255501 0.0273576 0.192383 0.0547151 0.0057696
0 0.252748 0.550952 0.505496 0.323017 0.00572267
0 0.171715 0.29868 0.34343 0.294503 0.00569915
0 0.52832 0.0788203 0.428764 0.157641 0.00569767
0 0.716438 0.117295 0.567123 0.23459 0.00566748
0 0.128337 0.0999976 0.256675 0.199995 0.00566486
0 0.670978 0.084652 0.438796 0.169304 0.00566072
0 0.259222 0.482507 0.0571078 0.130441 0.00565931
0 0.243572 0.446606 0.0677695 0.110908 0.00565101
0 0.685022 0.292108 0.495949 0.311086 0.00564527
0 0.452507 0.44926 0.0647411 0.112955 0.00561725
0 1 0.0688629 0 0.137726 0.0056146
0 0.113686 0.202323 0.227373 0.332375 0.00560825
0 0.313206 0.0966067 0.410652 0.18655 0.00560515
0 0.17791 0.575646 0.355821 0.258746 0.00559688
0 0.488214 0.378116 0.077879 0.100901 0.00558313
0 0.383217 0.080216 0.426021 0.160432 0.00557234
0 0.952006 0.0604755 0.0959887 0.120951 0.00548457
0 0.558314 0.460148 0.0682392 0.0836351 0.00548284
0 0.576289 0.46005 0.0607544 0.086132 0.00547747
0 0 0.937236 0 0.125528 0.00546262
0 0.494122 0.589932 0.274933 0.131385 0.00545604
0 0.489302 0.435503 0.0496826 0.0833266 0.00543116
0 0.755479 0.682936 0.489043 0.291241 0.00541924
0 0.309458 0.420514 0.0675295 0.127143 0.00540722
0 0.94356 0.124469 0.112879 0.248939 0.00540655
0 0.309378 0.650844 0.0714649 0.127165 0.00537861
0 0.379703 0.383824 0.0744247 0.125527 0.0053784
0 0.41573 0.449666 0.0653619 0.107398 0.00537034
0 0.13213 0.118985 0.264259 0.237969 0.00536221
0 0.520564 0.383096 0.0705419 0.112632 0.00535572
0 0.219748 0.101446 0.406545 0.169155 0.00534606
0 0.749262 0.738856 0.501476 0.307172 0.00530104
0 0 0.606226 0 0.26151 0.0052948
0 0.395836 0.107676 0.425489 0.215353 0.00527165
0 0.503903 0.450626 0.0623067 0.105711 0.00525824
0 0.916013 0.680399 0.167973 0.29835 0.00524781
0 0.356927 0.382772 0.0897289 0.117903 0.00523777
0 0.136832 0.508781 0.05987 0.152154 0.00522942
0 0.376668 0.129071 0.494326 0.242996 0.00517744
0 0.500765 0.851341 0.0755278 0.122376 0.00512445
0 0.734567 0.484823 0.0538089 0.112205 0.00509595
0 0.326921 0.384938 0.0786488 0.115521 0.0050876
0 0.186821 0.857091 0.0466443 0.147512 0.00504819
0 0.034366 0.0593638 0.068732 0.118728 0.00503629
0 0.664015 0.890135 0.650042 0.219729 0.00502997
0 0.606886 0.524238 0.710932 0.398101 0.00502955
0 0.313561 0.435482 0.0526641 0.125674 0.00502854
0 0 0.949612 0 0.100776 0.00499366
0 0.716966 0.501128 0.0645039 0.12115 0.00499212
0 0.525384 0.11061 0.424637 0.221219 0.00495397
0 0.377628 0.449648 0.0607104 0.101551 0.00493076
0 0.239188 0.573747 0.470553 0.250896 0.00492169
0 0.081088 0.253564 0.162176 0.339623 0.00488944
0 0.745678 0.0864223 0.472755 0.172845 0.0048813
0 0.118014 0.302901 0.236028 0.329834 0.00485011
0 0.258022 0.363775 0.0701857 0.124422 0.00483167
0 0.0775199 0.154451 0.15504 0.308902 0.00479396
0 0.286123 0.639242 0.102597 0.100935 0.00477694
0 0.752996 0.914627 0.0630835 0.123929 0.00476064
0 0.572978 0.559144 0.251861 0.100497 0.00474978
0 0.39729 0.855503 0.0551937 0.145815 0.0047324
0 1 0.0686153 0 0.137231 0.00472888
0 0.151042 0.351006 0.302083 0.315492 0.00471744
0 0.950753 0.941534 0.0984943 0.116932 0.00469885
0 0.629682 0.796181 0.0757684 0.121285 0.00468224
0 0.468452 0.852924 0.0735549 0.129669 0.00467931
0 0.137273 0.151315 0.274546 0.300733 0.00467624
0 0.889082 0.057908 0.221836 0.115816 0.00466603
0 0.896169 0.891751 0.207662 0.216499 0.00465803
0 0.103548 0.483618 0.0644633 0.151606 0.00465333
0 0.522856 0.88424 0.0615674 0.14753 0.00464131
0 0.515353 0.443713 0.06891 0.0946311 0.00464116
0 0.645674 0.386194 0.0716058 0.109939 0.00462412
0 0.381855 0.868615 0.0595432 0.130127 0.00461935
0 0.592762 0.473307 0.069696 0.112035 0.00461425
0 0.921389 0.0597764 0.157221 0.119553 0.00460803
0 0.93084 0.506079 0.138321 0.354624 0.00459862
0 0.828208 0.0568094 0.228668 0.113619 0.00459412
0 0.470183 0.383686 0.0788182 0.114733 0.00459105
0 0.414088 0.474414 0.0630802 0.0870844 0.00457627
0 0.651324 0.432554 0.0547963 0.0952507 0.00455245
0 0.523699 0.451588 0.0790827 0.101836 0.00454932
0 0.555657 0.445212 0.0576153 0.0946779 0.004541
0 1 0.085474 0 0.170948 0.00453429
0 0.557921 0.886798 0.0612609 0.131335 0.00452592
0 0.470545 0.364711 0.0813343 0.106523 0.00451533
0 0.682837 0.0462025 0.224836 0.092405 0.00449702
0 0.150139 0.49366 0.0502592 0.144288 0.00449328
0 0.555489 0.907574 0.0551707 0.107458 0.00448004
0 0.217411 0.630256 0.434821 0.283823 0.00447741
0 0.649084 0.785276 0.0686397 0.113197 0.00447593
0 0.64324 0.552545 0.71352 0.442134 0.00446533
0 0.964873 0.05393 0.0702535 0.10786 0.00445535
0 0.224441 0.362848 0.0782937 0.125644 0.00445131
0 0.397021 0.372571 0.0697075 0.118864 0.00444364
0 0.494791 0.57032 0.254886 0.0964296 0.00442143
0 0.57458 0.887743 0.0653393 0.124713 0.00441999
0 0.519037 0.85127 0.0777193 0.126337 0.00439655
0 0.415346 0.363124 0.0718693 0.107702 0.00439339
0 0.17702 0.352806 0.35404 0.296602 0.00438689
0 0.332737 0.72283 0.0624282 0.109086 0.00438364
0 0.718113 0.534661 0.563774 0.413309 0.00435495
0 0.717769 0.477632 0.0624659 0.11075 0.00435321
0 0.756298 0.0526752 0.219747 0.10535 0.0043527
0 0.767934 0.889359 0.464133 0.221282 0.00430025
0 0.270581 0.4841 0.0561052 0.122652 0.00429656
0 0.856744 0.790712 0.286512 0.277989 0.00429459
0 0.319867 0.36149 0.461976 0.271485 0.00429305
0 0.535263 0.380255 0.0777314 0.110956 0.00428845
0 0.138747 0.435527 0.057135 0.105626 0.00428695
0 0.364812 0.868399 0.06122 0.120355 0.0042755
0 0.305635 0.38542 0.0943121 0.117318 0.00426709
0 0.432237 0.887324 0.0534859 0.137057 0.00426509
0 0.650485 0.447724 0.0502638 0.109591 0.00425261
0 0.502473 0.847496 0.0566812 0.144051 0.00424729
0 0.661573 0.384645 0.0637707 0.112011 0.00424469
0 0.432517 0.363403 0.0779544 0.106545 0.00424391
0 0.979121 0.954522 0.0417588 0.0909567 0.00424277
0 0.453217 0.364363 0.0906247 0.10626 0.0042151
0 0.396999 0.387067 0.0591216 0.131868 0.00420936
0 0.537213 0.885083 0.0545549 0.132195 0.00418426
0 0.925974 0.961243 0.148052 0.0775134 0.00417696
0 0.117288 0.422816 0.0555745 0.145617 0.00416436
0 0.65125 0.799931 0.0595087 0.121582 0.00414685
0 0.929299 0.937494 0.141403 0.125012 0.00414248
0 0.720611 0.0486771 0.220384 0.0973541 0.00412863
0 0.568499 0.0488274 0.168807 0.0976549 0.00412309
0 0.149607 0.62922 0.299213 0.297636 0.00411309
0 0.258418 0.735433 0.0631995 0.138908 0.00411203
0 0.486419 0.404741 0.0476772 0.123531 0.0041001
0 0.451889 0.853666 0.0681811 0.151511 0.00409924
0 0.489111 0.851609 0.0647006 0.156235 0.00409782
0 0.221877 0.447509 0.0862184 0.1142 0.00409727
0 0.610745 0.476204 0.068402 0.107284 0.00409125
0 0.585827 0.456286 0.0589242 0.0951892 0.0040824
0 0.54088 0.895116 0.6047 0.209767 0.00408045
0 0.46181 0.106802 0.429231 0.213603 0.00407912
0 0.741002 0.114883 0.517996 0.229766 0.00405739
0 0.513665 0.83656 0.092963 0.103476 0.00404591
0 0.537359 0.463167 0.0861866 0.0914598 0.00404148
0 0.550316 0.386588 0.497087 0.291434 0.00403255
0 0.519175 0.948355 0.279242 0.103289 0.00403108
0 0.862728 0.468002 0.274544 0.363454 0.0040289
0 0.472129 0.837239 0.0958244 0.1083 0.0040274
0 0.201809 0.8571 0.0520349 0.135336 0.00402711
0 0.470209 0.407253 0.0576691 0.130904 0.00402663
0 0.345979 0.871233 0.0639971 0.126018 0.00402362
0 0.201845 0.892278 0.0528021 0.151698 0.00402323
0 0.0448999 0.199615 0.0897997 0.335319 0.00400789
0 1 0.901996 0 0.196008 0.00400371
0 0.653703 0.946518 0.302035 0.106963 0.00399241
0 0.624439 0.042263 0.130354 0.084526 0.00398734
0 0.0833321 0.353518 0.166664 0.339824 0.00398641
0 0.558707 0.473561 0.081706 0.114558 0.00398232
0 0.681093 0.366038 0.0620283 0.104706 0.00396969
0 0.837457 0.125896 0.0539884 0.0875275 0.00396775
0 0.0260173 0.589997 0.0520346 0.239449 0.00396337
0 0.629278 0.386169 0.0786611 0.108892 0.0039557
0 0.826081 0.911371 0.347837 0.177259 0.00393529
0 0.427926 0.0513315 0.150875 0.102663 0.00392329
0 0.485699 0.467511 0.590187 0.304542 0.00390206
0 0.906957 0.947694 0.186086 0.104613 0.00389867
0 0.734123 0.49824 0.0444667 0.1165 0.00389542
0 0.400168 0.388761 0.511841 0.291607 0.00388627
0 0.775225 0.901724 0.423502 0.196553 0.00388197
0 0.590666 0.363511 0.0819293 0.103183 0.00387164
0 0.208564 0.767958 0.0650533 0.161626 0.0038711
0 0.154692 0.444628 0.044559 0.101011 0.00386967
0 0.769206 0.286548 0.461589 0.316133 0.0038674
0 0.651654 0.146132 0.191305 0.139425 0.945907
0 0.255054 0.114672 0.187622 0.145654 0.934988
0 0.00229893 0.0565182 0.00459785 0.113036 0.0203299
0 1 0.292659 0 0.292054 0.0177755
0 1 0.342825 0 0.29231 0.0175273
0 1 0.417766 0 0.292423 0.0174479
0 1 0.242898 0 0.291816 0.0171088
0 1 0.193487 0 0.293149 0.0163729
0 1 0.492731 0 0.292628 0.0158584
0 1 0.886287 0 0.227427 0.0148905
0 1 0.910232 0 0.179535 0.0140141
0 1 0.542525 0 0.292718 0.0127905
0 1 0.14604 0 0.29208 0.0113577
0 1 0.859776 0 0.280447 0.0111487
0 1 0.591933 0 0.291932 0.0111305
0 1 0.667121 0 0.292529 0.0106838
0 1 0.741337 0 0.291188 0.0104629
0 1 0.817258 0 0.293944 0.0101482
0 1 0.926921 0 0.146159 0.00989733
0 1 0.102825 0 0.20565 0.00977592
0 0.990393 0.605204 0.0192132 0.319053 0.0081354
0 0.996264 0.653072 0.00747116 0.340553 0.00789189
0 0.0154084 0.171938 0.0308168 0.326053 0.00783135
0 0.982009 0.55912 0.0359821 0.304222 0.00779455
0 0.93473 0.403825 0.130539 0.231619 0.00777326
0 0.940141 0.453372 0.119717 0.242079 0.00776179
0 0.0631292 0.331477 0.126258 0.397687 0.00761206
0 0.998562 0.710703 0.00287564 0.388784 0.007609
0 0.941044 0.515483 0.117911 0.294108 0.00756587
0 0.933777 0.354184 0.132445 0.229275 0.00755312
0 0.308939 0.250437 0.617878 0.472846 0.00754048
0 0.00149149 0.911673 0.00298298 0.176654 0.00753982
0 0.0652031 0.271332 0.130406 0.252369 0.00752049
0 0.936842 0.304367 0.126316 0.225424 0.00751657
0 0.348461 0.101443 0.431956 0.180566 0.00751018
0 0.0406478 0.276854 0.0812955 0.377551 0.00750521
0 0.0238654 0.225175 0.0477307 0.35768 0.00748389
0 0.970259 0.447203 0.0594816 0.218267 0.00740542
0 0.93946 0.256274 0.121081 0.230248 0.00740483
0 0.251841 0.931107 0.303749 0.137786 0.0073708
0 0.750757 0.935075 0.29767 0.12985 0.00736463
0 0.0857066 0.393784 0.171413 0.431067 0.00734021
0 0.362189 0.144806 0.490138 0.259436 0.00733038
0 0.933276 0.111585 0.133447 0.223171 0.00730425
0 0.250636 0.368301 0.501271 0.317039 0.00730047
0 0.940919 0.2063 0.118163 0.23789 0.00729219
0 0.165751 0.938315 0.289852 0.12337 0.00728195
0 0.935246 0.15086 0.129507 0.231114 0.00726509
0 0.96893 0.39869 0.06214 0.208301 0.00725835
0 0.962688 0.153899 0.0746248 0.174596 0.00721533
0 0.965516 0.20531 0.0689685 0.194973 0.0071575
0 0.127574 0.584417 0.255148 0.24583 0.00715691
0 0.871151 0.409891 0.257699 0.223265 0.00715049
0 0.968428 0.349277 0.0631436 0.207184 0.00714399
0 0.968183 0.252558 0.0636347 0.196964 0.0071319
0 0.0707717 0.30705 0.141543 0.243718 0.00711528
0 0.0609535 0.21887 0.121907 0.278579 0.00711454
0 0.665973 0.936143 0.289623 0.127714 0.00709255
0 0.968845 0.299675 0.0623098 0.203478 0.00705717
0 0.106831 0.371475 0.213662 0.252864 0.00705415
0 0.869371 0.455907 0.261258 0.229598 0.00700906
0 0.103905 0.4673 0.207809 0.483597 0.00700603
0 0.873972 0.310549 0.252056 0.205225 0.00699785
0 0.104687 0.0971723 0.209375 0.194345 0.00697288
0 0.414788 0.343721 0.766797 0.433905 0.00696382
0 0.997033 0.782264 0.00593412 0.335484 0.00692762
0 0.555309 0.108822 0.447944 0.217644 0.00692748
0 0.87977 0.156582 0.240461 0.222786 0.00691896
0 0.0863916 0.338311 0.172783 0.251101 0.00690857
0 0.869173 0.360133 0.261654 0.219527 0.00690666
0 0.87523 0.26188 0.24954 0.217668 0.0068618
0 0.178601 0.811841 0.357202 0.376318 0.00685993
0 0.133215 0.617726 0.26643 0.229853 0.0068589
0 0.863029 0.518574 0.273942 0.296376 0.00683774
0 0.876705 0.210064 0.246589 0.230417 0.00678517
0 0.716102 0.0799652 0.397274 0.15993 0.00677951
0 0.474873 0.928669 0.268923 0.142663 0.0067756
0 0.127249 0.413583 0.254498 0.254141 0.00676657
0 0.320184 0.929067 0.294998 0.141866 0.00675374
0 0.410356 0.926771 0.291227 0.146458 0.00674772
0 0.21394 0.308196 0.427879 0.283065 0.00674357
0 1 0.502426 0 0.258059 0.00672196
0 0.152833 0.478501 0.305665 0.287151 0.00671394
0 0.454095 0.107973 0.516353 0.215947 0.00667546
0 0.598193 0.936163 0.281737 0.127674 0.00663108
0 0.87867 0.111775 0.242661 0.22355 0.00661448
0 0.435877 0.898211 0.373785 0.203578 0.00659991
0 0.0525321 0.167447 0.105064 0.260804 0.00659541
0 0.265887 0.153326 0.277049 0.263867 0.00655461
0 1 0.926755 0 0.14649 0.00655442
0 0.87068 0.57096 0.258639 0.34335 0.00654975
0 0.652307 0.0810857 0.372727 0.162171 0.00654443
0 0.855219 0.761308 0.289563 0.400803 0.00652139
0 0.120034 0.54127 0.240069 0.553532 0.00650764
0 0.171088 0.546093 0.342176 0.327529 0.00650645
0 1 0.844757 0 0.310486 0.00646578
0 0.456347 0.109815 0.363842 0.21963 0.00645282
0 0.525426 0.933174 0.258841 0.133652 0.00644487
0 1 0.971134 0 0.0577329 0.00643468
0 0.240287 0.123407 0.260527 0.160902 0.00642667
0 0.991697 0.0660283 0.0166061 0.132057 0.00641671
0 0.382899 0.886444 0.415454 0.227112 0.00639055
0 0.11603 0.534436 0.232059 0.242691 0.00638181
0 0.181764 0.620486 0.363528 0.3752 0.00637456
0 0.125572 0.747838 0.251144 0.289071 0.00636236
0 0.0430317 0.0750948 0.0860633 0.15019 0.00634329
0 0.554215 0.0932425 0.446542 0.186485 0.00633405
0 0.107991 0.493576 0.215981 0.237689 0.00629928
0 0.308031 0.875161 0.439044 0.249679 0.00629642
0 0.214176 0.239105 0.428353 0.414978 0.00625996
0 0.150883 0.382616 0.301767 0.239394 0.0062468
0 0.184778 0.741211 0.369557 0.425072 0.00623333
0 0.149461 0.655619 0.298922 0.688763 0.00623002
0 0.129332 0.685778 0.258664 0.267373 0.00622875
0 0.837935 0.934058 0.297984 0.131885 0.00622644
0 0 0.0747393 0 0.149479 0.00620224
0 0.0810014 0.933669 0.162003 0.132661 0.00617817
0 0.893151 0.0793139 0.213698 0.158628 0.00616975
0 0.13018 0.258967 0.260361 0.285647 0.00615492
0 0.955311 0.839211 0.0893775 0.321579 0.00614946
0 0.00540527 0.08687 0.0108105 0.17374 0.00610034
0 0.167386 0.629393 0.334771 0.228243 0.00608949
0 0.953883 0.0773054 0.0922333 0.154611 0.00608352
0 0.366267 0.295482 0.732534 0.399915 0.00605462
0 0.0954042 0.0818107 0.190808 0.163621 0.0060489
0 0.397727 0.265507 0.795454 0.531014 0.00604336
0 0.851208 0.837186 0.297583 0.325627 0.00602658
0 0.865947 0.658702 0.268106 0.339027 0.00601122
0 0.504621 0.309509 0.904147 0.509736 0.00599441
0 0.800416 0.0821435 0.384933 0.164287 0.00597947
0 0.0865362 0.322412 0.173072 0.21559 0.00590416
0 0.0375195 0.115529 0.075039 0.231058 0.00588651
0 0.152187 0.724979 0.304373 0.550042 0.00586654
0 0.0739465 0.874061 0.147893 0.251879 0.00585514
0 0.126619 0.858418 0.253238 0.283165 0.00585336
0 0.992409 0.0981718 0.0151822 0.196344 0.00584238
0 0.276589 0.109983 0.276971 0.153891 0.00583401
0 0.882196 0.885382 0.235607 0.229236 0.0058143
0 0.0968901 0.446441 0.19378 0.217016 0.00576762
0 0.754234 0.871712 0.491532 0.256575 0.00576404
0 0 0.121214 0 0.242427 0.00575388
0 0.392656 0.204782 0.601899 0.397817 0.00575107
0 0.854963 0.0752088 0.290074 0.150418 0.00568637
0 0.845042 0.0878579 0.309915 0.175716 0.00568093
0 0.674658 0.877739 0.465363 0.244522 0.00566684
0 0.127852 0.553767 0.255704 0.238866 0.00566629
0 0.19506 0.233482 0.39012 0.466965 0.00565585
0 0.182229 0.143706 0.364458 0.237192 0.00565189
0 0.126573 0.314757 0.253146 0.23839 0.00562975
0 0.14399 0.135318 0.28798 0.267674 0.00558784
0 0.0801567 0.369718 0.160313 0.207915 0.00558545
0 0.837818 0.416856 0.324363 0.222975 0.0055526
0 0.277946 0.239271 0.314808 0.465034 0.00554868
0 0.0827974 0.906005 0.165595 0.187991 0.00554376
0 0.831089 0.368357 0.336814 0.22205 0.00553207
0 0.017905 0.364554 0.0358099 0.497264 0.00551954
0 0.400455 0.399958 0.531483 0.310344 0.00549097
0 0.290915 0.411915 0.411599 0.254194 0.00546004
0 0.881352 0.933029 0.237297 0.133943 0.00540863
0 0.107262 0.936547 0.214524 0.126905 0.00539279
0 0.152711 0.524172 0.305421 0.233275 0.00538986
0 0.625082 0.308257 0.538929 0.353306 0.00538582
0 0.96579 0.901944 0.0684193 0.196112 0.00537271
0 0.596052 0.283121 0.309352 0.431182 0.0053725
0 0.157099 0.192167 0.314198 0.35117 0.00536717
0 0.119519 0.459403 0.239038 0.219556 0.00535269
0 0.123457 0.514271 0.246915 0.235163 0.00534607
0 0.126864 0.792506 0.253727 0.275135 0.00534484
0 0.193983 0.421825 0.348716 0.217594 0.00534482
0 0.817799 0.619676 0.364403 0.34256 0.00534327
0 0.235705 0.878201 0.423032 0.243598 0.00532726
0 0.150036 0.470525 0.300071 0.217775 0.00532257
0 0.622588 0.110722 0.315641 0.221444 0.00531954
0 0.137727 0.772897 0.275454 0.287916 0.00528251
0 0.373424 0.0899126 0.470149 0.179825 0.0052794
0 0.677615 0.106282 0.332279 0.212564 0.00526154
0 0.0322089 0.470711 0.0644178 0.58964 0.00523615
0 0.073272 0.971153 0.146544 0.0576937 0.00523602
0 0.935042 0.968012 0.129915 0.0639769 0.00522853
0 0.0861984 0.410472 0.172397 0.209179 0.00521787
0 0.833001 0.880339 0.333999 0.239322 0.0052169
0 0.0237126 0.971445 0.0474252 0.0571108 0.00521259
0 0.835018 0.458729 0.329965 0.212956 0.00519305
0 0.630306 0.531525 0.370123 0.269883 0.00518946
0 0.137708 0.711079 0.275416 0.260791 0.00517192
0 0.154721 0.86072 0.309441 0.27856 0.00516551
0 0.825236 0.569325 0.349528 0.322436 0.00515659
0 0.823451 0.522812 0.353098 0.284507 0.00515179
0 0.770211 0.375315 0.334394 0.216661 0.00513971
0 0.573869 0.890072 0.396893 0.219857 0.00513419
0 0.0172308 0.810841 0.0344617 0.378318 0.00512651
0 0.83593 0.315486 0.32814 0.193253 0.00512014
0 0.704755 0.526488 0.378861 0.278247 0.00511751
0 0.656658 0.61114 0.459046 0.333085 0.00511523
0 0.12839 0.668622 0.25678 0.278296 0.00507127
0 0.112492 0.377011 0.224983 0.218431 0.00506794
0 0.683429 0.719995 0.5148 0.388842 0.00506659
0 0.763379 0.0980389 0.404071 0.196078 0.00505714
0 0.013773 0.957302 0.0275461 0.0853956 0.0050461
0 0.838705 0.112996 0.322591 0.225993 0.00501035
0 0.841595 0.160187 0.31681 0.225245 0.0049913
0 0.163065 0.676934 0.326131 0.29424 0.00498931
0 0.676375 0.146529 0.273919 0.152255 0.00497878
0 0.781357 0.421805 0.332887 0.216094 0.00497336
0 0.16056 0.562585 0.32112 0.230638 0.00496395
0 0.734938 0.669909 0.468646 0.333447 0.00496132
0 0.202009 0.530408 0.337539 0.232413 0.00495709
0 0.145276 0.422127 0.290552 0.207056 0.00494855
0 0.559075 0.349067 0.704794 0.412794 0.00494617
0 0.00136897 0.0374793 0.00273794 0.0749585 0.00493343
0 0.396085 0.767973 0.533886 0.410589 0.0048435
0 0.106617 0.972482 0.213235 0.0550367 0.00479078
0 0.10878 0.903024 0.21756 0.193951 0.00478329
0 0.0826008 0.832725 0.165202 0.33455 0.00478029
0 0.738173 0.824311 0.523654 0.351378 0.00476335
0 0.734973 0.973576 0.340684 0.0528486 0.00475613
0 0.779953 0.720095 0.440094 0.372627 0.00475086
0 0.784309 0.460004 0.351362 0.201704 0.00474286
0 0.650666 0.322428 0.39099 0.259759 0.00473684
0 0.197776 0.477366 0.348956 0.214108 0.00472745
0 0.208625 0.631506 0.367526 0.225181 0.004725
0 0.52449 0.612588 0.486696 0.333361 0.00472209
0 0.921965 0.934574 0.156071 0.130851 0.00470141
0 0.276857 0.476399 0.35081 0.211188 0.00468907
0 0.812909 0.972271 0.339276 0.0554573 0.00468218
0 0.837469 0.213703 0.325063 0.230632 0.00467798
0 0.458181 0.720205 0.503112 0.369543 0.00467431
0 0.601305 0.669662 0.485261 0.355075 0.00467004
0 0.225098 0.848036 0.450196 0.303928 0.00466964
0 0.619702 0.845721 0.550085 0.308557 0.00466892
0 0.161561 0.973514 0.323122 0.0529713 0.00466638
0 0.180126 0.780086 0.360252 0.332838 0.00465756
0 0.836686 0.266909 0.326628 0.209388 0.00465597
0 0.88334 0.969879 0.233321 0.0602417 0.00465462
0 0.114058 0.419062 0.228115 0.206107 0.00465239
0 0.717734 0.805792 0.564533 0.376234 0.00465168
0 0.163461 0.892273 0.326921 0.215455 0.00465103
0 0.0318905 0.925518 0.063781 0.148964 0.00463945
0 0.711246 0.463417 0.348412 0.209412 0.00462905
0 0.559865 0.530417 0.377529 0.276823 0.00461784
0 0.582497 0.37277 0.474862 0.303476 0.00461379
0 0.519426 0.859012 0.484805 0.281976 0.0046121
0 0.272881 0.530884 0.325989 0.234967 0.00459738
0 0.0478781 0.752685 0.0957562 0.49463 0.0045832
0 0.210467 0.680724 0.387476 0.30262 0.00458251
0 0.583834 0.286099 0.505628 0.473373 0.00457851
0 0.146802 0.815168 0.293604 0.288232 0.00454702
0 0.279325 0.681728 0.376587 0.283603 0.00454434
0 0.815883 0.717424 0.368234 0.362821 0.00453622
0 0.745723 0.122433 0.380125 0.197664 0.00451667
0 0.659089 0.974407 0.337909 0.0511862 0.00449343
0 0.301485 0.724519 0.452573 0.344084 0.00448319
0 0.621899 0.767107 0.541312 0.410904 0.00446573
0 0.343207 0.472145 0.378788 0.212294 0.00445725
0 0.442293 0.670517 0.460465 0.323078 0.00444918
0 0.783693 0.61528 0.432615 0.324387 0.00440807
0 0.353487 0.675154 0.414398 0.287748 0.00439373
0 0.52181 0.972774 0.326456 0.0544527 0.00438348
0 0.354414 0.829916 0.605046 0.340167 0.00437764
0 0.483615 0.528766 0.391242 0.273423 0.00437423
0 0.724358 0.566455 0.404037 0.287817 0.00435561
0 0.776422 0.764356 0.447155 0.420232 0.00434706
0 0.315255 0.973467 0.352009 0.0530666 0.00433879
0 0.245453 0.97333 0.352917 0.0533391 0.0043371
0 0.583037 0.56968 0.418623 0.30113 0.00433604
0 0.638989 0.125161 0.217529 0.205018 0.00430135
0 0.517648 0.409948 0.465684 0.274146 0.00428782
0 0.423292 0.470091 0.385281 0.214452 0.00426518
0 0.591331 0.973786 0.336681 0.0524286 0.00426064
0 0.572323 0.418629 0.370502 0.234043 0.00425945
0 0.462294 0.972364 0.343826 0.0552726 0.00425915
0 0.774027 0.319234 0.327534 0.188758 0.0042566
0 0.078876 0.424712 0.157752 0.577437 0.00425193
0 0.79294 0.565109 0.405341 0.298478 0.00424874
0 0.708646 0.422782 0.327715 0.213577 0.00423581
0 0.218409 0.569143 0.330868 0.217164 0.00423445
0 0.166621 0.0946133 0.292775 0.189227 0.00422659
0 0.700547 0.380408 0.33236 0.21649 0.00421268
0 0.33282 0.532808 0.352745 0.248401 0.00420155
0 0.392877 0.972826 0.361754 0.0543473 0.00420118
0 0.509508 0.569482 0.426336 0.303404 0.00419929
0 0.633894 0.383172 0.361368 0.231208 0.00416817
0 0.636908 0.465878 0.341983 0.207627 0.00415813
0 0.439588 0.615458 0.454553 0.307592 0.00415145
0 0.408858 0.533259 0.362953 0.25499 0.00411332
0 0.24939 0.772762 0.492979 0.388618 0.0041081
0 0.204716 0.820083 0.409432 0.331713 0.00410064
0 0.494673 0.465631 0.397927 0.220198 0.00409599
0 0.477634 0.802491 0.532849 0.337764 0.0040885
0 0.854384 0.970172 0.291231 0.059656 0.00408083
0 0.290201 0.0910189 0.330781 0.182038 0.00406003
0 0.638832 0.423173 0.33394 0.211863 0.00404871
0 0.458969 0.146035 0.366908 0.185536 0.00402307
0 0.189256 0.107126 0.292391 0.166797 0.00401228
0 0.27762 0.628996 0.344673 0.223854 0.00398487
0 0.345766 0.624644 0.395835 0.259922 0.00396185
0 0.282109 0.5716 0.327092 0.219967 0.00391
0 0.769984 0.272694 0.333524 0.214177 0.00386954
0 0.24847 0.0987707 0.237741 0.197541 0.00375204
0 0.708649 0.323603 0.340924 0.20378 0.0037467
0 0.651852 0.148956 0.193534 0.137907 0.99233
0 0.256571 0.117144 0.191499 0.141637 0.990914
0 0.998768 0.0965564 0.00246399 0.193113 0.0484186
0 0.997924 0.898364 0.00415281 0.203272 0.00915144
0 0.998393 0.0457001 0.00321456 0.0914003 0.00894531
0 0.00160686 0.0770847 0.00321372 0.154169 0.00864285
0 0.141217 0.106485 0.282435 0.212971 0.00770504
0 0.992408 0.119658 0.0151835 0.239316 0.00703114
0 0.846335 0.853218 0.284198 0.164751 0.00691926
0 0.153099 0.551983 0.294995 0.163348 0.0066378
0 0.788324 0.842239 0.260583 0.168259 0.0064967
0 0.552019 0.912922 0.595833 0.174156 0.00632836
0 0.149177 0.170313 0.298354 0.340627 0.0063263
0 0.837648 0.304815 0.324704 0.268768 0.00631261
0 0.719566 0.795281 0.307513 0.167678 0.00631247
0 0.8437 0.552246 0.312599 0.564077 0.00628783
0 0.791262 0.213876 0.417477 0.350227 0.00618546
0 0.680418 0.755576 0.277891 0.153638 0.00617933
0 0.499551 0.862608 0.257682 0.111784 0.00615778
0 0.590489 0.109084 0.418983 0.218168 0.0061133
0 0.587628 0.212444 0.354415 0.336133 0.0061108
0 0.671732 0.709386 0.308492 0.200838 0.0060633
0 0.802981 0.729063 0.394038 0.541874 0.00605454
0 0.355805 0.0984724 0.386581 0.173734 0.00605201
0 0.428491 0.92391 0.512537 0.15218 0.00601919
0 0.689787 0.838926 0.289826 0.185219 0.00601443
0 0.359327 0.166489 0.42721 0.224805 0.00600673
0 0.740716 0.248518 0.518568 0.437361 0.00598948
0 0.820871 0.659642 0.358257 0.608992 0.00592279
0 0.148231 0.614263 0.286425 0.197206 0.00590688
0 0.465513 0.109518 0.323008 0.219037 0.00576458
0 0.474587 0.10561 0.445806 0.211219 0.00575008
0 0.832043 0.14 0.335914 0.189189 0.00574699
0 0.623545 0.698418 0.427714 0.239023 0.00566499
0 0.70649 0.883201 0.373884 0.223775 0.00564601
0 0.410175 0.227247 0.338389 0.230349 0.00563195
0 0.289668 0.553689 0.238291 0.172573 0.00563123
0 0.694964 0.942541 0.426185 0.114918 0.00561514
0 0.656019 0.200471 0.264525 0.3097 0.00555116
0 0.353359 0.943535 0.441281 0.11293 0.00555009
0 0.126632 0.525539 0.247188 0.225968 0.00554365
0 0.8203 0.817058 0.30001 0.189487 0.00552629
0 0.701501 0.218999 0.364614 0.352158 0.00551777
0 0.269389 0.531728 0.26234 0.176692 0.00548239
0 0.699097 0.295716 0.577739 0.433558 0.00546586
0 0.151291 0.692349 0.291989 0.225708 0.00543125
0 0.457859 0.256496 0.297559 0.199867 0.00541465
0 0.153788 0.233981 0.307575 0.28289 0.00534833
0 0.835527 0.890813 0.30414 0.184267 0.00534318
0 0.859789 0.805042 0.280423 0.242749 0.00529002
0 0.560495 0.661951 0.712764 0.352395 0.00526157
0 0.861504 0.450624 0.276991 0.552422 0.00524199
0 0.866354 0.0860358 0.267293 0.172072 0.00521614
0 0.00074127 0.0394603 0.00148254 0.0789205 0.00520794
0 0.651331 0.096424 0.3852 0.192848 0.0051902
0 0.358614 0.257574 0.320992 0.203972 0.00514708
0 0.147413 0.35092 0.294827 0.319778 0.00514346
0 0.276546 0.108324 0.2692 0.15696 0.00513671
0 0.690615 0.142668 0.276615 0.155735 0.00513474
0 0.840273 0.943076 0.306837 0.113848 0.0050948
0 0.790461 0.0879616 0.372065 0.175923 0.00509269
0 0.626737 0.844148 0.367987 0.237307 0.00509178
0 0.272833 0.638445 0.119578 0.0916517 0.00508697
0 0.714343 0.745582 0.291188 0.153235 0.00507818
0 0.333806 0.537103 0.304333 0.197516 0.00506672
0 0.393867 0.0863081 0.385255 0.172616 0.00505827
0 0.704704 0.0897685 0.380208 0.179537 0.0050438
0 0.685092 0.26593 0.374063 0.488784 0.00504132
0 0.51984 0.320318 0.430784 0.300356 0.00504019
0 0.247316 0.0972362 0.23255 0.194472 0.00498981
0 0.15038 0.77996 0.289901 0.19259 0.00498916
0 0.152502 0.497486 0.294612 0.218305 0.00497959
0 0.240143 0.492137 0.321188 0.224952 0.00497753
0 0.113454 0.72342 0.224428 0.212382 0.0049634
0 0.813704 0.366762 0.372591 0.282649 0.00495175
0 0.853277 0.187597 0.293446 0.308642 0.00492679
0 0.334628 0.360906 0.29536 0.18364 0.00490107
0 0.857419 0.958744 0.279281 0.0825115 0.00486671
0 0.263655 0.959495 0.408067 0.0810104 0.00486394
0 0.398415 0.809536 0.796831 0.380929 0.00486329
0 0.149945 0.736371 0.287186 0.196601 0.00485497
0 0.106553 0.776499 0.211152 0.192715 0.00484134
0 0.996017 0.832618 0.00796616 0.334765 0.00483024
0 0.805579 0.953811 0.31786 0.092378 0.00481882
0 0.14019 0.425942 0.279533 0.225664 0.00481135
0 0.614859 0.846832 0.638758 0.306335 0.00478599
0 0.59016 0.734502 0.351455 0.183368 0.00478357
0 0.509188 0.579357 0.656756 0.381534 0.00476499
0 0.4942 0.519495 0.576529 0.353491 0.0047632
0 0.150259 0.289143 0.300517 0.377142 0.00474883
0 0.831447 0.238633 0.337106 0.35952 0.00474832
0 0.864851 0.841251 0.263415 0.221101 0.00474695
0 0.152166 0.384108 0.296829 0.205529 0.00472821
0 0.0125148 0.961988 0.0250297 0.0760233 0.00470446
0 0.902755 0.342827 0.19449 0.52315 0.00470081
0 0.097631 0.867893 0.189249 0.238973 0.00467914
0 0.163742 0.831828 0.318857 0.239977 0.00466938
0 0.805754 0.908441 0.302782 0.183117 0.00466455
0 0.424126 0.342394 0.326698 0.205957 0.00466046
0 0.997215 0.14061 0.00557087 0.28122 0.00464399
0 0.578745 0.0973639 0.422678 0.194728 0.00463738
0 0.204141 0.864666 0.40119 0.270669 0.00462987
0 0.997756 0.880143 0.00448743 0.239715 0.00462722
0 0.771585 0.358512 0.456829 0.363678 0.00461693
0 0.0291866 0.0948831 0.0583732 0.189766 0.00460882
0 0.895465 0.96919 0.209069 0.0616196 0.00458543
0 0.338584 0.775754 0.329919 0.288246 0.00456906
0 0.361684 0.64885 0.456094 0.393519 0.00456226
0 0.0517837 0.160161 0.103567 0.320321 0.00456197
0 0.610048 0.112177 0.267304 0.224354 0.00455687
0 0.641382 0.59923 0.380622 0.287207 0.00455386
0 0.455209 0.169117 0.340336 0.183463 0.00450902
0 0.134272 0.496534 0.268544 0.271427 0.00449986
0 0.983355 0.971729 0.0332892 0.056543 0.00448008
0 0.0980032 0.938641 0.196006 0.122718 0.00447333
0 0.682641 0.893673 0.497889 0.212655 0.00446943
0 0.585117 0.76476 0.324887 0.209063 0.00445667
0 0.104534 0.603117 0.209068 0.682916 0.00445616
0 0.00307153 0.898412 0.00614306 0.203177 0.0044379
0 0.544025 0.648858 0.887857 0.46284 0.00441
0 0.124288 0.967146 0.248575 0.0657082 0.00440451
0 0.107893 0.906673 0.215785 0.186655 0.0043503
0 0.140592 0.434945 0.281184 0.264896 0.00434457
0 0.223913 0.34939 0.355804 0.195286 0.0043392
0 0.347942 0.726427 0.352179 0.239988 0.00432744
0 0.311834 0.60398 0.310569 0.268579 0.00426831
0 0.953484 0.284663 0.0930326 0.50215 0.00424676
0 0.289244 0.366875 0.251636 0.181089 0.0042456
0 0.0977764 0.196545 0.195553 0.393089 0.00424537
0 0.16585 0.330052 0.3317 0.455219 0.00424514
0 0.183227 0.0963308 0.340273 0.192662 0.00423664
0 0.363158 0.800783 0.642463 0.398435 0.00423023
0 0.439281 0.854646 0.135118 0.0808374 0.00421734
0 0.609391 0.873727 0.721522 0.252546 0.00420619
0 0.105921 0.0997429 0.206021 0.199486 0.00417918
0 0.139322 0.531691 0.278643 0.280298 0.00416376
0 0.210611 0.264232 0.348312 0.195544 0.00414358
0 0.305075 0.213235 0.310095 0.297056 0.00413204
0 0.702763 0.590846 0.356017 0.213353 0.00412592
0 0.588043 0.509198 0.770491 0.421634 0.00410049
0 0.423191 0.375209 0.31344 0.190405 0.00409418
0 0.536705 0.71887 0.60569 0.317161 0.00407461
0 0.0460243 0.290972 0.0920485 0.581944 0.0040504
0 0.374917 0.370587 0.269486 0.178941 0.00404649
0 0.993601 0.222591 0.0127984 0.445181 0.00401012
0 0.140288 0.651525 0.280575 0.3555 0.00400247
0 0.02634 0.21733 0.05268 0.434659 0.00398989
0 0.127516 0.831563 0.255032 0.286049 0.00398143
0 0.852112 0.716145 0.295777 0.250148 0.003965
0 0.314047 0.489375 0.295557 0.298125 0.00396299
0 0.114637 0.145119 0.229273 0.290238 0.00394961
0 0.585554 0.82375 0.814711 0.352499 0.00391803
0 0.217226 0.207622 0.279899 0.326017 0.0039163
0 0.014165 0.126875 0.02833 0.253749 0.00391115
0 0.298499 0.0876655 0.316108 0.175331 0.00390655
0 0.0310559 0.973357 0.0621117 0.0532869 0.00388832
0 0.87142 0.943035 0.25716 0.107948 0.00388611
0 0.513424 0.36976 0.41578 0.243176 0.00387421
0 0.14422 0.43271 0.28844 0.523897 0.00387
0 0.717774 0.496223 0.564452 0.379687 0.00386156
0 0.155989 0.523144 0.311979 0.390159 0.0038512
0 0.0963667 0.97222 0.192733 0.0555591 0.00384392
0 0.659518 0.577305 0.488398 0.271533 0.00384291
0 0.805867 0.730329 0.302059 0.167554 0.00383166
0 0.0489139 0.380186 0.0978277 0.622412 0.00381154
0 0.167713 0.96766 0.326847 0.0646805 0.00379016
0 0.386577 0.497355 0.346206 0.35457 0.00375972
0 0.837029 0.62129 0.325943 0.297254 0.00374486
0 0.0677943 0.688255 0.131457 0.102765 0.00372344
0 0.316916 0.743105 0.183487 0.105361 0.00371859
0 0.084318 0.0837276 0.168636 0.167455 0.00370615
0 0.838412 0.668705 0.323175 0.268619 0.00369925
0 0.547951 0.834595 0.506136 0.330809 0.00369754
0 0.134619 0.770936 0.269238 0.324024 0.00369275
0 0.79072 0.416988 0.418561 0.362194 0.00369141
0 0.607501 0.364887 0.487532 0.316673 0.00369109
0 0.493715 0.782916 0.517752 0.324268 0.00368773
0 0.823071 0.782298 0.353858 0.435404 0.00368592
0 0.133265 0.207814 0.266531 0.406509 0.00367647
0 0.171132 0.42396 0.342265 0.412242 0.00367285
0 0.377074 0.391998 0.245881 0.133544 0.0036722
0 0.659978 0.563089 0.19288 0.103093 0.00362096
0 0.180398 0.887002 0.356445 0.225997 0.00361941
0 0.970157 0.1868 0.0596853 0.3736 0.00361345
0 0.652504 0.455889 0.694993 0.449467 0.00360284
0 0.493577 0.866874 0.788932 0.266252 0.0035802
0 0.749527 0.104143 0.411093 0.207092 0.00354187
0 0.672017 0.121976 0.268582 0.206355 0.00352599
0 0.0831382 0.846519 0.166276 0.306962 0.00352372
0 0.731592 0.145773 0.322128 0.239754 0.00351696
0 0.167593 0.596344 0.335185 0.437499 0.0035081
0 0.0670239 0.51313 0.12935 0.225726 0.00349458
0 0.843862 0.100648 0.192213 0.13586 0.00346031
0 0.715114 0.657827 0.569772 0.455049 0.00345378
0 0.04922 0.490368 0.0984401 0.639127 0.00342944
0 0.0705989 0.470212 0.141198 0.192467 0.00341728
0 0.2813 0.407686 0.291069 0.159535 0.00341067
0 0.354311 0.56039 0.204374 0.117768 0.00340153
0 0.704114 0.417217 0.591772 0.381573 0.00339576
0 0.281326 0.893748 0.458937 0.212505 0.00337815
0 0.894832 0.910447 0.210337 0.179106 0.00336904
0 0.793218 0.682185 0.353339 0.183969 0.00335777
0 0.816062 0.4932 0.367875 0.402207 0.00335578
0 0 0.00761195 0 0.0152239 0.00335554
0 0.822461 0.453289 0.355078 0.379135 0.00332305
0 0.382617 0.862393 0.658304 0.275215 0.00331978
0 0.877633 0.200103 0.244733 0.400205 0.00331914
0 0.761441 0.833884 0.477117 0.332232 0.00323266
0 0.0222822 0.825106 0.0445644 0.349787 0.0031846
0 0.635864 0.75636 0.193795 0.121981 0.00318208
0 0.710802 0.762679 0.578395 0.474643 0.00316553
0 0.903442 0.149533 0.193117 0.299065 0.00316365
0 0.459144 0.729431 0.525892 0.353757 0.00316156
0 0.902268 0.339765 0.195463 0.41962 0.00313809
0 0.52738 0.422228 0.496174 0.30438 0.00313064
0 0.830878 0.448761 0.338243 0.43574 0.00312692
0 0.733215 0.179376 0.431692 0.303638 0.00311798
0 0.0713247 0.224701 0.142649 0.449402 0.00306454
0 0.150749 0.825918 0.301498 0.348163 0.00305847
0 0.0275846 0.932019 0.0551693 0.135962 0.00305753
0 0.179646 0.126143 0.359293 0.148304 0.00305465
0 0.11087 0.693929 0.221739 0.612142 0.00305138
0 0.945438 0.282113 0.109124 0.406721 0.00303778
0 0.849394 0.409815 0.301211 0.541964 0.00303739
0 0.762002 0.545973 0.475997 0.429803 0.00303491
0 0.349502 0.395536 0.243136 0.158637 0.00302691
0 0.80876 0.608499 0.36156 0.223914 0.00300266
0 0.398852 0.78768 0.423439 0.375137 0.00298639
0 0.50356 0.804384 0.747163 0.391231 0.00298381
0 0.837991 0.140035 0.187517 0.193344 0.0029727
0 0.20539 0.552235 0.145607 0.105488 0.00295808
0 0.880642 0.855758 0.238716 0.288484 0.00291929
0 0.966334 0.843855 0.0673329 0.312289 0.00286848
0 0.799935 0.562277 0.40013 0.283827 0.00285902
0 0.0678147 0.774734 0.13215 0.103412 0.0028513
0 0.150833 0.929919 0.292304 0.140162 0.00284369
0 0.419979 0.148069 0.321227 0.268442 0.00282374
0 0.674712 0.850155 0.146619 0.100171 0.00277525
0 0.422898 0.425595 0.357953 0.219521 0.002771
0 0.0683049 0.663016 0.132596 0.10518 0.00275533
0 0.860124 0.290316 0.279752 0.214182 0.00273919
0 0.06849 0.71305 0.132539 0.10337 0.00273425
0 0.0667484 0.914125 0.1292 0.102253 0.00272823
0 0.938067 0.112331 0.123867 0.224661 0.00266452
0 0.0552495 0.766673 0.110499 0.466654 0.00265818
0 0.141032 0.288566 0.282065 0.234577 0.0026538
0 0.0938774 0.449012 0.187755 0.167854 0.00264077
0 0.0969779 0.822464 0.190783 0.25958 0.00261958
0 0.0954062 0.484429 0.190812 0.192067 0.00259267
0 0.836254 0.083391 0.327491 0.166782 0.00258931
0 0.856165 0.253115 0.28767 0.50623 0.00258623
0 0.819605 0.169182 0.26296 0.174909 0.00257113
0 0.859581 0.816332 0.280837 0.367336 0.00253951
0 0.860479 0.598712 0.279042 0.568134 0.00253419
0 0.334468 0.141964 0.340907 0.261187 0.00247152
0 0.0928276 0.817687 0.185655 0.364625 0.00241344
0 0.737049 0.852775 0.251958 0.123075 0.00239091
0 0.620716 0.141167 0.262136 0.159918 0.00238127
0 0.0682311 0.750081 0.132936 0.106162 0.00237528
0 0.151725 0.779731 0.30345 0.440538 0.00237304
0 0.336563 0.611128 0.256148 0.133912 0.00235904
0 0.932612 0.325707 0.134775 0.145415 0.00235276
0 0.418727 0.116874 0.252495 0.233747 0.00234915
0 0.00523077 0.91982 0.0104615 0.160361 0.00234011
0 0.193912 0.719981 0.387824 0.522929 0.00233731
0 0.793511 0.827456 0.134379 0.102251 0.00230664
0 0.863135 0.128401 0.273729 0.224832 0.00230333
0 0.676908 0.0495566 0.252141 0.0983922 0.00228471
0 0.323831 0.759704 0.19889 0.142125 0.00226772
0 0.270922 0.623882 0.118219 0.0717701 0.00226567
0 0.783661 0.187652 0.373245 0.226833 0.00226176
0 0.803565 0.845675 0.186647 0.12575 0.0022502
0 0.79984 0.280802 0.38006 0.23303 0.00222513
0 0.327891 0.549204 0.126786 0.105036 0.00216676
0 0.47616 0.132102 0.369653 0.264204 0.00214749
0 0.0683882 0.707668 0.136776 0.195829 0.00213975
0 0.325341 0.232829 0.488963 0.280211 0.00212721
0 0.4363 0.0924265 0.321399 0.184853 0.00211641
0 0.935909 0.0891787 0.128181 0.178357 0.00211588
0 0.922045 0.34572 0.15591 0.156871 0.00210558
0 0.0680214 0.49987 0.131952 0.105122 0.00208679
0 0.309999 0.267119 0.212636 0.131107 0.00208562
0 0.330108 0.576153 0.228037 0.1486 0.00208525
0 0.661445 0.864753 0.223533 0.109204 0.00206457
0 0.207282 0.235261 0.407513 0.259586 0.00206434
0 0.36588 0.957336 0.253703 0.0807312 0.00206242
0 0.646817 0.167492 0.249991 0.221273 0.00206075
0 0.849099 0.849173 0.220982 0.125024 0.00205316
0 0.0675858 0.745053 0.135172 0.187843 0.00204566
0 0.219745 0.297377 0.332745 0.204773 0.00204296
0 0.914155 0.870575 0.167156 0.165442 0.00203796
0 0.86763 0.322752 0.198583 0.150543 0.0020334
0 0 0.914043 0 0.171915 0.00202977
0 0.0963858 0.417545 0.192772 0.175219 0.00202566
0 0.86735 0.402707 0.265299 0.29776 0.00201259
0 0 0.0477389 0 0.0954778 0.001991
0 0.0970973 0.116198 0.194195 0.232397 0.0019905
0 0.850135 0.696202 0.299729 0.58076 0.00198529
0 0.742724 0.287535 0.455835 0.267561 0.00198043
0 0.0691349 0.61243 0.134058 0.105583 0.00193556
0 0.25236 0.114552 0.189713 0.143504 0.986098
0 0.651574 0.147852 0.189902 0.137664 0.786935
0 0.998939 0.895622 0.00212144 0.208756 0.0742845
0 0.995722 0.120817 0.00855541 0.241634 0.018436
0 0.837304 0.909508 0.325391 0.180984 0.0133619
0 1 0.0280273 0 0.0560547 0.00860685
0 0.401973 0.909578 0.355251 0.180845 0.00778628
0 0.252823 0.907859 0.370687 0.184282 0.00750759
0 0.838232 0.524244 0.323537 0.477323 0.00729042
0 0.000629501 0.899601 0.001259 0.200798 0.00677328
0 0.839698 0.62839 0.320604 0.48351 0.00675004
0 0.839752 0.729354 0.320497 0.485704 0.00648307
0 0.867066 0.819328 0.265868 0.361345 0.00634731
0 0.979444 0.854164 0.0411127 0.291673 0.00626219
0 0.134241 0.978771 0.268482 0.0424589 0.00623227
0 0.322254 0.909319 0.364269 0.181361 0.00577595
0 0.470191 0.908902 0.373722 0.182195 0.00573437
0 0.837125 0.423344 0.325749 0.482085 0.00572766
0 0.135615 0.907476 0.271229 0.185048 0.00550605
0 0.989294 0.11741 0.0214123 0.23482 0.00544575
0 0.869386 0.183389 0.261227 0.366779 0.0052536
0 0.836184 0.325934 0.327633 0.495636 0.00521872
0 0.843891 0.224003 0.312218 0.448006 0.00517336
0 0.204298 0.979199 0.323002 0.0416012 0.00514975
0 0.125951 0.316065 0.251901 0.63213 0.00509756
0 0.809317 0.882398 0.381366 0.235204 0.00507702
0 0.988371 0.832038 0.023259 0.335924 0.0050463
0 0.287398 0.979727 0.31233 0.0405467 0.00497002
0 0.183601 0.114228 0.367202 0.158629 0.00495652
0 0.81093 0.977455 0.326624 0.0450904 0.00492738
0 0.277953 0.103226 0.273957 0.157838 0.0047503
0 0.981716 0.147514 0.0365684 0.295028 0.00473829
0 0.135366 0.437914 0.270732 0.680153 0.00467347
0 0.922752 0.765957 0.154496 0.415673 0.00458349
0 0.0121166 0.972744 0.0242332 0.0545128 0.00456213
0 0.908979 0.660765 0.182043 0.400507 0.00453695
0 0.358526 0.979308 0.302651 0.0413845 0.00452746
0 0.373625 0.116431 0.469047 0.232862 0.00447519
0 0.0410926 0.0990727 0.0821852 0.198145 0.00444446
0 0.425888 0.979143 0.307354 0.0417137 0.00435781
0 0.896927 0.562184 0.206147 0.40558 0.00434353
0 0.167175 0.893189 0.33435 0.213622 0.00430716
0 0.118875 0.639822 0.237749 0.6168 0.0043036
0 0.117138 0.979908 0.234276 0.0401836 0.00428593
0 0.657283 0.980297 0.323228 0.0394056 0.00425963
0 0.0888432 0.250899 0.177686 0.501798 0.00420458
0 0.977281 0.975572 0.0454374 0.048855 0.00419984
0 0.213649 0.0930979 0.278418 0.186196 0.00416879
0 0.749193 0.979596 0.349694 0.0408081 0.00416809
0 0.996661 0.0876825 0.00667811 0.175365 0.00413918
0 0.606264 0.114159 0.344136 0.228317 0.00413714
0 0.207543 0.105449 0.306878 0.182714 0.00412275
0 0.539361 0.277439 0.908541 0.554877 0.00408118
0 0.179409 0.794974 0.358818 0.306196 0.00406835
0 0.864126 0.364909 0.271748 0.425653 0.00403918
0 0.523902 0.178367 0.535602 0.331832 0.00400954
0 0.994085 0.500715 0.0118293 0.345575 0.00399816
0 0.875841 0.256249 0.248319 0.411266 0.00396661
0 0.466597 0.153087 0.554451 0.306174 0.00394877
0 0.498688 0.979431 0.312208 0.0411385 0.00393813
0 0.99401 0.697518 0.0119792 0.339396 0.00392718
0 0.229477 0.919793 0.255947 0.160414 0.00392145
0 0.869006 0.463549 0.261988 0.415302 0.00389921
0 0.130271 0.0872117 0.260542 0.174423 0.00389743
0 0.414828 0.0821515 0.342511 0.164303 0.00387585
0 0.994433 0.59539 0.0111334 0.333058 0.0038732
0 0.577551 0.980121 0.315366 0.0397581 0.003866
0 0.940735 0.20142 0.118531 0.388207 0.00385001
0 0.770111 0.103114 0.459777 0.206229 0.00380994
0 0.99254 0.400852 0.0149205 0.348224 0.00380515
0 0.796452 0.901113 0.306425 0.197774 0.00377763
0 0.992012 0.300114 0.0159766 0.346294 0.00374548
0 0.157784 0.554815 0.315567 0.433851 0.00373105
0 0.995578 0.812581 0.00884391 0.370257 0.00372493
0 0.495929 0.0923249 0.374925 0.18465 0.00370951
0 0.0520765 0.37327 0.104153 0.642978 0.00368646
0 1 0.0541332 0 0.108266 0.00366948
0 0.614472 0.193763 0.307042 0.305105 0.00366841
0 0.656496 0.129544 0.219422 0.178853 0.00366046
0 0.661928 0.109864 0.345399 0.219728 0.00365793
0 0.0520571 0.518542 0.104114 0.623677 0.00365272
0 0.740045 0.801627 0.519911 0.396745 0.00361248
0 0.146094 0.752947 0.292188 0.494105 0.00359442
0 0.0448976 0.766001 0.0897953 0.467998 0.0035796
0 0.559427 0.111763 0.505332 0.223527 0.00356338
0 0.44793 0.240341 0.839124 0.480683 0.00354202
0 0.993784 0.248477 0.0124326 0.339248 0.00353886
0 0.877481 0.977297 0.245038 0.0454069 0.00353737
0 0.697972 0.157271 0.297663 0.227766 0.00351723
0 0.0711747 0.182393 0.142349 0.364787 0.0034923
0 0.139335 0.867898 0.27867 0.264205 0.00348829
0 0.747451 0.199026 0.505097 0.398053 0.00344813
0 0.191225 0.566158 0.38245 0.410262 0.00344429
0 0.995671 0.197868 0.00865812 0.337988 0.00343799
0 0.887925 0.908225 0.22415 0.18355 0.00342854
0 0.0256265 0.858438 0.0512531 0.283124 0.00342454
0 0.605623 0.909734 0.319188 0.180532 0.00342057
0 0.384639 0.915396 0.262406 0.169208 0.00341795
0 0.255215 0.0891707 0.266119 0.178341 0.00340242
0 0.133391 0.151727 0.266783 0.303454 0.00337593
0 0.178876 0.123585 0.357752 0.247171 0.00336914
0 0.419783 0.173579 0.605445 0.347159 0.00336302
0 0.660334 0.112216 0.242361 0.224433 0.00336145
0 0.158647 0.659325 0.317295 0.444488 0.00335987
0 0.832481 0.106188 0.335038 0.212376 0.00335162
0 0.871549 0.891948 0.256902 0.216104 0.00334722
0 0.997907 0.130368 0.00418629 0.260737 0.00334412
0 0.0484669 0.715154 0.0969338 0.569692 0.00334365
0 0.777397 0.846152 0.445206 0.307696 0.00333382
0 0.194581 0.212522 0.389161 0.417008 0.00331354
0 0.536746 0.909167 0.374349 0.181667 0.00330368
0 0.00169385 0.0834525 0.0033877 0.166905 0.00327751
0 0.164373 0.827781 0.328746 0.344439 0.00327624
0 0.321634 0.91768 0.232554 0.16464 0.00325194
0 0.092219 0.092883 0.184438 0.185766 0.00325134
0 0.723153 0.606944 0.553695 0.531652 0.00324093
0 1 0.921279 0 0.157443 0.00323629
0 0.175218 0.193616 0.350435 0.387232 0.00322732
0 0.712585 0.0984151 0.412245 0.19683 0.00322594
0 0.152575 0.794213 0.30515 0.411574 0.00320396
0 0.685616 0.615693 0.405873 0.236836 0.00318777
0 0.103789 0.811125 0.207578 0.377749 0.00317262
0 0.69162 0.903617 0.310568 0.192766 0.00316591
0 0.724243 0.225218 0.417848 0.450437 0.0031556
0 0.169893 0.454633 0.339786 0.448334 0.00314416
0 0.027626 0.125813 0.0552521 0.251626 0.00313306
0 0.260575 0.249783 0.52115 0.499567 0.00312762
0 0.370519 0.0952496 0.403028 0.190499 0.0031156
0 0.200739 0.511263 0.401478 0.419291 0.00311397
0 0.0516144 0.14265 0.103229 0.285301 0.00311242
0 0.159415 0.68203 0.31883 0.451766 0.0030736
0 0.029855 0.917539 0.0597101 0.164922 0.00303533
0 0.996614 0.962093 0.00677221 0.0758146 0.00303334
0 0.155309 0.757908 0.310617 0.443919 0.00298406
0 0.186005 0.219116 0.37201 0.438231 0.002984
0 0.198264 0.721035 0.396528 0.437141 0.00296676
0 0.728399 0.350851 0.543202 0.542724 0.00295561
0 0.177941 0.922871 0.338179 0.154257 0.00294036
0 0.163167 0.579765 0.326334 0.448557 0.00289972
0 0.152513 0.145517 0.305027 0.291034 0.00288835
0 0.722269 0.26969 0.555461 0.539379 0.00287252
0 0.1989 0.250105 0.397799 0.500209 0.00282394
0 0.729672 0.591407 0.455481 0.26022 0.00278838
0 0.23135 0.882061 0.4627 0.235878 0.00278654
0 0.803115 0.410157 0.39377 0.279277 0.00277053
0 0.755511 0.470081 0.488978 0.476607 0.00277027
0 0.432394 0.298979 0.864788 0.573689 0.00275149
0 0.8424 0.496804 0.315199 0.355432 0.0027457
0 0.10403 0.125547 0.208061 0.251094 0.00274355
0 0.592491 0.301489 0.815017 0.577867 0.00273407
0 0.763916 0.176046 0.472168 0.352093 0.00272322
0 1 0.09737 0 0.19474 0.00270859
0 0.209812 0.4145 0.419623 0.442055 0.00269883
0 0.326533 0.26515 0.653067 0.530299 0.00268547
0 0.164648 0.165966 0.329296 0.331932 0.00268505
0 0.232869 0.806853 0.465739 0.386294 0.00266624
0 0.18602 0.484238 0.37204 0.478814 0.00265281
0 0.596542 0.800636 0.806915 0.398728 0.00263833
0 1 0.140769 0 0.252212 0.00262865
0 0.590255 0.603773 0.819491 0.544701 0.00258761
0 0.376325 0.808718 0.752649 0.382564 0.00257017
0 0.703678 0.712877 0.592643 0.496438 0.00256454
0 0.190884 0.258255 0.381769 0.507936 0.00255431
0 0.41575 0.407091 0.430058 0.28967 0.00254913
0 0.186089 0.359173 0.372178 0.469975 0.00254699
0 0.205984 0.401178 0.411968 0.516878 0.00254555
0 0.591755 0.715165 0.816491 0.504367 0.00254497
0 1 0.194483 0 0.245013 0.00254402
0 0.890227 0.0982308 0.219546 0.196462 0.00253983
0 0.846846 0.840678 0.306308 0.309607 0.00251727
0 0.815479 0.856084 0.369042 0.287833 0.00250584
0 0.262733 0.721337 0.525465 0.455134 0.00248901
0 0.238392 0.622021 0.476785 0.393816 0.00242759
0 0.840578 0.226849 0.318845 0.367047 0.00242444
0 0.453939 0.720571 0.907879 0.531223 0.00242003
0 0.605008 0.14856 0.349101 0.297119 0.00239969
0 0.136404 0.834316 0.272809 0.331367 0.00237795
0 0.857706 0.874849 0.284588 0.250301 0.00237548
0 0.85003 0.387153 0.29994 0.287332 0.00234207
0 0.876439 0.128196 0.247121 0.256393 0.00233422
0 0.657695 0.556485 0.68461 0.543609 0.00232736
0 0.849275 0.840269 0.30145 0.319462 0.00232728
0 1 0.903222 0 0.193556 0.00232487
0 1 0.243928 0 0.245066 0.00232167
0 1 0.874391 0 0.239361 0.00229656
0 0.853379 0.175747 0.293242 0.351494 0.00228474
0 0.669029 0.659015 0.661943 0.504814 0.00227659
0 0.709561 0.11964 0.309924 0.239281 0.00227561
0 0.360477 0.750325 0.720954 0.499351 0.00227211
0 0.454109 0.148152 0.370115 0.296303 0.00226354
0 0.253778 0.419755 0.507555 0.438343 0.0022609
0 0.921524 0.904734 0.156953 0.190531 0.00225488
0 0.0744143 0.929761 0.148829 0.140479 0.00224144
0 0.475091 0.386811 0.442906 0.286993 0.00223805
0 0.610769 0.38469 0.450596 0.282805 0.00222677
0 1 0.294562 0 0.242697 0.00222524
0 0.872126 0.922533 0.255747 0.154934 0.00220469
0 0.36745 0.352119 0.734901 0.527757 0.0022038
0 0.374172 0.5696 0.350204 0.215394 0.00220078
0 0.223211 0.304842 0.446422 0.479722 0.00219416
0 0.66319 0.778372 0.67362 0.443256 0.0021837
0 1 0.344993 0 0.241374 0.00218074
0 0.440515 0.470113 0.839331 0.510179 0.00217119
0 1 0.49519 0 0.238064 0.00216689
0 0.177752 0.492433 0.355504 0.302915 0.00216646
0 0.860751 0.78607 0.278499 0.280225 0.00216599
0 0.447648 0.612082 0.863138 0.529898 0.00216201
0 0.314177 0.420708 0.628354 0.486148 0.00215991
0 0.849986 0.44763 0.300028 0.351741 0.00215774
0 1 0.446112 0 0.238417 0.00215433
0 1 0.395761 0 0.240097 0.00215289
0 0.323367 0.677442 0.646735 0.454464 0.00211492
0 0.671795 0.400685 0.65641 0.552194 0.00211185
0 1 0.82376 0 0.236412 0.0021068
0 0.602442 0.124232 0.304675 0.16836 0.00208368
0 0.210069 0.855862 0.420138 0.288276 0.00207672
0 1 0.543627 0 0.238583 0.00205676
0 0.82782 0.299203 0.34436 0.360758 0.00204648
0 0.61133 0.839086 0.707079 0.321828 0.0020458
0 0.519418 0.189786 0.395216 0.261564 0.00203879
0 0.594923 0.508733 0.810155 0.529169 0.00203689
0 0.138974 0.1025 0.277949 0.204999 0.00203322
0 0.841308 0.138586 0.317383 0.277172 0.00201201
0 0 0.921376 0 0.157249 0.00200939
0 0.78905 0.582793 0.4219 0.282075 0.00200772
0 1 0.773891 0 0.235144 0.00197278
0 0.808143 0.509911 0.383714 0.3129 0.00195579
0 0.459021 0.773913 0.898477 0.452173 0.00194691
0 0.735038 0.869375 0.44856 0.261251 0.00193119
0 0.471848 0.846947 0.620056 0.306107 0.00192464
0 0.496907 0.406764 0.803355 0.513558 0.0019098
0 0.000931626 0.116325 0.00186325 0.232649 0.00189616
0 0.523054 0.556343 0.935498 0.560717 0.00189339
0 0.757588 0.923372 0.346545 0.153255 0.0018925
0 0.180351 0.416105 0.360702 0.307762 0.00187432
0 0.747334 0.394466 0.47309 0.28363 0.00186521
0 0.449914 0.652588 0.562991 0.390403 0.0018572
0 0.544376 0.40387 0.456883 0.289851 0.00184972
0 0.314566 0.561419 0.629132 0.483534 0.0018419
0 0.101391 0.922638 0.202782 0.154724 0.00183324
0 1 0.592816 0 0.237948 0.00183091
0 1 0.105512 0 0.211024 0.00182571
0 1 0.723457 0 0.232398 0.00182058
0 0.00404304 0.239126 0.00808608 0.375001 0.00180416
0 0.00104595 0.538556 0.0020919 0.281239 0.00179848
0 0.179885 0.666044 0.359771 0.300811 0.0017979
0 0.124015 0.118613 0.248031 0.237225 0.00179679
0 0.178705 0.739481 0.35741 0.300339 0.00179255
0 0 0.950203 0 0.0995947 0.00178171
0 0.380853 0.635393 0.430159 0.314699 0.00177982
0 0.689937 0.159158 0.340605 0.318316 0.00176802
0 0.561318 0.451493 0.536385 0.321031 0.00175692
0 0.859318 0.140941 0.281364 0.281882 0.00174036
0 0.450529 0.585276 0.451226 0.231036 0.00173868
0 1 0.968717 0 0.0625658 0.00173071
0 0.852137 0.800651 0.295726 0.361893 0.00172692
0 0.0015004 0.393456 0.00300081 0.362111 0.00171866
0 0.00267298 0.176191 0.00534595 0.352381 0.0017184
0 0.00202404 0.316516 0.00404808 0.370517 0.00171245
0 0.34573 0.895582 0.40607 0.208837 0.00170989
0 0.373724 0.86207 0.519996 0.27586 0.00169597
0 0.252195 0.189004 0.308042 0.295983 0.00169513
0 1 0.672472 0 0.231898 0.00169004
0 0.436703 0.210665 0.498847 0.285677 0.00167598
0 0.461017 0.490972 0.571275 0.362416 0.00167508
0 0.691467 0.224304 0.516724 0.292034 0.00167294
0 0.287091 0.538308 0.404075 0.279769 0.00166898
0 0.00113545 0.793841 0.0022709 0.288067 0.00166332
0 0.652793 0.308498 0.63562 0.381745 0.00166102
0 0.00100573 0.845359 0.00201145 0.293042 0.00166077
0 0.00115345 0.613711 0.0023069 0.278146 0.00165389
0 0.294252 0.635573 0.491439 0.304695 0.00165298
0 0.17134 0.238278 0.342679 0.289957 0.00164982
0 0.850825 0.602861 0.298351 0.365223 0.00164682
0 0.00124687 0.718517 0.00249374 0.285206 0.00164609
0 0.447151 0.251888 0.569527 0.345005 0.00163393
0 0.687836 0.891725 0.386485 0.21655 0.00162282
0 0.801141 0.209194 0.397717 0.278709 0.00161908
0 0.220986 0.660566 0.441973 0.345226 0.00161368
0 0.00134409 0.469731 0.00268819 0.358688 0.00160686
0 0.00125371 0.66638 0.00250742 0.280572 0.00160673
0 0.352018 0.798578 0.488819 0.342841 0.00157718
0 0.837156 0.679622 0.325688 0.353286 0.00157104
0 0.522723 0.278224 0.599193 0.356592 0.00155308
0 0.601858 0.493073 0.575387 0.363946 0.00154874
0 0.65571 0.924741 0.342496 0.150519 0.00154439
0 0.751914 0.687638 0.496171 0.338456 0.00154396
0 0.545257 0.773072 0.312019 0.121342 0.00153087
0 0.781668 0.302017 0.436663 0.334499 0.00152406
0 0.9182 0.971834 0.163599 0.0563322 0.00151961
0 0.353974 0.389518 0.428816 0.282997 0.00150203
0 0.647815 0.250617 0.644917 0.267979 0.00149016
0 0.714582 0.4958 0.55263 0.365169 0.00148464
0 0.490937 0.888844 0.353299 0.222313 0.00148064
0 0 0.004801 0 0.00960199 0.00147055
0 0.686382 0.413278 0.435866 0.264075 0.00146075
0 0.998115 0.874038 0.0037706 0.251925 0.00145559
0 0.463157 0.168609 0.411198 0.221677 0.00145549
0 0.844721 0.538768 0.310559 0.3167 0.00145405
0 0.624518 0.43329 0.497617 0.254002 0.00145294
0 0.255381 0.115527 0.190631 0.143471 0.981028
0 0.653623 0.147795 0.191893 0.139545 0.949747
0 0.00148753 0.0745417 0.00297506 0.149083 0.241919
0 0.00173958 0.0405027 0.00347916 0.0810054 0.0568867
0 1 0.0999426 0 0.199885 0.0404141
0 0.997411 0.0416807 0.00517831 0.0833613 0.0250461
0 1 0.0261471 0 0.0522942 0.00805776
0 0.994719 0.884117 0.0105628 0.231767 0.00781647
0 0.90277 0.00259375 0.194459 0.00518749 0.00766104
0 0.000745168 0.112118 0.00149034 0.224236 0.00727273
0 0.00148524 0.0240993 0.00297049 0.0481985 0.00695822
0 0.137993 0.00163848 0.275985 0.00327697 0.0056971
0 0.991228 0.15923 0.0175432 0.31846 0.00494191
0 0.916071 0.397754 0.167858 0.393773 0.00476986
0 1 0.0644135 0 0.128827 0.00475948
0 0.951772 0.598781 0.0964568 0.383115 0.00453958
0 0.897066 0.49926 0.205869 0.407698 0.00453162
0 0.948794 0.699313 0.102412 0.385965 0.00449371
0 0.978877 0.19233 0.0422463 0.383995 0.00444838
0 0.997713 0.701627 0.00457307 0.335349 0.00437835
0 0.949075 0.298985 0.10185 0.383904 0.00431775
0 0.974575 0.835472 0.0508501 0.329055 0.00430945
0 0.99774 0.603741 0.00451942 0.334383 0.00428449
0 0.215157 0.141163 0.303273 0.209913 0.00410638
0 0.76708 0.154005 0.348052 0.187144 0.00396204
0 0.546696 0.242026 0.499396 0.474554 0.00392798
0 0.997683 0.503643 0.0046341 0.347382 0.00392353
0 0.779986 0.200564 0.440028 0.382432 0.0039163
0 0 0.0150487 0 0.0300975 0.00388639
0 0.997529 0.805124 0.00494156 0.346733 0.00387761
0 0.484052 0.20075 0.368428 0.29215 0.00371402
0 0.461732 0.193969 0.328253 0.202986 0.00371091
0 0.943627 0.167234 0.112747 0.334467 0.00369183
0 0.46946 0.237825 0.528163 0.374212 0.00367805
0 0.989755 0.967497 0.0204899 0.0650061 0.0036128
0 0.998426 0.303443 0.00314721 0.34543 0.00360136
0 0.998046 0.401854 0.00390827 0.343762 0.00357463
0 0.367976 0.205958 0.314367 0.255175 0.00357454
0 0.875575 0.200872 0.248849 0.401744 0.00350486
0 0.183387 0.231083 0.366774 0.401956 0.00345467
0 0.251375 0.0960462 0.196891 0.101641 0.0034399
0 0.382432 0.244767 0.440401 0.297259 0.00340706
0 0.724591 0.792394 0.550819 0.415212 0.00338182
0 0.129382 0.905388 0.258763 0.189224 0.00336695
0 0.69224 0.145117 0.263903 0.154441 0.00334452
0 0.237904 0.200982 0.255818 0.269023 0.00332269
0 0.82635 0.283661 0.3473 0.460047 0.00331161
0 0.281609 0.838928 0.407935 0.322145 0.00330351
0 0.480501 0.0934591 0.209166 0.171864 0.0032875
0 0.28026 0.217165 0.252064 0.230034 0.0032854
0 0.00485224 0.970782 0.00970447 0.058437 0.00327951
0 0.240033 0.00251597 0.290133 0.00503194 0.00325274
0 0.220807 0.25575 0.414163 0.310834 0.00324549
0 0.635507 0.215283 0.267242 0.302644 0.00323262
0 0.671689 0.106815 0.241651 0.21363 0.00323095
0 0.751771 0.243768 0.496458 0.487536 0.00322376
0 0.234722 0.928673 0.245202 0.142655 0.00322248
0 0.821759 0.948106 0.300451 0.103787 0.00319729
0 0.0794608 0.78722 0.158922 0.42556 0.00319087
0 0.863852 0.0952398 0.270629 0.171446 0.003162
0 0.205512 0.175005 0.325611 0.317344 0.00315032
0 0.729077 0.600031 0.541847 0.534429 0.00314911
0 0.86428 0.943703 0.27144 0.112594 0.00314718
0 0.120905 0.756095 0.241811 0.48781 0.00314487
0 0.896226 0.0766692 0.207547 0.153338 0.00314257
0 0.97065 0.120085 0.0586993 0.240169 0.00310406
0 0.796596 0.382986 0.406808 0.497313 0.00310118
0 0.137451 0.527558 0.274902 0.533308 0.00306871
0 0.300319 0.253347 0.390909 0.277514 0.00306596
0 0.789095 0.839221 0.42181 0.321559 0.00305633
0 0.687768 0.235417 0.28208 0.300949 0.00301729
0 0.834664 0.183787 0.330671 0.291234 0.00300699
0 0.130639 0.420257 0.261278 0.467015 0.00300628
0 0.815825 0.645059 0.36835 0.460896 0.00299958
0 0.627479 0.11091 0.236264 0.21915 0.00299782
0 0.21907 0.0937211 0.257507 0.17691 0.00299276
0 0.254352 0.0886455 0.260815 0.177291 0.00296148
0 0.773473 0.531072 0.453054 0.530503 0.00295999
0 0.803902 0.208728 0.392196 0.417455 0.00295634
0 0.725618 0.451492 0.548764 0.561744 0.00291396
0 0.735206 0.71497 0.529588 0.516253 0.00290669
0 0.134402 0.67573 0.268805 0.511808 0.00290435
0 0.16088 0.872408 0.321761 0.255183 0.00290126
0 0.659695 0.132784 0.220632 0.179448 0.00286613
0 0.997323 0.265804 0.00535362 0.318879 0.00286238
0 0.156773 0.247439 0.313546 0.372023 0.00284326
0 0.721239 0.295434 0.557521 0.519501 0.00284102
0 0.998281 0.0107473 0.00343706 0.0214945 0.00280998
0 0.440793 0.0810764 0.266655 0.162153 0.00280887
0 0.0471494 0.622931 0.0942987 0.593385 0.00278902
0 0.198745 0.283773 0.39749 0.484508 0.00277576
0 0.748304 0.0714566 0.277033 0.142913 0.00277454
0 0.133588 0.095494 0.267176 0.190988 0.00276748
0 0.00671456 0.879177 0.0134291 0.241646 0.00276319
0 0.731497 0.253205 0.537006 0.488343 0.00276219
0 0.151541 0.198533 0.303081 0.35364 0.0027615
0 0.341906 0.81175 0.666078 0.3765 0.00275881
0 0.018909 0.859436 0.037818 0.281127 0.00274947
0 0.618095 0.263156 0.444373 0.495247 0.00274819
0 0.829224 0.0746008 0.282159 0.149202 0.00274487
0 0.0448694 0.715571 0.0897388 0.568858 0.0027308
0 0.619991 0.093683 0.27093 0.187366 0.0027229
0 0.96388 0.0812771 0.0722409 0.162554 0.00271725
0 0.941166 0.974508 0.117668 0.0509834 0.00271136
0 0.0452753 0.47258 0.0905507 0.587059 0.00268271
0 0.659696 0.0720365 0.274748 0.144073 0.00268238
0 0.224503 0.712893 0.449006 0.466768 0.00268153
0 0.0747064 0.171687 0.149413 0.320924 0.00267225
0 0.315058 0.93553 0.248065 0.12894 0.00266738
0 0.124903 0.964754 0.249805 0.0704911 0.00266579
0 0.0709022 0.825956 0.141804 0.348088 0.00266177
0 0.0995703 0.253695 0.199141 0.404031 0.00265561
0 0.568897 0.607508 0.862206 0.536716 0.00264728
0 0.859966 0.970612 0.280068 0.0587751 0.00264578
0 0 0.0746168 0 0.149234 0.00263263
0 0.104174 0.359528 0.208347 0.395079 0.0026262
0 0.0208282 0.198936 0.0416564 0.397872 0.00261186
0 0.0839087 0.210153 0.167817 0.373298 0.00260426
0 0.347906 0.744978 0.695812 0.510044 0.0025984
0 0.250899 0.570339 0.501799 0.523371 0.00259347
0 0.0109683 0.109871 0.0219366 0.219741 0.00256192
0 0.0383743 0.320657 0.0767485 0.533747 0.0025604
0 0.498639 0.302047 0.770462 0.495304 0.00255429
0 0.273305 0.827899 0.546611 0.344201 0.00255029
0 0.185252 0.39458 0.370505 0.440538 0.00253555
0 0.754343 0.943607 0.3291 0.112786 0.00253259
0 0.210065 0.453749 0.420131 0.469752 0.00252907
0 0.171307 0.336576 0.342614 0.408044 0.00251775
0 0.455499 0.00197251 0.294107 0.00394502 0.00250707
0 0.0305747 0.972971 0.0611493 0.0540586 0.00248681
0 0.00415525 0.907323 0.00831049 0.185354 0.00248646
0 0.0679796 0.111456 0.135959 0.222911 0.00247517
0 0.308939 0.00268235 0.293534 0.00536469 0.00246133
0 0.150578 0.828628 0.301156 0.295133 0.00245976
0 0.262281 0.292729 0.524562 0.483684 0.0024419
0 0.771212 0.7671 0.457577 0.465801 0.00243605
0 0.930069 0.848287 0.139861 0.303426 0.00241829
0 0.19094 0.814783 0.38188 0.368409 0.00240959
0 0.322503 0.0844963 0.301779 0.168993 0.00240872
0 0.184304 0.756998 0.368608 0.409554 0.00240477
0 0.525981 0.713156 0.924792 0.541014 0.00240326
0 0.427396 0.786189 0.753434 0.427623 0.0023976
0 0.0360995 0.172886 0.0721989 0.345772 0.00237889
0 0.27715 0.101133 0.244439 0.158703 0.00237554
0 0.0715819 0.0717098 0.143164 0.14342 0.00235813
0 0.461959 0.975868 0.298157 0.0482632 0.00234181
0 0.539107 0.978191 0.313277 0.0436172 0.00234116
0 0.622868 0.300614 0.754263 0.522936 0.00233257
0 0.22883 0.343882 0.457659 0.524453 0.00232921
0 0.524234 0.0020893 0.296368 0.0041786 0.00232366
0 0.520245 0.351624 0.928704 0.562229 0.00231582
0 0.0164095 0.839061 0.0328191 0.321878 0.00229888
0 0.558903 0.508429 0.882194 0.557929 0.00229552
0 0.669132 0.351163 0.661737 0.554458 0.00229418
0 0.400168 0.972621 0.295032 0.0547579 0.00229386
0 0.601951 0.79165 0.796098 0.416701 0.00229248
0 0.687029 0.938514 0.340134 0.122971 0.00228481
0 0.630475 0.557846 0.73905 0.55093 0.00227049
0 0.868567 0.0618068 0.262866 0.123614 0.00226946
0 0.141604 0.935927 0.280342 0.128146 0.00225405
0 0.351828 0.560489 0.703655 0.558601 0.0022486
0 0.0274932 0.928515 0.0549864 0.14297 0.00224191
0 0.619557 0.929585 0.366826 0.14083 0.00224066
0 0.273361 0.159152 0.262759 0.234954 0.00223928
0 0.536104 0.767881 0.927792 0.464238 0.00223025
0 0.22955 0.966985 0.29451 0.0660305 0.00222986
0 0.308744 0.714544 0.617488 0.570911 0.00222852
0 0.592632 0.404532 0.814736 0.570988 0.00221923
0 0.964041 0.909772 0.0719185 0.180457 0.00220961
0 0.70124 0.00219354 0.295462 0.00438708 0.00220569
0 0.392314 0.947664 0.284354 0.104671 0.0022034
0 0.305913 0.928591 0.329597 0.142819 0.00219712
0 0.343489 0.0585679 0.358901 0.117136 0.00219491
0 0.115718 0.0727151 0.231437 0.14543 0.00219351
0 0.597366 0.746463 0.805267 0.507075 0.00217264
0 0.684914 0.976886 0.299424 0.0462275 0.00216448
0 0.461999 0.55828 0.923997 0.544257 0.00216122
0 0.594208 0.0020385 0.296802 0.00407701 0.00216088
0 0.32705 0.969947 0.290173 0.0601063 0.00215866
0 0.645354 0.661445 0.709293 0.505618 0.00215373
0 0.864345 0.0025894 0.27131 0.00517881 0.00215323
0 0.535772 0.929637 0.340489 0.140726 0.00211971
0 0.563431 0.0753172 0.29614 0.150634 0.00210909
0 0.456789 0.939687 0.300917 0.120626 0.00210724
0 0.616869 0.978519 0.316971 0.0429625 0.00210204
0 0.136487 0.745704 0.269302 0.191408 0.00209815
0 0.421874 0.666194 0.843747 0.528389 0.00209651
0 0.999759 0.146812 0.000481828 0.293625 0.002066
0 0.384365 0.00194088 0.296866 0.00388176 0.00206314
0 0.0336661 0.899995 0.0673323 0.20001 0.00206176
0 0.757843 0.973503 0.293709 0.052994 0.00204411
0 0.277721 0.46149 0.555443 0.559815 0.00202658
0 0.0735366 0.888839 0.147073 0.222322 0.00195284
0 0.770138 0.00218876 0.29613 0.00437753 0.00193777
0 0.31481 0.347358 0.629619 0.539051 0.0019271
0 0.138959 0.59349 0.275051 0.182481 0.0019117
0 0.423569 0.404509 0.847139 0.570702 0.00190793
0 0.884257 0.0213346 0.231486 0.0426692 0.00189733
0 0.960369 0.00359165 0.0792613 0.00718329 0.00188224
0 0.472123 0.863059 0.631515 0.273882 0.0018731
0 0.700179 0.835721 0.599642 0.328557 0.00184624
0 0.168442 0.0119227 0.336885 0.0238453 0.00183841
0 0.190573 0.0776851 0.277661 0.15537 0.00183239
0 0.450321 0.112981 0.207452 0.110598 0.00182235
0 0.680713 0.0575257 0.261303 0.115051 0.00177198
0 0.0933494 0.999552 0.186699 0.000895691 0.00173514
0 0.556566 0.829332 0.801927 0.341337 0.00172125
0 0.999895 0.544741 0.000209455 0.298082 0.00168132
0 0.999979 0.644639 4.12727e-05 0.297817 0.00165935
0 0.256016 0.768494 0.261082 0.127619 0.00162826
0 0.999765 0.845862 0.000469998 0.300109 0.00161132
0 0.999927 0.744662 0.000145463 0.297674 0.00159998
0 0.999661 0.369854 0.000677302 0.298252 0.00158167
0 0.854205 0.297118 0.284713 0.197635 0.00156968
0 0.282465 0.756543 0.29243 0.148198 0.00155334
0 0.856325 0.313538 0.230562 0.166377 0.00153464
0 0.154136 0.628324 0.308273 0.227006 0.00150801
0 1 0.031404 0 0.0628079 0.00149766
0 0.861048 0.885994 0.277905 0.228012 0.0014972
0 0 0.954532 0 0.0909369 0.00149485
0 0.119316 0.414545 0.236053 0.239811 0.00149313
0 0.999479 0.444833 0.00104136 0.299006 0.0014733
0 0.292945 0.438296 0.380406 0.247631 0.00145512
0 0.151004 0.154711 0.29015 0.255944 0.00145271
0 0.779092 0.165224 0.214312 0.149356 0.0014437
0 0.821862 0.13836 0.154872 0.129598 0.00143843
0 0.151228 0.563012 0.302456 0.20019 0.00143576
0 0.848859 0.352593 0.302283 0.156424 0.00141587
0 0.899234 0.907099 0.201533 0.185802 0.00139904
0 0.816543 0.321328 0.282439 0.157844 0.00139393
0 0.289902 0.75313 0.277165 0.104583 0.00139341
0 0.762426 0.810136 0.475148 0.271503 0.00138733
0 0.853252 0.0835912 0.208924 0.167182 0.00138029
0 0.822235 0.650602 0.35553 0.198931 0.00136643
0 0.878596 0.899221 0.242809 0.201559 0.00136393
0 0.826928 0.506854 0.346144 0.283334 0.0013592
0 0.120998 0.458073 0.241997 0.289574 0.0013516
0 0.667285 0.174352 0.161354 0.0885897 0.00134231
0 0.161536 0.723461 0.323072 0.187822 0.00131057
0 0.707542 0.248829 0.438718 0.226604 0.00130661
0 0.537295 0.43681 0.520138 0.243005 0.00130565
0 0.820463 0.425758 0.359074 0.219761 0.00130521
0 0.132405 0.381629 0.264809 0.273305 0.00128333
0 0.318812 0.753807 0.225065 0.0781454 0.00128041
0 0.545783 0.814615 0.273873 0.174102 0.00127822
0 0.708403 0.751806 0.309876 0.138581 0.00127795
0 0.842024 0.611842 0.309858 0.191972 0.00126043
0 0.278892 0.308663 0.557785 0.294278 0.0012519
0 0.775568 0.732096 0.36965 0.183107 0.00124872
0 0.647709 0.75455 0.273281 0.131765 0.00122788
0 0.76478 0.411583 0.318316 0.172969 0.00122368
0 0.306302 0.200613 0.213246 0.0920815 0.00121236
0 0.288747 0.172763 0.209669 0.113831 0.00120934
0 0.803119 0.284346 0.290996 0.172998 0.0012009
0 0.767497 0.453506 0.462165 0.244112 0.00119736
0 0.628216 0.444935 0.320223 0.164246 0.00118912
0 0.849234 0.253276 0.296673 0.178963 0.00118575
0 0.357074 0.738733 0.24696 0.114543 0.00118569
0 0.138051 0.818903 0.273783 0.255303 0.00117966
0 0.815455 0.537641 0.331913 0.202273 0.00117957
0 0.822315 0.641946 0.343532 0.132868 0.00117883
0 0.84744 0.199404 0.305121 0.20359 0.00117507
0 0.40263 0.0559056 0.34067 0.111811 0.00116972
0 0.853264 0.407409 0.293472 0.254698 0.00116687
0 0.832698 0.556763 0.334604 0.143664 0.00116133
0 0.511761 0.827633 0.263719 0.157744 0.00115511
0 0.28436 0.57444 0.305872 0.131467 0.00114987
0 0.771984 0.846086 0.421288 0.230078 0.00114552
0 0.478932 0.494739 0.553373 0.277717 0.00114142
0 0.454449 0.280966 0.187779 0.0932981 0.00114058
0 0.569861 0.767793 0.275318 0.105979 0.0011385
0 0.207451 0.235159 0.414902 0.262785 0.00113743
0 0 0.914461 0 0.171078 0.00113045
0 0.80133 0.705475 0.39734 0.287817 0.00112887
0 0.778094 0.783558 0.443813 0.18964 0.00112822
0 0.596421 0.896167 0.464038 0.180797 0.00112674
0 0.47256 0.59416 0.285876 0.119459 0.00112222
0 0.655593 0.415038 0.464265 0.197192 0.0011212
0 0.302482 0.228889 0.229353 0.177915 0.00111753
0 0.57 0.0562726 0.412538 0.112545 0.0011168
0 0.138061 0.261619 0.275015 0.256408 0.00111511
0 0.209222 0.226975 0.418444 0.210994 0.00111409
0 0.175955 0.66728 0.35191 0.223515 0.00110852
0 0.867327 0.22291 0.254445 0.247141 0.00110704
0 0.294148 0.404964 0.316577 0.181269 0.0011005
0 0.84767 0.726931 0.304659 0.310789 0.0011002
0 0.640265 0.270465 0.220684 0.125683 0.0010998
0 0.616913 0.761586 0.235904 0.115096 0.00109617
0 0.882831 0.154204 0.231915 0.192805 0.00108546
0 0.254005 0.311641 0.50801 0.239748 0.00108441
0 0.697442 0.893932 0.31561 0.212136 0.00107951
0 0 0.921352 0 0.157297 0.0010774
0 0.789992 0.595426 0.395325 0.188597 0.00107569
0 0.587197 0.488752 0.451192 0.273235 0.00107516
0 0.751085 0.482899 0.49783 0.280031 0.00107417
0 0.67985 0.0216178 0.351926 0.0432357 0.00107191
0 0.467781 0.411222 0.524444 0.244517 0.00107182
0 0.20263 0.415438 0.141167 0.164587 0.00106335
0 0.676329 0.927446 0.263727 0.145107 0.00106249
0 0.819278 0.0490726 0.361444 0.0981451 0.00106097
0 0.255407 0.113742 0.191052 0.145454 0.982857
0 0.653165 0.146716 0.193256 0.136555 0.972253
0 1 0.895004 0 0.209991 0.0166262
0 0.00657508 0.91272 0.0131502 0.174559 0.0128241
0 0.836656 0.0856444 0.168339 0.160848 0.00702742
0 0.879331 0.0836727 0.207154 0.167345 0.00570613
0 1 0.916661 0 0.166679 0.00454694
0 0.122131 0.889289 0.236591 0.217264 0.00429435
0 0.101385 0.18708 0.20277 0.37416 0.00378567
0 0.0801406 0.132939 0.160281 0.265878 0.00376708
0 0.425229 0.125245 0.147666 0.0825929 0.00370497
0 0.105711 0.317017 0.211423 0.573796 0.00361918
0 0.834148 0.110036 0.171143 0.112574 0.00355103
0 0.103881 0.113147 0.207761 0.226295 0.00342678
0 0.0679181 0.0921162 0.135836 0.184232 0.00337629
0 0.950695 0.556977 0.09861 0.418193 0.00336481
0 0.216624 0.880707 0.18253 0.113758 0.00336257
0 0.859917 0.862679 0.211762 0.135822 0.0032896
0 0.152366 0.841216 0.304731 0.317568 0.00323517
0 0.127424 0.245004 0.254849 0.490008 0.00321307
0 0.974071 0.208004 0.0518576 0.356126 0.00312957
0 1 0.154716 0 0.274406 0.00312419
0 0.154731 0.760569 0.309462 0.363771 0.00312068
0 0.673746 0.58006 0.652508 0.449844 0.00309856
0 0.982599 0.656063 0.0348029 0.375855 0.00308817
0 0.22926 0.929182 0.203473 0.141635 0.00306669
0 0.994547 0.708195 0.0109063 0.335652 0.00302356
0 1 0.883978 0 0.232044 0.00301687
0 1 0.814847 0 0.272367 0.00300198
0 0.940434 0.207948 0.119133 0.29168 0.00298482
0 0.620543 0.61317 0.630352 0.40251 0.0029549
0 0.950474 0.257868 0.0990523 0.400796 0.00294065
0 0.154646 0.564232 0.309293 0.358787 0.00292874
0 0.940579 0.454824 0.118842 0.420844 0.00290537
0 0.177389 0.207634 0.354777 0.373438 0.0029053
0 0 0.891048 0 0.217904 0.00290269
0 0.0951135 0.0712164 0.190227 0.142433 0.00287021
0 0.127077 0.724097 0.25024 0.221328 0.00286776
0 0.910282 0.827571 0.179435 0.21354 0.00285512
0 0.155462 0.661791 0.310925 0.362335 0.00282991
0 0.151874 0.9642 0.226387 0.0716007 0.00282635
0 0.929654 0.259619 0.140691 0.318781 0.00281003
0 0.689622 0.746116 0.620757 0.479524 0.00277425
0 0.229449 0.423241 0.458898 0.39476 0.002772
0 0.727424 0.924008 0.427433 0.151985 0.00276782
0 0.57477 0.562816 0.506095 0.335213 0.00276452
0 0.211737 0.10669 0.262206 0.164181 0.00275806
0 0.642804 0.670264 0.714392 0.43015 0.00275579
0 0.886165 0.931396 0.227669 0.137209 0.00275528
0 0.956099 0.158878 0.0878014 0.239312 0.0027511
0 0.211968 0.758593 0.423935 0.482813 0.00274638
0 0.235613 0.86377 0.252621 0.165081 0.00274215
0 0.215452 0.266638 0.430904 0.391974 0.00272521
0 0.844793 0.937712 0.269114 0.124576 0.00271441
0 0.132265 0.432411 0.264529 0.2941 0.00269868
0 0.35404 0.851846 0.401586 0.293128 0.00269554
0 0.934086 0.354097 0.131828 0.432802 0.00269185
0 0.300115 0.930986 0.230913 0.138029 0.00268362
0 0.596523 0.772844 0.800057 0.454313 0.00268319
0 0.143768 0.266468 0.287536 0.223439 0.00266098
0 0.897104 0.878498 0.203711 0.213398 0.00264347
0 0.127466 0.960438 0.254933 0.0791248 0.00264114
0 0.141332 0.478302 0.282664 0.330596 0.00262724
0 0.518212 0.79551 0.740567 0.40898 0.00262238
0 0.188062 0.631355 0.299223 0.196362 0.00261332
0 0.520921 0.665226 0.541653 0.330315 0.0025853
0 0.922334 0.35713 0.155333 0.335843 0.00258381
0 0.973909 0.108129 0.0521826 0.198538 0.00256258
0 0.914236 0.506886 0.171528 0.350854 0.00255701
0 0.214846 0.675909 0.429693 0.513375 0.00255521
0 0.217337 0.561149 0.434674 0.47113 0.00255173
0 0.144908 0.202151 0.289815 0.250947 0.00254989
0 0.491878 0.611436 0.450413 0.300752 0.00254591
0 0.719848 0.52415 0.560303 0.396814 0.00254461
0 0.649288 0.132504 0.220501 0.176298 0.0025417
0 0.829113 0.797518 0.341774 0.257294 0.00253182
0 1 0.107031 0 0.214062 0.00252584
0 0.313685 0.809739 0.333287 0.291355 0.0025194
0 0.135501 0.322926 0.271002 0.231003 0.00251836
0 0.550513 0.719772 0.619607 0.38818 0.00251432
0 0.105482 0.433438 0.210964 0.237067 0.00251
0 0.0244408 0.831249 0.0488816 0.337502 0.00250442
0 0.131975 0.380865 0.26395 0.246532 0.00249625
0 0.20253 0.721321 0.295324 0.203963 0.00248749
0 0.633595 0.816497 0.732811 0.367006 0.00248598
0 0.126838 0.52766 0.253675 0.270417 0.00246929
0 1 0.753726 0 0.328062 0.00246143
0 0.693133 0.0982493 0.264951 0.196499 0.00245513
0 0.156605 0.448379 0.313211 0.668603 0.00245271
0 0.64432 0.68072 0.711361 0.521183 0.00244233
0 0.468317 0.762021 0.568999 0.347816 0.00243993
0 0.998308 0.974858 0.00338476 0.0502831 0.00243615
0 0.194998 0.679866 0.299186 0.196984 0.00242301
0 0.772317 0.811473 0.455367 0.323163 0.00241611
0 0 0.950841 0 0.0983174 0.00240134
0 0.126469 0.755512 0.252938 0.488976 0.00239016
0 0.471181 0.561876 0.388408 0.257615 0.00238894
0 0.249628 0.0884504 0.231454 0.176901 0.00238646
0 0.133598 0.679515 0.267196 0.299708 0.0023644
0 0.197875 0.826063 0.395751 0.347874 0.00236082
0 0.199452 0.932852 0.268713 0.134295 0.00235967
0 0.21236 0.170589 0.262681 0.246312 0.00235381
0 0 0.0622132 0 0.124426 0.00234422
0 1 0.607644 0 0.36111 0.0023392
0 1 0.0711282 0 0.142256 0.00232807
0 0.133074 0.62908 0.266148 0.294182 0.00232123
0 0.619951 0.10714 0.23835 0.204593 0.00231121
0 0.208532 0.0900625 0.265099 0.180125 0.00230535
0 0.142938 0.166455 0.285876 0.225447 0.00230345
0 0.144081 0.425337 0.24247 0.198159 0.00229819
0 0.985452 0.0762442 0.0290963 0.152488 0.00229744
0 0.785547 0.525577 0.428906 0.387262 0.00229611
0 0.0470001 0.426441 0.0940003 0.607972 0.00229199
0 0.391828 0.932523 0.30543 0.134954 0.00228637
0 0.139169 0.927281 0.242581 0.145437 0.00227392
0 0.994291 0.507338 0.0114181 0.37119 0.00226541
0 0.911138 0.169961 0.177723 0.180356 0.00226082
0 0.144926 0.881371 0.289853 0.237258 0.00225545
0 0.0999274 0.487642 0.199855 0.298346 0.00224472
0 0.267782 0.878697 0.177931 0.108852 0.00224419
0 0.0133337 0.972918 0.0266675 0.0541636 0.00223573
0 0.960473 0.766057 0.0790538 0.222876 0.00222789
0 0.0474759 0.88053 0.0949518 0.238941 0.00222197
0 0.797073 0.879784 0.405853 0.240433 0.00221325
0 0.619617 0.516963 0.449129 0.323112 0.00220511
0 0.529407 0.511442 0.36013 0.254486 0.00220493
0 0.0824226 0.972402 0.164845 0.0551968 0.00220391
0 0.908842 0.260605 0.182316 0.19798 0.00220142
0 0.660954 0.872138 0.64789 0.255723 0.00219764
0 0.251512 0.964459 0.252279 0.0710818 0.00219539
0 0.923486 0.109778 0.153027 0.168419 0.002195
0 0.136969 0.77275 0.273939 0.304999 0.00218966
0 0.0147955 0.120784 0.0295911 0.241568 0.00218949
0 0.0781963 0.912441 0.150238 0.171711 0.00218607
0 0.989433 0.407774 0.0211348 0.380567 0.00218033
0 0.993686 0.260641 0.0126281 0.367509 0.00217641
0 0.882618 0.961641 0.234764 0.076718 0.00217474
0 0.0496347 0.734193 0.0992694 0.531614 0.00217443
0 0.148753 0.106933 0.259495 0.174927 0.00217252
0 0.612276 0.222222 0.28233 0.329484 0.00216629
0 0.0346388 0.178281 0.0692775 0.356562 0.00216275
0 0.695322 0.584598 0.609356 0.51748 0.00216063
0 0.911532 0.212439 0.176936 0.197844 0.00215286
0 0.197788 0.822827 0.306193 0.224242 0.00214144
0 0.907034 0.310902 0.185932 0.20503 0.00213525
0 0.831267 0.52118 0.337465 0.318331 0.00213226
0 0.13019 0.764097 0.26038 0.348528 0.00212876
0 0.94039 0.073948 0.119221 0.147896 0.00212409
0 0.965972 0.710383 0.0680558 0.272293 0.00211433
0 0.905937 0.359541 0.188127 0.207137 0.00210948
0 0.135091 0.554174 0.270182 0.675568 0.0021003
0 0.147762 0.374414 0.218012 0.192573 0.00209779
0 0.402586 0.611374 0.364267 0.253243 0.00208813
0 0.409852 0.662834 0.400148 0.263525 0.00207704
0 0.240169 0.210318 0.235704 0.225164 0.00207546
0 0.283056 0.220622 0.246433 0.203061 0.00206634
0 0.903766 0.407745 0.192469 0.197948 0.00206124
0 0.558743 0.964851 0.338384 0.0702976 0.00206044
0 0.109593 0.571407 0.219185 0.339315 0.00205
0 0.481259 0.965091 0.315036 0.0698175 0.00204929
0 0.837439 0.964408 0.254838 0.0711834 0.00204457
0 0.834698 0.867572 0.171952 0.118651 0.00204219
0 0.908364 0.604758 0.183271 0.399669 0.00204063
0 0 0.974026 0 0.0519476 0.00204028
0 0.274036 0.155771 0.270303 0.240244 0.00203683
0 0.64576 0.966954 0.33333 0.0660925 0.00203342
0 0.748694 0.969224 0.2857 0.0615521 0.0020321
0 0.780427 0.573051 0.439146 0.465162 0.00202919
0 0.967209 0.888835 0.0655821 0.222329 0.00202837
0 0.0480506 0.634777 0.0961011 0.62102 0.00202528
0 0.966527 0.814119 0.0669464 0.190888 0.0020252
0 0.276861 0.102421 0.258524 0.155937 0.00202455
0 0.526012 0.890292 0.507976 0.219417 0.00202107
0 0.407884 0.966462 0.296111 0.0670756 0.0020191
0 0.31379 0.666564 0.300822 0.209386 0.00201159
0 0.134699 0.0718104 0.269398 0.143621 0.00199487
0 0.459287 0.513263 0.32613 0.218836 0.00199472
0 0.413632 0.709179 0.404347 0.281745 0.0019936
0 0.905332 0.0726966 0.189336 0.145393 0.00199343
0 0.201911 0.367986 0.237603 0.186337 0.00199073
0 0 0.0945267 0 0.144558 0.00197599
0 0.202388 0.573422 0.286483 0.182288 0.00196436
0 0.328815 0.966066 0.271541 0.0678688 0.00195855
0 0.113668 0.850093 0.227335 0.299815 0.00194987
0 0.395904 0.562533 0.34168 0.221428 0.00194729
0 0.315316 0.711004 0.284081 0.209915 0.00194056
0 0.0588264 0 0.104076 0 0.00193951
0 0.937595 0.652336 0.124809 0.355186 0.0019387
0 0.917878 0.787476 0.164243 0.200097 0.00193349
0 0.963058 0.976214 0.0738835 0.0475728 0.00192964
0 0.13078 0.816573 0.26156 0.283519 0.00192588
0 0.872455 0.911265 0.235708 0.17747 0.00190149
0 0.195208 0.32709 0.255842 0.177963 0.00189881
0 0.253951 0.320932 0.259161 0.175769 0.00189376
0 0.689959 0.153773 0.255232 0.159093 0.00188721
0 0.127287 0.757642 0.235637 0.179596 0.00188129
0 0.903924 0.71564 0.192153 0.283057 0.00187893
0 0.936095 0.88133 0.127811 0.1994 0.00187116
0 0.889186 0.458653 0.221627 0.203017 0.0018631
0 0.757571 0.063639 0.24727 0.127278 0.00186189
0 0.6278 0.150898 0.238764 0.166935 0.00185602
0 0.21728 0.521919 0.292215 0.179461 0.001848
0 0.529748 0.0681888 0.248574 0.136378 0.00184794
0 0.251944 0.247934 0.248826 0.189741 0.00184746
0 0.312053 0.618736 0.294118 0.209208 0.00184515
0 0.856629 0.462051 0.286743 0.186035 0.00184144
0 0.616154 0.753998 0.767691 0.492004 0.00183641
0 0.110691 0.812987 0.221383 0.326867 0.00183486
0 0.809524 0.463126 0.380953 0.208598 0.0018293
0 0.528666 0.464693 0.33277 0.207405 0.00182363
0 0.204986 0.254809 0.282622 0.18905 0.00182099
0 0.45158 0.0719216 0.245114 0.143843 0.00181175
0 0.120791 0.685309 0.241583 0.629382 0.00180759
0 0.19776 0.775835 0.314782 0.211082 0.00178735
0 0.599275 0.464501 0.357446 0.219463 0.00178376
0 0.560834 0.167525 0.247641 0.171377 0.00178341
0 0.24255 0.473673 0.313808 0.181043 0.00176982
0 0.121629 0.668532 0.243258 0.343094 0.00176693
0 0.876472 0.266145 0.247055 0.175078 0.00176539
0 0.00855199 0.0752214 0.017104 0.150443 0.00175868
0 0.672542 0.464812 0.386803 0.233057 0.00175807
0 0.417236 0.771307 0.182344 0.0810736 0.00175595
0 0.316105 0.763682 0.325036 0.223177 0.00175126
0 0.35304 0.175654 0.302615 0.189401 0.00174837
0 0.940756 0.969308 0.118487 0.0613834 0.0017445
0 0.653987 0.265078 0.242042 0.271963 0.00173532
0 0.317316 0.566161 0.288817 0.191897 0.00172986
0 0.831266 0.0681752 0.251389 0.13635 0.00172843
0 0.874356 0.317267 0.251288 0.180747 0.00172806
0 0.546913 0.207186 0.26898 0.211042 0.00172602
0 0.871938 0.176673 0.254492 0.175662 0.00172405
0 0.687913 0.665793 0.624173 0.582012 0.00171948
0 0.746127 0.463911 0.400696 0.228018 0.00171416
0 0.875763 0.366197 0.248473 0.182489 0.0017013
0 0.699565 0.317757 0.331687 0.181545 0.00169296
0 0.317276 0.261793 0.227204 0.169591 0.00169059
0 0.146418 0.874672 0.292837 0.160888 0.00168839
0 0.692942 0.22419 0.268839 0.211269 0.00168628
0 0.878031 0.412313 0.243938 0.175386 0.00168294
0 0.952174 0.93526 0.0956511 0.12948 0.00167734
0 0.88123 0.0721526 0.237539 0.144305 0.00167631
0 0.13598 0.916926 0.271961 0.166148 0.0016711
0 0.546484 0.794618 0.907032 0.410765 0.00166501
0 0.892946 0.105773 0.214108 0.165494 0.00165561
0 0.461067 0.465176 0.311201 0.195811 0.00164898
0 0.28635 0.419572 0.28351 0.173614 0.00164795
0 0.546124 0.0813111 0.25441 0.162622 0.00164746
0 0.393067 0.213754 0.270861 0.200077 0.00164357
0 0.93483 0.818584 0.13034 0.178317 0.00164266
0 0.519486 0.259944 0.308775 0.185916 0.00164247
0 0.28889 0.368317 0.248783 0.183151 0.0016422
0 0.389297 0.513149 0.303658 0.202962 0.00164187
0 0.54599 0.106246 0.241989 0.18121 0.00163268
0 0.678612 0.0622645 0.244874 0.124529 0.00162932
0 0.878683 0.217441 0.242633 0.188361 0.0016283
0 0.120133 0.885949 0.240267 0.228102 0.00162333
0 0.8407 0.564344 0.3186 0.397016 0.00160267
0 0.611215 0.0646075 0.248574 0.129215 0.0015988
0 0.398279 0.368166 0.260199 0.181107 0.00159192
0 0.657131 0.102969 0.179095 0.0495947 0.00158928
0 0.397909 0.321875 0.278098 0.178281 0.0015851
0 0.834799 0.412286 0.305635 0.1826 0.00158479
0 0.615499 0.367667 0.308286 0.190562 0.00158436
0 0.933615 0.908601 0.13277 0.182798 0.00158306
0 0.483336 0.320659 0.302074 0.180445 0.00158205
0 0.539462 0.415245 0.305724 0.186036 0.00157746
0 0.541105 0.367569 0.297329 0.188337 0.00157104
0 0.338465 0.368218 0.23849 0.182002 0.00156956
0 0.12625 0.566491 0.241154 0.19751 0.00156845
0 0.814837 0.650637 0.370325 0.432437 0.00156716
0 0.298526 0.320062 0.25175 0.171524 0.00155982
0 0.692965 0.367309 0.314265 0.191366 0.00155948
0 0.570112 0.31655 0.321198 0.184239 0.00155841
0 0.418612 0.265996 0.297749 0.172466 0.00155367
0 0.630239 0.317523 0.33255 0.183225 0.00155297
0 0.0789023 0 0.111703 0 0.00154977
0 0.613075 0.414211 0.313343 0.188349 0.00154946
0 0.469923 0.367585 0.280909 0.184147 0.00154765
0 0.687791 0.413379 0.317495 0.189422 0.00153531
0 0.609522 0.2528 0.284472 0.231581 0.00151871
0 0.772569 0.319746 0.319961 0.181917 0.00151288
0 0.733839 0.273999 0.288856 0.189247 0.00150956
0 0.393427 0.464772 0.295706 0.188892 0.00150113
0 0.775673 0.175268 0.0942892 0.131476 0.00150022
0 0.31632 0.515049 0.285128 0.189389 0.00149315
0 0.390282 0.103062 0.28856 0.166214 0.00149183
0 0.0887712 0.528265 0.170065 0.238015 0.00149166
0 0.469717 0.41586 0.293032 0.181987 0.00148693
0 0.764384 0.412737 0.315429 0.185258 0.00148536
0 0.868854 0.872079 0.262291 0.255843 0.00148001
0 0.17936 0.156326 0.35872 0.221768 0.00147584
0 0.814026 0.16476 0.140059 0.147988 0.00145941
0 0.697739 0.245963 0.445995 0.229306 0.00145621
0 0.17343 0.735484 0.188064 0.178597 0.00144915
0 0.0965846 0.860155 0.185916 0.242848 0.0014457
0 0.402869 0.415806 0.278396 0.178835 0.00144443
0 0.693012 0.2892 0.190067 0.121826 0.00143478
0 0.768544 0.367081 0.307329 0.18903 0.00142691
0 0.349604 0.416177 0.268775 0.176456 0.00142366
0 0.840242 0.100993 0.245843 0.170993 0.00142216
0 0.651564 0.147527 0.187416 0.135372 0.947073
0 0.25367 0.115934 0.187012 0.138687 0.91905
0 0.260264 0.138946 0.150988 0.0939048 0.0101084
0 1 0.945048 0 0.109905 0.00691714
0 1 0.967311 0 0.0653782 0.00562148
0 1 0.949237 0 0.101527 0.00411119
0 0.0633681 0 0.110728 0 0.00396265
0 0 0.0701243 0 0.140249 0.00356323
0 0.00557158 0.899162 0.0111432 0.201676 0.00340556
0 1 0.946542 0 0.106915 0.00320434
0 1 0.956089 0 0.0878229 0.00315482
0 0.217698 0.137804 0.107227 0.0862348 0.00309571
0 0.198058 0.127942 0.076198 0.0872542 0.00293503
0 0 0.0171451 0 0.0342902 0.00225699
0 0.686619 0.965516 0.305994 0.0689686 0.00216982
0 0.186773 0.965111 0.292179 0.0697783 0.00216188
0 0.25887 0.964995 0.292866 0.0700094 0.0021563
0 0.330121 0.965027 0.294856 0.0699455 0.00215549
0 0.614724 0.965496 0.30386 0.0690075 0.00214362
0 0.124699 0.965819 0.249398 0.0683626 0.0021436
0 0.759325 0.96554 0.306848 0.0689205 0.00212483
0 0.402072 0.965077 0.300247 0.0698453 0.00212229
0 0.471792 0.965128 0.302176 0.0697444 0.00212102
0 0.543085 0.965362 0.303452 0.0692751 0.00211165
0 0.602997 0.157551 0.0885297 0.0883624 0.00210835
0 0.0387201 0.993829 0.0774402 0.0123429 0.00210767
0 0.383492 0.264646 0.243152 0.109996 0.00207914
0 0.830346 0.965701 0.308831 0.0685984 0.00205534
0 0.075835 0.969476 0.15167 0.0610481 0.002025
0 0.0553626 0.997269 0.110725 0.00546207 0.00199765
0 1 0.962134 0 0.0757322 0.00196536
0 0 0.0628512 0 0.125702 0.00195523
0 1 0.203369 0 0.190784 0.00195504
0 1 0.0992881 0 0.187628 0.00194839
0 1 0.753315 0 0.189701 0.00194701
0 0 0.968845 0 0.0623095 0.001934
0 1 0.804791 0 0.184597 0.0019259
0 1 0.254558 0 0.187303 0.00192586
0 1 0.703121 0 0.187285 0.00191815
0 1 0.304071 0 0.187868 0.00191524
0 1 0.453686 0 0.187611 0.0019095
0 1 0.354012 0 0.187935 0.00190888
0 1 0.653258 0 0.187274 0.00190839
0 1 0.403896 0 0.187808 0.00190817
0 1 0.0671441 0 0.134288 0.00190716
0 1 0.503537 0 0.187656 0.00190594
0 1 0.553481 0 0.187387 0.00189862
0 1 0.60309 0 0.187658 0.00189547
0 1 0.152759 0 0.186896 0.00188362
0 0 0.972397 0 0.0552061 0.00187521
0 1 0.0966796 0 0.193359 0.00186158
0 0.275407 0.163401 0.261399 0.196956 0.00186103
0 0.875592 0.96666 0.248816 0.0666794 0.0018569
0 0.0669131 0.012489 0.119426 0.024978 0.00183733
0 0.29452 0.213892 0.237453 0.192573 0.0017856
0 0.27702 0.105983 0.240657 0.160659 0.00176829
0 0.024351 0.974004 0.0487021 0.0519918 0.00176273
0 0 0.109402 0 0.157591 0.00175998
0 0 0.312389 0 0.156751 0.00175219
0 0.0315261 0.105884 0.0630523 0.176604 0.0017496
0 0.0190909 0.609981 0.0381818 0.19061 0.00174492
0 0.0235675 0.814799 0.047135 0.179437 0.00174208
0 0 0.36239 0 0.156635 0.00173451
0 0.638282 0.21419 0.228002 0.230322 0.00173317
0 0.019296 0.659693 0.0385921 0.190265 0.00173206
0 0 0.412433 0 0.157433 0.00173184
0 0.0176124 0.559702 0.0352248 0.191584 0.00172871
0 0.0170672 0.761265 0.0341344 0.194712 0.00172731
0 0 0.262919 0 0.155606 0.00172691
0 0.0196472 0.710345 0.0392945 0.191293 0.00172562
0 0 0.211304 0 0.156127 0.00172331
0 0 0.462048 0 0.156852 0.00172309
0 0.944357 0.999343 0.111285 0.00131359 0.00172159
0 0 0.661601 0 0.156217 0.00172037
0 0.0205166 0.212847 0.0410333 0.196172 0.00171507
0 0 0.611714 0 0.156111 0.00171425
0 0 0.812649 0 0.152768 0.0017124
0 0.0208061 0.26401 0.0416121 0.193046 0.0017106
0 0 0.711806 0 0.156555 0.00170822
0 0.631232 0.143692 0.245429 0.179821 0.00170669
0 0 0.512159 0 0.156283 0.00170613
0 1 0.860369 0 0.193605 0.0017044
0 0.0172484 0.510247 0.0344967 0.192126 0.00170343
0 0.0440946 0.069068 0.0881891 0.138136 0.00170334
0 0.0189831 0.312109 0.0379663 0.193515 0.0017031
0 0.712924 0.0883804 0.288996 0.176761 0.00170071
0 0.0222192 0.929403 0.0444384 0.141193 0.00170068
0 0.0222062 0.1613 0.0444124 0.182722 0.00169577
0 0.0187575 0.362005 0.037515 0.193585 0.00169389
0 0 0.561867 0 0.156136 0.0016935
0 0 0.159519 0 0.158995 0.00169333
0 0.122516 0.441661 0.213896 0.103525 0.00168528
0 0.01742 0.460436 0.03484 0.193087 0.00167875
0 0.0179843 0.411158 0.0359685 0.193736 0.00167657
0 1 0.971897 0 0.0562065 0.0016764
0 0 0.882864 0 0.187658 0.0016762
0 0 0.761519 0 0.157027 0.00167554
0 0.476398 0.933533 0.266457 0.132935 0.00167524
0 0.649839 0.165223 0.157894 0.100637 0.00166801
0 0.14669 0.864517 0.162906 0.105426 0.00166456
0 0.410057 0.933897 0.27167 0.132207 0.0016637
0 0.129317 0.934239 0.258633 0.131522 0.00164272
0 0.603547 0.204402 0.296308 0.289645 0.00163712
0 1 0.92165 0 0.1567 0.00163576
0 0.26745 0.935367 0.272545 0.129266 0.0016352
0 1 0.760355 0 0.183818 0.00163301
0 0.236905 0.879781 0.120837 0.103307 0.00163226
0 0.545158 0.934016 0.264228 0.131969 0.00163028
0 0.700985 0.225743 0.265762 0.18411 0.00162998
0 0.199524 0.93519 0.273705 0.12962 0.00162507
0 0.848599 0.668921 0.155696 0.0777897 0.00162263
0 0.339593 0.935031 0.270748 0.129937 0.00162228
0 0.664765 0.265154 0.244252 0.230428 0.00162107
0 1 0.811291 0 0.175485 0.0016116
0 1 0.70989 0 0.180636 0.0016092
0 0.410321 0.213629 0.288096 0.191627 0.00159082
0 0.0762046 0.317882 0.152409 0.190914 0.00159074
0 0.0986928 0.913712 0.197386 0.172577 0.00159032
0 0.270696 0.256923 0.292592 0.185942 0.00158865
0 0.708559 0.112563 0.28383 0.18683 0.00158799
0 0.830472 0.934948 0.276209 0.130103 0.00158632
0 1 0.659962 0 0.18027 0.00158463
0 0.0791592 0.269195 0.158318 0.191026 0.00158447
0 0.686783 0.935085 0.271751 0.12983 0.00158158
0 0.760517 0.935247 0.275968 0.129506 0.00158154
0 0.61618 0.93477 0.266751 0.13046 0.00158122
0 1 0.609668 0 0.180907 0.00157546
0 0.91052 0.999461 0.125503 0.00107803 0.00157532
0 1 0.510243 0 0.180302 0.00157499
0 0.0848653 0.934015 0.169731 0.13197 0.00157302
0 1 0.559958 0 0.180735 0.00157087
0 0.0748078 0.367579 0.149616 0.191936 0.00157081
0 0.290671 0.0784646 0.218642 0.156929 0.0015705
0 0.237008 0 0.0948722 0 0.00156752
0 1 0.311239 0 0.180429 0.00156431
0 1 0.261706 0 0.179204 0.00156422
0 0.964369 0.998801 0.0712616 0.00239735 0.00156405
0 0.0732965 0.41671 0.146593 0.191767 0.00156325
0 0.697054 0.160842 0.260537 0.163711 0.00155736
0 0.0783387 0.21769 0.156677 0.195417 0.00155736
0 0.90659 0.0678855 0.18682 0.135771 0.00155578
0 1 0.460652 0 0.180699 0.00155299
0 0.239374 0.191373 0.258135 0.22343 0.00155243
0 1 0.36111 0 0.180764 0.00154997
0 0.612844 0.106287 0.248249 0.192037 0.00154791
0 0.344288 0.262845 0.298913 0.183474 0.00154651
0 0.159358 0.883346 0.147225 0.111694 0.001545
0 1 0.41096 0 0.180724 0.00154439
0 1 0.210717 0 0.180793 0.001544
0 0.0819246 0.111398 0.163849 0.183981 0.00154309
0 0.119618 0.396066 0.239237 0.134748 0.00153633
0 0.0724694 0.466191 0.144939 0.192151 0.0015359
0 0.519573 0.212805 0.31209 0.199976 0.0015352
0 0.124435 0.0696827 0.24887 0.139365 0.00153343
0 0.073722 0.51591 0.147444 0.190589 0.00153206
0 0.0776742 0.166506 0.155348 0.185993 0.00153206
0 0.764081 0.171628 0.147083 0.122012 0.00152845
0 0.133341 0.109382 0.266682 0.175405 0.0015282
0 0.0760707 0.56505 0.152141 0.190917 0.00152567
0 0.965924 0.163384 0.0681523 0.188949 0.00152517
0 0.963682 0.871099 0.0726364 0.202185 0.00152077
0 0.142206 0.912783 0.284412 0.174433 0.00151658
0 0.0784861 0.615672 0.156972 0.190989 0.00151632
0 0.0773597 0.71581 0.154719 0.191642 0.00151469
0 0.627675 0.26008 0.285829 0.253772 0.00151425
0 0.0734775 0.766766 0.146955 0.195141 0.00151064
0 0.0848371 0.0684768 0.169674 0.136954 0.00151052
0 0.991456 0.077089 0.017088 0.154178 0.00150984
0 0.0778498 0.665236 0.1557 0.190109 0.00150807
0 0.954815 0.763325 0.0903694 0.197546 0.00150699
0 0.210042 0.109035 0.259692 0.164276 0.00150582
0 0 0.939512 0 0.120977 0.00150463
0 0.94103 0.0679682 0.11794 0.135936 0.00150269
0 0.649852 0.102624 0.224586 0.205248 0.00149607
0 0.755237 0.100831 0.0551521 0.0516677 0.00149352
0 0.526892 0.162321 0.283952 0.180319 0.00149342
0 0.13918 0.168127 0.278359 0.193952 0.00149156
0 0.885489 0.935036 0.229023 0.129929 0.00148422
0 0.873351 0.0667504 0.253298 0.133501 0.00148299
0 0.95719 0.81318 0.085621 0.19053 0.00148047
0 0.958735 0.562851 0.0825296 0.19344 0.00147493
0 0.981006 0.110981 0.0379878 0.188 0.00147378
0 0.198449 0.439918 0.140657 0.0849192 0.00147232
0 0.957187 0.713213 0.0856261 0.193517 0.00146939
0 0.232714 0.153595 0.244678 0.230204 0.00146931
0 0.615746 0.0841016 0.268569 0.168203 0.00146923
0 0.95989 0.513018 0.0802209 0.191994 0.00146763
0 0.487702 0.912593 0.299624 0.174815 0.00146729
0 0.880966 0.564467 0.238068 0.184736 0.00146699
0 0.741135 0.270719 0.284053 0.192333 0.0014665
0 0.207416 0.912801 0.302592 0.174399 0.0014664
0 0.915546 0.868661 0.168908 0.189902 0.00146503
0 0.376164 0.166987 0.290587 0.182042 0.00146144
0 0.272136 0 0.0978867 0 0.0014588
0 0.428886 0.263887 0.308516 0.189931 0.00145741
0 0.526524 0.0669808 0.263342 0.133962 0.00145574
0 0.423139 0.912545 0.299234 0.17491 0.00145558
0 0.27709 0.912576 0.299395 0.174848 0.00145343
0 0.961924 0.213582 0.0761523 0.191546 0.00144734
0 0.205016 0.0844321 0.265106 0.168864 0.00144532
0 0.881045 0.613191 0.237909 0.186811 0.00144385
0 0.145101 0.414178 0.290201 0.188646 0.00144311
0 0.394378 0.614024 0.119434 0.0915904 0.00144287
0 0.352484 0.912704 0.298006 0.174591 0.0014418
0 0.881682 0.514352 0.236636 0.18287 0.00144021
0 0.839322 0.563815 0.289144 0.184881 0.00143977
0 0.111032 0.514778 0.222065 0.186349 0.00143906
0 0.958613 0.61273 0.0827739 0.193845 0.00143887
0 0.913289 0.764676 0.173422 0.187718 0.00143712
0 0.0797177 0.817997 0.159435 0.184483 0.00143609
0 0.439742 0.763988 0.0962694 0.0677543 0.00143518
0 0.960458 0.264159 0.0790845 0.191202 0.00143511
0 0.960116 0.463541 0.0797681 0.191613 0.00143414
0 0.144942 0.514201 0.289884 0.183355 0.00143411
0 0.144911 0.763741 0.289823 0.188087 0.00143183
0 0.554136 0.912826 0.297692 0.174348 0.00143032
0 0.210658 0.76325 0.301009 0.185572 0.00143027
0 0.958186 0.663186 0.083628 0.193616 0.00142919
0 0.518883 0.10925 0.279047 0.187009 0.0014289
0 0.532084 0.0804919 0.281629 0.160984 0.00142778
0 0.820925 0.218078 0.290518 0.186746 0.00142749
0 0.915767 0.565071 0.168466 0.184214 0.00142733
0 0.22989 0.248076 0.303294 0.193664 0.00142564
0 0.8778 0.215559 0.2444 0.189325 0.00142488
0 0.514928 0.261035 0.312603 0.195467 0.00142292
0 0.110507 0.414773 0.221014 0.189654 0.00142283
0 0.83668 0.114704 0.308544 0.181354 0.00142141
0 0.960288 0.314162 0.0794234 0.192539 0.00142088
0 0.113565 0.315469 0.227131 0.1896 0.00142077
0 0.210136 0.414576 0.303903 0.186297 0.00142014
0 0.878675 0.165729 0.242651 0.187167 0.00142005
0 0.840878 0.513566 0.28811 0.182014 0.00141849
0 0.705093 0.316734 0.31564 0.189722 0.00141795
0 0.880009 0.866185 0.239983 0.187959 0.00141722
0 0.354472 0.814825 0.296638 0.184226 0.00141711
0 0.833152 0.91175 0.306473 0.176501 0.00141611
0 0.87893 0.763376 0.242139 0.187259 0.00141564
0 0.836452 0.267077 0.301869 0.190369 0.00141551
0 0.840654 0.612367 0.292983 0.187123 0.00141521
0 0.492432 0.611525 0.290505 0.18504 0.00141464
0 0.887438 0.11351 0.225124 0.185814 0.00141461
0 0.91746 0.514798 0.165081 0.183388 0.00141436
0 0.448953 0.0689349 0.26328 0.13787 0.00141349
0 0.283694 0.314771 0.2993 0.188711 0.00141273
0 0.843315 0.31615 0.307502 0.190789 0.00141259
0 0.960581 0.41372 0.0788382 0.192206 0.00141237
0 0.283324 0.76327 0.299237 0.183792 0.00141106
0 0.209355 0.814738 0.29853 0.185356 0.001411
0 0.729422 0.999488 0.114948 0.00102472 0.00141091
0 0.739859 0.0648289 0.257944 0.129658 0.00141078
0 0.776091 0.317348 0.31467 0.189643 0.00141056
0 0.705268 0.612865 0.296629 0.186688 0.00141012
0 0.109526 0.464525 0.219053 0.189446 0.00140951
0 0.912727 0.815128 0.174547 0.18473 0.00140747
0 0.773587 0.564386 0.290745 0.182726 0.00140712
0 0.623863 0.9126 0.2992 0.1748 0.00140679
0 0.809639 0.0657028 0.261467 0.131406 0.0014067
0 0.147165 0.313988 0.29433 0.189952 0.00140603
0 0.694078 0.999469 0.11414 0.00106125 0.00140546
0 0.128874 0.266963 0.257747 0.184032 0.00140418
0 0.0700969 0.997461 0.12871 0.00507851 0.0014041
0 0.69274 0.912047 0.302829 0.175907 0.00140407
0 0.111554 0.365427 0.223108 0.190222 0.00140406
0 0.960544 0.363915 0.0789125 0.193051 0.00140374
0 0.144674 0.814758 0.289347 0.18492 0.00140371
0 0.878567 0.714944 0.242867 0.184803 0.00140249
0 0.842177 0.366186 0.29917 0.189648 0.00140247
0 0.283376 0.514622 0.289542 0.180344 0.00140129
0 0.35721 0.764393 0.298465 0.182368 0.00140109
0 0.775457 0.612608 0.295035 0.186252 0.00140038
0 0.49062 0.564376 0.289192 0.181471 0.00140027
0 0.279532 0.814866 0.29605 0.184483 0.00139999
0 0.876804 0.814458 0.246391 0.187721 0.00139958
0 0.69649 0.513096 0.2837 0.180612 0.00139958
0 0.426348 0.611304 0.28957 0.1837 0.00139898
0 0.764926 0.912011 0.304978 0.175978 0.00139861
0 0.917939 0.166077 0.164123 0.183809 0.00139818
0 0.357547 0.316157 0.299912 0.189163 0.00139785
0 0.878004 0.266233 0.243992 0.18805 0.00139701
0 0.147502 0.613774 0.295004 0.185659 0.00139615
0 0.144681 0.464146 0.289362 0.187568 0.00139605
0 0.287181 0.415081 0.299675 0.183695 0.00139596
0 0.109895 0.765481 0.219789 0.189951 0.00139587
0 0.878488 0.316433 0.243024 0.188549 0.00139585
0 0.561447 0.612484 0.294646 0.186496 0.00139572
0 0.92884 0.11328 0.14232 0.183698 0.00139549
0 0.875789 0.911412 0.248422 0.177177 0.0013951
0 0.915923 0.614327 0.168154 0.185719 0.00139422
0 0.872132 0.999441 0.123452 0.00111876 0.00139362
0 0.283853 0.613282 0.291607 0.183277 0.00139356
0 0.914142 0.715562 0.171715 0.184435 0.00139348
0 0.213404 0.313793 0.298921 0.188841 0.00139313
0 0.356402 0.713517 0.290865 0.181503 0.00139296
0 0.70177 0.564422 0.29053 0.182926 0.00139237
0 0.356764 0.61263 0.291934 0.182407 0.00139168
0 0.146311 0.562646 0.292088 0.18215 0.00139124
0 0.116201 0.614882 0.232402 0.187873 0.00139042
0 0.824276 0.164545 0.303697 0.18119 0.00139029
0 0.425889 0.0797067 0.293048 0.159413 0.00139006
0 0.144047 0.364574 0.288094 0.189776 0.00138951
0 0.654683 0.14619 0.196394 0.141259 0.905397
0 0.257789 0.114789 0.195464 0.143845 0.902076
0 0.686141 0.173196 0.125134 0.10357 0.00270726
0 0.340042 0.108009 0.356328 0.216019 0.00265058
0 0.245628 0.195431 0.314546 0.223834 0.00253887
0 0.187305 0.368616 0.321803 0.209716 0.0022164
0 0.18163 0.414482 0.339884 0.252665 0.00216374
0 0.267564 0.0876475 0.286487 0.175295 0.00209753
0 0.186671 0.0872633 0.372491 0.174527 0.00203912
0 0.189476 0.261258 0.378952 0.38446 0.00202803
0 0.87502 0.119649 0.24996 0.239299 0.00199787
0 0.185536 0.209194 0.371072 0.418389 0.00199678
0 0.353726 0.187188 0.442516 0.374377 0.00196384
0 0.409292 0.358509 0.712527 0.485744 0.00192691
0 0.151209 0.332195 0.302419 0.327336 0.0018727
0 0.654707 0.118294 0.216189 0.204679 0.0018721
0 0.779027 0.181091 0.441946 0.362182 0.00186302
0 0.552915 0.247787 0.826609 0.495573 0.00184944
0 0.163959 0.522469 0.327918 0.470891 0.00180093
0 0.21896 0.223066 0.437919 0.446133 0.0017977
0 0.211688 0.305328 0.361751 0.298831 0.00179133
0 0.13324 0.334258 0.266479 0.299254 0.00178628
0 0.669822 0.111758 0.39768 0.223516 0.00176912
0 0.262233 0.139736 0.169438 0.0919839 0.00176017
0 0.130538 0.368967 0.261077 0.267562 0.00175582
0 0.607097 0.276456 0.785807 0.552912 0.00174015
0 0.212306 0.125025 0.284518 0.235468 0.00173915
0 0.550312 0.232842 0.583257 0.465683 0.0017305
0 0.591758 0.117429 0.370715 0.234859 0.00171727
0 0.282062 0.161216 0.28501 0.278871 0.00170828
0 0.14192 0.459744 0.283839 0.356953 0.00169585
0 0.607467 0.206504 0.324621 0.393465 0.00169013
0 0.00692846 0.973751 0.0138569 0.0524981 0.00167302
0 0.20544 0.809696 0.41088 0.380608 0.00167144
0 0.496095 0.944099 0.450974 0.111803 0.00166168
0 0.700631 0.221678 0.336881 0.390335 0.00164534
0 0.496048 0.144818 0.571183 0.289637 0.00163863
0 0.24346 0.196254 0.265746 0.354382 0.00163571
0 0.209125 0.161324 0.321799 0.245266 0.00162298
0 0.653922 0.0863462 0.433949 0.172692 0.00162149
0 0.167786 0.0987888 0.335572 0.197578 0.00161771
0 0.29037 0.230296 0.340898 0.447414 0.00161723
0 0.0880008 0.976522 0.176002 0.0469568 0.00160277
0 0.14585 0.414206 0.291701 0.355276 0.00160152
0 0.844191 0.168948 0.311618 0.337896 0.00159382
0 0 0.901625 0 0.196749 0.00159213
0 0.428809 0.954719 0.43833 0.0905619 0.00159191
0 0.765294 0.152267 0.469412 0.304535 0.00158296
0 0.44164 0.17602 0.398447 0.24274 0.00158295
0 0.998415 0.0889237 0.0031706 0.177847 0.00156327
0 1 0.882167 0 0.235666 0.00156187
0 0.213353 0.758374 0.426706 0.483251 0.00155508
0 0.185486 0.136883 0.370972 0.273766 0.00154093
0 0.201888 0.176256 0.403776 0.352513 0.00153946
0 0.0239361 0.863181 0.0478721 0.273639 0.00153739
0 0 0.941433 0 0.117134 0.0015354
0 0.71903 0.2629 0.56194 0.5258 0.00152102
0 0.260176 0.234113 0.492202 0.420343 0.00151951
0 0.0297732 0.975316 0.0595464 0.0493673 0.00151574
0 0.587162 0.113583 0.492559 0.227165 0.00151076
0 1 0.919027 0 0.161946 0.0015107
0 0.42114 0.264751 0.764958 0.529501 0.00150207
0 0.218504 0.662824 0.437008 0.501775 0.00150184
0 0.697823 0.111281 0.282161 0.222562 0.00149727
0 0.727412 0.0902527 0.455355 0.180505 0.00148851
0 0.283746 0.0961267 0.283004 0.167504 0.00148295
0 0.542982 0.176019 0.516312 0.334768 0.00147938
0 0.928413 0.105262 0.143174 0.210524 0.00147697
0 0.00782678 0.0993088 0.0156536 0.198618 0.00147071
0 0.867264 0.222677 0.265472 0.445354 0.00146741
0 0.352073 0.964341 0.417311 0.0713176 0.001465
0 0.966326 0.829478 0.0673489 0.341043 0.00146275
0 0.159684 0.308584 0.319369 0.405989 0.00146101
0 0.632975 0.94413 0.499982 0.111739 0.00145989
0 0.0213355 0.827139 0.0426709 0.345722 0.00145238
0 0.694554 0.143968 0.283151 0.184077 0.00145087
0 0.877229 0.458002 0.245543 0.534877 0.00145001
0 0.966162 0.125495 0.0676762 0.25099 0.00144072
0 0.822544 0.786201 0.354912 0.427597 0.00143697
0 0.296899 0.662179 0.593799 0.57602 0.00142868
0 0.765932 0.100229 0.468135 0.200459 0.00142147
0 0.936764 0.510095 0.126472 0.417944 0.00142037
0 0.70536 0.952002 0.480169 0.0959965 0.00141792
0 0.0320783 0.703045 0.0641567 0.545739 0.00141327
0 0.0316818 0.594795 0.0633636 0.512403 0.00140922
0 0 0.0733217 0 0.146643 0.00140647
0 0.499099 0.309651 0.879835 0.580753 0.00140313
0 0.8676 0.558122 0.2648 0.550669 0.00140116
0 0.930442 0.610656 0.139116 0.432792 0.00139647
0 0.767847 0.224978 0.464306 0.449956 0.0013929
0 0.0264414 0.490319 0.0528829 0.449972 0.00139049
0 0.316819 0.137581 0.0709778 0.100186 0.00138655
0 0.275889 0.968426 0.413783 0.0631472 0.00138628
0 0.931156 0.213101 0.137687 0.426202 0.00138407
0 0.783346 0.116569 0.433309 0.233139 0.00137641
0 0.1456 0.361556 0.291201 0.383973 0.00137249
0 0.506228 0.112079 0.515348 0.224159 0.00137106
0 0.926844 0.70976 0.146311 0.442212 0.00136989
0 0.862114 0.739574 0.275773 0.520853 0.00136912
0 0.958241 0.409535 0.0835181 0.377853 0.00136723
0 0.864415 0.658522 0.271169 0.555578 0.00136545
0 0.746792 0.359407 0.506416 0.569227 0.00136433
0 0.812493 0.0651745 0.375014 0.130349 0.00136268
0 0.973274 0.906645 0.0534521 0.18671 0.00135708
0 0.129129 0.973916 0.258257 0.0521677 0.00135487
0 0.849876 0.357565 0.300249 0.543015 0.00135086
0 0.0136977 0.400622 0.0273953 0.334754 0.00134667
0 0.276175 0.575287 0.552349 0.557235 0.00134569
0 0.91805 0.161671 0.163901 0.323341 0.00134214
0 0.959458 0.256602 0.0810835 0.394252 0.00133855
0 0.973669 0.979369 0.0526615 0.0412615 0.00133694
0 0.578652 0.0826753 0.427993 0.165351 0.00132401
0 0.798137 0.388896 0.403725 0.314613 0.00132257
0 0.287998 0.740877 0.575996 0.518246 0.00132213
0 0.786257 0.194203 0.427486 0.388407 0.00132053
0 0.974253 0.309818 0.0514949 0.358683 0.00131805
0 0.187105 0.972568 0.349477 0.0548638 0.00131439
0 0.78179 0.124897 0.43642 0.249794 0.00130857
0 0.955857 0.860326 0.088286 0.279347 0.00130644
0 0.140674 0.414999 0.281349 0.390279 0.00129667
0 0.129156 0.262406 0.258313 0.524812 0.00129269
0 0.847546 0.268373 0.304909 0.536746 0.00128957
0 0.643098 0.31154 0.713804 0.592869 0.00128073
0 0.00293397 0.361617 0.00586795 0.261674 0.00127514
0 0.204237 0.236006 0.408473 0.337299 0.00127439
0 0.931404 0.793169 0.137192 0.413662 0.00127411
0 0.088339 0.737169 0.176678 0.525662 0.00127039
0 0.225371 0.467743 0.450742 0.444309 0.00126807
0 0.890213 0.309123 0.219573 0.499023 0.00126749
0 0.296468 0.201329 0.384972 0.197189 0.00126665
0 0.1389 0.0794793 0.2778 0.145996 0.00126365
0 0.44148 0.14194 0.222505 0.131311 0.0012617
0 0.675573 0.408296 0.648853 0.593576 0.00125584
0 0.592018 0.558382 0.815963 0.540165 0.00124748
0 0.569371 0.359018 0.861257 0.596274 0.00124118
0 0.763988 0.456111 0.472025 0.564671 0.00123963
0 0.663214 0.212575 0.219111 0.190328 0.00123433
0 0.173376 0.139822 0.346752 0.264979 0.00122542
0 0.358487 0.090263 0.327391 0.180526 0.00122378
0 0.638626 0.0702307 0.232289 0.0823957 0.0012058
0 0 0.158381 0 0.195965 0.00119925
0 0.497703 0.407205 0.854036 0.564651 0.00118947
0 0.253372 0.888063 0.26389 0.130035 0.00118573
0 0 0.31693 0 0.221054 0.00118185
0 0.41362 0.465137 0.755043 0.508092 0.00117963
0 0.269242 0.153537 0.173881 0.0744757 0.00116841
0 0.631955 0.454852 0.736089 0.554269 0.00116517
0 0.802665 0.0966186 0.394669 0.193237 0.00116437
0 0.20828 0.193659 0.41656 0.240887 0.00116388
0 0.0639805 0.334848 0.127961 0.464098 0.00116252
0 0.774973 0.267074 0.450054 0.534148 0.0011604
0 0.144543 0.541632 0.288042 0.143874 0.00114993
0 0 0.215976 0 0.2126 0.00114978
0 0.741132 0.606094 0.517736 0.527982 0.00114705
0 0.829103 0.310247 0.341793 0.187075 0.00114681
0 0.311031 0.0819334 0.286438 0.163867 0.0011421
0 0.482142 0.9132 0.321082 0.167632 0.00114108
0 0.194787 0.0198108 0.387186 0.0396217 0.00113515
0 0.0716692 0.213495 0.143338 0.42699 0.00113504
0 0.862211 0.828227 0.275578 0.343546 0.00113364
0 0 0.10728 0 0.167483 0.00113352
0 0.301693 0.168191 0.242116 0.128533 0.00113334
0 0.255741 0.81642 0.511482 0.36716 0.00113216
0 0.343536 0.761563 0.687072 0.476874 0.00112958
0 0.405503 0.658907 0.805871 0.529272 0.00112876
0 0.136942 0.124487 0.273883 0.205231 0.00112769
0 0.816261 0.95908 0.367478 0.0818394 0.00112319
0 0.67128 0.609071 0.657441 0.527102 0.00112291
0 0.0795264 0.116316 0.159053 0.232631 0.00111883
0 0.817501 0.336824 0.364997 0.210385 0.00111844
0 0 0.27023 0 0.210511 0.00111711
0 0.00408825 0.0852459 0.00817649 0.170492 0.00111256
0 0.42207 0.0761388 0.32216 0.152278 0.00111253
0 0.495471 0.0985935 0.500709 0.161333 0.00110866
0 0.179339 0.543604 0.358678 0.485715 0.00110813
0 0.712552 0.711913 0.574896 0.513299 0.00110206
0 0.611339 0.658892 0.777322 0.525307 0.00109465
0 0.650207 0.804078 0.699585 0.391845 0.00109311
0 0.487612 0.747508 0.807198 0.504983 0.00109009
0 0.708739 0.505956 0.582523 0.547119 0.00108881
0 0.507084 0.0798252 0.393569 0.15965 0.00108623
0 0.806067 0.243849 0.337068 0.156553 0.00108591
0 0.299792 0.195628 0.26593 0.188118 0.00108329
0 0.793779 0.150697 0.412441 0.267814 0.00107623
0 0.155783 0.478977 0.311565 0.438022 0.00106237
0 0.381415 0.557946 0.762829 0.557168 0.00106095
0 0.608298 0.773889 0.783404 0.452222 0.00106053
0 0.752691 0.797656 0.494617 0.404687 0.00105973
0 0.0862929 0.912493 0.172586 0.175014 0.00105928
0 0.254027 0.172088 0.181148 0.0305409 0.00105708
0 0.0773862 0.788354 0.154772 0.423292 0.00104954
0 0.82452 0.192192 0.301709 0.216171 0.00104931
0 0.118879 0.63802 0.237757 0.541518 0.00104786
0 0.378091 0.708104 0.756181 0.55149 0.0010351
0 0.482654 0.609026 0.809243 0.525464 0.00103332
0 0.0307219 0.144226 0.0614437 0.288453 0.00103164
0 0.149978 0.22033 0.299956 0.440659 0.00102306
0 0.127829 0.826395 0.255657 0.347209 0.00102281
0 0.132253 0.870193 0.264505 0.259615 0.00102229
0 0.999215 0.082336 0.00157078 0.164672 0.00102188
0 1 0.952664 0 0.0946714 0.00102095
0 0.395353 0.823285 0.777486 0.35343 0.00101994
0 0.322374 0.356981 0.194311 0.0965311 0.00101529
0 0 0.0193433 0 0.0386866 0.00101428
0 0.469975 0.116557 0.551821 0.233115 0.00101314
0 0.0978052 0.103845 0.19561 0.20769 0.00101244
0 0.71341 0.776276 0.573181 0.447447 0.0010114
0 0.784331 0.659526 0.431338 0.526491 0.00100734
0 0.409215 0.772702 0.796975 0.454596 0.00100379
0 0.253999 0.11432 0.18935 0.141845 0.955517
0 0.651386 0.147398 0.184757 0.136851 0.943913
0 0.00609513 0.101165 0.0121903 0.20233 0.00256006
0 0.689348 0.170788 0.121141 0.100977 0.0022795
0 0.426465 0.163614 0.591915 0.327228 0.00200943
0 0.97536 0.0872248 0.0492804 0.17445 0.0017015
0 0.263719 0.0904805 0.34725 0.180961 0.00162463
0 0.284113 0.638266 0.180883 0.0643758 0.00160533
0 0.19314 0.247036 0.38628 0.494072 0.00159962
0 0.636387 0.144076 0.727227 0.288151 0.00159227
0 0.0255696 0.967657 0.0511392 0.0646851 0.00158976
0 0.191218 0.0893136 0.36558 0.178627 0.00157491
0 0.422685 0.0992062 0.500293 0.198412 0.0015717
0 0.801978 0.394415 0.396045 0.466114 0.00156631
0 0.210213 0.416929 0.420425 0.367269 0.0015459
0 0.210537 0.576475 0.168557 0.0937244 0.00153982
0 0.766733 0.178788 0.466535 0.357576 0.001538
0 0.0952551 0.503845 0.19051 0.375591 0.00153186
0 0.0248181 0.108013 0.0496362 0.216027 0.00151046
0 0.00624257 0.0730355 0.0124851 0.146071 0.00150129
0 0.995489 0.0889593 0.00902178 0.177919 0.00149839
0 0.346463 0.296556 0.692925 0.555503 0.00149589
0 0.508268 0.912638 0.541819 0.174724 0.00147744
0 0.199441 0.948125 0.181185 0.10375 0.00146717
0 0.473151 0.0835502 0.321833 0.1671 0.00146203
0 0.069596 0.977689 0.139192 0.0446215 0.00145941
0 0.301529 0.913981 0.561923 0.172037 0.00144274
0 0.799017 0.295963 0.401966 0.44509 0.00142911
0 0.277778 0.34285 0.555556 0.457716 0.00142408
0 0.630043 0.133635 0.477541 0.26727 0.00142319
0 0.725424 0.130214 0.549151 0.260428 0.00141147
0 0.795547 0.449321 0.408907 0.508721 0.00140844
0 0.811352 0.185469 0.377296 0.370938 0.00139597
0 0.938489 0.510593 0.123022 0.364213 0.00139069
0 0.891607 0.96844 0.216786 0.0631205 0.00138305
0 0.577045 0.169721 0.675609 0.339442 0.00137838
0 0.64367 0.915013 0.551823 0.169975 0.00137808
0 0.935148 0.841009 0.129705 0.317981 0.00137714
0 0.393609 0.35426 0.787217 0.581987 0.00137268
0 0.933722 0.611891 0.132555 0.364781 0.0013596
0 0.0929816 0.416759 0.185963 0.286727 0.00135066
0 0.0919134 0.370148 0.183827 0.270184 0.00134969
0 0.577614 0.284122 0.844773 0.568244 0.00134649
0 0.236025 0.929763 0.47205 0.140474 0.00133968
0 0.0229453 0.16492 0.0458906 0.32984 0.00133859
0 0.81113 0.50686 0.37774 0.446765 0.00133482
0 0.190433 0.884456 0.380866 0.18819 0.0013323
0 0.18491 0.132065 0.36982 0.23535 0.00133071
0 0.766184 0.19626 0.467632 0.392521 0.00132993
0 0.964297 0.867574 0.071406 0.264852 0.00132786
0 0.932209 0.712454 0.135581 0.36247 0.00132004
0 0.766677 0.931212 0.466645 0.137575 0.0013128
0 0.800071 0.121042 0.399859 0.242084 0.0013085
0 0.315383 0.133186 0.0703837 0.103615 0.00130763
0 0.301769 0.461167 0.33979 0.113673 0.00130614
0 0.447001 0.210945 0.688895 0.421889 0.00129074
0 0.00428427 0.135288 0.00856855 0.270577 0.00128817
0 0.01636 0.369551 0.03272 0.330553 0.00128242
0 0.993659 0.965355 0.0126827 0.0692901 0.00128219
0 0.856633 0.096344 0.286734 0.192688 0.00126824
0 0.264364 0.08954 0.253026 0.17908 0.00126462
0 0.136216 0.100524 0.272431 0.201048 0.00126154
0 0.149703 0.958016 0.299405 0.0839685 0.00126048
0 0.078109 0.372924 0.156218 0.297091 0.00125812
0 0.167358 0.100951 0.334716 0.201902 0.00125666
0 0.739655 0.704411 0.520691 0.473977 0.00125574
0 0.95731 0.172974 0.0853798 0.345949 0.00124434
0 0.134548 0.084045 0.269096 0.16809 0.00123553
0 0.94636 0.212665 0.10728 0.365028 0.00123377
0 0.938563 0.36056 0.122873 0.366724 0.00123119
0 0.278119 0.189091 0.292503 0.358696 0.00122822
0 0.0415136 0.0821184 0.0830271 0.164237 0.00122736
0 0.77474 0.212902 0.374116 0.225903 0.0012149
0 0.656723 0.754466 0.686553 0.484445 0.00121468
0 0.307257 0.616932 0.614515 0.57739 0.00121312
0 0.518042 0.116837 0.61825 0.233674 0.00121226
0 0.0126439 0.817284 0.0252878 0.335456 0.00120944
0 0.012657 0.717882 0.0253139 0.331972 0.00120848
0 0.5783 0.257154 0.249408 0.0990444 0.00120552
0 0.0701482 0.911355 0.140296 0.177289 0.00120434
0 0.0126696 0.614018 0.0253392 0.338793 0.00119897
0 0.750285 0.348646 0.49943 0.559173 0.00119657
0 0.86599 0.405731 0.268019 0.397704 0.00119612
0 0.751194 0.195927 0.497613 0.391855 0.00118499
0 0.00415032 0.211534 0.00830065 0.349895 0.00118319
0 0.158363 0.287033 0.316727 0.405644 0.00117324
0 0.00476083 0.361192 0.00952165 0.360651 0.00117146
0 0.304099 0.787947 0.608198 0.424106 0.00116682
0 0.978679 0.116046 0.0426426 0.232093 0.00116525
0 0.834685 0.946711 0.330631 0.106578 0.0011641
0 0.875107 0.846006 0.249785 0.307988 0.0011629
0 0.573512 0.154752 0.516823 0.309505 0.00115884
0 0.00312261 0.314824 0.00624521 0.363975 0.00115786
0 0.167568 0.699312 0.335136 0.430834 0.00115563
0 0.176415 0.79187 0.352831 0.41626 0.00115344
0 0.211187 0.120317 0.289776 0.240634 0.00115337
0 0.17931 0.175073 0.358619 0.350145 0.00115297
0 0.726755 0.50562 0.546489 0.493169 0.00114967
0 0.544939 0.753891 0.744191 0.491885 0.0011473
0 0.652189 0.124746 0.24786 0.249491 0.00114444
0 0.0987212 0.465352 0.197442 0.372015 0.00114351
0 0.693639 0.657011 0.612721 0.489877 0.00114215
0 0 0.0122624 0 0.0245248 0.0011396
0 0.134106 0.597155 0.268212 0.439978 0.00113865
0 0.865189 0.308859 0.269621 0.381826 0.00113831
0 0.60186 0.236897 0.416862 0.473795 0.00113823
0 0.214321 0.245288 0.428642 0.261611 0.00113734
0 0.73631 0.786518 0.52738 0.426965 0.00113655
0 0.222345 0.826129 0.44469 0.255038 0.00113249
0 0.218772 0.242611 0.437156 0.465706 0.00113075
0 0.731487 0.606368 0.537025 0.486683 0.00112906
0 0.836827 0.781881 0.326345 0.436238 0.00112095
0 0.613359 0.783758 0.742563 0.432484 0.00111996
0 0.616883 0.50915 0.76055 0.48849 0.00111077
0 0.0193583 0.267147 0.0387165 0.324797 0.00110937
0 0.612036 0.656822 0.77014 0.499059 0.00110932
0 0.00424369 0.459161 0.00848738 0.365916 0.00110581
0 0.0394503 0.993026 0.0789007 0.0139484 0.00110316
0 0.328767 0.242364 0.51596 0.484727 0.00110201
0 0.00364635 0.660673 0.00729271 0.352701 0.00110128
0 0.00371535 0.760016 0.00743069 0.354223 0.00109842
0 0.704484 0.162123 0.0863809 0.110328 0.0010961
0 0.79302 0.606244 0.413959 0.51886 0.00109589
0 0.804945 0.808073 0.39011 0.383854 0.00109432
0 0.544944 0.559024 0.760521 0.496811 0.00109077
0 0.686123 0.238968 0.452576 0.160181 0.00108287
0 0.171244 0.91024 0.331049 0.17563 0.00108021
0 0.233443 0.352646 0.466885 0.261641 0.00107835
0 0.68852 0.55748 0.622959 0.496438 0.00107515
0 0.255341 0.461811 0.510682 0.438332 0.00107128
0 0.485404 0.781737 0.725942 0.436526 0.00106894
0 0.00382157 0.842759 0.00764314 0.314482 0.00106892
0 0.653857 0.60918 0.692286 0.491646 0.00106805
0 0.365282 0.214002 0.520485 0.228537 0.00106758
0 0.692088 0.80639 0.615824 0.387219 0.00106496
0 0.784027 0.237956 0.431947 0.475911 0.00106394
0 0.0790919 0.100962 0.158184 0.201924 0.001062
0 0.829968 0.703293 0.340064 0.474526 0.00106161
0 0.405265 0.704419 0.765145 0.517142 0.00105967
0 0.844328 0.555954 0.311343 0.457519 0.00105735
0 0.548011 0.456188 0.7882 0.51538 0.00105602
0 0.00358022 0.557071 0.00716044 0.365746 0.00105298
0 0.6573 0.456356 0.685401 0.503626 0.00105194
0 0.0307964 0.414196 0.0615928 0.367043 0.00105035
0 0.00734053 0.934624 0.0146811 0.130752 0.00104823
0 0.467155 0.128663 0.38091 0.257325 0.0010467
0 0.754958 0.236698 0.490083 0.473396 0.00104562
0 0.417661 0.277208 0.835322 0.554415 0.00103766
0 0.371872 0.741081 0.743743 0.517839 0.00103422
0 0.22971 0.016478 0.338861 0.032956 0.00103238
0 0.311178 0.0877242 0.345733 0.175448 0.00103114
0 0.411169 0.798156 0.76484 0.403688 0.00103049
0 0.00208847 0.973132 0.00417694 0.0537354 0.00102573
0 0.478341 0.508261 0.780858 0.504524 0.00102527
0 0.0192592 0.147042 0.0385183 0.294084 0.00102212
0 0.193648 0.819599 0.246369 0.15333 0.00102196
0 0.367431 0.656793 0.734861 0.554423 0.00102157
0 0.690551 0.129256 0.303508 0.258512 0.00101819
0 0.203909 0.535245 0.407819 0.504939 0.00101489
0 0.541627 0.263934 0.275984 0.0882851 0.00101112
0 0.185022 0.852168 0.370044 0.243516 0.00100634
0 0.653644 0.146639 0.193341 0.136921 0.97322
0 0.254154 0.116778 0.192445 0.142178 0.970979
0 0.999449 0.113864 0.00110132 0.227727 0.455142
0 0.0412041 0.125412 0.0824082 0.250825 0.284714
0 0.99829 0.887236 0.00342039 0.225528 0.156682
0 0.87262 0.125502 0.254761 0.247411 0.0814903
0 0.0389637 0.887093 0.0779274 0.225814 0.0776043
0 0.0171187 0.100346 0.0342373 0.200692 0.0513112
0 0.856164 0.898166 0.287672 0.202954 0.039412
0 0.998479 0.163031 0.00304208 0.277089 0.029255
0 0.846577 0.218078 0.306847 0.271344 0.0283679
0 0.843878 0.264382 0.312245 0.26925 0.0149591
0 0.0430346 0.188639 0.0860692 0.2779 0.013356
0 0.997052 0.217312 0.00589514 0.282987 0.0122359
0 0.99699 0.492382 0.0060207 0.282907 0.0114835
0 0.997059 0.267373 0.0058825 0.282773 0.0114631
0 0.996966 0.44234 0.00606843 0.282725 0.0114361
0 0.996988 0.392323 0.00602487 0.282627 0.0112164
0 0.997034 0.342369 0.00593251 0.282662 0.0111493
0 0.997037 0.542315 0.00592659 0.283031 0.011091
0 0.997081 0.792389 0.00583867 0.282869 0.0109851
0 0.997035 0.843474 0.00593009 0.284641 0.0108228
0 0.99707 0.742334 0.00585964 0.282777 0.0106627
0 0.0431919 0.364275 0.0863838 0.277461 0.0105414
0 0.997075 0.692375 0.0058497 0.28282 0.0104575
0 0.997074 0.61716 0.00585265 0.283221 0.0101659
0 0.0423345 0.314055 0.0846689 0.277453 0.00941328
0 0.112885 0.114977 0.217845 0.222964 0.0093544
0 0.999255 0.0708907 0.00148998 0.141781 0.00935118
0 0.043139 0.238945 0.086278 0.27751 0.00905972
0 0.874007 0.176503 0.251986 0.259573 0.00832193
0 0.0445919 0.414168 0.0891839 0.277278 0.0079601
0 0.482974 0.913288 0.268569 0.168245 0.00697566
0 0.0430963 0.689121 0.0861926 0.276893 0.00605134
0 0.0425794 0.639125 0.0851588 0.27692 0.00529775
0 0.0406205 0.839918 0.081241 0.278278 0.00523722
0 0.045118 0.463826 0.0902359 0.277052 0.00516811
0 0.0427016 0.738995 0.0854031 0.27691 0.005073
0 0.959449 0.955217 0.0811028 0.0869438 0.00473945
0 0.041619 0.78899 0.0832379 0.276898 0.00472424
0 0.857796 0.835801 0.284407 0.235656 0.0045546
0 1 0.889096 0 0.221808 0.00450029
0 0.163497 0.903251 0.318472 0.19315 0.00413603
0 0.0445352 0.513673 0.0890705 0.276872 0.00410653
0 0.84692 0.653757 0.30616 0.219418 0.00394006
0 0.0425595 0.588742 0.0851189 0.276932 0.00385216
0 0.487696 0.229761 0.264837 0.199999 0.00364422
0 0.857355 0.595173 0.285289 0.250712 0.00351882
0 1 0.128806 0 0.257612 0.00305133
0 0.995436 0.866215 0.00912865 0.267569 0.00299175
0 0.847367 0.0856623 0.305266 0.171325 0.00288136
0 0.0722824 0.174469 0.144565 0.348937 0.00241187
0 0.448278 0.215503 0.298561 0.234844 0.00237193
0 0.855362 0.147809 0.278441 0.295617 0.00233498
0 0.848795 0.12053 0.302409 0.24106 0.00228268
0 1 0.948216 0 0.103568 0.00224741
0 0.85266 0.721509 0.29468 0.263457 0.00223708
0 0.99606 0.809621 0.00787985 0.35784 0.00219913
0 1 0.901724 0 0.196553 0.00216622
0 0.995651 0.302588 0.00869778 0.348842 0.00212975
0 0.833837 0.841346 0.332326 0.317307 0.00212611
0 0.0774322 0.321312 0.154864 0.401921 0.00211784
0 1 0.974963 0 0.0500732 0.00209051
0 0.99617 0.401428 0.00766032 0.3399 0.0020762
0 0.996258 0.651165 0.00748447 0.339751 0.00206665
0 0.996225 0.550927 0.00755008 0.340171 0.00204589
0 0.0767857 0.222954 0.153571 0.406956 0.00198598
0 0.786603 0.118105 0.426794 0.236209 0.00192763
0 0.995451 0.197502 0.00909881 0.350187 0.00190675
0 0.785581 0.197621 0.413262 0.326487 0.00190368
0 0.787431 0.129234 0.40968 0.258469 0.00189689
0 0.825167 0.381654 0.346476 0.414983 0.00187322
0 0.79841 0.425596 0.403179 0.450574 0.00185114
0 0.826735 0.622986 0.34653 0.403082 0.00179928
0 0.0762825 0.420726 0.152565 0.403994 0.00178151
0 0.506574 0.946468 0.35612 0.107065 0.00171395
0 0.0486965 0.928855 0.097393 0.142291 0.00171277
0 0.811446 0.521907 0.377108 0.435683 0.00168263
0 0.167184 0.9538 0.322246 0.0892265 0.00166838
0 1 0.170124 0 0.278913 0.0016638
0 0.581152 0.953323 0.357982 0.0933542 0.00165624
0 0.140501 0.957701 0.281003 0.0845972 0.00165165
0 0.377518 0.944461 0.415924 0.111078 0.00164913
0 0.82487 0.724703 0.350261 0.413191 0.0016234
0 0.996568 0.0807284 0.00686484 0.161457 0.00162122
0 0.857833 0.399119 0.284334 0.26108 0.00160897
0 0.927411 0.710227 0.145178 0.372318 0.00160427
0 0.859721 0.311554 0.280557 0.273721 0.00160098
0 0.215938 0.948577 0.384614 0.102847 0.00159404
0 0.0684504 0.951905 0.136901 0.0961906 0.00158068
0 0.359827 0.208622 0.374777 0.198911 0.00157353
0 0.0768609 0.675025 0.153722 0.411129 0.00157339
0 0.869941 0.557936 0.260118 0.391701 0.00156281
0 0.287472 0.948673 0.429239 0.102654 0.00155867
0 0.99603 0.136397 0.00793914 0.272795 0.00153397
0 0.859846 0.785411 0.280308 0.228461 0.00152903
0 0.431479 0.0893253 0.304134 0.178651 0.00152812
0 0.0758222 0.526389 0.151644 0.414951 0.00152781
0 0.945553 0.359963 0.108893 0.363043 0.00152537
0 0.931518 0.609946 0.136963 0.372293 0.00152469
0 0.75009 0.256179 0.484697 0.367798 0.00152032
0 0.858393 0.532883 0.283214 0.241819 0.00151787
0 0.933058 0.811973 0.133883 0.376053 0.00151322
0 0.254363 0.342605 0.508726 0.220968 0.00151158
0 0.989045 0.15486 0.0219105 0.309721 0.00150722
0 0.0775472 0.836017 0.155094 0.327967 0.00149255
0 0.866414 0.758595 0.267172 0.401111 0.00149215
0 0.077631 0.77578 0.155262 0.414803 0.00148288
0 0.93007 0.509958 0.13986 0.373322 0.00148202
0 0.815748 0.940859 0.357716 0.118283 0.00147038
0 0.869479 0.659679 0.261042 0.388036 0.00146706
0 0.862792 0.96235 0.274416 0.0753003 0.0014584
0 0.186092 0.14576 0.372185 0.284851 0.00145444
0 0.43515 0.920244 0.301834 0.157341 0.00141519
0 0.968429 0.258104 0.0631422 0.34605 0.00140889
0 0.656455 0.949735 0.342074 0.10053 0.00140882
0 0.724795 0.950031 0.34842 0.0999389 0.00140547
0 0.87341 0.837707 0.253181 0.324587 0.00139784
0 0.865035 0.457963 0.26993 0.404527 0.00138249
0 0.0376011 0.978524 0.0752022 0.0429523 0.00137861
0 0.65578 0.050331 0.255613 0.100662 0.00137498
0 0.908356 0.864475 0.183289 0.271049 0.00135962
0 0.165302 0.877609 0.330605 0.244782 0.0013529
0 0.459343 0.120319 0.261659 0.2359 0.00135267
0 0.837567 0.902014 0.316768 0.195973 0.00134113
0 0.988549 0.945902 0.0229019 0.108196 0.00132534
0 0.164538 0.19015 0.316255 0.271648 0.00131514
0 0.114734 0.954253 0.222979 0.0886698 0.00129173
0 1 0.11627 0 0.23254 0.00127551
0 0.44668 0.181339 0.686957 0.362678 0.00125597
0 0.664603 0.911591 0.258865 0.172252 0.00123666
0 0.995497 0.933395 0.00900605 0.133211 0.00123491
0 0.169482 0.930451 0.333892 0.139097 0.00122141
0 0.215034 0.848334 0.430069 0.303331 0.00121601
0 0.854487 0.0890114 0.291027 0.178023 0.00120385
0 0.699705 0.0534593 0.300318 0.106919 0.00120191
0 0.0914 0.885026 0.1828 0.229948 0.00119479
0 0.12689 0.163949 0.248516 0.280295 0.00119314
0 0.612331 0.161905 0.115791 0.0974507 0.00119231
0 0.705584 0.111693 0.319184 0.223385 0.00118013
0 0.154302 0.180833 0.308605 0.361666 0.00117847
0 0.953027 0.0839163 0.0939457 0.167833 0.00116763
0 0.978636 0.979452 0.0427274 0.0410963 0.00116574
0 0 0.892253 0 0.215493 0.00116197
0 0.34674 0.260825 0.355956 0.214175 0.00115891
0 0.947681 0.902037 0.104638 0.195925 0.00115177
0 0 0.15197 0 0.172458 0.00114297
0 0.260353 0.0909718 0.239479 0.181944 0.0011144
0 0 0.211645 0 0.173483 0.00110088
0 0.296651 0.0970835 0.451998 0.194167 0.00109251
0 0.71488 0.128975 0.57024 0.25795 0.00109235
0 0 0.827803 0 0.191167 0.00109163
0 0.309252 0.52121 0.368826 0.144788 0.00108118
0 0.544489 0.823092 0.397998 0.165202 0.00107409
0 0 0.930257 0 0.139486 0.00107214
0 0.291076 0.784761 0.472968 0.13193 0.00106753
0 0.354492 0.948172 0.210686 0.100504 0.00106581
0 0.221162 0.0684255 0.406886 0.136851 0.00106019
0 0.218072 0.682311 0.436144 0.463431 0.00105826
0 0.285168 0.127256 0.29036 0.254512 0.00105388
0 0.127667 0.279569 0.255333 0.393413 0.00104517
0 0.657934 0.19514 0.468708 0.344377 0.00104185
0 0.274658 0.612475 0.309154 0.168927 0.00104101
0 0.12458 0.472421 0.249161 0.39084 0.00104035
0 0 0.270769 0 0.186992 0.00103864
0 0.0474476 0.0869294 0.0948951 0.173859 0.00103459
0 0 0.729358 0 0.204092 0.00103414
0 0 0.678425 0 0.20463 0.00102855
0 0.0739302 0.506648 0.147241 0.239324 0.0010263
0 0.338675 0.469739 0.504346 0.206928 0.00102478
0 0.606206 0.141309 0.553172 0.282619 0.00102473
0 0 0.77794 0 0.195589 0.00102348
0 0 0.324999 0 0.199839 0.0010221
0 0 0.628156 0 0.204947 0.00102192
0 0.874259 0.36478 0.251482 0.375205 0.0010198
0 0 0.578542 0 0.205834 0.00101839
0 0.579109 0.183525 0.702701 0.36705 0.00101513
0 0 0.528246 0 0.207738 0.0010131
0 0.223709 0.133716 0.28057 0.266241 0.00100425
0 0 0.477402 0 0.21018 0.00100369
0 0.652151 0.147024 0.190803 0.137727 0.969594
0 0.252986 0.115926 0.192541 0.141681 0.946276
0 0.998097 0.112753 0.00380515 0.225505 0.0144384
0 0.00375293 0.110269 0.00750586 0.220539 0.00751042
0 0.207801 0.576134 0.158964 0.0998611 0.00693387
0 0.762655 0.0968791 0.101896 0.0526593 0.00263223
0 0.472823 0.210011 0.277016 0.23872 0.00213325
0 0.995551 0.870119 0.00889769 0.259762 0.00199048
0 0.254785 0.146067 0.170354 0.0770191 0.00197109
0 0.996908 0.894565 0.00618431 0.210869 0.00185019
0 0.208204 0.46259 0.151482 0.122522 0.00184704
0 0.839672 0.508872 0.320657 0.250843 0.00173266
0 0.86039 0.93569 0.27922 0.128621 0.00162414
0 1 0.980217 0 0.0395666 0.00160113
0 0.997779 0.0755158 0.00444145 0.151032 0.00147043
0 0.996285 0.813239 0.00742935 0.345722 0.00143747
0 0.99525 0.757924 0.00950051 0.358322 0.00135319
0 0.260285 0.0861175 0.273302 0.172235 0.00134803
0 0.996437 0.654489 0.00712673 0.324828 0.00132228
0 0.996524 0.556389 0.00695129 0.319978 0.00127379
0 0.986808 0.297551 0.0263836 0.225116 0.00125079
0 0.990463 0.171677 0.019075 0.257023 0.00124924
0 0.988651 0.246129 0.0226973 0.227948 0.00123665
0 0.0340757 0.837739 0.0681514 0.215487 0.00123222
0 0.996434 0.607098 0.00713291 0.349826 0.00123036
0 0.999345 0.291754 0.00130903 0.303546 0.00122359
0 0.179835 0.0875208 0.35967 0.175042 0.00120398
0 0.998329 0.399496 0.00334188 0.322697 0.00119859
0 0.98333 0.342685 0.03334 0.245441 0.00119599
0 0.997222 0.506428 0.00555527 0.340879 0.00119568
0 0.997761 0.452068 0.00447829 0.330247 0.00119373
0 0.246947 0.570113 0.241169 0.118604 0.00118881
0 0.187874 0.247691 0.375749 0.495381 0.00118815
0 0.951662 0.0766914 0.0966758 0.153383 0.00118365
0 0.0352001 0.889508 0.0704002 0.220984 0.00118238
0 0.0633053 0.974834 0.126611 0.050332 0.00118147
0 0.0810695 0.816056 0.162139 0.313445 0.00117661
0 0.891581 1 0.216839 0 0.00116576
0 0.703131 0.960128 0.43073 0.079744 0.00116417
0 0.0346089 0.469692 0.0692178 0.21471 0.00115837
0 0.775262 0.952216 0.449476 0.0955673 0.00115681
0 0.0720726 0.869671 0.144145 0.260658 0.00115247
0 0.0922488 0.755531 0.184498 0.374734 0.00114382
0 0.556888 0.961892 0.418421 0.0762163 0.00113758
0 0.816974 0.933893 0.366053 0.132214 0.0011262
0 0.181007 0.144302 0.346876 0.288605 0.00112548
0 0.418572 0.964835 0.415138 0.07033 0.00111622
0 0.0340901 0.523216 0.0681801 0.255708 0.00111501
0 0.0345593 0.780363 0.0691186 0.24003 0.00111091
0 0.104867 0.458612 0.209734 0.354948 0.00109581
0 0.680453 0.0629087 0.232122 0.125817 0.00109338
0 0 0.217097 0 0.218304 0.00109065
0 0.132496 0.701446 0.264991 0.420155 0.00107917
0 0.684561 0.0642457 0.26955 0.128491 0.00107486
0 0.918478 0.165194 0.163044 0.330388 0.00107357
0 0.864049 0.896121 0.270604 0.207759 0.00107257
0 0.345496 0.968679 0.396756 0.0626424 0.00107201
0 0.869502 0.294643 0.260995 0.417427 0.00106469
0 0.966445 0.426697 0.0671099 0.315019 0.00106364
0 0.886612 0.0760872 0.226776 0.152174 0.00106229
0 0.462464 0.15557 0.219865 0.19013 0.0010597
0 0 0.156925 0 0.247069 0.00105833
0 0.893051 0.2499 0.213899 0.378498 0.00105789
0 0 0.977562 0 0.0448767 0.00104543
0 0.285722 0.306194 0.571445 0.586781 0.00103716
0 0.185559 0.203976 0.364809 0.221076 0.00103663
0 0.00318015 0.07272 0.00636029 0.14544 0.00103492
0 0.277499 0.0999739 0.179785 0.168428 0.00103007
0 0.812742 0.0662985 0.287876 0.132597 0.00102926
0 0.0280989 0.700655 0.0561977 0.31456 0.00102871
0 0.03489 0.574678 0.06978 0.295897 0.00102815
0 0.340187 0.82538 0.331736 0.193899 0.00102802
0 0.849675 0.382993 0.300649 0.47282 0.00102772
0 0.751241 0.0630725 0.265753 0.126145 0.00102492
0 1 0.969812 0 0.0603765 0.00102398
0 0.0136899 0.453329 0.0273798 0.230832 0.00102363
0 0.952745 0.938917 0.0945092 0.122166 0.00102357
0 0.853741 0.864436 0.292518 0.25303 0.00102127
0 0.857612 0.0845515 0.284777 0.169103 0.0010162
0 0.264689 0.261007 0.529378 0.383109 0.00101162
0 0.949779 0.523202 0.0883423 0.268181 0.00101134
0 0.685004 0.146888 0.246259 0.164771 0.00100797
0 0.654652 0.147385 0.191138 0.138502 0.913155
0 0.255245 0.115722 0.193087 0.141991 0.904698
0 1 0.0976903 0 0.195381 0.00715956
0 0.00272653 0.0978088 0.00545307 0.195618 0.00315784
0 0.893059 1 0.213881 0 0.00280919
0 0.444852 0.634677 0.14802 0.0460542 0.00257858
0 0.998816 0.91732 0.00236773 0.165359 0.00242072
0 1 0.965148 0 0.0697044 0.00241293
0 0.425683 0.274452 0.138 0.0930752 0.00184165
0 0.305496 0.508942 0.135284 0.0703392 0.00149915
0 0.093344 1 0.186688 0 0.00149347
0 1 0.927256 0 0.145488 0.0014264
0 0.00261702 0.0584427 0.00523403 0.116885 0.00132069
0 0.100432 0.886582 0.200863 0.226837 0.00127324
0 0.753555 0.0984334 0.095061 0.0548132 0.00126676
0 0.0190974 0.454703 0.0381949 0.242477 0.00126496
0 0.0486255 0.891208 0.0972511 0.217584 0.00126391
0 1 0.981367 0 0.0372664 0.00122222
0 0.498896 0.82308 0.252164 0.137286 0.00122064
0 0.747476 0.523889 0.505049 0.407699 0.00117373
0 0.795627 0.515363 0.408745 0.323533 0.00117231
0 0.838728 1 0.249782 0 0.00115434
0 0.0960434 0.631568 0.192087 0.222472 0.0011417
0 0.034506 0.787868 0.069012 0.350072 0.00114015
0 0.785463 1 0.250925 0 0.00110745
0 0.0399326 0.549492 0.0798652 0.263395 0.00110704
0 0.0953718 0.578819 0.190744 0.216391 0.00109743
0 0.0532488 0.611462 0.106498 0.299967 0.00109151
0 0.637361 0.461022 0.414463 0.24679 0.00108998
0 0.0475834 0.7331 0.0951667 0.346036 0.00108909
0 0.0550469 0.676976 0.110094 0.33481 0.00108819
0 0.094225 0.68219 0.18845 0.22417 0.00108259
0 0.716031 0.46047 0.395169 0.223394 0.00106806
0 0.718663 0.837234 0.562673 0.325532 0.00106567
0 0.0823172 0.569512 0.164634 0.262451 0.00105843
0 0.086446 0.614882 0.172892 0.255825 0.00105327
0 0.495237 0.46011 0.389913 0.221509 0.00102922
0 0.0767434 0.666103 0.153487 0.257674 0.00102745
0 0.0918778 0.733728 0.183756 0.226395 0.00102556
0 0.450051 0.521881 0.539554 0.406085 0.00102029
0 0.0856589 0.896836 0.171318 0.206329 0.0010165
0 0.0121274 0.500041 0.0242549 0.245295 0.00101574
0 0.996617 0.978321 0.00676549 0.0433586 0.00100739
0 0.752914 0.734679 0.494173 0.43904 0.00100516
0 0.158715 0.146709 0.31743 0.235214 0.00100404
0 0.254948 0.115702 0.192601 0.139804 0.945973
0 0.650473 0.147999 0.18877 0.134516 0.923769
0 0.999135 0.942293 0.00173009 0.115413 0.0129441
0 0.99871 0.103047 0.00257988 0.206094 0.0109607
0 0 0.964607 0 0.0707857 0.00605913
0 0 0.531149 0 0.12463 0.00523446
0 0 0.556082 0 0.124684 0.00514111
0 0 0.581113 0 0.124651 0.00506202
0 0 0.606125 0 0.12466 0.00500765
0 0 0.631272 0 0.125089 0.00498136
0 0 0.506161 0 0.125173 0.00469514
0 0 0.656223 0 0.125215 0.00459945
0 0 0.481077 0 0.124729 0.00424477
0 0 0.681415 0 0.126016 0.0041307
0 0 0.706506 0 0.126261 0.00405589
0 0 0.732113 0 0.128127 0.00403429
0 1 0.962828 0 0.0743437 0.0039708
0 0 0.937298 0 0.125405 0.00389663
0 0 0.965136 0 0.0697278 0.00367614
0 0 0.467108 0 0.222607 0.00334132
0 0 0.757143 0 0.129157 0.00331085
0 0 0.456575 0 0.126561 0.00331057
0 0 0.0522532 0 0.104506 0.00326791
0 0 0.517731 0 0.220418 0.00295568
0 1 0.0854819 0 0.170964 0.00295524
0 1 0.958954 0 0.0820929 0.00291394
0 0.899329 0.99934 0.201341 0.0013195 0.00287461
0 0 0.419165 0 0.127436 0.00274045
0 0 0.394435 0 0.128224 0.00263919
0 0 0.36948 0 0.12841 0.0025521
0 1 0.114133 0 0.228266 0.0025384
0 0 0.971276 0 0.0574472 0.00249483
0 1 0.0322419 0 0.0644839 0.00244436
0 0 0.782887 0 0.132131 0.0024117
0 0 0.417321 0 0.222808 0.00239342
0 0 0.960359 0 0.079282 0.00235036
0 0.0222269 0.104119 0.0444539 0.208238 0.00233316
0 0 0.80816 0 0.132747 0.00232594
0 0 0.34455 0 0.1289 0.00230799
0 0 0.319603 0 0.129183 0.00228016
0 0 0.834126 0 0.135796 0.00226173
0 0 0.294836 0 0.130385 0.00200456
0 0.287974 0.133267 0.129124 0.106031 0.00200297
0 0 0.912107 0 0.175785 0.0020016
0 0 0.566565 0 0.222758 0.0019945
0 0 0.492079 0 0.211088 0.00193517
0 0 0.441394 0 0.212423 0.00192744
0 0 0.859473 0 0.137523 0.00191604
0 0 0.269961 0 0.130884 0.00183978
0 0 0.977211 0 0.0455781 0.00179629
0 0 0.615835 0 0.223806 0.00166256
0 0 0.541864 0 0.210751 0.00163469
0 0 0.665937 0 0.223787 0.00159696
0 0.699339 0.22233 0.475313 0.210375 0.0015878
0 0 0.740711 0 0.224061 0.00155448
0 0.0737101 0.407972 0.14742 0.214569 0.00153563
0 0.0737709 0.460992 0.147542 0.221127 0.00149354
0 0 0.591355 0 0.211738 0.00148409
0 1 0.936464 0 0.127072 0.00147304
0 0 0.79079 0 0.224723 0.00146954
0 0.0738066 0.517929 0.147613 0.235241 0.00146381
0 0.87131 0.999457 0.25738 0.00108633 0.00145091
0 0 0.961917 0 0.0761665 0.00144296
0 0 0.640099 0 0.21374 0.00143603
0 0 0.885345 0 0.140755 0.00141888
0 0 0.690093 0 0.214428 0.00139939
0 0.0736313 0.359463 0.147263 0.217084 0.00139799
0 0 0.951801 0 0.0963984 0.0013966
0 0.998851 0.970643 0.00229796 0.0587148 0.00138611
0 0 0.389598 0 0.214242 0.00136728
0 0.0738263 0.577276 0.147653 0.254029 0.00135378
0 0 0.910406 0 0.140799 0.00134383
0 0 0.0127266 0 0.0254531 0.00133995
0 0 0.245288 0 0.132109 0.00132812
0 1 0.0160986 0 0.0321971 0.00127216
0 0 0.765241 0 0.213417 0.00126652
0 0 0.839965 0 0.22541 0.00126382
0 0.0738438 0.639143 0.147688 0.277791 0.00123865
0 0 0.932248 0 0.135505 0.00122619
0 0.929821 0.999217 0.140357 0.00156612 0.00121581
0 1 0.206283 0 0.206118 0.00121452
0 0 0.365497 0 0.224805 0.00120509
0 0 0.314487 0 0.21456 0.00119496
0 0 0.220499 0 0.13314 0.00116479
0 0.0735575 0.314839 0.147115 0.22749 0.00115462
0 0 0.0384882 0 0.0769765 0.00115217
0 0 0.889147 0 0.221706 0.0011396
0 0 0.0718145 0 0.143629 0.00112007
0 0.0119262 0.0589286 0.0238524 0.117857 0.00111442
0 1 0.258448 0 0.204775 0.00110211
0 0.822247 0.999819 0.26286 0.000361633 0.00108366
0 0.994344 0.979344 0.0113114 0.0413126 0.00108152
0 0.266206 0.159655 0.286295 0.138282 0.00107411
0 0 0.0296738 0 0.0593477 0.00106621
0 0 0.865708 0 0.213371 0.00106505
0 0 0.920882 0 0.158236 0.00104322
0 0.108958 0.851684 0.217916 0.296632 0.00103578
0 0.0738697 0.702974 0.147739 0.305458 0.00103474
0 0.221224 0.99991 0.267898 0.000180626 0.00103142
0 1 0.0148255 0 0.0296511 0.00101018
0 0 0.209404 0 0.223598 0.00100954
0 0.117716 0.999691 0.235433 0.000618458 0.00100417
0 0.254784 0.115098 0.188151 0.141385 0.924182
0 0.653752 0.147417 0.192797 0.137312 0.923535
0 0.273463 0.170101 0.228089 0.15679 0.00106513
0 0.222374 0.590388 0.444748 0.209583 0.00102034
0 0.25739 0.115629 0.193909 0.143666 0.963877
0 0.654777 0.147401 0.191857 0.136274 0.953512
0 1 0.888747 0 0.222507 0.00361654
0 0.252017 0.149993 0.163937 0.0756157 0.00178218
0 1 0.928325 0 0.14335 0.00144779
0 0.263957 0.153826 0.193767 0.123921 0.00134239
0 0.653556 0.146724 0.186549 0.135105 0.958936
0 0.254465 0.115076 0.193828 0.143043 0.953097
0 0.256096 0.114603 0.190015 0.143347 0.919749
0 0.65165 0.145372 0.189641 0.138725 0.899742
0 0.661439 0.121618 0.148725 0.087277 0.00209329
0 0.256006 0.115829 0.195475 0.142708 0.978254
0 0.651412 0.147835 0.186386 0.134076 0.958765
0 1 0.0885199 0 0.17704 0.00452387
0 0.00110066 0.0701188 0.00220132 0.140238 0.00131993
0 0.253864 0.116066 0.194394 0.140806 0.925425
0 0.651276 0.14652 0.185927 0.134237 0.895403
0 0.195063 0.561981 0.125081 0.0850422 0.00741511
0 0.255227 0.115988 0.195424 0.145974 0.950489
0 0.655068 0.148912 0.194095 0.13766 0.947496
0 0.00316179 0.0705902 0.00632358 0.14118 0.00126072
0 0.652698 0.149465 0.193676 0.141661 0.944262
0 0.255353 0.116856 0.193956 0.142438 0.942042
0 0.187101 0.76824 0.136503 0.0988796 0.00161139
0 1 0.965237 0 0.0695265 0.00115562
0 0.652088 0.146568 0.190798 0.136455 0.92718
0 0.254016 0.116525 0.193125 0.142645 0.920994
0 0.191651 0.738239 0.15142 0.158575 0.00183764
0 0.652478 0.146343 0.189066 0.132678 0.94665
0 0.254567 0.115101 0.190535 0.137766 0.944516
0 0.417597 0.285329 0.125704 0.0797653 0.00109303
0 0.254949 0.115771 0.190033 0.141562 0.968594
0 0.651529 0.146047 0.190266 0.136055 0.957368
0 0.429671 0.28685 0.153491 0.0841861 0.00237999
0 0.254798 0.115644 0.193905 0.142583 0.946493
0 0.651583 0.148185 0.189699 0.140839 0.927373
0 0.268891 0.127021 0.164441 0.115952 0.00143547
0 0.652336 0.146851 0.193399 0.136794 0.923445
0 0.253907 0.115047 0.192709 0.14069 0.91944
0 0.254307 0.115499 0.189031 0.142516 0.938941
0 0.650847 0.149755 0.187074 0.13848 0.930003
0 0.891136 1 0.217728 0 0.00350544
0 0.475556 0.839284 0.205712 0.118433 0.00344765
0 0.179367 1 0.241348 0 0.00297918
0 0.849571 1 0.238993 0 0.00285994
0 0.778334 1 0.238175 0 0.00285568
0 0.231994 1 0.241837 0 0.00283989
0 0.337849 1 0.239278 0 0.00283324
0 0.549387 1 0.238302 0 0.00282726
0 0.39079 1 0.2394 0 0.00282031
0 0.725592 1 0.238129 0 0.00278442
0 0.443494 1 0.239616 0 0.00278188
0 0.6551 1 0.238372 0 0.00278077
0 0.602181 1 0.238584 0 0.00275478
0 0.496321 1 0.238807 0 0.00271574
0 0.284496 1 0.240677 0 0.00268897
0 0.126469 1 0.240619 0 0.00264812
0 0.917283 1 0.165434 0 0.00238043
0 0.0787722 1 0.157544 0 0.0018965
0 0.177538 0.548112 0.140979 0.118825 0.00146174
0 0.254501 0.114328 0.191319 0.145146 0.931567
0 0.653728 0.148049 0.18978 0.140499 0.930618
0 0.255523 0.114435 0.192479 0.14244 0.926013
0 0.653966 0.146162 0.191816 0.139082 0.907283
0 0.652448 0.14738 0.187779 0.138737 0.946712
0 0.254412 0.115219 0.189856 0.141945 0.94528
0 0.653724 0.147973 0.189165 0.138907 0.920147
0 0.255344 0.114869 0.192008 0.140512 0.914775
0 0.651812 0.147928 0.188311 0.140874 0.918422
0 0.254491 0.114155 0.191324 0.141383 0.900837
0 0.266725 0.171274 0.157159 0.0267453 0.00101403
0 0.25485 0.113704 0.19312 0.144377 0.890585
0 0.65194 0.147265 0.184993 0.139079 0.887828
0 0.653151 0.147022 0.187104 0.138493 0.949833
0 0.254105 0.114325 0.192252 0.144706 0.941884
0 0.2564 0.113527 0.189608 0.14365 0.944194
0 0.650768 0.147074 0.185935 0.141878 0.935495
0 0.295255 0.126222 0.112381 0.109913 0.0026057
0 0.200835 0.575702 0.135548 0.0914247 0.00141068
0 0.65333 0.147142 0.189249 0.136067 0.948324
0 0.254974 0.114825 0.192479 0.142154 0.94543
0 0.254882 0.114199 0.190701 0.141576 0.932584
0 0.65267 0.146064 0.185252 0.135915 0.926275
0 0.281885 0.121132 0.136941 0.125912 0.00153349
0 0.256282 0.114517 0.196499 0.141035 0.9406
0 0.652693 0.147077 0.190383 0.13885 0.93532
0 0.189451 0.949268 0.139549 0.101464 0.00187089
0 0.254433 0.114659 0.190362 0.145315 0.918889
0 0.653087 0.146508 0.192513 0.14006 0.904696
0 0.279172 0.123842 0.140245 0.12418 0.00109936
0 0.653961 0.146955 0.190092 0.138268 0.947411
0 0.254351 0.114674 0.189975 0.142985 0.943788
0 0 0.0507267 0 0.101453 0.00251943
0 1 0.0455179 0 0.0910358 0.00107236
0 0.65172 0.147301 0.187588 0.139482 0.959248
0 0.255372 0.114404 0.190702 0.139778 0.939677
0 0.81243 0.874302 0.37514 0.248486 0.00606981
0 0.180471 0.86829 0.360942 0.261957 0.00374773
0 0.000199994 0.0736256 0.000399989 0.147251 0.00119367
0 0.254956 0.114279 0.190988 0.142139 0.928065
0 0.652062 0.146044 0.186126 0.136717 0.926706
0 0.00158049 0.0917781 0.00316099 0.183556 0.0052341
0 0.651893 0.146335 0.18799 0.137549 0.934492
0 0.25368 0.115549 0.193167 0.141014 0.925023
0 0.999141 0.896889 0.00171759 0.206222 0.00122498
0 0.652533 0.147772 0.189411 0.138027 0.931202
0 0.254791 0.11474 0.188369 0.143996 0.922882
0 0.651561 0.147695 0.188483 0.137715 0.935199
0 0.254743 0.114944 0.190702 0.14295 0.93304
0 0.255915 0.114737 0.191803 0.139769 0.927709
0 0.651768 0.146929 0.189591 0.13886 0.925366
0 0.254553 0.113986 0.191776 0.142282 0.940328
0 0.654131 0.14731 0.190975 0.138811 0.934675
0 0.652613 0.145574 0.18777 0.137753 0.947529
0 0.256589 0.115462 0.189397 0.142168 0.944662
0 0.267945 0.173009 0.148735 0.0254931 0.00334244
0 0.653036 0.147302 0.188285 0.138439 0.936689
0 0.253866 0.115328 0.191482 0.140678 0.926554
0 0.261308 0.173735 0.173823 0.0247878 0.00252692
0 0.651433 0.147417 0.187158 0.139322 0.932488
0 0.253696 0.114523 0.191017 0.1419 0.928817
0 0.25551 0.115056 0.191932 0.142693 0.927108
0 0.652467 0.147509 0.190794 0.138739 0.925256
0 0.253161 0.116254 0.189459 0.141096 0.931697
0 0.652466 0.147672 0.190493 0.138767 0.93124
0 0.20282 0.579871 0.138462 0.101558 0.00111845
0 0.2536 0.114913 0.191004 0.142255 0.950197
0 0.65288 0.148484 0.186167 0.137963 0.940531
0 0.255752 0.116335 0.191496 0.140292 0.948654
0 0.65418 0.147943 0.188445 0.137916 0.945111
0 0.653413 0.147968 0.188976 0.137042 0.943572
0 0.257556 0.115693 0.192446 0.139855 0.927847
0 0.175866 0.893516 0.327242 0.205131 0.00146782
0 0.254042 0.115593 0.187341 0.141413 0.953754
0 0.651474 0.147628 0.188067 0.137757 0.94777
0 0.651768 0.147623 0.188662 0.13752 0.938908
0 0.254557 0.115465 0.189618 0.140647 0.934648
0 0.652529 0.147166 0.189991 0.138429 0.945684
0 0.254389 0.115105 0.192691 0.140898 0.931249
0 0.253402 0.114147 0.192051 0.143117 0.940562
0 0.654495 0.146214 0.19397 0.138815 0.93792
0 0.653504 0.147187 0.191327 0.13716 0.941402
0 0.254441 0.114492 0.191398 0.143615 0.936053
0 0.653109 0.147689 0.18926 0.136731 0.950844
0 0.256171 0.114982 0.191209 0.14097 0.927594
0 0.653969 0.147093 0.191991 0.139079 0.940826
0 0.255809 0.11488 0.191398 0.140929 0.920175
0 0.65336 0.146203 0.189722 0.140911 0.962426
0 0.255252 0.114531 0.19502 0.141955 0.948268
0 0.653075 0.146696 0.186241 0.139367 0.93801
0 0.255319 0.11493 0.191214 0.141987 0.919524
0 0.652822 0.147165 0.18863 0.139251 0.953319
0 0.254571 0.114733 0.19011 0.142691 0.937638
0 0.652649 0.146846 0.189461 0.137145 0.942958
0 0.254548 0.115048 0.190814 0.142196 0.9256
0 0.653546 0.146697 0.189618 0.138915 0.943446
0 0.255573 0.115153 0.195824 0.14119 0.920708
0 0.65298 0.147537 0.190229 0.138451 0.953586
0 0.255825 0.114578 0.189763 0.142739 0.942953
0 0.653027 0.14742 0.190757 0.138803 0.958946
0 0.254738 0.114244 0.189355 0.143059 0.947326
0 0.651637 0.146848 0.190125 0.136636 0.941574
0 0.253915 0.115085 0.192306 0.142237 0.939712
0 0.652209 0.147159 0.186863 0.136707 0.947827
0 0.253355 0.114868 0.19232 0.141742 0.941403
0 0.652257 0.146264 0.187971 0.138474 0.949758
0 0.2538 0.114648 0.191207 0.142258 0.941176
0 0.652776 0.146852 0.187868 0.139427 0.948202
0 0.254722 0.114743 0.191154 0.142546 0.934534
0 0.653428 0.147257 0.1883 0.140037 0.958665
0 0.255206 0.115426 0.191418 0.141748 0.952335
0 0.65269 0.147534 0.188471 0.138857 0.94614
0 0.255461 0.115256 0.192001 0.142256 0.937368
0 0.653308 0.147785 0.187174 0.139574 0.946715
0 0.255498 0.115438 0.192267 0.140849 0.933256
0 0.652882 0.14737 0.188058 0.139096 0.949891
0 0.253104 0.115062 0.191865 0.140999 0.936113
0 0.653164 0.14776 0.187095 0.138498 0.943338
0 0.254422 0.115373 0.18964 0.141652 0.929958
0 0.653503 0.146968 0.188966 0.140999 0.946469
0 0.255736 0.114679 0.193212 0.142634 0.942311
0 0.653279 0.147135 0.189811 0.13992 0.955204
0 0.25435 0.114704 0.193226 0.141661 0.937554
0 0.653246 0.147869 0.187595 0.139397 0.943803
0 0.255637 0.114515 0.191057 0.143364 0.923318
0 0.653161 0.147311 0.189688 0.139286 0.946305
0 0.255194 0.114311 0.194115 0.143532 0.929239
0 0.653077 0.147027 0.187693 0.138515 0.957566
0 0.255111 0.114336 0.190482 0.142722 0.94573
0 0.654175 0.147332 0.186848 0.138861 0.956408
0 0.255568 0.115224 0.192619 0.141405 0.938484
0 0.653262 0.147717 0.188452 0.138426 0.955437
0 0.255042 0.115505 0.192682 0.140917 0.936421
0 0.653473 0.147436 0.1899 0.139158 0.955873
0 0.254804 0.11485 0.18858 0.142453 0.937059
0 0.65315 0.147122 0.187284 0.139972 0.947502
0 0.254314 0.114808 0.191426 0.142113 0.931191
0 0.652797 0.147279 0.187936 0.139813 0.947146
0 0.255842 0.115145 0.194366 0.141576 0.938962
0 1 0.0865283 0 0.173057 0.00106181
0 0.653104 0.147251 0.187975 0.139845 0.9601
0 0.256152 0.114878 0.193666 0.14274 0.951958
0 0.652938 0.147122 0.188417 0.138597 0.962021
0 0.25489 0.114845 0.191918 0.142293 0.947352
0 0.00137718 0.110328 0.00275436 0.220656 0.00104813
0 0.653124 0.146801 0.188154 0.140473 0.95868
0 0.255127 0.114844 0.192217 0.143004 0.942048
0 1 0.0803179 0 0.160636 0.0012077
0 0.653038 0.147105 0.188685 0.140345 0.959607
0 0.254748 0.115031 0.191284 0.142098 0.944344
0 1 0.0824874 0 0.164975 0.00104871
0 0.6531 0.146958 0.189046 0.140133 0.960661
0 0.254714 0.115144 0.191141 0.141946 0.941767
0 0.653106 0.146886 0.188567 0.139645 0.956348
0 0.254808 0.115361 0.191153 0.141811 0.938197
0 1 0.081156 0 0.162312 0.00114541
0 0.653211 0.14699 0.188917 0.139986 0.957787
0 0.2555 0.115312 0.192787 0.142266 0.939097
0 0.653044 0.147157 0.188537 0.140034 0.959216
0 0.255581 0.115335 0.192425 0.142047 0.940818
0 0.652261 0.146263 0.187988 0.138481 0.949775
0 0.253795 0.114645 0.191198 0.142268 0.941145
